pair,arm,config,step,seconds,loss,mean_iou,view1_iou,view2_iou,patches,overlap,overlap_repaired_pairs,mean_spill,view1_spill,view2_spill,mean_precision,view1_precision,view2_precision,mean_coverage,view1_coverage,view2_coverage,view1_negative_space,view2_negative_space,view1_silhouette,view2_silhouette,lambda_count,total_adds,total_splits,total_deletes,count_active,target_reached
sun_moon,importnet,nonorm4,1,1.602,0.567417,0.219190,0.188153,0.250228,20,0.00000000,0,0.177293,0.178263,0.176324,0.589837,0.554295,0.625379,0.258021,0.221694,0.294349,0.040238,0.035476,0.178220,0.149390,0.050000,0,0,0,0,0
sun_moon,importnet,nonorm4,25,26.701,0.350152,0.307386,0.293951,0.320821,20,0.00001513,0,0.073796,0.069901,0.077692,0.817339,0.818156,0.816521,0.330123,0.314499,0.345747,0.015379,0.015629,0.140655,0.124359,0.050000,0,0,0,0,0
sun_moon,importnet,nonorm4,50,187.198,0.285648,0.411197,0.421700,0.400695,20,0.00001481,0,0.057792,0.053479,0.062106,0.882603,0.892555,0.872652,0.434916,0.444252,0.425580,0.011629,0.012438,0.113302,0.107807,0.050000,0,0,0,0,0
sun_moon,importnet,nonorm4,75,212.596,0.240904,0.484265,0.519756,0.448773,20,0.00004251,0,0.045992,0.044512,0.047472,0.916249,0.924223,0.908276,0.506484,0.542891,0.470077,0.009785,0.009374,0.093178,0.097823,0.050000,0,0,0,0,0
sun_moon,importnet,nonorm4,100,377.319,0.221197,0.521957,0.563672,0.480242,20,0.00014599,1,0.042218,0.042675,0.041761,0.927632,0.932305,0.922959,0.544012,0.587727,0.500297,0.009236,0.008190,0.084343,0.091613,0.050000,0,0,0,0,0
sun_moon,importnet,nonorm4,125,402.968,0.209407,0.551315,0.588504,0.514126,20,0.00009301,1,0.040742,0.041271,0.040214,0.933483,0.936901,0.930064,0.573796,0.612792,0.534801,0.008966,0.007945,0.079395,0.085562,0.050000,0,0,0,0,0
sun_moon,importnet,nonorm4,150,568.370,0.201265,0.577024,0.597591,0.556457,20,0.00013975,1,0.040835,0.040622,0.041047,0.936257,0.938682,0.933832,0.600582,0.621867,0.579298,0.008912,0.008077,0.077621,0.077944,0.050000,0,0,0,0,0
sun_moon,importnet,nonorm4,175,594.136,0.191392,0.614205,0.603709,0.624700,20,0.00012876,1,0.042569,0.042783,0.042356,0.937646,0.936365,0.938926,0.640349,0.629538,0.651160,0.009185,0.008384,0.076485,0.065798,0.050000,0,0,0,0,0
sun_moon,importnet,nonorm4,200,758.767,0.176591,0.651909,0.615361,0.688457,20,0.00012392,1,0.040294,0.039542,0.041047,0.943808,0.941785,0.945831,0.678205,0.639693,0.716716,0.008650,0.008230,0.074120,0.054475,0.050000,0,0,0,0,0
sun_moon,importnet,nonorm4,225,784.875,0.171505,0.673159,0.622314,0.724004,20,0.00008174,1,0.041651,0.040946,0.042356,0.943703,0.940549,0.946858,0.701233,0.647796,0.754670,0.008891,0.008460,0.072813,0.048280,0.050000,0,0,0,0,0
sun_moon,importnet,nonorm4,250,951.695,0.167338,0.690238,0.635609,0.744868,20,0.00005557,2,0.042230,0.041271,0.043189,0.944324,0.941303,0.947346,0.719439,0.661841,0.777037,0.009223,0.008496,0.070444,0.044568,0.050000,0,0,0,0,0
sun_moon,importnet,nonorm4,275,977.940,0.162224,0.707699,0.648447,0.766952,20,0.00003862,3,0.043834,0.043647,0.044021,0.943650,0.939412,0.947887,0.738732,0.676750,0.800714,0.009191,0.008824,0.067529,0.040630,0.050000,0,0,0,0,0
sun_moon,importnet,nonorm4,300,1137.837,0.140220,0.720580,0.669647,0.771514,19,0.00001169,2,0.032768,0.027226,0.038311,0.958143,0.961928,0.954359,0.744474,0.687878,0.801071,0.005553,0.007795,0.062548,0.039852,0.050000,0,0,1,0,0
sun_moon,importnet,nonorm4,325,1162.599,0.132855,0.731195,0.684333,0.778058,19,0.00002434,2,0.031121,0.023336,0.038905,0.960916,0.967752,0.954079,0.754315,0.700303,0.808328,0.004767,0.007632,0.059537,0.038465,0.050000,0,0,1,0,0
sun_moon,importnet,nonorm4,350,1322.016,0.126475,0.737235,0.704922,0.769548,19,0.00001509,1,0.028922,0.018583,0.039262,0.963989,0.974773,0.953205,0.758891,0.718021,0.799762,0.003729,0.007595,0.055419,0.039802,0.050000,0,0,1,0,0
sun_moon,importnet,nonorm4,375,1347.307,0.121142,0.753478,0.721880,0.785076,19,0.00002272,1,0.028052,0.018150,0.037954,0.965698,0.975900,0.955497,0.774927,0.734983,0.814872,0.003898,0.007381,0.052363,0.037105,0.050000,0,0,1,0,0
sun_moon,importnet,nonorm4,400,1509.365,0.116350,0.768515,0.742076,0.794954,19,0.00000881,1,0.028300,0.019123,0.037478,0.965936,0.975338,0.956534,0.790507,0.756266,0.824747,0.004125,0.007272,0.048338,0.035342,0.050000,0,0,1,0,0
sun_moon,importnet,nonorm4,425,1534.866,0.112505,0.773877,0.753423,0.794330,19,0.00002128,1,0.027236,0.017826,0.036645,0.967338,0.977282,0.957394,0.795146,0.766854,0.823438,0.003789,0.007065,0.046275,0.035296,0.050000,0,0,1,0,0
sun_moon,importnet,nonorm4,450,1695.243,0.111005,0.769258,0.756478,0.782038,19,0.00000978,1,0.025300,0.017286,0.033314,0.969219,0.978031,0.960407,0.788823,0.769555,0.808090,0.003501,0.006526,0.045495,0.037725,0.050000,0,0,1,0,0
sun_moon,importnet,nonorm4,475,1720.472,0.103901,0.775192,0.757737,0.792648,19,0.00003359,1,0.020909,0.015882,0.025937,0.974438,0.979785,0.969091,0.791489,0.769771,0.813206,0.003336,0.005252,0.045346,0.035721,0.050000,0,0,1,0,0
sun_moon,importnet,nonorm4,500,1879.673,0.104868,0.783610,0.758661,0.808560,19,0.00003628,2,0.024163,0.019771,0.028554,0.970943,0.975082,0.966805,0.802654,0.773660,0.831648,0.003856,0.005798,0.045057,0.032821,0.050000,0,0,1,0,0
sun_moon,importnet,nonorm4,525,1904.362,0.106209,0.783553,0.759547,0.807559,19,0.00004438,1,0.025335,0.021283,0.029387,0.969576,0.973295,0.965856,0.803502,0.775713,0.831291,0.004086,0.005948,0.044844,0.032999,0.050000,0,0,1,0,0
sun_moon,importnet,nonorm4,550,2063.163,0.102834,0.787802,0.763604,0.812000,19,0.00006870,2,0.023827,0.020527,0.027127,0.971417,0.974335,0.968500,0.806653,0.779278,0.834027,0.004162,0.005316,0.044179,0.032116,0.050000,0,0,1,0,0
sun_moon,importnet,nonorm4,575,2087.836,0.104497,0.776075,0.766104,0.786045,19,0.00004286,1,0.023120,0.018042,0.028198,0.971838,0.977390,0.966287,0.794068,0.779927,0.808209,0.003457,0.005512,0.043543,0.036654,0.050000,0,0,1,0,0
sun_moon,importnet,nonorm4,600,2247.526,0.102298,0.776987,0.768690,0.785285,19,0.00008616,1,0.021456,0.014477,0.028435,0.973881,0.981774,0.965988,0.793717,0.779818,0.807615,0.002907,0.005543,0.043124,0.036672,0.050000,0,0,1,0,0
sun_moon,importnet,nonorm4,625,2272.235,0.100650,0.788875,0.765547,0.812203,19,0.00013881,2,0.023687,0.019771,0.027603,0.971644,0.975300,0.967987,0.807653,0.780683,0.834622,0.003657,0.005411,0.043529,0.031928,0.050000,0,0,1,0,0
sun_moon,importnet,nonorm4,650,2430.074,0.104849,0.786557,0.760275,0.812839,19,0.00007214,2,0.025169,0.019879,0.030458,0.969958,0.975003,0.964912,0.806493,0.775389,0.837597,0.003881,0.006001,0.044811,0.032103,0.050000,0,0,1,0,0
sun_moon,importnet,nonorm4,675,2454.654,0.108757,0.775850,0.765056,0.786644,19,0.00006438,2,0.024327,0.015341,0.033314,0.970631,0.980633,0.960630,0.794821,0.776793,0.812849,0.003289,0.006677,0.044029,0.036898,0.050000,0,0,1,0,0
sun_moon,importnet,nonorm4,700,2611.352,0.104097,0.776245,0.768681,0.783809,19,0.00009668,1,0.021862,0.013505,0.030220,0.973443,0.982961,0.963926,0.793279,0.779062,0.807496,0.002681,0.006112,0.043059,0.037358,0.050000,0,0,1,0,0
sun_moon,importnet,nonorm4,725,2635.690,0.096037,0.789008,0.766256,0.811759,19,0.00007985,1,0.020384,0.016854,0.023914,0.975430,0.978827,0.972033,0.805171,0.779170,0.831172,0.003236,0.004583,0.043485,0.031886,0.050000,0,0,1,0,0
sun_moon,importnet,nonorm4,750,2794.248,0.099018,0.791024,0.764837,0.817211,19,0.00004435,1,0.021978,0.019447,0.024509,0.973612,0.975666,0.971559,0.808475,0.779710,0.837240,0.003819,0.004926,0.043887,0.031118,0.050000,0,0,1,0,0
sun_moon,importnet,nonorm4,775,2818.951,0.097470,0.792371,0.764669,0.820074,19,0.00005662,1,0.021529,0.020095,0.022963,0.974121,0.974885,0.973357,0.809470,0.780035,0.838905,0.003903,0.004550,0.043836,0.030606,0.050000,0,0,1,0,0
sun_moon,importnet,nonorm4,800,2972.697,0.094587,0.783977,0.766741,0.801212,18,0.00006073,1,0.017930,0.014801,0.021059,0.978118,0.981333,0.974904,0.798087,0.778090,0.818084,0.002605,0.004316,0.043219,0.034147,0.050000,0,0,2,0,0
sun_moon,importnet,nonorm4,825,2996.140,0.096846,0.783704,0.767734,0.799674,18,0.00004353,1,0.018113,0.015882,0.020345,0.977858,0.980043,0.975672,0.797935,0.779927,0.815943,0.003317,0.004169,0.043422,0.034207,0.050000,0,0,2,0,0
sun_moon,importnet,nonorm4,850,3145.691,0.096340,0.789491,0.770211,0.808771,18,0.00004920,1,0.019903,0.016962,0.022844,0.975966,0.978804,0.973128,0.805261,0.783276,0.827246,0.003306,0.004591,0.042803,0.032615,0.050000,0,0,2,0,0
sun_moon,importnet,nonorm4,875,3169.212,0.096469,0.792789,0.768961,0.816616,18,0.00007454,1,0.020481,0.018475,0.022487,0.975365,0.976954,0.973775,0.809073,0.783168,0.834979,0.003609,0.004606,0.042981,0.031289,0.050000,0,0,2,0,0
sun_moon,importnet,nonorm4,900,3321.325,0.094883,0.787685,0.768658,0.806711,18,0.00007160,1,0.018692,0.016206,0.021178,0.977306,0.979675,0.974937,0.802455,0.781115,0.823795,0.003302,0.004039,0.043182,0.032825,0.050000,0,0,2,0,0
sun_moon,importnet,nonorm4,925,3345.304,0.097575,0.780455,0.768502,0.792409,18,0.00014075,1,0.018238,0.014585,0.021892,0.977657,0.981638,0.973677,0.794733,0.779710,0.809756,0.002922,0.004441,0.043267,0.035586,0.050000,0,0,2,0,0
sun_moon,importnet,nonorm4,950,3497.425,0.096000,0.778861,0.772582,0.785140,18,0.00007501,1,0.016769,0.011884,0.021654,0.979370,0.985026,0.973715,0.791952,0.781763,0.802142,0.002503,0.004374,0.042448,0.036655,0.050000,0,0,2,0,0
sun_moon,importnet,nonorm4,975,3521.267,0.093209,0.789371,0.770811,0.807930,18,0.00008366,1,0.017568,0.014909,0.020226,0.978674,0.981298,0.976050,0.803287,0.782303,0.824271,0.002998,0.004071,0.042605,0.032620,0.050000,0,0,2,0,0
sun_moon,importnet,nonorm4,1000,3667.869,0.087733,0.794329,0.771389,0.817268,17,0.00008520,1,0.015535,0.012748,0.018322,0.981201,0.983943,0.978459,0.806733,0.781223,0.832243,0.002495,0.003536,0.042472,0.030816,0.050000,0,0,3,0,0
sun_moon,importnet,nonorm4,1025,3690.522,0.090600,0.792378,0.766223,0.818532,17,0.00014055,1,0.016070,0.013937,0.018203,0.980501,0.982377,0.978625,0.805167,0.776901,0.833432,0.002795,0.003746,0.043575,0.030819,0.050000,0,0,3,0,0
sun_moon,importnet,nonorm4,1050,3835.306,0.090364,0.785563,0.771056,0.800070,17,0.00009613,1,0.014801,0.010804,0.018798,0.981893,0.986328,0.977458,0.797248,0.779386,0.815110,0.002295,0.003597,0.042712,0.034049,0.050000,0,0,3,0,0
sun_moon,importnet,nonorm4,1075,3858.082,0.089132,0.785107,0.773024,0.797190,17,0.00010752,1,0.013055,0.010048,0.016062,0.983926,0.987295,0.980556,0.795392,0.780791,0.809994,0.002089,0.003393,0.042331,0.034694,0.050000,0,0,3,0,0
sun_moon,importnet,nonorm4,1100,4003.044,0.089764,0.782947,0.773068,0.792825,17,0.00012932,1,0.013747,0.009291,0.018203,0.983090,0.988232,0.977948,0.793754,0.780251,0.807258,0.002007,0.003492,0.042340,0.035301,0.050000,0,0,3,0,0
sun_moon,importnet,nonorm4,1125,4025.782,0.084585,0.794667,0.775694,0.813641,17,0.00012911,1,0.012558,0.008103,0.017014,0.984799,0.989744,0.979853,0.804731,0.781979,0.827484,0.001688,0.003442,0.041755,0.031611,0.050000,0,0,3,0,0
sun_moon,importnet,nonorm4,1150,4169.534,0.084654,0.798440,0.775043,0.821838,17,0.00013607,1,0.013617,0.009507,0.017728,0.983620,0.987995,0.979245,0.809409,0.782411,0.836407,0.001937,0.003512,0.041840,0.030318,0.050000,0,0,3,0,0
sun_moon,importnet,nonorm4,1175,4192.393,0.087159,0.798828,0.773921,0.823736,17,0.00013588,1,0.015114,0.011668,0.018560,0.981837,0.985316,0.978357,0.810988,0.782952,0.839024,0.002378,0.003804,0.042006,0.030003,0.050000,0,0,3,0,0
sun_moon,importnet,nonorm4,1200,4338.724,0.088216,0.791895,0.774995,0.808796,17,0.00009330,1,0.014580,0.009291,0.019869,0.982370,0.988261,0.976479,0.803531,0.782195,0.824866,0.001900,0.003962,0.041864,0.032633,0.050000,0,0,3,0,0
sun_moon,importnet,nonorm4,1225,4361.870,0.086158,0.787651,0.776753,0.798549,17,0.00013073,1,0.012288,0.007563,0.017014,0.984955,0.990429,0.979481,0.797382,0.782627,0.812136,0.001480,0.003462,0.041514,0.034348,0.050000,0,0,3,0,0
sun_moon,importnet,nonorm4,1250,4507.308,0.086200,0.790747,0.776039,0.805455,17,0.00012895,1,0.012315,0.008211,0.016419,0.984977,0.989615,0.980339,0.800545,0.782411,0.818679,0.001700,0.003448,0.041750,0.033335,0.050000,0,0,3,0,0
sun_moon,importnet,nonorm4,1275,4530.142,0.085111,0.801729,0.772888,0.830570,17,0.00014716,1,0.015131,0.011344,0.018917,0.981915,0.985695,0.978135,0.813969,0.781655,0.846282,0.002377,0.003496,0.042318,0.028646,0.050000,0,0,3,0,0
sun_moon,importnet,nonorm4,1300,4676.163,0.086057,0.803209,0.774194,0.832224,17,0.00011404,1,0.015244,0.011452,0.019036,0.981816,0.985586,0.978046,0.815563,0.783060,0.848067,0.002363,0.003864,0.042114,0.028507,0.050000,0,0,3,0,0
sun_moon,importnet,nonorm4,1325,4699.174,0.085500,0.794530,0.776575,0.812485,17,0.00009765,1,0.012969,0.008211,0.017728,0.984316,0.989622,0.979011,0.804920,0.782952,0.826889,0.001683,0.003632,0.041594,0.032069,0.050000,0,0,3,0,0
sun_moon,importnet,nonorm4,1350,4844.726,0.086842,0.787842,0.774702,0.800981,17,0.00012870,1,0.012851,0.007022,0.018679,0.984349,0.991079,0.977619,0.798043,0.780143,0.815943,0.001446,0.003707,0.041941,0.033840,0.050000,0,0,3,0,0
sun_moon,importnet,nonorm4,1375,4867.707,0.086095,0.803477,0.776520,0.830435,17,0.00017929,1,0.015428,0.011344,0.019512,0.981617,0.985761,0.977473,0.815984,0.785328,0.846639,0.002285,0.003971,0.041663,0.028836,0.050000,0,0,3,0,0
sun_moon,importnet,nonorm4,1400,5013.574,0.085497,0.804597,0.773329,0.835864,17,0.00013680,1,0.015163,0.011884,0.018441,0.981918,0.985040,0.978796,0.816899,0.782519,0.851279,0.002558,0.003605,0.042364,0.027872,0.050000,0,0,3,0,0
sun_moon,importnet,nonorm4,1425,5036.598,0.086859,0.791103,0.772108,0.810097,17,0.00014978,1,0.012986,0.007887,0.018084,0.984255,0.989967,0.978543,0.801473,0.778198,0.824747,0.001652,0.003748,0.042378,0.032419,0.050000,0,0,3,0,0
sun_moon,importnet,nonorm4,1450,5182.947,0.086783,0.791656,0.774834,0.808478,17,0.00012761,1,0.012964,0.007131,0.018798,0.984316,0.990945,0.977687,0.802018,0.780359,0.823676,0.001558,0.003815,0.042013,0.032821,0.050000,0,0,3,0,0
sun_moon,importnet,nonorm4,1475,5205.813,0.086213,0.789140,0.772464,0.805815,17,0.00011842,1,0.013240,0.007563,0.018917,0.983928,0.990377,0.977479,0.799682,0.778306,0.821059,0.001564,0.003532,0.042300,0.033015,0.050000,0,0,3,0,0
sun_moon,importnet,nonorm4,1500,5352.564,0.085180,0.801623,0.770497,0.832749,17,0.00012790,1,0.014688,0.010696,0.018679,0.982453,0.986451,0.978455,0.813521,0.778738,0.848305,0.002290,0.003593,0.042600,0.028411,0.050000,0,0,3,0,0
sun_moon,importnet,nonorm4,1525,5375.366,0.085238,0.802810,0.773708,0.831912,17,0.00012066,1,0.015114,0.011668,0.018560,0.981939,0.985312,0.978566,0.815044,0.782736,0.847353,0.002445,0.003540,0.042098,0.028576,0.050000,0,0,3,0,0
sun_moon,importnet,nonorm4,1550,5521.414,0.085109,0.795757,0.774162,0.817352,17,0.00014039,2,0.012790,0.009399,0.016181,0.984503,0.988115,0.980891,0.806008,0.781439,0.830577,0.001965,0.003339,0.042039,0.031203,0.050000,0,0,3,0,0
sun_moon,importnet,nonorm4,1575,5544.269,0.086423,0.791819,0.776350,0.807288,17,0.00011587,1,0.013661,0.008643,0.018679,0.983437,0.989083,0.977790,0.802714,0.783060,0.822368,0.001798,0.003614,0.041587,0.032699,0.050000,0,0,3,0,0
water_fire,importnet,nonorm4,1,1.564,0.387468,0.283555,0.262169,0.304941,20,0.00015351,0,0.191345,0.178661,0.204028,0.638221,0.633643,0.642799,0.338083,0.309009,0.367157,0.024032,0.030203,0.104574,0.108885,0.050000,0,0,0,0,0
water_fire,importnet,nonorm4,25,27.716,0.212701,0.421134,0.393071,0.449196,20,0.00004586,1,0.072365,0.065258,0.079473,0.862173,0.865165,0.859182,0.451809,0.418722,0.484895,0.008636,0.011680,0.077762,0.077274,0.050000,0,0,0,0,0
water_fire,importnet,nonorm4,50,191.556,0.149733,0.588607,0.580326,0.596888,20,0.00008246,1,0.052900,0.050495,0.055306,0.921396,0.923507,0.919286,0.619764,0.609629,0.629899,0.006546,0.008093,0.052563,0.055188,0.050000,0,0,0,0,0
water_fire,importnet,nonorm4,75,216.839,0.118561,0.687787,0.680205,0.695369,20,0.00018786,0,0.046027,0.044959,0.047095,0.939880,0.940511,0.939249,0.719452,0.710787,0.728118,0.005828,0.006800,0.039909,0.041170,0.050000,0,0,0,0,0
water_fire,importnet,nonorm4,100,379.073,0.107411,0.731708,0.734920,0.728495,20,0.00007245,0,0.045563,0.042946,0.048180,0.943796,0.946943,0.940649,0.765038,0.766482,0.763594,0.005567,0.006909,0.032849,0.036538,0.050000,0,0,0,0,0
water_fire,importnet,nonorm4,125,404.441,0.096653,0.764749,0.775946,0.753552,20,0.00000378,1,0.042188,0.037745,0.046631,0.949700,0.955224,0.944177,0.796962,0.805234,0.788691,0.004915,0.006739,0.027644,0.033129,0.050000,0,0,0,0,0
water_fire,importnet,nonorm4,150,561.511,0.081500,0.795826,0.810855,0.780797,19,0.00001901,0,0.034934,0.032377,0.037490,0.959265,0.962763,0.955767,0.823589,0.837108,0.810070,0.004243,0.005328,0.023094,0.029165,0.050000,0,0,1,0,0
water_fire,importnet,nonorm4,175,586.007,0.074208,0.814205,0.833497,0.794914,19,0.00002080,0,0.031656,0.027680,0.035631,0.963605,0.968697,0.958514,0.839903,0.856568,0.823238,0.003586,0.005145,0.020295,0.027219,0.050000,0,0,1,0,0
water_fire,importnet,nonorm4,200,739.345,0.070497,0.836028,0.869131,0.802924,18,0.00001429,0,0.031959,0.025499,0.038420,0.964068,0.972187,0.955950,0.862533,0.891293,0.833772,0.003399,0.005585,0.016029,0.026353,0.050000,0,0,2,0,0
water_fire,importnet,nonorm4,225,762.978,0.065997,0.850283,0.891839,0.808727,18,0.00002706,0,0.030185,0.023654,0.036716,0.966395,0.974745,0.958046,0.875677,0.912934,0.838420,0.003226,0.005442,0.013102,0.025536,0.050000,0,0,2,0,0
water_fire,importnet,nonorm4,250,909.074,0.064969,0.859197,0.901295,0.817099,17,0.00000524,0,0.031637,0.023150,0.040124,0.965214,0.975510,0.954917,0.886022,0.922161,0.849884,0.003063,0.005886,0.011958,0.024429,0.050000,0,0,3,0,0
water_fire,importnet,nonorm4,275,931.416,0.063659,0.857714,0.899229,0.816198,17,0.00000717,0,0.029430,0.022144,0.036716,0.967444,0.976475,0.958414,0.882653,0.919141,0.846166,0.003002,0.005485,0.012231,0.024546,0.050000,0,0,3,0,0
water_fire,importnet,nonorm4,300,1077.247,0.059603,0.866391,0.907798,0.824985,17,0.00001862,1,0.029584,0.026170,0.032998,0.967699,0.972675,0.962723,0.891881,0.931555,0.852208,0.003114,0.004887,0.010880,0.023326,0.050000,0,0,3,0,0
water_fire,importnet,nonorm4,325,1099.782,0.057900,0.869622,0.909866,0.829378,17,0.00001180,0,0.027551,0.023654,0.031448,0.969887,0.975233,0.964541,0.893424,0.931387,0.855461,0.003069,0.004640,0.010774,0.022712,0.050000,0,0,3,0,0
water_fire,importnet,nonorm4,350,1243.909,0.055371,0.869547,0.908121,0.830973,17,0.00001950,1,0.025415,0.022479,0.028350,0.972126,0.976363,0.967889,0.891533,0.928535,0.854531,0.002887,0.004158,0.010994,0.022335,0.050000,0,0,3,0,0
water_fire,importnet,nonorm4,375,1266.773,0.051290,0.874971,0.914614,0.835328,17,0.00024727,2,0.022129,0.021641,0.022618,0.975785,0.977364,0.974205,0.894314,0.934407,0.854222,0.002990,0.003220,0.010383,0.021574,0.050000,0,0,3,0,0
water_fire,importnet,nonorm4,400,1414.351,0.047850,0.884877,0.929767,0.839988,17,0.00014761,2,0.021380,0.022312,0.020449,0.976882,0.977065,0.976699,0.903838,0.950512,0.857165,0.002947,0.002972,0.008386,0.020989,0.050000,0,0,3,0,0
water_fire,importnet,nonorm4,425,1437.104,0.046925,0.887459,0.931606,0.843313,17,0.00003532,1,0.021090,0.022815,0.019365,0.977293,0.976616,0.977970,0.906252,0.952860,0.859644,0.003000,0.002861,0.008127,0.020542,0.050000,0,0,3,0,0
water_fire,importnet,nonorm4,450,1580.274,0.044318,0.891655,0.935447,0.847862,17,0.00000580,0,0.019793,0.021305,0.018280,0.978726,0.978186,0.979266,0.909369,0.955377,0.863362,0.002768,0.002697,0.007591,0.019786,0.050000,0,0,3,0,0
water_fire,importnet,nonorm4,475,1602.490,0.045933,0.892616,0.936659,0.848572,17,0.00001075,0,0.021148,0.022312,0.019985,0.977331,0.977230,0.977432,0.911544,0.957557,0.865531,0.002982,0.002907,0.007608,0.019866,0.050000,0,0,3,0,0
water_fire,importnet,nonorm4,500,1747.953,0.048582,0.889413,0.931610,0.847216,17,0.00000187,0,0.023200,0.025331,0.021069,0.975195,0.974166,0.976224,0.910137,0.955209,0.865066,0.003320,0.003136,0.008048,0.020107,0.050000,0,0,3,0,0
water_fire,importnet,nonorm4,525,1770.250,0.043984,0.890197,0.933959,0.846435,17,0.00000000,0,0.018761,0.018621,0.018900,0.979679,0.980802,0.978555,0.906891,0.951350,0.862432,0.002518,0.002714,0.007921,0.020023,0.050000,0,0,3,0,0
water_fire,importnet,nonorm4,550,1916.687,0.042071,0.890752,0.936100,0.845403,17,0.00000037,0,0.017366,0.018621,0.016112,0.981218,0.980846,0.981590,0.906278,0.953531,0.859024,0.002461,0.002296,0.007580,0.020138,0.050000,0,0,3,0,0
water_fire,importnet,nonorm4,575,1939.397,0.041962,0.894308,0.939928,0.848688,17,0.00000061,0,0.017469,0.019292,0.015647,0.981216,0.980261,0.982171,0.910014,0.958061,0.861967,0.002607,0.002316,0.007236,0.019695,0.050000,0,0,3,0,0
water_fire,importnet,nonorm4,600,2086.645,0.041714,0.893219,0.940072,0.846365,17,0.00000500,0,0.017689,0.018957,0.016421,0.980931,0.980594,0.981269,0.909078,0.957893,0.860263,0.002467,0.002340,0.007035,0.020084,0.050000,0,0,3,0,0
water_fire,importnet,nonorm4,625,2109.191,0.041703,0.896068,0.941893,0.850244,17,0.00000035,0,0.018005,0.019124,0.016886,0.980655,0.980466,0.980844,0.912254,0.959906,0.864601,0.002525,0.002421,0.006946,0.019607,0.050000,0,0,3,0,0
water_fire,importnet,nonorm4,650,2245.319,0.041452,0.893210,0.939389,0.847032,16,0.00000000,0,0.016792,0.015769,0.017816,0.981748,0.983743,0.979754,0.908162,0.954202,0.862122,0.002117,0.002560,0.007353,0.019999,0.050000,0,0,4,0,0
water_fire,importnet,nonorm4,675,2266.666,0.040320,0.893959,0.941060,0.846858,16,0.00000407,0,0.015876,0.016105,0.015647,0.982785,0.983437,0.982133,0.908162,0.956215,0.860108,0.002145,0.002313,0.006908,0.020057,0.050000,0,0,4,0,0
water_fire,importnet,nonorm4,700,2405.818,0.038291,0.901350,0.945362,0.857339,16,0.00000126,0,0.015805,0.016272,0.015337,0.983016,0.983345,0.982686,0.915616,0.960745,0.870488,0.002179,0.002208,0.006460,0.018536,0.050000,0,0,4,0,1
water_fire,importnet,nonorm4,725,2427.565,0.036330,0.904235,0.944362,0.864109,16,0.00000157,0,0.014791,0.016105,0.013478,0.984169,0.983494,0.984843,0.917663,0.959571,0.875755,0.002144,0.001916,0.006576,0.017546,0.050000,0,0,4,0,1
water_fire,importnet,nonorm4,750,2567.681,0.035689,0.904583,0.944041,0.865126,16,0.00000309,0,0.014101,0.016272,0.011929,0.984940,0.983322,0.986557,0.917424,0.959403,0.875445,0.002169,0.001722,0.006654,0.017434,0.050000,0,0,4,0,1
water_fire,importnet,nonorm4,775,2589.470,0.034734,0.903022,0.942574,0.863469,16,0.00000395,0,0.013804,0.016608,0.010999,0.985260,0.982963,0.987557,0.915598,0.958228,0.872967,0.002149,0.001443,0.006720,0.017504,0.050000,0,0,4,0,1
water_fire,importnet,nonorm4,800,2728.385,0.034284,0.908238,0.947551,0.868925,16,0.00000461,0,0.013823,0.017111,0.010534,0.985350,0.982555,0.988145,0.920922,0.963764,0.878079,0.002325,0.001432,0.006230,0.016829,0.050000,0,0,4,0,1
water_fire,importnet,nonorm4,825,2750.030,0.034322,0.905729,0.940574,0.870884,16,0.00000301,0,0.013868,0.016272,0.011464,0.985207,0.983261,0.987153,0.918374,0.955880,0.880868,0.002121,0.001520,0.006956,0.016611,0.050000,0,0,4,0,1
water_fire,importnet,nonorm4,850,2888.909,0.035275,0.903682,0.937799,0.869565,16,0.00000267,0,0.014352,0.016776,0.011929,0.984668,0.982711,0.986625,0.916735,0.953531,0.879938,0.002170,0.001594,0.007325,0.016815,0.050000,0,0,4,0,1
water_fire,importnet,nonorm4,875,2910.771,0.034732,0.902877,0.933807,0.871948,16,0.00000111,0,0.012629,0.016272,0.008985,0.986516,0.983142,0.989890,0.914392,0.949002,0.879783,0.002135,0.001391,0.007878,0.016608,0.050000,0,0,4,0,1
water_fire,importnet,nonorm4,900,3050.510,0.034275,0.906963,0.940535,0.873391,16,0.00000119,0,0.013145,0.015601,0.010689,0.985982,0.983929,0.988035,0.918968,0.955209,0.882727,0.002106,0.001533,0.007142,0.016384,0.050000,0,0,4,0,1
water_fire,importnet,nonorm4,925,3072.045,0.034044,0.908651,0.941517,0.875785,16,0.00000486,0,0.013449,0.015434,0.011464,0.985669,0.984113,0.987224,0.920936,0.956048,0.885825,0.002083,0.001608,0.007005,0.016056,0.050000,0,0,4,0,1
water_fire,importnet,nonorm4,950,3208.717,0.033171,0.909895,0.942584,0.877206,16,0.00000486,0,0.013035,0.016776,0.009295,0.986204,0.982797,0.989610,0.921878,0.958396,0.885360,0.002129,0.001412,0.006757,0.015932,0.050000,0,0,4,0,1
water_fire,importnet,nonorm4,975,3230.215,0.033316,0.912202,0.946856,0.877548,16,0.00000356,0,0.013642,0.016440,0.010844,0.985564,0.983205,0.987923,0.924743,0.962422,0.887064,0.002132,0.001602,0.006198,0.015880,0.050000,0,0,4,0,1
water_fire,importnet,nonorm4,1000,3370.029,0.032214,0.913218,0.950074,0.876361,16,0.00000274,0,0.012339,0.014763,0.009915,0.986920,0.984919,0.988922,0.924575,0.964100,0.885050,0.001967,0.001507,0.005883,0.016012,0.050000,0,0,4,0,1
water_fire,importnet,nonorm4,1025,3391.558,0.031625,0.914807,0.952160,0.877454,16,0.00000086,0,0.011745,0.013421,0.010070,0.987524,0.986283,0.988766,0.925614,0.964939,0.886290,0.001866,0.001508,0.005774,0.015867,0.050000,0,0,4,0,1
water_fire,importnet,nonorm4,1050,3530.773,0.031360,0.915351,0.951421,0.879281,16,0.00000075,0,0.011971,0.015266,0.008675,0.987377,0.984442,0.990313,0.926427,0.965945,0.886909,0.002025,0.001337,0.005704,0.015691,0.050000,0,0,4,0,1
water_fire,importnet,nonorm4,1075,3551.943,0.031398,0.914921,0.952082,0.877761,16,0.00000386,0,0.012668,0.015266,0.010070,0.986611,0.984452,0.988770,0.926608,0.966616,0.886600,0.002058,0.001316,0.005694,0.015694,0.050000,0,0,4,0,1
water_fire,importnet,nonorm4,1100,3689.285,0.032007,0.913532,0.949975,0.877088,16,0.00000468,0,0.013474,0.016105,0.010844,0.985753,0.983590,0.987916,0.925937,0.965274,0.886600,0.002136,0.001349,0.005849,0.015768,0.050000,0,0,4,0,1
water_fire,importnet,nonorm4,1125,3710.690,0.031936,0.913921,0.950256,0.877585,16,0.00000708,1,0.013126,0.015098,0.011154,0.986088,0.984589,0.987586,0.925989,0.964603,0.887374,0.002073,0.001399,0.005935,0.015658,0.050000,0,0,4,0,1
water_fire,importnet,nonorm4,1150,3848.278,0.032509,0.916054,0.950016,0.882091,16,0.00000618,0,0.013662,0.016943,0.010380,0.985626,0.982765,0.988488,0.928680,0.966113,0.891247,0.002257,0.001465,0.005964,0.015264,0.050000,0,0,4,0,1
water_fire,importnet,nonorm4,1175,3869.875,0.031879,0.915751,0.950116,0.881387,16,0.00000080,0,0.012603,0.015601,0.009605,0.986705,0.984089,0.989321,0.927396,0.964939,0.889853,0.002090,0.001446,0.005881,0.015396,0.050000,0,0,4,0,1
water_fire,importnet,nonorm4,1200,4010.074,0.031625,0.915011,0.946847,0.883175,16,0.00000680,0,0.012706,0.016272,0.009140,0.986610,0.983370,0.989849,0.926751,0.962255,0.891247,0.002135,0.001318,0.006209,0.015113,0.050000,0,0,4,0,1
water_fire,importnet,nonorm4,1225,4031.805,0.031699,0.917540,0.951039,0.884042,16,0.00000576,0,0.013145,0.017614,0.008675,0.986245,0.982125,0.990365,0.929751,0.967791,0.891712,0.002291,0.001303,0.005761,0.015082,0.050000,0,0,4,0,1
water_fire,importnet,nonorm4,1250,4170.603,0.031054,0.916781,0.950784,0.882778,16,0.00000291,0,0.012067,0.015769,0.008366,0.987312,0.983934,0.990690,0.927970,0.965778,0.890163,0.002143,0.001229,0.005868,0.015146,0.050000,0,0,4,0,1
water_fire,importnet,nonorm4,1275,4192.309,0.030929,0.915441,0.948367,0.882516,16,0.00000140,1,0.012190,0.016943,0.007436,0.987220,0.982735,0.991706,0.926757,0.964435,0.889078,0.002205,0.001076,0.006064,0.015178,0.050000,0,0,4,0,1
water_fire,importnet,nonorm4,1300,4331.284,0.031530,0.914800,0.945844,0.883757,16,0.00000200,0,0.012661,0.019124,0.006197,0.986813,0.980546,0.993080,0.926583,0.963932,0.889233,0.002470,0.000927,0.006371,0.015073,0.050000,0,0,4,0,1
water_fire,importnet,nonorm4,1325,4352.893,0.032169,0.916677,0.948426,0.884929,16,0.00000164,0,0.013242,0.018118,0.008366,0.986147,0.981583,0.990712,0.928971,0.965610,0.892332,0.002398,0.001293,0.006076,0.014901,0.050000,0,0,4,0,1
water_fire,importnet,nonorm4,1350,4491.325,0.032303,0.917625,0.950198,0.885052,16,0.00000720,0,0.013365,0.017279,0.009450,0.985986,0.982438,0.989533,0.930016,0.966616,0.893416,0.002257,0.001496,0.005923,0.014950,0.050000,0,0,4,0,1
water_fire,importnet,nonorm4,1375,4513.002,0.031336,0.917086,0.945487,0.888684,16,0.00000649,1,0.013106,0.018621,0.007591,0.986313,0.981032,0.991594,0.929262,0.963093,0.895430,0.002425,0.001094,0.006443,0.014290,0.050000,0,0,4,0,1
water_fire,importnet,nonorm4,1400,4652.252,0.033621,0.914799,0.945496,0.884102,16,0.00000723,0,0.014662,0.018789,0.010534,0.984607,0.980868,0.988346,0.928339,0.963261,0.893416,0.002402,0.001592,0.006315,0.015062,0.050000,0,0,4,0,1
water_fire,importnet,nonorm4,1425,4673.923,0.030914,0.918424,0.950998,0.885850,16,0.00000308,1,0.012571,0.016776,0.008366,0.986834,0.982947,0.990722,0.930106,0.966952,0.893261,0.002177,0.001264,0.005768,0.014813,0.050000,0,0,4,0,1
water_fire,importnet,nonorm4,1450,4811.777,0.030409,0.917888,0.948731,0.887045,16,0.00000441,0,0.012835,0.017614,0.008056,0.986577,0.982082,0.991071,0.929816,0.965442,0.894191,0.002153,0.001160,0.005950,0.014581,0.050000,0,0,4,0,1
water_fire,importnet,nonorm4,1475,4833.638,0.029998,0.917446,0.945643,0.889248,16,0.00000413,1,0.012790,0.018453,0.007126,0.986653,0.981200,0.992106,0.929339,0.963093,0.895585,0.002182,0.001018,0.006240,0.014288,0.050000,0,0,4,0,1
water_fire,importnet,nonorm4,1500,4971.099,0.029641,0.919613,0.948063,0.891164,16,0.00000671,0,0.011899,0.017447,0.006352,0.987601,0.982234,0.992967,0.930714,0.964603,0.896824,0.002189,0.000992,0.006124,0.014081,0.050000,0,0,4,0,1
water_fire,importnet,nonorm4,1525,4992.619,0.029504,0.922572,0.951288,0.893856,16,0.00001203,0,0.012229,0.015937,0.008521,0.987207,0.983777,0.990637,0.933960,0.966449,0.901472,0.002083,0.001253,0.005714,0.013716,0.050000,0,0,4,0,1
water_fire,importnet,nonorm4,1550,5131.031,0.030369,0.919786,0.949950,0.889621,16,0.00000729,0,0.013068,0.015601,0.010534,0.986252,0.984086,0.988418,0.931882,0.964771,0.898993,0.002066,0.001357,0.005948,0.014101,0.050000,0,0,4,0,1
water_fire,importnet,nonorm4,1575,5152.492,0.031196,0.921990,0.950784,0.893196,16,0.00001192,0,0.013384,0.015769,0.010999,0.985950,0.983934,0.987966,0.934399,0.965778,0.903021,0.002137,0.001603,0.005953,0.013737,0.050000,0,0,4,0,1
water_fire,importnet,nonorm4,1600,5291.087,0.028964,0.924650,0.950438,0.898863,16,0.00001436,0,0.011667,0.015434,0.007901,0.987807,0.984260,0.991354,0.935535,0.965107,0.905964,0.002073,0.001192,0.006025,0.013087,0.050000,0,0,4,0,1
water_fire,importnet,nonorm4,1625,5312.655,0.029578,0.923593,0.949398,0.897787,16,0.00001318,0,0.012842,0.017782,0.007901,0.986637,0.981930,0.991344,0.935580,0.966281,0.904880,0.002202,0.001211,0.005946,0.013257,0.050000,0,0,4,0,1
water_fire,importnet,nonorm4,1650,5450.304,0.030703,0.920126,0.948020,0.892232,16,0.00000914,1,0.012874,0.016608,0.009140,0.986505,0.983060,0.989951,0.932076,0.963764,0.900387,0.002128,0.001386,0.006140,0.013908,0.050000,0,0,4,0,1
water_fire,importnet,nonorm4,1675,5472.017,0.030260,0.919930,0.947490,0.892369,16,0.00002430,1,0.012461,0.015937,0.008985,0.986916,0.983713,0.990119,0.931489,0.962590,0.900387,0.002066,0.001303,0.006219,0.013908,0.050000,0,0,4,0,1
water_fire,importnet,nonorm4,1700,5608.951,0.030222,0.920257,0.945794,0.894721,16,0.00001572,1,0.012274,0.015098,0.009450,0.987081,0.984517,0.989645,0.931625,0.960074,0.903176,0.002011,0.001377,0.006428,0.013588,0.050000,0,0,4,0,1
water_fire,importnet,nonorm4,1725,5630.855,0.030099,0.919732,0.946343,0.893120,16,0.00001995,1,0.012468,0.016105,0.008830,0.986911,0.983528,0.990295,0.931295,0.961584,0.901007,0.002088,0.001260,0.006305,0.013735,0.050000,0,0,4,0,1
water_fire,importnet,nonorm4,1750,5767.755,0.030997,0.918168,0.944582,0.891755,16,0.00001629,1,0.013048,0.017111,0.008985,0.986307,0.982501,0.990113,0.930256,0.960745,0.899768,0.002132,0.001351,0.006478,0.014018,0.050000,0,0,4,0,1
water_fire,importnet,nonorm4,1775,5789.350,0.030679,0.920443,0.948282,0.892605,16,0.00002617,1,0.012513,0.015266,0.009760,0.986839,0.984391,0.989288,0.932037,0.962758,0.901317,0.002070,0.001438,0.006174,0.013864,0.050000,0,0,4,0,1
water_fire,importnet,nonorm4,1800,5926.532,0.032751,0.918716,0.948917,0.888515,16,0.00001381,1,0.013888,0.014763,0.013013,0.985324,0.984900,0.985748,0.931502,0.962926,0.900077,0.002017,0.001935,0.006123,0.014448,0.050000,0,0,4,0,1
water_fire,importnet,nonorm4,1825,5948.307,0.030449,0.922162,0.951280,0.893043,16,0.00004836,0,0.013384,0.015769,0.010999,0.985953,0.983943,0.987964,0.934573,0.966281,0.902866,0.002158,0.001397,0.005871,0.013703,0.050000,0,0,4,0,1
water_fire,importnet,nonorm4,1850,6084.497,0.030431,0.921330,0.949183,0.893477,16,0.00004115,1,0.013035,0.016776,0.009295,0.986356,0.982915,0.989798,0.933444,0.965107,0.901782,0.002157,0.001357,0.005974,0.013753,0.050000,0,0,4,0,1
water_fire,importnet,nonorm4,1875,6106.228,0.029623,0.921759,0.949332,0.894186,16,0.00004418,1,0.011861,0.016440,0.007281,0.987614,0.983248,0.991981,0.932818,0.964939,0.900697,0.002146,0.001138,0.005947,0.013795,0.050000,0,0,4,0,1
water_fire,importnet,nonorm4,1900,6241.493,0.029433,0.920792,0.948151,0.893434,16,0.00004941,1,0.011687,0.015937,0.007436,0.987765,0.983725,0.991806,0.931669,0.963261,0.900077,0.002131,0.001078,0.006135,0.013693,0.050000,0,0,4,0,1
cat_face_bass,importnet,nonorm4,1,1.551,0.615838,0.154033,0.186302,0.121763,20,0.00018427,0,0.161230,0.111545,0.210915,0.530683,0.649922,0.411444,0.177264,0.207083,0.147445,0.027868,0.047817,0.182990,0.198391,0.050000,0,0,0,0,0
cat_face_bass,importnet,nonorm4,25,27.624,0.410962,0.227965,0.240034,0.215896,20,0.00000024,1,0.073278,0.049020,0.097537,0.772724,0.837047,0.708401,0.244377,0.251801,0.236953,0.011925,0.021839,0.161114,0.160454,0.050000,0,0,0,0,0
cat_face_bass,importnet,nonorm4,50,190.222,0.334345,0.339404,0.329354,0.349454,20,0.00022874,0,0.055741,0.039116,0.072366,0.867788,0.897429,0.838146,0.358490,0.342237,0.374742,0.009368,0.015899,0.140548,0.129700,0.050000,0,0,0,0,0
cat_face_bass,importnet,nonorm4,75,214.961,0.271196,0.463285,0.436687,0.489884,20,0.00033087,1,0.045973,0.030212,0.061734,0.915486,0.937070,0.893903,0.485003,0.449880,0.520126,0.007331,0.013541,0.117052,0.100530,0.050000,0,0,0,0,0
cat_face_bass,importnet,nonorm4,100,377.685,0.232045,0.530535,0.487142,0.573928,20,0.00059064,1,0.037429,0.027011,0.047846,0.937540,0.948776,0.926303,0.550844,0.500300,0.601389,0.006627,0.010439,0.106363,0.082741,0.050000,0,0,0,0,0
cat_face_bass,importnet,nonorm4,125,402.961,0.202714,0.587379,0.513031,0.661726,20,0.00046854,0,0.032201,0.024910,0.039492,0.950236,0.954768,0.945704,0.606835,0.525810,0.687859,0.006144,0.008596,0.100906,0.065006,0.050000,0,0,0,0,0
cat_face_bass,importnet,nonorm4,150,564.445,0.187407,0.613692,0.537080,0.690304,20,0.00024210,1,0.028988,0.025210,0.032766,0.956140,0.956220,0.956060,0.631771,0.550620,0.712922,0.006138,0.007119,0.095725,0.059285,0.050000,0,0,0,0,0
cat_face_bass,importnet,nonorm4,175,590.203,0.171226,0.649988,0.578608,0.721367,20,0.00014263,2,0.026931,0.025110,0.028751,0.961044,0.959385,0.962702,0.667622,0.593137,0.742107,0.006106,0.006298,0.087226,0.053297,0.050000,0,0,0,0,0
cat_face_bass,importnet,nonorm4,200,755.279,0.160538,0.682327,0.618320,0.746333,20,0.00018439,1,0.027960,0.027711,0.028209,0.961379,0.958214,0.964544,0.701420,0.635454,0.767386,0.006648,0.006107,0.078918,0.048296,0.050000,0,0,0,0,0
cat_face_bass,importnet,nonorm4,225,780.917,0.151163,0.699014,0.630915,0.767113,20,0.00011080,1,0.025926,0.023209,0.028643,0.965134,0.965295,0.964973,0.717322,0.645558,0.789085,0.005618,0.006282,0.076006,0.044267,0.050000,0,0,0,0,0
cat_face_bass,importnet,nonorm4,250,938.558,0.147704,0.716600,0.653647,0.779552,19,0.00003048,3,0.028529,0.024510,0.032549,0.962914,0.964692,0.961135,0.737297,0.669668,0.804926,0.005833,0.006866,0.071395,0.041897,0.050000,0,0,1,0,0
cat_face_bass,importnet,nonorm4,275,963.164,0.143833,0.723440,0.665494,0.781385,19,0.00008116,1,0.026652,0.024010,0.029294,0.965412,0.965967,0.964857,0.742874,0.681473,0.804275,0.005774,0.006503,0.068971,0.041672,0.050000,0,0,1,0,0
cat_face_bass,importnet,nonorm4,300,1120.531,0.140599,0.731404,0.677079,0.785729,19,0.00005529,3,0.027106,0.024810,0.029402,0.965201,0.965479,0.964924,0.751355,0.693878,0.808832,0.005955,0.006267,0.066633,0.040655,0.050000,0,0,1,0,0
cat_face_bass,importnet,nonorm4,325,1145.032,0.133638,0.742922,0.691149,0.794696,19,0.00004877,1,0.024854,0.022909,0.026798,0.968408,0.968613,0.968203,0.761487,0.706983,0.815992,0.005477,0.005998,0.063503,0.039045,0.050000,0,0,1,0,0
cat_face_bass,importnet,nonorm4,350,1305.878,0.129220,0.750583,0.704252,0.796915,19,0.00002567,0,0.024003,0.021208,0.026798,0.969822,0.971355,0.968289,0.768729,0.719188,0.818271,0.005103,0.005991,0.060737,0.038446,0.050000,0,0,1,0,0
cat_face_bass,importnet,nonorm4,375,1330.069,0.124890,0.758202,0.716235,0.800169,19,0.00002720,0,0.023220,0.019208,0.027232,0.971147,0.974362,0.967932,0.775976,0.729992,0.821959,0.004686,0.005984,0.058237,0.037828,0.050000,0,0,1,0,0
cat_face_bass,importnet,nonorm4,400,1486.894,0.121394,0.763592,0.725113,0.802071,19,0.00003524,0,0.022849,0.019008,0.026690,0.971764,0.974921,0.968606,0.781187,0.738896,0.823478,0.004580,0.005728,0.056325,0.037297,0.050000,0,0,1,0,0
cat_face_bass,importnet,nonorm4,425,1511.439,0.118045,0.769724,0.731384,0.808064,19,0.00003290,0,0.021137,0.019708,0.022567,0.973835,0.974255,0.973415,0.786049,0.745798,0.826299,0.004786,0.005136,0.055130,0.036320,0.050000,0,0,1,0,0
cat_face_bass,importnet,nonorm4,450,1670.829,0.114725,0.780120,0.737373,0.822867,19,0.00003036,1,0.021528,0.022009,0.021048,0.973592,0.971624,0.975561,0.796894,0.753601,0.840187,0.005241,0.004790,0.053872,0.033453,0.050000,0,0,1,0,0
cat_face_bass,importnet,nonorm4,475,1695.571,0.112950,0.789171,0.748654,0.829688,19,0.00002193,1,0.021758,0.021709,0.021808,0.973662,0.972402,0.974922,0.806344,0.764906,0.847781,0.005427,0.004955,0.051767,0.032189,0.050000,0,0,1,0,0
cat_face_bass,importnet,nonorm4,500,1853.446,0.112324,0.801835,0.765056,0.838614,19,0.00002661,1,0.025240,0.026611,0.023869,0.970091,0.967229,0.972953,0.822022,0.785414,0.858631,0.006422,0.005114,0.048365,0.030272,0.050000,0,0,1,0,0
cat_face_bass,importnet,nonorm4,525,1878.339,0.110209,0.806614,0.773521,0.839708,19,0.00002053,1,0.025098,0.026110,0.024086,0.970453,0.968151,0.972754,0.826825,0.793717,0.859933,0.006443,0.005031,0.046661,0.029881,0.050000,0,0,1,0,0
cat_face_bass,importnet,nonorm4,550,2035.624,0.111744,0.807209,0.777302,0.837116,19,0.00002722,1,0.025460,0.027811,0.023109,0.970043,0.966360,0.973726,0.827690,0.798920,0.856461,0.006773,0.005144,0.045926,0.030542,0.050000,0,0,1,0,0
cat_face_bass,importnet,nonorm4,575,2060.400,0.106634,0.813080,0.783176,0.842985,19,0.00002248,1,0.023357,0.027511,0.019204,0.972540,0.966943,0.978137,0.831948,0.804722,0.859173,0.006814,0.004235,0.044869,0.029403,0.050000,0,0,1,0,0
cat_face_bass,importnet,nonorm4,600,2219.218,0.103920,0.818183,0.790351,0.846014,19,0.00003495,2,0.022265,0.026411,0.018119,0.973934,0.968470,0.979398,0.836284,0.811224,0.861343,0.006665,0.004122,0.043400,0.028888,0.050000,0,0,1,0,0
cat_face_bass,importnet,nonorm4,625,2244.228,0.102752,0.819909,0.791935,0.847884,19,0.00003606,1,0.022402,0.027011,0.017793,0.973828,0.967857,0.979798,0.838148,0.813325,0.862971,0.006744,0.003927,0.042934,0.028520,0.050000,0,0,1,0,0
cat_face_bass,importnet,nonorm4,650,2403.847,0.105436,0.821695,0.794824,0.848565,19,0.00002432,2,0.024625,0.028311,0.020940,0.971460,0.966521,0.976400,0.841830,0.817327,0.866334,0.006949,0.004645,0.042291,0.028463,0.050000,0,0,1,0,0
cat_face_bass,importnet,nonorm4,675,2428.688,0.101948,0.823414,0.798268,0.848559,19,0.00004118,1,0.022305,0.028011,0.016600,0.974057,0.966993,0.981120,0.841637,0.820628,0.862645,0.007007,0.003746,0.041793,0.028436,0.050000,0,0,1,0,0
cat_face_bass,importnet,nonorm4,700,2587.248,0.099495,0.826352,0.802512,0.850192,19,0.00005894,2,0.022064,0.027311,0.016817,0.974427,0.967935,0.980918,0.844460,0.824430,0.864490,0.006660,0.003778,0.040681,0.028073,0.050000,0,0,1,0,0
cat_face_bass,importnet,nonorm4,725,2612.077,0.102528,0.824534,0.805307,0.843760,19,0.00007636,2,0.023611,0.029212,0.018010,0.972709,0.965955,0.979463,0.843894,0.828832,0.858956,0.007093,0.004024,0.040175,0.029220,0.050000,0,0,1,0,0
cat_face_bass,importnet,nonorm4,750,2771.050,0.097802,0.829545,0.811229,0.847861,19,0.00004097,2,0.022518,0.028111,0.016925,0.974071,0.967394,0.980748,0.848122,0.834034,0.862211,0.006769,0.003605,0.038821,0.028319,0.050000,0,0,1,0,0
cat_face_bass,importnet,nonorm4,775,2795.980,0.100642,0.829776,0.813825,0.845728,19,0.00007214,2,0.023674,0.029012,0.018336,0.972835,0.966517,0.979154,0.849335,0.837435,0.861235,0.007088,0.004066,0.038378,0.028776,0.050000,0,0,1,0,0
cat_face_bass,importnet,nonorm4,800,2955.363,0.100596,0.828156,0.812579,0.843733,19,0.00005335,2,0.023127,0.029112,0.017142,0.973387,0.966358,0.980416,0.847216,0.836234,0.858197,0.007071,0.003900,0.038594,0.029253,0.050000,0,0,1,0,0
cat_face_bass,importnet,nonorm4,825,2980.403,0.094699,0.835815,0.825871,0.845759,19,0.00003714,2,0.021066,0.027811,0.014321,0.975928,0.968276,0.983580,0.853355,0.848840,0.857871,0.006839,0.003276,0.035957,0.028776,0.050000,0,0,1,0,0
cat_face_bass,importnet,nonorm4,850,3142.998,0.095871,0.837785,0.829005,0.846564,19,0.00010224,1,0.022664,0.028511,0.016817,0.974241,0.967643,0.980838,0.856721,0.852641,0.860801,0.006901,0.003741,0.035154,0.028722,0.050000,0,0,1,0,0
cat_face_bass,importnet,nonorm4,875,3168.265,0.095164,0.840685,0.837614,0.843757,19,0.00008013,2,0.022406,0.028211,0.016600,0.974649,0.968283,0.981015,0.859504,0.861244,0.857763,0.006955,0.003766,0.033559,0.029236,0.050000,0,0,1,0,0
cat_face_bass,importnet,nonorm4,900,3327.787,0.092366,0.847026,0.845526,0.848527,19,0.00005697,2,0.023047,0.029712,0.016383,0.974179,0.967000,0.981358,0.866538,0.870648,0.862428,0.007211,0.003479,0.031757,0.028068,0.050000,0,0,1,0,0
cat_face_bass,importnet,nonorm4,925,3353.129,0.090543,0.849213,0.847441,0.850984,19,0.00003477,2,0.021212,0.028211,0.014213,0.976219,0.968639,0.983799,0.867214,0.871349,0.863079,0.007031,0.003268,0.031436,0.027943,0.050000,0,0,1,0,0
cat_face_bass,importnet,nonorm4,950,3516.505,0.093261,0.852120,0.856185,0.848055,19,0.00009950,2,0.023869,0.029512,0.018227,0.973466,0.967604,0.979328,0.872483,0.881453,0.863513,0.007239,0.004139,0.029607,0.028427,0.050000,0,0,1,0,0
cat_face_bass,importnet,nonorm4,975,3541.998,0.089948,0.856138,0.864983,0.847293,19,0.00004358,1,0.024015,0.029912,0.018119,0.973471,0.967514,0.979428,0.876751,0.890856,0.862645,0.007198,0.003784,0.027655,0.028323,0.050000,0,0,1,0,0
cat_face_bass,importnet,nonorm4,1000,3705.803,0.087727,0.860398,0.872680,0.848116,19,0.00004015,2,0.022901,0.029312,0.016491,0.974815,0.968399,0.981230,0.880181,0.898259,0.862103,0.007091,0.003669,0.026083,0.028323,0.050000,0,0,1,0,0
cat_face_bass,importnet,nonorm4,1025,3731.256,0.088554,0.863965,0.883239,0.844690,19,0.00003025,1,0.024813,0.029012,0.020614,0.972857,0.969067,0.976647,0.885483,0.908864,0.862103,0.007082,0.004329,0.023814,0.028912,0.050000,0,0,1,0,0
cat_face_bass,importnet,nonorm4,1050,3896.670,0.085277,0.867691,0.887268,0.848113,19,0.00004882,1,0.023207,0.028511,0.017902,0.974694,0.969703,0.979685,0.887931,0.912565,0.863296,0.006907,0.003926,0.022981,0.028403,0.050000,0,0,1,0,0
cat_face_bass,importnet,nonorm4,1075,3922.291,0.085366,0.869373,0.889796,0.848950,19,0.00002832,2,0.023602,0.029412,0.017793,0.974356,0.968889,0.979823,0.890011,0.915966,0.864056,0.007129,0.003904,0.022405,0.028293,0.050000,0,0,1,0,0
cat_face_bass,importnet,nonorm4,1100,4085.766,0.083994,0.868979,0.890934,0.847024,19,0.00002203,2,0.022172,0.027311,0.017034,0.975818,0.971025,0.980610,0.888359,0.915266,0.861452,0.006811,0.003790,0.022281,0.028628,0.050000,0,0,1,0,0
cat_face_bass,importnet,nonorm4,1125,4111.181,0.085882,0.869752,0.890315,0.849189,19,0.00004302,2,0.023031,0.028812,0.017251,0.974963,0.969504,0.980421,0.889902,0.915966,0.863839,0.007211,0.003928,0.022511,0.028323,0.050000,0,0,1,0,0
cat_face_bass,importnet,nonorm4,1150,4271.593,0.084855,0.871873,0.894445,0.849302,19,0.00002857,2,0.023161,0.028311,0.018010,0.974866,0.970138,0.979594,0.892183,0.919768,0.864598,0.007009,0.004116,0.021577,0.028183,0.050000,0,0,1,0,0
cat_face_bass,importnet,nonorm4,1175,4296.438,0.085246,0.872196,0.895730,0.848662,19,0.00002919,1,0.023261,0.028511,0.018010,0.974780,0.969981,0.979579,0.892608,0.921269,0.863947,0.007068,0.004150,0.021294,0.028530,0.050000,0,0,1,0,0
cat_face_bass,importnet,nonorm4,1200,4460.669,0.085016,0.870429,0.896095,0.844763,19,0.00002870,2,0.023854,0.027311,0.020397,0.974036,0.971187,0.976884,0.891281,0.920568,0.861994,0.006825,0.004252,0.021292,0.028840,0.050000,0,0,1,0,0
cat_face_bass,importnet,nonorm4,1225,4485.869,0.085416,0.870935,0.896797,0.845073,19,0.00002389,1,0.023574,0.027511,0.019638,0.974364,0.971010,0.977718,0.891569,0.921469,0.861669,0.006860,0.004336,0.021148,0.028956,0.050000,0,0,1,0,0
cat_face_bass,importnet,nonorm4,1250,4648.503,0.085030,0.872727,0.898523,0.846932,19,0.00002639,0,0.023882,0.029212,0.018553,0.974163,0.969379,0.978946,0.893708,0.924770,0.862645,0.007137,0.004120,0.020676,0.028756,0.050000,0,0,1,0,0
cat_face_bass,importnet,nonorm4,1275,4673.832,0.084840,0.871246,0.898628,0.843863,19,0.00002521,1,0.024191,0.028311,0.020072,0.973744,0.970273,0.977214,0.892435,0.924070,0.860801,0.006831,0.004289,0.020607,0.029161,0.050000,0,0,1,0,0
cat_face_bass,importnet,nonorm4,1300,4834.120,0.083654,0.874240,0.905864,0.842615,19,0.00003208,1,0.023795,0.028711,0.018878,0.974297,0.970110,0.978484,0.895198,0.931873,0.858522,0.006941,0.004136,0.019090,0.029524,0.050000,0,0,1,0,0
cat_face_bass,importnet,nonorm4,1325,4859.199,0.083045,0.876330,0.909569,0.843091,19,0.00005853,1,0.023457,0.027711,0.019204,0.974674,0.971209,0.978140,0.897028,0.934774,0.859282,0.006833,0.004270,0.018364,0.029454,0.050000,0,0,1,0,0
cat_face_bass,importnet,nonorm4,1350,5015.627,0.084538,0.875011,0.909959,0.840064,19,0.00006250,0,0.023775,0.026611,0.020940,0.974235,0.972303,0.976167,0.895914,0.934174,0.857654,0.006666,0.004682,0.018393,0.030096,0.050000,0,0,1,0,0
cat_face_bass,importnet,nonorm4,1375,5039.971,0.085864,0.875706,0.913479,0.837932,19,0.00004376,1,0.025076,0.027911,0.022242,0.972912,0.971133,0.974691,0.897772,0.938976,0.856569,0.006899,0.004954,0.017565,0.030394,0.050000,0,0,1,0,0
cat_face_bass,importnet,nonorm4,1400,5199.742,0.084493,0.875045,0.911799,0.838292,19,0.00008970,1,0.024384,0.027611,0.021157,0.973628,0.971375,0.975881,0.896501,0.936975,0.856027,0.006886,0.004524,0.017975,0.030194,0.050000,0,0,1,0,0
cat_face_bass,importnet,nonorm4,1425,5224.336,0.081973,0.878129,0.916732,0.839527,19,0.00005928,1,0.023045,0.027211,0.018878,0.975161,0.971915,0.978407,0.898526,0.941677,0.855376,0.006813,0.004183,0.017031,0.030023,0.050000,0,0,1,0,0
cat_face_bass,importnet,nonorm4,1450,5384.225,0.082437,0.879280,0.918109,0.840452,19,0.00006837,1,0.023636,0.028611,0.018661,0.974631,0.970594,0.978668,0.900257,0.944378,0.856135,0.007099,0.004144,0.016643,0.029929,0.050000,0,0,1,0,0
cat_face_bass,importnet,nonorm4,1475,5408.764,0.083242,0.879408,0.918782,0.840034,19,0.00004610,1,0.024292,0.028511,0.020072,0.973912,0.970712,0.977112,0.900936,0.944978,0.856895,0.007066,0.004428,0.016533,0.029946,0.050000,0,0,1,0,0
cat_face_bass,importnet,nonorm4,1500,5567.575,0.084198,0.880682,0.918536,0.842828,19,0.00006302,1,0.024595,0.030312,0.018878,0.973727,0.968964,0.978489,0.902559,0.946379,0.858739,0.007523,0.004305,0.016628,0.029564,0.050000,0,0,1,0,0
cat_face_bass,importnet,nonorm4,1525,5592.533,0.083685,0.881710,0.919740,0.843680,19,0.00006498,1,0.024845,0.030812,0.018878,0.973517,0.968523,0.978511,0.903843,0.948079,0.859607,0.007485,0.004308,0.016313,0.029451,0.050000,0,0,1,0,0
cat_face_bass,importnet,nonorm4,1550,5753.970,0.083618,0.881541,0.918746,0.844336,19,0.00006537,0,0.024749,0.030512,0.018987,0.973594,0.968779,0.978408,0.903573,0.946779,0.860367,0.007524,0.004241,0.016570,0.029226,0.050000,0,0,1,0,0
cat_face_bass,importnet,nonorm4,1575,5778.703,0.085235,0.880397,0.919118,0.841676,19,0.00004847,0,0.026711,0.030312,0.023109,0.971424,0.968984,0.973865,0.904052,0.946979,0.861126,0.007434,0.004747,0.016504,0.029443,0.050000,0,0,1,0,0
cat_face_bass,importnet,nonorm4,1600,5937.777,0.082211,0.883904,0.918740,0.849069,19,0.00006538,0,0.024262,0.029212,0.019312,0.974103,0.970033,0.978173,0.905522,0.945578,0.865466,0.007268,0.004310,0.016632,0.028352,0.050000,0,0,1,0,0
cat_face_bass,importnet,nonorm4,1625,5962.334,0.082366,0.883234,0.918480,0.847988,19,0.00006770,0,0.024408,0.029612,0.019204,0.973951,0.969638,0.978264,0.904975,0.945678,0.864273,0.007194,0.004395,0.016470,0.028642,0.050000,0,0,1,0,0
cat_face_bass,importnet,nonorm4,1650,6120.818,0.081019,0.883474,0.918369,0.848578,19,0.00007943,0,0.023545,0.028211,0.018878,0.974811,0.970991,0.978632,0.904438,0.944278,0.864598,0.007010,0.004200,0.016700,0.028419,0.050000,0,0,1,0,0
cat_face_bass,importnet,nonorm4,1675,6145.311,0.082606,0.884723,0.920746,0.848701,19,0.00007477,1,0.024499,0.030012,0.018987,0.973921,0.969325,0.978517,0.906597,0.948379,0.864815,0.007498,0.004243,0.016291,0.028471,0.050000,0,0,1,0,0
cat_face_bass,importnet,nonorm4,1700,6304.547,0.081693,0.885360,0.923780,0.846940,19,0.00011431,1,0.024162,0.029012,0.019312,0.974252,0.970384,0.978119,0.906938,0.950580,0.863296,0.007186,0.004425,0.015477,0.028761,0.050000,0,0,1,0,0
cat_face_bass,importnet,nonorm4,1725,6329.498,0.081535,0.884435,0.921267,0.847602,19,0.00009317,0,0.024696,0.029212,0.020180,0.973654,0.970113,0.977195,0.906443,0.948179,0.864707,0.007178,0.004326,0.016014,0.028488,0.050000,0,0,1,0,0
cat_face_bass,importnet,nonorm4,1750,6489.258,0.083855,0.884754,0.923159,0.846350,19,0.00011890,1,0.025485,0.028511,0.022459,0.972775,0.970847,0.974704,0.907419,0.949480,0.865357,0.007134,0.004991,0.015741,0.028839,0.050000,0,0,1,0,0
cat_face_bass,importnet,nonorm4,1775,6513.887,0.081048,0.888458,0.923025,0.853892,19,0.00012288,0,0.024800,0.029312,0.020289,0.973657,0.970072,0.977242,0.910648,0.950080,0.871216,0.007286,0.004446,0.015715,0.027317,0.050000,0,0,1,0,0
cat_face_bass,importnet,nonorm4,1800,6672.851,0.082667,0.889432,0.924879,0.853985,19,0.00012403,2,0.025176,0.029412,0.020940,0.973290,0.970034,0.976546,0.911974,0.952081,0.871867,0.007313,0.004890,0.015337,0.027605,0.050000,0,0,1,0,0
cat_face_bass,importnet,nonorm4,1825,6697.568,0.081401,0.888352,0.923010,0.853695,19,0.00011923,1,0.025405,0.030412,0.020397,0.973067,0.969014,0.977121,0.911094,0.951080,0.871108,0.007457,0.004371,0.015658,0.027380,0.050000,0,0,1,0,0
cat_face_bass,importnet,nonorm4,1850,6858.180,0.081126,0.891948,0.922165,0.861732,19,0.00012375,1,0.024792,0.029512,0.020072,0.973764,0.969852,0.977676,0.914204,0.949380,0.879028,0.007368,0.004635,0.015955,0.026077,0.050000,0,0,1,0,0
cat_face_bass,importnet,nonorm4,1875,6883.110,0.080651,0.895019,0.919464,0.870573,19,0.00010683,1,0.025596,0.031012,0.020180,0.973053,0.968322,0.977783,0.918060,0.947979,0.888141,0.007820,0.004390,0.016508,0.024183,0.050000,0,0,1,0,0
cat_face_bass,importnet,nonorm4,1900,7042.911,0.077974,0.897696,0.922957,0.872435,19,0.00014522,2,0.025163,0.029712,0.020614,0.973529,0.969685,0.977373,0.920400,0.950380,0.890420,0.007253,0.004561,0.015501,0.023767,0.050000,0,0,1,0,0
cat_face_bass,importnet,nonorm4,1925,7067.409,0.078901,0.902948,0.927899,0.877997,19,0.00015567,0,0.026794,0.030912,0.022675,0.972032,0.968696,0.975368,0.927244,0.956583,0.897906,0.007575,0.004972,0.014494,0.022866,0.050000,0,0,1,0,1
cat_face_bass,importnet,nonorm4,1950,7225.559,0.088202,0.899483,0.921828,0.877137,19,0.00008201,0,0.031599,0.035314,0.027883,0.967160,0.964318,0.970001,0.927988,0.954382,0.901595,0.008733,0.006009,0.015935,0.023038,0.050000,0,0,1,0,1
cat_face_bass,importnet,nonorm4,1975,7249.856,0.087365,0.898783,0.923107,0.874459,19,0.00006398,0,0.031586,0.035614,0.027558,0.967164,0.964084,0.970244,0.927270,0.955982,0.898557,0.008750,0.005758,0.015567,0.023423,0.050000,0,0,1,0,1
cat_face_bass,importnet,nonorm4,2000,7410.885,0.089516,0.896603,0.924452,0.868754,19,0.00005565,2,0.032350,0.035514,0.029185,0.966309,0.964228,0.968390,0.925696,0.957283,0.894109,0.008878,0.006016,0.015489,0.024358,0.050000,0,0,1,0,1
cat_face_bass,importnet,nonorm4,2025,7435.876,0.092557,0.892042,0.923665,0.860419,19,0.00007609,1,0.032739,0.034014,0.031464,0.965686,0.965611,0.965762,0.921286,0.955082,0.887491,0.008433,0.006810,0.015555,0.026256,0.050000,0,0,1,0,1
cat_face_bass,importnet,nonorm4,2050,7598.354,0.100322,0.889446,0.922720,0.856173,19,0.00004492,1,0.036523,0.034314,0.038733,0.961780,0.965294,0.958265,0.921858,0.954382,0.889335,0.008485,0.008571,0.015804,0.027408,0.050000,0,0,1,0,1
cat_face_bass,importnet,nonorm4,2075,7623.649,0.090693,0.896532,0.924133,0.868932,19,0.00005226,1,0.031607,0.035114,0.028100,0.967048,0.964592,0.969504,0.924966,0.956583,0.893349,0.008701,0.006406,0.015486,0.024814,0.050000,0,0,1,0,1
cat_face_bass,importnet,nonorm4,2100,7783.141,0.086243,0.897758,0.922676,0.872839,19,0.00003821,1,0.029658,0.036315,0.023001,0.969149,0.963411,0.974887,0.924549,0.956182,0.892915,0.008849,0.005206,0.015684,0.023890,0.050000,0,0,1,0,1
cat_face_bass,importnet,nonorm4,2125,7808.158,0.089000,0.897474,0.922141,0.872808,19,0.00002399,1,0.031315,0.035614,0.027015,0.967396,0.964048,0.970744,0.925685,0.954982,0.896387,0.008819,0.005964,0.015794,0.023943,0.050000,0,0,1,0,1
cat_face_bass,importnet,nonorm4,2150,7966.863,0.091012,0.895268,0.922274,0.868263,19,0.00001349,2,0.031728,0.034814,0.028643,0.966866,0.964806,0.968927,0.923757,0.954382,0.893132,0.008761,0.006354,0.015923,0.024734,0.050000,0,0,1,0,1
cat_face_bass,importnet,nonorm4,2175,7991.673,0.086878,0.896433,0.923062,0.869805,19,0.00002870,2,0.029170,0.035014,0.023326,0.969554,0.964646,0.974463,0.922738,0.955382,0.890094,0.008787,0.005262,0.015701,0.024613,0.050000,0,0,1,0,1
cat_face_bass,importnet,nonorm4,2200,8152.638,0.086781,0.898531,0.923174,0.873888,19,0.00005279,2,0.029921,0.035214,0.024628,0.968847,0.964462,0.973231,0.925546,0.955682,0.895411,0.008678,0.005585,0.015617,0.023714,0.050000,0,0,1,0,1
cat_face_bass,importnet,nonorm4,2225,8177.859,0.086154,0.898119,0.921516,0.874722,19,0.00005498,2,0.029333,0.035014,0.023652,0.969427,0.964589,0.974265,0.924596,0.953782,0.895411,0.008692,0.005303,0.016053,0.023652,0.050000,0,0,1,0,1
dance_argument,importnet,nonorm4,1,1.552,0.603376,0.185661,0.202669,0.168653,20,0.00000464,0,0.207620,0.262471,0.152769,0.526803,0.493627,0.559980,0.225141,0.255864,0.194418,0.035993,0.045387,0.122555,0.222337,0.050000,0,0,0,0,0
dance_argument,importnet,nonorm4,25,27.100,0.374758,0.241093,0.275542,0.206644,20,0.00000000,0,0.080807,0.104229,0.057386,0.768420,0.744844,0.791995,0.261382,0.304262,0.218503,0.014169,0.016878,0.097397,0.194811,0.050000,0,0,0,0,0
dance_argument,importnet,nonorm4,50,192.541,0.320873,0.335803,0.386794,0.284812,20,0.00000000,0,0.068296,0.090684,0.045909,0.844769,0.823074,0.866464,0.359878,0.421870,0.297887,0.011959,0.013497,0.081004,0.173698,0.050000,0,0,0,0,0
dance_argument,importnet,nonorm4,75,218.066,0.278106,0.410103,0.446505,0.373701,20,0.00006742,0,0.057555,0.077635,0.037475,0.886465,0.861070,0.911861,0.434437,0.481169,0.387705,0.010438,0.011048,0.072237,0.150772,0.050000,0,0,0,0,0
dance_argument,importnet,nonorm4,100,386.972,0.257234,0.457984,0.490664,0.425303,20,0.00006642,1,0.056468,0.079286,0.033649,0.899339,0.869778,0.928900,0.484591,0.529567,0.439614,0.010505,0.009907,0.066388,0.137727,0.050000,0,0,0,0,0
dance_argument,importnet,nonorm4,125,413.180,0.233433,0.506545,0.524166,0.488923,20,0.00013361,4,0.054103,0.079947,0.028258,0.911514,0.876246,0.946782,0.534405,0.566072,0.502739,0.010603,0.008284,0.062027,0.121689,0.050000,0,0,0,0,0
dance_argument,importnet,nonorm4,150,583.795,0.207822,0.556808,0.553552,0.560065,20,0.00023285,3,0.051551,0.081103,0.021998,0.921821,0.880651,0.962990,0.585416,0.598447,0.572385,0.010784,0.006342,0.058142,0.104086,0.050000,0,0,0,0,0
dance_argument,importnet,nonorm4,175,610.026,0.191863,0.593656,0.583028,0.604284,20,0.00057851,3,0.050564,0.082260,0.018868,0.927467,0.884669,0.970266,0.623337,0.630988,0.615686,0.010890,0.005468,0.054051,0.093249,0.050000,0,0,0,0,0
dance_argument,importnet,nonorm4,200,778.401,0.182593,0.623260,0.606432,0.640089,20,0.00069211,3,0.049660,0.078626,0.020694,0.930997,0.892696,0.969298,0.653724,0.654113,0.653334,0.010700,0.005895,0.051115,0.084845,0.050000,0,0,0,0,0
dance_argument,importnet,nonorm4,225,804.520,0.175920,0.647958,0.627230,0.668685,20,0.00073405,3,0.051359,0.083416,0.019303,0.931564,0.890669,0.972460,0.680572,0.679551,0.681593,0.011409,0.005640,0.048755,0.077947,0.050000,0,0,0,0,0
dance_argument,importnet,nonorm4,250,975.627,0.172722,0.663738,0.626495,0.700981,20,0.00098276,3,0.055245,0.091014,0.019477,0.927980,0.882491,0.973469,0.699074,0.683515,0.714634,0.012357,0.005633,0.048940,0.070249,0.050000,0,0,0,0,0
dance_argument,importnet,nonorm4,275,1001.547,0.166318,0.679730,0.626097,0.733362,20,0.00111711,3,0.055111,0.091179,0.019042,0.928703,0.882253,0.975153,0.715255,0.683185,0.747326,0.012538,0.005556,0.048983,0.062573,0.050000,0,0,0,0,0
dance_argument,importnet,nonorm4,300,1173.122,0.159310,0.700175,0.632351,0.767999,20,0.00114272,3,0.056593,0.092666,0.020520,0.928116,0.881745,0.974486,0.737353,0.690948,0.783758,0.012423,0.005996,0.048146,0.054302,0.050000,0,0,0,0,0
dance_argument,importnet,nonorm4,325,1199.751,0.153755,0.704655,0.635769,0.773541,20,0.00097028,3,0.052311,0.085233,0.019390,0.933025,0.890049,0.976001,0.739249,0.689957,0.788540,0.011748,0.005651,0.047527,0.052961,0.050000,0,0,0,0,0
dance_argument,importnet,nonorm4,350,1364.765,0.151655,0.714536,0.643906,0.785166,19,0.00059981,3,0.054854,0.091014,0.018694,0.931233,0.885304,0.977162,0.751177,0.702511,0.799843,0.012341,0.005488,0.046649,0.050073,0.050000,0,0,1,0,0
dance_argument,importnet,nonorm4,375,1390.002,0.147886,0.724142,0.652379,0.795906,19,0.00026364,4,0.053098,0.086720,0.019477,0.933785,0.891011,0.976559,0.760180,0.708953,0.811408,0.011989,0.005763,0.045377,0.047728,0.050000,0,0,1,0,0
dance_argument,importnet,nonorm4,400,1551.484,0.155152,0.734308,0.654537,0.814078,19,0.00020154,2,0.062926,0.103072,0.022781,0.924222,0.875075,0.973369,0.777313,0.722002,0.832623,0.013937,0.006775,0.045706,0.043680,0.050000,0,0,1,0,0
dance_argument,importnet,nonorm4,425,1576.282,0.151218,0.738856,0.662826,0.814887,19,0.00012532,2,0.058154,0.089528,0.026780,0.929344,0.889703,0.968986,0.779439,0.722167,0.836710,0.012416,0.007672,0.044336,0.043231,0.050000,0,0,1,0,0
dance_argument,importnet,nonorm4,450,1737.270,0.153914,0.737339,0.655032,0.819646,19,0.00009627,3,0.061931,0.097952,0.025911,0.925118,0.880129,0.970107,0.780039,0.719194,0.840883,0.013482,0.007367,0.045469,0.042076,0.050000,0,0,1,0,0
dance_argument,importnet,nonorm4,475,1761.970,0.145612,0.749290,0.667626,0.830955,19,0.00010421,2,0.056958,0.090353,0.023563,0.931314,0.889584,0.973043,0.789242,0.727948,0.850535,0.012572,0.007025,0.043726,0.039595,0.050000,0,0,1,0,0
dance_argument,importnet,nonorm4,500,1918.676,0.161147,0.733656,0.651844,0.815468,19,0.00011913,2,0.067986,0.110671,0.025302,0.919016,0.867406,0.970627,0.780043,0.723984,0.836101,0.015121,0.007254,0.046390,0.043070,0.050000,0,0,1,0,0
dance_argument,importnet,nonorm4,525,1942.923,0.155276,0.733206,0.656002,0.810409,19,0.00009583,3,0.064487,0.104889,0.024085,0.922690,0.873582,0.971798,0.777369,0.724810,0.829928,0.013877,0.006862,0.045283,0.044213,0.050000,0,0,1,0,0
dance_argument,importnet,nonorm4,550,2102.484,0.153691,0.731230,0.649028,0.813431,19,0.00008684,3,0.063309,0.105055,0.021563,0.923472,0.872238,0.974707,0.774091,0.717212,0.830971,0.013864,0.006402,0.046067,0.043571,0.050000,0,0,1,0,0
dance_argument,importnet,nonorm4,575,2127.149,0.151651,0.737333,0.654077,0.820589,19,0.00009714,2,0.061605,0.102081,0.021129,0.925679,0.875953,0.975405,0.779386,0.720846,0.837927,0.013922,0.006298,0.045670,0.041872,0.050000,0,0,1,0,0
dance_argument,importnet,nonorm4,600,2286.372,0.149772,0.744373,0.650620,0.838125,19,0.00009737,2,0.063531,0.104889,0.022172,0.923721,0.872669,0.974772,0.787786,0.718864,0.856708,0.014115,0.006455,0.046262,0.037796,0.050000,0,0,1,0,0
dance_argument,importnet,nonorm4,625,2311.093,0.148829,0.747570,0.656517,0.838622,19,0.00010910,1,0.061670,0.101255,0.022085,0.926018,0.877154,0.974881,0.790068,0.722993,0.857143,0.013984,0.006561,0.045634,0.037465,0.050000,0,0,1,0,0
dance_argument,importnet,nonorm4,650,2467.628,0.156729,0.743957,0.652058,0.835855,19,0.00006489,1,0.069247,0.115626,0.022868,0.918401,0.862853,0.973950,0.791211,0.727453,0.854969,0.015820,0.006529,0.046697,0.038003,0.050000,0,0,1,0,0
dance_argument,importnet,nonorm4,675,2491.813,0.148250,0.752573,0.662871,0.842275,19,0.00012293,2,0.062509,0.102412,0.022607,0.925753,0.877082,0.974425,0.796036,0.730757,0.861316,0.014124,0.006640,0.044906,0.036665,0.050000,0,0,1,0,0
dance_argument,importnet,nonorm4,700,2646.506,0.154712,0.749242,0.659297,0.839187,19,0.00009938,1,0.067791,0.113148,0.022433,0.920470,0.866420,0.974521,0.795954,0.733895,0.858012,0.015438,0.006731,0.045681,0.037467,0.050000,0,0,1,0,0
dance_argument,importnet,nonorm4,725,2670.656,0.156652,0.746545,0.654170,0.838921,19,0.00009003,1,0.070460,0.119095,0.021824,0.917627,0.860082,0.975173,0.794654,0.732078,0.857230,0.016101,0.006428,0.046507,0.037367,0.050000,0,0,1,0,0
dance_argument,importnet,nonorm4,750,2824.684,0.153532,0.747435,0.656111,0.838759,19,0.00006685,2,0.068273,0.116287,0.020259,0.919928,0.862982,0.976873,0.794080,0.732408,0.855752,0.015751,0.005998,0.046092,0.037450,0.050000,0,0,1,0,0
dance_argument,importnet,nonorm4,775,2848.885,0.154058,0.748911,0.659178,0.838644,19,0.00006770,2,0.069108,0.117608,0.020607,0.919413,0.862336,0.976490,0.796314,0.736703,0.855926,0.015827,0.006182,0.045530,0.037555,0.050000,0,0,1,0,0
dance_argument,importnet,nonorm4,800,3004.537,0.152143,0.751931,0.664387,0.839476,19,0.00007966,2,0.066200,0.110836,0.021563,0.922451,0.869430,0.975472,0.797801,0.738024,0.857578,0.015343,0.006312,0.045057,0.037305,0.050000,0,0,1,0,0
dance_argument,importnet,nonorm4,825,3028.242,0.146553,0.752676,0.664711,0.840640,19,0.00008684,1,0.059753,0.098117,0.021389,0.928601,0.881508,0.975694,0.794276,0.729931,0.858621,0.014074,0.006158,0.044861,0.036983,0.050000,0,0,1,0,0
dance_argument,importnet,nonorm4,850,3180.827,0.141242,0.754937,0.663714,0.846160,19,0.00010154,1,0.060783,0.100264,0.021302,0.927609,0.879276,0.975943,0.797223,0.730261,0.864186,0.013265,0.006005,0.044106,0.035671,0.050000,0,0,1,0,0
dance_argument,importnet,nonorm4,875,3204.366,0.151753,0.754110,0.661024,0.847195,19,0.00010344,1,0.066939,0.112488,0.021389,0.921603,0.867329,0.975878,0.800349,0.735382,0.865316,0.015570,0.006308,0.045517,0.035506,0.050000,0,0,1,0,0
dance_argument,importnet,nonorm4,900,3358.002,0.150649,0.756337,0.664485,0.848188,19,0.00011458,1,0.066508,0.110671,0.022346,0.922238,0.869599,0.974878,0.802583,0.738024,0.867142,0.015304,0.006478,0.044994,0.035179,0.050000,0,0,1,0,0
dance_argument,importnet,nonorm4,925,3382.071,0.150740,0.755107,0.661065,0.849148,19,0.00011968,1,0.065726,0.110671,0.020781,0.922800,0.869013,0.976587,0.800510,0.734225,0.866794,0.015461,0.006215,0.045596,0.035096,0.050000,0,0,1,0,0
dance_argument,importnet,nonorm4,950,3539.303,0.143517,0.755515,0.663265,0.847765,19,0.00012772,2,0.060988,0.100760,0.021216,0.927404,0.878728,0.976081,0.797923,0.730096,0.865751,0.013750,0.006150,0.044516,0.035249,0.050000,0,0,1,0,0
dance_argument,importnet,nonorm4,975,3563.628,0.150296,0.751787,0.659609,0.843965,19,0.00010517,2,0.065756,0.107863,0.023650,0.922367,0.871381,0.973354,0.797341,0.730757,0.863925,0.014687,0.006704,0.045238,0.036111,0.050000,0,0,1,0,0
dance_argument,importnet,nonorm4,1000,3719.733,0.143726,0.757334,0.670634,0.844034,19,0.00007253,1,0.059366,0.096300,0.022433,0.929426,0.884188,0.974664,0.799092,0.735216,0.862968,0.013394,0.006574,0.043594,0.036172,0.050000,0,0,1,0,0
dance_argument,importnet,nonorm4,1025,3743.789,0.151324,0.752724,0.658881,0.846566,19,0.00009822,1,0.066604,0.110340,0.022868,0.921607,0.868943,0.974271,0.798754,0.731582,0.865925,0.015041,0.006666,0.045571,0.035662,0.050000,0,0,1,0,0
dance_argument,importnet,nonorm4,1050,3899.844,0.145562,0.757152,0.669781,0.844522,19,0.00007910,1,0.060245,0.095970,0.024520,0.928410,0.884378,0.972442,0.799645,0.734060,0.865229,0.013210,0.007250,0.043612,0.036224,0.050000,0,0,1,0,0
dance_argument,importnet,nonorm4,1075,3924.131,0.151288,0.754140,0.660015,0.848266,19,0.00011315,1,0.066026,0.109184,0.022868,0.922268,0.870214,0.974321,0.799871,0.732078,0.867664,0.014966,0.006808,0.045511,0.035401,0.050000,0,0,1,0,0
dance_argument,importnet,nonorm4,1100,4080.955,0.145284,0.760023,0.670785,0.849262,19,0.00011748,1,0.060366,0.096300,0.024433,0.928447,0.884211,0.972684,0.802696,0.735382,0.870011,0.013340,0.007294,0.043647,0.035155,0.050000,0,0,1,0,0
dance_argument,importnet,nonorm4,1125,4104.973,0.151413,0.757657,0.664728,0.850585,19,0.00013444,1,0.066156,0.107532,0.024780,0.922455,0.872553,0.972357,0.803935,0.736207,0.871663,0.014823,0.007321,0.044787,0.034769,0.050000,0,0,1,0,0
dance_argument,importnet,nonorm4,1150,4259.550,0.152513,0.757172,0.664339,0.850004,19,0.00009749,1,0.068265,0.111662,0.024867,0.920454,0.868661,0.972246,0.804831,0.738520,0.871142,0.015021,0.007400,0.044696,0.035007,0.050000,0,0,1,0,0
dance_argument,importnet,nonorm4,1175,4283.524,0.146129,0.759696,0.674604,0.844787,19,0.00007511,1,0.061679,0.095970,0.027389,0.927259,0.885110,0.969409,0.803635,0.739346,0.867925,0.012686,0.008115,0.042562,0.036538,0.050000,0,0,1,0,0
dance_argument,importnet,nonorm4,1200,4439.629,0.154365,0.756589,0.668059,0.845118,19,0.00009702,1,0.066991,0.107202,0.026780,0.921739,0.873415,0.970062,0.803713,0.739676,0.867751,0.014717,0.008006,0.044286,0.036262,0.050000,0,0,1,0,0
dance_argument,importnet,nonorm4,1225,4463.367,0.155401,0.758646,0.670248,0.847044,19,0.00007808,1,0.068256,0.107037,0.029476,0.920617,0.873930,0.967303,0.807000,0.741989,0.872011,0.014657,0.008597,0.043908,0.035682,0.050000,0,0,1,0,0
dance_argument,importnet,nonorm4,1250,4620.054,0.146670,0.761754,0.672289,0.851219,19,0.00006415,1,0.062092,0.096796,0.027389,0.926797,0.883960,0.969633,0.805948,0.737364,0.874533,0.013375,0.007900,0.043278,0.034538,0.050000,0,0,1,0,0
dance_argument,importnet,nonorm4,1275,4645.037,0.149246,0.761083,0.669057,0.853108,19,0.00007865,1,0.065383,0.105550,0.025215,0.923550,0.875122,0.971978,0.807148,0.739676,0.874620,0.014574,0.007281,0.044073,0.034276,0.050000,0,0,1,0,0
dance_argument,importnet,nonorm4,1300,4803.906,0.150601,0.762752,0.667561,0.857942,19,0.00005596,1,0.066926,0.108028,0.025824,0.922029,0.872564,0.971494,0.809887,0.739676,0.880097,0.014783,0.007707,0.044204,0.033124,0.050000,0,0,1,0,0
dance_argument,importnet,nonorm4,1325,4828.738,0.141990,0.768458,0.676160,0.860755,19,0.00007755,1,0.060414,0.096135,0.024694,0.928975,0.885184,0.972766,0.811587,0.741163,0.882010,0.013253,0.007361,0.042775,0.032476,0.050000,0,0,1,0,0
dance_argument,importnet,nonorm4,1350,4987.469,0.152661,0.759449,0.662361,0.856538,19,0.00008436,1,0.069286,0.112488,0.026085,0.919369,0.867561,0.971176,0.807874,0.736868,0.878880,0.015041,0.007830,0.044784,0.033291,0.050000,0,0,1,0,0
dance_argument,importnet,nonorm4,1375,5012.257,0.142040,0.765293,0.669114,0.861472,19,0.00006402,1,0.063296,0.102246,0.024346,0.925699,0.878245,0.973152,0.809987,0.737529,0.882445,0.013216,0.007345,0.043121,0.032407,0.050000,0,0,1,0,0
dance_argument,importnet,nonorm4,1400,5170.720,0.150772,0.759435,0.659824,0.859046,19,0.00006636,1,0.067556,0.110505,0.024607,0.920878,0.868952,0.972804,0.806462,0.732739,0.880184,0.014889,0.007416,0.045225,0.033026,0.050000,0,0,1,0,0
dance_argument,importnet,nonorm4,1425,5195.331,0.152257,0.760013,0.663743,0.856283,19,0.00007720,1,0.068321,0.111166,0.025476,0.920410,0.869015,0.971805,0.807813,0.737529,0.878098,0.015164,0.007530,0.044810,0.033531,0.050000,0,0,1,0,0
dance_argument,importnet,nonorm4,1450,5353.373,0.144146,0.765147,0.672837,0.857458,19,0.00009599,1,0.061810,0.097621,0.025998,0.927272,0.883248,0.971297,0.809135,0.738520,0.879750,0.013524,0.007421,0.043215,0.033095,0.050000,0,0,1,0,0
dance_argument,importnet,nonorm4,1475,5377.759,0.152996,0.763621,0.668695,0.858547,19,0.00008416,1,0.069364,0.112818,0.025911,0.919887,0.868350,0.971423,0.812465,0.744136,0.880793,0.015642,0.007514,0.044448,0.032861,0.050000,0,0,1,0,0
dance_argument,importnet,nonorm4,1500,5537.131,0.147666,0.766395,0.675635,0.857155,19,0.00006761,2,0.065048,0.105055,0.025041,0.924469,0.876649,0.972289,0.812617,0.746614,0.878619,0.014627,0.007306,0.043172,0.033116,0.050000,0,0,1,0,0
dance_argument,importnet,nonorm4,1525,5561.833,0.152749,0.766323,0.674219,0.858427,19,0.00006808,1,0.070555,0.115461,0.025650,0.919300,0.866908,0.971692,0.816255,0.752065,0.880445,0.015981,0.007325,0.043705,0.032737,0.050000,0,0,1,0,0
dance_argument,importnet,nonorm4,1550,5720.383,0.148812,0.771360,0.682996,0.859724,19,0.00008415,1,0.067282,0.109349,0.025215,0.923034,0.873881,0.972188,0.819541,0.757681,0.881402,0.015031,0.007556,0.042220,0.032712,0.050000,0,0,1,0,0
dance_argument,importnet,nonorm4,1575,5745.162,0.151545,0.771297,0.679142,0.863451,19,0.00006144,1,0.071220,0.116617,0.025824,0.919194,0.866717,0.971671,0.822045,0.758342,0.885749,0.015911,0.007537,0.042893,0.031651,0.050000,0,0,1,0,0
dance_argument,importnet,nonorm4,1600,5902.204,0.144572,0.777774,0.691218,0.864329,19,0.00005939,1,0.067278,0.107863,0.026693,0.923667,0.876536,0.970798,0.826588,0.765775,0.887401,0.014375,0.007723,0.040759,0.031436,0.050000,0,0,1,0,0
dance_argument,importnet,nonorm4,1625,5926.928,0.156697,0.772567,0.683297,0.861838,19,0.00006585,1,0.074415,0.122398,0.026432,0.916678,0.862370,0.970987,0.825775,0.766931,0.884619,0.016975,0.007794,0.042830,0.032152,0.050000,0,0,1,0,0
dance_argument,importnet,nonorm4,1650,6088.104,0.153403,0.774763,0.682877,0.866650,19,0.00009851,1,0.072629,0.120912,0.024346,0.918447,0.863586,0.973308,0.826597,0.765444,0.887749,0.016724,0.007406,0.042765,0.031088,0.050000,0,0,1,0,0
dance_argument,importnet,nonorm4,1675,6112.802,0.175887,0.758225,0.650798,0.865651,19,0.00008290,1,0.088117,0.148497,0.027737,0.902011,0.834255,0.969766,0.818551,0.747440,0.889662,0.020558,0.008309,0.048448,0.031449,0.050000,0,0,1,0,0
dance_argument,importnet,nonorm4,1700,6271.366,0.218030,0.724674,0.599409,0.849938,19,0.00006715,1,0.109726,0.174760,0.044692,0.876622,0.801165,0.952079,0.796043,0.704163,0.887923,0.024306,0.013155,0.056985,0.035376,0.050000,0,0,1,0,0
dance_argument,importnet,nonorm4,1725,6296.118,0.286973,0.683411,0.539745,0.827077,19,0.00012099,2,0.145111,0.217707,0.072515,0.837805,0.751180,0.924429,0.772152,0.657251,0.887053,0.030225,0.021848,0.067972,0.042499,0.050000,0,0,1,0,0
dance_argument,importnet,nonorm4,1750,6454.785,0.256385,0.697099,0.572268,0.821929,19,0.00010191,1,0.116023,0.151966,0.080080,0.864962,0.812665,0.917258,0.773491,0.659234,0.887749,0.021014,0.024227,0.059628,0.044200,0.050000,0,0,1,0,0
dance_argument,importnet,nonorm4,1775,6479.538,0.236835,0.707697,0.586494,0.828899,19,0.00009664,2,0.103886,0.132474,0.075298,0.877907,0.833713,0.922101,0.777751,0.664189,0.891314,0.018258,0.022861,0.056555,0.042045,0.050000,0,0,1,0,0
dance_argument,importnet,nonorm4,1800,6639.734,0.242330,0.695565,0.579249,0.811881,19,0.00016201,2,0.102852,0.125537,0.080167,0.877391,0.838538,0.916243,0.764466,0.651966,0.876967,0.017252,0.024124,0.057214,0.046414,0.050000,0,0,1,0,0
dance_argument,importnet,nonorm4,1825,6664.764,0.236845,0.697169,0.576281,0.818057,19,0.00010929,2,0.103391,0.128180,0.078602,0.876759,0.835314,0.918205,0.766253,0.650149,0.882358,0.016773,0.023559,0.057040,0.044710,0.050000,0,0,1,0,0
dance_argument,importnet,nonorm4,1850,6826.295,0.252521,0.688334,0.563397,0.813272,19,0.00011594,1,0.111733,0.139907,0.083558,0.867256,0.821119,0.913392,0.761724,0.642220,0.881228,0.018797,0.024882,0.059667,0.046103,0.050000,0,0,1,0,0
dance_argument,importnet,nonorm4,1875,6851.439,0.254415,0.689556,0.567552,0.811560,19,0.00009963,2,0.112963,0.144367,0.081558,0.866563,0.818144,0.914982,0.763619,0.649488,0.877750,0.019503,0.024628,0.059396,0.046686,0.050000,0,0,1,0,0
dance_argument,importnet,nonorm4,1900,7013.111,0.248473,0.693808,0.574484,0.813133,19,0.00013964,2,0.108633,0.135448,0.081819,0.871480,0.828056,0.914903,0.765979,0.652296,0.879663,0.018206,0.024752,0.057938,0.046204,0.050000,0,0,1,0,0
horse_circle,importnet,nonorm4,1,1.498,0.611466,0.160325,0.164391,0.156260,20,0.00000000,0,0.076435,0.089658,0.063212,0.695411,0.666436,0.724387,0.172633,0.179129,0.166137,0.024560,0.027614,0.196223,0.274487,0.050000,0,0,0,0,0
horse_circle,importnet,nonorm4,25,26.675,0.424532,0.264338,0.276670,0.252006,20,0.00000000,0,0.029242,0.035714,0.022769,0.904004,0.889177,0.918830,0.272148,0.286551,0.257744,0.009557,0.009683,0.160962,0.233781,0.050000,0,0,0,0,0
horse_circle,importnet,nonorm4,50,195.105,0.341699,0.404137,0.386924,0.421349,20,0.00004267,0,0.023458,0.025670,0.021247,0.946097,0.939247,0.952946,0.413579,0.396856,0.430302,0.007035,0.009051,0.134863,0.180427,0.050000,0,0,0,0,0
horse_circle,importnet,nonorm4,75,221.276,0.271584,0.522817,0.491013,0.554621,20,0.00000000,0,0.020021,0.024554,0.015488,0.963350,0.953464,0.973236,0.533140,0.503069,0.563212,0.006745,0.006437,0.111412,0.137619,0.050000,0,0,0,0,0
horse_circle,importnet,nonorm4,100,391.556,0.222798,0.611925,0.595412,0.628439,20,0.00007634,1,0.017242,0.021577,0.012907,0.972934,0.965741,0.980126,0.622405,0.608259,0.636550,0.005956,0.005363,0.087703,0.114514,0.050000,0,0,0,0,0
horse_circle,importnet,nonorm4,125,418.121,0.196496,0.670333,0.657591,0.683074,20,0.00097182,1,0.018042,0.024833,0.011252,0.974216,0.964462,0.983971,0.682340,0.673921,0.690760,0.006682,0.004850,0.073953,0.097493,0.050000,0,0,0,0,0
horse_circle,importnet,nonorm4,150,584.059,0.180365,0.696845,0.674092,0.719598,19,0.00129832,3,0.017272,0.027065,0.007479,0.976084,0.962379,0.989789,0.708658,0.692336,0.724980,0.007515,0.003252,0.070604,0.085727,0.050000,0,0,1,0,0
horse_circle,importnet,nonorm4,175,609.292,0.170210,0.707900,0.676457,0.739342,19,0.00061596,3,0.016019,0.025949,0.006089,0.977919,0.963958,0.991880,0.718927,0.694010,0.743844,0.007136,0.002663,0.069999,0.079451,0.050000,0,0,1,0,0
horse_circle,importnet,nonorm4,200,769.789,0.168000,0.724948,0.681477,0.768418,19,0.00039348,2,0.018965,0.029855,0.008075,0.974440,0.959197,0.989683,0.738223,0.701823,0.774623,0.008267,0.003356,0.069164,0.070706,0.050000,0,0,1,0,0
horse_circle,importnet,nonorm4,225,795.194,0.154866,0.734110,0.687183,0.781036,19,0.00012662,3,0.016330,0.026042,0.006619,0.978016,0.964381,0.991651,0.745642,0.705078,0.786206,0.007083,0.002440,0.067461,0.066421,0.050000,0,0,1,0,0
horse_circle,importnet,nonorm4,250,957.453,0.148536,0.742444,0.698099,0.786789,19,0.00005013,2,0.014934,0.022786,0.007082,0.980107,0.969073,0.991141,0.753184,0.714007,0.792362,0.006183,0.002667,0.064812,0.064788,0.050000,0,0,1,0,0
horse_circle,importnet,nonorm4,275,982.736,0.147565,0.746086,0.704421,0.787751,19,0.00002226,1,0.014801,0.022321,0.007281,0.980422,0.969936,0.990908,0.756816,0.720145,0.793487,0.005862,0.003151,0.063189,0.064704,0.050000,0,0,1,0,0
horse_circle,importnet,nonorm4,300,1141.479,0.144098,0.752357,0.707648,0.797067,19,0.00000647,2,0.014670,0.022786,0.006553,0.980688,0.969478,0.991899,0.763031,0.723772,0.802290,0.006045,0.002883,0.062452,0.061939,0.050000,0,0,1,0,0
horse_circle,importnet,nonorm4,325,1166.188,0.147705,0.758307,0.708050,0.808564,19,0.00000467,1,0.017471,0.027065,0.007877,0.977273,0.964118,0.990427,0.771073,0.727214,0.814932,0.007355,0.003379,0.062856,0.058321,0.050000,0,0,1,0,0
horse_circle,importnet,nonorm4,350,1324.503,0.142507,0.762941,0.709672,0.816210,19,0.00001303,0,0.016031,0.025112,0.006950,0.979124,0.966634,0.991615,0.774688,0.727493,0.821882,0.006852,0.003131,0.062270,0.056132,0.050000,0,0,1,0,0
horse_circle,importnet,nonorm4,375,1348.960,0.137943,0.767407,0.713909,0.820905,19,0.00000410,0,0.015272,0.023065,0.007479,0.980212,0.969386,0.991037,0.778711,0.730376,0.827045,0.006221,0.003163,0.061216,0.054513,0.050000,0,0,1,0,0
horse_circle,importnet,nonorm4,400,1507.662,0.133997,0.771809,0.716924,0.826693,19,0.00000776,0,0.014443,0.022135,0.006751,0.981316,0.970679,0.991953,0.782534,0.732794,0.832274,0.005965,0.002914,0.060687,0.052679,0.050000,0,0,1,0,0
horse_circle,importnet,nonorm4,425,1532.336,0.128473,0.779120,0.720182,0.838058,19,0.00000148,0,0.013514,0.020740,0.006288,0.982580,0.972561,0.992599,0.789224,0.735119,0.843328,0.005692,0.002681,0.060003,0.049252,0.050000,0,0,1,0,0
horse_circle,importnet,nonorm4,450,1688.026,0.122849,0.785095,0.723012,0.847177,19,0.00001413,0,0.012461,0.020089,0.004832,0.983920,0.973484,0.994356,0.794404,0.737537,0.851271,0.005689,0.002040,0.059328,0.046243,0.050000,0,0,1,0,0
horse_circle,importnet,nonorm4,475,1712.451,0.121438,0.794114,0.727828,0.860401,19,0.00000559,0,0.013725,0.020368,0.007082,0.982599,0.973306,0.991893,0.804574,0.742653,0.866495,0.005777,0.002838,0.058395,0.042072,0.050000,0,0,1,0,0
horse_circle,importnet,nonorm4,500,1871.191,0.115871,0.803196,0.728341,0.878050,19,0.00000994,2,0.013607,0.020926,0.006288,0.982781,0.972628,0.992934,0.813577,0.743583,0.883572,0.005934,0.002536,0.058275,0.036583,0.050000,0,0,1,0,0
horse_circle,importnet,nonorm4,525,1896.213,0.110580,0.810717,0.722996,0.898439,19,0.00001563,2,0.013503,0.022042,0.004964,0.982783,0.971034,0.994532,0.820916,0.738932,0.902899,0.006015,0.002231,0.059303,0.030569,0.050000,0,0,1,0,0
horse_circle,importnet,nonorm4,550,2052.297,0.106377,0.821561,0.736210,0.906912,19,0.00003523,1,0.013595,0.021763,0.005428,0.982982,0.971882,0.994083,0.832033,0.752232,0.911835,0.006002,0.002453,0.056393,0.027959,0.050000,0,0,1,0,0
horse_circle,importnet,nonorm4,575,2076.784,0.103216,0.824081,0.736090,0.912073,19,0.00002000,1,0.013131,0.021298,0.004964,0.983531,0.972449,0.994613,0.834184,0.751767,0.916600,0.005870,0.002139,0.056482,0.026153,0.050000,0,0,1,0,0
horse_circle,importnet,nonorm4,600,2232.508,0.106231,0.826240,0.737525,0.914955,19,0.00003257,1,0.015336,0.025112,0.005560,0.980923,0.967853,0.993993,0.838044,0.756045,0.920042,0.007043,0.002073,0.056350,0.025195,0.050000,0,0,1,0,0
horse_circle,importnet,nonorm4,625,2256.877,0.106321,0.827927,0.738201,0.917654,19,0.00001152,1,0.016126,0.026693,0.005560,0.979995,0.965979,0.994011,0.840331,0.757906,0.922756,0.007344,0.002083,0.056160,0.024257,0.050000,0,0,1,0,0
horse_circle,importnet,nonorm4,650,2410.936,0.101506,0.835849,0.736871,0.934827,19,0.00002127,2,0.015796,0.027158,0.004435,0.980331,0.965362,0.995299,0.847928,0.756882,0.938973,0.007367,0.001934,0.056462,0.019100,0.050000,0,0,1,0,0
horse_circle,importnet,nonorm4,675,2434.909,0.100515,0.842377,0.748031,0.936722,19,0.00004161,1,0.016426,0.027623,0.005229,0.979895,0.965312,0.994477,0.855157,0.768694,0.941620,0.007464,0.002300,0.054023,0.018571,0.050000,0,0,1,0,0
horse_circle,importnet,nonorm4,700,2594.899,0.100042,0.847684,0.751693,0.943676,19,0.00000820,2,0.017403,0.030041,0.004766,0.978825,0.962650,0.994999,0.861224,0.774275,0.948173,0.008244,0.002093,0.053343,0.016460,0.050000,0,0,1,0,0
horse_circle,importnet,nonorm4,725,2619.613,0.100499,0.848623,0.752634,0.944613,19,0.00001513,1,0.018931,0.032831,0.005030,0.977103,0.959477,0.994729,0.863354,0.777344,0.949365,0.008750,0.001900,0.053049,0.016003,0.050000,0,0,1,0,0
horse_circle,importnet,nonorm4,750,2774.613,0.099060,0.851089,0.758264,0.943914,19,0.00000494,1,0.018474,0.032645,0.004302,0.977730,0.959977,0.995482,0.865496,0.783017,0.947975,0.008668,0.001808,0.051804,0.016356,0.050000,0,0,1,0,0
horse_circle,importnet,nonorm4,775,2799.532,0.097249,0.855189,0.762535,0.947844,19,0.00002822,1,0.018521,0.033203,0.003839,0.977771,0.959560,0.995981,0.869668,0.787853,0.951483,0.008840,0.001697,0.050895,0.014989,0.050000,0,0,1,0,0
horse_circle,importnet,nonorm4,800,2956.571,0.088387,0.857387,0.764978,0.949795,19,0.00000919,0,0.014722,0.026135,0.003310,0.982159,0.967779,0.996539,0.868955,0.784970,0.952939,0.006932,0.001487,0.050062,0.014463,0.050000,0,0,1,0,0
horse_circle,importnet,nonorm4,825,2981.725,0.082952,0.860460,0.769888,0.951033,19,0.00000595,1,0.012976,0.022972,0.002979,0.984273,0.971658,0.996887,0.870720,0.787574,0.953866,0.006216,0.001134,0.048802,0.013963,0.050000,0,0,1,0,0
horse_circle,importnet,nonorm4,850,3135.400,0.080900,0.863431,0.769056,0.957805,18,0.00000224,1,0.013050,0.023717,0.002383,0.984141,0.970757,0.997524,0.873691,0.787295,0.960087,0.006183,0.001064,0.048813,0.012088,0.050000,0,0,2,0,0
horse_circle,importnet,nonorm4,875,3159.127,0.080668,0.866145,0.773701,0.958589,18,0.00001601,1,0.013183,0.024182,0.002184,0.984059,0.970387,0.997731,0.876547,0.792411,0.960683,0.006342,0.001132,0.047854,0.011868,0.050000,0,0,2,0,0
horse_circle,importnet,nonorm4,900,3310.192,0.081182,0.868489,0.776649,0.960330,18,0.00002683,1,0.013992,0.025205,0.002780,0.983219,0.969316,0.997122,0.879612,0.796224,0.963000,0.006614,0.001281,0.047269,0.011334,0.050000,0,0,2,0,0
horse_circle,importnet,nonorm4,925,3333.808,0.077951,0.867998,0.775100,0.960896,18,0.00001050,1,0.012373,0.022693,0.002052,0.985021,0.972168,0.997874,0.877779,0.792690,0.962867,0.005960,0.001067,0.047405,0.011094,0.050000,0,0,2,0,0
horse_circle,importnet,nonorm4,950,3478.631,0.076092,0.870199,0.778162,0.962237,17,0.00006489,1,0.012358,0.022135,0.002581,0.985128,0.972924,0.997331,0.880054,0.795387,0.964721,0.005784,0.001003,0.046763,0.010587,0.050000,0,0,3,0,0
horse_circle,importnet,nonorm4,975,3500.950,0.075263,0.869821,0.778344,0.961297,17,0.00006524,1,0.012160,0.022135,0.002184,0.985334,0.972930,0.997738,0.879485,0.795573,0.963397,0.005735,0.000830,0.046557,0.010756,0.050000,0,0,3,0,0
horse_circle,importnet,nonorm4,1000,3642.245,0.073569,0.871641,0.779834,0.963448,17,0.00009183,1,0.010786,0.020182,0.001390,0.986910,0.975259,0.998561,0.880180,0.795573,0.964787,0.005526,0.000700,0.046469,0.010296,0.050000,0,0,3,0,0
horse_circle,importnet,nonorm4,1025,3664.498,0.074007,0.870180,0.779074,0.961287,17,0.00008291,1,0.011190,0.020461,0.001920,0.986460,0.974909,0.998011,0.879073,0.795015,0.963132,0.005517,0.000716,0.046523,0.010709,0.050000,0,0,3,0,0
horse_circle,importnet,nonorm4,1050,3806.084,0.074091,0.871117,0.779854,0.962380,17,0.00011702,1,0.010700,0.020275,0.001125,0.986992,0.975151,0.998833,0.879564,0.795666,0.963463,0.005539,0.000727,0.046454,0.010712,0.050000,0,0,3,0,0
horse_circle,importnet,nonorm4,1075,3828.358,0.074497,0.870820,0.777909,0.963731,17,0.00011252,1,0.011237,0.020554,0.001920,0.986390,0.974763,0.998016,0.879740,0.793899,0.965581,0.005437,0.000990,0.046675,0.010306,0.050000,0,0,3,0,0
horse_circle,importnet,nonorm4,1100,3971.356,0.074117,0.871610,0.778132,0.965089,17,0.00012688,1,0.011318,0.021577,0.001059,0.986239,0.973573,0.998905,0.880516,0.794922,0.966111,0.005712,0.000681,0.046749,0.009934,0.050000,0,0,3,0,0
horse_circle,importnet,nonorm4,1125,3993.718,0.074561,0.872170,0.779477,0.964864,17,0.00011818,1,0.011834,0.021484,0.002184,0.985736,0.973726,0.997746,0.881598,0.796224,0.966971,0.005513,0.001105,0.046341,0.009943,0.050000,0,0,3,0,0
horse_circle,importnet,nonorm4,1150,4135.392,0.072690,0.873205,0.780592,0.965818,17,0.00016749,1,0.010933,0.020740,0.001125,0.986734,0.974630,0.998838,0.881843,0.796782,0.966905,0.005477,0.000722,0.046133,0.009709,0.050000,0,0,3,0,0
horse_circle,importnet,nonorm4,1175,4157.733,0.073348,0.873131,0.781754,0.964508,17,0.00014864,1,0.011470,0.021484,0.001456,0.986148,0.973801,0.998495,0.882231,0.798549,0.965912,0.005558,0.000804,0.045864,0.010066,0.050000,0,0,3,0,0
horse_circle,importnet,nonorm4,1200,4300.356,0.073243,0.872456,0.781404,0.963509,17,0.00019975,1,0.010766,0.020275,0.001258,0.986949,0.975199,0.998698,0.880984,0.797247,0.964721,0.005449,0.000730,0.046219,0.010289,0.050000,0,0,3,0,0
horse_circle,importnet,nonorm4,1225,4322.742,0.074348,0.871431,0.779995,0.962868,17,0.00016133,1,0.011357,0.020926,0.001787,0.986272,0.974394,0.998151,0.880453,0.796317,0.964588,0.005566,0.000861,0.046411,0.010361,0.050000,0,0,3,0,0
horse_circle,importnet,nonorm4,1250,4466.646,0.072612,0.873706,0.782224,0.965187,17,0.00014972,1,0.011131,0.020275,0.001986,0.986588,0.975224,0.997951,0.882594,0.798084,0.967104,0.005420,0.000819,0.045930,0.009676,0.050000,0,0,3,0,0
horse_circle,importnet,nonorm4,1275,4489.134,0.074104,0.872528,0.779800,0.965255,17,0.00014753,1,0.012094,0.022135,0.002052,0.985431,0.972979,0.997883,0.882148,0.797061,0.967236,0.005690,0.000855,0.046331,0.009715,0.050000,0,0,3,0,0
horse_circle,importnet,nonorm4,1300,4633.003,0.074146,0.872043,0.780681,0.963406,17,0.00011861,2,0.011815,0.021577,0.002052,0.985768,0.973657,0.997879,0.881454,0.797526,0.965383,0.005655,0.000804,0.046271,0.010186,0.050000,0,0,3,0,0
horse_circle,importnet,nonorm4,1325,4655.487,0.073394,0.873630,0.781825,0.965435,17,0.00016783,1,0.011457,0.021391,0.001522,0.986170,0.973911,0.998428,0.882727,0.798549,0.966905,0.005677,0.000743,0.046067,0.009672,0.050000,0,0,3,0,0
horse_circle,importnet,nonorm4,1350,4799.181,0.070559,0.874726,0.784763,0.964690,17,0.00021507,1,0.010169,0.019345,0.000993,0.987680,0.976388,0.998973,0.882796,0.799944,0.965647,0.005098,0.000616,0.045398,0.009977,0.050000,0,0,3,0,0
horse_circle,importnet,nonorm4,1375,4821.602,0.071502,0.874013,0.783303,0.964722,17,0.00019540,2,0.010632,0.019345,0.001920,0.987181,0.976345,0.998018,0.882515,0.798456,0.966574,0.005207,0.000764,0.045700,0.009712,0.050000,0,0,3,0,0
horse_circle,importnet,nonorm4,1400,4965.715,0.070433,0.876088,0.786060,0.966116,17,0.00023414,1,0.010127,0.018136,0.002118,0.987829,0.977841,0.997817,0.884239,0.800316,0.968163,0.005063,0.000838,0.045176,0.009296,0.050000,0,0,3,0,0
horse_circle,importnet,nonorm4,1425,4988.237,0.070732,0.874978,0.784840,0.965116,17,0.00028017,1,0.010134,0.018415,0.001853,0.987783,0.977480,0.998087,0.883099,0.799293,0.966905,0.005120,0.000695,0.045553,0.009559,0.050000,0,0,3,0,0
horse_circle,importnet,nonorm4,1450,5132.015,0.071693,0.874528,0.783235,0.965820,17,0.00019726,1,0.010966,0.020740,0.001191,0.986742,0.974714,0.998769,0.883225,0.799479,0.966971,0.005463,0.000610,0.045714,0.009498,0.050000,0,0,3,0,0
horse_circle,importnet,nonorm4,1475,5154.613,0.072376,0.876528,0.786697,0.966358,17,0.00016384,3,0.011098,0.020740,0.001456,0.986660,0.974822,0.998498,0.885389,0.803013,0.967765,0.005661,0.000776,0.045099,0.009443,0.050000,0,0,3,0,0
horse_circle,importnet,nonorm4,1500,5298.825,0.072265,0.875635,0.785916,0.965353,17,0.00016558,2,0.010993,0.020926,0.001059,0.986744,0.974582,0.998905,0.884369,0.802362,0.966375,0.005677,0.000600,0.045346,0.009712,0.050000,0,0,3,0,0
horse_circle,importnet,nonorm4,1525,5321.255,0.070829,0.876800,0.787779,0.965820,17,0.00017493,2,0.010501,0.019810,0.001191,0.987352,0.975935,0.998769,0.885178,0.803385,0.966971,0.005448,0.000609,0.044833,0.009502,0.050000,0,0,3,0,0
horse_circle,importnet,nonorm4,1550,5463.188,0.072403,0.873195,0.782129,0.964262,17,0.00017404,1,0.010479,0.018973,0.001986,0.987348,0.976747,0.997949,0.881572,0.796968,0.966177,0.005173,0.000959,0.045885,0.009900,0.050000,0,0,3,0,0
horse_circle,importnet,nonorm4,1575,5485.541,0.071064,0.875272,0.783735,0.966810,17,0.00014177,1,0.010607,0.020089,0.001125,0.987163,0.975488,0.998839,0.883688,0.799479,0.967898,0.005380,0.000635,0.045554,0.009233,0.050000,0,0,3,0,0
horse_circle,importnet,nonorm4,1600,5627.520,0.071397,0.876269,0.786959,0.965579,17,0.00015919,1,0.010832,0.019810,0.001853,0.986999,0.975910,0.998088,0.884958,0.802548,0.967368,0.005427,0.000775,0.044932,0.009464,0.050000,0,0,3,0,0
horse_circle,importnet,nonorm4,1625,5649.715,0.071472,0.874221,0.783192,0.965251,17,0.00012267,1,0.010586,0.019252,0.001920,0.987235,0.976451,0.998019,0.882687,0.798270,0.967104,0.005296,0.000705,0.045732,0.009584,0.050000,0,0,3,0,0
horse_circle,importnet,nonorm4,1650,5791.700,0.072265,0.874120,0.783976,0.964264,17,0.00014278,1,0.011210,0.020368,0.002052,0.986525,0.975170,0.997881,0.883094,0.799944,0.966243,0.005456,0.000753,0.045488,0.009859,0.050000,0,0,3,0,0
horse_circle,importnet,nonorm4,1675,5813.913,0.070974,0.875252,0.784718,0.965786,17,0.00012978,1,0.011057,0.019996,0.002118,0.986721,0.975626,0.997816,0.884120,0.800409,0.967832,0.005302,0.000719,0.045318,0.009358,0.050000,0,0,3,0,0
horse_circle,importnet,nonorm4,1700,5954.601,0.071140,0.876952,0.786893,0.967010,17,0.00013968,1,0.010780,0.020368,0.001191,0.987015,0.975260,0.998771,0.885541,0.802920,0.968163,0.005505,0.000667,0.044994,0.009255,0.050000,0,0,3,0,0
acm_scf,importnet,nonorm4,1,1.525,0.631303,0.188224,0.149064,0.227384,20,0.00000000,0,0.210938,0.093549,0.328327,0.557260,0.635369,0.479150,0.232525,0.163009,0.302041,0.034341,0.045862,0.254435,0.126200,0.050000,0,0,0,0,0
acm_scf,importnet,nonorm4,25,27.062,0.417905,0.203441,0.156666,0.250215,20,0.00000000,0,0.084978,0.031996,0.137959,0.754208,0.834796,0.673619,0.223207,0.161679,0.284735,0.011391,0.019001,0.238004,0.104768,0.050000,0,0,0,0,0
acm_scf,importnet,nonorm4,50,188.013,0.386062,0.232478,0.191338,0.273618,20,0.00000000,0,0.070877,0.025345,0.116408,0.804831,0.885590,0.724071,0.250828,0.196187,0.305469,0.009347,0.016150,0.227272,0.099698,0.050000,0,0,0,0,0
acm_scf,importnet,nonorm4,75,213.920,0.355435,0.260562,0.207602,0.313522,20,0.00000328,1,0.055224,0.022611,0.087837,0.849473,0.903743,0.795204,0.276679,0.212296,0.341061,0.008135,0.012152,0.222012,0.091765,0.050000,0,0,0,0,0
acm_scf,importnet,nonorm4,100,375.487,0.335377,0.291682,0.231677,0.351687,20,0.00000586,0,0.049834,0.020321,0.079347,0.873974,0.920841,0.827108,0.307988,0.236385,0.379592,0.007107,0.010921,0.214517,0.086006,0.050000,0,0,0,0,0
acm_scf,importnet,nonorm4,125,401.036,0.322131,0.326604,0.255546,0.397662,20,0.00001525,0,0.047276,0.019286,0.075265,0.890693,0.931062,0.850325,0.344033,0.260474,0.427592,0.007136,0.010465,0.207922,0.079584,0.050000,0,0,0,0,0
acm_scf,importnet,nonorm4,150,568.116,0.309928,0.353557,0.274567,0.432548,20,0.00001697,0,0.046193,0.018917,0.073469,0.900026,0.936665,0.863388,0.372044,0.279761,0.464327,0.006987,0.009885,0.202431,0.074431,0.050000,0,0,0,0,0
acm_scf,importnet,nonorm4,175,594.532,0.295446,0.381929,0.300305,0.463553,20,0.00000726,1,0.042409,0.018695,0.066122,0.912201,0.942408,0.881993,0.400061,0.305919,0.494204,0.006755,0.009029,0.195159,0.069974,0.050000,0,0,0,0,0
acm_scf,importnet,nonorm4,200,766.696,0.294088,0.414559,0.335910,0.493209,20,0.00000000,1,0.052241,0.022685,0.081796,0.902564,0.938055,0.867073,0.438541,0.343531,0.533551,0.007711,0.010930,0.185444,0.066757,0.050000,0,0,0,0,0
acm_scf,importnet,nonorm4,225,792.956,0.294300,0.443091,0.357163,0.529018,20,0.00000000,0,0.060210,0.023276,0.097143,0.898376,0.940125,0.856627,0.472943,0.365477,0.580408,0.008001,0.013140,0.179612,0.062824,0.050000,0,0,0,0,0
acm_scf,importnet,nonorm4,250,959.760,0.292529,0.460064,0.361149,0.558980,20,0.00000000,0,0.064126,0.020986,0.107265,0.899222,0.946151,0.852293,0.493834,0.368728,0.618939,0.007150,0.014722,0.178152,0.059392,0.050000,0,0,0,0,0
acm_scf,importnet,nonorm4,275,986.279,0.277360,0.473055,0.363808,0.582303,20,0.00000000,0,0.057200,0.018399,0.096000,0.910967,0.952689,0.869246,0.504353,0.370502,0.638204,0.005877,0.013093,0.176827,0.055470,0.050000,0,0,0,0,0
acm_scf,importnet,nonorm4,300,1147.854,0.285702,0.475500,0.375989,0.575011,19,0.00000000,0,0.065668,0.018030,0.113306,0.902318,0.955015,0.849621,0.511466,0.382768,0.640163,0.005998,0.015664,0.173182,0.057619,0.050000,0,0,1,0,0
acm_scf,importnet,nonorm4,325,1172.819,0.284738,0.477408,0.381070,0.573747,19,0.00000000,0,0.066688,0.016478,0.116898,0.902459,0.959195,0.845723,0.514083,0.387349,0.640816,0.005603,0.016059,0.171919,0.057809,0.050000,0,0,1,0,0
acm_scf,importnet,nonorm4,350,1328.690,0.281039,0.484948,0.388388,0.581507,19,0.00000000,0,0.066653,0.015592,0.117714,0.904318,0.961975,0.846661,0.522201,0.394443,0.649959,0.005276,0.016140,0.169729,0.056874,0.050000,0,0,1,0,0
acm_scf,importnet,nonorm4,375,1353.165,0.282907,0.487764,0.392219,0.583309,19,0.00000000,0,0.067583,0.018104,0.117061,0.902168,0.956629,0.847706,0.525456,0.399320,0.651592,0.006153,0.016097,0.168744,0.056598,0.050000,0,0,1,0,0
acm_scf,importnet,nonorm4,400,1507.977,0.293500,0.490335,0.393587,0.587083,19,0.00000000,0,0.074050,0.023203,0.124898,0.893240,0.945524,0.840956,0.531564,0.402719,0.660408,0.007915,0.017222,0.169129,0.056433,0.050000,0,0,1,0,0
acm_scf,importnet,nonorm4,425,1532.498,0.292581,0.494113,0.397463,0.590763,19,0.00000000,0,0.072888,0.025124,0.120653,0.893885,0.941920,0.845849,0.534745,0.407448,0.662041,0.008709,0.016507,0.168460,0.055764,0.050000,0,0,1,0,0
acm_scf,importnet,nonorm4,450,1691.831,0.286439,0.497883,0.408415,0.587350,19,0.00000000,0,0.070791,0.023868,0.117714,0.896980,0.946005,0.847954,0.537326,0.418163,0.656490,0.007972,0.016293,0.165142,0.056064,0.050000,0,0,1,0,0
acm_scf,importnet,nonorm4,475,1716.466,0.283756,0.505220,0.419794,0.590646,19,0.00000000,0,0.073694,0.019877,0.127510,0.897466,0.955633,0.839300,0.547049,0.428139,0.665959,0.006910,0.017525,0.161560,0.055985,0.050000,0,0,1,0,0
acm_scf,importnet,nonorm4,500,1864.628,0.276928,0.511167,0.422625,0.599709,18,0.00000000,0,0.070312,0.018991,0.121633,0.902315,0.957765,0.846865,0.551652,0.430651,0.672653,0.006542,0.016629,0.160577,0.054439,0.050000,0,0,2,0,0
acm_scf,importnet,nonorm4,525,1887.808,0.282691,0.508904,0.416449,0.601359,18,0.00000000,0,0.073993,0.018843,0.129143,0.898840,0.957479,0.840202,0.551658,0.424296,0.679020,0.006334,0.017933,0.162231,0.054803,0.050000,0,0,2,0,0
acm_scf,importnet,nonorm4,550,2034.049,0.280985,0.514716,0.416745,0.612686,18,0.00000000,0,0.078029,0.015813,0.140245,0.898403,0.963991,0.832814,0.560974,0.423336,0.698612,0.005059,0.019241,0.161559,0.053448,0.050000,0,0,2,0,0
acm_scf,importnet,nonorm4,575,2057.049,0.273338,0.520367,0.415265,0.625469,18,0.00000000,0,0.072703,0.014631,0.130776,0.905196,0.966441,0.843951,0.564303,0.421340,0.707265,0.004868,0.017786,0.162015,0.051080,0.050000,0,0,2,0,0
acm_scf,importnet,nonorm4,600,2207.661,0.268114,0.523547,0.417808,0.629285,18,0.00000000,0,0.069016,0.014114,0.123918,0.909339,0.967764,0.850913,0.565485,0.423705,0.707265,0.004611,0.016986,0.161069,0.050447,0.050000,0,0,2,0,0
acm_scf,importnet,nonorm4,625,2231.388,0.269947,0.526108,0.427615,0.624602,18,0.00000000,1,0.071040,0.015222,0.126857,0.906706,0.966124,0.847288,0.568980,0.434124,0.703837,0.004939,0.017589,0.158477,0.051353,0.050000,0,0,2,0,0
acm_scf,importnet,nonorm4,650,2381.775,0.271371,0.527070,0.425530,0.628609,18,0.00000000,0,0.071229,0.017069,0.125388,0.905749,0.962057,0.849441,0.570111,0.432794,0.707429,0.005909,0.017022,0.159396,0.050402,0.050000,0,0,2,0,0
acm_scf,importnet,nonorm4,675,2405.232,0.270999,0.529136,0.425518,0.632754,18,0.00000000,0,0.071467,0.016404,0.126531,0.906354,0.963457,0.849251,0.572657,0.432498,0.712816,0.005429,0.017519,0.159184,0.050135,0.050000,0,0,2,0,0
acm_scf,importnet,nonorm4,700,2556.081,0.278422,0.527923,0.421137,0.634710,18,0.00000000,0,0.075105,0.019434,0.130776,0.901283,0.956694,0.845873,0.573518,0.429321,0.717714,0.006642,0.017956,0.160984,0.049980,0.050000,0,0,2,0,0
acm_scf,importnet,nonorm4,725,2579.341,0.275623,0.533635,0.424299,0.642971,18,0.00000000,0,0.071822,0.020542,0.123102,0.904532,0.954708,0.854356,0.577569,0.433016,0.722122,0.007277,0.017022,0.160447,0.048606,0.050000,0,0,2,0,0
acm_scf,importnet,nonorm4,750,2730.299,0.279603,0.542761,0.434246,0.651277,18,0.00000000,0,0.077397,0.023203,0.131592,0.899434,0.950371,0.848496,0.590650,0.444321,0.736980,0.008096,0.018161,0.157905,0.047738,0.050000,0,0,2,0,0
acm_scf,importnet,nonorm4,775,2754.017,0.267222,0.550817,0.443305,0.658330,18,0.00000867,1,0.075899,0.015961,0.135837,0.906021,0.965774,0.846268,0.599068,0.450381,0.747755,0.005443,0.018570,0.154209,0.046646,0.050000,0,0,2,0,0
acm_scf,importnet,nonorm4,800,2903.331,0.263259,0.559045,0.447124,0.670967,18,0.00000000,0,0.071866,0.017365,0.126367,0.909988,0.963230,0.856746,0.605322,0.454888,0.755755,0.005953,0.017600,0.153437,0.044859,0.050000,0,0,2,0,0
acm_scf,importnet,nonorm4,825,2926.749,0.259122,0.566565,0.455833,0.677298,18,0.00000000,0,0.071711,0.017217,0.126204,0.911116,0.964198,0.858035,0.613228,0.463681,0.762776,0.005928,0.017345,0.151053,0.043768,0.050000,0,0,2,0,0
acm_scf,importnet,nonorm4,850,3078.526,0.260680,0.569213,0.456482,0.681943,18,0.00000687,2,0.072685,0.019656,0.125714,0.909383,0.959482,0.859284,0.616564,0.465455,0.767673,0.006843,0.017027,0.151212,0.042947,0.050000,0,0,2,0,0
acm_scf,importnet,nonorm4,875,3102.544,0.255453,0.572590,0.457925,0.687254,18,0.00001145,1,0.069275,0.017734,0.120816,0.913881,0.963342,0.864419,0.618166,0.466046,0.770286,0.005943,0.016834,0.150286,0.042434,0.050000,0,0,2,0,0
acm_scf,importnet,nonorm4,900,3251.962,0.254783,0.574281,0.462822,0.685739,18,0.00000461,0,0.071433,0.018621,0.124245,0.911605,0.962002,0.861207,0.621189,0.471440,0.770939,0.005898,0.017059,0.148801,0.042460,0.050000,0,0,2,0,0
acm_scf,importnet,nonorm4,925,3275.940,0.259499,0.571876,0.460540,0.683213,18,0.00000686,1,0.073429,0.018695,0.128163,0.909553,0.961678,0.857428,0.619962,0.469149,0.770776,0.006444,0.017502,0.149773,0.042767,0.050000,0,0,2,0,0
acm_scf,importnet,nonorm4,950,3420.791,0.260359,0.578609,0.468497,0.688720,18,0.00000032,0,0.071506,0.022685,0.120327,0.909943,0.954793,0.865092,0.625358,0.479125,0.771592,0.008042,0.016705,0.148238,0.042059,0.050000,0,0,2,0,0
acm_scf,importnet,nonorm4,975,3443.904,0.262665,0.581994,0.478082,0.685905,18,0.00000253,0,0.075390,0.024902,0.125878,0.905740,0.951636,0.859844,0.631116,0.489987,0.772245,0.008757,0.017215,0.145541,0.042417,0.050000,0,0,2,0,0
acm_scf,importnet,nonorm4,1000,3595.858,0.245735,0.589750,0.484060,0.695440,18,0.00000000,0,0.064309,0.022168,0.106449,0.917795,0.957118,0.878472,0.632130,0.494791,0.769469,0.007436,0.014806,0.143451,0.040619,0.050000,0,0,2,0,0
acm_scf,importnet,nonorm4,1025,3619.562,0.244001,0.593519,0.490041,0.696996,18,0.00000018,1,0.064572,0.020247,0.108898,0.918792,0.961080,0.876504,0.636431,0.499963,0.772898,0.007018,0.015181,0.141781,0.040535,0.050000,0,0,2,0,0
acm_scf,importnet,nonorm4,1050,3769.812,0.250812,0.590907,0.493007,0.688808,18,0.00000000,1,0.071460,0.019656,0.123265,0.912474,0.962371,0.862577,0.638206,0.502697,0.773714,0.007007,0.016890,0.141008,0.042085,0.050000,0,0,2,0,0
acm_scf,importnet,nonorm4,1075,3792.744,0.254649,0.587884,0.492272,0.683497,18,0.00000000,0,0.075040,0.018326,0.131755,0.909598,0.964733,0.854463,0.637422,0.501293,0.773551,0.006363,0.018340,0.140936,0.043196,0.050000,0,0,2,0,0
acm_scf,importnet,nonorm4,1100,3934.727,0.248714,0.588601,0.491288,0.685913,17,0.00000000,1,0.071598,0.017808,0.125388,0.912936,0.965611,0.860262,0.635978,0.500037,0.771918,0.006230,0.016994,0.141134,0.042317,0.050000,0,0,3,0,0
acm_scf,importnet,nonorm4,1125,3956.101,0.247324,0.586163,0.487731,0.684595,17,0.00000000,0,0.067435,0.017808,0.117061,0.916308,0.965369,0.867247,0.630575,0.496416,0.764735,0.006220,0.016274,0.142198,0.042629,0.050000,0,0,3,0,0
acm_scf,importnet,nonorm4,1150,4099.197,0.246243,0.588931,0.490552,0.687309,17,0.00000000,0,0.069938,0.016774,0.123102,0.914962,0.967465,0.862459,0.635350,0.498781,0.771918,0.005543,0.016997,0.141003,0.042437,0.050000,0,0,3,0,0
acm_scf,importnet,nonorm4,1175,4121.586,0.235242,0.594978,0.491464,0.698492,17,0.00000000,1,0.060898,0.017143,0.104653,0.923705,0.966843,0.880566,0.635740,0.499889,0.771592,0.005805,0.014330,0.140772,0.040066,0.050000,0,0,3,0,0
acm_scf,importnet,nonorm4,1200,4264.187,0.231456,0.595234,0.489653,0.700815,17,0.00000000,1,0.057669,0.014114,0.101224,0.928205,0.972363,0.884047,0.634160,0.496564,0.771755,0.005035,0.014013,0.141337,0.039643,0.050000,0,0,3,0,0
acm_scf,importnet,nonorm4,1225,4286.579,0.230813,0.595716,0.491933,0.699499,17,0.00000000,1,0.059692,0.012119,0.107265,0.927297,0.976239,0.878356,0.636212,0.497894,0.774531,0.004280,0.014773,0.140136,0.040110,0.050000,0,0,3,0,0
acm_scf,importnet,nonorm4,1250,4423.625,0.232259,0.593863,0.491273,0.696452,16,0.00000000,0,0.060442,0.011823,0.109061,0.926521,0.976768,0.876273,0.634745,0.497081,0.772408,0.004146,0.015104,0.140486,0.040578,0.050000,0,0,4,0,0
acm_scf,importnet,nonorm4,1275,4444.602,0.227846,0.589761,0.485028,0.694494,16,0.00000000,0,0.056165,0.009311,0.103020,0.931397,0.981336,0.881458,0.627792,0.489544,0.766041,0.003479,0.014158,0.142133,0.040482,0.050000,0,0,4,0,0
acm_scf,importnet,nonorm4,1300,4579.798,0.228114,0.597044,0.491416,0.702671,16,0.00000000,0,0.058988,0.011527,0.106449,0.928453,0.977335,0.879571,0.637275,0.497081,0.777469,0.003711,0.014697,0.140252,0.039576,0.050000,0,0,4,0,0
acm_scf,importnet,nonorm4,1325,4600.645,0.225590,0.600672,0.493592,0.707752,16,0.00000000,1,0.057067,0.014705,0.099429,0.929088,0.971478,0.886698,0.639486,0.500850,0.778122,0.004661,0.013472,0.139694,0.038430,0.050000,0,0,4,0,0
acm_scf,importnet,nonorm4,1350,4736.346,0.226194,0.601416,0.494899,0.707933,16,0.00000000,1,0.059554,0.013966,0.105143,0.927227,0.972923,0.881531,0.642089,0.501810,0.782367,0.004802,0.013608,0.139634,0.038054,0.050000,0,0,4,0,0
acm_scf,importnet,nonorm4,1375,4757.316,0.226841,0.604822,0.494214,0.715430,16,0.00000000,1,0.057889,0.015370,0.100408,0.928584,0.970281,0.886886,0.644538,0.501810,0.787265,0.005076,0.013601,0.139880,0.037458,0.050000,0,0,4,0,0
acm_scf,importnet,nonorm4,1400,4893.763,0.269197,0.588649,0.456157,0.721141,16,0.00000000,1,0.068571,0.038203,0.098939,0.907182,0.925354,0.889011,0.633036,0.473583,0.792490,0.013323,0.013821,0.153549,0.036981,0.050000,0,0,4,0,0
acm_scf,importnet,nonorm4,1425,4915.354,0.235893,0.589857,0.458515,0.721200,16,0.00000000,1,0.057526,0.015296,0.099755,0.928234,0.968188,0.888279,0.629336,0.465529,0.793143,0.005084,0.013797,0.149777,0.036806,0.050000,0,0,4,0,0
acm_scf,importnet,nonorm4,1450,5049.813,0.236447,0.593707,0.462533,0.724881,16,0.00000000,1,0.058055,0.017661,0.098449,0.926900,0.963837,0.889964,0.633473,0.470701,0.796245,0.005866,0.013516,0.148954,0.036235,0.050000,0,0,4,0,0
acm_scf,importnet,nonorm4,1475,5071.241,0.229325,0.594462,0.463680,0.725244,16,0.00000000,1,0.057905,0.011158,0.104653,0.930609,0.976755,0.884463,0.634998,0.468854,0.801143,0.003422,0.014288,0.147683,0.036281,0.050000,0,0,4,0,0
acm_scf,importnet,nonorm4,1500,5205.332,0.291723,0.573195,0.420415,0.725974,16,0.00000000,1,0.073563,0.049656,0.097469,0.894927,0.898856,0.890999,0.619013,0.441292,0.796735,0.017192,0.013499,0.165145,0.036228,0.050000,0,0,4,0,0
acm_scf,importnet,nonorm4,1525,5226.648,0.254949,0.575447,0.423730,0.727165,16,0.00000000,1,0.060040,0.022611,0.097469,0.920781,0.950405,0.891158,0.615676,0.433311,0.798041,0.008248,0.013373,0.160821,0.035972,0.050000,0,0,4,0,0
acm_scf,importnet,nonorm4,1550,5361.708,0.281365,0.575989,0.423325,0.728652,16,0.00000000,1,0.069868,0.042267,0.097469,0.901967,0.912578,0.891356,0.620446,0.441218,0.799673,0.014896,0.013457,0.163409,0.035809,0.050000,0,0,4,0,0
acm_scf,importnet,nonorm4,1575,5382.937,0.250761,0.574762,0.427671,0.721853,16,0.00000000,1,0.063274,0.020099,0.106449,0.919177,0.955959,0.882395,0.617480,0.436267,0.798694,0.006676,0.014126,0.158955,0.036458,0.050000,0,0,4,0,0
acm_scf,importnet,nonorm4,1600,5518.171,0.304451,0.565740,0.408832,0.722648,16,0.00000000,1,0.079865,0.052464,0.107265,0.886556,0.891321,0.881792,0.615222,0.430282,0.800163,0.018754,0.014392,0.169201,0.036493,0.050000,0,0,4,0,0
acm_scf,importnet,nonorm4,1625,5539.061,0.257176,0.567812,0.413541,0.722083,16,0.00000000,0,0.063622,0.020468,0.106776,0.917941,0.953741,0.882141,0.610595,0.422005,0.799184,0.006960,0.014515,0.163194,0.036654,0.050000,0,0,4,0,0
acm_scf,importnet,nonorm4,1650,5673.458,0.253992,0.569694,0.427213,0.712174,16,0.00000000,0,0.066745,0.017734,0.115755,0.916829,0.960810,0.872848,0.614701,0.434789,0.794612,0.005558,0.015760,0.158517,0.038423,0.050000,0,0,4,0,0
acm_scf,importnet,nonorm4,1675,5694.183,0.252183,0.573934,0.428862,0.719007,16,0.00000000,0,0.064475,0.017439,0.111510,0.919562,0.961570,0.877555,0.617762,0.436341,0.799184,0.005637,0.015453,0.158270,0.037576,0.050000,0,0,4,0,0
teapot_droplets,importnet,nonorm4,1,1.558,0.500160,0.182885,0.184696,0.181075,20,0.00009523,0,0.474600,0.107019,0.842181,0.470064,0.656419,0.283710,0.269017,0.204462,0.333572,0.025090,0.049540,0.173183,0.083955,0.050000,0,0,0,0,0
teapot_droplets,importnet,nonorm4,25,27.026,0.309134,0.249357,0.217448,0.281266,20,0.00001556,1,0.214064,0.045775,0.382353,0.668310,0.832435,0.504186,0.308106,0.227402,0.388809,0.010685,0.022165,0.157180,0.054889,0.050000,0,0,0,0,0
teapot_droplets,importnet,nonorm4,50,185.847,0.271006,0.312827,0.261967,0.363686,20,0.00000000,0,0.172894,0.041987,0.303802,0.738093,0.866689,0.609497,0.373571,0.272966,0.474175,0.009538,0.017458,0.147462,0.045671,0.050000,0,0,0,0,0
teapot_droplets,importnet,nonorm4,75,209.991,0.243122,0.368310,0.318417,0.418202,20,0.00000286,1,0.151053,0.037041,0.265065,0.782678,0.899140,0.666215,0.429632,0.330212,0.529053,0.008502,0.015081,0.135528,0.040271,0.050000,0,0,0,0,0
teapot_droplets,importnet,nonorm4,100,368.791,0.224318,0.403356,0.362236,0.444477,20,0.00005503,2,0.135942,0.031569,0.240316,0.809259,0.922098,0.696420,0.462481,0.373671,0.551291,0.007342,0.013910,0.126244,0.037947,0.050000,0,0,0,0,0
teapot_droplets,importnet,nonorm4,125,393.496,0.202781,0.433047,0.387975,0.478119,20,0.00000413,1,0.118472,0.023887,0.213056,0.837311,0.943278,0.731343,0.488614,0.397243,0.579986,0.005470,0.012155,0.120069,0.034741,0.050000,0,0,0,0,0
teapot_droplets,importnet,nonorm4,150,554.828,0.179763,0.466536,0.420541,0.512531,20,0.00005654,1,0.096008,0.018415,0.173601,0.867402,0.958775,0.776030,0.514896,0.428286,0.601506,0.004213,0.009678,0.113033,0.031097,0.050000,0,0,0,0,0
teapot_droplets,importnet,nonorm4,175,580.274,0.166311,0.486938,0.447510,0.526365,20,0.00003412,1,0.085401,0.014417,0.156385,0.882407,0.969220,0.795593,0.531321,0.453962,0.608680,0.003301,0.008595,0.107447,0.029730,0.050000,0,0,0,0,0
teapot_droplets,importnet,nonorm4,200,743.169,0.159760,0.509851,0.478270,0.541433,20,0.00000615,1,0.082942,0.014522,0.151363,0.887785,0.970941,0.804630,0.554301,0.485215,0.623386,0.003347,0.008480,0.101395,0.028803,0.050000,0,0,0,0,0
teapot_droplets,importnet,nonorm4,225,769.214,0.154691,0.529154,0.505342,0.552967,20,0.00003300,1,0.084556,0.014522,0.154591,0.888760,0.972455,0.805066,0.575565,0.512680,0.638451,0.003290,0.008644,0.096076,0.028044,0.050000,0,0,0,0,0
teapot_droplets,importnet,nonorm4,250,935.379,0.152833,0.542719,0.514989,0.570449,20,0.00000000,1,0.084320,0.017994,0.150646,0.890074,0.966815,0.813333,0.590320,0.524255,0.656385,0.003851,0.008357,0.094194,0.026788,0.050000,0,0,0,0,0
teapot_droplets,importnet,nonorm4,275,961.871,0.151306,0.552145,0.512916,0.591374,20,0.00000010,1,0.085169,0.014311,0.156026,0.893705,0.973228,0.814182,0.601950,0.520257,0.683644,0.003320,0.008647,0.094646,0.025601,0.050000,0,0,0,0,0
teapot_droplets,importnet,nonorm4,300,1125.108,0.154671,0.545788,0.506008,0.585569,20,0.00000000,0,0.089545,0.015890,0.163199,0.888364,0.970016,0.806712,0.597591,0.514048,0.681133,0.003325,0.009150,0.095806,0.026148,0.050000,0,0,0,0,0
teapot_droplets,importnet,nonorm4,325,1150.048,0.152298,0.558193,0.539045,0.577341,20,0.00002316,0,0.100298,0.013364,0.187231,0.880784,0.976119,0.785450,0.615843,0.546249,0.685438,0.002611,0.010606,0.089054,0.027279,0.050000,0,0,0,0,0
teapot_droplets,importnet,nonorm4,350,1313.368,0.151543,0.557827,0.535878,0.579776,20,0.00001862,2,0.098306,0.011891,0.184720,0.883304,0.978542,0.788066,0.614561,0.542250,0.686872,0.002481,0.010433,0.089637,0.027073,0.050000,0,0,0,0,0
teapot_droplets,importnet,nonorm4,375,1338.415,0.154756,0.551380,0.520991,0.581769,20,0.00000661,1,0.099757,0.015153,0.184362,0.880529,0.972147,0.788912,0.608955,0.528886,0.689024,0.003038,0.010155,0.092634,0.026541,0.050000,0,0,0,0,0
teapot_droplets,importnet,nonorm4,400,1503.278,0.158443,0.539170,0.491290,0.587049,20,0.00001090,0,0.094578,0.014837,0.174319,0.884637,0.971101,0.798173,0.593981,0.498579,0.689383,0.003087,0.009718,0.098677,0.026142,0.050000,0,0,0,0,0
teapot_droplets,importnet,nonorm4,425,1528.339,0.158226,0.545142,0.485711,0.604572,20,0.00000000,0,0.088679,0.016311,0.161047,0.890699,0.968015,0.813383,0.597785,0.493634,0.701937,0.003575,0.009161,0.099907,0.024954,0.050000,0,0,0,0,0
teapot_droplets,importnet,nonorm4,450,1693.334,0.154189,0.559613,0.497671,0.621555,20,0.00001902,1,0.087402,0.016626,0.158178,0.894018,0.968184,0.819853,0.612908,0.505945,0.719871,0.003697,0.008781,0.097786,0.023609,0.050000,0,0,0,0,0
teapot_droplets,importnet,nonorm4,475,1719.665,0.150796,0.571377,0.508469,0.634284,20,0.00021208,1,0.081692,0.018836,0.144548,0.899434,0.964916,0.833951,0.622008,0.518047,0.725968,0.004137,0.008147,0.095543,0.022710,0.050000,0,0,0,0,0
teapot_droplets,importnet,nonorm4,500,1887.245,0.157361,0.577429,0.530434,0.624425,20,0.00085503,1,0.096202,0.023466,0.168938,0.885308,0.958566,0.812051,0.636398,0.542881,0.729914,0.005195,0.009517,0.091652,0.023682,0.050000,0,0,0,0,0
teapot_droplets,importnet,nonorm4,525,1913.381,0.168104,0.576920,0.525644,0.628197,20,0.00036988,1,0.103948,0.029991,0.177905,0.876844,0.947514,0.806174,0.640682,0.541408,0.739957,0.007025,0.010295,0.093369,0.023846,0.050000,0,0,0,0,0
teapot_droplets,importnet,nonorm4,550,2079.114,0.168970,0.588155,0.535090,0.641221,20,0.00041663,1,0.104649,0.034621,0.174677,0.876448,0.941145,0.811751,0.653421,0.553615,0.753228,0.008085,0.010037,0.091996,0.022937,0.050000,0,0,0,0,0
teapot_droplets,importnet,nonorm4,575,2104.923,0.156044,0.595412,0.549094,0.641731,20,0.00063244,1,0.094055,0.027781,0.160330,0.887957,0.953083,0.822830,0.654484,0.564348,0.744620,0.006256,0.009204,0.088479,0.022570,0.050000,0,0,0,0,0
teapot_droplets,importnet,nonorm4,600,2265.781,0.153644,0.599201,0.554245,0.644157,20,0.00000284,1,0.094701,0.026202,0.163199,0.888554,0.955960,0.821148,0.659025,0.568768,0.749283,0.005983,0.009258,0.087437,0.022315,0.050000,0,0,0,0,0
teapot_droplets,importnet,nonorm4,625,2290.244,0.151479,0.609448,0.570697,0.648199,20,0.00001738,0,0.096198,0.027044,0.165352,0.888154,0.955895,0.820413,0.670755,0.586131,0.755380,0.006040,0.009443,0.084119,0.022248,0.050000,0,0,0,0,0
teapot_droplets,importnet,nonorm4,650,2452.387,0.149389,0.616764,0.586108,0.647420,20,0.00000702,1,0.099032,0.030201,0.167862,0.885344,0.952365,0.818323,0.679953,0.603809,0.756098,0.006184,0.009585,0.080728,0.022180,0.050000,0,0,0,0,0
teapot_droplets,importnet,nonorm4,675,2477.330,0.144424,0.631231,0.608357,0.654105,20,0.00000392,0,0.099098,0.027465,0.170732,0.887802,0.957910,0.817694,0.695424,0.625066,0.765782,0.005770,0.009775,0.076374,0.021913,0.050000,0,0,0,0,0
teapot_droplets,importnet,nonorm4,700,2641.898,0.144743,0.629943,0.614213,0.645674,20,0.00000951,1,0.101196,0.029149,0.173242,0.884896,0.955920,0.813873,0.694824,0.632116,0.757532,0.005815,0.009975,0.075042,0.022613,0.050000,0,0,0,0,0
teapot_droplets,importnet,nonorm4,725,2667.372,0.143754,0.634609,0.616314,0.652905,20,0.00000797,1,0.100543,0.028202,0.172884,0.886606,0.957393,0.815820,0.699738,0.633695,0.765782,0.005792,0.009932,0.074700,0.022125,0.050000,0,0,0,0,0
teapot_droplets,importnet,nonorm4,750,2829.858,0.144665,0.632788,0.617782,0.647793,20,0.00001717,0,0.103969,0.029675,0.178264,0.883048,0.955429,0.810667,0.699693,0.636115,0.763271,0.005786,0.010211,0.074283,0.022455,0.050000,0,0,0,0,0
teapot_droplets,importnet,nonorm4,775,2855.163,0.145541,0.630912,0.616604,0.645220,20,0.00000672,1,0.105552,0.029254,0.181851,0.881690,0.955936,0.807444,0.698598,0.634642,0.762554,0.005857,0.010269,0.074678,0.022524,0.050000,0,0,0,0,0
teapot_droplets,importnet,nonorm4,800,3018.626,0.146886,0.636167,0.621073,0.651262,20,0.00000524,1,0.105686,0.031674,0.179699,0.881669,0.952895,0.810443,0.704519,0.640745,0.768293,0.006405,0.010356,0.073820,0.022340,0.050000,0,0,0,0,0
teapot_droplets,importnet,nonorm4,825,3043.377,0.149769,0.630132,0.617731,0.642533,20,0.00000725,1,0.107733,0.031464,0.184003,0.879091,0.952943,0.805239,0.698964,0.637167,0.760760,0.006690,0.010515,0.074715,0.022868,0.050000,0,0,0,0,0
teapot_droplets,importnet,nonorm4,850,3208.695,0.146298,0.628317,0.613799,0.642835,20,0.00000532,1,0.105012,0.031043,0.178981,0.881100,0.953241,0.808959,0.695372,0.632853,0.757891,0.006057,0.010120,0.075107,0.022734,0.050000,0,0,0,0,0
teapot_droplets,importnet,nonorm4,875,3233.831,0.146138,0.623474,0.600961,0.645988,20,0.00000468,1,0.095952,0.029780,0.162123,0.888243,0.954088,0.822397,0.684787,0.618857,0.750717,0.006311,0.009210,0.078013,0.022276,0.050000,0,0,0,0,0
teapot_droplets,importnet,nonorm4,900,3399.123,0.146128,0.623960,0.600716,0.647203,20,0.00001587,0,0.098147,0.029149,0.167145,0.886896,0.954974,0.818818,0.686803,0.618226,0.755380,0.005908,0.009646,0.077754,0.022383,0.050000,0,0,0,0,0
teapot_droplets,importnet,nonorm4,925,3424.220,0.146200,0.622136,0.601043,0.643230,20,0.00001623,0,0.098843,0.029464,0.168221,0.885814,0.954545,0.817083,0.685093,0.618752,0.751435,0.005967,0.009559,0.077791,0.022536,0.050000,0,0,0,0,0
teapot_droplets,importnet,nonorm4,950,3586.369,0.147477,0.623087,0.601941,0.644234,20,0.00000985,0,0.101363,0.030201,0.172525,0.883815,0.953560,0.814070,0.687750,0.620120,0.755380,0.005976,0.009955,0.077459,0.022670,0.050000,0,0,0,0,0
teapot_droplets,importnet,nonorm4,975,3611.162,0.152248,0.623640,0.604466,0.642814,20,0.00000994,0,0.104948,0.031990,0.177905,0.880481,0.951220,0.809743,0.690488,0.623803,0.757174,0.006947,0.010226,0.077632,0.022834,0.050000,0,0,0,0,0
teapot_droplets,importnet,nonorm4,1000,3769.094,0.149242,0.622186,0.596756,0.647616,19,0.00002560,0,0.102585,0.031569,0.173601,0.882640,0.951220,0.814061,0.687819,0.615595,0.760043,0.006425,0.009797,0.078661,0.022256,0.050000,0,0,1,0,0
teapot_droplets,importnet,nonorm4,1025,3793.102,0.145230,0.626026,0.603943,0.648108,19,0.00003477,0,0.098082,0.030096,0.166069,0.886850,0.953856,0.819844,0.688929,0.622119,0.755739,0.006055,0.009454,0.077136,0.022169,0.050000,0,0,1,0,0
teapot_droplets,importnet,nonorm4,1050,3946.866,0.149272,0.621128,0.593556,0.648699,19,0.00001430,0,0.096588,0.035357,0.157819,0.885979,0.945596,0.826361,0.682809,0.614543,0.751076,0.007047,0.009027,0.079436,0.022113,0.050000,0,0,1,0,0
teapot_droplets,importnet,nonorm4,1075,3970.609,0.149004,0.623797,0.596093,0.651501,19,0.00002187,0,0.096600,0.034305,0.158895,0.886715,0.947292,0.826138,0.685782,0.616542,0.755022,0.007106,0.009016,0.079170,0.021883,0.050000,0,0,1,0,0
teapot_droplets,importnet,nonorm4,1100,4125.909,0.147183,0.627435,0.603585,0.651285,19,0.00001030,1,0.095663,0.033147,0.158178,0.888089,0.949527,0.826651,0.688948,0.623593,0.754304,0.007146,0.008850,0.077813,0.021733,0.050000,0,0,1,0,0
teapot_droplets,importnet,nonorm4,1125,4149.231,0.148851,0.625687,0.607859,0.643516,19,0.00001424,0,0.100409,0.033674,0.167145,0.883551,0.949134,0.817969,0.689702,0.628328,0.751076,0.007033,0.009489,0.076823,0.022470,0.050000,0,0,1,0,0
teapot_droplets,importnet,nonorm4,1150,4303.822,0.152110,0.622517,0.603252,0.641782,19,0.00000755,0,0.101483,0.035462,0.167504,0.881785,0.946278,0.817293,0.686964,0.624645,0.749283,0.007379,0.009701,0.077815,0.022872,0.050000,0,0,1,0,0
teapot_droplets,importnet,nonorm4,1175,4327.632,0.154857,0.619309,0.604516,0.634102,19,0.00003005,0,0.108362,0.034515,0.182209,0.876080,0.947696,0.804465,0.687511,0.625381,0.749641,0.007308,0.010430,0.077609,0.023480,0.050000,0,0,1,0,0
teapot_droplets,importnet,nonorm4,1200,4481.971,0.158619,0.617379,0.606322,0.628435,19,0.00001322,0,0.118056,0.035252,0.200861,0.868308,0.946825,0.789790,0.691180,0.627697,0.754663,0.007219,0.011553,0.076926,0.024223,0.050000,0,0,1,0,0
teapot_droplets,importnet,nonorm4,1225,4505.605,0.157647,0.621253,0.612910,0.629596,19,0.00002037,0,0.116677,0.033568,0.199785,0.870257,0.949677,0.790837,0.694432,0.633484,0.755380,0.007261,0.011500,0.075917,0.024185,0.050000,0,0,1,0,0
teapot_droplets,importnet,nonorm4,1250,4658.119,0.160110,0.609919,0.609960,0.609879,19,0.00003417,0,0.121923,0.031148,0.212697,0.864731,0.952814,0.776648,0.684279,0.628959,0.739598,0.006808,0.012159,0.076394,0.025612,0.050000,0,0,1,0,0
teapot_droplets,importnet,nonorm4,1275,4681.639,0.160306,0.606313,0.613859,0.598767,19,0.00002430,0,0.125796,0.029570,0.222023,0.861255,0.955305,0.767206,0.681859,0.632011,0.731707,0.006295,0.012740,0.075352,0.026606,0.050000,0,0,1,0,0
teapot_droplets,importnet,nonorm4,1300,4833.392,0.164851,0.601393,0.607401,0.595384,19,0.00003870,0,0.129981,0.032200,0.227762,0.856794,0.951149,0.762439,0.678975,0.626960,0.730990,0.006811,0.013024,0.076818,0.026979,0.050000,0,0,1,0,0
teapot_droplets,importnet,nonorm4,1325,4857.058,0.158339,0.613655,0.610289,0.617021,19,0.00009740,1,0.122355,0.030938,0.213773,0.865538,0.953132,0.777943,0.689047,0.629170,0.748924,0.006474,0.012201,0.076073,0.025085,0.050000,0,0,1,0,0
teapot_droplets,importnet,nonorm4,1350,5010.251,0.151989,0.622135,0.628387,0.615882,19,0.00043141,1,0.122436,0.025360,0.219512,0.867983,0.962131,0.773836,0.697699,0.644323,0.751076,0.005082,0.012637,0.072105,0.025559,0.050000,0,0,1,0,0
teapot_droplets,importnet,nonorm4,1375,5033.720,0.154417,0.616330,0.641395,0.591264,19,0.00074526,1,0.131449,0.022940,0.239957,0.859813,0.966217,0.753410,0.694625,0.656109,0.733142,0.004608,0.013876,0.069343,0.027716,0.050000,0,0,1,0,0
teapot_droplets,importnet,nonorm4,1400,5186.247,0.160614,0.606913,0.648510,0.565317,19,0.00119688,1,0.140710,0.023887,0.257532,0.849674,0.965275,0.734074,0.687452,0.664001,0.710904,0.004948,0.014924,0.068134,0.029906,0.050000,0,0,1,0,0
teapot_droplets,importnet,nonorm4,1425,5210.227,0.166125,0.597245,0.653964,0.540525,19,0.00030248,1,0.148670,0.027255,0.270086,0.839336,0.961012,0.717660,0.679151,0.671788,0.686514,0.005629,0.015653,0.067232,0.031987,0.050000,0,0,1,0,0
teapot_droplets,importnet,nonorm4,1450,5365.199,0.153999,0.609034,0.657645,0.560423,19,0.00034257,0,0.125089,0.030306,0.219871,0.856918,0.957187,0.756649,0.680610,0.677576,0.683644,0.006016,0.012760,0.066369,0.029373,0.050000,0,0,1,0,0
teapot_droplets,importnet,nonorm4,1475,5388.315,0.138987,0.626493,0.662188,0.590798,19,0.00023427,0,0.101642,0.026097,0.177188,0.879986,0.963013,0.796958,0.687475,0.679470,0.695481,0.005435,0.010170,0.065568,0.026261,0.050000,0,0,1,0,0
teapot_droplets,importnet,nonorm4,1500,5541.107,0.135595,0.628187,0.665741,0.590633,19,0.00022844,0,0.101245,0.023151,0.179340,0.881190,0.967130,0.795250,0.688855,0.681153,0.696557,0.004555,0.010344,0.064502,0.026384,0.050000,0,0,1,0,0
teapot_droplets,importnet,nonorm4,1525,5564.675,0.137621,0.632826,0.676340,0.589313,19,0.00016957,0,0.108641,0.022519,0.194763,0.875892,0.968464,0.783320,0.697830,0.691571,0.704089,0.004674,0.011215,0.062450,0.026770,0.050000,0,0,1,0,0
teapot_droplets,importnet,nonorm4,1550,5713.330,0.142330,0.630950,0.683015,0.578885,18,0.00012120,0,0.119875,0.023466,0.216284,0.866263,0.967521,0.765004,0.701566,0.699042,0.704089,0.004860,0.012398,0.061240,0.027781,0.050000,0,0,2,0,0
teapot_droplets,importnet,nonorm4,1575,5736.397,0.144188,0.637047,0.691905,0.582190,18,0.00005303,0,0.126394,0.024308,0.228479,0.862363,0.966839,0.757887,0.711966,0.708724,0.715208,0.005046,0.013134,0.059503,0.027942,0.050000,0,0,2,0,0
teapot_droplets,importnet,nonorm4,1600,5882.840,0.140885,0.644536,0.707297,0.581776,18,0.00006758,0,0.126004,0.023887,0.228121,0.863030,0.968069,0.757991,0.719342,0.724192,0.714491,0.004935,0.013069,0.056515,0.027955,0.050000,0,0,2,0,0
teapot_droplets,importnet,nonorm4,1625,5905.582,0.134883,0.651794,0.705099,0.598489,18,0.00007348,0,0.107453,0.027675,0.187231,0.877331,0.963212,0.791450,0.717579,0.724613,0.710545,0.005865,0.010737,0.057334,0.026070,0.050000,0,0,2,0,0
teapot_droplets,importnet,nonorm4,1650,6053.687,0.131319,0.656956,0.703836,0.610076,18,0.00008312,0,0.101650,0.028623,0.174677,0.882996,0.961969,0.804024,0.720312,0.723982,0.716643,0.005975,0.009943,0.057254,0.024921,0.050000,0,0,2,0,0
teapot_droplets,importnet,nonorm4,1675,6076.582,0.133047,0.653242,0.708291,0.598193,18,0.00008662,0,0.108194,0.025571,0.190818,0.877358,0.965995,0.788721,0.719370,0.726402,0.712339,0.005252,0.011051,0.056300,0.026248,0.050000,0,0,2,0,0
teapot_droplets,importnet,nonorm4,1700,6224.039,0.133398,0.655916,0.722234,0.589599,18,0.00007489,0,0.116054,0.025150,0.206958,0.870923,0.967148,0.774697,0.726010,0.740398,0.711621,0.005086,0.011874,0.053435,0.026886,0.050000,0,0,2,0,0
teapot_droplets,importnet,nonorm4,1725,6246.815,0.138457,0.648776,0.715767,0.581786,18,0.00007676,0,0.121076,0.025150,0.217001,0.866137,0.966861,0.765413,0.720901,0.733768,0.708034,0.005204,0.012593,0.054776,0.027820,0.050000,0,0,2,0,0
teapot_droplets,importnet,nonorm4,1750,6395.023,0.143063,0.645546,0.716970,0.574122,18,0.00005937,0,0.130707,0.025045,0.236370,0.858617,0.967045,0.750190,0.722377,0.734926,0.709828,0.005155,0.013736,0.054586,0.028762,0.050000,0,0,2,0,0
teapot_droplets,importnet,nonorm4,1775,6417.362,0.150155,0.638013,0.711755,0.564271,18,0.00007248,0,0.140272,0.027675,0.252869,0.850045,0.963543,0.736547,0.719206,0.731453,0.706958,0.005726,0.014620,0.055670,0.029728,0.050000,0,0,2,0,0
teapot_droplets,importnet,nonorm4,1800,6560.966,0.153046,0.632356,0.709631,0.555081,18,0.00008479,0,0.143544,0.027044,0.260043,0.846597,0.964221,0.728972,0.714124,0.728822,0.699426,0.005762,0.015048,0.056208,0.030537,0.050000,0,0,2,0,0
teapot_droplets,importnet,nonorm4,1825,6583.299,0.148312,0.634372,0.704473,0.564271,18,0.00008778,0,0.138115,0.023361,0.252869,0.852580,0.968613,0.736547,0.713944,0.720930,0.706958,0.004884,0.014617,0.056923,0.029797,0.050000,0,0,2,0,0
teapot_droplets,importnet,nonorm4,1850,6731.034,0.140413,0.636909,0.711443,0.562375,18,0.00012564,1,0.135857,0.015258,0.256456,0.856509,0.979312,0.733706,0.714449,0.722298,0.706600,0.002871,0.014810,0.055091,0.030103,0.050000,0,0,2,0,0
teapot_droplets,importnet,nonorm4,1875,6754.324,0.138660,0.637663,0.719013,0.556312,18,0.00008005,0,0.137751,0.011154,0.264347,0.855862,0.984890,0.726835,0.715203,0.727034,0.703372,0.002103,0.015290,0.053747,0.030685,0.050000,0,0,2,0,0
teapot_droplets,importnet,nonorm4,1900,6902.977,0.138825,0.628957,0.711579,0.546336,18,0.00018509,0,0.134260,0.010628,0.257891,0.856285,0.985436,0.727135,0.703186,0.719141,0.687231,0.001966,0.014987,0.055057,0.031233,0.050000,0,0,2,0,0
teapot_droplets,importnet,nonorm4,1925,6925.849,0.139825,0.632410,0.719700,0.545120,18,0.00017970,0,0.139281,0.010628,0.267934,0.853121,0.985598,0.720643,0.709263,0.727349,0.691176,0.002017,0.015503,0.053667,0.031473,0.050000,0,0,2,0,0
teapot_droplets,importnet,nonorm4,1950,7072.065,0.134963,0.640776,0.724945,0.556606,18,0.00017279,0,0.131295,0.011154,0.251435,0.859891,0.985011,0.734771,0.714794,0.733032,0.696557,0.002089,0.014632,0.052453,0.030486,0.050000,0,0,2,0,0
