pair,arm,seed,step,seconds,loss,mean_iou,view1_iou,view2_iou,patches,overlap,overlap_repaired_pairs,mean_spill,view1_spill,view2_spill,mean_precision,view1_precision,view2_precision,mean_coverage,view1_coverage,view2_coverage,view1_negative_space,view2_negative_space,view1_silhouette,view2_silhouette,lambda_count,total_adds,total_splits,total_deletes,count_active,target_reached
sun_moon,constrained,0,1,1.403,1.591758,0.223209,0.192984,0.253433,20,0.00000000,0,0.178953,0.179559,0.178346,0.592563,0.559034,0.626091,0.263134,0.227636,0.298632,0.040695,0.035942,0.765997,0.696076,0.000000,0,0,0,0,0
sun_moon,constrained,0,25,26.721,1.160031,0.396626,0.380058,0.413193,20,0.00000000,0,0.099099,0.110631,0.087567,0.814625,0.792334,0.836916,0.435740,0.422105,0.449375,0.024765,0.017518,0.572692,0.547101,0.000000,0,0,0,0,0
sun_moon,constrained,0,50,192.420,0.916546,0.519198,0.526554,0.511842,23,0.00002534,0,0.097984,0.120895,0.075074,0.854969,0.829991,0.879947,0.570240,0.590212,0.550268,0.026959,0.014820,0.405036,0.446214,0.000000,3,0,0,0,0
sun_moon,constrained,0,75,222.164,0.772541,0.589637,0.605118,0.574157,23,0.00012608,2,0.089973,0.114628,0.065318,0.879126,0.854737,0.903515,0.643071,0.674481,0.611660,0.025041,0.012899,0.321562,0.384958,0.000000,3,0,0,0,0
sun_moon,constrained,0,100,417.497,0.660030,0.648570,0.627432,0.669707,26,0.00013336,4,0.089082,0.121651,0.056514,0.889327,0.852618,0.926036,0.705657,0.703760,0.707555,0.026717,0.011105,0.292555,0.289419,0.000000,6,0,0,0,0
sun_moon,constrained,0,125,451.714,0.578935,0.692857,0.645385,0.740329,26,0.00015498,3,0.093805,0.138829,0.048780,0.891005,0.841123,0.940888,0.755713,0.734983,0.776443,0.030602,0.009514,0.261982,0.220694,0.000000,6,0,0,0,0
sun_moon,constrained,0,150,673.283,0.486612,0.741350,0.677030,0.805669,29,0.00018464,3,0.095904,0.146716,0.045092,0.895113,0.841058,0.949168,0.809180,0.776361,0.841999,0.032422,0.008769,0.220512,0.155261,0.000000,9,0,0,0,0
sun_moon,constrained,0,175,711.561,0.406355,0.781426,0.717277,0.845576,29,0.00077955,2,0.087353,0.129970,0.044735,0.906802,0.861804,0.951801,0.846952,0.810501,0.883403,0.028767,0.008717,0.186833,0.114129,0.000000,9,0,0,0,0
sun_moon,constrained,0,200,957.504,0.357666,0.805884,0.751321,0.860447,32,0.00068211,2,0.084581,0.124784,0.044378,0.912139,0.871338,0.952940,0.871853,0.845073,0.898632,0.027418,0.008643,0.153221,0.099409,0.000000,12,0,0,0,0
sun_moon,constrained,0,225,999.792,0.307818,0.830631,0.783046,0.878215,32,0.00098535,4,0.080898,0.116465,0.045330,0.917694,0.882443,0.952946,0.896134,0.874244,0.918025,0.025852,0.008590,0.123157,0.080329,0.000000,12,0,0,0,0
sun_moon,constrained,0,250,1266.924,0.269902,0.850374,0.816759,0.883989,35,0.00017951,6,0.088886,0.125540,0.052231,0.913340,0.879847,0.946833,0.924728,0.919296,0.930161,0.028158,0.010088,0.078612,0.068151,0.000000,15,0,0,0,0
sun_moon,constrained,0,275,1312.606,0.207087,0.882308,0.857614,0.907003,35,0.00075544,3,0.078016,0.114628,0.041404,0.925466,0.892926,0.958007,0.950239,0.955920,0.944557,0.025391,0.008046,0.042261,0.053499,0.000000,15,0,0,0,0
sun_moon,constrained,0,300,1599.576,0.180762,0.896718,0.869392,0.924045,34,0.00098454,3,0.071636,0.112576,0.030696,0.932262,0.895748,0.968776,0.959837,0.967264,0.952409,0.024912,0.005809,0.031318,0.045881,0.000000,15,0,1,0,0
sun_moon,constrained,0,325,1643.957,0.164057,0.906376,0.878948,0.933805,34,0.00127358,2,0.065599,0.104905,0.026294,0.937903,0.902510,0.973296,0.964756,0.971154,0.958358,0.023366,0.005110,0.027529,0.039862,0.000000,15,0,1,0,1
sun_moon,constrained,0,350,1923.760,0.152844,0.912955,0.883586,0.942323,33,0.00148169,2,0.063876,0.102528,0.025223,0.939666,0.904776,0.974556,0.970135,0.974179,0.966092,0.022913,0.005014,0.024533,0.032432,0.000000,15,0,2,0,1
sun_moon,constrained,0,375,1966.882,0.142123,0.918451,0.887511,0.949391,33,0.00119646,3,0.061380,0.097774,0.024985,0.941882,0.908798,0.974967,0.973699,0.974287,0.973111,0.021717,0.004876,0.024419,0.026191,0.000000,15,0,2,0,1
sun_moon,constrained,0,400,2247.172,0.135608,0.920654,0.893246,0.948062,33,0.00105011,2,0.059761,0.090968,0.028554,0.943086,0.914622,0.971550,0.974818,0.974503,0.975134,0.020253,0.005318,0.024214,0.023360,0.000000,15,0,2,0,1
sun_moon,constrained,0,425,2290.681,0.126613,0.925974,0.900655,0.951293,33,0.00089204,3,0.057264,0.088591,0.025937,0.945621,0.917130,0.974112,0.978206,0.980445,0.975967,0.019649,0.005104,0.018779,0.022195,0.000000,15,0,2,0,1
sun_moon,constrained,0,450,2557.859,0.117612,0.930231,0.908318,0.952144,32,0.00079070,2,0.053683,0.080596,0.026770,0.948733,0.924118,0.973348,0.979579,0.981525,0.977632,0.017685,0.005280,0.017420,0.020785,0.000000,15,0,3,0,1
sun_moon,constrained,0,475,2600.081,0.111977,0.933412,0.912110,0.954714,32,0.00085631,2,0.052030,0.076815,0.027246,0.950217,0.927464,0.972970,0.981450,0.982174,0.980726,0.016859,0.005373,0.016915,0.017909,0.000000,15,0,3,0,1
sun_moon,constrained,0,500,2872.205,0.105932,0.937619,0.915635,0.959604,32,0.00088857,3,0.047576,0.073142,0.022011,0.954385,0.930720,0.978049,0.981666,0.982606,0.980726,0.016330,0.004389,0.016103,0.018033,0.000000,15,0,3,0,1
sun_moon,constrained,0,525,2914.442,0.103756,0.938491,0.918020,0.958963,32,0.00071318,3,0.047426,0.071413,0.023438,0.954492,0.932309,0.976675,0.982509,0.983578,0.981440,0.015811,0.004574,0.015446,0.017744,0.000000,15,0,3,0,1
sun_moon,constrained,0,550,3169.471,0.101834,0.939942,0.917423,0.962462,30,0.00050661,2,0.046052,0.071521,0.020583,0.955827,0.932179,0.979476,0.982655,0.983038,0.982272,0.015860,0.004097,0.016469,0.016458,0.000000,15,0,5,0,1
sun_moon,constrained,0,575,3209.365,0.104379,0.938668,0.918086,0.959250,30,0.00051429,1,0.047085,0.072277,0.021892,0.954879,0.931602,0.978155,0.982346,0.984443,0.980250,0.016037,0.004396,0.014970,0.018873,0.000000,15,0,5,0,1
sun_moon,constrained,0,600,3464.473,0.102282,0.938647,0.919657,0.957637,30,0.00053412,1,0.048421,0.071737,0.025104,0.953610,0.932155,0.975065,0.983654,0.985631,0.981678,0.015986,0.004730,0.013751,0.016616,0.000000,15,0,5,0,1
sun_moon,constrained,0,625,3504.742,0.097466,0.941935,0.924121,0.959749,30,0.00056819,1,0.044584,0.066443,0.022725,0.957106,0.936839,0.977372,0.983541,0.985523,0.981559,0.014854,0.004459,0.013742,0.016859,0.000000,15,0,5,0,1
sun_moon,constrained,0,650,3744.427,0.096103,0.943264,0.925008,0.961521,30,0.00054158,1,0.041774,0.063202,0.020345,0.959650,0.939616,0.979684,0.982276,0.983470,0.981083,0.014121,0.003925,0.015887,0.018293,0.000000,15,0,5,0,1
sun_moon,constrained,0,675,3784.329,0.093995,0.944628,0.926837,0.962418,30,0.00055201,1,0.041298,0.063202,0.019393,0.960172,0.939728,0.980616,0.983249,0.985415,0.981083,0.014232,0.003763,0.014115,0.017916,0.000000,15,0,5,0,1
sun_moon,constrained,0,700,4019.486,0.093892,0.945145,0.923451,0.966839,30,0.00061581,1,0.040464,0.065579,0.015348,0.961063,0.937519,0.984606,0.982844,0.984010,0.981678,0.014628,0.003053,0.015337,0.017784,0.000000,15,0,5,0,1
sun_moon,constrained,0,725,4058.281,0.093315,0.945474,0.924215,0.966733,30,0.00061716,2,0.041020,0.066335,0.015705,0.960596,0.936935,0.984258,0.983719,0.985523,0.981916,0.014902,0.003088,0.014131,0.017112,0.000000,15,0,5,0,1
sun_moon,constrained,0,750,4312.691,0.091738,0.946086,0.926457,0.965716,30,0.00068087,1,0.037724,0.062122,0.013325,0.963592,0.940618,0.986566,0.981297,0.984010,0.978584,0.014064,0.002521,0.015019,0.020041,0.000000,15,0,5,0,1
sun_moon,constrained,0,775,4352.079,0.089113,0.946986,0.925722,0.968250,30,0.00063500,1,0.036788,0.061798,0.011779,0.964484,0.940848,0.988120,0.981292,0.982930,0.979655,0.013607,0.002387,0.015539,0.019005,0.000000,15,0,5,0,1
sun_moon,constrained,0,800,4606.250,0.086655,0.949141,0.926566,0.971715,30,0.00064513,0,0.035874,0.062230,0.009518,0.965462,0.940533,0.990390,0.982595,0.984226,0.980964,0.013872,0.001884,0.014766,0.017993,0.000000,15,0,5,0,1
sun_moon,constrained,0,825,4645.892,0.082841,0.950586,0.928826,0.972346,30,0.00065579,1,0.036053,0.061041,0.011065,0.965272,0.941674,0.988870,0.984314,0.985523,0.983105,0.013591,0.002028,0.013273,0.015790,0.000000,15,0,5,0,1
sun_moon,constrained,0,850,4869.741,0.083255,0.950264,0.926896,0.973632,30,0.00069024,1,0.037387,0.064067,0.010708,0.964120,0.939004,0.989236,0.985168,0.986279,0.984057,0.014119,0.001982,0.012781,0.014785,0.000000,15,0,5,0,1
sun_moon,constrained,0,875,4909.311,0.084675,0.950349,0.925437,0.975262,30,0.00050533,1,0.036760,0.063526,0.009994,0.964662,0.939369,0.989956,0.984618,0.984226,0.985009,0.014177,0.001986,0.014857,0.014183,0.000000,15,0,5,0,1
sun_moon,constrained,0,900,5144.452,0.085127,0.949893,0.925422,0.974365,30,0.00050812,2,0.037544,0.063310,0.011779,0.963872,0.939550,0.988193,0.984926,0.984010,0.985842,0.014124,0.002181,0.015486,0.013483,0.000000,15,0,5,0,1
sun_moon,constrained,0,925,5183.035,0.086405,0.948855,0.925768,0.971942,30,0.00051163,0,0.037945,0.062446,0.013444,0.963418,0.940302,0.986535,0.984294,0.983578,0.985009,0.013927,0.002654,0.015262,0.014021,0.000000,15,0,5,0,1
sun_moon,constrained,0,950,5420.358,0.082969,0.950792,0.926325,0.975259,30,0.00054188,0,0.035782,0.061690,0.009875,0.965524,0.940976,0.990073,0.984180,0.983470,0.984890,0.013628,0.001854,0.015889,0.013948,0.000000,15,0,5,0,1
sun_moon,constrained,0,975,5458.528,0.081749,0.952377,0.927880,0.976873,30,0.00055492,0,0.034469,0.060609,0.008328,0.966801,0.941986,0.991616,0.984564,0.984118,0.985009,0.013673,0.001608,0.015322,0.013956,0.000000,15,0,5,0,1
sun_moon,constrained,0,1000,5688.702,0.081813,0.951957,0.928302,0.975613,30,0.00048347,2,0.035350,0.060825,0.009875,0.965952,0.941827,0.990077,0.985007,0.984767,0.985247,0.013744,0.001839,0.014641,0.013554,0.000000,15,0,5,0,1
sun_moon,constrained,0,1025,5727.704,0.080301,0.952425,0.929176,0.975673,30,0.00055505,1,0.035519,0.058665,0.012374,0.965673,0.943719,0.987628,0.985716,0.983686,0.987745,0.013267,0.002256,0.015314,0.011383,0.000000,15,0,5,0,1
sun_moon,constrained,0,1050,5979.543,0.083583,0.950772,0.925790,0.975753,30,0.00056902,1,0.036798,0.062770,0.010827,0.964586,0.940029,0.989142,0.985110,0.983902,0.986318,0.014070,0.002010,0.015181,0.012927,0.000000,15,0,5,0,1
sun_moon,constrained,0,1075,6017.970,0.084354,0.950135,0.925711,0.974558,30,0.00052490,0,0.035145,0.060177,0.010113,0.966029,0.942226,0.989831,0.982916,0.981417,0.984414,0.013370,0.001953,0.017308,0.014719,0.000000,15,0,5,0,1
sun_moon,constrained,0,1100,6246.480,0.084773,0.950031,0.926563,0.973498,30,0.00055077,1,0.035415,0.060717,0.010113,0.965818,0.941816,0.989820,0.983083,0.982822,0.983343,0.013594,0.001931,0.015986,0.015678,0.000000,15,0,5,0,1
sun_moon,constrained,0,1125,6284.850,0.087091,0.947849,0.924628,0.971069,30,0.00046880,2,0.036189,0.060717,0.011660,0.964986,0.941701,0.988270,0.981580,0.980769,0.982391,0.013300,0.002129,0.018208,0.016477,0.000000,15,0,5,0,1
sun_moon,constrained,0,1150,6528.146,0.083418,0.950897,0.927011,0.974782,30,0.00056823,0,0.033989,0.058341,0.009637,0.967088,0.943873,0.990303,0.982635,0.981093,0.984176,0.012889,0.001854,0.018066,0.015208,0.000000,15,0,5,0,1
sun_moon,constrained,0,1175,6566.567,0.086904,0.948081,0.927980,0.968181,30,0.00048020,0,0.035455,0.057584,0.013325,0.965588,0.944577,0.986600,0.981250,0.981417,0.981083,0.012521,0.002511,0.017634,0.018427,0.000000,15,0,5,0,1
sun_moon,constrained,0,1200,6794.271,0.081753,0.951123,0.929359,0.972887,30,0.00043705,0,0.033810,0.058341,0.009280,0.967322,0.944007,0.990637,0.982747,0.983578,0.981916,0.012779,0.001665,0.015397,0.017320,0.000000,15,0,5,0,1
sun_moon,constrained,0,1225,6832.367,0.075635,0.954354,0.933429,0.975280,30,0.00046100,0,0.033606,0.056504,0.010708,0.967531,0.945809,0.989254,0.985947,0.986171,0.985723,0.012266,0.002010,0.012846,0.013731,0.000000,15,0,5,0,1
sun_moon,constrained,0,1250,7078.152,0.073008,0.956079,0.934787,0.977372,30,0.00050648,0,0.032417,0.055315,0.009518,0.968675,0.946904,0.990445,0.986585,0.986495,0.986675,0.012097,0.001783,0.012564,0.012639,0.000000,15,0,5,0,1
sun_moon,constrained,0,1275,7116.228,0.072069,0.956705,0.934297,0.979113,30,0.00058033,0,0.031114,0.054019,0.008209,0.969875,0.947998,0.991752,0.985959,0.984767,0.987151,0.011795,0.001561,0.014156,0.012047,0.000000,15,0,5,0,1
sun_moon,constrained,0,1300,7346.966,0.072832,0.956620,0.934393,0.978847,30,0.00058460,0,0.030346,0.053911,0.006782,0.970631,0.948097,0.993165,0.985126,0.984767,0.985485,0.011895,0.001317,0.013930,0.013690,0.000000,15,0,5,0,1
sun_moon,constrained,0,1325,7384.467,0.071811,0.956824,0.934576,0.979073,30,0.00055742,0,0.030757,0.055207,0.006306,0.970313,0.946986,0.993641,0.985709,0.986171,0.985247,0.011994,0.001236,0.012721,0.013713,0.000000,15,0,5,0,1
sun_moon,constrained,0,1350,7629.940,0.072075,0.956761,0.935147,0.978374,30,0.00055032,0,0.031481,0.056180,0.006782,0.969672,0.946181,0.993162,0.986346,0.987684,0.985009,0.012342,0.001298,0.011116,0.013981,0.000000,15,0,5,0,1
sun_moon,constrained,0,1375,7667.578,0.072717,0.955735,0.934124,0.977345,30,0.00057336,0,0.032254,0.056180,0.008328,0.968872,0.946125,0.991620,0.986044,0.986603,0.985485,0.012297,0.001539,0.012133,0.012872,0.000000,15,0,5,0,1
sun_moon,constrained,0,1400,7877.037,0.071385,0.957088,0.934869,0.979307,30,0.00057226,0,0.030589,0.054991,0.006187,0.970474,0.947188,0.993760,0.985823,0.986279,0.985366,0.012107,0.001254,0.012235,0.013190,0.000000,15,0,5,0,1
sun_moon,constrained,0,1425,7914.943,0.070092,0.957912,0.935771,0.980052,30,0.00053894,0,0.031319,0.054667,0.007971,0.969756,0.947516,0.991995,0.987396,0.986927,0.987864,0.012028,0.001511,0.012050,0.011253,0.000000,15,0,5,0,1
sun_moon,constrained,0,1450,8138.415,0.070216,0.957760,0.934418,0.981103,30,0.00054748,0,0.031670,0.055964,0.007377,0.969459,0.946327,0.992592,0.987526,0.986711,0.988340,0.012227,0.001417,0.012089,0.010928,0.000000,15,0,5,0,1
sun_moon,constrained,0,1475,8176.130,0.071072,0.957329,0.935815,0.978844,30,0.00050093,0,0.030179,0.053695,0.006663,0.970821,0.948358,0.993284,0.985714,0.986063,0.985366,0.011871,0.001301,0.012590,0.013303,0.000000,15,0,5,0,1
sun_moon,constrained,0,1500,8406.545,0.070553,0.957682,0.935917,0.979447,30,0.00052491,0,0.030476,0.053695,0.007258,0.970530,0.948364,0.992697,0.986363,0.986171,0.986556,0.011766,0.001419,0.012680,0.012564,0.000000,15,0,5,0,1
sun_moon,constrained,0,1525,8444.152,0.073468,0.955426,0.935388,0.975464,30,0.00052252,0,0.034272,0.055099,0.013444,0.966853,0.947123,0.986583,0.987753,0.986927,0.988578,0.012094,0.002546,0.011954,0.010712,0.000000,15,0,5,0,1
sun_moon,constrained,0,1550,8689.761,0.070157,0.958095,0.936974,0.979216,30,0.00048298,0,0.030001,0.052506,0.007496,0.970954,0.949449,0.992460,0.986363,0.986171,0.986556,0.011660,0.001422,0.012687,0.012561,0.000000,15,0,5,0,1
sun_moon,constrained,0,1575,8727.774,0.072661,0.955893,0.936756,0.975029,30,0.00048695,0,0.031202,0.052290,0.010113,0.969731,0.949625,0.989836,0.985314,0.985739,0.984890,0.011586,0.001842,0.013247,0.013400,0.000000,15,0,5,0,1
sun_moon,constrained,0,1600,8967.518,0.071829,0.956402,0.935679,0.977125,30,0.00047094,0,0.031098,0.053155,0.009042,0.969866,0.948819,0.990912,0.985688,0.985415,0.985961,0.011697,0.001635,0.013278,0.012836,0.000000,15,0,5,0,1
sun_moon,constrained,0,1625,9005.448,0.070593,0.956764,0.936469,0.977059,30,0.00041456,0,0.032823,0.054343,0.011303,0.968261,0.947832,0.988690,0.987731,0.987360,0.988102,0.011909,0.002047,0.011554,0.010733,0.000000,15,0,5,0,1
sun_moon,constrained,0,1650,9238.696,0.075213,0.954573,0.934307,0.974838,30,0.00048964,0,0.034687,0.057476,0.011898,0.966553,0.945024,0.988082,0.987222,0.988008,0.986437,0.012611,0.002312,0.010814,0.012684,0.000000,15,0,5,0,1
sun_moon,constrained,0,1675,9276.727,0.069831,0.957444,0.935619,0.979270,30,0.00055904,0,0.032822,0.055532,0.010113,0.968322,0.946763,0.989880,0.988374,0.987576,0.989173,0.012177,0.001869,0.010819,0.010151,0.000000,15,0,5,0,1
sun_moon,constrained,0,1700,9497.798,0.069669,0.957410,0.933715,0.981105,30,0.00058699,1,0.032648,0.057800,0.007496,0.968594,0.944714,0.992474,0.988071,0.987684,0.988459,0.012544,0.001358,0.010501,0.010844,0.000000,15,0,5,0,1
sun_moon,constrained,0,1725,9535.708,0.069658,0.957673,0.935685,0.979662,30,0.00060133,0,0.031399,0.056612,0.006187,0.969801,0.945840,0.993763,0.987189,0.988656,0.985723,0.012385,0.001084,0.009909,0.013148,0.000000,15,0,5,0,1
sun_moon,constrained,0,1750,9747.210,0.068964,0.958092,0.934518,0.981665,30,0.00059995,0,0.031707,0.057584,0.005830,0.969537,0.944944,0.994130,0.987860,0.988332,0.987388,0.012479,0.001034,0.010518,0.011590,0.000000,15,0,5,0,1
sun_moon,constrained,0,1775,9785.159,0.067340,0.959149,0.936623,0.981674,30,0.00063816,0,0.030757,0.055207,0.006306,0.970377,0.947096,0.993657,0.988098,0.988332,0.987864,0.012261,0.001019,0.010385,0.010823,0.000000,15,0,5,0,1
sun_moon,constrained,0,1800,10024.435,0.067385,0.958683,0.936381,0.980985,30,0.00060456,0,0.031832,0.056288,0.007377,0.969373,0.946155,0.992591,0.988655,0.989088,0.988221,0.012355,0.001186,0.009458,0.010779,0.000000,15,0,5,0,1
sun_moon,constrained,0,1825,10062.621,0.067222,0.959197,0.937187,0.981208,30,0.00059272,0,0.031367,0.056072,0.006663,0.969842,0.946384,0.993300,0.988741,0.989736,0.987745,0.012304,0.001146,0.008792,0.011639,0.000000,15,0,5,0,1
sun_moon,constrained,0,1850,10281.316,0.067336,0.959181,0.937021,0.981342,30,0.00060981,0,0.032108,0.056720,0.007496,0.969148,0.945820,0.992476,0.989433,0.990169,0.988697,0.012531,0.001200,0.009001,0.010417,0.000000,15,0,5,0,1
sun_moon,constrained,0,1875,10319.762,0.067563,0.958759,0.936305,0.981212,30,0.00063226,0,0.031810,0.056720,0.006901,0.969423,0.945781,0.993064,0.988698,0.989412,0.987983,0.012343,0.001182,0.009144,0.011331,0.000000,15,0,5,0,1
sun_moon,constrained,0,1900,10547.089,0.066174,0.960182,0.936809,0.983556,30,0.00055792,0,0.030297,0.054883,0.005711,0.970822,0.947385,0.994260,0.988698,0.988224,0.989173,0.012171,0.001075,0.010003,0.010108,0.000000,15,0,5,0,1
sun_moon,constrained,0,1925,10585.349,0.065955,0.960420,0.938108,0.982732,30,0.00057484,0,0.030146,0.054343,0.005949,0.970969,0.947919,0.994018,0.988833,0.989088,0.988578,0.011999,0.001079,0.009742,0.010780,0.000000,15,0,5,0,1
sun_moon,constrained,0,1950,10804.319,0.068033,0.959304,0.937506,0.981101,30,0.00050894,0,0.030908,0.054559,0.007258,0.970205,0.947701,0.992709,0.988439,0.988656,0.988221,0.012192,0.001293,0.010007,0.011249,0.000000,15,0,5,0,1
sun_moon,constrained,0,1975,10842.704,0.065915,0.960301,0.938443,0.982160,30,0.00055197,0,0.030033,0.053047,0.007020,0.971004,0.949056,0.992953,0.988639,0.988224,0.989054,0.011797,0.001256,0.010505,0.010093,0.000000,15,0,5,0,1
sun_moon,constrained,0,2000,11083.229,0.065832,0.959576,0.937231,0.981921,30,0.00057587,0,0.031000,0.055099,0.006901,0.970145,0.947221,0.993069,0.988785,0.988872,0.988697,0.011950,0.001186,0.009518,0.010638,0.000000,15,0,5,0,1
sun_moon,constrained,0,2025,11121.609,0.066829,0.959674,0.937218,0.982130,30,0.00058773,0,0.030119,0.054883,0.005354,0.971007,0.947407,0.994607,0.988022,0.988656,0.987388,0.012019,0.000953,0.009843,0.012064,0.000000,15,0,5,0,1
sun_moon,constrained,0,2050,11331.776,0.065391,0.959957,0.936353,0.983560,30,0.00053911,0,0.030038,0.054127,0.005949,0.971018,0.948013,0.994023,0.988223,0.987035,0.989411,0.011715,0.000999,0.011353,0.010027,0.000000,15,0,5,0,1
sun_moon,constrained,0,2075,11369.884,0.067193,0.959074,0.936693,0.981455,30,0.00050920,0,0.030962,0.054667,0.007258,0.970138,0.947565,0.992712,0.988239,0.987900,0.988578,0.012017,0.001251,0.010401,0.010789,0.000000,15,0,5,0,1
sun_moon,constrained,0,2100,11602.711,0.065416,0.959813,0.937346,0.982280,30,0.00054265,0,0.030363,0.053587,0.007139,0.970684,0.948532,0.992836,0.988434,0.987576,0.989292,0.011688,0.001216,0.010788,0.009858,0.000000,15,0,5,0,1
sun_moon,constrained,0,2125,11640.583,0.066312,0.959800,0.936736,0.982865,30,0.00048658,0,0.029374,0.051966,0.006782,0.971550,0.949906,0.993193,0.987472,0.985415,0.989530,0.011430,0.001236,0.012922,0.009713,0.000000,15,0,5,0,1
sun_moon,constrained,0,2150,11873.551,0.068438,0.959264,0.936839,0.981689,30,0.00085213,0,0.029552,0.051966,0.007139,0.971372,0.949911,0.992832,0.987110,0.985523,0.988697,0.011533,0.001330,0.013180,0.010748,0.000000,15,0,5,0,1
sun_moon,constrained,0,2175,11912.040,0.071155,0.957563,0.934809,0.980316,30,0.00012895,0,0.031709,0.054019,0.009399,0.969308,0.948025,0.990591,0.987418,0.985307,0.989530,0.012118,0.001678,0.013574,0.010205,0.000000,15,0,5,0,1
sun_moon,constrained,0,2200,12158.738,0.071484,0.956827,0.933593,0.980061,30,0.00016547,1,0.032152,0.055856,0.008447,0.968950,0.946375,0.991525,0.987040,0.985739,0.988340,0.012342,0.001484,0.012847,0.011145,0.000000,15,0,5,0,1
sun_moon,constrained,0,2225,12197.247,0.071343,0.956839,0.934651,0.979027,30,0.00016125,0,0.032266,0.054775,0.009756,0.968795,0.947363,0.990228,0.987213,0.985847,0.988578,0.012090,0.001792,0.012681,0.010937,0.000000,15,0,5,0,1
sun_moon,constrained,0,2250,12426.807,0.074386,0.955208,0.933620,0.976796,30,0.00010242,0,0.033200,0.056288,0.010113,0.967930,0.946005,0.989854,0.986423,0.986171,0.986675,0.012454,0.001892,0.012559,0.012628,0.000000,15,0,5,0,1
sun_moon,constrained,0,2275,12465.925,0.076259,0.954335,0.931869,0.976802,30,0.00010098,1,0.034022,0.057692,0.010351,0.967162,0.944703,0.989621,0.986272,0.985631,0.986913,0.012858,0.002010,0.013031,0.012149,0.000000,15,0,5,0,1
sun_moon,constrained,0,2300,12705.699,0.072822,0.956115,0.934069,0.978161,30,0.00014655,1,0.032394,0.056936,0.007852,0.968786,0.945473,0.992098,0.986547,0.987252,0.985842,0.012770,0.001370,0.011156,0.013086,0.000000,15,0,5,0,1
sun_moon,constrained,0,2325,12744.922,0.077006,0.953852,0.931855,0.975848,30,0.00012820,2,0.033676,0.057476,0.009875,0.967483,0.944888,0.990079,0.985450,0.985415,0.985485,0.012809,0.001930,0.012880,0.013625,0.000000,15,0,5,0,1
sun_moon,constrained,0,2350,12983.443,0.076790,0.954070,0.930415,0.977725,30,0.00012420,1,0.034199,0.058881,0.009518,0.967027,0.943605,0.990449,0.986115,0.985199,0.987032,0.013097,0.001822,0.013104,0.012446,0.000000,15,0,5,0,1
sun_moon,constrained,1,1,1.386,1.671405,0.189371,0.187563,0.191178,20,0.00048145,0,0.183818,0.172753,0.194884,0.549870,0.560110,0.539629,0.224200,0.219965,0.228435,0.039176,0.039451,0.774584,0.767648,0.000000,0,0,0,0,0
sun_moon,constrained,1,25,26.665,1.254268,0.343883,0.320031,0.367735,20,0.00000785,0,0.089310,0.101880,0.076740,0.806752,0.775850,0.837654,0.374295,0.352636,0.395955,0.022624,0.015215,0.642184,0.600084,0.000000,0,0,0,0,0
sun_moon,constrained,1,50,190.872,0.958195,0.490330,0.449682,0.530977,23,0.00016162,1,0.075160,0.086430,0.063891,0.874036,0.849681,0.898392,0.526725,0.488548,0.564902,0.019076,0.012454,0.506397,0.432017,0.000000,3,0,0,0,0
sun_moon,constrained,1,75,220.720,0.697713,0.623507,0.583250,0.663764,23,0.00033819,4,0.065214,0.078436,0.051993,0.909914,0.889126,0.930701,0.663636,0.628997,0.698275,0.017275,0.010183,0.366418,0.298721,0.000000,3,0,0,0,0
sun_moon,constrained,1,100,411.803,0.553980,0.698788,0.632184,0.765393,26,0.00077538,3,0.065088,0.080920,0.049256,0.918165,0.894119,0.942211,0.743217,0.683341,0.803093,0.017492,0.009549,0.313297,0.193469,0.000000,6,0,0,0,0
sun_moon,constrained,1,125,445.976,0.458890,0.748250,0.672120,0.824380,26,0.00169376,7,0.057615,0.069901,0.045330,0.930716,0.911406,0.950026,0.790425,0.719101,0.861749,0.015169,0.008728,0.277730,0.135239,0.000000,6,0,0,0,0
sun_moon,constrained,1,150,668.329,0.388481,0.785741,0.698860,0.872623,29,0.00097942,8,0.054608,0.070549,0.038667,0.936456,0.913830,0.959083,0.827264,0.748163,0.906365,0.015411,0.007474,0.248526,0.090817,0.000000,9,0,0,0,0
sun_moon,constrained,1,175,706.477,0.360291,0.801452,0.712615,0.890290,29,0.00122409,3,0.054624,0.071413,0.037835,0.937565,0.914467,0.960663,0.843739,0.763505,0.923974,0.015717,0.007119,0.233864,0.074164,0.000000,9,0,0,0,0
sun_moon,constrained,1,200,946.212,0.336193,0.815390,0.727901,0.902878,31,0.00093034,4,0.057800,0.078003,0.037597,0.935498,0.909580,0.961416,0.860752,0.784680,0.936823,0.017114,0.007243,0.212914,0.062485,0.000000,12,0,1,0,0
sun_moon,constrained,1,225,987.496,0.293518,0.836830,0.760586,0.913074,31,0.00175160,2,0.054356,0.076707,0.032005,0.940753,0.914355,0.967151,0.880612,0.818928,0.942296,0.016781,0.005862,0.178495,0.055703,0.000000,12,0,1,0,0
sun_moon,constrained,1,250,1252.214,0.256780,0.857325,0.797790,0.916860,33,0.00170596,1,0.051501,0.075519,0.027484,0.945380,0.919107,0.971653,0.900048,0.858038,0.942058,0.016539,0.005377,0.139854,0.056470,0.000000,15,0,2,0,0
sun_moon,constrained,1,275,1296.641,0.209311,0.882140,0.832982,0.931298,33,0.00091057,2,0.051880,0.075086,0.028673,0.946790,0.922640,0.970939,0.926764,0.895527,0.958001,0.016479,0.005731,0.102362,0.040659,0.000000,15,0,2,0,0
sun_moon,constrained,1,300,1578.214,0.161828,0.907044,0.874862,0.939226,35,0.00071806,4,0.053172,0.076599,0.029744,0.947477,0.924790,0.970164,0.954519,0.941876,0.967162,0.016715,0.005705,0.057209,0.032362,0.000000,17,0,2,0,1
sun_moon,constrained,1,325,1624.170,0.149676,0.913654,0.882684,0.944625,35,0.00071430,6,0.051317,0.075627,0.027008,0.949569,0.926223,0.972915,0.959788,0.949438,0.970137,0.016538,0.005437,0.049337,0.028515,0.000000,17,0,2,0,1
sun_moon,constrained,1,350,1905.762,0.144611,0.916235,0.882951,0.949518,33,0.00095740,4,0.054422,0.083621,0.025223,0.947185,0.919626,0.974744,0.965126,0.956785,0.973468,0.018332,0.004766,0.041996,0.025550,0.000000,17,0,4,0,1
sun_moon,constrained,1,375,1949.268,0.135721,0.918933,0.888768,0.949098,33,0.00096135,5,0.058621,0.088807,0.028435,0.943817,0.915942,0.971693,0.971891,0.967697,0.976086,0.019086,0.005130,0.030868,0.022325,0.000000,17,0,4,0,1
sun_moon,constrained,1,400,2215.252,0.136710,0.919235,0.892605,0.945865,33,0.00109636,4,0.058519,0.088483,0.028554,0.944009,0.916531,0.971486,0.972230,0.971586,0.972873,0.019240,0.005209,0.026939,0.026314,0.000000,17,0,4,0,1
sun_moon,constrained,1,425,2258.813,0.146353,0.913591,0.893849,0.933333,33,0.00081076,5,0.058491,0.089023,0.027960,0.943946,0.916209,0.971683,0.966426,0.973423,0.959429,0.019404,0.005032,0.025070,0.039168,0.000000,17,0,4,0,1
sun_moon,constrained,1,450,2541.989,0.144957,0.914941,0.896231,0.933650,33,0.00097732,4,0.058928,0.092156,0.025699,0.943909,0.913951,0.973866,0.968234,0.978825,0.957644,0.019929,0.004924,0.019865,0.041030,0.000000,17,0,4,0,1
sun_moon,constrained,1,475,2585.218,0.159661,0.907726,0.896091,0.919360,33,0.00090968,8,0.059307,0.091724,0.026889,0.943292,0.914277,0.972307,0.961183,0.978284,0.944081,0.020041,0.005307,0.020825,0.054477,0.000000,17,0,4,0,1
sun_moon,constrained,1,500,2866.259,0.141199,0.917255,0.904581,0.929928,33,0.00105560,7,0.054839,0.082433,0.027246,0.947309,0.922349,0.972269,0.967207,0.979149,0.955265,0.018051,0.005164,0.019731,0.043477,0.000000,17,0,4,0,1
sun_moon,constrained,1,525,2909.597,0.137396,0.919578,0.904910,0.934246,33,0.00125350,6,0.052078,0.078220,0.025937,0.949717,0.925782,0.973652,0.967084,0.975691,0.958477,0.017054,0.005084,0.022754,0.040378,0.000000,17,0,4,0,1
sun_moon,constrained,1,550,3191.281,0.140373,0.916751,0.901988,0.931513,33,0.00099182,5,0.054894,0.081353,0.028435,0.947094,0.923014,0.971174,0.966684,0.975367,0.958001,0.017466,0.005346,0.023364,0.040588,0.000000,17,0,4,0,1
sun_moon,constrained,1,575,3234.684,0.134207,0.921452,0.911753,0.931151,33,0.00110699,2,0.047378,0.070009,0.024747,0.953882,0.933044,0.974720,0.964889,0.975583,0.954194,0.015364,0.004852,0.023281,0.044112,0.000000,17,0,4,0,1
sun_moon,constrained,1,600,3513.299,0.123037,0.926774,0.919666,0.933882,33,0.00129139,3,0.042722,0.059745,0.025699,0.958056,0.942239,0.973872,0.966247,0.974611,0.957882,0.012771,0.005022,0.024166,0.040364,0.000000,17,0,4,0,1
sun_moon,constrained,1,625,3556.379,0.115744,0.930536,0.924325,0.936747,33,0.00131065,3,0.039595,0.052182,0.027008,0.960885,0.949077,0.972693,0.967302,0.972558,0.962046,0.011048,0.005349,0.025712,0.036285,0.000000,17,0,4,0,1
sun_moon,constrained,1,650,3836.482,0.116614,0.930677,0.922031,0.939323,33,0.00115520,5,0.036249,0.048941,0.023557,0.963959,0.951834,0.976084,0.964304,0.967156,0.961452,0.010397,0.004708,0.031551,0.036701,0.000000,17,0,4,0,1
sun_moon,constrained,1,675,3879.740,0.110980,0.932628,0.924408,0.940849,33,0.00105858,3,0.037434,0.049049,0.025818,0.962901,0.951856,0.973946,0.967445,0.969749,0.965140,0.010560,0.004662,0.028454,0.033146,0.000000,17,0,4,0,1
sun_moon,constrained,1,700,4160.582,0.111891,0.932223,0.920788,0.943657,33,0.00092902,3,0.038545,0.052939,0.024152,0.961922,0.948225,0.975619,0.967991,0.969533,0.966449,0.011082,0.004528,0.029283,0.031880,0.000000,17,0,4,0,1
sun_moon,constrained,1,725,4203.552,0.103734,0.937311,0.925797,0.948825,33,0.00090280,4,0.037086,0.051210,0.022963,0.963450,0.950011,0.976889,0.971910,0.973207,0.970613,0.010807,0.004396,0.025978,0.027770,0.000000,17,0,4,0,1
sun_moon,constrained,1,750,4476.606,0.100840,0.939159,0.928417,0.949901,33,0.00083004,4,0.036572,0.051966,0.021178,0.964057,0.949480,0.978634,0.973341,0.976664,0.970018,0.011033,0.004212,0.022211,0.028206,0.000000,17,0,4,0,1
sun_moon,constrained,1,775,4520.196,0.103957,0.937625,0.932997,0.942254,33,0.00072331,4,0.034783,0.049697,0.019869,0.965724,0.951706,0.979743,0.970170,0.979365,0.960976,0.010564,0.003976,0.019769,0.037014,0.000000,17,0,4,0,1
sun_moon,constrained,1,800,4800.623,0.106775,0.936059,0.938871,0.933248,33,0.00067538,3,0.034689,0.044512,0.024866,0.965621,0.956581,0.974661,0.968558,0.980661,0.956454,0.009545,0.004899,0.018378,0.041957,0.000000,17,0,4,0,1
sun_moon,constrained,1,825,4844.281,0.105192,0.936496,0.938645,0.934348,33,0.00059131,3,0.034051,0.044188,0.023914,0.966237,0.956861,0.975613,0.968407,0.980121,0.956692,0.009297,0.004557,0.019090,0.041916,0.000000,17,0,4,0,1
sun_moon,constrained,1,850,5116.266,0.109265,0.933529,0.937435,0.929623,33,0.00062306,3,0.035451,0.044728,0.026175,0.964809,0.956325,0.973294,0.966660,0.979365,0.953956,0.009393,0.004998,0.018519,0.044838,0.000000,17,0,4,0,1
sun_moon,constrained,1,875,5159.700,0.114569,0.930671,0.935942,0.925399,33,0.00052457,1,0.038861,0.049049,0.028673,0.961590,0.952421,0.970760,0.966891,0.981850,0.951933,0.010107,0.005684,0.016779,0.046946,0.000000,17,0,4,0,1
sun_moon,constrained,1,900,5439.768,0.107918,0.934209,0.940525,0.927892,33,0.00043747,1,0.035403,0.044512,0.026294,0.964893,0.956654,0.973131,0.967340,0.982390,0.952290,0.009099,0.005160,0.016338,0.046195,0.000000,17,0,4,0,1
sun_moon,constrained,1,925,5483.135,0.112725,0.931740,0.940617,0.922863,33,0.00044260,1,0.036544,0.044296,0.028792,0.963709,0.956851,0.970567,0.965858,0.982282,0.949435,0.009191,0.005512,0.017024,0.049069,0.000000,17,0,4,0,1
sun_moon,constrained,1,950,5760.631,0.116130,0.930417,0.939109,0.921725,33,0.00054199,1,0.037041,0.045052,0.029030,0.963206,0.956110,0.970302,0.964950,0.981417,0.948483,0.009728,0.005490,0.017552,0.050188,0.000000,17,0,4,0,1
sun_moon,constrained,1,975,5803.451,0.116564,0.929369,0.937049,0.921689,33,0.00054842,3,0.037721,0.046889,0.028554,0.962572,0.954383,0.970760,0.964496,0.980985,0.948007,0.009712,0.005453,0.017398,0.051031,0.000000,17,0,4,0,1
sun_moon,constrained,1,1000,6080.804,0.124515,0.925344,0.939322,0.911366,33,0.00048376,2,0.040724,0.045160,0.036288,0.959511,0.956023,0.962999,0.963090,0.981742,0.944438,0.009426,0.007123,0.017237,0.054540,0.000000,17,0,4,0,1
sun_moon,constrained,1,1025,6123.460,0.117872,0.929360,0.942407,0.916313,33,0.00045254,1,0.040417,0.042999,0.037835,0.959913,0.958088,0.961737,0.966956,0.982930,0.950982,0.009145,0.007439,0.016459,0.047823,0.000000,17,0,4,0,1
sun_moon,constrained,1,1050,6402.978,0.111576,0.932065,0.944185,0.919945,33,0.00042101,3,0.039369,0.041379,0.037359,0.960972,0.959616,0.962328,0.968784,0.983254,0.954313,0.008501,0.007358,0.015811,0.044398,0.000000,17,0,4,0,1
sun_moon,unconstrained,0,1,1.371,1.564453,0.215965,0.224939,0.206992,20,0.00003395,0,0.140330,0.157519,0.123141,0.638396,0.623061,0.653730,0.246426,0.260372,0.232481,0.035857,0.024603,0.733500,0.762915,0.000000,0,0,0,0,0
sun_moon,unconstrained,0,25,27.093,1.138191,0.406571,0.416202,0.396939,20,0.00017126,1,0.094603,0.124244,0.064961,0.828491,0.790184,0.866797,0.445319,0.467913,0.422725,0.028152,0.012941,0.526590,0.573564,0.000000,0,0,0,0,0
sun_moon,unconstrained,0,50,197.606,0.863845,0.547847,0.533498,0.562197,23,0.00132468,3,0.095926,0.136884,0.054967,0.865526,0.815870,0.915183,0.599812,0.606525,0.593099,0.030577,0.010763,0.389570,0.403869,0.000000,3,0,0,0,0
sun_moon,unconstrained,0,75,228.400,0.718857,0.619455,0.594597,0.644312,23,0.00057649,2,0.090579,0.123812,0.057347,0.883018,0.843678,0.922358,0.674738,0.668215,0.681261,0.027549,0.011275,0.327971,0.315013,0.000000,3,0,0,0,0
sun_moon,unconstrained,0,100,418.430,0.605451,0.678622,0.624009,0.733234,25,0.00048010,3,0.087227,0.131266,0.043189,0.894880,0.843206,0.946555,0.735411,0.705920,0.764902,0.028980,0.008479,0.290179,0.232332,0.000000,6,0,1,0,0
sun_moon,unconstrained,0,125,451.215,0.506789,0.732144,0.645564,0.818724,25,0.00090976,4,0.086571,0.134831,0.038311,0.900720,0.844563,0.956877,0.791348,0.732606,0.850089,0.030308,0.007592,0.264237,0.146557,0.000000,6,0,1,0,0
sun_moon,unconstrained,0,150,651.635,0.433516,0.770449,0.666920,0.873979,27,0.00030486,4,0.086147,0.138505,0.033789,0.904839,0.845728,0.963950,0.831401,0.759291,0.903510,0.030938,0.006714,0.236796,0.094043,0.000000,9,0,2,0,0
sun_moon,unconstrained,0,175,687.056,0.373803,0.799314,0.706524,0.892104,27,0.00050648,1,0.075807,0.119490,0.032124,0.917522,0.868755,0.966288,0.855854,0.790946,0.920761,0.026822,0.006136,0.206217,0.076893,0.000000,9,0,2,0,0
sun_moon,unconstrained,0,200,909.190,0.335874,0.817510,0.735836,0.899184,26,0.00058364,1,0.074318,0.113656,0.034979,0.920987,0.878198,0.963775,0.875052,0.819468,0.930637,0.025318,0.006518,0.178404,0.066990,0.000000,9,0,3,0,0
sun_moon,unconstrained,0,225,943.518,0.298839,0.837092,0.766311,0.907872,26,0.00054201,2,0.066871,0.104473,0.029268,0.929878,0.890126,0.969630,0.890407,0.846370,0.934444,0.023321,0.005790,0.151832,0.063346,0.000000,9,0,3,0,0
sun_moon,unconstrained,0,250,1164.798,0.280414,0.845577,0.777854,0.913299,26,0.00077684,1,0.063636,0.096694,0.030577,0.933364,0.898191,0.968536,0.897147,0.853068,0.941225,0.021561,0.005853,0.144591,0.056719,0.000000,9,0,3,0,0
sun_moon,unconstrained,0,275,1199.199,0.268596,0.851901,0.782411,0.921392,26,0.00072908,1,0.061551,0.090860,0.032243,0.935499,0.903787,0.967211,0.902300,0.853500,0.951101,0.020321,0.006267,0.144397,0.047127,0.000000,9,0,3,0,0
sun_moon,unconstrained,0,300,1417.167,0.290510,0.838170,0.788331,0.888009,27,0.00050528,2,0.068444,0.085134,0.051755,0.928492,0.909488,0.947495,0.894706,0.855445,0.933968,0.019105,0.010029,0.142373,0.063486,0.000000,9,1,3,0,0
sun_moon,unconstrained,0,325,1452.672,0.243358,0.864404,0.790476,0.938333,27,0.00026857,4,0.056865,0.077679,0.036050,0.940339,0.916434,0.964244,0.912020,0.851880,0.972159,0.017558,0.007046,0.145583,0.026186,0.000000,9,1,3,0,0
sun_moon,unconstrained,0,350,1682.559,0.223675,0.875034,0.799439,0.950630,30,0.00024624,1,0.058281,0.077895,0.038667,0.939706,0.917098,0.962314,0.924550,0.861711,0.987388,0.017368,0.007651,0.136885,0.011374,0.000000,12,1,3,0,0
sun_moon,unconstrained,0,375,1722.438,0.201869,0.886470,0.818400,0.954540,30,0.00016893,1,0.056491,0.079192,0.033789,0.942303,0.917714,0.966892,0.935002,0.883211,0.986794,0.017851,0.006562,0.114554,0.011960,0.000000,12,1,3,0,0
sun_moon,unconstrained,0,400,1979.238,0.158893,0.908259,0.858122,0.958396,33,0.00017897,2,0.051887,0.071413,0.032362,0.948126,0.927925,0.968328,0.954407,0.919404,0.989411,0.015730,0.006417,0.078144,0.009675,0.000000,15,1,3,0,1
sun_moon,unconstrained,0,425,2023.410,0.128136,0.926104,0.887794,0.964414,33,0.00029597,2,0.045186,0.063959,0.026413,0.955297,0.936583,0.974011,0.967232,0.944576,0.989887,0.014274,0.005327,0.053950,0.009791,0.000000,15,1,3,0,1
sun_moon,unconstrained,0,450,2295.089,0.108492,0.936814,0.902876,0.970753,35,0.00022332,2,0.043913,0.066768,0.021059,0.957184,0.935173,0.979196,0.977177,0.963159,0.991196,0.014912,0.004193,0.035932,0.008018,0.000000,18,1,4,0,1
sun_moon,unconstrained,0,475,2341.959,0.097558,0.941788,0.912968,0.970609,35,0.00026442,2,0.039494,0.058881,0.020107,0.961343,0.942589,0.980097,0.978425,0.966724,0.990125,0.013139,0.003861,0.031607,0.008583,0.000000,18,1,4,0,1
sun_moon,unconstrained,0,500,2630.129,0.085840,0.947935,0.924505,0.971365,34,0.00023140,1,0.037696,0.053263,0.022130,0.963168,0.948138,0.978197,0.983304,0.973747,0.992861,0.011593,0.004259,0.024492,0.007297,0.000000,18,1,5,0,1
sun_moon,unconstrained,0,525,2675.359,0.084852,0.948971,0.923982,0.973961,34,0.00019198,1,0.037441,0.055964,0.018917,0.963524,0.945753,0.981294,0.984038,0.975691,0.992385,0.012264,0.003774,0.022488,0.007494,0.000000,18,1,5,0,1
sun_moon,unconstrained,0,550,2936.027,0.080275,0.951852,0.929060,0.974644,33,0.00024908,3,0.038326,0.058449,0.018203,0.962942,0.943897,0.981987,0.987874,0.983362,0.992385,0.012790,0.003714,0.015348,0.007638,0.000000,18,1,6,0,1
sun_moon,unconstrained,0,575,2980.145,0.076266,0.952642,0.933922,0.971362,33,0.00041906,1,0.037475,0.052939,0.022011,0.963613,0.948916,0.978309,0.988052,0.983362,0.992742,0.011686,0.003829,0.015368,0.006988,0.000000,18,1,6,0,1
sun_moon,unconstrained,0,600,3264.918,0.072186,0.956897,0.937223,0.976570,33,0.00068249,3,0.032696,0.049806,0.015586,0.968173,0.951819,0.984528,0.987846,0.983902,0.991791,0.011057,0.003275,0.014768,0.007581,0.000000,18,1,6,0,1
sun_moon,unconstrained,0,625,3309.225,0.070243,0.958116,0.941564,0.974667,33,0.00080426,3,0.033724,0.048293,0.019155,0.967218,0.953355,0.981081,0.990186,0.987035,0.993337,0.010904,0.003870,0.011741,0.006584,0.000000,18,1,6,0,1
sun_moon,unconstrained,0,650,3575.055,0.068569,0.957659,0.942471,0.972847,33,0.00071622,3,0.033482,0.046024,0.020940,0.967375,0.955397,0.979352,0.989533,0.985847,0.993218,0.010043,0.003970,0.012870,0.006710,0.000000,18,1,6,0,1
sun_moon,unconstrained,0,675,3618.424,0.066988,0.957196,0.941797,0.972595,33,0.00072167,3,0.032639,0.045052,0.020226,0.968127,0.956230,0.980024,0.988246,0.984226,0.992267,0.009305,0.003840,0.013862,0.007429,0.000000,18,1,6,0,1
sun_moon,unconstrained,0,700,3867.383,0.065073,0.958500,0.943484,0.973515,33,0.00060141,3,0.031753,0.043755,0.019750,0.968976,0.957458,0.980494,0.988755,0.984767,0.992742,0.009092,0.003647,0.013785,0.007094,0.000000,18,1,6,0,1
sun_moon,unconstrained,0,725,3911.560,0.066126,0.960108,0.944651,0.975564,33,0.00057147,3,0.030952,0.044296,0.017609,0.969800,0.957028,0.982572,0.989619,0.986495,0.992742,0.009780,0.003585,0.012593,0.006974,0.000000,18,1,6,0,1
sun_moon,unconstrained,0,750,4145.175,0.060953,0.962603,0.949616,0.975590,33,0.00048703,0,0.029327,0.039974,0.018679,0.971324,0.961098,0.981551,0.990694,0.987576,0.993813,0.008831,0.003639,0.011164,0.006303,0.000000,18,1,6,0,1
sun_moon,unconstrained,0,775,4188.689,0.064547,0.960178,0.945935,0.974422,33,0.00051983,3,0.030893,0.043107,0.018679,0.969835,0.958141,0.981529,0.989667,0.986711,0.992623,0.009151,0.003888,0.012015,0.007142,0.000000,18,1,6,0,1
sun_moon,unconstrained,0,800,4422.972,0.063636,0.960747,0.947733,0.973761,33,0.00043406,1,0.032045,0.043863,0.020226,0.968796,0.957545,0.980047,0.991380,0.989304,0.993456,0.009802,0.003703,0.009738,0.006611,0.000000,18,1,6,0,1
sun_moon,unconstrained,0,825,4466.076,0.058375,0.963569,0.953258,0.973881,33,0.00043829,0,0.029079,0.037813,0.020345,0.971561,0.963185,0.979937,0.991499,0.989304,0.993694,0.008277,0.003850,0.009686,0.006326,0.000000,18,1,6,0,1
sun_moon,unconstrained,0,850,4695.256,0.059281,0.963528,0.953532,0.973525,33,0.00043765,0,0.028528,0.036949,0.020107,0.972066,0.963977,0.980155,0.990932,0.988764,0.993099,0.008286,0.003936,0.010104,0.006536,0.000000,18,1,6,0,1
sun_moon,unconstrained,0,875,4738.767,0.060402,0.962441,0.951717,0.973165,33,0.00041346,1,0.028998,0.038245,0.019750,0.971612,0.962737,0.980487,0.990251,0.988116,0.992385,0.008623,0.003718,0.010521,0.006906,0.000000,18,1,6,0,1
sun_moon,unconstrained,0,900,4980.334,0.055494,0.966085,0.954906,0.977265,32,0.00051296,1,0.025117,0.035004,0.015229,0.975338,0.965794,0.984882,0.990240,0.988332,0.992148,0.007907,0.002950,0.010211,0.007621,0.000000,18,1,7,0,1
sun_moon,unconstrained,0,925,5023.315,0.058594,0.963468,0.951484,0.975453,32,0.00038217,2,0.027776,0.037705,0.017847,0.972780,0.963217,0.982343,0.990110,0.987360,0.992861,0.008124,0.003580,0.011388,0.006602,0.000000,18,1,7,0,1
sun_moon,unconstrained,0,950,5278.679,0.053791,0.965684,0.954683,0.976684,31,0.00045769,0,0.025074,0.034680,0.015467,0.975363,0.966082,0.984644,0.989791,0.987792,0.991791,0.007280,0.002974,0.011021,0.007375,0.000000,18,1,8,0,1
sun_moon,unconstrained,0,975,5320.461,0.056273,0.963511,0.952762,0.974260,31,0.00031483,4,0.027624,0.038354,0.016895,0.972956,0.962679,0.983233,0.990012,0.989304,0.990720,0.007887,0.003121,0.009704,0.008545,0.000000,18,1,8,0,1
sun_moon,unconstrained,0,1000,5561.985,0.055287,0.965503,0.954930,0.976076,30,0.00011385,1,0.023841,0.033168,0.014515,0.976514,0.967475,0.985554,0.988424,0.986603,0.990244,0.007285,0.002721,0.012547,0.008770,0.000000,18,1,9,0,1
sun_moon,unconstrained,0,1025,5602.803,0.055329,0.965081,0.955085,0.975076,30,0.00028692,2,0.026754,0.036733,0.016776,0.973795,0.964229,0.983361,0.990801,0.990169,0.991434,0.007874,0.003192,0.009165,0.007827,0.000000,18,1,9,0,1
sun_moon,unconstrained,0,1050,5850.389,0.053392,0.965809,0.957112,0.974506,30,0.00033556,2,0.026350,0.035328,0.017371,0.974178,0.965575,0.982781,0.991179,0.990925,0.991434,0.007291,0.003582,0.007880,0.007691,0.000000,18,1,9,0,1
sun_moon,unconstrained,0,1075,5891.224,0.055091,0.964940,0.956408,0.973472,30,0.00029292,2,0.027031,0.035977,0.018084,0.973521,0.964962,0.982080,0.990947,0.990817,0.991077,0.007558,0.003638,0.008199,0.008002,0.000000,18,1,9,0,1
sun_moon,unconstrained,0,1100,6112.537,0.052803,0.968043,0.961212,0.974874,30,0.00015466,2,0.024330,0.030575,0.018084,0.976082,0.970059,0.982105,0.991553,0.990601,0.992504,0.006951,0.003786,0.008477,0.007124,0.000000,18,1,9,0,1
sun_moon,unconstrained,0,1125,6153.084,0.053615,0.967145,0.959987,0.974302,30,0.00008968,1,0.025000,0.031439,0.018560,0.975433,0.969226,0.981641,0.991277,0.990169,0.992385,0.007133,0.003737,0.008981,0.007043,0.000000,18,1,9,0,1
sun_moon,unconstrained,0,1150,6388.318,0.055419,0.965661,0.955786,0.975536,30,0.00034100,1,0.025009,0.033600,0.016419,0.975409,0.967107,0.983711,0.989726,0.987900,0.991553,0.007589,0.003019,0.011357,0.007520,0.000000,18,1,9,0,1
sun_moon,unconstrained,0,1175,6428.404,0.052472,0.967488,0.956137,0.978838,30,0.00032858,2,0.024483,0.036949,0.012017,0.976043,0.964072,0.988015,0.991033,0.991465,0.990601,0.007972,0.002562,0.008003,0.007908,0.000000,18,1,9,0,1
sun_moon,unconstrained,0,1200,6634.442,0.049464,0.968454,0.959427,0.977481,30,0.00033324,5,0.023782,0.033168,0.014396,0.976656,0.967623,0.985689,0.991401,0.991249,0.991553,0.006911,0.002956,0.007601,0.007630,0.000000,18,1,9,0,1
sun_moon,unconstrained,0,1225,6674.640,0.051389,0.966471,0.960706,0.972235,30,0.00032599,2,0.024088,0.028306,0.019869,0.976250,0.972145,0.980355,0.989726,0.987900,0.991553,0.006226,0.003524,0.010509,0.007338,0.000000,18,1,9,0,1
sun_moon,unconstrained,0,1250,6860.436,0.052198,0.967795,0.963235,0.972355,29,0.00022795,1,0.024255,0.028522,0.019988,0.976130,0.972016,0.980245,0.991250,0.990709,0.991791,0.006442,0.003981,0.008405,0.007725,0.000000,18,1,10,0,1
sun_moon,unconstrained,0,1275,6899.397,0.052163,0.967375,0.958534,0.976216,29,0.00035913,2,0.023615,0.031763,0.015467,0.976760,0.968882,0.984637,0.990147,0.988980,0.991315,0.006955,0.002900,0.010483,0.007777,0.000000,18,1,10,0,1
sun_moon,unconstrained,0,1300,7128.698,0.051372,0.967945,0.958307,0.977582,29,0.00048638,3,0.022507,0.031331,0.013682,0.977827,0.969273,0.986381,0.989645,0.988332,0.990958,0.006729,0.002751,0.010752,0.008031,0.000000,18,1,10,0,1
sun_moon,unconstrained,0,1325,7167.719,0.051769,0.967111,0.960537,0.973684,29,0.00038858,2,0.023319,0.029386,0.017252,0.977009,0.971138,0.982881,0.989623,0.988764,0.990482,0.006366,0.003271,0.010174,0.008496,0.000000,18,1,10,0,1
sun_moon,unconstrained,0,1350,7364.218,0.050697,0.968009,0.961644,0.974374,29,0.00047309,1,0.022433,0.028090,0.016776,0.977861,0.972373,0.983349,0.989688,0.988656,0.990720,0.006370,0.002980,0.010295,0.008266,0.000000,18,1,10,0,1
sun_moon,unconstrained,0,1375,7402.622,0.051710,0.966607,0.959271,0.973943,29,0.00042211,2,0.025037,0.031871,0.018203,0.975390,0.968806,0.981975,0.990758,0.989844,0.991672,0.006584,0.003540,0.009040,0.007592,0.000000,18,1,10,0,1
sun_moon,unconstrained,0,1400,7622.007,0.051255,0.967628,0.961676,0.973580,29,0.00038262,3,0.023341,0.028954,0.017728,0.976997,0.971571,0.982423,0.990180,0.989520,0.990839,0.006379,0.003517,0.009290,0.007778,0.000000,18,1,10,0,1
sun_moon,unconstrained,0,1425,7660.689,0.049135,0.967715,0.961178,0.974251,29,0.00039022,4,0.021720,0.026901,0.016538,0.978522,0.973468,0.983576,0.988699,0.987035,0.990363,0.005607,0.003142,0.011183,0.008112,0.000000,18,1,10,0,1
sun_moon,unconstrained,0,1450,7873.999,0.045178,0.970696,0.964034,0.977358,29,0.00038977,3,0.020746,0.027334,0.014158,0.979530,0.973142,0.985917,0.990790,0.990385,0.991196,0.005515,0.002853,0.008450,0.007975,0.000000,18,1,10,0,1
sun_moon,unconstrained,0,1475,7912.816,0.047089,0.970933,0.964259,0.977606,29,0.00082680,3,0.019747,0.024741,0.014753,0.980460,0.975573,0.985346,0.990072,0.988116,0.992029,0.005465,0.002984,0.010743,0.007140,0.000000,18,1,10,0,1
sun_moon,unconstrained,0,1500,8133.962,0.042855,0.973480,0.967388,0.979573,29,0.00124216,2,0.018552,0.023660,0.013444,0.981652,0.976665,0.986638,0.991509,0.990277,0.992742,0.005232,0.002740,0.008282,0.006478,0.000000,18,1,10,0,1
sun_moon,unconstrained,0,1525,8172.713,0.046809,0.970572,0.961922,0.979223,29,0.00115670,2,0.021745,0.029927,0.013563,0.978598,0.970679,0.986518,0.991607,0.990709,0.992504,0.006384,0.002642,0.008175,0.006830,0.000000,18,1,10,0,1
sun_moon,unconstrained,0,1550,8378.842,0.046072,0.970083,0.961163,0.979003,29,0.00111234,2,0.021778,0.029278,0.014277,0.978541,0.971256,0.985826,0.991142,0.989304,0.992980,0.005823,0.002788,0.009526,0.006358,0.000000,18,1,10,0,1
sun_moon,unconstrained,0,1575,8417.326,0.047045,0.968543,0.957993,0.979093,29,0.00096035,0,0.022150,0.031331,0.012968,0.978178,0.969263,0.987093,0.989899,0.988008,0.991791,0.005949,0.002527,0.010940,0.006682,0.000000,18,1,10,0,1
sun_moon,unconstrained,0,1600,8627.665,0.044770,0.970822,0.961381,0.980263,29,0.00097851,1,0.021112,0.029494,0.012731,0.979200,0.971062,0.987339,0.991239,0.989736,0.992742,0.005724,0.002520,0.009546,0.006460,0.000000,18,1,10,0,1
sun_moon,unconstrained,0,1625,8666.122,0.049303,0.968064,0.959550,0.976578,29,0.00102771,1,0.022124,0.028306,0.015943,0.978149,0.972113,0.984185,0.989429,0.986711,0.992148,0.006115,0.002880,0.011406,0.006595,0.000000,18,1,10,0,1
sun_moon,unconstrained,0,1650,8885.471,0.046140,0.969599,0.959286,0.979911,29,0.00094617,0,0.021166,0.029602,0.012731,0.979117,0.970901,0.987334,0.990035,0.987684,0.992385,0.005664,0.002562,0.011365,0.006262,0.000000,18,1,10,0,1
sun_moon,unconstrained,0,1675,8923.530,0.048038,0.970190,0.964127,0.976252,29,0.00095336,0,0.020499,0.023984,0.017014,0.979717,0.976282,0.983153,0.990056,0.987252,0.992861,0.005387,0.003249,0.011678,0.006411,0.000000,18,1,10,0,1
sun_moon,unconstrained,0,1700,9142.122,0.044237,0.972622,0.965910,0.979333,29,0.00094054,0,0.018433,0.023660,0.013206,0.981748,0.976630,0.986865,0.990515,0.988764,0.992267,0.005192,0.002735,0.010207,0.006504,0.000000,18,1,10,0,1
sun_moon,unconstrained,0,1725,9180.194,0.042030,0.974524,0.968308,0.980740,29,0.00095012,0,0.017888,0.022688,0.013087,0.982301,0.977602,0.986999,0.991926,0.990277,0.993575,0.005217,0.002711,0.008667,0.005580,0.000000,18,1,10,0,1
sun_moon,unconstrained,0,1750,9389.058,0.046212,0.971702,0.965441,0.977963,29,0.00092074,0,0.020190,0.025389,0.014991,0.980058,0.974995,0.985122,0.991288,0.989952,0.992623,0.005811,0.002958,0.009309,0.006248,0.000000,18,1,10,0,1
sun_moon,unconstrained,0,1775,9427.013,0.045397,0.971341,0.965862,0.976820,29,0.00092767,0,0.020844,0.025389,0.016300,0.979426,0.975005,0.983846,0.991564,0.990385,0.992742,0.005563,0.003075,0.008971,0.006197,0.000000,18,1,10,0,1
sun_moon,unconstrained,0,1800,9614.372,0.047808,0.970342,0.962943,0.977741,29,0.00092779,0,0.020920,0.026253,0.015586,0.979334,0.974121,0.984546,0.990602,0.988224,0.992980,0.005620,0.003248,0.010801,0.006129,0.000000,18,1,10,0,1
sun_moon,unconstrained,0,1825,9652.655,0.051102,0.967258,0.959094,0.975421,29,0.00092887,1,0.023286,0.030035,0.016538,0.977045,0.970495,0.983595,0.989726,0.987900,0.991553,0.006505,0.003062,0.010823,0.006965,0.000000,18,1,10,0,1
sun_moon,unconstrained,0,1850,9848.872,0.050684,0.967321,0.958631,0.976012,28,0.00092988,1,0.022865,0.028954,0.016776,0.977430,0.971483,0.983377,0.989386,0.986387,0.992385,0.006279,0.002967,0.012163,0.006445,0.000000,18,1,11,0,1
sun_moon,unconstrained,0,1875,9886.183,0.052988,0.966682,0.956567,0.976796,28,0.00062225,1,0.022524,0.029818,0.015229,0.977747,0.970620,0.984875,0.988381,0.985091,0.991672,0.006267,0.002868,0.014019,0.007835,0.000000,18,1,11,0,1
sun_moon,unconstrained,0,1900,10102.940,0.050295,0.968776,0.959492,0.978059,28,0.00060866,0,0.021767,0.029494,0.014039,0.978524,0.971007,0.986042,0.989791,0.987792,0.991791,0.006455,0.002855,0.011124,0.007048,0.000000,18,1,11,0,1
sun_moon,unconstrained,0,1925,10139.662,0.044716,0.972239,0.965615,0.978863,28,0.00136986,1,0.018757,0.024309,0.013206,0.981436,0.976013,0.986859,0.990439,0.989088,0.991791,0.005509,0.002520,0.009691,0.006811,0.000000,18,1,11,0,1
sun_moon,unconstrained,0,1950,10340.178,0.044773,0.970870,0.961846,0.979894,28,0.00106688,0,0.019886,0.027874,0.011898,0.980361,0.972579,0.988143,0.990104,0.988656,0.991553,0.005578,0.002303,0.009726,0.007671,0.000000,18,1,11,0,1
sun_moon,unconstrained,0,1975,10377.154,0.046435,0.971579,0.964165,0.978993,28,0.00159980,1,0.019433,0.025065,0.013801,0.980776,0.975267,0.986285,0.990418,0.988332,0.992504,0.005344,0.002782,0.010855,0.006989,0.000000,18,1,11,0,1
sun_moon,unconstrained,0,2000,10573.841,0.043446,0.973032,0.965343,0.980722,27,0.00119167,0,0.018870,0.025605,0.012136,0.981356,0.974790,0.987922,0.991342,0.990061,0.992623,0.005626,0.002441,0.008799,0.006279,0.000000,18,1,12,0,1
sun_moon,unconstrained,0,2025,10609.506,0.044263,0.972131,0.965042,0.979220,27,0.00103779,0,0.019741,0.026037,0.013444,0.980506,0.974378,0.986634,0.991277,0.990169,0.992385,0.005512,0.002575,0.008971,0.007056,0.000000,18,1,12,0,1
sun_moon,unconstrained,1,1,1.401,1.789676,0.146804,0.177756,0.115852,20,0.00153439,0,0.203054,0.240493,0.165616,0.463736,0.478322,0.449149,0.177772,0.220506,0.135039,0.054713,0.033380,0.774757,0.860207,0.000000,0,0,0,0,0
sun_moon,unconstrained,1,25,27.647,1.416168,0.268026,0.322170,0.213882,20,0.00033718,3,0.103321,0.113008,0.093635,0.737248,0.760367,0.714130,0.296243,0.358578,0.233908,0.025452,0.018528,0.635957,0.761384,0.000000,0,0,0,0,0
sun_moon,unconstrained,1,50,196.431,1.173292,0.387170,0.440640,0.333699,23,0.00024906,2,0.095688,0.107498,0.083879,0.815617,0.819485,0.811749,0.424849,0.488008,0.361689,0.023905,0.016462,0.507174,0.634821,0.000000,3,0,0,0,0
sun_moon,unconstrained,1,75,226.772,0.959237,0.492795,0.548766,0.436824,23,0.00086293,3,0.085075,0.103284,0.066865,0.864397,0.854268,0.874526,0.535739,0.605445,0.466032,0.023103,0.013130,0.390455,0.529763,0.000000,3,0,0,0,0
sun_moon,unconstrained,1,100,421.192,0.751416,0.600427,0.646334,0.554519,26,0.00103055,4,0.088367,0.105229,0.071505,0.882094,0.871606,0.892583,0.654259,0.714347,0.594170,0.023565,0.013978,0.281652,0.402280,0.000000,6,0,0,0,0
sun_moon,unconstrained,1,125,455.844,0.615291,0.667975,0.708662,0.627288,26,0.00075189,5,0.077281,0.095073,0.059488,0.904352,0.890859,0.917844,0.720321,0.776037,0.664604,0.021136,0.011415,0.221371,0.331496,0.000000,6,0,0,0,0
sun_moon,unconstrained,1,150,679.121,0.552875,0.700497,0.749555,0.651439,29,0.00078828,3,0.077855,0.093129,0.062582,0.907513,0.897940,0.917087,0.755784,0.819360,0.692207,0.020298,0.012514,0.178357,0.304086,0.000000,9,0,0,0,0
sun_moon,unconstrained,1,175,717.891,0.472554,0.739678,0.782535,0.696822,29,0.00025125,1,0.064842,0.077571,0.052112,0.924697,0.915757,0.933636,0.788186,0.843237,0.733135,0.016922,0.009932,0.154208,0.263240,0.000000,9,0,0,0,0
sun_moon,unconstrained,1,200,957.372,0.402916,0.775331,0.806263,0.744399,31,0.00024118,2,0.062221,0.072926,0.051517,0.930251,0.922253,0.938249,0.823904,0.865061,0.782748,0.015813,0.009285,0.132452,0.214653,0.000000,12,0,1,0,0
sun_moon,unconstrained,1,225,999.226,0.321745,0.818400,0.838596,0.798204,31,0.00021218,2,0.060425,0.074330,0.046520,0.935516,0.923784,0.947248,0.868133,0.900929,0.835336,0.016120,0.008645,0.096436,0.161832,0.000000,12,0,1,0,0
sun_moon,unconstrained,1,250,1273.478,0.252727,0.855285,0.861142,0.849429,34,0.00045169,2,0.059526,0.076815,0.042237,0.938981,0.923499,0.954464,0.906298,0.927290,0.885306,0.016826,0.007658,0.070349,0.112174,0.000000,15,0,1,0,0
sun_moon,unconstrained,1,275,1319.782,0.192858,0.888264,0.884027,0.892500,34,0.00064223,2,0.055023,0.074114,0.035931,0.945095,0.927599,0.962591,0.937057,0.949546,0.924569,0.016259,0.007107,0.047729,0.072596,0.000000,15,0,1,0,0
sun_moon,unconstrained,1,300,1617.613,0.155960,0.907864,0.902339,0.913390,34,0.00083127,4,0.060202,0.076383,0.044021,0.941482,0.927091,0.955874,0.962430,0.971262,0.953599,0.016866,0.008444,0.027525,0.043877,0.000000,15,0,1,0,1
sun_moon,unconstrained,1,325,1663.353,0.148644,0.911751,0.909594,0.913909,34,0.00055736,4,0.060247,0.074330,0.046163,0.941627,0.929313,0.953941,0.966651,0.977204,0.956098,0.016328,0.009005,0.021489,0.041904,0.000000,15,0,1,0,1
sun_moon,unconstrained,1,350,1962.341,0.138794,0.918208,0.916490,0.919927,34,0.00046836,4,0.055189,0.067308,0.043070,0.946332,0.935621,0.957043,0.968862,0.978176,0.959548,0.014965,0.008650,0.021155,0.038237,0.000000,15,0,1,0,1
sun_moon,unconstrained,1,375,2008.726,0.121581,0.927419,0.925091,0.929746,34,0.00055946,5,0.052957,0.064391,0.041523,0.948752,0.938620,0.958883,0.976505,0.984659,0.968352,0.014473,0.008111,0.014747,0.029572,0.000000,15,0,1,0,1
sun_moon,unconstrained,1,400,2298.877,0.113840,0.931622,0.928397,0.934847,34,0.00070181,3,0.050959,0.059205,0.042713,0.950617,0.943212,0.958022,0.979070,0.983362,0.974777,0.013216,0.008391,0.015819,0.023694,0.000000,15,0,1,0,1
sun_moon,unconstrained,1,425,2344.589,0.102975,0.937896,0.933190,0.942602,34,0.00060061,4,0.048267,0.055964,0.040571,0.953270,0.946260,0.960280,0.983130,0.985415,0.980845,0.012637,0.007978,0.014013,0.017473,0.000000,15,0,1,0,1
sun_moon,unconstrained,1,450,2638.717,0.100736,0.939352,0.935437,0.943266,34,0.00047889,3,0.044479,0.050886,0.038073,0.956678,0.950784,0.962573,0.981109,0.983038,0.979179,0.011580,0.007442,0.016190,0.019278,0.000000,15,0,1,0,1
sun_moon,unconstrained,1,475,2684.169,0.094537,0.943527,0.936785,0.950269,34,0.00041718,3,0.042978,0.047645,0.038311,0.958162,0.953701,0.962623,0.984046,0.981417,0.986675,0.010745,0.007927,0.017839,0.012189,0.000000,15,0,1,0,1
sun_moon,unconstrained,1,500,2969.690,0.092950,0.942131,0.937513,0.946749,34,0.00040524,4,0.043595,0.046024,0.041166,0.957542,0.955172,0.959912,0.983192,0.980661,0.985723,0.010251,0.007531,0.018681,0.013157,0.000000,15,0,1,0,1
sun_moon,unconstrained,1,525,3015.300,0.089852,0.945931,0.935671,0.956192,34,0.00043749,4,0.039680,0.044620,0.034741,0.961210,0.956342,0.966078,0.983416,0.977420,0.989411,0.010004,0.007025,0.021366,0.010010,0.000000,15,0,1,0,1
sun_moon,unconstrained,1,550,3292.017,0.091975,0.944256,0.938128,0.950383,34,0.00035910,6,0.041575,0.042459,0.040690,0.959438,0.958391,0.960485,0.983507,0.977960,0.989054,0.009550,0.008087,0.020999,0.010368,0.000000,15,0,1,0,1
sun_moon,unconstrained,1,575,3337.380,0.084835,0.947077,0.941298,0.952856,34,0.00030483,5,0.039471,0.041703,0.037240,0.961447,0.959205,0.963689,0.984447,0.980553,0.988340,0.009359,0.006860,0.018517,0.010631,0.000000,15,0,1,0,1
sun_moon,unconstrained,1,600,3616.278,0.084552,0.948576,0.944197,0.952955,34,0.00016957,5,0.039239,0.041595,0.036883,0.961719,0.959422,0.964016,0.985786,0.983470,0.988102,0.009204,0.007694,0.015559,0.010668,0.000000,15,0,1,0,1
sun_moon,unconstrained,1,625,3662.321,0.079300,0.951683,0.949135,0.954232,34,0.00019536,5,0.035570,0.036517,0.034622,0.965165,0.964210,0.966119,0.985532,0.983794,0.987269,0.008311,0.006999,0.015268,0.011451,0.000000,15,0,1,0,1
sun_moon,unconstrained,1,650,3944.637,0.079561,0.950837,0.949401,0.952272,34,0.00016111,4,0.037354,0.037705,0.037002,0.963511,0.963139,0.963883,0.986353,0.985199,0.987507,0.008245,0.007478,0.014064,0.011320,0.000000,15,0,1,0,1
sun_moon,unconstrained,1,675,3990.654,0.076994,0.950177,0.952366,0.947988,34,0.00028067,4,0.038663,0.036517,0.040809,0.962305,0.964327,0.960283,0.986909,0.987143,0.986675,0.007977,0.007429,0.012189,0.011515,0.000000,15,0,1,0,1
sun_moon,unconstrained,1,700,4283.456,0.081319,0.949661,0.951810,0.947513,34,0.00019763,2,0.039237,0.035761,0.042713,0.961778,0.964996,0.958559,0.986915,0.985847,0.987983,0.007781,0.008769,0.013462,0.010539,0.000000,15,0,1,0,1
sun_moon,unconstrained,1,725,4328.892,0.075073,0.951979,0.954508,0.949451,34,0.00014623,3,0.037885,0.035436,0.040333,0.963077,0.965386,0.960768,0.988039,0.988332,0.987745,0.007841,0.007556,0.010920,0.010796,0.000000,15,0,1,0,1
sun_moon,unconstrained,1,750,4614.425,0.077868,0.951075,0.953110,0.949040,34,0.00025018,5,0.039063,0.036841,0.041285,0.961979,0.964060,0.959898,0.988223,0.988224,0.988221,0.008127,0.008047,0.011350,0.010277,0.000000,15,0,1,0,1
sun_moon,unconstrained,1,775,4659.512,0.076722,0.951706,0.953503,0.949909,34,0.00021599,4,0.038317,0.036301,0.040333,0.962676,0.964564,0.960787,0.988169,0.988116,0.988221,0.008095,0.007781,0.011102,0.010472,0.000000,15,0,1,0,1
sun_moon,unconstrained,1,800,4954.483,0.084681,0.945908,0.948822,0.942993,34,0.00019239,4,0.044220,0.040730,0.047710,0.957161,0.960387,0.953935,0.987725,0.987468,0.987983,0.009049,0.008907,0.011717,0.010401,0.000000,15,0,1,0,1
sun_moon,unconstrained,1,825,4999.728,0.080349,0.950563,0.950806,0.950320,34,0.00024996,2,0.040273,0.038786,0.041761,0.960870,0.962215,0.959525,0.988845,0.987684,0.990006,0.008698,0.008494,0.011498,0.008816,0.000000,15,0,1,0,1
sun_moon,unconstrained,1,850,5273.386,0.075026,0.952651,0.952054,0.953249,34,0.00025202,2,0.038548,0.038786,0.038311,0.962499,0.962262,0.962736,0.989374,0.988980,0.989768,0.008541,0.007423,0.010226,0.009083,0.000000,15,0,1,0,1
sun_moon,unconstrained,1,875,5318.838,0.075947,0.951962,0.953244,0.950679,34,0.00019828,1,0.039803,0.037489,0.042118,0.961349,0.963478,0.959221,0.989850,0.988980,0.990720,0.008454,0.008090,0.009955,0.008098,0.000000,15,0,1,0,1
sun_moon,unconstrained,1,900,5590.812,0.078447,0.951831,0.952033,0.951630,34,0.00020526,4,0.038268,0.036085,0.040452,0.962728,0.964708,0.960748,0.988256,0.986387,0.990125,0.008200,0.008127,0.012453,0.009242,0.000000,15,0,1,0,1
sun_moon,unconstrained,1,925,5636.827,0.074802,0.953079,0.954626,0.951532,34,0.00030585,2,0.039473,0.038137,0.040809,0.961684,0.962944,0.960425,0.990698,0.991033,0.990363,0.008331,0.008149,0.008232,0.008721,0.000000,15,0,1,0,1
sun_moon,unconstrained,1,950,5882.509,0.071936,0.954269,0.955081,0.953456,34,0.00019015,4,0.037230,0.036625,0.037835,0.963750,0.964327,0.963173,0.989795,0.990061,0.989530,0.007975,0.007477,0.008793,0.009180,0.000000,15,0,1,0,1
sun_moon,unconstrained,1,975,5928.068,0.066743,0.958058,0.960637,0.955479,34,0.00023400,5,0.034431,0.031979,0.036883,0.966429,0.968750,0.964108,0.991038,0.991357,0.990720,0.007126,0.007179,0.008353,0.008407,0.000000,15,0,1,0,1
sun_moon,unconstrained,1,1000,6167.699,0.062399,0.961095,0.957669,0.964522,33,0.00013341,4,0.031184,0.036193,0.026175,0.969523,0.964811,0.974236,0.991049,0.992329,0.989768,0.008084,0.005203,0.007152,0.008927,0.000000,15,0,2,0,1
sun_moon,unconstrained,1,1025,6212.593,0.063370,0.960579,0.956354,0.964804,33,0.00011014,4,0.029476,0.034680,0.024271,0.971084,0.966139,0.976028,0.988871,0.989520,0.988221,0.007582,0.004840,0.010151,0.010487,0.000000,15,0,2,0,1
sun_moon,unconstrained,1,1050,6470.890,0.064773,0.958791,0.954465,0.963118,32,0.00025524,4,0.028953,0.032087,0.025818,0.971494,0.968455,0.974534,0.986537,0.985091,0.987983,0.006996,0.004866,0.013917,0.010409,0.000000,15,0,3,0,1
sun_moon,unconstrained,1,1075,6514.099,0.065015,0.956851,0.952768,0.960934,32,0.00014056,3,0.032790,0.036193,0.029387,0.967892,0.964636,0.971148,0.988212,0.987252,0.989173,0.007510,0.005097,0.012184,0.009516,0.000000,15,0,3,0,1
sun_moon,unconstrained,1,1100,6752.022,0.063266,0.960555,0.954365,0.966744,32,0.00018706,3,0.028886,0.034572,0.023200,0.971626,0.966170,0.977083,0.988266,0.987360,0.989173,0.007220,0.004879,0.011911,0.009840,0.000000,15,0,3,0,1
sun_moon,unconstrained,1,1125,6795.090,0.063055,0.959457,0.955959,0.962954,32,0.00015213,6,0.031471,0.035220,0.027722,0.969193,0.965634,0.972752,0.989639,0.989628,0.989649,0.007397,0.005294,0.009903,0.009275,0.000000,15,0,3,0,1
sun_moon,unconstrained,1,1150,7032.707,0.064477,0.959237,0.958521,0.959954,32,0.00009305,4,0.032483,0.034032,0.030934,0.968247,0.966804,0.969690,0.990395,0.991141,0.989649,0.007604,0.005889,0.008404,0.009196,0.000000,15,0,3,0,1
sun_moon,unconstrained,1,1175,7075.997,0.063971,0.959930,0.956653,0.963207,32,0.00005238,4,0.032579,0.036841,0.028316,0.968197,0.964188,0.972206,0.991190,0.991897,0.990482,0.008164,0.005658,0.007630,0.008118,0.000000,15,0,3,0,1
sun_moon,unconstrained,1,1200,7323.767,0.062259,0.961648,0.956730,0.966566,32,0.00008395,4,0.030529,0.036193,0.024866,0.970145,0.964778,0.975513,0.990979,0.991357,0.990601,0.007988,0.005116,0.008089,0.008607,0.000000,15,0,3,0,1
sun_moon,unconstrained,1,1225,7367.009,0.063363,0.960142,0.958564,0.961720,32,0.00007909,4,0.033499,0.035112,0.031886,0.967346,0.965822,0.968870,0.992303,0.992221,0.992385,0.007929,0.006104,0.007450,0.006763,0.000000,15,0,3,0,1
sun_moon,unconstrained,1,1250,7580.110,0.060917,0.959020,0.956160,0.961881,32,0.00007542,4,0.033736,0.037489,0.029982,0.967105,0.963585,0.970626,0.991362,0.992005,0.990720,0.008160,0.004875,0.007410,0.008077,0.000000,15,0,3,0,1
sun_moon,unconstrained,1,1275,7622.935,0.063624,0.960876,0.957773,0.963980,32,0.00008141,4,0.031719,0.036193,0.027246,0.969019,0.964815,0.973223,0.991341,0.992437,0.990244,0.008077,0.005555,0.007018,0.009087,0.000000,15,0,3,0,1
sun_moon,unconstrained,1,1300,7851.577,0.063634,0.960343,0.958551,0.962135,31,0.00002281,3,0.031136,0.034788,0.027484,0.969533,0.966116,0.972951,0.990238,0.991897,0.988578,0.007755,0.005612,0.007679,0.009541,0.000000,15,0,4,0,1
sun_moon,unconstrained,1,1325,7893.237,0.059550,0.960838,0.962555,0.959120,31,0.00003870,3,0.031615,0.030035,0.033195,0.969093,0.970598,0.967588,0.991211,0.991465,0.990958,0.006545,0.005912,0.008566,0.007739,0.000000,15,0,4,0,1
sun_moon,unconstrained,1,1350,8113.773,0.057124,0.961120,0.963663,0.958578,31,0.00001521,4,0.031383,0.028738,0.034027,0.969319,0.971828,0.966810,0.991276,0.991357,0.991196,0.006146,0.005955,0.007681,0.007373,0.000000,15,0,4,0,1
sun_moon,unconstrained,1,1375,8155.197,0.055868,0.963015,0.963375,0.962655,31,0.00005866,4,0.029262,0.029494,0.029030,0.971324,0.971120,0.971529,0.991195,0.991789,0.990601,0.006422,0.005195,0.007677,0.007885,0.000000,15,0,4,0,1
sun_moon,unconstrained,1,1400,8372.008,0.054410,0.965724,0.962419,0.969030,31,0.00003755,4,0.025531,0.029170,0.021892,0.974881,0.971392,0.978371,0.990368,0.990493,0.990244,0.006258,0.004483,0.008743,0.008722,0.000000,15,0,4,0,1
sun_moon,unconstrained,1,1425,8413.271,0.054504,0.965937,0.964409,0.967465,31,0.00004552,4,0.026488,0.029062,0.023914,0.973989,0.971549,0.976428,0.991519,0.992437,0.990601,0.006321,0.005002,0.007395,0.007838,0.000000,15,0,4,0,1
sun_moon,unconstrained,1,1450,8627.743,0.055104,0.965089,0.963945,0.966233,31,0.00003387,5,0.028066,0.030791,0.025342,0.972501,0.969943,0.975059,0.992173,0.993626,0.990720,0.006847,0.004999,0.006045,0.007771,0.000000,15,0,4,0,1
sun_moon,unconstrained,1,1475,8668.665,0.052711,0.966130,0.965065,0.967194,31,0.00004555,6,0.026272,0.029818,0.022725,0.974207,0.970871,0.977543,0.991507,0.993842,0.989173,0.006583,0.004190,0.005916,0.009527,0.000000,15,0,4,0,1
sun_moon,unconstrained,1,1500,8876.777,0.060731,0.962551,0.957785,0.967318,30,0.00005666,5,0.028443,0.033924,0.022963,0.972099,0.966878,0.977321,0.989903,0.990277,0.989530,0.007576,0.004655,0.009414,0.009098,0.000000,15,0,5,0,1
sun_moon,unconstrained,1,1525,8916.443,0.106151,0.937428,0.955486,0.919370,30,0.00298759,5,0.037842,0.033924,0.041761,0.962510,0.966801,0.958219,0.972831,0.987900,0.957763,0.007154,0.008703,0.011535,0.040662,0.000000,15,0,5,0,1
sun_moon,unconstrained,1,1550,9167.548,0.096603,0.942238,0.957062,0.927413,29,0.00482880,5,0.034203,0.034140,0.034265,0.966083,0.966656,0.965509,0.974464,0.989736,0.959191,0.007288,0.006656,0.009443,0.038359,0.000000,15,0,6,0,1
sun_moon,unconstrained,1,1575,9206.023,0.086662,0.946917,0.958010,0.935823,29,0.00324217,7,0.030337,0.031763,0.028911,0.969858,0.968866,0.970849,0.975660,0.988440,0.962879,0.006807,0.004953,0.010829,0.035903,0.000000,15,0,6,0,1
sun_moon,unconstrained,1,1600,9458.022,0.076676,0.952800,0.961413,0.944186,29,0.00135625,7,0.026780,0.030359,0.023200,0.973406,0.970265,0.976548,0.978346,0.990601,0.966092,0.006453,0.004331,0.008647,0.032356,0.000000,15,0,6,0,1
sun_moon,unconstrained,1,1625,9496.459,0.068354,0.957815,0.962655,0.952975,29,0.00036747,5,0.023320,0.027010,0.019631,0.976802,0.973407,0.980197,0.980170,0.988656,0.971684,0.005877,0.003570,0.010450,0.027425,0.000000,15,0,6,0,1
sun_moon,unconstrained,1,1650,9731.661,0.070254,0.956537,0.963789,0.949285,29,0.00033402,4,0.024602,0.026361,0.022844,0.975528,0.974043,0.977014,0.980083,0.989196,0.970970,0.005725,0.004333,0.009795,0.027773,0.000000,15,0,6,0,1
sun_moon,unconstrained,1,1675,9769.816,0.072024,0.955638,0.961676,0.949599,29,0.00030750,3,0.026732,0.028954,0.024509,0.973499,0.971571,0.975426,0.981197,0.989520,0.972873,0.006396,0.004589,0.009851,0.025997,0.000000,15,0,6,0,1
sun_moon,unconstrained,1,1700,10007.713,0.080227,0.951366,0.955748,0.946985,29,0.00027928,5,0.032719,0.037597,0.027841,0.967832,0.963472,0.972193,0.982515,0.991681,0.973349,0.008322,0.005542,0.007852,0.025615,0.000000,15,0,6,0,1
sun_moon,unconstrained,1,1725,10046.404,0.075391,0.952914,0.955764,0.950064,29,0.00013428,3,0.032406,0.035545,0.029268,0.968136,0.965332,0.970939,0.983803,0.989736,0.977870,0.007673,0.005600,0.009335,0.021236,0.000000,15,0,6,0,1
sun_moon,unconstrained,1,1750,10298.897,0.073767,0.955154,0.957391,0.952917,29,0.00008368,4,0.031497,0.037057,0.025937,0.969088,0.964020,0.974155,0.985251,0.992869,0.977632,0.008209,0.005382,0.006586,0.020946,0.000000,15,0,6,0,1
sun_moon,unconstrained,1,1775,10338.018,0.073141,0.954643,0.959465,0.949821,29,0.00012596,3,0.032775,0.034140,0.031410,0.967835,0.966737,0.968934,0.985938,0.992221,0.979655,0.007538,0.006067,0.007223,0.019528,0.000000,15,0,6,0,1
cat_face_bass,constrained,0,1,1.394,1.742947,0.158133,0.190908,0.125358,20,0.00019250,0,0.163478,0.113545,0.213410,0.533994,0.651840,0.416147,0.182348,0.212585,0.152110,0.028211,0.048291,0.784822,0.845628,0.000000,0,0,0,0,0
cat_face_bass,constrained,0,25,27.579,1.366726,0.303891,0.331692,0.276090,20,0.00000001,1,0.104589,0.077031,0.132147,0.762738,0.822622,0.702854,0.334909,0.357243,0.312575,0.019048,0.029532,0.639278,0.684988,0.000000,0,0,0,0,0
cat_face_bass,constrained,0,50,195.843,1.013411,0.477990,0.504327,0.451654,23,0.00000000,0,0.095230,0.075130,0.115330,0.846003,0.878302,0.813705,0.522980,0.542217,0.503743,0.018371,0.025780,0.454880,0.494528,0.000000,3,0,0,0,0
cat_face_bass,constrained,0,75,225.941,0.695423,0.637930,0.636280,0.639581,23,0.00035239,0,0.089785,0.082033,0.097537,0.885768,0.893534,0.878002,0.695220,0.688475,0.701964,0.019968,0.021782,0.309271,0.296147,0.000000,3,0,0,0,0
cat_face_bass,constrained,0,100,412.032,0.506935,0.734100,0.701738,0.766462,25,0.00123046,1,0.083468,0.087735,0.079201,0.904763,0.896908,0.912617,0.795236,0.763305,0.827167,0.021381,0.017712,0.234400,0.171532,0.000000,5,1,1,0,0
cat_face_bass,constrained,0,125,444.992,0.409466,0.782776,0.744076,0.821476,25,0.00173137,3,0.074286,0.076531,0.072041,0.918586,0.912791,0.924382,0.840838,0.801020,0.880655,0.018646,0.015857,0.197522,0.118081,0.000000,5,1,1,0,0
cat_face_bass,constrained,0,150,635.611,0.358150,0.809316,0.786598,0.832035,25,0.00285965,4,0.069842,0.067427,0.072258,0.925370,0.925664,0.925076,0.865896,0.839636,0.892156,0.016550,0.015939,0.158878,0.106884,0.000000,8,1,4,0,0
cat_face_bass,constrained,0,175,668.208,0.318839,0.829900,0.820978,0.838821,25,0.00353485,3,0.067191,0.063425,0.070956,0.929534,0.932272,0.926797,0.885695,0.873049,0.898340,0.015597,0.015668,0.126080,0.100378,0.000000,8,1,4,0,0
cat_face_bass,constrained,0,200,878.378,0.287902,0.845285,0.837690,0.852881,28,0.00267951,3,0.061037,0.060124,0.061951,0.936285,0.936590,0.935979,0.896886,0.888055,0.905718,0.014805,0.013734,0.110587,0.093062,0.000000,11,1,4,0,0
cat_face_bass,constrained,0,225,914.907,0.244194,0.867523,0.863233,0.871813,28,0.00197121,3,0.056932,0.058423,0.055441,0.941535,0.939899,0.943172,0.916907,0.913665,0.920148,0.014197,0.012363,0.084770,0.078784,0.000000,11,1,4,0,0
cat_face_bass,constrained,0,250,1144.661,0.224291,0.877991,0.874680,0.881302,30,0.00256821,4,0.052378,0.054522,0.050233,0.946355,0.944188,0.948521,0.923971,0.922369,0.925572,0.013219,0.011208,0.076478,0.073028,0.000000,14,1,5,0,0
cat_face_bass,constrained,0,275,1184.202,0.208497,0.886288,0.880617,0.891959,30,0.00195234,4,0.049605,0.050820,0.048389,0.949370,0.947940,0.950800,0.930245,0.925370,0.935120,0.012268,0.010766,0.073935,0.064075,0.000000,14,1,5,0,0
cat_face_bass,constrained,0,300,1422.773,0.198179,0.891490,0.885943,0.897037,28,0.00086253,4,0.048216,0.049020,0.047412,0.950930,0.949898,0.951962,0.934470,0.929372,0.939568,0.011990,0.010474,0.069794,0.059879,0.000000,14,1,7,0,0
cat_face_bass,constrained,0,325,1459.491,0.183863,0.898538,0.894878,0.902199,28,0.00054187,4,0.046465,0.046819,0.046110,0.952910,0.952400,0.953420,0.940287,0.936775,0.943800,0.011443,0.010059,0.062491,0.055369,0.000000,14,1,7,0,0
cat_face_bass,constrained,0,350,1690.129,0.168800,0.906242,0.903013,0.909471,27,0.00027608,3,0.042488,0.045918,0.039058,0.956973,0.953636,0.960309,0.944735,0.944478,0.944993,0.011043,0.008484,0.055083,0.054152,0.000000,14,1,8,0,1
cat_face_bass,constrained,0,375,1726.034,0.162621,0.909026,0.906103,0.911950,27,0.00025659,4,0.039581,0.044118,0.035044,0.959824,0.955446,0.964203,0.944993,0.946078,0.943908,0.010661,0.007499,0.052935,0.054917,0.000000,14,1,8,0,1
cat_face_bass,constrained,0,400,1949.921,0.158728,0.912226,0.910248,0.914205,26,0.00022556,3,0.038708,0.045518,0.031898,0.960824,0.954354,0.967293,0.947523,0.951681,0.943366,0.011136,0.007081,0.047823,0.055495,0.000000,14,1,9,0,1
cat_face_bass,constrained,0,425,1984.832,0.155152,0.913796,0.911266,0.916325,26,0.00013406,3,0.038616,0.045118,0.032115,0.960964,0.954769,0.967159,0.949067,0.952381,0.945752,0.010986,0.007063,0.046778,0.053314,0.000000,14,1,9,0,1
cat_face_bass,constrained,0,450,2192.315,0.151526,0.915598,0.910910,0.920286,25,0.00019951,3,0.035748,0.039816,0.031681,0.963685,0.959659,0.967710,0.948310,0.947179,0.949441,0.009410,0.007064,0.052251,0.050057,0.000000,14,1,10,0,1
cat_face_bass,constrained,0,475,2225.328,0.145719,0.918345,0.918825,0.917866,25,0.00019639,2,0.035949,0.038916,0.032983,0.963606,0.960830,0.966383,0.951361,0.954582,0.948139,0.009227,0.007256,0.044842,0.050985,0.000000,14,1,10,0,1
cat_face_bass,constrained,0,500,2427.227,0.141656,0.920354,0.921606,0.919101,25,0.00014414,2,0.032429,0.036214,0.028643,0.967029,0.963464,0.970595,0.950204,0.954982,0.945427,0.008494,0.006300,0.043920,0.054188,0.000000,14,1,10,0,1
cat_face_bass,constrained,0,525,2459.463,0.140561,0.921466,0.921816,0.921117,25,0.00014958,2,0.031877,0.037715,0.026039,0.967628,0.962069,0.973187,0.950842,0.956583,0.945101,0.009010,0.005896,0.042497,0.053941,0.000000,14,1,10,0,1
cat_face_bass,constrained,0,550,2669.852,0.138589,0.922332,0.924496,0.920169,25,0.00011684,3,0.031782,0.036114,0.027449,0.967726,0.963667,0.971785,0.951655,0.957883,0.945427,0.008625,0.006091,0.041512,0.053523,0.000000,14,1,10,0,1
cat_face_bass,constrained,0,575,2702.733,0.137642,0.922698,0.925944,0.919452,25,0.00007379,2,0.032596,0.036114,0.029077,0.966954,0.963722,0.970186,0.952785,0.959384,0.946186,0.008635,0.006462,0.039697,0.052795,0.000000,14,1,10,0,1
cat_face_bass,constrained,0,600,2905.791,0.135870,0.923906,0.926154,0.921658,25,0.00008066,3,0.033342,0.037715,0.028968,0.966300,0.962240,0.970360,0.954720,0.961084,0.948356,0.008786,0.006519,0.038450,0.051232,0.000000,14,1,10,0,1
cat_face_bass,constrained,0,625,2938.778,0.136629,0.923396,0.928847,0.917945,25,0.00015501,2,0.034436,0.036214,0.032657,0.965217,0.963738,0.966696,0.955204,0.962485,0.947922,0.008553,0.007324,0.036723,0.051456,0.000000,14,1,10,0,1
cat_face_bass,constrained,0,650,3140.487,0.131179,0.925631,0.931531,0.919731,27,0.00007886,2,0.034286,0.035914,0.032657,0.965438,0.964118,0.966759,0.957376,0.964986,0.949767,0.008466,0.007071,0.033854,0.049694,0.000000,16,1,10,0,1
cat_face_bass,constrained,0,675,3176.256,0.120739,0.931487,0.941000,0.921974,27,0.00011684,2,0.030791,0.032613,0.028968,0.968948,0.967527,0.970370,0.960185,0.971689,0.948682,0.007735,0.006237,0.027595,0.050581,0.000000,16,1,10,0,1
cat_face_bass,constrained,0,700,3395.278,0.115785,0.933840,0.942326,0.925353,27,0.00007776,2,0.032150,0.033814,0.030487,0.967737,0.966455,0.969019,0.963877,0.974190,0.953564,0.008041,0.006419,0.024710,0.046041,0.000000,16,1,10,0,1
cat_face_bass,constrained,0,725,3431.116,0.095593,0.945646,0.947414,0.943877,27,0.00008319,2,0.032646,0.034914,0.030379,0.967663,0.965616,0.969710,0.976521,0.980492,0.972551,0.008364,0.006601,0.019334,0.026955,0.000000,16,1,10,0,1
cat_face_bass,constrained,0,750,3615.828,0.096362,0.945202,0.947037,0.943366,27,0.00006070,2,0.030982,0.033213,0.028751,0.969199,0.967171,0.971227,0.974490,0.978491,0.970489,0.007897,0.006387,0.020468,0.029420,0.000000,16,1,10,0,1
cat_face_bass,constrained,0,775,3651.485,0.095590,0.944580,0.947358,0.941802,27,0.00004410,2,0.031417,0.031913,0.030921,0.968762,0.968388,0.969136,0.974257,0.977591,0.970923,0.007408,0.006628,0.021430,0.028603,0.000000,16,1,10,0,1
cat_face_bass,constrained,0,800,3868.611,0.095539,0.944752,0.948099,0.941406,27,0.00003054,2,0.030362,0.031212,0.029511,0.969757,0.969063,0.970451,0.973439,0.977691,0.969187,0.007225,0.006314,0.021435,0.030542,0.000000,16,1,10,0,1
cat_face_bass,constrained,0,825,3904.057,0.092160,0.947144,0.950495,0.943793,27,0.00003178,2,0.028760,0.030612,0.026907,0.971342,0.969697,0.972988,0.974390,0.979592,0.969187,0.007176,0.005931,0.019747,0.030202,0.000000,16,1,10,0,1
cat_face_bass,constrained,0,850,4116.690,0.092220,0.946515,0.949850,0.943179,27,0.00002339,2,0.030249,0.031313,0.029185,0.969918,0.969025,0.970812,0.975149,0.979592,0.970706,0.007322,0.006381,0.019184,0.028452,0.000000,16,1,10,0,1
cat_face_bass,constrained,0,875,4152.222,0.088027,0.949343,0.956197,0.942490,27,0.00007958,1,0.030033,0.030012,0.030053,0.970201,0.970429,0.969973,0.977854,0.984894,0.970815,0.007098,0.006602,0.014746,0.028197,0.000000,16,1,10,0,1
cat_face_bass,constrained,0,900,4365.014,0.091085,0.947225,0.956025,0.938424,27,0.00003864,2,0.033549,0.032813,0.034284,0.966859,0.967837,0.965882,0.978996,0.987395,0.970598,0.007657,0.007364,0.012392,0.028701,0.000000,16,1,10,0,1
cat_face_bass,constrained,0,925,4400.989,0.090246,0.947961,0.956585,0.939337,27,0.00022892,3,0.031877,0.030012,0.033742,0.968429,0.970440,0.966418,0.978163,0.985294,0.971032,0.007127,0.007352,0.013875,0.028307,0.000000,16,1,10,0,1
cat_face_bass,constrained,0,950,4606.504,0.092167,0.947117,0.951777,0.942457,27,0.00009082,3,0.032234,0.033113,0.031355,0.968086,0.967421,0.968750,0.977651,0.983293,0.972008,0.007749,0.006881,0.016258,0.027558,0.000000,16,1,10,0,1
cat_face_bass,constrained,0,975,4642.143,0.090940,0.946927,0.952732,0.941121,27,0.00012399,3,0.032227,0.030712,0.033742,0.968076,0.969673,0.966480,0.977435,0.981993,0.972876,0.007192,0.006986,0.017416,0.026818,0.000000,16,1,10,0,1
cat_face_bass,constrained,0,1000,4841.035,0.092203,0.946313,0.950898,0.941728,27,0.00007143,2,0.030266,0.030912,0.029619,0.969894,0.969430,0.970358,0.974957,0.980292,0.969621,0.007245,0.006335,0.018906,0.029166,0.000000,16,1,10,0,1
cat_face_bass,constrained,0,1025,4876.225,0.090234,0.947563,0.953274,0.941852,27,0.00005388,2,0.029878,0.029812,0.029945,0.970291,0.970527,0.970055,0.975874,0.981693,0.970055,0.006840,0.006634,0.017601,0.028719,0.000000,16,1,10,0,1
cat_face_bass,constrained,0,1050,5086.939,0.085238,0.950220,0.957405,0.943035,27,0.00006489,2,0.029545,0.028711,0.030379,0.970679,0.971674,0.969684,0.978288,0.984894,0.971683,0.006716,0.006560,0.014051,0.027502,0.000000,16,1,10,0,1
cat_face_bass,constrained,0,1075,5122.394,0.085456,0.950453,0.958617,0.942289,27,0.00002952,3,0.030963,0.029812,0.032115,0.969361,0.970687,0.968035,0.979873,0.987195,0.972551,0.007038,0.007006,0.012024,0.026727,0.000000,16,1,10,0,1
cat_face_bass,constrained,0,1100,5329.270,0.087856,0.949040,0.958463,0.939616,27,0.00002169,3,0.031673,0.028411,0.034935,0.968652,0.971984,0.965320,0.979068,0.985694,0.972442,0.006689,0.007570,0.013619,0.026947,0.000000,16,1,10,0,1
cat_face_bass,constrained,0,1125,5364.753,0.085552,0.949652,0.958183,0.941121,27,0.00003540,3,0.030305,0.028711,0.031898,0.969948,0.971696,0.968199,0.978417,0.985694,0.971140,0.006624,0.006817,0.013541,0.027725,0.000000,16,1,10,0,1
cat_face_bass,constrained,0,1150,5568.708,0.086012,0.950204,0.958273,0.942136,26,0.00003934,2,0.029879,0.028511,0.031247,0.970363,0.971885,0.968841,0.978584,0.985594,0.971574,0.006712,0.006934,0.013688,0.027266,0.000000,16,1,11,0,1
cat_face_bass,constrained,0,1175,5602.643,0.091117,0.946869,0.958463,0.935275,26,0.00008108,4,0.033843,0.028411,0.039275,0.966573,0.971984,0.961163,0.978851,0.985694,0.972008,0.006458,0.008740,0.013321,0.027065,0.000000,16,1,11,0,1
cat_face_bass,constrained,0,1200,5800.586,0.089794,0.948329,0.961231,0.935427,26,0.00008886,3,0.033523,0.027011,0.040035,0.966922,0.973368,0.960476,0.980036,0.987195,0.972876,0.006390,0.008885,0.012354,0.026247,0.000000,16,1,11,0,1
cat_face_bass,constrained,0,1225,5834.455,0.093397,0.945702,0.958965,0.932439,26,0.00015516,3,0.036322,0.028812,0.043832,0.964266,0.971626,0.956907,0.979952,0.986595,0.973310,0.006746,0.009642,0.012433,0.025669,0.000000,16,1,11,0,1
cat_face_bass,constrained,0,1250,6017.293,0.095193,0.944499,0.959420,0.929579,26,0.00019880,3,0.037061,0.028011,0.046110,0.963557,0.972384,0.954729,0.979368,0.986295,0.972442,0.006630,0.009921,0.012776,0.026637,0.000000,16,1,11,0,1
cat_face_bass,constrained,0,1275,6050.343,0.102415,0.941455,0.960358,0.922553,26,0.00009922,6,0.040845,0.029612,0.052078,0.960000,0.970923,0.949077,0.979697,0.988796,0.970598,0.007005,0.011661,0.011060,0.027995,0.000000,16,1,11,0,1
cat_face_bass,constrained,0,1300,6245.545,0.101502,0.941255,0.959346,0.923164,26,0.00002745,4,0.039585,0.028611,0.050559,0.961137,0.971823,0.950452,0.978317,0.986795,0.969838,0.006693,0.011159,0.012423,0.028926,0.000000,16,1,11,0,1
cat_face_bass,constrained,0,1325,6279.080,0.096585,0.943710,0.959619,0.927802,26,0.00002508,3,0.037762,0.028111,0.047412,0.962889,0.972296,0.953481,0.979193,0.986595,0.971791,0.006684,0.010122,0.012854,0.027221,0.000000,16,1,11,0,1
cat_face_bass,constrained,0,1350,6477.406,0.092989,0.945853,0.957143,0.934563,26,0.00003258,4,0.035320,0.029412,0.041228,0.965184,0.971014,0.959354,0.979194,0.985294,0.973093,0.006928,0.008704,0.014305,0.026463,0.000000,16,1,11,0,1
cat_face_bass,constrained,1,1,1.419,1.472367,0.235254,0.209454,0.261053,20,0.00000000,0,0.080143,0.056022,0.104264,0.766145,0.797907,0.734384,0.254730,0.221188,0.288272,0.013963,0.023602,0.775905,0.709799,0.000000,0,0,0,0,0
cat_face_bass,constrained,1,25,27.610,1.139625,0.394228,0.329397,0.459058,20,0.00006653,1,0.055259,0.050520,0.059998,0.881419,0.872603,0.890234,0.416320,0.346038,0.486601,0.012446,0.013408,0.651860,0.510921,0.000000,0,0,0,0,0
cat_face_bass,constrained,1,50,204.015,0.939493,0.504203,0.422357,0.586048,23,0.00000312,0,0.064279,0.069428,0.059130,0.889896,0.866769,0.913023,0.536191,0.451681,0.620701,0.017024,0.013130,0.546118,0.377145,0.000000,3,0,0,0,0
cat_face_bass,constrained,1,75,235.026,0.813246,0.571124,0.469767,0.672482,23,0.00003182,0,0.063421,0.082033,0.044809,0.900545,0.861041,0.940049,0.605459,0.508303,0.702615,0.019965,0.009782,0.489432,0.295160,0.000000,3,0,0,0,0
cat_face_bass,constrained,1,100,435.221,0.682048,0.636802,0.540533,0.733072,26,0.00003627,1,0.056813,0.062525,0.051101,0.919814,0.901822,0.937805,0.672431,0.574330,0.770533,0.015449,0.011224,0.423369,0.227745,0.000000,6,0,0,0,0
cat_face_bass,constrained,1,125,469.719,0.609705,0.673484,0.581803,0.765166,26,0.00037643,4,0.053172,0.051120,0.055224,0.929420,0.922856,0.935983,0.709483,0.611545,0.807421,0.012615,0.012109,0.386482,0.191778,0.000000,6,0,0,0,0
cat_face_bass,constrained,1,150,672.494,0.513015,0.726150,0.649321,0.802979,27,0.00036443,6,0.058712,0.061224,0.056200,0.928126,0.918400,0.937852,0.768591,0.689076,0.848107,0.015028,0.012398,0.309863,0.150168,0.000000,9,0,2,0,0
cat_face_bass,constrained,1,175,707.255,0.421794,0.775374,0.720325,0.830423,27,0.00089040,6,0.064169,0.072029,0.056309,0.927181,0.914682,0.939679,0.824696,0.772209,0.877183,0.017685,0.012298,0.226583,0.121452,0.000000,9,0,2,0,0
cat_face_bass,constrained,1,200,926.258,0.345389,0.816677,0.776578,0.856775,29,0.00158890,6,0.068869,0.084034,0.053705,0.926545,0.909238,0.943852,0.872313,0.841837,0.902788,0.020676,0.011782,0.157061,0.095637,0.000000,12,0,3,0,0
cat_face_bass,constrained,1,225,963.631,0.287536,0.847477,0.815473,0.879481,29,0.00246891,6,0.072304,0.091337,0.053271,0.926271,0.906922,0.945620,0.908144,0.889956,0.926332,0.022429,0.011649,0.108994,0.072255,0.000000,12,0,3,0,0
cat_face_bass,constrained,1,250,1209.542,0.240234,0.870837,0.851038,0.890636,32,0.00336126,8,0.063919,0.079232,0.048606,0.935558,0.920586,0.950530,0.926197,0.918467,0.933926,0.019441,0.010484,0.080573,0.064041,0.000000,15,0,3,0,0
cat_face_bass,constrained,1,275,1252.903,0.200095,0.893103,0.879544,0.906661,32,0.00621012,6,0.058916,0.070528,0.047304,0.941431,0.930315,0.952547,0.945563,0.941577,0.949550,0.017382,0.010330,0.057842,0.048807,0.000000,15,0,3,0,0
cat_face_bass,constrained,1,300,1519.339,0.201918,0.892759,0.883740,0.901777,31,0.00731380,8,0.068808,0.081633,0.055984,0.932897,0.921319,0.944474,0.954072,0.955882,0.952262,0.020047,0.012336,0.043833,0.045298,0.000000,16,0,5,0,0
cat_face_bass,constrained,1,325,1560.712,0.161822,0.913967,0.898559,0.929375,31,0.00757451,7,0.055291,0.069028,0.041554,0.945898,0.932958,0.958839,0.964289,0.960584,0.967994,0.017032,0.009055,0.039084,0.030481,0.000000,16,0,5,0,1
cat_face_bass,constrained,1,350,1818.792,0.150170,0.920071,0.905134,0.935008,30,0.00737127,5,0.050348,0.064026,0.036671,0.950605,0.937664,0.963546,0.966191,0.963085,0.969296,0.015863,0.007932,0.036368,0.029576,0.000000,16,0,6,0,1
cat_face_bass,constrained,1,375,1859.944,0.142954,0.923653,0.913158,0.934147,30,0.00762446,5,0.049712,0.059824,0.039601,0.951302,0.941783,0.960820,0.969464,0.967787,0.971140,0.014787,0.008555,0.031753,0.027786,0.000000,16,0,6,0,1
cat_face_bass,constrained,1,400,2124.045,0.148074,0.919876,0.908064,0.931688,30,0.00556971,4,0.052502,0.063125,0.041879,0.948633,0.938625,0.958641,0.968046,0.965386,0.970706,0.015423,0.009130,0.034111,0.027873,0.000000,16,0,6,0,1
cat_face_bass,constrained,1,425,2165.200,0.158378,0.914892,0.897629,0.932156,30,0.00435425,3,0.053746,0.063225,0.044266,0.947186,0.937869,0.956503,0.963900,0.954382,0.973419,0.015596,0.009888,0.045031,0.025622,0.000000,16,0,6,0,1
cat_face_bass,constrained,1,450,2433.934,0.156521,0.915820,0.896122,0.935517,33,0.00359098,4,0.055604,0.068027,0.043181,0.945634,0.933639,0.957628,0.966498,0.957083,0.975914,0.016961,0.009454,0.042596,0.022864,0.000000,19,0,6,0,1
cat_face_bass,constrained,1,475,2479.124,0.146756,0.920538,0.901191,0.939886,33,0.00287333,3,0.055154,0.067127,0.043181,0.946285,0.934753,0.957817,0.971078,0.961685,0.980471,0.016679,0.009345,0.037965,0.018766,0.000000,19,0,6,0,1
cat_face_bass,constrained,1,500,2735.631,0.134425,0.926295,0.909474,0.943117,33,0.00237734,4,0.054060,0.068627,0.039492,0.947661,0.934045,0.961277,0.976126,0.971889,0.980362,0.016888,0.008448,0.027815,0.018351,0.000000,21,0,8,0,1
cat_face_bass,constrained,1,525,2781.270,0.130581,0.929036,0.909805,0.948267,33,0.00135357,4,0.052624,0.069228,0.036020,0.949098,0.933564,0.964632,0.977606,0.972789,0.982424,0.017232,0.007790,0.027361,0.016587,0.000000,21,0,8,0,1
cat_face_bass,constrained,1,550,3056.243,0.122249,0.932934,0.913707,0.952161,33,0.00101920,4,0.049812,0.067727,0.031898,0.951821,0.935085,0.968556,0.979061,0.975590,0.982532,0.016581,0.006926,0.023803,0.017208,0.000000,21,0,8,0,1
cat_face_bass,constrained,1,575,3101.986,0.123780,0.932363,0.911421,0.953305,33,0.00057576,5,0.051743,0.069528,0.033959,0.950059,0.933423,0.966695,0.980234,0.974790,0.985679,0.017286,0.007313,0.025015,0.013671,0.000000,21,0,8,0,1
cat_face_bass,constrained,1,600,3375.225,0.121456,0.932818,0.913859,0.951777,33,0.00021072,4,0.053432,0.071929,0.034935,0.948672,0.931595,0.965748,0.982310,0.979592,0.985028,0.017714,0.007439,0.020327,0.013851,0.000000,21,0,8,0,1
cat_face_bass,constrained,1,625,3420.798,0.113634,0.937805,0.917057,0.958552,33,0.00011865,4,0.049991,0.068627,0.031355,0.951907,0.934554,0.969259,0.984300,0.979992,0.988608,0.016987,0.006746,0.020085,0.011150,0.000000,21,0,8,0,1
cat_face_bass,constrained,1,650,3693.665,0.112849,0.938540,0.919099,0.957981,33,0.00016314,5,0.046796,0.065926,0.027666,0.954808,0.936950,0.972666,0.982089,0.979692,0.984485,0.016390,0.006126,0.019953,0.015243,0.000000,21,0,8,0,1
cat_face_bass,constrained,1,675,3738.877,0.107367,0.940720,0.926327,0.955114,33,0.00002746,3,0.047670,0.063225,0.032115,0.954064,0.939677,0.968450,0.985341,0.984894,0.985787,0.015748,0.006870,0.015085,0.013722,0.000000,21,0,8,0,1
cat_face_bass,constrained,1,700,3949.387,0.105091,0.942080,0.926086,0.958074,33,0.00004685,1,0.048236,0.066527,0.029945,0.953721,0.936895,0.970547,0.987229,0.987695,0.986764,0.016391,0.006489,0.012343,0.012870,0.000000,21,0,8,0,1
cat_face_bass,constrained,1,725,3994.488,0.105235,0.941818,0.927554,0.956082,33,0.00003920,1,0.048794,0.067427,0.030162,0.953264,0.936241,0.970286,0.987508,0.990096,0.984919,0.016523,0.006623,0.009990,0.014323,0.000000,21,0,8,0,1
cat_face_bass,constrained,1,750,4254.590,0.105593,0.941959,0.928779,0.955138,33,0.00004863,2,0.048691,0.064726,0.032657,0.953260,0.938568,0.967951,0.987613,0.988896,0.986330,0.016082,0.007192,0.011164,0.013027,0.000000,21,0,8,0,1
cat_face_bass,constrained,1,775,4298.781,0.106859,0.940723,0.928612,0.952835,33,0.00008937,3,0.050089,0.065026,0.035152,0.951947,0.938307,0.965587,0.987663,0.988996,0.986330,0.015920,0.007650,0.011246,0.013139,0.000000,21,0,8,0,1
cat_face_bass,constrained,1,800,4572.070,0.107016,0.940585,0.929183,0.951987,32,0.00011032,3,0.049330,0.063725,0.034935,0.952594,0.939431,0.965756,0.986820,0.988395,0.985245,0.015699,0.007768,0.011208,0.013745,0.000000,21,0,9,0,1
cat_face_bass,constrained,1,825,4615.356,0.111021,0.938572,0.926829,0.950314,32,0.00018338,2,0.051820,0.066427,0.037214,0.950322,0.937026,0.963619,0.987037,0.988395,0.985679,0.016346,0.008259,0.011114,0.013680,0.000000,21,0,9,0,1
cat_face_bass,constrained,1,850,4839.735,0.111198,0.938196,0.929780,0.946611,31,0.00026722,3,0.052347,0.064226,0.040469,0.949791,0.939049,0.960533,0.987207,0.989496,0.984919,0.015936,0.008674,0.010384,0.014521,0.000000,21,0,10,0,1
cat_face_bass,constrained,1,875,4880.965,0.115424,0.936214,0.926493,0.945935,31,0.00021269,3,0.052559,0.065626,0.039492,0.949530,0.937672,0.961388,0.985293,0.987295,0.983292,0.016101,0.008706,0.012603,0.016250,0.000000,21,0,10,0,1
cat_face_bass,constrained,1,900,5139.872,0.114468,0.936066,0.926969,0.945163,31,0.00015966,2,0.053206,0.065726,0.040686,0.948949,0.937619,0.960280,0.985756,0.987895,0.983617,0.016060,0.008711,0.012280,0.015698,0.000000,21,0,10,0,1
cat_face_bass,constrained,1,925,5181.054,0.114516,0.936221,0.927423,0.945019,31,0.00014602,3,0.051049,0.064126,0.037973,0.950859,0.938987,0.962730,0.983900,0.986895,0.980905,0.015717,0.008234,0.013234,0.018085,0.000000,21,0,10,0,1
cat_face_bass,constrained,1,950,5402.127,0.115134,0.936193,0.924730,0.947655,31,0.00015677,2,0.051136,0.065926,0.036346,0.950811,0.937310,0.964312,0.983896,0.985694,0.982098,0.016261,0.007920,0.014330,0.016749,0.000000,21,0,10,0,1
cat_face_bass,constrained,1,975,5441.836,0.115718,0.936273,0.926107,0.946440,31,0.00012362,2,0.051646,0.064126,0.039167,0.950304,0.938906,0.961702,0.984501,0.985494,0.983509,0.015825,0.008676,0.014455,0.016020,0.000000,21,0,10,0,1
cat_face_bass,constrained,1,1000,5657.309,0.113890,0.936912,0.926055,0.947770,30,0.00016205,3,0.051675,0.064726,0.038624,0.950321,0.938399,0.962244,0.985186,0.985994,0.984377,0.015982,0.008419,0.014127,0.014691,0.000000,21,0,11,0,1
cat_face_bass,unconstrained,0,1,1.411,1.615683,0.176810,0.175437,0.178183,20,0.00001064,0,0.100057,0.093137,0.106976,0.660732,0.673104,0.648359,0.194510,0.191777,0.197244,0.023264,0.024028,0.805944,0.800083,0.000000,0,0,0,0,0
cat_face_bass,unconstrained,0,25,27.218,1.252810,0.339222,0.308032,0.370412,20,0.00006501,2,0.062244,0.066226,0.058262,0.851398,0.832193,0.870602,0.360212,0.328431,0.391993,0.016352,0.013043,0.668793,0.605591,0.000000,0,0,0,0,0
cat_face_bass,unconstrained,0,50,198.977,0.924333,0.511528,0.423866,0.599190,23,0.00098494,1,0.058681,0.072229,0.045134,0.897821,0.862868,0.932773,0.540358,0.454482,0.626234,0.017886,0.009907,0.542574,0.372526,0.000000,3,0,0,0,0
cat_face_bass,unconstrained,0,75,229.854,0.708921,0.625119,0.518976,0.731263,23,0.00149641,1,0.050783,0.078131,0.023435,0.923554,0.877471,0.969637,0.653962,0.559524,0.748400,0.019421,0.005078,0.438356,0.250171,0.000000,3,0,0,0,0
cat_face_bass,unconstrained,0,100,430.318,0.548350,0.708922,0.615806,0.802038,26,0.00153985,2,0.050332,0.078531,0.022133,0.933987,0.894262,0.973711,0.741978,0.664166,0.819790,0.019346,0.004635,0.333445,0.178714,0.000000,6,0,0,0,0
cat_face_bass,unconstrained,0,125,465.303,0.426253,0.773667,0.700746,0.846587,26,0.00310389,3,0.046467,0.072429,0.020506,0.944454,0.912093,0.976816,0.807724,0.751501,0.863947,0.018015,0.004321,0.246876,0.134981,0.000000,6,0,0,0,0
cat_face_bass,unconstrained,0,150,686.518,0.360963,0.802970,0.764307,0.841633,28,0.00106601,3,0.043197,0.047119,0.039275,0.950713,0.944399,0.957028,0.837504,0.800320,0.874688,0.011312,0.008270,0.198219,0.123693,0.000000,9,0,1,0,0
cat_face_bass,unconstrained,0,175,724.258,0.250083,0.862863,0.843478,0.882247,28,0.00084038,4,0.037130,0.046919,0.027341,0.960133,0.949548,0.970718,0.894711,0.883053,0.906369,0.011446,0.005649,0.116372,0.092465,0.000000,9,0,1,0,0
cat_face_bass,unconstrained,0,200,964.279,0.209732,0.883791,0.876173,0.891409,31,0.00020338,2,0.046602,0.055122,0.038082,0.952101,0.943730,0.960473,0.924913,0.924470,0.925355,0.013436,0.007896,0.074273,0.073274,0.000000,12,0,1,0,0
cat_face_bass,unconstrained,0,225,1005.933,0.177553,0.901937,0.898993,0.904882,31,0.00041549,3,0.044258,0.052821,0.035695,0.955226,0.947142,0.963310,0.941830,0.946479,0.937181,0.012900,0.007695,0.052652,0.061926,0.000000,12,0,1,0,1
cat_face_bass,unconstrained,0,250,1255.435,0.147425,0.916726,0.911824,0.921628,30,0.00040438,3,0.038137,0.044918,0.031355,0.961522,0.954978,0.968066,0.951654,0.952781,0.950526,0.010619,0.006705,0.046219,0.047974,0.000000,14,0,4,0,1
cat_face_bass,unconstrained,0,275,1295.592,0.127286,0.927649,0.924696,0.930602,30,0.00040011,4,0.037894,0.045518,0.030270,0.962215,0.955035,0.969394,0.962779,0.966787,0.958772,0.011158,0.006080,0.032605,0.039561,0.000000,14,0,4,0,1
cat_face_bass,unconstrained,0,300,1551.946,0.110046,0.937084,0.933353,0.940815,30,0.00039705,2,0.030226,0.035714,0.024737,0.969677,0.964371,0.974984,0.965387,0.966687,0.964088,0.008771,0.004966,0.032701,0.034315,0.000000,14,0,4,0,1
cat_face_bass,unconstrained,0,325,1591.534,0.104665,0.940794,0.937355,0.944232,30,0.00052815,3,0.028270,0.033213,0.023326,0.971636,0.966843,0.976428,0.967373,0.968487,0.966258,0.008235,0.005083,0.030316,0.032297,0.000000,14,0,4,0,1
cat_face_bass,unconstrained,0,350,1846.933,0.096063,0.945985,0.941507,0.950463,30,0.00054243,3,0.024878,0.031313,0.018444,0.975031,0.968759,0.981302,0.969491,0.970988,0.967994,0.007663,0.004047,0.028576,0.030897,0.000000,14,0,4,0,1
cat_face_bass,unconstrained,0,375,1886.569,0.099295,0.943183,0.944946,0.941419,30,0.00076173,3,0.027253,0.030312,0.024194,0.972664,0.969806,0.975521,0.968893,0.973589,0.964197,0.007325,0.004909,0.026115,0.034686,0.000000,14,0,4,0,1
cat_face_bass,unconstrained,0,400,2146.494,0.093948,0.945470,0.948264,0.942676,30,0.00064193,3,0.027267,0.028711,0.025822,0.972700,0.971409,0.973992,0.971254,0.975490,0.967017,0.006786,0.005168,0.023935,0.032139,0.000000,14,0,4,0,1
cat_face_bass,unconstrained,0,425,2186.374,0.086041,0.950491,0.952991,0.947990,30,0.00053114,2,0.025042,0.030012,0.020072,0.974999,0.970332,0.979666,0.974305,0.981593,0.967017,0.006885,0.004386,0.018007,0.032097,0.000000,14,0,4,0,1
cat_face_bass,unconstrained,0,450,2429.045,0.083365,0.951765,0.955640,0.947889,30,0.00037961,1,0.023145,0.026110,0.020180,0.976811,0.974063,0.979558,0.973805,0.980592,0.967017,0.006269,0.004028,0.019078,0.032066,0.000000,14,0,4,0,1
cat_face_bass,unconstrained,0,475,2468.810,0.082007,0.951285,0.956801,0.945768,30,0.00032493,3,0.026257,0.028211,0.024303,0.973825,0.972123,0.975527,0.976273,0.983794,0.968753,0.006430,0.004761,0.015751,0.030353,0.000000,14,0,4,0,1
cat_face_bass,unconstrained,0,500,2719.716,0.082845,0.951165,0.956221,0.946109,30,0.00027751,2,0.026524,0.028311,0.024737,0.973567,0.972013,0.975120,0.976403,0.983293,0.969513,0.006735,0.004761,0.016178,0.029676,0.000000,14,0,4,0,1
cat_face_bass,unconstrained,0,525,2759.757,0.082473,0.952377,0.955279,0.949475,30,0.00022756,4,0.025572,0.029012,0.022133,0.974518,0.971333,0.977702,0.976741,0.982993,0.970489,0.006902,0.004795,0.016495,0.028174,0.000000,14,0,4,0,1
cat_face_bass,unconstrained,0,550,3010.743,0.087660,0.950054,0.954651,0.945456,30,0.00026070,8,0.028412,0.032413,0.024411,0.971788,0.968160,0.975415,0.977065,0.985594,0.968536,0.007897,0.005170,0.014324,0.030603,0.000000,14,0,4,0,1
cat_face_bass,unconstrained,0,575,3051.234,0.079860,0.953747,0.956282,0.951212,30,0.00024670,3,0.026368,0.032013,0.020723,0.973842,0.968581,0.979103,0.978909,0.986895,0.970923,0.007541,0.004387,0.012714,0.028116,0.000000,14,0,4,0,1
cat_face_bass,unconstrained,0,600,3273.705,0.082691,0.952034,0.951981,0.952088,30,0.00020920,3,0.029479,0.035414,0.023543,0.970864,0.965318,0.976410,0.980099,0.985694,0.974504,0.008420,0.004702,0.014555,0.024671,0.000000,14,0,4,0,1
cat_face_bass,unconstrained,0,625,3314.301,0.084835,0.951085,0.952123,0.950048,30,0.00028215,3,0.030827,0.034314,0.027341,0.969540,0.966330,0.972751,0.980408,0.984794,0.976023,0.008242,0.005699,0.015056,0.023222,0.000000,14,0,4,0,1
cat_face_bass,unconstrained,0,650,3521.764,0.084576,0.951813,0.955480,0.948147,30,0.00016612,1,0.029377,0.031413,0.027341,0.970904,0.969110,0.972698,0.979782,0.985494,0.974070,0.007549,0.006040,0.014213,0.025277,0.000000,14,0,4,0,1
cat_face_bass,unconstrained,0,675,3562.696,0.084975,0.951316,0.957449,0.945182,30,0.00015742,2,0.028298,0.027411,0.029185,0.971881,0.972890,0.970872,0.978231,0.983693,0.972768,0.006639,0.006277,0.016187,0.026443,0.000000,14,0,4,0,1
cat_face_bass,unconstrained,0,700,3808.386,0.088307,0.949891,0.955584,0.944199,30,0.00016329,1,0.029899,0.029312,0.030487,0.970340,0.971062,0.969618,0.978289,0.983593,0.972985,0.007025,0.006737,0.016401,0.026543,0.000000,14,0,4,0,1
cat_face_bass,unconstrained,0,725,3848.806,0.087597,0.949936,0.958869,0.941003,30,0.00021091,2,0.029046,0.026411,0.031681,0.971132,0.973867,0.968398,0.977504,0.984194,0.970815,0.006296,0.006937,0.015943,0.028290,0.000000,14,0,4,0,1
cat_face_bass,unconstrained,0,750,4098.253,0.087397,0.949776,0.955739,0.943812,30,0.00016772,1,0.028798,0.028411,0.029185,0.971368,0.971906,0.970831,0.977125,0.982893,0.971357,0.006660,0.006414,0.016772,0.027906,0.000000,14,0,4,0,1
cat_face_bass,unconstrained,0,775,4138.144,0.085068,0.951098,0.957055,0.945141,30,0.00029944,2,0.028845,0.027311,0.030379,0.971361,0.972973,0.969749,0.978523,0.983193,0.973853,0.006443,0.006682,0.016032,0.025751,0.000000,14,0,4,0,1
cat_face_bass,unconstrained,0,800,4345.587,0.089667,0.949181,0.953105,0.945257,29,0.00008461,2,0.031554,0.032513,0.030596,0.968784,0.968018,0.969550,0.979136,0.984094,0.974178,0.007767,0.006970,0.015149,0.025467,0.000000,14,0,5,0,1
cat_face_bass,unconstrained,0,825,4383.294,0.086216,0.949349,0.960452,0.938247,29,0.00010442,2,0.030919,0.027011,0.034827,0.969359,0.973346,0.965372,0.978659,0.986395,0.970923,0.006723,0.006980,0.012982,0.027921,0.000000,14,0,5,0,1
cat_face_bass,unconstrained,0,850,4603.824,0.090255,0.948382,0.950599,0.946165,29,0.00007972,1,0.032325,0.034814,0.029836,0.968054,0.965819,0.970290,0.979044,0.983693,0.974395,0.008386,0.006467,0.015439,0.025370,0.000000,14,0,5,0,1
cat_face_bass,unconstrained,0,875,4641.486,0.085939,0.950095,0.955823,0.944368,29,0.00013508,1,0.031170,0.032613,0.029728,0.969175,0.968014,0.970337,0.979719,0.986995,0.972442,0.007475,0.006522,0.012460,0.026939,0.000000,14,0,5,0,1
cat_face_bass,unconstrained,0,900,4856.633,0.089851,0.948311,0.953551,0.943071,29,0.00012500,2,0.032422,0.033814,0.031030,0.967956,0.966837,0.969074,0.979064,0.985794,0.972334,0.008024,0.006642,0.013695,0.027378,0.000000,14,0,5,0,1
cat_face_bass,unconstrained,0,925,4895.397,0.084305,0.950906,0.957982,0.943831,29,0.00007103,1,0.031188,0.030912,0.031464,0.969171,0.969649,0.968693,0.980561,0.987595,0.973527,0.007249,0.006756,0.011625,0.025971,0.000000,14,0,5,0,1
cat_face_bass,unconstrained,0,950,5096.415,0.088643,0.947690,0.955272,0.940109,29,0.00003244,2,0.033853,0.033313,0.034393,0.966597,0.967353,0.965841,0.979769,0.987095,0.972442,0.007944,0.006936,0.012270,0.026681,0.000000,14,0,5,0,1
cat_face_bass,unconstrained,0,975,5135.058,0.085046,0.949629,0.957674,0.941584,29,0.00004392,2,0.031585,0.030512,0.032657,0.968757,0.970010,0.967505,0.979614,0.986895,0.972334,0.007108,0.006731,0.012256,0.026850,0.000000,14,0,5,0,1
cat_face_bass,unconstrained,0,1000,5330.600,0.088977,0.948394,0.955334,0.941454,29,0.00001408,1,0.033290,0.032513,0.034067,0.967140,0.968090,0.966189,0.979961,0.986395,0.973527,0.007751,0.007164,0.013088,0.026105,0.000000,14,0,5,0,1
cat_face_bass,unconstrained,1,1,1.414,1.562094,0.198547,0.211103,0.185990,20,0.00085788,0,0.091325,0.104642,0.078008,0.705082,0.690258,0.719907,0.216846,0.233193,0.200499,0.026129,0.017548,0.763429,0.796855,0.000000,0,0,0,0,0
cat_face_bass,unconstrained,1,25,27.272,1.259202,0.332730,0.347386,0.318074,20,0.00000000,0,0.058867,0.067827,0.049908,0.857700,0.845417,0.869983,0.352448,0.370948,0.333948,0.016546,0.011078,0.626388,0.662226,0.000000,0,0,0,0,0
cat_face_bass,unconstrained,1,50,197.618,1.009961,0.465513,0.434750,0.496276,23,0.00000000,0,0.059930,0.070928,0.048931,0.890938,0.867798,0.914079,0.493073,0.465586,0.520560,0.017563,0.010734,0.532394,0.476595,0.000000,3,0,0,0,0
cat_face_bass,unconstrained,1,75,227.977,0.863756,0.544173,0.465304,0.623041,23,0.00000000,0,0.061141,0.076931,0.045351,0.900905,0.866909,0.934901,0.576198,0.501100,0.651297,0.019038,0.010011,0.497199,0.346332,0.000000,3,0,0,0,0
cat_face_bass,unconstrained,1,100,418.549,0.773919,0.589278,0.494953,0.683602,25,0.00001147,1,0.056262,0.070428,0.042096,0.913436,0.882667,0.944205,0.621096,0.529812,0.712379,0.017163,0.009227,0.468156,0.286185,0.000000,6,0,1,0,0
cat_face_bass,unconstrained,1,125,451.703,0.697588,0.633982,0.564609,0.703355,25,0.00044658,3,0.074877,0.079232,0.070522,0.899647,0.884934,0.914361,0.681150,0.609344,0.752956,0.019408,0.015538,0.389601,0.245368,0.000000,6,0,1,0,0
cat_face_bass,unconstrained,1,150,648.737,0.543688,0.714951,0.685014,0.744888,26,0.00027943,2,0.077610,0.094138,0.061083,0.908338,0.888415,0.928262,0.769944,0.749500,0.790387,0.023132,0.013488,0.249699,0.207704,0.000000,9,0,3,0,0
cat_face_bass,unconstrained,1,175,682.601,0.416947,0.778167,0.764755,0.791580,26,0.00096474,4,0.065979,0.088235,0.043724,0.926939,0.904141,0.949738,0.829212,0.832233,0.826191,0.021546,0.009522,0.166420,0.171829,0.000000,9,0,3,0,0
cat_face_bass,unconstrained,1,200,893.357,0.321580,0.827160,0.830614,0.823707,28,0.00061876,2,0.067906,0.091437,0.044375,0.929664,0.908380,0.950947,0.883410,0.906563,0.860258,0.022009,0.009562,0.092688,0.137861,0.000000,12,0,4,0,0
cat_face_bass,unconstrained,1,225,929.751,0.262207,0.860509,0.866123,0.854894,28,0.00004413,2,0.066265,0.091737,0.040794,0.933863,0.911563,0.956162,0.917674,0.945578,0.889769,0.023134,0.008924,0.054456,0.108622,0.000000,12,0,4,0,0
cat_face_bass,unconstrained,1,250,1157.365,0.218223,0.882619,0.881252,0.883985,30,0.00003100,2,0.065031,0.090136,0.039926,0.936299,0.914223,0.958376,0.939982,0.960684,0.919280,0.022494,0.008624,0.038986,0.078987,0.000000,15,0,5,0,0
cat_face_bass,unconstrained,1,275,1196.691,0.182326,0.901670,0.893326,0.910015,30,0.00007527,1,0.062715,0.089736,0.035695,0.939555,0.915600,0.963509,0.957993,0.973489,0.942498,0.022404,0.007698,0.026384,0.055732,0.000000,15,0,5,0,1
cat_face_bass,unconstrained,1,300,1415.785,0.163759,0.910301,0.900405,0.920197,28,0.00017826,3,0.062079,0.086835,0.037322,0.940435,0.918498,0.962371,0.966566,0.978591,0.954541,0.021488,0.007596,0.021550,0.043928,0.000000,18,0,10,0,1
cat_face_bass,unconstrained,1,325,1452.268,0.151225,0.917159,0.905318,0.928999,28,0.00043135,2,0.060109,0.087235,0.032983,0.942680,0.918588,0.966772,0.971967,0.984294,0.959640,0.021577,0.006632,0.015753,0.039103,0.000000,18,0,10,0,1
cat_face_bass,unconstrained,1,350,1672.128,0.148652,0.918808,0.905341,0.932275,26,0.00054041,1,0.059058,0.086435,0.031681,0.943667,0.919222,0.968112,0.972702,0.983593,0.961810,0.021376,0.006429,0.016480,0.037047,0.000000,18,0,12,0,1
cat_face_bass,unconstrained,1,375,1705.846,0.142484,0.922748,0.911138,0.934359,26,0.00042675,1,0.054680,0.079632,0.029728,0.947569,0.925111,0.970028,0.972914,0.983693,0.962135,0.019773,0.006448,0.016251,0.036850,0.000000,18,0,12,0,1
cat_face_bass,unconstrained,1,400,1919.206,0.139555,0.924167,0.913459,0.934874,26,0.00038277,1,0.053207,0.078531,0.027883,0.948987,0.926173,0.971802,0.973068,0.985194,0.960942,0.019458,0.006099,0.015059,0.037479,0.000000,18,0,12,0,1
cat_face_bass,unconstrained,1,425,1952.474,0.138336,0.924206,0.914678,0.933733,26,0.00043211,0,0.054497,0.077531,0.031464,0.947719,0.927073,0.968365,0.974353,0.985594,0.963112,0.019181,0.006561,0.014211,0.036192,0.000000,18,0,12,0,1
cat_face_bass,unconstrained,1,450,2159.853,0.136263,0.925584,0.913544,0.937625,26,0.00044290,0,0.053212,0.078431,0.027992,0.949019,0.926260,0.971779,0.974533,0.985194,0.963871,0.019348,0.006031,0.014526,0.035014,0.000000,18,0,12,0,1
cat_face_bass,unconstrained,1,475,2192.982,0.131972,0.927008,0.918002,0.936013,26,0.00034235,0,0.052275,0.073629,0.030921,0.949719,0.930487,0.968951,0.975275,0.985594,0.964956,0.018427,0.006148,0.014049,0.034021,0.000000,18,0,12,0,1
cat_face_bass,unconstrained,1,500,2378.901,0.129434,0.929353,0.919505,0.939202,26,0.00028499,0,0.051457,0.075030,0.027883,0.950690,0.929452,0.971928,0.976943,0.988495,0.965390,0.018700,0.006069,0.011145,0.033374,0.000000,18,0,12,0,1
cat_face_bass,unconstrained,1,525,2412.278,0.126670,0.930687,0.919492,0.941881,26,0.00016378,0,0.047065,0.071128,0.023001,0.954665,0.932645,0.976685,0.974220,0.984894,0.963546,0.017673,0.004914,0.014979,0.035292,0.000000,18,0,12,0,1
cat_face_bass,unconstrained,1,550,2623.997,0.121086,0.932808,0.921178,0.944439,26,0.00018810,0,0.045597,0.069928,0.021265,0.956089,0.933750,0.978428,0.975058,0.985594,0.964522,0.016976,0.004468,0.014177,0.034438,0.000000,18,0,12,0,1
cat_face_bass,unconstrained,1,575,2657.760,0.118501,0.934524,0.922904,0.946144,26,0.00020235,0,0.044650,0.067927,0.021374,0.956942,0.935524,0.978361,0.975980,0.985594,0.966366,0.016645,0.004577,0.014139,0.032483,0.000000,18,0,12,0,1
cat_face_bass,unconstrained,1,600,2869.278,0.118426,0.934103,0.922048,0.946158,28,0.00016382,0,0.046340,0.069028,0.023652,0.955358,0.934554,0.976162,0.977115,0.985694,0.968536,0.016930,0.004903,0.014161,0.029965,0.000000,20,0,12,0,1
cat_face_bass,unconstrained,1,625,2905.405,0.111899,0.937699,0.924452,0.950945,28,0.00013820,0,0.045217,0.068627,0.021808,0.956547,0.935044,0.978050,0.979789,0.987895,0.971683,0.016597,0.004672,0.011965,0.027187,0.000000,20,0,12,0,1
cat_face_bass,unconstrained,1,650,3112.281,0.111264,0.938440,0.926536,0.950345,27,0.00012896,0,0.043046,0.063525,0.022567,0.958371,0.939437,0.977305,0.978593,0.985394,0.971791,0.015713,0.004882,0.014035,0.027113,0.000000,20,0,13,0,1
cat_face_bass,unconstrained,1,675,3147.075,0.112388,0.936503,0.925426,0.947580,27,0.00015620,0,0.047204,0.067827,0.026581,0.954586,0.935771,0.973401,0.980481,0.988195,0.972768,0.016297,0.005472,0.011448,0.026232,0.000000,20,0,13,0,1
cat_face_bass,unconstrained,1,700,3350.218,0.107513,0.939581,0.928028,0.951134,26,0.00011193,0,0.044135,0.064726,0.023543,0.957454,0.938521,0.976387,0.980811,0.988095,0.973527,0.015726,0.005006,0.011311,0.025133,0.000000,20,0,14,0,1
cat_face_bass,unconstrained,1,725,3383.202,0.107147,0.940218,0.928343,0.952093,26,0.00008307,0,0.044439,0.065226,0.023652,0.957215,0.938123,0.976307,0.981754,0.988896,0.974612,0.015800,0.005151,0.010903,0.024282,0.000000,20,0,14,0,1
cat_face_bass,unconstrained,1,750,3572.359,0.105784,0.939615,0.927237,0.951992,26,0.00011875,0,0.044643,0.065526,0.023760,0.957002,0.937803,0.976201,0.981304,0.987995,0.974612,0.015462,0.004966,0.011535,0.024199,0.000000,20,0,14,0,1
cat_face_bass,unconstrained,1,775,3605.409,0.105410,0.941715,0.931893,0.951538,26,0.00007262,0,0.041817,0.060524,0.023109,0.959553,0.942293,0.976813,0.980911,0.988295,0.973527,0.015083,0.004985,0.011333,0.025464,0.000000,20,0,14,0,1
cat_face_bass,unconstrained,1,800,3815.444,0.104943,0.940835,0.930066,0.951604,26,0.00009846,0,0.042972,0.061425,0.024520,0.958445,0.941423,0.975467,0.981066,0.987195,0.974938,0.014991,0.005096,0.012165,0.024016,0.000000,20,0,14,0,1
cat_face_bass,unconstrained,1,825,3848.308,0.103824,0.942528,0.932892,0.952164,26,0.00011674,0,0.039908,0.056923,0.022892,0.961227,0.945420,0.977035,0.979978,0.985994,0.973961,0.014314,0.004929,0.013503,0.024794,0.000000,20,0,14,0,1
cat_face_bass,unconstrained,1,850,4051.079,0.103485,0.942587,0.930450,0.954724,26,0.00018648,0,0.041178,0.061525,0.020831,0.960218,0.941362,0.979074,0.981154,0.987695,0.974612,0.015142,0.004624,0.011718,0.024056,0.000000,20,0,14,0,1
cat_face_bass,unconstrained,1,875,4084.303,0.102008,0.943526,0.933510,0.953543,26,0.00012413,0,0.040308,0.057723,0.022892,0.960918,0.944769,0.977068,0.981383,0.987395,0.975372,0.014504,0.004803,0.012126,0.023889,0.000000,20,0,14,0,1
cat_face_bass,unconstrained,1,900,4294.158,0.104429,0.942335,0.931608,0.953062,26,0.00011747,0,0.041501,0.059024,0.023977,0.959786,0.943551,0.976020,0.981254,0.986595,0.975914,0.014750,0.005141,0.012910,0.023470,0.000000,20,0,14,0,1
cat_face_bass,unconstrained,1,925,4327.500,0.102917,0.942141,0.931350,0.952931,26,0.00017932,0,0.041429,0.059424,0.023435,0.959865,0.943196,0.976534,0.980979,0.986695,0.975263,0.014503,0.004880,0.012814,0.023865,0.000000,20,0,14,0,1
cat_face_bass,unconstrained,1,950,4521.157,0.105904,0.941512,0.931344,0.951680,26,0.00017884,0,0.041596,0.059324,0.023869,0.959685,0.943281,0.976090,0.980495,0.986595,0.974395,0.014681,0.005295,0.012921,0.024707,0.000000,20,0,14,0,1
cat_face_bass,unconstrained,1,975,4554.448,0.103946,0.942056,0.931474,0.952638,26,0.00015446,0,0.041200,0.058423,0.023977,0.960033,0.944056,0.976010,0.980687,0.985894,0.975480,0.014205,0.005260,0.013701,0.023813,0.000000,20,0,14,0,1
cat_face_bass,unconstrained,1,1000,4758.580,0.103699,0.943084,0.932999,0.953168,26,0.00017890,0,0.041300,0.058623,0.023977,0.959997,0.943972,0.976023,0.981859,0.987695,0.976023,0.014742,0.005295,0.011746,0.023187,0.000000,20,0,14,0,1
cat_face_bass,unconstrained,1,1025,4792.097,0.102850,0.942940,0.933049,0.952830,26,0.00021221,1,0.039983,0.056423,0.023543,0.961143,0.945858,0.976428,0.980479,0.985694,0.975263,0.013949,0.005125,0.013745,0.024069,0.000000,20,0,14,0,1
cat_face_bass,unconstrained,1,1050,4987.234,0.102846,0.942367,0.930498,0.954237,26,0.00016098,1,0.041316,0.060824,0.021808,0.960040,0.941957,0.978124,0.981070,0.987095,0.975046,0.014624,0.004849,0.012231,0.024025,0.000000,20,0,14,0,1
cat_face_bass,unconstrained,1,1075,5020.216,0.101984,0.943332,0.933611,0.953052,26,0.00011807,0,0.040041,0.056323,0.023760,0.961101,0.945974,0.976227,0.980946,0.986194,0.975697,0.013965,0.005234,0.013208,0.023218,0.000000,20,0,14,0,1
cat_face_bass,unconstrained,1,1100,5213.790,0.099464,0.944718,0.936687,0.952749,25,0.00015378,1,0.039004,0.053922,0.024086,0.962058,0.948208,0.975909,0.981446,0.987195,0.975697,0.013517,0.005133,0.012390,0.023405,0.000000,20,0,15,0,1
cat_face_bass,unconstrained,1,1125,5247.009,0.101779,0.943094,0.934282,0.951907,25,0.00017454,0,0.039558,0.054922,0.024194,0.961501,0.947217,0.975785,0.980266,0.985594,0.974938,0.013777,0.004969,0.013866,0.024101,0.000000,20,0,15,0,1
cat_face_bass,unconstrained,1,1150,5436.157,0.097540,0.945439,0.938385,0.952492,25,0.00016301,1,0.037615,0.052121,0.023109,0.963345,0.949856,0.976835,0.980899,0.987295,0.974504,0.013000,0.004838,0.012178,0.024720,0.000000,20,0,15,0,1
cat_face_bass,unconstrained,1,1175,5469.608,0.096756,0.946973,0.938053,0.955893,25,0.00013756,0,0.036076,0.051321,0.020831,0.964817,0.950535,0.979099,0.981000,0.986194,0.975806,0.013018,0.004632,0.013407,0.023394,0.000000,20,0,15,0,1
cat_face_bass,unconstrained,1,1200,5652.688,0.097094,0.945335,0.936723,0.953947,25,0.00016976,1,0.038490,0.054522,0.022459,0.962592,0.947692,0.977493,0.981583,0.987795,0.975372,0.013430,0.004773,0.011322,0.023616,0.000000,20,0,15,0,1
cat_face_bass,unconstrained,1,1225,5685.851,0.097141,0.945214,0.934956,0.955473,25,0.00015728,0,0.038781,0.056623,0.020940,0.962388,0.945791,0.978985,0.981688,0.987895,0.975480,0.013697,0.004429,0.011631,0.023678,0.000000,20,0,15,0,1
cat_face_bass,unconstrained,1,1250,5889.783,0.096512,0.945815,0.936378,0.955251,25,0.00014098,0,0.037122,0.053521,0.020723,0.963864,0.948538,0.979189,0.980770,0.986495,0.975046,0.013177,0.004492,0.012677,0.023773,0.000000,20,0,15,0,1
cat_face_bass,unconstrained,1,1275,5922.876,0.097262,0.946587,0.938339,0.954835,25,0.00014610,0,0.036130,0.051321,0.020940,0.964760,0.950549,0.978971,0.980662,0.986495,0.974829,0.013001,0.004635,0.013064,0.024345,0.000000,20,0,15,0,1
cat_face_bass,unconstrained,1,1300,6122.934,0.097449,0.945517,0.937488,0.953545,25,0.00018153,1,0.036017,0.051421,0.020614,0.964839,0.950420,0.979258,0.979448,0.985694,0.973202,0.012533,0.004611,0.014076,0.025484,0.000000,20,0,15,0,1
cat_face_bass,unconstrained,1,1325,6155.921,0.094395,0.946656,0.939675,0.953637,25,0.00019029,0,0.033354,0.046419,0.020289,0.967247,0.954921,0.979574,0.978139,0.983293,0.972985,0.011452,0.004243,0.016096,0.025859,0.000000,20,0,15,0,1
cat_face_bass,unconstrained,1,1350,6341.677,0.091780,0.946911,0.940884,0.952937,25,0.00022014,0,0.034392,0.047519,0.021265,0.966310,0.954004,0.978617,0.979398,0.985594,0.973202,0.011270,0.004465,0.013614,0.025255,0.000000,20,0,15,0,1
cat_face_bass,unconstrained,1,1375,6374.427,0.089327,0.949152,0.944141,0.954164,25,0.00023015,0,0.031249,0.042317,0.020180,0.969231,0.958772,0.979690,0.978756,0.984094,0.973419,0.010195,0.004452,0.015305,0.025180,0.000000,20,0,15,0,1
cat_face_bass,unconstrained,1,1400,6558.231,0.088881,0.949340,0.946011,0.952669,25,0.00027984,0,0.030933,0.039516,0.022350,0.969468,0.961369,0.977567,0.978677,0.983393,0.973961,0.009616,0.004753,0.016060,0.025005,0.000000,20,0,15,0,1
cat_face_bass,unconstrained,1,1425,6590.837,0.086323,0.950249,0.946518,0.953980,25,0.00041536,0,0.030424,0.040016,0.020831,0.969998,0.960938,0.979058,0.979123,0.984394,0.973853,0.009704,0.004297,0.014485,0.025104,0.000000,20,0,15,0,1
cat_face_bass,unconstrained,1,1450,6784.456,0.086224,0.949980,0.945608,0.954352,25,0.00044754,1,0.030327,0.041016,0.019638,0.970109,0.960000,0.980219,0.978743,0.984394,0.973093,0.009715,0.003957,0.014714,0.026052,0.000000,20,0,15,0,1
cat_face_bass,unconstrained,1,1475,6817.468,0.088658,0.949230,0.943581,0.954879,25,0.00042292,1,0.031073,0.042617,0.019529,0.969407,0.958480,0.980334,0.978660,0.983794,0.973527,0.010148,0.004086,0.015703,0.025544,0.000000,20,0,15,0,1
cat_face_bass,unconstrained,1,1500,7020.111,0.085005,0.951291,0.948231,0.954352,25,0.00045133,1,0.028676,0.037715,0.019638,0.971652,0.963086,0.980219,0.978543,0.983994,0.973093,0.009211,0.003976,0.015264,0.026086,0.000000,20,0,15,0,1
cat_face_bass,unconstrained,1,1525,7052.672,0.090366,0.948526,0.942575,0.954478,25,0.00045934,0,0.031795,0.043517,0.020072,0.968716,0.957631,0.979801,0.978615,0.983593,0.973636,0.010434,0.004396,0.015324,0.025402,0.000000,20,0,15,0,1
cat_face_bass,unconstrained,1,1550,7258.148,0.085599,0.950655,0.945696,0.955615,25,0.00047047,0,0.029164,0.039016,0.019312,0.971184,0.961810,0.980559,0.978331,0.982593,0.974070,0.009325,0.003968,0.016308,0.025264,0.000000,20,0,15,0,1
cat_face_bass,unconstrained,1,1575,7290.782,0.087961,0.950135,0.945279,0.954990,25,0.00042249,0,0.029026,0.038415,0.019638,0.971285,0.962338,0.980232,0.977668,0.981593,0.973744,0.009297,0.004295,0.017617,0.025419,0.000000,20,0,15,0,1
cat_face_bass,unconstrained,1,1600,7498.087,0.085775,0.952078,0.947765,0.956392,25,0.00040612,1,0.026845,0.036114,0.017576,0.973394,0.964528,0.982260,0.977597,0.981993,0.973202,0.009015,0.003924,0.017412,0.025823,0.000000,20,0,15,0,1
cat_face_bass,unconstrained,1,1625,7531.124,0.084152,0.951817,0.947718,0.955915,25,0.00048854,2,0.028947,0.039016,0.018878,0.971437,0.961888,0.980986,0.979328,0.984694,0.973961,0.009282,0.004007,0.014682,0.025285,0.000000,20,0,15,0,1
cat_face_bass,unconstrained,1,1650,7726.874,0.084716,0.951973,0.948273,0.955674,25,0.00047938,0,0.027421,0.036615,0.018227,0.972851,0.964089,0.981613,0.978043,0.982993,0.973093,0.009013,0.004010,0.016065,0.025601,0.000000,20,0,15,0,1
cat_face_bass,unconstrained,1,1675,7759.443,0.086754,0.950700,0.947551,0.953849,25,0.00050298,1,0.028952,0.037615,0.020289,0.971365,0.963152,0.979578,0.978197,0.983193,0.973202,0.009194,0.004361,0.015962,0.025822,0.000000,20,0,15,0,1
cat_face_bass,unconstrained,1,1700,7966.533,0.082922,0.952560,0.950377,0.954744,25,0.00061190,0,0.027546,0.036214,0.018878,0.972747,0.964531,0.980963,0.978781,0.984794,0.972768,0.008831,0.004019,0.014203,0.026055,0.000000,20,0,15,0,1
cat_face_bass,unconstrained,1,1725,7999.804,0.084653,0.951695,0.947566,0.955823,25,0.00071842,0,0.028559,0.037915,0.019204,0.971774,0.962880,0.980668,0.978836,0.983493,0.974178,0.008972,0.004226,0.015513,0.025195,0.000000,20,0,15,0,1
cat_face_bass,unconstrained,1,1750,8195.988,0.087282,0.951185,0.948342,0.954028,25,0.00091825,1,0.028772,0.038015,0.019529,0.971568,0.962818,0.980317,0.978526,0.984394,0.972659,0.009380,0.004348,0.014812,0.026544,0.000000,20,0,15,0,1
cat_face_bass,unconstrained,1,1775,8229.230,0.085981,0.951288,0.949273,0.953303,25,0.00083148,1,0.029639,0.039316,0.019963,0.970780,0.961677,0.979882,0.979464,0.986595,0.972334,0.009628,0.004392,0.012529,0.026276,0.000000,20,0,15,0,1
cat_face_bass,unconstrained,1,1800,8417.599,0.083032,0.952823,0.950466,0.955179,25,0.00083965,0,0.029606,0.040116,0.019095,0.970882,0.961004,0.980761,0.981007,0.988595,0.973419,0.009748,0.004103,0.010555,0.025648,0.000000,20,0,15,0,1
cat_face_bass,unconstrained,1,1825,8450.755,0.082174,0.952910,0.950438,0.955383,25,0.00075715,1,0.029197,0.039516,0.018878,0.971259,0.961542,0.980975,0.980707,0.987995,0.973419,0.009521,0.003958,0.011206,0.025597,0.000000,20,0,15,0,1
cat_face_bass,unconstrained,1,1850,8639.191,0.081109,0.952906,0.948863,0.956948,25,0.00082353,1,0.030418,0.042717,0.018119,0.970177,0.958612,0.981743,0.981841,0.989396,0.974287,0.009540,0.003919,0.010391,0.025253,0.000000,20,0,15,0,1
cat_face_bass,unconstrained,1,1875,8672.280,0.085749,0.951595,0.947899,0.955291,25,0.00077483,2,0.030910,0.042617,0.019204,0.969659,0.958661,0.980658,0.980965,0.988295,0.973636,0.010337,0.003971,0.011430,0.026010,0.000000,20,0,15,0,1
cat_face_bass,unconstrained,1,1900,8859.220,0.084301,0.951925,0.949164,0.954686,25,0.00068947,1,0.030490,0.041016,0.019963,0.970027,0.960144,0.979910,0.980920,0.988095,0.973744,0.009773,0.004350,0.011274,0.025364,0.000000,20,0,15,0,1
cat_face_bass,unconstrained,1,1925,8892.600,0.079201,0.954042,0.952551,0.955532,25,0.00066209,1,0.027534,0.035214,0.019855,0.972777,0.965521,0.980033,0.980299,0.986094,0.974504,0.008462,0.003958,0.013057,0.024749,0.000000,20,0,15,0,1
cat_face_bass,unconstrained,1,1950,9101.819,0.080433,0.954058,0.952321,0.955795,24,0.00064425,0,0.026483,0.034414,0.018553,0.973772,0.966245,0.981299,0.979311,0.985094,0.973527,0.008445,0.003883,0.014107,0.025449,0.000000,20,0,16,0,1
cat_face_bass,unconstrained,1,1975,9133.920,0.078707,0.955933,0.953529,0.958338,24,0.00056488,0,0.025770,0.033313,0.018227,0.974479,0.967295,0.981663,0.980550,0.985294,0.975806,0.008148,0.004037,0.014244,0.024028,0.000000,20,0,16,0,1
cat_face_bass,unconstrained,1,2000,9334.142,0.079521,0.954850,0.952160,0.957540,24,0.00060785,0,0.027322,0.035114,0.019529,0.972993,0.965598,0.980388,0.980917,0.985594,0.976240,0.008520,0.004212,0.013575,0.023381,0.000000,20,0,16,0,1
cat_face_bass,unconstrained,1,2025,9365.998,0.079078,0.955229,0.952004,0.958453,24,0.00056192,1,0.027179,0.035914,0.018444,0.973159,0.964862,0.981455,0.981163,0.986194,0.976131,0.008701,0.004089,0.013105,0.023163,0.000000,20,0,16,0,1
cat_face_bass,unconstrained,1,2050,9541.219,0.079144,0.955384,0.952542,0.958227,24,0.00059984,0,0.026566,0.035014,0.018119,0.973735,0.965703,0.981767,0.980741,0.985894,0.975589,0.008533,0.003976,0.013352,0.024083,0.000000,20,0,16,0,1
cat_face_bass,unconstrained,1,2075,9573.090,0.078065,0.956128,0.952772,0.959484,24,0.00065640,0,0.026695,0.035814,0.017576,0.973649,0.964981,0.982316,0.981621,0.986895,0.976348,0.008821,0.003822,0.012465,0.023192,0.000000,20,0,16,0,1
cat_face_bass,unconstrained,1,2100,9765.395,0.079438,0.955235,0.953219,0.957252,24,0.00059371,1,0.027651,0.035014,0.020289,0.972688,0.965727,0.979650,0.981634,0.986595,0.976674,0.008544,0.004413,0.012902,0.023075,0.000000,20,0,16,0,1
cat_face_bass,unconstrained,1,2125,9797.282,0.079043,0.954430,0.952427,0.956434,24,0.00066688,0,0.029932,0.038816,0.021048,0.970576,0.962249,0.978902,0.982980,0.989396,0.976565,0.009149,0.004344,0.010178,0.023154,0.000000,20,0,16,0,1
cat_face_bass,unconstrained,1,2150,9964.241,0.078375,0.955519,0.952509,0.958529,24,0.00069851,0,0.028100,0.038515,0.017685,0.972358,0.962523,0.982194,0.982338,0.989196,0.975480,0.009131,0.003850,0.010452,0.024165,0.000000,20,0,16,0,1
cat_face_bass,unconstrained,1,2175,9996.332,0.079163,0.955219,0.951927,0.958511,24,0.00076308,1,0.027833,0.038415,0.017251,0.972603,0.962591,0.982615,0.981771,0.988495,0.975046,0.009153,0.003754,0.011260,0.024475,0.000000,20,0,16,0,1
cat_face_bass,unconstrained,1,2200,10194.657,0.079103,0.955912,0.953401,0.958422,24,0.00078582,1,0.027300,0.036915,0.017685,0.973098,0.964004,0.982192,0.981984,0.988595,0.975372,0.009170,0.003862,0.010855,0.024301,0.000000,20,0,16,0,1
cat_face_bass,unconstrained,1,2225,10227.056,0.077729,0.955207,0.952711,0.957703,24,0.00066051,0,0.028526,0.038715,0.018336,0.971948,0.962350,0.981546,0.982429,0.989596,0.975263,0.009213,0.003809,0.009974,0.023790,0.000000,20,0,16,0,1
cat_face_bass,unconstrained,1,2250,10434.571,0.076623,0.956949,0.953711,0.960188,24,0.00079774,0,0.025853,0.035214,0.016491,0.974473,0.965561,0.983384,0.981659,0.987295,0.976023,0.008614,0.003634,0.012169,0.023353,0.000000,20,0,16,0,1
cat_face_bass,unconstrained,1,2275,10466.853,0.079512,0.953655,0.949789,0.957522,24,0.00078207,1,0.030556,0.042017,0.019095,0.970041,0.959275,0.980807,0.982751,0.989696,0.975806,0.009381,0.004048,0.009874,0.024148,0.000000,20,0,16,0,1
cat_face_bass,unconstrained,1,2300,10666.205,0.078580,0.954801,0.951611,0.957991,24,0.00082440,1,0.028746,0.039916,0.017576,0.971759,0.961228,0.982289,0.982212,0.989596,0.974829,0.009248,0.003716,0.010542,0.024272,0.000000,20,0,16,0,1
cat_face_bass,unconstrained,1,2325,10698.098,0.078347,0.954722,0.950716,0.958729,24,0.00084513,1,0.029338,0.041317,0.017359,0.971226,0.959938,0.982514,0.982684,0.989996,0.975372,0.009584,0.003687,0.009668,0.023646,0.000000,20,0,16,0,1
cat_face_bass,unconstrained,1,2350,10876.574,0.077984,0.955558,0.951872,0.959245,24,0.00088977,0,0.028120,0.039316,0.016925,0.972362,0.961778,0.982945,0.982388,0.989296,0.975480,0.009420,0.003579,0.009881,0.024079,0.000000,20,0,16,0,1
cat_face_bass,unconstrained,1,2375,10908.165,0.078803,0.955686,0.953540,0.957832,24,0.00089841,0,0.027296,0.035714,0.018878,0.973061,0.965099,0.981023,0.981755,0.987595,0.975914,0.008774,0.004161,0.011578,0.023541,0.000000,20,0,16,0,1
cat_face_bass,unconstrained,1,2400,11099.610,0.078993,0.955170,0.954072,0.956267,24,0.00086319,0,0.028226,0.036815,0.019638,0.972188,0.964119,0.980257,0.982121,0.989196,0.975046,0.008900,0.004135,0.010347,0.024615,0.000000,20,0,16,0,1
cat_face_bass,unconstrained,1,2425,11131.119,0.080818,0.953641,0.951083,0.956198,24,0.00084511,0,0.029711,0.038916,0.020506,0.970763,0.962108,0.979418,0.981950,0.988095,0.975806,0.009181,0.004425,0.010790,0.023927,0.000000,20,0,16,0,1
cat_face_bass,unconstrained,1,2450,11302.612,0.078484,0.955880,0.955289,0.956471,24,0.00103513,0,0.026567,0.033713,0.019421,0.973729,0.966987,0.980471,0.981271,0.987495,0.975046,0.008406,0.004093,0.011973,0.024432,0.000000,20,0,16,0,1
cat_face_bass,unconstrained,1,2475,11333.999,0.080744,0.954873,0.952859,0.956887,24,0.00073031,0,0.027409,0.035614,0.019204,0.972928,0.965166,0.980690,0.981029,0.986795,0.975263,0.008767,0.004203,0.012881,0.024389,0.000000,20,0,16,0,1
cat_face_bass,unconstrained,1,2500,11516.105,0.081448,0.954111,0.952597,0.955624,24,0.00059588,0,0.027872,0.036214,0.019529,0.972480,0.964610,0.980349,0.980691,0.987095,0.974287,0.008925,0.004141,0.012490,0.025281,0.000000,20,0,16,0,1
cat_face_bass,unconstrained,1,2525,11547.595,0.082123,0.953118,0.951807,0.954429,24,0.00046209,0,0.028451,0.037915,0.018987,0.971945,0.963039,0.980851,0.980223,0.987895,0.972551,0.009105,0.004121,0.011376,0.026606,0.000000,20,0,16,0,1
cat_face_bass,unconstrained,1,2550,11735.908,0.080679,0.954446,0.953984,0.954908,24,0.00056588,0,0.028597,0.037015,0.020180,0.971820,0.963934,0.979705,0.981737,0.989296,0.974178,0.009113,0.004294,0.010381,0.025194,0.000000,20,0,16,0,1
horse_circle,constrained,0,1,1.400,1.660304,0.161737,0.165288,0.158186,20,0.00000000,0,0.077283,0.090495,0.064072,0.695023,0.665751,0.724295,0.174283,0.180246,0.168321,0.024734,0.027956,0.805480,0.828545,0.000000,0,0,0,0,0
horse_circle,constrained,0,25,26.632,1.327623,0.294239,0.305173,0.283305,20,0.00000000,0,0.041017,0.053571,0.028462,0.884094,0.857178,0.911010,0.306445,0.321522,0.291369,0.014339,0.012149,0.664168,0.705017,0.000000,0,0,0,0,0
horse_circle,constrained,0,50,197.363,1.038146,0.442684,0.441765,0.443603,23,0.00000000,0,0.032065,0.041295,0.022836,0.934854,0.917625,0.952083,0.456870,0.460007,0.453733,0.011134,0.009742,0.526877,0.543111,0.000000,3,0,0,0,0
horse_circle,constrained,0,75,228.026,0.816266,0.560348,0.547494,0.573202,23,0.00009645,1,0.031436,0.044736,0.018136,0.948661,0.927462,0.969860,0.577792,0.571987,0.583598,0.011980,0.007851,0.414294,0.413271,0.000000,3,0,0,0,0
horse_circle,constrained,0,100,417.682,0.681156,0.633783,0.626749,0.640817,25,0.00083257,0,0.032432,0.050037,0.014827,0.953525,0.929341,0.977709,0.654214,0.658110,0.650318,0.013520,0.006337,0.330371,0.346393,0.000000,6,0,1,0,0
horse_circle,constrained,0,125,450.951,0.596560,0.679948,0.665311,0.694586,25,0.00134205,2,0.033249,0.051804,0.014694,0.955325,0.931073,0.979577,0.702284,0.699777,0.704792,0.014022,0.006162,0.289214,0.291854,0.000000,6,0,1,0,0
horse_circle,constrained,0,150,664.237,0.539662,0.712060,0.690151,0.733969,28,0.00217936,1,0.037510,0.061384,0.013635,0.952341,0.922680,0.982002,0.738246,0.732515,0.743977,0.016504,0.005603,0.256593,0.252908,0.000000,9,0,1,0,0
horse_circle,constrained,0,175,701.405,0.454280,0.761515,0.737823,0.785207,28,0.00316622,1,0.044395,0.073103,0.015687,0.948092,0.915475,0.980710,0.794642,0.791760,0.797524,0.019716,0.006425,0.198164,0.199567,0.000000,9,0,1,0,0
horse_circle,constrained,0,200,931.016,0.401964,0.793184,0.770805,0.815563,31,0.00103450,2,0.052142,0.081845,0.022438,0.942210,0.910624,0.973796,0.833877,0.833891,0.833863,0.021996,0.009510,0.156240,0.163560,0.000000,12,0,1,0,0
horse_circle,constrained,0,225,971.493,0.366387,0.812433,0.793540,0.831327,31,0.00116667,3,0.051218,0.079799,0.022637,0.944434,0.914805,0.974063,0.853505,0.856864,0.850146,0.021819,0.009534,0.133384,0.147391,0.000000,12,0,1,0,0
horse_circle,constrained,0,250,1216.697,0.345337,0.823024,0.800636,0.845412,31,0.00098640,3,0.051711,0.081380,0.022041,0.944603,0.914081,0.975125,0.864919,0.865792,0.864046,0.022218,0.009165,0.124559,0.132846,0.000000,14,0,3,0,0
horse_circle,constrained,0,275,1256.808,0.319224,0.838207,0.814520,0.861894,31,0.00160756,4,0.052015,0.085100,0.018930,0.945535,0.912171,0.978899,0.881023,0.883836,0.878210,0.023394,0.008002,0.108672,0.119185,0.000000,14,0,3,0,0
horse_circle,constrained,0,300,1513.550,0.291263,0.853594,0.831564,0.875624,32,0.00177141,4,0.053950,0.086124,0.021777,0.944592,0.912945,0.976239,0.898936,0.903181,0.894692,0.023445,0.009042,0.089682,0.102615,0.000000,16,0,4,0,0
horse_circle,constrained,0,325,1555.196,0.265184,0.866839,0.845315,0.888363,32,0.00177097,4,0.051925,0.082868,0.020982,0.947187,0.916985,0.977389,0.911184,0.915365,0.907003,0.022749,0.008625,0.077193,0.090585,0.000000,16,0,4,0,0
horse_circle,constrained,0,350,1804.983,0.244630,0.878185,0.853314,0.903056,32,0.00166337,4,0.053090,0.086124,0.020056,0.946834,0.914976,0.978692,0.923986,0.926804,0.921168,0.023709,0.008354,0.066125,0.076141,0.000000,19,0,7,0,0
horse_circle,constrained,0,375,1846.249,0.225663,0.887187,0.863519,0.910856,32,0.00137998,2,0.049443,0.079427,0.019460,0.950476,0.921478,0.979474,0.930343,0.932106,0.928581,0.021904,0.008293,0.060359,0.068516,0.000000,19,0,7,0,0
horse_circle,constrained,0,400,2112.851,0.209037,0.895683,0.873834,0.917532,35,0.00111303,2,0.048168,0.077009,0.019328,0.952058,0.924363,0.979753,0.938197,0.941127,0.935266,0.021202,0.008129,0.052505,0.061569,0.000000,22,0,7,0,0
horse_circle,constrained,0,425,2158.481,0.194017,0.901439,0.877542,0.925335,35,0.00114385,3,0.043469,0.070126,0.016812,0.956479,0.930513,0.982445,0.939987,0.939081,0.940892,0.019058,0.007130,0.053473,0.056461,0.000000,22,0,7,0,1
horse_circle,constrained,0,450,2447.129,0.187108,0.905697,0.884575,0.926820,37,0.00116889,3,0.041787,0.066034,0.017540,0.958148,0.934556,0.981741,0.943032,0.942987,0.943077,0.018064,0.007522,0.049872,0.054772,0.000000,25,0,8,0,1
horse_circle,constrained,0,475,2495.651,0.175789,0.911407,0.888075,0.934740,37,0.00088998,4,0.041205,0.066127,0.016283,0.958933,0.934717,0.983148,0.948380,0.946801,0.949960,0.018144,0.007175,0.045465,0.047890,0.000000,25,0,8,0,1
horse_circle,constrained,0,500,2813.247,0.167284,0.915486,0.886546,0.944426,40,0.00080244,5,0.041048,0.067336,0.014760,0.959199,0.933566,0.984832,0.952304,0.946243,0.958366,0.018359,0.006515,0.045976,0.039776,0.000000,28,0,8,0,1
horse_circle,constrained,0,525,2866.062,0.161221,0.919622,0.891179,0.948065,40,0.00067989,2,0.040336,0.064918,0.015753,0.959940,0.935975,0.983905,0.956016,0.949033,0.963000,0.017866,0.007061,0.044529,0.034371,0.000000,28,0,8,0,1
horse_circle,constrained,0,550,3204.760,0.151404,0.924401,0.892614,0.956187,40,0.00054739,3,0.040257,0.065290,0.015224,0.960155,0.935750,0.984560,0.960818,0.950893,0.970744,0.017973,0.006811,0.042013,0.026653,0.000000,28,0,8,0,1
horse_circle,constrained,0,575,3256.969,0.147682,0.926887,0.897270,0.956505,40,0.00050446,4,0.039710,0.062872,0.016548,0.960709,0.938152,0.983266,0.963008,0.953683,0.972333,0.017377,0.007319,0.039499,0.025414,0.000000,28,0,8,0,1
horse_circle,constrained,0,600,3583.597,0.146522,0.927373,0.899464,0.955282,38,0.00062577,2,0.037597,0.058315,0.016878,0.962599,0.942276,0.982921,0.961661,0.951916,0.971406,0.016137,0.007491,0.041506,0.026297,0.000000,28,0,10,0,1
horse_circle,constrained,0,625,3633.363,0.148323,0.926952,0.897659,0.956245,38,0.00065013,0,0.039308,0.060547,0.018070,0.960990,0.940204,0.981777,0.962766,0.952009,0.973524,0.016496,0.008117,0.041935,0.023911,0.000000,28,0,10,0,1
horse_circle,constrained,0,650,3958.549,0.147700,0.927455,0.898049,0.956860,38,0.00077628,1,0.039271,0.058222,0.020320,0.960942,0.942272,0.979611,0.963319,0.950335,0.976304,0.015956,0.008916,0.042513,0.021505,0.000000,28,0,10,0,1
horse_circle,constrained,0,675,4008.562,0.151131,0.926167,0.894182,0.958152,38,0.00077436,1,0.039999,0.058222,0.021777,0.960139,0.942037,0.978241,0.962630,0.946243,0.979018,0.016017,0.009328,0.047125,0.018815,0.000000,28,0,10,0,1
horse_circle,constrained,0,700,4317.595,0.143648,0.927917,0.895368,0.960466,36,0.00113027,2,0.036080,0.054222,0.017938,0.963830,0.945676,0.981984,0.960806,0.943917,0.977694,0.014912,0.007594,0.048775,0.019929,0.000000,28,0,12,0,1
horse_circle,constrained,0,725,4365.095,0.138752,0.930462,0.901310,0.959615,36,0.00115050,1,0.034293,0.050781,0.017805,0.965603,0.949110,0.982097,0.961890,0.947080,0.976701,0.014058,0.007417,0.045843,0.021533,0.000000,28,0,12,0,1
horse_circle,constrained,0,750,4660.462,0.138188,0.930882,0.901209,0.960555,38,0.00144953,1,0.035178,0.053478,0.016878,0.964844,0.946675,0.983014,0.963086,0.949405,0.976767,0.014528,0.007517,0.043227,0.021009,0.000000,29,1,12,0,1
horse_circle,constrained,0,775,4710.441,0.139867,0.931320,0.898450,0.964191,38,0.00135463,1,0.037228,0.055990,0.018467,0.962908,0.944275,0.981542,0.965375,0.948754,0.981996,0.015605,0.008107,0.043726,0.015780,0.000000,29,1,12,0,1
horse_circle,constrained,0,800,5025.427,0.134419,0.934310,0.902044,0.966576,41,0.00130588,3,0.036837,0.055804,0.017871,0.963404,0.944649,0.982159,0.968115,0.952381,0.983850,0.015384,0.007968,0.041045,0.013884,0.000000,32,1,12,0,1
horse_circle,constrained,0,825,5079.094,0.131698,0.934563,0.901857,0.967270,41,0.00107164,1,0.034553,0.051897,0.017209,0.965471,0.948132,0.982810,0.966288,0.948661,0.983916,0.014208,0.007625,0.044565,0.013599,0.000000,32,1,12,0,1
horse_circle,constrained,0,850,5409.569,0.135232,0.932700,0.898859,0.966541,38,0.00073139,1,0.034929,0.051060,0.018798,0.964996,0.948725,0.981268,0.964732,0.944754,0.984710,0.013988,0.008167,0.047988,0.013083,0.000000,32,1,15,0,1
horse_circle,constrained,0,875,5459.439,0.136213,0.931857,0.899078,0.964636,38,0.00090513,2,0.033469,0.048735,0.018202,0.966329,0.950853,0.981805,0.962545,0.942894,0.982195,0.013549,0.007921,0.049285,0.015478,0.000000,32,1,15,0,1
horse_circle,constrained,0,900,5779.266,0.135034,0.931710,0.895916,0.967503,37,0.00082193,1,0.034173,0.049944,0.018401,0.965625,0.949582,0.981667,0.962984,0.940662,0.985306,0.013428,0.008159,0.050976,0.012074,0.000000,32,1,16,0,1
horse_circle,constrained,0,925,5828.106,0.136479,0.933350,0.899592,0.967108,37,0.00081280,2,0.034867,0.049479,0.020254,0.965043,0.950201,0.979886,0.965400,0.944103,0.986696,0.013678,0.008852,0.049484,0.011405,0.000000,32,1,16,0,1
horse_circle,constrained,0,950,6136.757,0.139503,0.929556,0.891897,0.967215,37,0.00077521,3,0.032719,0.047898,0.017540,0.966870,0.951250,0.982490,0.959399,0.934617,0.984181,0.013206,0.007672,0.057467,0.013421,0.000000,32,1,16,0,1
horse_circle,constrained,0,975,6184.321,0.138742,0.931475,0.897793,0.965157,37,0.00078644,3,0.034661,0.049200,0.020122,0.965167,0.950361,0.979972,0.963271,0.941964,0.984578,0.013594,0.008838,0.050565,0.013256,0.000000,32,1,16,0,1
horse_circle,constrained,0,1000,6496.399,0.140782,0.930009,0.892987,0.967032,37,0.00067806,3,0.035771,0.051618,0.019923,0.964049,0.947897,0.980200,0.962690,0.939081,0.986299,0.014144,0.008794,0.052212,0.011936,0.000000,32,1,16,0,1
horse_circle,constrained,0,1025,6544.841,0.142202,0.928862,0.890771,0.966952,37,0.00065093,2,0.036795,0.054129,0.019460,0.963068,0.945495,0.980641,0.962379,0.938988,0.985769,0.014574,0.008508,0.053005,0.012163,0.000000,32,1,16,0,1
horse_circle,constrained,0,1050,6849.370,0.157343,0.924065,0.886167,0.961963,36,0.00116007,3,0.040286,0.055618,0.024954,0.959599,0.943881,0.975316,0.960711,0.935454,0.985968,0.015255,0.010874,0.056897,0.012510,0.000000,32,1,17,0,1
horse_circle,constrained,0,1075,6896.050,0.158035,0.923085,0.884260,0.961911,36,0.00087269,2,0.040591,0.055897,0.025285,0.959259,0.943515,0.975003,0.959960,0.933687,0.986232,0.015022,0.011133,0.058188,0.012109,0.000000,32,1,17,0,1
horse_circle,constrained,0,1100,7178.030,0.159546,0.922427,0.882068,0.962786,37,0.00075165,1,0.040240,0.055990,0.024490,0.959536,0.943298,0.975773,0.958910,0.931455,0.986365,0.015459,0.010833,0.059735,0.011788,0.000000,35,1,19,0,1
horse_circle,constrained,0,1125,7225.918,0.146390,0.927456,0.888262,0.966649,37,0.00054284,2,0.037777,0.055432,0.020122,0.962088,0.944174,0.980003,0.961800,0.937500,0.986100,0.015112,0.008781,0.054746,0.011917,0.000000,35,1,19,0,1
horse_circle,constrained,1,1,1.352,1.634717,0.166783,0.175578,0.157987,20,0.00000232,0,0.070787,0.085379,0.056195,0.719334,0.690597,0.748071,0.178717,0.190569,0.166865,0.023500,0.024390,0.795272,0.829521,0.000000,0,0,0,0,0
horse_circle,constrained,1,25,24.923,1.362550,0.277973,0.299345,0.256601,20,0.00000000,0,0.041806,0.050781,0.032830,0.875388,0.860998,0.889778,0.289786,0.314546,0.265025,0.013827,0.014117,0.670725,0.731442,0.000000,0,0,0,0,0
horse_circle,constrained,1,50,184.943,1.068428,0.435587,0.470609,0.400564,23,0.00037837,0,0.041680,0.050595,0.032764,0.916890,0.907167,0.926612,0.454054,0.494420,0.413688,0.013656,0.014145,0.493180,0.582464,0.000000,3,0,0,0,0
horse_circle,constrained,1,75,213.231,0.837445,0.561463,0.587647,0.535280,23,0.00043762,1,0.046919,0.060082,0.033757,0.927270,0.912037,0.942503,0.588152,0.622954,0.553349,0.015994,0.014443,0.365555,0.442850,0.000000,3,0,0,0,0
horse_circle,constrained,1,100,393.840,0.700501,0.631471,0.638627,0.624315,26,0.00024452,0,0.045505,0.064732,0.026277,0.936840,0.913076,0.960603,0.660343,0.679967,0.640720,0.017473,0.011255,0.308371,0.354860,0.000000,5,1,0,0,0
horse_circle,constrained,1,125,425.990,0.608487,0.681192,0.677032,0.685353,26,0.00004617,1,0.046344,0.067801,0.024887,0.940018,0.914255,0.965781,0.712672,0.722935,0.702409,0.018183,0.010726,0.266127,0.294297,0.000000,5,1,0,0,0
horse_circle,constrained,1,150,628.668,0.540423,0.717150,0.700892,0.733407,28,0.00000055,1,0.047281,0.073382,0.021181,0.941813,0.911129,0.972497,0.750633,0.752325,0.748941,0.019883,0.009003,0.237104,0.247822,0.000000,8,1,1,0,0
horse_circle,constrained,1,175,663.432,0.462141,0.762630,0.737867,0.787392,28,0.00000039,1,0.052388,0.078962,0.025814,0.939399,0.909767,0.969030,0.801924,0.796131,0.807718,0.021501,0.011030,0.193814,0.189548,0.000000,8,1,1,0,0
horse_circle,constrained,1,200,878.356,0.408368,0.794281,0.769349,0.819213,30,0.00001987,1,0.058637,0.089937,0.027337,0.935838,0.903135,0.968541,0.840074,0.838542,0.841607,0.024712,0.011707,0.152115,0.155934,0.000000,11,1,2,0,0
horse_circle,constrained,1,225,914.888,0.385468,0.805965,0.783890,0.828040,30,0.00004555,2,0.058839,0.092262,0.025417,0.936831,0.902726,0.970936,0.852650,0.856213,0.849087,0.025415,0.011141,0.134075,0.147965,0.000000,11,1,2,0,0
horse_circle,constrained,1,250,1147.555,0.369217,0.813478,0.803910,0.823045,32,0.00006217,1,0.057058,0.084728,0.029388,0.938959,0.911442,0.966475,0.859629,0.872024,0.847233,0.023175,0.012473,0.118055,0.149543,0.000000,13,2,3,0,0
horse_circle,constrained,1,275,1186.897,0.321090,0.840261,0.828704,0.851819,32,0.00000396,0,0.058329,0.084821,0.031837,0.939413,0.913783,0.965044,0.888967,0.898996,0.878938,0.023437,0.013424,0.091168,0.118152,0.000000,13,2,3,0,0
horse_circle,constrained,1,300,1442.631,0.320470,0.843627,0.823459,0.863794,35,0.00000020,1,0.063192,0.094215,0.032168,0.935256,0.905336,0.965176,0.896311,0.901042,0.891581,0.026198,0.013900,0.089862,0.105823,0.000000,16,2,3,0,0
horse_circle,constrained,1,325,1485.772,0.295922,0.855099,0.831053,0.879146,35,0.00000934,1,0.059818,0.087798,0.031837,0.938786,0.911478,0.966093,0.905577,0.904018,0.907135,0.024312,0.013510,0.087010,0.090497,0.000000,16,2,3,0,0
horse_circle,constrained,1,350,1762.301,0.252241,0.878253,0.848500,0.908006,37,0.00010428,3,0.057041,0.082310,0.031771,0.942471,0.917743,0.967200,0.927598,0.918341,0.936855,0.022739,0.013710,0.073294,0.061099,0.000000,19,2,4,0,0
horse_circle,constrained,1,375,1808.472,0.205073,0.898127,0.863490,0.932764,37,0.00026951,2,0.044202,0.065569,0.022836,0.955051,0.933478,0.976624,0.937086,0.920108,0.954064,0.018148,0.009844,0.071913,0.043768,0.000000,19,2,4,0,0
horse_circle,constrained,1,400,2100.722,0.186647,0.906120,0.870708,0.941532,36,0.00011601,2,0.040310,0.061756,0.018864,0.959048,0.937382,0.980715,0.941886,0.924479,0.959293,0.017161,0.008069,0.067728,0.038650,0.000000,19,2,5,0,1
horse_circle,constrained,1,425,2145.042,0.169630,0.914787,0.881660,0.947913,36,0.00014842,1,0.037232,0.057850,0.016614,0.962324,0.941596,0.983052,0.948163,0.932664,0.963662,0.016239,0.007399,0.059707,0.034103,0.000000,19,2,5,0,1
horse_circle,constrained,1,450,2436.056,0.163649,0.918266,0.882172,0.954359,36,0.00005395,1,0.038285,0.058501,0.018070,0.961393,0.941044,0.981742,0.952692,0.933780,0.971604,0.016280,0.008032,0.058359,0.026187,0.000000,19,2,5,0,1
horse_circle,constrained,1,475,2480.803,0.154591,0.923857,0.884696,0.963018,36,0.00003777,1,0.038255,0.059896,0.016614,0.961636,0.939959,0.983313,0.958352,0.937686,0.979018,0.016808,0.007524,0.055102,0.019311,0.000000,19,2,5,0,1
horse_circle,constrained,1,500,2752.221,0.151197,0.925185,0.884727,0.965643,36,0.00001981,1,0.037732,0.060175,0.015290,0.962179,0.939713,0.984644,0.959186,0.937965,0.980408,0.016943,0.007070,0.054231,0.017700,0.000000,19,2,5,0,1
horse_circle,constrained,1,525,2796.481,0.153318,0.926018,0.884465,0.967572,36,0.00000690,0,0.041955,0.067429,0.016481,0.958429,0.933339,0.983519,0.963811,0.944103,0.983519,0.019081,0.007460,0.049667,0.014514,0.000000,19,2,5,0,1
horse_circle,constrained,1,550,3073.516,0.160779,0.922939,0.875925,0.969953,35,0.00000862,2,0.049327,0.080915,0.017739,0.951807,0.921267,0.982348,0.966980,0.946801,0.987159,0.022694,0.007611,0.046741,0.010674,0.000000,19,2,6,0,1
horse_circle,constrained,1,575,3116.165,0.162226,0.922610,0.873021,0.972199,35,0.00000223,1,0.048857,0.081101,0.016614,0.952170,0.920871,0.983468,0.966087,0.943824,0.988351,0.022862,0.007450,0.049604,0.009398,0.000000,19,2,6,0,1
horse_circle,constrained,1,600,3371.237,0.162367,0.922224,0.867282,0.977166,34,0.00000336,0,0.051784,0.089007,0.014562,0.949701,0.913877,0.985524,0.967935,0.944475,0.991395,0.024825,0.006390,0.049064,0.006485,0.000000,19,2,7,0,1
horse_circle,constrained,1,625,3413.113,0.164484,0.920783,0.864275,0.977292,34,0.00001122,1,0.050243,0.086124,0.014363,0.950841,0.915963,0.985718,0.965019,0.938709,0.991329,0.024297,0.006506,0.053746,0.005793,0.000000,19,2,7,0,1
horse_circle,constrained,1,650,3663.586,0.163387,0.922338,0.865222,0.979455,34,0.00000976,0,0.052568,0.090309,0.014827,0.948968,0.912633,0.985303,0.968668,0.943359,0.993977,0.025298,0.006524,0.050195,0.004053,0.000000,19,2,7,0,1
horse_circle,constrained,1,675,3705.166,0.157378,0.923973,0.867475,0.980472,34,0.00012110,0,0.051315,0.089193,0.013437,0.950201,0.913743,0.986658,0.969247,0.944847,0.993646,0.024771,0.005895,0.048330,0.003774,0.000000,19,2,7,0,1
horse_circle,constrained,1,700,3961.703,0.164583,0.921293,0.860617,0.981968,34,0.00010470,1,0.053381,0.093657,0.013106,0.948249,0.909499,0.986998,0.968029,0.941220,0.994837,0.026164,0.005625,0.052382,0.003252,0.000000,19,2,7,0,1
horse_circle,constrained,1,725,4003.323,0.169299,0.919231,0.856100,0.982362,34,0.00027129,1,0.054703,0.096168,0.013238,0.946961,0.907048,0.986875,0.966898,0.938430,0.995367,0.026718,0.006036,0.054011,0.002874,0.000000,19,2,7,0,1
horse_circle,constrained,1,750,4246.232,0.149668,0.925800,0.872118,0.979482,35,0.00000184,1,0.045038,0.077102,0.012973,0.955620,0.924147,0.987093,0.965775,0.939360,0.992190,0.021511,0.005551,0.052890,0.005156,0.000000,21,2,8,0,1
horse_circle,constrained,1,775,4290.028,0.143618,0.929603,0.875173,0.984034,35,0.00006687,1,0.042217,0.072917,0.011517,0.958251,0.927941,0.988562,0.967177,0.938988,0.995367,0.020293,0.005300,0.054380,0.002773,0.000000,21,2,8,0,1
horse_circle,constrained,1,800,4559.552,0.147423,0.927830,0.872407,0.983254,34,0.00039611,3,0.043870,0.075893,0.011848,0.956712,0.925193,0.988231,0.966760,0.938616,0.994903,0.020963,0.005442,0.054992,0.002885,0.000000,21,2,9,0,1
horse_circle,constrained,1,825,4601.747,0.189354,0.911033,0.843338,0.978728,34,0.00000770,1,0.063383,0.115513,0.011252,0.939699,0.890640,0.988759,0.965248,0.940755,0.989741,0.032031,0.005275,0.052649,0.008514,0.000000,21,2,9,0,1
horse_circle,constrained,1,850,4872.066,0.216013,0.900442,0.829756,0.971128,34,0.00000595,1,0.074267,0.135231,0.013304,0.930560,0.874460,0.986660,0.963006,0.941964,0.984048,0.037825,0.005909,0.051109,0.013963,0.000000,21,2,9,0,1
horse_circle,constrained,1,875,4913.899,0.243903,0.889836,0.809577,0.970096,34,0.00000343,1,0.086488,0.161458,0.011517,0.920926,0.853453,0.988399,0.960779,0.940290,0.981268,0.045159,0.005302,0.052319,0.016839,0.000000,21,2,9,0,1
horse_circle,constrained,1,900,5184.895,0.271208,0.880483,0.792995,0.967970,34,0.00000444,1,0.099806,0.187035,0.012576,0.910786,0.834240,0.987332,0.960728,0.941313,0.980143,0.052257,0.005731,0.051519,0.017867,0.000000,21,2,9,0,1
horse_circle,constrained,1,925,5226.838,0.295440,0.871441,0.776438,0.966444,34,0.00000021,0,0.111472,0.211031,0.011914,0.902335,0.816706,0.987964,0.959124,0.940290,0.977959,0.058669,0.005366,0.052310,0.019815,0.000000,21,2,9,0,1
horse_circle,constrained,1,950,5483.264,0.313442,0.865389,0.766293,0.964484,34,0.00004175,0,0.119643,0.227307,0.011980,0.896613,0.805352,0.987874,0.958258,0.940476,0.976039,0.063198,0.005488,0.051838,0.021654,0.000000,21,2,9,0,1
horse_circle,constrained,1,975,5525.155,0.340349,0.857593,0.752455,0.962731,34,0.00003040,1,0.132049,0.250000,0.014098,0.887891,0.790016,0.985765,0.958437,0.940569,0.976304,0.069775,0.006381,0.052379,0.021135,0.000000,21,2,9,0,1
horse_circle,constrained,1,1000,5788.806,0.345887,0.856414,0.749611,0.963216,34,0.00000655,0,0.136456,0.256231,0.016680,0.884677,0.786102,0.983252,0.960484,0.941685,0.979282,0.071367,0.007310,0.051413,0.018193,0.000000,21,2,9,0,1
horse_circle,constrained,1,1025,5830.294,0.347943,0.856915,0.752782,0.961047,34,0.00008051,1,0.137391,0.253534,0.021247,0.883516,0.788222,0.978810,0.962553,0.943638,0.981467,0.070881,0.009357,0.049201,0.016389,0.000000,21,2,9,0,1
horse_circle,constrained,1,1050,6093.696,0.353664,0.854411,0.753452,0.955370,34,0.00001607,1,0.137316,0.252790,0.021843,0.883439,0.788762,0.978115,0.960078,0.943917,0.976238,0.070861,0.009596,0.049799,0.021318,0.000000,21,2,9,0,1
horse_circle,constrained,1,1075,6135.855,0.354717,0.853023,0.752191,0.953856,34,0.00002105,1,0.136866,0.252418,0.021313,0.883635,0.788679,0.978590,0.958122,0.942057,0.974186,0.070431,0.009525,0.050635,0.023653,0.000000,21,2,9,0,1
horse_circle,unconstrained,0,1,1.383,1.587924,0.183225,0.191045,0.175404,20,0.00000000,0,0.065069,0.082217,0.047922,0.754342,0.715481,0.793202,0.195281,0.206752,0.183810,0.022388,0.020835,0.778617,0.812853,0.000000,0,0,0,0,0
horse_circle,unconstrained,0,25,27.271,1.260993,0.329575,0.353315,0.305835,20,0.00000833,0,0.041430,0.055060,0.027800,0.895025,0.871304,0.918746,0.343552,0.372768,0.314337,0.014915,0.011837,0.612454,0.681637,0.000000,0,0,0,0,0
horse_circle,unconstrained,0,50,201.786,0.919000,0.513134,0.550031,0.476236,23,0.00007483,1,0.040218,0.051246,0.029190,0.931190,0.918587,0.943793,0.534178,0.578218,0.490138,0.013771,0.012506,0.409471,0.506474,0.000000,3,0,0,0,0
horse_circle,unconstrained,0,75,233.285,0.676296,0.647167,0.672518,0.621817,23,0.00037043,3,0.043054,0.049107,0.037000,0.940330,0.934927,0.945733,0.675184,0.705543,0.644824,0.013256,0.015635,0.283949,0.351640,0.000000,3,0,0,0,0
horse_circle,unconstrained,0,100,435.015,0.512380,0.733244,0.741650,0.724838,26,0.00037330,2,0.041460,0.049758,0.033161,0.948762,0.939928,0.957596,0.763714,0.778553,0.748875,0.013037,0.014381,0.211495,0.247855,0.000000,6,0,0,0,0
horse_circle,unconstrained,0,125,470.150,0.403360,0.785832,0.768795,0.802868,26,0.00072198,2,0.030095,0.035435,0.024755,0.964086,0.957383,0.970790,0.809390,0.796038,0.822743,0.009483,0.010823,0.192341,0.174048,0.000000,6,0,0,0,0
horse_circle,unconstrained,0,150,686.513,0.341415,0.820058,0.794534,0.845582,28,0.00111052,3,0.030987,0.037946,0.024027,0.964506,0.956011,0.973001,0.845291,0.824684,0.865899,0.010196,0.010451,0.164411,0.131488,0.000000,9,0,1,0,0
horse_circle,unconstrained,0,175,724.271,0.280365,0.850605,0.819704,0.881505,28,0.00136263,2,0.028638,0.038411,0.018864,0.968125,0.956822,0.979428,0.874662,0.851190,0.898133,0.010526,0.007808,0.138435,0.098684,0.000000,9,0,1,0,0
horse_circle,unconstrained,0,200,961.545,0.214704,0.887126,0.846202,0.928050,30,0.00109821,3,0.029388,0.043155,0.015621,0.968544,0.953390,0.983697,0.912633,0.882719,0.942547,0.011825,0.006832,0.108585,0.054491,0.000000,12,0,2,0,0
horse_circle,unconstrained,0,225,1002.261,0.179559,0.903694,0.855753,0.951635,30,0.00102455,4,0.028022,0.041946,0.014098,0.970336,0.955071,0.985601,0.928350,0.891648,0.965052,0.010885,0.005877,0.099843,0.031820,0.000000,12,0,2,0,1
horse_circle,unconstrained,0,250,1254.049,0.155777,0.915899,0.865722,0.966076,28,0.00082318,1,0.025108,0.037574,0.012642,0.973545,0.959849,0.987242,0.938271,0.898251,0.978290,0.009707,0.005402,0.092788,0.019220,0.000000,12,0,4,0,1
horse_circle,unconstrained,0,275,1292.197,0.144455,0.922523,0.873897,0.971150,28,0.00046976,1,0.022167,0.032552,0.011782,0.976666,0.965181,0.988152,0.942468,0.902344,0.982592,0.009126,0.005159,0.088613,0.014386,0.000000,12,0,4,0,1
horse_circle,unconstrained,0,300,1528.068,0.141472,0.923310,0.869794,0.976825,27,0.00009815,3,0.027318,0.040737,0.013900,0.971548,0.956936,0.986160,0.947815,0.905227,0.990402,0.010659,0.004998,0.086340,0.008144,0.000000,12,0,5,0,1
horse_circle,unconstrained,0,325,1564.760,0.129449,0.930991,0.878997,0.982985,27,0.00010094,2,0.021444,0.035342,0.007546,0.977528,0.962617,0.992439,0.950233,0.910063,0.990402,0.010182,0.003649,0.081101,0.007328,0.000000,12,0,5,0,1
horse_circle,unconstrained,0,350,1797.633,0.122545,0.932664,0.880684,0.984644,27,0.00007641,3,0.023834,0.039062,0.008605,0.975235,0.959060,0.991410,0.954101,0.915086,0.993116,0.010010,0.003701,0.076132,0.005128,0.000000,12,0,5,0,1
horse_circle,unconstrained,0,375,1833.883,0.113603,0.937841,0.894666,0.981016,27,0.00003042,3,0.021650,0.032180,0.011120,0.977620,0.966326,0.988914,0.957690,0.923456,0.991925,0.009293,0.003685,0.068744,0.005545,0.000000,12,0,5,0,1
horse_circle,unconstrained,0,400,2065.366,0.115016,0.938967,0.895296,0.982638,27,0.00003183,2,0.021220,0.032180,0.010259,0.978060,0.966349,0.989771,0.958413,0.924107,0.992719,0.008791,0.004756,0.068423,0.005160,0.000000,12,0,5,0,1
horse_circle,unconstrained,0,425,2101.452,0.112228,0.938583,0.896022,0.981144,27,0.00003398,2,0.019817,0.028646,0.010988,0.979451,0.969857,0.989044,0.956807,0.921689,0.991925,0.008465,0.003866,0.069449,0.005901,0.000000,12,0,5,0,1
horse_circle,unconstrained,0,450,2333.293,0.112464,0.940124,0.895040,0.985209,29,0.00002420,2,0.020927,0.034970,0.006884,0.978365,0.963622,0.993108,0.959165,0.926339,0.991991,0.009824,0.003709,0.064728,0.006083,0.000000,14,0,5,0,1
horse_circle,unconstrained,0,475,2372.272,0.109245,0.939694,0.898916,0.980473,29,0.00005085,2,0.023990,0.037853,0.010127,0.975443,0.961008,0.989878,0.961673,0.932943,0.990402,0.010156,0.003517,0.060019,0.006634,0.000000,14,0,5,0,1
horse_circle,unconstrained,0,500,2611.296,0.101237,0.945406,0.905459,0.985352,28,0.00014096,2,0.018348,0.029018,0.007678,0.981062,0.969797,0.992327,0.962326,0.931734,0.992918,0.008366,0.003481,0.060024,0.004965,0.000000,14,0,6,0,1
horse_circle,unconstrained,0,525,2649.183,0.102032,0.944466,0.904445,0.984487,28,0.00005662,3,0.020309,0.033668,0.006950,0.979139,0.965239,0.993038,0.963112,0.934896,0.991329,0.009428,0.003232,0.056506,0.006178,0.000000,14,0,6,0,1
horse_circle,unconstrained,0,550,2892.562,0.097735,0.947015,0.908623,0.985408,28,0.00009238,3,0.018017,0.029018,0.007016,0.981439,0.969899,0.992979,0.963655,0.934989,0.992322,0.008183,0.003518,0.056458,0.005262,0.000000,14,0,6,0,1
horse_circle,unconstrained,0,575,2930.264,0.099105,0.946152,0.910432,0.981873,28,0.00011593,2,0.019723,0.027995,0.011451,0.979779,0.970957,0.988601,0.964518,0.935919,0.993116,0.007858,0.004618,0.055726,0.004398,0.000000,14,0,6,0,1
horse_circle,unconstrained,0,600,3172.720,0.096230,0.947505,0.912894,0.982115,28,0.00012226,3,0.020881,0.031436,0.010326,0.978697,0.967693,0.989701,0.966924,0.941592,0.992256,0.008690,0.004063,0.050914,0.004901,0.000000,14,0,6,0,1
horse_circle,unconstrained,0,625,3210.249,0.092130,0.948797,0.913106,0.984487,28,0.00008974,4,0.018309,0.029669,0.006950,0.981224,0.969409,0.993038,0.965763,0.940197,0.991329,0.007985,0.003236,0.051636,0.005778,0.000000,14,0,6,0,1
horse_circle,unconstrained,0,650,3453.222,0.093472,0.949701,0.914508,0.984894,28,0.00023234,3,0.019019,0.030227,0.007810,0.980554,0.968914,0.992193,0.967369,0.942150,0.992587,0.008677,0.003503,0.050302,0.004656,0.000000,14,0,6,0,1
horse_circle,unconstrained,0,675,3490.941,0.100056,0.946076,0.913401,0.978751,28,0.00008154,1,0.021163,0.029948,0.012378,0.978405,0.969148,0.987662,0.965810,0.940755,0.990866,0.008126,0.005177,0.051124,0.006775,0.000000,14,0,6,0,1
horse_circle,unconstrained,0,700,3721.692,0.089435,0.951771,0.918180,0.985362,27,0.00019309,2,0.016261,0.024182,0.008340,0.983303,0.974930,0.991676,0.966981,0.940383,0.993580,0.007463,0.003653,0.050410,0.004351,0.000000,14,0,7,0,1
horse_circle,unconstrained,0,725,3757.894,0.091520,0.948246,0.912565,0.983927,27,0.00014485,3,0.020372,0.031808,0.008936,0.979201,0.967323,0.991079,0.967156,0.941592,0.992719,0.008080,0.003657,0.049702,0.004929,0.000000,14,0,7,0,1
horse_circle,unconstrained,0,750,3980.429,0.090232,0.951258,0.920396,0.982121,27,0.00023751,2,0.017652,0.024647,0.010657,0.981955,0.974531,0.989378,0.967834,0.943080,0.992587,0.007195,0.004461,0.048291,0.005158,0.000000,14,0,7,0,1
horse_circle,unconstrained,0,775,4017.312,0.085217,0.952819,0.923775,0.981863,27,0.00011719,2,0.017923,0.024926,0.010921,0.981733,0.974349,0.989117,0.969694,0.946801,0.992587,0.007378,0.003758,0.045107,0.004943,0.000000,14,0,7,0,1
horse_circle,unconstrained,0,800,4245.802,0.086236,0.953645,0.921796,0.985494,27,0.00026764,1,0.017968,0.027530,0.008406,0.981684,0.971756,0.991612,0.970475,0.947173,0.993778,0.007606,0.003974,0.045029,0.004259,0.000000,14,0,7,0,1
horse_circle,unconstrained,0,825,4282.415,0.088207,0.950701,0.920720,0.980682,27,0.00027732,3,0.019810,0.028832,0.010789,0.979848,0.970462,0.989233,0.969264,0.947266,0.991263,0.008284,0.003542,0.044861,0.005628,0.000000,14,0,7,0,1
horse_circle,unconstrained,0,850,4518.218,0.089330,0.953523,0.925862,0.981184,30,0.00025659,2,0.020271,0.027437,0.013106,0.979477,0.971966,0.986987,0.972654,0.951265,0.994043,0.007997,0.005423,0.040834,0.004541,0.000000,17,0,7,0,1
horse_circle,unconstrained,0,875,4559.379,0.073663,0.961344,0.937443,0.985244,30,0.00022644,2,0.015329,0.021391,0.009267,0.984457,0.978147,0.990767,0.975935,0.957496,0.994374,0.006346,0.004290,0.035285,0.003845,0.000000,17,0,7,0,1
horse_circle,unconstrained,0,900,4807.428,0.077525,0.960334,0.939682,0.980985,29,0.00013515,2,0.015322,0.017671,0.012973,0.984485,0.981856,0.987113,0.975000,0.956287,0.993712,0.005406,0.006008,0.035482,0.004893,0.000000,17,0,8,0,1
horse_circle,unconstrained,0,925,4847.142,0.069806,0.962377,0.943393,0.981360,29,0.00016843,3,0.016998,0.021949,0.012047,0.982878,0.977740,0.988016,0.978641,0.964100,0.993182,0.006464,0.004524,0.028521,0.004959,0.000000,17,0,8,0,1
horse_circle,unconstrained,0,950,5093.762,0.067235,0.963561,0.943042,0.984080,29,0.00025076,2,0.015440,0.020554,0.010326,0.984406,0.979090,0.989721,0.978334,0.962426,0.994241,0.005606,0.004639,0.029497,0.004031,0.000000,17,0,8,0,1
horse_circle,unconstrained,0,975,5132.995,0.068425,0.965132,0.947878,0.982387,29,0.00024580,2,0.014901,0.018880,0.010921,0.984974,0.980826,0.989123,0.979445,0.965774,0.993116,0.005603,0.005366,0.027098,0.004865,0.000000,17,0,8,0,1
horse_circle,unconstrained,0,1000,5355.025,0.067781,0.963776,0.947969,0.979583,29,0.00027405,2,0.016787,0.018880,0.014694,0.983130,0.980827,0.985432,0.979922,0.965867,0.993977,0.005680,0.005389,0.026524,0.004298,0.000000,17,0,8,0,1
horse_circle,unconstrained,0,1025,5394.279,0.070178,0.964058,0.946290,0.981825,29,0.00021640,3,0.017057,0.021670,0.012444,0.982857,0.978077,0.987636,0.980420,0.966797,0.994043,0.006297,0.005556,0.025772,0.004625,0.000000,17,0,8,0,1
horse_circle,unconstrained,0,1050,5647.498,0.065345,0.964672,0.948762,0.980582,29,0.00031574,2,0.015350,0.018322,0.012378,0.984537,0.981389,0.987685,0.979432,0.966146,0.992719,0.005358,0.005020,0.025843,0.005006,0.000000,17,0,8,0,1
horse_circle,unconstrained,0,1075,5687.009,0.064581,0.966311,0.950406,0.982216,29,0.00033687,2,0.016280,0.020182,0.012378,0.983657,0.979609,0.987705,0.981980,0.969587,0.994374,0.005674,0.005447,0.022700,0.004310,0.000000,17,0,8,0,1
horse_circle,unconstrained,0,1100,5932.738,0.076414,0.962899,0.949024,0.976773,29,0.00039356,2,0.018623,0.019903,0.017342,0.981350,0.979851,0.982848,0.980812,0.967913,0.993712,0.005927,0.007851,0.024920,0.004567,0.000000,17,0,8,0,1
horse_circle,unconstrained,0,1125,5972.093,0.068587,0.965099,0.949680,0.980518,29,0.00033893,2,0.015429,0.018415,0.012444,0.984468,0.981315,0.987620,0.979944,0.967169,0.992719,0.005485,0.005834,0.025314,0.005357,0.000000,17,0,8,0,1
horse_circle,unconstrained,0,1150,6208.917,0.067114,0.966953,0.952729,0.981176,29,0.00045243,3,0.014957,0.017206,0.012708,0.984964,0.982555,0.987372,0.981384,0.969122,0.993646,0.005417,0.006071,0.023733,0.004534,0.000000,17,0,8,0,1
horse_circle,unconstrained,0,1175,6247.690,0.066245,0.965488,0.950937,0.980040,29,0.00034763,3,0.016355,0.017950,0.014760,0.983585,0.981794,0.985375,0.981256,0.968006,0.994506,0.005477,0.005905,0.024188,0.003620,0.000000,17,0,8,0,1
horse_circle,unconstrained,0,1200,6478.155,0.070172,0.963821,0.948351,0.979290,29,0.00046686,4,0.018684,0.021019,0.016349,0.981296,0.978753,0.983839,0.981793,0.968285,0.995301,0.005619,0.006873,0.024572,0.003067,0.000000,17,0,8,0,1
horse_circle,unconstrained,0,1225,6517.376,0.070677,0.962728,0.947143,0.978312,29,0.00039087,3,0.019302,0.022321,0.016283,0.980677,0.977467,0.983887,0.981263,0.968285,0.994241,0.006272,0.006322,0.024234,0.003618,0.000000,17,0,8,0,1
horse_circle,unconstrained,0,1250,6751.266,0.071238,0.964051,0.948970,0.979133,29,0.00037744,2,0.017836,0.020647,0.015025,0.982117,0.979127,0.985107,0.981204,0.968564,0.993844,0.005873,0.006774,0.024270,0.004005,0.000000,17,0,8,0,1
horse_circle,unconstrained,0,1275,6789.959,0.064429,0.966405,0.951440,0.981370,29,0.00037256,3,0.014798,0.017020,0.012576,0.985109,0.982715,0.987502,0.980673,0.967634,0.993712,0.005284,0.005353,0.024938,0.003811,0.000000,17,0,8,0,1
horse_circle,unconstrained,0,1300,7031.993,0.064420,0.967136,0.951685,0.982586,29,0.00037802,2,0.014688,0.018322,0.011054,0.985220,0.981445,0.988996,0.981285,0.969122,0.993447,0.005563,0.005179,0.023865,0.004453,0.000000,17,0,8,0,1
horse_circle,unconstrained,0,1325,7070.665,0.063197,0.965887,0.954022,0.977752,29,0.00034846,2,0.015990,0.017485,0.014496,0.983951,0.982306,0.985597,0.981314,0.970703,0.991925,0.005244,0.005260,0.022286,0.005650,0.000000,17,0,8,0,1
horse_circle,unconstrained,0,1350,7312.799,0.067188,0.966178,0.954799,0.977556,29,0.00035075,3,0.015479,0.016462,0.014496,0.984457,0.983321,0.985594,0.981122,0.970517,0.991726,0.005117,0.006314,0.022448,0.006210,0.000000,17,0,8,0,1
horse_circle,unconstrained,0,1375,7351.468,0.070104,0.964905,0.950902,0.978908,29,0.00034523,2,0.017327,0.021019,0.013635,0.982627,0.978809,0.986445,0.981572,0.970889,0.992256,0.006262,0.006209,0.021929,0.005809,0.000000,17,0,8,0,1
horse_circle,unconstrained,0,1400,7600.617,0.071306,0.960896,0.946329,0.975463,29,0.00073718,3,0.018356,0.022414,0.014297,0.981557,0.977358,0.985756,0.978475,0.967541,0.989410,0.006540,0.004996,0.024355,0.008160,0.000000,17,0,8,0,1
horse_circle,unconstrained,0,1425,7639.029,0.070020,0.961739,0.945433,0.978045,29,0.00043934,2,0.018670,0.024368,0.012973,0.981266,0.975457,0.987075,0.979602,0.968471,0.990733,0.006692,0.004710,0.024715,0.007137,0.000000,17,0,8,0,1
horse_circle,unconstrained,0,1450,7849.834,0.065674,0.963922,0.950032,0.977811,29,0.00037729,2,0.017114,0.019996,0.014231,0.982818,0.979782,0.985853,0.980378,0.969029,0.991726,0.005755,0.004802,0.023987,0.006464,0.000000,17,0,8,0,1
horse_circle,unconstrained,0,1475,7887.855,0.065303,0.963825,0.949525,0.978125,29,0.00042222,2,0.016304,0.018973,0.013635,0.983601,0.980767,0.986434,0.979501,0.967541,0.991461,0.005517,0.004674,0.025244,0.006223,0.000000,17,0,8,0,1
horse_circle,unconstrained,0,1500,8127.803,0.065693,0.964372,0.950498,0.978247,28,0.00038397,2,0.015780,0.018322,0.013238,0.984121,0.981422,0.986820,0.979555,0.967913,0.991197,0.005414,0.005075,0.024397,0.006343,0.000000,17,0,9,0,1
horse_circle,unconstrained,0,1525,8164.909,0.063894,0.966184,0.950721,0.981648,28,0.00033586,3,0.014511,0.019159,0.009862,0.985380,0.980610,0.990149,0.980133,0.968936,0.991329,0.005766,0.004488,0.023051,0.006667,0.000000,17,0,9,0,1
horse_circle,unconstrained,0,1550,8397.804,0.063029,0.965639,0.950096,0.981183,28,0.00033184,2,0.015415,0.021298,0.009531,0.984496,0.978522,0.990469,0.980433,0.970331,0.990535,0.005898,0.004219,0.022323,0.006983,0.000000,17,0,9,0,1
horse_circle,unconstrained,0,1575,8435.118,0.062980,0.966697,0.954429,0.978964,28,0.00040719,2,0.015794,0.018415,0.013172,0.984150,0.981407,0.986894,0.981932,0.972005,0.991859,0.005650,0.005320,0.019953,0.005827,0.000000,17,0,9,0,1
horse_circle,unconstrained,0,1600,8662.068,0.058283,0.968629,0.954583,0.982676,28,0.00029554,2,0.014241,0.019810,0.008671,0.985692,0.980056,0.991328,0.982345,0.973493,0.991197,0.005641,0.004252,0.018845,0.006112,0.000000,17,0,9,0,1
horse_circle,unconstrained,0,1625,8699.492,0.058711,0.968779,0.957249,0.980309,28,0.00030052,2,0.014959,0.018136,0.011782,0.984996,0.981731,0.988261,0.983234,0.974609,0.991859,0.005594,0.004634,0.018311,0.005780,0.000000,17,0,9,0,1
horse_circle,unconstrained,0,1650,8940.700,0.058763,0.968589,0.955533,0.981645,28,0.00027204,2,0.014166,0.018601,0.009730,0.985763,0.981247,0.990279,0.982252,0.973307,0.991197,0.005396,0.004585,0.018978,0.006177,0.000000,17,0,9,0,1
horse_circle,unconstrained,0,1675,8977.875,0.058324,0.967443,0.953956,0.980929,28,0.00026032,2,0.014019,0.018043,0.009995,0.985886,0.981760,0.990013,0.980951,0.971168,0.990733,0.005173,0.004284,0.020443,0.006328,0.000000,17,0,9,0,1
horse_circle,unconstrained,0,1700,9211.231,0.089514,0.950676,0.953497,0.947855,31,0.00082290,2,0.014565,0.019996,0.009134,0.985197,0.979854,0.990541,0.964538,0.972563,0.956513,0.005547,0.004191,0.019891,0.039978,0.000000,20,0,9,0,1
horse_circle,unconstrained,0,1725,9252.775,0.072477,0.960425,0.951920,0.968930,31,0.00077159,2,0.014700,0.017485,0.011914,0.985131,0.982267,0.987994,0.974519,0.968564,0.980474,0.005170,0.004769,0.023120,0.017055,0.000000,20,0,9,0,1
horse_circle,unconstrained,0,1750,9506.514,0.063307,0.967758,0.954778,0.980739,31,0.00141768,2,0.014184,0.018043,0.010326,0.985731,0.981775,0.989687,0.981435,0.972005,0.990866,0.005444,0.005099,0.020517,0.006553,0.000000,20,0,9,0,1
horse_circle,unconstrained,0,1775,9548.072,0.060352,0.967370,0.956279,0.978461,31,0.00106529,2,0.015466,0.016834,0.014098,0.984486,0.982982,0.985991,0.982316,0.972377,0.992256,0.005244,0.004954,0.019866,0.005568,0.000000,20,0,9,0,1
horse_circle,unconstrained,0,1800,9785.754,0.060416,0.966553,0.955302,0.977805,30,0.00078669,2,0.015726,0.017485,0.013966,0.984219,0.982329,0.986109,0.981733,0.972005,0.991461,0.005230,0.005005,0.019766,0.005812,0.000000,20,0,10,0,1
horse_circle,unconstrained,0,1825,9825.678,0.094692,0.956636,0.955152,0.958120,30,0.00039675,2,0.026721,0.018229,0.035213,0.973658,0.981601,0.965715,0.982211,0.972563,0.991859,0.005429,0.014243,0.020459,0.005755,0.000000,20,0,10,0,1
horse_circle,unconstrained,0,1850,10068.529,0.089774,0.959005,0.954724,0.963287,30,0.00012019,2,0.025190,0.020926,0.029455,0.975068,0.978982,0.971154,0.983181,0.974702,0.991660,0.006336,0.012636,0.018275,0.005493,0.000000,20,0,10,0,1
horse_circle,unconstrained,0,1875,10108.342,0.090153,0.957502,0.951259,0.963744,30,0.00010214,3,0.026220,0.022786,0.029653,0.974050,0.977116,0.970984,0.982629,0.972935,0.992322,0.005968,0.012847,0.019693,0.005140,0.000000,20,0,10,0,1
horse_circle,unconstrained,0,1900,10327.739,0.091701,0.957770,0.950803,0.964736,29,0.00004017,2,0.026620,0.024647,0.028594,0.973659,0.975326,0.971992,0.983280,0.974237,0.992322,0.006991,0.012432,0.018855,0.005309,0.000000,20,0,11,0,1
horse_circle,unconstrained,1,1,1.409,1.707575,0.133717,0.195863,0.071570,20,0.00009396,0,0.071383,0.074591,0.068176,0.633470,0.738336,0.528604,0.143461,0.210472,0.076450,0.020584,0.029600,0.776208,0.920290,0.000000,0,0,0,0,0
horse_circle,unconstrained,1,25,26.672,1.453665,0.222935,0.314841,0.131030,20,0.00000000,0,0.034137,0.037760,0.030514,0.856038,0.896402,0.815674,0.230879,0.326730,0.135028,0.010318,0.013110,0.659906,0.861565,0.000000,0,0,0,0,0
horse_circle,unconstrained,1,50,192.889,1.244157,0.335248,0.452205,0.218291,23,0.00000000,0,0.035499,0.043992,0.027006,0.903625,0.914759,0.892490,0.348142,0.472098,0.224186,0.012090,0.011492,0.516060,0.772007,0.000000,3,0,0,0,0
horse_circle,unconstrained,1,75,222.033,1.083875,0.420711,0.546586,0.294835,23,0.00031410,0,0.035708,0.046131,0.025285,0.924079,0.925346,0.922813,0.437045,0.571801,0.302290,0.012663,0.010563,0.417047,0.694111,0.000000,3,0,0,0,0
horse_circle,unconstrained,1,100,411.767,0.900344,0.518510,0.639620,0.397401,26,0.00103247,1,0.035166,0.046503,0.023828,0.939857,0.935040,0.944675,0.538117,0.669364,0.406871,0.012635,0.010159,0.319991,0.588410,0.000000,6,0,0,0,0
horse_circle,unconstrained,1,125,445.513,0.738305,0.609040,0.703932,0.514149,26,0.00154499,3,0.040938,0.057385,0.024490,0.941997,0.928422,0.955572,0.635534,0.744327,0.526741,0.015399,0.010532,0.246555,0.468858,0.000000,6,0,0,0,0
horse_circle,unconstrained,1,150,666.079,0.632455,0.666037,0.740191,0.591883,29,0.00136174,2,0.039135,0.052455,0.025814,0.948065,0.936913,0.959218,0.693090,0.779018,0.607162,0.014221,0.011215,0.211346,0.388577,0.000000,9,0,0,0,0
horse_circle,unconstrained,1,175,704.038,0.541238,0.718149,0.761457,0.674841,29,0.00197568,4,0.043867,0.059338,0.028396,0.946086,0.931479,0.960693,0.750322,0.806641,0.694003,0.016224,0.012304,0.183514,0.302210,0.000000,9,0,0,0,0
horse_circle,unconstrained,1,200,941.406,0.434310,0.779281,0.790399,0.768162,30,0.00141110,8,0.053735,0.073382,0.034088,0.939622,0.920391,0.958853,0.821374,0.848400,0.794347,0.020119,0.014443,0.141980,0.201242,0.000000,11,0,1,0,0
horse_circle,unconstrained,1,225,980.659,0.330582,0.836450,0.814850,0.858050,30,0.00307392,6,0.053713,0.075986,0.031440,0.942970,0.920246,0.965694,0.880897,0.876767,0.885028,0.021011,0.013598,0.114913,0.111572,0.000000,11,0,1,0,0
horse_circle,unconstrained,1,250,1225.847,0.255755,0.873432,0.827658,0.919205,31,0.00315567,8,0.048183,0.070685,0.025682,0.949805,0.926128,0.973483,0.914486,0.886161,0.942812,0.019398,0.010871,0.105830,0.054810,0.000000,14,0,3,0,0
horse_circle,unconstrained,1,275,1267.294,0.211231,0.895942,0.842078,0.949806,31,0.00283590,8,0.047213,0.072452,0.021975,0.951797,0.925732,0.977862,0.936883,0.903088,0.970678,0.019832,0.009428,0.088698,0.026757,0.000000,14,0,3,0,0
horse_circle,unconstrained,1,300,1518.264,0.180900,0.907616,0.854726,0.960507,32,0.00180784,5,0.039911,0.060826,0.018997,0.959047,0.937134,0.980961,0.942734,0.906715,0.978753,0.016065,0.007962,0.085408,0.018078,0.000000,17,0,5,0,1
horse_circle,unconstrained,1,325,1560.349,0.163534,0.914771,0.866335,0.963206,32,0.00112515,5,0.032353,0.046503,0.018202,0.966494,0.951210,0.981778,0.943680,0.906622,0.980739,0.012492,0.007433,0.084879,0.016252,0.000000,17,0,5,0,1
horse_circle,unconstrained,1,350,1802.681,0.153938,0.920912,0.873292,0.968533,28,0.00081729,3,0.029822,0.041574,0.018070,0.969148,0.956292,0.982004,0.947816,0.909598,0.986034,0.011328,0.007834,0.081917,0.011842,0.000000,17,0,9,0,1
horse_circle,unconstrained,1,375,1839.434,0.142132,0.925789,0.880215,0.971364,28,0.00059290,2,0.029102,0.038876,0.019328,0.970037,0.959220,0.980854,0.952286,0.914435,0.990138,0.010433,0.007782,0.076868,0.007734,0.000000,17,0,9,0,1
horse_circle,unconstrained,1,400,2063.894,0.132941,0.929867,0.886335,0.973399,28,0.00048607,0,0.023516,0.031808,0.015224,0.975608,0.966388,0.984828,0.951373,0.914528,0.988218,0.008994,0.006293,0.076908,0.009281,0.000000,17,0,9,0,1
horse_circle,unconstrained,1,425,2100.080,0.125775,0.932426,0.885946,0.978907,28,0.00030029,1,0.022968,0.032366,0.013569,0.976165,0.965822,0.986509,0.953405,0.914621,0.992190,0.008748,0.005548,0.076994,0.005340,0.000000,17,0,9,0,1
horse_circle,unconstrained,1,450,2327.604,0.116654,0.936505,0.889631,0.983379,28,0.00021600,2,0.021058,0.030599,0.011517,0.978129,0.967704,0.988554,0.955779,0.916853,0.994705,0.008240,0.004613,0.074885,0.003151,0.000000,17,0,9,0,1
horse_circle,unconstrained,1,475,2364.271,0.109273,0.940372,0.894909,0.985835,28,0.00018558,1,0.017083,0.024833,0.009333,0.982173,0.973637,0.990708,0.956084,0.917132,0.995036,0.007287,0.004010,0.073354,0.002727,0.000000,17,0,9,0,1
horse_circle,unconstrained,1,500,2596.735,0.110533,0.939809,0.892292,0.987325,28,0.00017412,2,0.018587,0.029297,0.007877,0.980617,0.969087,0.992147,0.956768,0.918434,0.995102,0.008358,0.003368,0.072989,0.002787,0.000000,17,0,9,0,1
horse_circle,unconstrained,1,525,2633.000,0.106542,0.941283,0.894451,0.988116,28,0.00016177,2,0.017756,0.027437,0.008075,0.981484,0.971010,0.991958,0.957543,0.918992,0.996095,0.007411,0.003534,0.072240,0.002235,0.000000,17,0,9,0,1
horse_circle,unconstrained,1,550,2862.969,0.102665,0.942743,0.897371,0.988116,28,0.00013058,2,0.016965,0.025856,0.008075,0.982320,0.972681,0.991958,0.958334,0.920573,0.996095,0.006904,0.003467,0.070159,0.002329,0.000000,17,0,9,0,1
horse_circle,unconstrained,1,575,2898.940,0.100808,0.942737,0.899183,0.986291,28,0.00011962,1,0.017030,0.024926,0.009134,0.982286,0.973666,0.990906,0.958448,0.921596,0.995301,0.006788,0.003519,0.068136,0.002551,0.000000,17,0,9,0,1
horse_circle,unconstrained,1,600,3113.815,0.100068,0.943138,0.899855,0.986421,28,0.00011541,2,0.017615,0.026228,0.009002,0.981710,0.972383,0.991037,0.959378,0.923456,0.995301,0.006703,0.003508,0.067856,0.002398,0.000000,17,0,9,0,1
horse_circle,unconstrained,1,625,3150.290,0.095664,0.947430,0.907265,0.987594,28,0.00011649,1,0.013690,0.018973,0.008406,0.985760,0.979890,0.991630,0.960188,0.924479,0.995896,0.005911,0.003396,0.066757,0.002220,0.000000,17,0,9,0,1
horse_circle,unconstrained,1,650,3380.665,0.095843,0.946938,0.905629,0.988247,28,0.00009957,2,0.014547,0.021019,0.008075,0.984866,0.977773,0.991959,0.960446,0.924665,0.996227,0.005661,0.003504,0.067793,0.001959,0.000000,17,0,9,0,1
horse_circle,unconstrained,1,675,3417.230,0.093353,0.948269,0.909457,0.987081,28,0.00011372,2,0.013130,0.016927,0.009333,0.986373,0.982026,0.990719,0.960572,0.924851,0.996293,0.005199,0.003586,0.066503,0.001992,0.000000,17,0,9,0,1
horse_circle,unconstrained,1,700,3651.575,0.093689,0.946822,0.905727,0.987917,28,0.00009825,2,0.015504,0.023065,0.007943,0.983899,0.975712,0.992087,0.961191,0.926618,0.995764,0.005754,0.003437,0.065185,0.002071,0.000000,17,0,9,0,1
horse_circle,unconstrained,1,725,3687.950,0.091552,0.947948,0.907786,0.988111,28,0.00008858,1,0.015697,0.023717,0.007678,0.983731,0.975115,0.992348,0.962507,0.929315,0.995698,0.006023,0.003233,0.062435,0.002196,0.000000,17,0,9,0,1
horse_circle,unconstrained,1,750,3921.103,0.095509,0.946857,0.907170,0.986543,28,0.00017141,3,0.019144,0.029948,0.008340,0.980314,0.968943,0.991686,0.964554,0.934338,0.994771,0.008073,0.003226,0.057997,0.002796,0.000000,17,0,9,0,1
horse_circle,unconstrained,1,775,3957.292,0.088595,0.951872,0.916228,0.987516,28,0.00029254,3,0.016601,0.025856,0.007347,0.982948,0.973228,0.992668,0.967345,0.939918,0.994771,0.007694,0.003018,0.052609,0.002756,0.000000,17,0,9,0,1
horse_circle,unconstrained,1,800,4187.516,0.091163,0.950859,0.913657,0.988061,28,0.00018131,2,0.018312,0.027623,0.009002,0.981236,0.971420,0.991051,0.967925,0.938895,0.996955,0.008132,0.003404,0.053545,0.001465,0.000000,17,0,9,0,1
horse_circle,unconstrained,1,825,4224.117,0.086159,0.952720,0.917852,0.987589,28,0.00014226,2,0.014016,0.020089,0.007943,0.985539,0.978994,0.992084,0.965862,0.936291,0.995433,0.006293,0.003059,0.055826,0.002390,0.000000,17,0,9,0,1
horse_circle,unconstrained,1,850,4452.497,0.086841,0.952726,0.917531,0.987920,28,0.00013827,1,0.014985,0.021763,0.008208,0.984570,0.977312,0.991827,0.966764,0.937500,0.996029,0.006767,0.003091,0.054986,0.001964,0.000000,17,0,9,0,1
horse_circle,unconstrained,1,875,4488.639,0.088570,0.951725,0.915663,0.987788,28,0.00012692,2,0.017417,0.026693,0.008141,0.982141,0.972391,0.991891,0.967967,0.940104,0.995830,0.007782,0.003126,0.052367,0.002311,0.000000,17,0,9,0,1
horse_circle,unconstrained,1,900,4708.584,0.087650,0.951407,0.914379,0.988435,28,0.00010840,1,0.016894,0.026507,0.007281,0.982638,0.972535,0.992740,0.967124,0.938616,0.995631,0.007163,0.003091,0.054139,0.002149,0.000000,17,0,9,0,1
horse_circle,unconstrained,1,925,4744.379,0.085486,0.951608,0.914649,0.988568,28,0.00010310,1,0.016402,0.025391,0.007413,0.983126,0.973641,0.992611,0.966884,0.937872,0.995896,0.006814,0.002985,0.053738,0.001968,0.000000,17,0,9,0,1
horse_circle,unconstrained,1,950,4964.290,0.083206,0.954007,0.918469,0.989545,27,0.00009890,1,0.014935,0.023251,0.006619,0.984628,0.975857,0.993399,0.967960,0.939825,0.996095,0.007222,0.002432,0.051899,0.001862,0.000000,17,0,10,0,1
horse_circle,unconstrained,1,975,4999.025,0.084257,0.953331,0.916923,0.989740,27,0.00013365,2,0.017035,0.027716,0.006354,0.982545,0.971429,0.993661,0.969182,0.942336,0.996029,0.007762,0.002502,0.050511,0.001946,0.000000,17,0,10,0,1
horse_circle,unconstrained,1,1000,5214.900,0.089219,0.950724,0.911320,0.990128,27,0.00010930,3,0.016751,0.027809,0.005692,0.982741,0.971167,0.994316,0.966213,0.936663,0.995764,0.007991,0.002527,0.054848,0.002127,0.000000,17,0,10,0,1
horse_circle,unconstrained,1,1025,5249.376,0.086392,0.951630,0.914695,0.988565,27,0.00009832,1,0.016549,0.025949,0.007149,0.982982,0.973093,0.992871,0.967031,0.938430,0.995631,0.006992,0.002924,0.054170,0.002078,0.000000,17,0,10,0,1
horse_circle,unconstrained,1,1050,5469.818,0.082712,0.953841,0.916054,0.991628,26,0.00006999,1,0.014435,0.024833,0.004038,0.985096,0.974230,0.995961,0.967217,0.938802,0.995631,0.007296,0.001697,0.053820,0.002055,0.000000,17,0,11,0,1
horse_circle,unconstrained,1,1075,5503.861,0.080729,0.954814,0.918860,0.990768,26,0.00016510,2,0.014223,0.024740,0.003707,0.985342,0.974398,0.996286,0.968016,0.941592,0.994440,0.007512,0.001438,0.050812,0.002960,0.000000,17,0,11,0,1
horse_circle,unconstrained,1,1100,5724.142,0.084511,0.951645,0.912512,0.990777,26,0.00011078,1,0.016347,0.027995,0.004699,0.983161,0.971021,0.995301,0.966745,0.938058,0.995433,0.008004,0.001589,0.053301,0.002140,0.000000,17,0,11,0,1
horse_circle,unconstrained,1,1125,5758.217,0.083099,0.953413,0.915069,0.991758,26,0.00011390,2,0.016056,0.028274,0.003839,0.983493,0.970828,0.996159,0.968253,0.940941,0.995565,0.008077,0.001563,0.051715,0.001970,0.000000,17,0,11,0,1
horse_circle,unconstrained,1,1150,5977.982,0.080374,0.952331,0.914863,0.989799,26,0.00012743,1,0.016286,0.026879,0.005692,0.983249,0.972185,0.994314,0.967443,0.939453,0.995433,0.006909,0.001896,0.051860,0.002129,0.000000,17,0,11,0,1
horse_circle,unconstrained,1,1175,6012.152,0.084688,0.951636,0.913617,0.989654,26,0.00014921,3,0.016866,0.029297,0.004435,0.982673,0.969787,0.995559,0.967213,0.940383,0.994043,0.008322,0.001587,0.051079,0.003267,0.000000,17,0,11,0,1
horse_circle,unconstrained,1,1200,6232.960,0.079973,0.953277,0.916297,0.990257,26,0.00017817,2,0.016060,0.026693,0.005428,0.983494,0.972409,0.994578,0.968193,0.940755,0.995631,0.007042,0.001863,0.050863,0.002237,0.000000,17,0,11,0,1
horse_circle,unconstrained,1,1225,6267.002,0.079655,0.954017,0.918375,0.989659,26,0.00015848,3,0.015224,0.025484,0.004964,0.984344,0.973654,0.995033,0.968175,0.941778,0.994572,0.007156,0.001681,0.050402,0.002631,0.000000,17,0,11,0,1
horse_circle,unconstrained,1,1250,6482.367,0.079343,0.954155,0.917143,0.991167,26,0.00015760,2,0.015059,0.025949,0.004170,0.984495,0.973163,0.995828,0.968121,0.940941,0.995301,0.007079,0.001662,0.050880,0.002193,0.000000,17,0,11,0,1
horse_circle,unconstrained,1,1275,6516.675,0.079970,0.954461,0.917293,0.991629,26,0.00020717,1,0.015431,0.026693,0.004170,0.984134,0.972438,0.995830,0.968771,0.941778,0.995764,0.007258,0.001816,0.050356,0.002043,0.000000,17,0,11,0,1
horse_circle,unconstrained,1,1300,6703.527,0.080602,0.953656,0.916267,0.991045,26,0.00019148,1,0.016891,0.028553,0.005229,0.982686,0.970594,0.994779,0.969328,0.942429,0.996227,0.007440,0.001862,0.050508,0.001694,0.000000,17,0,11,0,1
horse_circle,unconstrained,1,1325,6737.457,0.081179,0.954013,0.916991,0.991034,26,0.00017945,0,0.016295,0.028553,0.004038,0.983288,0.970616,0.995959,0.969105,0.943173,0.995036,0.007652,0.001725,0.050062,0.002489,0.000000,17,0,11,0,1
horse_circle,unconstrained,1,1350,6950.884,0.081372,0.953386,0.916321,0.990452,26,0.00017005,2,0.017774,0.030320,0.005229,0.981830,0.968884,0.994775,0.969867,0.944103,0.995631,0.007984,0.001841,0.048885,0.002097,0.000000,17,0,11,0,1
horse_circle,unconstrained,1,1375,6984.953,0.083280,0.952621,0.915057,0.990186,26,0.00020482,0,0.017609,0.030320,0.004898,0.981972,0.968843,0.995102,0.968919,0.942801,0.995036,0.008143,0.001827,0.050219,0.002275,0.000000,17,0,11,0,1
horse_circle,unconstrained,1,1400,7184.853,0.082567,0.954047,0.917640,0.990455,26,0.00016779,0,0.016558,0.027623,0.005494,0.983027,0.971541,0.994514,0.969442,0.942987,0.995896,0.007908,0.002014,0.049978,0.001946,0.000000,17,0,11,0,1
horse_circle,unconstrained,1,1425,7218.683,0.080006,0.954467,0.917699,0.991235,26,0.00019101,0,0.016368,0.028367,0.004369,0.983225,0.970819,0.995631,0.969648,0.943731,0.995565,0.007657,0.001773,0.049050,0.001979,0.000000,17,0,11,0,1
horse_circle,unconstrained,1,1450,7424.692,0.078347,0.954628,0.918804,0.990452,26,0.00017066,0,0.017462,0.029762,0.005163,0.982172,0.969503,0.994841,0.970857,0.946150,0.995565,0.007658,0.001876,0.046792,0.001994,0.000000,17,0,11,0,1
horse_circle,unconstrained,1,1475,7458.959,0.076865,0.957165,0.923217,0.991113,26,0.00019814,0,0.015117,0.024740,0.005494,0.984517,0.974516,0.994517,0.971307,0.946057,0.996558,0.006998,0.002208,0.046771,0.001654,0.000000,17,0,11,0,1
horse_circle,unconstrained,1,1500,7667.774,0.077356,0.955068,0.920072,0.990064,26,0.00018138,2,0.017268,0.028646,0.005891,0.982371,0.970622,0.994120,0.971162,0.946429,0.995896,0.007516,0.001854,0.046440,0.001893,0.000000,17,0,11,0,1
horse_circle,unconstrained,1,1525,7702.028,0.077237,0.956303,0.922868,0.989739,26,0.00012255,1,0.016211,0.026135,0.006288,0.983435,0.973143,0.993726,0.971475,0.946987,0.995962,0.007405,0.002013,0.046221,0.001830,0.000000,17,0,11,0,1
horse_circle,unconstrained,1,1550,7909.771,0.078422,0.956166,0.921814,0.990519,26,0.00010616,1,0.015343,0.025391,0.005295,0.984275,0.973841,0.994710,0.970492,0.945219,0.995764,0.007532,0.001972,0.047088,0.001948,0.000000,17,0,11,0,1
horse_circle,unconstrained,1,1575,7944.108,0.078775,0.954531,0.918543,0.990519,26,0.00010723,1,0.017050,0.028739,0.005361,0.982565,0.970484,0.994645,0.970385,0.944940,0.995830,0.007322,0.002077,0.047864,0.001983,0.000000,17,0,11,0,1
horse_circle,unconstrained,1,1600,8160.293,0.075574,0.957457,0.924131,0.990783,26,0.00007877,0,0.015130,0.024833,0.005428,0.984515,0.974450,0.994581,0.971620,0.947080,0.996161,0.007070,0.002002,0.045733,0.001887,0.000000,17,0,11,0,1
horse_circle,unconstrained,1,1625,8194.190,0.076398,0.957116,0.922931,0.991302,26,0.00010914,0,0.016341,0.028181,0.004501,0.983330,0.971159,0.995500,0.972352,0.948940,0.995764,0.007702,0.001848,0.044538,0.002066,0.000000,17,0,11,0,1
horse_circle,unconstrained,1,1650,8387.357,0.078558,0.955824,0.921457,0.990191,26,0.00012870,0,0.017223,0.029018,0.005428,0.982442,0.970306,0.994578,0.971880,0.948196,0.995565,0.008469,0.001892,0.043772,0.001971,0.000000,17,0,11,0,1
horse_circle,unconstrained,1,1675,8421.566,0.075142,0.956571,0.924259,0.988884,26,0.00016277,0,0.014584,0.022879,0.006288,0.985046,0.976371,0.993721,0.970254,0.945406,0.995102,0.006841,0.001988,0.045849,0.002199,0.000000,17,0,11,0,1
horse_circle,unconstrained,1,1700,8636.125,0.073570,0.958037,0.925620,0.990454,26,0.00013755,0,0.014725,0.024089,0.005361,0.984931,0.975218,0.994645,0.971840,0.947917,0.995764,0.007081,0.001962,0.043531,0.001935,0.000000,17,0,11,0,1
horse_circle,unconstrained,1,1725,8670.551,0.074217,0.957313,0.924487,0.990139,26,0.00015167,1,0.018243,0.029669,0.006818,0.981491,0.969774,0.993208,0.974402,0.951916,0.996889,0.007753,0.002316,0.040580,0.001490,0.000000,17,0,11,0,1
horse_circle,unconstrained,1,1750,8891.620,0.072094,0.957670,0.926268,0.989072,26,0.00015618,0,0.016107,0.026786,0.005428,0.983590,0.972608,0.994572,0.972759,0.951079,0.994440,0.007294,0.001811,0.040852,0.002711,0.000000,17,0,11,0,1
horse_circle,unconstrained,1,1775,8925.393,0.073205,0.958985,0.927910,0.990060,26,0.00017860,0,0.014931,0.024368,0.005494,0.984758,0.975005,0.994512,0.973010,0.950521,0.995499,0.007250,0.002119,0.041584,0.002138,0.000000,17,0,11,0,1
horse_circle,unconstrained,1,1800,9136.369,0.072756,0.958337,0.926553,0.990120,25,0.00020721,0,0.015935,0.026972,0.004898,0.983769,0.972436,0.995101,0.973257,0.951544,0.994970,0.007410,0.001943,0.040557,0.002709,0.000000,17,0,12,0,1
horse_circle,unconstrained,1,1825,9169.316,0.077667,0.955780,0.921758,0.989801,25,0.00015890,3,0.018278,0.030599,0.005957,0.981424,0.968794,0.994053,0.972830,0.949963,0.995698,0.008152,0.002392,0.041525,0.002473,0.000000,17,0,12,0,1
horse_circle,unconstrained,1,1850,9371.987,0.077394,0.955316,0.922482,0.988151,28,0.00013319,1,0.019860,0.034226,0.005494,0.979935,0.965368,0.994501,0.973817,0.954055,0.993580,0.008833,0.002168,0.038192,0.003692,0.000000,20,0,12,0,1
horse_circle,unconstrained,1,1875,9408.855,0.072716,0.959118,0.928308,0.989928,28,0.00013483,2,0.019036,0.032645,0.005428,0.980822,0.967067,0.994576,0.976956,0.958612,0.995301,0.008736,0.002224,0.034390,0.002462,0.000000,20,0,12,0,1
horse_circle,unconstrained,1,1900,9630.673,0.072371,0.958083,0.925388,0.990779,26,0.00010712,2,0.017888,0.030878,0.004898,0.981876,0.968647,0.995105,0.974797,0.953962,0.995631,0.008090,0.002013,0.037963,0.001955,0.000000,20,0,14,0,1
horse_circle,unconstrained,1,1925,9664.410,0.071029,0.959690,0.928798,0.990583,26,0.00014413,2,0.016546,0.027995,0.005097,0.983211,0.971515,0.994907,0.975215,0.954799,0.995631,0.007852,0.001839,0.037859,0.002183,0.000000,20,0,14,0,1
horse_circle,unconstrained,1,1950,9883.082,0.072515,0.957433,0.925331,0.989535,26,0.00009608,3,0.018518,0.031343,0.005692,0.981257,0.968202,0.994313,0.974751,0.954334,0.995168,0.007836,0.002069,0.038460,0.002419,0.000000,20,0,14,0,1
horse_circle,unconstrained,1,1975,9917.299,0.075406,0.958667,0.925505,0.991829,26,0.00008077,2,0.017875,0.031250,0.004501,0.981899,0.968296,0.995503,0.975360,0.954427,0.996293,0.009052,0.001898,0.037948,0.001973,0.000000,20,0,14,0,1
horse_circle,unconstrained,1,2000,10123.689,0.069371,0.961061,0.929705,0.992417,26,0.00004965,2,0.014615,0.025391,0.003839,0.985109,0.974057,0.996161,0.974769,0.953311,0.996227,0.007498,0.001673,0.038541,0.001814,0.000000,20,0,14,0,1
horse_circle,unconstrained,1,2025,10157.691,0.068452,0.960479,0.929923,0.991036,26,0.00004564,1,0.015710,0.027251,0.004170,0.984046,0.972264,0.995827,0.975216,0.955264,0.995168,0.007460,0.001600,0.037387,0.002395,0.000000,20,0,14,0,1
horse_circle,unconstrained,1,2050,10371.886,0.070710,0.959049,0.927907,0.990192,26,0.00004556,2,0.017521,0.029483,0.005560,0.982254,0.970060,0.994447,0.975481,0.955264,0.995698,0.007729,0.002026,0.037269,0.002240,0.000000,20,0,14,0,1
horse_circle,unconstrained,1,2075,10405.973,0.070734,0.959749,0.928591,0.990907,26,0.00004966,1,0.016746,0.028925,0.004567,0.983024,0.970616,0.995433,0.975442,0.955450,0.995433,0.007867,0.001907,0.037240,0.002218,0.000000,20,0,14,0,1
horse_circle,unconstrained,1,2100,10628.045,0.068702,0.960465,0.929108,0.991822,26,0.00005876,2,0.015446,0.027251,0.003640,0.984298,0.972241,0.996356,0.974930,0.954427,0.995433,0.007532,0.001594,0.037729,0.002057,0.000000,20,0,14,0,1
horse_circle,unconstrained,1,2125,10662.565,0.071713,0.959110,0.928565,0.989655,26,0.00004366,1,0.015909,0.027251,0.004567,0.983826,0.972225,0.995427,0.974022,0.953869,0.994175,0.007636,0.001926,0.038254,0.003146,0.000000,20,0,14,0,1
horse_circle,unconstrained,1,2150,10877.290,0.074072,0.957956,0.926250,0.989661,26,0.00002845,2,0.017708,0.030320,0.005097,0.982055,0.969208,0.994902,0.974519,0.954334,0.994705,0.008748,0.001844,0.037324,0.002589,0.000000,20,0,14,0,1
horse_circle,unconstrained,1,2175,10911.760,0.075451,0.958034,0.925228,0.990840,26,0.00004583,2,0.017796,0.031157,0.004435,0.981970,0.968375,0.995564,0.974645,0.954055,0.995234,0.009038,0.001807,0.038177,0.002245,0.000000,20,0,14,0,1
horse_circle,unconstrained,1,2200,11118.435,0.069481,0.960991,0.931203,0.990779,26,0.00005133,2,0.014819,0.024740,0.004898,0.984917,0.974729,0.995105,0.974936,0.954241,0.995631,0.007381,0.001940,0.037715,0.002161,0.000000,20,0,14,0,1
horse_circle,unconstrained,1,2225,11153.035,0.072025,0.958771,0.927028,0.990514,26,0.00006718,2,0.016692,0.028553,0.004832,0.983047,0.970925,0.995169,0.974399,0.953497,0.995301,0.007731,0.001962,0.038544,0.002656,0.000000,20,0,14,0,1
horse_circle,unconstrained,1,2250,11360.694,0.071299,0.960369,0.929831,0.990907,26,0.00006066,2,0.013876,0.023251,0.004501,0.985822,0.976145,0.995498,0.973409,0.951451,0.995367,0.007210,0.001887,0.040409,0.002376,0.000000,20,0,14,0,1
horse_circle,unconstrained,1,2275,11395.126,0.075038,0.957401,0.924682,0.990121,26,0.00005728,2,0.017443,0.029855,0.005030,0.982286,0.969602,0.994970,0.973695,0.952288,0.995102,0.008526,0.001744,0.039686,0.002564,0.000000,20,0,14,0,1
horse_circle,unconstrained,1,2300,11610.776,0.070788,0.960005,0.931069,0.988942,28,0.00004117,2,0.016173,0.026786,0.005560,0.983593,0.972745,0.994440,0.975224,0.956008,0.994440,0.007581,0.002177,0.036584,0.003006,0.000000,22,0,14,0,1
horse_circle,unconstrained,1,2325,11647.997,0.071738,0.958400,0.926476,0.990323,28,0.00004749,2,0.016326,0.027158,0.005494,0.983384,0.972254,0.994513,0.973700,0.951637,0.995764,0.007265,0.002157,0.039731,0.002250,0.000000,22,0,14,0,1
acm_scf,constrained,0,1,1.387,1.653447,0.192151,0.152158,0.232145,20,0.00000000,0,0.213437,0.094140,0.332735,0.560303,0.638787,0.481820,0.237935,0.166482,0.309388,0.034660,0.046322,0.829360,0.683875,0.000000,0,0,0,0,0
acm_scf,constrained,0,25,27.077,1.267053,0.335133,0.252842,0.417425,20,0.00008005,0,0.142623,0.046553,0.238694,0.767278,0.850392,0.684165,0.390837,0.264612,0.517061,0.016817,0.033012,0.731203,0.477255,0.000000,0,0,0,0,0
acm_scf,constrained,0,50,199.948,1.056707,0.433546,0.315849,0.551243,23,0.00015181,1,0.141734,0.042489,0.240980,0.812604,0.885709,0.739499,0.506675,0.329269,0.684082,0.015606,0.033199,0.666723,0.312058,0.000000,2,1,0,0,0
acm_scf,constrained,0,75,230.837,0.904328,0.502387,0.372688,0.632087,23,0.00016574,2,0.126352,0.034582,0.218122,0.848470,0.917693,0.779247,0.577768,0.385576,0.769959,0.012513,0.029764,0.610376,0.225197,0.000000,2,1,0,0,0
acm_scf,constrained,0,100,417.232,0.764844,0.572776,0.446068,0.699483,24,0.00023640,1,0.118578,0.036503,0.200653,0.866990,0.926826,0.807155,0.651094,0.462351,0.839837,0.012722,0.027274,0.533440,0.156222,0.000000,5,1,2,0,0
acm_scf,constrained,0,125,449.983,0.642942,0.635801,0.512511,0.759092,24,0.00038465,1,0.113872,0.033622,0.194122,0.881968,0.940320,0.823617,0.718096,0.529742,0.906449,0.012564,0.026924,0.466605,0.089523,0.000000,5,1,2,0,0
acm_scf,constrained,0,150,660.338,0.552179,0.682383,0.568664,0.796102,27,0.00026641,1,0.118188,0.038498,0.197878,0.883479,0.938799,0.828158,0.772095,0.590556,0.953633,0.013642,0.027377,0.405877,0.043374,0.000000,8,1,2,0,0
acm_scf,constrained,0,175,696.710,0.516295,0.699714,0.598799,0.800628,27,0.00000016,0,0.114607,0.033622,0.195592,0.889406,0.948477,0.830336,0.788078,0.618932,0.957224,0.012010,0.027004,0.377347,0.040256,0.000000,8,1,2,0,0
acm_scf,constrained,0,200,925.369,0.493322,0.712125,0.619408,0.804841,30,0.00000960,0,0.113930,0.034065,0.193796,0.890828,0.949502,0.832155,0.800662,0.640508,0.960816,0.011974,0.026861,0.355608,0.037177,0.000000,11,1,2,0,0
acm_scf,constrained,0,225,965.172,0.457312,0.732133,0.651715,0.812552,30,0.00000000,1,0.106652,0.029631,0.183673,0.898681,0.957709,0.839652,0.816411,0.671026,0.961796,0.010633,0.025624,0.325954,0.037142,0.000000,11,1,2,0,0
acm_scf,constrained,0,250,1219.449,0.425273,0.748124,0.683636,0.812611,33,0.00000476,0,0.110067,0.029114,0.191020,0.897714,0.960262,0.835165,0.835688,0.703539,0.967837,0.010325,0.026636,0.292972,0.031704,0.000000,14,1,2,0,0
acm_scf,constrained,0,275,1263.915,0.369153,0.776925,0.746908,0.806941,33,0.00005405,1,0.115977,0.027710,0.204245,0.895740,0.965158,0.826322,0.869680,0.767605,0.971755,0.010086,0.028453,0.228887,0.027087,0.000000,14,1,2,0,0
acm_scf,constrained,0,300,1534.407,0.358566,0.783668,0.765906,0.801430,31,0.00000000,1,0.119663,0.029040,0.210286,0.893146,0.964463,0.821829,0.879053,0.788147,0.969959,0.010830,0.029413,0.208330,0.029104,0.000000,14,1,4,0,0
acm_scf,constrained,0,325,1575.303,0.340310,0.794769,0.781152,0.808386,31,0.00000000,1,0.117475,0.031848,0.203102,0.894618,0.961990,0.827246,0.889301,0.806030,0.972571,0.011629,0.028443,0.190834,0.026999,0.000000,14,1,4,0,0
acm_scf,constrained,0,350,1835.626,0.331710,0.798189,0.788098,0.808279,31,0.00000014,0,0.114215,0.029410,0.199020,0.897323,0.965017,0.829630,0.890209,0.811276,0.969143,0.011113,0.027303,0.185911,0.028988,0.000000,14,1,4,0,0
acm_scf,constrained,0,375,1875.854,0.321882,0.805708,0.796494,0.814922,31,0.00000584,0,0.110453,0.032661,0.188245,0.899523,0.961808,0.837239,0.895417,0.822508,0.968327,0.011899,0.026332,0.174347,0.030370,0.000000,14,1,4,0,0
acm_scf,constrained,0,400,2135.747,0.319255,0.808473,0.802813,0.814133,31,0.00000142,0,0.111309,0.035025,0.187592,0.898529,0.959553,0.837505,0.898894,0.830932,0.966857,0.012658,0.026275,0.166496,0.032500,0.000000,14,1,4,0,0
acm_scf,constrained,0,425,2175.842,0.313746,0.812061,0.804036,0.820085,31,0.00000000,0,0.110675,0.036208,0.185143,0.899170,0.958351,0.839989,0.902533,0.833149,0.971918,0.013378,0.025993,0.163447,0.027674,0.000000,14,1,4,0,0
acm_scf,constrained,0,450,2431.194,0.311711,0.813887,0.804555,0.823220,30,0.00002488,1,0.108326,0.038203,0.178449,0.900449,0.956264,0.844634,0.902707,0.835292,0.970122,0.014079,0.024836,0.161624,0.029044,0.000000,14,1,5,0,0
acm_scf,constrained,0,475,2470.170,0.311593,0.811395,0.807742,0.815049,30,0.00003352,0,0.113780,0.038498,0.189061,0.896441,0.956119,0.836763,0.903991,0.838838,0.969143,0.014201,0.025343,0.157522,0.030489,0.000000,14,1,5,0,0
acm_scf,constrained,0,500,2714.435,0.305328,0.818087,0.812376,0.823798,29,0.00000209,1,0.109368,0.040124,0.178612,0.899646,0.954667,0.844624,0.907955,0.844972,0.970939,0.014686,0.024998,0.152087,0.028429,0.000000,14,1,6,0,0
acm_scf,constrained,0,525,2751.848,0.297972,0.821083,0.818621,0.823546,29,0.00000191,0,0.112004,0.039681,0.184327,0.898254,0.955454,0.841053,0.913226,0.851105,0.975347,0.014812,0.025518,0.146192,0.023567,0.000000,14,1,6,0,0
acm_scf,constrained,0,550,2993.032,0.295881,0.821743,0.823634,0.819852,29,0.00000376,0,0.116008,0.041159,0.190857,0.895341,0.954202,0.836481,0.916930,0.857533,0.976327,0.015227,0.026393,0.139801,0.022473,0.000000,14,1,6,0,0
acm_scf,constrained,0,575,3030.942,0.294953,0.823476,0.822325,0.824627,29,0.00000102,1,0.112012,0.042637,0.181388,0.897831,0.952627,0.843035,0.915795,0.857386,0.974204,0.015418,0.025205,0.139932,0.025303,0.000000,14,1,6,0,0
acm_scf,constrained,0,600,3272.185,0.296367,0.822148,0.825398,0.818898,29,0.00000211,0,0.110853,0.039829,0.181878,0.898729,0.955652,0.841806,0.913055,0.858272,0.967837,0.014708,0.025118,0.138759,0.031234,0.000000,14,1,6,0,0
acm_scf,constrained,0,625,3310.073,0.299876,0.818389,0.826817,0.809960,29,0.00000306,1,0.118267,0.043228,0.193306,0.892805,0.952276,0.833333,0.914544,0.862558,0.966531,0.015768,0.025735,0.134905,0.032274,0.000000,14,1,6,0,0
acm_scf,constrained,0,650,3549.677,0.297810,0.822722,0.830211,0.815232,29,0.00000010,0,0.116481,0.045371,0.187592,0.894004,0.950320,0.837689,0.918021,0.867879,0.968163,0.016767,0.025945,0.129348,0.030707,0.000000,14,1,6,0,0
acm_scf,constrained,0,675,3586.596,0.297125,0.822896,0.832295,0.813496,29,0.00000200,0,0.115869,0.043819,0.187918,0.894592,0.951984,0.837199,0.917566,0.868765,0.966367,0.016263,0.026022,0.128784,0.032212,0.000000,14,1,6,0,0
acm_scf,constrained,0,700,3821.127,0.296671,0.824196,0.832215,0.816177,28,0.00000113,1,0.115611,0.046405,0.184816,0.894477,0.949408,0.839546,0.918927,0.870834,0.967020,0.017269,0.025488,0.126607,0.031999,0.000000,14,1,7,0,0
acm_scf,constrained,0,725,3857.418,0.294230,0.825739,0.833522,0.817956,28,0.00001058,1,0.114112,0.046183,0.182041,0.895627,0.949702,0.841552,0.919437,0.872017,0.966857,0.017006,0.025385,0.125529,0.031821,0.000000,14,1,7,0,0
acm_scf,constrained,0,750,4086.386,0.290524,0.826809,0.832614,0.821005,27,0.00001028,1,0.113752,0.044484,0.183020,0.896390,0.951338,0.841443,0.920459,0.869652,0.971265,0.016577,0.025394,0.127812,0.027097,0.000000,14,1,8,0,0
acm_scf,constrained,0,775,4121.241,0.292718,0.826599,0.830229,0.822970,27,0.00001684,1,0.115691,0.047218,0.184163,0.894774,0.948489,0.841060,0.921980,0.869430,0.974531,0.017192,0.025841,0.128012,0.025088,0.000000,14,1,8,0,0
acm_scf,constrained,0,800,4341.037,0.288249,0.828847,0.835337,0.822357,27,0.00000094,1,0.116289,0.045149,0.187429,0.894898,0.950829,0.838968,0.924770,0.873051,0.976490,0.016831,0.026316,0.124024,0.023663,0.000000,14,1,8,0,0
acm_scf,constrained,0,825,4375.682,0.287454,0.828629,0.834499,0.822759,27,0.00000599,0,0.114670,0.045666,0.183673,0.895798,0.950270,0.841326,0.923243,0.872608,0.973878,0.016996,0.025587,0.124546,0.024511,0.000000,14,1,8,0,0
acm_scf,constrained,0,850,4599.957,0.289989,0.827137,0.836629,0.817645,27,0.00002210,1,0.118030,0.046183,0.189878,0.893291,0.949880,0.836703,0.924083,0.875268,0.972898,0.017122,0.026451,0.121909,0.025992,0.000000,14,1,8,0,0
acm_scf,constrained,0,875,4634.795,0.285597,0.829559,0.836681,0.822436,27,0.00001227,0,0.115414,0.044706,0.186122,0.895559,0.951343,0.839775,0.924798,0.874086,0.975510,0.016681,0.025905,0.123357,0.023621,0.000000,14,1,8,0,0
acm_scf,constrained,0,900,4856.270,0.283874,0.831700,0.838352,0.825048,27,0.00001730,0,0.113906,0.045444,0.182367,0.896602,0.950705,0.842499,0.925980,0.876450,0.975510,0.017132,0.025472,0.121055,0.023930,0.000000,14,1,8,0,0
acm_scf,constrained,0,925,4891.377,0.285349,0.827907,0.837756,0.818057,27,0.00000713,1,0.120270,0.047070,0.193469,0.891843,0.949073,0.834613,0.926758,0.877189,0.976327,0.017543,0.025924,0.120409,0.022773,0.000000,14,1,8,0,0
acm_scf,constrained,0,950,5116.601,0.278021,0.833819,0.843818,0.823819,27,0.00000788,0,0.120785,0.048917,0.192653,0.891846,0.947627,0.836066,0.933813,0.885096,0.982531,0.018299,0.026580,0.112626,0.016766,0.000000,14,1,8,0,0
acm_scf,constrained,0,975,5151.803,0.282931,0.831582,0.849046,0.814117,27,0.00000678,1,0.127285,0.049509,0.205061,0.887240,0.947364,0.827116,0.936071,0.891081,0.981061,0.018445,0.028741,0.106814,0.018804,0.000000,14,1,8,0,0
acm_scf,constrained,0,1000,5378.639,0.285343,0.829034,0.855712,0.802357,27,0.00000745,1,0.133537,0.047809,0.219265,0.883142,0.949378,0.816905,0.937454,0.896623,0.978286,0.017875,0.030487,0.101484,0.022109,0.000000,14,1,8,0,0
acm_scf,constrained,0,1025,5413.663,0.286319,0.828618,0.858781,0.798455,27,0.00000021,0,0.137903,0.050174,0.225633,0.879967,0.947299,0.812636,0.940241,0.901870,0.978612,0.018870,0.031188,0.096046,0.021854,0.000000,14,1,8,0,0
acm_scf,constrained,0,1050,5636.015,0.285738,0.829324,0.858728,0.799920,27,0.00000051,0,0.135338,0.052390,0.218286,0.881102,0.945204,0.817000,0.939124,0.903717,0.974531,0.019449,0.030184,0.094668,0.024287,0.000000,14,1,8,0,0
acm_scf,constrained,0,1075,5670.488,0.285430,0.827570,0.857705,0.797436,27,0.00000261,0,0.137394,0.052095,0.222694,0.879744,0.945421,0.814068,0.938704,0.902387,0.975020,0.019357,0.029985,0.095760,0.024015,0.000000,14,1,8,0,0
acm_scf,constrained,0,1100,5892.872,0.285538,0.827659,0.857825,0.797492,27,0.00000257,0,0.137892,0.051947,0.223837,0.879506,0.945567,0.813444,0.939193,0.902387,0.976000,0.019474,0.029989,0.095676,0.023737,0.000000,14,1,8,0,0
acm_scf,constrained,0,1125,5927.651,0.282464,0.832244,0.857996,0.806491,27,0.00000407,1,0.129241,0.051134,0.207347,0.885392,0.946344,0.824440,0.937792,0.901870,0.973714,0.019111,0.028785,0.096578,0.025684,0.000000,14,1,8,0,0
acm_scf,constrained,0,1150,6151.898,0.282787,0.831556,0.855436,0.807677,27,0.00001542,1,0.129715,0.051430,0.208000,0.885094,0.945912,0.824276,0.937552,0.899431,0.975673,0.019121,0.028846,0.098539,0.023788,0.000000,14,1,8,0,0
acm_scf,constrained,0,1175,6186.339,0.281018,0.832073,0.858459,0.805687,27,0.00000300,0,0.130994,0.050395,0.211592,0.884463,0.947070,0.821856,0.938942,0.901722,0.976163,0.018904,0.029047,0.096801,0.023634,0.000000,14,1,8,0,0
acm_scf,constrained,0,1200,6408.378,0.271404,0.838522,0.857143,0.819901,27,0.00000430,0,0.120605,0.050026,0.191184,0.891818,0.947344,0.836292,0.938338,0.900022,0.976653,0.018723,0.026366,0.098204,0.022997,0.000000,14,1,8,0,0
acm_scf,constrained,0,1225,6442.777,0.268998,0.839811,0.856569,0.823053,27,0.00000479,0,0.118404,0.048400,0.188408,0.893674,0.948860,0.838488,0.938075,0.898027,0.978122,0.018102,0.026079,0.100328,0.021829,0.000000,14,1,8,0,0
acm_scf,constrained,0,1250,6654.247,0.264451,0.841869,0.857526,0.826212,26,0.00000480,0,0.117517,0.046627,0.188408,0.894811,0.950614,0.839007,0.939694,0.897510,0.981878,0.017571,0.026245,0.100770,0.017796,0.000000,14,1,9,0,0
acm_scf,constrained,0,1275,6687.511,0.263512,0.841577,0.855389,0.827766,26,0.00000411,0,0.117376,0.046996,0.187755,0.894898,0.950141,0.839654,0.939386,0.895589,0.983184,0.017428,0.026102,0.102259,0.016409,0.000000,14,1,9,0,0
acm_scf,constrained,0,1300,6897.064,0.259388,0.843309,0.855993,0.830625,26,0.00000630,0,0.115945,0.046257,0.185633,0.896144,0.950887,0.841400,0.940202,0.895589,0.984816,0.017211,0.025601,0.102315,0.014641,0.000000,14,1,9,0,0
acm_scf,constrained,0,1325,6930.549,0.260495,0.842881,0.857779,0.827984,26,0.00000213,0,0.118046,0.045888,0.190204,0.894778,0.951340,0.838217,0.941305,0.897140,0.985469,0.017170,0.026364,0.101123,0.014178,0.000000,14,1,9,0,0
acm_scf,constrained,0,1350,7144.994,0.261030,0.842386,0.862101,0.822671,26,0.00000016,0,0.121171,0.045444,0.196898,0.892677,0.951998,0.833356,0.942966,0.901278,0.984653,0.016965,0.027489,0.096983,0.015236,0.000000,14,1,9,0,0
acm_scf,constrained,0,1375,7178.343,0.260317,0.841693,0.867077,0.816310,26,0.00000000,0,0.125445,0.045666,0.205224,0.889727,0.952048,0.827406,0.945255,0.906673,0.983837,0.016924,0.028580,0.091362,0.015862,0.000000,14,1,9,0,0
acm_scf,constrained,0,1400,7395.680,0.258393,0.842575,0.867510,0.817640,26,0.00000000,0,0.125401,0.045740,0.205061,0.889867,0.952001,0.827733,0.946248,0.907190,0.985306,0.016914,0.028528,0.090652,0.014681,0.000000,14,1,9,0,0
acm_scf,constrained,0,1425,7428.937,0.257653,0.843512,0.868646,0.818379,26,0.00000007,0,0.125795,0.045223,0.206367,0.889832,0.952554,0.827110,0.947597,0.907929,0.987265,0.016874,0.029031,0.090204,0.012457,0.000000,14,1,9,0,0
acm_scf,constrained,0,1450,7632.398,0.255843,0.843388,0.867979,0.818797,25,0.00000473,0,0.124426,0.043302,0.205551,0.891009,0.954365,0.827652,0.946333,0.905564,0.987102,0.016325,0.028749,0.091100,0.012870,0.000000,14,1,10,0,0
acm_scf,constrained,0,1475,7664.367,0.255634,0.842824,0.869781,0.815867,25,0.00000324,0,0.128098,0.044114,0.212082,0.888542,0.953674,0.823409,0.948524,0.908150,0.988898,0.016464,0.029296,0.089300,0.011695,0.000000,14,1,10,0,0
acm_scf,constrained,0,1500,7870.889,0.255172,0.842981,0.868101,0.817862,25,0.00000585,0,0.125396,0.044262,0.206531,0.890186,0.953447,0.826926,0.946650,0.906525,0.986776,0.016420,0.028519,0.090892,0.012871,0.000000,14,1,10,0,0
acm_scf,constrained,0,1525,7902.656,0.255739,0.843671,0.867866,0.819476,25,0.00000592,0,0.123639,0.043523,0.203755,0.891476,0.954146,0.828807,0.946044,0.905638,0.986449,0.016213,0.028360,0.091834,0.014024,0.000000,14,1,10,0,0
acm_scf,constrained,0,1550,8109.526,0.255452,0.843316,0.868451,0.818182,25,0.00000597,0,0.124366,0.043671,0.205061,0.890930,0.954033,0.827827,0.946168,0.906377,0.985959,0.016252,0.028303,0.091281,0.014329,0.000000,14,1,10,0,0
acm_scf,constrained,0,1575,8141.183,0.255237,0.843524,0.868399,0.818650,25,0.00000300,0,0.124195,0.043819,0.204571,0.891040,0.953888,0.828191,0.946287,0.906451,0.986122,0.016461,0.028316,0.090895,0.013590,0.000000,14,1,10,0,0
acm_scf,constrained,0,1600,8348.195,0.253644,0.844658,0.868097,0.821220,25,0.00000438,0,0.122733,0.043671,0.201796,0.892129,0.954015,0.830243,0.946473,0.906008,0.986939,0.016269,0.028056,0.091133,0.013386,0.000000,14,1,10,0,0
acm_scf,constrained,0,1625,8379.807,0.253684,0.843112,0.870424,0.815800,25,0.00000288,0,0.126288,0.043597,0.208980,0.889682,0.954203,0.825160,0.947329,0.908372,0.986286,0.016230,0.028759,0.088813,0.013101,0.000000,14,1,10,0,0
acm_scf,constrained,0,1650,8578.459,0.256128,0.841156,0.869399,0.812913,25,0.00000797,0,0.127579,0.043893,0.211265,0.888606,0.953868,0.823345,0.946106,0.907559,0.984653,0.016317,0.028538,0.089974,0.015187,0.000000,14,1,10,0,0
acm_scf,constrained,0,1675,8610.133,0.258425,0.842845,0.869402,0.816288,25,0.00000556,0,0.126520,0.046183,0.206857,0.889070,0.951678,0.826462,0.947349,0.909554,0.985143,0.017136,0.028915,0.087953,0.014975,0.000000,14,1,10,0,0
acm_scf,constrained,0,1700,8814.724,0.256908,0.842410,0.872016,0.812804,25,0.00000568,0,0.126059,0.043302,0.208816,0.889645,0.954567,0.824722,0.946153,0.909776,0.982531,0.016070,0.028863,0.087895,0.017822,0.000000,14,1,10,0,0
acm_scf,constrained,0,1725,8846.457,0.256570,0.843572,0.871757,0.815387,25,0.00000427,0,0.123864,0.042341,0.205388,0.891314,0.955478,0.827150,0.945762,0.908668,0.982857,0.015818,0.028794,0.088989,0.017640,0.000000,14,1,10,0,0
acm_scf,constrained,0,1750,9040.588,0.257288,0.842302,0.870764,0.813841,25,0.00000941,0,0.126313,0.042341,0.210286,0.889749,0.955429,0.824068,0.946306,0.907633,0.984980,0.015828,0.029280,0.090039,0.015400,0.000000,14,1,10,0,0
acm_scf,constrained,0,1775,9072.094,0.257200,0.842313,0.867971,0.816655,25,0.00002995,0,0.123917,0.042119,0.205714,0.891346,0.955507,0.827184,0.944591,0.904530,0.984653,0.015645,0.028528,0.092887,0.016176,0.000000,14,1,10,0,0
acm_scf,constrained,0,1800,9277.042,0.260382,0.841229,0.863759,0.818700,25,0.00003142,0,0.122500,0.041898,0.203102,0.892283,0.955515,0.829050,0.942464,0.899948,0.984980,0.015624,0.028397,0.097580,0.015626,0.000000,14,1,10,0,0
acm_scf,constrained,0,1825,9308.476,0.258461,0.841620,0.863946,0.819293,25,0.00002533,0,0.122208,0.042784,0.201633,0.892335,0.954663,0.830007,0.942699,0.900909,0.984490,0.015787,0.027840,0.096806,0.015845,0.000000,14,1,10,0,0
acm_scf,constrained,0,1850,9510.520,0.257865,0.841923,0.864851,0.818995,25,0.00003358,0,0.123590,0.042119,0.205061,0.891661,0.955354,0.827969,0.944109,0.901278,0.986939,0.015727,0.028624,0.096043,0.013041,0.000000,14,1,10,0,0
acm_scf,constrained,0,1875,9541.899,0.253857,0.843940,0.868100,0.819781,25,0.00003868,0,0.124074,0.041454,0.206694,0.891663,0.956158,0.827167,0.946655,0.904086,0.989224,0.015572,0.028704,0.093544,0.011386,0.000000,14,1,10,0,0
acm_scf,constrained,0,1900,9742.729,0.256278,0.841454,0.870250,0.812659,25,0.00004885,0,0.131137,0.042193,0.220082,0.886950,0.955547,0.818353,0.949239,0.906968,0.991510,0.015755,0.030522,0.090611,0.008996,0.000000,14,1,10,0,0
acm_scf,constrained,1,1,2.146,1.703181,0.162750,0.157770,0.167730,20,0.00000000,0,0.222202,0.063179,0.381224,0.552198,0.726400,0.377997,0.199706,0.167738,0.231673,0.023148,0.053223,0.827178,0.759760,0.000000,0,0,0,0,0
acm_scf,constrained,1,25,42.186,1.407905,0.258590,0.211433,0.305747,20,0.00000000,0,0.120743,0.034139,0.207347,0.752640,0.864952,0.640329,0.293897,0.218651,0.369143,0.012609,0.028680,0.777023,0.622156,0.000000,0,0,0,0,0
acm_scf,constrained,1,50,306.777,1.214185,0.353110,0.290994,0.415226,23,0.00008111,1,0.111987,0.033769,0.190204,0.810581,0.899072,0.722090,0.397512,0.300820,0.494204,0.012457,0.026265,0.695037,0.499107,0.000000,3,0,0,0,0
acm_scf,constrained,1,75,353.854,1.082911,0.420486,0.353359,0.487612,23,0.00004363,0,0.119329,0.039311,0.199347,0.824546,0.903308,0.745784,0.476033,0.367250,0.584816,0.014125,0.027370,0.627989,0.409230,0.000000,3,0,0,0,0
acm_scf,constrained,1,100,656.050,0.966425,0.478111,0.406794,0.549428,26,0.00004831,0,0.126816,0.039755,0.213878,0.835634,0.914085,0.757183,0.544952,0.422966,0.666939,0.014284,0.029355,0.572226,0.326984,0.000000,6,0,0,0,0
acm_scf,constrained,1,125,709.009,0.890235,0.514991,0.446525,0.583456,26,0.00001865,1,0.128757,0.037760,0.219755,0.844360,0.924653,0.764067,0.587530,0.463386,0.711673,0.013411,0.030076,0.532392,0.282797,0.000000,6,0,0,0,0
acm_scf,constrained,1,150,1039.861,0.810525,0.553679,0.476279,0.631080,28,0.00000500,1,0.128821,0.035764,0.221878,0.854478,0.932402,0.776554,0.632207,0.493313,0.771102,0.012827,0.030648,0.502709,0.223970,0.000000,9,0,1,0,0
acm_scf,constrained,1,175,1097.675,0.759246,0.579072,0.500967,0.657177,28,0.00021995,3,0.132303,0.031626,0.232980,0.859508,0.942334,0.776682,0.663548,0.516811,0.810286,0.011646,0.032422,0.479254,0.187908,0.000000,9,0,1,0,0
acm_scf,constrained,1,200,1464.094,0.726362,0.593386,0.518792,0.667980,30,0.00037181,1,0.136662,0.030222,0.243102,0.860008,0.946480,0.773536,0.682419,0.534471,0.830367,0.010979,0.033542,0.461614,0.167081,0.000000,12,0,2,0,0
acm_scf,constrained,1,225,1526.782,0.698157,0.607463,0.542250,0.672675,30,0.00049268,1,0.139610,0.029262,0.249959,0.860513,0.950182,0.770843,0.699467,0.558117,0.840816,0.010375,0.034732,0.438477,0.156442,0.000000,12,0,2,0,0
acm_scf,constrained,1,250,1939.842,0.643186,0.635504,0.586477,0.684532,33,0.00024420,2,0.143249,0.028375,0.258122,0.862233,0.955067,0.769399,0.732171,0.603118,0.861224,0.010136,0.035857,0.393360,0.137130,0.000000,15,0,2,0,0
acm_scf,constrained,1,275,2010.275,0.592886,0.660279,0.616545,0.704013,33,0.00004567,1,0.128231,0.023646,0.232816,0.876188,0.963887,0.788490,0.749521,0.631124,0.867918,0.008304,0.032671,0.364929,0.129895,0.000000,15,0,2,0,0
acm_scf,constrained,1,300,2458.060,0.540635,0.687526,0.658211,0.716841,36,0.00005164,0,0.128791,0.025419,0.232163,0.877784,0.963705,0.791862,0.779104,0.674943,0.883265,0.008987,0.032233,0.320929,0.114857,0.000000,18,0,2,0,0
acm_scf,constrained,1,325,2533.394,0.505731,0.705930,0.685943,0.725916,36,0.00013374,1,0.124402,0.023498,0.225306,0.882752,0.967614,0.797891,0.795766,0.702062,0.889469,0.008409,0.031265,0.294277,0.108846,0.000000,18,0,2,0,0
acm_scf,constrained,1,350,3007.941,0.476518,0.721929,0.710185,0.733673,38,0.00000675,1,0.120964,0.024459,0.217469,0.885840,0.967476,0.804204,0.810390,0.727555,0.893224,0.008722,0.029997,0.269142,0.105445,0.000000,21,0,3,0,0
acm_scf,constrained,1,375,3086.971,0.423646,0.749149,0.756293,0.742005,38,0.00003252,1,0.122307,0.024533,0.220082,0.886875,0.969310,0.804439,0.840076,0.774847,0.905306,0.008679,0.030275,0.222037,0.092841,0.000000,21,0,3,0,0
acm_scf,constrained,1,400,3572.058,0.362402,0.781288,0.792430,0.770146,38,0.00005582,0,0.114248,0.020986,0.207510,0.896143,0.974717,0.817569,0.869509,0.809059,0.929959,0.007618,0.028706,0.188299,0.069033,0.000000,24,0,6,0,0
acm_scf,constrained,1,425,3650.134,0.326714,0.800154,0.813694,0.786614,38,0.00004125,1,0.106864,0.020912,0.192816,0.902489,0.975445,0.829532,0.884498,0.830710,0.938286,0.007461,0.026705,0.166638,0.059680,0.000000,24,0,6,0,0
acm_scf,constrained,1,450,4160.509,0.297421,0.812308,0.837053,0.787564,38,0.00003251,1,0.115163,0.019877,0.210449,0.898205,0.977246,0.819164,0.903499,0.853691,0.953306,0.007293,0.027957,0.143939,0.045505,0.000000,24,0,6,0,0
acm_scf,constrained,1,475,4238.404,0.281112,0.820238,0.854292,0.786185,38,0.00002693,1,0.116591,0.018326,0.214857,0.897862,0.979369,0.816355,0.912525,0.869948,0.955102,0.006616,0.028869,0.126928,0.043461,0.000000,24,0,6,0,0
acm_scf,constrained,1,500,4744.825,0.270783,0.825887,0.865488,0.786286,38,0.00006123,2,0.121709,0.019582,0.223837,0.894789,0.978291,0.811287,0.922361,0.882436,0.962286,0.006785,0.030360,0.114834,0.037410,0.000000,24,0,6,0,0
acm_scf,constrained,1,525,4822.636,0.263996,0.828741,0.872394,0.785088,38,0.00013389,1,0.124660,0.020912,0.228408,0.892786,0.977059,0.808514,0.927523,0.890638,0.964408,0.007571,0.030409,0.106597,0.034711,0.000000,24,0,6,0,0
acm_scf,constrained,1,550,5315.449,0.256090,0.833466,0.883091,0.783841,37,0.00000452,0,0.126080,0.019508,0.232653,0.892365,0.978792,0.805938,0.933261,0.900318,0.966204,0.007177,0.031154,0.097616,0.033601,0.000000,24,0,7,0,0
acm_scf,constrained,1,575,5390.968,0.249757,0.833750,0.893714,0.773786,37,0.00000055,1,0.136790,0.019212,0.254367,0.885847,0.979344,0.792350,0.940748,0.910885,0.970612,0.006853,0.033879,0.085826,0.028751,0.000000,24,0,7,0,0
acm_scf,constrained,1,600,5884.764,0.241377,0.838582,0.902874,0.774291,36,0.00000653,3,0.132078,0.015665,0.248490,0.889358,0.983204,0.795513,0.941856,0.917018,0.966694,0.005721,0.033430,0.080078,0.031513,0.000000,24,0,8,0,0
acm_scf,constrained,1,625,5959.101,0.237526,0.841852,0.904703,0.779001,36,0.00014385,3,0.131827,0.018104,0.245551,0.889382,0.980724,0.798039,0.945684,0.921082,0.970286,0.006586,0.033207,0.076920,0.027714,0.000000,24,0,8,0,0
acm_scf,constrained,1,650,6439.392,0.233822,0.842828,0.906393,0.779263,36,0.00003369,2,0.131938,0.018326,0.245551,0.889313,0.980532,0.798094,0.946808,0.923003,0.970612,0.006448,0.032788,0.074757,0.028074,0.000000,24,0,8,0,0
acm_scf,constrained,1,675,6513.168,0.232256,0.845758,0.905782,0.785733,36,0.00000140,1,0.128853,0.017217,0.240490,0.891876,0.981656,0.802096,0.948036,0.921377,0.974694,0.006290,0.033018,0.076357,0.024472,0.000000,24,0,8,0,0
acm_scf,constrained,1,700,6990.005,0.234751,0.845253,0.908920,0.781587,36,0.00001679,0,0.131046,0.018991,0.243102,0.889887,0.979908,0.799866,0.948886,0.926180,0.971592,0.006840,0.033843,0.071713,0.026379,0.000000,24,0,8,0,0
acm_scf,constrained,1,725,7063.338,0.236633,0.842977,0.907539,0.778415,36,0.00019876,0,0.136963,0.021355,0.252571,0.885867,0.977480,0.794255,0.950970,0.926919,0.975020,0.007675,0.034190,0.070876,0.024433,0.000000,24,0,8,0,0
acm_scf,constrained,1,750,7523.337,0.233016,0.846040,0.911773,0.780306,36,0.00058802,0,0.135144,0.021799,0.248490,0.886953,0.977137,0.796769,0.952926,0.931649,0.974204,0.007820,0.033904,0.066250,0.025306,0.000000,24,0,8,0,0
acm_scf,constrained,1,775,7596.040,0.227787,0.849380,0.915100,0.783660,36,0.00053918,0,0.135389,0.021799,0.248980,0.887213,0.977218,0.797207,0.956912,0.935048,0.978776,0.007848,0.034527,0.063187,0.019989,0.000000,24,0,8,0,0
acm_scf,constrained,1,800,8070.604,0.240878,0.841527,0.912387,0.770667,36,0.00040181,0,0.145487,0.023055,0.267918,0.880356,0.975896,0.784815,0.955282,0.933422,0.977143,0.008562,0.036610,0.065025,0.021619,0.000000,24,0,8,0,0
acm_scf,constrained,1,825,8144.011,0.236886,0.844189,0.911980,0.776398,36,0.00027772,0,0.141276,0.020838,0.261714,0.883635,0.978107,0.789162,0.955288,0.930984,0.979592,0.007853,0.036107,0.067314,0.019838,0.000000,24,0,8,0,0
acm_scf,constrained,1,850,8614.443,0.244921,0.841569,0.899330,0.783809,36,0.00001141,1,0.136873,0.025419,0.248327,0.885377,0.973175,0.797578,0.950320,0.922190,0.978449,0.009541,0.034321,0.076022,0.020656,0.000000,24,0,8,0,0
acm_scf,constrained,1,875,8686.858,0.247020,0.840718,0.898759,0.782677,36,0.00000128,0,0.140722,0.029853,0.251592,0.882203,0.968755,0.795650,0.952591,0.925589,0.979592,0.010730,0.034863,0.072509,0.019585,0.000000,24,0,8,0,0
acm_scf,constrained,1,900,9162.241,0.242815,0.843864,0.905840,0.781887,36,0.00000109,0,0.140245,0.031183,0.249306,0.882183,0.967695,0.796671,0.955452,0.934087,0.976816,0.011200,0.034660,0.063807,0.022547,0.000000,24,0,8,0,0
acm_scf,constrained,1,925,9235.746,0.238814,0.845071,0.912133,0.778009,36,0.00000243,0,0.144855,0.033548,0.256163,0.878980,0.965637,0.792323,0.960019,0.942733,0.977306,0.012196,0.034981,0.055305,0.021334,0.000000,24,0,8,0,0
acm_scf,constrained,1,950,9688.268,0.230560,0.849049,0.913009,0.785088,36,0.00000235,0,0.137567,0.026971,0.248163,0.884983,0.972039,0.797926,0.958776,0.937634,0.979918,0.009757,0.034381,0.060273,0.019348,0.000000,24,0,8,0,0
acm_scf,constrained,1,975,9759.539,0.243899,0.841220,0.910445,0.771995,36,0.00000855,0,0.147348,0.027267,0.267429,0.878511,0.971672,0.785349,0.956859,0.935269,0.978449,0.010027,0.036907,0.062475,0.020779,0.000000,24,0,8,0,0
acm_scf,constrained,1,1000,10219.977,0.245806,0.838138,0.915319,0.760958,36,0.00000083,0,0.156194,0.023572,0.288816,0.873981,0.975458,0.772505,0.958815,0.936895,0.980735,0.008735,0.039511,0.060847,0.019287,0.000000,24,0,8,0,0
acm_scf,constrained,1,1025,10290.134,0.255217,0.832743,0.905146,0.760339,36,0.00000253,0,0.158068,0.025198,0.290939,0.872463,0.973564,0.771363,0.954752,0.927954,0.981551,0.009063,0.039798,0.069462,0.018665,0.000000,24,0,8,0,0
acm_scf,constrained,1,1050,10753.828,0.256233,0.831083,0.892444,0.769722,36,0.00001374,0,0.151001,0.022981,0.279020,0.877308,0.975446,0.779170,0.948722,0.912954,0.984490,0.008206,0.038233,0.083760,0.015178,0.000000,24,0,8,0,0
acm_scf,constrained,1,1075,10824.093,0.249029,0.836192,0.896843,0.775542,36,0.00002915,0,0.145341,0.025050,0.265633,0.880244,0.973474,0.787014,0.950430,0.919308,0.981551,0.008967,0.036539,0.077233,0.017418,0.000000,24,0,8,0,0
acm_scf,unconstrained,0,1,1.393,1.677904,0.171789,0.118448,0.225130,20,0.00000000,0,0.178567,0.096727,0.260408,0.547325,0.573199,0.521452,0.206830,0.129905,0.283755,0.035851,0.036161,0.866183,0.710106,0.000000,0,0,0,0,0
acm_scf,unconstrained,0,25,26.732,1.349213,0.285950,0.211317,0.360582,20,0.00003221,1,0.102285,0.038203,0.166367,0.784122,0.851692,0.716551,0.319981,0.219390,0.420571,0.013789,0.023209,0.776568,0.574538,0.000000,0,0,0,0,0
acm_scf,unconstrained,0,50,192.012,1.094194,0.410022,0.288989,0.531055,23,0.00000304,0,0.107524,0.034804,0.180245,0.836202,0.895750,0.776654,0.462911,0.299047,0.626776,0.012401,0.025068,0.697344,0.368549,0.000000,3,0,0,0,0
acm_scf,unconstrained,0,75,221.756,0.932162,0.488672,0.364986,0.612359,23,0.00011551,0,0.114903,0.030296,0.199510,0.855921,0.925441,0.786401,0.555287,0.376044,0.734531,0.010805,0.027625,0.620400,0.261521,0.000000,3,0,0,0,0
acm_scf,unconstrained,0,100,418.081,0.788129,0.558933,0.455259,0.662608,26,0.00013098,1,0.129962,0.026454,0.233469,0.862118,0.946423,0.777812,0.642304,0.467302,0.817306,0.009508,0.032315,0.529065,0.179240,0.000000,6,0,0,0,0
acm_scf,unconstrained,0,125,452.399,0.689070,0.607814,0.535220,0.680407,26,0.00002987,1,0.146683,0.025937,0.267429,0.859095,0.954896,0.763295,0.705735,0.549102,0.862367,0.008985,0.037119,0.447878,0.133318,0.000000,6,0,0,0,0
acm_scf,unconstrained,0,150,672.201,0.643965,0.630343,0.556156,0.704531,29,0.00004814,1,0.145266,0.025715,0.264816,0.863885,0.956867,0.770904,0.730780,0.570457,0.891102,0.008773,0.036938,0.426273,0.106362,0.000000,9,0,0,0,0
acm_scf,unconstrained,0,175,710.479,0.610174,0.647791,0.587063,0.708519,29,0.00002241,2,0.154547,0.026971,0.282122,0.860104,0.957180,0.763028,0.755652,0.602897,0.908408,0.009650,0.038924,0.393356,0.090299,0.000000,9,0,0,0,0
acm_scf,unconstrained,0,200,933.474,0.575834,0.664399,0.621307,0.707491,29,0.00004797,1,0.167843,0.027932,0.307755,0.854248,0.958098,0.750397,0.781943,0.638661,0.925224,0.009948,0.042201,0.358485,0.072701,0.000000,12,0,3,0,0
acm_scf,unconstrained,0,225,971.882,0.550357,0.676841,0.640463,0.713220,29,0.00011838,1,0.170115,0.027414,0.312816,0.854790,0.960004,0.749575,0.797174,0.658021,0.936327,0.009842,0.043042,0.338993,0.060889,0.000000,12,0,3,0,0
acm_scf,unconstrained,0,250,1217.724,0.518049,0.695509,0.670090,0.720927,30,0.00008154,1,0.169422,0.028966,0.309878,0.856306,0.959683,0.752929,0.816913,0.689500,0.944327,0.010208,0.043039,0.307665,0.054896,0.000000,13,0,3,0,0
acm_scf,unconstrained,0,275,1257.281,0.480428,0.713685,0.694335,0.733034,30,0.00007402,1,0.171479,0.031774,0.311184,0.856476,0.957531,0.755422,0.838770,0.716397,0.961143,0.011307,0.042744,0.280977,0.036571,0.000000,13,0,3,0,0
acm_scf,unconstrained,0,300,1514.081,0.433738,0.737325,0.739049,0.735601,33,0.00006738,2,0.172153,0.029040,0.315265,0.858726,0.963219,0.754232,0.864011,0.760511,0.967510,0.010159,0.043508,0.236811,0.030400,0.000000,16,0,3,0,0
acm_scf,unconstrained,0,325,1557.744,0.387580,0.762577,0.788311,0.736842,33,0.00006574,2,0.175957,0.030444,0.321469,0.857836,0.963875,0.751796,0.893012,0.812311,0.973714,0.011218,0.044017,0.185463,0.024189,0.000000,16,0,3,0,0
acm_scf,unconstrained,0,350,1839.273,0.345659,0.787889,0.831378,0.744400,36,0.00018813,3,0.172441,0.032883,0.312000,0.860503,0.963120,0.757887,0.917684,0.858716,0.976653,0.011865,0.043806,0.139114,0.022120,0.000000,19,0,3,0,0
acm_scf,unconstrained,0,375,1886.607,0.333613,0.794736,0.847517,0.741956,36,0.00041464,3,0.176310,0.038498,0.314122,0.857212,0.958092,0.756332,0.927583,0.880145,0.975020,0.014021,0.043046,0.117529,0.024564,0.000000,19,0,3,0,0
acm_scf,unconstrained,0,400,2190.872,0.321192,0.800852,0.864809,0.736894,39,0.00025075,1,0.184517,0.042341,0.326694,0.852333,0.955136,0.749531,0.939529,0.901426,0.977633,0.015309,0.044363,0.096038,0.021962,0.000000,22,0,3,0,0
acm_scf,unconstrained,0,425,2241.732,0.306584,0.809766,0.873328,0.746204,39,0.00001584,3,0.177931,0.044188,0.311673,0.856130,0.953783,0.758477,0.945347,0.911919,0.978776,0.015909,0.042699,0.085455,0.020751,0.000000,22,0,3,0,0
acm_scf,unconstrained,0,450,2568.198,0.297707,0.816840,0.879051,0.754629,38,0.00001794,2,0.171358,0.046553,0.296163,0.859710,0.951835,0.767585,0.949048,0.919973,0.978122,0.016962,0.041040,0.077152,0.021614,0.000000,22,0,4,0,0
acm_scf,unconstrained,0,475,2618.107,0.284151,0.821734,0.885639,0.757828,38,0.00002392,3,0.166999,0.040937,0.293061,0.863633,0.957483,0.769783,0.950906,0.921895,0.979918,0.014789,0.040276,0.075421,0.020023,0.000000,22,0,4,0,0
acm_scf,unconstrained,0,500,2943.486,0.279633,0.825559,0.889962,0.761156,38,0.00001026,2,0.158881,0.040863,0.276898,0.868011,0.957751,0.778272,0.949123,0.926328,0.971918,0.014873,0.038256,0.071637,0.026543,0.000000,22,0,4,0,0
acm_scf,unconstrained,0,525,2993.600,0.269876,0.830357,0.896542,0.764173,38,0.00002628,1,0.159668,0.040641,0.278694,0.868169,0.958257,0.778081,0.955061,0.932979,0.977143,0.014811,0.038441,0.064199,0.022632,0.000000,22,0,4,0,0
acm_scf,unconstrained,0,550,3319.113,0.271789,0.830593,0.895065,0.766121,38,0.00002944,0,0.159839,0.043597,0.276082,0.867598,0.955408,0.779789,0.955860,0.934087,0.977633,0.016072,0.038159,0.063690,0.021348,0.000000,22,0,4,0,0
acm_scf,unconstrained,0,575,3368.402,0.261306,0.833585,0.899773,0.767397,38,0.00002983,0,0.157485,0.041011,0.273959,0.869582,0.958053,0.781111,0.957153,0.936673,0.977633,0.014824,0.037245,0.061428,0.020611,0.000000,22,0,4,0,0
acm_scf,unconstrained,0,600,3683.781,0.261008,0.836269,0.902384,0.770153,37,0.00003870,0,0.153699,0.041602,0.265796,0.871688,0.957615,0.785761,0.957391,0.939925,0.974857,0.015688,0.036590,0.058552,0.022312,0.000000,22,0,5,0,0
acm_scf,unconstrained,0,625,3731.786,0.256238,0.838716,0.899293,0.778139,37,0.00005139,1,0.150878,0.045592,0.256163,0.873053,0.953755,0.792350,0.958882,0.940294,0.977469,0.016658,0.034618,0.057389,0.022175,0.000000,22,0,5,0,0
acm_scf,unconstrained,0,650,4034.581,0.252581,0.841037,0.902662,0.779412,37,0.00006071,1,0.149175,0.043819,0.254531,0.874508,0.955561,0.793455,0.960006,0.942215,0.977796,0.016318,0.034517,0.055878,0.021380,0.000000,22,0,5,0,0
acm_scf,unconstrained,0,675,4083.274,0.256919,0.839191,0.901569,0.776813,37,0.00004864,1,0.153074,0.045740,0.260408,0.871820,0.953730,0.789910,0.960954,0.942806,0.979102,0.016732,0.035616,0.055405,0.020634,0.000000,22,0,5,0,0
acm_scf,unconstrained,0,700,4391.077,0.250241,0.842785,0.902553,0.783018,37,0.00002799,1,0.147362,0.044927,0.249796,0.875590,0.954528,0.796651,0.960857,0.943102,0.978612,0.016485,0.033826,0.055634,0.021145,0.000000,22,0,5,0,0
acm_scf,unconstrained,0,725,4439.263,0.247313,0.844139,0.900149,0.788130,37,0.00002440,1,0.142051,0.043449,0.240653,0.879139,0.955786,0.802492,0.958528,0.939260,0.977796,0.015545,0.033151,0.058619,0.021372,0.000000,22,0,5,0,0
acm_scf,unconstrained,0,750,4741.659,0.241819,0.845131,0.904958,0.785304,37,0.00006769,1,0.146381,0.041824,0.250939,0.877028,0.957523,0.796532,0.962587,0.942806,0.982367,0.015016,0.033842,0.055230,0.017970,0.000000,22,0,5,0,0
acm_scf,unconstrained,0,775,4789.668,0.242076,0.846325,0.907477,0.785174,37,0.00005988,1,0.145790,0.040641,0.250939,0.877622,0.958740,0.796505,0.963281,0.944358,0.982204,0.015029,0.034233,0.054256,0.017619,0.000000,22,0,5,0,0
acm_scf,unconstrained,0,800,5100.373,0.241840,0.846626,0.906778,0.786473,38,0.00005674,1,0.142764,0.039976,0.245551,0.879453,0.959332,0.799574,0.961310,0.943028,0.979592,0.014537,0.033808,0.055267,0.020023,0.000000,23,0,5,0,0
acm_scf,unconstrained,0,825,5149.882,0.233104,0.851315,0.906856,0.795775,38,0.00004256,2,0.134392,0.040050,0.228735,0.884843,0.959266,0.810419,0.960486,0.943176,0.977796,0.014520,0.031340,0.054711,0.020820,0.000000,23,0,5,0,0
acm_scf,unconstrained,0,850,5476.229,0.226205,0.854964,0.908055,0.801873,38,0.00002728,1,0.128973,0.037538,0.220408,0.888930,0.961684,0.816176,0.960377,0.942141,0.978612,0.013724,0.030509,0.055328,0.019060,0.000000,23,0,5,0,0
acm_scf,unconstrained,0,875,5525.999,0.220819,0.858351,0.910037,0.806664,38,0.00002859,1,0.125880,0.036577,0.215184,0.891334,0.962672,0.819995,0.961784,0.943324,0.980245,0.013177,0.030124,0.054394,0.017735,0.000000,23,0,5,0,0
acm_scf,unconstrained,0,900,5846.865,0.219156,0.857449,0.910213,0.804685,38,0.00002019,1,0.127863,0.036134,0.219592,0.890128,0.963100,0.817156,0.962245,0.943102,0.981388,0.013193,0.029612,0.055095,0.017179,0.000000,23,0,5,0,0
acm_scf,unconstrained,0,925,5896.802,0.214960,0.860882,0.910362,0.811402,38,0.00000857,2,0.122349,0.036208,0.208490,0.893848,0.963036,0.824660,0.961948,0.943324,0.980571,0.013347,0.028124,0.054358,0.018597,0.000000,23,0,5,0,0
acm_scf,unconstrained,0,950,6195.825,0.218549,0.859841,0.910018,0.809665,37,0.00001310,1,0.124627,0.036356,0.212898,0.892358,0.962882,0.821834,0.962571,0.943102,0.982041,0.013407,0.029370,0.054696,0.017018,0.000000,23,0,6,0,0
acm_scf,unconstrained,0,975,6244.270,0.224204,0.856797,0.912552,0.801043,37,0.00004692,2,0.129780,0.038498,0.221061,0.888309,0.960962,0.815657,0.962903,0.947683,0.978122,0.013906,0.030698,0.050019,0.020644,0.000000,23,0,6,0,0
acm_scf,unconstrained,0,1000,6550.158,0.217868,0.858999,0.914327,0.803672,37,0.00002889,1,0.126212,0.034139,0.218286,0.891426,0.965153,0.817698,0.962321,0.945541,0.979102,0.012591,0.030277,0.051815,0.018767,0.000000,23,0,6,0,0
acm_scf,unconstrained,0,1025,6599.486,0.214744,0.860866,0.915823,0.805910,37,0.00001791,1,0.125674,0.035838,0.215510,0.891634,0.963597,0.819672,0.964118,0.948644,0.979592,0.013038,0.029535,0.049767,0.018532,0.000000,23,0,6,0,0
acm_scf,unconstrained,0,1050,6914.398,0.215353,0.860397,0.916690,0.804103,37,0.00001660,1,0.126366,0.035099,0.217633,0.891237,0.964329,0.818145,0.963984,0.948866,0.979102,0.013067,0.029594,0.049178,0.019448,0.000000,23,0,6,0,0
acm_scf,unconstrained,0,1075,6963.804,0.212164,0.861571,0.914041,0.809101,37,0.00001776,1,0.124730,0.036725,0.212735,0.892257,0.962690,0.821824,0.964417,0.947610,0.981224,0.012915,0.028929,0.050342,0.018005,0.000000,23,0,6,0,0
acm_scf,unconstrained,0,1100,7273.902,0.209650,0.865658,0.917666,0.813651,36,0.00000207,1,0.120621,0.035691,0.205551,0.895279,0.963807,0.826751,0.965658,0.950417,0.980898,0.013028,0.028811,0.047611,0.017977,0.000000,23,0,7,0,0
acm_scf,unconstrained,0,1125,7322.050,0.211795,0.862743,0.914778,0.810708,36,0.00002940,3,0.122265,0.037021,0.207510,0.893770,0.962441,0.825100,0.963791,0.948644,0.978939,0.013455,0.028276,0.049304,0.019079,0.000000,23,0,7,0,0
acm_scf,unconstrained,0,1150,7619.335,0.213025,0.860774,0.914853,0.806695,36,0.00000148,2,0.122395,0.035321,0.209469,0.893652,0.964049,0.823254,0.961420,0.947166,0.975673,0.012477,0.028830,0.050278,0.021188,0.000000,23,0,7,0,0
acm_scf,unconstrained,0,1175,7667.136,0.209575,0.865292,0.916231,0.814352,36,0.00000539,2,0.117131,0.032956,0.201306,0.897846,0.966350,0.829343,0.962356,0.946427,0.978286,0.012000,0.028254,0.051069,0.020770,0.000000,23,0,7,0,0
acm_scf,unconstrained,0,1200,7972.339,0.207474,0.865448,0.916452,0.814443,36,0.00000562,2,0.118346,0.033917,0.202776,0.896971,0.965442,0.828500,0.963564,0.947536,0.979592,0.012342,0.027841,0.050259,0.019530,0.000000,23,0,7,0,0
acm_scf,unconstrained,0,1225,8020.419,0.211392,0.864051,0.917816,0.810286,36,0.00005341,1,0.118547,0.033991,0.203102,0.896501,0.965421,0.827581,0.961935,0.949014,0.974857,0.012406,0.028262,0.049280,0.022890,0.000000,23,0,7,0,0
acm_scf,unconstrained,0,1250,8325.677,0.208801,0.867068,0.915929,0.818207,36,0.00006816,1,0.114479,0.034508,0.194449,0.899457,0.964861,0.834053,0.962421,0.947536,0.977306,0.012622,0.027291,0.050450,0.021846,0.000000,23,0,7,0,0
acm_scf,unconstrained,0,1275,8373.606,0.202525,0.869912,0.917788,0.822036,36,0.00002439,0,0.111306,0.032735,0.189878,0.902025,0.966616,0.837434,0.962977,0.947831,0.978122,0.012328,0.026395,0.050130,0.019984,0.000000,23,0,7,0,0
acm_scf,unconstrained,0,1300,8678.612,0.205215,0.867774,0.916970,0.818578,36,0.00001979,1,0.116860,0.035025,0.198694,0.898006,0.964409,0.831604,0.965156,0.949087,0.981224,0.012698,0.027359,0.049420,0.018355,0.000000,23,0,7,0,0
acm_scf,unconstrained,0,1325,8726.189,0.203506,0.868427,0.920180,0.816673,36,0.00001784,1,0.117277,0.034065,0.200490,0.897830,0.965437,0.830223,0.965967,0.951526,0.980408,0.012654,0.027704,0.046600,0.018071,0.000000,23,0,7,0,0
acm_scf,unconstrained,0,1350,9021.499,0.202508,0.868424,0.920586,0.816263,36,0.00000684,1,0.116232,0.033769,0.198694,0.898469,0.965732,0.831207,0.965061,0.951674,0.978449,0.012431,0.027172,0.046737,0.019854,0.000000,23,0,7,0,0
acm_scf,unconstrained,0,1375,9069.179,0.197436,0.871848,0.923495,0.820200,36,0.00000249,1,0.112410,0.033474,0.191347,0.901180,0.966116,0.836244,0.965775,0.954408,0.977143,0.012185,0.026524,0.043349,0.021186,0.000000,23,0,7,0,0
acm_scf,unconstrained,0,1400,9372.166,0.189040,0.875431,0.932369,0.818493,36,0.00000693,1,0.111621,0.031405,0.191837,0.902020,0.968376,0.835664,0.968580,0.961649,0.975510,0.011569,0.026102,0.036738,0.022617,0.000000,23,0,7,0,0
acm_scf,unconstrained,0,1425,9419.817,0.188247,0.876578,0.928730,0.824426,36,0.00001534,2,0.111569,0.034730,0.188408,0.901917,0.965121,0.838714,0.970370,0.960984,0.979755,0.012574,0.025862,0.036594,0.018812,0.000000,23,0,7,0,0
acm_scf,unconstrained,0,1450,9714.360,0.191551,0.876085,0.927102,0.825068,36,0.00001834,3,0.114909,0.037981,0.191837,0.899395,0.962030,0.836760,0.972831,0.962314,0.983347,0.013830,0.026545,0.035199,0.016124,0.000000,23,0,7,0,0
acm_scf,unconstrained,0,1475,9762.397,0.192358,0.874656,0.929746,0.819567,36,0.00001569,1,0.116877,0.033917,0.199837,0.898511,0.965919,0.831103,0.972313,0.961280,0.983347,0.012550,0.027708,0.036808,0.015879,0.000000,23,0,7,0,0
acm_scf,unconstrained,0,1500,10065.411,0.197741,0.871330,0.925279,0.817382,36,0.00001239,2,0.123193,0.040346,0.206041,0.893448,0.959773,0.827123,0.974203,0.962610,0.985796,0.014673,0.028020,0.035426,0.013505,0.000000,23,0,7,0,0
acm_scf,unconstrained,0,1525,10113.275,0.201077,0.869615,0.922550,0.816680,36,0.00024862,2,0.121006,0.036134,0.205878,0.895335,0.963575,0.827094,0.970351,0.955886,0.984816,0.013196,0.028564,0.042482,0.013704,0.000000,23,0,7,0,0
acm_scf,unconstrained,0,1550,10406.112,0.196370,0.870931,0.924088,0.817775,36,0.00069149,2,0.118998,0.034730,0.203265,0.896873,0.964952,0.828795,0.970091,0.956181,0.984000,0.012616,0.027527,0.041647,0.015435,0.000000,23,0,7,0,0
acm_scf,unconstrained,0,1575,10452.790,0.201059,0.871153,0.923702,0.818603,36,0.00063761,0,0.116671,0.036282,0.197061,0.898026,0.963481,0.832570,0.968567,0.957216,0.979918,0.013574,0.027075,0.041394,0.018912,0.000000,23,0,7,0,0
acm_scf,unconstrained,0,1600,10729.143,0.197923,0.872099,0.923817,0.820380,36,0.00056070,2,0.119253,0.036873,0.201633,0.896563,0.962933,0.830194,0.971838,0.957881,0.985796,0.013446,0.027958,0.040377,0.013484,0.000000,23,0,7,0,0
acm_scf,unconstrained,0,1625,10776.139,0.201074,0.870827,0.923362,0.818293,36,0.00055401,3,0.120283,0.037464,0.203102,0.895672,0.962364,0.828980,0.971222,0.957955,0.984490,0.013673,0.028296,0.040427,0.014682,0.000000,23,0,7,0,0
acm_scf,unconstrained,0,1650,11058.094,0.204701,0.867232,0.921963,0.812500,36,0.00013697,3,0.122691,0.035912,0.209469,0.894028,0.963761,0.824295,0.968883,0.955073,0.982694,0.012924,0.029098,0.043249,0.016003,0.000000,23,0,7,0,0
acm_scf,unconstrained,0,1675,11105.317,0.202490,0.866667,0.925338,0.807997,36,0.00010007,1,0.127510,0.038203,0.216816,0.890537,0.961755,0.819320,0.971936,0.960689,0.983184,0.013842,0.029081,0.037919,0.015300,0.000000,23,0,7,0,0
acm_scf,unconstrained,0,1700,11400.343,0.209313,0.865035,0.920868,0.809203,36,0.00000135,3,0.126039,0.042119,0.209959,0.890690,0.957955,0.823424,0.969378,0.959654,0.979102,0.015541,0.028346,0.038856,0.018163,0.000000,23,0,7,0,0
acm_scf,unconstrained,0,1725,11448.164,0.207211,0.866670,0.923476,0.809864,36,0.00003254,1,0.126264,0.040937,0.211592,0.890883,0.959154,0.822612,0.971252,0.961280,0.981224,0.015137,0.028724,0.036858,0.017908,0.000000,23,0,7,0,0
acm_scf,unconstrained,1,1,1.383,1.816231,0.119048,0.153164,0.084932,20,0.00000000,0,0.201398,0.091776,0.311020,0.454637,0.645649,0.263626,0.139284,0.167221,0.111347,0.034249,0.043014,0.828463,0.880520,0.000000,0,0,0,0,0
acm_scf,unconstrained,1,25,26.829,1.513152,0.217603,0.256042,0.179163,20,0.00000000,0,0.123776,0.045592,0.201959,0.685261,0.854481,0.516041,0.241531,0.267716,0.215347,0.016536,0.027691,0.728565,0.775804,0.000000,0,0,0,0,0
acm_scf,unconstrained,1,50,193.561,1.272656,0.335645,0.364930,0.306361,23,0.00000000,0,0.118848,0.049287,0.188408,0.772473,0.885963,0.658983,0.373499,0.382916,0.364082,0.017658,0.025454,0.613434,0.628181,0.000000,3,0,0,0,0
acm_scf,unconstrained,1,75,223.143,1.053008,0.449704,0.479877,0.419531,23,0.00000000,0,0.126388,0.055716,0.197061,0.809554,0.900920,0.718188,0.504409,0.506613,0.502204,0.019929,0.027137,0.490201,0.491543,0.000000,3,0,0,0,0
acm_scf,unconstrained,1,100,409.803,0.882792,0.532700,0.553337,0.512062,25,0.00001278,0,0.128164,0.058450,0.197878,0.832673,0.909258,0.756088,0.599534,0.585679,0.613388,0.021054,0.026862,0.410560,0.378648,0.000000,6,0,1,0,0
acm_scf,unconstrained,1,125,442.342,0.705411,0.621822,0.617561,0.626082,25,0.00001783,0,0.136126,0.065396,0.206857,0.847332,0.909592,0.785072,0.706770,0.657947,0.755592,0.023464,0.028431,0.338389,0.237809,0.000000,6,0,1,0,0
acm_scf,unconstrained,1,150,654.423,0.603909,0.672771,0.658869,0.686674,28,0.00002002,1,0.139068,0.067686,0.210449,0.855095,0.912227,0.797962,0.767325,0.703466,0.831184,0.024246,0.028695,0.292734,0.166496,0.000000,9,0,1,0,0
acm_scf,unconstrained,1,175,691.232,0.547143,0.701074,0.689493,0.712656,28,0.00002348,0,0.134210,0.066135,0.202286,0.863230,0.917458,0.809003,0.795954,0.735092,0.856816,0.024313,0.027409,0.261329,0.139704,0.000000,9,0,1,0,0
acm_scf,unconstrained,1,200,925.083,0.507732,0.722340,0.713257,0.731422,31,0.00003333,0,0.134593,0.067391,0.201796,0.865987,0.918680,0.813293,0.820172,0.761324,0.879020,0.025031,0.027587,0.235642,0.118007,0.000000,12,0,1,0,0
acm_scf,unconstrained,1,225,964.923,0.459224,0.745975,0.751128,0.740821,31,0.00002864,0,0.132692,0.064731,0.200653,0.870529,0.925122,0.815935,0.844609,0.799749,0.889469,0.023853,0.027679,0.198110,0.105986,0.000000,12,0,1,0,0
acm_scf,unconstrained,1,250,1223.364,0.408340,0.771475,0.794496,0.748455,34,0.00002995,1,0.141834,0.068647,0.215020,0.866983,0.925195,0.808770,0.879212,0.849036,0.909388,0.024969,0.029337,0.148807,0.087657,0.000000,15,0,1,0,0
acm_scf,unconstrained,1,275,1267.256,0.384067,0.785287,0.812521,0.758052,34,0.00002403,0,0.145347,0.074041,0.216653,0.865784,0.921792,0.809776,0.897484,0.872682,0.922286,0.027639,0.029051,0.125249,0.074713,0.000000,15,0,1,0,0
acm_scf,unconstrained,1,300,1559.119,0.369858,0.794361,0.821997,0.766725,34,0.00002957,1,0.142831,0.077662,0.208000,0.868004,0.919396,0.816611,0.906019,0.885835,0.926204,0.028315,0.028838,0.112242,0.070078,0.000000,15,0,1,0,0
acm_scf,unconstrained,1,325,1603.452,0.353013,0.801810,0.834744,0.768876,34,0.00002768,0,0.137942,0.073598,0.202286,0.872285,0.924109,0.820461,0.910294,0.896180,0.924408,0.027007,0.027792,0.101724,0.071296,0.000000,15,0,1,0,0
acm_scf,unconstrained,1,350,1894.972,0.335548,0.809010,0.849652,0.768368,34,0.00006307,0,0.139877,0.070938,0.208816,0.872062,0.927678,0.816447,0.919370,0.909924,0.928816,0.026071,0.028218,0.087785,0.067843,0.000000,15,0,1,0,0
acm_scf,unconstrained,1,375,1939.690,0.331402,0.809760,0.853755,0.765765,34,0.00003052,0,0.136074,0.065617,0.206531,0.875015,0.932727,0.817302,0.916847,0.909776,0.923918,0.024102,0.027705,0.088865,0.072110,0.000000,15,0,1,0,0
acm_scf,unconstrained,1,400,2227.156,0.315852,0.815419,0.856131,0.774707,34,0.00001656,0,0.137317,0.063696,0.210939,0.875526,0.934628,0.816425,0.924393,0.910663,0.938122,0.023246,0.028033,0.088033,0.057785,0.000000,15,0,1,0,0
acm_scf,unconstrained,1,425,2271.189,0.290032,0.829857,0.862045,0.797670,34,0.00001221,0,0.125252,0.059484,0.191020,0.885724,0.938853,0.832594,0.931682,0.913323,0.950041,0.021745,0.026040,0.084363,0.046747,0.000000,15,0,1,0,0
acm_scf,unconstrained,1,450,2555.117,0.280098,0.834600,0.866076,0.803124,33,0.00000179,0,0.125246,0.058819,0.191673,0.886434,0.939724,0.833144,0.937039,0.917018,0.957061,0.021581,0.026124,0.080607,0.039792,0.000000,15,0,2,0,0
acm_scf,unconstrained,1,475,2598.147,0.283817,0.830084,0.864733,0.795436,33,0.00002541,0,0.130869,0.059780,0.201959,0.882183,0.938763,0.825603,0.936254,0.916427,0.956082,0.021720,0.026695,0.080776,0.040897,0.000000,15,0,2,0,0
acm_scf,unconstrained,1,500,2869.112,0.277223,0.836017,0.869459,0.802576,32,0.00001173,0,0.125099,0.058524,0.191673,0.886631,0.940213,0.833049,0.938376,0.920343,0.956408,0.021271,0.026198,0.077202,0.040938,0.000000,15,0,3,0,0
acm_scf,unconstrained,1,525,2910.979,0.273467,0.838575,0.868267,0.808882,32,0.00003809,0,0.124639,0.061849,0.187429,0.886928,0.937134,0.836723,0.941229,0.921969,0.960490,0.022296,0.025626,0.075659,0.036474,0.000000,15,0,3,0,0
acm_scf,unconstrained,1,550,3174.423,0.253526,0.849287,0.873716,0.824858,31,0.00000995,0,0.117814,0.057341,0.178286,0.893277,0.941557,0.844996,0.947867,0.923816,0.971918,0.020691,0.024941,0.073568,0.025591,0.000000,15,0,4,0,0
acm_scf,unconstrained,1,575,3215.177,0.247616,0.853838,0.875044,0.832633,31,0.00000918,0,0.112415,0.059115,0.165714,0.897103,0.940039,0.854167,0.948692,0.926772,0.970612,0.021355,0.022765,0.071601,0.027043,0.000000,15,0,4,0,0
acm_scf,unconstrained,1,600,3476.507,0.243294,0.855471,0.879492,0.831450,31,0.00000400,0,0.114545,0.058967,0.170122,0.895810,0.940457,0.851164,0.952125,0.931353,0.972898,0.021400,0.023598,0.066580,0.023752,0.000000,15,0,4,0,0
acm_scf,unconstrained,1,625,3516.991,0.239260,0.858527,0.879930,0.837124,31,0.00002064,0,0.110650,0.058524,0.162776,0.898807,0.940882,0.856732,0.952407,0.931427,0.973388,0.021327,0.022623,0.066765,0.023260,0.000000,15,0,4,0,0
acm_scf,unconstrained,1,650,3779.103,0.241432,0.858231,0.876586,0.839876,31,0.00002635,0,0.110053,0.059780,0.160327,0.899133,0.939541,0.858725,0.951760,0.928988,0.974531,0.022141,0.022366,0.068460,0.021750,0.000000,15,0,4,0,0
acm_scf,unconstrained,1,675,3819.946,0.241134,0.858514,0.873106,0.843922,31,0.00002634,1,0.105938,0.058080,0.153796,0.902223,0.940849,0.863597,0.948765,0.923816,0.973714,0.021294,0.021469,0.073551,0.023304,0.000000,15,0,4,0,0
acm_scf,unconstrained,1,700,4088.398,0.250904,0.855859,0.867902,0.843816,31,0.00001087,1,0.114376,0.068425,0.160327,0.895286,0.931280,0.859292,0.953195,0.927289,0.979102,0.025153,0.021945,0.071391,0.018993,0.000000,15,0,4,0,0
acm_scf,unconstrained,1,725,4129.854,0.237229,0.858632,0.875594,0.841669,31,0.00001330,0,0.109695,0.057267,0.162122,0.899780,0.941742,0.857818,0.951930,0.925737,0.978122,0.020939,0.021969,0.072318,0.019630,0.000000,15,0,4,0,0
acm_scf,unconstrained,1,750,4384.795,0.236402,0.859503,0.878775,0.840230,30,0.00002945,0,0.110445,0.056972,0.163918,0.899328,0.942208,0.856448,0.953400,0.928841,0.977959,0.020867,0.022654,0.068768,0.019795,0.000000,15,0,5,0,0
acm_scf,unconstrained,1,775,4424.152,0.230955,0.860895,0.880601,0.841190,30,0.00003219,0,0.110400,0.057046,0.163755,0.899474,0.942254,0.856694,0.954887,0.930836,0.978939,0.021101,0.021548,0.066600,0.019395,0.000000,15,0,5,0,0
acm_scf,unconstrained,1,800,4676.219,0.229647,0.862544,0.878858,0.846230,30,0.00003023,0,0.106212,0.058302,0.154122,0.902358,0.941014,0.863702,0.953375,0.930097,0.976653,0.021312,0.020261,0.067963,0.020885,0.000000,15,0,5,0,0
acm_scf,unconstrained,1,825,4716.005,0.228753,0.864799,0.881207,0.848390,30,0.00004200,0,0.104632,0.058080,0.151184,0.903657,0.941361,0.865953,0.954520,0.932387,0.976653,0.021558,0.020146,0.065952,0.021369,0.000000,15,0,5,0,0
acm_scf,unconstrained,1,850,4971.992,0.224772,0.867081,0.880458,0.853704,30,0.00003113,0,0.102803,0.059484,0.146122,0.905059,0.940055,0.870064,0.955640,0.932831,0.978449,0.021729,0.019594,0.064951,0.019478,0.000000,15,0,5,0,0
acm_scf,unconstrained,1,875,5011.902,0.223303,0.866626,0.881248,0.852005,30,0.00003877,0,0.103429,0.058450,0.148408,0.904665,0.941032,0.868299,0.955603,0.932757,0.978449,0.021477,0.019568,0.065323,0.018581,0.000000,15,0,5,0,0
acm_scf,unconstrained,1,900,5258.938,0.223048,0.866666,0.881280,0.852052,30,0.00007166,0,0.103683,0.057489,0.149878,0.904609,0.941897,0.867322,0.955850,0.931944,0.979755,0.021192,0.019969,0.065143,0.017989,0.000000,15,0,5,0,0
acm_scf,unconstrained,1,925,5298.557,0.221855,0.870327,0.882673,0.857981,30,0.00007418,0,0.099872,0.059336,0.140408,0.907418,0.940328,0.874508,0.956748,0.935048,0.978449,0.021562,0.019556,0.062721,0.019252,0.000000,15,0,5,0,0
acm_scf,unconstrained,1,950,5554.178,0.222311,0.867127,0.880822,0.853432,30,0.00003050,0,0.100264,0.056528,0.144000,0.907101,0.942735,0.871466,0.953470,0.930614,0.976327,0.020589,0.019276,0.066441,0.021087,0.000000,15,0,5,0,0
acm_scf,unconstrained,1,975,5593.533,0.220262,0.869919,0.884860,0.854977,30,0.00000652,0,0.098633,0.055716,0.141551,0.908526,0.943715,0.873338,0.955080,0.934161,0.976000,0.020409,0.019467,0.064168,0.021055,0.000000,15,0,5,0,0
acm_scf,unconstrained,1,1000,5840.150,0.223981,0.866874,0.883443,0.850305,30,0.00001708,0,0.103188,0.056824,0.149551,0.904967,0.942629,0.867304,0.955557,0.933644,0.977469,0.020744,0.020456,0.064370,0.019688,0.000000,15,0,5,0,0
acm_scf,unconstrained,1,1025,5879.777,0.220299,0.870269,0.883027,0.857511,30,0.00001995,0,0.098214,0.057489,0.138939,0.908731,0.942005,0.875457,0.955222,0.933791,0.976653,0.021118,0.018829,0.064200,0.020772,0.000000,15,0,5,0,0
acm_scf,unconstrained,1,1050,6127.736,0.222357,0.868698,0.882921,0.854475,30,0.00000300,0,0.100999,0.056528,0.145469,0.906735,0.942864,0.870607,0.955803,0.932831,0.978776,0.020901,0.019919,0.064674,0.019108,0.000000,15,0,5,0,0
acm_scf,unconstrained,1,1075,6166.780,0.226145,0.865648,0.879980,0.851315,30,0.00000000,0,0.102846,0.057120,0.148571,0.905123,0.942149,0.868097,0.954020,0.930245,0.977796,0.020916,0.020175,0.067518,0.019387,0.000000,15,0,5,0,0
acm_scf,unconstrained,1,1100,6419.280,0.223738,0.868003,0.880288,0.855717,30,0.00000017,0,0.100947,0.056750,0.145143,0.906747,0.942502,0.870991,0.955081,0.930245,0.979918,0.021030,0.019768,0.067225,0.018177,0.000000,15,0,5,0,0
acm_scf,unconstrained,1,1125,6458.179,0.225005,0.868375,0.881480,0.855269,30,0.00000021,0,0.100569,0.056159,0.144980,0.907076,0.943110,0.871043,0.955124,0.930984,0.979265,0.020966,0.020198,0.066994,0.018356,0.000000,15,0,5,0,0
acm_scf,unconstrained,1,1150,6710.077,0.222181,0.868060,0.881197,0.854924,30,0.00000011,0,0.101191,0.056750,0.145633,0.906557,0.942558,0.870556,0.955317,0.931205,0.979429,0.020857,0.019461,0.067177,0.018418,0.000000,15,0,5,0,0
acm_scf,unconstrained,1,1175,6748.756,0.222788,0.869660,0.879142,0.860178,30,0.00000003,0,0.097213,0.057120,0.137306,0.909509,0.942097,0.876921,0.953822,0.929358,0.978286,0.021198,0.018538,0.069444,0.019153,0.000000,15,0,5,0,0
acm_scf,unconstrained,1,1200,6992.640,0.222050,0.869251,0.881481,0.857020,30,0.00000021,0,0.099075,0.057415,0.140735,0.908068,0.941976,0.874161,0.954862,0.932092,0.977633,0.021037,0.019049,0.065754,0.020624,0.000000,15,0,5,0,0
acm_scf,unconstrained,1,1225,7031.371,0.228598,0.865128,0.878932,0.851324,30,0.00000115,0,0.101784,0.057120,0.146449,0.905806,0.942084,0.869527,0.952568,0.929136,0.976000,0.021041,0.019855,0.069024,0.021390,0.000000,15,0,5,0,0
acm_scf,unconstrained,1,1250,7282.545,0.222699,0.868817,0.880942,0.856692,30,0.00000023,0,0.097547,0.056972,0.138122,0.909129,0.942342,0.875917,0.953076,0.931131,0.975020,0.020905,0.018824,0.066721,0.021807,0.000000,15,0,5,0,0
acm_scf,unconstrained,1,1275,7321.908,0.223270,0.869769,0.881576,0.857961,30,0.00000080,0,0.098941,0.057637,0.140245,0.908200,0.941782,0.874617,0.955337,0.932387,0.978286,0.021558,0.018920,0.066023,0.020143,0.000000,15,0,5,0,0
teapot_droplets,constrained,0,1,1.875,1.555599,0.188370,0.187974,0.188767,20,0.00005626,0,0.483933,0.109544,0.858321,0.472881,0.655640,0.290122,0.279677,0.208566,0.350789,0.025628,0.050610,0.785403,0.638043,0.000000,0,0,0,0,0
teapot_droplets,constrained,0,25,36.961,1.066714,0.366346,0.321230,0.411462,20,0.00002258,1,0.331471,0.060718,0.602224,0.685680,0.848755,0.522604,0.499994,0.340735,0.659254,0.014059,0.035228,0.653126,0.334949,0.000000,0,0,0,0,0
teapot_droplets,constrained,0,50,267.762,0.857250,0.460463,0.463105,0.457821,23,0.00045962,3,0.343295,0.053878,0.632712,0.721081,0.900583,0.541580,0.617773,0.488056,0.747489,0.012482,0.036651,0.505804,0.249808,0.000000,2,1,0,0,0
teapot_droplets,constrained,0,75,308.799,0.735806,0.524723,0.554899,0.494546,23,0.00007255,2,0.298452,0.051352,0.545552,0.751307,0.919098,0.583516,0.673871,0.583395,0.764347,0.011436,0.031560,0.411603,0.233919,0.000000,2,1,0,0,0
teapot_droplets,constrained,0,100,547.470,0.619050,0.582606,0.640864,0.524347,24,0.00027890,1,0.288471,0.052194,0.524749,0.765948,0.928158,0.603738,0.736906,0.674313,0.799498,0.011600,0.029995,0.321423,0.199813,0.000000,5,1,2,0,0
teapot_droplets,constrained,0,125,589.308,0.495425,0.643774,0.706101,0.581446,24,0.00042442,1,0.260016,0.046933,0.473099,0.792245,0.940303,0.644187,0.797884,0.739240,0.856528,0.010516,0.027099,0.256171,0.143514,0.000000,5,1,2,0,0
teapot_droplets,constrained,0,150,863.204,0.416997,0.675696,0.753434,0.597958,27,0.00011910,2,0.279930,0.049458,0.510402,0.790028,0.941132,0.638924,0.846927,0.790698,0.903156,0.011120,0.029012,0.205072,0.097640,0.000000,8,1,2,0,0
teapot_droplets,constrained,0,175,910.957,0.360240,0.706478,0.796845,0.616110,27,0.00011795,2,0.261701,0.040619,0.482783,0.803777,0.953303,0.654251,0.871385,0.829212,0.913558,0.009049,0.027468,0.166400,0.087708,0.000000,8,1,2,0,0
teapot_droplets,constrained,0,200,1207.039,0.313397,0.728952,0.812703,0.645201,28,0.00026282,2,0.250156,0.035462,0.464849,0.814938,0.959563,0.670313,0.893323,0.841524,0.945122,0.007843,0.026507,0.154081,0.056533,0.000000,11,1,4,0,0
teapot_droplets,constrained,0,225,1257.656,0.280339,0.745542,0.835173,0.655911,28,0.00020038,2,0.243011,0.029780,0.456241,0.821640,0.966533,0.676747,0.907605,0.860044,0.955165,0.006313,0.026122,0.135453,0.046138,0.000000,11,1,4,0,0
teapot_droplets,constrained,0,250,1575.493,0.255380,0.757560,0.850346,0.664774,30,0.00020296,4,0.244027,0.035042,0.453013,0.821225,0.961711,0.680738,0.923034,0.880143,0.965925,0.007496,0.025675,0.115224,0.035687,0.000000,14,1,5,0,0
teapot_droplets,constrained,0,275,1629.549,0.235700,0.773943,0.859988,0.687898,30,0.00033805,2,0.219115,0.030411,0.407819,0.835247,0.966820,0.703675,0.927289,0.886141,0.968436,0.006568,0.023303,0.110359,0.031782,0.000000,14,1,5,0,0
teapot_droplets,constrained,0,300,1952.854,0.230448,0.773784,0.863702,0.683866,29,0.00033823,2,0.225935,0.026834,0.425036,0.833471,0.970632,0.696310,0.930706,0.886878,0.974534,0.005685,0.024228,0.109677,0.026465,0.000000,15,1,7,0,0
teapot_droplets,constrained,0,325,2004.385,0.229910,0.778302,0.864435,0.692170,29,0.00023375,1,0.213173,0.024624,0.401722,0.840070,0.972951,0.707190,0.927975,0.885720,0.970230,0.005206,0.023221,0.110658,0.030908,0.000000,15,1,7,0,0
teapot_droplets,constrained,0,350,2323.425,0.236577,0.772515,0.868088,0.676942,28,0.00013051,0,0.226511,0.021888,0.431133,0.833976,0.975920,0.692032,0.927942,0.887088,0.968795,0.004795,0.025031,0.109819,0.033640,0.000000,16,1,9,0,0
teapot_droplets,constrained,0,375,2373.245,0.220398,0.775887,0.874626,0.677148,28,0.00030384,0,0.234667,0.020625,0.448709,0.831784,0.977417,0.686152,0.936828,0.892665,0.980990,0.004374,0.025721,0.104022,0.020249,0.000000,16,1,9,0,0
teapot_droplets,constrained,0,400,2685.346,0.204185,0.791400,0.878325,0.704475,30,0.00033587,0,0.207534,0.020520,0.394548,0.845543,0.977620,0.713467,0.939387,0.896349,0.982425,0.004532,0.022468,0.100192,0.018420,0.000000,18,1,9,0,0
teapot_droplets,constrained,0,425,2739.090,0.191603,0.798305,0.884544,0.712066,30,0.00032942,0,0.202555,0.019888,0.385222,0.848786,0.978430,0.719142,0.944253,0.902136,0.986370,0.003940,0.021956,0.094336,0.014713,0.000000,18,1,9,0,0
teapot_droplets,constrained,0,450,3070.569,0.182417,0.805354,0.893435,0.717272,29,0.00039040,0,0.196857,0.021046,0.372669,0.851436,0.977450,0.725423,0.948407,0.912238,0.984577,0.004361,0.020949,0.084215,0.016927,0.000000,18,1,10,0,0
teapot_droplets,constrained,0,475,3121.863,0.184931,0.806150,0.889462,0.722838,29,0.00029295,1,0.190317,0.020520,0.360115,0.854901,0.977894,0.731909,0.945428,0.907713,0.983142,0.004249,0.020384,0.088480,0.018237,0.000000,18,1,10,0,0
teapot_droplets,constrained,0,500,3459.949,0.181129,0.809718,0.894132,0.725304,29,0.00061992,0,0.187400,0.016837,0.357963,0.857629,0.981818,0.733440,0.947061,0.909187,0.984935,0.003556,0.020493,0.087332,0.017241,0.000000,18,1,10,0,0
teapot_droplets,constrained,0,525,3512.677,0.182220,0.807137,0.894411,0.719864,29,0.00056880,2,0.193622,0.018520,0.368723,0.853878,0.980075,0.727682,0.948135,0.910975,0.985294,0.003933,0.020927,0.086386,0.016198,0.000000,18,1,10,0,0
teapot_droplets,constrained,0,550,3848.215,0.185525,0.803973,0.893624,0.714323,32,0.00054550,2,0.198610,0.019888,0.377331,0.850719,0.978644,0.722793,0.947628,0.911396,0.983859,0.004063,0.021425,0.086010,0.017752,0.000000,21,1,10,0,0
teapot_droplets,constrained,0,575,3905.570,0.171937,0.812647,0.901274,0.724020,32,0.00045050,1,0.189564,0.015784,0.363343,0.856997,0.983051,0.730943,0.951294,0.915500,0.987088,0.002996,0.020805,0.081572,0.013915,0.000000,21,1,10,0,0
teapot_droplets,constrained,0,600,4274.094,0.163444,0.816044,0.915118,0.716971,32,0.00047642,0,0.196396,0.019047,0.373745,0.852453,0.979985,0.724921,0.958742,0.932548,0.984935,0.003922,0.021246,0.064912,0.015648,0.000000,21,1,10,0,0
teapot_droplets,constrained,0,625,4330.931,0.157120,0.817870,0.919636,0.716104,32,0.00047553,3,0.199825,0.018731,0.380918,0.851158,0.980399,0.721917,0.962871,0.936862,0.988881,0.003857,0.021702,0.060463,0.011509,0.000000,21,1,10,0,0
teapot_droplets,constrained,0,650,4686.923,0.155635,0.818221,0.921676,0.714767,32,0.00062537,1,0.200776,0.017047,0.384505,0.851158,0.982139,0.720177,0.963493,0.937388,0.989598,0.003455,0.021818,0.060002,0.011346,0.000000,21,1,10,0,0
teapot_droplets,constrained,0,675,4744.239,0.157864,0.818420,0.922442,0.714397,32,0.00057704,2,0.201510,0.020309,0.382712,0.849815,0.978877,0.720754,0.964491,0.941176,0.987805,0.004231,0.022015,0.056821,0.013149,0.000000,21,1,10,0,0
teapot_droplets,constrained,0,700,5114.342,0.163059,0.813361,0.917326,0.709395,32,0.00057241,1,0.208417,0.023361,0.393472,0.845503,0.975719,0.715287,0.963639,0.938756,0.988522,0.004866,0.022477,0.058087,0.013274,0.000000,21,1,10,0,0
teapot_droplets,constrained,0,725,5172.344,0.168630,0.809683,0.914115,0.705250,32,0.00043578,1,0.212477,0.024308,0.400646,0.843070,0.974696,0.711444,0.962070,0.936336,0.987805,0.005419,0.022926,0.060396,0.013250,0.000000,21,1,10,0,0
teapot_droplets,constrained,0,750,5543.295,0.170834,0.809907,0.911813,0.708001,33,0.00026279,2,0.211985,0.029780,0.394189,0.841939,0.969259,0.714620,0.963027,0.938967,0.987088,0.006581,0.022498,0.058551,0.014742,0.000000,22,1,10,0,0
teapot_droplets,constrained,0,775,5602.372,0.169150,0.812275,0.911929,0.712620,33,0.00037265,4,0.209436,0.034726,0.384146,0.842106,0.964505,0.719707,0.964983,0.943597,0.986370,0.007601,0.022085,0.053565,0.015344,0.000000,22,1,10,0,0
teapot_droplets,constrained,0,800,5969.805,0.167287,0.813029,0.911030,0.715029,33,0.00048296,3,0.210156,0.040829,0.379484,0.840441,0.958719,0.722164,0.967299,0.948227,0.986370,0.009080,0.021674,0.048529,0.013954,0.000000,22,1,10,0,0
teapot_droplets,constrained,0,825,6028.218,0.171225,0.812076,0.904278,0.719875,33,0.00039095,3,0.210319,0.045459,0.375179,0.839646,0.954121,0.725171,0.967671,0.945386,0.989957,0.010184,0.021462,0.051394,0.011967,0.000000,22,1,10,0,0
teapot_droplets,constrained,0,850,6400.745,0.166442,0.818028,0.905174,0.730881,33,0.00037659,4,0.200403,0.045354,0.355452,0.845103,0.954261,0.735945,0.968451,0.946228,0.990674,0.010384,0.020395,0.050877,0.010648,0.000000,22,1,10,0,0
teapot_droplets,constrained,0,875,6458.458,0.162758,0.821998,0.904983,0.739014,33,0.00035400,3,0.190922,0.043250,0.338594,0.850600,0.956197,0.745003,0.966681,0.944123,0.989240,0.009945,0.019301,0.052371,0.011211,0.000000,22,1,10,0,0
teapot_droplets,constrained,0,900,6829.945,0.156871,0.827805,0.909595,0.746015,33,0.00036561,4,0.185204,0.042934,0.327475,0.854099,0.956702,0.751497,0.969482,0.948648,0.990316,0.009813,0.018775,0.048484,0.011183,0.000000,22,1,10,0,0
teapot_droplets,constrained,0,925,6888.526,0.154083,0.831034,0.909954,0.752113,33,0.00037536,3,0.178844,0.042408,0.315280,0.857761,0.957205,0.758317,0.968891,0.948543,0.989240,0.009652,0.018087,0.048537,0.011417,0.000000,22,1,10,0,0
teapot_droplets,constrained,0,950,7250.532,0.154492,0.829437,0.910707,0.748166,33,0.00038105,3,0.181039,0.041776,0.320301,0.856483,0.957824,0.755141,0.968279,0.948753,0.987805,0.009248,0.018195,0.048485,0.013103,0.000000,22,1,10,0,0
teapot_droplets,constrained,0,975,7308.174,0.153755,0.833827,0.912293,0.755360,33,0.00038495,2,0.170749,0.036620,0.304878,0.863239,0.962721,0.763758,0.965677,0.945701,0.985653,0.008364,0.017512,0.051376,0.015660,0.000000,22,1,10,0,0
teapot_droplets,constrained,0,1000,7670.411,0.148944,0.835682,0.912686,0.758678,33,0.00040304,3,0.168630,0.035252,0.302009,0.864942,0.964033,0.765851,0.966332,0.944860,0.987805,0.007722,0.017266,0.052080,0.013148,0.000000,22,1,10,0,0
teapot_droplets,constrained,0,1025,7727.594,0.146814,0.836087,0.917100,0.755074,33,0.00033381,4,0.170500,0.033253,0.307747,0.864245,0.966098,0.762393,0.967521,0.947595,0.987446,0.007481,0.017422,0.050212,0.013044,0.000000,22,1,10,0,0
teapot_droplets,constrained,0,1050,8090.453,0.144062,0.836519,0.918182,0.754856,32,0.00029188,3,0.170588,0.030201,0.310976,0.864977,0.969060,0.760894,0.967755,0.945912,0.989598,0.006402,0.017854,0.051125,0.011691,0.000000,22,1,11,0,0
teapot_droplets,constrained,0,1075,8146.177,0.136129,0.844066,0.924486,0.763646,32,0.00029830,3,0.158656,0.022835,0.294476,0.873449,0.976421,0.770478,0.967059,0.945596,0.988522,0.004909,0.016727,0.051825,0.012651,0.000000,22,1,11,0,0
teapot_droplets,constrained,0,1100,8501.966,0.135165,0.843475,0.924359,0.762590,32,0.00025562,3,0.159394,0.022519,0.296270,0.873066,0.976729,0.769403,0.966849,0.945175,0.988522,0.004587,0.016881,0.051577,0.012537,0.000000,22,1,11,0,0
teapot_droplets,constrained,0,1125,8557.213,0.130129,0.848297,0.927577,0.769016,32,0.00040366,3,0.153648,0.019994,0.287303,0.877184,0.979305,0.775063,0.968040,0.946122,0.989957,0.004060,0.016399,0.050909,0.011528,0.000000,22,1,11,0,0
teapot_droplets,constrained,0,1150,8901.715,0.134662,0.845747,0.925087,0.766407,33,0.00019048,2,0.156219,0.022624,0.289813,0.874966,0.976643,0.773288,0.967270,0.946017,0.988522,0.004948,0.016473,0.051556,0.012237,0.000000,24,1,12,0,0
teapot_droplets,constrained,0,1175,8958.875,0.131335,0.846065,0.928028,0.764101,33,0.00013356,3,0.157178,0.023466,0.290890,0.874072,0.975889,0.772255,0.968088,0.949805,0.986370,0.004661,0.016480,0.047962,0.013299,0.000000,24,1,12,0,0
teapot_droplets,constrained,0,1200,9328.920,0.128648,0.848107,0.929676,0.766537,33,0.00011899,3,0.155525,0.020520,0.290531,0.875906,0.978830,0.772982,0.968996,0.948753,0.989240,0.004382,0.016392,0.048285,0.011471,0.000000,24,1,12,0,0
teapot_droplets,constrained,0,1225,9386.300,0.125263,0.851062,0.933086,0.769038,33,0.00015597,2,0.152457,0.019047,0.285868,0.878054,0.980362,0.775746,0.969869,0.950858,0.988881,0.003986,0.016114,0.046352,0.012307,0.000000,24,1,12,0,0
teapot_droplets,constrained,0,1250,9749.517,0.123876,0.854310,0.934462,0.774157,32,0.00015124,2,0.148237,0.019573,0.276901,0.880525,0.979870,0.781179,0.970637,0.952752,0.988522,0.004139,0.015827,0.044601,0.013058,0.000000,24,1,13,0,0
teapot_droplets,constrained,0,1275,9805.754,0.125814,0.852346,0.933760,0.770933,32,0.00011943,1,0.150367,0.019888,0.280846,0.879053,0.979543,0.778563,0.969889,0.952331,0.987446,0.004273,0.015891,0.045278,0.013766,0.000000,24,1,13,0,0
teapot_droplets,constrained,0,1300,10176.667,0.125245,0.851428,0.933948,0.768909,32,0.00012103,2,0.150783,0.016416,0.285151,0.879529,0.983001,0.776056,0.968721,0.949279,0.988164,0.003481,0.016239,0.047659,0.012528,0.000000,24,1,13,0,0
teapot_droplets,constrained,0,1325,10233.317,0.123420,0.852944,0.934875,0.771014,32,0.00012620,3,0.149583,0.014732,0.284433,0.880789,0.984708,0.776871,0.969482,0.948648,0.990316,0.003322,0.016277,0.047856,0.010783,0.000000,24,1,13,0,0
teapot_droplets,constrained,0,1350,10588.274,0.121384,0.852989,0.937474,0.768503,32,0.00012215,3,0.152809,0.016521,0.289096,0.878531,0.982959,0.774103,0.971818,0.952962,0.990674,0.003530,0.016417,0.044170,0.010819,0.000000,24,1,13,0,0
teapot_droplets,constrained,0,1375,10644.728,0.120829,0.854300,0.936075,0.772524,32,0.00010456,1,0.148801,0.015679,0.281923,0.881090,0.983776,0.778404,0.970534,0.950752,0.990316,0.003286,0.016069,0.046569,0.010182,0.000000,24,1,13,0,0
teapot_droplets,constrained,0,1400,10995.646,0.120695,0.854650,0.935936,0.773363,32,0.00010036,1,0.147696,0.013469,0.281923,0.882295,0.985999,0.778592,0.969967,0.948543,0.991392,0.002847,0.016011,0.048663,0.009935,0.000000,24,1,13,0,0
teapot_droplets,constrained,0,1425,11051.580,0.120692,0.855701,0.937461,0.773940,32,0.00011069,2,0.145943,0.014627,0.277260,0.882906,0.984855,0.780958,0.969848,0.951173,0.988522,0.003139,0.015650,0.046286,0.012572,0.000000,24,1,13,0,0
teapot_droplets,constrained,0,1450,11408.311,0.120323,0.856321,0.935614,0.777027,32,0.00010026,0,0.144487,0.014943,0.274032,0.883854,0.984508,0.783201,0.969776,0.949595,0.989957,0.003138,0.015579,0.047549,0.011197,0.000000,24,1,13,0,0
teapot_droplets,constrained,0,1475,11464.956,0.123167,0.850558,0.935270,0.765846,32,0.00007370,1,0.156795,0.017679,0.295911,0.876044,0.981765,0.770323,0.972136,0.951805,0.992468,0.003786,0.016722,0.045243,0.009518,0.000000,24,1,13,0,0
teapot_droplets,constrained,0,1500,11816.531,0.120441,0.854594,0.939249,0.769939,32,0.00010476,0,0.150637,0.015048,0.286227,0.880121,0.984462,0.775780,0.971849,0.953383,0.990316,0.003382,0.016231,0.043834,0.011456,0.000000,24,1,13,0,0
teapot_droplets,constrained,0,1525,11873.052,0.118003,0.854295,0.942220,0.766371,32,0.00012029,0,0.153550,0.014417,0.292683,0.878540,0.985141,0.771940,0.973239,0.955803,0.990674,0.003178,0.016469,0.041657,0.010779,0.000000,24,1,13,0,0
teapot_droplets,constrained,0,1550,12232.644,0.122736,0.851747,0.937727,0.765768,32,0.00012700,0,0.153232,0.015574,0.290890,0.878274,0.983910,0.772638,0.970427,0.952331,0.988522,0.003311,0.016531,0.044968,0.011939,0.000000,24,1,13,0,0
teapot_droplets,constrained,0,1575,12288.081,0.121179,0.853562,0.936994,0.770131,32,0.00006773,0,0.150544,0.013785,0.287303,0.880506,0.985696,0.775316,0.970651,0.949911,0.991392,0.002968,0.016344,0.046838,0.010504,0.000000,24,1,13,0,0
teapot_droplets,constrained,0,1600,12615.313,0.122686,0.851889,0.936025,0.767753,32,0.00013080,0,0.152271,0.016521,0.288020,0.878686,0.982933,0.774438,0.970185,0.951489,0.988881,0.003368,0.016443,0.045542,0.011430,0.000000,24,1,13,0,0
teapot_droplets,constrained,0,1625,12670.715,0.122077,0.851173,0.939400,0.762947,32,0.00016535,1,0.154647,0.014101,0.295194,0.877699,0.985414,0.769983,0.970405,0.952647,0.988164,0.002924,0.016717,0.044206,0.012743,0.000000,24,1,13,0,0
teapot_droplets,constrained,0,1650,13030.225,0.123915,0.850839,0.935798,0.765881,32,0.00014753,2,0.154624,0.016205,0.293042,0.877452,0.983244,0.771660,0.970639,0.950963,0.990316,0.003425,0.016710,0.045843,0.011186,0.000000,24,1,13,0,0
teapot_droplets,constrained,0,1675,13085.405,0.120194,0.853729,0.939381,0.768076,32,0.00017041,0,0.153536,0.017258,0.289813,0.877965,0.982261,0.773669,0.973134,0.955593,0.990674,0.003735,0.016380,0.041756,0.011199,0.000000,24,1,13,0,0
teapot_droplets,constrained,0,1700,13415.908,0.121798,0.852536,0.937274,0.767798,32,0.00015953,0,0.154062,0.018310,0.289813,0.877392,0.981177,0.773606,0.972376,0.954435,0.990316,0.003803,0.016501,0.042380,0.011611,0.000000,24,1,13,0,0
teapot_droplets,constrained,0,1725,13471.840,0.121243,0.852294,0.938873,0.765716,32,0.00015481,1,0.155436,0.015679,0.295194,0.877224,0.983824,0.770624,0.972672,0.953594,0.991750,0.003276,0.016768,0.043500,0.010919,0.000000,24,1,13,0,0
teapot_droplets,constrained,0,1750,13835.508,0.121889,0.851887,0.937487,0.766288,32,0.00012620,1,0.154403,0.015048,0.293759,0.877927,0.984433,0.771421,0.971493,0.951594,0.991392,0.003302,0.016560,0.045028,0.010860,0.000000,24,1,13,0,0
teapot_droplets,constrained,0,1775,13891.376,0.120983,0.853297,0.937234,0.769359,32,0.00011954,0,0.150986,0.014311,0.287661,0.880070,0.985169,0.774972,0.970661,0.950647,0.990674,0.002850,0.016314,0.046381,0.011297,0.000000,24,1,13,0,0
teapot_droplets,constrained,0,1800,14251.987,0.121444,0.852507,0.935891,0.769124,32,0.00006694,0,0.153567,0.017679,0.289455,0.877926,0.981777,0.774076,0.972093,0.952436,0.991750,0.003717,0.016416,0.044111,0.010245,0.000000,24,1,13,0,0
teapot_droplets,constrained,0,1825,14308.041,0.120492,0.853594,0.934284,0.772905,32,0.00008306,0,0.151245,0.018415,0.284075,0.879239,0.981013,0.777466,0.971978,0.951489,0.992468,0.003583,0.016135,0.045209,0.009734,0.000000,24,1,13,0,0
teapot_droplets,constrained,1,1,1.381,1.479288,0.207997,0.179338,0.236656,20,0.00038021,0,0.411677,0.103125,0.720230,0.509231,0.657343,0.361120,0.302467,0.197832,0.407102,0.024146,0.042367,0.797008,0.580296,0.000000,0,0,0,0,0
teapot_droplets,constrained,1,25,27.031,1.031021,0.375402,0.281505,0.469300,20,0.00000000,0,0.276737,0.046301,0.507174,0.723277,0.864156,0.582398,0.500928,0.294539,0.707317,0.010648,0.029222,0.700356,0.285743,0.000000,0,0,0,0,0
teapot_droplets,constrained,1,50,193.743,0.839472,0.465071,0.360028,0.570114,23,0.00002066,1,0.240984,0.039356,0.442611,0.777481,0.904835,0.650128,0.598325,0.374198,0.822453,0.009044,0.025293,0.620623,0.174760,0.000000,3,0,0,0,0
teapot_droplets,constrained,1,75,223.623,0.752729,0.511426,0.436159,0.586694,23,0.00004201,2,0.231668,0.040093,0.423242,0.791212,0.918798,0.663626,0.644327,0.453646,0.835007,0.009209,0.024125,0.541307,0.161692,0.000000,3,0,0,0,0
teapot_droplets,constrained,1,100,415.710,0.642426,0.569303,0.517722,0.620883,26,0.00012545,1,0.223521,0.042092,0.404950,0.805291,0.927628,0.682954,0.705912,0.539514,0.872310,0.009736,0.023065,0.455968,0.126539,0.000000,6,0,0,0,0
teapot_droplets,constrained,1,125,449.165,0.530393,0.629674,0.612288,0.647059,26,0.00002932,1,0.204917,0.037883,0.371951,0.824234,0.943741,0.704727,0.761608,0.635484,0.887733,0.008572,0.021108,0.360065,0.110519,0.000000,6,0,0,0,0
teapot_droplets,constrained,1,150,668.235,0.429569,0.681460,0.702524,0.660397,29,0.00008483,2,0.203508,0.033989,0.373027,0.831910,0.955300,0.708520,0.816573,0.726402,0.906743,0.007810,0.021272,0.268376,0.092531,0.000000,8,1,0,0,0
teapot_droplets,constrained,1,175,706.223,0.363528,0.712576,0.758056,0.667095,29,0.00015232,2,0.215744,0.035147,0.396341,0.829321,0.957130,0.701513,0.858096,0.784700,0.931492,0.007908,0.022568,0.211365,0.070533,0.000000,8,1,0,0,0
teapot_droplets,constrained,1,200,937.528,0.307529,0.742675,0.781355,0.703996,30,0.00011779,0,0.200309,0.036199,0.364419,0.841081,0.957203,0.724959,0.885092,0.809639,0.960545,0.008136,0.020674,0.186050,0.040315,0.000000,11,1,2,0,0
teapot_droplets,constrained,1,225,977.447,0.256377,0.769894,0.816934,0.722853,30,0.00010096,0,0.196428,0.035252,0.357604,0.846454,0.959986,0.732923,0.913541,0.845733,0.981349,0.007952,0.020420,0.151195,0.020099,0.000000,11,1,2,0,0
teapot_droplets,constrained,1,250,1236.403,0.230368,0.783960,0.846107,0.721812,33,0.00008794,1,0.199085,0.036620,0.361549,0.845489,0.959922,0.731057,0.929937,0.877091,0.982783,0.008347,0.020663,0.119533,0.020320,0.000000,14,1,2,0,0
teapot_droplets,constrained,1,275,1280.152,0.215622,0.790956,0.861006,0.720906,33,0.00003803,0,0.196707,0.031148,0.362267,0.848314,0.966106,0.730523,0.934945,0.887825,0.982066,0.006965,0.020704,0.108716,0.020156,0.000000,14,1,2,0,0
teapot_droplets,constrained,1,300,1552.397,0.198694,0.799552,0.877349,0.721755,32,0.00007935,2,0.197774,0.030411,0.365136,0.848535,0.967455,0.729615,0.944662,0.904030,0.985294,0.006869,0.020970,0.092192,0.017161,0.000000,14,1,3,0,0
teapot_droplets,constrained,1,325,1594.764,0.190116,0.802173,0.886296,0.718049,32,0.00025965,1,0.201690,0.028202,0.375179,0.847323,0.969982,0.724664,0.949369,0.911291,0.987446,0.006191,0.021701,0.084763,0.014706,0.000000,14,1,3,0,0
teapot_droplets,constrained,1,350,1867.014,0.188776,0.799638,0.897110,0.702166,35,0.00029355,0,0.217326,0.026834,0.407819,0.839816,0.971695,0.707937,0.954853,0.921183,0.988522,0.006072,0.023684,0.076232,0.014267,0.000000,17,1,3,0,0
teapot_droplets,constrained,1,375,1913.379,0.182152,0.802532,0.905878,0.699187,35,0.00023254,2,0.217931,0.024098,0.411765,0.840162,0.974682,0.705641,0.957397,0.927707,0.987088,0.005346,0.024026,0.069110,0.015612,0.000000,17,1,3,0,0
teapot_droplets,constrained,1,400,2193.268,0.181784,0.801784,0.910036,0.693532,32,0.00015998,3,0.220982,0.022309,0.419656,0.838866,0.976582,0.701149,0.957457,0.930338,0.984577,0.004965,0.024361,0.066457,0.018097,0.000000,17,1,6,0,0
teapot_droplets,constrained,1,425,2235.340,0.176929,0.801979,0.912981,0.690977,32,0.00005429,3,0.229510,0.027886,0.431133,0.833765,0.971142,0.696388,0.963661,0.938440,0.988881,0.006162,0.024931,0.058871,0.013305,0.000000,17,1,6,0,0
teapot_droplets,constrained,1,450,2498.493,0.178590,0.800086,0.914926,0.685245,32,0.00004205,3,0.232238,0.022940,0.441535,0.833584,0.976076,0.691092,0.961860,0.935915,0.987805,0.005055,0.025465,0.061171,0.015149,0.000000,17,1,6,0,0
teapot_droplets,constrained,1,475,2540.384,0.171969,0.805951,0.915078,0.696825,32,0.00007528,3,0.222144,0.021046,0.423242,0.839429,0.977971,0.700887,0.963043,0.934337,0.991750,0.004556,0.024550,0.062181,0.012415,0.000000,17,1,6,0,0
teapot_droplets,constrained,1,500,2799.709,0.168156,0.810275,0.914292,0.706258,31,0.00021928,3,0.211640,0.019047,0.404232,0.845199,0.979967,0.710432,0.961728,0.931706,0.991750,0.004079,0.023341,0.065149,0.011841,0.000000,17,1,7,0,0
teapot_droplets,constrained,1,525,2840.737,0.169604,0.810433,0.909006,0.711860,31,0.00025021,3,0.206513,0.018836,0.394189,0.847897,0.980067,0.715727,0.959298,0.926129,0.992468,0.004137,0.022624,0.070970,0.010242,0.000000,17,1,7,0,0
teapot_droplets,constrained,1,550,3099.397,0.160345,0.822231,0.908417,0.736045,31,0.00007969,4,0.185411,0.021467,0.349354,0.858585,0.977389,0.739781,0.960551,0.927917,0.993185,0.004781,0.020045,0.068646,0.010150,0.000000,17,1,7,0,0
teapot_droplets,constrained,1,575,3139.597,0.164280,0.818954,0.908549,0.729359,31,0.00006892,4,0.191348,0.022940,0.359756,0.854861,0.975912,0.733811,0.960571,0.929391,0.991750,0.005157,0.020447,0.067914,0.012149,0.000000,17,1,7,0,0
teapot_droplets,constrained,1,600,3397.020,0.164016,0.821530,0.907719,0.735341,31,0.00006173,4,0.185459,0.025150,0.345768,0.857377,0.973684,0.741069,0.960073,0.930548,0.989598,0.005601,0.019844,0.067116,0.013297,0.000000,17,1,7,0,0
teapot_droplets,constrained,1,625,3437.017,0.152949,0.830718,0.914468,0.746968,31,0.00006546,4,0.177948,0.024834,0.331062,0.862194,0.974185,0.750203,0.965719,0.937178,0.994261,0.005662,0.019084,0.060926,0.009980,0.000000,17,1,7,0,0
teapot_droplets,constrained,1,650,3689.644,0.156659,0.826300,0.912097,0.740503,31,0.00008148,4,0.182738,0.024729,0.340746,0.859355,0.974224,0.744486,0.963739,0.934652,0.992826,0.005628,0.019464,0.062929,0.010703,0.000000,17,1,7,0,0
teapot_droplets,constrained,1,675,3729.761,0.156716,0.826806,0.912941,0.740671,31,0.00005234,4,0.181143,0.026202,0.336083,0.859638,0.972793,0.746483,0.963230,0.936862,0.989598,0.005871,0.019357,0.060807,0.012367,0.000000,17,1,7,0,0
teapot_droplets,constrained,1,700,3974.374,0.153444,0.829332,0.914653,0.744011,31,0.00003550,5,0.177929,0.023361,0.332496,0.862249,0.975650,0.748849,0.963706,0.936020,0.991392,0.005336,0.019037,0.061681,0.011291,0.000000,17,1,7,0,0
teapot_droplets,constrained,1,725,4014.746,0.150108,0.831585,0.918621,0.744549,31,0.00005304,5,0.177666,0.022835,0.332496,0.862629,0.976274,0.748985,0.965854,0.939598,0.992109,0.005171,0.019163,0.058501,0.010907,0.000000,17,1,7,0,0
teapot_droplets,constrained,1,750,4276.674,0.148952,0.832520,0.918006,0.747033,31,0.00005894,4,0.175779,0.021572,0.329986,0.864096,0.977515,0.750678,0.965676,0.937809,0.993544,0.004861,0.019092,0.059846,0.009797,0.000000,17,1,7,0,0
teapot_droplets,constrained,1,775,4317.142,0.152482,0.828825,0.916761,0.740890,31,0.00003851,3,0.179399,0.020204,0.338594,0.862169,0.978855,0.745484,0.963517,0.935284,0.991750,0.004537,0.019426,0.062867,0.010674,0.000000,17,1,7,0,0
teapot_droplets,constrained,1,800,4570.032,0.155186,0.827581,0.913935,0.741227,31,0.00007171,4,0.179947,0.020941,0.338953,0.861735,0.978050,0.745420,0.962771,0.933074,0.992468,0.004595,0.019654,0.064135,0.011241,0.000000,17,1,7,0,0
teapot_droplets,constrained,1,825,4610.337,0.151952,0.827803,0.919129,0.736477,31,0.00009855,6,0.180534,0.014943,0.346126,0.862726,0.984234,0.741217,0.962127,0.932863,0.991392,0.003325,0.019990,0.064423,0.011077,0.000000,17,1,7,0,0
teapot_droplets,constrained,1,850,4869.445,0.156336,0.823731,0.919204,0.728258,31,0.00009508,5,0.186388,0.015890,0.356887,0.858968,0.983269,0.734667,0.960987,0.933810,0.988164,0.003419,0.020643,0.063375,0.014009,0.000000,17,1,7,0,0
teapot_droplets,constrained,1,875,4909.301,0.157269,0.822777,0.919934,0.725619,31,0.00006404,3,0.187730,0.014627,0.360832,0.858473,0.984571,0.732376,0.960418,0.933389,0.987446,0.003231,0.020775,0.064025,0.014646,0.000000,17,1,7,0,0
teapot_droplets,constrained,1,900,5167.198,0.156693,0.822309,0.919638,0.724980,31,0.00010415,1,0.188851,0.012207,0.365495,0.858704,0.987056,0.730352,0.960410,0.930864,0.989957,0.002629,0.020981,0.066413,0.013170,0.000000,17,1,7,0,0
teapot_droplets,constrained,1,925,5206.743,0.166418,0.811233,0.919350,0.703117,31,0.00004858,1,0.206883,0.009892,0.403874,0.849551,0.989458,0.709644,0.957766,0.928444,0.987088,0.002152,0.023212,0.068589,0.014828,0.000000,17,1,7,0,0
teapot_droplets,constrained,1,950,5460.957,0.164986,0.813898,0.923285,0.704511,31,0.00007981,2,0.205941,0.012312,0.399570,0.849311,0.986999,0.711623,0.960332,0.934652,0.986011,0.002791,0.023060,0.063466,0.016385,0.000000,17,1,7,0,0
teapot_droplets,constrained,1,975,5500.180,0.161315,0.814400,0.926353,0.702448,31,0.00005562,1,0.209896,0.013049,0.406743,0.847347,0.986286,0.708408,0.963302,0.938440,0.988164,0.002756,0.023274,0.059804,0.015271,0.000000,17,1,7,0,0
teapot_droplets,constrained,1,1000,5750.985,0.165503,0.813531,0.920258,0.706804,31,0.00036396,2,0.205264,0.013469,0.397059,0.849488,0.985764,0.713212,0.960050,0.932653,0.987446,0.003081,0.022874,0.064727,0.015060,0.000000,17,1,7,0,0
teapot_droplets,constrained,1,1025,5789.840,0.179044,0.808872,0.899775,0.717969,31,0.00021480,4,0.202083,0.026834,0.377331,0.847794,0.971776,0.723812,0.956400,0.923919,0.988881,0.006027,0.021599,0.073692,0.014576,0.000000,17,1,7,0,0
teapot_droplets,constrained,1,1050,6041.785,0.185427,0.807052,0.889485,0.724619,31,0.00010453,2,0.201266,0.038830,0.363702,0.845318,0.959672,0.730963,0.956094,0.924024,0.988164,0.008935,0.020898,0.072881,0.013734,0.000000,17,1,7,0,0
teapot_droplets,unconstrained,0,1,1.393,1.539518,0.196377,0.203627,0.189128,20,0.00000000,0,0.431370,0.114174,0.748565,0.485820,0.665227,0.306414,0.278789,0.226876,0.330703,0.026786,0.043982,0.767613,0.659893,0.000000,0,0,0,0,0
teapot_droplets,unconstrained,0,25,26.910,1.123810,0.350327,0.328406,0.372249,20,0.00012972,0,0.279948,0.060612,0.499283,0.689796,0.851776,0.527815,0.453209,0.348311,0.558106,0.014045,0.028454,0.645872,0.432710,0.000000,0,0,0,0,0
teapot_droplets,unconstrained,0,50,192.557,0.920230,0.447338,0.455074,0.439601,23,0.00008070,3,0.244727,0.049353,0.440100,0.748119,0.906331,0.589906,0.555302,0.477533,0.633070,0.011462,0.024571,0.517287,0.360996,0.000000,3,0,0,0,0
teapot_droplets,unconstrained,0,75,222.083,0.784405,0.519670,0.568137,0.471203,23,0.00015905,3,0.233458,0.059455,0.407461,0.764767,0.910103,0.619430,0.632557,0.601915,0.663199,0.013637,0.023003,0.392449,0.332428,0.000000,3,0,0,0,0
teapot_droplets,unconstrained,0,100,417.654,0.673251,0.574007,0.648141,0.499873,26,0.00022291,6,0.234904,0.058403,0.411406,0.776604,0.921544,0.631663,0.695759,0.685994,0.705524,0.013395,0.023477,0.308838,0.291555,0.000000,5,1,0,0,0
teapot_droplets,unconstrained,0,125,451.662,0.589774,0.616186,0.694631,0.537741,26,0.00028201,4,0.213333,0.048616,0.378049,0.799806,0.937432,0.662179,0.734717,0.728402,0.741033,0.011353,0.021396,0.267117,0.256969,0.000000,5,1,0,0,0
teapot_droplets,unconstrained,0,150,657.317,0.510075,0.658903,0.722166,0.595640,27,0.00008891,3,0.179908,0.043460,0.316356,0.828994,0.945471,0.712516,0.768813,0.753552,0.784075,0.009993,0.017877,0.241999,0.213203,0.000000,7,2,2,0,0
teapot_droplets,unconstrained,0,175,693.006,0.443244,0.691747,0.750253,0.633242,27,0.00040422,3,0.173581,0.041566,0.305595,0.839809,0.949495,0.730124,0.804097,0.781437,0.826758,0.009495,0.017231,0.214191,0.171084,0.000000,7,2,2,0,0
teapot_droplets,unconstrained,0,200,918.774,0.397642,0.713515,0.769895,0.657135,30,0.00069392,1,0.176568,0.048616,0.304519,0.840542,0.943201,0.737882,0.832285,0.807324,0.857245,0.011237,0.017106,0.187796,0.140115,0.000000,10,2,2,0,0
teapot_droplets,unconstrained,0,225,958.107,0.316563,0.759139,0.813694,0.704584,30,0.00053285,0,0.151729,0.035883,0.267575,0.864318,0.959167,0.769468,0.868003,0.842892,0.893113,0.008183,0.015061,0.153357,0.104988,0.000000,10,2,2,0,0
teapot_droplets,unconstrained,0,250,1213.210,0.277272,0.779409,0.840870,0.717949,33,0.00044210,2,0.156577,0.040198,0.272956,0.863041,0.956062,0.770021,0.894294,0.874671,0.913917,0.009110,0.015470,0.122950,0.086469,0.000000,13,2,2,0,0
teapot_droplets,unconstrained,0,275,1256.157,0.260161,0.789346,0.857655,0.721036,33,0.00034456,1,0.143807,0.027570,0.260043,0.873568,0.969665,0.777471,0.894919,0.881301,0.908537,0.006277,0.014284,0.115813,0.090742,0.000000,13,2,2,0,0
teapot_droplets,unconstrained,0,300,1520.453,0.246949,0.794826,0.870849,0.718803,31,0.00041039,1,0.150165,0.029885,0.270445,0.869634,0.967753,0.771515,0.905037,0.896875,0.913199,0.006826,0.014978,0.100465,0.086387,0.000000,13,2,4,0,0
teapot_droplets,unconstrained,0,325,1561.222,0.233650,0.802561,0.877850,0.727273,31,0.00028888,1,0.148166,0.033779,0.262554,0.870878,0.964114,0.777643,0.912862,0.907503,0.918221,0.007638,0.014628,0.090052,0.080270,0.000000,13,2,4,0,0
teapot_droplets,unconstrained,0,350,1823.525,0.205842,0.816042,0.889114,0.742971,32,0.00033534,4,0.151029,0.039146,0.262912,0.870241,0.959353,0.781129,0.931113,0.923919,0.938307,0.008915,0.014743,0.073295,0.060525,0.000000,14,2,4,0,0
teapot_droplets,unconstrained,0,375,1865.699,0.182435,0.826725,0.893473,0.759977,32,0.00016629,3,0.150697,0.043144,0.258250,0.871558,0.955757,0.787360,0.944131,0.932021,0.956241,0.010030,0.013648,0.065489,0.042374,0.000000,14,2,4,0,0
teapot_droplets,unconstrained,0,400,2126.232,0.173284,0.828529,0.901842,0.755217,31,0.00005829,2,0.155881,0.039882,0.271879,0.869301,0.959208,0.779395,0.949177,0.937809,0.960545,0.009232,0.014596,0.059830,0.037350,0.000000,14,2,5,0,0
teapot_droplets,unconstrained,0,425,2166.722,0.154169,0.836391,0.911091,0.761691,31,0.00010547,4,0.161785,0.042723,0.280846,0.866721,0.956964,0.776477,0.962813,0.950016,0.975610,0.009896,0.014909,0.048145,0.023850,0.000000,14,2,5,0,0
teapot_droplets,unconstrained,0,450,2418.635,0.147067,0.845410,0.913864,0.776956,31,0.00012499,5,0.151426,0.042092,0.260760,0.873717,0.957672,0.789763,0.965943,0.952331,0.979555,0.009585,0.014454,0.045570,0.021588,0.000000,14,2,5,0,0
teapot_droplets,unconstrained,0,475,2459.574,0.143518,0.842434,0.923030,0.761838,31,0.00018158,2,0.161637,0.043144,0.280129,0.866985,0.957113,0.776857,0.969052,0.962854,0.975251,0.009914,0.014869,0.035323,0.024868,0.000000,14,2,5,0,0
teapot_droplets,unconstrained,0,500,2710.190,0.132894,0.854150,0.933306,0.774993,31,0.00010303,1,0.147973,0.036620,0.259326,0.876800,0.963530,0.790070,0.971726,0.967484,0.975968,0.008329,0.014549,0.031251,0.024819,0.000000,14,2,5,0,0
teapot_droplets,unconstrained,0,525,2749.939,0.119873,0.864374,0.940930,0.787818,31,0.00013223,1,0.136966,0.031464,0.242468,0.885034,0.968599,0.801468,0.974687,0.970536,0.978838,0.007108,0.013870,0.026751,0.022428,0.000000,14,2,5,0,0
teapot_droplets,unconstrained,0,550,2988.473,0.116540,0.862837,0.946181,0.779492,31,0.00011318,2,0.141128,0.026518,0.255739,0.883138,0.973423,0.792853,0.975055,0.971272,0.978838,0.005948,0.014378,0.026376,0.021721,0.000000,14,2,5,0,0
teapot_droplets,unconstrained,0,575,3028.538,0.111890,0.867340,0.949954,0.784726,31,0.00013314,1,0.135358,0.026097,0.244620,0.886816,0.973925,0.799706,0.975715,0.974745,0.976686,0.005966,0.013324,0.023605,0.023452,0.000000,14,2,5,0,0
teapot_droplets,unconstrained,0,600,3270.482,0.112830,0.865279,0.950517,0.780040,31,0.00005582,2,0.138933,0.027149,0.250717,0.884249,0.972945,0.795554,0.975967,0.976323,0.975610,0.006055,0.013779,0.021297,0.024690,0.000000,14,2,5,0,0
teapot_droplets,unconstrained,0,625,3310.800,0.112184,0.865540,0.949775,0.781304,31,0.00007903,2,0.142748,0.030832,0.254663,0.881627,0.969470,0.793784,0.979666,0.979059,0.980273,0.006949,0.014499,0.019511,0.019283,0.000000,14,2,5,0,0
teapot_droplets,unconstrained,0,650,3552.779,0.112809,0.863159,0.951859,0.774460,31,0.00004192,2,0.144239,0.027360,0.261119,0.880915,0.972783,0.789047,0.977294,0.977902,0.976686,0.006164,0.014685,0.019993,0.021922,0.000000,14,2,5,0,0
teapot_droplets,unconstrained,0,675,3592.833,0.101684,0.871418,0.954014,0.788822,31,0.00007169,2,0.135064,0.025150,0.244978,0.887640,0.974929,0.800351,0.980036,0.978007,0.982066,0.005634,0.013223,0.020041,0.017454,0.000000,14,2,5,0,0
teapot_droplets,unconstrained,0,700,3842.639,0.109890,0.865420,0.955155,0.775685,31,0.00005579,2,0.138773,0.020730,0.256815,0.885338,0.979180,0.791497,0.974924,0.974955,0.974892,0.004536,0.014537,0.023162,0.022603,0.000000,14,2,5,0,0
teapot_droplets,unconstrained,0,725,3882.761,0.105492,0.866881,0.951834,0.781927,31,0.00006796,3,0.142542,0.026834,0.258250,0.882683,0.973279,0.792088,0.980617,0.977376,0.983859,0.005959,0.014458,0.020159,0.015332,0.000000,14,2,5,0,0
teapot_droplets,unconstrained,0,750,4122.758,0.105802,0.865947,0.956168,0.775725,31,0.00005318,2,0.142283,0.022730,0.261836,0.883121,0.977285,0.788956,0.978370,0.977902,0.978838,0.005195,0.014076,0.020366,0.020069,0.000000,14,2,5,0,0
teapot_droplets,unconstrained,0,775,4162.802,0.100797,0.877372,0.955793,0.798951,31,0.00009050,2,0.127281,0.023572,0.230990,0.893139,0.976473,0.809805,0.980912,0.978323,0.983501,0.005180,0.013864,0.020076,0.015676,0.000000,14,2,5,0,0
teapot_droplets,unconstrained,0,800,4405.059,0.108443,0.867190,0.955873,0.778506,31,0.00005677,2,0.140647,0.023045,0.258250,0.884171,0.976976,0.791365,0.978728,0.977902,0.979555,0.005157,0.015113,0.019761,0.019608,0.000000,14,2,5,0,0
teapot_droplets,unconstrained,0,825,4445.359,0.104226,0.869208,0.953664,0.784752,31,0.00008723,2,0.133294,0.015153,0.251435,0.890375,0.984589,0.796162,0.975091,0.968115,0.982066,0.003214,0.014054,0.029002,0.017666,0.000000,14,2,5,0,0
teapot_droplets,unconstrained,0,850,4671.227,0.100771,0.871452,0.957066,0.785837,31,0.00006256,2,0.134114,0.017152,0.251076,0.889628,0.982685,0.796571,0.978312,0.973482,0.983142,0.003617,0.013887,0.024836,0.017067,0.000000,14,2,5,0,0
teapot_droplets,unconstrained,0,875,4711.698,0.099525,0.876078,0.956786,0.795369,31,0.00011196,2,0.129774,0.020309,0.239240,0.892153,0.979620,0.804685,0.980935,0.976218,0.985653,0.004369,0.014059,0.022092,0.014692,0.000000,14,2,5,0,0
teapot_droplets,unconstrained,0,900,4955.686,0.103053,0.870089,0.957533,0.782646,31,0.00008484,2,0.135463,0.018415,0.252511,0.888318,0.981466,0.795170,0.977719,0.975166,0.980273,0.003866,0.014279,0.023063,0.018795,0.000000,14,2,5,0,0
teapot_droplets,unconstrained,0,925,4995.076,0.094672,0.876561,0.958161,0.794961,31,0.00012952,2,0.127311,0.016100,0.238522,0.894359,0.983732,0.804985,0.979082,0.973587,0.984577,0.003462,0.012912,0.023921,0.015672,0.000000,14,2,5,0,0
teapot_droplets,unconstrained,0,950,5240.865,0.101146,0.876036,0.960489,0.791582,31,0.00013008,3,0.125192,0.014732,0.235653,0.895480,0.985110,0.805851,0.976380,0.974640,0.978121,0.003274,0.013758,0.023027,0.021131,0.000000,14,2,5,0,0
teapot_droplets,unconstrained,0,975,5280.354,0.094828,0.877842,0.958411,0.797274,31,0.00011421,3,0.126941,0.017152,0.236729,0.894552,0.982709,0.806395,0.980431,0.974850,0.986011,0.003714,0.013253,0.022789,0.014620,0.000000,14,2,5,0,0
teapot_droplets,unconstrained,0,1000,5506.112,0.098358,0.872785,0.962725,0.782846,31,0.00011462,3,0.133335,0.016311,0.250359,0.889963,0.983603,0.796323,0.978633,0.978428,0.978838,0.003574,0.013739,0.019121,0.020825,0.000000,14,2,5,0,0
teapot_droplets,unconstrained,0,1025,5545.679,0.091467,0.875282,0.962963,0.787600,31,0.00014202,3,0.133397,0.017152,0.249641,0.890232,0.982790,0.797674,0.981849,0.979480,0.984218,0.003784,0.012814,0.018348,0.016778,0.000000,14,2,5,0,0
teapot_droplets,unconstrained,0,1050,5780.167,0.120679,0.857663,0.961463,0.753863,31,0.00023082,4,0.148899,0.021256,0.276542,0.877795,0.978810,0.776781,0.972120,0.981900,0.962339,0.004623,0.015444,0.016439,0.037201,0.000000,14,2,5,0,0
teapot_droplets,unconstrained,0,1075,5819.895,0.109865,0.867639,0.948642,0.786636,31,0.00045429,6,0.140670,0.030622,0.250717,0.883275,0.969631,0.796920,0.980775,0.977691,0.983859,0.006714,0.014294,0.020680,0.017006,0.000000,14,2,5,0,0
teapot_droplets,unconstrained,0,1100,6047.389,0.108075,0.869377,0.951868,0.786885,31,0.00016851,4,0.136245,0.025360,0.247131,0.886753,0.974674,0.798832,0.978678,0.976008,0.981349,0.005654,0.014175,0.021836,0.018801,0.000000,14,2,5,0,0
teapot_droplets,unconstrained,0,1125,6086.334,0.098331,0.874448,0.955583,0.793312,31,0.00019292,4,0.133864,0.023466,0.244261,0.889100,0.976568,0.801631,0.982547,0.978007,0.987088,0.005319,0.013457,0.020425,0.013579,0.000000,14,2,5,0,0
teapot_droplets,unconstrained,0,1150,6306.953,0.098350,0.875920,0.956011,0.795830,31,0.00013921,3,0.129995,0.021467,0.238522,0.891823,0.978490,0.805157,0.981093,0.976534,0.985653,0.004812,0.013338,0.021848,0.014721,0.000000,14,2,5,0,0
teapot_droplets,unconstrained,0,1175,6345.422,0.096583,0.875853,0.956330,0.795376,31,0.00014344,2,0.132565,0.024098,0.241033,0.889862,0.975986,0.803738,0.983231,0.979375,0.987088,0.005344,0.013237,0.019166,0.013717,0.000000,14,2,5,0,0
teapot_droplets,unconstrained,0,1200,6565.811,0.099313,0.874734,0.954900,0.794568,31,0.00009262,2,0.132850,0.024308,0.241392,0.889570,0.975751,0.803389,0.982241,0.978112,0.986370,0.005505,0.013512,0.020276,0.013934,0.000000,14,2,5,0,0
teapot_droplets,unconstrained,0,1225,6604.675,0.099952,0.879309,0.951863,0.806755,31,0.00007779,1,0.123280,0.025255,0.221306,0.895681,0.974774,0.816587,0.980598,0.975902,0.985294,0.005672,0.012836,0.021706,0.015261,0.000000,14,2,5,0,0
teapot_droplets,unconstrained,0,1250,6848.369,0.101073,0.876139,0.952160,0.800117,31,0.00008189,2,0.126016,0.022835,0.229197,0.894047,0.977090,0.811003,0.978702,0.973903,0.983501,0.005058,0.012407,0.024284,0.018094,0.000000,14,2,5,0,0
teapot_droplets,unconstrained,0,1275,6887.226,0.100533,0.878084,0.953770,0.802397,31,0.00009450,2,0.125676,0.024308,0.227044,0.894167,0.975723,0.812611,0.980766,0.976955,0.984577,0.005430,0.012954,0.021547,0.016546,0.000000,14,2,5,0,0
teapot_droplets,unconstrained,0,1300,7114.279,0.097463,0.875700,0.956773,0.794627,31,0.00007942,1,0.130872,0.019994,0.241750,0.891568,0.979924,0.803212,0.981316,0.975902,0.986729,0.004541,0.013268,0.022465,0.014532,0.000000,14,2,5,0,0
teapot_droplets,unconstrained,0,1325,7152.299,0.091504,0.887840,0.956522,0.819158,31,0.00009990,0,0.111649,0.021362,0.201937,0.904204,0.978602,0.829807,0.980766,0.976955,0.984577,0.004692,0.011483,0.021381,0.015511,0.000000,14,2,5,0,0
teapot_droplets,unconstrained,0,1350,7406.838,0.094958,0.880877,0.956490,0.805263,31,0.00006769,2,0.124866,0.023045,0.226686,0.895170,0.976991,0.813349,0.983169,0.978533,0.987805,0.005228,0.012934,0.020047,0.012762,0.000000,14,2,5,0,0
teapot_droplets,unconstrained,0,1375,7446.347,0.090611,0.880714,0.959740,0.801689,31,0.00004517,1,0.125535,0.019362,0.231707,0.895268,0.980593,0.809944,0.982884,0.978323,0.987446,0.004349,0.012669,0.019937,0.012636,0.000000,14,2,5,0,0
teapot_droplets,unconstrained,0,1400,7670.988,0.088815,0.880219,0.962122,0.798317,31,0.00007276,0,0.127792,0.019573,0.236011,0.893710,0.980438,0.806982,0.983841,0.980953,0.986729,0.004272,0.012953,0.017765,0.011962,0.000000,14,2,5,0,0
teapot_droplets,unconstrained,0,1425,7710.080,0.090149,0.884149,0.960537,0.807760,31,0.00008289,0,0.119428,0.018626,0.220230,0.899345,0.981319,0.817371,0.982040,0.978428,0.985653,0.004082,0.012397,0.020011,0.014174,0.000000,14,2,5,0,0
teapot_droplets,unconstrained,0,1450,7938.790,0.085889,0.890118,0.961999,0.818236,31,0.00008068,0,0.111388,0.019047,0.203730,0.904774,0.980941,0.828606,0.982629,0.980322,0.984935,0.004135,0.011581,0.018150,0.014353,0.000000,14,2,5,0,0
teapot_droplets,unconstrained,0,1475,7977.378,0.085810,0.885984,0.962122,0.809847,31,0.00005871,0,0.118108,0.019573,0.216643,0.900096,0.980438,0.819755,0.983124,0.980953,0.985294,0.004206,0.011594,0.017501,0.014598,0.000000,14,2,5,0,0
teapot_droplets,unconstrained,0,1500,8192.050,0.089444,0.880174,0.964304,0.796043,32,0.00003683,1,0.126389,0.019994,0.232783,0.894175,0.980078,0.808272,0.982466,0.983584,0.981349,0.004303,0.012470,0.014952,0.017308,0.000000,15,2,5,0,0
teapot_droplets,unconstrained,0,1525,8232.606,0.090671,0.878728,0.963884,0.793573,32,0.00004090,1,0.129332,0.019783,0.238881,0.892395,0.980271,0.804520,0.983047,0.982953,0.983142,0.004459,0.012777,0.015039,0.016729,0.000000,15,2,5,0,0
teapot_droplets,unconstrained,0,1550,8471.160,0.083622,0.888603,0.965539,0.811667,32,0.00006553,0,0.114050,0.016837,0.211263,0.903132,0.983140,0.823123,0.982469,0.981795,0.983142,0.003695,0.011586,0.016123,0.015616,0.000000,15,2,5,0,0
teapot_droplets,unconstrained,0,1575,8511.164,0.085355,0.885651,0.966202,0.805100,32,0.00003849,1,0.120958,0.018100,0.223816,0.898412,0.981933,0.814892,0.984492,0.983689,0.985294,0.003918,0.012325,0.014457,0.015381,0.000000,15,2,5,0,0
teapot_droplets,unconstrained,0,1600,8761.064,0.081892,0.892944,0.964684,0.821204,32,0.00004903,0,0.108340,0.019047,0.197633,0.906834,0.980993,0.832675,0.983279,0.983058,0.983501,0.004041,0.011153,0.015204,0.014972,0.000000,15,2,5,0,0
teapot_droplets,unconstrained,0,1625,8800.862,0.084352,0.892031,0.964987,0.819076,32,0.00004385,0,0.111104,0.018836,0.203372,0.905080,0.981201,0.828959,0.984408,0.983163,0.985653,0.004084,0.011684,0.015094,0.015524,0.000000,15,2,5,0,0
teapot_droplets,unconstrained,0,1650,9031.506,0.084327,0.891435,0.964824,0.818046,32,0.00003975,0,0.112273,0.020099,0.204448,0.904073,0.979987,0.828158,0.984755,0.984216,0.985294,0.004364,0.011753,0.014154,0.015042,0.000000,15,2,5,0,0
teapot_droplets,unconstrained,0,1675,9071.252,0.083944,0.884993,0.965015,0.804971,32,0.00004255,0,0.123182,0.019678,0.226686,0.896844,0.980394,0.813294,0.985726,0.984005,0.987446,0.004264,0.012236,0.014435,0.012803,0.000000,15,2,5,0,0
teapot_droplets,unconstrained,0,1700,9305.085,0.083435,0.888184,0.966130,0.810238,32,0.00004529,1,0.119100,0.019047,0.219154,0.899723,0.981021,0.818425,0.986168,0.984531,0.987805,0.004269,0.012261,0.014254,0.012297,0.000000,15,2,5,0,0
teapot_droplets,unconstrained,0,1725,9345.094,0.085093,0.886265,0.964374,0.808155,32,0.00002390,2,0.120893,0.019047,0.222740,0.898521,0.980987,0.816055,0.985453,0.982742,0.988164,0.004180,0.012163,0.016034,0.013127,0.000000,15,2,5,0,0
teapot_droplets,unconstrained,0,1750,9577.237,0.085177,0.884265,0.965499,0.803030,32,0.00005067,1,0.124860,0.018731,0.230990,0.895950,0.981312,0.810588,0.986053,0.983584,0.988522,0.003980,0.012792,0.015068,0.012450,0.000000,15,2,5,0,0
teapot_droplets,unconstrained,0,1775,9617.444,0.085535,0.884627,0.965813,0.803441,32,0.00002869,1,0.124375,0.018836,0.229914,0.896233,0.981217,0.811249,0.986084,0.984005,0.988164,0.004119,0.012979,0.015033,0.011591,0.000000,15,2,5,0,0
teapot_droplets,unconstrained,0,1800,9844.013,0.085151,0.887500,0.963935,0.811065,32,0.00002688,1,0.118552,0.018310,0.218795,0.900232,0.981688,0.818776,0.985054,0.981585,0.988522,0.004029,0.012297,0.016888,0.012399,0.000000,15,2,5,0,0
teapot_droplets,unconstrained,0,1825,9884.051,0.088226,0.880785,0.964356,0.797215,32,0.00003396,0,0.127445,0.018520,0.236370,0.894034,0.981493,0.806575,0.983934,0.982216,0.985653,0.004073,0.012786,0.016441,0.014123,0.000000,15,2,5,0,0
teapot_droplets,unconstrained,0,1850,10123.224,0.086788,0.885989,0.964997,0.806982,32,0.00003984,2,0.120946,0.019152,0.222740,0.898367,0.980898,0.815836,0.985104,0.983479,0.986729,0.004154,0.012634,0.015333,0.013915,0.000000,15,2,5,0,0
teapot_droplets,unconstrained,0,1875,10162.830,0.086619,0.881372,0.963906,0.798837,32,0.00003185,2,0.127137,0.020415,0.233859,0.893951,0.979667,0.808235,0.984618,0.983584,0.985653,0.004366,0.012464,0.014891,0.014007,0.000000,15,2,5,0,0
teapot_droplets,unconstrained,0,1900,10404.340,0.091497,0.882012,0.963207,0.800817,32,0.00004400,0,0.125480,0.021046,0.229914,0.894898,0.979049,0.810747,0.984207,0.983479,0.984935,0.004707,0.013054,0.015147,0.015438,0.000000,15,2,5,0,0
teapot_droplets,unconstrained,1,1,1.381,1.613430,0.168735,0.149465,0.188006,20,0.00043499,0,0.333719,0.160265,0.507174,0.439075,0.519710,0.358439,0.228388,0.173419,0.283357,0.037710,0.029527,0.821870,0.701541,0.000000,0,0,0,0,0
teapot_droplets,unconstrained,1,25,27.127,1.254513,0.302927,0.260419,0.345435,20,0.00000573,1,0.224553,0.085762,0.363343,0.665882,0.767276,0.564488,0.376850,0.282753,0.470947,0.019970,0.020926,0.711698,0.518616,0.000000,0,0,0,0,0
teapot_droplets,unconstrained,1,50,188.122,0.989440,0.420438,0.394711,0.446166,23,0.00001845,0,0.229783,0.070399,0.389168,0.735732,0.857173,0.614291,0.521149,0.422498,0.619799,0.016398,0.022348,0.572245,0.372134,0.000000,3,0,0,0,0
teapot_droplets,unconstrained,1,75,217.496,0.762571,0.528025,0.521504,0.534545,23,0.00045313,1,0.226290,0.071662,0.380918,0.772982,0.886348,0.659615,0.648520,0.558876,0.738164,0.016424,0.021606,0.436346,0.258483,0.000000,3,0,0,0,0
teapot_droplets,unconstrained,1,100,410.596,0.601844,0.604871,0.622837,0.586905,26,0.00007931,1,0.211021,0.057982,0.364060,0.803264,0.919125,0.687404,0.729762,0.658950,0.800574,0.013328,0.020742,0.335846,0.196529,0.000000,6,0,0,0,0
teapot_droplets,unconstrained,1,125,444.528,0.496636,0.654480,0.697474,0.611486,26,0.00010876,2,0.221248,0.062296,0.380201,0.805932,0.922442,0.689423,0.792449,0.740924,0.843974,0.014250,0.021738,0.255560,0.152222,0.000000,6,0,0,0,0
teapot_droplets,unconstrained,1,150,663.561,0.411651,0.697814,0.749728,0.645899,29,0.00014777,1,0.214726,0.065032,0.364419,0.816073,0.924689,0.707458,0.839881,0.798485,0.881277,0.014983,0.020370,0.198757,0.117107,0.000000,9,0,0,0,0
teapot_droplets,unconstrained,1,175,701.121,0.348267,0.736564,0.797843,0.675286,29,0.00010835,3,0.190622,0.063454,0.317791,0.833638,0.930418,0.736858,0.869177,0.848469,0.889885,0.014544,0.018093,0.148605,0.107725,0.000000,9,0,0,0,0
teapot_droplets,unconstrained,1,200,934.966,0.301114,0.762192,0.835202,0.689182,31,0.00008468,1,0.178675,0.051037,0.306313,0.845595,0.945055,0.746136,0.889057,0.877828,0.900287,0.011665,0.017404,0.118991,0.099238,0.000000,12,0,1,0,0
teapot_droplets,unconstrained,1,225,975.280,0.257004,0.785733,0.867506,0.703960,31,0.00004106,2,0.169800,0.044407,0.295194,0.854350,0.953277,0.755423,0.908897,0.906030,0.911765,0.010136,0.016500,0.091104,0.087878,0.000000,12,0,1,0,0
teapot_droplets,unconstrained,1,250,1215.957,0.220742,0.802965,0.887889,0.718041,31,0.00007506,0,0.168602,0.040934,0.296270,0.858069,0.957588,0.758550,0.927505,0.924234,0.930775,0.009183,0.016761,0.072501,0.068933,0.000000,15,0,4,0,0
teapot_droplets,unconstrained,1,275,1255.875,0.194498,0.815855,0.897491,0.734219,31,0.00004495,1,0.165665,0.035778,0.295552,0.862942,0.962939,0.762946,0.940410,0.929601,0.951220,0.008156,0.016900,0.066662,0.049189,0.000000,15,0,4,0,0
teapot_droplets,unconstrained,1,300,1507.270,0.181811,0.822545,0.904380,0.740710,30,0.00002868,2,0.165589,0.037778,0.293400,0.863428,0.961306,0.765549,0.948290,0.938546,0.958034,0.008586,0.016888,0.058356,0.041739,0.000000,15,0,5,0,0
teapot_droplets,unconstrained,1,325,1545.770,0.178043,0.828223,0.905385,0.751061,30,0.00002153,1,0.152803,0.037672,0.267934,0.870935,0.961447,0.780423,0.945894,0.939493,0.952296,0.008331,0.014973,0.057347,0.047246,0.000000,15,0,5,0,0
teapot_droplets,unconstrained,1,350,1793.157,0.168232,0.834519,0.910173,0.758865,30,0.00002879,1,0.149379,0.034410,0.264347,0.874369,0.964740,0.783998,0.950481,0.941492,0.959469,0.007810,0.014771,0.055453,0.041125,0.000000,15,0,5,0,0
teapot_droplets,unconstrained,1,375,1831.227,0.163526,0.841868,0.913066,0.770671,30,0.00000793,1,0.137537,0.030096,0.244978,0.882800,0.968994,0.796605,0.950007,0.940545,0.959469,0.006802,0.014141,0.056665,0.041251,0.000000,15,0,5,0,0
teapot_droplets,unconstrained,1,400,2077.506,0.161920,0.843105,0.913652,0.772557,30,0.00002893,1,0.137021,0.029780,0.244261,0.883350,0.969319,0.797382,0.951062,0.940861,0.961263,0.006660,0.014255,0.056072,0.040157,0.000000,15,0,5,0,0
teapot_droplets,unconstrained,1,425,2115.766,0.156308,0.846505,0.919967,0.773043,30,0.00002287,1,0.131509,0.025571,0.237446,0.887377,0.973613,0.801141,0.950046,0.943492,0.956600,0.005605,0.013503,0.054077,0.043150,0.000000,15,0,5,0,0
teapot_droplets,unconstrained,1,450,2358.908,0.147652,0.852210,0.921811,0.782609,30,0.00002472,2,0.126016,0.022835,0.229197,0.891971,0.976354,0.807588,0.952420,0.942860,0.961980,0.004926,0.012983,0.054422,0.037980,0.000000,15,0,5,0,0
teapot_droplets,unconstrained,1,475,2396.765,0.152720,0.843042,0.921898,0.764186,30,0.00002104,1,0.140258,0.022624,0.257891,0.882516,0.976564,0.788467,0.952009,0.942755,0.961263,0.004979,0.014231,0.054418,0.038413,0.000000,15,0,5,0,0
teapot_droplets,unconstrained,1,500,2638.101,0.151842,0.847893,0.925450,0.770336,29,0.00009569,1,0.135604,0.023361,0.247848,0.885472,0.975927,0.795016,0.954166,0.947069,0.961263,0.005171,0.014314,0.050825,0.039874,0.000000,15,0,6,0,0
teapot_droplets,unconstrained,1,525,2675.638,0.153626,0.840112,0.923101,0.757123,29,0.00007054,0,0.148230,0.024939,0.271521,0.877162,0.974317,0.780006,0.954410,0.946122,0.962697,0.005497,0.015132,0.050940,0.037183,0.000000,15,0,6,0,0
teapot_droplets,unconstrained,1,550,2913.677,0.145000,0.850047,0.929188,0.770905,28,0.00002365,1,0.138199,0.023887,0.252511,0.884102,0.975507,0.792697,0.958475,0.951384,0.965567,0.005133,0.014680,0.046882,0.034960,0.000000,15,0,7,0,0
teapot_droplets,unconstrained,1,575,2950.415,0.142164,0.847780,0.936676,0.758883,28,0.00001877,1,0.146936,0.021993,0.271879,0.878884,0.977541,0.780226,0.961242,0.957277,0.965208,0.005031,0.015492,0.041012,0.034842,0.000000,15,0,7,0,0
teapot_droplets,unconstrained,1,600,3156.100,0.137437,0.849997,0.940965,0.759029,27,0.00001699,0,0.147156,0.023151,0.271162,0.878567,0.976518,0.780615,0.963799,0.962749,0.964849,0.005104,0.015698,0.035088,0.034399,0.000000,15,0,8,0,0
teapot_droplets,unconstrained,1,625,3190.857,0.139899,0.849539,0.943736,0.755343,27,0.00000651,0,0.149256,0.023045,0.275466,0.877168,0.976687,0.777649,0.964450,0.965485,0.963415,0.004996,0.016114,0.032866,0.038134,0.000000,15,0,8,0,0
teapot_droplets,unconstrained,1,650,3393.967,0.137400,0.849276,0.942928,0.755624,27,0.00002187,0,0.148467,0.021467,0.275466,0.877956,0.978198,0.777713,0.963471,0.963170,0.963773,0.004881,0.015599,0.034223,0.036508,0.000000,15,0,8,0,0
teapot_droplets,unconstrained,1,675,3428.391,0.131998,0.849973,0.945815,0.754130,27,0.00001371,0,0.150210,0.019573,0.280846,0.877424,0.980107,0.774741,0.965126,0.964327,0.965925,0.004309,0.015699,0.033520,0.033099,0.000000,15,0,8,0,0
teapot_droplets,unconstrained,1,700,3647.596,0.129341,0.853995,0.945952,0.762039,27,0.00002311,1,0.146939,0.020204,0.273673,0.879773,0.979494,0.780052,0.967826,0.965064,0.970588,0.004485,0.015583,0.032771,0.030648,0.000000,15,0,8,0,0
teapot_droplets,unconstrained,1,725,3682.135,0.126287,0.855164,0.948060,0.762267,27,0.00001644,1,0.144463,0.017047,0.271879,0.881808,0.982627,0.780988,0.966867,0.964222,0.969512,0.003850,0.015318,0.033658,0.029977,0.000000,15,0,8,0,0
teapot_droplets,unconstrained,1,750,3886.129,0.126538,0.855567,0.945597,0.765537,26,0.00002981,1,0.144545,0.019362,0.269727,0.881546,0.980308,0.782785,0.967965,0.963906,0.972023,0.004201,0.015448,0.034373,0.027606,0.000000,15,0,9,0,0
teapot_droplets,unconstrained,1,775,3919.096,0.128544,0.854903,0.941904,0.767903,26,0.00002033,0,0.144394,0.021572,0.267217,0.881315,0.978073,0.784558,0.967661,0.962222,0.973099,0.004954,0.014993,0.035896,0.027127,0.000000,15,0,9,0,0
teapot_droplets,unconstrained,1,800,4128.137,0.127216,0.852876,0.944742,0.761010,26,0.00003867,0,0.149712,0.020730,0.278694,0.878160,0.978955,0.777364,0.968713,0.964327,0.973099,0.004647,0.015683,0.033530,0.026472,0.000000,15,0,9,0,0
teapot_droplets,unconstrained,1,825,4161.142,0.128483,0.854906,0.945837,0.763975,26,0.00008787,0,0.145219,0.019994,0.270445,0.880889,0.979697,0.782081,0.967668,0.964748,0.970588,0.004514,0.015920,0.033236,0.027718,0.000000,15,0,9,0,0
teapot_droplets,unconstrained,1,850,4363.055,0.133701,0.843471,0.943598,0.743343,26,0.00004542,0,0.164543,0.022414,0.306671,0.868664,0.977295,0.760034,0.968027,0.964748,0.971306,0.005005,0.016947,0.033345,0.027367,0.000000,15,0,9,0,0
teapot_droplets,unconstrained,1,875,4395.916,0.135745,0.841929,0.942337,0.741521,26,0.00009771,0,0.167558,0.023782,0.311334,0.866708,0.975942,0.757474,0.968565,0.964748,0.972382,0.005073,0.017268,0.033823,0.027567,0.000000,15,0,9,0,0
teapot_droplets,unconstrained,1,900,4602.459,0.135124,0.841946,0.941073,0.742818,26,0.00006950,0,0.166221,0.021467,0.310976,0.868056,0.978156,0.757956,0.967546,0.961275,0.973816,0.004620,0.017153,0.037014,0.025978,0.000000,15,0,9,0,0
teapot_droplets,unconstrained,1,925,4635.361,0.131248,0.842335,0.938811,0.745859,26,0.00004511,1,0.172137,0.023256,0.321019,0.865310,0.976364,0.754256,0.972969,0.960644,0.985294,0.005030,0.018243,0.037377,0.015328,0.000000,15,0,9,0,0
teapot_droplets,unconstrained,1,950,4841.449,0.132348,0.841599,0.939156,0.744041,26,0.00002796,0,0.172331,0.020415,0.324247,0.865769,0.979142,0.752397,0.971812,0.958329,0.985294,0.004614,0.018516,0.038947,0.015564,0.000000,15,0,9,0,0
teapot_droplets,unconstrained,1,975,4873.664,0.130012,0.845127,0.938336,0.751917,26,0.00003528,0,0.166052,0.022204,0.309900,0.869020,0.977375,0.760665,0.972053,0.959171,0.984935,0.004853,0.018113,0.038035,0.014532,0.000000,15,0,9,0,0
teapot_droplets,unconstrained,1,1000,5084.986,0.130393,0.846633,0.937828,0.755439,26,0.00000429,0,0.163180,0.023992,0.302367,0.870272,0.975625,0.764919,0.972094,0.960328,0.983859,0.005366,0.017739,0.037224,0.015235,0.000000,15,0,9,0,0
teapot_droplets,unconstrained,1,1025,5117.615,0.131104,0.842238,0.937128,0.747348,26,0.00001052,1,0.171587,0.024308,0.318867,0.865435,0.975302,0.755568,0.972780,0.959907,0.985653,0.005434,0.017771,0.037545,0.015297,0.000000,15,0,9,0,0
water_fire,constrained,0,1,1.338,1.378002,0.285997,0.264764,0.307229,20,0.00019481,0,0.195178,0.181681,0.208675,0.636428,0.632632,0.640224,0.342104,0.312867,0.371340,0.024462,0.030884,0.684096,0.625483,0.000000,0,0,0,0,0
water_fire,constrained,0,25,25.423,0.865291,0.521554,0.503351,0.539758,20,0.00024837,3,0.120615,0.101493,0.139737,0.830083,0.845269,0.814898,0.584810,0.554437,0.615182,0.013395,0.020612,0.442834,0.382378,0.000000,0,0,0,0,0
water_fire,constrained,0,50,182.376,0.477569,0.713227,0.727940,0.698514,23,0.00072229,0,0.132215,0.096964,0.167467,0.860675,0.891720,0.829630,0.807008,0.798524,0.815492,0.012707,0.024417,0.199234,0.182339,0.000000,3,0,0,0,0
water_fire,constrained,0,75,210.617,0.317887,0.793482,0.817337,0.769626,23,0.00040822,3,0.122848,0.101158,0.144539,0.879002,0.898961,0.859042,0.890442,0.900017,0.880868,0.012959,0.021285,0.098283,0.117632,0.000000,3,0,0,0,0
water_fire,constrained,0,100,388.497,0.245500,0.833557,0.854554,0.812561,26,0.00030079,4,0.104847,0.092266,0.117428,0.897762,0.910043,0.885481,0.920689,0.933400,0.907978,0.011999,0.017054,0.065781,0.090554,0.000000,6,0,0,0,0
water_fire,constrained,0,125,419.636,0.221959,0.847632,0.869646,0.825619,26,0.00040657,3,0.096354,0.084885,0.107823,0.906000,0.917455,0.894545,0.929053,0.943466,0.914640,0.011041,0.015624,0.056109,0.083537,0.000000,6,0,0,0,0
water_fire,constrained,0,150,604.298,0.188961,0.867190,0.901209,0.833170,27,0.00035055,3,0.087966,0.068109,0.107823,0.914660,0.933919,0.895401,0.942798,0.962590,0.923005,0.008586,0.015726,0.037020,0.075416,0.000000,8,1,2,0,0
water_fire,constrained,0,175,637.033,0.160460,0.884934,0.923346,0.846522,27,0.00036287,3,0.078635,0.057037,0.100232,0.923813,0.944787,0.902838,0.953691,0.976011,0.931371,0.007216,0.014545,0.024024,0.066938,0.000000,8,1,2,0,0
water_fire,constrained,0,200,838.203,0.131581,0.902655,0.936571,0.868738,28,0.00042955,1,0.070852,0.049992,0.091712,0.931725,0.951623,0.911826,0.965902,0.983392,0.948412,0.006321,0.013398,0.016373,0.050617,0.000000,11,1,4,0,1
water_fire,constrained,0,225,872.501,0.121340,0.909479,0.936361,0.882597,28,0.00018749,2,0.064933,0.049153,0.080713,0.937166,0.952350,0.921983,0.968110,0.982386,0.953834,0.006293,0.011869,0.017437,0.044590,0.000000,11,1,4,0,1
water_fire,constrained,0,250,1079.438,0.110333,0.915009,0.937062,0.892955,27,0.00009852,1,0.061898,0.052843,0.070953,0.940046,0.949161,0.930930,0.971446,0.986579,0.956313,0.006705,0.010070,0.013404,0.042014,0.000000,11,1,5,0,1
water_fire,constrained,0,275,1111.904,0.109937,0.915266,0.940520,0.890013,27,0.00010577,3,0.061943,0.052005,0.071882,0.939997,0.950064,0.929931,0.971710,0.989431,0.953989,0.006633,0.010303,0.010297,0.044027,0.000000,11,1,5,0,1
water_fire,constrained,0,300,1315.314,0.106586,0.916135,0.933007,0.899263,30,0.00008324,2,0.066808,0.061735,0.071882,0.935969,0.941336,0.930601,0.977255,0.990606,0.963904,0.008050,0.010425,0.009849,0.034616,0.000000,14,1,5,0,1
water_fire,constrained,0,325,1351.550,0.092119,0.927294,0.944017,0.910571,30,0.00006416,2,0.055587,0.045798,0.065376,0.946266,0.955667,0.936864,0.978676,0.987250,0.970101,0.005732,0.009444,0.012634,0.028965,0.000000,14,1,5,0,1
water_fire,constrained,0,350,1563.035,0.089711,0.929134,0.946853,0.911414,29,0.00006057,2,0.055781,0.044791,0.066770,0.946211,0.956684,0.935739,0.980767,0.989264,0.972270,0.005670,0.009775,0.011021,0.026830,0.000000,14,1,6,0,1
water_fire,constrained,0,375,1597.897,0.090140,0.927740,0.946954,0.908526,29,0.00006884,3,0.057827,0.043617,0.072037,0.944431,0.957730,0.931132,0.981115,0.988257,0.973974,0.005495,0.010302,0.011732,0.025183,0.000000,14,1,6,0,1
water_fire,constrained,0,400,1811.726,0.082245,0.932851,0.950960,0.914742,28,0.00008378,4,0.053271,0.039926,0.066615,0.948641,0.961194,0.936088,0.982303,0.988928,0.975678,0.004984,0.009354,0.011008,0.022959,0.000000,14,1,7,0,1
water_fire,constrained,0,425,1845.542,0.082944,0.931459,0.952673,0.910245,28,0.00030081,3,0.056085,0.038584,0.073586,0.946220,0.962467,0.929972,0.983329,0.989431,0.977227,0.004761,0.010259,0.010245,0.021603,0.000000,14,1,7,0,1
water_fire,constrained,0,450,2042.832,0.076848,0.937694,0.957657,0.917731,27,0.00013510,2,0.050877,0.034055,0.067699,0.951064,0.966754,0.935374,0.985065,0.990270,0.979861,0.004251,0.009893,0.009665,0.019041,0.000000,14,1,8,0,1
water_fire,constrained,0,475,2075.261,0.077374,0.936757,0.958218,0.915296,27,0.00016337,2,0.052730,0.031874,0.073586,0.949551,0.968771,0.930331,0.985705,0.988760,0.982649,0.003938,0.010715,0.011206,0.016023,0.000000,14,1,8,0,1
water_fire,constrained,0,500,2270.547,0.073195,0.941447,0.965348,0.917547,27,0.00017408,1,0.048645,0.026338,0.070953,0.953381,0.974105,0.932657,0.986711,0.990773,0.982649,0.003359,0.010499,0.009212,0.016548,0.000000,14,1,8,0,1
water_fire,constrained,0,525,2302.339,0.075134,0.938166,0.963452,0.912880,27,0.00014707,2,0.051117,0.028183,0.074051,0.951057,0.972337,0.929778,0.985543,0.990606,0.980480,0.003518,0.010579,0.008697,0.018283,0.000000,14,1,8,0,1
water_fire,constrained,0,550,2491.831,0.071640,0.941036,0.964046,0.918026,27,0.00012748,1,0.049969,0.026506,0.073431,0.952283,0.973914,0.930651,0.987518,0.989599,0.985438,0.003230,0.010656,0.010184,0.013769,0.000000,14,1,8,0,1
water_fire,constrained,0,575,2523.774,0.068238,0.943378,0.965996,0.920759,27,0.00018495,2,0.047787,0.026170,0.069404,0.954218,0.974279,0.934156,0.987970,0.991277,0.984663,0.003228,0.009874,0.008803,0.014465,0.000000,14,1,8,0,1
water_fire,constrained,0,600,2706.001,0.068906,0.943797,0.965935,0.921660,27,0.00017809,2,0.046090,0.024325,0.067854,0.955754,0.976005,0.935503,0.986815,0.989431,0.984198,0.003092,0.009754,0.010498,0.014541,0.000000,14,1,8,0,1
water_fire,constrained,0,625,2737.838,0.069648,0.944152,0.961860,0.926445,27,0.00041566,2,0.043165,0.024828,0.061503,0.958287,0.975432,0.941142,0.984582,0.985741,0.983424,0.003093,0.008751,0.014208,0.015479,0.000000,14,1,8,0,1
water_fire,constrained,0,650,2920.384,0.067468,0.943867,0.962963,0.924770,27,0.00013343,0,0.045385,0.028183,0.062587,0.956222,0.972323,0.940122,0.986376,0.990102,0.982649,0.003574,0.008696,0.009853,0.015929,0.000000,14,1,8,0,1
water_fire,constrained,0,675,2952.290,0.071203,0.942341,0.958048,0.926634,27,0.00015242,2,0.044901,0.027680,0.062122,0.956641,0.972655,0.940628,0.984382,0.984566,0.984198,0.003467,0.008678,0.015544,0.014871,0.000000,14,1,8,0,1
water_fire,constrained,0,700,3141.491,0.069634,0.944625,0.961721,0.927530,27,0.00020729,3,0.043966,0.025499,0.062432,0.957608,0.974797,0.940420,0.985841,0.986244,0.985438,0.003304,0.009026,0.013936,0.013954,0.000000,14,1,8,0,1
water_fire,constrained,0,725,3173.407,0.072992,0.940100,0.961043,0.919157,27,0.00014275,2,0.051156,0.029190,0.073122,0.951159,0.971334,0.930984,0.987731,0.989096,0.986367,0.003679,0.010603,0.010984,0.012879,0.000000,14,1,8,0,1
water_fire,constrained,0,750,3373.383,0.073381,0.940300,0.959980,0.920619,27,0.00019615,2,0.049213,0.027009,0.071418,0.952910,0.973336,0.932484,0.986138,0.985908,0.986367,0.003475,0.010394,0.013246,0.012660,0.000000,14,1,8,0,1
water_fire,constrained,0,775,3404.926,0.073357,0.938989,0.963035,0.914943,27,0.00021849,1,0.054215,0.030196,0.078234,0.948493,0.970463,0.926524,0.989319,0.992115,0.986522,0.003815,0.011346,0.008152,0.012543,0.000000,14,1,8,0,1
water_fire,constrained,0,800,3589.706,0.075035,0.936673,0.961476,0.911870,27,0.00010495,2,0.058314,0.032042,0.084586,0.944966,0.968719,0.921212,0.990642,0.992283,0.989001,0.003894,0.012340,0.007719,0.010632,0.000000,14,1,8,0,1
water_fire,constrained,0,825,3620.926,0.073187,0.937856,0.962644,0.913068,27,0.00018839,2,0.058191,0.032880,0.083501,0.945078,0.967990,0.922166,0.991803,0.994296,0.989311,0.004059,0.012289,0.005821,0.009960,0.000000,14,1,8,0,1
water_fire,constrained,0,850,3786.816,0.067221,0.943542,0.972578,0.914507,27,0.00026936,2,0.051719,0.021641,0.081797,0.951159,0.978685,0.923633,0.991468,0.993625,0.989311,0.002702,0.011771,0.006362,0.010226,0.000000,14,1,8,0,1
water_fire,constrained,0,875,3817.784,0.065652,0.944953,0.973862,0.916045,27,0.00004783,2,0.049970,0.020466,0.079473,0.952715,0.979821,0.925609,0.991319,0.993793,0.988846,0.002532,0.011560,0.005938,0.010605,0.000000,14,1,8,0,1
water_fire,constrained,0,900,3991.207,0.065030,0.944083,0.970709,0.917458,27,0.00004964,1,0.051234,0.025164,0.077304,0.951399,0.975337,0.927460,0.991758,0.995135,0.988381,0.003029,0.011053,0.004977,0.010909,0.000000,14,1,8,0,1
water_fire,constrained,0,925,4022.142,0.066079,0.944439,0.972773,0.916104,27,0.00000733,1,0.050602,0.022815,0.078389,0.952035,0.977584,0.926486,0.991442,0.994967,0.987916,0.002900,0.011339,0.005362,0.011096,0.000000,14,1,8,0,1
water_fire,constrained,0,950,4201.183,0.062698,0.946993,0.973727,0.920260,27,0.00002380,0,0.048001,0.021641,0.074361,0.954379,0.978709,0.930050,0.991745,0.994800,0.988691,0.002745,0.010738,0.005296,0.010418,0.000000,14,1,8,0,1
water_fire,constrained,0,975,4232.172,0.059642,0.948317,0.973235,0.923399,27,0.00001312,0,0.047768,0.021641,0.073896,0.954674,0.978699,0.930648,0.992965,0.994296,0.991634,0.002765,0.010551,0.005624,0.007372,0.000000,14,1,8,0,1
water_fire,constrained,0,1000,4399.526,0.058451,0.950270,0.973883,0.926656,27,0.00002195,1,0.045045,0.021305,0.068784,0.957044,0.979029,0.935059,0.992513,0.994632,0.990395,0.002677,0.010054,0.005551,0.008455,0.000000,14,1,8,0,1
water_fire,constrained,0,1025,4430.989,0.057977,0.949672,0.973102,0.926243,27,0.00003953,1,0.045954,0.022815,0.069094,0.956184,0.977591,0.934776,0.992771,0.995303,0.990240,0.002812,0.009893,0.004897,0.008672,0.000000,14,1,8,0,1
water_fire,constrained,0,1050,4599.123,0.055108,0.952915,0.973896,0.931934,27,0.00002922,1,0.042353,0.021808,0.062897,0.959425,0.978555,0.940294,0.992843,0.995135,0.990550,0.002753,0.009151,0.005118,0.008472,0.000000,14,1,8,0,1
water_fire,constrained,0,1075,4630.471,0.056172,0.951502,0.971157,0.931848,27,0.00004801,1,0.043740,0.023654,0.063826,0.958135,0.976760,0.939510,0.992727,0.994129,0.991325,0.002945,0.009111,0.006286,0.007868,0.000000,14,1,8,0,1
water_fire,constrained,0,1100,4792.295,0.059375,0.950579,0.972587,0.928571,27,0.00001398,2,0.043444,0.021976,0.064911,0.958385,0.978369,0.938400,0.991403,0.993961,0.988846,0.002730,0.009495,0.006678,0.010382,0.000000,14,1,8,0,1
water_fire,constrained,0,1125,4824.000,0.056700,0.950999,0.972295,0.929702,27,0.00006753,1,0.044967,0.023318,0.066615,0.957076,0.977100,0.937052,0.993301,0.994967,0.991634,0.002837,0.009702,0.005289,0.007500,0.000000,14,1,8,0,1
water_fire,constrained,0,1150,4991.578,0.056166,0.952660,0.973386,0.931934,27,0.00008139,0,0.042017,0.021137,0.062897,0.959736,0.979177,0.940294,0.992255,0.993961,0.990550,0.002695,0.009115,0.006317,0.008786,0.000000,14,1,8,0,1
water_fire,constrained,0,1175,5022.430,0.054862,0.952984,0.973102,0.932866,27,0.00003816,1,0.042159,0.022815,0.061503,0.959557,0.977591,0.941523,0.992771,0.995303,0.990240,0.002854,0.008824,0.005247,0.008970,0.000000,14,1,8,0,1
water_fire,constrained,0,1200,5187.857,0.056249,0.952622,0.972920,0.932324,27,0.00003762,1,0.043295,0.022144,0.064446,0.958619,0.978218,0.939021,0.993437,0.994464,0.992409,0.002815,0.009447,0.005987,0.007435,0.000000,14,1,8,0,1
water_fire,constrained,0,1225,5218.310,0.053817,0.952963,0.972796,0.933129,27,0.00002861,0,0.043508,0.023654,0.063362,0.958387,0.976798,0.939977,0.994030,0.995806,0.992254,0.002956,0.009129,0.004575,0.006857,0.000000,14,1,8,0,1
water_fire,constrained,0,1250,5372.061,0.054282,0.952603,0.971494,0.933712,27,0.00000876,0,0.043675,0.023989,0.063362,0.958232,0.976453,0.940012,0.993837,0.994800,0.992874,0.002992,0.009088,0.005513,0.006472,0.000000,14,1,8,0,1
water_fire,constrained,0,1275,5403.173,0.055204,0.952566,0.972099,0.933032,27,0.00002454,1,0.043140,0.022144,0.064136,0.958761,0.978200,0.939323,0.993249,0.993625,0.992874,0.002800,0.009234,0.006619,0.006562,0.000000,14,1,8,0,1
water_fire,constrained,0,1300,5599.991,0.054780,0.952014,0.972272,0.931755,27,0.00002705,2,0.044702,0.022479,0.066925,0.957406,0.977888,0.936925,0.994121,0.994129,0.994113,0.002794,0.009576,0.006029,0.005335,0.000000,14,1,8,0,1
water_fire,constrained,0,1325,5631.196,0.059452,0.948601,0.967573,0.929629,27,0.00001974,1,0.046012,0.024325,0.067699,0.956097,0.976045,0.936148,0.991836,0.991109,0.992564,0.002855,0.009688,0.009110,0.006760,0.000000,14,1,8,0,1
water_fire,constrained,0,1350,5804.703,0.055780,0.951232,0.968597,0.933867,27,0.00000931,0,0.044592,0.025667,0.063517,0.957353,0.974815,0.939892,0.993321,0.993457,0.993184,0.003142,0.009137,0.006630,0.006223,0.000000,14,1,8,0,1
water_fire,constrained,0,1375,5835.298,0.055007,0.951858,0.969042,0.934675,27,0.00000491,0,0.043295,0.024157,0.062432,0.958543,0.976238,0.940848,0.992740,0.992451,0.993029,0.002926,0.008959,0.007405,0.006167,0.000000,14,1,8,0,1
water_fire,constrained,0,1400,5983.583,0.055025,0.951529,0.971799,0.931260,28,0.00000827,0,0.044573,0.023150,0.065995,0.957456,0.977246,0.937665,0.993508,0.994296,0.992719,0.002951,0.009226,0.006155,0.006269,0.000000,15,1,8,0,1
water_fire,constrained,0,1425,6015.776,0.052656,0.954259,0.969866,0.938653,28,0.00000659,0,0.041210,0.024325,0.058095,0.960420,0.976100,0.944739,0.993321,0.993457,0.993184,0.002932,0.008458,0.006868,0.006075,0.000000,15,1,8,0,1
water_fire,constrained,0,1450,6171.719,0.052431,0.954204,0.971611,0.936798,27,0.00001034,1,0.041830,0.022312,0.061348,0.959958,0.978031,0.941884,0.993779,0.993290,0.994268,0.002836,0.008763,0.006922,0.004931,0.000000,15,1,9,0,1
water_fire,constrained,0,1475,6203.000,0.052828,0.953886,0.969558,0.938214,27,0.00000805,1,0.041545,0.024996,0.058095,0.960090,0.975465,0.944715,0.993256,0.993793,0.992719,0.002952,0.008466,0.006324,0.006693,0.000000,15,1,9,0,1
water_fire,constrained,0,1500,6362.911,0.051947,0.953825,0.969895,0.937756,27,0.00000561,2,0.042797,0.025331,0.060263,0.959007,0.975160,0.942853,0.994366,0.994464,0.994268,0.003055,0.008536,0.005982,0.005370,0.000000,15,1,9,0,1
water_fire,constrained,0,1525,6394.204,0.051708,0.954793,0.970511,0.939074,27,0.00000330,0,0.040887,0.023989,0.057785,0.960728,0.976430,0.945026,0.993566,0.993793,0.993338,0.002915,0.008331,0.006632,0.005836,0.000000,15,1,9,0,1
water_fire,constrained,0,1550,6569.343,0.052749,0.953543,0.967984,0.939101,27,0.00000141,1,0.042629,0.027009,0.058249,0.959091,0.973550,0.944633,0.993966,0.994129,0.993803,0.003235,0.008559,0.006006,0.005429,0.000000,15,1,9,0,1
water_fire,constrained,0,1575,6601.123,0.051129,0.954269,0.969246,0.939292,27,0.00000047,0,0.042262,0.025499,0.059024,0.959487,0.974988,0.943987,0.994347,0.993961,0.994733,0.003217,0.008332,0.006109,0.004505,0.000000,15,1,9,0,1
water_fire,constrained,0,1600,6751.388,0.051653,0.954690,0.970555,0.938826,27,0.00000515,1,0.042029,0.025499,0.058559,0.959688,0.975021,0.944354,0.994553,0.995303,0.993803,0.003074,0.008514,0.005312,0.005725,0.000000,15,1,9,0,1
water_fire,constrained,0,1625,6782.925,0.050999,0.954006,0.968627,0.939385,27,0.00000304,1,0.042384,0.026673,0.058095,0.959329,0.973879,0.944780,0.994211,0.994464,0.993958,0.003200,0.008176,0.006078,0.005079,0.000000,15,1,9,0,1
water_fire,constrained,0,1650,6951.609,0.050076,0.955690,0.969747,0.941634,27,0.00000279,0,0.041112,0.025835,0.056390,0.960520,0.974688,0.946352,0.994766,0.994800,0.994733,0.003177,0.008054,0.005868,0.004846,0.000000,15,1,9,0,1
water_fire,constrained,0,1675,6983.448,0.049047,0.956137,0.968622,0.943652,27,0.00000287,1,0.039744,0.026506,0.052982,0.961706,0.974035,0.949378,0.993972,0.994296,0.993648,0.003194,0.007396,0.006413,0.005721,0.000000,15,1,9,0,1
water_fire,constrained,0,1700,7153.480,0.048390,0.957789,0.970815,0.944764,27,0.00000228,1,0.037447,0.023150,0.051743,0.963864,0.977224,0.950504,0.993469,0.993290,0.993648,0.002872,0.007441,0.007500,0.005010,0.000000,15,1,9,0,1
water_fire,constrained,0,1725,7185.482,0.049332,0.957060,0.969528,0.944592,27,0.00000826,1,0.037634,0.023989,0.051278,0.963652,0.976407,0.950897,0.992908,0.992786,0.993029,0.003008,0.007337,0.007744,0.005684,0.000000,15,1,9,0,1
water_fire,constrained,0,1750,7348.426,0.049785,0.956289,0.968085,0.944494,27,0.00001616,2,0.038602,0.024996,0.052208,0.962759,0.975429,0.950089,0.993043,0.992283,0.993803,0.003115,0.007472,0.007772,0.005185,0.000000,15,1,9,0,1
water_fire,constrained,0,1775,7380.672,0.048852,0.956566,0.968827,0.944305,27,0.00002011,3,0.039640,0.027848,0.051433,0.961772,0.972796,0.950749,0.994340,0.995806,0.992874,0.003472,0.007372,0.005034,0.005854,0.000000,15,1,9,0,1
water_fire,constrained,0,1800,7540.036,0.051922,0.953865,0.962770,0.944960,27,0.00002204,1,0.042273,0.031874,0.052672,0.959313,0.968914,0.949712,0.994095,0.993457,0.994733,0.003995,0.007465,0.007001,0.004836,0.000000,15,1,9,0,1
water_fire,constrained,0,1825,7572.762,0.056076,0.949988,0.958522,0.941453,27,0.00000844,1,0.045584,0.035397,0.055771,0.956217,0.965562,0.946871,0.993205,0.992451,0.993958,0.004432,0.007816,0.007863,0.005445,0.000000,15,1,9,0,1
water_fire,constrained,0,1850,7721.099,0.055452,0.950469,0.958975,0.941963,27,0.00001605,2,0.044467,0.034558,0.054376,0.957216,0.966340,0.948092,0.992649,0.992115,0.993184,0.004192,0.007773,0.008181,0.005559,0.000000,15,1,9,0,1
water_fire,constrained,0,1875,7753.559,0.052492,0.953232,0.960733,0.945731,27,0.00004812,1,0.042195,0.033887,0.050503,0.959317,0.967010,0.951625,0.993392,0.993290,0.993493,0.004167,0.007227,0.006819,0.005895,0.000000,15,1,9,0,1
water_fire,constrained,0,1900,7912.971,0.057826,0.948011,0.955103,0.940918,27,0.00003665,2,0.047726,0.038752,0.056700,0.954229,0.962408,0.946050,0.993192,0.992115,0.994268,0.004811,0.007876,0.008026,0.005448,0.000000,15,1,9,0,1
water_fire,constrained,0,1925,7945.206,0.057822,0.948781,0.957224,0.940338,27,0.00003179,2,0.046738,0.039255,0.054222,0.955089,0.962038,0.948140,0.993062,0.994800,0.991325,0.004917,0.007628,0.006052,0.007989,0.000000,15,1,9,0,1
water_fire,constrained,0,1950,8131.681,0.062435,0.944938,0.949511,0.940364,27,0.00002235,3,0.050661,0.046636,0.054686,0.951459,0.955176,0.947742,0.992791,0.993793,0.991789,0.005949,0.007897,0.006661,0.007306,0.000000,15,1,9,0,1
water_fire,constrained,0,1975,8163.603,0.058452,0.946668,0.951693,0.941643,27,0.00001828,2,0.049603,0.045294,0.053912,0.952463,0.956452,0.948475,0.993604,0.994800,0.992409,0.005666,0.007474,0.005667,0.006710,0.000000,15,1,9,0,1
water_fire,constrained,0,2000,8332.915,0.061263,0.944872,0.954077,0.935667,27,0.00002627,2,0.051534,0.041100,0.061967,0.950782,0.960266,0.941297,0.993469,0.993290,0.993648,0.005180,0.008708,0.006998,0.005499,0.000000,15,1,9,0,1
water_fire,constrained,1,1,1.372,1.296097,0.320134,0.380095,0.260173,20,0.00000892,0,0.154435,0.090589,0.218280,0.706421,0.820658,0.592185,0.365746,0.414528,0.316964,0.012113,0.032178,0.583477,0.679456,0.000000,0,0,0,0,0
water_fire,constrained,1,25,26.060,0.890863,0.512667,0.590546,0.434788,20,0.00010882,2,0.105495,0.050495,0.160496,0.841704,0.924731,0.758677,0.562468,0.620366,0.504570,0.006534,0.023473,0.377175,0.492559,0.000000,0,0,0,0,0
water_fire,constrained,1,50,188.661,0.632458,0.640446,0.692744,0.588147,23,0.00007751,4,0.097708,0.063580,0.131836,0.877627,0.920562,0.834693,0.701237,0.736789,0.665686,0.008237,0.019035,0.261729,0.331853,0.000000,3,0,0,0,0
water_fire,constrained,1,75,217.521,0.437007,0.739847,0.771528,0.708167,23,0.00051172,5,0.093300,0.061735,0.124864,0.897205,0.929918,0.864492,0.807875,0.819158,0.796592,0.007979,0.018299,0.179320,0.200731,0.000000,3,0,0,0,0
water_fire,constrained,1,100,404.666,0.259400,0.826309,0.853662,0.798955,26,0.00152944,6,0.111947,0.067271,0.156623,0.893158,0.931241,0.855075,0.917589,0.911089,0.924090,0.008748,0.022854,0.087338,0.073287,0.000000,6,0,0,0,0
water_fire,constrained,1,125,437.655,0.202257,0.861134,0.888290,0.833978,26,0.00199171,6,0.089698,0.058715,0.120682,0.913439,0.941236,0.885643,0.937535,0.940446,0.934624,0.007709,0.017631,0.058631,0.063189,0.000000,6,0,0,0,0
water_fire,constrained,1,150,645.225,0.163389,0.882983,0.909163,0.856802,28,0.00087842,5,0.079546,0.054521,0.104570,0.923347,0.946192,0.900501,0.952565,0.958732,0.946398,0.006987,0.015115,0.041158,0.051297,0.000000,9,0,1,0,0
water_fire,constrained,1,175,680.777,0.134420,0.902527,0.926193,0.878862,28,0.00095895,5,0.062945,0.047811,0.078079,0.938457,0.953048,0.923867,0.958979,0.970475,0.947483,0.005947,0.011221,0.029059,0.050878,0.000000,9,0,1,0,1
water_fire,constrained,1,200,892.770,0.115843,0.914781,0.938166,0.891396,26,0.00098683,3,0.055175,0.039087,0.071263,0.946002,0.961449,0.930556,0.964878,0.974836,0.954919,0.004914,0.010077,0.025056,0.042930,0.000000,9,0,3,0,1
water_fire,constrained,1,225,925.393,0.107936,0.920680,0.935155,0.906204,26,0.00076923,3,0.050541,0.037410,0.063672,0.950454,0.962870,0.938037,0.967022,0.970139,0.963904,0.004623,0.009197,0.029397,0.034652,0.000000,9,0,3,0,1
water_fire,constrained,1,250,1130.825,0.098262,0.927818,0.942248,0.913387,26,0.00050763,3,0.045036,0.031203,0.058869,0.955755,0.968886,0.942624,0.969403,0.971649,0.967157,0.003899,0.008465,0.027846,0.031485,0.000000,9,0,3,0,1
water_fire,constrained,1,275,1163.515,0.092511,0.930455,0.943182,0.917728,26,0.00066392,3,0.045817,0.033384,0.058249,0.955150,0.966883,0.943416,0.972927,0.974669,0.971185,0.004043,0.008358,0.024599,0.028069,0.000000,9,0,3,0,1
water_fire,constrained,1,300,1365.466,0.091412,0.931396,0.947231,0.915561,26,0.00054285,2,0.046153,0.030029,0.062277,0.954981,0.970142,0.939820,0.974127,0.975675,0.972579,0.003789,0.008803,0.024004,0.026773,0.000000,9,0,3,0,1
water_fire,constrained,1,325,1398.151,0.085198,0.934790,0.952428,0.917153,26,0.00049824,4,0.045908,0.029693,0.062122,0.955332,0.970613,0.940051,0.977418,0.980708,0.974129,0.003610,0.008929,0.019083,0.025040,0.000000,9,0,3,0,1
water_fire,constrained,1,350,1589.931,0.087633,0.931747,0.950268,0.913227,29,0.00051276,3,0.049025,0.032209,0.065840,0.952425,0.968207,0.936643,0.977115,0.980876,0.973354,0.003857,0.009311,0.018752,0.025549,0.000000,11,1,3,0,1
water_fire,constrained,1,375,1626.419,0.080891,0.935904,0.956883,0.914925,29,0.00043663,2,0.049057,0.031035,0.067080,0.952606,0.969502,0.935709,0.981438,0.986579,0.976297,0.003814,0.009653,0.012932,0.022739,0.000000,11,1,3,0,1
water_fire,constrained,1,400,1824.885,0.080691,0.935386,0.956416,0.914356,27,0.00041355,3,0.051316,0.035397,0.067235,0.950515,0.965489,0.935541,0.983051,0.990270,0.975833,0.004368,0.009611,0.009797,0.023621,0.000000,11,1,5,0,1
water_fire,constrained,1,425,1859.177,0.079135,0.937541,0.960312,0.914770,27,0.00037062,2,0.050077,0.031371,0.068784,0.951785,0.969299,0.934271,0.984065,0.990438,0.977692,0.003894,0.010140,0.009717,0.021786,0.000000,11,1,5,0,1
water_fire,constrained,1,450,2040.883,0.076444,0.940028,0.961413,0.918644,27,0.00040336,3,0.045224,0.026002,0.064446,0.956243,0.974316,0.938169,0.982129,0.986412,0.977847,0.003163,0.009315,0.013507,0.021206,0.000000,11,1,5,0,1
water_fire,constrained,1,475,2074.875,0.070115,0.945324,0.963223,0.927425,27,0.00043153,4,0.039350,0.026338,0.052363,0.961565,0.974050,0.949081,0.982290,0.988593,0.975988,0.003234,0.007602,0.011179,0.023049,0.000000,11,1,5,0,1
water_fire,constrained,1,500,2270.940,0.066977,0.946757,0.963289,0.930226,26,0.00036135,3,0.039188,0.028183,0.050194,0.961732,0.972332,0.951131,0.983677,0.990438,0.976917,0.003409,0.007219,0.009585,0.022041,0.000000,11,1,6,0,1
water_fire,constrained,1,525,2304.313,0.067497,0.946811,0.964251,0.929372,26,0.00048699,2,0.039169,0.027680,0.050658,0.961752,0.972826,0.950679,0.983697,0.990941,0.976452,0.003357,0.007399,0.009031,0.022563,0.000000,11,1,6,0,1
water_fire,constrained,1,550,2476.715,0.070665,0.944241,0.964356,0.924127,25,0.00029063,3,0.040809,0.026002,0.055616,0.960228,0.974393,0.946064,0.982477,0.989431,0.975523,0.003165,0.007895,0.010402,0.023651,0.000000,11,1,7,0,1
water_fire,constrained,1,575,2508.240,0.068657,0.945427,0.963964,0.926890,25,0.00028382,2,0.038647,0.024157,0.053137,0.962245,0.976115,0.948374,0.981696,0.987250,0.976143,0.002722,0.007452,0.012524,0.022845,0.000000,11,1,7,0,1
water_fire,constrained,1,600,2695.718,0.067569,0.947593,0.963952,0.931233,25,0.00024599,2,0.035691,0.023822,0.047560,0.964972,0.976432,0.953513,0.981219,0.986915,0.975523,0.002758,0.006747,0.012768,0.024098,0.000000,11,1,7,0,1
water_fire,constrained,1,625,2727.710,0.067020,0.947929,0.964262,0.931596,25,0.00032990,1,0.034819,0.023318,0.046321,0.965775,0.976914,0.954635,0.980748,0.986747,0.974748,0.002741,0.006469,0.013059,0.024312,0.000000,11,1,7,0,1
water_fire,constrained,1,650,2924.131,0.065851,0.946778,0.962806,0.930750,28,0.00035074,1,0.039892,0.028351,0.051433,0.961115,0.972163,0.950068,0.984362,0.990102,0.978621,0.003315,0.007347,0.009735,0.020510,0.000000,14,1,7,0,1
water_fire,constrained,1,675,2959.257,0.060666,0.950881,0.967092,0.934670,28,0.00030892,1,0.037582,0.024660,0.050503,0.963399,0.975719,0.951080,0.986408,0.990941,0.981875,0.002999,0.007273,0.008946,0.017131,0.000000,14,1,7,0,1
water_fire,constrained,1,700,3159.655,0.057717,0.953048,0.968540,0.937555,27,0.00024447,4,0.035381,0.023822,0.046940,0.965451,0.976541,0.954361,0.986588,0.991612,0.981565,0.002892,0.006625,0.008385,0.017484,0.000000,15,1,9,0,1
water_fire,constrained,1,725,3193.410,0.058504,0.950998,0.963645,0.938350,27,0.00047916,3,0.038446,0.029022,0.047870,0.962570,0.971565,0.953576,0.987440,0.991612,0.983269,0.003499,0.006774,0.008152,0.015387,0.000000,15,1,9,0,1
water_fire,constrained,1,750,3385.938,0.055582,0.954783,0.967536,0.942031,27,0.00040122,2,0.034038,0.023150,0.044926,0.966750,0.977149,0.956352,0.987144,0.989935,0.984353,0.002881,0.006325,0.009820,0.014800,0.000000,15,1,9,0,1
water_fire,constrained,1,775,3419.558,0.056915,0.953731,0.965918,0.941543,27,0.00058422,1,0.033987,0.023822,0.044152,0.966749,0.976478,0.957020,0.986021,0.988928,0.983114,0.002783,0.006340,0.010268,0.016025,0.000000,15,1,9,0,1
water_fire,constrained,1,800,3624.238,0.053821,0.957232,0.967700,0.946764,26,0.00052143,1,0.031018,0.023150,0.038885,0.969561,0.977152,0.961970,0.986840,0.990102,0.983579,0.002812,0.005628,0.010029,0.015606,0.000000,15,1,10,0,1
water_fire,constrained,1,825,3656.622,0.054211,0.956814,0.970859,0.942768,26,0.00076047,2,0.030547,0.018957,0.042138,0.970037,0.981198,0.958875,0.985879,0.989264,0.982494,0.002271,0.005923,0.010680,0.016190,0.000000,15,1,10,0,1
water_fire,constrained,1,850,3859.591,0.052647,0.958339,0.970869,0.945809,26,0.00078363,2,0.029940,0.019292,0.040589,0.970635,0.980878,0.960393,0.986899,0.989599,0.984198,0.002290,0.005694,0.010800,0.015151,0.000000,15,1,10,0,1
water_fire,constrained,1,875,3891.670,0.051001,0.959754,0.972305,0.947204,26,0.00074093,2,0.028172,0.017614,0.038730,0.972318,0.982509,0.962127,0.986660,0.989431,0.983888,0.002086,0.005397,0.010750,0.015410,0.000000,15,1,10,0,1
water_fire,constrained,1,900,4100.224,0.053219,0.957971,0.969727,0.946216,26,0.00069421,2,0.029721,0.019628,0.039814,0.970822,0.980536,0.961108,0.986324,0.988760,0.983888,0.002329,0.005574,0.011454,0.015526,0.000000,15,1,10,0,1
water_fire,constrained,1,925,4132.416,0.054319,0.956229,0.970409,0.942048,26,0.00064965,2,0.032851,0.020466,0.045236,0.967914,0.979751,0.956077,0.987467,0.990270,0.984663,0.002341,0.006458,0.009862,0.014788,0.000000,15,1,10,0,1
water_fire,constrained,1,950,4311.594,0.052977,0.957752,0.971993,0.943511,26,0.00071729,0,0.030212,0.018286,0.042138,0.970383,0.981861,0.958906,0.986518,0.989767,0.983269,0.002000,0.006063,0.010313,0.015741,0.000000,15,1,10,0,1
water_fire,constrained,1,975,4344.053,0.052512,0.958214,0.971810,0.944618,26,0.00067146,2,0.030496,0.017614,0.043377,0.970172,0.982500,0.957844,0.987260,0.988928,0.985593,0.001964,0.006231,0.011074,0.013970,0.000000,15,1,10,0,1
water_fire,constrained,1,1000,4530.790,0.050807,0.960104,0.974092,0.946115,26,0.00069584,2,0.028676,0.016608,0.040744,0.971886,0.983505,0.960266,0.987467,0.990270,0.984663,0.001970,0.005760,0.010218,0.014775,0.000000,15,1,10,0,1
water_fire,constrained,1,1025,4563.487,0.051115,0.959293,0.973432,0.945155,26,0.00078505,1,0.029450,0.016608,0.042293,0.971165,0.983494,0.958836,0.987363,0.989599,0.985128,0.001999,0.005890,0.010568,0.014056,0.000000,15,1,10,0,1
water_fire,constrained,1,1050,4763.062,0.049622,0.960681,0.973241,0.948122,26,0.00075263,0,0.027398,0.015601,0.039194,0.973102,0.984461,0.961742,0.986854,0.988425,0.985283,0.001689,0.005577,0.011520,0.013968,0.000000,15,1,10,0,1
water_fire,constrained,1,1075,4796.099,0.051677,0.958065,0.972772,0.943357,26,0.00080457,1,0.030690,0.016608,0.044771,0.970016,0.983483,0.956548,0.987260,0.988928,0.985593,0.001679,0.006188,0.011404,0.013920,0.000000,15,1,10,0,1
water_fire,constrained,1,1100,4975.773,0.049623,0.961674,0.975808,0.947541,26,0.00072607,1,0.025959,0.012414,0.039504,0.974515,0.987590,0.961440,0.986447,0.987921,0.984973,0.001290,0.005706,0.012340,0.014249,0.000000,15,1,10,0,1
water_fire,constrained,1,1125,5009.454,0.049076,0.961060,0.976975,0.945145,26,0.00074743,2,0.028838,0.012750,0.044926,0.971884,0.987278,0.956489,0.988519,0.989431,0.987607,0.001424,0.006405,0.010749,0.011885,0.000000,15,1,10,0,1
water_fire,constrained,1,1150,5215.599,0.047002,0.961999,0.978300,0.945697,26,0.00076941,1,0.028451,0.012750,0.044152,0.972248,0.987295,0.957201,0.989112,0.990773,0.987452,0.001318,0.006210,0.009784,0.011731,0.000000,15,1,10,0,1
water_fire,constrained,1,1175,5248.663,0.047241,0.961720,0.977991,0.945449,26,0.00076568,0,0.029419,0.013756,0.045081,0.971340,0.986315,0.956365,0.989758,0.991444,0.988071,0.001410,0.006431,0.008525,0.012005,0.000000,15,1,10,0,1
water_fire,constrained,1,1200,5435.884,0.046543,0.962509,0.978149,0.946869,26,0.00077632,1,0.028631,0.013421,0.043842,0.972084,0.986642,0.957527,0.989829,0.991277,0.988381,0.001450,0.006311,0.009100,0.010965,0.000000,15,1,10,0,1
water_fire,constrained,1,1225,5469.088,0.047869,0.962715,0.976956,0.948474,26,0.00075518,1,0.026095,0.011911,0.040279,0.974437,0.988095,0.960778,0.987635,0.988593,0.986677,0.001308,0.005763,0.011644,0.012672,0.000000,15,1,10,0,1
water_fire,constrained,1,1250,5642.895,0.050511,0.960504,0.973858,0.947149,26,0.00075895,1,0.027256,0.013924,0.040589,0.973271,0.986095,0.960447,0.986505,0.987418,0.985593,0.001433,0.005912,0.012381,0.013773,0.000000,15,1,10,0,1
water_fire,constrained,1,1275,5676.095,0.047854,0.962826,0.975674,0.949978,26,0.00078050,1,0.027172,0.013756,0.040589,0.973422,0.986283,0.960560,0.988816,0.989096,0.988536,0.001541,0.006011,0.011256,0.011100,0.000000,15,1,10,0,1
water_fire,constrained,1,1300,5855.422,0.049796,0.961094,0.972875,0.949314,26,0.00083694,2,0.026727,0.014259,0.039194,0.973772,0.985755,0.961788,0.986635,0.986747,0.986522,0.001547,0.005691,0.012905,0.012822,0.000000,15,1,10,0,1
water_fire,constrained,1,1325,5888.283,0.049546,0.961480,0.974801,0.948158,26,0.00083878,2,0.027412,0.011911,0.042912,0.973239,0.988069,0.958408,0.987629,0.986412,0.988846,0.001352,0.006200,0.013644,0.010549,0.000000,15,1,10,0,1
water_fire,constrained,1,1350,6056.338,0.048678,0.960573,0.971970,0.949175,26,0.00076245,0,0.029947,0.017447,0.042448,0.970764,0.982664,0.958865,0.989197,0.988928,0.989466,0.001911,0.006177,0.011084,0.010060,0.000000,15,1,10,0,1
water_fire,constrained,1,1375,6089.147,0.047771,0.963380,0.974499,0.952260,26,0.00070996,1,0.025752,0.013085,0.038420,0.974760,0.986919,0.962600,0.988048,0.987250,0.988846,0.001548,0.005629,0.013022,0.010799,0.000000,15,1,10,0,1
water_fire,constrained,1,1400,6273.635,0.047955,0.962290,0.973850,0.950729,25,0.00074247,1,0.027166,0.013588,0.040744,0.973436,0.986421,0.960451,0.988274,0.987083,0.989466,0.001449,0.005860,0.012963,0.010509,0.000000,15,1,11,0,1
water_fire,constrained,1,1425,6305.200,0.047360,0.962615,0.974486,0.950744,25,0.00065667,1,0.026818,0.012582,0.041053,0.973792,0.987410,0.960174,0.988261,0.986747,0.989775,0.001345,0.005827,0.013354,0.010069,0.000000,15,1,11,0,1
water_fire,constrained,1,1450,6491.837,0.045747,0.963188,0.974024,0.952353,25,0.00060194,1,0.027179,0.013924,0.040434,0.973445,0.986097,0.960793,0.989223,0.987586,0.990860,0.001555,0.005677,0.012334,0.009100,0.000000,15,1,11,0,1
water_fire,constrained,1,1475,6523.506,0.042781,0.965855,0.975780,0.955931,25,0.00054837,1,0.024133,0.011240,0.037026,0.976366,0.988738,0.963995,0.989036,0.986747,0.991325,0.001175,0.005246,0.013256,0.008171,0.000000,15,1,11,0,1
water_fire,constrained,1,1500,6702.272,0.041713,0.966717,0.977107,0.956327,25,0.00042774,1,0.023513,0.011240,0.035786,0.976942,0.988753,0.965132,0.989320,0.988089,0.990550,0.001213,0.005145,0.011873,0.008710,0.000000,15,1,11,0,1
water_fire,constrained,1,1525,6734.575,0.043189,0.964631,0.974818,0.954444,25,0.00040001,2,0.024881,0.012582,0.037180,0.975607,0.987414,0.963801,0.988506,0.987083,0.989930,0.001204,0.004996,0.012938,0.009940,0.000000,15,1,11,0,1
water_fire,constrained,1,1550,6925.298,0.046006,0.963181,0.972245,0.954117,25,0.00045205,1,0.025997,0.015434,0.036561,0.974479,0.984608,0.964350,0.988126,0.987250,0.989001,0.001659,0.005097,0.012746,0.010998,0.000000,15,1,11,0,1
water_fire,constrained,1,1575,6957.064,0.044648,0.964803,0.974979,0.954627,25,0.00039061,2,0.023480,0.012414,0.034547,0.976891,0.987580,0.966202,0.987345,0.987083,0.987607,0.001381,0.004894,0.012482,0.011721,0.000000,15,1,11,0,1
water_fire,constrained,1,1600,7126.385,0.045278,0.964431,0.974338,0.954525,25,0.00037659,2,0.024442,0.013253,0.035631,0.975982,0.986754,0.965209,0.987893,0.987250,0.988536,0.001469,0.005170,0.012332,0.011130,0.000000,15,1,11,0,1
water_fire,constrained,1,1625,7157.843,0.047796,0.962018,0.972048,0.951989,25,0.00038975,2,0.025023,0.014259,0.035786,0.975361,0.985743,0.964979,0.985983,0.985908,0.986057,0.001345,0.005055,0.014259,0.012942,0.000000,15,1,11,0,1
water_fire,constrained,1,1650,7355.417,0.046707,0.962607,0.972241,0.952973,25,0.00030191,2,0.024829,0.015266,0.034392,0.975528,0.984770,0.966287,0.986415,0.987083,0.985747,0.001572,0.004697,0.013248,0.013337,0.000000,15,1,11,0,1
water_fire,constrained,1,1675,7387.654,0.045158,0.964922,0.974789,0.955056,25,0.00026395,1,0.022745,0.011407,0.034082,0.977602,0.988562,0.966641,0.986757,0.985908,0.987607,0.001093,0.004820,0.013869,0.012448,0.000000,15,1,11,0,1
water_fire,constrained,1,1700,7580.280,0.044509,0.964115,0.976767,0.951464,25,0.00033145,3,0.024120,0.010904,0.037335,0.976314,0.989077,0.963551,0.987203,0.987418,0.986987,0.001012,0.004993,0.012280,0.012895,0.000000,15,1,11,0,1
water_fire,constrained,1,1725,7612.413,0.044654,0.965079,0.976613,0.953544,25,0.00026563,2,0.022590,0.011407,0.033772,0.977729,0.988583,0.966874,0.986751,0.987754,0.985747,0.001113,0.004738,0.011863,0.014141,0.000000,15,1,11,0,1
water_fire,constrained,1,1750,7803.724,0.073742,0.942113,0.950049,0.934178,25,0.00104622,2,0.039866,0.027680,0.052053,0.961066,0.972431,0.949701,0.979575,0.976346,0.982804,0.003205,0.007104,0.023590,0.016298,0.000000,15,1,11,0,1
water_fire,constrained,1,1775,7835.624,0.043674,0.964534,0.973170,0.955898,25,0.00048957,3,0.024584,0.012917,0.036251,0.975880,0.987065,0.964695,0.988145,0.985741,0.990550,0.001219,0.005067,0.014197,0.008803,0.000000,15,1,11,0,1
water_fire,constrained,1,1800,7997.677,0.120888,0.907430,0.918101,0.896759,25,0.00042376,3,0.068869,0.052843,0.084895,0.933954,0.948165,0.919742,0.969753,0.966616,0.972889,0.006636,0.012225,0.032567,0.025978,0.000000,15,1,11,0,1
water_fire,unconstrained,0,1,1.371,1.275042,0.323754,0.288854,0.358654,20,0.00067764,0,0.147866,0.167925,0.127808,0.713779,0.667663,0.759895,0.370926,0.337360,0.404493,0.022627,0.018817,0.659466,0.590946,0.000000,0,0,0,0,0
water_fire,unconstrained,0,25,27.179,0.788968,0.559114,0.554661,0.563566,20,0.00013852,2,0.111138,0.104848,0.117428,0.848370,0.853904,0.842836,0.621281,0.612817,0.629744,0.013830,0.017217,0.385099,0.367233,0.000000,0,0,0,0,0
water_fire,unconstrained,0,50,197.224,0.492163,0.710704,0.726874,0.694533,23,0.00005440,1,0.095544,0.071800,0.119287,0.891291,0.915615,0.866966,0.778223,0.779064,0.777382,0.009264,0.017292,0.220340,0.220241,0.000000,2,1,0,0,0
water_fire,unconstrained,0,75,227.537,0.345370,0.787079,0.795960,0.778199,23,0.00005255,1,0.083668,0.063077,0.104260,0.911214,0.930627,0.891801,0.852750,0.846167,0.859334,0.008137,0.015028,0.152738,0.138305,0.000000,2,1,0,0,0
water_fire,unconstrained,0,100,415.741,0.264541,0.828362,0.822656,0.834067,25,0.00018556,2,0.082059,0.073645,0.090473,0.916282,0.923036,0.909527,0.896384,0.883241,0.909527,0.009393,0.013066,0.116486,0.087467,0.000000,5,1,1,0,0
water_fire,unconstrained,0,125,448.805,0.219355,0.854509,0.858982,0.850036,25,0.00037410,3,0.071319,0.068277,0.074361,0.927726,0.930747,0.924706,0.915438,0.917631,0.913246,0.008821,0.010566,0.081982,0.083910,0.000000,5,1,1,0,0
water_fire,unconstrained,0,150,644.327,0.210136,0.857986,0.860265,0.855706,24,0.00008239,4,0.076204,0.074484,0.077924,0.923764,0.925428,0.922100,0.923364,0.924342,0.922386,0.009622,0.010967,0.075377,0.075691,0.000000,6,1,3,0,0
water_fire,unconstrained,0,175,676.127,0.173573,0.881093,0.898688,0.863498,24,0.00015132,3,0.063542,0.061399,0.065686,0.936450,0.939524,0.933375,0.937042,0.953867,0.920217,0.007842,0.009321,0.045594,0.078495,0.000000,6,1,3,0,0
water_fire,unconstrained,0,200,871.447,0.153424,0.889964,0.905598,0.874329,23,0.00010731,2,0.068666,0.069787,0.067545,0.932662,0.932806,0.932518,0.951091,0.968797,0.933385,0.008902,0.009786,0.030498,0.065140,0.000000,6,1,4,0,0
water_fire,unconstrained,0,225,901.553,0.138191,0.899892,0.921572,0.878212,23,0.00006710,3,0.060878,0.054521,0.067235,0.939972,0.946878,0.933066,0.954537,0.971817,0.937258,0.007126,0.009246,0.027786,0.060219,0.000000,6,1,4,0,0
water_fire,unconstrained,0,250,1093.789,0.129333,0.904698,0.924924,0.884471,23,0.00001659,2,0.063053,0.054689,0.071418,0.938416,0.946914,0.929918,0.961572,0.975507,0.947637,0.007105,0.010225,0.024285,0.050085,0.000000,6,1,4,0,1
water_fire,unconstrained,0,275,1124.147,0.125709,0.906747,0.929348,0.884145,23,0.00002386,0,0.063629,0.049488,0.077769,0.938128,0.951711,0.924545,0.964122,0.975340,0.952905,0.006464,0.011049,0.024368,0.045237,0.000000,6,1,4,0,1
water_fire,unconstrained,0,300,1305.698,0.120622,0.908042,0.924065,0.892020,26,0.00002519,1,0.067836,0.058212,0.077459,0.934616,0.943815,0.925418,0.969486,0.977856,0.961115,0.007421,0.011245,0.022178,0.037164,0.000000,9,1,4,0,1
water_fire,unconstrained,0,325,1339.715,0.103709,0.919845,0.942087,0.897602,26,0.00014393,3,0.059312,0.039926,0.078699,0.942836,0.960842,0.924830,0.973972,0.979701,0.968242,0.005026,0.011302,0.020122,0.029686,0.000000,9,1,4,0,1
water_fire,unconstrained,0,350,1546.458,0.101397,0.921977,0.947061,0.896892,27,0.00013776,4,0.057423,0.033048,0.081797,0.944787,0.967325,0.922250,0.974307,0.978359,0.970256,0.004073,0.011656,0.021437,0.028203,0.000000,11,1,5,0,1
water_fire,unconstrained,0,375,1582.036,0.101238,0.921766,0.948410,0.895121,27,0.00010599,1,0.058391,0.034055,0.082727,0.943898,0.966441,0.921355,0.974940,0.980708,0.969171,0.004037,0.011970,0.019106,0.029273,0.000000,11,1,5,0,1
water_fire,unconstrained,0,400,1792.377,0.096075,0.925436,0.954449,0.896423,29,0.00007394,1,0.057042,0.031203,0.082881,0.945303,0.969271,0.921335,0.977476,0.984231,0.970720,0.003888,0.011973,0.015388,0.027859,0.000000,14,1,6,0,1
water_fire,unconstrained,0,425,1831.058,0.086957,0.929702,0.957474,0.901930,29,0.00007070,3,0.058604,0.033551,0.083656,0.944182,0.967208,0.921156,0.983490,0.989599,0.977382,0.004214,0.011900,0.010725,0.021382,0.000000,14,1,6,0,1
water_fire,unconstrained,0,450,2043.279,0.081840,0.935067,0.962431,0.907703,28,0.00011060,2,0.051460,0.027009,0.075910,0.950640,0.973402,0.927878,0.982516,0.988425,0.976607,0.003422,0.010899,0.011888,0.021677,0.000000,14,1,7,0,1
water_fire,unconstrained,0,475,2080.325,0.079967,0.936321,0.962975,0.909667,28,0.00006703,2,0.051905,0.028519,0.075290,0.950271,0.972012,0.928529,0.984297,0.990438,0.978156,0.003512,0.010927,0.010278,0.020768,0.000000,14,1,7,0,1
water_fire,unconstrained,0,500,2297.716,0.075301,0.939474,0.962209,0.916739,28,0.00008919,2,0.048006,0.029861,0.066150,0.953679,0.970748,0.936609,0.984161,0.990941,0.977382,0.003622,0.009510,0.009377,0.021692,0.000000,14,1,7,0,1
water_fire,unconstrained,0,525,2335.096,0.065268,0.947447,0.969359,0.925535,28,0.00006888,3,0.040338,0.023822,0.056855,0.960814,0.976560,0.945068,0.985304,0.992451,0.978156,0.002916,0.008151,0.007755,0.020446,0.000000,14,1,7,0,1
water_fire,unconstrained,0,550,2548.397,0.060928,0.949516,0.967404,0.931628,27,0.00010274,3,0.038879,0.024157,0.053602,0.962209,0.976198,0.948219,0.986169,0.990773,0.981565,0.002941,0.007330,0.009445,0.017090,0.000000,14,1,8,0,1
water_fire,unconstrained,0,575,2584.547,0.060681,0.949894,0.967320,0.932468,27,0.00008081,1,0.038666,0.026673,0.050658,0.962339,0.973844,0.950834,0.986414,0.993122,0.979706,0.003134,0.007194,0.007303,0.018746,0.000000,14,1,8,0,1
water_fire,unconstrained,0,600,2798.485,0.057709,0.952450,0.968811,0.936089,27,0.00006707,0,0.038459,0.027344,0.049574,0.962614,0.973261,0.951966,0.988898,0.995303,0.982494,0.003399,0.007261,0.005107,0.016322,0.000000,14,1,8,0,1
water_fire,unconstrained,0,625,2835.184,0.056019,0.954572,0.970903,0.938241,27,0.00008478,2,0.033239,0.020466,0.046011,0.967489,0.979761,0.955217,0.986092,0.990773,0.981410,0.002374,0.006750,0.008634,0.017049,0.000000,14,1,8,0,1
water_fire,unconstrained,0,650,3046.770,0.054049,0.954783,0.967621,0.941945,27,0.00004753,1,0.034606,0.025835,0.043377,0.966181,0.974634,0.957729,0.987711,0.992619,0.982804,0.002842,0.006448,0.006921,0.015935,0.000000,14,1,8,0,1
water_fire,unconstrained,0,675,3082.386,0.051934,0.957195,0.970367,0.944023,27,0.00003243,0,0.032624,0.024660,0.040589,0.968060,0.975798,0.960321,0.988318,0.994296,0.982339,0.002987,0.005874,0.005946,0.016291,0.000000,14,1,8,0,1
water_fire,unconstrained,0,700,3285.595,0.053701,0.956156,0.971616,0.940697,27,0.00003151,1,0.033703,0.022479,0.044926,0.967083,0.977873,0.956292,0.988208,0.993457,0.982959,0.002675,0.006554,0.006811,0.015914,0.000000,14,1,8,0,1
water_fire,unconstrained,0,725,3321.280,0.052859,0.955591,0.972711,0.938471,27,0.00004985,0,0.033936,0.020466,0.047405,0.966895,0.979798,0.953992,0.987789,0.992619,0.982959,0.002365,0.006640,0.007409,0.015266,0.000000,14,1,8,0,1
water_fire,unconstrained,0,750,3517.556,0.052929,0.955575,0.970453,0.940697,27,0.00006908,0,0.033451,0.021976,0.044926,0.967307,0.978322,0.956292,0.987369,0.991780,0.982959,0.002484,0.006372,0.007923,0.015410,0.000000,14,1,8,0,1
water_fire,unconstrained,0,775,3553.226,0.050615,0.958564,0.975132,0.941997,27,0.00004362,0,0.031464,0.018621,0.044307,0.969250,0.981598,0.956902,0.988512,0.993290,0.983734,0.002275,0.006386,0.006532,0.015027,0.000000,14,1,8,0,1
water_fire,unconstrained,0,800,3763.853,0.052390,0.957894,0.973142,0.942645,27,0.00004826,0,0.030360,0.018118,0.042603,0.970247,0.982042,0.958453,0.986789,0.990773,0.982804,0.002230,0.006039,0.009327,0.015770,0.000000,14,1,8,0,1
water_fire,unconstrained,0,825,3799.686,0.048620,0.961022,0.974156,0.947887,27,0.00004853,1,0.028307,0.019124,0.037490,0.972189,0.981101,0.963278,0.988105,0.992786,0.983424,0.002315,0.005505,0.007404,0.015302,0.000000,14,1,8,0,1
water_fire,unconstrained,0,850,4001.464,0.046435,0.962019,0.975489,0.948549,27,0.00003896,0,0.027791,0.019795,0.035786,0.972673,0.980489,0.964856,0.988647,0.994800,0.982494,0.002346,0.005129,0.005465,0.016196,0.000000,14,1,8,0,1
water_fire,unconstrained,0,875,4037.634,0.055047,0.956468,0.976790,0.936145,27,0.00004758,1,0.031173,0.019124,0.043222,0.969384,0.981151,0.957618,0.986039,0.995471,0.976607,0.002369,0.006262,0.004658,0.021946,0.000000,14,1,8,0,1
water_fire,unconstrained,0,900,4255.842,0.050787,0.958454,0.976281,0.940626,27,0.00005124,0,0.031070,0.018453,0.043687,0.969587,0.981779,0.957395,0.988008,0.994296,0.981720,0.002139,0.006326,0.005838,0.016692,0.000000,14,1,8,0,1
water_fire,unconstrained,0,925,4292.124,0.042529,0.964187,0.976457,0.951917,27,0.00004881,1,0.026597,0.018957,0.034237,0.973848,0.981304,0.966393,0.989738,0.994967,0.984508,0.002155,0.004942,0.004732,0.014095,0.000000,14,1,8,0,1
water_fire,unconstrained,0,950,4486.682,0.045145,0.962248,0.974848,0.949649,27,0.00006567,1,0.028669,0.020466,0.036871,0.971874,0.979841,0.963907,0.989731,0.994800,0.984663,0.002437,0.005292,0.005364,0.013832,0.000000,14,1,8,0,1
water_fire,unconstrained,0,975,4522.456,0.045844,0.961399,0.977246,0.945552,27,0.00005810,0,0.029405,0.017447,0.041363,0.971221,0.982756,0.959686,0.989480,0.994296,0.984663,0.002077,0.005687,0.005902,0.013934,0.000000,14,1,8,0,1
water_fire,unconstrained,0,1000,4698.568,0.044781,0.963315,0.973528,0.953102,27,0.00003230,0,0.027113,0.020299,0.033927,0.973345,0.979974,0.966717,0.989364,0.993290,0.985438,0.002491,0.004829,0.006918,0.013532,0.000000,14,1,8,0,1
water_fire,unconstrained,0,1025,4733.878,0.050721,0.958881,0.974688,0.943075,27,0.00001642,0,0.028752,0.020634,0.036871,0.971672,0.979679,0.963664,0.986323,0.994800,0.977847,0.002283,0.005286,0.005309,0.020761,0.000000,14,1,8,0,1
water_fire,unconstrained,0,1050,4950.429,0.045927,0.963602,0.979835,0.947368,26,0.00000762,1,0.024041,0.014930,0.033153,0.976223,0.985209,0.967238,0.986620,0.994464,0.978776,0.001733,0.004759,0.005830,0.019226,0.000000,14,1,9,0,1
water_fire,unconstrained,0,1075,4985.000,0.045944,0.963026,0.977510,0.948542,26,0.00001279,0,0.025029,0.014427,0.035631,0.975329,0.985659,0.964998,0.986976,0.991612,0.982339,0.001682,0.004972,0.008188,0.016236,0.000000,14,1,9,0,1
water_fire,unconstrained,0,1100,5185.166,0.043092,0.964295,0.978035,0.950554,26,0.00002015,1,0.024848,0.015769,0.033927,0.975503,0.984375,0.966631,0.988131,0.993457,0.982804,0.001698,0.004733,0.006489,0.015651,0.000000,14,1,9,0,1
water_fire,unconstrained,0,1125,5219.808,0.041971,0.966139,0.978027,0.954251,26,0.00005635,2,0.022434,0.015434,0.029435,0.977803,0.984697,0.970908,0.987731,0.993122,0.982339,0.001630,0.004207,0.007163,0.016081,0.000000,14,1,9,0,1
water_fire,unconstrained,0,1150,5394.492,0.040652,0.966139,0.980305,0.951974,26,0.00004287,2,0.022906,0.013588,0.032223,0.977379,0.986509,0.968249,0.988137,0.993625,0.982649,0.001382,0.004414,0.006689,0.015262,0.000000,14,1,9,0,1
water_fire,unconstrained,0,1175,5429.599,0.037985,0.968140,0.982084,0.954197,26,0.00002272,1,0.021422,0.011240,0.031603,0.978851,0.988809,0.968893,0.988738,0.993122,0.984353,0.001027,0.004171,0.007134,0.014261,0.000000,14,1,9,0,1
water_fire,unconstrained,0,1200,5633.056,0.044028,0.965995,0.981779,0.950211,25,0.00003449,0,0.021324,0.012750,0.029899,0.978846,0.987340,0.970353,0.986459,0.994296,0.978621,0.001316,0.004396,0.006266,0.019780,0.000000,14,1,10,0,1
water_fire,unconstrained,0,1225,5666.681,0.039573,0.968546,0.979632,0.957460,25,0.00002821,0,0.020020,0.013085,0.026956,0.980152,0.986987,0.973317,0.987860,0.992451,0.983269,0.001259,0.003983,0.007737,0.015245,0.000000,14,1,10,0,1
water_fire,unconstrained,0,1250,5856.457,0.038633,0.968883,0.981298,0.956469,25,0.00004257,1,0.021047,0.013588,0.028505,0.979181,0.986522,0.971840,0.989183,0.994632,0.983734,0.001382,0.004179,0.005726,0.014922,0.000000,14,1,10,0,1
water_fire,unconstrained,0,1275,5889.851,0.039280,0.967874,0.982072,0.953677,25,0.00002329,0,0.020311,0.010569,0.030054,0.979888,0.989463,0.970314,0.987395,0.992451,0.982339,0.001100,0.003960,0.007563,0.015822,0.000000,14,1,10,0,1
water_fire,unconstrained,0,1300,6069.474,0.038451,0.969217,0.981761,0.956673,25,0.00002211,0,0.018962,0.011743,0.026181,0.981170,0.988316,0.974024,0.987505,0.993290,0.981720,0.001162,0.003673,0.006849,0.016516,0.000000,14,1,10,0,1
water_fire,unconstrained,0,1325,6102.873,0.037215,0.970222,0.984401,0.956044,25,0.00002323,1,0.020014,0.010904,0.029125,0.980205,0.989161,0.971249,0.989512,0.995135,0.983888,0.001159,0.004321,0.004982,0.014431,0.000000,14,1,10,0,1
water_fire,unconstrained,0,1350,6276.726,0.035847,0.971232,0.984551,0.957912,25,0.00001602,0,0.018427,0.009898,0.026956,0.981736,0.990144,0.973329,0.989015,0.994296,0.983734,0.001036,0.003938,0.005571,0.014349,0.000000,14,1,10,0,1
water_fire,unconstrained,0,1375,6309.667,0.036078,0.969370,0.983245,0.955495,25,0.00002128,0,0.020802,0.011240,0.030364,0.979452,0.988822,0.970081,0.989402,0.994296,0.984508,0.001088,0.004050,0.005628,0.013887,0.000000,14,1,10,0,1
water_fire,unconstrained,0,1400,6490.983,0.035991,0.971912,0.984718,0.959107,25,0.00002410,1,0.018272,0.009898,0.026646,0.981899,0.990145,0.973652,0.989564,0.994464,0.984663,0.001101,0.003940,0.005833,0.013974,0.000000,14,1,10,0,1
water_fire,unconstrained,0,1425,6523.940,0.037499,0.969262,0.981288,0.957235,25,0.00002704,1,0.020950,0.013085,0.028815,0.979291,0.987009,0.971573,0.989473,0.994129,0.984818,0.001284,0.004249,0.005943,0.013572,0.000000,14,1,10,0,1
water_fire,unconstrained,0,1450,6702.069,0.038263,0.967581,0.985035,0.950127,25,0.00003762,2,0.023191,0.008891,0.037490,0.977247,0.991133,0.963361,0.989770,0.993793,0.985747,0.000866,0.004953,0.006304,0.012902,0.000000,14,1,10,0,1
water_fire,unconstrained,0,1475,6734.841,0.036421,0.970351,0.983879,0.956823,25,0.00004366,0,0.019569,0.009394,0.029744,0.980663,0.990629,0.970696,0.989202,0.993122,0.985283,0.000775,0.004284,0.007120,0.013079,0.000000,14,1,10,0,1
water_fire,unconstrained,0,1500,6908.563,0.035472,0.971421,0.984879,0.957963,25,0.00003181,0,0.018879,0.009562,0.028195,0.981323,0.990475,0.972171,0.989635,0.994296,0.984973,0.000846,0.004204,0.005982,0.013205,0.000000,14,1,10,0,1
water_fire,unconstrained,0,1525,6941.678,0.035337,0.970749,0.984238,0.957261,25,0.00002365,0,0.020253,0.011072,0.029435,0.979997,0.988996,0.970997,0.990286,0.995135,0.985438,0.001016,0.004262,0.004855,0.013278,0.000000,14,1,10,0,1
water_fire,unconstrained,0,1550,7120.949,0.037638,0.969675,0.982285,0.957065,25,0.00001541,1,0.020801,0.013253,0.028350,0.979430,0.986860,0.972001,0.989751,0.995303,0.984198,0.001394,0.004257,0.004765,0.014438,0.000000,14,1,10,0,1
water_fire,unconstrained,0,1575,7153.680,0.037852,0.968694,0.985236,0.952152,25,0.00001759,1,0.022041,0.011240,0.032843,0.978264,0.988844,0.967683,0.989867,0.996309,0.983424,0.001211,0.004658,0.003584,0.014981,0.000000,14,1,10,0,1
water_fire,unconstrained,0,1600,7347.702,0.033196,0.973456,0.988196,0.958716,25,0.00004466,0,0.018627,0.009059,0.028195,0.981595,0.990997,0.972193,0.991448,0.997148,0.985747,0.000912,0.004217,0.003377,0.012960,0.000000,14,1,10,0,1
water_fire,unconstrained,0,1625,7380.552,0.034916,0.969205,0.986899,0.951512,25,0.00004468,0,0.023371,0.011575,0.035167,0.977033,0.988538,0.965528,0.991648,0.998322,0.984973,0.001144,0.004658,0.002081,0.013471,0.000000,14,1,10,0,1
water_fire,unconstrained,0,1650,7564.855,0.037657,0.968682,0.985575,0.951789,25,0.00003436,0,0.023222,0.011743,0.034702,0.977162,0.988360,0.965963,0.990983,0.997148,0.984818,0.001254,0.004988,0.003358,0.013490,0.000000,14,1,10,0,1
water_fire,unconstrained,0,1675,7597.829,0.035404,0.969498,0.987050,0.951946,25,0.00005345,1,0.022629,0.010401,0.034857,0.977752,0.989679,0.965826,0.991222,0.997316,0.985128,0.001117,0.004679,0.003129,0.012980,0.000000,14,1,10,0,1
water_fire,unconstrained,0,1700,7764.356,0.035416,0.970036,0.985267,0.954805,25,0.00004050,1,0.022589,0.013421,0.031758,0.977753,0.986737,0.968769,0.991809,0.998490,0.985128,0.001430,0.004585,0.002043,0.013214,0.000000,14,1,10,0,1
water_fire,unconstrained,0,1725,7797.137,0.034989,0.969012,0.984758,0.953265,25,0.00004888,0,0.023409,0.012582,0.034237,0.976989,0.987539,0.966439,0.991525,0.997148,0.985902,0.001334,0.004595,0.003042,0.012083,0.000000,14,1,10,0,1
water_fire,unconstrained,0,1750,7972.878,0.034489,0.972044,0.986074,0.958014,25,0.00006018,1,0.020673,0.011911,0.029435,0.979611,0.988204,0.971019,0.992016,0.997819,0.986212,0.001385,0.004524,0.002236,0.012404,0.000000,14,1,10,0,1
water_fire,unconstrained,0,1775,8005.928,0.035714,0.970816,0.984763,0.956868,25,0.00005383,0,0.021873,0.012917,0.030829,0.978454,0.987216,0.969692,0.991925,0.997484,0.986367,0.001367,0.004736,0.002998,0.012232,0.000000,14,1,10,0,1
water_fire,unconstrained,0,1800,8191.085,0.032861,0.971591,0.985418,0.957763,25,0.00005575,0,0.021544,0.012414,0.030674,0.978786,0.987710,0.969863,0.992397,0.997651,0.987142,0.001445,0.004239,0.002731,0.011002,0.000000,14,1,10,0,1
water_fire,unconstrained,0,1825,8223.801,0.034661,0.970708,0.983940,0.957476,25,0.00004236,0,0.022118,0.013253,0.030984,0.978225,0.986881,0.969568,0.992061,0.996980,0.987142,0.001383,0.004695,0.003106,0.011062,0.000000,14,1,10,0,1
water_fire,unconstrained,0,1850,8396.411,0.036347,0.968016,0.985428,0.950604,25,0.00006034,0,0.025598,0.013085,0.038110,0.974940,0.987063,0.962817,0.992577,0.998322,0.986832,0.001560,0.005057,0.002141,0.011731,0.000000,14,1,10,0,1
water_fire,unconstrained,0,1875,8429.195,0.034194,0.970363,0.982955,0.957770,25,0.00004247,1,0.022292,0.013756,0.030829,0.978052,0.986383,0.969720,0.991887,0.996477,0.987297,0.001581,0.004297,0.003318,0.011131,0.000000,14,1,10,0,1
water_fire,unconstrained,0,1900,8609.835,0.035579,0.969516,0.986238,0.952794,25,0.00006684,1,0.024384,0.011743,0.037026,0.976125,0.988368,0.963881,0.992945,0.997819,0.988071,0.001438,0.005082,0.002526,0.010875,0.000000,14,1,10,0,1
water_fire,unconstrained,0,1925,8643.047,0.037792,0.968485,0.984753,0.952217,25,0.00004630,1,0.024868,0.012246,0.037490,0.975651,0.987864,0.963439,0.992364,0.996813,0.987916,0.001306,0.005499,0.003753,0.010984,0.000000,14,1,10,0,1
water_fire,unconstrained,0,1950,8833.792,0.034920,0.969464,0.985579,0.953349,25,0.00005209,1,0.024087,0.012079,0.036096,0.976390,0.988036,0.964745,0.992623,0.997484,0.987761,0.001318,0.004862,0.003017,0.011023,0.000000,14,1,10,0,1
water_fire,unconstrained,0,1975,8866.592,0.035103,0.971348,0.986404,0.956293,25,0.00003481,0,0.021596,0.011743,0.031448,0.978736,0.988370,0.969102,0.992177,0.997987,0.986367,0.001324,0.004752,0.002604,0.012068,0.000000,14,1,10,0,1
water_fire,unconstrained,0,2000,9040.220,0.034256,0.970913,0.985911,0.955915,25,0.00003522,0,0.022616,0.012079,0.033153,0.977781,0.988040,0.967522,0.992713,0.997819,0.987607,0.001335,0.004764,0.002674,0.010965,0.000000,14,1,10,0,1
water_fire,unconstrained,0,2025,9072.945,0.034048,0.969847,0.987056,0.952637,25,0.00009092,0,0.023887,0.010904,0.036871,0.976603,0.989190,0.964016,0.992790,0.997819,0.987761,0.001155,0.004962,0.002503,0.010792,0.000000,14,1,10,0,1
water_fire,unconstrained,0,2050,9242.003,0.033835,0.970661,0.988372,0.952950,25,0.00007629,1,0.023539,0.009898,0.037180,0.976964,0.990181,0.963746,0.993268,0.998155,0.988381,0.001119,0.005030,0.002456,0.010485,0.000000,14,1,10,0,1
water_fire,unconstrained,0,2075,9275.118,0.033176,0.972074,0.987228,0.956920,25,0.00008200,0,0.021738,0.011407,0.032068,0.978627,0.988704,0.968551,0.993048,0.998490,0.987607,0.001289,0.004589,0.002013,0.011271,0.000000,14,1,10,0,1
water_fire,unconstrained,0,2100,9429.854,0.033350,0.972208,0.987058,0.957357,25,0.00007745,1,0.021415,0.011072,0.031758,0.978939,0.989027,0.968850,0.992874,0.997987,0.987761,0.001177,0.004699,0.002538,0.010952,0.000000,14,1,10,0,1
water_fire,unconstrained,1,1,1.398,1.472372,0.245988,0.269467,0.222509,20,0.00000000,0,0.214539,0.230163,0.198916,0.581529,0.590203,0.572854,0.299129,0.331488,0.266770,0.031064,0.029366,0.666241,0.728008,0.000000,0,0,0,0,0
water_fire,unconstrained,1,25,27.033,0.937285,0.485689,0.547748,0.423630,20,0.00009091,2,0.101815,0.083879,0.119752,0.837321,0.876207,0.798435,0.534027,0.593692,0.474361,0.010967,0.017696,0.404578,0.522131,0.000000,0,0,0,0,0
water_fire,unconstrained,1,50,197.222,0.610023,0.651383,0.693960,0.608807,23,0.00145618,6,0.084149,0.077672,0.090627,0.892907,0.905913,0.879901,0.705921,0.747861,0.663981,0.010211,0.013127,0.250488,0.332828,0.000000,3,0,0,0,0
water_fire,unconstrained,1,75,227.534,0.368977,0.776642,0.811418,0.741865,23,0.00093098,6,0.070975,0.075491,0.066460,0.921445,0.920382,0.922507,0.831921,0.872672,0.791170,0.009932,0.009541,0.125470,0.205887,0.000000,3,0,0,0,0
water_fire,unconstrained,1,100,421.364,0.255366,0.838643,0.877930,0.799356,26,0.00084807,7,0.062108,0.066432,0.057785,0.934889,0.933746,0.936032,0.890899,0.936252,0.845546,0.008619,0.008305,0.063347,0.152037,0.000000,6,0,0,0,0
water_fire,unconstrained,1,125,455.602,0.179107,0.879877,0.912186,0.847569,26,0.00058954,6,0.057780,0.054521,0.061038,0.941401,0.946361,0.936441,0.930611,0.961919,0.899303,0.006933,0.008694,0.037701,0.098340,0.000000,6,0,0,0,0
water_fire,unconstrained,1,150,663.451,0.132575,0.903265,0.933014,0.873517,27,0.00048918,6,0.061162,0.051837,0.070488,0.939866,0.949830,0.929903,0.958234,0.981379,0.935089,0.006546,0.009967,0.018101,0.062772,0.000000,9,0,2,0,1
water_fire,unconstrained,1,175,698.979,0.107740,0.920067,0.943238,0.896895,27,0.00044175,6,0.050533,0.043281,0.057785,0.950230,0.957871,0.942589,0.966392,0.984063,0.948722,0.005242,0.008223,0.015852,0.049656,0.000000,9,0,2,0,1
water_fire,unconstrained,1,200,911.373,0.122285,0.908149,0.950404,0.865895,25,0.00065692,3,0.067930,0.038416,0.097444,0.934763,0.962533,0.906994,0.968593,0.986915,0.950271,0.004543,0.014312,0.013104,0.046839,0.000000,9,0,4,0,1
water_fire,unconstrained,1,225,943.728,0.108183,0.916559,0.951951,0.881167,25,0.00043351,5,0.061888,0.040429,0.083346,0.940241,0.960781,0.919701,0.972523,0.990438,0.954609,0.004842,0.012003,0.009536,0.042947,0.000000,9,0,4,0,1
water_fire,unconstrained,1,250,1145.314,0.095473,0.927667,0.959187,0.896147,25,0.00054409,6,0.050632,0.031706,0.069558,0.950647,0.968955,0.932339,0.974040,0.989599,0.958482,0.003843,0.009867,0.010511,0.040309,0.000000,9,0,4,0,1
water_fire,unconstrained,1,275,1177.288,0.091148,0.932135,0.960494,0.903776,25,0.00059283,3,0.043203,0.031874,0.054531,0.957361,0.968842,0.945879,0.972084,0.991109,0.953060,0.003952,0.007844,0.008840,0.044791,0.000000,9,0,4,0,1
water_fire,unconstrained,1,300,1386.988,0.085361,0.935642,0.963168,0.908115,25,0.00035588,3,0.041557,0.029357,0.053757,0.959026,0.971241,0.946812,0.974188,0.991444,0.956933,0.003614,0.007666,0.008566,0.040883,0.000000,9,0,4,0,1
water_fire,unconstrained,1,325,1418.899,0.091867,0.931538,0.965872,0.897204,25,0.00034058,3,0.045663,0.027344,0.063981,0.955184,0.973182,0.937186,0.973446,0.992283,0.954609,0.003401,0.009283,0.008172,0.042902,0.000000,9,0,4,0,1
water_fire,unconstrained,1,350,1619.376,0.084784,0.933668,0.964635,0.902701,25,0.00033340,3,0.048064,0.029357,0.066770,0.953221,0.971283,0.935159,0.977964,0.992954,0.962974,0.003552,0.009533,0.007065,0.034540,0.000000,9,0,4,0,1
water_fire,unconstrained,1,375,1651.432,0.082089,0.936390,0.966226,0.906554,25,0.00039306,4,0.047089,0.028183,0.065995,0.954244,0.972414,0.936074,0.979920,0.993457,0.966383,0.003514,0.009525,0.007043,0.031704,0.000000,9,0,4,0,1
water_fire,unconstrained,1,400,1846.729,0.084008,0.934511,0.964239,0.904783,24,0.00036485,3,0.048864,0.032042,0.065686,0.952514,0.968806,0.936221,0.979674,0.995135,0.964214,0.003906,0.009699,0.005318,0.033319,0.000000,9,0,5,0,1
water_fire,unconstrained,1,425,1877.680,0.082393,0.936630,0.970501,0.902758,24,0.00017676,4,0.045522,0.023654,0.067390,0.955690,0.976744,0.934636,0.978526,0.993457,0.963594,0.002931,0.009421,0.006793,0.035211,0.000000,9,0,5,0,1
water_fire,unconstrained,1,450,2074.072,0.077195,0.939372,0.969866,0.908879,25,0.00015267,1,0.044308,0.024325,0.064291,0.956889,0.976100,0.937678,0.980385,0.993457,0.967312,0.002913,0.009144,0.006698,0.030729,0.000000,10,0,5,0,1
water_fire,unconstrained,1,475,2105.875,0.080759,0.936459,0.970521,0.902397,25,0.00019841,2,0.048646,0.024325,0.072967,0.953019,0.976116,0.929921,0.981185,0.994129,0.968242,0.002913,0.010467,0.005923,0.030137,0.000000,10,0,5,0,1
water_fire,unconstrained,1,500,2294.886,0.078044,0.937946,0.969747,0.906146,25,0.00023269,2,0.048549,0.025835,0.071263,0.953148,0.974688,0.931609,0.982760,0.994800,0.970720,0.003123,0.010160,0.005659,0.027744,0.000000,10,0,5,0,1
water_fire,unconstrained,1,525,2327.127,0.079350,0.937679,0.971649,0.903710,25,0.00020307,3,0.048388,0.023654,0.073122,0.953329,0.976771,0.929887,0.982211,0.994632,0.969791,0.002825,0.010574,0.005800,0.028613,0.000000,10,0,5,0,1
water_fire,unconstrained,1,550,2536.589,0.080650,0.936388,0.972977,0.899799,25,0.00020174,3,0.050970,0.024325,0.077614,0.951031,0.976175,0.925888,0.983140,0.996645,0.969636,0.002947,0.011204,0.003840,0.029010,0.000000,10,0,5,0,1
water_fire,unconstrained,1,575,2568.619,0.082703,0.934806,0.974043,0.895569,25,0.00026739,4,0.054256,0.021137,0.087374,0.948427,0.979191,0.917664,0.984225,0.994632,0.973819,0.002515,0.012623,0.005828,0.025305,0.000000,10,0,5,0,1
water_fire,unconstrained,1,600,2774.206,0.080991,0.935225,0.972623,0.897828,25,0.00031222,4,0.053720,0.023318,0.084121,0.948780,0.977108,0.920451,0.984328,0.995303,0.973354,0.002781,0.012069,0.005035,0.025314,0.000000,10,0,5,0,1
water_fire,unconstrained,1,625,2806.478,0.077742,0.938019,0.974258,0.901781,25,0.00035023,4,0.051002,0.023150,0.078854,0.951164,0.977303,0.925026,0.984851,0.996813,0.972889,0.002669,0.011509,0.003551,0.025842,0.000000,10,0,5,0,1
water_fire,unconstrained,1,650,3012.762,0.078776,0.937442,0.974897,0.899986,25,0.00034209,4,0.052603,0.022479,0.082727,0.949846,0.977946,0.921747,0.985626,0.996813,0.974438,0.002615,0.012154,0.003676,0.024511,0.000000,10,0,5,0,1
water_fire,unconstrained,1,675,3044.705,0.078877,0.936680,0.976847,0.896512,25,0.00023478,3,0.054972,0.021641,0.088304,0.947891,0.978776,0.917006,0.986832,0.997987,0.975678,0.002613,0.012807,0.002764,0.023014,0.000000,10,0,5,0,1
water_fire,unconstrained,1,700,3220.291,0.075930,0.938492,0.977785,0.899199,25,0.00026386,4,0.051480,0.019460,0.083501,0.950956,0.980852,0.921060,0.985548,0.996813,0.974284,0.002202,0.011909,0.003759,0.023960,0.000000,10,0,5,0,1
water_fire,unconstrained,1,725,3252.248,0.072271,0.941404,0.975878,0.906930,25,0.00012534,4,0.048801,0.022312,0.075290,0.953227,0.978125,0.928329,0.986432,0.997651,0.975213,0.002648,0.010939,0.003036,0.022821,0.000000,10,0,5,0,1
water_fire,unconstrained,1,750,3433.178,0.067846,0.944730,0.977818,0.911641,25,0.00015733,2,0.046116,0.020970,0.071263,0.955710,0.979427,0.931993,0.987465,0.998322,0.976607,0.002461,0.010390,0.002464,0.021397,0.000000,10,0,5,0,1
water_fire,unconstrained,1,775,3465.119,0.070934,0.943417,0.978268,0.908566,25,0.00016169,4,0.045729,0.018957,0.072502,0.956043,0.981338,0.930749,0.985626,0.996813,0.974438,0.002297,0.010428,0.003748,0.024044,0.000000,10,0,5,0,1
water_fire,unconstrained,1,800,3659.060,0.070686,0.943247,0.978940,0.907555,25,0.00011638,4,0.046065,0.019628,0.072502,0.955696,0.980715,0.930677,0.985754,0.998155,0.973354,0.002370,0.010514,0.002504,0.024409,0.000000,10,0,5,0,1
water_fire,unconstrained,1,825,3690.923,0.069750,0.943601,0.977665,0.909538,25,0.00011805,3,0.046755,0.021473,0.072037,0.955077,0.978951,0.931203,0.986858,0.998658,0.975058,0.002651,0.010371,0.001911,0.023409,0.000000,10,0,5,0,1
water_fire,unconstrained,1,850,3887.372,0.070412,0.942542,0.975546,0.909538,24,0.00012389,2,0.047091,0.022144,0.072037,0.954739,0.978275,0.931203,0.986103,0.997148,0.975058,0.002597,0.010317,0.003309,0.023174,0.000000,10,0,6,0,1
water_fire,unconstrained,1,875,3918.755,0.070330,0.943153,0.976530,0.909776,24,0.00008242,1,0.045929,0.022144,0.069713,0.955726,0.978297,0.933155,0.985677,0.998155,0.973199,0.002713,0.009939,0.002096,0.025379,0.000000,10,0,6,0,1
water_fire,unconstrained,1,900,4109.161,0.065502,0.946866,0.976847,0.916885,24,0.00010148,0,0.042966,0.021641,0.064291,0.958482,0.978776,0.938189,0.986910,0.997987,0.975833,0.002548,0.009278,0.002372,0.023025,0.000000,10,0,6,0,1
water_fire,unconstrained,1,925,4140.749,0.067997,0.944942,0.976210,0.913673,24,0.00012140,2,0.046019,0.022479,0.069558,0.955763,0.977975,0.933550,0.987691,0.998155,0.977227,0.002808,0.010026,0.002450,0.021675,0.000000,10,0,6,0,1
water_fire,unconstrained,1,950,4306.256,0.064131,0.948078,0.976851,0.919305,24,0.00012667,1,0.041733,0.021808,0.061658,0.959599,0.978618,0.940579,0.987071,0.998155,0.975988,0.002580,0.009016,0.002485,0.022293,0.000000,10,0,6,0,1
water_fire,unconstrained,1,975,4337.623,0.063577,0.947931,0.976695,0.919167,24,0.00006612,1,0.042908,0.022144,0.063672,0.958579,0.978300,0.938857,0.988007,0.998322,0.977692,0.002739,0.009125,0.002374,0.020761,0.000000,10,0,6,0,1
water_fire,unconstrained,1,1000,4502.485,0.061628,0.948117,0.975726,0.920508,24,0.00002746,0,0.042469,0.022815,0.062122,0.958953,0.977650,0.940256,0.987839,0.997987,0.977692,0.002697,0.008637,0.002341,0.020778,0.000000,10,0,6,0,1
water_fire,unconstrained,1,1025,4532.574,0.063787,0.947991,0.975882,0.920099,24,0.00009135,0,0.041526,0.022479,0.060573,0.959761,0.977968,0.941555,0.986826,0.997819,0.975833,0.002788,0.008723,0.002338,0.022424,0.000000,10,0,6,0,1
water_fire,unconstrained,1,1050,4701.672,0.061743,0.947960,0.973956,0.921964,24,0.00004810,2,0.042133,0.024157,0.060108,0.959209,0.976355,0.942064,0.987433,0.997484,0.977382,0.002835,0.008378,0.002824,0.020891,0.000000,10,0,6,0,1
water_fire,unconstrained,1,1075,4731.908,0.059394,0.950300,0.975070,0.925530,24,0.00003651,1,0.040842,0.022815,0.058869,0.960485,0.977635,0.943334,0.988666,0.997316,0.980015,0.002743,0.008406,0.002733,0.018638,0.000000,10,0,6,0,1
water_fire,unconstrained,1,1100,4898.192,0.065506,0.945523,0.970574,0.920473,23,0.00002206,1,0.043914,0.026170,0.061658,0.957524,0.974397,0.940650,0.986600,0.995974,0.977227,0.003270,0.008653,0.004229,0.020850,0.000000,10,0,7,0,1
water_fire,unconstrained,1,1125,4928.024,0.060671,0.950721,0.975185,0.926257,23,0.00006676,1,0.038751,0.020802,0.056700,0.962387,0.979531,0.945242,0.987123,0.995471,0.978776,0.002521,0.008154,0.004944,0.019715,0.000000,10,0,7,0,1
water_fire,unconstrained,1,1150,5069.407,0.060685,0.949948,0.971849,0.928047,23,0.00007290,1,0.039996,0.024996,0.054996,0.961169,0.975522,0.946816,0.987614,0.996142,0.979086,0.002950,0.007862,0.004133,0.019990,0.000000,10,0,7,0,1
water_fire,unconstrained,1,1175,5098.874,0.056235,0.953756,0.977460,0.930051,23,0.00005652,2,0.036925,0.019628,0.054222,0.964142,0.980687,0.947597,0.988563,0.996645,0.980480,0.002346,0.007772,0.003612,0.018356,0.000000,10,0,7,0,1
water_fire,unconstrained,1,1200,5273.589,0.056565,0.953753,0.976507,0.930999,23,0.00004580,1,0.037060,0.021137,0.052982,0.963984,0.979242,0.948726,0.988737,0.997148,0.980325,0.002454,0.007597,0.003682,0.018926,0.000000,10,0,7,0,1
water_fire,unconstrained,1,1225,5302.906,0.058769,0.953152,0.978755,0.927549,23,0.00002083,1,0.034252,0.018621,0.049884,0.966468,0.981665,0.951271,0.985400,0.996980,0.973819,0.002215,0.007009,0.003577,0.024808,0.000000,10,0,7,0,1
water_fire,unconstrained,1,1250,5478.071,0.058598,0.953505,0.980221,0.926790,23,0.00003049,1,0.033678,0.017782,0.049574,0.966998,0.982488,0.951508,0.985193,0.997651,0.972734,0.002092,0.007036,0.002834,0.025740,0.000000,10,0,7,0,1
water_fire,unconstrained,1,1275,5507.550,0.057225,0.952781,0.980049,0.925512,23,0.00001209,0,0.034905,0.017447,0.052363,0.965893,0.982804,0.948981,0.985561,0.997148,0.973974,0.001946,0.006987,0.002979,0.024862,0.000000,10,0,7,0,1
water_fire,unconstrained,1,1300,5671.280,0.058565,0.954586,0.979901,0.929270,23,0.00000965,1,0.031529,0.018286,0.044771,0.968961,0.982004,0.955918,0.984347,0.997819,0.970875,0.002159,0.006459,0.002464,0.028130,0.000000,10,0,7,0,1
water_fire,unconstrained,1,1325,5701.017,0.061224,0.951731,0.979898,0.923564,23,0.00002267,1,0.035008,0.018118,0.051898,0.965726,0.982164,0.949289,0.984573,0.997651,0.971495,0.002115,0.007266,0.002807,0.027677,0.000000,10,0,7,0,1
water_fire,unconstrained,1,1350,5869.519,0.059700,0.952718,0.977628,0.927809,23,0.00002304,1,0.032438,0.019795,0.045081,0.968052,0.980531,0.955573,0.983308,0.996980,0.969636,0.002246,0.006372,0.002851,0.028992,0.000000,10,0,7,0,1
water_fire,unconstrained,1,1375,5898.435,0.058298,0.954264,0.977606,0.930922,23,0.00005436,1,0.031935,0.018789,0.045081,0.968600,0.981485,0.955715,0.984432,0.995974,0.972889,0.002221,0.006415,0.004176,0.026012,0.000000,10,0,7,0,1
water_fire,unconstrained,1,1400,6076.353,0.061247,0.950744,0.972168,0.929321,23,0.00003290,1,0.036188,0.024660,0.047715,0.964563,0.975842,0.953284,0.984903,0.996142,0.973664,0.002960,0.006763,0.003691,0.025443,0.000000,10,0,7,0,1
water_fire,unconstrained,1,1425,6106.137,0.056563,0.955622,0.978741,0.932503,23,0.00004514,2,0.031128,0.017950,0.044307,0.969392,0.982302,0.956482,0.985064,0.996309,0.973819,0.002120,0.006288,0.004012,0.025166,0.000000,10,0,7,0,1
water_fire,unconstrained,1,1450,6271.707,0.056885,0.954049,0.974893,0.933205,23,0.00003778,1,0.034161,0.022312,0.046011,0.966545,0.978103,0.954986,0.986394,0.996645,0.976143,0.002744,0.006504,0.003698,0.022483,0.000000,10,0,7,0,1
water_fire,unconstrained,1,1475,6301.295,0.055049,0.956326,0.978885,0.933768,23,0.00006028,1,0.031245,0.016943,0.045546,0.969346,0.983264,0.955428,0.985884,0.995471,0.976297,0.002009,0.006492,0.004711,0.022406,0.000000,10,0,7,0,1
water_fire,unconstrained,1,1500,6466.694,0.056198,0.954410,0.976649,0.932171,23,0.00003361,1,0.034233,0.020131,0.048335,0.966532,0.980195,0.952870,0.986768,0.996309,0.977227,0.002417,0.006759,0.003986,0.021724,0.000000,10,0,7,0,1
water_fire,unconstrained,1,1525,6496.580,0.054861,0.956614,0.980674,0.932554,23,0.00005666,1,0.031503,0.015601,0.047405,0.969145,0.984577,0.953714,0.986368,0.995974,0.976762,0.001871,0.006702,0.004441,0.022177,0.000000,10,0,7,0,1
water_fire,unconstrained,1,1550,6649.944,0.058019,0.953837,0.975514,0.932161,23,0.00002245,1,0.034491,0.020802,0.048180,0.966272,0.979538,0.953007,0.986439,0.995806,0.977072,0.002592,0.006851,0.004568,0.022110,0.000000,10,0,7,0,1
water_fire,unconstrained,1,1575,6679.656,0.054947,0.956481,0.979511,0.933452,23,0.00004999,1,0.031413,0.015266,0.047560,0.969250,0.984881,0.953618,0.986155,0.994464,0.977847,0.001753,0.006766,0.005742,0.021194,0.000000,10,0,7,0,1
water_fire,unconstrained,1,1600,6856.606,0.057583,0.953585,0.974536,0.932634,23,0.00003589,1,0.034891,0.021137,0.048644,0.965910,0.979201,0.952618,0.986568,0.995135,0.978002,0.002441,0.007034,0.005449,0.020603,0.000000,10,0,7,0,1
water_fire,unconstrained,1,1625,6886.398,0.053460,0.958060,0.983761,0.932359,23,0.00006907,1,0.030684,0.012414,0.048954,0.970010,0.987689,0.952331,0.986988,0.995974,0.978002,0.001477,0.007030,0.004352,0.020968,0.000000,10,0,7,0,1
water_fire,unconstrained,1,1650,7063.006,0.055569,0.956554,0.978006,0.935101,23,0.00002979,1,0.029987,0.014427,0.045546,0.970577,0.985667,0.955488,0.984904,0.992115,0.977692,0.001655,0.006525,0.008061,0.020938,0.000000,10,0,7,0,1
water_fire,unconstrained,1,1675,7092.931,0.054222,0.955786,0.981294,0.930277,23,0.00003795,2,0.032194,0.013421,0.050968,0.968568,0.986684,0.950452,0.986078,0.994464,0.977692,0.001308,0.006832,0.005663,0.021993,0.000000,10,0,7,0,1
water_fire,unconstrained,1,1700,7263.725,0.057170,0.956051,0.977829,0.934273,23,0.00001508,1,0.029038,0.013924,0.044152,0.971425,0.986151,0.956700,0.983484,0.991444,0.975523,0.001512,0.006327,0.008820,0.023333,0.000000,10,0,7,0,1
water_fire,unconstrained,1,1725,7293.531,0.053333,0.960020,0.984848,0.935192,23,0.00006294,1,0.026083,0.007549,0.044617,0.974387,0.992450,0.956324,0.984600,0.992283,0.976917,0.000789,0.006392,0.007836,0.022649,0.000000,10,0,7,0,1
water_fire,unconstrained,1,1750,7476.399,0.056499,0.955607,0.976725,0.934489,23,0.00002357,1,0.030754,0.016272,0.045236,0.969804,0.983871,0.955737,0.984690,0.992619,0.976762,0.001874,0.006468,0.007272,0.022120,0.000000,10,0,7,0,1
water_fire,unconstrained,1,1775,7506.294,0.054327,0.958487,0.981041,0.935934,23,0.00003671,2,0.026670,0.008723,0.044617,0.973809,0.991262,0.956357,0.983645,0.989599,0.977692,0.000851,0.006348,0.009982,0.021559,0.000000,10,0,7,0,1
water_fire,unconstrained,1,1800,7683.061,0.055437,0.956758,0.977017,0.936499,23,0.00003340,1,0.029373,0.014595,0.044152,0.971144,0.985490,0.956799,0.984562,0.991277,0.977847,0.001580,0.006431,0.008518,0.021009,0.000000,10,0,7,0,1
water_fire,unconstrained,1,1825,7713.151,0.053242,0.958860,0.980926,0.936795,23,0.00004734,1,0.027780,0.011407,0.044152,0.972722,0.988633,0.956812,0.985136,0.992115,0.978156,0.001248,0.006313,0.007991,0.020885,0.000000,10,0,7,0,1
water_fire,unconstrained,1,1850,7897.349,0.054459,0.957918,0.978484,0.937352,23,0.00002750,2,0.028560,0.013588,0.043532,0.971938,0.986484,0.957392,0.984968,0.991780,0.978156,0.001480,0.006303,0.008387,0.020970,0.000000,10,0,7,0,1
water_fire,unconstrained,1,1875,7927.389,0.052322,0.959639,0.981082,0.938196,23,0.00004280,1,0.026831,0.010904,0.042758,0.973625,0.989125,0.958125,0.985046,0.991780,0.978311,0.001236,0.006138,0.007991,0.020613,0.000000,10,0,7,0,1
water_fire,unconstrained,1,1900,8092.542,0.054029,0.957536,0.978674,0.936397,23,0.00002232,1,0.029845,0.014763,0.044926,0.970727,0.985353,0.956101,0.985794,0.993122,0.978466,0.001634,0.006460,0.007003,0.020640,0.000000,10,0,7,0,1
water_fire,unconstrained,1,1925,8122.452,0.051892,0.959572,0.980772,0.938372,23,0.00004655,1,0.027650,0.012079,0.043222,0.972846,0.987978,0.957714,0.985775,0.992619,0.978931,0.001251,0.006244,0.007506,0.020134,0.000000,10,0,7,0,1
water_fire,unconstrained,1,1950,8289.996,0.053988,0.957623,0.977179,0.938066,23,0.00002166,1,0.028747,0.014427,0.043067,0.971748,0.985655,0.957840,0.984871,0.991277,0.978466,0.001492,0.006146,0.008961,0.020454,0.000000,10,0,7,0,1
water_fire,unconstrained,1,1975,8320.031,0.051768,0.959597,0.982093,0.937101,23,0.00005438,1,0.028025,0.011743,0.044307,0.972503,0.988320,0.956686,0.986123,0.993625,0.978621,0.001325,0.006265,0.006863,0.020253,0.000000,10,0,7,0,1
water_fire,unconstrained,1,2000,8476.590,0.054835,0.956812,0.978002,0.935622,23,0.00001045,2,0.030522,0.014259,0.046785,0.970118,0.985829,0.954408,0.985672,0.991948,0.979396,0.001458,0.006800,0.008170,0.019719,0.000000,10,0,7,0,1
water_fire,unconstrained,1,2025,8506.494,0.053257,0.957754,0.981761,0.933746,23,0.00001761,2,0.030813,0.011743,0.049884,0.969947,0.988316,0.951579,0.986808,0.993290,0.980325,0.001332,0.006798,0.006980,0.019662,0.000000,10,0,7,0,1
water_fire,unconstrained,1,2050,8661.394,0.054702,0.956804,0.974782,0.938827,23,0.00001259,1,0.030580,0.017782,0.043377,0.969994,0.982392,0.957595,0.985833,0.992115,0.979551,0.001976,0.006200,0.008225,0.019843,0.000000,10,0,7,0,1
water_fire,unconstrained,1,2075,8691.353,0.054087,0.957642,0.977682,0.937602,23,0.00002129,2,0.029999,0.014763,0.045236,0.970608,0.985338,0.955878,0.986065,0.992115,0.980015,0.001745,0.006452,0.008154,0.019140,0.000000,10,0,7,0,1
water_fire,unconstrained,1,2100,8863.674,0.054437,0.956342,0.975943,0.936741,23,0.00001891,2,0.031909,0.018118,0.045701,0.968759,0.982093,0.955425,0.986588,0.993625,0.979551,0.002089,0.006478,0.006755,0.019450,0.000000,10,0,7,0,1
water_fire,unconstrained,1,2125,8893.556,0.049158,0.961096,0.981601,0.940591,23,0.00004473,1,0.027573,0.012079,0.043067,0.972968,0.987988,0.957949,0.987279,0.993457,0.981100,0.001290,0.006112,0.006726,0.018253,0.000000,10,0,7,0,1
water_fire,unconstrained,1,2150,9065.341,0.054061,0.956000,0.977070,0.934930,23,0.00002214,2,0.032252,0.016943,0.047560,0.968461,0.983234,0.953688,0.986511,0.993625,0.979396,0.001906,0.006724,0.006435,0.019097,0.000000,10,0,7,0,1
water_fire,unconstrained,1,2175,9095.259,0.054363,0.956726,0.980454,0.932999,23,0.00005132,2,0.031239,0.012750,0.049729,0.969501,0.987323,0.951678,0.986175,0.992954,0.979396,0.001247,0.007101,0.007187,0.019785,0.000000,10,0,7,0,1
water_fire,unconstrained,1,2200,9256.465,0.052147,0.958244,0.977059,0.939430,23,0.00002085,1,0.029986,0.016440,0.043532,0.970599,0.983716,0.957482,0.986724,0.993122,0.980325,0.001906,0.006169,0.006976,0.018649,0.000000,10,0,7,0,1
water_fire,unconstrained,1,2225,9286.515,0.052147,0.957929,0.980645,0.935213,23,0.00004239,1,0.031910,0.014092,0.049729,0.968908,0.986028,0.951787,0.988092,0.994464,0.981720,0.001700,0.006975,0.005865,0.017339,0.000000,10,0,7,0,1
water_fire,unconstrained,1,2250,9452.386,0.054321,0.954751,0.974815,0.934687,23,0.00003983,2,0.036131,0.019124,0.053137,0.964948,0.981113,0.948783,0.988905,0.993457,0.984353,0.002148,0.007574,0.006754,0.014683,0.000000,10,0,7,0,1
water_fire,unconstrained,1,2275,9482.217,0.049123,0.958968,0.977411,0.940525,23,0.00005886,2,0.033588,0.017447,0.049729,0.967403,0.982759,0.952047,0.990880,0.994464,0.987297,0.001952,0.007172,0.005646,0.012393,0.000000,10,0,7,0,1
water_fire,unconstrained,1,2300,9641.851,0.051984,0.957167,0.973062,0.941272,23,0.00002806,1,0.034278,0.021305,0.047250,0.966635,0.979012,0.954259,0.989770,0.993793,0.985747,0.002637,0.006835,0.006541,0.013311,0.000000,10,0,7,0,1
water_fire,unconstrained,1,2325,9671.611,0.050119,0.959353,0.976902,0.941804,23,0.00003197,2,0.031471,0.016776,0.046166,0.969317,0.983391,0.955242,0.989286,0.993290,0.985283,0.001854,0.006821,0.006854,0.014107,0.000000,10,0,7,0,1
water_fire,unconstrained,1,2350,9831.394,0.050168,0.957908,0.975916,0.939900,23,0.00001165,2,0.033026,0.016943,0.049109,0.967887,0.983214,0.952559,0.989254,0.992451,0.986057,0.001861,0.006976,0.007727,0.012659,0.000000,10,0,7,0,1
water_fire,unconstrained,1,2375,9861.100,0.046997,0.961741,0.981435,0.942046,23,0.00004690,2,0.029974,0.012079,0.047870,0.970868,0.987986,0.953749,0.990216,0.993290,0.987142,0.001263,0.006971,0.006939,0.012306,0.000000,10,0,7,0,1
water_fire,unconstrained,1,2400,10017.594,0.052103,0.956717,0.976395,0.937039,23,0.00001150,2,0.033465,0.016272,0.050658,0.967464,0.983866,0.951063,0.988396,0.992283,0.984508,0.001822,0.006970,0.007882,0.014831,0.000000,10,0,7,0,1
water_fire,unconstrained,1,2425,10047.151,0.047174,0.961969,0.980318,0.943620,23,0.00006485,2,0.029206,0.014259,0.044152,0.971486,0.985862,0.957111,0.989789,0.994296,0.985283,0.001754,0.006330,0.006027,0.014000,0.000000,10,0,7,0,1
water_fire,unconstrained,1,2450,10187.941,0.047645,0.961772,0.978340,0.945203,22,0.00006104,2,0.028909,0.014595,0.043222,0.971758,0.985510,0.958007,0.989338,0.992619,0.986057,0.001663,0.006295,0.007576,0.013484,0.000000,10,0,8,0,1
water_fire,unconstrained,1,2475,10216.522,0.050504,0.959552,0.979643,0.939461,22,0.00008294,2,0.030109,0.013588,0.046631,0.970612,0.986500,0.954723,0.988111,0.992954,0.983269,0.001529,0.006593,0.007515,0.016049,0.000000,10,0,8,0,1
water_fire,unconstrained,1,2500,10373.087,0.049638,0.959503,0.976084,0.942921,22,0.00009133,3,0.031019,0.017111,0.044926,0.969724,0.983056,0.956391,0.989035,0.992786,0.985283,0.001947,0.006494,0.007144,0.014176,0.000000,10,0,8,0,1
water_fire,unconstrained,1,2525,10401.843,0.049404,0.960553,0.977190,0.943916,22,0.00008769,2,0.028147,0.014930,0.041363,0.972394,0.985169,0.959619,0.987369,0.991780,0.982959,0.001633,0.006093,0.007932,0.015988,0.000000,10,0,8,0,1
water_fire,unconstrained,1,2550,10529.929,0.051273,0.959400,0.975396,0.943405,22,0.00011114,3,0.029425,0.015937,0.042912,0.971190,0.984172,0.958208,0.987415,0.990941,0.983888,0.001760,0.006302,0.009136,0.015498,0.000000,10,0,8,0,1
water_fire,unconstrained,1,2575,10558.497,0.050189,0.960392,0.976506,0.944279,22,0.00024091,2,0.028263,0.013924,0.042603,0.972327,0.986132,0.958522,0.987305,0.990102,0.984508,0.001500,0.006201,0.009940,0.014835,0.000000,10,0,8,0,1
water_fire,unconstrained,1,2600,10725.751,0.050106,0.959590,0.976729,0.942450,22,0.00020379,3,0.030451,0.016440,0.044462,0.970247,0.983710,0.956784,0.988570,0.992786,0.984353,0.001843,0.006423,0.007636,0.014813,0.000000,10,0,8,0,1
water_fire,unconstrained,1,2625,10754.367,0.048269,0.960980,0.977690,0.944271,22,0.00012958,2,0.028773,0.015098,0.042448,0.971838,0.985015,0.958660,0.988402,0.992451,0.984353,0.001585,0.006171,0.007409,0.015099,0.000000,10,0,8,0,1
water_fire,unconstrained,1,2650,10907.948,0.048327,0.961388,0.980096,0.942679,22,0.00006831,3,0.027315,0.011407,0.043222,0.973261,0.988623,0.957900,0.987350,0.991277,0.983424,0.001130,0.006122,0.009029,0.015608,0.000000,10,0,8,0,1
water_fire,unconstrained,1,2675,10935.812,0.048762,0.960869,0.978614,0.943124,22,0.00006032,3,0.027567,0.011911,0.043222,0.973017,0.988115,0.957919,0.987079,0.990270,0.983888,0.001168,0.006071,0.009830,0.015348,0.000000,10,0,8,0,1
dance_argument,constrained,0,1,1.408,1.670013,0.190116,0.208355,0.171876,20,0.00000464,0,0.209850,0.265279,0.154421,0.530392,0.498438,0.562346,0.231022,0.263627,0.198418,0.036205,0.045783,0.729578,0.798039,0.000000,0,0,0,0,0
dance_argument,constrained,0,25,26.774,1.259656,0.342042,0.413183,0.270902,20,0.00016102,0,0.120174,0.157747,0.082602,0.766129,0.752012,0.780245,0.385820,0.478361,0.293279,0.021110,0.024437,0.514822,0.702483,0.000000,0,0,0,0,0
dance_argument,constrained,0,50,195.268,0.967898,0.484041,0.551071,0.417011,23,0.00000418,0,0.134753,0.195078,0.074428,0.814513,0.771478,0.857547,0.553310,0.658573,0.448048,0.026168,0.021922,0.335667,0.547411,0.000000,3,0,0,0,0
dance_argument,constrained,0,75,225.360,0.718568,0.607917,0.646690,0.569144,23,0.00000988,0,0.144590,0.212752,0.076428,0.837849,0.786614,0.889085,0.698459,0.784275,0.612642,0.028365,0.022372,0.211079,0.384374,0.000000,3,0,0,0,0
dance_argument,constrained,0,100,421.255,0.566836,0.683227,0.690164,0.676289,26,0.00008534,2,0.134822,0.197390,0.072255,0.858292,0.807196,0.909388,0.775775,0.826396,0.725154,0.026211,0.020969,0.169051,0.271979,0.000000,6,0,0,0,0
dance_argument,constrained,0,125,455.673,0.483095,0.723507,0.716370,0.730643,26,0.00015517,3,0.124359,0.188636,0.060082,0.873329,0.818644,0.928013,0.813022,0.851503,0.774541,0.024790,0.017520,0.144375,0.223039,0.000000,6,0,0,0,0
dance_argument,constrained,0,150,675.364,0.406084,0.763984,0.754010,0.773957,29,0.00026003,2,0.110366,0.163693,0.057039,0.888798,0.842773,0.934824,0.847770,0.877436,0.818103,0.021650,0.016360,0.119219,0.179743,0.000000,8,1,0,0,0
dance_argument,constrained,0,175,713.412,0.346657,0.793993,0.781735,0.806252,29,0.00022120,3,0.100894,0.150314,0.051474,0.899770,0.856783,0.942758,0.873496,0.899240,0.847752,0.019636,0.014688,0.098084,0.149625,0.000000,8,1,0,0,0
dance_argument,constrained,0,200,954.430,0.293333,0.820943,0.789939,0.851947,31,0.00004302,2,0.103097,0.159068,0.047126,0.900903,0.851983,0.949824,0.903845,0.915593,0.892096,0.021074,0.013661,0.081891,0.105061,0.000000,11,1,1,0,0
dance_argument,constrained,0,225,995.740,0.258017,0.840303,0.807492,0.873113,31,0.00011350,2,0.095243,0.142055,0.048431,0.908137,0.866522,0.949752,0.918799,0.922200,0.915399,0.018723,0.013831,0.074414,0.081969,0.000000,11,1,1,0,0
dance_argument,constrained,0,250,1250.837,0.243086,0.849651,0.821017,0.878284,32,0.00035590,4,0.089561,0.133300,0.045822,0.913587,0.874689,0.952484,0.924494,0.930459,0.918529,0.017384,0.013303,0.067932,0.079141,0.000000,14,1,3,0,0
dance_argument,constrained,0,275,1293.263,0.233888,0.853299,0.823287,0.883310,32,0.00053295,2,0.085601,0.123555,0.047648,0.916600,0.882168,0.951032,0.925203,0.925008,0.925398,0.014935,0.013880,0.072313,0.071886,0.000000,14,1,3,0,0
dance_argument,constrained,0,300,1543.692,0.224797,0.858526,0.827840,0.889212,29,0.00081809,1,0.085149,0.122564,0.047735,0.917370,0.883480,0.951261,0.930481,0.929303,0.931658,0.014890,0.013713,0.068868,0.065857,0.000000,14,1,6,0,0
dance_argument,constrained,0,325,1582.131,0.210419,0.867716,0.842605,0.892828,29,0.00095399,2,0.081650,0.113479,0.049822,0.920814,0.892100,0.949529,0.937766,0.938223,0.937310,0.013894,0.014462,0.059236,0.060397,0.000000,14,1,6,0,0
dance_argument,constrained,0,350,1827.759,0.207017,0.870749,0.847437,0.894061,29,0.00057301,2,0.079212,0.108688,0.049735,0.922994,0.896313,0.949674,0.939036,0.939544,0.938527,0.013525,0.014251,0.058287,0.060180,0.000000,14,1,6,0,0
dance_argument,constrained,0,375,1865.944,0.199156,0.878227,0.860956,0.895498,29,0.00041004,0,0.073913,0.095309,0.052517,0.927715,0.908209,0.947221,0.942770,0.943013,0.942527,0.012577,0.014708,0.055741,0.056083,0.000000,14,1,6,0,0
dance_argument,constrained,0,400,2109.618,0.199946,0.877455,0.857078,0.897831,29,0.00037777,1,0.073483,0.096796,0.050170,0.928061,0.906643,0.949479,0.941457,0.940040,0.942875,0.012538,0.014554,0.058149,0.055350,0.000000,14,1,6,0,0
dance_argument,constrained,0,425,2147.823,0.198972,0.876155,0.854414,0.897895,29,0.00024116,2,0.073704,0.098282,0.049126,0.927814,0.905194,0.950434,0.940196,0.938388,0.942005,0.012564,0.013985,0.058940,0.055757,0.000000,14,1,6,0,0
dance_argument,constrained,0,450,2394.097,0.200159,0.875923,0.853223,0.898623,29,0.00020149,2,0.074917,0.101751,0.048083,0.926879,0.902331,0.951427,0.940935,0.940040,0.941831,0.013136,0.013799,0.058325,0.056177,0.000000,14,1,6,0,0
dance_argument,constrained,0,475,2432.085,0.194950,0.878359,0.853615,0.903102,29,0.00032229,1,0.074478,0.103568,0.045387,0.927539,0.900948,0.954130,0.943057,0.942022,0.944092,0.013423,0.013135,0.056381,0.053748,0.000000,14,1,6,0,0
dance_argument,constrained,0,500,2676.451,0.187577,0.882533,0.861428,0.903638,29,0.00016113,1,0.071795,0.101421,0.042170,0.930285,0.903429,0.957140,0.945269,0.948794,0.941744,0.013450,0.012163,0.049554,0.056287,0.000000,14,1,6,0,0
dance_argument,constrained,0,525,2714.613,0.177977,0.887411,0.868781,0.906041,29,0.00019802,2,0.069078,0.098943,0.039214,0.933058,0.906098,0.960018,0.948155,0.954741,0.941570,0.012869,0.011247,0.044309,0.056827,0.000000,14,1,6,0,0
dance_argument,constrained,0,550,2960.772,0.166758,0.895006,0.878981,0.911031,29,0.00016072,2,0.062075,0.089197,0.034953,0.939513,0.914773,0.964254,0.950129,0.957384,0.942875,0.012198,0.010138,0.040563,0.055254,0.000000,14,1,6,0,0
dance_argument,constrained,0,575,2999.342,0.163844,0.896166,0.881292,0.911040,29,0.00006568,2,0.061806,0.089528,0.034084,0.939898,0.914713,0.965084,0.951142,0.960192,0.942092,0.011867,0.009887,0.038718,0.056264,0.000000,14,1,6,0,0
dance_argument,constrained,0,600,3245.339,0.162994,0.897893,0.885361,0.910425,29,0.00004122,0,0.059393,0.082094,0.036692,0.941826,0.921074,0.962579,0.950938,0.958044,0.943831,0.011100,0.010476,0.040507,0.054258,0.000000,14,1,6,0,0
dance_argument,constrained,0,625,3283.362,0.168698,0.892419,0.874358,0.910480,29,0.00004798,1,0.064605,0.093822,0.035388,0.937241,0.910664,0.963819,0.949547,0.956392,0.942701,0.012371,0.010198,0.041943,0.055186,0.000000,14,1,6,0,0
dance_argument,constrained,0,650,3532.432,0.168192,0.893080,0.874417,0.911743,32,0.00007935,2,0.067835,0.098282,0.037388,0.934568,0.907162,0.961974,0.953094,0.960357,0.945831,0.013131,0.010758,0.038613,0.052648,0.000000,17,1,6,0,0
dance_argument,constrained,0,675,3575.572,0.164391,0.897362,0.880887,0.913838,32,0.00004717,3,0.058833,0.080278,0.037388,0.942130,0.922203,0.962058,0.949803,0.951602,0.948005,0.010822,0.010528,0.047350,0.049871,0.000000,17,1,6,0,0
dance_argument,constrained,0,700,3845.422,0.160812,0.899480,0.882923,0.916036,31,0.00003648,2,0.054095,0.073670,0.034519,0.946372,0.927890,0.964855,0.947813,0.947968,0.947657,0.009757,0.009927,0.049897,0.050018,0.000000,17,1,7,0,0
dance_argument,constrained,0,725,3887.058,0.167314,0.892741,0.868969,0.916513,31,0.00003063,1,0.066388,0.095474,0.037301,0.935547,0.908847,0.962246,0.951316,0.951933,0.950700,0.012119,0.010745,0.046884,0.047539,0.000000,17,1,7,0,0
dance_argument,constrained,0,750,4155.039,0.155592,0.896706,0.875659,0.917754,34,0.00004812,1,0.068253,0.097291,0.039214,0.934281,0.908055,0.960508,0.957298,0.960852,0.953743,0.011904,0.011082,0.036625,0.044276,0.000000,20,1,7,0,0
dance_argument,constrained,0,775,4200.643,0.151998,0.898983,0.881376,0.916590,34,0.00006801,2,0.066892,0.094483,0.039301,0.935585,0.910792,0.960379,0.958632,0.964651,0.952613,0.011013,0.011152,0.034386,0.045788,0.000000,20,1,7,0,0
dance_argument,constrained,0,800,4489.557,0.162045,0.896082,0.879367,0.912797,33,0.00013278,2,0.070874,0.096796,0.044953,0.931893,0.908794,0.954993,0.959158,0.964486,0.953830,0.012417,0.012787,0.034300,0.044831,0.000000,20,1,8,0,0
dance_argument,constrained,0,825,4533.591,0.156207,0.898103,0.879874,0.916332,33,0.00018579,4,0.068253,0.097291,0.039214,0.934452,0.908455,0.960449,0.958871,0.965477,0.952265,0.012431,0.011065,0.033762,0.045673,0.000000,20,1,8,0,0
dance_argument,constrained,0,850,4817.852,0.150581,0.904523,0.890587,0.918460,33,0.00027613,3,0.059772,0.080938,0.038605,0.941774,0.922444,0.961104,0.958293,0.962669,0.953917,0.010782,0.011058,0.035709,0.044027,0.000000,20,1,8,0,1
dance_argument,constrained,0,875,4861.432,0.153413,0.904266,0.893295,0.915237,33,0.00038288,3,0.059042,0.078956,0.039127,0.942384,0.924283,0.960485,0.957437,0.963826,0.951048,0.010519,0.011368,0.035015,0.047598,0.000000,20,1,8,0,1
dance_argument,constrained,0,900,5138.955,0.154906,0.899411,0.887172,0.911649,33,0.00036264,3,0.065949,0.090684,0.041214,0.936350,0.914312,0.958388,0.958423,0.967625,0.949222,0.011003,0.011863,0.031607,0.048763,0.000000,20,1,8,0,1
dance_argument,constrained,0,925,5182.611,0.153835,0.899190,0.885028,0.913352,33,0.00047125,2,0.066966,0.093327,0.040605,0.935531,0.912035,0.959028,0.959032,0.967625,0.950439,0.011377,0.011327,0.031930,0.047817,0.000000,20,1,8,0,1
dance_argument,constrained,0,950,5461.862,0.152264,0.904679,0.896899,0.912459,33,0.00048744,1,0.061672,0.081434,0.041909,0.940162,0.922545,0.957779,0.960319,0.969937,0.950700,0.011243,0.011803,0.029250,0.047369,0.000000,20,1,8,0,1
dance_argument,constrained,0,975,5505.334,0.154062,0.900841,0.884261,0.917420,33,0.00044041,2,0.066931,0.094648,0.039214,0.935711,0.910928,0.960494,0.960675,0.967955,0.953395,0.012462,0.011161,0.031266,0.045079,0.000000,20,1,8,0,1
dance_argument,constrained,0,1000,5784.172,0.149878,0.905871,0.896509,0.915232,33,0.00051677,3,0.059520,0.078956,0.040083,0.942064,0.924534,0.959593,0.959606,0.967294,0.951917,0.010708,0.011501,0.030933,0.046361,0.000000,20,1,8,0,1
dance_argument,constrained,0,1025,5827.692,0.150720,0.902569,0.888653,0.916486,33,0.00043357,2,0.064254,0.087380,0.041127,0.937875,0.917072,0.958679,0.960241,0.966303,0.954178,0.010801,0.011735,0.033165,0.043820,0.000000,20,1,8,0,1
dance_argument,constrained,0,1050,6109.520,0.148435,0.906038,0.895703,0.916374,33,0.00035784,3,0.060446,0.080112,0.040779,0.941261,0.923526,0.958996,0.960601,0.967460,0.953743,0.010623,0.011529,0.031558,0.044485,0.000000,20,1,8,0,1
dance_argument,constrained,0,1075,6153.352,0.153270,0.900561,0.880763,0.920358,33,0.00037933,3,0.069096,0.099934,0.038258,0.933998,0.906491,0.961505,0.962175,0.968781,0.955569,0.013286,0.010954,0.030141,0.042907,0.000000,20,1,8,0,1
dance_argument,constrained,0,1100,6426.760,0.152751,0.899749,0.878874,0.920623,32,0.00040779,3,0.070834,0.103238,0.038431,0.932563,0.903772,0.961354,0.962805,0.969607,0.956004,0.013311,0.010999,0.030090,0.042078,0.000000,20,1,9,0,1
dance_argument,constrained,0,1125,6468.619,0.152939,0.902548,0.884557,0.920539,32,0.00045570,3,0.065796,0.093162,0.038431,0.936736,0.912122,0.961350,0.961440,0.966964,0.955917,0.012552,0.011136,0.032660,0.042164,0.000000,20,1,9,0,1
dance_argument,constrained,0,1150,6729.732,0.172157,0.888731,0.862841,0.914622,31,0.00009134,3,0.077898,0.113974,0.041822,0.925974,0.893993,0.957955,0.957028,0.961183,0.952874,0.015100,0.011965,0.037614,0.045339,0.000000,20,1,10,0,1
dance_argument,constrained,0,1175,6770.112,0.157217,0.899292,0.883396,0.915189,31,0.00022406,2,0.069417,0.099273,0.039562,0.933665,0.907253,0.960077,0.961245,0.971093,0.951396,0.013354,0.011322,0.028676,0.047129,0.000000,20,1,10,0,1
dance_argument,constrained,0,1200,7030.317,0.154162,0.901037,0.882735,0.919340,31,0.00032530,2,0.066283,0.094483,0.038084,0.936272,0.910917,0.961626,0.960245,0.966138,0.954352,0.012563,0.010854,0.032865,0.044506,0.000000,20,1,10,0,1
dance_argument,constrained,0,1225,7071.159,0.157100,0.896853,0.873733,0.919973,31,0.00032548,2,0.073360,0.108028,0.038692,0.930350,0.899616,0.961084,0.961845,0.968120,0.955569,0.014435,0.010696,0.031063,0.042715,0.000000,20,1,10,0,1
dance_argument,constrained,0,1250,7321.574,0.167810,0.890067,0.863489,0.916646,31,0.00011908,3,0.079107,0.119260,0.038953,0.925431,0.890157,0.960705,0.959410,0.966468,0.952352,0.015952,0.011080,0.032413,0.045822,0.000000,20,1,10,0,1
dance_argument,constrained,0,1275,7361.576,0.156657,0.897538,0.875560,0.919516,31,0.00044319,1,0.070334,0.105715,0.034953,0.933063,0.901554,0.964572,0.959888,0.968120,0.951656,0.013857,0.010021,0.031761,0.046442,0.000000,20,1,10,0,1
dance_argument,constrained,0,1300,7619.208,0.155198,0.897731,0.875915,0.919547,31,0.00037843,2,0.071321,0.106211,0.036432,0.932197,0.901214,0.963181,0.960997,0.968946,0.953048,0.013865,0.010220,0.030914,0.044896,0.000000,20,1,10,0,1
dance_argument,constrained,0,1325,7658.817,0.156385,0.896241,0.876193,0.916290,31,0.00036610,3,0.072508,0.107367,0.037649,0.931139,0.900368,0.961911,0.960527,0.970268,0.950787,0.013892,0.010443,0.028972,0.047163,0.000000,20,1,10,0,1
dance_argument,constrained,0,1350,7916.225,0.153104,0.896414,0.874870,0.917959,31,0.00033670,2,0.074529,0.111497,0.037562,0.929597,0.897135,0.962059,0.962427,0.972415,0.952439,0.013660,0.010801,0.026301,0.045708,0.000000,20,1,10,0,1
dance_argument,constrained,1,1,1.411,1.737921,0.159833,0.199919,0.119748,20,0.00016636,0,0.199493,0.227783,0.171203,0.484490,0.518674,0.450307,0.192853,0.245458,0.140249,0.031016,0.051142,0.746436,0.855829,0.000000,0,0,0,0,0
dance_argument,constrained,1,25,27.442,1.448862,0.254602,0.319764,0.189440,20,0.00000000,0,0.123335,0.148332,0.098339,0.695665,0.712272,0.679058,0.287632,0.367195,0.208069,0.019965,0.029131,0.625385,0.788076,0.000000,0,0,0,0,0
dance_argument,constrained,1,50,196.481,1.234158,0.354643,0.438695,0.270591,23,0.00000000,0,0.116662,0.149158,0.084167,0.774371,0.771681,0.777061,0.398748,0.504130,0.293366,0.020264,0.024770,0.488954,0.702198,0.000000,3,0,0,0,0
dance_argument,constrained,1,75,226.385,1.045898,0.444671,0.543503,0.345840,23,0.00000058,0,0.118587,0.161876,0.075298,0.813788,0.795961,0.831616,0.501682,0.631483,0.371881,0.021739,0.022115,0.362564,0.624130,0.000000,3,0,0,0,0
dance_argument,constrained,1,100,421.131,0.889705,0.520413,0.616525,0.424302,26,0.00006391,0,0.124590,0.181533,0.067646,0.835291,0.800508,0.870073,0.590724,0.728444,0.453004,0.024397,0.019657,0.268409,0.543885,0.000000,5,1,0,0,0
dance_argument,constrained,1,125,455.359,0.715882,0.606776,0.720947,0.492606,26,0.00005416,3,0.107737,0.151305,0.064168,0.868379,0.845817,0.890941,0.677123,0.830030,0.524215,0.020231,0.018602,0.167689,0.472361,0.000000,5,1,0,0,0
dance_argument,constrained,1,150,677.603,0.627280,0.652449,0.762854,0.542043,29,0.00017416,1,0.113949,0.159729,0.068168,0.870866,0.847066,0.894666,0.731849,0.884704,0.578993,0.021627,0.019710,0.113795,0.417697,0.000000,8,1,0,0,0
dance_argument,constrained,1,175,715.482,0.556482,0.684982,0.779133,0.590831,29,0.00033805,2,0.121903,0.177899,0.065907,0.871446,0.837630,0.905262,0.773756,0.917740,0.629771,0.023698,0.019067,0.080194,0.366797,0.000000,8,1,0,0,0
dance_argument,constrained,1,200,965.595,0.499662,0.713144,0.778716,0.647572,32,0.00044066,2,0.130314,0.193591,0.067038,0.869592,0.827622,0.911562,0.810226,0.929468,0.690983,0.025879,0.019126,0.069962,0.304859,0.000000,11,1,0,0,0
dance_argument,constrained,1,225,1008.128,0.463220,0.731526,0.778008,0.685043,32,0.00052050,1,0.130210,0.194252,0.066168,0.872007,0.827084,0.916930,0.829755,0.929138,0.730371,0.026024,0.018631,0.069434,0.266230,0.000000,11,1,0,0,0
dance_argument,constrained,1,250,1267.752,0.434940,0.748057,0.783292,0.712823,30,0.00095939,2,0.124759,0.188305,0.061212,0.878436,0.831734,0.925138,0.843623,0.930790,0.756456,0.025552,0.017791,0.068563,0.240584,0.000000,11,1,2,0,0
dance_argument,constrained,1,275,1307.853,0.415049,0.757545,0.790190,0.724899,30,0.00070383,3,0.123963,0.188801,0.059125,0.880573,0.832650,0.928496,0.853569,0.939379,0.767759,0.025530,0.017278,0.059608,0.229778,0.000000,11,1,2,0,0
dance_argument,constrained,1,300,1564.388,0.396388,0.765987,0.793785,0.738189,29,0.00064122,3,0.129819,0.195904,0.063734,0.876931,0.828934,0.924928,0.867263,0.949290,0.785236,0.026486,0.018224,0.050159,0.210933,0.000000,11,1,3,0,0
dance_argument,constrained,1,325,1603.475,0.372774,0.777787,0.795207,0.760367,29,0.00040111,2,0.130162,0.199372,0.060951,0.878427,0.827102,0.929752,0.880231,0.953750,0.806712,0.026932,0.017637,0.045186,0.190422,0.000000,11,1,3,0,0
dance_argument,constrained,1,350,1851.799,0.360314,0.783653,0.786643,0.780664,32,0.00033683,2,0.140286,0.219359,0.061212,0.872536,0.813875,0.931196,0.893825,0.959201,0.828450,0.029788,0.017852,0.040672,0.168855,0.000000,14,1,3,0,0
dance_argument,constrained,1,375,1894.172,0.346404,0.790981,0.792756,0.789205,32,0.00042987,3,0.134930,0.213082,0.056778,0.877439,0.818616,0.936262,0.897846,0.961678,0.834014,0.029035,0.016729,0.038110,0.163393,0.000000,14,1,3,0,0
dance_argument,constrained,1,400,2164.557,0.331684,0.796968,0.793029,0.800908,31,0.00035464,5,0.138242,0.222663,0.053821,0.876649,0.813245,0.940054,0.906810,0.969607,0.844014,0.030386,0.015752,0.030342,0.153369,0.000000,14,1,4,0,0
dance_argument,constrained,1,425,2205.816,0.331752,0.797631,0.796138,0.799125,31,0.00053714,4,0.133847,0.214569,0.053126,0.879510,0.818398,0.940622,0.904271,0.966964,0.841579,0.029359,0.015549,0.032843,0.155721,0.000000,14,1,4,0,0
dance_argument,constrained,1,450,2474.600,0.311506,0.806970,0.801392,0.812547,31,0.00057436,5,0.128270,0.210109,0.046431,0.885072,0.821924,0.948221,0.910023,0.969772,0.850274,0.028389,0.013763,0.030614,0.146449,0.000000,14,1,4,0,0
dance_argument,constrained,1,475,2516.216,0.302346,0.811839,0.804591,0.819087,31,0.00035611,4,0.128261,0.208788,0.047735,0.885287,0.823266,0.947308,0.915383,0.972580,0.858186,0.028467,0.013921,0.027573,0.138535,0.000000,14,1,4,0,0
dance_argument,constrained,1,500,2787.950,0.295816,0.815942,0.802968,0.828915,34,0.00016025,4,0.131278,0.213082,0.049474,0.883349,0.820509,0.946189,0.921996,0.974067,0.869924,0.029031,0.014737,0.025882,0.127606,0.000000,17,1,4,0,0
dance_argument,constrained,1,525,2833.037,0.290259,0.818696,0.808167,0.829226,34,0.00015164,3,0.130218,0.205484,0.054952,0.883358,0.825819,0.940896,0.924513,0.974232,0.874793,0.027864,0.015643,0.025809,0.122556,0.000000,17,1,4,0,0
dance_argument,constrained,1,550,3114.316,0.277809,0.826495,0.820250,0.832741,32,0.00025113,1,0.121037,0.190948,0.051126,0.890653,0.836492,0.944815,0.926095,0.976875,0.875315,0.025896,0.014668,0.024203,0.122022,0.000000,17,1,6,0,0
dance_argument,constrained,1,575,3157.276,0.276178,0.827270,0.816950,0.837589,32,0.00028021,2,0.121763,0.194747,0.048778,0.890528,0.833663,0.947393,0.927247,0.976049,0.878445,0.026420,0.014457,0.024847,0.118291,0.000000,17,1,6,0,0
dance_argument,constrained,1,600,3436.929,0.271867,0.831293,0.825669,0.836917,32,0.00035791,1,0.118359,0.185332,0.051387,0.892803,0.840783,0.944823,0.929308,0.978692,0.879923,0.025133,0.015348,0.022489,0.117386,0.000000,17,1,6,0,0
dance_argument,constrained,1,625,3480.070,0.268648,0.832658,0.829330,0.835986,32,0.00039664,1,0.118560,0.182689,0.054430,0.892415,0.842987,0.941843,0.931164,0.980839,0.881489,0.024864,0.015569,0.020245,0.116213,0.000000,17,1,6,0,0
dance_argument,constrained,1,650,3752.812,0.265561,0.834416,0.827885,0.840947,35,0.00036376,2,0.116525,0.182359,0.050691,0.894350,0.842959,0.945742,0.931216,0.978857,0.883575,0.024897,0.014867,0.022039,0.113691,0.000000,20,1,6,0,0
dance_argument,constrained,1,675,3799.981,0.266143,0.834196,0.824627,0.843765,35,0.00038266,2,0.119390,0.185828,0.052952,0.892032,0.840312,0.943752,0.933155,0.977866,0.888444,0.025225,0.015681,0.022569,0.109223,0.000000,20,1,6,0,0
dance_argument,constrained,1,700,4097.348,0.266036,0.834638,0.828660,0.840617,34,0.00032109,1,0.113291,0.178064,0.048518,0.896781,0.845736,0.947826,0.928808,0.976214,0.881402,0.024404,0.014425,0.024176,0.115853,0.000000,20,1,7,0,0
dance_argument,constrained,1,725,4142.987,0.267430,0.832467,0.817490,0.847444,34,0.00029712,2,0.123224,0.193756,0.052691,0.889288,0.834345,0.944230,0.933990,0.975884,0.892096,0.026419,0.015435,0.024299,0.105195,0.000000,20,1,7,0,0
dance_argument,constrained,1,750,4438.958,0.269967,0.830213,0.806021,0.854405,35,0.00040025,3,0.134813,0.212587,0.057039,0.880973,0.821349,0.940596,0.940255,0.977370,0.903139,0.029025,0.016666,0.022496,0.094389,0.000000,21,1,7,0,0
dance_argument,constrained,1,775,4485.953,0.261824,0.836458,0.808569,0.864347,35,0.00044246,2,0.129896,0.202841,0.056952,0.884375,0.827431,0.941319,0.943076,0.972580,0.913573,0.027785,0.017007,0.027485,0.083914,0.000000,21,1,7,0,0
dance_argument,constrained,1,800,4783.318,0.258684,0.839054,0.811251,0.866858,37,0.00041201,2,0.128979,0.198051,0.059908,0.884755,0.830721,0.938788,0.945355,0.971919,0.918790,0.026996,0.018015,0.028411,0.078653,0.000000,24,1,8,0,0
dance_argument,constrained,1,825,4833.452,0.257398,0.840225,0.811657,0.868793,37,0.00040445,3,0.125215,0.187479,0.062951,0.886671,0.837159,0.936183,0.943655,0.963826,0.923485,0.025298,0.018505,0.036332,0.074140,0.000000,24,1,8,0,0
dance_argument,constrained,1,850,5130.072,0.253492,0.842536,0.810585,0.874487,34,0.00046788,0,0.122950,0.185993,0.059908,0.888591,0.837892,0.939290,0.944112,0.961348,0.926876,0.025439,0.017687,0.037690,0.071100,0.000000,24,1,11,0,0
dance_argument,constrained,1,875,5175.466,0.252472,0.843086,0.812640,0.873532,34,0.00039459,1,0.121394,0.184011,0.058777,0.889852,0.839458,0.940246,0.943525,0.962174,0.924876,0.024958,0.017491,0.037870,0.072554,0.000000,24,1,11,0,0
dance_argument,constrained,1,900,5468.358,0.249490,0.844710,0.814727,0.874693,36,0.00036004,2,0.127076,0.191113,0.063038,0.885988,0.835466,0.936509,0.950132,0.970433,0.929832,0.025888,0.018838,0.029899,0.068127,0.000000,26,1,11,0,0
dance_argument,constrained,1,925,5516.684,0.254656,0.842083,0.808646,0.875520,36,0.00042571,1,0.128658,0.192104,0.065212,0.884240,0.833833,0.934646,0.948303,0.963991,0.932615,0.025998,0.019496,0.035338,0.065308,0.000000,26,1,11,0,0
dance_argument,constrained,1,950,5819.882,0.249337,0.845496,0.816258,0.874734,34,0.00042936,0,0.120625,0.178560,0.062690,0.890134,0.843447,0.936821,0.945790,0.962009,0.929571,0.024338,0.018561,0.037270,0.067842,0.000000,26,1,13,0,0
dance_argument,constrained,1,975,5866.220,0.255709,0.841770,0.808162,0.875378,34,0.00042401,1,0.126280,0.189957,0.062603,0.885998,0.835055,0.936942,0.945929,0.961678,0.930180,0.025950,0.018672,0.037837,0.067464,0.000000,26,1,13,0,0
dance_argument,constrained,1,1000,6166.478,0.252768,0.843136,0.808945,0.877326,34,0.00041824,2,0.130931,0.196564,0.065299,0.882951,0.831206,0.934696,0.951285,0.967955,0.934614,0.026795,0.019601,0.031848,0.063096,0.000000,26,1,13,0,0
dance_argument,constrained,1,1025,6212.538,0.253685,0.843820,0.811279,0.876360,34,0.00040448,1,0.135948,0.200859,0.071037,0.879356,0.829069,0.929642,0.956423,0.974232,0.938614,0.027587,0.021214,0.026721,0.059632,0.000000,26,1,13,0,0
dance_argument,constrained,1,1050,6512.483,0.249810,0.843848,0.806835,0.880861,34,0.00042957,1,0.137274,0.208292,0.066255,0.879031,0.823956,0.934106,0.957058,0.974893,0.939223,0.028415,0.019811,0.025176,0.059153,0.000000,26,1,13,0,0
dance_argument,constrained,1,1075,6558.140,0.249366,0.843634,0.806840,0.880429,34,0.00025019,1,0.135296,0.207466,0.063125,0.880627,0.824434,0.936820,0.955119,0.974232,0.936006,0.028324,0.018870,0.025570,0.062532,0.000000,26,1,13,0,0
dance_argument,constrained,1,1100,6841.571,0.251026,0.843191,0.810565,0.875816,33,0.00039782,1,0.132822,0.200694,0.064951,0.881969,0.829042,0.934896,0.952971,0.973241,0.932702,0.027442,0.019162,0.026335,0.065862,0.000000,26,1,14,0,0
dance_argument,constrained,1,1125,6885.944,0.255798,0.840473,0.807288,0.873658,33,0.00034612,1,0.139525,0.210274,0.068777,0.877148,0.822899,0.931396,0.955392,0.977040,0.933745,0.028713,0.020410,0.023188,0.064271,0.000000,26,1,14,0,0
dance_argument,constrained,1,1150,7172.200,0.249946,0.844741,0.816076,0.873405,33,0.00033725,2,0.134066,0.198051,0.070081,0.880900,0.831554,0.930247,0.956158,0.977701,0.934614,0.027113,0.020628,0.022435,0.064055,0.000000,26,1,14,0,0
dance_argument,constrained,1,1175,7216.170,0.249661,0.844231,0.812405,0.876057,33,0.00034077,1,0.135422,0.201024,0.069820,0.879919,0.829169,0.930668,0.956471,0.975719,0.937223,0.027338,0.020622,0.024533,0.060766,0.000000,26,1,14,0,0
dance_argument,constrained,1,1200,7500.727,0.248270,0.844546,0.812706,0.876385,33,0.00028349,2,0.134113,0.201189,0.067038,0.881116,0.829125,0.933108,0.955675,0.976214,0.935136,0.027649,0.019689,0.023177,0.063105,0.000000,26,1,14,0,0
dance_argument,constrained,1,1225,7545.784,0.246781,0.846016,0.815862,0.876170,33,0.00032903,1,0.133123,0.197555,0.068690,0.881732,0.831810,0.931655,0.956697,0.977040,0.936353,0.026886,0.020483,0.022702,0.061766,0.000000,26,1,14,0,0
dance_argument,constrained,1,1250,7825.604,0.250986,0.845702,0.815644,0.875760,33,0.00038196,2,0.134053,0.195243,0.072863,0.880588,0.833145,0.928032,0.957232,0.974893,0.939570,0.026722,0.021930,0.025574,0.058392,0.000000,26,1,14,0,0
dance_argument,constrained,1,1275,7869.358,0.256491,0.842962,0.812025,0.873899,33,0.00038135,2,0.135362,0.195078,0.075646,0.879072,0.832625,0.925520,0.955219,0.970433,0.940005,0.026626,0.022575,0.029580,0.058310,0.000000,26,1,14,0,0
dance_argument,constrained,1,1300,8145.214,0.255354,0.842783,0.811123,0.874443,33,0.00032485,3,0.136974,0.199868,0.074081,0.878259,0.829625,0.926892,0.956232,0.973241,0.939223,0.027387,0.021988,0.027054,0.058921,0.000000,26,1,14,0,0
dance_argument,constrained,1,1325,8189.492,0.253243,0.843379,0.813611,0.873148,33,0.00040097,4,0.136561,0.199042,0.074081,0.878668,0.830544,0.926792,0.956692,0.975553,0.937831,0.027192,0.021602,0.025370,0.060524,0.000000,26,1,14,0,0
dance_argument,constrained,1,1350,8469.151,0.250014,0.843909,0.813487,0.874331,33,0.00039598,3,0.137204,0.202676,0.071733,0.878642,0.828392,0.928892,0.957705,0.978361,0.937049,0.027600,0.021022,0.021803,0.061196,0.000000,26,1,14,0,0
dance_argument,constrained,1,1375,8512.596,0.247960,0.845456,0.817514,0.873398,33,0.00043334,2,0.132093,0.192104,0.072081,0.881931,0.835339,0.928522,0.955458,0.974562,0.936353,0.026252,0.021119,0.023952,0.061736,0.000000,26,1,14,0,0
dance_argument,constrained,1,1400,8788.361,0.249580,0.843885,0.815176,0.872595,32,0.00037880,3,0.139695,0.203832,0.075559,0.876752,0.828014,0.925491,0.959931,0.981335,0.938527,0.027776,0.021743,0.019131,0.059808,0.000000,26,1,15,0,0
dance_argument,constrained,1,1425,8830.110,0.249230,0.844370,0.817432,0.871308,32,0.00025621,2,0.136539,0.201520,0.071559,0.879282,0.829752,0.928812,0.957909,0.982161,0.933658,0.027601,0.020874,0.018246,0.064575,0.000000,26,1,15,0,0
dance_argument,constrained,1,1450,9095.664,0.249383,0.844863,0.822099,0.867627,32,0.00027772,2,0.132297,0.195904,0.068690,0.882438,0.833847,0.931028,0.955188,0.983152,0.927224,0.026653,0.020568,0.017525,0.070468,0.000000,26,1,15,0,0
dance_argument,constrained,1,1475,9138.440,0.249883,0.843807,0.817457,0.870156,32,0.00033181,3,0.134883,0.201685,0.068081,0.880703,0.829660,0.931747,0.955862,0.982326,0.929397,0.027582,0.020131,0.018079,0.068459,0.000000,26,1,15,0,0
dance_argument,constrained,1,1500,9408.447,0.245698,0.846636,0.824196,0.869077,32,0.00027428,2,0.131988,0.196069,0.067907,0.882961,0.834102,0.931820,0.956944,0.985795,0.928093,0.026661,0.020146,0.015618,0.069939,0.000000,26,1,15,0,0
dance_argument,constrained,1,1525,9451.214,0.248791,0.845983,0.827850,0.864117,32,0.00025734,2,0.129197,0.189792,0.068603,0.884643,0.838442,0.930844,0.954183,0.984969,0.923398,0.025865,0.020560,0.016163,0.074372,0.000000,26,1,15,0,0
dance_argument,constrained,1,1550,9725.157,0.245324,0.847785,0.831241,0.864329,32,0.00037031,1,0.125385,0.184341,0.066429,0.887530,0.842284,0.932776,0.953110,0.984473,0.921746,0.025033,0.019685,0.016898,0.076524,0.000000,26,1,15,0,0
dance_argument,constrained,1,1575,9767.647,0.246321,0.847800,0.832843,0.862756,32,0.00029293,1,0.123833,0.178890,0.068777,0.888235,0.845880,0.930590,0.951962,0.981830,0.922094,0.024164,0.020426,0.019040,0.076061,0.000000,26,1,15,0,0
dance_argument,constrained,1,1600,10033.630,0.247519,0.845938,0.831682,0.860194,32,0.00028022,3,0.125059,0.183515,0.066603,0.887589,0.842857,0.932320,0.950897,0.984308,0.917485,0.024956,0.019452,0.017010,0.080162,0.000000,26,1,15,0,0
dance_argument,constrained,1,1625,10075.961,0.255797,0.841681,0.823928,0.859434,32,0.00022221,2,0.131253,0.194252,0.068255,0.882966,0.835132,0.930800,0.951036,0.983978,0.918094,0.026508,0.020337,0.017072,0.079595,0.000000,26,1,15,0,0
dance_argument,constrained,1,1650,10331.556,0.252807,0.843886,0.823472,0.864300,31,0.00023733,1,0.133757,0.194912,0.072602,0.881018,0.834664,0.927372,0.955514,0.983978,0.927050,0.026668,0.021588,0.016828,0.070861,0.000000,26,1,16,0,0
dance_argument,constrained,1,1675,10371.801,0.251888,0.844626,0.824215,0.865036,31,0.00031899,2,0.129854,0.189627,0.070081,0.883782,0.837945,0.929619,0.953084,0.980509,0.925659,0.025822,0.020849,0.020479,0.072465,0.000000,26,1,16,0,0
dance_argument,constrained,1,1700,10635.743,0.251612,0.844947,0.822422,0.867473,31,0.00031693,2,0.132405,0.193426,0.071385,0.882021,0.835372,0.928671,0.955449,0.981500,0.929397,0.026441,0.021303,0.019343,0.069003,0.000000,26,1,16,0,0
dance_argument,constrained,1,1725,10675.538,0.251904,0.844198,0.822967,0.865428,31,0.00030559,2,0.129910,0.192435,0.067385,0.884033,0.836054,0.932012,0.952540,0.981335,0.923746,0.026280,0.020122,0.019581,0.074466,0.000000,26,1,16,0,0
dance_argument,constrained,1,1750,10937.477,0.252187,0.843557,0.821774,0.865339,31,0.00032895,2,0.130479,0.195573,0.065386,0.883881,0.833988,0.933774,0.952205,0.982491,0.921920,0.026726,0.019701,0.018462,0.075779,0.000000,26,1,16,0,0
dance_argument,constrained,1,1775,10978.282,0.257379,0.841697,0.821952,0.861442,31,0.00032483,1,0.133366,0.194912,0.071820,0.881119,0.834409,0.927829,0.952736,0.982161,0.923311,0.026621,0.021575,0.018201,0.074737,0.000000,26,1,16,0,0
dance_argument,constrained,1,1800,11233.246,0.262178,0.838130,0.817556,0.858704,31,0.00028314,1,0.137174,0.200529,0.073820,0.878115,0.830352,0.925877,0.951797,0.981500,0.922094,0.027257,0.022001,0.018511,0.075545,0.000000,26,1,16,0,0
dance_argument,constrained,1,1825,11273.726,0.268663,0.836066,0.819489,0.852643,31,0.00029846,1,0.137144,0.195078,0.079211,0.877319,0.833896,0.920741,0.949767,0.979352,0.920181,0.026496,0.023600,0.020207,0.077690,0.000000,26,1,16,0,0
dance_argument,constrained,1,1850,11532.464,0.283245,0.829512,0.816568,0.842456,31,0.00015754,2,0.141874,0.200363,0.083384,0.873283,0.830278,0.916288,0.946441,0.980178,0.912703,0.027406,0.025036,0.019417,0.085410,0.000000,26,1,16,0,0
dance_argument,unconstrained,0,1,1.419,1.555800,0.216808,0.267304,0.166312,20,0.00009458,0,0.173216,0.243310,0.103121,0.608751,0.577331,0.640170,0.257902,0.332342,0.183462,0.033225,0.030919,0.659974,0.812042,0.000000,0,0,0,0,0
dance_argument,unconstrained,0,25,27.052,1.221507,0.348115,0.430707,0.265523,20,0.00000055,0,0.096343,0.138256,0.054430,0.808630,0.780026,0.837233,0.385115,0.490254,0.279976,0.018414,0.016300,0.502723,0.715650,0.000000,0,0,0,0,0
dance_argument,unconstrained,0,50,197.632,1.028875,0.441163,0.518021,0.364305,23,0.00005167,1,0.086292,0.131979,0.040605,0.859766,0.816280,0.903253,0.482743,0.586389,0.379097,0.017758,0.012153,0.407528,0.615982,0.000000,2,1,0,0,0
dance_argument,unconstrained,0,75,228.386,0.863335,0.529362,0.574701,0.484023,23,0.00018223,2,0.091244,0.132144,0.050343,0.870543,0.831188,0.909897,0.579517,0.650644,0.508391,0.017062,0.014790,0.344748,0.486966,0.000000,2,1,0,0,0
dance_argument,unconstrained,0,100,412.058,0.675142,0.629207,0.631734,0.626680,24,0.00006112,4,0.086849,0.119095,0.054604,0.889757,0.855829,0.923685,0.683935,0.706971,0.660899,0.015226,0.016144,0.288663,0.335970,0.000000,5,1,2,0,0
dance_argument,unconstrained,0,125,444.376,0.625966,0.660982,0.656500,0.665464,24,0.00011273,1,0.110672,0.137265,0.084080,0.870160,0.844702,0.895617,0.734015,0.746614,0.721416,0.017594,0.025098,0.249241,0.275421,0.000000,5,1,2,0,0
dance_argument,unconstrained,0,150,653.329,0.514685,0.715039,0.683750,0.746328,27,0.00000968,1,0.111058,0.150644,0.071472,0.878626,0.839295,0.917956,0.793211,0.786753,0.799670,0.019468,0.021282,0.211514,0.197351,0.000000,7,2,2,0,0
dance_argument,unconstrained,0,175,690.054,0.453277,0.746974,0.715026,0.778923,27,0.00012105,2,0.109702,0.147671,0.071733,0.884182,0.847492,0.920871,0.827706,0.820614,0.834797,0.019822,0.021140,0.176702,0.162995,0.000000,7,2,2,0,0
dance_argument,unconstrained,0,200,899.503,0.393166,0.778674,0.759546,0.797801,26,0.00019361,2,0.094075,0.120416,0.067733,0.901192,0.876041,0.926343,0.851423,0.851008,0.851839,0.016047,0.020286,0.145561,0.145808,0.000000,10,2,6,0,0
dance_argument,unconstrained,0,225,935.033,0.346603,0.805963,0.798131,0.813795,26,0.00005871,1,0.082947,0.095639,0.070255,0.913386,0.901413,0.925358,0.872715,0.874463,0.870968,0.012808,0.020931,0.122566,0.127549,0.000000,10,2,6,0,0
dance_argument,unconstrained,0,250,1149.295,0.302787,0.825887,0.817749,0.834025,27,0.00010961,1,0.089019,0.109349,0.068690,0.910438,0.892428,0.928449,0.899241,0.907169,0.891314,0.014517,0.020433,0.089795,0.106751,0.000000,13,2,8,0,0
dance_argument,unconstrained,0,275,1186.360,0.273989,0.837685,0.830414,0.844957,27,0.00005954,2,0.094640,0.122068,0.067212,0.907402,0.884169,0.930635,0.916764,0.931781,0.901748,0.015212,0.020157,0.066497,0.096414,0.000000,13,2,8,0,0
dance_argument,unconstrained,0,300,1405.403,0.262698,0.845213,0.842215,0.848211,24,0.00018711,2,0.089576,0.109680,0.069472,0.911917,0.894970,0.928864,0.920864,0.934589,0.907139,0.013683,0.020688,0.063317,0.090937,0.000000,13,2,11,0,0
dance_argument,unconstrained,0,325,1438.574,0.247375,0.856478,0.861684,0.851272,24,0.00028151,2,0.084538,0.096300,0.072776,0.916840,0.907490,0.926190,0.928945,0.944665,0.913225,0.012388,0.021670,0.053546,0.084862,0.000000,13,2,11,0,0
dance_argument,unconstrained,0,350,1651.541,0.241723,0.859823,0.867765,0.851882,24,0.00036397,2,0.081278,0.092996,0.069559,0.919889,0.910706,0.929072,0.929801,0.948464,0.911138,0.012128,0.020762,0.049560,0.087180,0.000000,13,2,11,0,0
dance_argument,unconstrained,0,375,1684.801,0.237859,0.858130,0.862936,0.853324,24,0.00040870,2,0.086946,0.103898,0.069994,0.915228,0.901657,0.928799,0.932822,0.952593,0.913051,0.012499,0.020722,0.045612,0.085475,0.000000,13,2,11,0,0
dance_argument,unconstrained,0,400,1896.768,0.231047,0.864511,0.874678,0.854343,24,0.00019487,2,0.080234,0.091345,0.069124,0.921156,0.912666,0.929646,0.933987,0.954575,0.913399,0.011604,0.020549,0.043544,0.084410,0.000000,13,2,11,0,0
dance_argument,unconstrained,0,425,1929.948,0.232019,0.862921,0.871118,0.854723,24,0.00024747,2,0.081769,0.095804,0.067733,0.919850,0.908791,0.930909,0.933596,0.954575,0.912616,0.012075,0.020270,0.042855,0.085372,0.000000,13,2,11,0,0
dance_argument,unconstrained,0,450,2140.405,0.228083,0.866966,0.876743,0.857189,24,0.00023240,2,0.080239,0.089528,0.070950,0.921283,0.914308,0.928257,0.936622,0.955236,0.918007,0.011634,0.021189,0.042061,0.079893,0.000000,13,2,11,0,0
dance_argument,unconstrained,0,475,2173.606,0.227438,0.867655,0.873598,0.861713,24,0.00025588,3,0.079056,0.089858,0.068255,0.922366,0.913760,0.930971,0.936313,0.952098,0.920529,0.011815,0.020284,0.046040,0.078073,0.000000,13,2,11,0,0
dance_argument,unconstrained,0,500,2385.681,0.221607,0.868257,0.872081,0.864433,24,0.00028337,2,0.078886,0.096300,0.061473,0.922851,0.908492,0.937211,0.936817,0.956062,0.917572,0.012431,0.018239,0.042563,0.080768,0.000000,13,2,11,0,0
dance_argument,unconstrained,0,525,2418.835,0.219633,0.868709,0.873657,0.863760,24,0.00022531,1,0.071400,0.091675,0.051126,0.929500,0.912308,0.946691,0.930835,0.953750,0.907921,0.011962,0.015259,0.045135,0.089840,0.000000,13,2,11,0,0
dance_argument,unconstrained,0,550,2632.167,0.220802,0.863965,0.862249,0.865680,24,0.00025326,2,0.078151,0.104394,0.051909,0.923637,0.901204,0.946070,0.931440,0.952263,0.910616,0.012653,0.015405,0.045915,0.086992,0.000000,13,2,11,0,0
dance_argument,unconstrained,0,575,2665.788,0.217368,0.865365,0.860257,0.870473,24,0.00015689,2,0.080142,0.106376,0.053908,0.921984,0.899469,0.944499,0.934583,0.951767,0.917398,0.012624,0.016011,0.046032,0.080824,0.000000,13,2,11,0,0
dance_argument,unconstrained,0,600,2876.837,0.218072,0.865078,0.860003,0.870153,24,0.00023061,2,0.079773,0.105550,0.053995,0.922239,0.900078,0.944400,0.933957,0.950776,0.917138,0.012458,0.016094,0.046880,0.081034,0.000000,13,2,11,0,0
dance_argument,unconstrained,0,625,2909.692,0.213558,0.870746,0.868104,0.873387,24,0.00019311,2,0.073596,0.095804,0.051387,0.927754,0.908503,0.947005,0.934770,0.951272,0.918268,0.012138,0.015470,0.046959,0.079745,0.000000,13,2,11,0,0
dance_argument,unconstrained,0,650,3122.553,0.218220,0.868037,0.865341,0.870733,24,0.00018604,2,0.074313,0.096630,0.051995,0.926934,0.907583,0.946286,0.932483,0.948959,0.916007,0.012547,0.015222,0.049463,0.081781,0.000000,13,2,11,0,0
dance_argument,unconstrained,0,675,3155.970,0.216808,0.869057,0.865162,0.872953,24,0.00005330,2,0.074417,0.097621,0.051213,0.926962,0.906782,0.947142,0.933640,0.949620,0.917659,0.012698,0.015337,0.048164,0.080553,0.000000,13,2,11,0,0
dance_argument,unconstrained,0,700,3366.851,0.218441,0.867451,0.861665,0.873237,24,0.00012828,2,0.077591,0.100925,0.054256,0.924093,0.903840,0.944345,0.934622,0.948629,0.920616,0.013045,0.015819,0.049649,0.077505,0.000000,13,2,11,0,0
dance_argument,unconstrained,0,725,3399.792,0.221557,0.864185,0.850044,0.878326,24,0.00008149,2,0.086210,0.116947,0.055473,0.916937,0.890335,0.943540,0.938252,0.949455,0.927050,0.015135,0.016444,0.048255,0.071538,0.000000,13,2,11,0,0
dance_argument,unconstrained,0,750,3611.062,0.212520,0.870776,0.857079,0.884473,24,0.00005154,2,0.083681,0.110671,0.056691,0.919331,0.895850,0.942812,0.943273,0.951933,0.934614,0.014780,0.016813,0.046590,0.063131,0.000000,13,2,11,0,0
dance_argument,unconstrained,0,775,3644.178,0.212006,0.867141,0.846798,0.887485,24,0.00010632,2,0.092009,0.124546,0.059473,0.912425,0.884338,0.940511,0.946265,0.952263,0.940266,0.015261,0.017717,0.046138,0.057431,0.000000,13,2,11,0,0
dance_argument,unconstrained,0,800,3854.662,0.206727,0.872949,0.856444,0.889455,25,0.00008675,2,0.086250,0.113809,0.058691,0.917370,0.893410,0.941330,0.947786,0.953915,0.941657,0.014574,0.017588,0.044438,0.056544,0.000000,14,2,11,0,0
dance_argument,unconstrained,0,825,3888.829,0.207788,0.873625,0.858352,0.888898,25,0.00005907,2,0.086459,0.112488,0.060430,0.917184,0.894615,0.939754,0.948760,0.954906,0.942614,0.015002,0.017994,0.043284,0.055559,0.000000,14,2,11,0,0
dance_argument,unconstrained,0,850,4108.291,0.211812,0.871909,0.852850,0.890969,25,0.00003573,1,0.087415,0.115791,0.059038,0.916317,0.891520,0.941115,0.947586,0.951602,0.943570,0.015900,0.017574,0.046998,0.054422,0.000000,14,2,11,0,0
dance_argument,unconstrained,0,875,4142.630,0.210588,0.868790,0.844914,0.892666,25,0.00009309,1,0.091601,0.126858,0.056343,0.913021,0.882425,0.943618,0.947530,0.952098,0.942961,0.016241,0.016974,0.045903,0.055153,0.000000,14,2,11,0,0
dance_argument,unconstrained,0,900,4359.192,0.215443,0.864641,0.838466,0.890816,25,0.00012449,1,0.097330,0.137099,0.057560,0.908350,0.874281,0.942420,0.947756,0.953419,0.942092,0.017631,0.017130,0.044492,0.055749,0.000000,14,2,11,0,0
dance_argument,unconstrained,0,925,4393.378,0.218119,0.866221,0.843407,0.889035,25,0.00011612,1,0.092857,0.128675,0.057039,0.911850,0.880923,0.942777,0.945838,0.951933,0.939744,0.017434,0.016958,0.046427,0.058268,0.000000,14,2,11,0,0
dance_argument,unconstrained,0,950,4606.343,0.224358,0.862833,0.840664,0.885002,25,0.00003922,1,0.095191,0.134126,0.056256,0.909953,0.876671,0.943236,0.944104,0.953419,0.934788,0.018390,0.016802,0.045019,0.063468,0.000000,14,2,11,0,0
dance_argument,unconstrained,0,975,4640.081,0.217797,0.867805,0.844901,0.890710,25,0.00005788,1,0.090718,0.125702,0.055734,0.913656,0.883264,0.944047,0.945730,0.951107,0.940353,0.017485,0.016668,0.047478,0.057859,0.000000,14,2,11,0,0
dance_argument,unconstrained,0,1000,4858.044,0.212752,0.867900,0.842928,0.892872,25,0.00000877,1,0.091592,0.130492,0.052691,0.913236,0.879555,0.946917,0.946421,0.952924,0.939918,0.017861,0.015534,0.045278,0.057527,0.000000,14,2,11,0,0
dance_argument,unconstrained,0,1025,4891.802,0.210029,0.870888,0.851086,0.890691,25,0.00001517,1,0.084441,0.118104,0.050778,0.919065,0.889592,0.948537,0.943760,0.951602,0.935919,0.016016,0.015110,0.046908,0.061942,0.000000,14,2,11,0,0
dance_argument,unconstrained,0,1050,5108.170,0.206147,0.870756,0.848587,0.892925,25,0.00001451,1,0.086671,0.122564,0.050778,0.917332,0.886004,0.948659,0.945430,0.952593,0.938266,0.015631,0.015027,0.046648,0.059760,0.000000,14,2,11,0,0
dance_argument,unconstrained,0,1075,5141.797,0.203734,0.871783,0.849412,0.894155,25,0.00005338,0,0.088175,0.123224,0.053126,0.916107,0.885618,0.946596,0.947869,0.954080,0.941657,0.015625,0.015614,0.045237,0.056137,0.000000,14,2,11,0,0
dance_argument,unconstrained,0,1100,5355.684,0.199951,0.877765,0.860697,0.894833,25,0.00002559,1,0.080168,0.108688,0.051648,0.922860,0.897747,0.947972,0.947647,0.954245,0.941049,0.014950,0.015125,0.045016,0.056830,0.000000,14,2,11,0,0
dance_argument,unconstrained,0,1125,5389.099,0.197308,0.878373,0.858268,0.898478,25,0.00001598,1,0.081346,0.111827,0.050865,0.921993,0.895104,0.948882,0.949212,0.954245,0.944179,0.015250,0.015131,0.044287,0.053410,0.000000,14,2,11,0,0
dance_argument,unconstrained,0,1150,5603.270,0.194235,0.880255,0.862110,0.898399,25,0.00001776,1,0.077608,0.106871,0.048344,0.925230,0.899284,0.951177,0.948038,0.954245,0.941831,0.014389,0.014397,0.045011,0.055647,0.000000,14,2,11,0,0
dance_argument,unconstrained,0,1175,5636.665,0.195510,0.880040,0.861124,0.898956,25,0.00001906,1,0.079173,0.108523,0.049822,0.923887,0.897918,0.949856,0.949160,0.954575,0.943744,0.015021,0.014749,0.044272,0.053865,0.000000,14,2,11,0,0
dance_argument,unconstrained,0,1200,5848.687,0.196195,0.875387,0.851759,0.899014,25,0.00004560,1,0.085814,0.122068,0.049561,0.918420,0.886743,0.950096,0.949651,0.955732,0.943570,0.015345,0.014702,0.043496,0.054273,0.000000,14,2,11,0,0
dance_argument,unconstrained,0,1225,5881.521,0.196836,0.879120,0.863460,0.894781,25,0.00003241,1,0.076769,0.105715,0.047822,0.925890,0.900312,0.951469,0.946156,0.954741,0.937571,0.014299,0.014222,0.044447,0.060148,0.000000,14,2,11,0,0
dance_argument,unconstrained,0,1250,6095.184,0.192642,0.881062,0.864105,0.898018,25,0.00004673,0,0.076790,0.104889,0.048691,0.925926,0.901013,0.950838,0.948242,0.954741,0.941744,0.014003,0.014362,0.044267,0.056283,0.000000,14,2,11,0,0
dance_argument,unconstrained,0,1275,6127.702,0.195136,0.879091,0.855768,0.902415,25,0.00009230,0,0.081641,0.115461,0.047822,0.921978,0.892096,0.951860,0.950073,0.954575,0.945570,0.015596,0.014264,0.044688,0.052621,0.000000,14,2,11,0,0
dance_argument,unconstrained,0,1300,6328.916,0.198518,0.874484,0.847755,0.901212,24,0.00015226,0,0.082993,0.118599,0.047387,0.920517,0.888837,0.952197,0.946108,0.948299,0.943918,0.014938,0.013992,0.051219,0.053516,0.000000,14,2,12,0,0
dance_argument,unconstrained,0,1325,6360.110,0.200017,0.873780,0.847909,0.899651,24,0.00045039,0,0.084297,0.121903,0.046692,0.919584,0.886409,0.952758,0.946465,0.951272,0.941657,0.015797,0.013709,0.047501,0.056367,0.000000,14,2,12,0,0
dance_argument,unconstrained,0,1350,6560.770,0.201782,0.870854,0.841244,0.900464,24,0.00034665,0,0.089622,0.130988,0.048257,0.915175,0.878987,0.951363,0.947677,0.951437,0.943918,0.016314,0.014376,0.047349,0.053824,0.000000,14,2,12,0,0
dance_argument,unconstrained,0,1375,6591.589,0.198038,0.875933,0.851170,0.900696,24,0.00034533,0,0.085945,0.122068,0.049822,0.918311,0.886674,0.949948,0.950320,0.955071,0.945570,0.016061,0.014818,0.044206,0.052053,0.000000,14,2,12,0,0
dance_argument,unconstrained,0,1400,6794.222,0.198544,0.872376,0.843416,0.901336,24,0.00030181,1,0.087753,0.127684,0.047822,0.916723,0.881641,0.951805,0.947773,0.951107,0.944440,0.015596,0.014211,0.047717,0.053427,0.000000,14,2,12,0,0
dance_argument,unconstrained,0,1425,6825.913,0.203239,0.872393,0.844911,0.899876,24,0.00018579,3,0.087310,0.124711,0.049909,0.916907,0.883989,0.949825,0.947534,0.950281,0.944787,0.016322,0.014706,0.048325,0.053240,0.000000,14,2,12,0,0
dance_argument,unconstrained,0,1450,7026.965,0.198614,0.875964,0.851687,0.900240,24,0.00000099,0,0.082237,0.115956,0.048518,0.921188,0.891264,0.951113,0.947182,0.950446,0.943918,0.015319,0.014422,0.048602,0.053114,0.000000,14,2,12,0,0
dance_argument,unconstrained,0,1475,7058.251,0.190064,0.880619,0.858333,0.902905,24,0.00000539,0,0.078872,0.110010,0.047735,0.924226,0.896487,0.951964,0.949382,0.952759,0.946005,0.014155,0.014192,0.046132,0.051661,0.000000,14,2,12,0,0
dance_argument,unconstrained,0,1500,7259.438,0.191014,0.879817,0.858034,0.901600,24,0.00000425,1,0.080594,0.112322,0.048865,0.922785,0.894704,0.950866,0.950034,0.954410,0.945657,0.014508,0.014479,0.044542,0.051742,0.000000,14,2,12,0,0
dance_argument,unconstrained,0,1525,7290.308,0.189774,0.879866,0.858646,0.901087,24,0.00001037,0,0.081311,0.114800,0.047822,0.922352,0.892912,0.951792,0.950699,0.957218,0.944179,0.014841,0.014081,0.042132,0.053030,0.000000,14,2,12,0,0
dance_argument,unconstrained,0,1550,7487.759,0.194277,0.876573,0.849345,0.903801,24,0.00002127,0,0.085145,0.122729,0.047561,0.919071,0.885973,0.952169,0.950186,0.953584,0.946787,0.015976,0.014028,0.045045,0.050784,0.000000,14,2,12,0,0
dance_argument,unconstrained,0,1575,7518.232,0.193456,0.877675,0.853119,0.902231,24,0.00003163,0,0.084302,0.120086,0.048518,0.919788,0.888360,0.951215,0.950786,0.955567,0.946005,0.015586,0.014173,0.043851,0.052040,0.000000,14,2,12,0,0
dance_argument,unconstrained,0,1600,7714.968,0.193429,0.876531,0.850610,0.902451,24,0.00003129,0,0.084910,0.123389,0.046431,0.919389,0.885640,0.953137,0.949960,0.955567,0.944353,0.015965,0.013614,0.043462,0.053119,0.000000,14,2,12,0,0
dance_argument,unconstrained,0,1625,7745.744,0.194165,0.877008,0.851792,0.902224,24,0.00003915,0,0.083823,0.120086,0.047561,0.920147,0.888205,0.952089,0.949608,0.954080,0.945135,0.015627,0.014046,0.044463,0.052555,0.000000,14,2,12,0,0
dance_argument,unconstrained,0,1650,7944.144,0.189722,0.880533,0.859855,0.901211,24,0.00004313,0,0.081033,0.113809,0.048257,0.922594,0.893788,0.951401,0.951207,0.957714,0.944700,0.014933,0.014177,0.041401,0.052928,0.000000,14,2,12,0,0
dance_argument,unconstrained,0,1675,7974.312,0.191639,0.880151,0.858967,0.901335,24,0.00004998,0,0.080672,0.112653,0.048691,0.922784,0.894558,0.951010,0.950477,0.955732,0.945222,0.015161,0.014116,0.043281,0.052503,0.000000,14,2,12,0,0
dance_argument,unconstrained,0,1700,8171.144,0.190785,0.875940,0.845727,0.906154,24,0.00004362,0,0.088805,0.130657,0.046952,0.916315,0.879787,0.952843,0.952464,0.956227,0.948700,0.016208,0.013820,0.042778,0.049061,0.000000,14,2,12,0,0
dance_argument,unconstrained,0,1725,8201.589,0.186355,0.880860,0.856194,0.905526,24,0.00004577,0,0.082598,0.118764,0.046431,0.921490,0.889690,0.953289,0.952724,0.957879,0.947570,0.015354,0.013619,0.041191,0.049943,0.000000,14,2,12,0,0
dance_argument,unconstrained,0,1750,8400.249,0.189163,0.878218,0.851151,0.905285,24,0.00004084,0,0.085527,0.126363,0.044692,0.919210,0.883544,0.954877,0.952224,0.958705,0.945744,0.016301,0.013140,0.040260,0.052127,0.000000,14,2,12,0,0
dance_argument,unconstrained,0,1775,8430.947,0.185675,0.879795,0.853067,0.906523,24,0.00003737,0,0.084745,0.123059,0.046431,0.919755,0.886173,0.953338,0.953329,0.958044,0.948613,0.015692,0.013477,0.040622,0.048978,0.000000,14,2,12,0,0
dance_argument,unconstrained,0,1800,8630.379,0.181016,0.881061,0.852630,0.909492,24,0.00003767,0,0.084714,0.124215,0.045213,0.919938,0.885278,0.954597,0.954576,0.958540,0.950613,0.015314,0.013184,0.040257,0.046848,0.000000,14,2,12,0,0
dance_argument,unconstrained,0,1825,8660.617,0.180752,0.881606,0.853227,0.909984,24,0.00003011,0,0.082541,0.120912,0.044170,0.921672,0.887764,0.955579,0.953285,0.956392,0.950178,0.014763,0.012876,0.042613,0.047642,0.000000,14,2,12,0,0
dance_argument,unconstrained,0,1850,8861.404,0.180418,0.885694,0.861049,0.910340,24,0.00003577,0,0.077964,0.111497,0.044431,0.925506,0.895656,0.955356,0.953920,0.957053,0.950787,0.014683,0.013194,0.041815,0.047112,0.000000,14,2,12,0,0
dance_argument,unconstrained,0,1875,8892.591,0.178916,0.886639,0.860237,0.913040,24,0.00002597,0,0.079090,0.113314,0.044866,0.924642,0.894201,0.955084,0.955859,0.957714,0.954004,0.015008,0.013310,0.041252,0.044252,0.000000,14,2,12,0,0
dance_argument,unconstrained,0,1900,9090.729,0.181668,0.884487,0.856425,0.912548,24,0.00001802,0,0.081611,0.118269,0.044953,0.922532,0.890083,0.954981,0.955642,0.957714,0.953569,0.015625,0.013385,0.041384,0.044419,0.000000,14,2,12,0,0
dance_argument,unconstrained,0,1925,9121.152,0.183668,0.881830,0.852069,0.911591,24,0.00002281,0,0.085984,0.125537,0.046431,0.918919,0.884252,0.953585,0.956476,0.959035,0.953917,0.016190,0.013660,0.040315,0.044341,0.000000,14,2,12,0,0
dance_argument,unconstrained,0,1950,9306.619,0.178320,0.882408,0.849642,0.915175,24,0.00002361,0,0.086927,0.129336,0.044518,0.918361,0.881220,0.955501,0.957724,0.959531,0.955917,0.015634,0.013329,0.040037,0.042226,0.000000,14,2,12,0,0
dance_argument,unconstrained,0,1975,9336.936,0.182732,0.880647,0.849261,0.912034,24,0.00002640,0,0.086727,0.128675,0.044779,0.918381,0.881647,0.955116,0.955707,0.958540,0.952874,0.016069,0.013309,0.040613,0.044890,0.000000,14,2,12,0,0
dance_argument,unconstrained,0,2000,9535.123,0.181223,0.884150,0.854974,0.913326,24,0.00010596,0,0.083024,0.120747,0.045300,0.921394,0.888089,0.954700,0.956455,0.958209,0.954700,0.015759,0.013371,0.041213,0.043547,0.000000,14,2,12,0,0
dance_argument,unconstrained,0,2025,9565.757,0.183104,0.883160,0.853019,0.913300,24,0.00001412,0,0.083784,0.121573,0.045996,0.920659,0.887255,0.954064,0.956016,0.956723,0.955308,0.015919,0.013523,0.042400,0.043269,0.000000,14,2,12,0,0
dance_argument,unconstrained,0,2050,9763.329,0.184671,0.879358,0.846244,0.912473,24,0.00003803,0,0.088601,0.130162,0.047039,0.916641,0.880207,0.953075,0.955894,0.956392,0.955395,0.016047,0.013768,0.043101,0.042798,0.000000,14,2,12,0,0
dance_argument,unconstrained,0,2075,9793.701,0.180447,0.885991,0.857630,0.914352,24,0.00003687,0,0.080307,0.114965,0.045648,0.923553,0.892675,0.954431,0.956159,0.956227,0.956091,0.015195,0.013503,0.043642,0.042035,0.000000,14,2,12,0,0
dance_argument,unconstrained,0,2100,9992.709,0.181318,0.884888,0.857481,0.912295,24,0.00000983,0,0.081015,0.116122,0.045909,0.922946,0.891796,0.954095,0.955616,0.957053,0.954178,0.015092,0.013610,0.042746,0.043903,0.000000,14,2,12,0,0
dance_argument,unconstrained,0,2125,10024.094,0.189023,0.878736,0.845108,0.912364,24,0.00000979,0,0.087536,0.129336,0.045735,0.917458,0.880658,0.954257,0.954251,0.954410,0.954091,0.016835,0.013511,0.044830,0.043803,0.000000,14,2,12,0,0
dance_argument,unconstrained,0,2150,10224.187,0.188182,0.878125,0.845040,0.911211,24,0.00001036,0,0.088331,0.128840,0.047822,0.916655,0.881007,0.952302,0.954351,0.953915,0.954787,0.016018,0.013957,0.045661,0.043523,0.000000,14,2,12,0,0
dance_argument,unconstrained,0,2175,10255.545,0.186729,0.882276,0.856784,0.907769,24,0.00004146,0,0.081441,0.116452,0.046431,0.922435,0.891472,0.953399,0.953238,0.956558,0.949917,0.015136,0.013658,0.043360,0.048905,0.000000,14,2,12,0,0
dance_argument,unconstrained,0,2200,10459.184,0.182772,0.883558,0.856551,0.910564,24,0.00002803,0,0.080937,0.115791,0.046083,0.922895,0.891938,0.953853,0.954129,0.955732,0.952526,0.015108,0.013457,0.043577,0.045222,0.000000,14,2,12,0,0
dance_argument,unconstrained,0,2225,10491.042,0.183008,0.882437,0.852681,0.912193,24,0.00003135,0,0.082967,0.121242,0.044692,0.921330,0.887458,0.955203,0.954511,0.956062,0.952961,0.015744,0.013116,0.043150,0.044728,0.000000,14,2,12,0,0
dance_argument,unconstrained,0,2250,10696.362,0.182865,0.882314,0.852418,0.912211,24,0.00004093,0,0.083815,0.123720,0.043909,0.920768,0.885614,0.955922,0.955072,0.957879,0.952265,0.016029,0.012864,0.041706,0.045873,0.000000,14,2,12,0,0
dance_argument,unconstrained,1,1,1.405,1.779089,0.130805,0.181638,0.079972,20,0.00101130,0,0.224705,0.334985,0.114425,0.428878,0.419908,0.437847,0.165803,0.242484,0.089123,0.046046,0.033930,0.749931,0.906145,0.000000,0,0,0,0,0
dance_argument,unconstrained,1,25,27.573,1.521150,0.205490,0.305034,0.105946,20,0.00000671,1,0.111810,0.151800,0.071820,0.655432,0.698293,0.612570,0.232447,0.351338,0.113555,0.020674,0.021264,0.641063,0.881346,0.000000,0,0,0,0,0
dance_argument,unconstrained,1,50,189.554,1.364443,0.280114,0.395839,0.164388,23,0.00061940,0,0.094010,0.119590,0.068429,0.753563,0.787496,0.719629,0.309407,0.443178,0.175637,0.016074,0.020183,0.550879,0.819659,0.000000,1,2,0,0,0
dance_argument,unconstrained,1,75,219.250,1.239174,0.339620,0.464884,0.214356,23,0.00068137,2,0.092062,0.124215,0.059908,0.799653,0.807967,0.791339,0.374914,0.522630,0.227198,0.016665,0.017681,0.470933,0.768012,0.000000,1,2,0,0,0
dance_argument,unconstrained,1,100,380.218,1.083347,0.413690,0.556751,0.270628,22,0.00104803,2,0.085593,0.120581,0.050604,0.843470,0.838030,0.848910,0.454104,0.623885,0.284323,0.016209,0.014290,0.369579,0.711330,0.000000,4,2,4,0,0
dance_argument,unconstrained,1,125,408.661,0.972202,0.467024,0.610083,0.323965,22,0.00148176,1,0.086553,0.133631,0.039475,0.866574,0.838070,0.895077,0.514181,0.691609,0.336753,0.017737,0.011423,0.303575,0.658859,0.000000,4,2,4,0,0
dance_argument,unconstrained,1,150,594.673,0.888673,0.510922,0.652963,0.368882,25,0.00102086,1,0.085892,0.129006,0.042779,0.875493,0.851068,0.899919,0.560930,0.737199,0.384662,0.017269,0.011986,0.258932,0.610668,0.000000,7,2,4,0,0
dance_argument,unconstrained,1,175,627.109,0.791930,0.560739,0.705320,0.416158,25,0.00093188,1,0.081767,0.123885,0.039649,0.890447,0.864841,0.916053,0.612679,0.792699,0.432658,0.016439,0.011539,0.203756,0.563531,0.000000,7,2,4,0,0
dance_argument,unconstrained,1,200,833.961,0.717256,0.600772,0.731221,0.470324,27,0.00087879,1,0.085193,0.125867,0.044518,0.892148,0.867386,0.916910,0.657259,0.823257,0.491262,0.016729,0.013162,0.172573,0.504131,0.000000,10,2,5,0,0
dance_argument,unconstrained,1,225,869.965,0.662515,0.633092,0.744092,0.522091,27,0.00076211,2,0.104520,0.146350,0.062690,0.876017,0.853554,0.898479,0.703906,0.852990,0.554821,0.019378,0.018305,0.143884,0.440920,0.000000,10,2,5,0,0
dance_argument,unconstrained,1,250,1097.595,0.590624,0.666801,0.748680,0.584921,29,0.00037107,3,0.103445,0.157417,0.049474,0.885841,0.846266,0.925416,0.740197,0.866535,0.613860,0.021124,0.014667,0.131024,0.381771,0.000000,13,2,6,0,0
dance_argument,unconstrained,1,275,1136.070,0.526117,0.701764,0.755917,0.647612,29,0.00023338,1,0.106328,0.158573,0.054082,0.886642,0.846694,0.926590,0.779210,0.875785,0.682636,0.021481,0.015987,0.121123,0.313394,0.000000,13,2,6,0,0
dance_argument,unconstrained,1,300,1377.025,0.475914,0.725686,0.759051,0.692320,31,0.00008771,2,0.116143,0.177073,0.055213,0.882163,0.834593,0.929733,0.812002,0.893459,0.730545,0.023825,0.016010,0.103450,0.265936,0.000000,15,3,7,0,0
dance_argument,unconstrained,1,325,1418.699,0.430409,0.750444,0.781348,0.719539,31,0.00007196,2,0.103163,0.156591,0.049735,0.895268,0.852313,0.938222,0.829513,0.903700,0.755326,0.021191,0.014400,0.094227,0.241583,0.000000,15,3,7,0,0
dance_argument,unconstrained,1,350,1669.129,0.396793,0.770303,0.807939,0.732668,31,0.00005781,4,0.092644,0.131814,0.053474,0.904611,0.874013,0.935209,0.843141,0.914437,0.771846,0.017812,0.015401,0.082606,0.225379,0.000000,18,3,10,0,0
dance_argument,unconstrained,1,375,1710.929,0.367375,0.785006,0.819930,0.750083,31,0.00015234,4,0.091722,0.133796,0.049648,0.907433,0.874185,0.940681,0.858478,0.929633,0.787323,0.017854,0.014517,0.068611,0.209984,0.000000,18,3,10,0,0
dance_argument,unconstrained,1,400,1974.181,0.346309,0.796410,0.834717,0.758103,30,0.00014320,3,0.078890,0.114305,0.043474,0.919232,0.890558,0.947906,0.860595,0.930129,0.791062,0.015191,0.012508,0.068174,0.205708,0.000000,18,3,11,0,0
dance_argument,unconstrained,1,425,2014.402,0.336880,0.801699,0.842887,0.760512,30,0.00020792,3,0.070465,0.100760,0.040170,0.926857,0.902040,0.951674,0.859439,0.927816,0.791062,0.013389,0.011159,0.069930,0.206026,0.000000,18,3,11,0,0
dance_argument,unconstrained,1,450,2271.125,0.321734,0.809094,0.845193,0.772995,30,0.00027182,3,0.065105,0.097952,0.032258,0.932834,0.904524,0.961144,0.862956,0.927981,0.797931,0.012821,0.009362,0.069585,0.198954,0.000000,18,3,11,0,0
dance_argument,unconstrained,1,475,2311.020,0.307919,0.818514,0.855119,0.781910,30,0.00021298,2,0.058815,0.084242,0.033388,0.938513,0.916707,0.960318,0.867586,0.927156,0.808017,0.010976,0.009552,0.070834,0.189023,0.000000,18,3,11,0,0
dance_argument,unconstrained,1,500,2559.951,0.306028,0.819337,0.857099,0.781574,32,0.00005247,3,0.064332,0.087711,0.040953,0.933042,0.914008,0.952076,0.872929,0.932276,0.813581,0.011231,0.011386,0.065518,0.184004,0.000000,21,3,12,0,0
dance_argument,unconstrained,1,525,2602.816,0.282832,0.830726,0.865136,0.796317,32,0.00009102,2,0.060150,0.086389,0.033910,0.938132,0.915822,0.960442,0.881597,0.939874,0.823320,0.011316,0.009209,0.058254,0.173830,0.000000,21,3,12,0,0
dance_argument,unconstrained,1,550,2872.968,0.318230,0.813372,0.857636,0.769109,34,0.00002157,1,0.072674,0.101090,0.044257,0.925538,0.903302,0.947773,0.873741,0.944334,0.803148,0.013403,0.012929,0.053719,0.194526,0.000000,24,3,13,0,0
dance_argument,unconstrained,1,575,2919.147,0.263499,0.841381,0.861573,0.821189,34,0.00012975,2,0.070374,0.102577,0.038171,0.929844,0.902542,0.957146,0.901243,0.949950,0.852535,0.013477,0.011190,0.050034,0.143971,0.000000,24,3,13,0,0
dance_argument,unconstrained,1,600,3219.209,0.236473,0.856260,0.870530,0.841990,34,0.00022587,4,0.065409,0.094648,0.036171,0.934921,0.909650,0.960191,0.912685,0.952924,0.872446,0.012242,0.010513,0.046042,0.125513,0.000000,24,3,13,0,0
dance_argument,unconstrained,1,625,3265.413,0.225321,0.861562,0.873844,0.849279,34,0.00009355,1,0.063593,0.089362,0.037823,0.936518,0.914181,0.958854,0.916667,0.951933,0.881402,0.011074,0.010705,0.046676,0.116489,0.000000,24,3,13,0,0
dance_argument,unconstrained,1,650,3559.686,0.218712,0.865910,0.875817,0.856003,33,0.00004227,1,0.060837,0.086720,0.034953,0.939269,0.916494,0.962043,0.918845,0.951767,0.885923,0.010875,0.010125,0.047187,0.111793,0.000000,24,3,14,0,0
dance_argument,unconstrained,1,675,3604.865,0.212545,0.873274,0.887706,0.858841,33,0.00004910,1,0.054690,0.070862,0.038518,0.944615,0.930627,0.958602,0.921267,0.950611,0.891922,0.009765,0.010950,0.047728,0.105538,0.000000,24,3,14,0,0
dance_argument,unconstrained,1,700,3885.554,0.203074,0.873519,0.882254,0.864783,32,0.00000646,0,0.060811,0.084407,0.037214,0.939546,0.918927,0.960164,0.926844,0.956723,0.896965,0.010363,0.010649,0.041973,0.099610,0.000000,24,3,15,0,0
dance_argument,unconstrained,1,725,3929.231,0.202775,0.873092,0.877495,0.868689,32,0.00002447,1,0.066214,0.092170,0.040257,0.934807,0.912264,0.957351,0.931018,0.958375,0.903661,0.011176,0.011524,0.040286,0.094200,0.000000,24,3,15,0,0
dance_argument,unconstrained,1,750,4203.268,0.195201,0.880090,0.886263,0.873916,32,0.00000960,1,0.063054,0.083416,0.042692,0.937658,0.920070,0.955246,0.935708,0.960192,0.911225,0.011527,0.011606,0.038129,0.086219,0.000000,24,3,15,0,0
dance_argument,unconstrained,1,775,4246.737,0.188893,0.882217,0.874924,0.889510,32,0.00004105,0,0.067701,0.093492,0.041909,0.933857,0.910978,0.956736,0.941756,0.956723,0.926789,0.012061,0.012245,0.041372,0.071255,0.000000,24,3,15,0,0
dance_argument,unconstrained,1,800,4524.574,0.185138,0.886700,0.880945,0.892455,33,0.00013280,0,0.066736,0.090519,0.042953,0.934890,0.913891,0.955889,0.945738,0.960687,0.930789,0.012551,0.012612,0.037776,0.067179,0.000000,25,3,15,0,0
dance_argument,unconstrained,1,825,4568.797,0.176823,0.887649,0.880496,0.894803,33,0.00003220,1,0.066140,0.093327,0.038953,0.935703,0.911622,0.959785,0.946164,0.962669,0.929658,0.011665,0.011311,0.036723,0.067816,0.000000,25,3,15,0,0
dance_argument,unconstrained,1,850,4858.677,0.166330,0.898196,0.897677,0.898716,33,0.00007752,1,0.054838,0.073505,0.036171,0.945869,0.929129,0.962610,0.947442,0.963660,0.931223,0.009958,0.010886,0.034971,0.066404,0.000000,25,3,15,0,0
dance_argument,unconstrained,1,875,4903.807,0.170582,0.892170,0.887202,0.897138,33,0.00009034,1,0.063454,0.088041,0.038866,0.938193,0.916418,0.959968,0.948659,0.965312,0.932006,0.010793,0.011558,0.034026,0.066038,0.000000,25,3,15,0,0
dance_argument,unconstrained,1,900,5194.043,0.199692,0.874224,0.876787,0.871662,33,0.00011045,1,0.069974,0.097952,0.041996,0.931726,0.907647,0.955806,0.935469,0.962669,0.908269,0.011725,0.012338,0.036965,0.088578,0.000000,25,3,15,0,0
dance_argument,unconstrained,1,925,5239.161,0.181065,0.885863,0.889530,0.882196,33,0.00012046,1,0.065349,0.087050,0.043648,0.936075,0.917411,0.954738,0.943833,0.966964,0.920703,0.010517,0.012501,0.032349,0.076664,0.000000,25,3,15,0,0
dance_argument,unconstrained,1,950,5529.897,0.171161,0.890749,0.886907,0.894591,33,0.00006452,1,0.065510,0.092501,0.038518,0.936522,0.912854,0.960191,0.948998,0.968946,0.929050,0.011276,0.011466,0.030681,0.068481,0.000000,25,3,15,0,0
dance_argument,unconstrained,1,975,5575.107,0.166131,0.896742,0.896241,0.897243,33,0.00005679,1,0.060859,0.080938,0.040779,0.940527,0.922895,0.958159,0.951306,0.968781,0.933832,0.010856,0.011742,0.029734,0.064423,0.000000,25,3,15,0,0
dance_argument,unconstrained,1,1000,5866.422,0.163304,0.894944,0.890283,0.899606,33,0.00006901,1,0.064844,0.092996,0.036692,0.937456,0.912767,0.962146,0.952845,0.973076,0.932615,0.011405,0.010999,0.026853,0.064925,0.000000,25,3,15,0,0
dance_argument,unconstrained,1,1025,5911.548,0.166739,0.892641,0.889208,0.896075,33,0.00008335,1,0.068066,0.092831,0.043301,0.934267,0.912801,0.955733,0.953315,0.971754,0.934875,0.011315,0.012431,0.027185,0.063031,0.000000,25,3,15,0,0
dance_argument,unconstrained,1,1050,6201.637,0.162954,0.894683,0.889968,0.899397,33,0.00007306,1,0.063184,0.088371,0.037997,0.938642,0.916393,0.960891,0.951093,0.968616,0.933571,0.010684,0.011277,0.029435,0.063725,0.000000,25,3,15,0,0
dance_argument,unconstrained,1,1075,6246.507,0.167915,0.894547,0.892373,0.896721,33,0.00015874,1,0.064923,0.085068,0.044779,0.936813,0.919241,0.954384,0.952580,0.968285,0.936875,0.010961,0.012772,0.030334,0.061181,0.000000,25,3,15,0,0
dance_argument,unconstrained,1,1100,6533.257,0.168153,0.896626,0.897969,0.895284,33,0.00017926,1,0.063411,0.081434,0.045387,0.938189,0.922630,0.953748,0.953506,0.971093,0.935919,0.011122,0.013114,0.027562,0.062193,0.000000,25,3,15,0,0
dance_argument,unconstrained,1,1125,6577.929,0.166408,0.896315,0.894232,0.898398,33,0.00018100,1,0.063871,0.085398,0.042344,0.937934,0.919130,0.956738,0.953519,0.970598,0.936440,0.011185,0.012836,0.027549,0.061127,0.000000,25,3,15,0,0
dance_argument,unconstrained,1,1150,6866.786,0.171259,0.889554,0.883068,0.896040,33,0.00017205,1,0.071691,0.100429,0.042953,0.931195,0.906332,0.956058,0.953141,0.971754,0.934527,0.012322,0.012614,0.026914,0.063494,0.000000,25,3,15,0,0
dance_argument,unconstrained,1,1175,6911.482,0.167095,0.895135,0.892392,0.897878,33,0.00019440,1,0.067275,0.089858,0.044692,0.934972,0.915423,0.954521,0.955293,0.972580,0.938005,0.011807,0.013130,0.025791,0.059969,0.000000,25,3,15,0,0
dance_argument,unconstrained,1,1200,7193.279,0.168208,0.890897,0.884812,0.896983,32,0.00018337,1,0.070830,0.098447,0.043214,0.931941,0.908025,0.955858,0.953832,0.971919,0.935745,0.011723,0.012710,0.027074,0.061951,0.000000,25,3,16,0,0
dance_argument,unconstrained,1,1225,7236.745,0.165789,0.893220,0.888621,0.897820,32,0.00020633,1,0.070461,0.095970,0.044953,0.932287,0.910298,0.954276,0.956040,0.973902,0.938179,0.011720,0.013162,0.024681,0.059838,0.000000,25,3,16,0,0
dance_argument,unconstrained,1,1250,7517.453,0.164332,0.893013,0.887400,0.898626,32,0.00020528,1,0.070557,0.097291,0.043822,0.932264,0.909161,0.955367,0.955871,0.973736,0.938005,0.011819,0.012495,0.025282,0.059896,0.000000,25,3,16,0,0
dance_argument,unconstrained,1,1275,7560.937,0.160671,0.900591,0.901775,0.899407,32,0.00021983,1,0.060589,0.079617,0.041562,0.940961,0.924404,0.957519,0.955180,0.973571,0.936788,0.010814,0.012077,0.025550,0.061237,0.000000,25,3,16,0,1
dance_argument,unconstrained,1,1300,7842.763,0.159640,0.900176,0.897953,0.902398,32,0.00024830,1,0.060893,0.081269,0.040518,0.940698,0.922763,0.958633,0.954945,0.970928,0.938962,0.010968,0.011894,0.026697,0.059040,0.000000,25,3,16,0,1
dance_argument,unconstrained,1,1325,7886.767,0.162539,0.895239,0.889845,0.900634,32,0.00025940,1,0.068409,0.094648,0.042170,0.934220,0.911437,0.957004,0.956340,0.974067,0.938614,0.011872,0.012279,0.024713,0.059078,0.000000,25,3,16,0,1
dance_argument,unconstrained,1,1350,8168.970,0.162325,0.898128,0.896473,0.899783,32,0.00031765,1,0.063406,0.086554,0.040257,0.938578,0.918393,0.958764,0.955036,0.974067,0.936006,0.011605,0.011894,0.024317,0.061801,0.000000,25,3,16,0,1
dance_argument,unconstrained,1,1375,8213.365,0.160043,0.896337,0.890029,0.902645,32,0.00027914,1,0.066835,0.094979,0.038692,0.935782,0.911197,0.960367,0.956066,0.974562,0.937571,0.011928,0.011438,0.024005,0.060136,0.000000,25,3,16,0,1
dance_argument,unconstrained,1,1400,8497.043,0.161350,0.898893,0.895425,0.902362,32,0.00028483,1,0.064314,0.086720,0.041909,0.937750,0.918173,0.957326,0.956627,0.973076,0.940179,0.011787,0.012288,0.024552,0.058204,0.000000,25,3,16,0,1
dance_argument,unconstrained,1,1425,8540.717,0.163335,0.893035,0.884201,0.901869,32,0.00030183,1,0.073030,0.104063,0.041996,0.930446,0.903670,0.957223,0.957979,0.976214,0.939744,0.012942,0.012344,0.022455,0.057650,0.000000,25,3,16,0,1
dance_argument,unconstrained,1,1450,8822.305,0.159931,0.898691,0.893257,0.904126,32,0.00028259,1,0.066814,0.092501,0.041127,0.935779,0.913420,0.958138,0.958597,0.975884,0.941309,0.012356,0.012049,0.023105,0.056757,0.000000,25,3,16,0,1
dance_argument,unconstrained,1,1475,8865.350,0.159727,0.895765,0.887639,0.903891,32,0.00021423,1,0.071195,0.101090,0.041301,0.932114,0.906264,0.957965,0.959296,0.977370,0.941223,0.012745,0.011889,0.022164,0.056610,0.000000,25,3,16,0,1
dance_argument,unconstrained,1,1500,9143.173,0.161778,0.893225,0.880597,0.905853,32,0.00017389,1,0.073308,0.106706,0.039910,0.930335,0.901314,0.959355,0.958284,0.974562,0.942005,0.013166,0.011710,0.024110,0.056004,0.000000,25,3,16,0,1
dance_argument,unconstrained,1,1525,9186.102,0.160233,0.895589,0.885273,0.905905,32,0.00015720,0,0.070491,0.101421,0.039562,0.932735,0.905785,0.959685,0.958401,0.975058,0.941744,0.012876,0.011629,0.023441,0.056453,0.000000,25,3,16,0,1
dance_argument,unconstrained,1,1550,9458.323,0.170552,0.888461,0.883617,0.893304,31,0.00000710,1,0.074256,0.107037,0.041475,0.929346,0.901370,0.957323,0.954275,0.978196,0.930354,0.013433,0.011756,0.021285,0.067458,0.000000,25,3,17,0,1
dance_argument,unconstrained,1,1575,9500.290,0.166769,0.890581,0.878302,0.902860,31,0.00010919,0,0.077881,0.112983,0.042779,0.926466,0.896395,0.956537,0.959509,0.977536,0.941483,0.014158,0.012260,0.022648,0.056896,0.000000,25,3,17,0,1
dance_argument,unconstrained,1,1600,9758.404,0.169254,0.889651,0.873560,0.905742,31,0.00020764,0,0.080785,0.118269,0.043301,0.924096,0.892006,0.956185,0.960918,0.976875,0.944961,0.014987,0.012913,0.023415,0.052884,0.000000,25,3,17,0,1
