pair,arm,config,step,seconds,loss,mean_iou,view1_iou,view2_iou,patches,overlap,overlap_repaired_pairs,mean_spill,view1_spill,view2_spill,mean_precision,view1_precision,view2_precision,mean_coverage,view1_coverage,view2_coverage,view1_negative_space,view2_negative_space,view1_silhouette,view2_silhouette,lambda_count,total_adds,total_splits,total_deletes,count_active,target_reached
sun_moon,hinge2_restart_importnet_unconstrained,nonorm1p25,1,0.549,0.884282,0.089501,0.127955,0.051048,5,0.00000000,0,0.135212,0.151685,0.118739,0.408769,0.492775,0.324763,0.102236,0.147364,0.057109,0.034635,0.024240,0.187893,0.180654,0.050000,0,0,0,0,0
sun_moon,hinge2_restart_importnet_unconstrained,nonorm1p25,25,7.386,0.723329,0.124241,0.181368,0.067113,5,0.00000000,0,0.058481,0.069252,0.047710,0.666315,0.736864,0.595766,0.132122,0.193928,0.070315,0.015682,0.009603,0.163773,0.166285,0.050000,0,0,0,0,0
sun_moon,hinge2_restart_importnet_unconstrained,nonorm1p25,50,50.079,0.656946,0.130035,0.189892,0.070178,5,0.00000000,0,0.021247,0.030359,0.012136,0.859878,0.865679,0.854077,0.133343,0.195657,0.071029,0.006879,0.002515,0.156425,0.160306,0.050000,0,0,0,0,0
sun_moon,hinge2_restart_importnet_unconstrained,nonorm1p25,75,56.862,0.612266,0.186489,0.263975,0.109003,5,0.00000043,0,0.019890,0.030143,0.009637,0.909849,0.900215,0.919483,0.190993,0.271932,0.110054,0.006839,0.001970,0.141944,0.153177,0.050000,0,0,0,0,0
sun_moon,hinge2_restart_importnet_unconstrained,nonorm1p25,100,104.627,0.532744,0.280028,0.372415,0.187641,4,0.00000000,0,0.014383,0.023768,0.004997,0.957752,0.941318,0.974186,0.284922,0.381266,0.188578,0.005207,0.000843,0.120072,0.138737,0.050000,0,0,1,0,0
sun_moon,hinge2_restart_importnet_unconstrained,nonorm1p25,125,109.974,0.464615,0.360207,0.465396,0.255018,4,0.00000000,0,0.008179,0.014693,0.001666,0.981673,0.969825,0.993522,0.363839,0.472234,0.255443,0.003133,0.000347,0.101104,0.126854,0.050000,0,0,1,0,0
sun_moon,hinge2_restart_importnet_unconstrained,nonorm1p25,150,155.963,0.416276,0.428414,0.525750,0.331078,4,0.00000000,0,0.008801,0.015341,0.002261,0.982649,0.972064,0.993234,0.432821,0.533816,0.331826,0.003259,0.000354,0.089684,0.113939,0.050000,0,0,1,0,0
sun_moon,hinge2_restart_importnet_unconstrained,nonorm1p25,175,161.342,0.398890,0.450156,0.536794,0.363518,4,0.00000000,0,0.007029,0.011560,0.002499,0.986173,0.979154,0.993191,0.453713,0.542999,0.364426,0.002473,0.000437,0.087394,0.108414,0.050000,0,0,1,0,0
sun_moon,hinge2_restart_importnet_unconstrained,nonorm1p25,200,208.412,0.391936,0.458315,0.543309,0.373321,4,0.00000000,0,0.006137,0.011560,0.000714,0.988746,0.979399,0.998093,0.461588,0.549589,0.373587,0.002438,0.000171,0.086132,0.106574,0.050000,0,0,1,0,0
sun_moon,hinge2_restart_importnet_unconstrained,nonorm1p25,225,214.130,0.390769,0.470397,0.554523,0.386270,4,0.00000000,0,0.011848,0.011560,0.012136,0.974851,0.979808,0.969894,0.475946,0.560933,0.390958,0.002425,0.002375,0.083953,0.105432,0.050000,0,0,1,0,0
sun_moon,hinge2_restart_importnet_unconstrained,nonorm1p25,250,261.829,0.379558,0.485665,0.561940,0.409390,4,0.00000000,0,0.012231,0.013397,0.011065,0.975490,0.977016,0.973964,0.491694,0.569468,0.413920,0.002637,0.002185,0.082453,0.101298,0.050000,0,0,1,0,0
sun_moon,hinge2_restart_importnet_unconstrained,nonorm1p25,275,267.511,0.376205,0.494188,0.563725,0.424651,4,0.00000000,0,0.014172,0.013829,0.014515,0.971890,0.976375,0.967406,0.501168,0.571521,0.430815,0.002770,0.002822,0.082080,0.099032,0.050000,0,0,1,0,0
sun_moon,hinge2_restart_importnet_unconstrained,nonorm1p25,300,314.507,0.374055,0.497906,0.563341,0.432470,4,0.00000000,0,0.013578,0.011452,0.015705,0.972889,0.980297,0.965481,0.504527,0.569793,0.439262,0.002369,0.003187,0.082177,0.097905,0.050000,0,0,1,0,0
sun_moon,hinge2_restart_importnet_unconstrained,nonorm1p25,325,320.089,0.370602,0.501257,0.561819,0.440694,4,0.00000000,0,0.013497,0.011884,0.015110,0.973425,0.979523,0.967327,0.507924,0.568496,0.447353,0.002298,0.003038,0.082282,0.096350,0.050000,0,0,1,0,0
sun_moon,hinge2_restart_importnet_unconstrained,nonorm1p25,350,367.460,0.362336,0.509916,0.560410,0.459421,4,0.00000000,0,0.011442,0.011344,0.011541,0.978073,0.980377,0.975768,0.515745,0.566768,0.464723,0.002273,0.002334,0.082549,0.092859,0.050000,0,0,1,0,0
sun_moon,hinge2_restart_importnet_unconstrained,nonorm1p25,375,373.091,0.358597,0.517020,0.563155,0.470885,4,0.00000000,0,0.012232,0.011020,0.013444,0.976806,0.981013,0.972599,0.523288,0.569360,0.477216,0.002183,0.002696,0.082141,0.091059,0.050000,0,0,1,0,0
sun_moon,hinge2_restart_importnet_unconstrained,nonorm1p25,400,420.060,0.359858,0.521284,0.565649,0.476919,4,0.00000000,0,0.015092,0.012100,0.018084,0.971697,0.979301,0.964092,0.529019,0.572494,0.485544,0.002498,0.003660,0.081791,0.090440,0.050000,0,0,1,0,0
sun_moon,hinge2_restart_importnet_unconstrained,nonorm1p25,425,425.723,0.358599,0.528713,0.569403,0.488023,4,0.00000000,0,0.018299,0.013397,0.023200,0.966456,0.977310,0.955601,0.538188,0.577031,0.499346,0.002703,0.004697,0.081096,0.088954,0.050000,0,0,1,0,0
sun_moon,hinge2_restart_importnet_unconstrained,nonorm1p25,450,473.460,0.355863,0.538661,0.571093,0.506228,4,0.00000000,0,0.021436,0.011344,0.031529,0.961899,0.980737,0.943060,0.549880,0.577571,0.522189,0.002288,0.006370,0.080739,0.086371,0.050000,0,0,1,0,0
sun_moon,hinge2_restart_importnet_unconstrained,nonorm1p25,475,479.178,0.343007,0.554600,0.566396,0.542804,4,0.00000000,0,0.020268,0.012100,0.028435,0.965430,0.979328,0.951531,0.565744,0.573250,0.558239,0.002463,0.005719,0.081609,0.079666,0.050000,0,0,1,0,0
sun_moon,hinge2_restart_importnet_unconstrained,nonorm1p25,500,526.319,0.326100,0.563940,0.562520,0.565360,4,0.00000000,0,0.011984,0.010048,0.013920,0.979458,0.982623,0.976292,0.570701,0.568172,0.573230,0.001993,0.002800,0.082277,0.074782,0.050000,0,0,1,0,0
sun_moon,hinge2_restart_importnet_unconstrained,nonorm1p25,525,531.944,0.321735,0.570093,0.565269,0.574918,4,0.00000000,0,0.011465,0.009723,0.013206,0.980540,0.983250,0.977831,0.576638,0.570765,0.582510,0.002005,0.002712,0.081772,0.073199,0.050000,0,0,1,0,0
sun_moon,hinge2_restart_importnet_unconstrained,nonorm1p25,550,579.387,0.306413,0.583400,0.567536,0.599265,4,0.00000000,0,0.007116,0.011020,0.003212,0.987921,0.981156,0.994685,0.587490,0.573790,0.601190,0.002205,0.000701,0.081327,0.068247,0.050000,0,0,1,0,0
sun_moon,hinge2_restart_importnet_unconstrained,nonorm1p25,575,585.088,0.303326,0.587407,0.569139,0.605676,4,0.00000000,0,0.006521,0.011020,0.002023,0.988943,0.981209,0.996678,0.591156,0.575411,0.606901,0.002348,0.000426,0.081167,0.067029,0.050000,0,0,1,0,0
sun_moon,hinge2_restart_importnet_unconstrained,nonorm1p25,600,632.712,0.302221,0.587773,0.569061,0.606485,4,0.00000000,0,0.006127,0.010588,0.001666,0.989594,0.981922,0.997266,0.591291,0.575086,0.607496,0.002112,0.000378,0.081077,0.066921,0.050000,0,0,1,0,0
sun_moon,hinge2_restart_importnet_unconstrained,nonorm1p25,625,638.413,0.300038,0.590737,0.573108,0.608365,4,0.00000000,0,0.006056,0.010804,0.001309,0.989774,0.981692,0.997856,0.594231,0.579300,0.609161,0.002168,0.000299,0.080375,0.066561,0.050000,0,0,1,0,0
sun_moon,hinge2_restart_importnet_unconstrained,nonorm1p25,650,685.968,0.299800,0.593169,0.574811,0.611527,4,0.00000000,0,0.007131,0.013073,0.001190,0.988052,0.978044,0.998061,0.597290,0.582325,0.612255,0.002655,0.000333,0.080106,0.066059,0.050000,0,0,1,0,0
sun_moon,hinge2_restart_importnet_unconstrained,nonorm1p25,675,691.797,0.298578,0.592958,0.573702,0.612213,4,0.00000000,0,0.006440,0.011452,0.001428,0.989162,0.980646,0.997677,0.596680,0.580272,0.613087,0.002303,0.000292,0.080143,0.065902,0.050000,0,0,1,0,0
sun_moon,hinge2_restart_importnet_unconstrained,nonorm1p25,700,739.322,0.297435,0.594982,0.575091,0.614873,4,0.00000000,0,0.006499,0.011452,0.001547,0.989093,0.980692,0.997495,0.598750,0.581677,0.615824,0.002294,0.000266,0.080027,0.065490,0.050000,0,0,1,0,0
sun_moon,hinge2_restart_importnet_unconstrained,nonorm1p25,725,745.054,0.297562,0.595259,0.574877,0.615641,4,0.00000000,0,0.006261,0.011452,0.001071,0.989475,0.980685,0.998266,0.598880,0.581461,0.616300,0.002434,0.000224,0.080163,0.065294,0.050000,0,0,1,0,0
sun_moon,hinge2_restart_importnet_unconstrained,nonorm1p25,750,792.666,0.297249,0.598383,0.577243,0.619523,4,0.00000000,0,0.007974,0.014045,0.001904,0.986755,0.976568,0.996942,0.603026,0.585350,0.620702,0.002957,0.000347,0.079854,0.064640,0.050000,0,0,1,0,0
sun_moon,hinge2_restart_importnet_unconstrained,nonorm1p25,775,798.363,0.296974,0.599969,0.578191,0.621747,4,0.00000000,0,0.008374,0.015557,0.001190,0.986141,0.974189,0.998092,0.604837,0.587187,0.622487,0.003219,0.000328,0.079688,0.064366,0.050000,0,0,1,0,0
sun_moon,hinge2_restart_importnet_unconstrained,nonorm1p25,800,845.764,0.296508,0.599992,0.579110,0.620874,4,0.00000000,0,0.008358,0.014693,0.002023,0.986182,0.975605,0.996759,0.604874,0.587619,0.622130,0.003080,0.000406,0.079437,0.064460,0.050000,0,0,1,0,0
sun_moon,hinge2_restart_importnet_unconstrained,nonorm1p25,825,851.485,0.295430,0.601846,0.581541,0.622151,4,0.00000000,0,0.008585,0.014909,0.002261,0.985875,0.975362,0.996388,0.606885,0.590212,0.623557,0.003117,0.000430,0.079091,0.064191,0.050000,0,0,1,0,0
sun_moon,hinge2_restart_importnet_unconstrained,nonorm1p25,850,899.154,0.295979,0.602652,0.581225,0.624080,4,0.00000000,0,0.009114,0.016206,0.002023,0.985036,0.973295,0.996776,0.607993,0.590644,0.625342,0.003366,0.000495,0.079176,0.063987,0.050000,0,0,1,0,0
sun_moon,hinge2_restart_importnet_unconstrained,nonorm1p25,875,904.860,0.297006,0.603620,0.581617,0.625623,4,0.00000000,0,0.010454,0.017934,0.002974,0.982940,0.970599,0.995282,0.609766,0.592048,0.627484,0.003853,0.000586,0.079304,0.063650,0.050000,0,0,1,0,0
sun_moon,hinge2_restart_importnet_unconstrained,nonorm1p25,900,952.523,0.295534,0.603745,0.582386,0.625104,4,0.00000000,0,0.009433,0.016962,0.001904,0.984564,0.972158,0.996970,0.609279,0.592264,0.626294,0.003690,0.000355,0.079101,0.063610,0.050000,0,0,1,0,0
sun_moon,hinge2_restart_importnet_unconstrained,nonorm1p25,925,958.244,0.294784,0.604507,0.582395,0.626618,4,0.00000000,0,0.009822,0.017502,0.002142,0.983957,0.971312,0.996601,0.610274,0.592589,0.627960,0.003664,0.000390,0.078970,0.063355,0.050000,0,0,1,0,0
sun_moon,hinge2_restart_importnet_unconstrained,nonorm1p25,950,1005.700,0.295015,0.605641,0.582335,0.628948,4,0.00000000,0,0.010465,0.018907,0.002023,0.982960,0.969119,0.996801,0.611782,0.593345,0.630220,0.003949,0.000416,0.079071,0.062980,0.050000,0,0,1,0,0
sun_moon,hinge2_restart_importnet_unconstrained,nonorm1p25,975,1011.420,0.294252,0.607123,0.582830,0.631416,4,0.00000000,0,0.010324,0.019339,0.001309,0.983205,0.968475,0.997934,0.613172,0.594101,0.632243,0.004154,0.000223,0.079145,0.062510,0.050000,0,0,1,0,0
sun_moon,hinge2_restart_importnet_unconstrained,nonorm1p25,1000,1059.047,0.289658,0.614023,0.583210,0.644835,4,0.00013314,0,0.010740,0.020527,0.000952,0.982594,0.966661,0.998528,0.620315,0.595182,0.645449,0.004321,0.000185,0.079067,0.060082,0.050000,0,0,1,0,0
sun_moon,hinge2_restart_importnet_unconstrained,nonorm1p25,1025,1064.760,0.283184,0.624894,0.576748,0.673040,4,0.00000000,0,0.011534,0.021283,0.001785,0.981243,0.965127,0.997360,0.631632,0.589023,0.674242,0.004484,0.000327,0.080327,0.055251,0.050000,0,0,1,0,0
sun_moon,hinge2_restart_importnet_unconstrained,nonorm1p25,1050,1112.303,0.284714,0.623960,0.569888,0.678033,4,0.00000000,0,0.011626,0.021824,0.001428,0.980889,0.963877,0.997902,0.630663,0.582325,0.679001,0.004667,0.000236,0.081807,0.054422,0.050000,0,0,1,0,0
sun_moon,hinge2_restart_importnet_unconstrained,nonorm1p25,1075,1118.031,0.289217,0.620443,0.562157,0.678728,4,0.00000000,0,0.013312,0.023768,0.002855,0.978081,0.960339,0.995822,0.628092,0.575519,0.680666,0.005017,0.000507,0.083287,0.054416,0.050000,0,0,1,0,0
sun_moon,hinge2_restart_importnet_unconstrained,nonorm1p25,1100,1165.854,0.288858,0.621579,0.562051,0.681106,4,0.00000000,0,0.013133,0.023768,0.002499,0.978343,0.960332,0.996354,0.629109,0.575411,0.682808,0.005159,0.000460,0.083399,0.054007,0.050000,0,0,1,0,0
sun_moon,hinge2_restart_importnet_unconstrained,nonorm1p25,1125,1171.577,0.289638,0.621298,0.560649,0.681948,4,0.00000000,0,0.013479,0.025173,0.001785,0.977718,0.958041,0.997394,0.628964,0.574762,0.683165,0.005400,0.000356,0.083747,0.053877,0.050000,0,0,1,0,0
sun_moon,hinge2_restart_importnet_unconstrained,nonorm1p25,1150,1219.329,0.292140,0.624903,0.553962,0.695843,4,0.00000000,0,0.016936,0.032087,0.001785,0.972153,0.946860,0.997446,0.634411,0.571737,0.697085,0.006937,0.000359,0.085535,0.051415,0.050000,0,0,1,0,0
sun_moon,hinge2_restart_importnet_unconstrained,nonorm1p25,1175,1225.040,0.329286,0.613157,0.536730,0.689584,4,0.00000000,0,0.039791,0.041271,0.038311,0.940222,0.931233,0.949211,0.637442,0.558881,0.716002,0.008929,0.007687,0.089636,0.054236,0.050000,0,0,1,0,0
sun_moon,hinge2_restart_importnet_unconstrained,nonorm1p25,1200,1272.632,0.270746,0.650802,0.544240,0.757363,4,0.00000000,0,0.014343,0.026901,0.001785,0.975865,0.954076,0.997653,0.658798,0.558881,0.758715,0.005680,0.000376,0.087000,0.040802,0.050000,0,0,1,0,0
sun_moon,hinge2_restart_importnet_unconstrained,nonorm1p25,1225,1278.394,0.255583,0.677771,0.542323,0.813218,4,0.00000000,0,0.016630,0.028738,0.004521,0.972754,0.951013,0.994496,0.687402,0.557908,0.816895,0.006288,0.000799,0.087604,0.031328,0.050000,0,0,1,0,0
sun_moon,hinge2_restart_importnet_unconstrained,nonorm1p25,1250,1326.128,0.243626,0.691229,0.541965,0.840494,4,0.00000000,0,0.014862,0.027226,0.002499,0.975210,0.953377,0.997044,0.699657,0.556720,0.842594,0.005792,0.000457,0.087371,0.026631,0.050000,0,0,1,0,0
sun_moon,hinge2_restart_importnet_unconstrained,nonorm1p25,1275,1331.858,0.234212,0.703698,0.543614,0.863782,4,0.00000000,0,0.013939,0.024309,0.003569,0.977035,0.958171,0.995899,0.711846,0.556828,0.866865,0.005284,0.000677,0.087003,0.022651,0.050000,0,0,1,0,0
sun_moon,hinge2_restart_importnet_unconstrained,nonorm1p25,1300,1379.364,0.226010,0.715195,0.544639,0.885752,4,0.00000000,0,0.013312,0.023768,0.002855,0.977956,0.959115,0.996796,0.722933,0.557584,0.888281,0.005220,0.000571,0.086791,0.018976,0.050000,0,0,1,0,0
sun_moon,hinge2_restart_importnet_unconstrained,nonorm1p25,1325,1385.103,0.218358,0.724890,0.543878,0.905902,4,0.00000000,0,0.012875,0.021824,0.003926,0.978958,0.962215,0.995701,0.732603,0.555748,0.909459,0.004843,0.000717,0.086751,0.015479,0.050000,0,0,1,0,0
sun_moon,hinge2_restart_importnet_unconstrained,nonorm1p25,1350,1432.662,0.212186,0.731486,0.544377,0.918595,4,0.00000000,0,0.011950,0.021283,0.002617,0.980148,0.963129,0.997166,0.738482,0.555964,0.920999,0.004577,0.000453,0.086563,0.013242,0.050000,0,0,1,0,0
sun_moon,hinge2_restart_importnet_unconstrained,nonorm1p25,1375,1438.390,0.210113,0.735314,0.543582,0.927046,4,0.00000000,0,0.012777,0.022580,0.002974,0.978887,0.960964,0.996811,0.742830,0.555856,0.929804,0.004807,0.000540,0.086515,0.011858,0.050000,0,0,1,0,0
sun_moon,hinge2_restart_importnet_unconstrained,nonorm1p25,1400,1486.083,0.208687,0.736688,0.544559,0.928817,4,0.00000000,0,0.011205,0.019555,0.002855,0.981461,0.965977,0.996944,0.743338,0.555207,0.931469,0.004517,0.000547,0.086489,0.011524,0.050000,0,0,1,0,0
sun_moon,hinge2_restart_importnet_unconstrained,nonorm1p25,1425,1491.785,0.208758,0.738209,0.544389,0.932028,4,0.00000000,0,0.013209,0.023444,0.002974,0.978224,0.959620,0.996828,0.745976,0.557152,0.934801,0.004736,0.000597,0.086617,0.011096,0.050000,0,0,1,0,0
sun_moon,hinge2_restart_importnet_unconstrained,nonorm1p25,1450,1539.329,0.211193,0.738056,0.544084,0.932028,4,0.00000000,0,0.013696,0.024417,0.002974,0.977430,0.958032,0.996828,0.746084,0.557368,0.934801,0.005397,0.000642,0.086964,0.011085,0.050000,0,0,1,0,0
sun_moon,hinge2_restart_importnet_unconstrained,nonorm1p25,1475,1545.059,0.208947,0.737266,0.543936,0.930597,4,0.00000000,0,0.012286,0.021716,0.002855,0.979672,0.962395,0.996950,0.744501,0.555748,0.933254,0.004777,0.000518,0.086622,0.011232,0.050000,0,0,1,0,0
sun_moon,hinge2_restart_importnet_unconstrained,nonorm1p25,1500,1592.698,0.209271,0.738043,0.544936,0.931149,4,0.00000000,0,0.012636,0.023012,0.002261,0.978970,0.960357,0.997584,0.745365,0.557476,0.933254,0.004831,0.000487,0.086608,0.011381,0.050000,0,0,1,0,0
sun_moon,hinge2_restart_importnet_unconstrained,nonorm1p25,1525,1598.395,0.210823,0.738284,0.543384,0.933183,4,0.00000000,0,0.013620,0.024741,0.002499,0.977398,0.957459,0.997336,0.746171,0.556828,0.935515,0.005390,0.000494,0.087130,0.010928,0.050000,0,0,1,0,0
sun_moon,hinge2_restart_importnet_unconstrained,nonorm1p25,1550,1645.877,0.210905,0.738618,0.542628,0.934607,4,0.00000000,0,0.013836,0.025173,0.002499,0.977024,0.956708,0.997340,0.746615,0.556288,0.936942,0.005586,0.000450,0.087308,0.010600,0.050000,0,0,1,0,0
sun_moon,hinge2_restart_importnet_unconstrained,nonorm1p25,1575,1651.613,0.210299,0.738535,0.542677,0.934393,4,0.00000000,0,0.014068,0.025281,0.002855,0.976750,0.956538,0.996962,0.746729,0.556396,0.937061,0.005313,0.000547,0.087189,0.010635,0.050000,0,0,1,0,0
sun_moon,hinge2_restart_importnet_unconstrained,nonorm1p25,1600,1699.074,0.208371,0.739400,0.543497,0.935304,4,0.00000000,0,0.012798,0.023336,0.002261,0.978663,0.959732,0.997594,0.746799,0.556180,0.937418,0.004896,0.000503,0.086829,0.010607,0.050000,0,0,1,0,0
sun_moon,hinge2_restart_importnet_unconstrained,nonorm1p25,1625,1704.815,0.211269,0.738524,0.542132,0.934917,4,0.00000000,0,0.013749,0.025713,0.001785,0.976951,0.955803,0.998098,0.746329,0.556072,0.936585,0.005654,0.000410,0.087447,0.010608,0.050000,0,0,1,0,0
sun_moon,hinge2_restart_importnet_unconstrained,nonorm1p25,1650,1752.560,0.208746,0.738501,0.541785,0.935216,4,0.00000000,0,0.013955,0.025173,0.002736,0.976867,0.956643,0.997090,0.746599,0.555424,0.937775,0.005039,0.000420,0.087163,0.010387,0.050000,0,0,1,0,0
sun_moon,hinge2_restart_importnet_unconstrained,nonorm1p25,1675,1758.271,0.210710,0.739901,0.542198,0.937604,4,0.00000000,0,0.014182,0.025389,0.002974,0.976587,0.956328,0.996847,0.748178,0.555964,0.940393,0.005651,0.000547,0.087446,0.010161,0.050000,0,0,1,0,0
sun_moon,hinge2_restart_importnet_unconstrained,nonorm1p25,1700,1805.986,0.207415,0.740104,0.543694,0.936514,4,0.00000000,0,0.011896,0.021175,0.002617,0.980241,0.963261,0.997220,0.747086,0.555207,0.938965,0.004745,0.000468,0.086857,0.010334,0.050000,0,0,1,0,0
sun_moon,hinge2_restart_importnet_unconstrained,nonorm1p25,1725,1811.716,0.207976,0.739953,0.542228,0.937678,4,0.00000000,0,0.014095,0.025929,0.002261,0.976533,0.955465,0.997600,0.748043,0.556288,0.939798,0.005112,0.000421,0.086953,0.010119,0.050000,0,0,1,0,0
sun_moon,hinge2_restart_importnet_unconstrained,nonorm1p25,1750,1859.286,0.206948,0.740769,0.544223,0.937314,4,0.00000000,0,0.011659,0.021175,0.002142,0.980511,0.963296,0.997725,0.747535,0.555748,0.939322,0.004715,0.000450,0.086712,0.010306,0.050000,0,0,1,0,0
sun_moon,hinge2_restart_importnet_unconstrained,nonorm1p25,1775,1864.996,0.207060,0.740885,0.544195,0.937574,4,0.00000000,0,0.012161,0.021824,0.002499,0.979792,0.962236,0.997349,0.747994,0.556072,0.939917,0.004804,0.000549,0.086659,0.010180,0.050000,0,0,1,0,0
sun_moon,hinge2_restart_importnet_unconstrained,nonorm1p25,1800,1912.713,0.206785,0.740982,0.544272,0.937693,4,0.00000000,0,0.011891,0.021283,0.002499,0.980236,0.963122,0.997349,0.747946,0.555856,0.940036,0.004724,0.000478,0.086763,0.010127,0.050000,0,0,1,0,0
sun_moon,hinge2_restart_importnet_unconstrained,nonorm1p25,1825,1918.435,0.206671,0.741176,0.542984,0.939369,4,0.00000000,0,0.012226,0.021716,0.002736,0.979717,0.962331,0.997103,0.748357,0.554775,0.941939,0.004782,0.000491,0.086916,0.009828,0.050000,0,0,1,0,0
sun_moon,hinge2_restart_importnet_unconstrained,nonorm1p25,1850,1966.083,0.206301,0.741536,0.543405,0.939667,4,0.00000000,0,0.011156,0.020527,0.001785,0.981207,0.964306,0.998108,0.747952,0.554559,0.941344,0.004667,0.000392,0.086930,0.009897,0.050000,0,0,1,0,0
sun_moon,hinge2_restart_importnet_unconstrained,nonorm1p25,1875,1971.852,0.206185,0.741836,0.543474,0.940199,4,0.00000000,0,0.012064,0.021392,0.002736,0.980000,0.962894,0.997106,0.748936,0.555099,0.942772,0.004722,0.000488,0.086873,0.009707,0.050000,0,0,1,0,0
sun_moon,hinge2_restart_importnet_unconstrained,nonorm1p25,1900,2019.667,0.205479,0.743252,0.543973,0.942531,4,0.00000000,0,0.011437,0.020851,0.002023,0.980837,0.963810,0.997863,0.749877,0.555315,0.944438,0.004727,0.000425,0.086843,0.009456,0.050000,0,0,1,0,0
sun_moon,hinge2_restart_importnet_unconstrained,nonorm1p25,1925,2025.431,0.206366,0.743504,0.542920,0.944088,4,0.00000000,0,0.012744,0.023228,0.002261,0.978741,0.959866,0.997617,0.750877,0.555532,0.946222,0.005185,0.000393,0.087145,0.009066,0.050000,0,0,1,0,0
sun_moon,hinge2_restart_importnet_unconstrained,nonorm1p25,1950,2073.280,0.205065,0.744144,0.542887,0.945401,4,0.00000000,0,0.011940,0.021500,0.002380,0.980087,0.962678,0.997495,0.751105,0.554559,0.947650,0.004770,0.000502,0.086979,0.008964,0.050000,0,0,1,0,0
sun_moon,hinge2_restart_importnet_unconstrained,nonorm1p25,1975,2078.987,0.204558,0.744511,0.543041,0.945981,4,0.00000000,0,0.011875,0.021608,0.002142,0.980129,0.962512,0.997746,0.751391,0.554775,0.948007,0.004814,0.000457,0.086929,0.008762,0.050000,0,0,1,0,0
sun_moon,hinge2_restart_importnet_unconstrained,nonorm1p25,2000,2126.718,0.204583,0.744379,0.542869,0.945888,4,0.00000000,0,0.012275,0.021932,0.002617,0.979609,0.961971,0.997248,0.751570,0.554775,0.948364,0.004815,0.000502,0.086947,0.008699,0.050000,0,0,1,0,0
sun_moon,hinge2_restart_importnet_unconstrained,nonorm1p25,2025,2132.467,0.205010,0.744392,0.542389,0.946395,4,0.00000000,0,0.012626,0.022040,0.003212,0.979195,0.961762,0.996628,0.751889,0.554343,0.949435,0.004873,0.000527,0.087047,0.008708,0.050000,0,0,1,0,0
sun_moon,hinge2_restart_importnet_unconstrained,nonorm1p25,2050,2180.193,0.204328,0.744862,0.543175,0.946549,4,0.00000000,0,0.011313,0.020959,0.001666,0.980914,0.963582,0.998246,0.751343,0.554559,0.948126,0.004706,0.000408,0.086960,0.008812,0.050000,0,0,1,0,0
sun_moon,hinge2_restart_importnet_unconstrained,nonorm1p25,2075,2185.906,0.203721,0.746292,0.542667,0.949917,4,0.00000000,0,0.012107,0.021716,0.002499,0.979847,0.962310,0.997383,0.753371,0.554451,0.952290,0.004791,0.000570,0.086963,0.008197,0.050000,0,0,1,0,0
sun_moon,hinge2_restart_importnet_unconstrained,nonorm1p25,2100,2233.556,0.203098,0.746115,0.543299,0.948931,4,0.00000000,0,0.011156,0.020527,0.001785,0.981213,0.964299,0.998126,0.752538,0.554451,0.950625,0.004609,0.000432,0.086885,0.008363,0.050000,0,0,1,0,0
sun_moon,hinge2_restart_importnet_unconstrained,nonorm1p25,2125,2239.264,0.203724,0.745730,0.543299,0.948161,4,0.00000000,0,0.011751,0.020527,0.002974,0.980591,0.964299,0.996882,0.752716,0.554451,0.950982,0.004681,0.000587,0.086905,0.008372,0.050000,0,0,1,0,0
sun_moon,hinge2_restart_importnet_unconstrained,nonorm1p25,2150,2286.734,0.203310,0.746010,0.543214,0.948806,4,0.00000000,0,0.011475,0.021283,0.001666,0.980652,0.963053,0.998250,0.752581,0.554775,0.950387,0.004731,0.000385,0.086904,0.008356,0.050000,0,0,1,0,0
sun_moon,hinge2_restart_importnet_unconstrained,nonorm1p25,2175,2292.486,0.203576,0.745858,0.542667,0.949050,4,0.00000000,0,0.011750,0.021716,0.001785,0.980218,0.962310,0.998126,0.752597,0.554451,0.950744,0.004828,0.000417,0.086971,0.008260,0.050000,0,0,1,0,0
sun_moon,hinge2_restart_importnet_unconstrained,nonorm1p25,2200,2340.128,0.203049,0.746597,0.543763,0.949430,4,0.00000000,0,0.012150,0.022040,0.002261,0.979742,0.961855,0.997630,0.753662,0.555748,0.951576,0.004807,0.000413,0.086869,0.008130,0.050000,0,0,1,0,0
sun_moon,hinge2_restart_importnet_unconstrained,nonorm1p25,2225,2345.847,0.203210,0.746477,0.542824,0.950131,4,0.00000000,0,0.012517,0.023012,0.002023,0.979045,0.960209,0.997880,0.753684,0.555315,0.952052,0.004842,0.000388,0.087046,0.008022,0.050000,0,0,1,0,0
sun_moon,hinge2_restart_importnet_unconstrained,nonorm1p25,2250,2393.446,0.203356,0.746264,0.542178,0.950350,4,0.00000000,0,0.011853,0.022040,0.001666,0.980000,0.961748,0.998253,0.753030,0.554127,0.951933,0.004847,0.000390,0.087093,0.008039,0.050000,0,0,1,0,0
sun_moon,hinge2_restart_importnet_unconstrained,nonorm1p25,2275,2399.184,0.203595,0.746279,0.542314,0.950243,4,0.00000000,0,0.012242,0.022580,0.001904,0.979440,0.960876,0.998004,0.753306,0.554559,0.952052,0.004917,0.000450,0.087062,0.008026,0.050000,0,0,1,0,0
sun_moon,hinge2_restart_importnet_unconstrained,nonorm1p25,2300,2446.870,0.202929,0.746596,0.543561,0.949632,4,0.00000000,0,0.011685,0.021824,0.001547,0.980285,0.962194,0.998376,0.753262,0.555424,0.951101,0.004717,0.000443,0.086807,0.008208,0.050000,0,0,1,0,0
sun_moon,hinge2_restart_importnet_unconstrained,nonorm1p25,2325,2452.603,0.204644,0.745483,0.542141,0.948825,4,0.00000000,0,0.013760,0.025497,0.002023,0.977014,0.956150,0.997877,0.753354,0.555964,0.950744,0.005184,0.000434,0.087091,0.008208,0.050000,0,0,1,0,0
sun_moon,hinge2_restart_importnet_unconstrained,nonorm1p25,2350,2500.350,0.202808,0.746186,0.542936,0.949436,4,0.00000000,0,0.011994,0.021608,0.002380,0.980005,0.962505,0.997506,0.753181,0.554667,0.951695,0.004717,0.000457,0.086865,0.008071,0.050000,0,0,1,0,0
sun_moon,hinge2_restart_importnet_unconstrained,nonorm1p25,2375,2506.063,0.205061,0.744009,0.542242,0.945776,4,0.00000000,0,0.013523,0.024309,0.002736,0.977596,0.958069,0.997123,0.751894,0.555424,0.948364,0.004985,0.000487,0.087073,0.008618,0.050000,0,0,1,0,0
sun_moon,hinge2_restart_importnet_unconstrained,nonorm1p25,2400,2553.530,0.203452,0.744648,0.543145,0.946151,4,0.00000000,0,0.011756,0.020419,0.003093,0.980609,0.964467,0.996751,0.751657,0.554235,0.949078,0.004551,0.000552,0.086758,0.008588,0.050000,0,0,1,0,0
water_fire,hinge2_restart_importnet_unconstrained,nonorm1p25,1,1.105,0.572023,0.164429,0.170259,0.158600,5,0.00000000,0,0.135158,0.159705,0.110612,0.583552,0.552842,0.614263,0.186796,0.197450,0.176143,0.021799,0.016450,0.116189,0.122011,0.050000,0,0,0,0,0
water_fire,hinge2_restart_importnet_unconstrained,nonorm1p25,25,10.467,0.447617,0.229569,0.256055,0.203083,5,0.00000000,0,0.055840,0.066600,0.045081,0.814377,0.803951,0.824804,0.242674,0.273109,0.212239,0.008999,0.006461,0.095821,0.108663,0.050000,0,0,0,0,0
water_fire,hinge2_restart_importnet_unconstrained,nonorm1p25,50,65.701,0.404541,0.281208,0.319740,0.242676,5,0.00000000,0,0.041538,0.057205,0.025871,0.880563,0.855263,0.905862,0.293492,0.338031,0.248954,0.007546,0.003775,0.086689,0.101431,0.050000,0,0,0,0,0
water_fire,hinge2_restart_importnet_unconstrained,nonorm1p25,75,74.846,0.373914,0.323760,0.385170,0.262350,5,0.00011011,0,0.033343,0.047475,0.019210,0.913845,0.894717,0.932973,0.335423,0.403456,0.267390,0.006189,0.002736,0.077556,0.098206,0.050000,0,0,0,0,0
water_fire,hinge2_restart_importnet_unconstrained,nonorm1p25,100,131.065,0.348326,0.354611,0.426394,0.282828,5,0.00021688,0,0.023482,0.034726,0.012239,0.943020,0.927036,0.959004,0.363745,0.441201,0.286290,0.004498,0.001756,0.071437,0.094833,0.050000,0,0,0,0,0
water_fire,hinge2_restart_importnet_unconstrained,nonorm1p25,125,140.268,0.318803,0.398461,0.465063,0.331858,5,0.00050049,0,0.016643,0.017950,0.015337,0.959967,0.963469,0.956464,0.405179,0.473411,0.336948,0.002250,0.002033,0.065479,0.088393,0.050000,0,0,0,0,0
water_fire,hinge2_restart_importnet_unconstrained,nonorm1p25,150,197.292,0.288418,0.452877,0.501329,0.404424,5,0.00055931,0,0.012527,0.009562,0.015492,0.972553,0.981457,0.963650,0.458406,0.506123,0.410689,0.001193,0.002298,0.060765,0.078885,0.050000,0,0,0,0,0
water_fire,hinge2_restart_importnet_unconstrained,nonorm1p25,175,206.749,0.266135,0.496559,0.530748,0.462371,5,0.00003967,0,0.014482,0.012079,0.016886,0.971670,0.978009,0.965331,0.503668,0.537158,0.470178,0.001358,0.002469,0.057084,0.071187,0.050000,0,0,0,0,0
water_fire,hinge2_restart_importnet_unconstrained,nonorm1p25,200,267.295,0.242072,0.549539,0.567752,0.531326,5,0.00035132,0,0.016968,0.010233,0.023703,0.970357,0.982471,0.958242,0.558740,0.573561,0.543919,0.001231,0.003459,0.052576,0.062475,0.050000,0,0,0,0,0
water_fire,hinge2_restart_importnet_unconstrained,nonorm1p25,225,277.128,0.223078,0.592652,0.605930,0.579375,5,0.00024385,1,0.021634,0.012750,0.030519,0.965508,0.979646,0.951370,0.605356,0.613655,0.597057,0.001526,0.004370,0.047999,0.056085,0.050000,0,0,0,0,0
water_fire,hinge2_restart_importnet_unconstrained,nonorm1p25,250,335.140,0.204965,0.627525,0.638439,0.616611,5,0.00012692,1,0.021924,0.014259,0.029589,0.966961,0.978454,0.955467,0.641200,0.647542,0.634857,0.001668,0.004289,0.043947,0.051044,0.050000,0,0,0,0,0
water_fire,hinge2_restart_importnet_unconstrained,nonorm1p25,275,344.940,0.193015,0.655246,0.665510,0.644982,5,0.00017584,1,0.023118,0.015098,0.031139,0.966707,0.978139,0.955274,0.670312,0.675558,0.665066,0.001949,0.004567,0.040859,0.047442,0.050000,0,0,0,0,0
water_fire,hinge2_restart_importnet_unconstrained,nonorm1p25,300,403.370,0.186037,0.672361,0.683007,0.661714,5,0.00008189,1,0.026009,0.019795,0.032223,0.963657,0.972365,0.954949,0.689782,0.696527,0.683036,0.002406,0.004789,0.038720,0.045277,0.050000,0,0,0,0,0
water_fire,hinge2_restart_importnet_unconstrained,nonorm1p25,325,413.179,0.181309,0.690950,0.701954,0.679946,5,0.00008480,1,0.032210,0.030029,0.034392,0.956753,0.960125,0.953381,0.713182,0.723033,0.703331,0.003836,0.005033,0.036663,0.042876,0.050000,0,0,0,0,0
water_fire,hinge2_restart_importnet_unconstrained,nonorm1p25,350,471.700,0.171419,0.707896,0.717512,0.698280,5,0.00007335,1,0.030314,0.024996,0.035631,0.960086,0.967130,0.953042,0.729304,0.735447,0.723160,0.003171,0.005264,0.034636,0.040505,0.050000,0,0,0,0,0
water_fire,hinge2_restart_importnet_unconstrained,nonorm1p25,375,481.465,0.161653,0.726646,0.733847,0.719445,5,0.00016865,2,0.030546,0.022983,0.038110,0.960873,0.970295,0.951451,0.748788,0.750713,0.746863,0.002878,0.005655,0.032380,0.037721,0.050000,0,0,0,0,0
water_fire,hinge2_restart_importnet_unconstrained,nonorm1p25,400,540.086,0.141737,0.753607,0.761444,0.745770,5,0.00019962,2,0.024021,0.022479,0.025562,0.969798,0.971937,0.967660,0.771697,0.778561,0.764833,0.002821,0.003690,0.029018,0.033642,0.050000,0,0,0,0,0
water_fire,hinge2_restart_importnet_unconstrained,nonorm1p25,425,549.949,0.133689,0.774351,0.786710,0.761991,5,0.00009331,2,0.026422,0.022479,0.030364,0.967790,0.972814,0.962766,0.794762,0.804395,0.785128,0.002841,0.004463,0.025931,0.031751,0.050000,0,0,0,0,0
water_fire,hinge2_restart_importnet_unconstrained,nonorm1p25,450,608.568,0.130068,0.776635,0.787978,0.765292,5,0.00011247,2,0.023595,0.021473,0.025716,0.971147,0.974015,0.968278,0.794936,0.804899,0.784973,0.002787,0.003712,0.025788,0.031083,0.050000,0,0,0,0,0
water_fire,hinge2_restart_importnet_unconstrained,nonorm1p25,475,618.391,0.132313,0.774426,0.790450,0.758402,5,0.00009986,2,0.025099,0.022312,0.027885,0.969298,0.973131,0.965464,0.793818,0.808086,0.779551,0.002901,0.003993,0.025514,0.031990,0.050000,0,0,0,0,0
water_fire,hinge2_restart_importnet_unconstrained,nonorm1p25,500,677.008,0.131291,0.775198,0.790293,0.760103,5,0.00008573,2,0.025286,0.023150,0.027421,0.969123,0.972166,0.966079,0.794767,0.808589,0.780945,0.003007,0.003756,0.025541,0.031620,0.050000,0,0,0,0,0
water_fire,hinge2_restart_importnet_unconstrained,nonorm1p25,525,686.761,0.132937,0.774916,0.785375,0.764458,5,0.00007871,2,0.025905,0.023150,0.028660,0.968416,0.971997,0.964836,0.794962,0.803556,0.786367,0.003069,0.004112,0.026254,0.031211,0.050000,0,0,0,0,0
water_fire,hinge2_restart_importnet_unconstrained,nonorm1p25,550,744.815,0.133517,0.775477,0.786390,0.764564,5,0.00005503,2,0.028570,0.028015,0.029125,0.965406,0.966506,0.964306,0.797627,0.808421,0.786832,0.003537,0.004058,0.026155,0.031090,0.050000,0,0,0,0,0
water_fire,hinge2_restart_importnet_unconstrained,nonorm1p25,575,754.604,0.132711,0.772019,0.779814,0.764225,5,0.00005998,2,0.024601,0.025499,0.023703,0.969847,0.969099,0.970594,0.791019,0.799698,0.782339,0.003341,0.003338,0.026905,0.031080,0.050000,0,0,0,0,0
water_fire,hinge2_restart_importnet_unconstrained,nonorm1p25,600,812.757,0.131530,0.774604,0.777559,0.771649,5,0.00010871,2,0.024627,0.024157,0.025097,0.969903,0.970558,0.969248,0.793679,0.796343,0.791015,0.003127,0.003620,0.027120,0.030174,0.050000,0,0,0,0,0
water_fire,hinge2_restart_importnet_unconstrained,nonorm1p25,625,822.657,0.130753,0.777416,0.779433,0.775399,5,0.00007208,2,0.026111,0.024493,0.027730,0.968306,0.970241,0.966372,0.797713,0.798524,0.796902,0.003142,0.003900,0.026916,0.029633,0.050000,0,0,0,0,0
water_fire,hinge2_restart_importnet_unconstrained,nonorm1p25,650,880.729,0.130832,0.777302,0.781286,0.773317,5,0.00009307,2,0.025995,0.025499,0.026491,0.968431,0.969156,0.967705,0.797506,0.801208,0.793803,0.003287,0.003745,0.026701,0.029893,0.050000,0,0,0,0,0
water_fire,hinge2_restart_importnet_unconstrained,nonorm1p25,675,890.483,0.130227,0.778385,0.782020,0.774750,5,0.00009813,2,0.025788,0.028183,0.023393,0.968739,0.966136,0.971342,0.798467,0.804060,0.792874,0.003631,0.003408,0.026645,0.029635,0.050000,0,0,0,0,0
water_fire,hinge2_restart_importnet_unconstrained,nonorm1p25,700,948.708,0.130003,0.779787,0.783749,0.775826,5,0.00010196,2,0.026485,0.030196,0.022773,0.968025,0.963950,0.972101,0.800454,0.807415,0.793493,0.003801,0.003319,0.026487,0.029578,0.050000,0,0,0,0,0
water_fire,hinge2_restart_importnet_unconstrained,nonorm1p25,725,958.540,0.129724,0.782189,0.788396,0.775982,5,0.00008141,2,0.028885,0.032209,0.025562,0.965404,0.961927,0.968880,0.804803,0.813790,0.795817,0.003978,0.003546,0.025924,0.029505,0.050000,0,0,0,0,0
water_fire,hinge2_restart_importnet_unconstrained,nonorm1p25,750,1016.618,0.130222,0.781629,0.789123,0.774135,5,0.00014487,2,0.029395,0.033384,0.025407,0.964829,0.960672,0.968986,0.804635,0.815467,0.793803,0.004189,0.003508,0.025794,0.029646,0.050000,0,0,0,0,0
water_fire,hinge2_restart_importnet_unconstrained,nonorm1p25,775,1026.345,0.131867,0.780559,0.787854,0.773265,5,0.00010942,2,0.029027,0.035900,0.022153,0.965301,0.957866,0.972736,0.803267,0.816138,0.790395,0.004673,0.003125,0.026279,0.029869,0.050000,0,0,0,0,0
water_fire,hinge2_restart_importnet_unconstrained,nonorm1p25,800,1084.252,0.131052,0.781980,0.789243,0.774716,5,0.00011814,2,0.029401,0.035565,0.023238,0.964911,0.958301,0.971521,0.805016,0.817313,0.792719,0.004602,0.003236,0.026078,0.029611,0.050000,0,0,0,0,0
water_fire,hinge2_restart_importnet_unconstrained,nonorm1p25,825,1093.844,0.129968,0.781494,0.788056,0.774932,5,0.00003750,1,0.027936,0.033719,0.022153,0.966523,0.960253,0.972793,0.803364,0.814628,0.792099,0.004329,0.003134,0.025985,0.029658,0.050000,0,0,0,0,0
water_fire,hinge2_restart_importnet_unconstrained,nonorm1p25,850,1148.581,0.127527,0.787775,0.797571,0.777980,5,0.00005925,0,0.029414,0.035900,0.022928,0.965177,0.958358,0.971996,0.811010,0.826204,0.795817,0.004612,0.003190,0.024776,0.029213,0.050000,0,0,0,0,0
water_fire,hinge2_restart_importnet_unconstrained,nonorm1p25,875,1157.728,0.125257,0.789640,0.797636,0.781644,5,0.00000000,0,0.027878,0.036236,0.019520,0.967046,0.958001,0.976091,0.811720,0.826539,0.796902,0.004728,0.002573,0.024980,0.028522,0.050000,0,0,0,0,0
water_fire,hinge2_restart_importnet_unconstrained,nonorm1p25,900,1211.658,0.124480,0.789338,0.793299,0.785377,5,0.00000068,0,0.026722,0.036403,0.017041,0.968356,0.957601,0.979111,0.810469,0.822177,0.798761,0.004691,0.002313,0.025373,0.028113,0.050000,0,0,0,0,0
water_fire,hinge2_restart_importnet_unconstrained,nonorm1p25,925,1220.272,0.123986,0.792831,0.798091,0.787570,5,0.00000000,0,0.028213,0.036907,0.019520,0.966787,0.957306,0.976267,0.815245,0.827546,0.802943,0.004768,0.002725,0.024892,0.027735,0.050000,0,0,0,0,0
water_fire,hinge2_restart_importnet_unconstrained,nonorm1p25,950,1272.826,0.124601,0.794161,0.796802,0.791521,5,0.00000000,0,0.029052,0.038584,0.019520,0.965917,0.955452,0.976382,0.817259,0.827546,0.806971,0.005106,0.002740,0.025171,0.027322,0.050000,0,0,0,0,0
water_fire,hinge2_restart_importnet_unconstrained,nonorm1p25,975,1281.354,0.124842,0.795489,0.795734,0.795245,5,0.00000001,0,0.030504,0.038081,0.022928,0.964259,0.955931,0.972588,0.819757,0.826036,0.813478,0.005002,0.003275,0.025131,0.026943,0.050000,0,0,0,0,0
water_fire,hinge2_restart_importnet_unconstrained,nonorm1p25,1000,1335.315,0.123574,0.799815,0.800356,0.799274,5,0.00000000,0,0.031344,0.037745,0.024942,0.963492,0.956530,0.970453,0.824888,0.830565,0.819210,0.005067,0.003442,0.024844,0.026306,0.050000,0,0,0,0,0
water_fire,hinge2_restart_importnet_unconstrained,nonorm1p25,1025,1344.020,0.125140,0.796503,0.796635,0.796372,5,0.00000103,0,0.030847,0.036907,0.024787,0.963877,0.957232,0.970523,0.821074,0.826036,0.816112,0.004917,0.003510,0.025267,0.026768,0.050000,0,0,0,0,0
water_fire,hinge2_restart_importnet_unconstrained,nonorm1p25,1050,1396.385,0.123814,0.799482,0.799418,0.799546,5,0.00000000,0,0.030931,0.037074,0.024787,0.963916,0.957195,0.970637,0.824210,0.829056,0.819365,0.004927,0.003528,0.024976,0.026362,0.050000,0,0,0,0,0
water_fire,hinge2_restart_importnet_unconstrained,nonorm1p25,1075,1404.884,0.122762,0.798998,0.797087,0.800908,5,0.00000052,0,0.029988,0.036739,0.023238,0.964930,0.957434,0.972426,0.822946,0.826371,0.819520,0.004830,0.003247,0.025223,0.026062,0.050000,0,0,0,0,0
water_fire,hinge2_restart_importnet_unconstrained,nonorm1p25,1100,1457.481,0.123025,0.799128,0.797833,0.800424,5,0.00000118,0,0.030162,0.037242,0.023083,0.964760,0.956935,0.972585,0.823223,0.827546,0.818900,0.004968,0.003253,0.025132,0.026104,0.050000,0,0,0,0,0
water_fire,hinge2_restart_importnet_unconstrained,nonorm1p25,1125,1466.091,0.122520,0.799299,0.796506,0.802091,5,0.00000210,0,0.029691,0.037074,0.022308,0.965280,0.957046,0.973515,0.823010,0.826036,0.819985,0.004963,0.003050,0.025387,0.025856,0.050000,0,0,0,0,0
water_fire,hinge2_restart_importnet_unconstrained,nonorm1p25,1150,1519.011,0.125067,0.796815,0.795473,0.798157,5,0.00000554,0,0.031492,0.037578,0.025407,0.963173,0.956454,0.969892,0.821900,0.825365,0.818435,0.005012,0.003505,0.025490,0.026395,0.050000,0,0,0,0,0
water_fire,hinge2_restart_importnet_unconstrained,nonorm1p25,1175,1527.639,0.123164,0.798534,0.796703,0.800364,5,0.00000017,0,0.030040,0.038081,0.021998,0.964896,0.955982,0.973810,0.822507,0.827042,0.817971,0.005037,0.003099,0.025309,0.026102,0.050000,0,0,0,0,0
water_fire,hinge2_restart_importnet_unconstrained,nonorm1p25,1200,1582.290,0.121456,0.800016,0.796120,0.803913,5,0.00000274,0,0.029556,0.037578,0.021534,0.965468,0.956488,0.974449,0.823630,0.826036,0.821224,0.004874,0.003009,0.025225,0.025648,0.050000,0,0,0,0,0
water_fire,hinge2_restart_importnet_unconstrained,nonorm1p25,1225,1591.405,0.121581,0.799555,0.796926,0.802184,5,0.00002360,0,0.028981,0.036739,0.021224,0.966086,0.957426,0.974747,0.822707,0.826204,0.819210,0.004914,0.002874,0.025283,0.025764,0.050000,0,0,0,0,0
water_fire,hinge2_restart_importnet_unconstrained,nonorm1p25,1250,1646.256,0.121981,0.801119,0.797184,0.805055,5,0.00002717,0,0.029975,0.036403,0.023548,0.965008,0.957799,0.972217,0.825108,0.826204,0.824012,0.004926,0.003221,0.025302,0.025494,0.050000,0,0,0,0,0
water_fire,hinge2_restart_importnet_unconstrained,nonorm1p25,1275,1655.434,0.121063,0.798644,0.793884,0.803403,5,0.00001330,0,0.028291,0.036907,0.019675,0.966818,0.957090,0.976547,0.821197,0.823184,0.819210,0.004870,0.002598,0.025595,0.025597,0.050000,0,0,0,0,0
water_fire,hinge2_restart_importnet_unconstrained,nonorm1p25,1300,1708.591,0.119715,0.801998,0.798284,0.805712,5,0.00001131,0,0.028033,0.036236,0.019830,0.967235,0.958034,0.976436,0.824449,0.827210,0.821689,0.004827,0.002689,0.025086,0.025372,0.050000,0,0,0,0,0
water_fire,hinge2_restart_importnet_unconstrained,nonorm1p25,1325,1717.272,0.119472,0.801584,0.796569,0.806599,5,0.00000784,0,0.027736,0.036571,0.018900,0.967554,0.957588,0.977520,0.823772,0.825700,0.821844,0.004918,0.002532,0.025244,0.025176,0.050000,0,0,0,0,0
water_fire,hinge2_restart_importnet_unconstrained,nonorm1p25,1350,1772.475,0.119156,0.802352,0.797315,0.807388,5,0.00000752,0,0.028065,0.037074,0.019055,0.967226,0.957087,0.977365,0.824824,0.826875,0.822773,0.004933,0.002571,0.025157,0.025038,0.050000,0,0,0,0,0
water_fire,hinge2_restart_importnet_unconstrained,nonorm1p25,1375,1781.296,0.119079,0.804868,0.797995,0.811742,5,0.00003384,0,0.029233,0.037242,0.021224,0.965990,0.956943,0.975036,0.828342,0.827713,0.828970,0.005031,0.002844,0.025154,0.024530,0.050000,0,0,0,0,0
water_fire,hinge2_restart_importnet_unconstrained,nonorm1p25,1400,1836.254,0.117896,0.805247,0.795120,0.815373,5,0.00001046,0,0.028032,0.038249,0.017816,0.967352,0.955720,0.978984,0.827716,0.825533,0.829899,0.005061,0.002482,0.025374,0.024142,0.050000,0,0,0,0,0
water_fire,hinge2_restart_importnet_unconstrained,nonorm1p25,1425,1844.822,0.118019,0.806108,0.796810,0.815406,5,0.00000364,0,0.030388,0.041100,0.019675,0.964839,0.952794,0.976884,0.830504,0.829559,0.831448,0.005275,0.002648,0.025065,0.024041,0.050000,0,0,0,0,0
water_fire,hinge2_restart_importnet_unconstrained,nonorm1p25,1450,1898.129,0.117264,0.805752,0.797769,0.813734,5,0.00000271,0,0.028710,0.037745,0.019675,0.966616,0.956395,0.976837,0.828813,0.827881,0.829744,0.004863,0.002676,0.024875,0.024332,0.050000,0,0,0,0,0
water_fire,hinge2_restart_importnet_unconstrained,nonorm1p25,1475,1906.683,0.116595,0.807955,0.799579,0.816330,5,0.00001524,0,0.027987,0.037074,0.018900,0.967493,0.957204,0.977782,0.830491,0.829223,0.831758,0.004954,0.002564,0.024881,0.024014,0.050000,0,0,0,0,0
water_fire,hinge2_restart_importnet_unconstrained,nonorm1p25,1500,1958.379,0.117016,0.806237,0.796640,0.815833,5,0.00000504,0,0.029052,0.038584,0.019520,0.966257,0.955444,0.977070,0.829568,0.827378,0.831758,0.004965,0.002654,0.025003,0.023980,0.050000,0,0,0,0,0
water_fire,hinge2_restart_importnet_unconstrained,nonorm1p25,1525,1966.993,0.116840,0.808182,0.800291,0.816073,5,0.00001238,0,0.029130,0.036571,0.021689,0.966212,0.957776,0.974647,0.831666,0.829559,0.833772,0.004890,0.002873,0.024803,0.023910,0.050000,0,0,0,0,0
water_fire,hinge2_restart_importnet_unconstrained,nonorm1p25,1550,2019.102,0.116454,0.808173,0.799062,0.817284,5,0.00000000,0,0.028446,0.036907,0.019985,0.966972,0.957356,0.976588,0.831085,0.828552,0.833617,0.004914,0.002706,0.024822,0.023879,0.050000,0,0,0,0,0
water_fire,hinge2_restart_importnet_unconstrained,nonorm1p25,1575,2027.553,0.116328,0.807773,0.797835,0.817712,5,0.00000220,0,0.028103,0.038081,0.018125,0.967367,0.956042,0.978692,0.830375,0.828217,0.832533,0.005052,0.002463,0.025015,0.023754,0.050000,0,0,0,0,0
water_fire,hinge2_restart_importnet_unconstrained,nonorm1p25,1600,2079.635,0.116019,0.809181,0.799612,0.818749,5,0.00000023,0,0.028445,0.038920,0.017971,0.967070,0.955247,0.978894,0.832098,0.830733,0.833462,0.005109,0.002535,0.024748,0.023707,0.050000,0,0,0,0,0
water_fire,hinge2_restart_importnet_unconstrained,nonorm1p25,1625,2088.064,0.117033,0.807316,0.798480,0.816153,5,0.00000046,0,0.028846,0.037242,0.020449,0.966502,0.956968,0.976035,0.830530,0.828217,0.832843,0.005001,0.002720,0.024954,0.023911,0.050000,0,0,0,0,0
water_fire,hinge2_restart_importnet_unconstrained,nonorm1p25,1650,2139.442,0.116532,0.808846,0.799288,0.818403,5,0.00000456,0,0.028768,0.037242,0.020294,0.966641,0.957010,0.976272,0.832034,0.829056,0.835012,0.004859,0.002814,0.024869,0.023805,0.050000,0,0,0,0,0
water_fire,hinge2_restart_importnet_unconstrained,nonorm1p25,1675,2147.794,0.116782,0.808801,0.800647,0.816955,5,0.00000142,0,0.029556,0.037578,0.021534,0.965785,0.956723,0.974846,0.832640,0.830733,0.834547,0.004920,0.002907,0.024708,0.023899,0.050000,0,0,0,0,0
water_fire,hinge2_restart_importnet_unconstrained,nonorm1p25,1700,2200.549,0.116877,0.808676,0.799515,0.817837,5,0.00000236,0,0.029478,0.037578,0.021379,0.965855,0.956665,0.975045,0.832440,0.829559,0.835321,0.005022,0.002834,0.024883,0.023734,0.050000,0,0,0,0,0
water_fire,hinge2_restart_importnet_unconstrained,nonorm1p25,1725,2208.921,0.117526,0.808239,0.799483,0.816995,5,0.00001043,0,0.029581,0.038249,0.020914,0.965745,0.955951,0.975539,0.832072,0.830062,0.834082,0.004977,0.002943,0.024851,0.024008,0.050000,0,0,0,0,0
water_fire,hinge2_restart_importnet_unconstrained,nonorm1p25,1750,2260.227,0.116895,0.808433,0.798933,0.817933,5,0.00000715,0,0.028639,0.037913,0.019365,0.966790,0.956278,0.977302,0.831498,0.829223,0.833772,0.005007,0.002696,0.024951,0.023866,0.050000,0,0,0,0,0
water_fire,hinge2_restart_importnet_unconstrained,nonorm1p25,1775,2268.653,0.117984,0.808041,0.799580,0.816503,5,0.00000389,0,0.030995,0.038752,0.023238,0.964181,0.955423,0.972939,0.833021,0.830565,0.835476,0.005049,0.003132,0.024792,0.023973,0.050000,0,0,0,0,0
water_fire,hinge2_restart_importnet_unconstrained,nonorm1p25,1800,2320.797,0.117355,0.808602,0.799160,0.818044,5,0.00000247,0,0.030388,0.039087,0.021689,0.964876,0.955045,0.974706,0.833092,0.830398,0.835786,0.004973,0.003049,0.024718,0.023930,0.050000,0,0,0,0,0
water_fire,hinge2_restart_importnet_unconstrained,nonorm1p25,1825,2329.130,0.116944,0.809083,0.800550,0.817616,5,0.00000028,0,0.029026,0.037913,0.020139,0.966393,0.956362,0.976424,0.832491,0.830901,0.834082,0.005067,0.002781,0.024766,0.023897,0.050000,0,0,0,0,0
water_fire,hinge2_restart_importnet_unconstrained,nonorm1p25,1850,2381.769,0.116677,0.808790,0.800323,0.817257,5,0.00000399,0,0.028704,0.037578,0.019830,0.966734,0.956707,0.976761,0.831930,0.830398,0.833462,0.005033,0.002699,0.024810,0.023861,0.050000,0,0,0,0,0
water_fire,hinge2_restart_importnet_unconstrained,nonorm1p25,1875,2390.115,0.116173,0.809098,0.800388,0.817809,5,0.00000277,0,0.028716,0.037913,0.019520,0.966739,0.956354,0.977124,0.832253,0.830733,0.833772,0.004985,0.002739,0.024545,0.023885,0.050000,0,0,0,0,0
water_fire,hinge2_restart_importnet_unconstrained,nonorm1p25,1900,2441.772,0.116585,0.808959,0.800646,0.817271,5,0.00000522,0,0.029588,0.038416,0.020759,0.965777,0.955834,0.975720,0.832821,0.831404,0.834237,0.005049,0.002753,0.024711,0.023828,0.050000,0,0,0,0,0
cat_face_bass,hinge2_restart_importnet_unconstrained,nonorm1p25,1,0.531,0.840705,0.120367,0.102612,0.138122,5,0.00000000,0,0.079898,0.122149,0.037648,0.638605,0.485245,0.791966,0.129234,0.115146,0.143322,0.030919,0.008468,0.204164,0.166955,0.050000,0,0,0,0,0
cat_face_bass,hinge2_restart_importnet_unconstrained,nonorm1p25,25,7.422,0.710481,0.175038,0.144889,0.205186,5,0.00000000,0,0.035139,0.061925,0.008354,0.837108,0.713027,0.961190,0.180381,0.153862,0.206900,0.015412,0.001849,0.183920,0.149744,0.050000,0,0,0,0,0
cat_face_bass,hinge2_restart_importnet_unconstrained,nonorm1p25,50,50.149,0.625961,0.231351,0.177374,0.285328,5,0.00000000,0,0.013670,0.023109,0.004231,0.936245,0.887042,0.985448,0.234004,0.181473,0.286536,0.005655,0.000861,0.170532,0.134303,0.050000,0,0,0,0,0
cat_face_bass,hinge2_restart_importnet_unconstrained,nonorm1p25,75,57.204,0.555091,0.310044,0.222430,0.397658,5,0.00000000,0,0.008383,0.016006,0.000759,0.965976,0.933857,0.998095,0.311975,0.225990,0.397960,0.003806,0.000127,0.159957,0.112673,0.050000,0,0,0,0,0
cat_face_bass,hinge2_restart_importnet_unconstrained,nonorm1p25,100,107.261,0.466547,0.419797,0.303575,0.536018,4,0.00000000,0,0.007499,0.007403,0.007595,0.981249,0.976365,0.986133,0.422956,0.305822,0.540089,0.001715,0.001547,0.142010,0.087186,0.050000,0,0,1,0,0
cat_face_bass,hinge2_restart_importnet_unconstrained,nonorm1p25,125,113.084,0.408692,0.503863,0.375161,0.632566,4,0.00010211,0,0.011853,0.010904,0.012802,0.976230,0.972051,0.980408,0.509958,0.379252,0.640664,0.002702,0.002903,0.127937,0.069368,0.050000,0,0,1,0,0
cat_face_bass,hinge2_restart_importnet_unconstrained,nonorm1p25,150,161.749,0.368673,0.566574,0.442088,0.691059,4,0.00143146,0,0.018503,0.014006,0.023001,0.969097,0.969704,0.968490,0.577617,0.448279,0.706955,0.003463,0.005105,0.114404,0.058722,0.050000,0,0,1,0,0
cat_face_bass,hinge2_restart_importnet_unconstrained,nonorm1p25,175,167.599,0.333105,0.615886,0.504883,0.726889,4,0.00147961,0,0.021103,0.014106,0.028100,0.968475,0.973189,0.963761,0.629660,0.512005,0.747315,0.003467,0.006331,0.101511,0.052276,0.050000,0,0,1,0,0
cat_face_bass,hinge2_restart_importnet_unconstrained,nonorm1p25,200,216.172,0.312951,0.637727,0.528778,0.746677,4,0.00171259,0,0.019961,0.011605,0.028317,0.971599,0.978766,0.964432,0.651367,0.534914,0.767820,0.002662,0.006328,0.096278,0.048362,0.050000,0,0,1,0,0
cat_face_bass,hinge2_restart_importnet_unconstrained,nonorm1p25,225,222.035,0.300996,0.646775,0.531253,0.762297,4,0.00158131,0,0.017293,0.006703,0.027883,0.976630,0.987622,0.965637,0.659183,0.534814,0.783552,0.001470,0.006127,0.095306,0.045143,0.050000,0,0,1,0,0
cat_face_bass,hinge2_restart_importnet_unconstrained,nonorm1p25,250,270.327,0.292545,0.659612,0.549320,0.769904,4,0.00146317,0,0.017981,0.007103,0.028860,0.976086,0.987324,0.964847,0.672672,0.553221,0.792123,0.001665,0.006534,0.091732,0.043780,0.050000,0,0,1,0,0
cat_face_bass,hinge2_restart_importnet_unconstrained,nonorm1p25,275,276.143,0.285893,0.668411,0.561588,0.775235,4,0.00115702,0,0.018273,0.007903,0.028643,0.975778,0.986230,0.965327,0.681733,0.566026,0.797440,0.001791,0.006526,0.089199,0.042946,0.050000,0,0,1,0,0
cat_face_bass,hinge2_restart_importnet_unconstrained,nonorm1p25,300,324.345,0.278341,0.684173,0.585339,0.783007,4,0.00095074,0,0.022246,0.014006,0.030487,0.970269,0.976947,0.963592,0.700208,0.593537,0.806879,0.003288,0.006852,0.084778,0.041385,0.050000,0,0,1,0,0
cat_face_bass,hinge2_restart_importnet_unconstrained,nonorm1p25,325,330.183,0.272993,0.698564,0.611497,0.785631,4,0.00096597,0,0.025868,0.023309,0.028426,0.965051,0.964088,0.966014,0.716857,0.625750,0.807964,0.005662,0.006404,0.080167,0.040908,0.050000,0,0,1,0,0
cat_face_bass,hinge2_restart_importnet_unconstrained,nonorm1p25,350,378.596,0.254249,0.723909,0.655873,0.791944,4,0.00084480,0,0.027534,0.028812,0.026256,0.963878,0.959050,0.968706,0.743754,0.674770,0.812737,0.007125,0.005798,0.071253,0.039423,0.050000,0,0,1,0,0
cat_face_bass,hinge2_restart_importnet_unconstrained,nonorm1p25,375,384.432,0.224933,0.766272,0.736147,0.796396,4,0.00079795,0,0.030884,0.038115,0.023652,0.962150,0.952494,0.971805,0.789719,0.764206,0.815233,0.009441,0.005423,0.055030,0.038578,0.050000,0,0,1,0,0
cat_face_bass,hinge2_restart_importnet_unconstrained,nonorm1p25,400,432.821,0.204719,0.784514,0.771695,0.797333,4,0.00077273,0,0.027892,0.030612,0.025171,0.966531,0.962936,0.970126,0.806360,0.795318,0.817403,0.007523,0.005622,0.047146,0.038512,0.050000,0,0,1,0,0
cat_face_bass,hinge2_restart_importnet_unconstrained,nonorm1p25,425,438.626,0.201770,0.788259,0.774529,0.801990,4,0.00080118,0,0.027491,0.029812,0.025171,0.967132,0.963970,0.970294,0.809898,0.797619,0.822176,0.007418,0.005665,0.046741,0.037510,0.050000,0,0,1,0,0
cat_face_bass,hinge2_restart_importnet_unconstrained,nonorm1p25,450,486.794,0.200961,0.789082,0.772511,0.805653,4,0.00086882,0,0.027433,0.029912,0.024954,0.967217,0.963766,0.970667,0.810688,0.795618,0.825757,0.007397,0.005597,0.046994,0.036940,0.050000,0,0,1,0,0
cat_face_bass,hinge2_restart_importnet_unconstrained,nonorm1p25,475,492.716,0.199725,0.789629,0.774043,0.805214,4,0.00088949,0,0.026786,0.029812,0.023760,0.967966,0.963949,0.971984,0.810733,0.797119,0.824346,0.007393,0.005393,0.046654,0.036916,0.050000,0,0,1,0,0
cat_face_bass,hinge2_restart_importnet_unconstrained,nonorm1p25,500,540.688,0.198819,0.789000,0.773840,0.804161,4,0.00092942,0,0.026173,0.030212,0.022133,0.968633,0.963487,0.973779,0.809589,0.797219,0.821959,0.007359,0.004943,0.046623,0.037084,0.050000,0,0,1,0,0
cat_face_bass,hinge2_restart_importnet_unconstrained,nonorm1p25,525,546.489,0.198268,0.788251,0.773482,0.803019,4,0.00086645,0,0.025263,0.029912,0.020614,0.969638,0.963810,0.975465,0.808096,0.796619,0.819573,0.007337,0.004574,0.046749,0.037193,0.050000,0,0,1,0,0
cat_face_bass,hinge2_restart_importnet_unconstrained,nonorm1p25,550,595.024,0.197730,0.788320,0.772065,0.804574,4,0.00085370,0,0.024533,0.029212,0.019855,0.970458,0.964542,0.976375,0.807583,0.794618,0.820549,0.007169,0.004507,0.046937,0.037035,0.050000,0,0,1,0,0
cat_face_bass,hinge2_restart_importnet_unconstrained,nonorm1p25,575,600.943,0.196817,0.790552,0.776008,0.805096,4,0.00083502,0,0.025968,0.029912,0.022025,0.968927,0.963924,0.973931,0.811024,0.799220,0.822827,0.007215,0.004892,0.046137,0.036846,0.050000,0,0,1,0,0
cat_face_bass,hinge2_restart_importnet_unconstrained,nonorm1p25,600,649.008,0.196561,0.791888,0.777518,0.806257,4,0.00089423,0,0.025960,0.028812,0.023109,0.968991,0.965234,0.972748,0.812404,0.799920,0.824889,0.007099,0.005148,0.045961,0.036698,0.050000,0,0,1,0,0
cat_face_bass,hinge2_restart_importnet_unconstrained,nonorm1p25,625,654.841,0.195867,0.792406,0.777789,0.807023,4,0.00085662,0,0.025693,0.028711,0.022675,0.969310,0.965359,0.973260,0.812721,0.800120,0.825323,0.007042,0.005133,0.045787,0.036628,0.050000,0,0,1,0,0
cat_face_bass,hinge2_restart_importnet_unconstrained,nonorm1p25,650,704.355,0.193731,0.794766,0.780134,0.809398,4,0.00095620,0,0.025602,0.028311,0.022892,0.969503,0.965912,0.973094,0.815074,0.802221,0.827927,0.006951,0.005181,0.045250,0.036117,0.050000,0,0,1,0,0
cat_face_bass,hinge2_restart_importnet_unconstrained,nonorm1p25,675,710.221,0.192974,0.797574,0.782985,0.812162,4,0.00090043,0,0.026499,0.028912,0.024086,0.968606,0.965356,0.971856,0.818673,0.805622,0.831724,0.007145,0.005507,0.044731,0.035626,0.050000,0,0,1,0,0
cat_face_bass,hinge2_restart_importnet_unconstrained,nonorm1p25,700,758.736,0.192105,0.800491,0.784965,0.816018,4,0.00094796,0,0.027754,0.030012,0.025496,0.967321,0.964209,0.970433,0.822673,0.808523,0.836823,0.007394,0.005746,0.044415,0.034881,0.050000,0,0,1,0,0
cat_face_bass,hinge2_restart_importnet_unconstrained,nonorm1p25,725,764.533,0.187924,0.805300,0.786248,0.824352,4,0.00094360,0,0.027424,0.030112,0.024737,0.967852,0.964154,0.971550,0.827334,0.809924,0.844743,0.007397,0.005636,0.044131,0.033209,0.050000,0,0,1,0,0
cat_face_bass,hinge2_restart_importnet_unconstrained,nonorm1p25,750,812.705,0.183606,0.810939,0.789515,0.832364,4,0.00101669,0,0.028117,0.030412,0.025822,0.967305,0.963964,0.970646,0.833691,0.813525,0.853857,0.007374,0.005761,0.043410,0.031619,0.050000,0,0,1,0,0
cat_face_bass,hinge2_restart_importnet_unconstrained,nonorm1p25,775,818.558,0.182366,0.813251,0.792658,0.833844,4,0.00098801,0,0.028292,0.030112,0.026473,0.967216,0.964433,0.969999,0.836223,0.816527,0.855918,0.007334,0.005960,0.042746,0.031474,0.050000,0,0,1,0,0
cat_face_bass,hinge2_restart_importnet_unconstrained,nonorm1p25,800,868.466,0.181545,0.815396,0.796332,0.834460,4,0.00093916,0,0.029014,0.031012,0.027015,0.966521,0.963602,0.969440,0.839016,0.821028,0.857003,0.007593,0.005996,0.042093,0.031364,0.050000,0,0,1,0,0
cat_face_bass,hinge2_restart_importnet_unconstrained,nonorm1p25,825,874.728,0.180563,0.814929,0.794991,0.834867,4,0.00087559,0,0.028109,0.030612,0.025605,0.967474,0.963983,0.970965,0.837786,0.819328,0.856244,0.007424,0.005749,0.042313,0.031195,0.050000,0,0,1,0,0
cat_face_bass,hinge2_restart_importnet_unconstrained,nonorm1p25,850,926.551,0.181817,0.814130,0.793692,0.834567,4,0.00085418,0,0.028313,0.030912,0.025713,0.967217,0.963596,0.970838,0.837127,0.818227,0.856027,0.007579,0.005772,0.042632,0.031288,0.050000,0,0,1,0,0
cat_face_bass,hinge2_restart_importnet_unconstrained,nonorm1p25,875,932.703,0.180457,0.816706,0.798158,0.835254,4,0.00089477,0,0.028976,0.031913,0.026039,0.966606,0.962699,0.970512,0.840316,0.823629,0.857003,0.007783,0.005879,0.041620,0.031218,0.050000,0,0,1,0,0
cat_face_bass,hinge2_restart_importnet_unconstrained,nonorm1p25,900,984.313,0.180683,0.816708,0.798410,0.835007,4,0.00084523,0,0.029093,0.031713,0.026473,0.966484,0.962928,0.970039,0.840421,0.823729,0.857112,0.007784,0.005949,0.041605,0.031274,0.050000,0,0,1,0,0
cat_face_bass,hinge2_restart_importnet_unconstrained,nonorm1p25,925,990.491,0.179522,0.818514,0.801086,0.835942,4,0.00091713,0,0.028863,0.032013,0.025713,0.966803,0.962721,0.970885,0.842084,0.826731,0.857437,0.007900,0.005885,0.041060,0.031148,0.050000,0,0,1,0,0
cat_face_bass,hinge2_restart_importnet_unconstrained,nonorm1p25,950,1040.939,0.179281,0.818371,0.800853,0.835889,4,0.00087813,0,0.028926,0.031813,0.026039,0.966731,0.962928,0.970534,0.841992,0.826331,0.857654,0.007806,0.005885,0.041136,0.031084,0.050000,0,0,1,0,0
cat_face_bass,hinge2_restart_importnet_unconstrained,nonorm1p25,975,1046.827,0.180026,0.818308,0.800639,0.835977,4,0.00084302,0,0.029322,0.032713,0.025930,0.966297,0.961941,0.970653,0.842243,0.826831,0.857654,0.008052,0.005893,0.041191,0.031095,0.050000,0,0,1,0,0
cat_face_bass,hinge2_restart_importnet_unconstrained,nonorm1p25,1000,1095.406,0.180470,0.817225,0.800659,0.833791,4,0.00084891,0,0.028980,0.031813,0.026147,0.966633,0.962920,0.970346,0.840862,0.826130,0.855593,0.007912,0.005871,0.041218,0.031492,0.050000,0,0,1,0,0
cat_face_bass,hinge2_restart_importnet_unconstrained,nonorm1p25,1025,1101.192,0.180425,0.817170,0.800426,0.833914,4,0.00088456,0,0.029760,0.032613,0.026907,0.965788,0.962040,0.969537,0.841442,0.826531,0.856352,0.008043,0.005923,0.041130,0.031314,0.050000,0,0,1,0,0
cat_face_bass,hinge2_restart_importnet_unconstrained,nonorm1p25,1050,1149.193,0.180896,0.817610,0.800600,0.834620,4,0.00089036,0,0.029776,0.033513,0.026039,0.965782,0.961074,0.970491,0.841892,0.827431,0.856352,0.008289,0.005860,0.041186,0.031265,0.050000,0,0,1,0,0
cat_face_bass,hinge2_restart_importnet_unconstrained,nonorm1p25,1075,1155.001,0.180526,0.818045,0.800290,0.835800,4,0.00092598,0,0.029780,0.033413,0.026147,0.965791,0.961167,0.970415,0.842343,0.827031,0.857654,0.008228,0.005897,0.041185,0.031098,0.050000,0,0,1,0,0
cat_face_bass,hinge2_restart_importnet_unconstrained,nonorm1p25,1100,1203.150,0.180622,0.817651,0.800136,0.835167,4,0.00086858,0,0.029305,0.033113,0.025496,0.966288,0.961485,0.971091,0.841546,0.826631,0.856461,0.008231,0.005806,0.041276,0.031186,0.050000,0,0,1,0,0
cat_face_bass,hinge2_restart_importnet_unconstrained,nonorm1p25,1125,1208.945,0.180674,0.817820,0.800968,0.834672,4,0.00080133,0,0.029889,0.033413,0.026364,0.965671,0.961199,0.970144,0.842204,0.827731,0.856678,0.008233,0.005907,0.041124,0.031257,0.050000,0,0,1,0,0
cat_face_bass,hinge2_restart_importnet_unconstrained,nonorm1p25,1150,1257.054,0.180509,0.818152,0.801104,0.835201,4,0.00086352,0,0.029739,0.033113,0.026364,0.965846,0.961530,0.970162,0.842426,0.827631,0.857220,0.008218,0.005872,0.041112,0.031228,0.050000,0,0,1,0,0
cat_face_bass,hinge2_restart_importnet_unconstrained,nonorm1p25,1175,1262.842,0.181147,0.818146,0.801142,0.835150,4,0.00088626,0,0.029601,0.033814,0.025388,0.965991,0.960775,0.971207,0.842292,0.828231,0.856352,0.008422,0.005841,0.041135,0.031300,0.050000,0,0,1,0,0
cat_face_bass,hinge2_restart_importnet_unconstrained,nonorm1p25,1200,1310.844,0.179133,0.818615,0.801957,0.835273,4,0.00082523,0,0.029005,0.032513,0.025496,0.966656,0.962218,0.971095,0.842300,0.828031,0.856569,0.007973,0.005786,0.040840,0.031239,0.050000,0,0,1,0,0
cat_face_bass,hinge2_restart_importnet_unconstrained,nonorm1p25,1225,1316.673,0.178929,0.818648,0.802500,0.834796,4,0.00086408,0,0.029067,0.032313,0.025822,0.966594,0.962459,0.970729,0.842392,0.828431,0.856352,0.007941,0.005792,0.040723,0.031273,0.050000,0,0,1,0,0
cat_face_bass,hinge2_restart_importnet_unconstrained,nonorm1p25,1250,1364.695,0.179351,0.818252,0.802113,0.834391,4,0.00088217,0,0.029122,0.032313,0.025930,0.966520,0.962442,0.970599,0.842029,0.828031,0.856027,0.007960,0.005812,0.040844,0.031307,0.050000,0,0,1,0,0
cat_face_bass,hinge2_restart_importnet_unconstrained,nonorm1p25,1275,1370.511,0.178725,0.818753,0.802267,0.835238,4,0.00090175,0,0.028946,0.032613,0.025279,0.966725,0.962124,0.971327,0.842392,0.828431,0.856352,0.007949,0.005743,0.040708,0.031224,0.050000,0,0,1,0,0
cat_face_bass,hinge2_restart_importnet_unconstrained,nonorm1p25,1300,1418.606,0.178701,0.818827,0.803140,0.834514,4,0.00085601,0,0.029076,0.032113,0.026039,0.966596,0.962705,0.970487,0.842588,0.828932,0.856244,0.007947,0.005772,0.040661,0.031241,0.050000,0,0,1,0,0
cat_face_bass,hinge2_restart_importnet_unconstrained,nonorm1p25,1325,1424.397,0.179149,0.818629,0.802092,0.835166,4,0.00082844,0,0.029430,0.032713,0.026147,0.966200,0.962008,0.970393,0.842667,0.828331,0.857003,0.008043,0.005807,0.040852,0.031120,0.050000,0,0,1,0,0
cat_face_bass,hinge2_restart_importnet_unconstrained,nonorm1p25,1350,1472.365,0.178519,0.819095,0.802831,0.835360,4,0.00084755,0,0.029026,0.032013,0.026039,0.966658,0.962799,0.970516,0.842822,0.828531,0.857112,0.007932,0.005790,0.040670,0.031140,0.050000,0,0,1,0,0
cat_face_bass,hinge2_restart_importnet_unconstrained,nonorm1p25,1375,1478.136,0.178307,0.819732,0.804247,0.835218,4,0.00086030,0,0.029143,0.031813,0.026473,0.966563,0.963079,0.970047,0.843580,0.829832,0.857329,0.007917,0.005850,0.040480,0.031164,0.050000,0,0,1,0,0
cat_face_bass,hinge2_restart_importnet_unconstrained,nonorm1p25,1400,1526.094,0.181259,0.818522,0.801913,0.835131,4,0.00086649,0,0.030622,0.035314,0.025930,0.964912,0.959200,0.970624,0.843509,0.830232,0.856786,0.008662,0.005845,0.040999,0.031193,0.050000,0,0,1,0,0
cat_face_bass,hinge2_restart_importnet_unconstrained,nonorm1p25,1425,1531.873,0.179946,0.819790,0.804062,0.835518,4,0.00080205,0,0.030389,0.034414,0.026364,0.965221,0.960268,0.970173,0.844639,0.831733,0.857546,0.008536,0.005844,0.040603,0.031114,0.050000,0,0,1,0,0
cat_face_bass,hinge2_restart_importnet_unconstrained,nonorm1p25,1450,1579.854,0.178314,0.820401,0.806904,0.833897,4,0.00095515,0,0.030381,0.034614,0.026147,0.965269,0.960189,0.970349,0.845268,0.834834,0.855701,0.008388,0.005792,0.039781,0.031318,0.050000,0,0,1,0,0
cat_face_bass,hinge2_restart_importnet_unconstrained,nonorm1p25,1475,1585.616,0.180450,0.819657,0.805928,0.833386,4,0.00089925,0,0.031185,0.036114,0.026256,0.964380,0.958544,0.970215,0.845151,0.835034,0.855267,0.008804,0.005891,0.040045,0.031496,0.050000,0,0,1,0,0
cat_face_bass,hinge2_restart_importnet_unconstrained,nonorm1p25,1500,1633.647,0.177521,0.820546,0.807495,0.833598,4,0.00091046,0,0.029359,0.033113,0.025605,0.966372,0.961822,0.970922,0.844588,0.834234,0.854942,0.008186,0.005697,0.039686,0.031402,0.050000,0,0,1,0,0
cat_face_bass,hinge2_restart_importnet_unconstrained,nonorm1p25,1525,1639.430,0.178618,0.820134,0.807376,0.832893,4,0.00096792,0,0.029993,0.033513,0.026473,0.965677,0.961388,0.969966,0.844688,0.834434,0.854942,0.008307,0.005862,0.039791,0.031468,0.050000,0,0,1,0,0
cat_face_bass,hinge2_restart_importnet_unconstrained,nonorm1p25,1550,1687.520,0.177362,0.821192,0.809086,0.833298,4,0.00087107,0,0.029589,0.032813,0.026364,0.966156,0.962216,0.970096,0.845451,0.835634,0.855267,0.008186,0.005817,0.039478,0.031394,0.050000,0,0,1,0,0
cat_face_bass,hinge2_restart_importnet_unconstrained,nonorm1p25,1575,1693.331,0.177711,0.821623,0.807834,0.835412,4,0.00096113,0,0.030389,0.034414,0.026364,0.965308,0.960446,0.970169,0.846536,0.835634,0.857437,0.008414,0.005905,0.039513,0.031107,0.050000,0,0,1,0,0
cat_face_bass,hinge2_restart_importnet_unconstrained,nonorm1p25,1600,1741.572,0.173156,0.823270,0.808443,0.838098,4,0.00099426,0,0.027770,0.030912,0.024628,0.968178,0.964236,0.972120,0.846086,0.833433,0.858739,0.007563,0.005470,0.039358,0.030581,0.050000,0,0,1,0,0
cat_face_bass,hinge2_restart_importnet_unconstrained,nonorm1p25,1625,1747.367,0.170486,0.825162,0.809011,0.841314,4,0.00090713,0,0.027253,0.030312,0.024194,0.968799,0.964910,0.972688,0.847601,0.833533,0.861669,0.007540,0.005267,0.039217,0.029700,0.050000,0,0,1,0,0
cat_face_bass,hinge2_restart_importnet_unconstrained,nonorm1p25,1650,1795.404,0.168100,0.827230,0.810656,0.843803,4,0.00093362,0,0.026635,0.030812,0.022459,0.969534,0.964438,0.974629,0.849194,0.835634,0.862754,0.007616,0.004785,0.039099,0.029122,0.050000,0,0,1,0,0
cat_face_bass,hinge2_restart_importnet_unconstrained,nonorm1p25,1675,1801.214,0.165268,0.828909,0.809953,0.847865,4,0.00092064,0,0.025154,0.031212,0.019095,0.971177,0.963976,0.978378,0.849645,0.835234,0.864056,0.007749,0.004093,0.039117,0.028392,0.050000,0,0,1,0,0
cat_face_bass,hinge2_restart_importnet_unconstrained,nonorm1p25,1700,1849.652,0.163429,0.830659,0.812191,0.849127,4,0.00091983,0,0.024849,0.030712,0.018987,0.971569,0.964611,0.978528,0.851192,0.837135,0.865249,0.007598,0.004012,0.038707,0.028173,0.050000,0,0,1,0,0
cat_face_bass,hinge2_restart_importnet_unconstrained,nonorm1p25,1725,1855.507,0.164265,0.828529,0.809649,0.847409,4,0.00093728,0,0.024040,0.030612,0.017468,0.972378,0.964612,0.980143,0.848322,0.834434,0.862211,0.007581,0.003803,0.039097,0.028477,0.050000,0,0,1,0,0
cat_face_bass,hinge2_restart_importnet_unconstrained,nonorm1p25,1750,1903.822,0.163291,0.828952,0.809575,0.848330,4,0.00086835,0,0.023352,0.030212,0.016491,0.973138,0.965042,0.981235,0.848177,0.834034,0.862320,0.007522,0.003568,0.039129,0.028350,0.050000,0,0,1,0,0
cat_face_bass,hinge2_restart_importnet_unconstrained,nonorm1p25,1775,1909.636,0.164035,0.829079,0.810674,0.847483,4,0.00085829,0,0.024082,0.030912,0.017251,0.972357,0.964331,0.980382,0.848918,0.835734,0.862103,0.007704,0.003672,0.039034,0.028462,0.050000,0,0,1,0,0
cat_face_bass,hinge2_restart_importnet_unconstrained,nonorm1p25,1800,1957.899,0.163048,0.830070,0.812403,0.847738,4,0.00091894,0,0.023815,0.030812,0.016817,0.972688,0.964512,0.980864,0.849715,0.837435,0.861994,0.007621,0.003598,0.038787,0.028392,0.050000,0,0,1,0,0
cat_face_bass,hinge2_restart_importnet_unconstrained,nonorm1p25,1825,1963.817,0.163230,0.830338,0.811894,0.848783,4,0.00100334,0,0.023581,0.031212,0.015949,0.972950,0.964059,0.981841,0.849777,0.837235,0.862320,0.007690,0.003530,0.038879,0.028360,0.050000,0,0,1,0,0
cat_face_bass,hinge2_restart_importnet_unconstrained,nonorm1p25,1850,2011.721,0.163545,0.829639,0.810281,0.848996,4,0.00091998,0,0.023681,0.031413,0.015949,0.972810,0.963775,0.981845,0.849135,0.835734,0.862537,0.007805,0.003498,0.039092,0.028229,0.050000,0,0,1,0,0
cat_face_bass,hinge2_restart_importnet_unconstrained,nonorm1p25,1875,2017.541,0.162165,0.829662,0.810541,0.848783,4,0.00086094,0,0.023331,0.030712,0.015949,0.973191,0.964541,0.981841,0.848877,0.835434,0.862320,0.007616,0.003391,0.038933,0.028089,0.050000,0,0,1,0,0
cat_face_bass,hinge2_restart_importnet_unconstrained,nonorm1p25,1900,2065.788,0.162307,0.829567,0.810522,0.848611,4,0.00093272,0,0.023064,0.030612,0.015515,0.973482,0.964649,0.982315,0.848556,0.835334,0.861777,0.007607,0.003328,0.038968,0.028190,0.050000,0,0,1,0,0
cat_face_bass,hinge2_restart_importnet_unconstrained,nonorm1p25,1925,2071.607,0.161891,0.829898,0.811341,0.848456,4,0.00088537,0,0.022751,0.030312,0.015189,0.973839,0.965008,0.982671,0.848639,0.835934,0.861343,0.007548,0.003309,0.038843,0.028221,0.050000,0,0,1,0,0
cat_face_bass,hinge2_restart_importnet_unconstrained,nonorm1p25,1950,2119.787,0.161871,0.830192,0.812391,0.847993,4,0.00089131,0,0.023297,0.030212,0.016383,0.973253,0.965159,0.981347,0.849410,0.836935,0.861886,0.007497,0.003433,0.038731,0.028230,0.050000,0,0,1,0,0
cat_face_bass,hinge2_restart_importnet_unconstrained,nonorm1p25,1975,2125.626,0.161999,0.830244,0.812009,0.848478,4,0.00087585,0,0.023685,0.031313,0.016057,0.972836,0.963957,0.981715,0.849769,0.837435,0.862103,0.007686,0.003375,0.038701,0.028165,0.050000,0,0,1,0,0
cat_face_bass,hinge2_restart_importnet_unconstrained,nonorm1p25,2000,2173.769,0.162032,0.830447,0.811923,0.848970,4,0.00089986,0,0.023402,0.030312,0.016491,0.973140,0.965032,0.981248,0.849753,0.836535,0.862971,0.007617,0.003436,0.038830,0.028055,0.050000,0,0,1,0,0
cat_face_bass,hinge2_restart_importnet_unconstrained,nonorm1p25,2025,2179.584,0.161642,0.829991,0.811183,0.848799,4,0.00088909,0,0.023285,0.030512,0.016057,0.973253,0.964785,0.981722,0.849181,0.835934,0.862428,0.007552,0.003403,0.038703,0.028113,0.050000,0,0,1,0,0
cat_face_bass,hinge2_restart_importnet_unconstrained,nonorm1p25,2050,2227.794,0.162009,0.830824,0.812652,0.848996,4,0.00084070,0,0.023531,0.031112,0.015949,0.973022,0.964199,0.981845,0.850236,0.837935,0.862537,0.007677,0.003428,0.038670,0.028158,0.050000,0,0,1,0,0
cat_face_bass,hinge2_restart_importnet_unconstrained,nonorm1p25,2075,2233.595,0.161413,0.829816,0.810422,0.849210,4,0.00099032,0,0.022480,0.029012,0.015949,0.974115,0.966381,0.981850,0.848344,0.833934,0.862754,0.007225,0.003424,0.038896,0.028153,0.050000,0,0,1,0,0
cat_face_bass,hinge2_restart_importnet_unconstrained,nonorm1p25,2100,2281.675,0.161090,0.829982,0.811535,0.848430,4,0.00085073,0,0.023022,0.030312,0.015732,0.973544,0.965016,0.982072,0.848956,0.836134,0.861777,0.007473,0.003266,0.038731,0.028093,0.050000,0,0,1,0,0
cat_face_bass,hinge2_restart_importnet_unconstrained,nonorm1p25,2125,2287.495,0.161416,0.830605,0.811857,0.849353,4,0.00086071,0,0.022884,0.031012,0.014755,0.973721,0.964273,0.983168,0.849460,0.837035,0.861886,0.007712,0.003178,0.038709,0.028086,0.050000,0,0,1,0,0
cat_face_bass,hinge2_restart_importnet_unconstrained,nonorm1p25,2150,2335.736,0.160981,0.830867,0.811674,0.850059,4,0.00085395,0,0.022601,0.030012,0.015189,0.974025,0.965346,0.982703,0.849503,0.836034,0.862971,0.007495,0.003281,0.038682,0.028040,0.050000,0,0,1,0,0
cat_face_bass,hinge2_restart_importnet_unconstrained,nonorm1p25,2175,2341.551,0.161195,0.830807,0.811341,0.850273,4,0.00083846,0,0.022751,0.030312,0.015189,0.973858,0.965008,0.982708,0.849561,0.835934,0.863188,0.007602,0.003241,0.038812,0.027939,0.050000,0,0,1,0,0
cat_face_bass,hinge2_restart_importnet_unconstrained,nonorm1p25,2200,2389.637,0.160830,0.830463,0.812075,0.848851,4,0.00079987,0,0.022792,0.030612,0.014972,0.973816,0.964714,0.982919,0.849247,0.836935,0.861560,0.007568,0.003243,0.038470,0.028152,0.050000,0,0,1,0,0
cat_face_bass,hinge2_restart_importnet_unconstrained,nonorm1p25,2225,2395.463,0.161651,0.830343,0.812027,0.848660,4,0.00087350,0,0.023626,0.031413,0.015840,0.972904,0.963850,0.981957,0.849819,0.837535,0.862103,0.007779,0.003205,0.038764,0.028025,0.050000,0,0,1,0,0
cat_face_bass,hinge2_restart_importnet_unconstrained,nonorm1p25,2250,2443.690,0.161946,0.829880,0.811039,0.848722,4,0.00085287,0,0.022708,0.031313,0.014104,0.973896,0.963915,0.983877,0.848563,0.836435,0.860692,0.007773,0.003085,0.038883,0.028220,0.050000,0,0,1,0,0
cat_face_bass,hinge2_restart_importnet_unconstrained,nonorm1p25,2275,2449.513,0.161573,0.830705,0.811517,0.849893,4,0.00086041,0,0.022863,0.030212,0.015515,0.973732,0.965123,0.982341,0.849557,0.836034,0.863079,0.007605,0.003299,0.038885,0.027971,0.050000,0,0,1,0,0
cat_face_bass,hinge2_restart_importnet_unconstrained,nonorm1p25,2300,2497.869,0.161153,0.829710,0.810740,0.848679,4,0.00084307,0,0.022375,0.030212,0.014538,0.974243,0.965091,0.983395,0.848126,0.835234,0.861018,0.007510,0.003089,0.038942,0.028090,0.050000,0,0,1,0,0
cat_face_bass,hinge2_restart_importnet_unconstrained,nonorm1p25,2325,2503.702,0.161123,0.830898,0.812379,0.849418,4,0.00091269,0,0.023201,0.031212,0.015189,0.973385,0.964080,0.982690,0.850027,0.837735,0.862320,0.007668,0.003227,0.038660,0.027963,0.050000,0,0,1,0,0
cat_face_bass,hinge2_restart_importnet_unconstrained,nonorm1p25,2350,2551.742,0.162284,0.829358,0.810037,0.848679,4,0.00084410,0,0.022575,0.030612,0.014538,0.974012,0.964628,0.983395,0.847926,0.834834,0.861018,0.007672,0.003181,0.039091,0.028190,0.050000,0,0,1,0,0
cat_face_bass,hinge2_restart_importnet_unconstrained,nonorm1p25,2375,2557.570,0.161796,0.830242,0.811414,0.849071,4,0.00083618,0,0.023222,0.030712,0.015732,0.973332,0.964578,0.982085,0.849381,0.836335,0.862428,0.007595,0.003372,0.038763,0.028134,0.050000,0,0,1,0,0
cat_face_bass,hinge2_restart_importnet_unconstrained,nonorm1p25,2400,2605.790,0.160884,0.830818,0.810897,0.850738,4,0.00093999,0,0.022004,0.030012,0.013996,0.974674,0.965314,0.984035,0.848940,0.835234,0.862645,0.007518,0.003115,0.038875,0.027947,0.050000,0,0,1,0,0
horse_circle,hinge2_restart_importnet_unconstrained,nonorm1p25,1,0.541,1.030111,0.116467,0.134367,0.098567,5,0.00000000,0,0.044027,0.067336,0.020718,0.754868,0.680494,0.829242,0.122012,0.143415,0.100609,0.018462,0.008874,0.199203,0.281682,0.050000,0,0,0,0,0
horse_circle,hinge2_restart_importnet_unconstrained,nonorm1p25,25,7.351,0.887430,0.186508,0.229960,0.143055,5,0.00000000,0,0.014622,0.025670,0.003574,0.938779,0.901849,0.975709,0.189715,0.235863,0.143566,0.006812,0.001624,0.169869,0.263301,0.050000,0,0,0,0,0
horse_circle,hinge2_restart_importnet_unconstrained,nonorm1p25,50,53.582,0.795845,0.265145,0.330225,0.200066,5,0.00000000,0,0.007261,0.007440,0.007082,0.972083,0.978124,0.966043,0.267082,0.332682,0.201483,0.002154,0.002925,0.145144,0.246429,0.050000,0,0,0,0,0
horse_circle,hinge2_restart_importnet_unconstrained,nonorm1p25,75,60.566,0.736716,0.318024,0.359779,0.276270,5,0.00000000,0,0.007700,0.008185,0.007215,0.976331,0.977934,0.974728,0.320493,0.362723,0.278263,0.002277,0.003160,0.138710,0.222852,0.050000,0,0,0,0,0
horse_circle,hinge2_restart_importnet_unconstrained,nonorm1p25,100,103.630,0.662933,0.375709,0.371634,0.379784,5,0.00000000,0,0.005867,0.008557,0.003177,0.984705,0.977681,0.991730,0.377902,0.374814,0.380990,0.002432,0.001603,0.136233,0.190189,0.050000,0,0,0,0,0
horse_circle,hinge2_restart_importnet_unconstrained,nonorm1p25,125,110.673,0.589574,0.442447,0.392376,0.492518,5,0.00000058,0,0.008049,0.007626,0.008472,0.982152,0.981075,0.983229,0.446029,0.395368,0.496690,0.002124,0.003655,0.131518,0.156044,0.050000,0,0,0,0,0
horse_circle,hinge2_restart_importnet_unconstrained,nonorm1p25,150,155.826,0.492181,0.525715,0.425035,0.626396,5,0.00001142,0,0.009028,0.010510,0.007546,0.982150,0.976115,0.988185,0.530312,0.429501,0.631123,0.002366,0.003419,0.124225,0.114629,0.050000,0,0,0,0,0
horse_circle,hinge2_restart_importnet_unconstrained,nonorm1p25,175,163.029,0.408169,0.601701,0.450266,0.753137,5,0.00011424,1,0.011525,0.015439,0.007612,0.978702,0.967336,0.990069,0.608043,0.457217,0.758869,0.004148,0.003264,0.119502,0.075276,0.050000,0,0,0,0,0
horse_circle,hinge2_restart_importnet_unconstrained,nonorm1p25,200,209.258,0.334809,0.662260,0.474961,0.849559,5,0.00004178,0,0.011063,0.015904,0.006222,0.980433,0.968091,0.992774,0.668680,0.482515,0.854845,0.003861,0.002803,0.113798,0.045262,0.050000,0,0,0,0,0
horse_circle,hinge2_restart_importnet_unconstrained,nonorm1p25,225,216.420,0.303296,0.695068,0.498354,0.891782,5,0.00006682,0,0.014474,0.017299,0.011649,0.977128,0.967004,0.987252,0.704573,0.506975,0.902171,0.003995,0.004728,0.108604,0.032116,0.050000,0,0,0,0,0
horse_circle,hinge2_restart_importnet_unconstrained,nonorm1p25,250,262.831,0.270841,0.723394,0.514077,0.932711,5,0.00005000,0,0.013514,0.020740,0.006288,0.977661,0.961978,0.993345,0.731658,0.524740,0.938576,0.005264,0.002890,0.105581,0.019628,0.050000,0,0,0,0,0
horse_circle,hinge2_restart_importnet_unconstrained,nonorm1p25,275,269.916,0.254328,0.738645,0.523796,0.953493,5,0.00000026,0,0.012179,0.018136,0.006222,0.980334,0.967111,0.993557,0.746361,0.533296,0.959425,0.005285,0.002895,0.103720,0.013219,0.050000,0,0,0,0,0
horse_circle,hinge2_restart_importnet_unconstrained,nonorm1p25,300,315.809,0.243053,0.753179,0.537868,0.968491,5,0.00000000,0,0.015202,0.024182,0.006222,0.975803,0.957949,0.993656,0.762696,0.550874,0.974517,0.006576,0.002916,0.100852,0.008809,0.050000,0,0,0,0,0
horse_circle,hinge2_restart_importnet_unconstrained,nonorm1p25,325,322.830,0.237201,0.759085,0.538113,0.980057,5,0.00000000,0,0.015276,0.024926,0.005626,0.975542,0.956760,0.994324,0.768548,0.551525,0.985571,0.006904,0.002828,0.101011,0.005425,0.050000,0,0,0,0,0
horse_circle,hinge2_restart_importnet_unconstrained,nonorm1p25,350,368.613,0.239083,0.763544,0.548764,0.978324,5,0.00000000,0,0.018894,0.027065,0.010723,0.971726,0.954180,0.989272,0.776215,0.563616,0.988814,0.007893,0.004206,0.099075,0.005343,0.050000,0,0,0,0,0
horse_circle,hinge2_restart_importnet_unconstrained,nonorm1p25,375,375.728,0.240372,0.771564,0.560287,0.982841,5,0.00000000,0,0.024069,0.037481,0.010657,0.964406,0.939426,0.989386,0.787301,0.581287,0.993315,0.010416,0.004512,0.097308,0.004218,0.050000,0,0,0,0,0
horse_circle,hinge2_restart_importnet_unconstrained,nonorm1p25,400,421.441,0.240475,0.779443,0.575122,0.983764,5,0.00000000,0,0.030778,0.050502,0.011054,0.955934,0.922858,0.989009,0.799403,0.604167,0.994639,0.013077,0.004542,0.094380,0.003833,0.050000,0,0,0,0,0
horse_circle,hinge2_restart_importnet_unconstrained,nonorm1p25,425,428.484,0.236875,0.785841,0.588121,0.983561,5,0.00000069,0,0.029882,0.049107,0.010657,0.957835,0.926278,0.989393,0.805522,0.617001,0.994043,0.013631,0.004407,0.092039,0.003851,0.050000,0,0,0,0,0
horse_circle,hinge2_restart_importnet_unconstrained,nonorm1p25,450,474.385,0.228587,0.788973,0.591277,0.986669,5,0.00000035,0,0.026432,0.044922,0.007943,0.962148,0.932220,0.992077,0.806172,0.617839,0.994506,0.012871,0.003353,0.091038,0.002975,0.050000,0,0,0,0,0
horse_circle,hinge2_restart_importnet_unconstrained,nonorm1p25,475,481.424,0.224838,0.791095,0.592982,0.989208,5,0.00000001,0,0.025048,0.044271,0.005825,0.963729,0.933277,0.994180,0.807102,0.619234,0.994970,0.012282,0.003138,0.090352,0.002791,0.050000,0,0,0,0,0
horse_circle,hinge2_restart_importnet_unconstrained,nonorm1p25,500,527.271,0.223239,0.792622,0.596432,0.988812,5,0.00000024,0,0.024178,0.042597,0.005759,0.965067,0.935890,0.994243,0.808172,0.621838,0.994506,0.012264,0.003042,0.089698,0.002789,0.050000,0,0,0,0,0
horse_circle,hinge2_restart_importnet_unconstrained,nonorm1p25,525,534.273,0.213322,0.814638,0.644541,0.984735,5,0.00000016,0,0.031995,0.053664,0.010326,0.958248,0.926767,0.989728,0.837016,0.679129,0.994903,0.014982,0.004194,0.079190,0.003502,0.050000,0,0,0,0,0
horse_circle,hinge2_restart_importnet_unconstrained,nonorm1p25,550,579.944,0.205835,0.810575,0.635115,0.986036,5,0.00000016,0,0.026051,0.042504,0.009598,0.965065,0.939678,0.990451,0.828804,0.662109,0.995499,0.011995,0.003514,0.080580,0.002951,0.050000,0,0,0,0,0
horse_circle,hinge2_restart_importnet_unconstrained,nonorm1p25,575,586.975,0.210873,0.803485,0.620945,0.986024,5,0.00000019,0,0.024783,0.040830,0.008737,0.965936,0.940579,0.991292,0.820468,0.646298,0.994639,0.011594,0.003423,0.083655,0.003011,0.050000,0,0,0,0,0
horse_circle,hinge2_restart_importnet_unconstrained,nonorm1p25,600,632.748,0.212146,0.802836,0.619836,0.985835,5,0.00000002,0,0.026988,0.044643,0.009333,0.963104,0.935501,0.990708,0.821272,0.647507,0.995036,0.011930,0.003519,0.083779,0.002983,0.050000,0,0,0,0,0
horse_circle,hinge2_restart_importnet_unconstrained,nonorm1p25,625,639.564,0.210528,0.802592,0.617863,0.987322,5,0.00000000,0,0.023430,0.039249,0.007612,0.967402,0.942397,0.992407,0.818475,0.642113,0.994837,0.011179,0.003304,0.084304,0.002856,0.050000,0,0,0,0,0
horse_circle,hinge2_restart_importnet_unconstrained,nonorm1p25,650,685.161,0.210959,0.803040,0.620637,0.985443,5,0.00000001,0,0.024324,0.039249,0.009399,0.966640,0.942640,0.990639,0.819851,0.644996,0.994705,0.011188,0.003655,0.083795,0.003131,0.050000,0,0,0,0,0
horse_circle,hinge2_restart_importnet_unconstrained,nonorm1p25,675,692.204,0.209623,0.804573,0.619549,0.989596,5,0.00000003,0,0.024052,0.042876,0.005229,0.966270,0.937770,0.994771,0.820442,0.646112,0.994771,0.011920,0.002848,0.083837,0.002515,0.050000,0,0,0,0,0
horse_circle,hinge2_restart_importnet_unconstrained,nonorm1p25,700,737.875,0.211412,0.805627,0.626395,0.984858,5,0.00000003,0,0.025685,0.041574,0.009796,0.965171,0.940096,0.990246,0.823471,0.652437,0.994506,0.011881,0.003906,0.082677,0.003295,0.050000,0,0,0,0,0
horse_circle,hinge2_restart_importnet_unconstrained,nonorm1p25,725,744.909,0.211752,0.807381,0.628615,0.986147,5,0.00000000,0,0.025090,0.042039,0.008141,0.965785,0.939693,0.991877,0.824608,0.655041,0.994175,0.011937,0.004192,0.082120,0.003595,0.050000,0,0,0,0,0
horse_circle,hinge2_restart_importnet_unconstrained,nonorm1p25,750,790.656,0.206044,0.811487,0.636760,0.986214,5,0.00000002,0,0.027109,0.045945,0.008274,0.963608,0.935467,0.991748,0.830195,0.666016,0.994374,0.012430,0.003515,0.080077,0.003013,0.050000,0,0,0,0,0
horse_circle,hinge2_restart_importnet_unconstrained,nonorm1p25,775,797.675,0.200738,0.815207,0.641403,0.989011,5,0.00000002,0,0.023872,0.041853,0.005891,0.967587,0.941061,0.994113,0.831542,0.668248,0.994837,0.011918,0.002941,0.079215,0.002580,0.050000,0,0,0,0,0
horse_circle,hinge2_restart_importnet_unconstrained,nonorm1p25,800,843.414,0.199043,0.815991,0.642978,0.989004,5,0.00000000,0,0.023527,0.041760,0.005295,0.968009,0.941315,0.994702,0.832035,0.669829,0.994241,0.011624,0.002951,0.078586,0.002718,0.050000,0,0,0,0,0
horse_circle,hinge2_restart_importnet_unconstrained,nonorm1p25,825,850.430,0.194064,0.820425,0.655280,0.985570,5,0.00000008,0,0.024610,0.040086,0.009134,0.967676,0.944452,0.990899,0.838060,0.681548,0.994572,0.010985,0.003690,0.075498,0.003190,0.050000,0,0,0,0,0
horse_circle,hinge2_restart_importnet_unconstrained,nonorm1p25,850,896.199,0.181270,0.830493,0.672181,0.988805,5,0.00000000,0,0.019788,0.034412,0.005163,0.973837,0.952842,0.994832,0.844612,0.695312,0.993911,0.010069,0.002888,0.071691,0.002749,0.050000,0,0,0,0,0
horse_circle,hinge2_restart_importnet_unconstrained,nonorm1p25,875,903.201,0.171503,0.842759,0.696842,0.988676,5,0.00000000,0,0.022537,0.039714,0.005361,0.971335,0.948035,0.994635,0.859247,0.724516,0.993977,0.010643,0.002993,0.065894,0.002812,0.050000,0,0,0,0,0
horse_circle,hinge2_restart_importnet_unconstrained,nonorm1p25,900,948.750,0.157155,0.861451,0.736110,0.986792,5,0.00000000,0,0.025078,0.042876,0.007281,0.969915,0.947103,0.992728,0.880824,0.767671,0.993977,0.011676,0.003229,0.056989,0.002956,0.050000,0,0,0,0,0
horse_circle,hinge2_restart_importnet_unconstrained,nonorm1p25,925,955.802,0.158316,0.865423,0.743019,0.987827,5,0.00000006,0,0.027579,0.049200,0.005957,0.967338,0.940635,0.994041,0.886644,0.779576,0.993712,0.013395,0.003051,0.055719,0.002883,0.050000,0,0,0,0,0
horse_circle,hinge2_restart_importnet_unconstrained,nonorm1p25,950,1001.460,0.159093,0.862584,0.739542,0.985627,5,0.00000000,0,0.025614,0.042690,0.008539,0.969513,0.947543,0.991483,0.882578,0.771112,0.994043,0.011817,0.003814,0.056710,0.003299,0.050000,0,0,0,0,0
horse_circle,hinge2_restart_importnet_unconstrained,nonorm1p25,975,1008.483,0.160757,0.854770,0.724560,0.984980,5,0.00000000,0,0.021866,0.034598,0.009134,0.973388,0.955882,0.990894,0.871802,0.749628,0.993977,0.009846,0.003937,0.059693,0.003457,0.050000,0,0,0,0,0
horse_circle,hinge2_restart_importnet_unconstrained,nonorm1p25,1000,1054.208,0.159724,0.854408,0.722862,0.985953,5,0.00000000,0,0.020851,0.033296,0.008406,0.974471,0.957325,0.991616,0.870586,0.746931,0.994241,0.009515,0.003759,0.060025,0.003244,0.050000,0,0,0,0,0
horse_circle,hinge2_restart_importnet_unconstrained,nonorm1p25,1025,1061.230,0.159635,0.860995,0.733834,0.988157,5,0.00000000,0,0.023659,0.041295,0.006023,0.971354,0.948730,0.993977,0.879123,0.764137,0.994109,0.011804,0.003247,0.058072,0.002932,0.050000,0,0,0,0,0
horse_circle,hinge2_restart_importnet_unconstrained,nonorm1p25,1050,1106.899,0.151862,0.869465,0.750045,0.988885,5,0.00000001,0,0.025034,0.043713,0.006354,0.970385,0.947114,0.993655,0.889000,0.782831,0.995168,0.011786,0.003414,0.054034,0.002897,0.050000,0,0,0,0,0
horse_circle,hinge2_restart_importnet_unconstrained,nonorm1p25,1075,1113.922,0.152977,0.868180,0.747611,0.988749,5,0.00000013,0,0.023672,0.041388,0.005957,0.971785,0.949524,0.994046,0.886596,0.778553,0.994639,0.011710,0.003219,0.054930,0.002897,0.050000,0,0,0,0,0
horse_circle,hinge2_restart_importnet_unconstrained,nonorm1p25,1100,1159.439,0.152952,0.866535,0.746026,0.987044,5,0.00000030,0,0.023951,0.041481,0.006420,0.971448,0.949318,0.993578,0.885176,0.776972,0.993381,0.011174,0.003395,0.054899,0.003365,0.050000,0,0,0,0,0
horse_circle,hinge2_restart_importnet_unconstrained,nonorm1p25,1125,1166.478,0.149421,0.866332,0.745611,0.987054,5,0.00000000,0,0.022767,0.038318,0.007215,0.972817,0.952839,0.992795,0.884178,0.774182,0.994175,0.010021,0.003546,0.054611,0.003140,0.050000,0,0,0,0,0
horse_circle,hinge2_restart_importnet_unconstrained,nonorm1p25,1150,1212.127,0.146871,0.868714,0.749797,0.987631,5,0.00000017,0,0.019520,0.033017,0.006023,0.976545,0.959116,0.993974,0.884067,0.774554,0.993580,0.009692,0.003219,0.054265,0.003031,0.050000,0,0,0,0,0
horse_circle,hinge2_restart_importnet_unconstrained,nonorm1p25,1175,1219.138,0.145440,0.870764,0.753236,0.988291,5,0.00000000,0,0.020410,0.034598,0.006222,0.975636,0.957491,0.993782,0.886868,0.779297,0.994440,0.009893,0.003307,0.053356,0.002863,0.050000,0,0,0,0,0
horse_circle,hinge2_restart_importnet_unconstrained,nonorm1p25,1200,1264.735,0.144799,0.871038,0.753781,0.988294,5,0.00000000,0,0.019798,0.033110,0.006487,0.976369,0.959216,0.993521,0.886722,0.778739,0.994705,0.009517,0.003442,0.053265,0.002936,0.050000,0,0,0,0,0
horse_circle,hinge2_restart_importnet_unconstrained,nonorm1p25,1225,1271.750,0.144314,0.871781,0.755073,0.988488,5,0.00000000,0,0.021061,0.035900,0.006222,0.974950,0.956116,0.993783,0.888409,0.782180,0.994639,0.009925,0.003315,0.052774,0.002833,0.050000,0,0,0,0,0
horse_circle,hinge2_restart_importnet_unconstrained,nonorm1p25,1250,1317.268,0.143109,0.873052,0.757879,0.988226,5,0.00000000,0,0.019606,0.032924,0.006288,0.976678,0.959640,0.993717,0.888636,0.782831,0.994440,0.009551,0.003427,0.052373,0.002960,0.050000,0,0,0,0,0
horse_circle,hinge2_restart_importnet_unconstrained,nonorm1p25,1275,1324.323,0.142633,0.874448,0.761316,0.987580,5,0.00000000,0,0.022474,0.037667,0.007281,0.973612,0.954489,0.992734,0.892382,0.789993,0.994771,0.010265,0.003403,0.051346,0.002887,0.050000,0,0,0,0,0
horse_circle,hinge2_restart_importnet_unconstrained,nonorm1p25,1300,1369.918,0.141653,0.874773,0.761319,0.988228,5,0.00000000,0,0.020881,0.035342,0.006420,0.975336,0.957086,0.993586,0.891399,0.788225,0.994572,0.009800,0.003368,0.051426,0.002940,0.050000,0,0,0,0,0
horse_circle,hinge2_restart_importnet_unconstrained,nonorm1p25,1325,1376.970,0.140697,0.875877,0.764378,0.987376,5,0.00000000,0,0.020037,0.033389,0.006685,0.976382,0.959444,0.993319,0.891938,0.789900,0.993977,0.009690,0.003336,0.050970,0.003097,0.050000,0,0,0,0,0
horse_circle,hinge2_restart_importnet_unconstrained,nonorm1p25,1350,1422.587,0.141703,0.874266,0.761217,0.987314,5,0.00000000,0,0.021737,0.036458,0.007016,0.974412,0.955831,0.992993,0.891605,0.788969,0.994241,0.009817,0.003433,0.051242,0.003047,0.050000,0,0,0,0,0
horse_circle,hinge2_restart_importnet_unconstrained,nonorm1p25,1375,1429.655,0.139757,0.875196,0.762170,0.988221,5,0.00000000,0,0.020710,0.035528,0.005891,0.975516,0.956924,0.994109,0.891646,0.789249,0.994043,0.009662,0.003103,0.051090,0.002833,0.050000,0,0,0,0,0
horse_circle,hinge2_restart_importnet_unconstrained,nonorm1p25,1400,1475.140,0.149140,0.871392,0.759271,0.983512,5,0.00000120,0,0.023728,0.035807,0.011649,0.972440,0.956453,0.988427,0.890714,0.786458,0.994970,0.010397,0.004608,0.052165,0.003649,0.050000,0,0,0,0,0
horse_circle,hinge2_restart_importnet_unconstrained,nonorm1p25,1425,1482.236,0.144555,0.873500,0.763487,0.983512,5,0.00000067,0,0.022147,0.032645,0.011649,0.974334,0.960240,0.988427,0.891691,0.788411,0.994970,0.009434,0.004615,0.051072,0.003644,0.050000,0,0,0,0,0
horse_circle,hinge2_restart_importnet_unconstrained,nonorm1p25,1450,1528.354,0.139661,0.875658,0.762895,0.988421,5,0.00000001,0,0.019646,0.033203,0.006089,0.976746,0.959579,0.993914,0.891333,0.788225,0.994440,0.009601,0.003138,0.051154,0.002753,0.050000,0,0,0,0,0
horse_circle,hinge2_restart_importnet_unconstrained,nonorm1p25,1475,1535.396,0.148099,0.871620,0.759989,0.983250,5,0.00000003,0,0.023728,0.035807,0.011649,0.972458,0.956492,0.988424,0.890954,0.787202,0.994705,0.010310,0.004522,0.051847,0.003661,0.050000,0,0,0,0,0
horse_circle,hinge2_restart_importnet_unconstrained,nonorm1p25,1500,1581.677,0.146133,0.872717,0.762643,0.982791,5,0.00000000,0,0.021649,0.031715,0.011583,0.974869,0.961254,0.988483,0.890503,0.786830,0.994175,0.009274,0.004956,0.051172,0.004107,0.050000,0,0,0,0,0
horse_circle,hinge2_restart_importnet_unconstrained,nonorm1p25,1525,1588.684,0.138745,0.874681,0.760674,0.988689,5,0.00000000,0,0.019519,0.032552,0.006487,0.976864,0.960205,0.993524,0.890269,0.785435,0.995102,0.009108,0.003136,0.051489,0.002578,0.050000,0,0,0,0,0
horse_circle,hinge2_restart_importnet_unconstrained,nonorm1p25,1550,1634.300,0.142075,0.873418,0.762480,0.984356,5,0.00000000,0,0.021683,0.032180,0.011186,0.974802,0.960718,0.988887,0.891192,0.787016,0.995367,0.009462,0.003925,0.051212,0.003092,0.050000,0,0,0,0,0
horse_circle,hinge2_restart_importnet_unconstrained,nonorm1p25,1575,1641.314,0.139426,0.874954,0.761146,0.988762,5,0.00000000,0,0.019897,0.032645,0.007149,0.976498,0.960123,0.992873,0.890912,0.785993,0.995830,0.009043,0.003560,0.051256,0.002703,0.050000,0,0,0,0,0
horse_circle,hinge2_restart_importnet_unconstrained,nonorm1p25,1600,1686.777,0.142027,0.873931,0.759881,0.987981,5,0.00000000,0,0.021576,0.035342,0.007810,0.974613,0.957009,0.992217,0.891217,0.786737,0.995698,0.009235,0.004049,0.051286,0.003121,0.050000,0,0,0,0,0
horse_circle,hinge2_restart_importnet_unconstrained,nonorm1p25,1625,1693.807,0.139968,0.875936,0.765963,0.985909,5,0.00000000,0,0.020589,0.031250,0.009929,0.976035,0.961944,0.990127,0.892799,0.789900,0.995698,0.009376,0.003822,0.050582,0.002904,0.050000,0,0,0,0,0
horse_circle,hinge2_restart_importnet_unconstrained,nonorm1p25,1650,1740.105,0.145460,0.874886,0.765533,0.984238,5,0.00000000,0,0.021695,0.031343,0.012047,0.974934,0.961817,0.988051,0.892811,0.789528,0.996095,0.009067,0.005508,0.050508,0.004004,0.050000,0,0,0,0,0
horse_circle,hinge2_restart_importnet_unconstrained,nonorm1p25,1675,1747.133,0.143460,0.874318,0.764271,0.984365,5,0.00000000,0,0.021562,0.031343,0.011782,0.975033,0.961757,0.988309,0.892094,0.788225,0.995962,0.008822,0.005082,0.050573,0.003777,0.050000,0,0,0,0,0
horse_circle,hinge2_restart_importnet_unconstrained,nonorm1p25,1700,1792.710,0.144237,0.873273,0.762646,0.983899,5,0.00000000,0,0.022307,0.033296,0.011319,0.974107,0.959461,0.988753,0.891538,0.788039,0.995036,0.008870,0.005081,0.050654,0.004026,0.050000,0,0,0,0,0
horse_circle,hinge2_restart_importnet_unconstrained,nonorm1p25,1725,1799.721,0.143450,0.875313,0.766787,0.983839,5,0.00000165,0,0.021078,0.030506,0.011649,0.975630,0.962829,0.988431,0.892740,0.790179,0.995301,0.008835,0.005162,0.050185,0.004044,0.050000,0,0,0,0,0
horse_circle,hinge2_restart_importnet_unconstrained,nonorm1p25,1750,1845.231,0.143911,0.875346,0.766267,0.984426,5,0.00000201,0,0.021058,0.030599,0.011517,0.975632,0.962698,0.988566,0.892739,0.789714,0.995764,0.008866,0.005228,0.050359,0.003978,0.050000,0,0,0,0,0
horse_circle,hinge2_restart_importnet_unconstrained,nonorm1p25,1775,1852.338,0.144110,0.874453,0.764281,0.984624,5,0.00000286,0,0.021124,0.030599,0.011649,0.975523,0.962605,0.988440,0.891881,0.787667,0.996095,0.008907,0.005157,0.050640,0.003833,0.050000,0,0,0,0,0
horse_circle,hinge2_restart_importnet_unconstrained,nonorm1p25,1800,1898.447,0.144044,0.873205,0.762966,0.983445,5,0.00000007,0,0.021337,0.031157,0.011517,0.975230,0.961906,0.988555,0.890754,0.786737,0.994771,0.008717,0.005143,0.050594,0.004104,0.050000,0,0,0,0,0
horse_circle,hinge2_restart_importnet_unconstrained,nonorm1p25,1825,1905.504,0.142680,0.874483,0.765062,0.983905,5,0.00000142,0,0.020659,0.029669,0.011649,0.976068,0.963705,0.988432,0.891564,0.787760,0.995367,0.008584,0.005151,0.050278,0.003893,0.050000,0,0,0,0,0
robot_man,hinge2_restart_importnet_unconstrained,nonorm1p25,1,0.528,0.646940,0.137382,0.053625,0.221139,5,0.00000000,0,0.163145,0.184949,0.141341,0.448370,0.255714,0.641026,0.157969,0.063543,0.252395,0.037857,0.011799,0.192012,0.069389,0.050000,0,0,0,0,0
robot_man,hinge2_restart_importnet_unconstrained,nonorm1p25,25,7.473,0.512300,0.189719,0.086558,0.292880,5,0.00000000,0,0.071710,0.085434,0.057986,0.683056,0.523747,0.842365,0.201908,0.093953,0.309863,0.017428,0.004799,0.169992,0.058374,0.050000,0,0,0,0,0
robot_man,hinge2_restart_importnet_unconstrained,nonorm1p25,50,48.139,0.458307,0.279703,0.136864,0.422542,5,0.00000139,0,0.058689,0.074666,0.042713,0.787455,0.663287,0.911623,0.293837,0.147083,0.440590,0.015161,0.003537,0.158895,0.046887,0.050000,0,0,0,0,0
robot_man,hinge2_restart_importnet_unconstrained,nonorm1p25,75,54.618,0.419496,0.343375,0.176967,0.509784,5,0.00006063,0,0.049171,0.066501,0.031841,0.841188,0.739453,0.942923,0.357376,0.188735,0.526016,0.013444,0.002554,0.150365,0.039364,0.050000,0,0,0,0,0
robot_man,hinge2_restart_importnet_unconstrained,nonorm1p25,100,98.094,0.363402,0.377057,0.229733,0.524381,5,0.00071800,1,0.020775,0.027571,0.013979,0.934903,0.895422,0.974383,0.383889,0.236067,0.531711,0.005577,0.001035,0.135715,0.037470,0.050000,0,0,0,0,0
robot_man,hinge2_restart_importnet_unconstrained,nonorm1p25,125,105.173,0.332877,0.417994,0.268290,0.567699,5,0.00036819,1,0.013564,0.015738,0.011390,0.962975,0.945402,0.980548,0.423339,0.272512,0.574165,0.003150,0.000796,0.127432,0.033945,0.050000,0,0,0,0,0
robot_man,hinge2_restart_importnet_unconstrained,nonorm1p25,150,148.639,0.305561,0.472957,0.336356,0.609558,5,0.00092945,1,0.018064,0.017749,0.018379,0.960975,0.950707,0.971243,0.481544,0.342326,0.620761,0.003543,0.001287,0.115650,0.030767,0.050000,0,0,0,0,0
robot_man,hinge2_restart_importnet_unconstrained,nonorm1p25,175,155.980,0.264121,0.543043,0.438982,0.647104,5,0.00094280,1,0.018501,0.018104,0.018897,0.966603,0.961069,0.972137,0.553131,0.446929,0.659332,0.003615,0.001365,0.097707,0.027799,0.050000,0,0,0,0,0
robot_man,hinge2_restart_importnet_unconstrained,nonorm1p25,200,199.616,0.216066,0.625516,0.577158,0.673874,5,0.00129816,1,0.022173,0.026742,0.017603,0.965897,0.956821,0.974972,0.639165,0.592593,0.685736,0.005289,0.001247,0.073914,0.025495,0.050000,0,0,0,0,0
robot_man,hinge2_restart_importnet_unconstrained,nonorm1p25,225,206.905,0.190616,0.681295,0.643029,0.719562,5,0.00180281,1,0.024602,0.032896,0.016309,0.965497,0.952809,0.978186,0.697739,0.664182,0.731297,0.006603,0.001271,0.062914,0.021919,0.050000,0,0,0,0,0
robot_man,hinge2_restart_importnet_unconstrained,nonorm1p25,250,250.323,0.181052,0.709741,0.662903,0.756579,5,0.00123920,1,0.030334,0.037629,0.023039,0.959613,0.948132,0.971095,0.730929,0.687848,0.774010,0.007613,0.001635,0.059555,0.018977,0.050000,0,0,0,0,0
robot_man,hinge2_restart_importnet_unconstrained,nonorm1p25,275,257.630,0.169219,0.735313,0.706815,0.763811,5,0.00265215,1,0.033403,0.045320,0.021486,0.957703,0.942206,0.973200,0.759535,0.738847,0.780223,0.009196,0.001500,0.052085,0.018226,0.050000,0,0,0,0,0
robot_man,hinge2_restart_importnet_unconstrained,nonorm1p25,300,301.284,0.165111,0.743377,0.717505,0.769250,5,0.00295509,1,0.033544,0.045083,0.022004,0.958030,0.943287,0.972774,0.768014,0.749852,0.786177,0.009160,0.001529,0.050231,0.017928,0.050000,0,0,0,0,0
robot_man,hinge2_restart_importnet_unconstrained,nonorm1p25,325,308.578,0.161482,0.750804,0.724169,0.777440,5,0.00266100,1,0.033984,0.046740,0.021227,0.957940,0.941920,0.973960,0.775980,0.758017,0.793943,0.009363,0.001478,0.048922,0.017336,0.050000,0,0,0,0,0
robot_man,hinge2_restart_importnet_unconstrained,nonorm1p25,350,352.062,0.158035,0.758926,0.730126,0.787725,5,0.00250413,1,0.034316,0.047923,0.020709,0.957973,0.941057,0.974890,0.784577,0.765117,0.804038,0.009639,0.001444,0.047908,0.016379,0.050000,0,0,0,0,0
robot_man,hinge2_restart_importnet_unconstrained,nonorm1p25,375,359.345,0.154889,0.766433,0.733070,0.799797,5,0.00240344,1,0.034054,0.046622,0.021486,0.958545,0.942716,0.974375,0.792114,0.767246,0.816982,0.009427,0.001501,0.047471,0.015472,0.050000,0,0,0,0,0
robot_man,hinge2_restart_importnet_unconstrained,nonorm1p25,400,402.573,0.153578,0.767234,0.736342,0.798126,5,0.00231820,1,0.034076,0.046148,0.022004,0.958606,0.943478,0.973733,0.793005,0.770323,0.815687,0.009319,0.001519,0.046892,0.015539,0.050000,0,0,0,0,0
robot_man,hinge2_restart_importnet_unconstrained,nonorm1p25,425,409.853,0.152466,0.768578,0.741512,0.795644,5,0.00225230,1,0.033910,0.045557,0.022262,0.958929,0.944501,0.973358,0.794325,0.775293,0.813357,0.009294,0.001583,0.046016,0.015833,0.050000,0,0,0,0,0
robot_man,hinge2_restart_importnet_unconstrained,nonorm1p25,450,453.524,0.153195,0.768373,0.742570,0.794177,5,0.00214020,1,0.034808,0.047095,0.022521,0.957952,0.942890,0.973015,0.794802,0.777541,0.812063,0.009622,0.001599,0.045868,0.015954,0.050000,0,0,0,0,0
robot_man,hinge2_restart_importnet_unconstrained,nonorm1p25,475,460.833,0.152070,0.769043,0.748024,0.790061,5,0.00219866,1,0.034564,0.048160,0.020968,0.958397,0.942130,0.974664,0.795338,0.784049,0.806627,0.009739,0.001509,0.044884,0.016321,0.050000,0,0,0,0,0
robot_man,hinge2_restart_importnet_unconstrained,nonorm1p25,500,505.627,0.156026,0.757350,0.754364,0.760335,5,0.00238425,1,0.035677,0.050645,0.020709,0.956974,0.939938,0.974009,0.784325,0.792569,0.776081,0.010325,0.001447,0.043933,0.018530,0.050000,0,0,0,0,0
robot_man,hinge2_restart_importnet_unconstrained,nonorm1p25,525,512.950,0.155430,0.760874,0.754100,0.767649,5,0.00219154,1,0.036391,0.053366,0.019415,0.956419,0.937046,0.975791,0.788448,0.794344,0.782552,0.010871,0.001228,0.044082,0.017742,0.050000,0,0,0,0,0
robot_man,hinge2_restart_importnet_unconstrained,nonorm1p25,550,556.365,0.154276,0.762578,0.756535,0.768620,5,0.00230082,1,0.033029,0.054668,0.011390,0.960719,0.935878,0.985560,0.787634,0.797894,0.777375,0.011156,0.000757,0.043692,0.017749,0.050000,0,0,0,0,0
robot_man,hinge2_restart_importnet_unconstrained,nonorm1p25,575,563.666,0.153083,0.764035,0.758052,0.770018,5,0.00226103,1,0.033170,0.054431,0.011908,0.960596,0.936244,0.984948,0.789250,0.799314,0.779187,0.011107,0.000792,0.043348,0.017528,0.050000,0,0,0,0,0
robot_man,hinge2_restart_importnet_unconstrained,nonorm1p25,600,607.131,0.153372,0.764091,0.759444,0.768739,5,0.00229683,1,0.033761,0.055615,0.011908,0.960025,0.935128,0.984923,0.789787,0.801680,0.777893,0.011265,0.000831,0.043111,0.017651,0.050000,0,0,0,0,0
robot_man,hinge2_restart_importnet_unconstrained,nonorm1p25,625,614.413,0.153000,0.766199,0.762775,0.769623,5,0.00238587,1,0.035880,0.055970,0.015791,0.957614,0.935027,0.980201,0.793621,0.805467,0.781776,0.011375,0.001008,0.042579,0.017607,0.050000,0,0,0,0,0
robot_man,hinge2_restart_importnet_unconstrained,nonorm1p25,650,657.780,0.150477,0.771406,0.769945,0.772867,5,0.00239349,1,0.035355,0.057508,0.013202,0.958725,0.934030,0.983420,0.798647,0.814223,0.783070,0.011699,0.000842,0.041279,0.017444,0.050000,0,0,0,0,0
robot_man,hinge2_restart_importnet_unconstrained,nonorm1p25,675,665.185,0.147616,0.778473,0.779737,0.777209,5,0.00216800,1,0.035669,0.060466,0.010872,0.959104,0.931858,0.986350,0.806272,0.826884,0.785659,0.012374,0.000792,0.039651,0.016941,0.050000,0,0,0,0,0
robot_man,hinge2_restart_importnet_unconstrained,nonorm1p25,700,709.153,0.144937,0.783529,0.787545,0.779513,5,0.00225183,1,0.036498,0.062123,0.010872,0.958628,0.930866,0.986390,0.812229,0.836469,0.787989,0.012593,0.000768,0.038198,0.016781,0.050000,0,0,0,0,0
robot_man,hinge2_restart_importnet_unconstrained,nonorm1p25,725,716.465,0.143866,0.787112,0.791982,0.782242,5,0.00223327,1,0.037123,0.062596,0.011649,0.958131,0.930768,0.985493,0.816456,0.841557,0.791354,0.012826,0.000842,0.037484,0.016582,0.050000,0,0,0,0,0
robot_man,hinge2_restart_importnet_unconstrained,nonorm1p25,750,759.710,0.145266,0.787333,0.792180,0.782487,5,0.00225849,1,0.039648,0.065318,0.013979,0.955425,0.928162,0.982687,0.818674,0.843924,0.793425,0.013349,0.000850,0.037546,0.016547,0.050000,0,0,0,0,0
robot_man,hinge2_restart_importnet_unconstrained,nonorm1p25,775,767.053,0.144301,0.788460,0.793287,0.783632,5,0.00196484,1,0.038446,0.064726,0.012167,0.956857,0.928822,0.984892,0.818900,0.844634,0.793166,0.013235,0.000850,0.037372,0.016485,0.050000,0,0,0,0,0
robot_man,hinge2_restart_importnet_unconstrained,nonorm1p25,800,810.415,0.143972,0.788618,0.792801,0.784434,5,0.00211718,1,0.038106,0.065081,0.011131,0.957301,0.928441,0.986160,0.818782,0.844397,0.793166,0.013233,0.000763,0.037351,0.016400,0.050000,0,0,0,0,0
robot_man,hinge2_restart_importnet_unconstrained,nonorm1p25,825,817.737,0.143181,0.790127,0.795288,0.784965,5,0.00222351,1,0.038576,0.064726,0.012426,0.956797,0.928989,0.984606,0.820741,0.846764,0.794719,0.013191,0.000830,0.036944,0.016342,0.050000,0,0,0,0,0
robot_man,hinge2_restart_importnet_unconstrained,nonorm1p25,850,861.190,0.142789,0.791240,0.794934,0.787545,5,0.00224101,1,0.037648,0.065199,0.010096,0.957987,0.928507,0.987468,0.821130,0.846764,0.795496,0.013222,0.000774,0.036925,0.016190,0.050000,0,0,0,0,0
robot_man,hinge2_restart_importnet_unconstrained,nonorm1p25,875,868.478,0.143430,0.790550,0.795003,0.786098,5,0.00220892,1,0.039249,0.065554,0.012943,0.956089,0.928173,0.984005,0.821696,0.847119,0.796272,0.013335,0.000827,0.036975,0.016264,0.050000,0,0,0,0,0
robot_man,hinge2_restart_importnet_unconstrained,nonorm1p25,900,911.824,0.143978,0.792172,0.794075,0.790269,5,0.00218847,1,0.038687,0.066501,0.010872,0.956883,0.927193,0.986573,0.822872,0.846882,0.798861,0.013619,0.000826,0.037244,0.015923,0.050000,0,0,0,0,0
robot_man,hinge2_restart_importnet_unconstrained,nonorm1p25,925,919.152,0.143265,0.794024,0.795051,0.792998,5,0.00223712,1,0.039663,0.066383,0.012943,0.955765,0.927388,0.984142,0.825545,0.847829,0.803262,0.013591,0.000879,0.037112,0.015650,0.050000,0,0,0,0,0
robot_man,hinge2_restart_importnet_unconstrained,nonorm1p25,950,962.653,0.143627,0.793114,0.794317,0.791912,5,0.00224318,1,0.038709,0.066028,0.011390,0.956821,0.927664,0.985978,0.823848,0.846764,0.800932,0.013529,0.000832,0.037201,0.015877,0.050000,0,0,0,0,0
robot_man,hinge2_restart_importnet_unconstrained,nonorm1p25,975,969.950,0.142559,0.795859,0.797404,0.794314,5,0.00230500,1,0.038557,0.066501,0.010614,0.957213,0.927475,0.986951,0.826588,0.850432,0.802744,0.013629,0.000832,0.036680,0.015718,0.050000,0,0,0,0,0
robot_man,hinge2_restart_importnet_unconstrained,nonorm1p25,1000,1013.287,0.144596,0.794181,0.795417,0.792945,5,0.00204882,1,0.040776,0.068868,0.012684,0.954758,0.925068,0.984449,0.826599,0.850195,0.803003,0.014005,0.000906,0.037049,0.015893,0.050000,0,0,0,0,0
robot_man,hinge2_restart_importnet_unconstrained,nonorm1p25,1025,1020.617,0.144181,0.794216,0.795699,0.792733,5,0.00221640,1,0.039548,0.067448,0.011649,0.956058,0.926433,0.985682,0.825667,0.849367,0.801967,0.013797,0.000920,0.037065,0.015854,0.050000,0,0,0,0,0
robot_man,hinge2_restart_importnet_unconstrained,nonorm1p25,1050,1064.178,0.144268,0.794398,0.796565,0.792231,5,0.00203217,1,0.040432,0.067921,0.012943,0.955093,0.926060,0.984127,0.826577,0.850669,0.802485,0.013943,0.000960,0.036890,0.015904,0.050000,0,0,0,0,0
robot_man,hinge2_restart_importnet_unconstrained,nonorm1p25,1075,1071.546,0.145131,0.796359,0.796038,0.796679,5,0.00212146,1,0.041342,0.069223,0.013461,0.954195,0.924788,0.983601,0.829273,0.851142,0.807404,0.014210,0.001089,0.037095,0.015605,0.050000,0,0,0,0,0
robot_man,hinge2_restart_importnet_unconstrained,nonorm1p25,1100,1115.080,0.144209,0.795410,0.796852,0.793967,5,0.00224794,1,0.040184,0.067684,0.012684,0.955388,0.926308,0.984469,0.827413,0.850787,0.804038,0.013900,0.001009,0.036840,0.015842,0.050000,0,0,0,0,0
robot_man,hinge2_restart_importnet_unconstrained,nonorm1p25,1125,1122.377,0.142527,0.795739,0.802904,0.788574,5,0.00229876,1,0.041231,0.067448,0.015014,0.954316,0.927045,0.981587,0.828736,0.857058,0.800414,0.013763,0.001112,0.035615,0.016250,0.050000,0,0,0,0,0
robot_man,hinge2_restart_importnet_unconstrained,nonorm1p25,1150,1165.724,0.142273,0.797991,0.804145,0.791837,5,0.00233013,1,0.041161,0.067566,0.014755,0.954503,0.927038,0.981968,0.830999,0.858478,0.803521,0.013823,0.001194,0.035439,0.016112,0.050000,0,0,0,0,0
robot_man,hinge2_restart_importnet_unconstrained,nonorm1p25,1175,1173.058,0.142973,0.794299,0.803704,0.784894,5,0.00254417,1,0.040735,0.066974,0.014497,0.954838,0.927557,0.982120,0.826902,0.857532,0.796272,0.013587,0.001188,0.035495,0.016632,0.050000,0,0,0,0,0
robot_man,hinge2_restart_importnet_unconstrained,nonorm1p25,1200,1216.689,0.143102,0.791774,0.802018,0.781530,5,0.00222623,2,0.039678,0.067448,0.011908,0.956068,0.926970,0.985166,0.823474,0.856112,0.790836,0.013679,0.000916,0.035757,0.016771,0.050000,0,0,0,0,0
robot_man,hinge2_restart_importnet_unconstrained,nonorm1p25,1225,1224.068,0.141745,0.790434,0.803403,0.777465,5,0.00248693,1,0.037503,0.064134,0.010872,0.958286,0.930218,0.986355,0.820423,0.854928,0.785918,0.013063,0.000879,0.035493,0.017081,0.050000,0,0,0,0,0
robot_man,hinge2_restart_importnet_unconstrained,nonorm1p25,1250,1267.650,0.142751,0.792842,0.802709,0.782975,5,0.00255917,1,0.039238,0.065791,0.012684,0.956422,0.928590,0.984254,0.824214,0.855520,0.792907,0.013388,0.000993,0.035667,0.016836,0.050000,0,0,0,0,0
robot_man,hinge2_restart_importnet_unconstrained,nonorm1p25,1275,1275.108,0.142200,0.793223,0.805571,0.780874,5,0.00250841,1,0.039345,0.066264,0.012426,0.956453,0.928380,0.984526,0.824764,0.858952,0.790577,0.013539,0.000950,0.035175,0.016936,0.050000,0,0,0,0,0
robot_man,hinge2_restart_importnet_unconstrained,nonorm1p25,1300,1318.499,0.141507,0.795242,0.805574,0.784910,5,0.00245335,1,0.038920,0.065673,0.012167,0.956927,0.928937,0.984917,0.826469,0.858478,0.794460,0.013518,0.000966,0.035251,0.016539,0.050000,0,0,0,0,0
robot_man,hinge2_restart_importnet_unconstrained,nonorm1p25,1325,1325.811,0.141821,0.795373,0.804702,0.786043,5,0.00247208,1,0.039829,0.066974,0.012684,0.955977,0.927640,0.984315,0.827305,0.858597,0.796013,0.013561,0.001030,0.035303,0.016504,0.050000,0,0,0,0,0
robot_man,hinge2_restart_importnet_unconstrained,nonorm1p25,1350,1369.380,0.141646,0.797241,0.805882,0.788599,5,0.00247393,1,0.039415,0.066146,0.012684,0.956441,0.928517,0.984365,0.828895,0.859188,0.798602,0.013643,0.000993,0.035271,0.016391,0.050000,0,0,0,0,0
robot_man,hinge2_restart_importnet_unconstrained,nonorm1p25,1375,1376.664,0.140988,0.798380,0.805722,0.791037,5,0.00254132,1,0.038983,0.067093,0.010872,0.957100,0.927614,0.986586,0.829709,0.859780,0.799638,0.013727,0.000917,0.035183,0.016116,0.050000,0,0,0,0,0
robot_man,hinge2_restart_importnet_unconstrained,nonorm1p25,1400,1420.039,0.142677,0.794933,0.802926,0.786940,5,0.00246573,1,0.039219,0.067566,0.010872,0.956726,0.926935,0.986517,0.826336,0.857177,0.795496,0.013793,0.000899,0.035712,0.016398,0.050000,0,0,0,0,0
robot_man,hinge2_restart_importnet_unconstrained,nonorm1p25,1425,1427.359,0.140899,0.797376,0.805858,0.788895,5,0.00255088,1,0.039134,0.066619,0.011649,0.956842,0.928070,0.985614,0.828814,0.859543,0.798084,0.013640,0.000920,0.035162,0.016194,0.050000,0,0,0,0,0
robot_man,hinge2_restart_importnet_unconstrained,nonorm1p25,1450,1470.820,0.141483,0.799037,0.806248,0.791826,5,0.00264230,1,0.040809,0.068158,0.013461,0.955082,0.926662,0.983503,0.831842,0.861200,0.802485,0.013926,0.001037,0.035078,0.016035,0.050000,0,0,0,0,0
robot_man,hinge2_restart_importnet_unconstrained,nonorm1p25,1475,1478.107,0.140251,0.798616,0.805682,0.791549,5,0.00253407,1,0.038568,0.066264,0.010872,0.957492,0.928389,0.986594,0.829613,0.859070,0.800155,0.013621,0.000821,0.035211,0.015976,0.050000,0,0,0,0,0
robot_man,hinge2_restart_importnet_unconstrained,nonorm1p25,1500,1521.463,0.140616,0.797023,0.804707,0.789339,5,0.00249898,1,0.040403,0.065791,0.015014,0.955180,0.928754,0.981605,0.829420,0.857650,0.801191,0.013498,0.000952,0.035303,0.016069,0.050000,0,0,0,0,0
robot_man,hinge2_restart_importnet_unconstrained,nonorm1p25,1525,1528.776,0.141111,0.797866,0.805343,0.790389,5,0.00254902,1,0.040066,0.067448,0.012684,0.955825,0.927250,0.984400,0.830038,0.859662,0.800414,0.013790,0.000932,0.035289,0.015971,0.050000,0,0,0,0,0
robot_man,hinge2_restart_importnet_unconstrained,nonorm1p25,1550,1572.191,0.141430,0.799533,0.804475,0.794590,5,0.00262607,1,0.041327,0.068158,0.014497,0.954423,0.926512,0.982334,0.832708,0.859307,0.806109,0.013850,0.001047,0.035364,0.015810,0.050000,0,0,0,0,0
robot_man,hinge2_restart_importnet_unconstrained,nonorm1p25,1575,1579.490,0.141242,0.799464,0.803589,0.795338,5,0.00251550,1,0.039386,0.068158,0.010614,0.956702,0.926437,0.986968,0.831070,0.858360,0.803779,0.013892,0.000904,0.035494,0.015751,0.050000,0,0,0,0,0
robot_man,hinge2_restart_importnet_unconstrained,nonorm1p25,1600,1622.991,0.140614,0.801141,0.805300,0.796983,5,0.00257852,1,0.039818,0.067211,0.012426,0.956151,0.927468,0.984834,0.833155,0.859425,0.806886,0.013803,0.000999,0.035297,0.015604,0.050000,0,0,0,0,0
robot_man,hinge2_restart_importnet_unconstrained,nonorm1p25,1625,1630.310,0.140801,0.800031,0.804410,0.795652,5,0.00259764,1,0.039985,0.067803,0.012167,0.955978,0.926839,0.985117,0.832142,0.858952,0.805333,0.013805,0.000964,0.035331,0.015700,0.050000,0,0,0,0,0
robot_man,hinge2_restart_importnet_unconstrained,nonorm1p25,1650,1673.660,0.140325,0.800544,0.805232,0.795856,5,0.00251367,1,0.039678,0.067448,0.011908,0.956335,0.927240,0.985429,0.832438,0.859543,0.805333,0.013752,0.000990,0.035175,0.015680,0.050000,0,0,0,0,0
robot_man,hinge2_restart_importnet_unconstrained,nonorm1p25,1675,1680.949,0.140058,0.801453,0.805876,0.797031,5,0.00252952,1,0.039360,0.067329,0.011390,0.956736,0.927405,0.986067,0.833122,0.860135,0.806109,0.013782,0.000927,0.035164,0.015593,0.050000,0,0,0,0,0
robot_man,hinge2_restart_importnet_unconstrained,nonorm1p25,1700,1724.617,0.141131,0.800560,0.805316,0.795803,5,0.00245754,1,0.040081,0.068513,0.011649,0.955994,0.926251,0.985737,0.832782,0.860490,0.805074,0.014013,0.000953,0.035282,0.015715,0.050000,0,0,0,0,0
robot_man,hinge2_restart_importnet_unconstrained,nonorm1p25,1725,1731.955,0.139956,0.799466,0.803641,0.795292,5,0.00252206,1,0.038838,0.066028,0.011649,0.957086,0.928443,0.985728,0.830630,0.856703,0.804556,0.013410,0.000884,0.035350,0.015877,0.050000,0,0,0,0,0
robot_man,hinge2_restart_importnet_unconstrained,nonorm1p25,1750,1775.467,0.139710,0.800890,0.806634,0.795147,5,0.00258435,1,0.040040,0.066619,0.013461,0.955852,0.928134,0.983570,0.833111,0.860372,0.805850,0.013528,0.001117,0.034884,0.015761,0.050000,0,0,0,0,0
robot_man,hinge2_restart_importnet_unconstrained,nonorm1p25,1775,1782.840,0.139861,0.801607,0.807812,0.795402,5,0.00255821,1,0.039922,0.066383,0.013461,0.956014,0.928453,0.983575,0.833773,0.861437,0.806109,0.013587,0.001127,0.034793,0.015849,0.050000,0,0,0,0,0
robot_man,hinge2_restart_importnet_unconstrained,nonorm1p25,1800,1826.585,0.139808,0.800199,0.808657,0.791741,5,0.00258580,1,0.040839,0.066146,0.015532,0.954897,0.928744,0.981049,0.833092,0.862146,0.804038,0.013512,0.001188,0.034601,0.016023,0.050000,0,0,0,0,0
robot_man,hinge2_restart_importnet_unconstrained,nonorm1p25,1825,1833.940,0.137673,0.801101,0.809836,0.792366,5,0.00253770,1,0.040384,0.063424,0.017344,0.955171,0.931405,0.978937,0.833655,0.861200,0.806109,0.012857,0.001344,0.034185,0.016011,0.050000,0,0,0,0,0
robot_man,hinge2_restart_importnet_unconstrained,nonorm1p25,1850,1877.681,0.136323,0.799917,0.811809,0.788025,5,0.00255845,1,0.038080,0.060111,0.016050,0.957531,0.934713,0.980349,0.830641,0.860608,0.800673,0.012277,0.001346,0.033803,0.016434,0.050000,0,0,0,0,0
robot_man,hinge2_restart_importnet_unconstrained,nonorm1p25,1875,1885.024,0.136713,0.799117,0.809646,0.788589,5,0.00255549,1,0.038092,0.059875,0.016309,0.957417,0.934777,0.980057,0.829786,0.858123,0.801450,0.012188,0.001278,0.034155,0.016475,0.050000,0,0,0,0,0
robot_man,hinge2_restart_importnet_unconstrained,nonorm1p25,1900,1928.453,0.135920,0.798502,0.812179,0.784826,5,0.00243130,1,0.039619,0.059046,0.020192,0.955582,0.935762,0.975402,0.830404,0.860135,0.800673,0.012094,0.001344,0.033766,0.016546,0.050000,0,0,0,0,0
robot_man,hinge2_restart_importnet_unconstrained,nonorm1p25,1925,1935.788,0.134299,0.799817,0.812081,0.787554,5,0.00247744,1,0.036439,0.057863,0.015014,0.959229,0.936895,0.981564,0.829224,0.859070,0.799379,0.011814,0.001128,0.033772,0.016333,0.050000,0,0,0,0,0
robot_man,hinge2_restart_importnet_unconstrained,nonorm1p25,1950,1979.330,0.134073,0.799882,0.812102,0.787663,5,0.00246712,1,0.036757,0.057981,0.015532,0.958867,0.936782,0.980952,0.829542,0.859188,0.799896,0.011738,0.001178,0.033682,0.016346,0.050000,0,0,0,0,0
robot_man,hinge2_restart_importnet_unconstrained,nonorm1p25,1975,1986.661,0.134382,0.798900,0.811849,0.785951,5,0.00244498,1,0.036823,0.056561,0.017085,0.958607,0.938139,0.979074,0.828574,0.857768,0.799379,0.011575,0.001290,0.033792,0.016461,0.050000,0,0,0,0,0
robot_man,hinge2_restart_importnet_unconstrained,nonorm1p25,2000,2030.019,0.134912,0.800493,0.811606,0.789380,5,0.00252366,1,0.036158,0.058336,0.013979,0.959619,0.936404,0.982835,0.829683,0.858952,0.800414,0.011840,0.001188,0.033797,0.016492,0.050000,0,0,0,0,0
robot_man,hinge2_restart_importnet_unconstrained,nonorm1p25,2025,2037.359,0.134086,0.798951,0.813514,0.784389,5,0.00238309,1,0.037933,0.057745,0.018121,0.957463,0.937113,0.977813,0.829546,0.860490,0.798602,0.011781,0.001159,0.033516,0.016518,0.050000,0,0,0,0,0
robot_man,hinge2_restart_importnet_unconstrained,nonorm1p25,2050,2081.070,0.134681,0.798845,0.809657,0.788034,5,0.00244506,1,0.035558,0.058691,0.012426,0.960291,0.935917,0.984665,0.827501,0.857177,0.797826,0.011850,0.001003,0.034066,0.016353,0.050000,0,0,0,0,0
robot_man,hinge2_restart_importnet_unconstrained,nonorm1p25,2075,2088.424,0.134537,0.798390,0.810354,0.786425,5,0.00246969,1,0.036357,0.058218,0.014497,0.959290,0.936426,0.982154,0.827679,0.857532,0.797826,0.011799,0.001053,0.033947,0.016392,0.050000,0,0,0,0,0
robot_man,hinge2_restart_importnet_unconstrained,nonorm1p25,2100,2132.239,0.134148,0.798527,0.810793,0.786261,5,0.00251378,1,0.035318,0.056916,0.013720,0.960398,0.937719,0.983078,0.826994,0.856940,0.797049,0.011660,0.001009,0.033939,0.016419,0.050000,0,0,0,0,0
robot_man,hinge2_restart_importnet_unconstrained,nonorm1p25,2125,2139.561,0.134693,0.796992,0.809220,0.784765,5,0.00225265,1,0.035096,0.057508,0.012684,0.960660,0.937030,0.984290,0.825238,0.855757,0.794719,0.011689,0.000997,0.034147,0.016554,0.050000,0,0,0,0,0
robot_man,hinge2_restart_importnet_unconstrained,nonorm1p25,2150,2183.107,0.135414,0.796367,0.808991,0.783742,5,0.00182872,1,0.035392,0.058100,0.012684,0.960355,0.936440,0.984270,0.824839,0.855993,0.793684,0.011877,0.000975,0.034286,0.016717,0.050000,0,0,0,0,0
robot_man,hinge2_restart_importnet_unconstrained,nonorm1p25,2175,2190.452,0.135533,0.796962,0.809817,0.784108,5,0.00209932,1,0.035769,0.058336,0.013202,0.959963,0.936272,0.983654,0.825759,0.857058,0.794460,0.011978,0.001002,0.034178,0.016628,0.050000,0,0,0,0,0
robot_man,hinge2_restart_importnet_unconstrained,nonorm1p25,2200,2234.239,0.134890,0.796426,0.810620,0.782231,5,0.00211278,1,0.036217,0.058455,0.013979,0.959449,0.936217,0.982681,0.825585,0.858005,0.793166,0.011825,0.001072,0.033850,0.016733,0.050000,0,0,0,0,0
robot_man,hinge2_restart_importnet_unconstrained,nonorm1p25,2225,2241.602,0.134129,0.797091,0.812605,0.781577,5,0.00213482,1,0.035766,0.057035,0.014497,0.959890,0.937734,0.982046,0.825929,0.858952,0.792907,0.011635,0.001083,0.033620,0.016800,0.050000,0,0,0,0,0
robot_man,hinge2_restart_importnet_unconstrained,nonorm1p25,2250,2285.279,0.133041,0.798891,0.813529,0.784254,5,0.00217895,1,0.034623,0.056561,0.012684,0.961269,0.938259,0.984280,0.826872,0.859543,0.794201,0.011535,0.001033,0.033406,0.016642,0.050000,0,0,0,0,0
robot_man,hinge2_restart_importnet_unconstrained,nonorm1p25,2275,2292.651,0.133965,0.797365,0.812388,0.782342,5,0.00203334,1,0.035470,0.056443,0.014497,0.960178,0.938292,0.982063,0.825963,0.858242,0.793684,0.011595,0.001085,0.033660,0.016761,0.050000,0,0,0,0,0
robot_man,hinge2_restart_importnet_unconstrained,nonorm1p25,2300,2336.413,0.135956,0.795941,0.809684,0.782198,5,0.00187069,1,0.036616,0.058218,0.015014,0.958908,0.936377,0.981440,0.825382,0.856822,0.793943,0.011897,0.001171,0.034143,0.016846,0.050000,0,0,0,0,0
robot_man,hinge2_restart_importnet_unconstrained,nonorm1p25,2325,2343.772,0.134246,0.798552,0.813451,0.783653,5,0.00229506,1,0.035425,0.057390,0.013461,0.960392,0.937452,0.983333,0.827168,0.860135,0.794201,0.011786,0.001065,0.033502,0.016754,0.050000,0,0,0,0,0
robot_man,hinge2_restart_importnet_unconstrained,nonorm1p25,2350,2387.519,0.134526,0.797179,0.811017,0.783342,5,0.00223320,1,0.035059,0.056916,0.013202,0.960686,0.937735,0.983638,0.825430,0.857177,0.793684,0.011682,0.000997,0.033949,0.016682,0.050000,0,0,0,0,0
robot_man,hinge2_restart_importnet_unconstrained,nonorm1p25,2375,2394.879,0.134731,0.795777,0.809833,0.781721,5,0.00200294,1,0.035270,0.056561,0.013979,0.960332,0.937995,0.982670,0.824143,0.855638,0.792648,0.011641,0.001002,0.034171,0.016690,0.050000,0,0,0,0,0
robot_man,hinge2_restart_importnet_unconstrained,nonorm1p25,2400,2438.559,0.134309,0.796569,0.810563,0.782575,5,0.00216629,1,0.035355,0.057508,0.013202,0.960375,0.937128,0.983622,0.825042,0.857177,0.792907,0.011683,0.000932,0.033934,0.016694,0.050000,0,0,0,0,0
robot_man,hinge2_restart_importnet_unconstrained,nonorm1p25,2425,2445.913,0.134086,0.796701,0.810372,0.783031,5,0.00220976,1,0.034693,0.056443,0.012943,0.961046,0.938148,0.983943,0.824639,0.856112,0.793166,0.011531,0.000965,0.033933,0.016716,0.050000,0,0,0,0,0
robot_man,hinge2_restart_importnet_unconstrained,nonorm1p25,2450,2489.485,0.134592,0.795362,0.808627,0.782097,5,0.00202403,1,0.034127,0.056088,0.012167,0.961616,0.938370,0.984863,0.822797,0.853982,0.791613,0.011494,0.000914,0.034303,0.016775,0.050000,0,0,0,0,0
robot_man,hinge2_restart_importnet_unconstrained,nonorm1p25,2475,2496.734,0.135619,0.794312,0.808415,0.780209,5,0.00193424,1,0.037496,0.057390,0.017603,0.957698,0.937087,0.978309,0.824376,0.854810,0.793943,0.011660,0.001098,0.034310,0.016876,0.050000,0,0,0,0,0
robot_man,hinge2_restart_importnet_unconstrained,nonorm1p25,2500,2540.086,0.134474,0.792897,0.808670,0.777124,5,0.00142552,1,0.033987,0.056325,0.011649,0.961770,0.938142,0.985399,0.820197,0.854218,0.786177,0.011434,0.000851,0.034237,0.017144,0.050000,0,0,0,0,0
robot_man,hinge2_restart_importnet_unconstrained,nonorm1p25,2525,2547.183,0.136080,0.794897,0.808496,0.781298,5,0.00165540,1,0.035828,0.058455,0.013202,0.959828,0.936060,0.983596,0.823685,0.855757,0.791613,0.011999,0.000993,0.034413,0.016808,0.050000,0,0,0,0,0
robot_man,hinge2_restart_importnet_unconstrained,nonorm1p25,2550,2591.214,0.136244,0.792740,0.807645,0.777835,5,0.00136617,1,0.036206,0.058691,0.013720,0.959333,0.935768,0.982898,0.821777,0.855047,0.788506,0.011900,0.000976,0.034437,0.017113,0.050000,0,0,0,0,0
