pair,arm,config,step,seconds,loss,mean_iou,view1_iou,view2_iou,patches,overlap,overlap_repaired_pairs,mean_spill,view1_spill,view2_spill,mean_precision,view1_precision,view2_precision,mean_coverage,view1_coverage,view2_coverage,view1_negative_space,view2_negative_space,view1_silhouette,view2_silhouette,lambda_count,total_adds,total_splits,total_deletes,count_active,target_reached
sun_moon,srd,aw0p125,1,1.506,1.038163,0.222100,0.192103,0.252096,20,0.00000000,0,0.178666,0.179343,0.177989,0.591704,0.558158,0.625251,0.261761,0.226556,0.296966,0.040547,0.035845,0.767418,0.697771,0.050000,0,0,0,0,0
sun_moon,srd,aw0p125,25,27.096,0.753620,0.354638,0.344553,0.364723,20,0.00000000,0,0.085112,0.084918,0.085306,0.818792,0.814885,0.822700,0.384824,0.373812,0.395836,0.018869,0.017129,0.619661,0.599591,0.050000,0,0,0,0,0
sun_moon,srd,aw0p125,50,193.622,0.598346,0.479683,0.490951,0.468414,20,0.00003800,1,0.068386,0.074546,0.062225,0.882515,0.876189,0.888842,0.512555,0.527550,0.497561,0.016365,0.012488,0.466785,0.499032,0.050000,0,0,0,0,0
sun_moon,srd,aw0p125,75,220.143,0.498248,0.571606,0.581891,0.561320,20,0.00025298,2,0.066214,0.079840,0.052588,0.902765,0.887262,0.918269,0.609594,0.628349,0.590839,0.017435,0.010435,0.367812,0.405369,0.050000,0,0,0,0,0
sun_moon,srd,aw0p125,100,388.602,0.446615,0.622216,0.612202,0.632230,20,0.00041729,3,0.066433,0.083729,0.049137,0.909485,0.887941,0.931029,0.663379,0.663462,0.663296,0.018535,0.009804,0.332694,0.333238,0.050000,0,0,0,0,0
sun_moon,srd,aw0p125,125,414.987,0.397293,0.676194,0.620982,0.731406,20,0.00267338,2,0.072549,0.095722,0.049375,0.908114,0.876670,0.939557,0.723971,0.680424,0.767519,0.021162,0.009741,0.314975,0.228643,0.050000,0,0,0,0,0
sun_moon,srd,aw0p125,150,585.002,0.365655,0.707460,0.634228,0.780692,20,0.00310260,3,0.073555,0.094641,0.052469,0.910004,0.880033,0.939976,0.757953,0.694252,0.821654,0.020870,0.010377,0.301817,0.175174,0.050000,0,0,0,0,0
sun_moon,srd,aw0p125,175,611.847,0.354755,0.714749,0.636669,0.792830,20,0.00112506,0,0.070571,0.092481,0.048662,0.913675,0.882643,0.944707,0.763479,0.695549,0.831410,0.020576,0.009569,0.301197,0.165579,0.050000,0,0,0,0,0
sun_moon,srd,aw0p125,200,781.301,0.333581,0.732618,0.639779,0.825458,20,0.00073670,3,0.068943,0.092913,0.044973,0.916576,0.882706,0.950446,0.780902,0.699222,0.862582,0.020656,0.008611,0.296590,0.135405,0.050000,0,0,0,0,0
sun_moon,srd,aw0p125,225,807.777,0.313891,0.748894,0.653640,0.844147,20,0.00045345,2,0.064489,0.089239,0.039738,0.922652,0.888619,0.956685,0.794831,0.711971,0.877692,0.019926,0.007826,0.285028,0.120101,0.050000,0,0,0,0,0
sun_moon,srd,aw0p125,250,973.793,0.304871,0.759222,0.668644,0.849800,20,0.00023059,0,0.065925,0.092589,0.039262,0.922477,0.887518,0.957436,0.806859,0.730553,0.883165,0.020771,0.007746,0.266188,0.115092,0.050000,0,0,0,0,0
sun_moon,srd,aw0p125,275,999.370,0.283408,0.769719,0.677591,0.861847,20,0.00042003,3,0.057443,0.078003,0.036883,0.931939,0.903515,0.960363,0.812040,0.730445,0.893635,0.017392,0.007188,0.265580,0.104005,0.050000,0,0,0,0,0
sun_moon,srd,aw0p125,300,1165.585,0.265835,0.780847,0.686549,0.875145,20,0.00063632,1,0.050713,0.072277,0.029149,0.939624,0.910597,0.968650,0.818413,0.736171,0.900654,0.015859,0.005638,0.260956,0.097846,0.050000,0,0,0,0,0
sun_moon,srd,aw0p125,325,1191.260,0.252883,0.791315,0.697454,0.885177,20,0.00066340,4,0.047481,0.069144,0.025818,0.943748,0.915142,0.972353,0.826855,0.745678,0.908031,0.015506,0.004928,0.251141,0.090220,0.050000,0,0,0,0,0
sun_moon,srd,aw0p125,350,1350.044,0.249139,0.790367,0.700874,0.879861,19,0.00093924,3,0.045635,0.063310,0.027960,0.945857,0.921700,0.970014,0.824854,0.745246,0.904462,0.013787,0.005302,0.250945,0.093307,0.050000,0,0,1,0,0
sun_moon,srd,aw0p125,375,1374.401,0.246965,0.797409,0.712057,0.882761,19,0.00058945,4,0.047683,0.066335,0.029030,0.944343,0.919655,0.969032,0.833840,0.759291,0.908388,0.015005,0.005847,0.237272,0.089016,0.050000,0,0,1,0,0
sun_moon,srd,aw0p125,400,1530.696,0.238630,0.803152,0.715704,0.890600,19,0.00053651,4,0.047028,0.066335,0.027722,0.945317,0.920031,0.970603,0.839235,0.763181,0.915289,0.014660,0.005509,0.232387,0.082768,0.050000,0,0,1,0,0
sun_moon,srd,aw0p125,425,1554.883,0.232678,0.810826,0.722868,0.898784,19,0.00054563,3,0.047768,0.068172,0.027365,0.945046,0.918874,0.971218,0.847763,0.772148,0.923379,0.015417,0.005157,0.225118,0.074877,0.050000,0,0,1,0,0
sun_moon,srd,aw0p125,450,1711.537,0.229309,0.815589,0.727264,0.903915,19,0.00057772,3,0.047777,0.071521,0.024033,0.945315,0.915937,0.974693,0.852459,0.779278,0.925640,0.016257,0.004639,0.218228,0.072412,0.050000,0,0,1,0,0
sun_moon,srd,aw0p125,475,1736.089,0.222989,0.822518,0.731830,0.913205,19,0.00054077,4,0.047928,0.073250,0.022606,0.945530,0.914696,0.976365,0.859643,0.785436,0.933849,0.016857,0.004340,0.211730,0.063916,0.050000,0,0,1,0,0
sun_moon,srd,aw0p125,500,1893.263,0.217728,0.825750,0.731982,0.919519,19,0.00043157,2,0.047418,0.076275,0.018560,0.946148,0.911728,0.980568,0.862199,0.787813,0.936585,0.017040,0.003512,0.209688,0.060744,0.050000,0,0,1,0,0
sun_moon,srd,aw0p125,525,1917.798,0.213408,0.829529,0.736863,0.922195,19,0.00038195,3,0.045072,0.073250,0.016895,0.948766,0.915229,0.982303,0.864307,0.790838,0.937775,0.016610,0.003368,0.206623,0.059833,0.050000,0,0,1,0,0
sun_moon,srd,aw0p125,550,2075.435,0.214198,0.829081,0.736012,0.922149,19,0.00032026,3,0.045909,0.075519,0.016300,0.947906,0.912908,0.982905,0.864387,0.791595,0.937180,0.016891,0.003274,0.205694,0.060931,0.050000,0,0,1,0,0
sun_moon,srd,aw0p125,575,2100.283,0.216208,0.830108,0.734753,0.925462,19,0.00036435,3,0.048686,0.080596,0.016776,0.945164,0.907844,0.982484,0.867479,0.793971,0.940988,0.017980,0.003407,0.203792,0.057013,0.050000,0,0,1,0,0
sun_moon,srd,aw0p125,600,2256.879,0.221952,0.827212,0.730370,0.924054,19,0.00028258,3,0.051438,0.081461,0.021416,0.942161,0.906510,0.977813,0.866854,0.789866,0.943843,0.018408,0.004174,0.207891,0.054963,0.050000,0,0,1,0,0
sun_moon,srd,aw0p125,625,2281.422,0.224413,0.826160,0.729961,0.922360,19,0.00021157,3,0.052804,0.085026,0.020583,0.940829,0.903055,0.978602,0.866686,0.792027,0.941344,0.019329,0.003996,0.205171,0.056757,0.050000,0,0,1,0,0
sun_moon,srd,aw0p125,650,2440.187,0.233690,0.821673,0.726552,0.916793,19,0.00019751,2,0.056614,0.090860,0.022368,0.936921,0.897151,0.976692,0.864933,0.792567,0.937299,0.020607,0.004568,0.204414,0.061293,0.050000,0,0,1,0,0
sun_moon,srd,aw0p125,675,2465.136,0.226695,0.822600,0.732457,0.912742,19,0.00014260,2,0.056768,0.085458,0.028079,0.936946,0.902945,0.970947,0.866711,0.795052,0.938370,0.018455,0.005561,0.202090,0.058977,0.050000,0,0,1,0,0
sun_moon,srd,aw0p125,700,2620.311,0.223867,0.824069,0.741523,0.906615,18,0.00014687,1,0.056705,0.073790,0.039619,0.937424,0.915187,0.959661,0.869387,0.796240,0.942534,0.016416,0.007600,0.200516,0.054878,0.050000,0,0,2,0,0
sun_moon,srd,aw0p125,725,2644.044,0.202961,0.834619,0.752766,0.916473,18,0.00020266,3,0.044325,0.064499,0.024152,0.950209,0.925505,0.974913,0.869963,0.801318,0.938608,0.014362,0.004582,0.195282,0.058807,0.050000,0,0,2,0,0
sun_moon,srd,aw0p125,750,2785.439,0.208260,0.833442,0.750101,0.916783,17,0.00012780,1,0.046410,0.069144,0.023676,0.948009,0.920625,0.975393,0.870228,0.801966,0.938489,0.015584,0.004606,0.195135,0.059685,0.050000,0,0,3,0,0
sun_moon,srd,aw0p125,775,2807.636,0.207608,0.833776,0.752520,0.915032,17,0.00013423,1,0.048361,0.071737,0.024985,0.946184,0.918317,0.974052,0.872199,0.806504,0.937894,0.015888,0.004774,0.190731,0.059001,0.050000,0,0,3,0,0
sun_moon,srd,aw0p125,800,2948.598,0.204116,0.837283,0.754179,0.920386,17,0.00031276,1,0.048247,0.072818,0.023676,0.946459,0.917432,0.975487,0.875637,0.809097,0.942177,0.015909,0.004628,0.187891,0.055611,0.050000,0,0,3,0,0
sun_moon,srd,aw0p125,825,2970.712,0.200827,0.840098,0.756038,0.924158,17,0.00025330,2,0.046713,0.069036,0.024390,0.948095,0.921305,0.974884,0.877465,0.808232,0.946698,0.015586,0.004637,0.188828,0.050689,0.050000,0,0,3,0,0
sun_moon,srd,aw0p125,850,3107.919,0.195394,0.842693,0.757763,0.927624,17,0.00020219,1,0.045329,0.068172,0.022487,0.949580,0.922319,0.976841,0.878952,0.809421,0.948483,0.014981,0.004373,0.187606,0.048067,0.050000,0,0,3,0,0
sun_moon,srd,aw0p125,875,3129.807,0.195182,0.843755,0.758457,0.929053,17,0.00019032,1,0.044865,0.066768,0.022963,0.950089,0.923770,0.976409,0.879742,0.809097,0.950387,0.014945,0.004450,0.188113,0.046827,0.050000,0,0,3,0,0
sun_moon,srd,aw0p125,900,3263.801,0.192377,0.844451,0.757634,0.931268,16,0.00024024,1,0.043171,0.068496,0.017847,0.951754,0.921988,0.981520,0.878709,0.809529,0.947888,0.015169,0.003306,0.187503,0.049114,0.050000,0,0,4,0,0
sun_moon,srd,aw0p125,925,3284.710,0.188728,0.847068,0.759477,0.934658,16,0.00023977,1,0.041875,0.065903,0.017847,0.953153,0.924719,0.981586,0.880434,0.809529,0.951338,0.014568,0.003375,0.187646,0.045922,0.050000,0,0,4,0,0
sun_moon,srd,aw0p125,950,3415.870,0.188256,0.847212,0.760881,0.933544,16,0.00026205,3,0.040913,0.064931,0.016895,0.954163,0.925812,0.982514,0.879801,0.810285,0.949316,0.014513,0.003180,0.187065,0.047534,0.050000,0,0,4,0,0
sun_moon,srd,aw0p125,975,3436.741,0.186456,0.848119,0.763957,0.932281,16,0.00027427,2,0.038876,0.060501,0.017252,0.956323,0.930512,0.982134,0.879271,0.810177,0.948364,0.013743,0.003330,0.187038,0.048910,0.050000,0,0,4,0,0
sun_moon,srd,aw0p125,1000,3566.505,0.185348,0.848910,0.763064,0.934755,16,0.00024216,1,0.040210,0.064715,0.015705,0.954975,0.926222,0.983728,0.880940,0.812446,0.949435,0.014244,0.002978,0.185330,0.047250,0.050000,0,0,4,0,0
sun_moon,srd,aw0p125,1025,3587.072,0.185450,0.848005,0.764987,0.931022,16,0.00020046,2,0.038708,0.061474,0.015943,0.956523,0.929623,0.983424,0.878940,0.812014,0.945866,0.013828,0.002951,0.185261,0.051120,0.050000,0,0,4,0,0
sun_moon,srd,aw0p125,1050,3718.533,0.190186,0.846406,0.760821,0.931991,16,0.00021061,2,0.042349,0.068280,0.016419,0.952732,0.922502,0.982963,0.880032,0.812770,0.947293,0.015135,0.003077,0.184575,0.049802,0.050000,0,0,4,0,0
sun_moon,srd,aw0p125,1075,3739.275,0.191306,0.845798,0.760522,0.931075,16,0.00017573,0,0.041419,0.067848,0.014991,0.953641,0.922897,0.984385,0.878577,0.812122,0.945033,0.015186,0.002905,0.185441,0.052193,0.050000,0,0,4,0,0
sun_moon,srd,aw0p125,1100,3873.983,0.189868,0.846179,0.758767,0.933591,16,0.00014473,4,0.043322,0.069036,0.017609,0.951684,0.921566,0.981803,0.880590,0.811150,0.950030,0.014926,0.003253,0.186695,0.047402,0.050000,0,0,4,0,0
sun_moon,srd,aw0p125,1125,3895.130,0.189410,0.844838,0.756474,0.933201,16,0.00024466,3,0.041324,0.063850,0.018798,0.953552,0.926493,0.980611,0.877759,0.804775,0.950744,0.013951,0.003391,0.192534,0.047204,0.050000,0,0,4,0,0
sun_moon,srd,aw0p125,1150,4029.171,0.187771,0.846586,0.757748,0.935423,16,0.00023858,2,0.040108,0.063202,0.017014,0.954844,0.927257,0.982430,0.878489,0.805640,0.951338,0.014043,0.003215,0.191609,0.045530,0.050000,0,0,4,0,0
sun_moon,srd,aw0p125,1175,4050.348,0.187408,0.847175,0.758414,0.935936,16,0.00025046,3,0.041707,0.065687,0.017728,0.953283,0.924836,0.981729,0.880380,0.808232,0.952528,0.014388,0.003251,0.188694,0.044661,0.050000,0,0,4,0,0
sun_moon,srd,aw0p125,1200,4180.567,0.183052,0.850139,0.763335,0.936943,16,0.00028714,2,0.038238,0.061366,0.015110,0.956976,0.929590,0.984362,0.880639,0.810177,0.951101,0.013600,0.002919,0.187398,0.046161,0.050000,0,0,4,0,0
sun_moon,srd,aw0p125,1225,4201.230,0.179288,0.851927,0.763477,0.940377,16,0.00025807,2,0.037941,0.060177,0.015705,0.957311,0.930799,0.983824,0.882283,0.809421,0.955146,0.013185,0.002862,0.187597,0.042239,0.050000,0,0,4,0,0
sun_moon,srd,aw0p125,1250,4334.654,0.181563,0.850985,0.765181,0.936789,16,0.00026172,2,0.035672,0.056828,0.014515,0.959649,0.934340,0.984957,0.879526,0.808665,0.950387,0.012990,0.002858,0.189198,0.046776,0.050000,0,0,4,0,0
sun_moon,srd,aw0p125,1275,4355.837,0.180562,0.852315,0.766259,0.938371,16,0.00030208,1,0.037660,0.059853,0.015467,0.957693,0.931359,0.984028,0.882504,0.812122,0.952885,0.013420,0.002848,0.185759,0.044800,0.050000,0,0,4,0,0
sun_moon,srd,aw0p125,1300,4492.392,0.182262,0.850188,0.763139,0.937237,16,0.00020314,3,0.037363,0.058665,0.016062,0.957858,0.932303,0.983413,0.880099,0.807908,0.952290,0.013346,0.002925,0.188787,0.045285,0.050000,0,0,4,0,0
sun_moon,srd,aw0p125,1325,4513.933,0.182825,0.851259,0.766197,0.936322,16,0.00028518,2,0.036839,0.057260,0.016419,0.958511,0.933981,0.983040,0.880882,0.810069,0.951695,0.013181,0.003304,0.187480,0.045890,0.050000,0,0,4,0,0
sun_moon,srd,aw0p125,1350,4645.147,0.175610,0.854799,0.765849,0.943750,15,0.00028522,2,0.032768,0.056612,0.008923,0.962665,0.934614,0.990716,0.880688,0.809205,0.952171,0.012863,0.001824,0.188473,0.044849,0.050000,0,0,5,0,0
sun_moon,srd,aw0p125,1375,4665.384,0.178095,0.852761,0.763909,0.941613,15,0.00026659,3,0.035497,0.060285,0.010708,0.959800,0.930726,0.988874,0.880828,0.809961,0.951695,0.013413,0.001916,0.187722,0.045457,0.050000,0,0,5,0,0
sun_moon,srd,aw0p125,1400,4794.492,0.175730,0.852901,0.762278,0.943523,15,0.00020503,2,0.035735,0.060285,0.011184,0.959501,0.930588,0.988414,0.881154,0.808232,0.954075,0.012971,0.001890,0.188605,0.043685,0.050000,0,0,5,0,0
sun_moon,srd,aw0p125,1425,4814.734,0.177099,0.852077,0.766071,0.938082,15,0.00015446,2,0.030439,0.052074,0.008804,0.965046,0.939310,0.990782,0.876153,0.805964,0.946341,0.012011,0.001853,0.191446,0.051626,0.050000,0,0,5,0,0
sun_moon,srd,aw0p125,1450,4940.843,0.181354,0.849135,0.762324,0.935947,15,0.00017643,1,0.033433,0.056396,0.010470,0.961802,0.934554,0.989051,0.875531,0.805315,0.945747,0.012762,0.002011,0.192163,0.052116,0.050000,0,0,5,0,0
sun_moon,srd,aw0p125,1475,4960.857,0.182743,0.844878,0.765675,0.924082,15,0.00016406,1,0.030100,0.049373,0.010827,0.965325,0.942108,0.988542,0.868783,0.803479,0.934087,0.011451,0.002072,0.193248,0.063830,0.050000,0,0,5,0,0
sun_moon,srd,aw0p125,1500,5088.901,0.176609,0.848931,0.764512,0.933349,15,0.00013936,1,0.029158,0.051534,0.006782,0.966296,0.939758,0.992835,0.871795,0.803911,0.939679,0.011456,0.001292,0.193380,0.057662,0.050000,0,0,5,0,0
sun_moon,srd,aw0p125,1525,5108.914,0.180933,0.847335,0.761029,0.933640,15,0.00014914,2,0.033654,0.057908,0.009399,0.961512,0.932899,0.990125,0.873757,0.805099,0.942415,0.012310,0.001903,0.192498,0.055451,0.050000,0,0,5,0,0
sun_moon,srd,aw0p125,1550,5239.064,0.176645,0.851413,0.762993,0.939833,15,0.00019902,2,0.032190,0.053911,0.010470,0.963132,0.937169,0.989095,0.876900,0.804127,0.949673,0.012026,0.002004,0.192795,0.047974,0.050000,0,0,5,0,0
sun_moon,srd,aw0p125,1575,5259.250,0.172243,0.858430,0.764109,0.952750,15,0.00021250,1,0.033515,0.054775,0.012255,0.961908,0.936362,0.987453,0.885195,0.805964,0.964426,0.012572,0.002346,0.191334,0.033511,0.050000,0,0,5,0,0
sun_moon,srd,aw0p125,1600,5389.431,0.172931,0.858476,0.763534,0.953417,15,0.00026417,1,0.034557,0.057692,0.011422,0.960810,0.933325,0.988294,0.885946,0.807584,0.964307,0.013109,0.002249,0.189498,0.033136,0.050000,0,0,5,0,0
sun_moon,srd,aw0p125,1625,5409.722,0.173046,0.856998,0.760708,0.953289,15,0.00027770,2,0.036545,0.061906,0.011184,0.958675,0.928820,0.988531,0.885875,0.807800,0.963950,0.013085,0.002209,0.189618,0.033736,0.050000,0,0,5,0,0
sun_moon,srd,aw0p125,1650,5539.071,0.173079,0.857330,0.760659,0.954000,15,0.00025449,2,0.036496,0.061690,0.011303,0.958727,0.929033,0.988420,0.886184,0.807584,0.964783,0.013170,0.002219,0.189710,0.032982,0.050000,0,0,5,0,0
sun_moon,srd,aw0p125,1675,5559.283,0.168986,0.860678,0.761807,0.959548,15,0.00027176,2,0.034303,0.056828,0.011779,0.961041,0.934069,0.988013,0.887975,0.805099,0.970851,0.012617,0.002259,0.191638,0.026944,0.050000,0,0,5,0,0
sun_moon,srd,aw0p125,1700,5687.191,0.174758,0.858586,0.756918,0.960254,15,0.00023911,2,0.038787,0.065795,0.011779,0.956307,0.924591,0.988022,0.889142,0.806720,0.971565,0.014556,0.002041,0.190232,0.026172,0.050000,0,0,5,0,0
sun_moon,srd,aw0p125,1725,5707.316,0.170460,0.859764,0.760905,0.958622,15,0.00024475,2,0.036102,0.060069,0.012136,0.959169,0.930691,0.987647,0.888434,0.806612,0.970256,0.012887,0.002385,0.191000,0.027404,0.050000,0,0,5,0,0
sun_moon,srd,aw0p125,1750,5835.291,0.167951,0.861409,0.761316,0.961502,15,0.00022046,2,0.032432,0.057368,0.007496,0.962899,0.933475,0.992322,0.886850,0.804991,0.968709,0.012893,0.001472,0.191797,0.028874,0.050000,0,0,5,0,0
sun_moon,srd,aw0p125,1775,5855.075,0.169910,0.858794,0.760665,0.956922,15,0.00019231,2,0.033324,0.058557,0.008090,0.961945,0.932208,0.991683,0.884936,0.805207,0.964664,0.012917,0.001450,0.191827,0.032790,0.050000,0,0,5,0,0
sun_moon,srd,aw0p125,1800,5982.610,0.169537,0.858370,0.758800,0.957941,15,0.00024838,1,0.034378,0.058881,0.009875,0.960808,0.931721,0.989895,0.885440,0.803479,0.967400,0.012563,0.001947,0.192391,0.030260,0.050000,0,0,5,0,0
sun_moon,srd,aw0p125,1825,6002.353,0.169351,0.859527,0.761953,0.957101,15,0.00021195,2,0.033497,0.057476,0.009518,0.961831,0.933417,0.990245,0.885979,0.805748,0.966211,0.012890,0.001580,0.191306,0.031344,0.050000,0,0,5,0,0
sun_moon,srd,aw0p125,1850,6130.639,0.169221,0.860267,0.761345,0.959188,15,0.00023330,2,0.032865,0.057044,0.008685,0.962456,0.933810,0.991103,0.886147,0.804775,0.967519,0.012989,0.001497,0.192124,0.030102,0.050000,0,0,5,0,0
sun_moon,srd,aw0p125,1875,6150.296,0.176289,0.856908,0.757437,0.956378,15,0.00011584,1,0.036614,0.064067,0.009161,0.958480,0.926363,0.990597,0.885552,0.805964,0.965140,0.014416,0.001749,0.191390,0.031708,0.050000,0,0,5,0,0
sun_moon,srd,aw0p125,1900,6278.779,0.172760,0.858479,0.760555,0.956404,15,0.00016043,2,0.033220,0.059421,0.007020,0.962041,0.931319,0.992764,0.884432,0.805748,0.963117,0.013586,0.001355,0.191497,0.034266,0.050000,0,0,5,0,0
sun_moon,srd,aw0p125,1925,6298.544,0.172178,0.858107,0.759082,0.957133,15,0.00013566,1,0.033134,0.058773,0.007496,0.962071,0.931855,0.992287,0.884001,0.803695,0.964307,0.013269,0.001435,0.193186,0.033349,0.050000,0,0,5,0,0
sun_moon,srd,aw0p125,1950,6426.227,0.174924,0.856919,0.755682,0.958156,15,0.00015541,1,0.035683,0.064823,0.006544,0.959354,0.925447,0.993261,0.884547,0.804667,0.964426,0.014234,0.001285,0.192524,0.032959,0.050000,0,0,5,0,0
sun_moon,srd,aw0p125,1975,6446.309,0.174430,0.856492,0.758406,0.954578,15,0.00015977,1,0.034366,0.060285,0.008447,0.960780,0.930259,0.991301,0.883384,0.804127,0.962641,0.013490,0.001609,0.193092,0.034747,0.050000,0,0,5,0,0
sun_moon,srd,aw0p125,2000,6574.956,0.175617,0.854147,0.757751,0.950543,15,0.00014665,1,0.035371,0.062770,0.007971,0.959720,0.927691,0.991749,0.881718,0.805315,0.958120,0.013447,0.001561,0.191780,0.039184,0.050000,0,0,5,0,0
sun_moon,srd,aw0p125,2025,6595.111,0.177525,0.854550,0.757828,0.951271,15,0.00016497,1,0.034305,0.062662,0.005949,0.960814,0.927807,0.993822,0.881123,0.805315,0.956930,0.014102,0.001202,0.192337,0.040045,0.050000,0,0,5,0,0
sun_moon,srd,aw0p125,2050,6724.245,0.179243,0.853867,0.757758,0.949976,15,0.00016258,1,0.036366,0.061906,0.010827,0.958707,0.928563,0.988851,0.882464,0.804667,0.960262,0.013909,0.002103,0.192352,0.037814,0.050000,0,0,5,0,0
water_fire,srd,aw0p125,1,1.505,0.875831,0.285246,0.264280,0.306211,20,0.00019481,0,0.193900,0.180674,0.207126,0.637090,0.633299,0.640881,0.340832,0.312028,0.369636,0.024347,0.030608,0.684776,0.626968,0.050000,0,0,0,0,0
water_fire,srd,aw0p125,25,27.450,0.568052,0.492499,0.485688,0.499310,20,0.00013292,2,0.100132,0.078343,0.121921,0.845569,0.869880,0.821258,0.541962,0.523738,0.560186,0.010375,0.017898,0.473276,0.436457,0.050000,0,0,0,0,0
water_fire,srd,aw0p125,50,190.063,0.369408,0.671286,0.689060,0.653512,20,0.00015006,2,0.095738,0.068780,0.122696,0.885656,0.914583,0.856729,0.735074,0.736454,0.733695,0.008873,0.018068,0.259908,0.263165,0.050000,0,0,0,0,0
water_fire,srd,aw0p125,75,215.401,0.257928,0.771119,0.793109,0.749130,20,0.00047363,0,0.091955,0.071129,0.112781,0.901786,0.922741,0.880832,0.841570,0.849522,0.833617,0.009142,0.016267,0.148135,0.163788,0.050000,0,0,0,0,0
water_fire,srd,aw0p125,100,373.915,0.214858,0.806054,0.818424,0.793685,19,0.00021994,1,0.081492,0.068948,0.094036,0.914616,0.926946,0.902286,0.871586,0.874853,0.868319,0.008765,0.013394,0.122845,0.129288,0.050000,0,0,1,0,0
water_fire,srd,aw0p125,125,398.081,0.186314,0.832955,0.845572,0.820337,19,0.00031184,1,0.074663,0.064586,0.084741,0.923053,0.933055,0.913050,0.895019,0.900185,0.889853,0.008321,0.012343,0.098590,0.108287,0.050000,0,0,1,0,0
water_fire,srd,aw0p125,150,545.457,0.173707,0.842839,0.852946,0.832733,18,0.00034085,2,0.068680,0.062070,0.075290,0.929157,0.935875,0.922439,0.900659,0.905888,0.895430,0.007975,0.010963,0.092942,0.102491,0.050000,0,0,2,0,0
water_fire,srd,aw0p125,175,568.294,0.159262,0.854161,0.867314,0.841008,18,0.00010877,1,0.061524,0.053179,0.069868,0.936464,0.944984,0.927944,0.906602,0.913437,0.899768,0.006785,0.010025,0.085507,0.098384,0.050000,0,0,2,0,0
water_fire,srd,aw0p125,200,718.930,0.148192,0.864116,0.877410,0.850822,18,0.00021122,2,0.054283,0.044120,0.064446,0.943810,0.954053,0.933568,0.910888,0.916121,0.905655,0.005728,0.009466,0.082423,0.092116,0.050000,0,0,2,0,0
water_fire,srd,aw0p125,225,741.995,0.145056,0.867225,0.882797,0.851653,18,0.00006094,2,0.055884,0.043449,0.068319,0.942556,0.954957,0.930155,0.915496,0.921154,0.909837,0.005455,0.009909,0.078807,0.088310,0.050000,0,0,2,0,0
water_fire,srd,aw0p125,250,883.192,0.145676,0.867181,0.887242,0.847120,17,0.00005774,0,0.057279,0.041436,0.073122,0.941316,0.957081,0.925552,0.916534,0.924006,0.909063,0.005283,0.010650,0.075039,0.088763,0.050000,0,0,3,0,0
water_fire,srd,aw0p125,275,904.981,0.131162,0.880355,0.905930,0.854780,17,0.00041163,1,0.050200,0.032545,0.067854,0.948592,0.966378,0.930806,0.924097,0.935414,0.912781,0.004205,0.009875,0.063739,0.085364,0.050000,0,0,3,0,0
water_fire,srd,aw0p125,300,1046.169,0.124538,0.885051,0.906366,0.863736,17,0.00077436,1,0.046442,0.035565,0.057320,0.952217,0.963492,0.940942,0.925923,0.938601,0.913246,0.004509,0.008315,0.060438,0.084960,0.050000,0,0,3,0,0
water_fire,srd,aw0p125,325,1068.251,0.121256,0.887650,0.908328,0.866971,17,0.00077027,1,0.045505,0.039423,0.051588,0.953182,0.959918,0.946446,0.927917,0.944137,0.911696,0.004863,0.007514,0.055651,0.086768,0.050000,0,0,3,0,0
water_fire,srd,aw0p125,350,1202.891,0.123183,0.884060,0.904123,0.863998,16,0.00028882,2,0.045048,0.037578,0.052517,0.953444,0.961486,0.945402,0.923735,0.938098,0.909373,0.004681,0.007500,0.060475,0.088042,0.050000,0,0,4,0,0
water_fire,srd,aw0p125,375,1223.367,0.123608,0.886119,0.910092,0.862145,16,0.00029104,1,0.046520,0.035565,0.057475,0.952167,0.963636,0.940697,0.927078,0.942459,0.911696,0.004559,0.008294,0.057103,0.086888,0.050000,0,0,4,0,0
water_fire,srd,aw0p125,400,1351.963,0.126107,0.884773,0.911884,0.857662,16,0.00021184,1,0.052096,0.037578,0.066615,0.946962,0.961801,0.932123,0.930472,0.946150,0.914795,0.004709,0.009687,0.053009,0.083746,0.050000,0,0,4,0,0
water_fire,srd,aw0p125,425,1372.217,0.126081,0.884597,0.910310,0.858883,16,0.00018985,2,0.053123,0.038081,0.068164,0.946051,0.961263,0.930839,0.931202,0.944976,0.917428,0.004779,0.009863,0.053965,0.080791,0.050000,0,0,4,0,0
water_fire,srd,aw0p125,450,1499.065,0.120769,0.889308,0.912874,0.865741,16,0.00024304,1,0.048159,0.035900,0.060418,0.950839,0.963425,0.938252,0.931847,0.945647,0.918048,0.004481,0.008867,0.053826,0.080585,0.050000,0,0,4,0,0
water_fire,srd,aw0p125,475,1518.965,0.119444,0.890591,0.917288,0.863894,16,0.00027400,0,0.049883,0.034390,0.065376,0.949351,0.965023,0.933679,0.934603,0.948834,0.920372,0.004395,0.009470,0.049371,0.078213,0.050000,0,0,4,0,0
water_fire,srd,aw0p125,500,1649.093,0.114300,0.896461,0.926897,0.866026,16,0.00016938,0,0.047095,0.030364,0.063826,0.952198,0.969186,0.935210,0.938171,0.955041,0.921301,0.003981,0.009414,0.044063,0.077139,0.050000,0,0,4,0,0
water_fire,srd,aw0p125,525,1669.605,0.110160,0.898930,0.929793,0.868068,16,0.00023222,0,0.045682,0.029861,0.061503,0.953595,0.969759,0.937431,0.939507,0.957557,0.921456,0.003773,0.008922,0.041061,0.077373,0.050000,0,0,4,0,0
water_fire,srd,aw0p125,550,1797.034,0.109955,0.900388,0.930793,0.869983,16,0.00018795,0,0.047709,0.030196,0.065221,0.951860,0.969471,0.934250,0.942811,0.958900,0.926723,0.003983,0.009528,0.040036,0.071528,0.050000,0,0,4,0,1
water_fire,srd,aw0p125,575,1816.791,0.110012,0.899856,0.927762,0.871951,16,0.00029726,0,0.051406,0.035732,0.067080,0.948450,0.964147,0.932754,0.945677,0.960913,0.930442,0.004638,0.009638,0.036982,0.068418,0.050000,0,0,4,0,1
water_fire,srd,aw0p125,600,1941.572,0.112112,0.899073,0.920083,0.878063,16,0.00020988,1,0.054799,0.047475,0.062122,0.945301,0.953052,0.937549,0.948187,0.963764,0.932610,0.006277,0.009042,0.035458,0.065920,0.050000,0,0,4,0,1
water_fire,srd,aw0p125,625,1961.137,0.116572,0.895133,0.908110,0.882155,16,0.00019469,0,0.058960,0.057037,0.060883,0.941416,0.943913,0.938918,0.947885,0.959906,0.935864,0.007360,0.009006,0.038891,0.063056,0.050000,0,0,4,0,1
water_fire,srd,aw0p125,650,2078.377,0.119770,0.892319,0.905185,0.879453,16,0.00009395,1,0.061710,0.058044,0.065376,0.938817,0.942857,0.934776,0.947337,0.957725,0.936948,0.007552,0.009477,0.041184,0.061998,0.050000,0,0,4,0,1
water_fire,srd,aw0p125,675,2098.057,0.116468,0.893663,0.901621,0.885706,16,0.00014155,0,0.055029,0.055528,0.054531,0.944853,0.944870,0.944836,0.942845,0.951686,0.934005,0.007283,0.007843,0.046655,0.065069,0.050000,0,0,4,0,1
water_fire,srd,aw0p125,700,2224.254,0.116213,0.893488,0.903169,0.883806,16,0.00011018,1,0.053319,0.053347,0.053292,0.946378,0.946903,0.945852,0.941128,0.951350,0.930906,0.006995,0.007651,0.047555,0.067550,0.050000,0,0,4,0,1
water_fire,srd,aw0p125,725,2244.382,0.113702,0.896101,0.906858,0.885345,16,0.00012369,1,0.052874,0.051837,0.053912,0.946917,0.948457,0.945377,0.943471,0.953867,0.933075,0.006769,0.007811,0.044814,0.065776,0.050000,0,0,4,0,1
water_fire,srd,aw0p125,750,2369.388,0.111130,0.898254,0.913155,0.883353,16,0.00009725,1,0.053998,0.050830,0.057165,0.946005,0.949693,0.942317,0.946710,0.959571,0.933850,0.006580,0.008208,0.039037,0.064777,0.050000,0,0,4,0,1
water_fire,srd,aw0p125,775,2389.743,0.111784,0.898993,0.919583,0.878404,16,0.00010646,1,0.054477,0.045127,0.063826,0.945608,0.955152,0.936065,0.947775,0.961080,0.934469,0.005932,0.009232,0.037931,0.064175,0.050000,0,0,4,0,1
water_fire,srd,aw0p125,800,2513.950,0.112492,0.899370,0.924698,0.874041,16,0.00004727,2,0.056317,0.042610,0.070023,0.944009,0.957674,0.930344,0.949672,0.964100,0.935244,0.005461,0.010186,0.035499,0.064238,0.050000,0,0,4,0,1
water_fire,srd,aw0p125,825,2534.366,0.112274,0.899548,0.929136,0.869960,16,0.00010508,1,0.057505,0.039255,0.075755,0.943025,0.960935,0.925115,0.950737,0.965610,0.935864,0.005027,0.010930,0.033699,0.063046,0.050000,0,0,4,0,1
water_fire,srd,aw0p125,850,2661.033,0.105672,0.905313,0.937612,0.873014,16,0.00011987,1,0.052446,0.032545,0.072347,0.947871,0.967477,0.928264,0.952150,0.968126,0.936174,0.004119,0.010496,0.031312,0.062940,0.050000,0,0,4,0,1
water_fire,srd,aw0p125,875,2681.589,0.102670,0.906957,0.938805,0.875109,16,0.00009821,1,0.048632,0.028015,0.069249,0.951442,0.971791,0.931093,0.950408,0.965107,0.935709,0.003523,0.009980,0.034106,0.063071,0.050000,0,0,4,0,1
water_fire,srd,aw0p125,900,2812.758,0.100034,0.907720,0.937275,0.878166,16,0.00013787,1,0.044308,0.024325,0.064291,0.955464,0.975290,0.935639,0.947349,0.960074,0.934624,0.003072,0.009139,0.038085,0.064102,0.050000,0,0,4,0,1
water_fire,srd,aw0p125,925,2833.468,0.098112,0.909084,0.937296,0.880872,16,0.00006756,2,0.042952,0.027344,0.058559,0.956648,0.972387,0.940910,0.947691,0.962926,0.932455,0.003444,0.008385,0.035229,0.066266,0.050000,0,0,4,0,1
water_fire,srd,aw0p125,950,2961.866,0.102843,0.905041,0.933387,0.876694,16,0.00006848,3,0.047721,0.032545,0.062897,0.952052,0.967335,0.936770,0.947800,0.963764,0.931836,0.004006,0.008956,0.035086,0.066808,0.050000,0,0,4,0,1
water_fire,srd,aw0p125,975,2982.276,0.100024,0.908153,0.932588,0.883718,16,0.00010870,2,0.045190,0.035229,0.055151,0.954476,0.964795,0.944157,0.948949,0.965442,0.932455,0.004405,0.008064,0.033501,0.066644,0.050000,0,0,4,0,1
water_fire,srd,aw0p125,1000,3114.495,0.097005,0.909826,0.932424,0.887228,16,0.00005470,1,0.039749,0.032713,0.046785,0.959592,0.967144,0.952041,0.945832,0.962926,0.928737,0.004205,0.006798,0.036227,0.069686,0.050000,0,0,4,0,1
water_fire,srd,aw0p125,1025,3135.511,0.092448,0.913567,0.939954,0.887180,16,0.00009047,2,0.036523,0.025331,0.047715,0.962781,0.974389,0.951173,0.946638,0.963764,0.929512,0.003156,0.006860,0.035122,0.069518,0.050000,0,0,4,0,1
water_fire,srd,aw0p125,1050,3270.100,0.092288,0.912531,0.937347,0.887716,16,0.00006717,2,0.033586,0.025499,0.041673,0.965518,0.974158,0.956877,0.942979,0.961248,0.924710,0.003130,0.005989,0.037755,0.073774,0.050000,0,0,4,0,1
water_fire,srd,aw0p125,1075,3290.979,0.090585,0.914841,0.940974,0.888707,16,0.00007224,1,0.033605,0.026002,0.041208,0.965569,0.973773,0.957365,0.945386,0.965442,0.925329,0.003360,0.005952,0.033765,0.072809,0.050000,0,0,4,0,1
water_fire,srd,aw0p125,1100,3423.933,0.093885,0.910435,0.934338,0.886533,16,0.00005199,2,0.031069,0.024493,0.037645,0.967869,0.975051,0.960686,0.938564,0.957222,0.919907,0.003005,0.005466,0.041666,0.078268,0.050000,0,0,4,0,1
water_fire,srd,aw0p125,1125,3445.312,0.095886,0.908768,0.933007,0.884529,16,0.00007764,1,0.033805,0.029190,0.038420,0.965175,0.970498,0.959851,0.939377,0.960242,0.918513,0.003706,0.005453,0.038941,0.079453,0.050000,0,0,4,0,1
water_fire,srd,aw0p125,1150,3574.580,0.103198,0.902440,0.922903,0.881976,15,0.00013505,2,0.040496,0.040094,0.040899,0.958628,0.959906,0.957351,0.938977,0.959906,0.918048,0.005086,0.005781,0.039121,0.080152,0.050000,0,0,5,0,1
water_fire,srd,aw0p125,1175,3594.312,0.104139,0.902935,0.927109,0.878761,15,0.00011719,2,0.042749,0.040262,0.045236,0.956494,0.959927,0.953062,0.941474,0.964435,0.918513,0.005147,0.006591,0.034438,0.079772,0.050000,0,0,5,0,1
water_fire,srd,aw0p125,1200,3719.596,0.103188,0.904038,0.931173,0.876903,15,0.00011815,1,0.044550,0.040765,0.048335,0.954841,0.959635,0.950048,0.944210,0.969133,0.919287,0.005174,0.006980,0.029671,0.079312,0.050000,0,0,5,0,1
water_fire,srd,aw0p125,1225,3738.889,0.101338,0.905389,0.932255,0.878523,15,0.00010060,2,0.041020,0.037578,0.044462,0.958194,0.962604,0.953784,0.942435,0.967287,0.917583,0.004913,0.006412,0.031258,0.080681,0.050000,0,0,5,0,1
water_fire,srd,aw0p125,1250,3863.842,0.104622,0.902674,0.930533,0.874815,15,0.00013126,2,0.042678,0.038416,0.046940,0.956505,0.961763,0.951247,0.941080,0.966281,0.915879,0.004938,0.006807,0.032215,0.082888,0.050000,0,0,5,0,1
water_fire,srd,aw0p125,1275,3883.097,0.105043,0.902377,0.932190,0.872563,15,0.00009652,2,0.042840,0.036571,0.049109,0.956309,0.963533,0.949084,0.940848,0.966281,0.915414,0.004656,0.007259,0.031892,0.082740,0.050000,0,0,5,0,1
water_fire,srd,aw0p125,1300,4008.673,0.102462,0.904119,0.936008,0.872230,15,0.00013056,1,0.040840,0.032880,0.048799,0.958233,0.967109,0.949357,0.940789,0.966784,0.914795,0.004248,0.006988,0.031618,0.083241,0.050000,0,0,5,0,1
water_fire,srd,aw0p125,1325,4028.229,0.106342,0.901867,0.936832,0.866901,15,0.00006731,2,0.046294,0.035732,0.056855,0.953026,0.964482,0.941570,0.943248,0.970307,0.916189,0.004545,0.008105,0.028972,0.082422,0.050000,0,0,5,0,1
water_fire,srd,aw0p125,1350,4152.388,0.101205,0.905358,0.937490,0.873227,15,0.00013297,1,0.040853,0.033216,0.048490,0.958274,0.966845,0.949703,0.942099,0.968629,0.915569,0.004147,0.007082,0.029492,0.082899,0.050000,0,0,5,0,1
water_fire,srd,aw0p125,1375,4171.617,0.101915,0.905351,0.939133,0.871568,15,0.00009435,2,0.041485,0.033551,0.049419,0.957664,0.966589,0.948739,0.942641,0.970643,0.914640,0.004256,0.007208,0.027902,0.084084,0.050000,0,0,5,0,1
water_fire,srd,aw0p125,1400,4296.575,0.101569,0.904813,0.937236,0.872391,15,0.00010664,2,0.039091,0.031706,0.046476,0.959905,0.968251,0.951558,0.939944,0.966952,0.912936,0.003865,0.006807,0.032293,0.085322,0.050000,0,0,5,0,1
water_fire,srd,aw0p125,1425,4316.279,0.102270,0.904064,0.937399,0.870729,15,0.00010227,2,0.040898,0.034390,0.047405,0.958169,0.965748,0.950589,0.940821,0.969636,0.912006,0.004203,0.006887,0.029680,0.085989,0.050000,0,0,5,0,1
water_fire,srd,aw0p125,1450,4439.274,0.103042,0.903857,0.936256,0.871458,15,0.00015693,2,0.043318,0.036907,0.049729,0.955909,0.963376,0.948442,0.942802,0.970810,0.914795,0.004576,0.007199,0.028452,0.083208,0.050000,0,0,5,0,1
water_fire,srd,aw0p125,1475,4458.796,0.102467,0.904695,0.937035,0.872356,15,0.00009772,3,0.041904,0.036403,0.047405,0.957273,0.963869,0.950677,0.942428,0.971146,0.913710,0.004484,0.007155,0.027501,0.084180,0.050000,0,0,5,0,1
water_fire,srd,aw0p125,1500,4582.673,0.099884,0.907383,0.941339,0.873427,15,0.00014436,1,0.040852,0.035229,0.046476,0.958362,0.965110,0.951613,0.944261,0.974501,0.914020,0.004533,0.006791,0.025063,0.083908,0.050000,0,0,5,0,1
cat_face_bass,srd,aw0p125,1,1.518,1.122189,0.156161,0.189012,0.123311,20,0.00019250,0,0.162489,0.112545,0.212434,0.532224,0.651379,0.413070,0.179895,0.210284,0.149506,0.027935,0.048108,0.787380,0.848383,0.050000,0,0,0,0,0
cat_face_bass,srd,aw0p125,25,25.645,0.867762,0.258618,0.282683,0.234552,20,0.00000026,1,0.080555,0.051421,0.109689,0.778015,0.852511,0.703519,0.278749,0.297219,0.260280,0.012570,0.024736,0.700052,0.737026,0.050000,0,0,0,0,0
cat_face_bass,srd,aw0p125,50,178.263,0.695502,0.405050,0.407924,0.402177,20,0.00040488,0,0.072131,0.047919,0.096344,0.859939,0.899200,0.820679,0.434198,0.427471,0.440924,0.011572,0.021563,0.568718,0.556642,0.050000,0,0,0,0,0
cat_face_bass,srd,aw0p125,75,202.336,0.519740,0.549946,0.511288,0.588603,20,0.00121468,1,0.058523,0.041317,0.075730,0.910580,0.927986,0.893174,0.582795,0.532413,0.633178,0.009812,0.016468,0.463659,0.363875,0.050000,0,0,0,0,0
cat_face_bass,srd,aw0p125,100,354.816,0.409952,0.650004,0.569223,0.730785,20,0.00047785,0,0.052897,0.049920,0.055875,0.927694,0.922911,0.932477,0.684628,0.597639,0.771618,0.011978,0.012170,0.399415,0.226634,0.050000,0,0,0,0,0
cat_face_bass,srd,aw0p125,125,378.736,0.354403,0.698792,0.609309,0.788274,20,0.00005113,2,0.048116,0.048820,0.047412,0.937361,0.929029,0.945694,0.732352,0.639056,0.825648,0.011969,0.010232,0.358612,0.172513,0.050000,0,0,0,0,0
cat_face_bass,srd,aw0p125,150,531.087,0.310167,0.739704,0.650568,0.828841,20,0.00016131,1,0.047332,0.048119,0.046544,0.941578,0.934082,0.949074,0.774646,0.681873,0.867419,0.011636,0.010046,0.315906,0.130745,0.050000,0,0,0,0,0
cat_face_bass,srd,aw0p125,175,555.609,0.280173,0.768018,0.688951,0.847084,20,0.00004043,1,0.046191,0.043017,0.049365,0.945452,0.943518,0.947387,0.803744,0.718587,0.888901,0.010667,0.010770,0.279729,0.109059,0.050000,0,0,0,0,0
cat_face_bass,srd,aw0p125,200,708.664,0.269494,0.780766,0.705546,0.855985,20,0.00007798,1,0.046989,0.049820,0.044158,0.944949,0.936978,0.952921,0.817240,0.740696,0.893783,0.012302,0.009739,0.257960,0.104585,0.050000,0,0,0,0,0
cat_face_bass,srd,aw0p125,225,732.746,0.258564,0.790475,0.726510,0.854440,20,0.00010760,2,0.046663,0.049820,0.043507,0.946080,0.938685,0.953475,0.827159,0.762705,0.891613,0.012103,0.009740,0.235776,0.106461,0.050000,0,0,0,0,0
cat_face_bass,srd,aw0p125,250,884.244,0.250241,0.797128,0.740130,0.854126,20,0.00025196,1,0.045986,0.044018,0.047955,0.947627,0.946105,0.949149,0.833897,0.772709,0.895085,0.010761,0.010599,0.225737,0.103516,0.050000,0,0,0,0,0
cat_face_bass,srd,aw0p125,275,907.557,0.240776,0.807642,0.754515,0.860769,20,0.00021959,3,0.047111,0.046919,0.047304,0.947038,0.943933,0.950143,0.845701,0.789916,0.901486,0.011431,0.010603,0.208562,0.096416,0.050000,0,0,0,0,0
cat_face_bass,srd,aw0p125,300,1054.230,0.238709,0.815281,0.764550,0.866011,20,0.00089709,0,0.052014,0.055422,0.048606,0.942463,0.935731,0.949195,0.857514,0.806923,0.908105,0.013540,0.010833,0.191381,0.089790,0.050000,0,0,0,0,0
cat_face_bass,srd,aw0p125,325,1077.292,0.234819,0.824189,0.778655,0.869723,20,0.00099375,2,0.056211,0.063926,0.048497,0.938933,0.928363,0.949503,0.870167,0.828431,0.911902,0.015645,0.010810,0.170180,0.086433,0.050000,0,0,0,0,0
cat_face_bass,srd,aw0p125,350,1226.991,0.231224,0.826630,0.786620,0.866639,20,0.00122029,2,0.055789,0.057223,0.054356,0.939737,0.935622,0.943853,0.872689,0.831633,0.913746,0.013982,0.012179,0.167083,0.084362,0.050000,0,0,0,0,0
cat_face_bass,srd,aw0p125,375,1250.018,0.224766,0.829671,0.788483,0.870859,20,0.00180565,3,0.055270,0.052821,0.057719,0.940605,0.940177,0.941033,0.875628,0.830132,0.921124,0.012803,0.012243,0.168559,0.078078,0.050000,0,0,0,0,0
cat_face_bass,srd,aw0p125,400,1399.388,0.212548,0.841856,0.813453,0.870258,20,0.00185892,4,0.055627,0.055922,0.055333,0.941025,0.938874,0.943175,0.888678,0.858944,0.918412,0.013563,0.011738,0.139332,0.080754,0.050000,0,0,0,0,0
cat_face_bass,srd,aw0p125,425,1422.829,0.200621,0.849273,0.828159,0.870388,20,0.00254849,4,0.048505,0.047319,0.049691,0.948342,0.948266,0.948418,0.890492,0.867347,0.913638,0.011454,0.011186,0.131233,0.085316,0.050000,0,0,0,0,0
cat_face_bass,srd,aw0p125,450,1568.529,0.188979,0.857901,0.844355,0.871448,19,0.00353874,5,0.046863,0.043818,0.049908,0.950456,0.952638,0.948274,0.898146,0.881353,0.914940,0.010419,0.011066,0.117119,0.084000,0.050000,0,0,1,0,0
cat_face_bass,srd,aw0p125,475,1591.435,0.173942,0.866673,0.850384,0.882962,19,0.00405060,3,0.039870,0.042417,0.037322,0.957591,0.954335,0.960847,0.901185,0.886455,0.915916,0.010083,0.008378,0.111568,0.082951,0.050000,0,0,1,0,0
cat_face_bass,srd,aw0p125,500,1741.065,0.161989,0.871501,0.851119,0.891883,19,0.00366855,3,0.034049,0.041517,0.026581,0.963524,0.955261,0.971787,0.901023,0.886455,0.915591,0.009766,0.005781,0.111572,0.082888,0.050000,0,0,1,0,0
cat_face_bass,srd,aw0p125,525,1764.074,0.152913,0.879303,0.859814,0.898792,19,0.00296960,3,0.033539,0.043317,0.023760,0.964382,0.953936,0.974828,0.908603,0.897059,0.920148,0.010200,0.005083,0.101626,0.077785,0.050000,0,0,1,0,0
cat_face_bass,srd,aw0p125,550,1913.457,0.147576,0.882605,0.861844,0.903367,19,0.00279147,3,0.030526,0.042717,0.018336,0.967540,0.954623,0.980458,0.909295,0.898659,0.919931,0.010086,0.003912,0.100551,0.078710,0.050000,0,0,1,0,0
cat_face_bass,srd,aw0p125,575,1936.782,0.147949,0.883040,0.863532,0.902548,19,0.00297089,3,0.034422,0.046819,0.022025,0.963719,0.950758,0.976680,0.913194,0.903962,0.922426,0.010824,0.004203,0.095038,0.076487,0.050000,0,0,1,0,0
cat_face_bass,srd,aw0p125,600,2081.696,0.149473,0.884208,0.866756,0.901660,18,0.00296615,3,0.033020,0.046619,0.019421,0.965216,0.951122,0.979309,0.913167,0.907163,0.919171,0.011295,0.004209,0.091630,0.079130,0.050000,0,0,2,0,0
cat_face_bass,srd,aw0p125,625,2103.891,0.147878,0.884916,0.865991,0.903840,18,0.00287728,4,0.033291,0.046619,0.019963,0.964943,0.951081,0.978804,0.914123,0.906363,0.921883,0.011272,0.004117,0.092204,0.076407,0.050000,0,0,2,0,0
cat_face_bass,srd,aw0p125,650,2247.355,0.142441,0.889499,0.872568,0.906430,18,0.00272204,3,0.034012,0.048820,0.019204,0.964497,0.949357,0.979636,0.919501,0.915166,0.923836,0.011813,0.003593,0.083846,0.073978,0.050000,0,0,2,0,0
cat_face_bass,srd,aw0p125,675,2269.808,0.140455,0.894078,0.876300,0.911855,18,0.00196886,3,0.034258,0.048119,0.020397,0.964383,0.950217,0.978549,0.924461,0.918467,0.930455,0.011756,0.004433,0.080686,0.067956,0.050000,0,0,2,0,0
cat_face_bass,srd,aw0p125,700,2413.881,0.133691,0.898842,0.885116,0.912569,18,0.00168910,1,0.034789,0.045818,0.023760,0.964018,0.952837,0.975198,0.929961,0.925670,0.934252,0.011332,0.004608,0.073238,0.064259,0.050000,0,0,2,0,0
cat_face_bass,srd,aw0p125,725,2436.284,0.130979,0.902322,0.890504,0.914140,18,0.00199558,1,0.032932,0.046118,0.019746,0.966043,0.952829,0.979257,0.931882,0.931573,0.932191,0.011238,0.004424,0.067481,0.066386,0.050000,0,0,2,0,1
cat_face_bass,srd,aw0p125,750,2574.940,0.131180,0.899798,0.890649,0.908946,18,0.00160166,1,0.032183,0.042017,0.022350,0.966601,0.956688,0.976514,0.928666,0.928071,0.929261,0.010409,0.004652,0.070768,0.068864,0.050000,0,0,2,0,1
cat_face_bass,srd,aw0p125,775,2597.144,0.130751,0.899698,0.889966,0.909430,18,0.00191285,2,0.030669,0.041917,0.019421,0.968116,0.956751,0.979482,0.927181,0.927271,0.927091,0.010232,0.004300,0.071206,0.071362,0.050000,0,0,2,0,1
cat_face_bass,srd,aw0p125,800,2740.211,0.129596,0.901178,0.890187,0.912169,18,0.00154544,2,0.032007,0.044918,0.019095,0.966903,0.953935,0.979872,0.929879,0.930172,0.929587,0.010798,0.004096,0.068592,0.069283,0.050000,0,0,2,0,1
cat_face_bass,srd,aw0p125,825,2762.535,0.129300,0.900594,0.892011,0.909178,18,0.00125345,2,0.032245,0.043117,0.021374,0.966607,0.955713,0.977501,0.929541,0.930472,0.928610,0.010484,0.004341,0.068310,0.069931,0.050000,0,0,2,0,1
cat_face_bass,srd,aw0p125,850,2905.365,0.129592,0.901344,0.891254,0.911433,18,0.00095192,2,0.031210,0.043217,0.019204,0.967664,0.955583,0.979746,0.929354,0.929772,0.928936,0.010551,0.004370,0.068997,0.069485,0.050000,0,0,2,0,1
cat_face_bass,srd,aw0p125,875,2927.903,0.127836,0.901803,0.893586,0.910019,18,0.00059946,2,0.031795,0.043517,0.020072,0.967124,0.955412,0.978835,0.930379,0.932473,0.928285,0.010474,0.004489,0.065369,0.069756,0.050000,0,0,2,0,1
cat_face_bass,srd,aw0p125,900,3069.441,0.126339,0.903266,0.895272,0.911260,18,0.00052656,3,0.030781,0.043117,0.018444,0.968190,0.955867,0.980514,0.930971,0.933874,0.928068,0.010471,0.004070,0.064955,0.070655,0.050000,0,0,2,0,1
cat_face_bass,srd,aw0p125,925,3091.536,0.125959,0.903598,0.895781,0.911414,18,0.00088961,3,0.031202,0.043417,0.018987,0.967788,0.955610,0.979966,0.931696,0.934674,0.928719,0.010473,0.004148,0.063690,0.070013,0.050000,0,0,2,0,1
cat_face_bass,srd,aw0p125,950,3236.511,0.126797,0.904149,0.893240,0.915057,18,0.00065246,2,0.030763,0.044818,0.016708,0.968268,0.954178,0.982358,0.931810,0.933273,0.930346,0.010834,0.003996,0.065135,0.068909,0.050000,0,0,2,0,1
cat_face_bass,srd,aw0p125,975,3259.041,0.124766,0.904872,0.898273,0.911471,18,0.00056956,2,0.031027,0.042417,0.019638,0.967986,0.956664,0.979307,0.932872,0.936375,0.929370,0.010452,0.004253,0.062118,0.068975,0.050000,0,0,2,0,1
cat_face_bass,srd,aw0p125,1000,3402.827,0.127910,0.903507,0.899281,0.907733,18,0.00062752,3,0.034056,0.043918,0.024194,0.964973,0.955309,0.974636,0.934235,0.938776,0.929695,0.010772,0.004985,0.059817,0.069067,0.050000,0,0,2,0,1
cat_face_bass,srd,aw0p125,1025,3425.256,0.127869,0.903381,0.897264,0.909497,18,0.00065397,3,0.032999,0.045818,0.020180,0.966080,0.953446,0.978714,0.933113,0.938375,0.927851,0.010978,0.004527,0.060110,0.070666,0.050000,0,0,2,0,1
cat_face_bass,srd,aw0p125,1050,3565.570,0.130337,0.901429,0.900058,0.902800,18,0.00043372,3,0.034962,0.043017,0.026907,0.963990,0.956185,0.971796,0.932933,0.938776,0.927091,0.010502,0.005476,0.060557,0.071690,0.050000,0,0,2,0,1
cat_face_bass,srd,aw0p125,1075,3587.904,0.127523,0.903798,0.901458,0.906137,18,0.00042954,3,0.032212,0.042617,0.021808,0.966806,0.956624,0.976989,0.932887,0.939876,0.925898,0.010436,0.004904,0.059263,0.072463,0.050000,0,0,2,0,1
cat_face_bass,srd,aw0p125,1100,3728.675,0.128193,0.903322,0.899942,0.906701,18,0.00023946,2,0.033572,0.043818,0.023326,0.965455,0.955433,0.975476,0.933613,0.939376,0.927851,0.010619,0.005149,0.059195,0.070711,0.050000,0,0,2,0,1
cat_face_bass,srd,aw0p125,1125,3750.660,0.136171,0.899467,0.897672,0.901262,18,0.00029956,1,0.037953,0.044118,0.031789,0.960995,0.955046,0.966945,0.933594,0.937275,0.929912,0.010853,0.006875,0.061322,0.068773,0.050000,0,0,2,0,1
cat_face_bass,srd,aw0p125,1150,3890.736,0.134507,0.897028,0.891298,0.902759,18,0.00024768,1,0.034595,0.042717,0.026473,0.964141,0.956056,0.972225,0.928015,0.929372,0.926657,0.010471,0.005510,0.069570,0.071244,0.050000,0,0,2,0,1
cat_face_bass,srd,aw0p125,1175,3912.551,0.133858,0.897235,0.890307,0.904163,18,0.00024866,1,0.034608,0.042417,0.026798,0.964119,0.956293,0.971945,0.928232,0.928071,0.928393,0.010356,0.005513,0.070558,0.069862,0.050000,0,0,2,0,1
cat_face_bass,srd,aw0p125,1200,4054.990,0.132003,0.900922,0.895815,0.906029,18,0.00028360,1,0.036138,0.044718,0.027558,0.962824,0.954397,0.971251,0.933436,0.935874,0.930997,0.010724,0.005844,0.063262,0.067808,0.050000,0,0,2,0,1
cat_face_bass,srd,aw0p125,1225,4076.793,0.134307,0.900965,0.900889,0.901041,18,0.00037271,1,0.039200,0.046719,0.031681,0.959919,0.952795,0.967043,0.936282,0.942977,0.929587,0.011349,0.006578,0.056275,0.068396,0.050000,0,0,2,0,1
cat_face_bass,srd,aw0p125,1250,4214.512,0.145634,0.898923,0.895463,0.902383,18,0.00042285,1,0.046028,0.058423,0.033634,0.953566,0.941937,0.965196,0.940256,0.947779,0.932733,0.014367,0.007295,0.051203,0.066178,0.050000,0,0,2,0,1
cat_face_bass,srd,aw0p125,1275,4236.314,0.154538,0.894310,0.887666,0.900954,18,0.00030468,1,0.049239,0.063325,0.035152,0.950402,0.937128,0.963677,0.938251,0.943878,0.932624,0.015593,0.007815,0.055237,0.066147,0.050000,0,0,2,0,1
cat_face_bass,srd,aw0p125,1300,4371.678,0.154753,0.893465,0.889579,0.897350,18,0.00029694,1,0.051380,0.062725,0.040035,0.948323,0.937779,0.958867,0.939327,0.945378,0.933275,0.015519,0.008190,0.053730,0.065684,0.050000,0,0,2,0,1
cat_face_bass,srd,aw0p125,1325,4393.369,0.156457,0.894742,0.890654,0.898829,18,0.00024636,1,0.051054,0.064026,0.038082,0.948751,0.936715,0.960787,0.940369,0.947679,0.933058,0.015849,0.008557,0.051477,0.065848,0.050000,0,0,2,0,1
cat_face_bass,srd,aw0p125,1350,4534.233,0.154144,0.896683,0.893136,0.900230,18,0.00010634,1,0.050520,0.062525,0.038516,0.949309,0.938186,0.960432,0.941941,0.948980,0.934903,0.015477,0.008742,0.050329,0.064056,0.050000,0,0,2,0,1
cat_face_bass,srd,aw0p125,1375,4555.917,0.153547,0.897230,0.893771,0.900689,18,0.00006913,1,0.051088,0.063225,0.038950,0.948829,0.937617,0.960040,0.943025,0.950280,0.935771,0.015667,0.008776,0.048972,0.062479,0.050000,0,0,2,0,1
cat_face_bass,srd,aw0p125,1400,4695.631,0.153922,0.896872,0.892982,0.900763,18,0.00005652,1,0.050275,0.061925,0.038624,0.949526,0.938701,0.960352,0.941917,0.948279,0.935554,0.015461,0.008745,0.050994,0.063128,0.050000,0,0,2,0,1
cat_face_bass,srd,aw0p125,1425,4717.260,0.148134,0.898274,0.896350,0.900198,18,0.00008329,1,0.049634,0.057823,0.041445,0.950093,0.942522,0.957664,0.942843,0.948179,0.937507,0.014236,0.008747,0.051207,0.061085,0.050000,0,0,2,0,1
cat_face_bass,srd,aw0p125,1450,4857.918,0.142630,0.901555,0.900114,0.902997,18,0.00004766,1,0.045840,0.052621,0.039058,0.953710,0.947384,0.960036,0.942873,0.947479,0.938266,0.013001,0.008627,0.051812,0.060355,0.050000,0,0,2,0,1
cat_face_bass,srd,aw0p125,1475,4880.208,0.136318,0.903593,0.901578,0.905607,18,0.00004329,1,0.042488,0.045918,0.039058,0.956856,0.953566,0.960146,0.941978,0.942977,0.940979,0.011124,0.008719,0.056099,0.057732,0.050000,0,0,2,0,1
cat_face_bass,srd,aw0p125,1500,5017.177,0.141397,0.900943,0.900114,0.901771,18,0.00008157,1,0.045087,0.048619,0.041554,0.954323,0.951013,0.957633,0.941560,0.943878,0.939243,0.011755,0.009216,0.055415,0.059502,0.050000,0,0,2,0,1
dance_argument,srd,aw0p125,1,1.545,1.091635,0.188546,0.206013,0.171079,20,0.00000464,0,0.208155,0.263627,0.152682,0.530233,0.496847,0.563618,0.228762,0.260324,0.197200,0.036067,0.045312,0.732984,0.799247,0.050000,0,0,0,0,0
dance_argument,srd,aw0p125,25,26.453,0.806626,0.306329,0.373141,0.239517,20,0.00001867,0,0.096866,0.121738,0.071994,0.777848,0.774687,0.781010,0.337663,0.418566,0.256760,0.016404,0.021132,0.573715,0.739221,0.050000,0,0,0,0,0
dance_argument,srd,aw0p125,50,190.966,0.676014,0.403920,0.488736,0.319103,20,0.00000000,0,0.081120,0.107202,0.055039,0.847070,0.834650,0.859489,0.438898,0.541130,0.336666,0.014013,0.016091,0.452170,0.659025,0.050000,0,0,0,0,0
dance_argument,srd,aw0p125,75,216.273,0.563643,0.501246,0.600446,0.402046,20,0.00003081,1,0.077829,0.110010,0.045648,0.880190,0.858328,0.902052,0.543450,0.666501,0.420398,0.014404,0.013545,0.327876,0.575773,0.050000,0,0,0,0,0
dance_argument,srd,aw0p125,100,384.405,0.485943,0.572244,0.669336,0.475152,20,0.00000165,0,0.079246,0.113974,0.044518,0.892547,0.867410,0.917685,0.620964,0.745623,0.496305,0.014809,0.013020,0.248824,0.500427,0.050000,0,0,0,0,0
dance_argument,srd,aw0p125,125,410.479,0.424563,0.622790,0.694762,0.550818,20,0.00010714,3,0.074573,0.113148,0.035997,0.906515,0.872368,0.940662,0.672010,0.773373,0.570646,0.014820,0.010440,0.221476,0.425418,0.050000,0,0,0,0,0
dance_argument,srd,aw0p125,150,577.343,0.369061,0.675212,0.722459,0.627966,20,0.00022441,2,0.078267,0.123059,0.033475,0.909627,0.868305,0.950949,0.730176,0.811364,0.648987,0.016027,0.009869,0.183685,0.346958,0.050000,0,0,0,0,0
dance_argument,srd,aw0p125,175,603.579,0.316403,0.725551,0.743331,0.707771,20,0.00034900,3,0.075925,0.114635,0.037214,0.915106,0.878459,0.951753,0.781327,0.828543,0.734110,0.014727,0.010707,0.166685,0.262166,0.050000,0,0,0,0,0
dance_argument,srd,aw0p125,200,771.542,0.290614,0.748937,0.748821,0.749053,20,0.00053883,2,0.076550,0.120581,0.032519,0.917003,0.874355,0.959650,0.806263,0.839115,0.773411,0.015589,0.009562,0.156082,0.223183,0.050000,0,0,0,0,0
dance_argument,srd,aw0p125,225,798.158,0.270616,0.766718,0.750149,0.783287,20,0.00125662,2,0.070899,0.110671,0.031128,0.922817,0.882744,0.962890,0.820419,0.833168,0.807669,0.014475,0.009020,0.162754,0.188760,0.050000,0,0,0,0,0
dance_argument,srd,aw0p125,250,963.916,0.246530,0.792103,0.765909,0.818297,20,0.00058353,2,0.065540,0.097952,0.033128,0.928982,0.895672,0.962292,0.843168,0.840932,0.845405,0.013490,0.009793,0.154522,0.151450,0.050000,0,0,0,0,0
dance_argument,srd,aw0p125,275,989.654,0.243532,0.791526,0.757715,0.825337,20,0.00044617,1,0.073134,0.113314,0.032954,0.922183,0.881581,0.962785,0.848055,0.843574,0.852535,0.014342,0.009528,0.151640,0.143844,0.050000,0,0,0,0,0
dance_argument,srd,aw0p125,300,1154.707,0.243751,0.794472,0.760769,0.828175,20,0.00023609,1,0.071008,0.108193,0.033823,0.924131,0.886265,0.961997,0.849633,0.843079,0.856186,0.014487,0.009755,0.152881,0.140354,0.050000,0,0,0,0,0
dance_argument,srd,aw0p125,325,1180.366,0.241048,0.795547,0.760595,0.830498,20,0.00026242,1,0.071721,0.110836,0.032606,0.923701,0.884030,0.963372,0.851237,0.844896,0.857578,0.014638,0.009438,0.150853,0.138269,0.050000,0,0,0,0,0
dance_argument,srd,aw0p125,350,1343.448,0.240988,0.796608,0.763515,0.829701,20,0.00023820,0,0.071286,0.109184,0.033388,0.924158,0.885798,0.962518,0.852141,0.846878,0.857404,0.014789,0.009439,0.148815,0.139007,0.050000,0,0,0,0,0
dance_argument,srd,aw0p125,375,1369.141,0.240649,0.797884,0.767449,0.828319,20,0.00017132,0,0.069956,0.105220,0.034693,0.925368,0.889640,0.961096,0.852628,0.848200,0.857056,0.014129,0.010131,0.147449,0.139530,0.050000,0,0,0,0,0
dance_argument,srd,aw0p125,400,1531.555,0.234467,0.804047,0.778798,0.829295,20,0.00012872,0,0.067000,0.096961,0.037040,0.928391,0.898073,0.958709,0.857162,0.854311,0.860012,0.013068,0.010671,0.142037,0.136800,0.050000,0,0,0,0,0
dance_argument,srd,aw0p125,425,1556.868,0.236302,0.803140,0.775657,0.830622,20,0.00008351,0,0.068113,0.099273,0.036953,0.927288,0.895714,0.958862,0.856988,0.852659,0.861316,0.013458,0.010772,0.143527,0.135126,0.050000,0,0,0,0,0
dance_argument,srd,aw0p125,450,1722.594,0.235292,0.804191,0.777494,0.830888,20,0.00009804,1,0.068239,0.099438,0.037040,0.927289,0.895794,0.958785,0.858235,0.854807,0.861664,0.013237,0.010979,0.141759,0.134959,0.050000,0,0,0,0,0
dance_argument,srd,aw0p125,475,1748.278,0.234312,0.803749,0.774416,0.833082,20,0.00014462,0,0.069935,0.102742,0.037127,0.925705,0.892610,0.958800,0.858996,0.853981,0.864012,0.013377,0.010740,0.142511,0.132973,0.050000,0,0,0,0,0
dance_argument,srd,aw0p125,500,1915.863,0.237333,0.801552,0.773191,0.829912,20,0.00008417,1,0.069083,0.100429,0.037736,0.926225,0.894426,0.958023,0.856036,0.850842,0.861229,0.013291,0.011011,0.145204,0.134929,0.050000,0,0,0,0,0
dance_argument,srd,aw0p125,525,1942.114,0.237930,0.800516,0.772425,0.828607,20,0.00006769,0,0.066649,0.093822,0.039475,0.928115,0.900053,0.956178,0.853106,0.844896,0.861316,0.012442,0.011366,0.150236,0.135061,0.050000,0,0,0,0,0
dance_argument,srd,aw0p125,550,2107.980,0.237792,0.801709,0.770197,0.833222,20,0.00013942,2,0.065962,0.091840,0.040083,0.928666,0.901541,0.955792,0.853776,0.840932,0.866620,0.012340,0.011531,0.153667,0.130751,0.050000,0,0,0,0,0
dance_argument,srd,aw0p125,575,2134.138,0.232773,0.803492,0.770796,0.836188,20,0.00020503,1,0.065848,0.096135,0.035562,0.929196,0.897841,0.960552,0.855410,0.844896,0.865925,0.012654,0.010368,0.150728,0.130358,0.050000,0,0,0,0,0
dance_argument,srd,aw0p125,600,2297.964,0.231695,0.805794,0.773466,0.838123,20,0.00018204,1,0.067926,0.098117,0.037736,0.927430,0.896444,0.958417,0.859553,0.849356,0.869750,0.012778,0.010962,0.146488,0.126729,0.050000,0,0,0,0,0
dance_argument,srd,aw0p125,625,2323.869,0.228719,0.809158,0.779825,0.838491,20,0.00018116,1,0.066692,0.093822,0.039562,0.928746,0.900907,0.956584,0.862327,0.852990,0.871663,0.012346,0.011415,0.142087,0.125009,0.050000,0,0,0,0,0
dance_argument,srd,aw0p125,650,2489.401,0.227542,0.811155,0.783902,0.838407,20,0.00010422,0,0.066692,0.093822,0.039562,0.928976,0.901372,0.956580,0.864513,0.857450,0.871576,0.012346,0.011496,0.139046,0.125162,0.050000,0,0,0,0,0
dance_argument,srd,aw0p125,675,2515.189,0.224070,0.814768,0.789275,0.840260,20,0.00009945,1,0.067657,0.093492,0.041822,0.928333,0.902262,0.954403,0.869234,0.863066,0.875402,0.012300,0.011925,0.133218,0.120984,0.050000,0,0,0,0,0
dance_argument,srd,aw0p125,700,2677.861,0.228289,0.810931,0.779810,0.842052,20,0.00005655,0,0.066714,0.092996,0.040431,0.928756,0.901625,0.955887,0.864213,0.852329,0.876098,0.012364,0.011605,0.144174,0.120576,0.050000,0,0,0,0,0
dance_argument,srd,aw0p125,725,2703.162,0.233988,0.806067,0.771606,0.840528,20,0.00006825,0,0.066366,0.091345,0.041388,0.928496,0.902141,0.954852,0.858702,0.842088,0.875315,0.012117,0.011986,0.153873,0.121183,0.050000,0,0,0,0,0
dance_argument,srd,aw0p125,750,2864.918,0.232239,0.806484,0.770802,0.842167,20,0.00008302,1,0.065962,0.091840,0.040083,0.928926,0.901610,0.956241,0.858758,0.841592,0.875924,0.012055,0.011640,0.154426,0.120375,0.050000,0,0,0,0,0
dance_argument,srd,aw0p125,775,2890.183,0.233360,0.805865,0.768265,0.843465,20,0.00009461,0,0.065914,0.092005,0.039823,0.928869,0.901171,0.956567,0.858002,0.838949,0.877054,0.012152,0.011549,0.157432,0.119547,0.050000,0,0,0,0,0
dance_argument,srd,aw0p125,800,3049.761,0.238188,0.802596,0.764475,0.840718,20,0.00006188,0,0.068779,0.095474,0.042083,0.925915,0.897663,0.954167,0.856780,0.837463,0.876098,0.012627,0.012150,0.157976,0.120096,0.050000,0,0,0,0,0
dance_argument,srd,aw0p125,825,3074.767,0.244654,0.799324,0.757053,0.841596,20,0.00006690,0,0.071291,0.100760,0.041822,0.923302,0.892131,0.954472,0.855063,0.833333,0.876793,0.013751,0.012111,0.162415,0.119902,0.050000,0,0,0,0,0
dance_argument,srd,aw0p125,850,3236.697,0.247575,0.794810,0.746683,0.842937,20,0.00003868,0,0.073756,0.107863,0.039649,0.920683,0.884649,0.956716,0.851790,0.827222,0.876359,0.014424,0.011415,0.168296,0.120087,0.050000,0,0,0,0,0
dance_argument,srd,aw0p125,875,3261.270,0.245586,0.795756,0.747496,0.844017,20,0.00004907,0,0.071965,0.104889,0.039040,0.922346,0.887311,0.957380,0.851434,0.825900,0.876967,0.013969,0.011279,0.169393,0.119719,0.050000,0,0,0,0,0
dance_argument,srd,aw0p125,900,3419.882,0.245238,0.796051,0.747679,0.844422,20,0.00006687,0,0.071013,0.103072,0.038953,0.923198,0.888909,0.957487,0.851029,0.824744,0.877315,0.013843,0.011267,0.170237,0.119268,0.050000,0,0,0,0,0
dance_argument,srd,aw0p125,925,3444.671,0.245804,0.795354,0.747673,0.843034,20,0.00003756,0,0.070083,0.100429,0.039736,0.923924,0.891215,0.956633,0.849647,0.822762,0.876532,0.013431,0.011419,0.172602,0.120152,0.050000,0,0,0,0,0
dance_argument,srd,aw0p125,950,3603.382,0.242117,0.799193,0.753726,0.844660,20,0.00011228,0,0.068079,0.097291,0.038866,0.926166,0.894746,0.957586,0.852273,0.827056,0.877489,0.013344,0.011176,0.168137,0.119782,0.050000,0,0,0,0,0
dance_argument,srd,aw0p125,975,3628.407,0.239892,0.799875,0.754691,0.845059,20,0.00016820,0,0.069217,0.100264,0.038171,0.925283,0.892261,0.958306,0.853838,0.830360,0.877315,0.013217,0.011120,0.165321,0.119536,0.050000,0,0,0,0,0
dance_argument,srd,aw0p125,1000,3789.166,0.238431,0.799984,0.756663,0.843305,20,0.00015440,0,0.067305,0.096961,0.037649,0.927076,0.895403,0.958750,0.852542,0.830030,0.875054,0.012904,0.010764,0.165658,0.121638,0.050000,0,0,0,0,0
dance_argument,srd,aw0p125,1025,3814.074,0.239278,0.799396,0.756904,0.841889,20,0.00016997,0,0.066453,0.094648,0.038258,0.927772,0.897477,0.958067,0.851321,0.828543,0.874098,0.012651,0.010958,0.166975,0.122471,0.050000,0,0,0,0,0
dance_argument,srd,aw0p125,1050,3968.041,0.238476,0.800218,0.758945,0.841492,19,0.00022336,0,0.063414,0.089528,0.037301,0.930663,0.902307,0.959018,0.849886,0.826891,0.872881,0.012267,0.010741,0.168617,0.123957,0.050000,0,0,1,0,0
dance_argument,srd,aw0p125,1075,3991.819,0.241516,0.796576,0.752750,0.840402,19,0.00014544,0,0.066801,0.096300,0.037301,0.927234,0.895501,0.958967,0.848495,0.825240,0.871750,0.012703,0.010819,0.170046,0.124604,0.050000,0,0,1,0,0
dance_argument,srd,aw0p125,1100,4146.062,0.237403,0.799417,0.756434,0.842401,19,0.00013474,0,0.064197,0.091179,0.037214,0.929836,0.900523,0.959149,0.849577,0.825405,0.873750,0.012004,0.010624,0.170600,0.122990,0.050000,0,0,1,0,0
dance_argument,srd,aw0p125,1125,4169.886,0.237481,0.800978,0.760261,0.841695,19,0.00011876,0,0.062319,0.086554,0.038084,0.931696,0.905158,0.958234,0.849908,0.826065,0.873750,0.011803,0.010977,0.169446,0.123110,0.050000,0,0,1,0,0
dance_argument,srd,aw0p125,1150,4322.547,0.226064,0.810011,0.772428,0.847595,19,0.00011922,1,0.058307,0.077139,0.039475,0.936135,0.915153,0.957117,0.856533,0.832012,0.881054,0.010310,0.011207,0.164124,0.115695,0.050000,0,0,1,0,0
dance_argument,srd,aw0p125,1175,4346.389,0.223027,0.813001,0.772672,0.853330,19,0.00019935,1,0.060572,0.081929,0.039214,0.934198,0.910743,0.957653,0.861384,0.835976,0.886792,0.010740,0.011297,0.159429,0.110054,0.050000,0,0,1,0,0
dance_argument,srd,aw0p125,1200,4500.911,0.223799,0.813579,0.767671,0.859488,19,0.00015205,1,0.064845,0.091345,0.038344,0.930247,0.901689,0.958804,0.865119,0.837793,0.892444,0.012011,0.011250,0.156920,0.104377,0.050000,0,0,1,0,0
dance_argument,srd,aw0p125,1225,4524.860,0.224443,0.813082,0.769547,0.856617,19,0.00002635,0,0.062945,0.085894,0.039997,0.931913,0.906793,0.957033,0.863262,0.835646,0.890879,0.011501,0.011534,0.158976,0.105592,0.050000,0,0,1,0,0
dance_argument,srd,aw0p125,1250,4675.614,0.221305,0.816651,0.774203,0.859098,19,0.00001814,0,0.065093,0.088537,0.041649,0.930230,0.904931,0.955529,0.868814,0.842749,0.894879,0.011668,0.011926,0.152208,0.101627,0.050000,0,0,1,0,0
dance_argument,srd,aw0p125,1275,4699.278,0.218280,0.820057,0.782877,0.857238,19,0.00000000,0,0.058599,0.072679,0.044518,0.936492,0.920348,0.952636,0.867588,0.839775,0.895400,0.009592,0.013013,0.154565,0.101153,0.050000,0,0,1,0,0
dance_argument,srd,aw0p125,1300,4852.048,0.224210,0.816888,0.775420,0.858356,19,0.00000000,0,0.063050,0.081929,0.044170,0.932032,0.911031,0.953033,0.867610,0.838949,0.896270,0.011033,0.013077,0.155285,0.100259,0.050000,0,0,1,0,0
dance_argument,srd,aw0p125,1325,4876.040,0.221614,0.815376,0.767515,0.863237,19,0.00019174,1,0.067887,0.096300,0.039475,0.927583,0.897305,0.957862,0.869370,0.841427,0.897313,0.012383,0.011579,0.152094,0.099171,0.050000,0,0,1,0,0
dance_argument,srd,aw0p125,1350,5028.854,0.231676,0.811685,0.764635,0.858735,19,0.00000685,0,0.072778,0.100429,0.045127,0.922748,0.893371,0.952126,0.869457,0.841427,0.897487,0.013327,0.013104,0.152776,0.099122,0.050000,0,0,1,0,0
dance_argument,srd,aw0p125,1375,5052.835,0.234228,0.811551,0.763837,0.859265,19,0.00001270,0,0.077512,0.107202,0.047822,0.918533,0.887502,0.949564,0.873039,0.845722,0.900356,0.013853,0.014026,0.149034,0.096372,0.050000,0,0,1,0,0
dance_argument,srd,aw0p125,1400,5207.973,0.230689,0.813392,0.765475,0.861310,19,0.00002485,1,0.072891,0.099438,0.046344,0.922711,0.894330,0.951092,0.871409,0.841592,0.901226,0.012960,0.013695,0.153038,0.095071,0.050000,0,0,1,0,0
dance_argument,srd,aw0p125,1425,5232.433,0.223921,0.817761,0.770799,0.864723,19,0.00012320,1,0.068905,0.093987,0.043822,0.926708,0.899718,0.953698,0.872931,0.843244,0.902617,0.012426,0.012871,0.150857,0.094435,0.050000,0,0,1,0,0
dance_argument,srd,aw0p125,1450,5384.111,0.225601,0.814373,0.767249,0.861497,19,0.00004071,1,0.070231,0.096465,0.043996,0.925246,0.897129,0.953364,0.870331,0.841262,0.899400,0.012269,0.012864,0.152898,0.097181,0.050000,0,0,1,0,0
dance_argument,srd,aw0p125,1475,5407.648,0.222531,0.818077,0.774777,0.861377,19,0.00002503,1,0.069661,0.094979,0.044344,0.926169,0.899317,0.953021,0.873969,0.848365,0.899574,0.012103,0.013087,0.146157,0.097348,0.050000,0,0,1,0,0
dance_argument,srd,aw0p125,1500,5557.652,0.228411,0.814450,0.768790,0.860110,19,0.00001154,1,0.071661,0.096630,0.046692,0.923932,0.897170,0.950693,0.871674,0.843079,0.900270,0.012355,0.013625,0.152450,0.096520,0.050000,0,0,1,0,0
dance_argument,srd,aw0p125,1525,5580.895,0.227073,0.815013,0.770030,0.859995,19,0.00025420,1,0.071004,0.096796,0.045213,0.924642,0.897175,0.952109,0.871722,0.844566,0.898878,0.012498,0.013047,0.150940,0.098489,0.050000,0,0,1,0,0
dance_argument,srd,aw0p125,1550,5731.658,0.219179,0.817487,0.769161,0.865813,19,0.00040358,1,0.066753,0.094813,0.038692,0.928776,0.898801,0.958750,0.870700,0.842088,0.899313,0.012158,0.011211,0.153503,0.097337,0.050000,0,0,1,0,0
dance_argument,srd,aw0p125,1575,5754.872,0.211912,0.823984,0.778013,0.869956,19,0.00028052,1,0.063597,0.090849,0.036345,0.932277,0.903305,0.961250,0.875134,0.848695,0.901574,0.012141,0.010482,0.146991,0.095449,0.050000,0,0,1,0,0
dance_argument,srd,aw0p125,1600,5903.941,0.214443,0.820501,0.774252,0.866751,18,0.00011631,1,0.065014,0.093162,0.036866,0.930719,0.900844,0.960595,0.872544,0.846383,0.898704,0.012013,0.010629,0.149371,0.098215,0.050000,0,0,2,0,0
dance_argument,srd,aw0p125,1625,5926.558,0.218976,0.820072,0.773337,0.866806,18,0.00011264,1,0.067609,0.095309,0.039910,0.928231,0.898861,0.957602,0.874222,0.847043,0.901400,0.012460,0.011743,0.148545,0.095632,0.050000,0,0,2,0,0
dance_argument,srd,aw0p125,1650,6071.765,0.223470,0.818942,0.774233,0.863652,18,0.00005256,2,0.068122,0.092336,0.043909,0.927563,0.901567,0.953559,0.873648,0.845722,0.901574,0.012657,0.012709,0.149008,0.094929,0.050000,0,0,2,0,0
dance_argument,srd,aw0p125,1675,6094.334,0.225155,0.816081,0.767022,0.865140,18,0.00003752,2,0.069774,0.098943,0.040605,0.925896,0.894949,0.956843,0.871592,0.842914,0.900270,0.013375,0.011822,0.152438,0.096245,0.050000,0,0,2,0,0
dance_argument,srd,aw0p125,1700,6241.916,0.218259,0.819030,0.770852,0.867208,18,0.00008793,2,0.067474,0.097126,0.037823,0.928328,0.896987,0.959670,0.872865,0.845722,0.900009,0.012534,0.011278,0.149439,0.096457,0.050000,0,0,2,0,0
dance_argument,srd,aw0p125,1725,6264.316,0.220370,0.818315,0.770724,0.865907,18,0.00004000,3,0.067713,0.097952,0.037475,0.928106,0.896256,0.959955,0.872287,0.846217,0.898357,0.013057,0.011197,0.149075,0.097577,0.050000,0,0,2,0,0
dance_argument,srd,aw0p125,1750,6404.050,0.219262,0.819556,0.774940,0.864173,17,0.00002078,2,0.065892,0.092831,0.038953,0.929816,0.901213,0.958418,0.872357,0.846878,0.897835,0.012680,0.011320,0.148348,0.098143,0.050000,0,0,3,0,0
dance_argument,srd,aw0p125,1775,6425.394,0.223188,0.819066,0.772350,0.865782,17,0.00009425,2,0.068992,0.095639,0.042344,0.926819,0.898457,0.955181,0.874330,0.846217,0.902443,0.012698,0.012500,0.149776,0.094885,0.050000,0,0,3,0,0
dance_argument,srd,aw0p125,1800,6566.341,0.222673,0.820207,0.772591,0.867824,17,0.00000794,2,0.071213,0.100429,0.041996,0.924986,0.894353,0.955619,0.877225,0.850182,0.904269,0.013634,0.012386,0.144617,0.092555,0.050000,0,0,3,0,0
dance_argument,srd,aw0p125,1825,6588.268,0.222653,0.820814,0.773293,0.868335,17,0.00002838,2,0.071504,0.100925,0.042083,0.924788,0.894016,0.955560,0.878108,0.851338,0.904878,0.013836,0.012296,0.144148,0.092059,0.050000,0,0,3,0,0
dance_argument,srd,aw0p125,1850,6729.192,0.215731,0.824353,0.783109,0.865598,17,0.00006527,1,0.066453,0.091345,0.041562,0.929686,0.903440,0.955933,0.878108,0.854642,0.901574,0.012456,0.011971,0.141085,0.094869,0.050000,0,0,3,0,0
dance_argument,srd,aw0p125,1875,6751.541,0.221335,0.820536,0.775700,0.865373,17,0.00003454,1,0.071860,0.103898,0.039823,0.924707,0.891794,0.957620,0.878064,0.856293,0.899835,0.014132,0.011730,0.139077,0.096646,0.050000,0,0,3,0,0
horse_circle,srd,aw0p125,1,2.370,1.027453,0.160642,0.164277,0.157007,20,0.00000000,0,0.076528,0.089844,0.063212,0.695599,0.665860,0.725338,0.172984,0.179036,0.166931,0.024656,0.027640,0.806616,0.829923,0.050000,0,0,0,0,0
horse_circle,srd,aw0p125,25,43.264,0.790340,0.277873,0.291083,0.264664,20,0.00000000,0,0.033284,0.041946,0.024623,0.897631,0.878502,0.916760,0.287237,0.303292,0.271181,0.011204,0.010486,0.681438,0.725717,0.050000,0,0,0,0,0
horse_circle,srd,aw0p125,50,313.688,0.626045,0.429572,0.427380,0.431764,20,0.00000000,0,0.029323,0.036737,0.021909,0.938064,0.923435,0.952694,0.442152,0.443080,0.441223,0.009981,0.009402,0.542195,0.554828,0.050000,0,0,0,0,0
horse_circle,srd,aw0p125,75,355.632,0.481970,0.555304,0.544500,0.566109,20,0.00019781,0,0.021998,0.027251,0.016746,0.962636,0.953544,0.971729,0.567463,0.559338,0.575589,0.007498,0.007122,0.426368,0.420335,0.050000,0,0,0,0,0
horse_circle,srd,aw0p125,100,631.998,0.387317,0.647159,0.645418,0.648901,20,0.00161636,2,0.022334,0.030041,0.014628,0.967516,0.956766,0.978265,0.661600,0.664807,0.658393,0.008082,0.006033,0.321454,0.337995,0.050000,0,0,0,0,0
horse_circle,srd,aw0p125,125,675.333,0.336716,0.695436,0.688200,0.702671,20,0.00182588,2,0.021479,0.029390,0.013569,0.970735,0.960166,0.981304,0.710316,0.708426,0.712205,0.008004,0.005509,0.279016,0.283754,0.050000,0,0,0,0,0
horse_circle,srd,aw0p125,150,950.641,0.299558,0.733091,0.708678,0.757504,20,0.00093812,1,0.023728,0.035342,0.012113,0.969246,0.954045,0.984447,0.750202,0.733724,0.766680,0.009441,0.004922,0.253367,0.229529,0.050000,0,0,0,0,0
horse_circle,srd,aw0p125,175,993.605,0.288649,0.753777,0.705232,0.802321,20,0.00048642,1,0.030900,0.052269,0.009531,0.961285,0.934200,0.988369,0.776031,0.742094,0.809968,0.014130,0.003989,0.244915,0.186756,0.050000,0,0,0,0,0
horse_circle,srd,aw0p125,200,1269.732,0.280471,0.776471,0.704528,0.848413,20,0.00027787,1,0.039875,0.070219,0.009531,0.951899,0.914805,0.988994,0.805250,0.753999,0.856500,0.019312,0.003968,0.234582,0.139726,0.050000,0,0,0,0,0
horse_circle,srd,aw0p125,225,1313.284,0.268223,0.800638,0.700120,0.901156,20,0.00019456,2,0.048362,0.088914,0.007810,0.943513,0.895553,0.991473,0.835282,0.762370,0.908194,0.024546,0.003213,0.225890,0.088210,0.050000,0,0,0,0,0
horse_circle,srd,aw0p125,250,1581.415,0.267301,0.820536,0.697371,0.943701,19,0.00015007,3,0.059707,0.110677,0.008737,0.932940,0.874974,0.990905,0.863250,0.774554,0.951946,0.030724,0.003662,0.214462,0.044842,0.050000,0,0,1,0,0
horse_circle,srd,aw0p125,275,1622.269,0.260069,0.831537,0.697274,0.965800,19,0.00010224,3,0.063787,0.119234,0.008340,0.929488,0.867466,0.991509,0.877134,0.780413,0.973855,0.032766,0.003311,0.208362,0.023022,0.050000,0,0,1,0,0
horse_circle,srd,aw0p125,300,1878.913,0.263323,0.837209,0.697864,0.976553,19,0.00004453,3,0.067847,0.127883,0.007810,0.926181,0.860236,0.992127,0.885645,0.787109,0.984181,0.035550,0.003572,0.201274,0.012331,0.050000,0,0,1,0,0
horse_circle,srd,aw0p125,325,1919.009,0.264335,0.837877,0.698996,0.976758,19,0.00005116,1,0.069361,0.130580,0.008141,0.924998,0.858196,0.991800,0.887491,0.790272,0.984710,0.036427,0.003319,0.198698,0.011935,0.050000,0,0,1,0,0
horse_circle,srd,aw0p125,350,2178.868,0.267115,0.835806,0.692238,0.979375,19,0.00004434,1,0.070617,0.133557,0.007678,0.923416,0.854553,0.992280,0.885793,0.784691,0.986894,0.037083,0.002987,0.203561,0.010051,0.050000,0,0,1,0,0
horse_circle,srd,aw0p125,375,2219.652,0.272029,0.835305,0.691239,0.979372,19,0.00004060,1,0.072783,0.138021,0.007546,0.921573,0.850734,0.992411,0.886703,0.786644,0.986762,0.038302,0.003288,0.201500,0.009781,0.050000,0,0,1,0,0
horse_circle,srd,aw0p125,400,2480.505,0.275196,0.833726,0.694919,0.972532,19,0.00003058,2,0.073238,0.136812,0.009664,0.921319,0.852383,0.990254,0.885961,0.789993,0.981930,0.038011,0.004179,0.197830,0.015004,0.050000,0,0,1,0,0
horse_circle,srd,aw0p125,425,2520.393,0.282385,0.831217,0.694279,0.968155,19,0.00003768,2,0.075924,0.139602,0.012245,0.918840,0.850020,0.987659,0.885606,0.791202,0.980011,0.038596,0.005291,0.196703,0.016914,0.050000,0,0,1,0,0
horse_circle,srd,aw0p125,450,2776.330,0.274239,0.839178,0.703138,0.975218,19,0.00001964,1,0.076878,0.144159,0.009598,0.919193,0.848039,0.990346,0.894540,0.804501,0.984578,0.039920,0.004188,0.183431,0.012149,0.050000,0,0,1,0,0
horse_circle,srd,aw0p125,475,2815.933,0.272461,0.835805,0.711113,0.960496,19,0.00009120,3,0.073857,0.139044,0.008671,0.922309,0.853489,0.991129,0.889407,0.809989,0.968824,0.038571,0.003752,0.178167,0.028048,0.050000,0,0,1,0,0
horse_circle,srd,aw0p125,500,3075.149,0.272379,0.834887,0.714671,0.955103,19,0.00005104,0,0.073244,0.136626,0.009862,0.922951,0.856023,0.989878,0.888418,0.812314,0.964522,0.037957,0.004165,0.175691,0.032017,0.050000,0,0,1,0,0
horse_circle,srd,aw0p125,525,3113.787,0.267786,0.837902,0.716603,0.959202,19,0.00000421,0,0.072322,0.135510,0.009134,0.923946,0.857241,0.990652,0.890837,0.813709,0.967964,0.037559,0.003954,0.174421,0.029042,0.050000,0,0,1,0,0
horse_circle,srd,aw0p125,550,3362.123,0.260060,0.843171,0.726025,0.960317,19,0.00000832,0,0.070462,0.131789,0.009134,0.926223,0.861783,0.990662,0.895398,0.821708,0.969089,0.036656,0.004045,0.166383,0.028124,0.050000,0,0,1,0,0
horse_circle,srd,aw0p125,575,3400.805,0.249561,0.847813,0.732074,0.963552,19,0.00001027,0,0.067508,0.127139,0.007877,0.929223,0.866491,0.991955,0.898145,0.825149,0.971141,0.035379,0.003443,0.162987,0.025544,0.050000,0,0,1,0,0
horse_circle,srd,aw0p125,600,3651.531,0.245568,0.849959,0.735124,0.964795,19,0.00001282,0,0.066558,0.125372,0.007744,0.930248,0.868398,0.992098,0.899777,0.827288,0.972266,0.034855,0.003317,0.161098,0.024644,0.050000,0,0,1,0,0
horse_circle,srd,aw0p125,625,3690.120,0.245560,0.851906,0.735146,0.968666,19,0.00003732,1,0.068120,0.128627,0.007612,0.929021,0.865780,0.992262,0.902873,0.829706,0.976039,0.035911,0.002915,0.159452,0.021007,0.050000,0,0,1,0,0
horse_circle,srd,aw0p125,650,3944.061,0.243829,0.853496,0.735238,0.971753,19,0.00001742,1,0.068492,0.129371,0.007612,0.928743,0.865200,0.992286,0.904754,0.830357,0.979150,0.036002,0.002916,0.158298,0.017996,0.050000,0,0,1,0,0
horse_circle,srd,aw0p125,675,3982.424,0.241784,0.856417,0.737862,0.974972,19,0.00000887,0,0.067934,0.128255,0.007612,0.929408,0.866505,0.992311,0.907445,0.832496,0.982393,0.035713,0.003306,0.156536,0.014861,0.050000,0,0,1,0,0
horse_circle,srd,aw0p125,700,4232.974,0.240128,0.858641,0.738890,0.978391,19,0.00001165,0,0.067907,0.128069,0.007744,0.929511,0.866815,0.992207,0.909744,0.833519,0.985968,0.035752,0.003412,0.155696,0.011237,0.050000,0,0,1,0,0
horse_circle,srd,aw0p125,725,4271.076,0.239212,0.859916,0.741156,0.978676,19,0.00000161,0,0.068343,0.127883,0.008803,0.929239,0.867316,0.991162,0.911615,0.835938,0.987292,0.035668,0.003712,0.153336,0.010039,0.050000,0,0,1,0,0
horse_circle,srd,aw0p125,750,4515.695,0.236689,0.862329,0.743178,0.981481,19,0.00000348,0,0.068006,0.128069,0.007943,0.929758,0.867481,0.992035,0.913816,0.838356,0.989277,0.035757,0.003586,0.150670,0.007958,0.050000,0,0,1,0,0
horse_circle,srd,aw0p125,775,4553.718,0.229095,0.864836,0.746203,0.983469,19,0.00000043,0,0.065945,0.126860,0.005030,0.931923,0.868909,0.994936,0.914642,0.840867,0.988417,0.035462,0.002156,0.148514,0.008730,0.050000,0,0,1,0,0
horse_circle,srd,aw0p125,800,4801.848,0.223229,0.866798,0.747853,0.985743,19,0.00000050,0,0.064634,0.126488,0.002780,0.933326,0.869457,0.997196,0.915465,0.842448,0.988483,0.035280,0.001186,0.146072,0.008658,0.050000,0,0,1,0,0
horse_circle,srd,aw0p125,825,4839.941,0.220323,0.867473,0.748698,0.986247,19,0.00000049,0,0.063076,0.125093,0.001059,0.934813,0.870698,0.998928,0.914823,0.842355,0.987292,0.034973,0.000568,0.146524,0.009793,0.050000,0,0,1,0,0
horse_circle,srd,aw0p125,850,5091.076,0.220132,0.867701,0.750207,0.985195,19,0.00000303,0,0.063321,0.125186,0.001456,0.934688,0.870850,0.998526,0.915376,0.844122,0.986630,0.034991,0.000677,0.144511,0.010404,0.050000,0,0,1,0,0
horse_circle,srd,aw0p125,875,5130.068,0.220264,0.868243,0.753390,0.983097,19,0.00000190,0,0.063725,0.125000,0.002449,0.934497,0.871474,0.997521,0.916534,0.847563,0.985504,0.034781,0.001136,0.141411,0.011779,0.050000,0,0,1,0,0
horse_circle,srd,aw0p125,900,5383.611,0.221850,0.867714,0.756281,0.979146,19,0.00000655,0,0.064175,0.125372,0.002979,0.934292,0.871607,0.996976,0.916580,0.851097,0.982062,0.034961,0.001361,0.138191,0.014920,0.050000,0,0,1,0,0
horse_circle,srd,aw0p125,925,5422.558,0.221676,0.870635,0.764759,0.976510,19,0.00000022,0,0.065386,0.124814,0.005957,0.933630,0.873289,0.993972,0.921270,0.860212,0.982327,0.034834,0.002652,0.129130,0.014334,0.050000,0,0,1,0,0
horse_circle,srd,aw0p125,950,5666.921,0.217815,0.878155,0.775685,0.980624,18,0.00000002,0,0.066930,0.126116,0.007744,0.933031,0.873837,0.992224,0.930865,0.873512,0.988218,0.035250,0.003503,0.116488,0.009122,0.050000,0,0,2,0,0
horse_circle,srd,aw0p125,975,5704.211,0.216051,0.878712,0.778126,0.979298,18,0.00000391,1,0.066958,0.126767,0.007149,0.933242,0.873679,0.992804,0.931533,0.876767,0.986299,0.035374,0.003186,0.113079,0.010537,0.050000,0,0,2,0,0
horse_circle,srd,aw0p125,1000,5948.370,0.215793,0.881408,0.781405,0.981412,18,0.00005173,1,0.068046,0.128348,0.007744,0.932579,0.872928,0.992231,0.935354,0.881696,0.989012,0.035813,0.003500,0.108908,0.008097,0.050000,0,0,2,0,0
horse_circle,srd,aw0p125,1025,5986.287,0.215467,0.882777,0.782759,0.982795,18,0.00015131,1,0.068239,0.128534,0.007943,0.932512,0.872978,0.992046,0.936986,0.883371,0.990601,0.035962,0.003608,0.107528,0.006633,0.050000,0,0,2,0,0
horse_circle,srd,aw0p125,1050,6226.970,0.217207,0.882295,0.782773,0.981817,18,0.00030540,1,0.068902,0.129464,0.008340,0.931958,0.872270,0.991646,0.937060,0.884115,0.990005,0.036269,0.003758,0.106748,0.007021,0.050000,0,0,2,0,0
horse_circle,srd,aw0p125,1075,6264.741,0.215558,0.882720,0.783096,0.982344,18,0.00037054,2,0.068736,0.128999,0.008472,0.932095,0.872671,0.991520,0.937391,0.884115,0.990667,0.035975,0.003808,0.106126,0.006209,0.050000,0,0,2,0,0
horse_circle,srd,aw0p125,1100,6504.552,0.216389,0.882394,0.783096,0.981693,18,0.00036746,2,0.068868,0.128999,0.008737,0.931962,0.872671,0.991254,0.937192,0.884115,0.990270,0.035961,0.003902,0.106745,0.006616,0.050000,0,0,2,0,0
horse_circle,srd,aw0p125,1125,6541.904,0.214250,0.882902,0.784636,0.981169,18,0.00031173,2,0.067971,0.127139,0.008803,0.932747,0.874310,0.991184,0.937100,0.884394,0.989807,0.035436,0.003952,0.105866,0.007087,0.050000,0,0,2,0,0
horse_circle,srd,aw0p125,1150,6780.357,0.215239,0.882848,0.785107,0.980589,18,0.00049162,2,0.067957,0.126581,0.009333,0.932732,0.874805,0.990659,0.937114,0.884487,0.989741,0.035413,0.004189,0.105999,0.006968,0.050000,0,0,2,0,0
horse_circle,srd,aw0p125,1175,6816.877,0.215857,0.882326,0.783860,0.980793,18,0.00112445,2,0.067272,0.124814,0.009730,0.933132,0.875993,0.990271,0.936016,0.881696,0.990336,0.034917,0.004415,0.108840,0.006647,0.050000,0,0,2,0,0
horse_circle,srd,aw0p125,1200,7059.000,0.220811,0.879365,0.783212,0.975517,18,0.00122144,2,0.068432,0.125744,0.011120,0.932018,0.875185,0.988852,0.934031,0.881696,0.986365,0.035189,0.004918,0.108610,0.010441,0.050000,0,0,2,0,0
horse_circle,srd,aw0p125,1225,7096.310,0.221134,0.878559,0.782030,0.975088,18,0.00003037,0,0.068749,0.125186,0.012311,0.931566,0.875451,0.987681,0.933511,0.879929,0.987093,0.034935,0.005354,0.110348,0.009565,0.050000,0,0,2,0,0
horse_circle,srd,aw0p125,1250,7338.044,0.224828,0.878403,0.781144,0.975662,18,0.00001147,2,0.070505,0.126581,0.014429,0.929940,0.874249,0.985630,0.934881,0.880022,0.989741,0.035218,0.006334,0.109884,0.007331,0.050000,0,0,2,0,0
horse_circle,srd,aw0p125,1275,7375.391,0.226437,0.876915,0.778999,0.974832,18,0.00001376,1,0.070451,0.125744,0.015158,0.929754,0.874594,0.984914,0.933281,0.876953,0.989608,0.035130,0.006472,0.112546,0.007498,0.050000,0,0,2,0,0
horse_circle,srd,aw0p125,1300,7620.394,0.227073,0.876923,0.778144,0.975702,18,0.00001418,0,0.071371,0.129371,0.013370,0.929168,0.871679,0.986658,0.933780,0.878813,0.988748,0.036054,0.005819,0.111216,0.007928,0.050000,0,0,2,0,0
horse_circle,srd,aw0p125,1325,7657.596,0.220333,0.879736,0.781536,0.977936,18,0.00001478,0,0.069156,0.127325,0.010988,0.931370,0.873732,0.989009,0.934863,0.881045,0.988681,0.035636,0.004821,0.108745,0.008245,0.050000,0,0,2,0,0
horse_circle,srd,aw0p125,1350,7903.099,0.216502,0.881509,0.783028,0.979990,18,0.00001250,1,0.068330,0.127790,0.008869,0.932347,0.873585,0.991109,0.935887,0.883092,0.988681,0.035806,0.003924,0.107018,0.008133,0.050000,0,0,2,0,0
horse_circle,srd,aw0p125,1375,7940.308,0.213646,0.882856,0.784180,0.981531,18,0.00000293,0,0.068506,0.129929,0.007082,0.932501,0.872116,0.992886,0.937275,0.886068,0.988483,0.036202,0.003089,0.104838,0.008122,0.050000,0,0,2,0,0
horse_circle,srd,aw0p125,1400,8182.397,0.207128,0.883802,0.784168,0.983436,18,0.00000501,0,0.066287,0.125558,0.007016,0.934213,0.875461,0.992965,0.936481,0.882626,0.990336,0.034878,0.002630,0.107331,0.006857,0.050000,0,0,2,0,0
horse_circle,srd,aw0p125,1425,8219.681,0.203729,0.886388,0.786098,0.986678,18,0.00000398,0,0.064460,0.125279,0.003640,0.936141,0.875944,0.996337,0.937425,0.884580,0.990270,0.034910,0.002006,0.105637,0.006494,0.050000,0,0,2,0,0
horse_circle,srd,aw0p125,1450,8464.101,0.206114,0.884977,0.786612,0.983342,18,0.00000600,0,0.065334,0.125372,0.005295,0.935308,0.875943,0.994672,0.936890,0.885231,0.988549,0.035029,0.002369,0.104863,0.008177,0.050000,0,0,2,0,0
horse_circle,srd,aw0p125,1475,8501.463,0.203579,0.888350,0.791261,0.985439,18,0.00001038,1,0.065282,0.125930,0.004633,0.935748,0.876155,0.995342,0.940455,0.890904,0.990005,0.035297,0.002262,0.099681,0.006988,0.050000,0,0,2,0,0
horse_circle,srd,aw0p125,1500,8740.665,0.204672,0.887741,0.792568,0.982914,18,0.00000000,0,0.066758,0.126302,0.007215,0.934407,0.876050,0.992765,0.941338,0.892671,0.990005,0.035429,0.002630,0.097974,0.006901,0.050000,0,0,2,0,0
horse_circle,srd,aw0p125,1525,8778.348,0.202860,0.889683,0.794055,0.985311,18,0.00000006,0,0.065567,0.126302,0.004832,0.935698,0.876253,0.995143,0.942208,0.894345,0.990071,0.035411,0.002340,0.096876,0.006834,0.050000,0,0,2,0,0
horse_circle,srd,aw0p125,1550,9021.729,0.203363,0.889681,0.794698,0.984663,18,0.00000084,0,0.065885,0.126209,0.005560,0.935414,0.876412,0.994416,0.942567,0.894996,0.990138,0.035334,0.002675,0.095691,0.006964,0.050000,0,0,2,0,0
horse_circle,srd,aw0p125,1575,9059.031,0.204459,0.889443,0.794804,0.984081,18,0.00000031,0,0.066960,0.127697,0.006222,0.934525,0.875295,0.993756,0.943251,0.896298,0.990204,0.035728,0.002768,0.094150,0.006799,0.050000,0,0,2,0,0
horse_circle,srd,aw0p125,1600,9299.017,0.207290,0.888735,0.795224,0.982246,18,0.00000036,0,0.068088,0.129557,0.006619,0.933649,0.873948,0.993350,0.943500,0.898251,0.988748,0.036337,0.002924,0.092686,0.007810,0.050000,0,0,2,0,0
horse_circle,srd,aw0p125,1625,9336.775,0.207473,0.888964,0.794707,0.983220,18,0.00000035,0,0.068794,0.131696,0.005891,0.933175,0.872271,0.994079,0.944190,0.899368,0.989012,0.036747,0.002738,0.091582,0.007482,0.050000,0,0,2,0,0
horse_circle,srd,aw0p125,1650,9579.185,0.211330,0.888320,0.794819,0.981821,18,0.00000053,0,0.071559,0.134580,0.008539,0.930797,0.870143,0.991451,0.945995,0.901786,0.990204,0.037523,0.003276,0.089350,0.006918,0.050000,0,0,2,0,0
horse_circle,srd,aw0p125,1675,9616.740,0.216714,0.887212,0.795107,0.979317,18,0.00001432,0,0.073939,0.136626,0.011252,0.928720,0.868675,0.988766,0.947038,0.903739,0.990336,0.037996,0.004412,0.087310,0.006837,0.050000,0,0,2,0,0
horse_circle,srd,aw0p125,1700,9850.825,0.208998,0.889475,0.798520,0.980430,17,0.00001140,0,0.069647,0.131417,0.007877,0.932552,0.873012,0.992092,0.945806,0.903460,0.988152,0.036636,0.003553,0.087819,0.008652,0.050000,0,0,3,0,0
horse_circle,srd,aw0p125,1725,9886.229,0.218439,0.887649,0.798377,0.976921,17,0.00000289,0,0.073339,0.134301,0.012378,0.929246,0.870852,0.987640,0.947306,0.905599,0.989012,0.037377,0.005529,0.085723,0.007904,0.050000,0,0,3,0,0
horse_circle,srd,aw0p125,1750,10115.561,0.221777,0.887363,0.798408,0.976318,17,0.00002279,1,0.074059,0.133557,0.014562,0.928459,0.871407,0.985512,0.947788,0.905041,0.990535,0.037477,0.006332,0.086103,0.006949,0.050000,0,0,3,0,0
horse_circle,srd,aw0p125,1775,10151.119,0.221273,0.886838,0.799163,0.974513,17,0.00000104,0,0.074536,0.133650,0.015422,0.928049,0.871444,0.984654,0.947756,0.905971,0.989542,0.037373,0.006312,0.085683,0.007384,0.050000,0,0,3,0,0
horse_circle,srd,aw0p125,1800,10382.369,0.223770,0.886861,0.797412,0.976310,17,0.00000222,0,0.075010,0.135789,0.014231,0.927726,0.869620,0.985832,0.947948,0.905692,0.990204,0.037841,0.006469,0.085586,0.007475,0.050000,0,0,3,0,0
horse_circle,srd,aw0p125,1825,10417.832,0.226333,0.884047,0.796046,0.972048,17,0.00000077,0,0.074768,0.133650,0.015886,0.927587,0.871005,0.984168,0.944963,0.902437,0.987490,0.037397,0.006960,0.088283,0.009524,0.050000,0,0,3,0,0
acm_scf,srd,aw0p125,1,1.551,1.080300,0.190643,0.150422,0.230864,20,0.00000000,0,0.212466,0.093992,0.330939,0.558960,0.636468,0.481453,0.235913,0.164561,0.307265,0.034504,0.045997,0.830963,0.685628,0.050000,0,0,0,0,0
acm_scf,srd,aw0p125,25,27.691,0.826483,0.284123,0.203993,0.364253,20,0.00000238,0,0.107810,0.036356,0.179265,0.779408,0.853266,0.705551,0.320480,0.211409,0.429551,0.013350,0.024767,0.784157,0.563870,0.050000,0,0,0,0,0
acm_scf,srd,aw0p125,50,200.505,0.716830,0.374540,0.261647,0.487432,20,0.00011761,1,0.104093,0.032513,0.175673,0.828975,0.892578,0.765373,0.421608,0.270154,0.573061,0.011893,0.024079,0.725607,0.420112,0.050000,0,0,0,0,0
acm_scf,srd,aw0p125,75,227.505,0.646552,0.428188,0.299734,0.556643,20,0.00014010,1,0.090386,0.029262,0.151510,0.861092,0.913367,0.808817,0.474742,0.308505,0.640980,0.010764,0.020867,0.687070,0.352788,0.050000,0,0,0,0,0
acm_scf,srd,aw0p125,100,398.872,0.589627,0.471125,0.330159,0.612090,20,0.00025548,1,0.082070,0.024385,0.139755,0.882928,0.932749,0.833106,0.517921,0.338210,0.697633,0.008894,0.019200,0.657390,0.296756,0.050000,0,0,0,0,0
acm_scf,srd,aw0p125,125,425.388,0.539146,0.517012,0.366405,0.667620,20,0.00032251,1,0.083065,0.024089,0.142041,0.891317,0.939674,0.842960,0.568840,0.375231,0.762449,0.008566,0.019542,0.620504,0.232475,0.050000,0,0,0,0,0
acm_scf,srd,aw0p125,150,595.889,0.505143,0.552821,0.410611,0.695030,20,0.00003992,1,0.089096,0.025050,0.153143,0.891702,0.943828,0.839576,0.611183,0.420897,0.801469,0.009083,0.021072,0.574797,0.194190,0.050000,0,0,0,0,0
acm_scf,srd,aw0p125,175,621.991,0.470882,0.582151,0.443250,0.721052,20,0.00000000,0,0.089432,0.024089,0.154776,0.896430,0.949606,0.843254,0.643290,0.453927,0.832653,0.008795,0.020943,0.541557,0.162299,0.050000,0,0,0,0,0
acm_scf,srd,aw0p125,200,789.973,0.444877,0.612039,0.481140,0.742938,20,0.00000000,0,0.091223,0.026528,0.155918,0.897683,0.949027,0.846340,0.676340,0.493904,0.858776,0.009578,0.021784,0.501636,0.137218,0.050000,0,0,0,0,0
acm_scf,srd,aw0p125,225,816.172,0.436969,0.620428,0.504242,0.736613,20,0.00000000,0,0.096222,0.027710,0.164735,0.894081,0.949242,0.838921,0.688087,0.518215,0.857959,0.010071,0.022318,0.477464,0.137368,0.050000,0,0,0,0,0
acm_scf,srd,aw0p125,250,982.875,0.426345,0.629941,0.524163,0.735719,20,0.00000000,0,0.093862,0.024459,0.163265,0.898115,0.956436,0.839795,0.696410,0.536984,0.855837,0.009015,0.022700,0.459256,0.139715,0.050000,0,0,0,0,0
acm_scf,srd,aw0p125,275,1008.420,0.425803,0.632316,0.526865,0.737767,20,0.00000000,0,0.094242,0.027341,0.161143,0.896796,0.951917,0.841675,0.698961,0.541269,0.856653,0.009822,0.022335,0.454795,0.139553,0.050000,0,0,0,0,0
acm_scf,srd,aw0p125,300,1173.182,0.417614,0.638656,0.534282,0.743030,20,0.00000109,0,0.093832,0.028153,0.159510,0.897514,0.951248,0.843780,0.705437,0.549324,0.861551,0.009849,0.022014,0.446569,0.133755,0.050000,0,0,0,0,0
acm_scf,srd,aw0p125,325,1199.003,0.414032,0.643903,0.538792,0.749014,20,0.00000920,0,0.094851,0.030518,0.159184,0.896483,0.947900,0.845066,0.711740,0.555235,0.868245,0.010452,0.021997,0.440411,0.128052,0.050000,0,0,0,0,0
acm_scf,srd,aw0p125,350,1369.530,0.401950,0.658043,0.559859,0.756227,20,0.00002874,0,0.098421,0.030149,0.166694,0.895706,0.950323,0.841089,0.729512,0.576738,0.882286,0.010742,0.023024,0.419015,0.114713,0.050000,0,0,0,0,0
acm_scf,srd,aw0p125,375,1395.790,0.398394,0.665957,0.574509,0.757404,20,0.00001430,0,0.105580,0.031405,0.179755,0.891095,0.949668,0.832522,0.743051,0.592552,0.893551,0.010961,0.025165,0.404151,0.103608,0.050000,0,0,0,0,0
acm_scf,srd,aw0p125,400,1564.154,0.394693,0.667342,0.578630,0.756054,20,0.00004431,0,0.108528,0.030444,0.186612,0.889615,0.951421,0.827810,0.746695,0.596246,0.897143,0.010843,0.025388,0.400214,0.099254,0.050000,0,0,0,0,0
acm_scf,srd,aw0p125,425,1590.604,0.387989,0.673458,0.582364,0.764551,20,0.00003118,0,0.104969,0.029040,0.180898,0.893432,0.953781,0.833082,0.751066,0.599276,0.902857,0.010218,0.025384,0.396959,0.094162,0.050000,0,0,0,0,0
acm_scf,srd,aw0p125,450,1761.591,0.383341,0.678265,0.585858,0.770671,20,0.00004365,0,0.103076,0.029336,0.176816,0.895230,0.953611,0.836848,0.754992,0.603044,0.906939,0.010469,0.024947,0.393423,0.089871,0.050000,0,0,0,0,0
acm_scf,srd,aw0p125,475,1788.374,0.376094,0.682187,0.586410,0.777964,20,0.00007372,0,0.099678,0.028745,0.170612,0.898368,0.954519,0.842217,0.756980,0.603266,0.910694,0.010126,0.024030,0.393261,0.085572,0.050000,0,0,0,0,0
acm_scf,srd,aw0p125,500,1958.887,0.369250,0.687998,0.586457,0.789540,20,0.00006528,0,0.099826,0.029040,0.170612,0.899129,0.954089,0.844169,0.763866,0.603488,0.924245,0.010157,0.024118,0.392653,0.071563,0.050000,0,0,0,0,0
acm_scf,srd,aw0p125,525,1985.591,0.361193,0.693472,0.585089,0.801855,20,0.00000007,0,0.094790,0.027784,0.161796,0.903930,0.955837,0.852023,0.766468,0.601345,0.931592,0.009972,0.022923,0.395348,0.063882,0.050000,0,0,0,0,0
acm_scf,srd,aw0p125,550,2156.488,0.357880,0.696464,0.582566,0.810362,20,0.00000000,0,0.098279,0.027414,0.169143,0.902360,0.956204,0.848516,0.772983,0.598537,0.947429,0.010217,0.023299,0.397892,0.049744,0.050000,0,0,0,0,0
acm_scf,srd,aw0p125,575,2183.408,0.355645,0.698678,0.580678,0.816678,20,0.00000000,0,0.102089,0.029483,0.174694,0.899476,0.952998,0.845955,0.778572,0.597798,0.959347,0.010432,0.023929,0.398829,0.037572,0.050000,0,0,0,0,0
acm_scf,srd,aw0p125,600,2355.054,0.349154,0.703729,0.585984,0.821473,20,0.00000000,0,0.100761,0.029114,0.172408,0.901056,0.953945,0.848167,0.783073,0.603044,0.963102,0.010427,0.023464,0.393539,0.033639,0.050000,0,0,0,0,0
acm_scf,srd,aw0p125,625,2382.222,0.349025,0.707684,0.587061,0.828307,20,0.00000000,0,0.096516,0.029114,0.163918,0.904354,0.954026,0.854682,0.784117,0.604153,0.964082,0.010778,0.023144,0.392936,0.033738,0.050000,0,0,0,0,0
acm_scf,srd,aw0p125,650,2554.775,0.344350,0.709861,0.585799,0.833922,20,0.00000000,0,0.093706,0.031331,0.156082,0.905680,0.950698,0.860662,0.784117,0.604153,0.964082,0.010915,0.022128,0.391957,0.032399,0.050000,0,0,0,0,0
acm_scf,srd,aw0p125,675,2581.650,0.338514,0.713897,0.593140,0.834655,20,0.00000000,0,0.091543,0.029779,0.153306,0.908066,0.953513,0.862619,0.786708,0.610803,0.962612,0.010582,0.021648,0.385492,0.033694,0.050000,0,0,0,0,0
acm_scf,srd,aw0p125,700,2752.424,0.332185,0.718900,0.598837,0.838963,20,0.00000000,0,0.087558,0.029483,0.145633,0.911388,0.954358,0.868417,0.788818,0.616493,0.961143,0.010567,0.020652,0.379983,0.034641,0.050000,0,0,0,0,0
acm_scf,srd,aw0p125,725,2779.220,0.330823,0.721851,0.604459,0.839242,20,0.00000000,0,0.088639,0.030666,0.146612,0.910436,0.953086,0.867786,0.792641,0.622996,0.962286,0.010957,0.020859,0.373258,0.033864,0.050000,0,0,0,0,0
acm_scf,srd,aw0p125,750,2948.402,0.327714,0.725010,0.615269,0.834751,20,0.00000000,0,0.091407,0.030814,0.152000,0.908588,0.953667,0.863510,0.797930,0.634227,0.961633,0.010971,0.021346,0.362249,0.034643,0.050000,0,0,0,0,0
acm_scf,srd,aw0p125,775,2974.810,0.320285,0.730912,0.627143,0.834680,20,0.00000000,0,0.090829,0.030149,0.151510,0.909622,0.955415,0.863830,0.803597,0.646050,0.961143,0.010916,0.021160,0.350316,0.033648,0.050000,0,0,0,0,0
acm_scf,srd,aw0p125,800,3143.576,0.317842,0.734363,0.631658,0.837067,20,0.00000000,0,0.091043,0.030740,0.151347,0.909595,0.954915,0.864275,0.807415,0.651075,0.963755,0.011064,0.021092,0.345536,0.032902,0.050000,0,0,0,0,0
acm_scf,srd,aw0p125,825,3169.963,0.319909,0.734165,0.637950,0.830380,20,0.00000000,0,0.097182,0.033548,0.160816,0.904301,0.951584,0.857018,0.811635,0.659351,0.963918,0.012076,0.021624,0.337371,0.032850,0.050000,0,0,0,0,0
acm_scf,srd,aw0p125,850,3338.856,0.320956,0.737216,0.637013,0.837420,20,0.00000000,0,0.093394,0.034952,0.151837,0.906825,0.949654,0.863995,0.811924,0.659277,0.964571,0.012664,0.021272,0.337602,0.032822,0.050000,0,0,0,0,0
acm_scf,srd,aw0p125,875,3365.275,0.317722,0.738295,0.634589,0.842000,20,0.00000000,0,0.089753,0.033548,0.145959,0.909973,0.951340,0.868607,0.810388,0.655878,0.964898,0.012136,0.020729,0.340881,0.031643,0.050000,0,0,0,0,0
acm_scf,srd,aw0p125,900,3534.467,0.321073,0.734120,0.631951,0.836289,20,0.00000000,0,0.093015,0.035173,0.150857,0.906736,0.948976,0.864496,0.808314,0.654179,0.962449,0.012671,0.020615,0.342579,0.033281,0.050000,0,0,0,0,0
acm_scf,srd,aw0p125,925,3560.995,0.322765,0.735812,0.630298,0.841326,20,0.00000000,0,0.091404,0.035543,0.147265,0.907991,0.948357,0.867625,0.808963,0.652701,0.965224,0.013185,0.020674,0.343309,0.031351,0.050000,0,0,0,0,0
acm_scf,srd,aw0p125,950,3728.688,0.324350,0.734699,0.629603,0.839795,20,0.00000000,0,0.092473,0.035395,0.149551,0.907183,0.948500,0.865866,0.808638,0.651888,0.965388,0.012824,0.021196,0.344599,0.031938,0.050000,0,0,0,0,0
acm_scf,srd,aw0p125,975,3754.453,0.317911,0.736980,0.630090,0.843870,20,0.00000000,0,0.089180,0.034360,0.144000,0.910059,0.949919,0.870199,0.808564,0.651740,0.965388,0.012262,0.020249,0.344573,0.031165,0.050000,0,0,0,0,0
acm_scf,srd,aw0p125,1000,3921.878,0.322164,0.735369,0.631954,0.838783,20,0.00000000,0,0.092197,0.035986,0.148408,0.907199,0.947898,0.866500,0.808981,0.654696,0.963265,0.012850,0.020929,0.341815,0.032281,0.050000,0,0,0,0,0
acm_scf,srd,aw0p125,1025,3947.747,0.324047,0.731507,0.627724,0.835291,20,0.00000000,0,0.093967,0.034139,0.153796,0.906210,0.950038,0.862381,0.806455,0.649154,0.963755,0.012349,0.021369,0.347217,0.031134,0.050000,0,0,0,0,0
acm_scf,srd,aw0p125,1050,4116.842,0.323806,0.733285,0.627741,0.838828,20,0.00000000,0,0.094189,0.034582,0.153796,0.906163,0.949444,0.862882,0.808643,0.649449,0.967837,0.012388,0.021579,0.346922,0.028953,0.050000,0,0,0,0,0
acm_scf,srd,aw0p125,1075,4143.099,0.322028,0.734996,0.627117,0.842875,20,0.00000000,0,0.091534,0.033843,0.149224,0.908450,0.950390,0.866511,0.808497,0.648341,0.968653,0.012479,0.020924,0.348425,0.028409,0.050000,0,0,0,0,0
acm_scf,srd,aw0p125,1100,4311.778,0.318160,0.734900,0.626019,0.843781,20,0.00000000,0,0.088263,0.033178,0.143347,0.910921,0.951206,0.870635,0.805762,0.646789,0.964735,0.011876,0.020108,0.348993,0.031453,0.050000,0,0,0,0,0
acm_scf,srd,aw0p125,1125,4338.044,0.316323,0.737768,0.629460,0.846076,20,0.00000000,0,0.085697,0.035395,0.136000,0.912265,0.948489,0.876042,0.806442,0.651740,0.961143,0.012532,0.019110,0.344662,0.034846,0.050000,0,0,0,0,0
acm_scf,srd,aw0p125,1150,4506.817,0.316303,0.737154,0.624652,0.849655,20,0.00000000,0,0.085559,0.034139,0.136980,0.912809,0.949804,0.875814,0.806009,0.645977,0.966041,0.012136,0.019225,0.350222,0.031493,0.050000,0,0,0,0,0
acm_scf,srd,aw0p125,1175,4533.154,0.316042,0.736984,0.622132,0.851836,20,0.00000000,0,0.083786,0.033695,0.133878,0.914239,0.950213,0.878266,0.804486,0.643095,0.965878,0.012101,0.018878,0.353362,0.030891,0.050000,0,0,0,0,0
acm_scf,srd,aw0p125,1200,4701.982,0.314038,0.735847,0.620591,0.851104,20,0.00000000,0,0.082200,0.032809,0.131592,0.915548,0.951305,0.879791,0.802027,0.640952,0.963102,0.011615,0.018443,0.355124,0.032491,0.050000,0,0,0,0,0
acm_scf,srd,aw0p125,1225,4728.268,0.313025,0.737254,0.621343,0.853166,20,0.00000000,0,0.081144,0.030370,0.131918,0.917263,0.954711,0.879816,0.802964,0.640213,0.965714,0.011204,0.018580,0.356269,0.031504,0.050000,0,0,0,0,0
acm_scf,srd,aw0p125,1250,4896.178,0.314207,0.736452,0.620231,0.852674,20,0.00000000,0,0.082394,0.032218,0.132571,0.915690,0.952088,0.879292,0.802964,0.640213,0.965714,0.011431,0.018723,0.355942,0.031240,0.050000,0,0,0,0,0
acm_scf,srd,aw0p125,1275,4922.624,0.319000,0.730850,0.614155,0.847545,20,0.00000000,0,0.083912,0.030518,0.137306,0.914657,0.953999,0.875315,0.798408,0.632897,0.963918,0.010980,0.019284,0.363651,0.032238,0.050000,0,0,0,0,0
acm_scf,srd,aw0p125,1300,5090.891,0.320198,0.728992,0.611597,0.846386,20,0.00000000,0,0.082501,0.030961,0.134041,0.915329,0.953195,0.877463,0.795185,0.630533,0.959837,0.010864,0.018787,0.366156,0.037027,0.050000,0,0,0,0,0
acm_scf,srd,aw0p125,1325,5117.198,0.322071,0.727142,0.604132,0.850151,20,0.00000000,0,0.082102,0.030001,0.134204,0.915914,0.954005,0.877824,0.793251,0.622257,0.964245,0.010758,0.018910,0.374089,0.032713,0.050000,0,0,0,0,0
acm_scf,srd,aw0p125,1350,5280.371,0.319412,0.727045,0.597631,0.856459,19,0.00000000,0,0.077117,0.029336,0.124898,0.919861,0.954483,0.885239,0.789296,0.615163,0.963429,0.010530,0.017683,0.381144,0.031976,0.050000,0,0,1,0,0
acm_scf,srd,aw0p125,1375,5305.377,0.322152,0.724962,0.596411,0.853514,19,0.00000000,0,0.080301,0.029336,0.131265,0.917358,0.954394,0.880322,0.789729,0.613907,0.965551,0.010485,0.018379,0.382281,0.031109,0.050000,0,0,1,0,0
acm_scf,srd,aw0p125,1400,5457.681,0.319300,0.728607,0.599885,0.857329,18,0.00000000,0,0.078868,0.029410,0.128327,0.918710,0.954540,0.882879,0.792437,0.617528,0.967347,0.010649,0.018206,0.378841,0.028924,0.050000,0,0,2,0,0
acm_scf,srd,aw0p125,1425,5481.239,0.319081,0.727425,0.601537,0.853314,18,0.00000000,0,0.081051,0.029040,0.133061,0.917107,0.955188,0.879026,0.792931,0.619005,0.966857,0.010484,0.018649,0.377099,0.028007,0.050000,0,0,2,0,0
acm_scf,srd,aw0p125,1450,5634.387,0.317729,0.730468,0.605169,0.855766,18,0.00000000,0,0.082341,0.029336,0.135347,0.916376,0.955024,0.877729,0.797257,0.622922,0.971592,0.010541,0.019144,0.373302,0.024670,0.050000,0,0,2,0,0
acm_scf,srd,aw0p125,1475,5658.560,0.316902,0.731158,0.604967,0.857349,18,0.00000000,0,0.081309,0.029557,0.133061,0.917111,0.954695,0.879527,0.797138,0.622848,0.971429,0.010758,0.018789,0.373697,0.023732,0.050000,0,0,2,0,0
acm_scf,srd,aw0p125,1500,5808.279,0.313382,0.731900,0.603911,0.859890,17,0.00000000,0,0.078537,0.027932,0.129143,0.919774,0.956943,0.882606,0.795859,0.620779,0.970939,0.010038,0.018295,0.375666,0.024436,0.050000,0,0,3,0,0
acm_scf,srd,aw0p125,1525,5831.734,0.313619,0.731744,0.603171,0.860317,17,0.00000000,0,0.077168,0.029927,0.124408,0.920044,0.954040,0.886048,0.794285,0.621222,0.967347,0.010579,0.017483,0.375061,0.027681,0.050000,0,0,3,0,0
teapot_droplets,srd,aw0p125,1,1.505,1.017717,0.187156,0.187115,0.187198,20,0.00005626,0,0.481876,0.109018,0.854735,0.472227,0.655585,0.288869,0.277358,0.207513,0.347202,0.025496,0.050404,0.786564,0.641586,0.050000,0,0,0,0,0
teapot_droplets,srd,aw0p125,25,27.260,0.715290,0.338219,0.283164,0.393275,20,0.00007041,2,0.279490,0.055035,0.503945,0.692193,0.844438,0.539948,0.445106,0.298748,0.591463,0.012782,0.029299,0.694443,0.399395,0.050000,0,0,0,0,0
teapot_droplets,srd,aw0p125,50,194.011,0.584378,0.439589,0.385740,0.493438,20,0.00004011,0,0.235958,0.050826,0.421090,0.756691,0.888581,0.624800,0.553283,0.405346,0.701220,0.011733,0.024296,0.587606,0.292863,0.050000,0,0,0,0,0
teapot_droplets,srd,aw0p125,75,219.708,0.520390,0.494847,0.479940,0.509754,20,0.00016075,2,0.221965,0.046512,0.397418,0.778566,0.915244,0.641888,0.607301,0.502262,0.712339,0.010499,0.022774,0.491582,0.282789,0.050000,0,0,0,0,0
teapot_droplets,srd,aw0p125,100,381.829,0.464750,0.541954,0.553374,0.530533,20,0.00037466,2,0.216012,0.039987,0.392037,0.794134,0.935032,0.653236,0.657012,0.575502,0.738522,0.009209,0.022355,0.418138,0.258329,0.050000,0,0,0,0,0
teapot_droplets,srd,aw0p125,125,407.241,0.414525,0.581084,0.607081,0.555087,20,0.00025104,1,0.194622,0.028412,0.360832,0.816604,0.956473,0.676735,0.689855,0.624329,0.755380,0.006496,0.020507,0.370147,0.242521,0.050000,0,0,0,0,0
teapot_droplets,srd,aw0p125,150,570.277,0.377209,0.610043,0.636887,0.583199,20,0.00010887,1,0.177855,0.023572,0.332138,0.832811,0.965104,0.700517,0.714400,0.651899,0.776901,0.005351,0.018658,0.342422,0.219769,0.050000,0,0,0,0,0
teapot_droplets,srd,aw0p125,175,596.144,0.350466,0.633735,0.660484,0.606986,20,0.00023434,1,0.162709,0.021256,0.304161,0.845936,0.969449,0.722422,0.733065,0.674524,0.791607,0.004792,0.017263,0.318786,0.205377,0.050000,0,0,0,0,0
teapot_droplets,srd,aw0p125,200,761.915,0.335737,0.646616,0.674052,0.619180,20,0.00010161,2,0.157634,0.021151,0.294118,0.850843,0.970187,0.731500,0.744800,0.688309,0.801291,0.004601,0.016617,0.306412,0.195182,0.050000,0,0,0,0,0
teapot_droplets,srd,aw0p125,225,787.656,0.327772,0.652573,0.688112,0.617033,20,0.00000848,0,0.163110,0.020625,0.305595,0.848227,0.971470,0.724984,0.753950,0.702305,0.805595,0.004363,0.017102,0.292508,0.191304,0.050000,0,0,0,0,0
teapot_droplets,srd,aw0p125,250,953.912,0.310645,0.667651,0.707337,0.627964,20,0.00001827,0,0.168574,0.021151,0.315997,0.847470,0.971550,0.723391,0.774349,0.722298,0.826399,0.004265,0.017990,0.272117,0.171110,0.050000,0,0,0,0,0
teapot_droplets,srd,aw0p125,275,979.882,0.302239,0.675541,0.715211,0.635871,20,0.00000738,0,0.173519,0.023151,0.323888,0.845744,0.969334,0.722154,0.786796,0.731769,0.841822,0.004756,0.018344,0.263444,0.156222,0.050000,0,0,0,0,0
teapot_droplets,srd,aw0p125,300,1146.652,0.295150,0.681828,0.712449,0.651207,20,0.00000155,1,0.164933,0.022835,0.307030,0.852259,0.969616,0.734902,0.789933,0.728717,0.851148,0.004707,0.017421,0.266106,0.147169,0.050000,0,0,0,0,0
teapot_droplets,srd,aw0p125,325,1172.296,0.288072,0.685108,0.717779,0.652436,20,0.00000233,0,0.165200,0.019783,0.310617,0.853611,0.973684,0.733538,0.793536,0.731979,0.855093,0.003939,0.017366,0.262755,0.142947,0.050000,0,0,0,0,0
teapot_droplets,srd,aw0p125,350,1339.373,0.286458,0.686816,0.727085,0.646547,20,0.00000035,0,0.169925,0.020625,0.319225,0.850310,0.972958,0.727662,0.797511,0.742081,0.852941,0.003935,0.017961,0.253212,0.144537,0.050000,0,0,0,0,0
teapot_droplets,srd,aw0p125,375,1365.460,0.285334,0.689173,0.729566,0.648780,20,0.00003439,0,0.172866,0.022204,0.323529,0.848711,0.971088,0.726335,0.802222,0.745764,0.858680,0.004184,0.018538,0.249401,0.139439,0.050000,0,0,0,0,0
teapot_droplets,srd,aw0p125,400,1532.537,0.281706,0.690652,0.732310,0.648994,20,0.00001256,0,0.170451,0.021677,0.319225,0.850126,0.971843,0.728410,0.802177,0.748185,0.856169,0.004047,0.017949,0.246893,0.140531,0.050000,0,0,0,0,0
teapot_droplets,srd,aw0p125,425,1558.110,0.280993,0.692699,0.733436,0.651961,20,0.00002523,0,0.169165,0.021256,0.317073,0.851364,0.972404,0.730323,0.803853,0.749027,0.858680,0.003993,0.018094,0.246185,0.139067,0.050000,0,0,0,0,0
teapot_droplets,srd,aw0p125,450,1724.015,0.279034,0.694045,0.739471,0.648619,20,0.00004409,0,0.173426,0.021888,0.324964,0.848735,0.971850,0.725621,0.807527,0.755656,0.859397,0.004112,0.018462,0.239668,0.137743,0.050000,0,0,0,0,0
teapot_droplets,srd,aw0p125,475,1749.916,0.279803,0.691849,0.743505,0.640192,20,0.00007415,0,0.183249,0.020730,0.345768,0.843509,0.973411,0.713607,0.810234,0.758918,0.861549,0.003822,0.019636,0.235539,0.136297,0.050000,0,0,0,0,0
teapot_droplets,srd,aw0p125,500,1912.675,0.280268,0.692211,0.741546,0.642876,20,0.00003640,0,0.181276,0.020730,0.341822,0.844771,0.973342,0.716200,0.809772,0.756919,0.862626,0.004002,0.019367,0.238439,0.135088,0.050000,0,0,0,0,0
teapot_droplets,srd,aw0p125,525,1938.139,0.281107,0.691342,0.747885,0.634799,20,0.00004973,0,0.187237,0.020099,0.354376,0.841228,0.974331,0.708124,0.811337,0.762917,0.859756,0.003954,0.020156,0.232127,0.137144,0.050000,0,0,0,0,0
teapot_droplets,srd,aw0p125,550,2105.474,0.281029,0.692493,0.749897,0.635089,20,0.00004183,1,0.188302,0.021151,0.355452,0.840438,0.973121,0.707756,0.813295,0.765758,0.860832,0.004171,0.020209,0.230039,0.136916,0.050000,0,0,0,0,0
teapot_droplets,srd,aw0p125,575,2131.366,0.278407,0.695471,0.750567,0.640374,20,0.00017245,1,0.181202,0.020941,0.341463,0.844483,0.973399,0.715566,0.812662,0.766284,0.859039,0.004100,0.019678,0.228506,0.137840,0.050000,0,0,0,0,0
teapot_droplets,srd,aw0p125,600,2299.344,0.273484,0.700545,0.756188,0.644902,20,0.00022250,1,0.180348,0.020309,0.340387,0.845914,0.974352,0.717475,0.817982,0.771546,0.864419,0.004031,0.019535,0.224281,0.133842,0.050000,0,0,0,0,0
teapot_droplets,srd,aw0p125,625,2325.427,0.271176,0.701597,0.758774,0.644421,20,0.00020136,1,0.181542,0.019468,0.343615,0.845673,0.975451,0.715896,0.819699,0.773545,0.865854,0.003874,0.019690,0.221567,0.131988,0.050000,0,0,0,0,0
teapot_droplets,srd,aw0p125,650,2494.682,0.274516,0.698000,0.759468,0.636532,20,0.00023015,1,0.188335,0.019783,0.356887,0.841352,0.975093,0.707611,0.819097,0.774492,0.863702,0.003645,0.020605,0.220775,0.133938,0.050000,0,0,0,0,0
teapot_droplets,srd,aw0p125,675,2521.366,0.278345,0.692089,0.758564,0.625614,20,0.00022723,1,0.203093,0.019888,0.386298,0.833391,0.974937,0.691845,0.820469,0.773650,0.867288,0.003687,0.021910,0.221246,0.130354,0.050000,0,0,0,0,0
teapot_droplets,srd,aw0p125,700,2693.536,0.287528,0.682988,0.745455,0.620522,20,0.00028501,1,0.210174,0.018626,0.401722,0.830060,0.976058,0.684062,0.814569,0.759339,0.869799,0.003349,0.022952,0.236058,0.128189,0.050000,0,0,0,0,0
teapot_droplets,srd,aw0p125,725,2720.022,0.289098,0.682876,0.748374,0.617378,20,0.00035937,1,0.215669,0.019573,0.411765,0.827070,0.974990,0.679150,0.817307,0.763022,0.871593,0.003653,0.023599,0.232034,0.127641,0.050000,0,0,0,0,0
teapot_droplets,srd,aw0p125,750,2886.096,0.288125,0.683039,0.746800,0.619278,20,0.00027498,1,0.214899,0.019468,0.410330,0.827713,0.975067,0.680358,0.817362,0.761339,0.873386,0.003555,0.023487,0.233661,0.125869,0.050000,0,0,0,0,0
teapot_droplets,srd,aw0p125,775,2911.628,0.288057,0.684923,0.754306,0.615540,20,0.00015930,0,0.218675,0.020204,0.417145,0.825456,0.974417,0.676495,0.820928,0.769546,0.872310,0.003861,0.024026,0.226087,0.126702,0.050000,0,0,0,0,0
teapot_droplets,srd,aw0p125,800,3074.097,0.281291,0.690533,0.771968,0.609098,20,0.00008074,1,0.227694,0.020309,0.435079,0.821267,0.974863,0.667671,0.830875,0.787646,0.874103,0.003678,0.025027,0.207963,0.124864,0.050000,0,0,0,0,0
teapot_droplets,srd,aw0p125,825,3099.295,0.276679,0.695111,0.776506,0.613717,20,0.00019579,1,0.221417,0.020309,0.422525,0.824436,0.975006,0.673865,0.832652,0.792276,0.873027,0.003747,0.024213,0.202555,0.126851,0.050000,0,0,0,0,0
teapot_droplets,srd,aw0p125,850,3264.167,0.276691,0.694722,0.779407,0.610038,20,0.00026979,0,0.224141,0.018941,0.429340,0.823386,0.976705,0.670066,0.833061,0.794170,0.871951,0.003515,0.024626,0.201033,0.126838,0.050000,0,0,0,0,0
teapot_droplets,srd,aw0p125,875,3289.580,0.278194,0.694097,0.779061,0.609132,20,0.00038887,1,0.224951,0.020204,0.429699,0.822409,0.975210,0.669608,0.832838,0.794802,0.870875,0.003775,0.024699,0.200459,0.127590,0.050000,0,0,0,0,0
teapot_droplets,srd,aw0p125,900,3452.466,0.278675,0.693594,0.773632,0.613556,20,0.00000250,0,0.219528,0.020836,0.418221,0.824843,0.974296,0.675390,0.829954,0.789751,0.870158,0.003804,0.024151,0.205434,0.128275,0.050000,0,0,0,0,0
teapot_droplets,srd,aw0p125,925,3477.972,0.276631,0.695484,0.776575,0.614394,20,0.00000934,0,0.220499,0.020625,0.420373,0.824767,0.974638,0.674896,0.832630,0.792592,0.872669,0.003969,0.024046,0.202506,0.126618,0.050000,0,0,0,0,0
teapot_droplets,srd,aw0p125,950,3639.537,0.280780,0.691368,0.767255,0.615482,20,0.00000778,0,0.216597,0.019994,0.413199,0.826515,0.975089,0.677942,0.826197,0.782595,0.869799,0.003854,0.023706,0.212619,0.128446,0.050000,0,0,0,0,0
teapot_droplets,srd,aw0p125,975,3664.575,0.284326,0.687354,0.756994,0.617714,20,0.00003644,0,0.214308,0.019362,0.409254,0.827868,0.975522,0.680213,0.821084,0.771651,0.870516,0.003697,0.023339,0.223632,0.128683,0.050000,0,0,0,0,0
teapot_droplets,srd,aw0p125,1000,3825.255,0.278882,0.692015,0.769866,0.614163,20,0.00006577,0,0.221460,0.019678,0.423242,0.824654,0.975546,0.673763,0.829559,0.785015,0.874103,0.003725,0.024043,0.210191,0.125337,0.050000,0,0,0,0,0
teapot_droplets,srd,aw0p125,1025,3850.235,0.277452,0.692599,0.769580,0.615617,20,0.00015181,0,0.221872,0.019783,0.423960,0.824716,0.975412,0.674021,0.830709,0.784805,0.876614,0.003839,0.023740,0.210831,0.123228,0.050000,0,0,0,0,0
teapot_droplets,srd,aw0p125,1050,4007.531,0.276156,0.695271,0.769905,0.620637,20,0.00024177,0,0.214064,0.020309,0.407819,0.828289,0.974798,0.681780,0.829643,0.785541,0.873745,0.003833,0.023355,0.209528,0.124937,0.050000,0,0,0,0,0
teapot_droplets,srd,aw0p125,1075,4031.839,0.272040,0.698219,0.773445,0.622993,20,0.00024947,0,0.213548,0.019994,0.407102,0.829078,0.975283,0.682872,0.832761,0.788909,0.876614,0.003924,0.022972,0.206789,0.121771,0.050000,0,0,0,0,0
teapot_droplets,srd,aw0p125,1100,4190.091,0.273682,0.696211,0.773784,0.618638,20,0.00029707,0,0.217579,0.018731,0.416428,0.827324,0.976790,0.677858,0.832266,0.788277,0.876255,0.003481,0.023567,0.207394,0.123169,0.050000,0,0,0,0,0
teapot_droplets,srd,aw0p125,1125,4214.353,0.274626,0.696004,0.773069,0.618939,20,0.00045182,0,0.216733,0.020625,0.412841,0.826912,0.974526,0.679298,0.831738,0.789014,0.874462,0.003788,0.023421,0.206675,0.124273,0.050000,0,0,0,0,0
teapot_droplets,srd,aw0p125,1150,4370.092,0.274235,0.696495,0.775441,0.617550,20,0.00038076,0,0.217450,0.020625,0.414275,0.826437,0.974602,0.678273,0.832410,0.791434,0.873386,0.003843,0.023577,0.203630,0.124942,0.050000,0,0,0,0,0
teapot_droplets,srd,aw0p125,1175,4394.618,0.275308,0.694972,0.775085,0.614860,20,0.00037952,0,0.219856,0.020415,0.419297,0.825148,0.974838,0.675458,0.831788,0.790908,0.872669,0.003852,0.023525,0.204775,0.126299,0.050000,0,0,0,0,0
teapot_droplets,srd,aw0p125,1200,4554.723,0.274392,0.695883,0.775487,0.616279,20,0.00037146,1,0.219887,0.020836,0.418938,0.825226,0.974356,0.676095,0.833053,0.791645,0.874462,0.003863,0.023564,0.204621,0.124223,0.050000,0,0,0,0,0
teapot_droplets,srd,aw0p125,1225,4579.863,0.274287,0.697536,0.772151,0.622921,20,0.00037575,1,0.211142,0.020204,0.402080,0.829876,0.974993,0.684758,0.830569,0.787751,0.873386,0.003723,0.023176,0.208037,0.124818,0.050000,0,0,0,0,0
teapot_droplets,srd,aw0p125,1250,4741.696,0.274530,0.695917,0.774031,0.617804,20,0.00038169,1,0.217292,0.020309,0.414275,0.826646,0.974929,0.678363,0.831748,0.789751,0.873745,0.003947,0.023190,0.206493,0.124936,0.050000,0,0,0,0,0
teapot_droplets,srd,aw0p125,1275,4766.770,0.273210,0.699359,0.776230,0.622488,20,0.00037283,0,0.214982,0.019994,0.409971,0.828493,0.975369,0.681616,0.834720,0.791750,0.877690,0.003900,0.023608,0.203951,0.121886,0.050000,0,0,0,0,0
teapot_droplets,srd,aw0p125,1300,4929.630,0.273685,0.698044,0.774549,0.621539,20,0.00038651,1,0.216690,0.021256,0.412123,0.827155,0.973831,0.680478,0.834352,0.791013,0.877690,0.004101,0.023430,0.204626,0.121953,0.050000,0,0,0,0,0
teapot_droplets,srd,aw0p125,1325,4955.344,0.274415,0.698322,0.778259,0.618384,20,0.00038105,1,0.218842,0.021256,0.416428,0.825860,0.973952,0.677769,0.835349,0.794802,0.875897,0.004126,0.023899,0.201457,0.122633,0.050000,0,0,0,0,0
teapot_droplets,srd,aw0p125,1350,5117.132,0.274399,0.698646,0.776611,0.620681,20,0.00037365,1,0.216984,0.022204,0.411765,0.826552,0.972792,0.680312,0.835055,0.793855,0.876255,0.004348,0.023456,0.202343,0.123502,0.050000,0,0,0,0,0
teapot_droplets,srd,aw0p125,1375,5142.810,0.273705,0.696994,0.778293,0.615695,20,0.00040571,1,0.221195,0.020941,0.421449,0.824644,0.974323,0.674965,0.834885,0.794591,0.875179,0.004154,0.023589,0.201004,0.123901,0.050000,0,0,0,0,0
teapot_droplets,srd,aw0p125,1400,5309.927,0.272660,0.699610,0.779083,0.620137,20,0.00038468,1,0.215973,0.021256,0.410689,0.827252,0.973979,0.680525,0.835232,0.795643,0.874821,0.004133,0.023475,0.199950,0.123969,0.050000,0,0,0,0,0
teapot_droplets,srd,aw0p125,1425,5335.672,0.275089,0.697469,0.775903,0.619036,20,0.00041033,1,0.217965,0.022730,0.413199,0.825676,0.972154,0.679198,0.834180,0.793539,0.874821,0.004516,0.023414,0.202711,0.123452,0.050000,0,0,0,0,0
teapot_droplets,srd,aw0p125,1450,5501.838,0.274915,0.696956,0.780252,0.613659,20,0.00043849,1,0.224249,0.025255,0.423242,0.821489,0.969396,0.673582,0.836672,0.799958,0.873386,0.005041,0.023478,0.195755,0.125313,0.050000,0,0,0,0,0
teapot_droplets,srd,aw0p125,1475,5527.318,0.280315,0.695432,0.776104,0.614760,20,0.00057091,1,0.220607,0.026939,0.414275,0.822295,0.967305,0.677284,0.833226,0.797011,0.869440,0.005306,0.023773,0.199570,0.127627,0.050000,0,0,0,0,0
teapot_droplets,srd,aw0p125,1500,5689.497,0.283739,0.691881,0.773127,0.610635,20,0.00045535,0,0.225775,0.028307,0.423242,0.819057,0.965619,0.672495,0.832047,0.795012,0.869082,0.005748,0.023957,0.200781,0.128417,0.050000,0,0,0,0,0
sun_moon,hinge2,aw0p125,1,1.501,1.038163,0.222100,0.192103,0.252096,20,0.00000000,0,0.178666,0.179343,0.177989,0.591704,0.558158,0.625251,0.261761,0.226556,0.296966,0.040547,0.035845,0.767418,0.697771,0.050000,0,0,0,0,0
sun_moon,hinge2,aw0p125,25,26.996,0.753620,0.354638,0.344553,0.364723,20,0.00000000,0,0.085112,0.084918,0.085306,0.818792,0.814885,0.822700,0.384824,0.373812,0.395836,0.018869,0.017129,0.619661,0.599591,0.050000,0,0,0,0,0
sun_moon,hinge2,aw0p125,50,192.779,0.598346,0.479683,0.490951,0.468414,20,0.00003800,1,0.068386,0.074546,0.062225,0.882515,0.876189,0.888842,0.512555,0.527550,0.497561,0.016365,0.012488,0.466785,0.499032,0.050000,0,0,0,0,0
sun_moon,hinge2,aw0p125,75,218.982,0.498248,0.571606,0.581891,0.561320,20,0.00025298,2,0.066214,0.079840,0.052588,0.902765,0.887262,0.918269,0.609594,0.628349,0.590839,0.017435,0.010435,0.367812,0.405369,0.050000,0,0,0,0,0
sun_moon,hinge2,aw0p125,100,385.970,0.446615,0.622216,0.612202,0.632230,20,0.00041729,3,0.066433,0.083729,0.049137,0.909485,0.887941,0.931029,0.663379,0.663462,0.663296,0.018535,0.009804,0.332694,0.333238,0.050000,0,0,0,0,0
sun_moon,hinge2,aw0p125,125,412.156,0.397321,0.676175,0.620945,0.731406,20,0.00267411,2,0.072495,0.095614,0.049375,0.908166,0.876775,0.939557,0.723917,0.680315,0.767519,0.021154,0.009741,0.315088,0.228654,0.050000,0,0,0,0,0
sun_moon,hinge2,aw0p125,150,580.267,0.364492,0.708990,0.633130,0.784850,20,0.00307209,3,0.074360,0.096370,0.052350,0.909244,0.878092,0.940396,0.760041,0.694144,0.825937,0.021179,0.010303,0.302009,0.170815,0.050000,0,0,0,0,0
sun_moon,hinge2,aw0p125,175,607.081,0.354133,0.716010,0.636499,0.795521,20,0.00142097,1,0.072129,0.092264,0.051993,0.912172,0.882837,0.941507,0.766054,0.695225,0.836883,0.020347,0.010236,0.301599,0.160014,0.050000,0,0,0,0,0
sun_moon,hinge2,aw0p125,200,775.191,0.327351,0.735127,0.645719,0.824535,20,0.00103747,3,0.065042,0.086538,0.043546,0.921014,0.890199,0.951829,0.781020,0.701599,0.860440,0.019147,0.008456,0.295367,0.137062,0.050000,0,0,0,0,0
sun_moon,hinge2,aw0p125,225,801.543,0.313991,0.746400,0.658018,0.834783,20,0.00042827,3,0.063306,0.086755,0.039857,0.923954,0.891808,0.956100,0.791579,0.715104,0.868055,0.019260,0.007817,0.280971,0.129795,0.050000,0,0,0,0,0
sun_moon,hinge2,aw0p125,250,967.743,0.305149,0.753844,0.670953,0.836735,20,0.00016829,2,0.063692,0.083838,0.043546,0.924564,0.896630,0.952498,0.800187,0.727204,0.873171,0.018520,0.008496,0.269445,0.124490,0.050000,0,0,0,0,0
sun_moon,hinge2,aw0p125,275,993.487,0.292564,0.763911,0.686312,0.841509,20,0.00026688,3,0.060092,0.079732,0.040452,0.929347,0.902856,0.955838,0.808292,0.741033,0.875550,0.017808,0.007980,0.255810,0.122639,0.050000,0,0,0,0,0
sun_moon,hinge2,aw0p125,300,1157.997,0.263187,0.782035,0.697000,0.867069,20,0.00063877,3,0.048582,0.073250,0.023914,0.942292,0.910813,0.973770,0.817930,0.748055,0.887805,0.016207,0.004526,0.249424,0.110187,0.050000,0,0,0,0,0
sun_moon,hinge2,aw0p125,325,1184.015,0.254615,0.785371,0.696543,0.874199,20,0.00066137,3,0.043497,0.065579,0.021416,0.947698,0.918818,0.976578,0.817571,0.742221,0.892921,0.014369,0.004229,0.254611,0.104908,0.050000,0,0,0,0,0
sun_moon,hinge2,aw0p125,350,1347.435,0.250915,0.792557,0.703479,0.881635,19,0.00103619,5,0.046276,0.068280,0.024271,0.945268,0.916711,0.973826,0.827273,0.751513,0.903034,0.015297,0.004702,0.245434,0.094956,0.050000,0,0,1,0,0
sun_moon,hinge2,aw0p125,375,1372.287,0.237071,0.803052,0.713574,0.892529,19,0.00072235,3,0.043672,0.063310,0.024033,0.948682,0.922986,0.974378,0.836365,0.758751,0.913980,0.014153,0.004779,0.237482,0.084196,0.050000,0,0,1,0,0
sun_moon,hinge2,aw0p125,400,1531.231,0.233600,0.808400,0.716043,0.900757,19,0.00038495,3,0.046414,0.071413,0.021416,0.946047,0.914842,0.977253,0.843613,0.767178,0.920048,0.015694,0.004246,0.229752,0.077383,0.050000,0,0,1,0,0
sun_moon,hinge2,aw0p125,425,1555.903,0.226884,0.816826,0.721880,0.911772,19,0.00035004,3,0.045901,0.070981,0.020821,0.947014,0.915909,0.978120,0.851938,0.773120,0.930756,0.016182,0.004082,0.223726,0.067447,0.050000,0,0,1,0,0
sun_moon,hinge2,aw0p125,450,1714.136,0.224869,0.817739,0.720474,0.915004,19,0.00048196,2,0.044157,0.074870,0.013444,0.948776,0.911843,0.985709,0.850861,0.774417,0.927305,0.016681,0.002712,0.223504,0.070413,0.050000,0,0,1,0,0
sun_moon,hinge2,aw0p125,475,1739.307,0.217886,0.821535,0.725597,0.917472,19,0.00086737,1,0.040827,0.072494,0.009161,0.952493,0.914783,0.990202,0.852038,0.778198,0.925877,0.016193,0.001813,0.219136,0.071377,0.050000,0,0,1,0,0
sun_moon,hinge2,aw0p125,500,1900.923,0.214302,0.825412,0.730754,0.920071,19,0.00073633,1,0.041439,0.072169,0.010708,0.952136,0.915657,0.988616,0.856707,0.783492,0.929923,0.016214,0.002034,0.213282,0.068303,0.050000,0,0,1,0,0
sun_moon,hinge2,aw0p125,525,1926.199,0.209288,0.830308,0.737087,0.923529,19,0.00083306,1,0.040062,0.068820,0.011303,0.953852,0.919662,0.988043,0.860891,0.787813,0.933968,0.015767,0.002323,0.209021,0.063668,0.050000,0,0,1,0,0
sun_moon,hinge2,aw0p125,550,2083.275,0.208689,0.831250,0.738618,0.923882,18,0.00067355,3,0.041952,0.072602,0.011303,0.952050,0.916052,0.988047,0.863284,0.792243,0.934325,0.016176,0.002290,0.204674,0.064038,0.050000,0,0,2,0,0
sun_moon,hinge2,aw0p125,575,2107.170,0.206681,0.831625,0.740138,0.923113,18,0.00068911,1,0.040040,0.068064,0.012017,0.954013,0.920725,0.987300,0.862360,0.790514,0.934206,0.015472,0.002326,0.206776,0.063235,0.050000,0,0,2,0,0
sun_moon,hinge2,aw0p125,600,2259.863,0.206364,0.833149,0.739754,0.926545,18,0.00055698,0,0.040466,0.070225,0.010708,0.953610,0.918526,0.988695,0.864085,0.791703,0.936466,0.015943,0.002153,0.205858,0.061324,0.050000,0,0,2,0,0
sun_moon,hinge2,aw0p125,625,2283.715,0.201314,0.838508,0.747328,0.929688,18,0.00050651,1,0.041709,0.071521,0.011898,0.952760,0.918008,0.987511,0.870764,0.800778,0.940750,0.016186,0.002341,0.196667,0.057036,0.050000,0,0,2,0,0
sun_moon,hinge2,aw0p125,650,2437.330,0.201615,0.839038,0.750277,0.927800,18,0.00048100,1,0.043185,0.072926,0.013444,0.951418,0.916933,0.985903,0.872633,0.804991,0.940274,0.016344,0.002682,0.192302,0.058044,0.050000,0,0,2,0,0
sun_moon,hinge2,aw0p125,675,2461.117,0.199772,0.839455,0.751438,0.927471,18,0.00040471,0,0.041558,0.070981,0.012136,0.953093,0.918949,0.987237,0.871751,0.804775,0.938727,0.016035,0.002305,0.192871,0.059385,0.050000,0,0,2,0,0
sun_moon,hinge2,aw0p125,700,2614.178,0.198432,0.840559,0.753386,0.927732,18,0.00045130,2,0.040710,0.068928,0.012493,0.954016,0.921157,0.986875,0.872319,0.805315,0.939322,0.015758,0.002377,0.192024,0.059128,0.050000,0,0,2,0,0
sun_moon,hinge2,aw0p125,725,2637.752,0.197284,0.843556,0.753983,0.933130,18,0.00036144,2,0.041947,0.071521,0.012374,0.952872,0.918673,0.987071,0.876292,0.807908,0.944676,0.016329,0.002475,0.189757,0.053873,0.050000,0,0,2,0,0
sun_moon,hinge2,aw0p125,750,2787.987,0.194722,0.844474,0.755708,0.933239,18,0.00042299,2,0.040808,0.069360,0.012255,0.954075,0.920955,0.987194,0.876400,0.808124,0.944676,0.015812,0.002319,0.190257,0.053551,0.050000,0,0,2,0,0
sun_moon,hinge2,aw0p125,775,2811.748,0.194713,0.845827,0.755271,0.936383,18,0.00035555,1,0.041380,0.070981,0.011779,0.953524,0.919327,0.987720,0.878146,0.808881,0.947412,0.016238,0.002351,0.188922,0.051294,0.050000,0,0,2,0,0
sun_moon,hinge2,aw0p125,800,2962.961,0.196206,0.844633,0.753775,0.935491,18,0.00034148,1,0.041979,0.073250,0.010708,0.952887,0.916973,0.988802,0.877249,0.808989,0.945509,0.016590,0.002215,0.188564,0.052927,0.050000,0,0,2,0,0
sun_moon,hinge2,aw0p125,825,2986.488,0.191459,0.847035,0.756746,0.937323,18,0.00035989,0,0.039456,0.069036,0.009875,0.955524,0.921373,0.989675,0.877784,0.808989,0.946579,0.015850,0.001917,0.188984,0.051292,0.050000,0,0,2,0,0
sun_moon,hinge2,aw0p125,850,3137.768,0.191631,0.847232,0.754113,0.940351,18,0.00035076,1,0.039806,0.070333,0.009280,0.955082,0.919847,0.990317,0.878115,0.807152,0.949078,0.016098,0.001838,0.190473,0.048805,0.050000,0,0,2,0,0
sun_moon,hinge2,aw0p125,875,3161.278,0.188684,0.849771,0.757264,0.942278,18,0.00029658,1,0.040433,0.070873,0.009994,0.954618,0.919628,0.989608,0.881314,0.810933,0.951695,0.016004,0.001922,0.187019,0.046521,0.050000,0,0,2,0,0
sun_moon,hinge2,aw0p125,900,3308.598,0.191045,0.847549,0.756053,0.939044,18,0.00031004,1,0.040969,0.070873,0.011065,0.953995,0.919509,0.988480,0.879536,0.809637,0.949435,0.015858,0.002199,0.188068,0.049132,0.050000,0,0,2,0,0
sun_moon,hinge2,aw0p125,925,3331.600,0.188754,0.848890,0.755994,0.941786,18,0.00032506,1,0.041011,0.072385,0.009637,0.954000,0.918033,0.989967,0.880790,0.810717,0.950863,0.015892,0.001963,0.186925,0.047291,0.050000,0,0,2,0,0
sun_moon,hinge2,aw0p125,950,3480.758,0.189699,0.849335,0.758068,0.940602,18,0.00027434,1,0.041423,0.071305,0.011541,0.953651,0.919286,0.988016,0.881790,0.812122,0.951457,0.016129,0.002306,0.185161,0.046374,0.050000,0,0,2,0,0
sun_moon,hinge2,aw0p125,975,3504.087,0.187056,0.851722,0.759746,0.943698,18,0.00030504,1,0.041303,0.072494,0.010113,0.953901,0.918300,0.989502,0.884032,0.814823,0.953242,0.015958,0.002159,0.183492,0.045264,0.050000,0,0,2,0,0
sun_moon,hinge2,aw0p125,1000,3655.369,0.186246,0.851087,0.761447,0.940726,18,0.00027388,1,0.039229,0.068820,0.009637,0.955994,0.922032,0.989955,0.881821,0.813850,0.949792,0.015435,0.001988,0.184086,0.048640,0.050000,0,0,2,0,0
sun_moon,hinge2,aw0p125,1025,3678.786,0.189648,0.850223,0.759097,0.941350,18,0.00026991,1,0.041039,0.071845,0.010232,0.954109,0.918863,0.989355,0.882308,0.813634,0.950982,0.016332,0.002113,0.183978,0.047385,0.050000,0,0,2,0,0
sun_moon,hinge2,aw0p125,1050,3828.947,0.187405,0.851290,0.760518,0.942063,18,0.00033451,1,0.039316,0.068280,0.010351,0.955858,0.922473,0.989242,0.882130,0.812446,0.951814,0.015628,0.002150,0.185576,0.046544,0.050000,0,0,2,0,0
sun_moon,hinge2,aw0p125,1075,3852.670,0.186697,0.851195,0.760307,0.942084,18,0.00032160,1,0.039926,0.069144,0.010708,0.955243,0.921607,0.988879,0.882525,0.812878,0.952171,0.015642,0.002132,0.184929,0.045826,0.050000,0,0,2,0,0
sun_moon,hinge2,aw0p125,1100,4001.443,0.185506,0.852635,0.762376,0.942894,18,0.00028924,1,0.039915,0.069360,0.010470,0.955362,0.921593,0.989130,0.884011,0.815255,0.952766,0.015729,0.002085,0.182877,0.045215,0.050000,0,0,2,0,0
sun_moon,hinge2,aw0p125,1125,4024.799,0.187215,0.851749,0.760145,0.943352,18,0.00030572,1,0.040228,0.070225,0.010232,0.954958,0.920538,0.989377,0.883265,0.813526,0.953004,0.016035,0.002004,0.184215,0.045476,0.050000,0,0,2,0,0
sun_moon,hinge2,aw0p125,1150,4174.103,0.184185,0.853698,0.758992,0.948404,18,0.00025900,1,0.041136,0.072277,0.009994,0.954054,0.918435,0.989674,0.885866,0.813850,0.957882,0.015906,0.002095,0.183981,0.040019,0.050000,0,0,2,0,0
sun_moon,hinge2,aw0p125,1175,4197.389,0.182314,0.855737,0.760815,0.950659,18,0.00023177,1,0.040882,0.071413,0.010351,0.954394,0.919449,0.989338,0.887823,0.815147,0.960500,0.015989,0.001992,0.182675,0.037775,0.050000,0,0,2,0,0
sun_moon,hinge2,aw0p125,1200,4346.995,0.180595,0.855953,0.761303,0.950603,18,0.00025429,1,0.037477,0.068172,0.006782,0.957808,0.922653,0.992964,0.885126,0.813202,0.957049,0.015531,0.001415,0.184267,0.040997,0.050000,0,0,2,0,0
sun_moon,hinge2,aw0p125,1225,4370.298,0.184522,0.851859,0.760077,0.943640,18,0.00023225,1,0.040326,0.069468,0.011184,0.954842,0.921269,0.988415,0.883536,0.812878,0.954194,0.015506,0.001974,0.184894,0.043981,0.050000,0,0,2,0,0
sun_moon,hinge2,aw0p125,1250,4518.852,0.183928,0.853269,0.759512,0.947027,18,0.00024594,1,0.039498,0.070549,0.008447,0.955697,0.920161,0.991232,0.884060,0.813094,0.955027,0.015824,0.001678,0.184439,0.043052,0.050000,0,0,2,0,0
sun_moon,hinge2,aw0p125,1275,4541.975,0.183924,0.852130,0.760077,0.944183,18,0.00026689,2,0.039910,0.069468,0.010351,0.955267,0.921269,0.989266,0.883417,0.812878,0.953956,0.015221,0.002114,0.184933,0.043859,0.050000,0,0,2,0,0
sun_moon,hinge2,aw0p125,1300,4692.285,0.195433,0.840042,0.755912,0.924171,18,0.00013609,2,0.038258,0.064499,0.012017,0.956554,0.925792,0.987315,0.869972,0.804667,0.935277,0.014496,0.002353,0.192728,0.063152,0.050000,0,0,2,0,0
sun_moon,hinge2,aw0p125,1325,4715.699,0.193351,0.843112,0.756409,0.929814,18,0.00018347,0,0.039122,0.066227,0.012017,0.955753,0.924115,0.987391,0.873746,0.806504,0.940988,0.015001,0.002302,0.190618,0.057398,0.050000,0,0,2,0,0
sun_moon,hinge2,aw0p125,1350,4864.543,0.194253,0.839827,0.755501,0.924152,18,0.00021491,1,0.039344,0.065363,0.013325,0.955431,0.924891,0.985970,0.870675,0.804883,0.936466,0.014204,0.002580,0.191845,0.062088,0.050000,0,0,2,0,0
sun_moon,hinge2,aw0p125,1375,4888.029,0.192787,0.844141,0.758107,0.930175,18,0.00020770,1,0.039127,0.066119,0.012136,0.955826,0.924379,0.987274,0.874848,0.808232,0.941463,0.015008,0.002397,0.189393,0.056646,0.050000,0,0,2,0,0
sun_moon,hinge2,aw0p125,1400,5038.408,0.195024,0.842029,0.755385,0.928672,18,0.00027028,1,0.039607,0.068388,0.010827,0.955239,0.921881,0.988598,0.872886,0.807044,0.938727,0.015394,0.002180,0.190312,0.058765,0.050000,0,0,2,0,0
sun_moon,hinge2,aw0p125,1425,5061.845,0.185786,0.850135,0.757803,0.942466,18,0.00022044,1,0.037640,0.066119,0.009161,0.957405,0.924351,0.990460,0.879504,0.807908,0.951101,0.014975,0.001750,0.190165,0.047299,0.050000,0,0,2,0,0
sun_moon,hinge2,aw0p125,1450,5214.321,0.188237,0.847957,0.755077,0.940836,18,0.00021214,1,0.038374,0.069252,0.007496,0.956578,0.921001,0.992154,0.877628,0.807368,0.947888,0.015407,0.001582,0.190101,0.050164,0.050000,0,0,2,0,0
sun_moon,hinge2,aw0p125,1475,5237.929,0.187141,0.848636,0.757839,0.939433,18,0.00021241,1,0.037899,0.068064,0.007733,0.957165,0.922433,0.991897,0.878060,0.809421,0.946698,0.015287,0.001554,0.188242,0.051016,0.050000,0,0,2,0,0
sun_moon,hinge2,aw0p125,1500,5389.782,0.187155,0.848616,0.757910,0.939322,18,0.00025069,1,0.038336,0.068820,0.007852,0.956735,0.921696,0.991774,0.878384,0.810069,0.946698,0.015315,0.001636,0.187818,0.050531,0.050000,0,0,2,0,0
water_fire,hinge2,aw0p125,1,1.486,0.875831,0.285246,0.264280,0.306211,20,0.00019481,0,0.193900,0.180674,0.207126,0.637090,0.633299,0.640881,0.340832,0.312028,0.369636,0.024347,0.030608,0.684776,0.626968,0.050000,0,0,0,0,0
water_fire,hinge2,aw0p125,25,27.277,0.568052,0.492499,0.485688,0.499310,20,0.00013292,2,0.100132,0.078343,0.121921,0.845569,0.869880,0.821258,0.541962,0.523738,0.560186,0.010375,0.017898,0.473276,0.436457,0.050000,0,0,0,0,0
water_fire,hinge2,aw0p125,50,189.743,0.369408,0.671286,0.689060,0.653512,20,0.00015006,2,0.095738,0.068780,0.122696,0.885656,0.914583,0.856729,0.735074,0.736454,0.733695,0.008873,0.018068,0.259908,0.263165,0.050000,0,0,0,0,0
water_fire,hinge2,aw0p125,75,215.193,0.257928,0.771119,0.793109,0.749130,20,0.00047363,0,0.091955,0.071129,0.112781,0.901786,0.922741,0.880832,0.841570,0.849522,0.833617,0.009142,0.016267,0.148135,0.163788,0.050000,0,0,0,0,0
water_fire,hinge2,aw0p125,100,373.876,0.214858,0.806054,0.818424,0.793685,19,0.00021994,1,0.081492,0.068948,0.094036,0.914616,0.926946,0.902286,0.871586,0.874853,0.868319,0.008765,0.013394,0.122845,0.129288,0.050000,0,0,1,0,0
water_fire,hinge2,aw0p125,125,398.181,0.186314,0.832955,0.845572,0.820337,19,0.00031184,1,0.074663,0.064586,0.084741,0.923053,0.933055,0.913050,0.895019,0.900185,0.889853,0.008321,0.012343,0.098590,0.108287,0.050000,0,0,1,0,0
water_fire,hinge2,aw0p125,150,546.126,0.173475,0.843175,0.853712,0.832638,18,0.00035748,2,0.069216,0.061902,0.076530,0.928710,0.936082,0.921338,0.901459,0.906559,0.896359,0.007993,0.011098,0.092256,0.101462,0.050000,0,0,2,0,0
water_fire,hinge2,aw0p125,175,569.088,0.161640,0.852607,0.864509,0.840705,18,0.00030895,1,0.064550,0.057373,0.071727,0.933602,0.940943,0.926262,0.907558,0.914108,0.901007,0.007356,0.010286,0.084757,0.096960,0.050000,0,0,2,0,0
water_fire,hinge2,aw0p125,200,717.810,0.151969,0.861178,0.876458,0.845898,18,0.00012978,2,0.060150,0.049656,0.070643,0.938215,0.948789,0.927642,0.912817,0.919980,0.905655,0.006255,0.010252,0.079135,0.092559,0.050000,0,0,2,0,0
water_fire,hinge2,aw0p125,225,740.895,0.146922,0.866980,0.886765,0.847194,18,0.00004767,2,0.060570,0.044456,0.076685,0.938325,0.954200,0.922450,0.919174,0.926187,0.912161,0.005641,0.011216,0.073273,0.085647,0.050000,0,0,2,0,0
water_fire,hinge2,aw0p125,250,887.583,0.146825,0.867834,0.890859,0.844808,18,0.00003619,2,0.060345,0.040597,0.080093,0.938676,0.958044,0.919307,0.919748,0.927026,0.912471,0.005280,0.011658,0.073128,0.084973,0.050000,0,0,2,0,0
water_fire,hinge2,aw0p125,275,910.134,0.136919,0.875569,0.898753,0.852386,18,0.00077829,2,0.055118,0.035565,0.074671,0.943912,0.963194,0.924629,0.923375,0.930716,0.916034,0.004579,0.010700,0.068382,0.082134,0.050000,0,0,2,0,0
water_fire,hinge2,aw0p125,300,1049.509,0.125402,0.885870,0.919336,0.852404,17,0.00061772,2,0.050548,0.031538,0.069558,0.948463,0.967814,0.929113,0.930014,0.948331,0.911696,0.004032,0.010071,0.050997,0.086121,0.050000,0,0,3,0,0
water_fire,hinge2,aw0p125,325,1071.352,0.122172,0.888673,0.925962,0.851385,17,0.00032795,3,0.050845,0.033216,0.068474,0.948222,0.966446,0.929997,0.933201,0.956719,0.909682,0.004126,0.009915,0.042509,0.089048,0.050000,0,0,3,0,0
water_fire,hinge2,aw0p125,350,1209.195,0.117057,0.892825,0.929591,0.856058,17,0.00013362,1,0.047624,0.034055,0.061193,0.951338,0.965785,0.936891,0.934846,0.961248,0.908443,0.004285,0.008936,0.038307,0.089859,0.050000,0,0,3,0,0
water_fire,hinge2,aw0p125,375,1230.660,0.116589,0.892869,0.924773,0.860965,17,0.00012500,1,0.047185,0.034726,0.059644,0.951808,0.964981,0.938636,0.934601,0.956886,0.912316,0.004462,0.008651,0.042161,0.085942,0.050000,0,0,3,0,0
water_fire,hinge2,aw0p125,400,1368.273,0.113040,0.896567,0.928698,0.864436,17,0.00011309,0,0.051322,0.037578,0.065066,0.948230,0.962466,0.933993,0.942139,0.963597,0.920682,0.004763,0.009318,0.035666,0.077612,0.050000,0,0,3,0,0
water_fire,hinge2,aw0p125,425,1389.605,0.115471,0.894378,0.926171,0.862585,17,0.00014301,0,0.051896,0.038416,0.065376,0.947588,0.961590,0.933585,0.940364,0.961751,0.918978,0.004852,0.009432,0.037173,0.079298,0.050000,0,0,3,0,0
water_fire,hinge2,aw0p125,450,1524.774,0.114912,0.895254,0.930218,0.860290,17,0.00012574,0,0.054936,0.040933,0.068939,0.944852,0.959441,0.930262,0.943946,0.968294,0.919597,0.005079,0.009979,0.030471,0.078715,0.050000,0,0,3,0,0
water_fire,hinge2,aw0p125,475,1545.519,0.111960,0.899100,0.933527,0.864673,17,0.00020158,0,0.053342,0.039758,0.066925,0.946507,0.960651,0.932363,0.946592,0.970643,0.922541,0.005178,0.009744,0.028665,0.075595,0.050000,0,0,3,0,0
water_fire,hinge2,aw0p125,500,1680.187,0.110422,0.900049,0.933355,0.866744,17,0.00018917,1,0.054671,0.042107,0.067235,0.945373,0.958506,0.932240,0.948837,0.972656,0.925019,0.005354,0.009740,0.026686,0.073142,0.050000,0,0,3,0,0
water_fire,hinge2,aw0p125,525,1700.979,0.108269,0.901591,0.932078,0.871104,17,0.00016810,2,0.052973,0.042275,0.063672,0.947000,0.958299,0.935701,0.949025,0.971481,0.926569,0.005347,0.009246,0.027893,0.071670,0.050000,0,0,3,0,0
water_fire,hinge2,aw0p125,550,1836.316,0.108858,0.900884,0.929340,0.872427,17,0.00019068,2,0.052986,0.044623,0.061348,0.946959,0.956055,0.937863,0.948380,0.970810,0.925949,0.005860,0.008723,0.028353,0.072434,0.050000,0,0,3,0,0
water_fire,hinge2,aw0p125,575,1857.326,0.108406,0.901204,0.926473,0.875935,17,0.00031515,2,0.050675,0.044959,0.056390,0.949091,0.955622,0.942560,0.946728,0.968126,0.925329,0.005796,0.008234,0.031042,0.073085,0.050000,0,0,3,0,0
water_fire,hinge2,aw0p125,600,1991.706,0.110123,0.899427,0.924531,0.874323,17,0.00015067,2,0.052921,0.046972,0.058869,0.946966,0.953719,0.940214,0.946876,0.967958,0.925794,0.006025,0.008465,0.031130,0.072986,0.050000,0,0,3,0,0
water_fire,hinge2,aw0p125,625,2012.105,0.111371,0.898055,0.924719,0.871391,17,0.00019766,2,0.053779,0.045127,0.062432,0.946107,0.955390,0.936824,0.946121,0.966449,0.925794,0.005811,0.008909,0.032276,0.072430,0.050000,0,0,3,0,0
water_fire,hinge2,aw0p125,650,2141.481,0.111585,0.898613,0.926704,0.870521,17,0.00013468,1,0.054819,0.045965,0.063672,0.945193,0.954726,0.935661,0.947625,0.969300,0.925949,0.005936,0.009157,0.029356,0.072882,0.050000,0,0,3,0,0
water_fire,hinge2,aw0p125,675,2161.954,0.113307,0.897571,0.930602,0.864540,17,0.00014511,2,0.056226,0.044288,0.068164,0.943837,0.956414,0.931261,0.947643,0.971817,0.923470,0.005731,0.009855,0.027002,0.074717,0.050000,0,0,3,0,0
water_fire,hinge2,aw0p125,700,2294.447,0.111630,0.899338,0.932850,0.865825,17,0.00017230,2,0.054890,0.041772,0.068009,0.945140,0.958788,0.931492,0.948263,0.971817,0.924710,0.005339,0.009882,0.027273,0.073980,0.050000,0,0,3,0,0
water_fire,hinge2,aw0p125,725,2314.962,0.109627,0.900678,0.934020,0.867335,17,0.00016397,2,0.054296,0.042443,0.066150,0.945735,0.958230,0.933240,0.949186,0.973662,0.924710,0.005375,0.009582,0.025499,0.073867,0.050000,0,0,3,0,0
water_fire,hinge2,aw0p125,750,2447.921,0.107869,0.902626,0.939168,0.866084,17,0.00014635,2,0.050599,0.036907,0.064291,0.949143,0.963485,0.934800,0.947798,0.973830,0.921766,0.004809,0.009404,0.025211,0.076617,0.050000,0,0,3,0,0
water_fire,hinge2,aw0p125,775,2468.436,0.103649,0.905801,0.941454,0.870149,17,0.00018878,1,0.046675,0.031538,0.061813,0.952920,0.968546,0.937294,0.947540,0.971146,0.923935,0.004110,0.008878,0.028351,0.074779,0.050000,0,0,3,0,0
water_fire,hinge2,aw0p125,800,2604.021,0.104942,0.904494,0.940785,0.868202,17,0.00032062,2,0.048321,0.034055,0.062587,0.951323,0.966178,0.936468,0.947682,0.972823,0.922541,0.004415,0.008961,0.026810,0.075623,0.050000,0,0,3,0,0
water_fire,hinge2,aw0p125,825,2624.301,0.103384,0.905680,0.940594,0.870765,17,0.00028315,2,0.047217,0.033551,0.060883,0.952404,0.966639,0.938169,0.947966,0.972152,0.923780,0.004362,0.008724,0.027094,0.074591,0.050000,0,0,3,0,0
water_fire,hinge2,aw0p125,850,2758.525,0.102185,0.906009,0.940163,0.871855,17,0.00023563,2,0.045365,0.031706,0.059024,0.954131,0.968347,0.939915,0.946643,0.969971,0.923315,0.003991,0.008479,0.029065,0.075214,0.050000,0,0,3,0,0
water_fire,hinge2,aw0p125,875,2779.198,0.102242,0.905965,0.939163,0.872767,17,0.00029342,2,0.046075,0.034055,0.058095,0.953468,0.966121,0.940814,0.947308,0.971146,0.923470,0.004316,0.008338,0.028021,0.074820,0.050000,0,0,3,0,0
water_fire,hinge2,aw0p125,900,2915.960,0.099705,0.908561,0.941186,0.875936,17,0.00018972,3,0.043848,0.032545,0.055151,0.955643,0.967596,0.943689,0.948031,0.971817,0.924245,0.004148,0.008028,0.027419,0.074319,0.050000,0,0,3,0,0
water_fire,hinge2,aw0p125,925,2936.920,0.100904,0.906585,0.940094,0.873076,17,0.00023709,2,0.043771,0.030532,0.057010,0.955633,0.969448,0.941818,0.945824,0.968797,0.922851,0.003752,0.008201,0.030327,0.075520,0.050000,0,0,3,0,0
water_fire,hinge2,aw0p125,950,3076.207,0.102393,0.906537,0.942639,0.870435,17,0.00022208,2,0.046475,0.032377,0.060573,0.953113,0.967801,0.938425,0.948160,0.973159,0.923160,0.004198,0.008671,0.026310,0.075209,0.050000,0,0,3,0,0
water_fire,hinge2,aw0p125,975,3097.552,0.103836,0.905791,0.942955,0.868628,17,0.00019722,2,0.047940,0.032209,0.063672,0.951749,0.967968,0.935529,0.948631,0.973327,0.923935,0.004192,0.009179,0.026087,0.074342,0.050000,0,0,3,0,0
water_fire,hinge2,aw0p125,1000,3236.700,0.103530,0.906030,0.940127,0.871933,17,0.00017957,2,0.047385,0.033887,0.060883,0.952279,0.966311,0.938246,0.948502,0.971985,0.925019,0.004454,0.008817,0.026814,0.073826,0.050000,0,0,3,0,0
water_fire,hinge2,aw0p125,1025,3258.027,0.103756,0.905951,0.940185,0.871716,17,0.00019556,2,0.048198,0.034893,0.061503,0.951528,0.965379,0.937677,0.949160,0.972991,0.925329,0.004567,0.008887,0.026305,0.073301,0.050000,0,0,3,0,0
water_fire,hinge2,aw0p125,1050,3391.762,0.106009,0.903357,0.937338,0.869375,16,0.00013465,1,0.049947,0.036068,0.063826,0.949817,0.964191,0.935443,0.948005,0.971146,0.924864,0.004719,0.009070,0.027741,0.073775,0.050000,0,0,4,0,0
water_fire,hinge2,aw0p125,1075,3412.059,0.107217,0.901183,0.933226,0.869141,16,0.00010955,3,0.050934,0.037578,0.064291,0.948828,0.962642,0.935014,0.946657,0.968294,0.925019,0.004860,0.009007,0.030080,0.073271,0.050000,0,0,4,0,0
water_fire,hinge2,aw0p125,1100,3541.472,0.103565,0.904530,0.934955,0.874105,16,0.00014314,2,0.047475,0.034222,0.060728,0.952173,0.965818,0.938529,0.947070,0.966952,0.927188,0.004398,0.008542,0.032005,0.071408,0.050000,0,0,4,0,0
water_fire,hinge2,aw0p125,1125,3561.294,0.105718,0.903001,0.935981,0.870022,16,0.00010079,3,0.048514,0.035061,0.061967,0.951110,0.965074,0.937146,0.946366,0.968797,0.923935,0.004513,0.008940,0.029701,0.073976,0.050000,0,0,4,0,0
water_fire,hinge2,aw0p125,1150,3684.860,0.104947,0.902810,0.935033,0.870587,16,0.00011061,5,0.047346,0.032880,0.061813,0.952199,0.967075,0.937323,0.945089,0.965778,0.924400,0.004263,0.008706,0.032264,0.073730,0.050000,0,0,4,0,0
water_fire,hinge2,aw0p125,1175,3705.511,0.103380,0.905347,0.939552,0.871142,16,0.00011950,3,0.045778,0.032377,0.059179,0.953714,0.967699,0.939729,0.946334,0.969971,0.922696,0.004219,0.008512,0.029257,0.075493,0.050000,0,0,4,0,0
water_fire,hinge2,aw0p125,1200,3839.091,0.104940,0.903520,0.934951,0.872088,16,0.00007977,2,0.047029,0.036739,0.057320,0.952478,0.963482,0.941474,0.945688,0.969300,0.922076,0.004642,0.008370,0.029723,0.075953,0.050000,0,0,4,0,0
water_fire,hinge2,aw0p125,1225,3859.843,0.104174,0.902946,0.933441,0.872450,16,0.00011083,2,0.045680,0.035900,0.055461,0.953697,0.964202,0.943193,0.943894,0.966952,0.920837,0.004562,0.007848,0.032226,0.076687,0.050000,0,0,4,0,0
water_fire,hinge2,aw0p125,1250,3992.228,0.101748,0.905989,0.940240,0.871738,16,0.00010845,2,0.044952,0.033048,0.056855,0.954485,0.967095,0.941875,0.946307,0.971314,0.921301,0.004203,0.008116,0.027783,0.077007,0.050000,0,0,4,0,0
water_fire,hinge2,aw0p125,1275,4012.449,0.104576,0.904354,0.939796,0.868912,16,0.00009272,4,0.049502,0.036571,0.062432,0.950236,0.963817,0.936655,0.948663,0.974165,0.923160,0.004841,0.008822,0.024969,0.074754,0.050000,0,0,4,0,0
water_fire,hinge2,aw0p125,1300,4141.968,0.104772,0.904056,0.939188,0.868924,16,0.00009466,3,0.049295,0.037242,0.061348,0.950403,0.963178,0.937628,0.948198,0.974165,0.922231,0.004886,0.008674,0.025026,0.075911,0.050000,0,0,4,0,0
water_fire,hinge2,aw0p125,1325,4162.157,0.102775,0.905069,0.938947,0.871190,16,0.00009594,3,0.046533,0.035900,0.057165,0.952981,0.964405,0.941558,0.946824,0.972656,0.920991,0.004621,0.008121,0.026464,0.077016,0.050000,0,0,4,0,0
water_fire,hinge2,aw0p125,1350,4288.684,0.100759,0.906607,0.940175,0.873039,16,0.00008605,3,0.045713,0.034726,0.056700,0.953816,0.965534,0.942098,0.947682,0.972823,0.922541,0.004439,0.008042,0.026084,0.075465,0.050000,0,0,4,0,0
water_fire,hinge2,aw0p125,1375,4309.021,0.101260,0.905855,0.939404,0.872306,16,0.00010398,2,0.046048,0.035397,0.056700,0.953469,0.964886,0.942052,0.947211,0.972656,0.921766,0.004408,0.008097,0.026221,0.076113,0.050000,0,0,4,0,0
water_fire,hinge2,aw0p125,1400,4438.549,0.101696,0.906178,0.939355,0.873002,16,0.00009408,2,0.045474,0.034558,0.056390,0.954019,0.965661,0.942378,0.947024,0.971817,0.922231,0.004488,0.008087,0.026623,0.076036,0.050000,0,0,4,0,0
water_fire,hinge2,aw0p125,1425,4458.649,0.101944,0.905935,0.939070,0.872799,16,0.00011098,2,0.045577,0.035229,0.055926,0.953909,0.965029,0.942789,0.946882,0.972152,0.921611,0.004457,0.008060,0.027266,0.076329,0.050000,0,0,4,0,0
water_fire,hinge2,aw0p125,1450,4586.340,0.102029,0.905511,0.939374,0.871648,16,0.00011526,2,0.046107,0.034893,0.057320,0.953399,0.965351,0.941446,0.946882,0.972152,0.921611,0.004460,0.008198,0.026348,0.076284,0.050000,0,0,4,0,0
water_fire,hinge2,aw0p125,1475,4606.436,0.102636,0.904447,0.939246,0.869648,16,0.00011100,2,0.044629,0.032713,0.056545,0.954701,0.967375,0.942027,0.944397,0.969971,0.918823,0.004236,0.007946,0.028868,0.078789,0.050000,0,0,4,0,0
water_fire,hinge2,aw0p125,1500,4734.143,0.103767,0.904083,0.936577,0.871588,16,0.00010786,2,0.044919,0.034222,0.055616,0.954436,0.965875,0.942998,0.944346,0.968629,0.920062,0.004343,0.008071,0.030600,0.077471,0.050000,0,0,4,0,0
cat_face_bass,hinge2,aw0p125,1,1.515,1.122189,0.156161,0.189012,0.123311,20,0.00019250,0,0.162489,0.112545,0.212434,0.532224,0.651379,0.413070,0.179895,0.210284,0.149506,0.027935,0.048108,0.787380,0.848383,0.050000,0,0,0,0,0
cat_face_bass,hinge2,aw0p125,25,27.370,0.867762,0.258618,0.282683,0.234552,20,0.00000026,1,0.080555,0.051421,0.109689,0.778015,0.852511,0.703519,0.278749,0.297219,0.260280,0.012570,0.024736,0.700052,0.737026,0.050000,0,0,0,0,0
cat_face_bass,hinge2,aw0p125,50,191.412,0.695502,0.405050,0.407924,0.402177,20,0.00040488,0,0.072131,0.047919,0.096344,0.859939,0.899200,0.820679,0.434198,0.427471,0.440924,0.011572,0.021563,0.568718,0.556642,0.050000,0,0,0,0,0
cat_face_bass,hinge2,aw0p125,75,217.266,0.519740,0.549946,0.511288,0.588603,20,0.00121468,1,0.058523,0.041317,0.075730,0.910580,0.927986,0.893174,0.582795,0.532413,0.633178,0.009812,0.016468,0.463659,0.363875,0.050000,0,0,0,0,0
cat_face_bass,hinge2,aw0p125,100,383.047,0.409515,0.650459,0.569536,0.731382,20,0.00047792,0,0.052860,0.049520,0.056200,0.927837,0.923493,0.932181,0.685112,0.597739,0.772486,0.011928,0.012222,0.399354,0.225806,0.050000,0,0,0,0,0
cat_face_bass,hinge2,aw0p125,125,408.709,0.355766,0.697905,0.605436,0.790373,20,0.00005445,2,0.048491,0.048920,0.048063,0.936819,0.928477,0.945160,0.731707,0.635054,0.828361,0.011911,0.010509,0.362226,0.169874,0.050000,0,0,0,0,0
cat_face_bass,hinge2,aw0p125,150,575.742,0.304396,0.746818,0.659212,0.834425,20,0.00014610,1,0.047526,0.051220,0.043832,0.941630,0.931174,0.952087,0.781988,0.692977,0.870999,0.012464,0.009560,0.305348,0.127044,0.050000,0,0,0,0,0
cat_face_bass,hinge2,aw0p125,175,601.757,0.275221,0.773602,0.700374,0.846830,20,0.00012027,1,0.046379,0.043717,0.049040,0.945627,0.943569,0.947685,0.809675,0.730992,0.888358,0.010759,0.010817,0.267740,0.109920,0.050000,0,0,0,0,0
cat_face_bass,hinge2,aw0p125,200,764.769,0.268097,0.783718,0.715277,0.852159,20,0.00005763,0,0.050138,0.052321,0.047955,0.942022,0.935007,0.949037,0.822862,0.752701,0.893024,0.012776,0.010299,0.246305,0.105209,0.050000,0,0,0,0,0
cat_face_bass,hinge2,aw0p125,225,790.463,0.254385,0.798596,0.742447,0.854745,20,0.00015148,1,0.050108,0.053021,0.047195,0.943201,0.936489,0.949914,0.838449,0.781813,0.895085,0.013053,0.010447,0.217211,0.103348,0.050000,0,0,0,0,0
cat_face_bass,hinge2,aw0p125,250,955.586,0.242315,0.809567,0.757155,0.861980,20,0.00069382,1,0.049984,0.052121,0.047846,0.944141,0.938590,0.949692,0.849920,0.796619,0.903222,0.012749,0.010570,0.202288,0.094818,0.050000,0,0,0,0,0
cat_face_bass,hinge2,aw0p125,275,981.249,0.231186,0.819507,0.770730,0.868285,20,0.00099842,3,0.049066,0.052021,0.046110,0.945699,0.939710,0.951688,0.859573,0.810824,0.908322,0.012665,0.010235,0.187598,0.090175,0.050000,0,0,0,0,0
cat_face_bass,hinge2,aw0p125,300,1144.630,0.230088,0.825304,0.779915,0.870693,20,0.00110718,3,0.053192,0.060924,0.045459,0.941927,0.931419,0.952435,0.868853,0.827431,0.910274,0.014945,0.010048,0.170978,0.087704,0.050000,0,0,0,0,0
cat_face_bass,hinge2,aw0p125,325,1169.801,0.235228,0.825361,0.778744,0.871978,20,0.00089916,4,0.058007,0.070228,0.045785,0.937239,0.922285,0.952192,0.872668,0.833433,0.911902,0.017226,0.010005,0.164993,0.086351,0.050000,0,0,0,0,0
cat_face_bass,hinge2,aw0p125,350,1332.279,0.226828,0.830010,0.783217,0.876803,20,0.00115957,4,0.054988,0.064626,0.045351,0.940462,0.928070,0.952854,0.875200,0.833834,0.916567,0.015649,0.010105,0.164669,0.081328,0.050000,0,0,0,0,0
cat_face_bass,hinge2,aw0p125,375,1357.535,0.208953,0.844863,0.815981,0.873744,20,0.00113676,3,0.052722,0.057923,0.047521,0.943881,0.937120,0.950642,0.889255,0.863245,0.915265,0.014164,0.010564,0.135783,0.082711,0.050000,0,0,0,0,0
cat_face_bass,hinge2,aw0p125,400,1522.333,0.192769,0.854467,0.837686,0.871248,20,0.00086126,3,0.048950,0.049620,0.048280,0.948186,0.946581,0.949791,0.896282,0.879252,0.913312,0.011825,0.010549,0.119712,0.085631,0.050000,0,0,0,0,0
cat_face_bass,hinge2,aw0p125,425,1547.845,0.180395,0.864773,0.853654,0.875892,20,0.00086556,3,0.046779,0.044518,0.049040,0.950890,0.952447,0.949333,0.905251,0.891657,0.918846,0.010758,0.010840,0.107396,0.079403,0.050000,0,0,0,0,0
cat_face_bass,hinge2,aw0p125,450,1708.097,0.163666,0.873840,0.857761,0.889920,19,0.00126967,2,0.040855,0.040916,0.040794,0.956998,0.956182,0.957814,0.909540,0.892857,0.926223,0.009649,0.008835,0.105452,0.072231,0.050000,0,0,1,0,0
cat_face_bass,hinge2,aw0p125,475,1732.725,0.153063,0.879744,0.857513,0.901975,19,0.00139797,2,0.034170,0.041216,0.027124,0.963715,0.955874,0.971555,0.909649,0.892857,0.926440,0.009813,0.006020,0.105747,0.071760,0.050000,0,0,1,0,0
cat_face_bass,hinge2,aw0p125,500,1896.701,0.142931,0.887217,0.864628,0.909806,19,0.00174414,2,0.030891,0.040516,0.021265,0.967266,0.956906,0.977626,0.914406,0.899660,0.929153,0.009718,0.004652,0.098824,0.069636,0.050000,0,0,1,0,0
cat_face_bass,hinge2,aw0p125,525,1921.858,0.139337,0.890321,0.868547,0.912094,19,0.00135052,2,0.030422,0.042617,0.018227,0.967903,0.955054,0.980752,0.917140,0.905562,0.928719,0.010200,0.004018,0.093508,0.069530,0.050000,0,0,1,0,0
cat_face_bass,hinge2,aw0p125,550,2080.623,0.140444,0.890406,0.872687,0.908124,19,0.00177294,3,0.031903,0.043517,0.020289,0.966483,0.954393,0.978572,0.918607,0.910664,0.926549,0.010342,0.004535,0.087893,0.071497,0.050000,0,0,1,0,0
cat_face_bass,hinge2,aw0p125,575,2105.487,0.139113,0.893004,0.876858,0.909149,19,0.00148731,2,0.032083,0.043117,0.021048,0.966405,0.954982,0.977829,0.921475,0.914666,0.928285,0.010486,0.004722,0.084552,0.069932,0.050000,0,0,1,0,0
cat_face_bass,hinge2,aw0p125,600,2261.992,0.136234,0.896323,0.879621,0.913025,18,0.00138743,2,0.033755,0.044618,0.022892,0.964883,0.953691,0.976074,0.926397,0.918868,0.933926,0.010697,0.005048,0.079931,0.064631,0.050000,0,0,2,0,0
cat_face_bass,hinge2,aw0p125,625,2286.139,0.134092,0.896650,0.881699,0.911602,18,0.00145304,2,0.032337,0.043517,0.021157,0.966308,0.954838,0.977778,0.925478,0.920068,0.930889,0.010477,0.004617,0.078583,0.066814,0.050000,0,0,2,0,0
cat_face_bass,hinge2,aw0p125,650,2439.390,0.133905,0.897428,0.882150,0.912706,18,0.00154040,2,0.033108,0.045818,0.020397,0.965627,0.952686,0.978568,0.926946,0.922569,0.931323,0.010892,0.004349,0.076215,0.067510,0.050000,0,0,2,0,0
cat_face_bass,hinge2,aw0p125,675,2463.317,0.137523,0.897184,0.883630,0.910737,18,0.00140384,3,0.037574,0.050520,0.024628,0.961336,0.948385,0.974286,0.930719,0.928271,0.933167,0.012058,0.005156,0.070452,0.064915,0.050000,0,0,2,0,0
cat_face_bass,hinge2,aw0p125,700,2615.819,0.134475,0.898792,0.885396,0.912188,18,0.00088476,3,0.037808,0.050120,0.025496,0.961159,0.948851,0.973467,0.932609,0.929772,0.935445,0.011860,0.005180,0.068955,0.062441,0.050000,0,0,2,0,0
cat_face_bass,hinge2,aw0p125,725,2639.520,0.130827,0.902100,0.888878,0.915322,18,0.00109124,2,0.037489,0.046118,0.028860,0.961507,0.952747,0.970266,0.935805,0.929872,0.941738,0.010728,0.006226,0.068529,0.055966,0.050000,0,0,2,0,0
cat_face_bass,hinge2,aw0p125,750,2793.297,0.132544,0.902616,0.891402,0.913829,18,0.00124246,4,0.038079,0.043717,0.032440,0.960939,0.955120,0.966759,0.936923,0.930372,0.943474,0.010320,0.007249,0.068606,0.054189,0.050000,0,0,2,0,0
cat_face_bass,hinge2,aw0p125,775,2817.004,0.136054,0.900949,0.887845,0.914053,18,0.00101130,3,0.040633,0.043617,0.037648,0.958432,0.955042,0.961822,0.937518,0.926571,0.948465,0.010245,0.008470,0.071699,0.049278,0.050000,0,0,2,0,0
cat_face_bass,hinge2,aw0p125,800,2970.047,0.133816,0.904236,0.890885,0.917587,18,0.00024737,3,0.041427,0.041517,0.041337,0.957853,0.957172,0.958533,0.941694,0.927871,0.955517,0.009826,0.009230,0.071260,0.043573,0.050000,0,0,2,0,0
cat_face_bass,hinge2,aw0p125,825,2993.544,0.127810,0.909490,0.895983,0.922996,18,0.00040129,3,0.039552,0.043517,0.035586,0.959816,0.955526,0.964106,0.945408,0.934974,0.955842,0.010393,0.008132,0.064447,0.042415,0.050000,0,0,2,0,0
cat_face_bass,hinge2,aw0p125,850,3144.811,0.125224,0.912329,0.895591,0.929067,18,0.00065986,2,0.040330,0.048219,0.032440,0.959216,0.951145,0.967287,0.948991,0.938776,0.959206,0.011417,0.007350,0.060358,0.039029,0.050000,0,0,2,0,1
cat_face_bass,hinge2,aw0p125,875,3168.382,0.121201,0.915149,0.895184,0.935113,18,0.00106740,2,0.037668,0.047019,0.028317,0.961813,0.952231,0.971394,0.949434,0.937275,0.961593,0.011293,0.006459,0.061776,0.037117,0.050000,0,0,2,0,1
cat_face_bass,hinge2,aw0p125,900,3320.958,0.119229,0.916502,0.895109,0.937896,18,0.00096545,2,0.037226,0.047219,0.027232,0.962277,0.952042,0.972511,0.950406,0.937375,0.963437,0.011359,0.006174,0.061593,0.035249,0.050000,0,0,2,0,1
cat_face_bass,hinge2,aw0p125,925,3344.614,0.116527,0.918002,0.897090,0.938914,18,0.00098119,2,0.035800,0.045018,0.026581,0.963671,0.954180,0.973162,0.950673,0.937475,0.963871,0.011052,0.005927,0.061355,0.034497,0.050000,0,0,2,0,1
cat_face_bass,hinge2,aw0p125,950,3495.327,0.115836,0.917590,0.895552,0.939628,18,0.00092533,2,0.036033,0.045918,0.026147,0.963433,0.953268,0.973598,0.950436,0.936675,0.964197,0.011024,0.005827,0.061487,0.034083,0.050000,0,0,2,0,1
cat_face_bass,hinge2,aw0p125,975,3518.618,0.117418,0.917536,0.900363,0.934709,18,0.00085776,1,0.038244,0.046218,0.030270,0.961377,0.953229,0.969525,0.952490,0.941977,0.963003,0.011162,0.006461,0.056922,0.035729,0.050000,0,0,2,0,1
cat_face_bass,hinge2,aw0p125,1000,3671.219,0.115040,0.919043,0.900335,0.937751,18,0.00081920,1,0.035750,0.044918,0.026581,0.963780,0.954430,0.973130,0.951727,0.940776,0.962678,0.010876,0.006032,0.057885,0.035786,0.050000,0,0,2,0,1
cat_face_bass,hinge2,aw0p125,1025,3694.940,0.117471,0.917418,0.901034,0.933803,18,0.00073145,1,0.038883,0.045218,0.032549,0.960766,0.954186,0.967345,0.952987,0.941777,0.964197,0.010884,0.006929,0.057066,0.034350,0.050000,0,0,2,0,1
cat_face_bass,hinge2,aw0p125,1050,3846.785,0.114550,0.920655,0.902523,0.938786,18,0.00078359,1,0.037405,0.046819,0.027992,0.962299,0.952785,0.971813,0.954921,0.944778,0.965065,0.011171,0.006298,0.054446,0.033800,0.050000,0,0,2,0,1
cat_face_bass,hinge2,aw0p125,1075,3870.394,0.114240,0.920803,0.904211,0.937395,18,0.00069528,1,0.037410,0.045418,0.029402,0.962293,0.954155,0.970431,0.955117,0.945278,0.964956,0.010884,0.006616,0.053812,0.033697,0.050000,0,0,2,0,1
cat_face_bass,hinge2,aw0p125,1100,4026.762,0.114852,0.920251,0.903365,0.937138,18,0.00074049,1,0.038499,0.046619,0.030379,0.961254,0.953010,0.969499,0.955543,0.945478,0.965607,0.011096,0.006720,0.053365,0.032776,0.050000,0,0,2,0,1
cat_face_bass,hinge2,aw0p125,1125,4050.958,0.117307,0.918611,0.902416,0.934805,18,0.00069557,1,0.039754,0.047719,0.031789,0.960024,0.951954,0.968093,0.955000,0.945478,0.964522,0.011493,0.006812,0.053061,0.034146,0.050000,0,0,2,0,1
cat_face_bass,hinge2,aw0p125,1150,4202.975,0.114167,0.920277,0.903232,0.937322,18,0.00069557,1,0.037214,0.046218,0.028209,0.962467,0.953371,0.971563,0.954370,0.944978,0.963763,0.011110,0.006253,0.053659,0.034800,0.050000,0,0,2,0,1
cat_face_bass,hinge2,aw0p125,1175,4226.624,0.117104,0.919729,0.903688,0.935769,18,0.00070844,0,0.038699,0.047019,0.030379,0.961057,0.952659,0.969456,0.955188,0.946178,0.964197,0.011387,0.006883,0.052616,0.034441,0.050000,0,0,2,0,1
cat_face_bass,hinge2,aw0p125,1200,4416.205,0.112251,0.921561,0.904616,0.938506,18,0.00078940,2,0.035891,0.046719,0.025062,0.963795,0.952980,0.974610,0.954453,0.946879,0.962027,0.011435,0.005509,0.051750,0.036093,0.050000,0,0,2,0,1
cat_face_bass,hinge2,aw0p125,1225,4447.729,0.113590,0.920379,0.902183,0.938575,18,0.00073104,1,0.038656,0.049320,0.027992,0.961144,0.950482,0.971806,0.955763,0.946679,0.964848,0.011759,0.005723,0.052348,0.033957,0.050000,0,0,2,0,1
cat_face_bass,hinge2,aw0p125,1250,4613.870,0.111156,0.922477,0.905731,0.939224,18,0.00078250,2,0.035156,0.047419,0.022892,0.964561,0.952395,0.976726,0.954702,0.948679,0.960725,0.011523,0.005086,0.050362,0.037981,0.050000,0,0,2,0,1
cat_face_bass,hinge2,aw0p125,1275,4637.822,0.111976,0.922180,0.904671,0.939689,18,0.00089577,1,0.036353,0.047319,0.025388,0.963381,0.952434,0.974328,0.955512,0.947479,0.963546,0.011582,0.005443,0.051718,0.034786,0.050000,0,0,2,0,1
cat_face_bass,hinge2,aw0p125,1300,4786.676,0.114081,0.921979,0.903447,0.940510,18,0.00076866,1,0.037787,0.050620,0.024954,0.962068,0.949370,0.974767,0.956580,0.949180,0.963980,0.012243,0.005583,0.049595,0.034884,0.050000,0,0,2,0,1
cat_face_bass,hinge2,aw0p125,1325,4810.417,0.110935,0.923016,0.907294,0.938739,18,0.00092295,2,0.035736,0.047819,0.023652,0.964043,0.952109,0.975978,0.955811,0.950680,0.960942,0.011584,0.005290,0.048215,0.037374,0.050000,0,0,2,0,1
cat_face_bass,hinge2,aw0p125,1350,4961.085,0.111239,0.925725,0.909013,0.942436,18,0.00084688,1,0.036727,0.050020,0.023435,0.963242,0.950204,0.976279,0.959502,0.954482,0.964522,0.012475,0.005284,0.044893,0.034327,0.050000,0,0,2,0,1
cat_face_bass,hinge2,aw0p125,1375,4984.554,0.111441,0.924389,0.905994,0.942784,18,0.00088181,1,0.037699,0.051421,0.023977,0.962275,0.948784,0.975765,0.958986,0.952581,0.965390,0.012391,0.005291,0.046515,0.033675,0.050000,0,0,2,0,1
cat_face_bass,hinge2,aw0p125,1400,5136.936,0.111046,0.924902,0.908840,0.940965,18,0.00100120,1,0.038408,0.051321,0.025496,0.961642,0.949026,0.974258,0.960219,0.955482,0.964956,0.012405,0.005438,0.043760,0.034182,0.050000,0,0,2,0,1
cat_face_bass,hinge2,aw0p125,1425,5160.486,0.111046,0.923309,0.908848,0.937770,18,0.00091910,1,0.038381,0.048119,0.028643,0.961539,0.951914,0.971163,0.958606,0.952581,0.964631,0.011637,0.005882,0.046477,0.034171,0.050000,0,0,2,0,1
cat_face_bass,hinge2,aw0p125,1450,5310.263,0.112174,0.923235,0.906482,0.939987,18,0.00090624,1,0.037241,0.049420,0.025062,0.962632,0.950615,0.974649,0.957413,0.951281,0.963546,0.011952,0.005624,0.047904,0.034568,0.050000,0,0,2,0,1
cat_face_bass,hinge2,aw0p125,1475,5334.325,0.109828,0.924309,0.908500,0.940118,18,0.00084022,1,0.035907,0.046319,0.025496,0.963886,0.953537,0.974235,0.957334,0.950580,0.964088,0.011306,0.005663,0.048284,0.034446,0.050000,0,0,2,0,1
cat_face_bass,hinge2,aw0p125,1500,5483.921,0.107304,0.925464,0.909483,0.941444,18,0.00063788,1,0.034523,0.044418,0.024628,0.965216,0.955327,0.975104,0.957255,0.949880,0.964631,0.010891,0.005432,0.049217,0.033918,0.050000,0,0,2,0,1
cat_face_bass,hinge2,aw0p125,1525,5507.813,0.110688,0.924632,0.907323,0.941942,18,0.00081198,2,0.037575,0.049220,0.025930,0.962354,0.950839,0.973868,0.959174,0.951981,0.966366,0.011740,0.005813,0.047244,0.032568,0.050000,0,0,2,0,1
cat_face_bass,hinge2,aw0p125,1550,5659.826,0.111680,0.923414,0.909334,0.937493,18,0.00088084,1,0.038756,0.048219,0.029294,0.961193,0.951848,0.970537,0.959069,0.953181,0.964956,0.011521,0.006307,0.045612,0.033888,0.050000,0,0,2,0,1
cat_face_bass,hinge2,aw0p125,1575,5683.756,0.114050,0.923030,0.907453,0.938608,18,0.00072903,3,0.039077,0.049620,0.028534,0.960888,0.950484,0.971291,0.958936,0.952481,0.965390,0.011796,0.006529,0.046533,0.033940,0.050000,0,0,2,0,1
cat_face_bass,hinge2,aw0p125,1600,5836.751,0.109761,0.924309,0.909065,0.939554,18,0.00079814,3,0.036454,0.046218,0.026690,0.963366,0.953656,0.973077,0.957856,0.951080,0.964631,0.011191,0.005842,0.047817,0.034325,0.050000,0,0,2,0,1
cat_face_bass,hinge2,aw0p125,1625,5860.532,0.108075,0.926620,0.912778,0.940461,18,0.00086105,1,0.037125,0.048319,0.025930,0.962880,0.951931,0.973828,0.960865,0.956883,0.964848,0.011586,0.005664,0.042247,0.034692,0.050000,0,0,2,0,1
cat_face_bass,hinge2,aw0p125,1650,6007.693,0.105885,0.928730,0.915798,0.941662,18,0.00073720,1,0.035128,0.045518,0.024737,0.964812,0.954618,0.975005,0.961220,0.957483,0.964956,0.011156,0.005752,0.041368,0.034108,0.050000,0,0,2,0,1
cat_face_bass,hinge2,aw0p125,1675,6031.359,0.109731,0.925990,0.915343,0.936637,18,0.00084265,1,0.037448,0.045818,0.029077,0.962520,0.954323,0.970717,0.960577,0.957283,0.963871,0.011194,0.006477,0.041931,0.034987,0.050000,0,0,2,0,1
cat_face_bass,hinge2,aw0p125,1700,6178.760,0.105604,0.927671,0.915814,0.939528,18,0.00072576,2,0.035987,0.045718,0.026256,0.963964,0.954437,0.973491,0.960940,0.957683,0.964197,0.011118,0.005782,0.041362,0.033631,0.050000,0,0,2,0,1
cat_face_bass,hinge2,aw0p125,1725,6202.562,0.109012,0.926727,0.916324,0.937131,18,0.00087357,1,0.037326,0.046118,0.028534,0.962672,0.954097,0.971247,0.961227,0.958583,0.963871,0.011223,0.006422,0.040617,0.035017,0.050000,0,0,2,0,1
cat_face_bass,hinge2,aw0p125,1750,6354.814,0.105031,0.929035,0.916874,0.941195,18,0.00074629,1,0.035220,0.044618,0.025822,0.964721,0.955489,0.973952,0.961641,0.957783,0.965499,0.011024,0.005750,0.041234,0.033594,0.050000,0,0,2,0,1
cat_face_bass,hinge2,aw0p125,1775,6378.352,0.105414,0.929234,0.916476,0.941992,18,0.00061674,1,0.035886,0.046819,0.024954,0.964138,0.953470,0.974806,0.962441,0.959384,0.965499,0.011552,0.005653,0.039601,0.032729,0.050000,0,0,2,0,1
cat_face_bass,hinge2,aw0p125,1800,6520.688,0.105909,0.928539,0.915640,0.941438,18,0.00063938,1,0.035819,0.047119,0.024520,0.964183,0.953158,0.975208,0.961653,0.958784,0.964522,0.011538,0.005578,0.040134,0.033861,0.050000,0,0,2,0,1
cat_face_bass,hinge2,aw0p125,1825,6544.316,0.105334,0.928559,0.917592,0.939526,18,0.00072123,1,0.034815,0.045218,0.024411,0.965120,0.954976,0.975264,0.960772,0.959084,0.962461,0.011042,0.005680,0.040099,0.035778,0.050000,0,0,2,0,1
cat_face_bass,hinge2,aw0p125,1850,6691.983,0.106225,0.927727,0.916683,0.938771,18,0.00075191,1,0.035006,0.045818,0.024194,0.964921,0.954387,0.975454,0.960084,0.958683,0.961484,0.011171,0.005572,0.040501,0.036951,0.050000,0,0,2,0,1
cat_face_bass,hinge2,aw0p125,1875,6715.780,0.106123,0.927904,0.918309,0.937500,18,0.00058030,1,0.035006,0.045818,0.024194,0.964943,0.954464,0.975422,0.960283,0.960384,0.960182,0.011203,0.005569,0.039312,0.037948,0.050000,0,0,2,0,1
cat_face_bass,hinge2,aw0p125,1900,6870.168,0.105874,0.926749,0.917658,0.935839,18,0.00079035,2,0.033577,0.042417,0.024737,0.966197,0.957541,0.974854,0.957786,0.956583,0.958989,0.010489,0.005610,0.042399,0.039443,0.050000,0,0,2,0,1
cat_face_bass,hinge2,aw0p125,1925,6894.093,0.103980,0.928545,0.919881,0.937209,18,0.00079335,2,0.033623,0.042617,0.024628,0.966225,0.957455,0.974994,0.959687,0.959084,0.960291,0.010361,0.005655,0.040180,0.038543,0.050000,0,0,2,0,1
cat_face_bass,hinge2,aw0p125,1950,7045.883,0.102516,0.928276,0.920688,0.935863,18,0.00074518,2,0.032026,0.040616,0.023435,0.967724,0.959331,0.976117,0.957939,0.958083,0.957795,0.009928,0.005339,0.041128,0.040726,0.050000,0,0,2,0,1
cat_face_bass,hinge2,aw0p125,1975,7069.305,0.105797,0.927152,0.918465,0.935839,18,0.00077101,3,0.033827,0.042917,0.024737,0.965986,0.957117,0.974854,0.958436,0.957883,0.958989,0.010482,0.005637,0.041462,0.040102,0.050000,0,0,2,0,1
cat_face_bass,hinge2,aw0p125,2000,7221.458,0.104031,0.926168,0.918628,0.933708,18,0.00104953,3,0.032918,0.041317,0.024520,0.966802,0.958596,0.975008,0.956592,0.956583,0.956602,0.009691,0.005512,0.042718,0.042251,0.050000,0,0,2,0,1
cat_face_bass,hinge2,aw0p125,2025,7245.012,0.101807,0.928190,0.917938,0.938442,18,0.00082893,3,0.032279,0.042317,0.022242,0.967493,0.957645,0.977341,0.958049,0.956783,0.959314,0.010049,0.004959,0.042520,0.039874,0.050000,0,0,2,0,1
cat_face_bass,hinge2,aw0p125,2050,7391.308,0.103051,0.927991,0.918475,0.937507,18,0.00084766,3,0.033060,0.041817,0.024303,0.966723,0.958129,0.975317,0.958587,0.956883,0.960291,0.010003,0.005416,0.042704,0.038864,0.050000,0,0,2,0,1
cat_face_bass,hinge2,aw0p125,2075,7414.992,0.102730,0.927759,0.918469,0.937050,18,0.00085492,3,0.032138,0.040516,0.023760,0.967580,0.959329,0.975830,0.957498,0.955682,0.959314,0.009639,0.005529,0.043450,0.039474,0.050000,0,0,2,0,1
cat_face_bass,hinge2,aw0p125,2100,7556.229,0.098119,0.929823,0.921278,0.938369,17,0.00058071,3,0.031150,0.039516,0.022784,0.968592,0.960373,0.976811,0.958716,0.957683,0.959748,0.009266,0.005095,0.041745,0.038795,0.050000,0,0,3,0,1
cat_face_bass,hinge2,aw0p125,2125,7578.370,0.098226,0.930324,0.923069,0.937579,17,0.00063192,3,0.030088,0.036415,0.023760,0.969588,0.963332,0.975844,0.958270,0.956683,0.959857,0.008865,0.005401,0.042734,0.038705,0.050000,0,0,3,0,1
cat_face_bass,hinge2,aw0p125,2150,7718.610,0.097330,0.931276,0.924146,0.938406,17,0.00059828,3,0.030893,0.036615,0.025171,0.968845,0.963186,0.974503,0.960005,0.957983,0.962027,0.008750,0.005742,0.041174,0.036708,0.050000,0,0,3,1,1
cat_face_bass,hinge2,aw0p125,2175,7740.859,0.099421,0.929869,0.924503,0.935235,17,0.00069900,3,0.031561,0.036214,0.026907,0.968161,0.963574,0.972747,0.959191,0.957983,0.960399,0.008701,0.006110,0.040982,0.038387,0.050000,0,0,3,1,1
cat_face_bass,hinge2,aw0p125,2200,7944.473,0.124862,0.903807,0.923166,0.884449,14,0.00010720,3,0.031985,0.037715,0.026256,0.967004,0.962122,0.971887,0.932827,0.957983,0.907671,0.008964,0.005738,0.041073,0.090884,0.050000,0,0,6,1,1
cat_face_bass,hinge2,aw0p125,2225,7963.130,0.108830,0.917421,0.926933,0.907909,14,0.00030943,2,0.029930,0.033713,0.026147,0.969356,0.966011,0.972700,0.944916,0.958183,0.931648,0.007982,0.005727,0.041032,0.066520,0.050000,0,0,6,1,1
cat_face_bass,hinge2,aw0p125,2250,8134.166,0.134329,0.895509,0.907685,0.883333,12,0.00022110,2,0.031724,0.034914,0.028534,0.966857,0.964165,0.969550,0.923957,0.939376,0.908539,0.008539,0.006373,0.059592,0.089459,0.050000,0,0,8,1,1
cat_face_bass,hinge2,aw0p125,2275,8150.039,0.118765,0.908925,0.907764,0.910086,12,0.00042746,1,0.032601,0.034714,0.030487,0.966437,0.964359,0.968515,0.938554,0.939276,0.937832,0.008112,0.006484,0.060027,0.060136,0.050000,0,0,8,1,1
cat_face_bass,hinge2,aw0p125,2300,8299.106,0.118907,0.910113,0.906637,0.913588,11,0.00023092,2,0.032413,0.034014,0.030813,0.966653,0.964988,0.968318,0.939607,0.937475,0.941738,0.008099,0.006818,0.061605,0.056549,0.050000,0,0,9,1,1
cat_face_bass,hinge2,aw0p125,2325,8313.742,0.114791,0.913315,0.903366,0.923264,11,0.00034651,2,0.031048,0.034214,0.027883,0.968065,0.964673,0.971457,0.941640,0.934274,0.949007,0.007990,0.006345,0.065180,0.049234,0.050000,0,0,9,1,1
cat_face_bass,hinge2,aw0p125,2350,8451.601,0.120752,0.909727,0.905226,0.914229,10,0.00030933,2,0.034268,0.037615,0.030921,0.964865,0.961495,0.968235,0.940887,0.939276,0.942498,0.008940,0.006890,0.059268,0.055159,0.050000,0,0,10,1,1
cat_face_bass,hinge2,aw0p125,2375,8464.741,0.112220,0.915621,0.909109,0.922134,10,0.00049858,3,0.030210,0.033513,0.026907,0.968965,0.965560,0.972371,0.943261,0.939576,0.946946,0.007928,0.006149,0.059113,0.052016,0.050000,0,0,10,1,1
cat_face_bass,hinge2,aw0p125,2400,8587.913,0.119286,0.910987,0.906422,0.915552,10,0.00026832,3,0.033147,0.035914,0.030379,0.965981,0.963161,0.968802,0.941171,0.938976,0.943366,0.008752,0.006764,0.060170,0.053899,0.050000,0,0,10,1,1
cat_face_bass,hinge2,aw0p125,2425,8601.090,0.110121,0.917285,0.911266,0.923305,10,0.00069420,3,0.029159,0.032713,0.025605,0.970039,0.966406,0.973672,0.944011,0.941076,0.946946,0.007871,0.005938,0.057768,0.051037,0.050000,0,0,10,1,1
cat_face_bass,hinge2,aw0p125,2450,8720.768,0.116434,0.912875,0.904817,0.920933,10,0.00022008,3,0.032045,0.036315,0.027775,0.967104,0.962716,0.971492,0.942093,0.937675,0.946512,0.008755,0.006271,0.060725,0.051632,0.050000,0,0,10,1,1
cat_face_bass,hinge2,aw0p125,2475,8734.122,0.110870,0.916464,0.909372,0.923556,10,0.00048950,3,0.030936,0.034314,0.027558,0.968292,0.964802,0.971781,0.944792,0.940576,0.949007,0.008059,0.006137,0.058871,0.048618,0.050000,0,0,10,1,1
cat_face_bass,hinge2,aw0p125,2500,8857.053,0.108233,0.918415,0.909029,0.927800,10,0.00018690,2,0.030380,0.035914,0.024845,0.968899,0.963262,0.974536,0.946264,0.941677,0.950852,0.008496,0.005505,0.056624,0.047576,0.050000,0,0,10,1,1
cat_face_bass,hinge2,aw0p125,2525,8870.253,0.106051,0.920800,0.910208,0.931392,10,0.00033908,2,0.029325,0.033914,0.024737,0.969977,0.965216,0.974737,0.947754,0.941076,0.954432,0.008070,0.005600,0.058113,0.044153,0.050000,0,0,10,1,1
cat_face_bass,hinge2,aw0p125,2550,8994.007,0.115523,0.909904,0.913673,0.906135,9,0.00011359,2,0.028885,0.030212,0.027558,0.970078,0.968901,0.971254,0.936191,0.941277,0.931106,0.007188,0.006124,0.057396,0.066998,0.050000,0,0,11,1,1
cat_face_bass,hinge2,aw0p125,2575,9006.470,0.112510,0.909760,0.916594,0.902927,9,0.00009186,1,0.027999,0.025510,0.030487,0.970926,0.973578,0.968274,0.935215,0.939976,0.930455,0.006125,0.006204,0.059145,0.067111,0.050000,0,0,11,1,1
cat_face_bass,hinge2,aw0p125,2600,9117.100,0.110913,0.911726,0.915586,0.907866,9,0.00009864,0,0.028345,0.026311,0.030379,0.970655,0.972763,0.968546,0.937561,0.939676,0.935445,0.006185,0.006221,0.059048,0.063389,0.050000,0,0,11,1,1
cat_face_bass,hinge2,aw0p125,2625,9128.895,0.106896,0.915953,0.914763,0.917142,9,0.00020139,1,0.027947,0.029312,0.026581,0.971176,0.969809,0.972543,0.941549,0.941577,0.941521,0.006725,0.005798,0.057078,0.056244,0.050000,0,0,11,1,1
cat_face_bass,hinge2,aw0p125,2650,9239.828,0.108739,0.914894,0.914097,0.915691,9,0.00002232,1,0.028260,0.028311,0.028209,0.970836,0.970761,0.970911,0.940749,0.939976,0.941521,0.006553,0.006291,0.058489,0.056201,0.050000,0,0,11,1,1
cat_face_bass,hinge2,aw0p125,2675,9251.602,0.108874,0.916274,0.913560,0.918987,9,0.00008713,1,0.028123,0.027711,0.028534,0.971014,0.971331,0.970696,0.942043,0.938876,0.945210,0.006495,0.006504,0.060218,0.053422,0.050000,0,0,11,1,1
cat_face_bass,hinge2,aw0p125,2700,9361.460,0.109947,0.914336,0.911670,0.917001,9,0.00006149,1,0.028481,0.029512,0.027449,0.970603,0.969515,0.971691,0.940374,0.938575,0.942172,0.006727,0.006285,0.060065,0.055649,0.050000,0,0,11,1,1
cat_face_bass,hinge2,aw0p125,2725,9373.520,0.107519,0.916009,0.913716,0.918303,9,0.00014944,1,0.028147,0.028411,0.027883,0.970980,0.970652,0.971307,0.941792,0.939676,0.943908,0.006490,0.006213,0.059079,0.054129,0.050000,0,0,11,1,1
cat_face_bass,hinge2,aw0p125,2750,9484.866,0.110882,0.915028,0.912879,0.917176,9,0.00002258,1,0.030966,0.032313,0.029619,0.968218,0.966848,0.969589,0.943359,0.942377,0.944342,0.007447,0.006552,0.056150,0.053589,0.050000,0,0,11,1,1
dance_argument,hinge2,aw0p125,1,1.528,1.091635,0.188546,0.206013,0.171079,20,0.00000464,0,0.208155,0.263627,0.152682,0.530233,0.496847,0.563618,0.228762,0.260324,0.197200,0.036067,0.045312,0.732984,0.799247,0.050000,0,0,0,0,0
dance_argument,hinge2,aw0p125,25,26.773,0.806626,0.306329,0.373141,0.239517,20,0.00001867,0,0.096866,0.121738,0.071994,0.777848,0.774687,0.781010,0.337663,0.418566,0.256760,0.016404,0.021132,0.573715,0.739221,0.050000,0,0,0,0,0
dance_argument,hinge2,aw0p125,50,192.564,0.676014,0.403920,0.488736,0.319103,20,0.00000000,0,0.081120,0.107202,0.055039,0.847070,0.834650,0.859489,0.438898,0.541130,0.336666,0.014013,0.016091,0.452170,0.659025,0.050000,0,0,0,0,0
dance_argument,hinge2,aw0p125,75,218.083,0.563643,0.501246,0.600446,0.402046,20,0.00003081,1,0.077829,0.110010,0.045648,0.880190,0.858328,0.902052,0.543450,0.666501,0.420398,0.014404,0.013545,0.327876,0.575773,0.050000,0,0,0,0,0
dance_argument,hinge2,aw0p125,100,387.881,0.485945,0.572244,0.669336,0.475152,20,0.00000168,0,0.079246,0.113974,0.044518,0.892547,0.867410,0.917685,0.620964,0.745623,0.496305,0.014809,0.013022,0.248821,0.500421,0.050000,0,0,0,0,0
dance_argument,hinge2,aw0p125,125,414.141,0.424809,0.622723,0.694535,0.550911,20,0.00010310,3,0.074073,0.112322,0.035823,0.906998,0.873063,0.940932,0.671597,0.772547,0.570646,0.014788,0.010431,0.222202,0.425522,0.050000,0,0,0,0,0
dance_argument,hinge2,aw0p125,150,584.160,0.375524,0.669177,0.717760,0.620594,20,0.00019275,2,0.077154,0.120747,0.033562,0.909882,0.869488,0.950277,0.722925,0.804427,0.641422,0.015787,0.009865,0.190693,0.354871,0.050000,0,0,0,0,0
dance_argument,hinge2,aw0p125,175,610.764,0.323371,0.717468,0.749217,0.685719,20,0.00025298,2,0.071147,0.107863,0.034432,0.919350,0.884995,0.953706,0.769680,0.830030,0.709330,0.014388,0.009882,0.164911,0.287317,0.050000,0,0,0,0,0
dance_argument,hinge2,aw0p125,200,779.871,0.306080,0.737986,0.746906,0.729065,20,0.00053406,2,0.078750,0.121242,0.036258,0.913871,0.873535,0.954206,0.796481,0.837463,0.755500,0.016122,0.010491,0.156706,0.241804,0.050000,0,0,0,0,0
dance_argument,hinge2,aw0p125,225,806.167,0.272014,0.767979,0.764038,0.771919,20,0.00069753,2,0.069195,0.106046,0.032345,0.924748,0.888503,0.960994,0.820974,0.845061,0.796887,0.014555,0.009506,0.150715,0.199848,0.050000,0,0,0,0,0
dance_argument,hinge2,aw0p125,250,974.185,0.257415,0.782086,0.756357,0.807815,20,0.00030583,2,0.075985,0.117278,0.034693,0.919140,0.878133,0.960148,0.840451,0.845061,0.835840,0.015167,0.010089,0.151526,0.160834,0.050000,0,0,0,0,0
dance_argument,hinge2,aw0p125,275,1000.464,0.247125,0.792264,0.763166,0.821363,20,0.00026418,1,0.073299,0.110340,0.036258,0.921965,0.884788,0.959142,0.849259,0.847374,0.851143,0.014428,0.010400,0.149245,0.146009,0.050000,0,0,0,0,0
dance_argument,hinge2,aw0p125,300,1169.366,0.241039,0.795854,0.766786,0.824922,20,0.00037002,1,0.069517,0.107037,0.031997,0.925900,0.888025,0.963776,0.850089,0.848860,0.851317,0.014122,0.009412,0.147689,0.145601,0.050000,0,0,0,0,0
dance_argument,hinge2,aw0p125,325,1195.626,0.238564,0.798663,0.769587,0.827740,20,0.00017304,1,0.070304,0.106871,0.033736,0.925297,0.888525,0.962069,0.853749,0.851833,0.855665,0.014134,0.009715,0.144905,0.141188,0.050000,0,0,0,0,0
dance_argument,hinge2,aw0p125,350,1360.518,0.240022,0.794488,0.763146,0.825830,20,0.00006686,0,0.070121,0.108854,0.031389,0.925242,0.886026,0.964458,0.848985,0.846217,0.851752,0.014094,0.009075,0.150356,0.144240,0.050000,0,0,0,0,0
dance_argument,hinge2,aw0p125,375,1386.230,0.237013,0.797617,0.765520,0.829714,20,0.00004235,0,0.071234,0.109514,0.032954,0.924381,0.885788,0.962974,0.853206,0.849356,0.857056,0.013814,0.009714,0.146594,0.139151,0.050000,0,0,0,0,0
dance_argument,hinge2,aw0p125,400,1552.898,0.235787,0.800839,0.768864,0.832814,20,0.00004893,1,0.070021,0.107697,0.032345,0.925742,0.887741,0.963743,0.855710,0.851668,0.859751,0.014145,0.009613,0.144158,0.137281,0.050000,0,0,0,0,0
dance_argument,hinge2,aw0p125,425,1578.479,0.234245,0.802101,0.771514,0.832688,20,0.00002829,1,0.067439,0.101751,0.033128,0.928006,0.893093,0.962920,0.855145,0.850017,0.860273,0.013564,0.009684,0.146106,0.136364,0.050000,0,0,0,0,0
dance_argument,hinge2,aw0p125,450,1744.681,0.231520,0.804202,0.774510,0.833895,20,0.00002954,1,0.063701,0.095144,0.032258,0.931510,0.899142,0.963879,0.854497,0.848200,0.860795,0.012934,0.009523,0.147639,0.135709,0.050000,0,0,0,0,0
dance_argument,hinge2,aw0p125,475,1770.876,0.229771,0.804725,0.773531,0.835919,20,0.00003680,2,0.062271,0.093327,0.031215,0.932835,0.900616,0.965054,0.853867,0.845722,0.862012,0.012552,0.009295,0.149879,0.134836,0.050000,0,0,0,0,0
dance_argument,hinge2,aw0p125,500,1939.857,0.231754,0.803076,0.774921,0.831231,20,0.00003580,2,0.063001,0.092005,0.033997,0.931943,0.901937,0.961950,0.852854,0.846217,0.859490,0.012184,0.009860,0.149707,0.137401,0.050000,0,0,0,0,0
dance_argument,hinge2,aw0p125,525,1966.393,0.231524,0.803583,0.773790,0.833375,20,0.00004002,1,0.064262,0.095309,0.033215,0.930886,0.898914,0.962859,0.854297,0.847539,0.861056,0.012618,0.009705,0.148427,0.135975,0.050000,0,0,0,0,0
dance_argument,hinge2,aw0p125,550,2138.062,0.231831,0.802589,0.772645,0.832533,20,0.00004344,1,0.063162,0.094153,0.032171,0.931851,0.899789,0.963913,0.852354,0.845391,0.859317,0.012435,0.009488,0.150692,0.137528,0.050000,0,0,0,0,0
dance_argument,hinge2,aw0p125,575,2164.521,0.227996,0.805538,0.776380,0.834696,20,0.00002262,1,0.060502,0.089528,0.031476,0.934511,0.904291,0.964731,0.853428,0.845887,0.860969,0.011981,0.009295,0.149871,0.135883,0.050000,0,0,0,0,0
dance_argument,hinge2,aw0p125,600,2333.688,0.228645,0.802710,0.770780,0.834641,20,0.00002406,1,0.060810,0.091014,0.030606,0.933991,0.902340,0.965642,0.850559,0.840932,0.860186,0.011897,0.008904,0.154558,0.136289,0.050000,0,0,0,0,0
dance_argument,hinge2,aw0p125,625,2360.324,0.224581,0.807552,0.774970,0.840135,20,0.00002158,1,0.061362,0.091510,0.031215,0.933801,0.902379,0.965223,0.856123,0.845887,0.866359,0.012109,0.009074,0.148915,0.130752,0.050000,0,0,0,0,0
dance_argument,hinge2,aw0p125,650,2528.496,0.228187,0.805681,0.771867,0.839495,20,0.00002334,1,0.065813,0.099108,0.032519,0.929619,0.895397,0.963840,0.857579,0.848365,0.866794,0.013058,0.009337,0.147210,0.129972,0.050000,0,0,0,0,0
dance_argument,hinge2,aw0p125,675,2555.004,0.222379,0.810053,0.775833,0.844272,20,0.00002469,0,0.062836,0.094979,0.030693,0.932685,0.899440,0.965930,0.859853,0.849521,0.870185,0.012306,0.009103,0.146762,0.126688,0.050000,0,0,0,0,0
dance_argument,hinge2,aw0p125,700,2727.702,0.220716,0.810330,0.778634,0.842025,20,0.00001930,1,0.061753,0.093162,0.030345,0.933776,0.901347,0.966205,0.859375,0.851173,0.867577,0.011976,0.008951,0.145206,0.128780,0.050000,0,0,0,0,0
dance_argument,hinge2,aw0p125,725,2754.015,0.220334,0.812315,0.779021,0.845609,20,0.00002238,0,0.062284,0.092831,0.031736,0.933290,0.901679,0.964900,0.861892,0.851338,0.872446,0.012134,0.009316,0.144380,0.124658,0.050000,0,0,0,0,0
dance_argument,hinge2,aw0p125,750,2921.683,0.221544,0.811802,0.780411,0.843193,20,0.00000966,1,0.064588,0.094483,0.034693,0.931078,0.900400,0.961756,0.863296,0.854146,0.872446,0.012277,0.009671,0.142677,0.124812,0.050000,0,0,0,0,0
dance_argument,hinge2,aw0p125,775,2948.414,0.220615,0.813215,0.782833,0.843598,20,0.00001753,0,0.061336,0.089197,0.033475,0.934160,0.905296,0.963023,0.862248,0.852659,0.871837,0.011931,0.009617,0.143578,0.125245,0.050000,0,0,0,0,0
dance_argument,hinge2,aw0p125,800,3116.051,0.222492,0.811633,0.779740,0.843527,20,0.00001342,0,0.063857,0.094153,0.033562,0.931771,0.900610,0.962931,0.862496,0.853155,0.871837,0.012161,0.009846,0.143605,0.125312,0.050000,0,0,0,0,0
dance_argument,hinge2,aw0p125,825,3142.901,0.222505,0.813825,0.781599,0.846050,20,0.00001322,0,0.064918,0.095144,0.034693,0.930923,0.899965,0.961880,0.865683,0.855963,0.875402,0.012649,0.010198,0.140424,0.121785,0.050000,0,0,0,0,0
dance_argument,hinge2,aw0p125,850,3313.041,0.221740,0.812579,0.779289,0.845869,20,0.00005377,0,0.063071,0.092666,0.033475,0.932487,0.901854,0.963119,0.862844,0.851503,0.874185,0.012179,0.009884,0.144375,0.122526,0.050000,0,0,0,0,0
dance_argument,hinge2,aw0p125,875,3339.692,0.224532,0.811470,0.779432,0.843509,20,0.00002341,0,0.062080,0.087380,0.036779,0.933089,0.906537,0.959641,0.861036,0.847539,0.874533,0.011495,0.010690,0.148975,0.122572,0.050000,0,0,0,0,0
dance_argument,hinge2,aw0p125,900,3507.828,0.225575,0.809146,0.772589,0.845703,20,0.00001279,0,0.063762,0.089528,0.037997,0.931189,0.903867,0.958511,0.859797,0.841758,0.877837,0.011287,0.011042,0.153213,0.119286,0.050000,0,0,0,0,0
dance_argument,hinge2,aw0p125,925,3534.204,0.222097,0.814906,0.782602,0.847209,20,0.00001167,0,0.065484,0.091840,0.039127,0.930198,0.902950,0.957447,0.867417,0.854476,0.880358,0.011914,0.011300,0.141690,0.116774,0.050000,0,0,0,0,0
dance_argument,hinge2,aw0p125,950,3705.395,0.218498,0.820533,0.788796,0.852270,20,0.00004675,0,0.065505,0.091014,0.039997,0.930590,0.904357,0.956824,0.873473,0.860588,0.886358,0.012101,0.011727,0.135610,0.110694,0.050000,0,0,0,0,0
dance_argument,hinge2,aw0p125,975,3732.235,0.215428,0.825837,0.791264,0.860411,20,0.00005213,0,0.067153,0.092831,0.041475,0.929409,0.903053,0.955764,0.880407,0.864718,0.896096,0.012468,0.012270,0.131893,0.100988,0.050000,0,0,0,0,0
dance_argument,hinge2,aw0p125,1000,3900.670,0.209749,0.829235,0.794359,0.864111,20,0.00006227,0,0.065119,0.089197,0.041040,0.931456,0.906542,0.956369,0.882394,0.865213,0.899574,0.011703,0.012177,0.130965,0.097408,0.050000,0,0,0,0,0
dance_argument,hinge2,aw0p125,1025,3927.208,0.207372,0.832387,0.800000,0.864775,20,0.00006062,0,0.065505,0.089362,0.041649,0.931402,0.906997,0.955808,0.886141,0.871490,0.900791,0.012000,0.012156,0.125341,0.096071,0.050000,0,0,0,0,0
dance_argument,hinge2,aw0p125,1050,4094.575,0.210949,0.828863,0.792379,0.865348,20,0.00002193,1,0.066949,0.092336,0.041562,0.929762,0.903604,0.955920,0.883428,0.865543,0.901313,0.012157,0.012403,0.129008,0.096384,0.050000,0,0,0,0,0
dance_argument,hinge2,aw0p125,1075,4121.275,0.206920,0.829587,0.791465,0.867710,20,0.00000181,1,0.065318,0.091510,0.039127,0.931314,0.904219,0.958410,0.882776,0.863892,0.901661,0.011695,0.011586,0.132443,0.095147,0.050000,0,0,0,0,0
dance_argument,hinge2,aw0p125,1100,4291.516,0.203880,0.832019,0.795465,0.868573,20,0.00000026,1,0.061045,0.085398,0.036692,0.935420,0.909993,0.960846,0.881920,0.863396,0.900443,0.011581,0.010777,0.132296,0.096596,0.050000,0,0,0,0,0
dance_argument,hinge2,aw0p125,1125,4318.307,0.200269,0.833393,0.796875,0.869912,20,0.00000254,0,0.062432,0.088867,0.035997,0.934345,0.907097,0.961592,0.884458,0.867691,0.901226,0.011658,0.010416,0.127953,0.095989,0.050000,0,0,0,0,0
dance_argument,hinge2,aw0p125,1150,4488.329,0.193460,0.838447,0.806244,0.870651,20,0.00000346,1,0.056903,0.079286,0.034519,0.939792,0.916493,0.963090,0.885436,0.870168,0.900704,0.010448,0.010110,0.126122,0.096335,0.050000,0,0,0,0,0
dance_argument,hinge2,aw0p125,1175,4515.232,0.196372,0.835113,0.805513,0.864713,20,0.00000649,1,0.057007,0.078626,0.035388,0.939496,0.917015,0.961977,0.882080,0.868847,0.895313,0.010365,0.010140,0.126670,0.102022,0.050000,0,0,0,0,0
dance_argument,hinge2,aw0p125,1200,4686.568,0.192580,0.838748,0.808442,0.869054,20,0.00000130,1,0.055333,0.076148,0.034519,0.941272,0.919518,0.963025,0.884528,0.870003,0.899052,0.010094,0.010125,0.126020,0.097385,0.050000,0,0,0,0,0
dance_argument,hinge2,aw0p125,1225,4713.145,0.199998,0.834354,0.798176,0.870532,20,0.00000170,0,0.061571,0.086885,0.036258,0.935163,0.908965,0.961360,0.884811,0.867526,0.902095,0.011397,0.010748,0.127503,0.095327,0.050000,0,0,0,0,0
dance_argument,hinge2,aw0p125,1250,4884.002,0.195897,0.835441,0.798172,0.872709,20,0.00000075,0,0.059289,0.084407,0.034171,0.937333,0.911146,0.963520,0.884037,0.865543,0.902530,0.011045,0.009895,0.129820,0.094452,0.050000,0,0,0,0,0
dance_argument,hinge2,aw0p125,1275,4910.628,0.196800,0.833811,0.795094,0.872528,20,0.00000134,0,0.058815,0.084242,0.033388,0.937636,0.910979,0.964292,0.881868,0.862075,0.901661,0.010926,0.009771,0.132480,0.095536,0.050000,0,0,0,0,0
dance_argument,hinge2,aw0p125,1300,5082.527,0.197004,0.833581,0.793361,0.873802,20,0.00000063,0,0.059454,0.084737,0.034171,0.936963,0.910362,0.963564,0.882124,0.860588,0.903661,0.010908,0.009978,0.133872,0.093049,0.050000,0,0,0,0,0
dance_argument,hinge2,aw0p125,1325,5109.320,0.196654,0.833170,0.792456,0.873884,20,0.00000315,0,0.056842,0.081599,0.032084,0.939361,0.913074,0.965649,0.879520,0.857119,0.901922,0.010731,0.009480,0.137147,0.094466,0.050000,0,0,0,0,0
dance_argument,hinge2,aw0p125,1350,5279.338,0.194780,0.835719,0.793740,0.877697,20,0.00000393,0,0.056746,0.081929,0.031562,0.939610,0.912906,0.966314,0.882085,0.858771,0.905400,0.010858,0.009370,0.135805,0.091929,0.050000,0,0,0,0,0
dance_argument,hinge2,aw0p125,1375,5306.216,0.196483,0.834582,0.792543,0.876621,20,0.00001098,0,0.054455,0.076478,0.032432,0.941569,0.917733,0.965405,0.879103,0.853155,0.905052,0.010522,0.009515,0.140782,0.091871,0.050000,0,0,0,0,0
dance_argument,hinge2,aw0p125,1400,5476.112,0.197685,0.833916,0.791590,0.876243,20,0.00000002,0,0.056181,0.080278,0.032084,0.939959,0.914180,0.965738,0.879747,0.855137,0.904356,0.010985,0.009441,0.139177,0.092786,0.050000,0,0,0,0,0
dance_argument,hinge2,aw0p125,1425,5502.547,0.199728,0.831424,0.787565,0.875284,20,0.00000511,0,0.058563,0.083911,0.033215,0.937537,0.910500,0.964574,0.879003,0.853650,0.904356,0.011184,0.009737,0.139961,0.092124,0.050000,0,0,0,0,0
dance_argument,hinge2,aw0p125,1450,5676.262,0.197170,0.833445,0.791648,0.875242,20,0.00000173,1,0.057611,0.083746,0.031476,0.938689,0.911068,0.966310,0.880368,0.857945,0.902791,0.011319,0.009230,0.136124,0.093823,0.050000,0,0,0,0,0
dance_argument,hinge2,aw0p125,1475,5703.022,0.198724,0.833898,0.792259,0.875537,20,0.00000604,0,0.056150,0.079782,0.032519,0.939986,0.914694,0.965277,0.879738,0.855467,0.904008,0.011018,0.009606,0.139481,0.092968,0.050000,0,0,0,0,0
dance_argument,hinge2,aw0p125,1500,5873.302,0.201535,0.830591,0.788692,0.872491,20,0.00000761,1,0.062410,0.089693,0.035127,0.934030,0.905499,0.962561,0.881285,0.859432,0.903139,0.011777,0.009954,0.135790,0.093424,0.050000,0,0,0,0,0
horse_circle,hinge2,aw0p125,1,1.510,1.027453,0.160642,0.164277,0.157007,20,0.00000000,0,0.076528,0.089844,0.063212,0.695599,0.665860,0.725338,0.172984,0.179036,0.166931,0.024656,0.027640,0.806616,0.829923,0.050000,0,0,0,0,0
horse_circle,hinge2,aw0p125,25,25.584,0.790340,0.277873,0.291083,0.264664,20,0.00000000,0,0.033284,0.041946,0.024623,0.897631,0.878502,0.916760,0.287237,0.303292,0.271181,0.011204,0.010486,0.681438,0.725717,0.050000,0,0,0,0,0
horse_circle,hinge2,aw0p125,50,185.927,0.626045,0.429572,0.427380,0.431764,20,0.00000000,0,0.029323,0.036737,0.021909,0.938064,0.923435,0.952694,0.442152,0.443080,0.441223,0.009981,0.009402,0.542195,0.554828,0.050000,0,0,0,0,0
horse_circle,hinge2,aw0p125,75,210.717,0.481970,0.555304,0.544500,0.566109,20,0.00019781,0,0.021998,0.027251,0.016746,0.962636,0.953544,0.971729,0.567463,0.559338,0.575589,0.007498,0.007122,0.426368,0.420335,0.050000,0,0,0,0,0
horse_circle,hinge2,aw0p125,100,373.470,0.387317,0.647159,0.645418,0.648901,20,0.00161636,2,0.022334,0.030041,0.014628,0.967516,0.956766,0.978265,0.661600,0.664807,0.658393,0.008082,0.006033,0.321454,0.337995,0.050000,0,0,0,0,0
horse_circle,hinge2,aw0p125,125,399.122,0.337091,0.694958,0.687748,0.702168,20,0.00180596,2,0.021513,0.029390,0.013635,0.970672,0.960141,0.981203,0.709852,0.707961,0.711742,0.007993,0.005535,0.279221,0.284207,0.050000,0,0,0,0,0
horse_circle,hinge2,aw0p125,150,561.590,0.299541,0.733112,0.707705,0.758519,20,0.00086225,1,0.023847,0.035714,0.011980,0.969086,0.953539,0.984632,0.750293,0.732980,0.767607,0.009528,0.004874,0.253900,0.228761,0.050000,0,0,0,0,0
horse_circle,hinge2,aw0p125,175,586.740,0.283923,0.753404,0.709089,0.797718,20,0.00033510,1,0.027612,0.045759,0.009465,0.965130,0.941878,0.988382,0.773403,0.741536,0.805269,0.012442,0.003865,0.245693,0.191231,0.050000,0,0,0,0,0
horse_circle,hinge2,aw0p125,200,749.481,0.276921,0.772266,0.708761,0.835771,20,0.00031521,1,0.034874,0.060547,0.009200,0.957332,0.925455,0.989210,0.797567,0.751674,0.843460,0.016649,0.003894,0.236315,0.152736,0.050000,0,0,0,0,0
horse_circle,hinge2,aw0p125,225,775.222,0.262177,0.800728,0.705721,0.895736,20,0.00015931,2,0.045127,0.082775,0.007479,0.947021,0.902262,0.991780,0.833286,0.764137,0.902436,0.022693,0.003082,0.224202,0.093730,0.050000,0,0,0,0,0
horse_circle,hinge2,aw0p125,250,934.823,0.263124,0.818240,0.700555,0.935924,19,0.00017069,3,0.057117,0.106027,0.008208,0.935505,0.879633,0.991377,0.859219,0.774833,0.943606,0.029044,0.003316,0.214153,0.052979,0.050000,0,0,1,0,0
horse_circle,hinge2,aw0p125,275,959.332,0.260821,0.828522,0.700993,0.956050,19,0.00010502,2,0.061018,0.114490,0.007546,0.932206,0.872184,0.992227,0.872257,0.781250,0.963264,0.031678,0.003399,0.207893,0.032983,0.050000,0,0,1,0,0
horse_circle,hinge2,aw0p125,300,1114.183,0.261106,0.837124,0.699735,0.974512,19,0.00003443,2,0.065376,0.123140,0.007612,0.928423,0.864539,0.992308,0.883915,0.785900,0.981930,0.034455,0.003547,0.203153,0.014993,0.050000,0,0,1,0,0
horse_circle,hinge2,aw0p125,325,1138.209,0.257494,0.839302,0.702779,0.975826,19,0.00006265,3,0.066120,0.124628,0.007612,0.928056,0.863793,0.992318,0.886809,0.790365,0.983254,0.034835,0.003086,0.198506,0.013026,0.050000,0,0,1,0,0
horse_circle,hinge2,aw0p125,350,1291.217,0.258441,0.839216,0.702727,0.975704,19,0.00003853,2,0.066691,0.125372,0.008009,0.927542,0.863161,0.991923,0.887174,0.790830,0.983519,0.034933,0.003282,0.197842,0.013267,0.050000,0,0,1,0,0
horse_circle,hinge2,aw0p125,375,1315.246,0.263288,0.837864,0.698008,0.977721,19,0.00002308,1,0.068399,0.129650,0.007149,0.925793,0.858793,0.992793,0.886607,0.788504,0.984710,0.036175,0.003244,0.199532,0.011657,0.050000,0,0,1,0,0
horse_circle,hinge2,aw0p125,400,1467.735,0.265911,0.837790,0.696236,0.979345,19,0.00001716,1,0.071377,0.136533,0.006222,0.923286,0.852847,0.993726,0.888366,0.791295,0.985438,0.037784,0.002783,0.196815,0.010452,0.050000,0,0,1,0,0
horse_circle,hinge2,aw0p125,425,1491.354,0.261554,0.841633,0.700073,0.983193,19,0.00001577,1,0.071919,0.139602,0.004236,0.923402,0.851076,0.995728,0.892581,0.797805,0.987358,0.038693,0.001863,0.189642,0.008996,0.050000,0,0,1,0,0
horse_circle,hinge2,aw0p125,450,1643.067,0.260947,0.843399,0.707106,0.979691,19,0.00002220,2,0.071906,0.139974,0.003839,0.924078,0.852045,0.996112,0.894768,0.806083,0.983452,0.039003,0.001848,0.181678,0.013376,0.050000,0,0,1,0,0
horse_circle,hinge2,aw0p125,475,1666.668,0.264497,0.842279,0.710773,0.973786,19,0.00002828,3,0.074843,0.142206,0.007479,0.921690,0.850946,0.992434,0.896459,0.811849,0.981070,0.039348,0.002846,0.175971,0.015433,0.050000,0,0,1,0,0
horse_circle,hinge2,aw0p125,500,1818.852,0.264080,0.842198,0.717366,0.967030,19,0.00007787,2,0.073195,0.138579,0.007810,0.923498,0.854945,0.992050,0.895681,0.816778,0.974583,0.038507,0.003392,0.170841,0.022016,0.050000,0,0,1,0,0
horse_circle,hinge2,aw0p125,525,1842.520,0.260757,0.842239,0.722868,0.961609,19,0.00004391,1,0.071615,0.136347,0.006884,0.925291,0.857642,0.992941,0.894829,0.821429,0.968229,0.037857,0.003002,0.166388,0.028196,0.050000,0,0,1,0,0
horse_circle,hinge2,aw0p125,550,1993.421,0.266654,0.838409,0.719627,0.957192,19,0.00009814,1,0.073238,0.136812,0.009664,0.923413,0.856725,0.990100,0.892261,0.818080,0.966442,0.037689,0.003994,0.169545,0.030163,0.050000,0,0,1,0,0
horse_circle,hinge2,aw0p125,575,2016.757,0.271078,0.839991,0.723729,0.956252,19,0.00007467,2,0.075193,0.138207,0.012179,0.921951,0.856328,0.987573,0.895826,0.823754,0.967898,0.038450,0.005200,0.164021,0.028830,0.050000,0,0,1,0,0
horse_circle,hinge2,aw0p125,600,2168.269,0.271112,0.843755,0.729575,0.957934,19,0.00008403,2,0.076643,0.138393,0.014893,0.921041,0.857170,0.984912,0.901372,0.830543,0.972200,0.038462,0.006472,0.158078,0.024561,0.050000,0,0,1,0,0
horse_circle,hinge2,aw0p125,625,2191.780,0.273104,0.843597,0.731955,0.955240,19,0.00009595,2,0.077575,0.137742,0.017408,0.920239,0.858074,0.982403,0.902322,0.832775,0.971869,0.038216,0.007410,0.156374,0.024695,0.050000,0,0,1,0,0
horse_circle,hinge2,aw0p125,650,2342.205,0.273614,0.845046,0.730467,0.959626,19,0.00008797,1,0.078045,0.138021,0.018070,0.919724,0.857609,0.981840,0.904127,0.831287,0.976966,0.038255,0.007944,0.157297,0.020213,0.050000,0,0,1,0,0
horse_circle,hinge2,aw0p125,675,2364.907,0.268683,0.846404,0.733897,0.958910,19,0.00005667,2,0.075767,0.133464,0.018070,0.921783,0.861740,0.981827,0.904041,0.831845,0.976238,0.037166,0.007866,0.156556,0.020478,0.050000,0,0,1,0,0
horse_circle,hinge2,aw0p125,700,2514.269,0.266802,0.849728,0.741610,0.957846,19,0.00013564,1,0.076263,0.133464,0.019063,0.921913,0.862981,0.980845,0.908347,0.840588,0.976105,0.037154,0.008330,0.149149,0.020396,0.050000,0,0,1,0,0
horse_circle,hinge2,aw0p125,725,2536.897,0.270102,0.849542,0.746613,0.952470,19,0.00012831,1,0.078142,0.132719,0.023564,0.920377,0.864354,0.976400,0.910309,0.845703,0.974914,0.036711,0.010166,0.143734,0.021274,0.050000,0,0,1,0,0
horse_circle,hinge2,aw0p125,750,2684.120,0.269361,0.849950,0.747242,0.952658,19,0.00017659,1,0.077236,0.129650,0.024821,0.921032,0.866858,0.975207,0.910213,0.844122,0.976304,0.036034,0.010669,0.144416,0.020435,0.050000,0,0,1,0,0
horse_circle,hinge2,aw0p125,775,2706.859,0.267975,0.854021,0.758254,0.949787,19,0.00018312,1,0.078215,0.129557,0.026873,0.920898,0.868610,0.973185,0.915901,0.856492,0.975311,0.036077,0.011657,0.132583,0.021239,0.050000,0,0,1,0,0
horse_circle,hinge2,aw0p125,800,2856.779,0.268648,0.857698,0.763957,0.951439,19,0.00079470,2,0.080273,0.132812,0.027734,0.919686,0.866952,0.972420,0.921623,0.865420,0.977826,0.037041,0.011999,0.125012,0.018850,0.050000,0,0,1,0,0
horse_circle,hinge2,aw0p125,825,2879.859,0.265697,0.859417,0.764488,0.954346,19,0.00092235,2,0.079675,0.131417,0.027932,0.920210,0.868104,0.972315,0.922979,0.864955,0.981003,0.036667,0.012066,0.124561,0.015674,0.050000,0,0,1,0,0
horse_circle,hinge2,aw0p125,850,3027.158,0.274640,0.858630,0.763865,0.953394,19,0.00143718,2,0.084163,0.138672,0.029653,0.916585,0.862492,0.970679,0.925729,0.869792,0.981665,0.038612,0.012923,0.119968,0.015017,0.050000,0,0,1,0,0
horse_circle,hinge2,aw0p125,875,3050.105,0.280469,0.857104,0.761754,0.952454,19,0.00008006,1,0.087494,0.143415,0.031573,0.913745,0.858623,0.968866,0.926763,0.871001,0.982526,0.039730,0.013750,0.118610,0.014377,0.050000,0,0,1,0,0
horse_circle,hinge2,aw0p125,900,3192.121,0.286562,0.854161,0.757490,0.950832,18,0.00005677,1,0.089238,0.148624,0.029852,0.912260,0.854104,0.970417,0.924643,0.870071,0.979216,0.041397,0.013173,0.119166,0.017316,0.050000,0,0,2,0,0
horse_circle,hinge2,aw0p125,925,3214.033,0.288695,0.851801,0.753436,0.950167,18,0.00006491,1,0.089936,0.150484,0.029388,0.911453,0.852075,0.970830,0.922453,0.866815,0.978091,0.041790,0.012738,0.122450,0.018624,0.050000,0,0,2,0,0
horse_circle,hinge2,aw0p125,950,3356.695,0.283354,0.854610,0.752533,0.956688,18,0.00008607,1,0.090165,0.156436,0.023895,0.911909,0.847631,0.976187,0.924902,0.870257,0.979547,0.043192,0.010532,0.119939,0.016860,0.050000,0,0,2,0,0
horse_circle,hinge2,aw0p125,975,3379.017,0.278805,0.858115,0.754835,0.961394,18,0.00008633,1,0.090395,0.158947,0.021843,0.912247,0.846244,0.978249,0.928604,0.874814,0.982393,0.043940,0.009623,0.115340,0.013645,0.050000,0,0,2,0,0
horse_circle,hinge2,aw0p125,1000,3522.430,0.271712,0.860911,0.754655,0.967167,18,0.00004395,0,0.088462,0.158854,0.018070,0.914129,0.846278,0.981979,0.929589,0.874535,0.984644,0.044173,0.007856,0.115422,0.011714,0.050000,0,0,2,0,0
horse_circle,hinge2,aw0p125,1025,3544.842,0.265999,0.865329,0.761199,0.969460,18,0.00002699,1,0.088551,0.160621,0.016481,0.914855,0.846161,0.983550,0.934451,0.883464,0.985438,0.044558,0.007151,0.107483,0.010805,0.050000,0,0,2,0,0
horse_circle,hinge2,aw0p125,1050,3685.513,0.260023,0.868182,0.764772,0.971592,18,0.00000915,1,0.087974,0.160063,0.015886,0.915659,0.847158,0.984161,0.937105,0.887184,0.987027,0.044380,0.006468,0.103914,0.009335,0.050000,0,0,2,0,0
horse_circle,hinge2,aw0p125,1075,3707.471,0.262681,0.870647,0.768378,0.972917,18,0.00002046,1,0.090356,0.166481,0.014231,0.914568,0.843353,0.985783,0.941530,0.896298,0.986762,0.046503,0.006135,0.094648,0.009579,0.050000,0,0,2,0,0
horse_circle,hinge2,aw0p125,1100,3851.065,0.260661,0.872451,0.770493,0.974409,18,0.00001051,0,0.090702,0.167504,0.013900,0.914574,0.843023,0.986126,0.943753,0.899554,0.987953,0.046736,0.005943,0.091562,0.008305,0.050000,0,0,2,0,0
horse_circle,hinge2,aw0p125,1125,3873.509,0.258847,0.874014,0.773118,0.974910,18,0.00001211,2,0.090876,0.168713,0.013039,0.914813,0.842658,0.986969,0.945588,0.903553,0.987622,0.046980,0.005586,0.088143,0.009012,0.050000,0,0,2,0,0
horse_circle,hinge2,aw0p125,1150,4017.025,0.257487,0.874148,0.772753,0.975544,18,0.00001654,1,0.090153,0.168062,0.012245,0.915392,0.843033,0.987752,0.945056,0.902623,0.987490,0.046935,0.005194,0.088774,0.009144,0.050000,0,0,2,0,0
horse_circle,hinge2,aw0p125,1175,4038.808,0.253608,0.875834,0.771667,0.980000,18,0.00000792,0,0.089009,0.168620,0.009399,0.916530,0.842471,0.990588,0.945498,0.901786,0.989211,0.046849,0.004375,0.089881,0.007535,0.050000,0,0,2,0,0
horse_circle,hinge2,aw0p125,1200,4180.254,0.257273,0.874156,0.770044,0.978268,18,0.00000636,1,0.090833,0.170480,0.011186,0.914879,0.840941,0.988818,0.945266,0.901321,0.989211,0.047380,0.004773,0.089741,0.007569,0.050000,0,0,2,0,0
horse_circle,hinge2,aw0p125,1225,4202.083,0.247473,0.876740,0.773692,0.979787,18,0.00000047,0,0.087264,0.165923,0.008605,0.918004,0.844640,0.991368,0.945141,0.902065,0.988218,0.045874,0.003725,0.089569,0.008587,0.050000,0,0,2,0,0
horse_circle,hinge2,aw0p125,1250,4342.780,0.235102,0.881638,0.781488,0.981787,18,0.00001182,0,0.082630,0.158575,0.006685,0.922121,0.850962,0.993281,0.946882,0.905413,0.988351,0.044219,0.002649,0.086684,0.008559,0.050000,0,0,2,0,0
horse_circle,hinge2,aw0p125,1275,4364.359,0.226057,0.883054,0.784456,0.981651,18,0.00000346,0,0.078824,0.151228,0.006420,0.925053,0.856563,0.993543,0.945521,0.903088,0.987953,0.041935,0.002449,0.088405,0.008634,0.050000,0,0,2,0,0
horse_circle,hinge2,aw0p125,1300,4498.477,0.217435,0.885972,0.788488,0.983455,17,0.00000690,0,0.073281,0.142392,0.004170,0.929647,0.863499,0.995795,0.944159,0.900763,0.987556,0.039684,0.002224,0.090547,0.009050,0.050000,0,0,3,0,0
horse_circle,hinge2,aw0p125,1325,4519.452,0.212981,0.886518,0.791401,0.981635,17,0.00002164,0,0.071697,0.137835,0.005560,0.930825,0.867252,0.994399,0.943788,0.900484,0.987093,0.038474,0.002175,0.091316,0.009426,0.050000,0,0,3,0,0
horse_circle,hinge2,aw0p125,1350,4651.254,0.206604,0.886671,0.790547,0.982796,17,0.00001726,0,0.067794,0.131417,0.004170,0.933844,0.871895,0.995792,0.940666,0.894438,0.986894,0.036594,0.001844,0.096083,0.009598,0.050000,0,0,3,0,0
horse_circle,hinge2,aw0p125,1375,4671.733,0.205908,0.886304,0.790980,0.981629,17,0.00000565,0,0.066603,0.127976,0.005229,0.934642,0.874556,0.994729,0.939484,0.892206,0.986762,0.035643,0.002344,0.098254,0.009657,0.050000,0,0,3,0,0
horse_circle,hinge2,aw0p125,1400,4803.331,0.207582,0.886756,0.793691,0.979821,17,0.00000471,0,0.068147,0.129278,0.007016,0.933443,0.873946,0.992939,0.941497,0.896298,0.986696,0.035677,0.003161,0.094693,0.009758,0.050000,0,0,3,0,0
horse_circle,hinge2,aw0p125,1425,4823.896,0.202393,0.889140,0.797359,0.980921,17,0.00000570,0,0.066428,0.126767,0.006089,0.935108,0.876349,0.993867,0.942666,0.898438,0.986894,0.035338,0.002575,0.091960,0.009517,0.050000,0,0,3,0,0
horse_circle,hinge2,aw0p125,1450,4952.306,0.200629,0.889911,0.797936,0.981886,16,0.00000967,0,0.065833,0.126767,0.004898,0.935744,0.876428,0.995060,0.942892,0.899089,0.986696,0.035357,0.002140,0.091641,0.009624,0.050000,0,0,4,0,0
horse_circle,hinge2,aw0p125,1475,4971.557,0.204366,0.890080,0.800412,0.979748,16,0.00001043,0,0.067623,0.128627,0.006619,0.934347,0.875360,0.993333,0.944800,0.903367,0.986232,0.035930,0.002810,0.088714,0.010089,0.050000,0,0,4,0,0
horse_circle,hinge2,aw0p125,1500,5095.235,0.204149,0.890295,0.800576,0.980013,16,0.00001992,0,0.068387,0.130022,0.006751,0.933770,0.874337,0.993204,0.945649,0.904669,0.986630,0.036107,0.002866,0.086717,0.009775,0.050000,0,0,4,0,0
horse_circle,hinge2,aw0p125,1525,5114.560,0.200390,0.891774,0.801598,0.981949,16,0.00000493,0,0.066756,0.128813,0.004699,0.935321,0.875382,0.995259,0.945709,0.904855,0.986563,0.035996,0.002061,0.086493,0.009829,0.050000,0,0,4,0,0
horse_circle,hinge2,aw0p125,1550,5239.521,0.200806,0.891404,0.802290,0.980519,16,0.00001685,0,0.067346,0.128999,0.005692,0.934799,0.875337,0.994261,0.945943,0.905785,0.986100,0.035933,0.002351,0.085211,0.010109,0.050000,0,0,4,0,0
horse_circle,hinge2,aw0p125,1575,5259.026,0.198680,0.891856,0.801699,0.982012,16,0.00000318,0,0.066039,0.127511,0.004567,0.935883,0.876375,0.995392,0.945211,0.903925,0.986497,0.035509,0.002068,0.086810,0.009927,0.050000,0,0,4,0,0
horse_circle,hinge2,aw0p125,1600,5384.956,0.196908,0.892823,0.804027,0.981619,16,0.00000298,0,0.065919,0.127139,0.004699,0.936113,0.876969,0.995257,0.946241,0.906250,0.986232,0.035575,0.001792,0.084848,0.010027,0.050000,0,0,4,0,0
horse_circle,hinge2,aw0p125,1625,5404.500,0.200815,0.891744,0.803219,0.980268,16,0.00000351,0,0.066561,0.126767,0.006354,0.935370,0.877141,0.993600,0.945769,0.905041,0.986497,0.035349,0.002846,0.086142,0.009925,0.050000,0,0,4,0,0
horse_circle,hinge2,aw0p125,1650,5529.585,0.199097,0.889163,0.796445,0.981882,16,0.00001028,0,0.064770,0.124907,0.004633,0.936484,0.877642,0.995325,0.941179,0.895926,0.986431,0.034771,0.001987,0.094113,0.010003,0.050000,0,0,4,0,0
horse_circle,hinge2,aw0p125,1675,5549.443,0.199942,0.888597,0.794402,0.982793,16,0.00000223,0,0.065183,0.126395,0.003971,0.936110,0.876230,0.995991,0.940753,0.894810,0.986696,0.035248,0.001520,0.096157,0.009585,0.050000,0,0,4,0,0
horse_circle,hinge2,aw0p125,1700,5676.870,0.199740,0.890076,0.799108,0.981044,16,0.00000153,0,0.065546,0.125465,0.005626,0.935952,0.877575,0.994330,0.942965,0.899368,0.986563,0.034796,0.002529,0.091116,0.009762,0.050000,0,0,4,0,0
horse_circle,hinge2,aw0p125,1725,5696.324,0.196459,0.891618,0.800644,0.982591,16,0.00000178,0,0.065223,0.126674,0.003773,0.936527,0.876865,0.996189,0.944182,0.902065,0.986299,0.035139,0.001606,0.089026,0.009931,0.050000,0,0,4,0,0
horse_circle,hinge2,aw0p125,1750,5818.872,0.195457,0.891932,0.801589,0.982275,16,0.00000012,0,0.064053,0.123605,0.004501,0.937392,0.879324,0.995459,0.943683,0.900670,0.986696,0.034560,0.001777,0.090391,0.009826,0.050000,0,0,4,0,0
horse_circle,hinge2,aw0p125,1775,5838.134,0.194639,0.891491,0.799934,0.983047,16,0.00000125,0,0.063291,0.123140,0.003442,0.937992,0.879461,0.996523,0.942434,0.898438,0.986431,0.034344,0.001548,0.092217,0.009927,0.050000,0,0,4,0,0
horse_circle,hinge2,aw0p125,1800,5962.414,0.193907,0.893183,0.803126,0.983240,16,0.00000225,0,0.063962,0.124814,0.003111,0.937731,0.878607,0.996856,0.944833,0.903367,0.986299,0.034852,0.001447,0.087387,0.010034,0.050000,0,0,4,0,0
horse_circle,hinge2,aw0p125,1825,5981.582,0.196077,0.892094,0.802238,0.981950,16,0.00000176,0,0.063441,0.122117,0.004766,0.937871,0.880549,0.995193,0.943417,0.900205,0.986630,0.034183,0.002255,0.090625,0.010021,0.050000,0,0,4,0,0
horse_circle,hinge2,aw0p125,1850,6105.932,0.195239,0.892464,0.803178,0.981750,16,0.00000083,0,0.064166,0.123698,0.004633,0.937394,0.879463,0.995324,0.944414,0.902530,0.986299,0.034552,0.001928,0.088720,0.009923,0.050000,0,0,4,0,0
horse_circle,hinge2,aw0p125,1875,6125.255,0.193945,0.893428,0.802551,0.984306,16,0.00000389,0,0.063363,0.122954,0.003773,0.938073,0.879949,0.996196,0.944624,0.901228,0.988020,0.034520,0.001708,0.089366,0.008692,0.050000,0,0,4,0,0
horse_circle,hinge2,aw0p125,1900,6249.724,0.193041,0.893201,0.802698,0.983704,16,0.00000022,0,0.063517,0.123791,0.003243,0.938027,0.879329,0.996724,0.944480,0.902065,0.986894,0.034544,0.001396,0.089437,0.009124,0.050000,0,0,4,0,0
horse_circle,hinge2,aw0p125,1925,6269.012,0.193319,0.892937,0.801572,0.984302,16,0.00000277,0,0.063975,0.124442,0.003508,0.937572,0.878683,0.996461,0.944538,0.901321,0.987755,0.034682,0.001427,0.089343,0.008414,0.050000,0,0,4,0,0
horse_circle,hinge2,aw0p125,1950,6393.558,0.192480,0.893467,0.803478,0.983456,16,0.00000169,0,0.063642,0.123047,0.004236,0.937865,0.880000,0.995729,0.944983,0.902344,0.987622,0.034419,0.001564,0.088541,0.008556,0.050000,0,0,4,0,0
horse_circle,hinge2,aw0p125,1975,6413.051,0.191640,0.894994,0.804832,0.985156,16,0.00000042,0,0.063736,0.124163,0.003310,0.937995,0.879327,0.996663,0.946589,0.904762,0.988417,0.034722,0.001430,0.085819,0.008251,0.050000,0,0,4,0,0
horse_circle,hinge2,aw0p125,2000,6539.465,0.194224,0.894110,0.804299,0.983920,16,0.00000021,0,0.064638,0.124907,0.004369,0.937145,0.878692,0.995599,0.946490,0.904762,0.988218,0.034827,0.002032,0.085485,0.008089,0.050000,0,0,4,0,0
horse_circle,hinge2,aw0p125,2025,6558.943,0.190742,0.897053,0.808693,0.985412,16,0.00000004,0,0.064089,0.125465,0.002714,0.938056,0.878850,0.997261,0.949121,0.910156,0.988086,0.035072,0.001545,0.080489,0.008054,0.050000,0,0,4,0,0
horse_circle,hinge2,aw0p125,2050,6684.869,0.191171,0.896096,0.807549,0.984643,16,0.00000108,0,0.065130,0.126023,0.004236,0.937007,0.878279,0.995734,0.949067,0.909319,0.988814,0.035186,0.001526,0.081162,0.007486,0.050000,0,0,4,0,0
horse_circle,hinge2,aw0p125,2075,6704.328,0.193558,0.895517,0.806393,0.984641,16,0.00000003,0,0.065063,0.126023,0.004104,0.936996,0.878126,0.995866,0.948349,0.908017,0.988681,0.035154,0.001987,0.082500,0.007493,0.050000,0,0,4,0,0
horse_circle,hinge2,aw0p125,2100,6826.536,0.193054,0.896539,0.808241,0.984837,16,0.00000000,0,0.066332,0.128627,0.004038,0.936176,0.876419,0.995933,0.950508,0.912202,0.988814,0.035860,0.001708,0.078187,0.007374,0.050000,0,0,4,0,0
horse_circle,hinge2,aw0p125,2125,6846.008,0.192814,0.896734,0.808430,0.985037,16,0.00000012,0,0.066957,0.129743,0.004170,0.935707,0.875613,0.995802,0.951232,0.913318,0.989145,0.035950,0.001767,0.076865,0.007022,0.050000,0,0,4,0,0
horse_circle,hinge2,aw0p125,2150,6971.683,0.194733,0.897637,0.810037,0.985237,16,0.00000002,0,0.067395,0.130487,0.004302,0.935474,0.875278,0.995671,0.952606,0.915737,0.989476,0.036514,0.002061,0.074438,0.006424,0.050000,0,0,4,0,0
horse_circle,hinge2,aw0p125,2175,6991.299,0.193953,0.897890,0.810212,0.985567,16,0.00000057,0,0.068684,0.132999,0.004369,0.934529,0.873451,0.995606,0.953921,0.917969,0.989873,0.037077,0.001504,0.073013,0.006238,0.050000,0,0,4,0,0
horse_circle,hinge2,aw0p125,2200,7116.825,0.193924,0.898489,0.811606,0.985373,16,0.00000096,0,0.068039,0.131510,0.004567,0.935071,0.874734,0.995407,0.954107,0.918341,0.989873,0.036642,0.001970,0.072522,0.006433,0.050000,0,0,4,0,0
horse_circle,hinge2,aw0p125,2225,7136.030,0.189674,0.898196,0.811343,0.985050,16,0.00000000,0,0.065015,0.125000,0.005030,0.937246,0.879548,0.994944,0.951383,0.912760,0.990005,0.034575,0.002342,0.077716,0.006297,0.050000,0,0,4,0,0
horse_circle,hinge2,aw0p125,2250,7261.024,0.183658,0.901441,0.819611,0.983271,16,0.00000000,0,0.064471,0.123977,0.004964,0.938193,0.881385,0.995001,0.954688,0.921224,0.988152,0.034679,0.001579,0.069449,0.007802,0.050000,0,0,4,0,0
horse_circle,hinge2,aw0p125,2275,7280.311,0.183900,0.902234,0.820080,0.984389,16,0.00000000,0,0.063833,0.122768,0.004898,0.938713,0.882353,0.995073,0.954985,0.920759,0.989211,0.034248,0.002315,0.068595,0.006700,0.050000,0,0,4,0,0
horse_circle,hinge2,aw0p125,2300,7404.124,0.182183,0.903228,0.821801,0.984656,16,0.00000000,0,0.064397,0.123698,0.005097,0.938374,0.881872,0.994877,0.956565,0.923456,0.989674,0.034517,0.001837,0.067035,0.006498,0.050000,0,0,4,0,0
horse_circle,hinge2,aw0p125,2325,7423.158,0.183816,0.903556,0.822072,0.985041,16,0.00000000,0,0.065182,0.125930,0.004435,0.937889,0.880241,0.995538,0.957502,0.925595,0.989410,0.035001,0.002030,0.064744,0.006647,0.050000,0,0,4,0,0
horse_circle,hinge2,aw0p125,2350,7545.350,0.181814,0.904269,0.822070,0.986469,16,0.00000000,0,0.063564,0.124349,0.002780,0.939308,0.881419,0.997198,0.956752,0.924293,0.989211,0.034693,0.001683,0.066003,0.006618,0.050000,0,0,4,0,0
horse_circle,hinge2,aw0p125,2375,7564.701,0.183208,0.903130,0.821803,0.984457,16,0.00000000,0,0.065155,0.125279,0.005030,0.937816,0.880691,0.994941,0.957084,0.924758,0.989410,0.034981,0.001791,0.065819,0.006421,0.050000,0,0,4,0,0
horse_circle,hinge2,aw0p125,2400,7688.783,0.184320,0.902746,0.821825,0.983667,16,0.00000017,0,0.064178,0.123326,0.005030,0.938546,0.882154,0.994937,0.955896,0.923177,0.988615,0.034443,0.002387,0.066762,0.007236,0.050000,0,0,4,0,0
horse_circle,hinge2,aw0p125,2425,7708.009,0.184188,0.903248,0.822629,0.983867,16,0.00000000,0,0.064430,0.123698,0.005163,0.938392,0.881977,0.994807,0.956666,0.924386,0.988946,0.034589,0.002378,0.065733,0.006908,0.050000,0,0,4,0,0
horse_circle,hinge2,aw0p125,2450,7832.030,0.184496,0.903129,0.821803,0.984455,16,0.00000000,0,0.065089,0.125279,0.004898,0.937882,0.880691,0.995073,0.957018,0.924758,0.989277,0.034772,0.002297,0.065648,0.006800,0.050000,0,0,4,0,0
horse_circle,hinge2,aw0p125,2475,7851.296,0.183574,0.903154,0.821325,0.984982,16,0.00000000,0,0.064624,0.124349,0.004898,0.938200,0.881324,0.995076,0.956631,0.923456,0.989807,0.034541,0.002274,0.066416,0.006212,0.050000,0,0,4,0,0
horse_circle,hinge2,aw0p125,2500,7976.293,0.184798,0.903773,0.822037,0.985510,16,0.00000001,0,0.065075,0.125186,0.004964,0.937901,0.880790,0.995013,0.957673,0.924944,0.990402,0.035002,0.002304,0.065401,0.005745,0.050000,0,0,4,0,0
horse_circle,hinge2,aw0p125,2525,7995.583,0.182489,0.903771,0.822231,0.985311,16,0.00000001,0,0.065102,0.125372,0.004832,0.937910,0.880676,0.995143,0.957694,0.925316,0.990071,0.035013,0.001679,0.065347,0.006100,0.050000,0,0,4,0,0
horse_circle,hinge2,aw0p125,2550,8121.793,0.181581,0.904283,0.823189,0.985376,16,0.00000583,0,0.064730,0.124628,0.004832,0.938248,0.881353,0.995144,0.957959,0.925781,0.990138,0.034911,0.001632,0.065105,0.005704,0.050000,0,0,4,0,0
horse_circle,hinge2,aw0p125,2575,8141.473,0.184015,0.903971,0.822498,0.985444,16,0.00000000,0,0.064703,0.124442,0.004964,0.938208,0.881404,0.995012,0.957594,0.924851,0.990336,0.034761,0.002323,0.065594,0.005766,0.050000,0,0,4,0,0
horse_circle,hinge2,aw0p125,2600,8266.364,0.184847,0.904249,0.822790,0.985709,16,0.00000000,0,0.064876,0.124721,0.005030,0.938090,0.881233,0.994948,0.958038,0.925409,0.990667,0.034929,0.002367,0.065595,0.005729,0.050000,0,0,4,0,0
horse_circle,hinge2,aw0p125,2625,8285.909,0.182443,0.903972,0.822434,0.985510,16,0.00000005,0,0.064238,0.123512,0.004964,0.938552,0.882092,0.995013,0.957208,0.924014,0.990402,0.034485,0.002091,0.066431,0.005849,0.050000,0,0,4,0,0
horse_circle,hinge2,aw0p125,2650,8412.673,0.183686,0.904170,0.823486,0.984854,16,0.00000000,0,0.064523,0.123884,0.005163,0.938379,0.881946,0.994812,0.957721,0.925502,0.989939,0.034590,0.002424,0.065076,0.006188,0.050000,0,0,4,0,0
horse_circle,hinge2,aw0p125,2675,8432.286,0.183771,0.903524,0.822196,0.984852,16,0.00000000,0,0.064829,0.124628,0.005030,0.938085,0.881227,0.994943,0.957236,0.924665,0.989807,0.034582,0.002385,0.065554,0.006254,0.050000,0,0,4,0,0
horse_circle,hinge2,aw0p125,2700,8556.961,0.182949,0.904238,0.823296,0.985181,16,0.00000018,0,0.063820,0.122675,0.004964,0.938920,0.882828,0.995011,0.957182,0.924293,0.990071,0.034344,0.002404,0.065709,0.006212,0.050000,0,0,4,0,0
horse_circle,hinge2,aw0p125,2725,8576.233,0.183628,0.903770,0.823150,0.984391,16,0.00000144,0,0.064178,0.123326,0.005030,0.938631,0.882322,0.994941,0.957004,0.924665,0.989343,0.034399,0.002391,0.065914,0.007024,0.050000,0,0,4,0,0
horse_circle,hinge2,aw0p125,2750,8701.150,0.183978,0.903836,0.822294,0.985378,16,0.00000530,0,0.064843,0.124721,0.004964,0.938091,0.881170,0.995012,0.957561,0.924851,0.990270,0.034535,0.002455,0.065922,0.006108,0.050000,0,0,4,0,0
horse_circle,hinge2,aw0p125,2775,8720.622,0.181003,0.903148,0.821115,0.985181,16,0.00000175,0,0.064517,0.124070,0.004964,0.938259,0.881506,0.995011,0.956531,0.922991,0.990071,0.034390,0.001661,0.067326,0.006269,0.050000,0,0,4,0,0
horse_circle,hinge2,aw0p125,2800,8847.254,0.180751,0.904865,0.822340,0.987390,16,0.00000027,0,0.062489,0.122396,0.002581,0.940159,0.882918,0.997399,0.956465,0.922991,0.989939,0.034297,0.001640,0.067641,0.006366,0.050000,0,0,4,0,0
horse_circle,hinge2,aw0p125,2825,8867.097,0.183585,0.903189,0.821526,0.984851,16,0.00000117,0,0.063727,0.122489,0.004964,0.938878,0.882746,0.995009,0.955947,0.922154,0.989741,0.034163,0.002413,0.068083,0.006478,0.050000,0,0,4,0,0
horse_circle,hinge2,aw0p125,2850,8991.887,0.184318,0.903588,0.822390,0.984787,16,0.00000106,0,0.064132,0.123233,0.005030,0.938619,0.882295,0.994943,0.956738,0.923735,0.989741,0.034462,0.002409,0.067177,0.006491,0.050000,0,0,4,0,0
horse_circle,hinge2,aw0p125,2875,9010.939,0.183887,0.903861,0.822673,0.985050,16,0.00000148,0,0.064504,0.123977,0.005030,0.938359,0.881774,0.994944,0.957335,0.924665,0.990005,0.034499,0.002386,0.066347,0.006347,0.050000,0,0,4,0,0
horse_circle,hinge2,aw0p125,2900,9135.016,0.183470,0.902923,0.821060,0.984786,16,0.00000238,0,0.065122,0.125279,0.004964,0.937802,0.880596,0.995009,0.956798,0.923921,0.989674,0.034725,0.001989,0.066792,0.006430,0.050000,0,0,4,0,0
horse_circle,hinge2,aw0p125,2925,9154.529,0.183393,0.903786,0.822721,0.984851,16,0.00000065,0,0.064099,0.123233,0.004964,0.938673,0.882337,0.995009,0.956924,0.924107,0.989741,0.034405,0.002317,0.066581,0.006428,0.050000,0,0,4,0,0
horse_circle,hinge2,aw0p125,2950,9275.555,0.181848,0.903614,0.822244,0.984984,16,0.00000034,0,0.064457,0.123884,0.005030,0.938367,0.881789,0.994944,0.957023,0.924107,0.989939,0.034587,0.001713,0.066932,0.006364,0.050000,0,0,4,0,0
horse_circle,hinge2,aw0p125,2975,9295.013,0.181971,0.902611,0.820108,0.985115,16,0.00000000,0,0.064471,0.123977,0.004964,0.938229,0.881448,0.995011,0.955894,0.921782,0.990005,0.034372,0.001769,0.068620,0.006189,0.050000,0,0,4,0,0
horse_circle,hinge2,aw0p125,3000,9419.374,0.180353,0.903708,0.823222,0.984194,16,0.00000193,0,0.063620,0.122210,0.005030,0.939054,0.883169,0.994940,0.956486,0.923828,0.989145,0.034227,0.001702,0.066515,0.006754,0.050000,0,0,4,0,0
horse_circle,hinge2,aw0p125,3025,9438.904,0.182444,0.904047,0.822781,0.985313,16,0.00000068,0,0.065108,0.125186,0.005030,0.937915,0.880885,0.994946,0.958026,0.925781,0.990270,0.034972,0.001687,0.065368,0.006247,0.050000,0,0,4,0,0
horse_circle,hinge2,aw0p125,3050,9564.582,0.181901,0.905097,0.822936,0.987258,16,0.00000433,0,0.064116,0.125651,0.002581,0.938979,0.880559,0.997399,0.958073,0.926339,0.989807,0.035047,0.001474,0.065036,0.006589,0.050000,0,0,4,0,0
horse_circle,hinge2,aw0p125,3075,9584.273,0.184786,0.903315,0.821644,0.984985,16,0.00000276,0,0.065467,0.125837,0.005097,0.937567,0.880255,0.994878,0.957521,0.925037,0.990005,0.035199,0.001988,0.065613,0.006463,0.050000,0,0,4,0,0
horse_circle,hinge2,aw0p125,3100,9707.216,0.184949,0.903181,0.821378,0.984984,16,0.00000807,0,0.065899,0.126767,0.005030,0.937237,0.879530,0.994944,0.957721,0.925502,0.989939,0.035236,0.001990,0.065799,0.006285,0.050000,0,0,4,0,0
horse_circle,hinge2,aw0p125,3125,9726.916,0.185836,0.902903,0.820754,0.985052,16,0.00000266,0,0.066337,0.127511,0.005163,0.936855,0.878898,0.994813,0.957773,0.925409,0.990138,0.035515,0.001928,0.065938,0.006187,0.050000,0,0,4,0,0
horse_circle,hinge2,aw0p125,3150,9852.974,0.186659,0.902893,0.820737,0.985050,16,0.00000000,0,0.066736,0.128441,0.005030,0.936576,0.878208,0.994944,0.958079,0.926153,0.990005,0.035798,0.001943,0.065101,0.006292,0.050000,0,0,4,0,0
horse_circle,hinge2,aw0p125,3175,9872.211,0.186165,0.903463,0.821877,0.985049,16,0.00000294,0,0.065354,0.125744,0.004964,0.937682,0.880354,0.995010,0.957581,0.925223,0.989939,0.035137,0.002401,0.065780,0.006238,0.050000,0,0,4,0,0
horse_circle,hinge2,aw0p125,3200,9996.225,0.182618,0.904380,0.821567,0.987192,16,0.00000279,0,0.064488,0.126395,0.002581,0.938614,0.879830,0.997399,0.957575,0.925409,0.989741,0.035243,0.001472,0.065193,0.006322,0.050000,0,0,4,0,0
horse_circle,hinge2,aw0p125,3225,10015.477,0.188585,0.902730,0.820213,0.985248,16,0.00000127,0,0.066643,0.128255,0.005030,0.936611,0.878277,0.994945,0.957807,0.925409,0.990204,0.035864,0.002378,0.065216,0.006021,0.050000,0,0,4,0,0
horse_circle,hinge2,aw0p125,3250,10138.685,0.183780,0.904290,0.821057,0.987522,16,0.00000174,0,0.064442,0.126302,0.002581,0.938617,0.879834,0.997399,0.957415,0.924758,0.990071,0.035347,0.001498,0.066515,0.006279,0.050000,0,0,4,0,0
horse_circle,hinge2,aw0p125,3275,10158.115,0.187930,0.903065,0.820752,0.985378,16,0.00000067,0,0.066749,0.128534,0.004964,0.936577,0.878141,0.995012,0.958258,0.926246,0.990270,0.035676,0.002396,0.065350,0.005936,0.050000,0,0,4,0,0
horse_circle,hinge2,aw0p125,3300,10283.609,0.186242,0.904052,0.822330,0.985774,16,0.00000188,0,0.066005,0.127046,0.004964,0.937230,0.879446,0.995014,0.958736,0.926804,0.990667,0.035458,0.002322,0.064586,0.005652,0.050000,0,0,4,0,0
acm_scf,hinge2,aw0p125,1,1.489,1.080300,0.190643,0.150422,0.230864,20,0.00000000,0,0.212466,0.093992,0.330939,0.558960,0.636468,0.481453,0.235913,0.164561,0.307265,0.034504,0.045997,0.830963,0.685628,0.050000,0,0,0,0,0
acm_scf,hinge2,aw0p125,25,26.900,0.826483,0.284123,0.203993,0.364253,20,0.00000238,0,0.107810,0.036356,0.179265,0.779408,0.853266,0.705551,0.320480,0.211409,0.429551,0.013350,0.024767,0.784157,0.563870,0.050000,0,0,0,0,0
acm_scf,hinge2,aw0p125,50,196.257,0.716830,0.374540,0.261647,0.487432,20,0.00011761,1,0.104093,0.032513,0.175673,0.828975,0.892578,0.765373,0.421608,0.270154,0.573061,0.011893,0.024079,0.725607,0.420112,0.050000,0,0,0,0,0
acm_scf,hinge2,aw0p125,75,222.926,0.646552,0.428188,0.299734,0.556643,20,0.00014010,1,0.090386,0.029262,0.151510,0.861092,0.913367,0.808817,0.474742,0.308505,0.640980,0.010764,0.020867,0.687070,0.352788,0.050000,0,0,0,0,0
acm_scf,hinge2,aw0p125,100,391.309,0.589627,0.471125,0.330159,0.612090,20,0.00025548,1,0.082070,0.024385,0.139755,0.882928,0.932749,0.833106,0.517921,0.338210,0.697633,0.008894,0.019200,0.657390,0.296756,0.050000,0,0,0,0,0
acm_scf,hinge2,aw0p125,125,417.421,0.538830,0.517144,0.366477,0.667811,20,0.00032251,1,0.082902,0.024089,0.141714,0.891475,0.939685,0.843265,0.568877,0.375305,0.762449,0.008568,0.019482,0.620370,0.232441,0.050000,0,0,0,0,0
acm_scf,hinge2,aw0p125,150,584.522,0.504548,0.553913,0.412358,0.695468,20,0.00003992,1,0.090618,0.024828,0.156408,0.890847,0.944509,0.837186,0.613421,0.422597,0.804245,0.009015,0.021585,0.573274,0.190966,0.050000,0,0,0,0,0
acm_scf,hinge2,aw0p125,175,610.324,0.473747,0.580966,0.443796,0.718137,20,0.00000000,0,0.090781,0.024828,0.156735,0.894753,0.948236,0.841270,0.642754,0.454814,0.830694,0.009050,0.021239,0.540917,0.164272,0.050000,0,0,0,0,0
acm_scf,hinge2,aw0p125,200,775.819,0.448624,0.609362,0.481004,0.737719,20,0.00000000,0,0.096751,0.026971,0.166531,0.893045,0.948227,0.837864,0.677275,0.493978,0.860571,0.009653,0.022873,0.502049,0.134996,0.050000,0,0,0,0,0
acm_scf,hinge2,aw0p125,225,801.658,0.433473,0.623651,0.504537,0.742765,20,0.00002307,0,0.096961,0.026084,0.167837,0.894956,0.952032,0.837880,0.692563,0.517697,0.867429,0.009608,0.022887,0.478411,0.128546,0.050000,0,0,0,0,0
acm_scf,hinge2,aw0p125,250,964.501,0.424336,0.630889,0.519058,0.742721,20,0.00000108,0,0.095967,0.025567,0.166367,0.896533,0.954172,0.838893,0.699307,0.532328,0.866286,0.008941,0.023049,0.463532,0.129217,0.050000,0,0,0,0,0
acm_scf,hinge2,aw0p125,275,990.289,0.423799,0.635112,0.526763,0.743461,20,0.00004085,0,0.100335,0.027119,0.173551,0.893179,0.952269,0.834088,0.706769,0.541048,0.872490,0.009548,0.024145,0.454817,0.123180,0.050000,0,0,0,0,0
acm_scf,hinge2,aw0p125,300,1156.131,0.414238,0.645896,0.535338,0.756455,20,0.00002044,0,0.099824,0.029853,0.169796,0.893821,0.948633,0.839009,0.718108,0.551319,0.884898,0.010488,0.023546,0.445012,0.111160,0.050000,0,0,0,0,0
acm_scf,hinge2,aw0p125,325,1181.899,0.398208,0.657275,0.549450,0.765101,20,0.00002637,0,0.097507,0.027341,0.167673,0.897889,0.953802,0.841976,0.728930,0.564472,0.893388,0.009352,0.023407,0.431619,0.102689,0.050000,0,0,0,0,0
acm_scf,hinge2,aw0p125,350,1351.900,0.387651,0.670011,0.567218,0.772804,20,0.00005367,0,0.097439,0.027858,0.167020,0.899071,0.954397,0.843745,0.742448,0.583019,0.901878,0.009969,0.023417,0.413292,0.094849,0.050000,0,0,0,0,0
acm_scf,hinge2,aw0p125,375,1378.236,0.382629,0.673437,0.575553,0.771322,20,0.00006038,0,0.103099,0.028892,0.177306,0.895061,0.953480,0.836643,0.750132,0.592182,0.908082,0.010054,0.024116,0.403755,0.088064,0.050000,0,0,0,0,0
acm_scf,hinge2,aw0p125,400,1547.038,0.375129,0.679973,0.583202,0.776744,20,0.00002328,0,0.101816,0.028449,0.175184,0.896851,0.954717,0.838986,0.756305,0.599793,0.912816,0.009991,0.023795,0.396374,0.083565,0.050000,0,0,0,0,0
acm_scf,hinge2,aw0p125,425,1573.244,0.366009,0.689663,0.592444,0.786883,20,0.00000494,0,0.098127,0.028745,0.167510,0.900373,0.954961,0.845784,0.764084,0.609473,0.918694,0.009825,0.023494,0.387494,0.077965,0.050000,0,0,0,0,0
acm_scf,hinge2,aw0p125,450,1739.738,0.364881,0.692102,0.593045,0.791160,20,0.00001189,0,0.097816,0.028449,0.167184,0.901071,0.955435,0.846707,0.766673,0.609917,0.923429,0.010155,0.023596,0.386707,0.073035,0.050000,0,0,0,0,0
acm_scf,hinge2,aw0p125,475,1765.323,0.361633,0.694615,0.598939,0.790291,20,0.00002235,0,0.103720,0.030296,0.177143,0.896621,0.953202,0.840041,0.773685,0.617084,0.930286,0.010707,0.023991,0.379246,0.066403,0.050000,0,0,0,0,0
acm_scf,hinge2,aw0p125,500,1929.702,0.358708,0.700489,0.599412,0.801565,20,0.00000897,0,0.099829,0.031331,0.168327,0.899703,0.951763,0.847643,0.777341,0.618193,0.936490,0.011252,0.023656,0.377786,0.060355,0.050000,0,0,0,0,0
acm_scf,hinge2,aw0p125,525,1954.875,0.349974,0.705284,0.601163,0.809404,20,0.00000716,0,0.099655,0.029188,0.170122,0.901339,0.954950,0.847728,0.782906,0.618710,0.947102,0.010413,0.023673,0.377673,0.049578,0.050000,0,0,0,0,0
acm_scf,hinge2,aw0p125,550,2117.537,0.339953,0.714010,0.606722,0.821298,20,0.00000022,0,0.095507,0.028892,0.162122,0.905284,0.955764,0.854803,0.789350,0.624252,0.954449,0.010381,0.022847,0.372524,0.041555,0.050000,0,0,0,0,0
acm_scf,hinge2,aw0p125,575,2143.258,0.334107,0.720014,0.611681,0.828347,20,0.00000000,0,0.096069,0.029853,0.162286,0.905254,0.954754,0.855754,0.796359,0.629942,0.962776,0.010680,0.022778,0.366770,0.033782,0.050000,0,0,0,0,0
acm_scf,hinge2,aw0p125,600,2308.661,0.328843,0.723981,0.614794,0.833169,20,0.00000000,0,0.093331,0.029927,0.156735,0.907495,0.954870,0.860119,0.798474,0.633193,0.963755,0.010708,0.022091,0.363105,0.032193,0.050000,0,0,0,0,0
acm_scf,hinge2,aw0p125,625,2333.861,0.328924,0.726435,0.619112,0.833757,20,0.00000000,0,0.093819,0.030740,0.156898,0.907070,0.954043,0.860096,0.801358,0.638144,0.964571,0.011167,0.022099,0.358515,0.033199,0.050000,0,0,0,0,0
acm_scf,hinge2,aw0p125,650,2499.950,0.329435,0.724048,0.620989,0.827107,20,0.00000000,0,0.097001,0.031553,0.162449,0.904259,0.953056,0.855462,0.801026,0.640582,0.961469,0.011456,0.021927,0.355913,0.035896,0.050000,0,0,0,0,0
acm_scf,hinge2,aw0p125,675,2525.725,0.324078,0.731333,0.620974,0.841693,20,0.00000000,0,0.089044,0.032291,0.145796,0.910359,0.952041,0.868676,0.802717,0.641026,0.964408,0.011689,0.020741,0.355600,0.033117,0.050000,0,0,0,0,0
acm_scf,hinge2,aw0p125,700,2690.977,0.323814,0.730895,0.626216,0.835574,20,0.00000000,0,0.093561,0.033326,0.153796,0.906721,0.951021,0.862421,0.805583,0.647085,0.964082,0.012080,0.021283,0.348893,0.031830,0.050000,0,0,0,0,0
acm_scf,hinge2,aw0p125,725,2716.545,0.324163,0.733029,0.628945,0.837114,20,0.00000000,0,0.093313,0.034952,0.151673,0.906552,0.949041,0.864062,0.807504,0.650927,0.964082,0.012599,0.021255,0.345486,0.032001,0.050000,0,0,0,0,0
acm_scf,hinge2,aw0p125,750,2880.656,0.323289,0.734280,0.628156,0.840404,20,0.00000000,0,0.091455,0.036134,0.146776,0.907618,0.947402,0.867833,0.807304,0.650853,0.963755,0.012890,0.020717,0.345431,0.032291,0.050000,0,0,0,0,0
acm_scf,hinge2,aw0p125,775,2906.276,0.325672,0.734487,0.632906,0.836068,20,0.00000000,0,0.095875,0.037464,0.154286,0.904094,0.946024,0.862165,0.810839,0.656617,0.965061,0.013544,0.021438,0.339504,0.031981,0.050000,0,0,0,0,0
acm_scf,hinge2,aw0p125,800,3071.224,0.324457,0.735323,0.633431,0.837216,20,0.00000000,0,0.093463,0.037538,0.149388,0.905794,0.945969,0.865619,0.809747,0.657208,0.962286,0.013665,0.020835,0.338733,0.034187,0.050000,0,0,0,0,0
acm_scf,hinge2,aw0p125,825,3096.665,0.321226,0.739711,0.636958,0.842465,20,0.00000000,0,0.093473,0.039681,0.147265,0.905624,0.943468,0.867781,0.814382,0.662233,0.966531,0.014208,0.020727,0.333786,0.029184,0.050000,0,0,0,0,0
acm_scf,hinge2,aw0p125,850,3261.160,0.324488,0.739872,0.639175,0.840569,20,0.00000000,0,0.094455,0.041971,0.146939,0.904230,0.940716,0.867744,0.815042,0.666002,0.964082,0.015267,0.020506,0.330312,0.032487,0.050000,0,0,0,0,0
acm_scf,hinge2,aw0p125,875,3286.653,0.324961,0.739548,0.638879,0.840216,20,0.00000000,0,0.093989,0.041528,0.146449,0.904643,0.941256,0.868030,0.814338,0.665410,0.963265,0.014986,0.020710,0.331070,0.033283,0.050000,0,0,0,0,0
acm_scf,hinge2,aw0p125,900,3451.552,0.324966,0.736142,0.639492,0.832792,20,0.00000000,0,0.098278,0.041454,0.155102,0.901278,0.941404,0.861152,0.813980,0.666002,0.961959,0.014878,0.020738,0.330353,0.034647,0.050000,0,0,0,0,0
acm_scf,hinge2,aw0p125,925,3476.957,0.322322,0.738881,0.639246,0.838516,20,0.00000000,0,0.091901,0.039311,0.144490,0.906638,0.944135,0.869141,0.812025,0.664376,0.959673,0.014274,0.020293,0.331703,0.036406,0.050000,0,0,0,0,0
acm_scf,hinge2,aw0p125,950,3640.087,0.323717,0.737557,0.637443,0.837672,20,0.00000000,0,0.090394,0.039237,0.141551,0.907570,0.944082,0.871059,0.809350,0.662455,0.956245,0.014279,0.019878,0.333495,0.040688,0.050000,0,0,0,0,0
acm_scf,hinge2,aw0p125,975,3665.482,0.318117,0.740872,0.637792,0.843951,20,0.00000000,0,0.089712,0.039016,0.140408,0.908542,0.944398,0.872687,0.812563,0.662676,0.962449,0.014057,0.019541,0.333358,0.034092,0.050000,0,0,0,0,0
acm_scf,hinge2,aw0p125,1000,3832.825,0.317895,0.740572,0.640313,0.840831,20,0.00000000,0,0.089452,0.039311,0.139592,0.908533,0.944223,0.872844,0.811844,0.665484,0.958204,0.014077,0.019390,0.330884,0.037175,0.050000,0,0,0,0,0
acm_scf,hinge2,aw0p125,1025,3858.994,0.313920,0.742198,0.640533,0.843862,20,0.00000000,0,0.086108,0.037686,0.134531,0.911569,0.946344,0.876794,0.811030,0.664672,0.957388,0.013586,0.018651,0.331041,0.038902,0.050000,0,0,0,0,0
acm_scf,hinge2,aw0p125,1050,4027.683,0.306034,0.748947,0.643981,0.853913,20,0.00000000,0,0.082256,0.037981,0.126531,0.914995,0.946234,0.883756,0.815200,0.668440,0.961959,0.013636,0.017603,0.327660,0.034500,0.050000,0,0,0,0,0
acm_scf,hinge2,aw0p125,1075,4054.146,0.304441,0.752467,0.648706,0.856228,20,0.00000000,0,0.080746,0.039533,0.121959,0.915985,0.944623,0.887347,0.817502,0.674352,0.960653,0.014291,0.017158,0.321935,0.035362,0.050000,0,0,0,0,0
acm_scf,hinge2,aw0p125,1100,4215.296,0.301443,0.757404,0.655148,0.859659,19,0.00000000,0,0.081425,0.041380,0.121469,0.915460,0.942816,0.888103,0.823170,0.682258,0.964082,0.015040,0.017107,0.313617,0.032096,0.050000,0,0,1,0,0
acm_scf,hinge2,aw0p125,1125,4240.267,0.306196,0.753290,0.657990,0.848590,19,0.00000000,0,0.088096,0.041824,0.134367,0.910004,0.942497,0.877512,0.824061,0.685509,0.962612,0.015222,0.018408,0.311120,0.032233,0.050000,0,0,1,0,0
acm_scf,hinge2,aw0p125,1150,4399.044,0.299767,0.759368,0.660638,0.858097,19,0.00000000,0,0.082990,0.041898,0.124082,0.914323,0.942623,0.886023,0.826444,0.688317,0.964571,0.015060,0.017568,0.307975,0.030539,0.050000,0,0,1,0,0
acm_scf,hinge2,aw0p125,1175,4423.862,0.299206,0.758985,0.662502,0.855469,19,0.00000000,0,0.084676,0.040863,0.128490,0.913297,0.944057,0.882537,0.827481,0.689574,0.965388,0.014865,0.017821,0.306168,0.030760,0.050000,0,0,1,0,0
acm_scf,hinge2,aw0p125,1200,4584.126,0.299656,0.759855,0.663001,0.856708,19,0.00000000,0,0.084193,0.041528,0.126857,0.913564,0.943272,0.883857,0.827961,0.690534,0.965388,0.015195,0.017889,0.304992,0.029652,0.050000,0,0,1,0,0
acm_scf,hinge2,aw0p125,1225,4609.394,0.301190,0.759887,0.664917,0.854857,19,0.00000000,0,0.087242,0.041750,0.132735,0.911301,0.943153,0.879448,0.830502,0.692677,0.968327,0.015156,0.018802,0.303656,0.027058,0.050000,0,0,1,0,0
acm_scf,hinge2,aw0p125,1250,4769.247,0.296863,0.763155,0.667069,0.859242,19,0.00000000,0,0.087302,0.041380,0.133224,0.911713,0.943781,0.879646,0.834193,0.694672,0.973714,0.015022,0.018590,0.301158,0.023674,0.050000,0,0,1,0,0
acm_scf,hinge2,aw0p125,1275,4794.412,0.299415,0.759390,0.664251,0.854530,19,0.00000000,0,0.086838,0.040124,0.133551,0.911973,0.945113,0.878833,0.829778,0.690904,0.968653,0.014568,0.018603,0.305060,0.028403,0.050000,0,0,1,0,0
acm_scf,hinge2,aw0p125,1300,4948.764,0.295244,0.763398,0.666761,0.860035,18,0.00000000,0,0.085003,0.040863,0.129143,0.913509,0.944394,0.882624,0.832555,0.694007,0.971102,0.014752,0.018101,0.302228,0.025431,0.050000,0,0,2,0,0
acm_scf,hinge2,aw0p125,1325,4973.015,0.295486,0.760375,0.663132,0.857618,18,0.00000000,0,0.083836,0.038203,0.129469,0.914763,0.947427,0.882099,0.828559,0.688465,0.968653,0.013840,0.018109,0.307748,0.027633,0.050000,0,0,2,0,0
acm_scf,hinge2,aw0p125,1350,5125.330,0.296041,0.761142,0.662209,0.860075,18,0.00000000,0,0.084169,0.038868,0.129469,0.914460,0.946523,0.882397,0.829688,0.687948,0.971429,0.014075,0.018131,0.308242,0.026193,0.050000,0,0,2,0,0
acm_scf,hinge2,aw0p125,1375,5149.197,0.294936,0.761325,0.662729,0.859922,18,0.00000000,0,0.085587,0.038277,0.132898,0.913631,0.947304,0.879959,0.831150,0.688096,0.974204,0.013671,0.018665,0.308043,0.023140,0.050000,0,0,2,0,0
acm_scf,hinge2,aw0p125,1400,5301.227,0.293871,0.764266,0.666098,0.862433,18,0.00000000,0,0.084056,0.039459,0.128653,0.914671,0.946082,0.883259,0.832885,0.692382,0.973388,0.014298,0.018245,0.303764,0.023636,0.050000,0,0,2,0,0
acm_scf,hinge2,aw0p125,1425,5324.946,0.288854,0.767012,0.667639,0.866386,18,0.00000000,0,0.082165,0.038942,0.125388,0.916448,0.946843,0.886053,0.834329,0.693638,0.975020,0.013952,0.017685,0.302525,0.022089,0.050000,0,0,2,0,0
acm_scf,hinge2,aw0p125,1450,5477.997,0.288369,0.768289,0.668421,0.868157,18,0.00000000,0,0.081675,0.038942,0.124408,0.916931,0.946902,0.886960,0.835307,0.694451,0.976163,0.014199,0.017544,0.301927,0.020869,0.050000,0,0,2,0,0
acm_scf,hinge2,aw0p125,1475,5501.892,0.289391,0.766551,0.669346,0.863755,18,0.00000000,0,0.081972,0.038720,0.125224,0.916555,0.947247,0.885863,0.833591,0.695263,0.971918,0.014145,0.017554,0.300861,0.024325,0.050000,0,0,2,0,0
acm_scf,hinge2,aw0p125,1500,5653.291,0.289044,0.766740,0.669798,0.863682,18,0.00000000,0,0.082686,0.038351,0.127020,0.916155,0.947739,0.884570,0.834436,0.695485,0.973388,0.014007,0.017793,0.300721,0.022966,0.050000,0,0,2,0,0
acm_scf,hinge2,aw0p125,1525,5677.105,0.290648,0.765999,0.670721,0.861276,18,0.00000000,0,0.083724,0.038794,0.128653,0.915189,0.947257,0.883121,0.834411,0.696741,0.972082,0.014067,0.018164,0.299470,0.023979,0.050000,0,0,2,0,0
acm_scf,hinge2,aw0p125,1550,5830.589,0.290572,0.765765,0.670387,0.861143,18,0.00000000,0,0.085207,0.039311,0.131102,0.913981,0.946592,0.881371,0.835391,0.696741,0.974041,0.014330,0.018041,0.299637,0.022540,0.050000,0,0,2,0,0
acm_scf,hinge2,aw0p125,1575,5854.363,0.288223,0.765552,0.665763,0.865340,18,0.00000000,0,0.080063,0.036208,0.123918,0.918559,0.950132,0.886986,0.831220,0.689869,0.972571,0.013195,0.017623,0.306498,0.023408,0.050000,0,0,2,0,0
acm_scf,hinge2,aw0p125,1600,6005.864,0.288862,0.766022,0.666595,0.865449,18,0.00000000,0,0.081974,0.037907,0.126041,0.916766,0.948056,0.885477,0.833197,0.691864,0.974531,0.013701,0.017767,0.304448,0.021533,0.050000,0,0,2,0,0
acm_scf,hinge2,aw0p125,1625,6029.402,0.286871,0.767670,0.668043,0.867297,18,0.00000000,0,0.080623,0.037981,0.123265,0.917876,0.948070,0.887682,0.833810,0.693416,0.974204,0.013809,0.017334,0.302891,0.021704,0.050000,0,0,2,0,0
acm_scf,hinge2,aw0p125,1650,6179.792,0.287022,0.767264,0.668209,0.866318,18,0.00000000,0,0.080713,0.037833,0.123592,0.917801,0.948267,0.887334,0.833439,0.693490,0.973388,0.013723,0.017326,0.302860,0.022787,0.050000,0,0,2,0,0
acm_scf,hinge2,aw0p125,1675,6203.259,0.286768,0.767385,0.668731,0.866038,18,0.00000000,0,0.081403,0.037907,0.124898,0.917288,0.948213,0.886364,0.834143,0.694081,0.974204,0.013764,0.017352,0.302076,0.022535,0.050000,0,0,2,0,0
acm_scf,hinge2,aw0p125,1700,6353.452,0.287612,0.767639,0.668351,0.866928,18,0.00000000,0,0.081669,0.038277,0.125061,0.917037,0.947724,0.886350,0.834640,0.693933,0.975347,0.013858,0.017537,0.302030,0.022034,0.050000,0,0,2,0,0
acm_scf,hinge2,aw0p125,1725,6376.705,0.289922,0.767478,0.669817,0.865139,18,0.00000000,0,0.082927,0.039976,0.125878,0.915642,0.945726,0.885557,0.835317,0.696594,0.974041,0.014493,0.017598,0.299815,0.023302,0.050000,0,0,2,0,0
acm_scf,hinge2,aw0p125,1750,6528.307,0.288627,0.767893,0.668917,0.866870,18,0.00000000,0,0.082200,0.039829,0.124571,0.916267,0.945840,0.886694,0.835208,0.695559,0.974857,0.014256,0.017555,0.300378,0.022390,0.050000,0,0,2,0,0
acm_scf,hinge2,aw0p125,1775,6551.815,0.291556,0.763929,0.667188,0.860670,18,0.00000000,0,0.084711,0.038646,0.130776,0.914360,0.947177,0.881544,0.833099,0.692973,0.973224,0.013971,0.018138,0.303272,0.022967,0.050000,0,0,2,0,0
acm_scf,hinge2,aw0p125,1800,6702.589,0.294564,0.763621,0.669154,0.858089,18,0.00000000,0,0.087135,0.039902,0.134367,0.912235,0.945767,0.878703,0.834621,0.695855,0.973388,0.014472,0.018677,0.300595,0.023341,0.050000,0,0,2,0,0
acm_scf,hinge2,aw0p125,1825,6726.226,0.294344,0.763833,0.666904,0.860763,18,0.00000000,0,0.086816,0.039755,0.133878,0.912577,0.945777,0.879376,0.834708,0.693416,0.976000,0.014296,0.018704,0.302971,0.021723,0.050000,0,0,2,0,0
acm_scf,hinge2,aw0p125,1850,6877.342,0.291977,0.763974,0.666263,0.861685,18,0.00000000,0,0.083807,0.037981,0.129633,0.915207,0.947939,0.882475,0.832478,0.691569,0.973388,0.013844,0.018118,0.304909,0.023349,0.050000,0,0,2,0,0
acm_scf,hinge2,aw0p125,1875,6900.996,0.291550,0.765611,0.667164,0.864058,18,0.00000000,0,0.082884,0.039237,0.126531,0.915702,0.946439,0.884964,0.833365,0.693342,0.973388,0.014219,0.017896,0.303011,0.023171,0.050000,0,0,2,0,0
acm_scf,hinge2,aw0p125,1900,7051.460,0.292503,0.765117,0.666809,0.863426,18,0.00000000,0,0.083974,0.039459,0.128490,0.914815,0.946137,0.883494,0.833744,0.693121,0.974367,0.014178,0.018099,0.303291,0.023497,0.050000,0,0,2,0,0
acm_scf,hinge2,aw0p125,1925,7074.932,0.290551,0.765180,0.665836,0.864525,18,0.00000000,0,0.082880,0.037760,0.128000,0.916079,0.948185,0.883972,0.833081,0.690978,0.975184,0.013670,0.018060,0.305235,0.022031,0.050000,0,0,2,0,0
teapot_droplets,hinge2,aw0p125,1,1.531,1.017717,0.187156,0.187115,0.187198,20,0.00005626,0,0.481876,0.109018,0.854735,0.472227,0.655585,0.288869,0.277358,0.207513,0.347202,0.025496,0.050404,0.786564,0.641586,0.050000,0,0,0,0,0
teapot_droplets,hinge2,aw0p125,25,27.554,0.715290,0.338219,0.283164,0.393275,20,0.00007041,2,0.279490,0.055035,0.503945,0.692193,0.844438,0.539948,0.445106,0.298748,0.591463,0.012782,0.029299,0.694443,0.399395,0.050000,0,0,0,0,0
teapot_droplets,hinge2,aw0p125,50,194.279,0.584378,0.439589,0.385740,0.493438,20,0.00004011,0,0.235958,0.050826,0.421090,0.756691,0.888581,0.624800,0.553283,0.405346,0.701220,0.011733,0.024296,0.587606,0.292863,0.050000,0,0,0,0,0
teapot_droplets,hinge2,aw0p125,75,219.969,0.520390,0.494847,0.479940,0.509754,20,0.00016075,2,0.221965,0.046512,0.397418,0.778566,0.915244,0.641888,0.607301,0.502262,0.712339,0.010499,0.022774,0.491582,0.282789,0.050000,0,0,0,0,0
teapot_droplets,hinge2,aw0p125,100,382.067,0.464750,0.541954,0.553374,0.530533,20,0.00037466,2,0.216012,0.039987,0.392037,0.794134,0.935032,0.653236,0.657012,0.575502,0.738522,0.009209,0.022355,0.418138,0.258329,0.050000,0,0,0,0,0
teapot_droplets,hinge2,aw0p125,125,407.492,0.414525,0.581084,0.607081,0.555087,20,0.00025104,1,0.194622,0.028412,0.360832,0.816604,0.956473,0.676735,0.689855,0.624329,0.755380,0.006496,0.020507,0.370147,0.242521,0.050000,0,0,0,0,0
teapot_droplets,hinge2,aw0p125,150,570.840,0.377209,0.610043,0.636887,0.583199,20,0.00010887,1,0.177855,0.023572,0.332138,0.832811,0.965104,0.700517,0.714400,0.651899,0.776901,0.005351,0.018658,0.342422,0.219769,0.050000,0,0,0,0,0
teapot_droplets,hinge2,aw0p125,175,596.715,0.350466,0.633735,0.660484,0.606986,20,0.00023434,1,0.162709,0.021256,0.304161,0.845936,0.969449,0.722422,0.733065,0.674524,0.791607,0.004792,0.017263,0.318786,0.205377,0.050000,0,0,0,0,0
teapot_droplets,hinge2,aw0p125,200,762.443,0.335893,0.646529,0.675289,0.617769,20,0.00008319,2,0.158531,0.021151,0.295911,0.850184,0.970240,0.730128,0.745073,0.689572,0.800574,0.004601,0.016692,0.305259,0.196067,0.050000,0,0,0,0,0
teapot_droplets,hinge2,aw0p125,225,788.173,0.326630,0.654181,0.691737,0.616626,20,0.00001129,0,0.166527,0.021362,0.311693,0.846242,0.970652,0.721831,0.757669,0.706514,0.808824,0.004491,0.017565,0.288371,0.188420,0.050000,0,0,0,0,0
teapot_droplets,hinge2,aw0p125,250,955.445,0.308114,0.670431,0.707986,0.632877,20,0.00001334,0,0.165219,0.021256,0.309182,0.849844,0.971441,0.728247,0.775793,0.723035,0.828551,0.004338,0.017542,0.272330,0.168837,0.050000,0,0,0,0,0
teapot_droplets,hinge2,aw0p125,275,981.773,0.294926,0.682385,0.712847,0.651923,20,0.00000944,0,0.164741,0.023887,0.305595,0.852062,0.968309,0.735814,0.790511,0.729875,0.851148,0.004779,0.017452,0.264829,0.147161,0.050000,0,0,0,0,0
teapot_droplets,hinge2,aw0p125,300,1147.475,0.287439,0.687008,0.725075,0.648942,20,0.00000805,0,0.172412,0.022730,0.322095,0.848656,0.970260,0.727052,0.799759,0.741555,0.857963,0.004576,0.018156,0.253073,0.139941,0.050000,0,0,0,0,0
teapot_droplets,hinge2,aw0p125,325,1173.397,0.290028,0.681273,0.726183,0.636364,20,0.00000149,0,0.185858,0.018415,0.353300,0.842400,0.975705,0.709096,0.800373,0.739556,0.861191,0.003476,0.019956,0.255613,0.136985,0.050000,0,0,0,0,0
teapot_droplets,hinge2,aw0p125,350,1342.901,0.281018,0.691841,0.727423,0.656259,20,0.00003102,0,0.163978,0.018415,0.309541,0.855470,0.975745,0.735195,0.800108,0.740819,0.859397,0.003616,0.017668,0.253803,0.137921,0.050000,0,0,0,0,0
teapot_droplets,hinge2,aw0p125,375,1369.231,0.277649,0.693798,0.729967,0.657628,20,0.00003233,0,0.164294,0.019047,0.309541,0.855317,0.975034,0.735600,0.802531,0.743870,0.861191,0.003481,0.017478,0.251489,0.136093,0.050000,0,0,0,0,0
teapot_droplets,hinge2,aw0p125,400,1533.667,0.280541,0.692296,0.740328,0.644265,20,0.00006161,0,0.174452,0.019994,0.328910,0.848332,0.974206,0.722458,0.805650,0.755130,0.856169,0.003766,0.018839,0.240027,0.140123,0.050000,0,0,0,0,0
teapot_droplets,hinge2,aw0p125,425,1559.237,0.281096,0.691622,0.738301,0.644943,20,0.00002936,0,0.173670,0.020941,0.326399,0.848397,0.972969,0.723824,0.804607,0.753762,0.855452,0.003860,0.018480,0.241412,0.142020,0.050000,0,0,0,0,0
teapot_droplets,hinge2,aw0p125,450,1725.947,0.273645,0.698289,0.742668,0.653909,20,0.00006627,0,0.165549,0.019047,0.312052,0.854372,0.975451,0.733292,0.807388,0.756814,0.857963,0.003559,0.017559,0.238376,0.139880,0.050000,0,0,0,0,0
teapot_droplets,hinge2,aw0p125,475,1751.413,0.269916,0.701074,0.749819,0.652328,20,0.00002508,0,0.168081,0.018731,0.317432,0.853165,0.976066,0.730265,0.811631,0.763864,0.859397,0.003384,0.017861,0.231453,0.138385,0.050000,0,0,0,0,0
teapot_droplets,hinge2,aw0p125,500,1919.239,0.269187,0.704617,0.757285,0.651949,20,0.00003574,1,0.167206,0.018415,0.315997,0.853754,0.976679,0.730828,0.814596,0.771230,0.857963,0.003601,0.018165,0.223956,0.140240,0.050000,0,0,0,0,0
teapot_droplets,hinge2,aw0p125,525,1945.546,0.265534,0.708419,0.766023,0.650815,20,0.00020691,2,0.169758,0.019573,0.319943,0.852090,0.975552,0.728628,0.820028,0.781017,0.859039,0.003980,0.018200,0.213800,0.139537,0.050000,0,0,0,0,0
teapot_droplets,hinge2,aw0p125,550,2113.414,0.265220,0.708062,0.763546,0.652577,20,0.00044778,0,0.167426,0.019573,0.315280,0.853416,0.975475,0.731357,0.818406,0.778491,0.858321,0.003712,0.017998,0.216434,0.139694,0.050000,0,0,0,0,0
teapot_droplets,hinge2,aw0p125,575,2139.388,0.266530,0.707176,0.762808,0.651544,20,0.00015558,0,0.166623,0.020836,0.312410,0.853176,0.973941,0.732412,0.816897,0.778701,0.855093,0.003964,0.017846,0.216099,0.142264,0.050000,0,0,0,0,0
teapot_droplets,hinge2,aw0p125,600,2305.484,0.265360,0.708580,0.764712,0.652447,20,0.00005645,1,0.165475,0.019257,0.311693,0.854458,0.975889,0.733026,0.817624,0.779438,0.855811,0.003725,0.017865,0.216566,0.141353,0.050000,0,0,0,0,0
teapot_droplets,hinge2,aw0p125,625,2330.921,0.265630,0.709030,0.762008,0.656053,20,0.00010631,0,0.163806,0.020941,0.306671,0.855153,0.973788,0.736518,0.817605,0.777965,0.857245,0.004080,0.017545,0.217301,0.140813,0.050000,0,0,0,0,0
teapot_droplets,hinge2,aw0p125,650,2497.104,0.263521,0.712210,0.759798,0.664622,20,0.00008645,0,0.153447,0.020309,0.286585,0.861725,0.974471,0.748979,0.815161,0.775229,0.855093,0.003959,0.016381,0.220557,0.143645,0.050000,0,0,0,0,0
teapot_droplets,hinge2,aw0p125,675,2522.964,0.263837,0.710941,0.761772,0.660111,20,0.00003683,1,0.156941,0.019047,0.294835,0.859789,0.976052,0.743526,0.815508,0.776281,0.854735,0.003954,0.016644,0.219360,0.143483,0.050000,0,0,0,0,0
teapot_droplets,hinge2,aw0p125,700,2688.863,0.261487,0.711817,0.769048,0.654585,20,0.00009218,1,0.163469,0.020625,0.306313,0.855326,0.974396,0.736257,0.820002,0.784910,0.855093,0.003970,0.017223,0.211026,0.142271,0.050000,0,0,0,0,0
teapot_droplets,hinge2,aw0p125,725,2714.444,0.261359,0.713621,0.773744,0.653498,20,0.00006376,0,0.163902,0.020415,0.307389,0.855104,0.974795,0.735412,0.821958,0.789540,0.854376,0.004036,0.017483,0.206494,0.143976,0.050000,0,0,0,0,0
teapot_droplets,hinge2,aw0p125,750,2876.798,0.261995,0.711775,0.774490,0.649061,20,0.00003960,0,0.168976,0.020520,0.317432,0.851985,0.974695,0.729275,0.822738,0.790382,0.855093,0.004015,0.018003,0.205525,0.142263,0.050000,0,0,0,0,0
teapot_droplets,hinge2,aw0p125,775,2901.953,0.263035,0.709322,0.773857,0.644787,20,0.00004425,0,0.173914,0.019994,0.327834,0.849205,0.975296,0.723114,0.822749,0.789330,0.856169,0.003796,0.018480,0.206591,0.141212,0.050000,0,0,0,0,0
teapot_droplets,hinge2,aw0p125,800,3068.795,0.262951,0.710398,0.776975,0.643821,20,0.00006843,0,0.174210,0.019152,0.329268,0.849270,0.976385,0.722155,0.823833,0.791855,0.855811,0.003694,0.018777,0.204380,0.141660,0.050000,0,0,0,0,0
teapot_droplets,hinge2,aw0p125,825,3094.444,0.265788,0.706511,0.769818,0.643204,20,0.00010961,0,0.174727,0.019468,0.329986,0.848714,0.975795,0.721634,0.820128,0.784805,0.855452,0.003737,0.018557,0.210855,0.142208,0.050000,0,0,0,0,0
teapot_droplets,hinge2,aw0p125,850,3255.624,0.265343,0.707771,0.774357,0.641184,20,0.00003767,1,0.175508,0.018520,0.332496,0.848456,0.977056,0.719855,0.821537,0.788698,0.854376,0.003683,0.018830,0.207531,0.142992,0.050000,0,0,0,0,0
teapot_droplets,hinge2,aw0p125,875,3280.860,0.273530,0.700650,0.766388,0.634912,20,0.00003418,0,0.183641,0.019362,0.347920,0.843390,0.975815,0.710965,0.818519,0.781227,0.855811,0.003906,0.019793,0.214996,0.142422,0.050000,0,0,0,0,0
teapot_droplets,hinge2,aw0p125,900,3445.765,0.286145,0.688854,0.750929,0.626779,20,0.00002069,1,0.190150,0.019468,0.360832,0.838960,0.975201,0.702719,0.809244,0.765548,0.852941,0.004051,0.020639,0.230484,0.144256,0.050000,0,0,0,0,0
teapot_droplets,hinge2,aw0p125,925,3471.065,0.288596,0.685334,0.749690,0.620978,20,0.00003070,1,0.195140,0.019047,0.371234,0.836034,0.975675,0.696392,0.807738,0.763969,0.851506,0.003780,0.021137,0.231509,0.146309,0.050000,0,0,0,0,0
teapot_droplets,hinge2,aw0p125,950,3631.793,0.295417,0.680853,0.752162,0.609543,20,0.00003101,0,0.210064,0.021993,0.398135,0.826884,0.972185,0.681583,0.810464,0.768705,0.852224,0.004397,0.022845,0.226431,0.146429,0.050000,0,0,0,0,0
teapot_droplets,hinge2,aw0p125,975,3656.267,0.295074,0.682522,0.763627,0.601416,20,0.00000406,0,0.219739,0.021256,0.418221,0.822230,0.973466,0.670993,0.816400,0.779859,0.852941,0.004238,0.024329,0.216039,0.145568,0.050000,0,0,0,0,0
teapot_droplets,hinge2,aw0p125,1000,3813.363,0.285954,0.690147,0.762754,0.617539,20,0.00000234,0,0.195602,0.021046,0.370158,0.834676,0.973688,0.695665,0.812466,0.778807,0.846126,0.004016,0.021428,0.217013,0.151338,0.050000,0,0,0,0,0
teapot_droplets,hinge2,aw0p125,1025,3837.994,0.285766,0.689479,0.762694,0.616264,20,0.00001324,0,0.201118,0.021677,0.380560,0.831937,0.972934,0.690941,0.815008,0.779228,0.850789,0.004100,0.021781,0.216117,0.148349,0.050000,0,0,0,0,0
teapot_droplets,hinge2,aw0p125,1050,4000.031,0.272441,0.703942,0.785178,0.622706,20,0.00001323,0,0.195894,0.023782,0.368006,0.834795,0.971265,0.698324,0.827858,0.803851,0.851865,0.004593,0.021223,0.191967,0.146365,0.050000,0,0,0,0,0
teapot_droplets,hinge2,aw0p125,1075,4024.728,0.262598,0.714712,0.797679,0.631746,20,0.00002180,0,0.190217,0.024624,0.355811,0.838631,0.970754,0.706509,0.836924,0.817321,0.856528,0.004960,0.020544,0.178809,0.142318,0.050000,0,0,0,0,0
teapot_droplets,hinge2,aw0p125,1100,4182.874,0.255908,0.720130,0.806133,0.634127,20,0.00003712,0,0.189218,0.022624,0.355811,0.840288,0.973289,0.707288,0.842064,0.824371,0.859756,0.004615,0.020554,0.171291,0.139123,0.050000,0,0,0,0,0
teapot_droplets,hinge2,aw0p125,1125,4207.485,0.252161,0.725740,0.816124,0.635356,20,0.00004386,0,0.193326,0.027255,0.359397,0.837336,0.968514,0.706158,0.851034,0.838367,0.863702,0.005822,0.020620,0.158113,0.134609,0.050000,0,0,0,0,0
teapot_droplets,hinge2,aw0p125,1150,4368.148,0.247423,0.732799,0.820670,0.644928,20,0.00002865,0,0.183427,0.030411,0.336442,0.842266,0.965285,0.719246,0.853768,0.845628,0.861908,0.006502,0.019522,0.150444,0.136173,0.050000,0,0,0,0,0
teapot_droplets,hinge2,aw0p125,1175,4392.895,0.240125,0.736110,0.826738,0.645481,20,0.00003559,0,0.181965,0.026413,0.337518,0.844375,0.969814,0.718937,0.855959,0.848574,0.863343,0.005433,0.019197,0.147557,0.135601,0.050000,0,0,0,0,0
teapot_droplets,hinge2,aw0p125,1200,4555.658,0.236697,0.739630,0.830152,0.649109,20,0.00003707,0,0.176597,0.025360,0.327834,0.847759,0.971068,0.724450,0.856557,0.851205,0.861908,0.005389,0.018600,0.144463,0.136971,0.050000,0,0,0,0,0
teapot_droplets,hinge2,aw0p125,1225,4580.402,0.237301,0.743218,0.828685,0.657751,20,0.00001787,0,0.173991,0.033779,0.314204,0.847740,0.962066,0.733414,0.860548,0.856677,0.864419,0.007190,0.017931,0.139459,0.134153,0.050000,0,0,0,0,0
teapot_droplets,hinge2,aw0p125,1250,4742.612,0.237907,0.740798,0.829067,0.652529,20,0.00003427,0,0.175502,0.031779,0.319225,0.846832,0.964180,0.729483,0.858123,0.855414,0.860832,0.006679,0.018024,0.140318,0.137822,0.050000,0,0,0,0,0
teapot_droplets,hinge2,aw0p125,1275,4766.681,0.232375,0.742074,0.830615,0.653533,20,0.00000752,0,0.172809,0.025676,0.319943,0.850097,0.970743,0.729451,0.857284,0.851941,0.862626,0.005192,0.018059,0.143533,0.135193,0.050000,0,0,0,0,0
teapot_droplets,hinge2,aw0p125,1300,4922.219,0.232629,0.744204,0.832277,0.656131,20,0.00000896,0,0.172963,0.029570,0.316356,0.849279,0.966643,0.731915,0.860294,0.856887,0.863702,0.006153,0.017870,0.139170,0.133891,0.050000,0,0,0,0,0
teapot_droplets,hinge2,aw0p125,1325,4946.145,0.230370,0.747531,0.834798,0.660263,20,0.00000643,0,0.168510,0.029991,0.307030,0.851940,0.966296,0.737584,0.861409,0.859834,0.862984,0.006390,0.017388,0.135864,0.134644,0.050000,0,0,0,0,0
teapot_droplets,hinge2,aw0p125,1350,5102.990,0.227302,0.754864,0.837662,0.672067,20,0.00000569,0,0.158664,0.033253,0.284075,0.857674,0.963002,0.752345,0.864250,0.865516,0.862984,0.007153,0.016377,0.130740,0.135619,0.050000,0,0,0,0,0
teapot_droplets,hinge2,aw0p125,1375,5126.399,0.224319,0.754718,0.839816,0.669621,20,0.00000680,0,0.162960,0.030727,0.295194,0.855893,0.965720,0.746066,0.866455,0.865621,0.867288,0.006501,0.016776,0.130029,0.132380,0.050000,0,0,0,0,0
teapot_droplets,hinge2,aw0p125,1400,5281.301,0.223170,0.754890,0.840249,0.669531,20,0.00000698,0,0.161664,0.029570,0.293759,0.856851,0.966949,0.746753,0.865654,0.865095,0.866212,0.006074,0.016853,0.130596,0.132324,0.050000,0,0,0,0,0
teapot_droplets,hinge2,aw0p125,1425,5305.270,0.221940,0.754232,0.841244,0.667220,20,0.00000649,0,0.162140,0.028728,0.295552,0.856539,0.967871,0.745207,0.864915,0.865411,0.864419,0.006052,0.016688,0.129639,0.132312,0.050000,0,0,0,0,0
teapot_droplets,hinge2,aw0p125,1450,5463.167,0.220624,0.758150,0.846122,0.670177,20,0.00000555,0,0.162001,0.029885,0.294118,0.856800,0.966842,0.746757,0.869349,0.871409,0.867288,0.006358,0.016750,0.124580,0.131800,0.050000,0,0,0,0,0
teapot_droplets,hinge2,aw0p125,1475,5486.900,0.215385,0.763309,0.845336,0.681282,20,0.00000569,0,0.152456,0.028728,0.276184,0.863472,0.968022,0.758923,0.869530,0.869620,0.869440,0.006022,0.015862,0.125877,0.129815,0.050000,0,0,0,0,0
teapot_droplets,hinge2,aw0p125,1500,5641.586,0.215283,0.761257,0.845492,0.677022,20,0.00000556,0,0.154304,0.027044,0.281564,0.862395,0.969797,0.754994,0.868002,0.868357,0.867647,0.005664,0.016113,0.126895,0.129444,0.050000,0,0,0,0,0
teapot_droplets,hinge2,aw0p125,1525,5665.183,0.214635,0.762964,0.849473,0.676454,20,0.00000664,0,0.155842,0.029043,0.282640,0.861065,0.967843,0.754287,0.870896,0.874145,0.867647,0.006137,0.016234,0.121101,0.129191,0.050000,0,0,0,0,0
teapot_droplets,hinge2,aw0p125,1550,5820.640,0.217392,0.759027,0.852487,0.665567,20,0.00000618,0,0.167128,0.030096,0.304161,0.853689,0.966864,0.740514,0.873075,0.878144,0.868006,0.006296,0.017192,0.117856,0.129010,0.050000,0,0,0,0,0
teapot_droplets,hinge2,aw0p125,1575,5844.499,0.211097,0.764624,0.853459,0.675789,20,0.00000650,0,0.156370,0.028307,0.284433,0.860972,0.968754,0.753190,0.872812,0.877618,0.868006,0.005823,0.016153,0.117610,0.128768,0.050000,0,0,0,0,0
teapot_droplets,hinge2,aw0p125,1600,6003.593,0.219833,0.756799,0.847851,0.665748,20,0.00000757,0,0.166083,0.030517,0.301650,0.854019,0.966252,0.741787,0.870148,0.873724,0.866571,0.006745,0.016724,0.121353,0.130555,0.050000,0,0,0,0,0
teapot_droplets,hinge2,aw0p125,1625,6027.736,0.214686,0.764969,0.851275,0.678662,20,0.00000678,0,0.151592,0.027360,0.275825,0.864035,0.969665,0.758404,0.870210,0.874566,0.865854,0.006091,0.015902,0.121152,0.132262,0.050000,0,0,0,0,0
teapot_droplets,hinge2,aw0p125,1650,6186.152,0.215314,0.763969,0.847003,0.680935,20,0.00000729,0,0.151306,0.028938,0.273673,0.864000,0.967863,0.760138,0.869401,0.871514,0.867288,0.006431,0.015566,0.124005,0.130634,0.050000,0,0,0,0,0
teapot_droplets,hinge2,aw0p125,1675,6210.326,0.216090,0.765864,0.852180,0.679549,20,0.00000775,0,0.152229,0.032937,0.271521,0.862414,0.963932,0.760897,0.872154,0.880248,0.864060,0.007513,0.015629,0.115132,0.131905,0.050000,0,0,0,0,0
teapot_droplets,hinge2,aw0p125,1700,6363.869,0.213553,0.767506,0.852629,0.682383,20,0.00000583,0,0.151480,0.032516,0.270445,0.863300,0.964380,0.762220,0.873642,0.880354,0.866930,0.007387,0.015349,0.114827,0.130381,0.050000,0,0,0,0,0
teapot_droplets,hinge2,aw0p125,1725,6388.093,0.214020,0.769239,0.852878,0.685601,20,0.00000895,0,0.147872,0.032832,0.262912,0.865574,0.964068,0.767080,0.873367,0.880880,0.865854,0.007529,0.015189,0.114486,0.131796,0.050000,0,0,0,0,0
teapot_droplets,hinge2,aw0p125,1750,6543.423,0.214923,0.766581,0.852857,0.680305,20,0.00000762,0,0.152997,0.034831,0.271162,0.861660,0.962033,0.761288,0.873671,0.882563,0.864778,0.007814,0.015278,0.113069,0.132031,0.050000,0,0,0,0,0
teapot_droplets,hinge2,aw0p125,1775,6567.316,0.212716,0.770364,0.855994,0.684733,20,0.00000600,0,0.148989,0.033989,0.263989,0.864647,0.963018,0.766275,0.875292,0.885089,0.865495,0.007829,0.015263,0.110191,0.130498,0.050000,0,0,0,0,0
teapot_droplets,hinge2,aw0p125,1800,6726.956,0.214170,0.770594,0.853795,0.687394,20,0.00000947,0,0.150209,0.037146,0.263271,0.863547,0.959740,0.767353,0.876937,0.885510,0.868364,0.008459,0.015179,0.110292,0.128926,0.050000,0,0,0,0,0
teapot_droplets,hinge2,aw0p125,1825,6751.089,0.215006,0.769357,0.856665,0.682050,20,0.00000750,0,0.152107,0.037357,0.266858,0.861847,0.959659,0.764034,0.876363,0.888667,0.864060,0.008297,0.015342,0.107854,0.133040,0.050000,0,0,0,0,0
teapot_droplets,hinge2,aw0p125,1850,6909.074,0.211953,0.770299,0.860214,0.680383,20,0.00000158,0,0.152714,0.032832,0.272597,0.862459,0.964363,0.760555,0.877155,0.888456,0.865854,0.007454,0.015536,0.107587,0.132400,0.050000,0,0,0,0,0
teapot_droplets,hinge2,aw0p125,1875,6933.275,0.208950,0.773639,0.861482,0.685795,20,0.00000699,0,0.147482,0.032411,0.262554,0.866082,0.964840,0.767324,0.877629,0.889403,0.865854,0.007277,0.015211,0.106010,0.131973,0.050000,0,0,0,0,0
teapot_droplets,hinge2,aw0p125,1900,7091.813,0.210853,0.771736,0.861731,0.681741,20,0.00000827,0,0.150500,0.031990,0.269010,0.864043,0.965277,0.762808,0.877217,0.889298,0.865136,0.007361,0.015517,0.106826,0.131849,0.050000,0,0,0,0,0
teapot_droplets,hinge2,aw0p125,1925,7115.763,0.214097,0.768951,0.857201,0.680701,20,0.00000612,0,0.152731,0.036094,0.269369,0.861645,0.960947,0.762342,0.876100,0.888141,0.864060,0.008120,0.015315,0.107457,0.133250,0.050000,0,0,0,0,0
teapot_droplets,hinge2,aw0p125,1950,7271.976,0.217498,0.766464,0.853703,0.679224,20,0.00000550,0,0.155802,0.035778,0.275825,0.859834,0.961112,0.758556,0.875409,0.884247,0.866571,0.008198,0.015913,0.111077,0.131023,0.050000,0,0,0,0,0
teapot_droplets,hinge2,aw0p125,1975,7295.986,0.212577,0.771227,0.859092,0.683362,20,0.00000600,0,0.150572,0.033568,0.267575,0.863785,0.963572,0.763999,0.877071,0.887930,0.866212,0.007818,0.015381,0.107875,0.131679,0.050000,0,0,0,0,0
teapot_droplets,hinge2,aw0p125,2000,7452.874,0.209333,0.771875,0.863187,0.680563,20,0.00000606,0,0.152757,0.032200,0.273314,0.862673,0.965120,0.760227,0.878776,0.890982,0.866571,0.007442,0.015479,0.104511,0.130776,0.050000,0,0,0,0,0
teapot_droplets,hinge2,aw0p125,2025,7477.006,0.213162,0.769105,0.863720,0.674490,20,0.00000550,0,0.159589,0.035462,0.283716,0.857529,0.961861,0.753198,0.880101,0.894349,0.865854,0.008082,0.016191,0.100993,0.131145,0.050000,0,0,0,0,0
teapot_droplets,hinge2,aw0p125,2050,7635.003,0.214270,0.769507,0.860373,0.678642,20,0.00000606,0,0.157877,0.037778,0.277977,0.858345,0.959408,0.757282,0.880082,0.892876,0.867288,0.008460,0.016076,0.102293,0.129950,0.050000,0,0,0,0,0
teapot_droplets,hinge2,aw0p125,2075,7658.880,0.212674,0.769315,0.859225,0.679404,20,0.00000770,0,0.154424,0.032306,0.276542,0.861545,0.964858,0.758231,0.877136,0.886983,0.867288,0.007434,0.015788,0.108605,0.130950,0.050000,0,0,0,0,0
teapot_droplets,hinge2,aw0p125,2100,7815.844,0.212778,0.768290,0.861700,0.674881,20,0.00000617,0,0.156681,0.032516,0.280846,0.859759,0.964742,0.754776,0.877069,0.889719,0.864419,0.007653,0.015810,0.105985,0.131861,0.050000,0,0,0,0,0
teapot_droplets,hinge2,aw0p125,2125,7839.592,0.210890,0.771340,0.863312,0.679368,20,0.00000520,0,0.150818,0.030832,0.270803,0.863871,0.966514,0.761227,0.876636,0.889929,0.863343,0.007042,0.015573,0.105917,0.134937,0.050000,0,0,0,0,0
teapot_droplets,hinge2,aw0p125,2150,7995.972,0.208996,0.773056,0.868357,0.677756,20,0.00000431,0,0.150904,0.029570,0.272238,0.864011,0.967985,0.760038,0.878150,0.894033,0.862267,0.006846,0.015606,0.102128,0.136246,0.050000,0,0,0,0,0
teapot_droplets,hinge2,aw0p125,2175,8020.170,0.210206,0.771151,0.867682,0.674621,20,0.00000681,0,0.153752,0.029885,0.277618,0.862006,0.967639,0.756374,0.877760,0.893613,0.861908,0.006824,0.015906,0.102286,0.136273,0.050000,0,0,0,0,0
sun_moon,srd,nonorm4,1,1.558,0.567417,0.219190,0.188153,0.250228,20,0.00000000,0,0.177293,0.178263,0.176324,0.589837,0.554295,0.625379,0.258021,0.221694,0.294349,0.040238,0.035476,0.178220,0.149390,0.050000,0,0,0,0,0
sun_moon,srd,nonorm4,25,27.068,0.350152,0.307386,0.293951,0.320821,20,0.00001513,0,0.073796,0.069901,0.077692,0.817339,0.818156,0.816521,0.330123,0.314499,0.345747,0.015379,0.015629,0.140655,0.124359,0.050000,0,0,0,0,0
sun_moon,srd,nonorm4,50,189.194,0.285648,0.411197,0.421700,0.400695,20,0.00001481,0,0.057792,0.053479,0.062106,0.882603,0.892555,0.872652,0.434916,0.444252,0.425580,0.011629,0.012438,0.113302,0.107807,0.050000,0,0,0,0,0
sun_moon,srd,nonorm4,75,214.850,0.240904,0.484265,0.519756,0.448773,20,0.00004251,0,0.045992,0.044512,0.047472,0.916249,0.924223,0.908276,0.506484,0.542891,0.470077,0.009785,0.009374,0.093178,0.097823,0.050000,0,0,0,0,0
sun_moon,srd,nonorm4,100,381.109,0.221197,0.521957,0.563672,0.480242,20,0.00014599,1,0.042218,0.042675,0.041761,0.927632,0.932305,0.922959,0.544012,0.587727,0.500297,0.009236,0.008190,0.084343,0.091613,0.050000,0,0,0,0,0
sun_moon,srd,nonorm4,125,407.029,0.209407,0.551315,0.588504,0.514126,20,0.00009301,1,0.040742,0.041271,0.040214,0.933483,0.936901,0.930064,0.573796,0.612792,0.534801,0.008966,0.007945,0.079395,0.085562,0.050000,0,0,0,0,0
sun_moon,srd,nonorm4,150,573.736,0.201265,0.577024,0.597591,0.556457,20,0.00013975,1,0.040835,0.040622,0.041047,0.936257,0.938682,0.933832,0.600582,0.621867,0.579298,0.008912,0.008077,0.077621,0.077944,0.050000,0,0,0,0,0
sun_moon,srd,nonorm4,175,599.805,0.191388,0.614205,0.603709,0.624700,20,0.00012870,1,0.042569,0.042783,0.042356,0.937646,0.936365,0.938926,0.640349,0.629538,0.651160,0.009185,0.008384,0.076485,0.065794,0.050000,0,0,0,0,0
sun_moon,srd,nonorm4,200,766.136,0.176618,0.651864,0.615465,0.688264,20,0.00011613,1,0.040354,0.039542,0.041166,0.943734,0.941794,0.945674,0.678199,0.639801,0.716597,0.008666,0.008221,0.074132,0.054472,0.050000,0,0,0,0,0
sun_moon,srd,nonorm4,225,792.576,0.171639,0.672712,0.622042,0.723382,20,0.00006121,2,0.041824,0.041054,0.042594,0.943463,0.940383,0.946543,0.700887,0.647580,0.754194,0.008906,0.008474,0.072857,0.048286,0.050000,0,0,0,0,0
sun_moon,srd,nonorm4,250,960.616,0.166910,0.690209,0.635807,0.744610,20,0.00006188,2,0.042008,0.040946,0.043070,0.944599,0.941737,0.947460,0.719261,0.661841,0.776681,0.009138,0.008480,0.070265,0.044670,0.050000,0,0,0,0,0
sun_moon,srd,nonorm4,275,986.901,0.161476,0.708121,0.648948,0.767293,20,0.00002809,2,0.043348,0.042675,0.044021,0.944291,0.940673,0.947909,0.738856,0.676642,0.801071,0.009028,0.008815,0.067418,0.040603,0.050000,0,0,0,0,0
sun_moon,srd,nonorm4,300,1153.072,0.146034,0.725150,0.667468,0.782832,20,0.00002353,3,0.037372,0.033816,0.040928,0.952730,0.953284,0.952176,0.752455,0.690039,0.814872,0.006944,0.008315,0.063202,0.038002,0.050000,0,0,0,0,0
sun_moon,srd,nonorm4,325,1179.299,0.138861,0.730776,0.677735,0.783818,20,0.00002212,4,0.033909,0.028198,0.039619,0.957371,0.961109,0.953634,0.755859,0.696845,0.814872,0.005770,0.008113,0.061075,0.037666,0.050000,0,0,0,0,0
sun_moon,srd,nonorm4,350,1344.612,0.139858,0.723887,0.686440,0.761334,20,0.00005568,2,0.033634,0.025389,0.041880,0.957518,0.965185,0.949850,0.748543,0.703868,0.793218,0.005058,0.008549,0.059204,0.041723,0.050000,0,0,0,0,0
sun_moon,srd,nonorm4,375,1370.565,0.135762,0.728970,0.696957,0.760984,20,0.00002630,1,0.032947,0.026037,0.039857,0.958458,0.964869,0.952047,0.753209,0.715104,0.791315,0.005032,0.008054,0.056970,0.041512,0.050000,0,0,0,0,0
sun_moon,srd,nonorm4,400,1536.642,0.129624,0.743673,0.711451,0.775896,20,0.00003347,1,0.031580,0.023660,0.039500,0.960923,0.968534,0.953312,0.767414,0.728284,0.806544,0.004750,0.007946,0.054329,0.038887,0.050000,0,0,0,0,0
sun_moon,srd,nonorm4,425,1562.378,0.127245,0.741618,0.713909,0.769328,20,0.00002217,1,0.031277,0.023768,0.038786,0.961108,0.968504,0.953713,0.765022,0.730877,0.799167,0.004422,0.007570,0.053591,0.039809,0.050000,0,0,0,0,0
sun_moon,srd,nonorm4,450,1730.788,0.121582,0.749463,0.722673,0.776252,20,0.00002828,1,0.028005,0.024957,0.031053,0.965028,0.967405,0.962650,0.770533,0.740709,0.800357,0.004757,0.006331,0.052020,0.038699,0.050000,0,0,0,0,0
sun_moon,srd,nonorm4,475,1757.158,0.121651,0.746726,0.737282,0.756171,20,0.00001435,1,0.026514,0.021500,0.031529,0.966697,0.972245,0.961149,0.766573,0.753133,0.780012,0.004385,0.006472,0.049526,0.042204,0.050000,0,0,0,0,0
sun_moon,srd,nonorm4,500,1925.484,0.114306,0.757139,0.748514,0.765764,20,0.00001376,2,0.025137,0.018150,0.032124,0.968840,0.976738,0.960943,0.776232,0.762100,0.790363,0.003435,0.006495,0.046869,0.040404,0.050000,0,0,0,0,0
sun_moon,srd,nonorm4,525,1951.900,0.109128,0.771915,0.756640,0.787190,20,0.00001728,2,0.026001,0.021067,0.030934,0.968368,0.973455,0.963282,0.792060,0.772580,0.811541,0.003794,0.006080,0.045251,0.036495,0.050000,0,0,0,0,0
sun_moon,srd,nonorm4,550,2121.067,0.108374,0.772861,0.761401,0.784321,20,0.00001621,2,0.025763,0.021067,0.030458,0.968650,0.973617,0.963683,0.792826,0.777442,0.808209,0.003791,0.005959,0.044437,0.036965,0.050000,0,0,0,0,0
sun_moon,srd,nonorm4,575,2147.261,0.108498,0.775755,0.761447,0.790064,20,0.00002043,2,0.025730,0.021716,0.029744,0.968787,0.972845,0.964729,0.795773,0.777982,0.813563,0.003920,0.006088,0.044350,0.036154,0.050000,0,0,0,0,0
sun_moon,srd,nonorm4,600,2316.918,0.109153,0.778172,0.761416,0.794928,20,0.00001219,2,0.027082,0.022040,0.032124,0.967390,0.972458,0.962322,0.799331,0.778198,0.820464,0.004001,0.006428,0.044345,0.035211,0.050000,0,0,0,0,0
sun_moon,srd,nonorm4,625,2343.309,0.108320,0.782514,0.761573,0.803456,20,0.00013561,2,0.027487,0.022256,0.032719,0.967135,0.972207,0.962064,0.804133,0.778522,0.829744,0.004168,0.006364,0.044439,0.033681,0.050000,0,0,0,0,0
sun_moon,srd,nonorm4,650,2512.186,0.108053,0.785020,0.759091,0.810948,20,0.00004846,2,0.026130,0.022040,0.030220,0.968734,0.972376,0.965091,0.805638,0.775821,0.835455,0.004319,0.006245,0.045032,0.032735,0.050000,0,0,0,0,0
sun_moon,srd,nonorm4,675,2538.582,0.106494,0.783147,0.759894,0.806399,20,0.00002262,1,0.025471,0.020959,0.029982,0.969427,0.973695,0.965160,0.803199,0.775821,0.830577,0.003958,0.006116,0.044719,0.033294,0.050000,0,0,0,0,0
sun_moon,srd,nonorm4,700,2705.887,0.108176,0.777856,0.758179,0.797533,20,0.00002072,2,0.026152,0.020419,0.031886,0.968493,0.974286,0.962700,0.798311,0.773660,0.822963,0.003851,0.006232,0.045062,0.034783,0.050000,0,0,0,0,0
sun_moon,srd,nonorm4,725,2732.305,0.106476,0.783362,0.758730,0.807994,20,0.00004428,2,0.025411,0.020959,0.029863,0.969506,0.973656,0.965355,0.803378,0.774633,0.832124,0.003917,0.006154,0.044881,0.033106,0.050000,0,0,0,0,0
sun_moon,srd,nonorm4,750,2900.920,0.105791,0.787361,0.758905,0.815817,20,0.00002498,2,0.025589,0.022148,0.029030,0.969408,0.972241,0.966575,0.807607,0.775713,0.839500,0.004242,0.005971,0.044948,0.031724,0.050000,0,0,0,0,0
sun_moon,srd,nonorm4,775,2927.132,0.104275,0.787438,0.758632,0.816244,20,0.00007604,1,0.025058,0.023228,0.026889,0.969932,0.970946,0.968918,0.807222,0.776253,0.838192,0.004370,0.005475,0.044830,0.031590,0.050000,0,0,0,0,0
sun_moon,srd,nonorm4,800,3091.336,0.102241,0.780755,0.759398,0.802111,20,0.00005165,1,0.022951,0.020203,0.025699,0.972148,0.974585,0.969710,0.798733,0.774741,0.822725,0.003822,0.004932,0.044746,0.033799,0.050000,0,0,0,0,0
sun_moon,srd,nonorm4,825,3116.770,0.100387,0.788128,0.759226,0.817029,20,0.00002848,0,0.022280,0.021716,0.022844,0.973080,0.972768,0.973392,0.805703,0.775713,0.835693,0.004189,0.004656,0.044834,0.031304,0.050000,0,0,0,0,0
sun_moon,srd,nonorm4,850,3284.773,0.100349,0.791669,0.759316,0.824021,20,0.00002335,1,0.023858,0.023444,0.024271,0.971381,0.970715,0.972047,0.810569,0.777118,0.844021,0.004548,0.004649,0.045010,0.029682,0.050000,0,0,0,0,0
sun_moon,srd,nonorm4,875,3310.836,0.097084,0.793052,0.758948,0.827156,20,0.00003906,1,0.022025,0.023228,0.020821,0.973446,0.970958,0.975935,0.810478,0.776577,0.844378,0.004474,0.003942,0.044983,0.029194,0.050000,0,0,0,0,0
sun_moon,srd,nonorm4,900,3474.896,0.098810,0.785724,0.760665,0.810782,20,0.00006488,0,0.021204,0.020635,0.021773,0.974250,0.974109,0.974391,0.802398,0.776361,0.828435,0.003930,0.004308,0.044526,0.032260,0.050000,0,0,0,0,0
sun_moon,srd,nonorm4,925,3500.371,0.100242,0.783234,0.760466,0.806001,20,0.00003935,0,0.021151,0.019339,0.022963,0.974282,0.975660,0.972905,0.799841,0.775173,0.824509,0.003859,0.004520,0.044795,0.033041,0.050000,0,0,0,0,0
sun_moon,srd,nonorm4,950,3666.397,0.100446,0.785636,0.759920,0.811351,20,0.00003567,0,0.022015,0.021067,0.022963,0.973323,0.973566,0.973079,0.802956,0.775929,0.829982,0.004016,0.004635,0.044749,0.032225,0.050000,0,0,0,0,0
sun_moon,srd,nonorm4,975,3691.955,0.100629,0.795809,0.759642,0.831976,20,0.00005500,0,0.023884,0.025281,0.022487,0.971404,0.968561,0.974247,0.814765,0.778846,0.850684,0.005225,0.004339,0.045169,0.028344,0.050000,0,0,0,0,0
sun_moon,srd,nonorm4,1000,3858.412,0.100454,0.794762,0.757643,0.831881,20,0.00004862,0,0.024441,0.024849,0.024033,0.970776,0.968990,0.972562,0.814172,0.776469,0.851874,0.004800,0.004634,0.045305,0.028533,0.050000,0,0,0,0,0
sun_moon,srd,nonorm4,1025,3884.021,0.099125,0.788479,0.759433,0.817524,20,0.00009485,0,0.020949,0.022148,0.019750,0.974559,0.972260,0.976858,0.804962,0.776253,0.833670,0.004384,0.004095,0.044938,0.031208,0.050000,0,0,0,0,0
sun_moon,srd,nonorm4,1050,4049.173,0.099590,0.784646,0.761022,0.808270,20,0.00008109,0,0.020431,0.019447,0.021416,0.975131,0.975547,0.974716,0.800701,0.775821,0.825580,0.004042,0.004255,0.044720,0.032682,0.050000,0,0,0,0,0
sun_moon,srd,nonorm4,1075,4074.760,0.100282,0.783096,0.760326,0.805866,20,0.00008360,0,0.021172,0.020095,0.022249,0.974224,0.974745,0.973703,0.799700,0.775605,0.823795,0.003835,0.004539,0.044588,0.033275,0.050000,0,0,0,0,0
sun_moon,srd,nonorm4,1100,4243.438,0.099277,0.793752,0.760380,0.827125,20,0.00004262,0,0.022295,0.022580,0.022011,0.973201,0.971780,0.974623,0.811440,0.777550,0.845330,0.004445,0.004550,0.044791,0.029505,0.050000,0,0,0,0,0
sun_moon,srd,nonorm4,1125,4269.076,0.097225,0.798367,0.760874,0.835859,20,0.00006966,0,0.021960,0.023336,0.020583,0.973671,0.970901,0.976440,0.815847,0.778630,0.853064,0.004747,0.004064,0.044838,0.027894,0.050000,0,0,0,0,0
sun_moon,srd,nonorm4,1150,4427.382,0.097200,0.799288,0.759570,0.839007,19,0.00006427,1,0.022554,0.024525,0.020583,0.972987,0.969448,0.976526,0.817237,0.778198,0.856276,0.004732,0.004183,0.044861,0.027429,0.050000,0,0,1,0,0
sun_moon,srd,nonorm4,1175,4451.840,0.099482,0.790114,0.756288,0.823940,19,0.00008077,1,0.022014,0.022256,0.021773,0.973404,0.972018,0.974790,0.807500,0.773120,0.841880,0.004486,0.004254,0.045715,0.029797,0.050000,0,0,1,0,0
sun_moon,srd,nonorm4,1200,4606.609,0.098009,0.784495,0.760695,0.808294,19,0.00006220,0,0.019376,0.020311,0.018441,0.976293,0.974498,0.978089,0.799673,0.776145,0.823200,0.004098,0.003769,0.044752,0.032634,0.050000,0,0,1,0,0
sun_moon,srd,nonorm4,1225,4630.740,0.096988,0.786902,0.763876,0.809929,19,0.00004995,0,0.019491,0.018042,0.020940,0.976313,0.977325,0.975302,0.802273,0.777658,0.826889,0.003497,0.004328,0.043901,0.032526,0.050000,0,0,1,0,0
sun_moon,srd,nonorm4,1250,4785.038,0.094987,0.798244,0.764302,0.832187,19,0.00005036,0,0.021328,0.021716,0.020940,0.974445,0.972944,0.975946,0.815256,0.780899,0.849613,0.004169,0.004117,0.043942,0.028416,0.050000,0,0,1,0,0
sun_moon,srd,nonorm4,1275,4809.317,0.095325,0.799163,0.762855,0.835471,19,0.00004199,0,0.021787,0.023228,0.020345,0.973896,0.971102,0.976690,0.816522,0.780575,0.852469,0.004482,0.003986,0.044125,0.027889,0.050000,0,0,1,0,0
sun_moon,srd,nonorm4,1300,4967.415,0.096606,0.792948,0.764737,0.821158,19,0.00005806,0,0.021015,0.020851,0.021178,0.974676,0.973986,0.975367,0.809616,0.780683,0.838548,0.004000,0.004234,0.043874,0.030482,0.050000,0,0,1,0,0
sun_moon,srd,nonorm4,1325,4991.864,0.095985,0.790044,0.763659,0.816429,19,0.00005620,0,0.019257,0.020311,0.018203,0.976583,0.974595,0.978571,0.805231,0.779170,0.831291,0.004066,0.003697,0.044183,0.031371,0.050000,0,0,1,0,0
sun_moon,srd,nonorm4,1350,5146.387,0.097494,0.788069,0.763740,0.812398,19,0.00005121,0,0.020631,0.020203,0.021059,0.974984,0.974726,0.975241,0.804338,0.779170,0.829506,0.004001,0.004040,0.044099,0.032022,0.050000,0,0,1,0,0
sun_moon,srd,nonorm4,1375,5170.562,0.096496,0.803970,0.764191,0.843750,19,0.00006378,0,0.022165,0.023984,0.020345,0.973587,0.970261,0.976914,0.821718,0.782519,0.860916,0.004925,0.004139,0.044219,0.026697,0.050000,0,0,1,0,0
sun_moon,srd,nonorm4,1400,5329.751,0.095977,0.802919,0.765358,0.840480,19,0.00003010,0,0.022306,0.023552,0.021059,0.973431,0.970813,0.976049,0.820782,0.783384,0.858180,0.004685,0.004236,0.043890,0.027047,0.050000,0,0,1,0,0
sun_moon,srd,nonorm4,1425,5354.329,0.095991,0.803894,0.762362,0.845427,19,0.00002868,0,0.022305,0.024741,0.019869,0.973389,0.969303,0.977475,0.821724,0.781223,0.862225,0.004955,0.004020,0.044516,0.026217,0.050000,0,0,1,0,0
sun_moon,srd,nonorm4,1450,5518.401,0.096913,0.793695,0.761537,0.825854,19,0.00004021,2,0.020723,0.020743,0.020702,0.975019,0.974008,0.976030,0.810142,0.777334,0.842951,0.004174,0.004183,0.044538,0.029685,0.050000,0,0,1,0,0
sun_moon,srd,nonorm4,1475,5543.893,0.095125,0.803600,0.762472,0.844727,19,0.00002397,2,0.022089,0.024309,0.019869,0.973636,0.969815,0.977457,0.821259,0.781007,0.861511,0.004841,0.003953,0.044356,0.026144,0.050000,0,0,1,0,0
sun_moon,srd,nonorm4,1500,5705.874,0.096029,0.809935,0.760311,0.859559,19,0.00003031,1,0.023391,0.026793,0.019988,0.972264,0.966818,0.977710,0.828711,0.780683,0.876740,0.005361,0.004114,0.044862,0.023915,0.050000,0,0,1,0,0
sun_moon,srd,nonorm4,1525,5731.319,0.096249,0.811837,0.761774,0.861900,19,0.00003503,1,0.023581,0.025389,0.021773,0.972197,0.968520,0.975873,0.830891,0.781115,0.880666,0.005404,0.004263,0.044905,0.023343,0.050000,0,0,1,0,0
sun_moon,srd,nonorm4,1550,5894.229,0.099968,0.792714,0.753781,0.831647,19,0.00003194,1,0.022410,0.021500,0.023319,0.973083,0.972836,0.973330,0.810514,0.769987,0.851041,0.004394,0.004651,0.046134,0.028735,0.050000,0,0,1,0,0
sun_moon,srd,nonorm4,1575,5919.295,0.103188,0.788577,0.747598,0.829555,19,0.00003438,1,0.023382,0.023444,0.023319,0.971767,0.970270,0.973264,0.807012,0.765125,0.848899,0.004946,0.004595,0.047499,0.028963,0.050000,0,0,1,0,0
sun_moon,srd,nonorm4,1600,6075.185,0.105137,0.797585,0.741383,0.853786,19,0.00004749,1,0.025467,0.028090,0.022844,0.969483,0.964457,0.974509,0.817749,0.762208,0.873290,0.006231,0.004541,0.049037,0.024657,0.050000,0,0,1,0,0
sun_moon,srd,nonorm4,1625,6099.292,0.101146,0.800197,0.743835,0.856560,19,0.00002814,1,0.024860,0.029494,0.020226,0.970146,0.962913,0.977379,0.819829,0.765774,0.873885,0.005999,0.004021,0.048141,0.024141,0.050000,0,0,1,0,0
sun_moon,srd,nonorm4,1650,6251.558,0.098982,0.799952,0.749158,0.850746,19,0.00004073,2,0.023353,0.026361,0.020345,0.971976,0.966852,0.977099,0.818481,0.768907,0.868055,0.005289,0.004085,0.047073,0.025376,0.050000,0,0,1,0,0
sun_moon,srd,nonorm4,1675,6275.481,0.097298,0.797404,0.752433,0.842375,19,0.00003223,1,0.020463,0.021175,0.019750,0.975353,0.973180,0.977525,0.813689,0.768366,0.859012,0.004669,0.003995,0.046644,0.026783,0.050000,0,0,1,0,0
sun_moon,srd,nonorm4,1700,6430.415,0.096850,0.796247,0.752489,0.840005,19,0.00003804,1,0.019804,0.020095,0.019512,0.976106,0.974489,0.977723,0.812003,0.767610,0.856395,0.004513,0.003930,0.046690,0.027119,0.050000,0,0,1,0,0
sun_moon,srd,nonorm4,1725,6454.287,0.097831,0.797360,0.747939,0.846782,19,0.00003337,1,0.021300,0.022256,0.020345,0.974355,0.971715,0.976994,0.814297,0.764585,0.864010,0.004733,0.004080,0.047417,0.026004,0.050000,0,0,1,0,0
sun_moon,srd,nonorm4,1750,6612.195,0.097626,0.802873,0.742872,0.862873,19,0.00003886,1,0.023623,0.026901,0.020345,0.971675,0.965937,0.977414,0.821642,0.762857,0.880428,0.005274,0.003991,0.048240,0.023145,0.050000,0,0,1,0,0
sun_moon,srd,nonorm4,1775,6636.616,0.099156,0.802129,0.741871,0.862386,19,0.00004049,1,0.023872,0.026685,0.021059,0.971397,0.966150,0.976643,0.821108,0.761668,0.880547,0.005421,0.004186,0.048449,0.023262,0.050000,0,0,1,0,0
sun_moon,srd,nonorm4,1800,6790.181,0.100767,0.794355,0.743201,0.845510,19,0.00005349,1,0.023787,0.024849,0.022725,0.971400,0.968407,0.974393,0.813196,0.761668,0.864723,0.004995,0.004393,0.048186,0.026185,0.050000,0,0,1,0,0
water_fire,srd,nonorm4,1,1.522,0.387468,0.283555,0.262169,0.304941,20,0.00015351,0,0.191345,0.178661,0.204028,0.638221,0.633643,0.642799,0.338083,0.309009,0.367157,0.024032,0.030203,0.104574,0.108885,0.050000,0,0,0,0,0
water_fire,srd,nonorm4,25,27.550,0.212701,0.421134,0.393071,0.449196,20,0.00004586,1,0.072365,0.065258,0.079473,0.862173,0.865165,0.859182,0.451809,0.418722,0.484895,0.008636,0.011680,0.077762,0.077274,0.050000,0,0,0,0,0
water_fire,srd,nonorm4,50,191.579,0.149733,0.588607,0.580326,0.596888,20,0.00008246,1,0.052900,0.050495,0.055306,0.921396,0.923507,0.919286,0.619764,0.609629,0.629899,0.006546,0.008093,0.052563,0.055188,0.050000,0,0,0,0,0
water_fire,srd,nonorm4,75,216.689,0.118561,0.687787,0.680205,0.695369,20,0.00018786,0,0.046027,0.044959,0.047095,0.939880,0.940511,0.939249,0.719452,0.710787,0.728118,0.005828,0.006800,0.039909,0.041170,0.050000,0,0,0,0,0
water_fire,srd,nonorm4,100,377.879,0.107411,0.731708,0.734920,0.728495,20,0.00007245,0,0.045563,0.042946,0.048180,0.943796,0.946943,0.940649,0.765038,0.766482,0.763594,0.005567,0.006909,0.032849,0.036538,0.050000,0,0,0,0,0
water_fire,srd,nonorm4,125,403.241,0.096653,0.764749,0.775946,0.753552,20,0.00000378,1,0.042188,0.037745,0.046631,0.949700,0.955224,0.944177,0.796962,0.805234,0.788691,0.004915,0.006739,0.027644,0.033129,0.050000,0,0,0,0,0
water_fire,srd,nonorm4,150,560.321,0.081785,0.795732,0.811017,0.780448,19,0.00001658,0,0.035166,0.032377,0.037955,0.959007,0.962770,0.955243,0.823673,0.837276,0.810070,0.004244,0.005405,0.023067,0.029200,0.050000,0,0,1,0,0
water_fire,srd,nonorm4,175,584.864,0.076611,0.814587,0.833878,0.795296,19,0.00000913,0,0.033296,0.026002,0.040589,0.961876,0.970504,0.953248,0.841568,0.855561,0.827576,0.003484,0.005890,0.020343,0.027277,0.050000,0,0,1,0,0
water_fire,srd,nonorm4,200,737.986,0.071153,0.833621,0.866350,0.800893,18,0.00001087,0,0.032018,0.022983,0.041053,0.963898,0.974723,0.953072,0.860016,0.886261,0.833772,0.003027,0.006009,0.016219,0.026685,0.050000,0,0,2,0,0
water_fire,srd,nonorm4,225,761.613,0.066662,0.846352,0.887666,0.805038,18,0.00002240,0,0.030411,0.021473,0.039349,0.965975,0.976866,0.955084,0.871721,0.906727,0.836716,0.002857,0.005747,0.013561,0.026077,0.050000,0,0,2,0,0
water_fire,srd,nonorm4,250,908.174,0.064092,0.859837,0.908643,0.811032,17,0.00001503,0,0.031476,0.020970,0.041983,0.965284,0.977896,0.952672,0.886389,0.927697,0.845081,0.002739,0.006036,0.010987,0.025116,0.050000,0,0,3,0,0
water_fire,srd,nonorm4,275,930.681,0.061676,0.862533,0.907374,0.817693,17,0.00000730,0,0.029094,0.021473,0.036716,0.967922,0.977357,0.958487,0.887286,0.926858,0.847715,0.002722,0.005514,0.011113,0.024467,0.050000,0,0,3,0,0
water_fire,srd,nonorm4,300,1076.135,0.059422,0.864552,0.905168,0.823935,17,0.00001830,0,0.027739,0.022479,0.032998,0.969482,0.976287,0.962677,0.888320,0.925516,0.851123,0.002873,0.004912,0.011429,0.023439,0.050000,0,0,3,0,0
water_fire,srd,nonorm4,325,1098.746,0.056578,0.870636,0.912442,0.828829,17,0.00000091,0,0.025525,0.019292,0.031758,0.971935,0.979678,0.964192,0.892598,0.930045,0.855151,0.002613,0.004752,0.010594,0.022810,0.050000,0,0,3,0,0
water_fire,srd,nonorm4,350,1243.392,0.056717,0.877390,0.921446,0.833333,17,0.00000144,1,0.027210,0.020802,0.033617,0.970400,0.978363,0.962437,0.900981,0.940614,0.861348,0.002817,0.004971,0.009586,0.022284,0.050000,0,0,3,0,0
water_fire,srd,nonorm4,375,1266.171,0.046457,0.882277,0.926914,0.837641,17,0.00023265,1,0.019090,0.019124,0.019055,0.979161,0.980157,0.978164,0.899121,0.944640,0.853602,0.002498,0.002810,0.008858,0.021349,0.050000,0,0,3,0,0
water_fire,srd,nonorm4,400,1415.086,0.046680,0.884980,0.927622,0.842338,17,0.00016178,1,0.020057,0.022144,0.017971,0.978326,0.977178,0.979473,0.902819,0.948163,0.857475,0.002922,0.002654,0.008748,0.020691,0.050000,0,0,3,0,0
water_fire,srd,nonorm4,425,1437.455,0.044801,0.889644,0.930961,0.848328,17,0.00003393,0,0.018741,0.018118,0.019365,0.979670,0.981243,0.978097,0.906292,0.947828,0.864756,0.002455,0.002915,0.008340,0.019933,0.050000,0,0,3,0,0
water_fire,srd,nonorm4,450,1582.137,0.044283,0.885595,0.922950,0.848240,17,0.00000870,0,0.017844,0.018957,0.016731,0.980605,0.980241,0.980969,0.901439,0.940446,0.862432,0.002596,0.002434,0.009303,0.019774,0.050000,0,0,3,0,0
water_fire,srd,nonorm4,475,1605.233,0.043688,0.888967,0.931534,0.846400,17,0.00000594,0,0.017469,0.019292,0.015647,0.981105,0.980087,0.982124,0.904574,0.949505,0.859644,0.002602,0.002408,0.008292,0.020206,0.050000,0,0,3,0,0
water_fire,srd,nonorm4,500,1751.844,0.043156,0.889601,0.932368,0.846834,17,0.00002152,0,0.017476,0.019460,0.015492,0.981121,0.979938,0.982304,0.905233,0.950512,0.859954,0.002624,0.002310,0.008139,0.020059,0.050000,0,0,3,0,0
water_fire,srd,nonorm4,525,1774.476,0.043778,0.890786,0.934319,0.847254,17,0.00000019,0,0.019961,0.021641,0.018280,0.978541,0.977831,0.979251,0.908640,0.954538,0.862742,0.002824,0.002440,0.007791,0.019796,0.050000,0,0,3,0,0
water_fire,srd,nonorm4,550,1919.684,0.046120,0.887764,0.925756,0.849771,17,0.00000112,0,0.020276,0.025835,0.014717,0.978368,0.973517,0.983219,0.905975,0.949673,0.862277,0.003489,0.002197,0.008857,0.019643,0.050000,0,0,3,0,0
water_fire,srd,nonorm4,575,1942.253,0.044452,0.890889,0.932853,0.848924,17,0.00000027,0,0.019753,0.024325,0.015182,0.978932,0.975175,0.982689,0.908678,0.955544,0.861813,0.003202,0.002211,0.008025,0.019715,0.050000,0,0,3,0,0
water_fire,srd,nonorm4,600,2087.475,0.047356,0.889634,0.929573,0.849695,17,0.00000030,0,0.022644,0.029022,0.016266,0.976032,0.970553,0.981511,0.910034,0.956551,0.863517,0.003764,0.002389,0.008330,0.019677,0.050000,0,0,3,0,0
water_fire,srd,nonorm4,625,2109.805,0.045863,0.891797,0.935627,0.847968,17,0.00000095,0,0.021064,0.024157,0.017971,0.977508,0.975410,0.979606,0.910718,0.958228,0.863207,0.003173,0.002661,0.007740,0.019882,0.050000,0,0,3,0,0
water_fire,srd,nonorm4,650,2252.869,0.043547,0.894521,0.936630,0.852411,17,0.00000013,0,0.019760,0.024493,0.015027,0.979020,0.975111,0.982929,0.912396,0.959571,0.865221,0.003280,0.002116,0.007599,0.019200,0.050000,0,0,3,0,0
water_fire,srd,nonorm4,675,2275.462,0.044034,0.893055,0.933987,0.852123,17,0.00000027,0,0.020385,0.026673,0.014098,0.978442,0.972936,0.983948,0.911518,0.958900,0.864136,0.003407,0.002047,0.007807,0.019302,0.050000,0,0,3,0,0
water_fire,srd,nonorm4,700,2421.247,0.044251,0.895509,0.935990,0.855028,17,0.00000721,0,0.021263,0.027344,0.015182,0.977580,0.972349,0.982810,0.914796,0.961584,0.868009,0.003469,0.002203,0.007520,0.018956,0.050000,0,0,3,0,0
water_fire,srd,nonorm4,725,2444.006,0.045064,0.891444,0.924525,0.858363,17,0.00000097,0,0.020386,0.024660,0.016112,0.978246,0.974629,0.981863,0.909758,0.947324,0.872192,0.003255,0.002359,0.009132,0.018481,0.050000,0,0,3,0,0
water_fire,srd,nonorm4,750,2589.090,0.044501,0.899391,0.936918,0.861864,17,0.00000162,0,0.021851,0.026506,0.017196,0.976971,0.973179,0.980763,0.919218,0.961751,0.876685,0.003357,0.002612,0.007434,0.018135,0.050000,0,0,3,0,0
water_fire,srd,nonorm4,775,2611.685,0.045216,0.896293,0.933924,0.858663,17,0.00001461,1,0.021258,0.023150,0.019365,0.977350,0.976346,0.978355,0.915417,0.955544,0.875290,0.003100,0.002842,0.007956,0.018503,0.050000,0,0,3,0,0
water_fire,srd,nonorm4,800,2754.891,0.043392,0.895388,0.931848,0.858927,17,0.00000024,0,0.020438,0.023989,0.016886,0.978255,0.975476,0.981034,0.913817,0.954202,0.873431,0.003076,0.002361,0.008108,0.018359,0.050000,0,0,3,0,0
water_fire,srd,nonorm4,825,2777.190,0.043147,0.895897,0.933279,0.858515,17,0.00000619,1,0.019715,0.023318,0.016112,0.979016,0.976166,0.981866,0.913694,0.955041,0.872347,0.003043,0.002365,0.007922,0.018386,0.050000,0,0,3,0,0
water_fire,srd,nonorm4,850,2922.566,0.043429,0.896345,0.934501,0.858190,17,0.00000153,0,0.019682,0.024493,0.014872,0.979133,0.975056,0.983211,0.914171,0.957390,0.870953,0.003184,0.002283,0.007785,0.018601,0.050000,0,0,3,0,0
water_fire,srd,nonorm4,875,2944.734,0.044154,0.896863,0.935125,0.858601,17,0.00000126,0,0.020360,0.023989,0.016731,0.978377,0.975560,0.981194,0.915262,0.957557,0.872967,0.003168,0.002540,0.007805,0.018420,0.050000,0,0,3,0,0
water_fire,srd,nonorm4,900,3089.820,0.042875,0.898661,0.935627,0.861696,17,0.00000088,0,0.020057,0.024157,0.015957,0.978755,0.975410,0.982099,0.916837,0.958228,0.875445,0.003200,0.002305,0.007630,0.017987,0.050000,0,0,3,0,0
water_fire,srd,nonorm4,925,3112.325,0.043756,0.900242,0.938185,0.862300,17,0.00000253,1,0.021438,0.025835,0.017041,0.977399,0.973858,0.980939,0.919708,0.962422,0.876995,0.003333,0.002518,0.007338,0.017872,0.050000,0,0,3,0,1
water_fire,srd,nonorm4,950,3257.010,0.043511,0.901049,0.938933,0.863166,17,0.00000144,0,0.021238,0.024660,0.017816,0.977566,0.975009,0.980124,0.920315,0.962087,0.878544,0.003211,0.002594,0.007238,0.017888,0.050000,0,0,3,0,1
water_fire,srd,nonorm4,975,3279.514,0.042180,0.902305,0.939324,0.865285,17,0.00000029,0,0.019780,0.022983,0.016576,0.979072,0.976641,0.981504,0.920270,0.960913,0.879628,0.003062,0.002457,0.007215,0.017578,0.050000,0,0,3,0,1
water_fire,srd,nonorm4,1000,3424.544,0.042639,0.903878,0.941485,0.866271,17,0.00000198,0,0.020883,0.023486,0.018280,0.977952,0.976207,0.979697,0.922852,0.963597,0.882107,0.003160,0.002592,0.007008,0.017359,0.050000,0,0,3,0,1
water_fire,srd,nonorm4,1025,3446.988,0.042454,0.904898,0.943251,0.866545,17,0.00000400,0,0.021012,0.022815,0.019210,0.977805,0.976898,0.978712,0.923981,0.964771,0.883191,0.003033,0.002732,0.006797,0.017310,0.050000,0,0,3,0,1
water_fire,srd,nonorm4,1050,3592.357,0.042497,0.904195,0.939692,0.868698,17,0.00000439,0,0.020347,0.023654,0.017041,0.978538,0.976000,0.981077,0.922710,0.961919,0.883501,0.003156,0.002541,0.007295,0.017132,0.050000,0,0,3,0,1
water_fire,srd,nonorm4,1075,3614.731,0.042329,0.903739,0.939846,0.867631,17,0.00000300,0,0.020264,0.023486,0.017041,0.978610,0.976166,0.981054,0.922168,0.961919,0.882417,0.003126,0.002512,0.007177,0.017299,0.050000,0,0,3,0,1
water_fire,srd,nonorm4,1100,3760.117,0.042871,0.903485,0.939290,0.867681,17,0.00000382,0,0.021877,0.025164,0.018590,0.976966,0.974533,0.979399,0.923368,0.962926,0.883811,0.003192,0.002646,0.007135,0.017144,0.050000,0,0,3,0,1
water_fire,srd,nonorm4,1125,3782.554,0.042932,0.906015,0.944481,0.867549,17,0.00000475,0,0.021535,0.024325,0.018745,0.977352,0.975474,0.979231,0.925633,0.967455,0.883811,0.003218,0.002726,0.006686,0.017237,0.050000,0,0,3,0,1
water_fire,srd,nonorm4,1150,3927.409,0.042299,0.905012,0.941967,0.868057,17,0.00000096,0,0.020644,0.023318,0.017971,0.978225,0.976381,0.980069,0.923794,0.963932,0.883656,0.003069,0.002636,0.006925,0.017251,0.050000,0,0,3,0,1
water_fire,srd,nonorm4,1175,3949.654,0.042923,0.906296,0.942399,0.870193,17,0.00000137,0,0.022187,0.025164,0.019210,0.976707,0.974615,0.978800,0.926511,0.966113,0.886909,0.003238,0.002761,0.006866,0.016827,0.050000,0,0,3,0,1
water_fire,srd,nonorm4,1200,4094.437,0.041226,0.906217,0.941205,0.871228,17,0.00000090,0,0.020451,0.024325,0.016576,0.978509,0.975390,0.981628,0.924885,0.964100,0.885670,0.003104,0.002416,0.006959,0.016766,0.050000,0,0,3,0,1
water_fire,srd,nonorm4,1225,4117.040,0.041487,0.906402,0.942909,0.869896,17,0.00000364,0,0.021193,0.025499,0.016886,0.977788,0.974307,0.981268,0.925769,0.966952,0.884586,0.003234,0.002409,0.006747,0.016773,0.050000,0,0,3,0,1
water_fire,srd,nonorm4,1250,4263.524,0.038463,0.908002,0.941196,0.874809,17,0.00000494,0,0.018198,0.024157,0.012239,0.980960,0.975552,0.986368,0.924724,0.963932,0.885515,0.003071,0.001794,0.006994,0.016278,0.050000,0,0,3,0,1
water_fire,srd,nonorm4,1275,4286.440,0.039003,0.906453,0.939875,0.873030,17,0.00000493,1,0.018346,0.023989,0.012703,0.980758,0.975680,0.985835,0.923272,0.962422,0.884121,0.003181,0.001756,0.007206,0.016380,0.050000,0,0,3,0,1
water_fire,srd,nonorm4,1300,4435.444,0.039199,0.906888,0.942043,0.871732,17,0.00000513,0,0.018992,0.024660,0.013323,0.980115,0.975089,0.985142,0.924310,0.965274,0.883346,0.003187,0.001823,0.006906,0.016606,0.050000,0,0,3,0,1
water_fire,srd,nonorm4,1325,4457.830,0.038829,0.907597,0.941533,0.873662,17,0.00000578,0,0.018592,0.024325,0.012858,0.980538,0.975399,0.985677,0.924665,0.964435,0.884895,0.003193,0.001762,0.007003,0.016317,0.050000,0,0,3,0,1
water_fire,srd,nonorm4,1350,4603.049,0.037619,0.907889,0.941639,0.874139,17,0.00000071,0,0.017546,0.023318,0.011774,0.981618,0.976373,0.986863,0.924014,0.963597,0.884431,0.003009,0.001651,0.006892,0.016265,0.050000,0,0,3,0,1
water_fire,srd,nonorm4,1375,4625.529,0.037967,0.908438,0.942468,0.874407,17,0.00000080,0,0.018095,0.023486,0.012703,0.981044,0.976231,0.985857,0.925059,0.964603,0.885515,0.003026,0.001751,0.006889,0.016188,0.050000,0,0,3,0,1
water_fire,srd,nonorm4,1400,4771.568,0.038283,0.908491,0.942440,0.874541,17,0.00000017,0,0.017766,0.022983,0.012548,0.981372,0.976717,0.986027,0.924808,0.964100,0.885515,0.003039,0.001797,0.006933,0.016257,0.050000,0,0,3,0,1
water_fire,srd,nonorm4,1425,4793.908,0.037666,0.906946,0.939409,0.874483,17,0.00000001,0,0.016862,0.021641,0.012084,0.982240,0.977949,0.986531,0.922394,0.959738,0.885050,0.002852,0.001745,0.007229,0.016234,0.050000,0,0,3,0,1
water_fire,srd,nonorm4,1450,4938.243,0.037822,0.907114,0.939324,0.874904,17,0.00000095,0,0.017378,0.022983,0.011774,0.981758,0.976641,0.986874,0.923059,0.960913,0.885205,0.002925,0.001725,0.007191,0.016234,0.050000,0,0,3,0,1
water_fire,srd,nonorm4,1475,4960.426,0.038008,0.906758,0.939816,0.873700,17,0.00000055,0,0.018075,0.022983,0.013168,0.980998,0.976653,0.985342,0.923311,0.961416,0.885205,0.002913,0.001791,0.007105,0.016310,0.050000,0,0,3,0,1
water_fire,srd,nonorm4,1500,5104.673,0.036652,0.909929,0.941563,0.878296,17,0.00000095,0,0.016333,0.021976,0.010689,0.982887,0.977672,0.988101,0.924969,0.962255,0.887684,0.002877,0.001586,0.006992,0.015878,0.050000,0,0,3,0,1
water_fire,srd,nonorm4,1525,5127.222,0.036288,0.910839,0.942904,0.878774,17,0.00000039,0,0.016662,0.022479,0.010844,0.982577,0.977215,0.987939,0.926202,0.964100,0.888304,0.002826,0.001624,0.006717,0.015801,0.050000,0,0,3,0,1
water_fire,srd,nonorm4,1550,5274.488,0.037046,0.910406,0.942674,0.878138,17,0.00000486,0,0.016617,0.021305,0.011929,0.982552,0.978350,0.986754,0.925686,0.962758,0.888613,0.002858,0.001747,0.006891,0.015847,0.050000,0,0,3,0,1
water_fire,srd,nonorm4,1575,5297.493,0.037260,0.905961,0.939797,0.872125,17,0.00001115,0,0.016513,0.022647,0.010380,0.982668,0.976978,0.988358,0.921129,0.961080,0.881177,0.002959,0.001481,0.007182,0.016449,0.050000,0,0,3,0,1
water_fire,srd,nonorm4,1600,5443.983,0.037626,0.909461,0.941437,0.877485,17,0.00000373,0,0.017753,0.022647,0.012858,0.981378,0.977017,0.985739,0.925763,0.962758,0.888768,0.002911,0.001825,0.006963,0.015896,0.050000,0,0,3,0,1
water_fire,srd,nonorm4,1625,5466.910,0.036769,0.910076,0.942838,0.877314,17,0.00000000,0,0.017004,0.021305,0.012703,0.982128,0.978354,0.985903,0.925692,0.962926,0.888459,0.002808,0.001736,0.006855,0.015825,0.050000,0,0,3,0,1
water_fire,srd,nonorm4,1650,5614.547,0.037843,0.908728,0.940144,0.877311,17,0.00000018,0,0.018463,0.022983,0.013943,0.980614,0.976661,0.984568,0.925647,0.961751,0.889543,0.002871,0.001951,0.006945,0.015818,0.050000,0,0,3,0,1
water_fire,srd,nonorm4,1675,5637.450,0.036240,0.909355,0.938648,0.880061,17,0.00000620,1,0.016358,0.022647,0.010070,0.982875,0.976951,0.988799,0.924415,0.959906,0.888923,0.002824,0.001541,0.007199,0.015602,0.050000,0,0,3,0,1
water_fire,srd,nonorm4,1700,5778.453,0.036217,0.908140,0.939613,0.876668,17,0.00000064,0,0.016113,0.022312,0.009915,0.983113,0.977300,0.988925,0.922969,0.960577,0.885360,0.002878,0.001435,0.007065,0.015920,0.050000,0,0,3,0,1
water_fire,srd,nonorm4,1725,5801.018,0.036816,0.910796,0.942693,0.878899,17,0.00000155,0,0.017404,0.021641,0.013168,0.981726,0.978024,0.985428,0.926783,0.963093,0.890473,0.002803,0.001791,0.006841,0.015689,0.050000,0,0,3,0,1
water_fire,srd,nonorm4,1750,5946.657,0.036085,0.910474,0.939090,0.881857,17,0.00000094,0,0.016404,0.021808,0.010999,0.982796,0.977778,0.987813,0.925564,0.959571,0.891557,0.002843,0.001562,0.007245,0.015230,0.050000,0,0,3,0,1
water_fire,srd,nonorm4,1775,5969.593,0.036603,0.910184,0.939573,0.880796,17,0.00000314,1,0.017017,0.021641,0.012393,0.982122,0.977952,0.986292,0.925809,0.959906,0.891712,0.002864,0.001679,0.007282,0.015214,0.050000,0,0,3,0,1
water_fire,srd,nonorm4,1800,6115.864,0.036583,0.912265,0.940404,0.884127,17,0.00000655,0,0.016946,0.021808,0.012084,0.982242,0.977808,0.986676,0.927861,0.960913,0.894810,0.002844,0.001771,0.007163,0.015023,0.050000,0,0,3,0,1
water_fire,srd,nonorm4,1825,6138.391,0.036678,0.911877,0.942317,0.881436,17,0.00000033,0,0.017372,0.020802,0.013943,0.981736,0.978832,0.984639,0.927822,0.961919,0.893726,0.002765,0.001891,0.006913,0.015213,0.050000,0,0,3,0,1
water_fire,srd,nonorm4,1850,6284.869,0.036375,0.913306,0.939100,0.887511,17,0.00000199,0,0.017107,0.021976,0.012239,0.982087,0.977614,0.986560,0.929056,0.959738,0.898373,0.002862,0.001794,0.007200,0.014592,0.050000,0,0,3,0,1
water_fire,srd,nonorm4,1875,6307.668,0.036571,0.913153,0.939727,0.886579,17,0.00000255,0,0.017475,0.021473,0.013478,0.981671,0.978120,0.985222,0.929217,0.959906,0.898528,0.002810,0.001902,0.007193,0.014590,0.050000,0,0,3,0,1
water_fire,srd,nonorm4,1900,6453.044,0.035014,0.915737,0.941002,0.890472,17,0.00000139,0,0.016055,0.020802,0.011309,0.983201,0.978803,0.987598,0.930560,0.960577,0.900542,0.002758,0.001654,0.007085,0.014173,0.050000,0,0,3,0,1
water_fire,srd,nonorm4,1925,6475.586,0.036322,0.914999,0.938936,0.891062,17,0.00000065,0,0.017959,0.021976,0.013943,0.981207,0.977611,0.984802,0.931528,0.959571,0.903486,0.002827,0.001944,0.007260,0.014013,0.050000,0,0,3,0,1
water_fire,srd,nonorm4,1950,6619.835,0.036440,0.915673,0.940791,0.890556,17,0.00000301,0,0.017449,0.022815,0.012084,0.981805,0.976839,0.986771,0.931786,0.962255,0.901317,0.002951,0.001841,0.007035,0.014284,0.050000,0,0,3,0,1
water_fire,srd,nonorm4,1975,6642.607,0.036624,0.916351,0.940839,0.891863,17,0.00000714,0,0.018256,0.023654,0.012858,0.980997,0.976029,0.985966,0.933212,0.963093,0.903331,0.002949,0.001940,0.006947,0.014185,0.050000,0,0,3,0,1
water_fire,srd,nonorm4,2000,6787.943,0.037878,0.914599,0.938033,0.891165,17,0.00000252,0,0.018398,0.023318,0.013478,0.980790,0.976284,0.985297,0.931541,0.959906,0.903176,0.003044,0.002063,0.007374,0.014283,0.050000,0,0,3,0,1
water_fire,srd,nonorm4,2025,6810.643,0.036405,0.916025,0.941379,0.890670,17,0.00000708,0,0.018102,0.021641,0.014562,0.981067,0.977994,0.984140,0.932696,0.961751,0.903641,0.002797,0.002030,0.006959,0.014174,0.050000,0,0,3,0,1
water_fire,srd,nonorm4,2050,6955.473,0.036681,0.914308,0.936802,0.891813,17,0.00000985,0,0.017185,0.021976,0.012393,0.982010,0.977561,0.986459,0.930128,0.957390,0.902866,0.002856,0.001912,0.007513,0.014162,0.050000,0,0,3,0,1
water_fire,srd,nonorm4,2075,6978.125,0.037111,0.916703,0.940463,0.892944,17,0.00001927,0,0.018611,0.022815,0.014407,0.980587,0.976831,0.984343,0.933864,0.961919,0.905809,0.002894,0.002168,0.007026,0.013944,0.050000,0,0,3,0,1
water_fire,srd,nonorm4,2100,7123.909,0.036142,0.916608,0.938229,0.894986,17,0.00002348,0,0.017308,0.021137,0.013478,0.981886,0.978414,0.985358,0.932555,0.958061,0.907049,0.002746,0.002028,0.007319,0.013722,0.050000,0,0,3,0,1
water_fire,srd,nonorm4,2125,7146.755,0.036387,0.915766,0.940588,0.890945,17,0.00002781,0,0.017501,0.022144,0.012858,0.981719,0.977486,0.985951,0.931909,0.961416,0.902401,0.002798,0.001995,0.006947,0.014291,0.050000,0,0,3,0,1
water_fire,srd,nonorm4,2150,7291.698,0.038595,0.915635,0.940482,0.890787,17,0.00002915,0,0.019399,0.023150,0.015647,0.979753,0.976507,0.982999,0.933490,0.962255,0.904725,0.003036,0.002337,0.007082,0.014287,0.050000,0,0,3,0,1
water_fire,srd,nonorm4,2175,7314.753,0.038286,0.910666,0.939409,0.881922,17,0.00006128,1,0.018566,0.021641,0.015492,0.980472,0.977949,0.982996,0.927662,0.959738,0.895585,0.002829,0.002174,0.007159,0.015321,0.050000,0,0,3,0,1
water_fire,srd,nonorm4,2200,7461.034,0.036884,0.913318,0.938648,0.887988,17,0.00004293,0,0.017520,0.022647,0.012393,0.981676,0.976951,0.986401,0.929450,0.959906,0.898993,0.002904,0.001878,0.007246,0.014573,0.050000,0,0,3,0,1
cat_face_bass,srd,nonorm4,1,1.499,0.615838,0.154033,0.186302,0.121763,20,0.00018427,0,0.161230,0.111545,0.210915,0.530683,0.649922,0.411444,0.177264,0.207083,0.147445,0.027868,0.047817,0.182990,0.198391,0.050000,0,0,0,0,0
cat_face_bass,srd,nonorm4,25,27.094,0.410962,0.227965,0.240034,0.215896,20,0.00000024,1,0.073278,0.049020,0.097537,0.772724,0.837047,0.708401,0.244377,0.251801,0.236953,0.011925,0.021839,0.161114,0.160454,0.050000,0,0,0,0,0
cat_face_bass,srd,nonorm4,50,186.298,0.334345,0.339404,0.329354,0.349454,20,0.00022874,0,0.055741,0.039116,0.072366,0.867788,0.897429,0.838146,0.358490,0.342237,0.374742,0.009368,0.015899,0.140548,0.129700,0.050000,0,0,0,0,0
cat_face_bass,srd,nonorm4,75,210.631,0.271196,0.463285,0.436687,0.489884,20,0.00033087,1,0.045973,0.030212,0.061734,0.915486,0.937070,0.893903,0.485003,0.449880,0.520126,0.007331,0.013541,0.117052,0.100530,0.050000,0,0,0,0,0
cat_face_bass,srd,nonorm4,100,371.097,0.232045,0.530535,0.487142,0.573928,20,0.00059064,1,0.037429,0.027011,0.047846,0.937540,0.948776,0.926303,0.550844,0.500300,0.601389,0.006627,0.010439,0.106363,0.082741,0.050000,0,0,0,0,0
cat_face_bass,srd,nonorm4,125,395.986,0.202714,0.587379,0.513031,0.661726,20,0.00046854,0,0.032201,0.024910,0.039492,0.950236,0.954768,0.945704,0.606835,0.525810,0.687859,0.006144,0.008596,0.100906,0.065006,0.050000,0,0,0,0,0
cat_face_bass,srd,nonorm4,150,554.831,0.187381,0.613681,0.537373,0.689988,20,0.00024210,1,0.028988,0.025210,0.032766,0.956142,0.956242,0.956041,0.631758,0.550920,0.712596,0.006128,0.007120,0.095691,0.059332,0.050000,0,0,0,0,0
cat_face_bass,srd,nonorm4,175,580.157,0.172193,0.647872,0.577617,0.718127,20,0.00014413,3,0.027085,0.025310,0.028860,0.960712,0.959015,0.962408,0.665545,0.592237,0.738852,0.006183,0.006300,0.087460,0.053821,0.050000,0,0,0,0,0
cat_face_bass,srd,nonorm4,200,742.570,0.160871,0.682291,0.617722,0.746861,20,0.00018218,2,0.027810,0.027411,0.028209,0.961583,0.958598,0.964568,0.701291,0.634654,0.767929,0.006634,0.006175,0.079079,0.048290,0.050000,0,0,0,0,0
cat_face_bass,srd,nonorm4,225,767.695,0.152156,0.700079,0.632972,0.767187,20,0.00006868,3,0.026639,0.024310,0.028968,0.964232,0.963861,0.964603,0.718885,0.648359,0.789411,0.005867,0.006339,0.075813,0.044369,0.050000,0,0,0,0,0
cat_face_bass,srd,nonorm4,250,922.011,0.148149,0.711163,0.646714,0.775613,19,0.00004690,1,0.026594,0.022809,0.030379,0.965023,0.966667,0.963380,0.730320,0.661465,0.799175,0.005542,0.006705,0.072747,0.042840,0.050000,0,0,1,0,0
cat_face_bass,srd,nonorm4,275,946.168,0.146258,0.719615,0.662050,0.777181,19,0.00003020,2,0.027773,0.025710,0.029836,0.963791,0.963520,0.964062,0.739720,0.679072,0.800369,0.006267,0.006335,0.069880,0.042194,0.050000,0,0,1,0,0
cat_face_bass,srd,nonorm4,300,1103.360,0.140046,0.730122,0.674455,0.785790,19,0.00003300,2,0.025488,0.023309,0.027666,0.967102,0.967330,0.966875,0.748853,0.690176,0.807530,0.005684,0.006216,0.067166,0.040818,0.050000,0,0,1,0,0
cat_face_bass,srd,nonorm4,325,1127.756,0.138273,0.732750,0.675993,0.789507,19,0.00002046,0,0.025192,0.022609,0.027775,0.967617,0.968330,0.966904,0.751356,0.691277,0.811435,0.005469,0.006245,0.066729,0.040037,0.050000,0,0,1,0,0
cat_face_bass,srd,nonorm4,350,1283.728,0.132578,0.743328,0.688895,0.797760,19,0.00003008,0,0.024203,0.021609,0.026798,0.969266,0.970211,0.968321,0.761460,0.703782,0.819139,0.005200,0.006009,0.064027,0.038425,0.050000,0,0,1,0,0
cat_face_bass,srd,nonorm4,375,1308.156,0.125076,0.755212,0.700402,0.810022,19,0.00004846,0,0.023182,0.020108,0.026256,0.971005,0.972627,0.969383,0.772888,0.714486,0.831290,0.004921,0.005514,0.061492,0.035707,0.050000,0,0,1,0,0
cat_face_bass,srd,nonorm4,400,1467.684,0.121327,0.763180,0.707868,0.818491,19,0.00004802,2,0.022171,0.022209,0.022133,0.972224,0.970221,0.974226,0.780098,0.723589,0.836606,0.005236,0.004942,0.059978,0.034078,0.050000,0,0,1,0,0
cat_face_bass,srd,nonorm4,425,1492.713,0.118356,0.768443,0.716359,0.820526,19,0.00003255,1,0.021125,0.020008,0.022242,0.973758,0.973348,0.974168,0.784734,0.730692,0.838776,0.004791,0.005069,0.058194,0.033850,0.050000,0,0,1,0,0
cat_face_bass,srd,nonorm4,450,1650.520,0.117079,0.772755,0.722686,0.822824,19,0.00003285,1,0.020566,0.019108,0.022025,0.974595,0.974712,0.974478,0.788720,0.736495,0.840946,0.004773,0.005085,0.057145,0.033486,0.050000,0,0,1,0,0
cat_face_bass,srd,nonorm4,475,1674.936,0.113629,0.776658,0.731261,0.822055,19,0.00002270,1,0.021577,0.017007,0.026147,0.973789,0.977643,0.969935,0.793624,0.743697,0.843550,0.004182,0.005264,0.055180,0.033273,0.050000,0,0,1,0,0
cat_face_bass,srd,nonorm4,500,1831.315,0.112768,0.785144,0.746167,0.824121,19,0.00002965,1,0.021318,0.018007,0.024628,0.974252,0.976843,0.971660,0.802011,0.759604,0.844418,0.004361,0.005619,0.051966,0.033391,0.050000,0,0,1,0,0
cat_face_bass,srd,nonorm4,525,1856.145,0.109085,0.790281,0.755048,0.825513,19,0.00001856,0,0.020177,0.020608,0.019746,0.975517,0.973954,0.977081,0.806211,0.770608,0.841814,0.005017,0.004484,0.050290,0.032897,0.050000,0,0,1,0,0
cat_face_bass,srd,nonorm4,550,2013.904,0.108842,0.806048,0.788200,0.823896,19,0.00001767,1,0.023862,0.020708,0.027015,0.971983,0.974906,0.969061,0.825338,0.804522,0.846154,0.005180,0.005862,0.043558,0.033197,0.050000,0,0,1,0,0
cat_face_bass,srd,nonorm4,575,2039.044,0.108414,0.808418,0.792752,0.824083,19,0.00002149,1,0.023832,0.021409,0.026256,0.972065,0.974242,0.969889,0.827722,0.809724,0.845720,0.005168,0.005984,0.042397,0.033435,0.050000,0,0,1,0,0
cat_face_bass,srd,nonorm4,600,2199.484,0.110602,0.808176,0.797824,0.818527,19,0.00005384,0,0.025160,0.020808,0.029511,0.970626,0.975087,0.966165,0.828554,0.814426,0.842682,0.005164,0.006572,0.041503,0.034403,0.050000,0,0,1,0,0
cat_face_bass,srd,nonorm4,625,2224.247,0.115546,0.813243,0.801811,0.824676,19,0.00004991,0,0.028719,0.027711,0.029728,0.966821,0.967465,0.966177,0.836611,0.824030,0.849192,0.006850,0.006667,0.040936,0.033342,0.050000,0,0,1,0,0
cat_face_bass,srd,nonorm4,650,2382.925,0.110765,0.818060,0.807385,0.828735,19,0.00004812,1,0.026533,0.026811,0.026256,0.969363,0.968673,0.970053,0.839763,0.829032,0.850494,0.006666,0.006049,0.039691,0.032485,0.050000,0,0,1,0,0
cat_face_bass,srd,nonorm4,675,2407.126,0.109822,0.816119,0.803279,0.828959,19,0.00001873,0,0.025136,0.025210,0.025062,0.970824,0.970297,0.971351,0.836632,0.823529,0.849734,0.006275,0.005945,0.040512,0.032619,0.050000,0,0,1,0,0
cat_face_bass,srd,nonorm4,700,2566.114,0.104224,0.818293,0.805197,0.831388,19,0.00001670,0,0.023234,0.024010,0.022459,0.972982,0.971705,0.974260,0.837295,0.824530,0.850060,0.005920,0.005054,0.040091,0.031804,0.050000,0,0,1,0,0
cat_face_bass,srd,nonorm4,725,2590.857,0.106248,0.818975,0.805374,0.832575,19,0.00002182,1,0.024866,0.023910,0.025822,0.971238,0.971823,0.970654,0.839352,0.824630,0.854074,0.005744,0.005863,0.039872,0.031736,0.050000,0,0,1,0,0
cat_face_bass,srd,nonorm4,750,2749.908,0.104953,0.817861,0.804630,0.831092,19,0.00002804,1,0.024315,0.024110,0.024520,0.971791,0.971573,0.972009,0.837750,0.824030,0.851470,0.005676,0.005549,0.039930,0.031763,0.050000,0,0,1,0,0
cat_face_bass,srd,nonorm4,775,2774.418,0.101303,0.821098,0.809127,0.833068,19,0.00001710,2,0.021604,0.021509,0.021699,0.974889,0.974637,0.975140,0.838838,0.826531,0.851145,0.005418,0.005047,0.039147,0.031539,0.050000,0,0,1,0,0
cat_face_bass,srd,nonorm4,800,2936.058,0.107689,0.817872,0.809831,0.825913,19,0.00002723,0,0.026013,0.023709,0.028317,0.969965,0.972196,0.967734,0.839166,0.829032,0.849300,0.005743,0.006208,0.038970,0.032858,0.050000,0,0,1,0,0
cat_face_bass,srd,nonorm4,825,2960.958,0.105214,0.811233,0.808140,0.814325,19,0.00000323,1,0.024003,0.022509,0.025496,0.971928,0.973483,0.970373,0.830709,0.826331,0.835087,0.005474,0.005263,0.039323,0.034630,0.050000,0,0,1,0,0
cat_face_bass,srd,nonorm4,850,3112.601,0.110260,0.810662,0.814029,0.807295,18,0.00000194,0,0.025897,0.022609,0.029185,0.969812,0.973558,0.966065,0.831645,0.832433,0.830856,0.005509,0.006464,0.038169,0.036451,0.050000,0,0,2,0,0
cat_face_bass,srd,nonorm4,875,3136.025,0.107615,0.813256,0.820495,0.806016,18,0.00001005,0,0.025050,0.022109,0.027992,0.970818,0.974314,0.967321,0.833607,0.838635,0.828578,0.005445,0.006097,0.036814,0.036582,0.050000,0,0,2,0,0
cat_face_bass,srd,nonorm4,900,3282.499,0.107333,0.815266,0.821589,0.808944,17,0.00001474,0,0.024439,0.025010,0.023869,0.971574,0.971158,0.971989,0.835194,0.842137,0.828252,0.006184,0.005409,0.036711,0.036166,0.050000,0,0,3,0,0
cat_face_bass,srd,nonorm4,925,3304.951,0.108759,0.827585,0.843981,0.811190,17,0.00004619,1,0.028469,0.027211,0.029728,0.967601,0.969568,0.965634,0.851126,0.866947,0.835304,0.006531,0.006718,0.031833,0.035978,0.050000,0,0,3,0,0
cat_face_bass,srd,nonorm4,950,3450.718,0.102457,0.832855,0.855929,0.809780,17,0.00001074,1,0.025721,0.024210,0.027232,0.970713,0.973126,0.968300,0.854242,0.876651,0.831832,0.005708,0.006372,0.029251,0.036263,0.050000,0,0,3,0,0
cat_face_bass,srd,nonorm4,975,3473.080,0.097583,0.839036,0.860372,0.817701,17,0.00001571,1,0.023627,0.022409,0.024845,0.973182,0.975158,0.971206,0.858834,0.879652,0.838017,0.005555,0.005770,0.028446,0.034665,0.050000,0,0,3,0,0
cat_face_bass,srd,nonorm4,1000,3618.153,0.098267,0.843646,0.874706,0.812586,17,0.00001175,1,0.025651,0.022009,0.029294,0.971067,0.975972,0.966161,0.865173,0.893958,0.836389,0.005261,0.006744,0.025363,0.035792,0.050000,0,0,3,0,0
cat_face_bass,srd,nonorm4,1025,3640.736,0.095544,0.849093,0.886693,0.811494,17,0.00001654,1,0.026611,0.022409,0.030813,0.970176,0.975878,0.964473,0.871530,0.906563,0.836498,0.005232,0.006695,0.022820,0.035620,0.050000,0,0,3,0,0
cat_face_bass,srd,nonorm4,1050,3783.492,0.102089,0.848450,0.889183,0.807716,17,0.00003692,1,0.028878,0.020108,0.037648,0.967662,0.978312,0.957012,0.872594,0.907063,0.838125,0.005096,0.008427,0.022502,0.036807,0.050000,0,0,3,0,0
cat_face_bass,srd,nonorm4,1075,3805.540,0.108865,0.844832,0.887005,0.802659,17,0.00004420,1,0.032700,0.020808,0.044592,0.963519,0.977535,0.949502,0.871956,0.905462,0.838451,0.005323,0.009689,0.023007,0.037873,0.050000,0,0,3,0,0
cat_face_bass,srd,nonorm4,1100,3948.398,0.111095,0.845650,0.886242,0.805058,17,0.00003769,1,0.033466,0.024510,0.042422,0.962799,0.973715,0.951883,0.873587,0.907963,0.839210,0.006078,0.009660,0.023015,0.037444,0.050000,0,0,3,0,0
cat_face_bass,srd,nonorm4,1125,3970.258,0.114353,0.844318,0.884668,0.803968,17,0.00006707,2,0.035693,0.027011,0.044375,0.960466,0.971129,0.949804,0.874104,0.908563,0.839644,0.006627,0.009899,0.023283,0.037622,0.050000,0,0,3,0,0
cat_face_bass,srd,nonorm4,1150,4109.422,0.109959,0.847805,0.884914,0.810695,17,0.00003763,1,0.035003,0.029212,0.040794,0.961402,0.968923,0.953882,0.877266,0.910764,0.843767,0.007203,0.008567,0.023227,0.035841,0.050000,0,0,3,0,0
cat_face_bass,srd,nonorm4,1175,4131.054,0.112592,0.846674,0.878726,0.814621,17,0.00004857,1,0.034577,0.030312,0.038841,0.961860,0.967604,0.956117,0.875812,0.905362,0.846262,0.007546,0.008685,0.024786,0.035353,0.050000,0,0,3,0,0
cat_face_bass,srd,nonorm4,1200,4269.934,0.097851,0.853098,0.881231,0.824966,17,0.00009766,1,0.027042,0.027611,0.026473,0.970049,0.970412,0.969686,0.876184,0.905562,0.846805,0.006797,0.006032,0.024108,0.033222,0.050000,0,0,3,0,0
cat_face_bass,srd,nonorm4,1225,4291.327,0.100056,0.851771,0.879330,0.824212,17,0.00006647,1,0.028435,0.028011,0.028860,0.968516,0.969944,0.967087,0.875980,0.903962,0.847998,0.006810,0.006514,0.024507,0.033319,0.050000,0,0,3,0,0
cat_face_bass,srd,nonorm4,1250,4430.158,0.102082,0.851719,0.878794,0.824645,17,0.00003014,1,0.029287,0.028411,0.030162,0.967617,0.969521,0.965713,0.876639,0.903762,0.849517,0.007020,0.006839,0.024659,0.033304,0.050000,0,0,3,0,0
cat_face_bass,srd,nonorm4,1275,4451.598,0.099138,0.851683,0.878151,0.825216,17,0.00002224,1,0.028548,0.027911,0.029185,0.968392,0.970006,0.966778,0.875981,0.902661,0.849300,0.006866,0.006273,0.024773,0.032807,0.050000,0,0,3,0,0
cat_face_bass,srd,nonorm4,1300,4590.288,0.097878,0.852807,0.878844,0.826769,17,0.00002128,2,0.029141,0.028011,0.030270,0.967805,0.969928,0.965683,0.877628,0.903461,0.851796,0.006705,0.006241,0.024544,0.032409,0.050000,0,0,3,0,0
cat_face_bass,srd,nonorm4,1325,4611.749,0.098887,0.853801,0.877239,0.830364,17,0.00002913,1,0.028344,0.027611,0.029077,0.968687,0.970281,0.967092,0.877984,0.901461,0.854508,0.006639,0.006568,0.024881,0.032142,0.050000,0,0,3,0,0
cat_face_bass,srd,nonorm4,1350,4748.793,0.098576,0.854264,0.878303,0.830224,17,0.00006556,1,0.027711,0.025910,0.029511,0.969337,0.972048,0.966626,0.877893,0.901060,0.854725,0.006430,0.006709,0.024683,0.032237,0.050000,0,0,3,0,0
cat_face_bass,srd,nonorm4,1375,4770.063,0.093304,0.859874,0.882812,0.836937,17,0.00007181,1,0.027377,0.026110,0.028643,0.969892,0.971984,0.967801,0.883386,0.905862,0.860909,0.006372,0.006002,0.023606,0.030514,0.050000,0,0,3,0,0
cat_face_bass,srd,nonorm4,1400,4907.714,0.096760,0.858910,0.881321,0.836498,17,0.00005909,0,0.027622,0.026711,0.028534,0.969613,0.971327,0.967899,0.882614,0.904862,0.860367,0.006542,0.006564,0.024009,0.031034,0.050000,0,0,3,0,0
cat_face_bass,srd,nonorm4,1425,4928.759,0.098901,0.860631,0.882216,0.839047,17,0.00004164,0,0.029027,0.029412,0.028643,0.968255,0.968630,0.967879,0.885621,0.908163,0.863079,0.007242,0.006589,0.023905,0.030632,0.050000,0,0,3,0,0
cat_face_bass,srd,nonorm4,1450,5067.063,0.092439,0.865955,0.888402,0.843509,17,0.00004386,0,0.026349,0.027311,0.025388,0.971215,0.970945,0.971484,0.888794,0.912665,0.864924,0.006743,0.005854,0.022603,0.029686,0.050000,0,0,3,0,0
cat_face_bass,srd,nonorm4,1475,5088.319,0.094550,0.864565,0.886006,0.843125,17,0.00003003,0,0.027183,0.029412,0.024954,0.970347,0.968760,0.971934,0.888114,0.912065,0.864164,0.007349,0.005670,0.023260,0.029693,0.050000,0,0,3,0,0
cat_face_bass,srd,nonorm4,1500,5224.669,0.093751,0.864814,0.887105,0.842523,17,0.00005692,0,0.026541,0.027911,0.025171,0.970992,0.970300,0.971683,0.887797,0.911865,0.863730,0.007058,0.005754,0.023121,0.029757,0.050000,0,0,3,0,0
cat_face_bass,srd,nonorm4,1525,5245.732,0.094175,0.863773,0.887483,0.840063,17,0.00003108,1,0.028444,0.027811,0.029077,0.968936,0.970413,0.967460,0.888327,0.912165,0.864490,0.006920,0.006032,0.022875,0.029930,0.050000,0,0,3,0,0
cat_face_bass,srd,nonorm4,1550,5383.667,0.096753,0.863565,0.885898,0.841233,17,0.00003648,0,0.028543,0.029312,0.027775,0.968866,0.968856,0.968875,0.888231,0.911865,0.864598,0.007217,0.006325,0.023245,0.030065,0.050000,0,0,3,0,0
cat_face_bass,srd,nonorm4,1575,5404.883,0.094850,0.865837,0.887841,0.843832,17,0.00003254,0,0.028760,0.029312,0.028209,0.968717,0.968922,0.968512,0.890751,0.913866,0.867636,0.007359,0.005945,0.022945,0.029203,0.050000,0,0,3,0,0
cat_face_bass,srd,nonorm4,1600,5541.815,0.093150,0.866768,0.888381,0.845155,17,0.00004051,0,0.028397,0.028912,0.027883,0.969121,0.969340,0.968901,0.891393,0.914066,0.868721,0.007152,0.005799,0.022757,0.028906,0.050000,0,0,3,0,0
cat_face_bass,srd,nonorm4,1625,5563.127,0.094465,0.867791,0.888997,0.846585,17,0.00005004,1,0.027680,0.029212,0.026147,0.969921,0.969061,0.970781,0.891843,0.914966,0.868721,0.007251,0.006042,0.022642,0.029109,0.050000,0,0,3,0,0
cat_face_bass,srd,nonorm4,1650,5697.180,0.093311,0.866893,0.887950,0.845836,17,0.00002399,0,0.027145,0.030312,0.023977,0.970496,0.967930,0.973062,0.890491,0.914866,0.866117,0.007384,0.005531,0.022814,0.029187,0.050000,0,0,3,0,0
cat_face_bass,srd,nonorm4,1675,5717.779,0.090778,0.870104,0.893257,0.846952,17,0.00006577,0,0.026587,0.028111,0.025062,0.971121,0.970299,0.971942,0.893273,0.918367,0.868178,0.006888,0.005679,0.021624,0.028917,0.050000,0,0,3,0,0
cat_face_bass,srd,nonorm4,1700,5853.858,0.091208,0.870050,0.892128,0.847971,17,0.00002172,0,0.026749,0.029412,0.024086,0.970990,0.968968,0.973012,0.893381,0.918367,0.868395,0.007119,0.005518,0.021988,0.028788,0.050000,0,0,3,0,0
cat_face_bass,srd,nonorm4,1725,5874.360,0.091249,0.870987,0.893779,0.848196,17,0.00002793,0,0.026558,0.027511,0.025605,0.971161,0.970915,0.971408,0.894141,0.918367,0.869914,0.006915,0.005808,0.021719,0.028752,0.050000,0,0,3,0,0
cat_face_bass,srd,nonorm4,1750,6007.211,0.094400,0.869792,0.892975,0.846608,17,0.00002596,0,0.028319,0.028211,0.028426,0.969287,0.970190,0.968384,0.894421,0.918167,0.870674,0.007021,0.006428,0.021873,0.029200,0.050000,0,0,3,0,0
cat_face_bass,srd,nonorm4,1775,6028.252,0.091676,0.869749,0.892979,0.846520,17,0.00003314,0,0.026512,0.027311,0.025713,0.971164,0.971090,0.971238,0.892827,0.917367,0.868287,0.006897,0.005844,0.021852,0.029024,0.050000,0,0,3,0,0
cat_face_bass,srd,nonorm4,1800,6164.470,0.096590,0.868925,0.892270,0.845579,17,0.00002972,0,0.029808,0.028912,0.030704,0.967719,0.969470,0.965969,0.894804,0.918067,0.871542,0.007231,0.006796,0.021941,0.029251,0.050000,0,0,3,0,0
cat_face_bass,srd,nonorm4,1825,6185.360,0.090936,0.872520,0.895008,0.850032,17,0.00002839,0,0.027346,0.028111,0.026581,0.970397,0.970356,0.970439,0.896397,0.920168,0.872627,0.006842,0.006014,0.021236,0.028355,0.050000,0,0,3,0,0
cat_face_bass,srd,nonorm4,1850,6318.256,0.094759,0.871104,0.896636,0.845571,17,0.00002486,1,0.028633,0.025910,0.031355,0.968949,0.972604,0.965294,0.895976,0.919868,0.872084,0.006600,0.007072,0.021121,0.029458,0.050000,0,0,3,0,0
cat_face_bass,srd,nonorm4,1875,6339.131,0.091995,0.872156,0.895689,0.848622,17,0.00006602,0,0.027943,0.028111,0.027775,0.969758,0.970377,0.969138,0.896531,0.920868,0.872193,0.006887,0.006219,0.021080,0.028662,0.050000,0,0,3,0,0
cat_face_bass,srd,nonorm4,1900,6477.618,0.085687,0.875203,0.898938,0.851467,17,0.00005303,0,0.025298,0.026511,0.024086,0.972597,0.972073,0.973120,0.897372,0.922769,0.871976,0.006538,0.005180,0.020414,0.027879,0.050000,0,0,3,0,0
cat_face_bass,srd,nonorm4,1925,6498.716,0.083637,0.875370,0.899435,0.851305,17,0.00004492,0,0.024426,0.026611,0.022242,0.973534,0.971988,0.975079,0.896805,0.923369,0.870240,0.006459,0.004716,0.020436,0.027761,0.050000,0,0,3,0,0
cat_face_bass,srd,nonorm4,1950,6636.966,0.084269,0.876283,0.900214,0.852351,17,0.00002798,0,0.024872,0.027611,0.022133,0.973121,0.971018,0.975225,0.898143,0.925070,0.871216,0.006718,0.004729,0.020240,0.027585,0.050000,0,0,3,0,0
cat_face_bass,srd,nonorm4,1975,6658.513,0.084411,0.876525,0.901481,0.851569,17,0.00004325,0,0.024969,0.026611,0.023326,0.972990,0.972050,0.973930,0.898452,0.925470,0.871433,0.006626,0.004893,0.020014,0.027669,0.050000,0,0,3,0,0
cat_face_bass,srd,nonorm4,2000,6798.232,0.084647,0.874663,0.900896,0.848430,17,0.00004793,0,0.027042,0.027611,0.026473,0.970769,0.971039,0.970499,0.898331,0.925770,0.870891,0.006618,0.004939,0.020022,0.027769,0.050000,0,0,3,0,0
cat_face_bass,srd,nonorm4,2025,6819.463,0.082644,0.876819,0.901766,0.851871,17,0.00002762,1,0.024364,0.025510,0.023218,0.973605,0.973155,0.974054,0.898210,0.924770,0.871650,0.006343,0.004772,0.019854,0.027491,0.050000,0,0,3,0,0
cat_face_bass,srd,nonorm4,2050,6950.223,0.083910,0.875757,0.902256,0.849258,16,0.00002684,0,0.024352,0.024510,0.024194,0.973553,0.974170,0.972937,0.897088,0.924370,0.869806,0.006138,0.005138,0.019843,0.028264,0.050000,0,0,4,0,0
cat_face_bass,srd,nonorm4,2075,6970.174,0.080737,0.880695,0.904400,0.856991,16,0.00002604,1,0.023713,0.025510,0.021916,0.974409,0.973231,0.975586,0.901622,0.927471,0.875773,0.006244,0.004690,0.019280,0.026674,0.050000,0,0,4,0,0
cat_face_bass,srd,nonorm4,2100,7097.751,0.084118,0.876841,0.901627,0.852055,16,0.00002576,1,0.026900,0.027111,0.026690,0.970976,0.971558,0.970394,0.900433,0.926070,0.874797,0.006445,0.005155,0.019827,0.027218,0.050000,0,0,4,0,0
cat_face_bass,srd,nonorm4,2125,7117.775,0.085489,0.878314,0.902688,0.853940,16,0.00002782,1,0.026416,0.027011,0.025822,0.971528,0.971689,0.971367,0.901530,0.927071,0.875990,0.006405,0.005588,0.019528,0.027465,0.050000,0,0,4,0,0
cat_face_bass,srd,nonorm4,2150,7245.050,0.085017,0.875855,0.903405,0.848306,16,0.00004453,1,0.026542,0.025310,0.027775,0.971264,0.973402,0.969127,0.899069,0.926271,0.871867,0.006241,0.005475,0.019514,0.028051,0.050000,0,0,4,0,0
cat_face_bass,srd,nonorm4,2175,7265.287,0.080180,0.880465,0.907234,0.853697,16,0.00004813,0,0.024507,0.023409,0.025605,0.973497,0.975407,0.971587,0.902014,0.928471,0.875556,0.005814,0.004993,0.018856,0.026968,0.050000,0,0,4,0,0
cat_face_bass,srd,nonorm4,2200,7393.434,0.080171,0.878962,0.908753,0.849170,16,0.00003612,1,0.024691,0.022909,0.026473,0.973236,0.975948,0.970524,0.900611,0.929572,0.871650,0.005531,0.005156,0.018476,0.027825,0.050000,0,0,4,0,0
cat_face_bass,srd,nonorm4,2225,7413.618,0.081757,0.879379,0.909651,0.849106,16,0.00003103,0,0.024574,0.023109,0.026039,0.973375,0.975771,0.970979,0.900944,0.930672,0.871216,0.005461,0.005637,0.018056,0.028368,0.050000,0,0,4,0,0
cat_face_bass,srd,nonorm4,2250,7540.079,0.084514,0.879578,0.911897,0.847259,16,0.00002596,1,0.025667,0.024210,0.027124,0.972254,0.974734,0.969774,0.902107,0.933974,0.870240,0.005954,0.005887,0.017812,0.028708,0.050000,0,0,4,0,0
cat_face_bass,srd,nonorm4,2275,7560.076,0.078229,0.882067,0.915689,0.848446,16,0.00001967,0,0.022905,0.022809,0.023001,0.975205,0.976225,0.974184,0.902268,0.936575,0.867961,0.005401,0.005031,0.016801,0.028376,0.050000,0,0,4,0,0
cat_face_bass,srd,nonorm4,2300,7689.845,0.077370,0.884051,0.919765,0.848337,16,0.00001946,0,0.023410,0.022409,0.024411,0.974701,0.976725,0.972678,0.904711,0.940376,0.869046,0.005581,0.004833,0.016181,0.028117,0.050000,0,0,4,0,0
cat_face_bass,srd,nonorm4,2325,7710.739,0.080891,0.883149,0.918246,0.848052,16,0.00000802,0,0.024419,0.024210,0.024628,0.973671,0.974904,0.972438,0.904707,0.940476,0.868938,0.005937,0.005288,0.016596,0.028375,0.050000,0,0,4,0,0
cat_face_bass,srd,nonorm4,2350,7841.630,0.080445,0.883280,0.918208,0.848353,16,0.00001034,0,0.023514,0.022509,0.024520,0.974575,0.976587,0.972563,0.904015,0.938876,0.869155,0.005643,0.005423,0.016595,0.028514,0.050000,0,0,4,0,0
cat_face_bass,srd,nonorm4,2375,7862.407,0.082470,0.881088,0.918439,0.843737,16,0.00002549,0,0.024738,0.020508,0.028968,0.973149,0.978588,0.967711,0.902727,0.937275,0.868178,0.005253,0.006189,0.016546,0.029300,0.050000,0,0,4,0,0
cat_face_bass,srd,nonorm4,2400,7994.272,0.081462,0.881824,0.916007,0.847642,16,0.00002836,0,0.024628,0.023109,0.026147,0.973376,0.975935,0.970816,0.903490,0.937175,0.869806,0.005503,0.005774,0.016677,0.028704,0.050000,0,0,4,0,0
cat_face_bass,srd,nonorm4,2425,8015.186,0.081462,0.880849,0.916446,0.845252,16,0.00003624,1,0.024216,0.021309,0.027124,0.973722,0.977741,0.969704,0.902076,0.935974,0.868178,0.005305,0.005810,0.016963,0.029061,0.050000,0,0,4,0,0
cat_face_bass,srd,nonorm4,2450,8145.386,0.079432,0.884546,0.915957,0.853134,16,0.00001930,0,0.023569,0.022509,0.024628,0.974564,0.976531,0.972598,0.905360,0.936575,0.874146,0.005615,0.005318,0.017037,0.027474,0.050000,0,0,4,0,0
cat_face_bass,srd,nonorm4,2475,8165.710,0.080981,0.884354,0.918307,0.850401,16,0.00001305,0,0.024487,0.021309,0.027666,0.973549,0.977785,0.969314,0.905902,0.937875,0.873929,0.005374,0.005975,0.016518,0.028057,0.050000,0,0,4,0,0
cat_face_bass,srd,nonorm4,2500,8294.425,0.081145,0.885873,0.919765,0.851981,16,0.00003266,1,0.024658,0.022409,0.026907,0.973444,0.976725,0.970164,0.907641,0.940376,0.874905,0.005662,0.005894,0.016119,0.027795,0.050000,0,0,4,0,0
cat_face_bass,srd,nonorm4,2525,8314.877,0.081690,0.885513,0.918803,0.852224,16,0.00002352,0,0.024866,0.022609,0.027124,0.973224,0.976502,0.969945,0.907457,0.939576,0.875339,0.005695,0.005913,0.016511,0.027807,0.050000,0,0,4,0,0
cat_face_bass,srd,nonorm4,2550,8443.984,0.082229,0.883584,0.918182,0.848987,16,0.00001430,0,0.025755,0.023409,0.028100,0.972252,0.975693,0.968810,0.906260,0.939676,0.872844,0.005696,0.005996,0.016367,0.028218,0.050000,0,0,4,0,0
cat_face_bass,srd,nonorm4,2575,8464.267,0.079912,0.884161,0.920407,0.847916,16,0.00004009,0,0.025550,0.023109,0.027992,0.972466,0.976047,0.968886,0.906663,0.941677,0.871650,0.005568,0.005586,0.015947,0.028198,0.050000,0,0,4,0,0
cat_face_bass,srd,nonorm4,2600,8592.690,0.082308,0.885212,0.920281,0.850143,16,0.00000949,1,0.025675,0.024010,0.027341,0.972401,0.975155,0.969646,0.907882,0.942377,0.873386,0.005876,0.005949,0.015970,0.028177,0.050000,0,0,4,0,0
dance_argument,srd,nonorm4,1,1.559,0.603376,0.185661,0.202669,0.168653,20,0.00000464,0,0.207620,0.262471,0.152769,0.526803,0.493627,0.559980,0.225141,0.255864,0.194418,0.035993,0.045387,0.122555,0.222337,0.050000,0,0,0,0,0
dance_argument,srd,nonorm4,25,27.119,0.374758,0.241093,0.275542,0.206644,20,0.00000000,0,0.080807,0.104229,0.057386,0.768420,0.744844,0.791995,0.261382,0.304262,0.218503,0.014169,0.016878,0.097397,0.194811,0.050000,0,0,0,0,0
dance_argument,srd,nonorm4,50,191.670,0.320873,0.335803,0.386794,0.284812,20,0.00000000,0,0.068296,0.090684,0.045909,0.844769,0.823074,0.866464,0.359878,0.421870,0.297887,0.011959,0.013497,0.081004,0.173698,0.050000,0,0,0,0,0
dance_argument,srd,nonorm4,75,217.061,0.278106,0.410103,0.446505,0.373701,20,0.00006742,0,0.057555,0.077635,0.037475,0.886465,0.861070,0.911861,0.434437,0.481169,0.387705,0.010438,0.011048,0.072237,0.150772,0.050000,0,0,0,0,0
dance_argument,srd,nonorm4,100,387.096,0.257234,0.457984,0.490664,0.425303,20,0.00006642,1,0.056468,0.079286,0.033649,0.899339,0.869778,0.928900,0.484591,0.529567,0.439614,0.010505,0.009907,0.066388,0.137727,0.050000,0,0,0,0,0
dance_argument,srd,nonorm4,125,413.614,0.233433,0.506545,0.524166,0.488923,20,0.00013361,4,0.054103,0.079947,0.028258,0.911514,0.876246,0.946782,0.534405,0.566072,0.502739,0.010603,0.008284,0.062027,0.121689,0.050000,0,0,0,0,0
dance_argument,srd,nonorm4,150,585.608,0.207822,0.556808,0.553552,0.560065,20,0.00023285,3,0.051551,0.081103,0.021998,0.921821,0.880651,0.962990,0.585416,0.598447,0.572385,0.010784,0.006342,0.058142,0.104086,0.050000,0,0,0,0,0
dance_argument,srd,nonorm4,175,612.210,0.191863,0.593656,0.583028,0.604284,20,0.00057851,3,0.050564,0.082260,0.018868,0.927467,0.884669,0.970266,0.623337,0.630988,0.615686,0.010890,0.005468,0.054051,0.093249,0.050000,0,0,0,0,0
dance_argument,srd,nonorm4,200,781.925,0.184698,0.621865,0.603015,0.640716,20,0.00069211,3,0.052759,0.084737,0.020781,0.927258,0.885312,0.969205,0.654072,0.654113,0.654030,0.011216,0.005898,0.051567,0.084660,0.050000,0,0,0,0,0
dance_argument,srd,nonorm4,225,808.347,0.174454,0.648744,0.628092,0.669397,20,0.00072313,3,0.050529,0.081929,0.019129,0.932566,0.892408,0.972725,0.680876,0.679551,0.682202,0.011138,0.005624,0.048506,0.077722,0.050000,0,0,0,0,0
dance_argument,srd,nonorm4,250,980.249,0.168922,0.669288,0.630914,0.707662,20,0.00095449,3,0.052950,0.085728,0.020172,0.930794,0.888770,0.972818,0.703469,0.685002,0.721937,0.011827,0.005708,0.048271,0.068536,0.050000,0,0,0,0,0
dance_argument,srd,nonorm4,275,1006.424,0.169422,0.680076,0.623108,0.737044,20,0.00116997,3,0.060340,0.102246,0.018433,0.923226,0.870421,0.976032,0.718725,0.686819,0.750630,0.013641,0.005399,0.049478,0.061697,0.050000,0,0,0,0,0
dance_argument,srd,nonorm4,300,1176.661,0.159583,0.695246,0.629967,0.760525,20,0.00117339,3,0.054728,0.089197,0.020259,0.929757,0.884960,0.974555,0.731045,0.686158,0.775933,0.012039,0.005919,0.048486,0.056085,0.050000,0,0,0,0,0
dance_argument,srd,nonorm4,325,1203.094,0.154730,0.704915,0.637970,0.771860,20,0.00093480,3,0.052168,0.084077,0.020259,0.933265,0.891610,0.974919,0.739553,0.691609,0.787497,0.011643,0.005941,0.047280,0.053581,0.050000,0,0,0,0,0
dance_argument,srd,nonorm4,350,1366.818,0.154413,0.715350,0.644729,0.785970,19,0.00053709,4,0.057832,0.096796,0.018868,0.928289,0.879597,0.976981,0.753968,0.707136,0.800800,0.013102,0.005504,0.046756,0.049974,0.050000,0,0,1,0,0
dance_argument,srd,nonorm4,375,1391.614,0.149855,0.724367,0.655063,0.793671,19,0.00026913,4,0.055367,0.091345,0.019390,0.931649,0.886704,0.976595,0.761980,0.714899,0.809060,0.012577,0.005622,0.045344,0.048158,0.050000,0,0,1,0,0
dance_argument,srd,nonorm4,400,1550.032,0.162844,0.720198,0.648584,0.791811,19,0.00018426,3,0.063992,0.102246,0.025737,0.922079,0.874874,0.969285,0.763545,0.714899,0.812190,0.013894,0.007422,0.046583,0.048947,0.050000,0,0,1,0,0
dance_argument,srd,nonorm4,425,1574.460,0.154436,0.734023,0.659607,0.808439,19,0.00015716,2,0.059049,0.091840,0.026259,0.928111,0.886900,0.969321,0.774926,0.720185,0.829667,0.012619,0.007798,0.044786,0.045017,0.050000,0,0,1,0,0
dance_argument,srd,nonorm4,450,1733.886,0.152773,0.730026,0.653163,0.806890,19,0.00018079,3,0.056741,0.088702,0.024780,0.929999,0.889095,0.970904,0.768992,0.711100,0.826885,0.012347,0.007308,0.045694,0.045293,0.050000,0,0,1,0,0
dance_argument,srd,nonorm4,475,1757.821,0.155179,0.727727,0.645670,0.809783,19,0.00014843,2,0.060431,0.098778,0.022085,0.925897,0.877785,0.974010,0.768558,0.709448,0.827667,0.013579,0.006608,0.046938,0.044618,0.050000,0,0,1,0,0
dance_argument,srd,nonorm4,500,1914.630,0.157117,0.727478,0.641809,0.813148,19,0.00012973,2,0.063405,0.103072,0.023737,0.922594,0.872912,0.972276,0.770206,0.707962,0.832449,0.014033,0.006809,0.047433,0.043676,0.050000,0,0,1,0,0
dance_argument,srd,nonorm4,525,1938.945,0.154461,0.729337,0.640066,0.818607,19,0.00015266,3,0.062357,0.103238,0.021476,0.923704,0.872449,0.974959,0.771166,0.706145,0.836188,0.013900,0.006458,0.047553,0.042522,0.050000,0,0,1,0,0
dance_argument,srd,nonorm4,550,2096.778,0.162203,0.721611,0.634368,0.808853,19,0.00013556,3,0.065839,0.106376,0.025302,0.919389,0.868383,0.970394,0.765585,0.701850,0.829319,0.014483,0.007248,0.048506,0.044690,0.050000,0,0,1,0,0
dance_argument,srd,nonorm4,575,2120.459,0.166083,0.717825,0.635702,0.799949,19,0.00014026,2,0.068317,0.111331,0.025302,0.916970,0.863866,0.970074,0.763332,0.706475,0.820190,0.014875,0.007409,0.048428,0.046862,0.050000,0,0,1,0,0
dance_argument,srd,nonorm4,600,2276.618,0.173897,0.712419,0.636216,0.788623,19,0.00010108,2,0.072286,0.117443,0.027128,0.912910,0.858225,0.967595,0.760476,0.710935,0.810017,0.015879,0.007824,0.048728,0.049604,0.050000,0,0,1,0,0
dance_argument,srd,nonorm4,625,2299.807,0.179404,0.707107,0.634304,0.779910,19,0.00010410,2,0.075620,0.122894,0.028345,0.909356,0.852848,0.965864,0.757137,0.712256,0.802017,0.016262,0.008357,0.048912,0.051867,0.050000,0,0,1,0,0
dance_argument,srd,nonorm4,650,2449.925,0.174923,0.709479,0.641048,0.777909,19,0.00012560,2,0.072164,0.115461,0.028867,0.913083,0.860979,0.965188,0.757715,0.715064,0.800365,0.015256,0.008343,0.047530,0.052338,0.050000,0,0,1,0,0
dance_argument,srd,nonorm4,675,2473.209,0.171885,0.713886,0.647550,0.780222,19,0.00010197,2,0.068339,0.108854,0.027824,0.917413,0.868358,0.966468,0.759984,0.718038,0.801930,0.014787,0.008237,0.046860,0.051947,0.050000,0,0,1,0,0
dance_argument,srd,nonorm4,700,2626.209,0.174703,0.718880,0.644539,0.793220,19,0.00008811,2,0.075376,0.122233,0.028519,0.910832,0.855441,0.966224,0.769583,0.723323,0.815842,0.016331,0.008137,0.047569,0.048606,0.050000,0,0,1,0,0
dance_argument,srd,nonorm4,725,2649.719,0.166630,0.720665,0.649569,0.791762,19,0.00004695,2,0.068456,0.111001,0.025911,0.917890,0.866693,0.969087,0.766974,0.721672,0.812277,0.014884,0.007568,0.046491,0.048810,0.050000,0,0,1,0,0
dance_argument,srd,nonorm4,750,2805.587,0.167566,0.725117,0.656143,0.794090,19,0.00009272,2,0.068069,0.109184,0.026954,0.918777,0.869548,0.968005,0.771639,0.727783,0.815494,0.014936,0.007998,0.045924,0.048454,0.050000,0,0,1,0,0
dance_argument,srd,nonorm4,775,2829.665,0.167553,0.730730,0.663439,0.798022,19,0.00008797,2,0.068560,0.108688,0.028432,0.918887,0.871258,0.966516,0.778129,0.735547,0.820711,0.014918,0.008496,0.044759,0.047685,0.050000,0,0,1,0,0
dance_argument,srd,nonorm4,800,2985.780,0.168871,0.729070,0.658190,0.799949,19,0.00011338,2,0.071725,0.117278,0.026172,0.915780,0.862456,0.969103,0.778133,0.735382,0.820885,0.015989,0.007689,0.045825,0.047007,0.050000,0,0,1,0,0
dance_argument,srd,nonorm4,825,3009.576,0.167872,0.737148,0.669620,0.804676,19,0.00011740,2,0.072477,0.118434,0.026519,0.916174,0.863455,0.968893,0.787471,0.748926,0.826015,0.016259,0.007775,0.044456,0.045845,0.050000,0,0,1,0,0
dance_argument,srd,nonorm4,850,3165.598,0.163827,0.740444,0.672080,0.808809,19,0.00014734,2,0.071686,0.118764,0.024607,0.917378,0.863593,0.971164,0.790305,0.751900,0.828711,0.016153,0.007149,0.043906,0.044801,0.050000,0,0,1,0,0
dance_argument,srd,nonorm4,875,3189.586,0.167812,0.737704,0.669506,0.805902,19,0.00008839,2,0.074967,0.124546,0.025389,0.914125,0.858057,0.970192,0.789627,0.752891,0.826363,0.016625,0.007503,0.044214,0.045662,0.050000,0,0,1,0,0
dance_argument,srd,nonorm4,900,3339.916,0.158537,0.746553,0.680148,0.812957,18,0.00012527,2,0.068829,0.114965,0.022694,0.920893,0.868356,0.973430,0.794874,0.758342,0.831406,0.015704,0.006682,0.042705,0.043806,0.050000,0,0,2,0,0
dance_argument,srd,nonorm4,925,3362.873,0.165610,0.742152,0.672751,0.811552,18,0.00018298,2,0.074337,0.122068,0.026606,0.914928,0.860802,0.969053,0.794009,0.754873,0.833145,0.016426,0.007575,0.043836,0.044030,0.050000,0,0,2,0,0
dance_argument,srd,nonorm4,950,3510.091,0.160847,0.747730,0.682945,0.812516,18,0.00012500,1,0.069799,0.112818,0.026780,0.919820,0.870742,0.968898,0.797134,0.759993,0.834275,0.015377,0.007759,0.042243,0.043832,0.050000,0,0,2,0,0
dance_argument,srd,nonorm4,975,3533.000,0.162201,0.750903,0.684102,0.817704,18,0.00012699,1,0.071707,0.117939,0.025476,0.918453,0.866392,0.970514,0.801660,0.764784,0.838536,0.016163,0.007579,0.042340,0.042819,0.050000,0,0,2,0,0
dance_argument,srd,nonorm4,1000,3680.130,0.164535,0.749959,0.680012,0.819907,18,0.00012348,1,0.074333,0.122233,0.026432,0.915744,0.861940,0.969548,0.802355,0.763132,0.841579,0.016528,0.007860,0.042804,0.042365,0.050000,0,0,2,0,0
dance_argument,srd,nonorm4,1025,3703.033,0.160984,0.753843,0.688258,0.819428,18,0.00011656,1,0.072255,0.116947,0.027563,0.918131,0.867960,0.968303,0.805381,0.768748,0.842014,0.015532,0.008233,0.041263,0.042459,0.050000,0,0,2,0,0
dance_argument,srd,nonorm4,1050,3850.941,0.164822,0.752096,0.685403,0.818790,18,0.00011445,3,0.074933,0.122564,0.027302,0.915577,0.862593,0.968562,0.805276,0.769409,0.841144,0.016710,0.007906,0.042209,0.042376,0.050000,0,0,2,0,0
dance_argument,srd,nonorm4,1075,3874.076,0.162791,0.756375,0.689848,0.822902,18,0.00014391,3,0.073842,0.121077,0.026606,0.917051,0.864635,0.969467,0.809085,0.773373,0.844796,0.016517,0.007866,0.041621,0.041615,0.050000,0,0,2,0,0
dance_argument,srd,nonorm4,1100,4025.544,0.162912,0.753706,0.687814,0.819599,18,0.00015070,3,0.073098,0.119590,0.026606,0.917463,0.865577,0.969348,0.805737,0.770069,0.841405,0.016278,0.007911,0.041764,0.042379,0.050000,0,0,2,0,0
dance_argument,srd,nonorm4,1125,4049.197,0.169458,0.754004,0.686763,0.821245,18,0.00014808,3,0.076376,0.120581,0.032171,0.913987,0.864539,0.963435,0.808620,0.769574,0.847665,0.016584,0.009480,0.042018,0.041900,0.050000,0,0,2,0,0
dance_argument,srd,nonorm4,1150,4199.406,0.154612,0.756235,0.690990,0.821480,18,0.00014449,2,0.067460,0.109184,0.025737,0.922834,0.875307,0.970361,0.804529,0.766435,0.842622,0.014619,0.007664,0.040667,0.041881,0.050000,0,0,2,0,0
dance_argument,srd,nonorm4,1175,4222.959,0.155552,0.760096,0.690501,0.829692,18,0.00011970,2,0.068930,0.111166,0.026693,0.921532,0.873449,0.969616,0.809550,0.767261,0.851839,0.015220,0.007709,0.041286,0.039742,0.050000,0,0,2,0,0
dance_argument,srd,nonorm4,1200,4375.754,0.151839,0.760687,0.691152,0.830221,18,0.00011871,2,0.067547,0.110836,0.024259,0.923056,0.873848,0.972264,0.809059,0.767757,0.850361,0.015117,0.006933,0.041018,0.039399,0.050000,0,0,2,0,0
dance_argument,srd,nonorm4,1225,4399.502,0.152286,0.763605,0.694230,0.832980,18,0.00012423,3,0.067856,0.110671,0.025041,0.922996,0.874485,0.971508,0.812450,0.771060,0.853839,0.015234,0.007145,0.040712,0.038882,0.050000,0,0,2,0,0
dance_argument,srd,nonorm4,1250,4551.013,0.149851,0.762387,0.687927,0.836846,18,0.00013927,3,0.067108,0.111001,0.023215,0.923394,0.873184,0.973604,0.810281,0.764288,0.856273,0.015165,0.006619,0.041426,0.037834,0.050000,0,0,2,0,0
dance_argument,srd,nonorm4,1275,4574.590,0.142322,0.767202,0.691325,0.843079,18,0.00012576,2,0.063821,0.111992,0.015651,0.927447,0.872843,0.982050,0.812511,0.768748,0.856273,0.015405,0.004757,0.041022,0.036368,0.050000,0,0,2,0,0
dance_argument,srd,nonorm4,1300,4720.881,0.142925,0.765007,0.692399,0.837616,17,0.00010647,2,0.062861,0.110505,0.015216,0.928382,0.874343,0.982421,0.809637,0.768913,0.850361,0.015313,0.004671,0.041082,0.037705,0.050000,0,0,3,0,0
dance_argument,srd,nonorm4,1325,4743.574,0.142157,0.767386,0.697073,0.837699,17,0.00009003,1,0.063782,0.111827,0.015738,0.927873,0.873906,0.981840,0.812954,0.775025,0.850883,0.015235,0.004749,0.040285,0.037661,0.050000,0,0,3,0,0
dance_argument,srd,nonorm4,1350,4888.299,0.142932,0.766010,0.698259,0.833760,17,0.00011440,1,0.064522,0.110175,0.018868,0.926916,0.875560,0.978272,0.812341,0.775190,0.849491,0.014596,0.005506,0.039705,0.038612,0.050000,0,0,3,0,0
dance_argument,srd,nonorm4,1375,4910.777,0.141100,0.770421,0.702948,0.837893,17,0.00019359,1,0.063152,0.109349,0.016955,0.928755,0.877020,0.980490,0.815957,0.779815,0.852100,0.015105,0.004794,0.039691,0.037341,0.050000,0,0,3,0,0
dance_argument,srd,nonorm4,1400,5056.532,0.140650,0.770701,0.701859,0.839544,17,0.00015000,1,0.062896,0.110836,0.014955,0.929143,0.875533,0.982752,0.815875,0.779650,0.852100,0.015135,0.004682,0.039585,0.037307,0.050000,0,0,3,0,0
dance_argument,srd,nonorm4,1425,5079.088,0.140317,0.773210,0.706853,0.839566,17,0.00013960,1,0.064756,0.111166,0.018346,0.927503,0.876013,0.978992,0.820200,0.785431,0.854969,0.014779,0.005249,0.038544,0.037147,0.050000,0,0,3,0,0
dance_argument,srd,nonorm4,1450,5223.134,0.144829,0.775326,0.708951,0.841701,17,0.00017491,2,0.067317,0.114635,0.019998,0.925274,0.873311,0.977237,0.824378,0.790221,0.858534,0.015685,0.005668,0.038805,0.036567,0.050000,0,0,3,0,0
dance_argument,srd,nonorm4,1475,5245.385,0.147341,0.774634,0.707777,0.841491,17,0.00014390,1,0.067186,0.112983,0.021389,0.925141,0.874564,0.975718,0.823617,0.787744,0.859490,0.015483,0.006453,0.039019,0.036840,0.050000,0,0,3,0,0
dance_argument,srd,nonorm4,1500,5389.629,0.147464,0.773910,0.705969,0.841850,17,0.00016220,1,0.068043,0.115130,0.020955,0.924307,0.872414,0.976200,0.823369,0.787248,0.859490,0.015700,0.006246,0.039114,0.036824,0.050000,0,0,3,0,0
dance_argument,srd,nonorm4,1525,5411.872,0.145737,0.772177,0.702675,0.841679,17,0.00016836,1,0.066308,0.111662,0.020955,0.925563,0.874931,0.976195,0.820227,0.781136,0.859317,0.015273,0.006084,0.039592,0.036781,0.050000,0,0,3,0,0
dance_argument,srd,nonorm4,1550,5555.184,0.146200,0.778459,0.709121,0.847796,17,0.00014227,1,0.066087,0.110175,0.021998,0.926236,0.877232,0.975240,0.826847,0.787248,0.866446,0.015295,0.006651,0.038960,0.035591,0.050000,0,0,3,0,0
dance_argument,srd,nonorm4,1575,5577.698,0.141217,0.778220,0.705716,0.850725,17,0.00010485,1,0.064795,0.109680,0.019911,0.927359,0.877151,0.977567,0.825391,0.783119,0.867664,0.015080,0.005692,0.039165,0.034576,0.050000,0,0,3,0,0
dance_argument,srd,nonorm4,1600,5714.625,0.140673,0.780278,0.705585,0.854971,16,0.00002862,1,0.064995,0.111992,0.017998,0.927416,0.875092,0.979740,0.827482,0.784605,0.870359,0.015437,0.005372,0.039355,0.033689,0.050000,0,0,4,0,0
dance_argument,srd,nonorm4,1625,5736.116,0.145835,0.775813,0.699101,0.852526,16,0.00004149,1,0.068729,0.120416,0.017042,0.923738,0.866752,0.980724,0.825169,0.783284,0.867055,0.016684,0.005169,0.040567,0.034027,0.050000,0,0,4,0,0
dance_argument,srd,nonorm4,1650,5872.640,0.139257,0.782320,0.704077,0.860563,16,0.00002711,1,0.065591,0.114139,0.017042,0.926939,0.872978,0.980900,0.829834,0.784440,0.875228,0.015564,0.005144,0.039493,0.032383,0.050000,0,0,4,0,0
dance_argument,srd,nonorm4,1675,5894.143,0.138979,0.778792,0.702707,0.854877,16,0.00006489,1,0.065204,0.110671,0.019737,0.926836,0.875811,0.977860,0.826113,0.780476,0.871750,0.015143,0.005340,0.039479,0.032961,0.050000,0,0,4,0,0
dance_argument,srd,nonorm4,1700,6028.997,0.141709,0.778705,0.700267,0.857143,16,0.00002768,1,0.066891,0.114305,0.019477,0.925214,0.872230,0.978197,0.827074,0.780311,0.873837,0.015448,0.005710,0.039803,0.033000,0.050000,0,0,4,0,0
dance_argument,srd,nonorm4,1725,6050.070,0.139617,0.782853,0.704623,0.861083,16,0.00005556,1,0.064756,0.111166,0.018346,0.927588,0.875670,0.979507,0.829917,0.782953,0.876880,0.015315,0.005575,0.039354,0.032175,0.050000,0,0,4,0,0
dance_argument,srd,nonorm4,1750,6184.162,0.137046,0.782812,0.703560,0.862063,16,0.00003977,1,0.063122,0.108854,0.017390,0.929056,0.877555,0.980558,0.828600,0.780145,0.877054,0.014988,0.005266,0.039346,0.031877,0.050000,0,0,4,0,0
dance_argument,srd,nonorm4,1775,6205.215,0.136550,0.781905,0.702438,0.861373,16,0.00004312,1,0.063708,0.111331,0.016086,0.928569,0.875185,0.981953,0.827935,0.780641,0.875228,0.015320,0.004706,0.039566,0.032019,0.050000,0,0,4,0,0
dance_argument,srd,nonorm4,1800,6338.150,0.143398,0.780564,0.703303,0.857824,16,0.00003609,1,0.068216,0.115130,0.021302,0.924127,0.871993,0.976262,0.830186,0.784275,0.876098,0.015791,0.005949,0.039629,0.032715,0.050000,0,0,4,0,0
dance_argument,srd,nonorm4,1825,6359.158,0.139183,0.782989,0.708494,0.857485,16,0.00005366,1,0.066056,0.116287,0.015825,0.926985,0.871814,0.982157,0.830968,0.790882,0.871055,0.015945,0.004761,0.038912,0.032868,0.050000,0,0,4,0,0
dance_argument,srd,nonorm4,1850,6490.685,0.140023,0.784493,0.708666,0.860320,16,0.00003075,1,0.066734,0.116947,0.016520,0.926366,0.871273,0.981460,0.833038,0.791543,0.874533,0.016125,0.004969,0.038966,0.032216,0.050000,0,0,4,0,0
dance_argument,srd,nonorm4,1875,6511.616,0.137120,0.787262,0.712975,0.861549,16,0.00002910,1,0.065660,0.116452,0.014868,0.927827,0.872375,0.983280,0.835181,0.796003,0.874359,0.016027,0.004458,0.038501,0.031891,0.050000,0,0,4,0,0
dance_argument,srd,nonorm4,1900,6641.287,0.146411,0.782497,0.703367,0.861627,16,0.00003704,1,0.072437,0.128180,0.016694,0.921116,0.860932,0.981299,0.834768,0.793525,0.876011,0.017749,0.004908,0.040191,0.031833,0.050000,0,0,4,0,0
dance_argument,srd,nonorm4,1925,6662.212,0.145696,0.784298,0.705831,0.862765,16,0.00004451,1,0.073293,0.130327,0.016259,0.920688,0.859584,0.981793,0.837306,0.797820,0.876793,0.017837,0.004766,0.039829,0.031609,0.050000,0,0,4,0,0
dance_argument,srd,nonorm4,1950,6793.949,0.151103,0.781908,0.706673,0.857143,16,0.00003850,1,0.076006,0.131318,0.020694,0.917905,0.858917,0.976893,0.837176,0.799471,0.874880,0.018079,0.005732,0.039762,0.032856,0.050000,0,0,4,0,0
dance_argument,srd,nonorm4,1975,6814.792,0.155418,0.775039,0.698622,0.851456,16,0.00002944,1,0.078414,0.138916,0.017911,0.915557,0.851361,0.979752,0.831190,0.795672,0.866707,0.018957,0.005370,0.040901,0.034457,0.050000,0,0,4,0,0
dance_argument,srd,nonorm4,2000,6945.725,0.150988,0.777133,0.698742,0.855523,16,0.00003210,1,0.074793,0.129501,0.020085,0.918273,0.859044,0.977503,0.830968,0.789230,0.872707,0.017749,0.005682,0.040715,0.033301,0.050000,0,0,4,0,0
dance_argument,srd,nonorm4,2025,6966.584,0.151416,0.777221,0.696361,0.858082,16,0.00003681,1,0.076827,0.134787,0.018868,0.916580,0.854286,0.978875,0.832247,0.790221,0.874272,0.018580,0.005043,0.041300,0.032421,0.050000,0,0,4,0,0
dance_argument,srd,nonorm4,2050,7097.333,0.158880,0.772238,0.691138,0.853338,16,0.00002401,1,0.079627,0.140733,0.018520,0.913835,0.848533,0.979136,0.828773,0.788404,0.869142,0.019554,0.005455,0.042571,0.033910,0.050000,0,0,4,0,0
dance_argument,srd,nonorm4,2075,7118.381,0.157827,0.773132,0.694312,0.851953,16,0.00005440,1,0.079222,0.141229,0.017216,0.914624,0.848726,0.980521,0.829494,0.792369,0.866620,0.019511,0.005238,0.041940,0.034386,0.050000,0,0,4,0,0
dance_argument,srd,nonorm4,2100,7251.826,0.163230,0.766617,0.682380,0.850855,16,0.00003261,1,0.083313,0.149323,0.017303,0.910229,0.840057,0.980402,0.824926,0.784275,0.865577,0.020509,0.005210,0.043815,0.034649,0.050000,0,0,4,0,0
dance_argument,srd,nonorm4,2125,7272.667,0.147577,0.777003,0.709313,0.844693,16,0.00004903,1,0.070620,0.124546,0.016694,0.922939,0.864947,0.980932,0.828225,0.797654,0.858795,0.017186,0.004964,0.039244,0.036092,0.050000,0,0,4,0,0
dance_argument,srd,nonorm4,2150,7403.889,0.141159,0.782967,0.714116,0.851817,16,0.00006571,1,0.065999,0.115130,0.016868,0.927292,0.873686,0.980898,0.831259,0.796333,0.866186,0.015985,0.005020,0.038414,0.034359,0.050000,0,0,4,0,0
dance_argument,srd,nonorm4,2175,7424.818,0.142273,0.782368,0.714244,0.850492,16,0.00006683,1,0.067547,0.119095,0.015999,0.926073,0.870324,0.981822,0.831703,0.799306,0.864099,0.016424,0.004774,0.038420,0.034817,0.050000,0,0,4,0,0
horse_circle,srd,nonorm4,1,1.522,0.611466,0.160325,0.164391,0.156260,20,0.00000000,0,0.076435,0.089658,0.063212,0.695411,0.666436,0.724387,0.172633,0.179129,0.166137,0.024560,0.027614,0.196223,0.274487,0.050000,0,0,0,0,0
horse_circle,srd,nonorm4,25,27.309,0.424532,0.264338,0.276670,0.252006,20,0.00000000,0,0.029242,0.035714,0.022769,0.904004,0.889177,0.918830,0.272148,0.286551,0.257744,0.009557,0.009683,0.160962,0.233781,0.050000,0,0,0,0,0
horse_circle,srd,nonorm4,50,199.754,0.341699,0.404137,0.386924,0.421349,20,0.00004267,0,0.023458,0.025670,0.021247,0.946097,0.939247,0.952946,0.413579,0.396856,0.430302,0.007035,0.009051,0.134863,0.180427,0.050000,0,0,0,0,0
horse_circle,srd,nonorm4,75,226.454,0.271584,0.522817,0.491013,0.554621,20,0.00000000,0,0.020021,0.024554,0.015488,0.963350,0.953464,0.973236,0.533140,0.503069,0.563212,0.006745,0.006437,0.111412,0.137619,0.050000,0,0,0,0,0
horse_circle,srd,nonorm4,100,400.724,0.222798,0.611925,0.595412,0.628439,20,0.00007634,1,0.017242,0.021577,0.012907,0.972934,0.965741,0.980126,0.622405,0.608259,0.636550,0.005956,0.005363,0.087703,0.114514,0.050000,0,0,0,0,0
horse_circle,srd,nonorm4,125,427.813,0.196497,0.670333,0.657591,0.683074,20,0.00097182,1,0.018042,0.024833,0.011252,0.974216,0.964462,0.983971,0.682340,0.673921,0.690760,0.006682,0.004850,0.073953,0.097493,0.050000,0,0,0,0,0
horse_circle,srd,nonorm4,150,597.331,0.180067,0.696949,0.674092,0.719805,19,0.00128705,3,0.017173,0.027065,0.007281,0.976218,0.962379,0.990058,0.708691,0.692336,0.725046,0.007497,0.003178,0.070680,0.085694,0.050000,0,0,1,0,0
horse_circle,srd,nonorm4,175,622.807,0.167284,0.707503,0.676273,0.738733,19,0.00061142,3,0.014544,0.023065,0.006023,0.979849,0.967738,0.991960,0.717527,0.691871,0.743182,0.006364,0.002621,0.069774,0.079685,0.050000,0,0,1,0,0
horse_circle,srd,nonorm4,200,784.714,0.163860,0.726493,0.684239,0.768746,19,0.00036437,1,0.017430,0.026786,0.008075,0.976481,0.963275,0.989687,0.738760,0.702567,0.774954,0.007283,0.003490,0.068088,0.070605,0.050000,0,0,1,0,0
horse_circle,srd,nonorm4,225,810.397,0.155822,0.738955,0.692886,0.785024,19,0.00021767,3,0.017174,0.027530,0.006818,0.977110,0.962772,0.991448,0.751168,0.711961,0.790376,0.007570,0.002711,0.066433,0.065410,0.050000,0,0,1,0,0
horse_circle,srd,nonorm4,250,977.291,0.146982,0.742162,0.699264,0.785060,19,0.00001760,2,0.014088,0.023344,0.004832,0.981160,0.968408,0.993912,0.752221,0.715588,0.788854,0.006336,0.001973,0.064676,0.065391,0.050000,0,0,1,0,0
horse_circle,srd,nonorm4,275,1003.092,0.145702,0.749139,0.710996,0.787283,19,0.00000966,1,0.014191,0.021763,0.006619,0.981315,0.970914,0.991717,0.759482,0.726469,0.792494,0.005729,0.003046,0.061780,0.065004,0.050000,0,0,1,0,0
horse_circle,srd,nonorm4,300,1164.365,0.141160,0.756063,0.713244,0.798883,19,0.00000253,0,0.013725,0.020368,0.007082,0.982024,0.972775,0.991274,0.766156,0.727772,0.804541,0.005523,0.003039,0.061327,0.061265,0.050000,0,0,1,0,0
horse_circle,srd,nonorm4,325,1189.136,0.141023,0.765376,0.718932,0.811819,19,0.00001470,0,0.014984,0.020833,0.009134,0.980685,0.972397,0.988973,0.776572,0.733910,0.819235,0.005822,0.003906,0.060302,0.057464,0.050000,0,0,1,0,0
horse_circle,srd,nonorm4,350,1349.238,0.137432,0.774798,0.722066,0.827530,19,0.00001702,0,0.016030,0.024647,0.007413,0.979474,0.967762,0.991186,0.786763,0.739862,0.833664,0.006716,0.003383,0.059666,0.052628,0.050000,0,0,1,0,0
horse_circle,srd,nonorm4,375,1374.187,0.134275,0.779928,0.729963,0.829894,19,0.00000800,1,0.015831,0.024647,0.007016,0.979887,0.968099,0.991675,0.791835,0.747954,0.835716,0.006748,0.003099,0.058027,0.051773,0.050000,0,0,1,0,0
horse_circle,srd,nonorm4,400,1538.088,0.130465,0.782866,0.735206,0.830526,19,0.00001542,0,0.014624,0.023158,0.006089,0.981449,0.970133,0.992765,0.793908,0.752232,0.835584,0.006470,0.002702,0.056709,0.051550,0.050000,0,0,1,0,0
horse_circle,srd,nonorm4,425,1563.704,0.129347,0.786834,0.741287,0.832381,19,0.00001136,1,0.015092,0.022042,0.008141,0.981060,0.971728,0.990391,0.798392,0.757626,0.839158,0.006072,0.003363,0.055235,0.050736,0.050000,0,0,1,0,0
horse_circle,srd,nonorm4,450,1726.234,0.128160,0.791824,0.739902,0.843746,19,0.00000939,1,0.015463,0.022321,0.008605,0.980663,0.971336,0.989990,0.803712,0.756417,0.851006,0.006216,0.003637,0.055545,0.047435,0.050000,0,0,1,0,0
horse_circle,srd,nonorm4,475,1751.794,0.125612,0.793712,0.738866,0.848558,19,0.00003323,2,0.015564,0.023251,0.007877,0.980519,0.970164,0.990874,0.805644,0.756045,0.855242,0.006261,0.003250,0.055685,0.045814,0.050000,0,0,1,0,0
horse_circle,srd,nonorm4,500,1916.741,0.121736,0.803584,0.749705,0.857462,19,0.00001497,1,0.015701,0.025577,0.005825,0.980549,0.967806,0.993292,0.815669,0.768880,0.862457,0.006998,0.002621,0.053553,0.043219,0.050000,0,0,1,0,0
horse_circle,srd,nonorm4,525,1942.520,0.116424,0.810353,0.756541,0.864166,19,0.00001352,1,0.014784,0.023810,0.005759,0.981798,0.970177,0.993418,0.821848,0.774554,0.869142,0.006556,0.002538,0.051830,0.041142,0.050000,0,0,1,0,0
horse_circle,srd,nonorm4,550,2107.672,0.116451,0.817198,0.751877,0.882519,19,0.00002079,1,0.017499,0.028181,0.006818,0.978607,0.964829,0.992386,0.830801,0.773065,0.888536,0.007626,0.002672,0.053024,0.035157,0.050000,0,0,1,0,0
horse_circle,srd,nonorm4,575,2133.865,0.112882,0.829045,0.757052,0.901038,19,0.00003085,1,0.017963,0.028646,0.007281,0.978281,0.964520,0.992042,0.843169,0.778739,0.907599,0.007975,0.002954,0.052215,0.029469,0.050000,0,0,1,0,0
horse_circle,srd,nonorm4,600,2299.427,0.108935,0.835178,0.755108,0.915249,19,0.00001805,1,0.018156,0.028832,0.007479,0.978085,0.964216,0.991954,0.849486,0.776879,0.922094,0.007782,0.003130,0.052402,0.024976,0.050000,0,0,1,0,0
horse_circle,srd,nonorm4,625,2325.511,0.108340,0.838976,0.757770,0.920181,19,0.00001785,1,0.018468,0.029390,0.007546,0.977809,0.963691,0.991927,0.853583,0.780041,0.927125,0.007938,0.003246,0.051838,0.023790,0.050000,0,0,1,0,0
horse_circle,srd,nonorm4,650,2479.934,0.108900,0.842631,0.759102,0.926160,18,0.00001271,0,0.019770,0.031994,0.007546,0.976370,0.960762,0.991979,0.858269,0.783389,0.933148,0.008492,0.003365,0.051534,0.022031,0.050000,0,0,2,0,0
horse_circle,srd,nonorm4,675,2503.530,0.109581,0.841746,0.757931,0.925561,18,0.00000925,1,0.020167,0.031994,0.008340,0.975923,0.960704,0.991143,0.857730,0.782180,0.933280,0.008580,0.003402,0.051851,0.021973,0.050000,0,0,2,0,0
horse_circle,srd,nonorm4,700,2646.521,0.107218,0.845441,0.762996,0.927887,17,0.00001245,1,0.019158,0.030506,0.007810,0.977184,0.962651,0.991717,0.860703,0.786272,0.935134,0.008296,0.003410,0.050915,0.021382,0.050000,0,0,3,0,0
horse_circle,srd,nonorm4,725,2668.844,0.109149,0.846146,0.763782,0.928510,17,0.00002427,1,0.019529,0.030785,0.008274,0.976805,0.962369,0.991240,0.861744,0.787295,0.936193,0.008650,0.003605,0.050948,0.021289,0.050000,0,0,3,0,0
horse_circle,srd,nonorm4,750,2811.463,0.108172,0.844860,0.762984,0.926735,17,0.00004935,1,0.019402,0.029669,0.009134,0.976968,0.963609,0.990327,0.860411,0.785621,0.935200,0.008380,0.003532,0.051097,0.021406,0.050000,0,0,3,0,0
horse_circle,srd,nonorm4,775,2833.865,0.109490,0.846297,0.762480,0.930115,17,0.00013162,1,0.019962,0.032180,0.007744,0.976262,0.960718,0.991806,0.862167,0.787016,0.937318,0.008909,0.003516,0.051134,0.020721,0.050000,0,0,3,0,0
horse_circle,srd,nonorm4,800,2975.971,0.110571,0.845443,0.761716,0.929171,17,0.00010067,1,0.020630,0.031994,0.009267,0.975553,0.960891,0.990215,0.861934,0.786086,0.937781,0.008863,0.003844,0.051152,0.020796,0.050000,0,0,3,0,0
horse_circle,srd,nonorm4,825,2998.295,0.109521,0.846143,0.763720,0.928567,17,0.00020278,1,0.020578,0.032087,0.009068,0.975650,0.960884,0.990415,0.862606,0.788225,0.936987,0.008878,0.003590,0.050824,0.020834,0.050000,0,0,3,0,0
horse_circle,srd,nonorm4,850,3141.026,0.107664,0.847033,0.761892,0.932173,17,0.00019230,1,0.020221,0.032366,0.008075,0.975978,0.960477,0.991480,0.863126,0.786551,0.939701,0.008942,0.003219,0.051099,0.019732,0.050000,0,0,3,0,0
horse_circle,srd,nonorm4,875,3163.344,0.107227,0.847547,0.760068,0.935026,17,0.00026190,1,0.020542,0.034598,0.006487,0.975506,0.957857,0.993155,0.863728,0.786365,0.941091,0.009197,0.002883,0.051408,0.019211,0.050000,0,0,3,0,0
horse_circle,srd,nonorm4,900,3306.644,0.106265,0.848644,0.762209,0.935079,17,0.00027547,1,0.020211,0.034133,0.006288,0.975928,0.958494,0.993362,0.864592,0.788225,0.940958,0.009191,0.002733,0.051039,0.019123,0.050000,0,0,3,0,0
horse_circle,srd,nonorm4,925,3329.229,0.103873,0.849682,0.762020,0.937344,17,0.00023391,1,0.019755,0.034877,0.004633,0.976375,0.957646,0.995104,0.865142,0.788597,0.941687,0.009325,0.002117,0.051014,0.018452,0.050000,0,0,3,0,0
horse_circle,srd,nonorm4,950,3473.112,0.101412,0.851671,0.764743,0.938599,17,0.00025275,1,0.018858,0.033017,0.004699,0.977462,0.959882,0.995041,0.866501,0.789993,0.943010,0.009135,0.001875,0.050595,0.017846,0.050000,0,0,3,0,0
horse_circle,srd,nonorm4,975,3495.652,0.102667,0.849921,0.762590,0.937253,17,0.00031615,1,0.019231,0.034226,0.004236,0.976964,0.958409,0.995519,0.864957,0.788690,0.941223,0.009360,0.001746,0.051065,0.018339,0.050000,0,0,3,0,0
horse_circle,srd,nonorm4,1000,3637.782,0.099179,0.851326,0.764563,0.938089,17,0.00035951,1,0.017671,0.031436,0.003905,0.978768,0.961665,0.995870,0.865175,0.788597,0.941753,0.008711,0.001591,0.050518,0.018194,0.050000,0,0,3,0,0
horse_circle,srd,nonorm4,1025,3660.240,0.099094,0.851449,0.764144,0.938754,17,0.00028423,1,0.017639,0.032366,0.002912,0.978753,0.960589,0.996916,0.865182,0.788876,0.941488,0.008843,0.001459,0.050555,0.018120,0.050000,0,0,3,0,0
horse_circle,srd,nonorm4,1050,3803.757,0.098704,0.851651,0.763269,0.940032,17,0.00033597,1,0.017698,0.032087,0.003310,0.978683,0.960862,0.996503,0.865452,0.787760,0.943143,0.008763,0.001477,0.050768,0.017682,0.050000,0,0,3,0,0
horse_circle,srd,nonorm4,1075,3826.390,0.098201,0.851646,0.763514,0.939778,17,0.00027936,1,0.017374,0.032366,0.002383,0.979017,0.960558,0.997477,0.865121,0.788225,0.942017,0.008922,0.001192,0.050720,0.017719,0.050000,0,0,3,0,0
horse_circle,srd,nonorm4,1100,3969.963,0.097666,0.850730,0.762928,0.938532,17,0.00031100,1,0.016557,0.030599,0.002515,0.979938,0.962541,0.997334,0.863582,0.786272,0.940892,0.008571,0.001234,0.050923,0.018134,0.050000,0,0,3,0,0
horse_circle,srd,nonorm4,1125,3991.948,0.097125,0.852025,0.765040,0.939010,17,0.00028440,1,0.016968,0.031157,0.002780,0.979531,0.962005,0.997056,0.865248,0.788876,0.941620,0.008573,0.001302,0.050339,0.017859,0.050000,0,0,3,0,0
horse_circle,srd,nonorm4,1150,4132.697,0.095536,0.851817,0.764796,0.938838,17,0.00026204,1,0.016498,0.030878,0.002118,0.980033,0.962311,0.997754,0.864619,0.788411,0.940826,0.008434,0.000992,0.050321,0.017924,0.050000,0,0,3,0,0
horse_circle,srd,nonorm4,1175,4154.653,0.096471,0.852450,0.766291,0.938610,17,0.00024903,1,0.017307,0.031901,0.002714,0.979173,0.961221,0.997125,0.865947,0.790737,0.941157,0.008501,0.001285,0.049842,0.018012,0.050000,0,0,3,0,0
horse_circle,srd,nonorm4,1200,4296.288,0.096943,0.854990,0.766670,0.943310,17,0.00022326,1,0.017681,0.033575,0.001787,0.978732,0.959351,0.998112,0.868703,0.792411,0.944996,0.009270,0.000951,0.050067,0.016587,0.050000,0,0,3,0,0
horse_circle,srd,nonorm4,1225,4318.157,0.094567,0.855474,0.769182,0.941767,17,0.00022480,1,0.016418,0.030320,0.002515,0.980247,0.963151,0.997343,0.868320,0.792504,0.944136,0.008621,0.000996,0.049556,0.016877,0.050000,0,0,3,0,0
horse_circle,srd,nonorm4,1250,4460.344,0.091778,0.856527,0.768056,0.944998,17,0.00021376,1,0.015687,0.028925,0.002449,0.981056,0.964691,0.997421,0.868792,0.790272,0.947313,0.008183,0.000896,0.049649,0.015846,0.050000,0,0,3,0,0
horse_circle,srd,nonorm4,1275,4482.332,0.092045,0.857391,0.770705,0.944078,17,0.00021809,1,0.015581,0.028646,0.002515,0.981238,0.965127,0.997350,0.869617,0.792783,0.946452,0.008053,0.001169,0.048953,0.016262,0.050000,0,0,3,0,0
horse_circle,srd,nonorm4,1300,4624.084,0.089914,0.857274,0.772789,0.941760,17,0.00021273,1,0.014347,0.027437,0.001258,0.982633,0.966599,0.998668,0.868468,0.793992,0.942944,0.007765,0.000767,0.048557,0.017055,0.050000,0,0,3,0,0
horse_circle,srd,nonorm4,1325,4646.032,0.089664,0.855579,0.773481,0.937678,17,0.00022939,1,0.014201,0.026879,0.001522,0.982824,0.967267,0.998382,0.866688,0.794271,0.939105,0.007336,0.000881,0.048188,0.018393,0.050000,0,0,3,0,0
horse_circle,srd,nonorm4,1350,4787.674,0.089026,0.855412,0.773556,0.937269,17,0.00022108,1,0.013450,0.025577,0.001324,0.983680,0.968768,0.998591,0.865925,0.793341,0.938509,0.007298,0.000718,0.048308,0.018374,0.050000,0,0,3,0,0
horse_circle,srd,nonorm4,1375,4809.636,0.088803,0.856122,0.774518,0.937727,17,0.00023238,1,0.014691,0.027065,0.002317,0.982319,0.967096,0.997541,0.867690,0.795480,0.939899,0.007279,0.000860,0.047847,0.018086,0.050000,0,0,3,0,0
horse_circle,srd,nonorm4,1400,4950.446,0.089925,0.855963,0.774141,0.937785,17,0.00023782,1,0.013973,0.025763,0.002184,0.983129,0.968576,0.997681,0.866959,0.794085,0.939833,0.007285,0.001059,0.048221,0.018135,0.050000,0,0,3,0,0
horse_circle,srd,nonorm4,1425,4972.365,0.087671,0.858341,0.776901,0.939781,17,0.00023450,1,0.013218,0.025112,0.001324,0.984014,0.969433,0.998595,0.868717,0.796410,0.941025,0.007217,0.000738,0.047747,0.017664,0.050000,0,0,3,0,0
horse_circle,srd,nonorm4,1450,5113.978,0.088436,0.857831,0.775873,0.939788,17,0.00023306,1,0.013423,0.025391,0.001456,0.983764,0.969072,0.998455,0.868365,0.795573,0.941157,0.007288,0.000825,0.047965,0.017663,0.050000,0,0,3,0,0
horse_circle,srd,nonorm4,1475,5135.899,0.088771,0.857299,0.775892,0.938705,17,0.00024291,1,0.013382,0.024647,0.002118,0.983842,0.969931,0.997753,0.867854,0.795015,0.940694,0.007115,0.001042,0.047832,0.017983,0.050000,0,0,3,0,0
horse_circle,srd,nonorm4,1500,5277.316,0.088333,0.857053,0.775268,0.938838,17,0.00023234,1,0.013615,0.025112,0.002118,0.983562,0.969370,0.997754,0.867781,0.794736,0.940826,0.007255,0.000783,0.048070,0.017749,0.050000,0,0,3,0,0
horse_circle,srd,nonorm4,1525,5299.330,0.087237,0.858535,0.777294,0.939777,17,0.00022411,1,0.013045,0.024833,0.001258,0.984217,0.969769,0.998665,0.868777,0.796596,0.940958,0.007138,0.000757,0.047558,0.017619,0.050000,0,0,3,0,0
horse_circle,srd,nonorm4,1550,5441.777,0.087787,0.858581,0.777536,0.939626,17,0.00022737,1,0.013582,0.025112,0.002052,0.983641,0.969457,0.997825,0.869308,0.797061,0.941554,0.007230,0.000809,0.047623,0.017586,0.050000,0,0,3,0,0
horse_circle,srd,nonorm4,1575,5463.835,0.088113,0.858515,0.777536,0.939494,17,0.00018170,1,0.013582,0.025112,0.002052,0.983641,0.969457,0.997825,0.869241,0.797061,0.941422,0.007247,0.000872,0.047607,0.017677,0.050000,0,0,3,0,0
horse_circle,srd,nonorm4,1600,5606.559,0.088826,0.858637,0.778362,0.938913,17,0.00017730,1,0.013803,0.026414,0.001191,0.983365,0.967996,0.998734,0.869476,0.798921,0.940032,0.007569,0.000697,0.047533,0.017963,0.050000,0,0,3,0,0
horse_circle,srd,nonorm4,1625,5628.876,0.088123,0.858204,0.777959,0.938449,17,0.00016194,1,0.013821,0.025391,0.002250,0.983383,0.969153,0.997613,0.869137,0.797712,0.940561,0.007253,0.000862,0.047515,0.017814,0.050000,0,0,3,0,0
horse_circle,srd,nonorm4,1650,5771.805,0.088331,0.858444,0.778504,0.938383,17,0.00017232,1,0.013402,0.024554,0.002250,0.983874,0.970136,0.997613,0.869057,0.797619,0.940495,0.007100,0.001063,0.047456,0.017903,0.050000,0,0,3,0,0
horse_circle,srd,nonorm4,1675,5793.825,0.087525,0.858972,0.779110,0.938833,17,0.00018817,1,0.013024,0.023996,0.002052,0.984312,0.970801,0.997824,0.869282,0.797805,0.940760,0.006987,0.001008,0.047271,0.017851,0.050000,0,0,3,0,0
horse_circle,srd,nonorm4,1700,5937.011,0.085954,0.857393,0.778132,0.936654,17,0.00019278,1,0.012233,0.022414,0.002052,0.985208,0.972598,0.997819,0.867074,0.795573,0.938576,0.006630,0.000781,0.047391,0.018319,0.050000,0,0,3,0,0
horse_circle,srd,nonorm4,1725,5959.302,0.087672,0.858072,0.778020,0.938124,17,0.00019069,1,0.013045,0.024833,0.001258,0.984230,0.969796,0.998663,0.868322,0.797340,0.939304,0.007213,0.000714,0.047518,0.018040,0.050000,0,0,3,0,0
horse_circle,srd,nonorm4,1750,6102.614,0.088206,0.859462,0.779128,0.939796,17,0.00025890,1,0.013676,0.025763,0.001589,0.983543,0.968771,0.998315,0.870245,0.799200,0.941289,0.007407,0.000819,0.047309,0.017591,0.050000,0,0,3,0,0
horse_circle,srd,nonorm4,1775,6124.731,0.091539,0.860343,0.782003,0.938684,17,0.00047960,1,0.015095,0.027344,0.002846,0.982035,0.967085,0.996986,0.872370,0.803385,0.941356,0.007816,0.001388,0.046724,0.017794,0.050000,0,0,3,0,0
horse_circle,srd,nonorm4,1800,6266.219,0.088680,0.862601,0.786860,0.938342,17,0.00070812,1,0.014484,0.026321,0.002648,0.982815,0.968436,0.997194,0.874198,0.807571,0.940826,0.007455,0.001187,0.045519,0.017897,0.050000,0,0,3,0,0
horse_circle,srd,nonorm4,1825,6288.214,0.087965,0.862529,0.785423,0.939634,17,0.00083121,1,0.014066,0.025949,0.002184,0.983244,0.968802,0.997686,0.873745,0.805804,0.941687,0.007498,0.000921,0.045953,0.017464,0.050000,0,0,3,0,0
horse_circle,srd,nonorm4,1850,6430.411,0.087671,0.862806,0.785986,0.939626,17,0.00082698,1,0.014047,0.026042,0.002052,0.983272,0.968719,0.997825,0.874004,0.806455,0.941554,0.007558,0.000810,0.045801,0.017495,0.050000,0,0,3,0,0
horse_circle,srd,nonorm4,1875,6452.497,0.085570,0.864949,0.788915,0.940982,17,0.00079960,1,0.013410,0.025298,0.001522,0.984030,0.969673,0.998387,0.875644,0.808873,0.942415,0.007269,0.000797,0.044953,0.017240,0.050000,0,0,3,0,0
horse_circle,srd,nonorm4,1900,6595.497,0.089345,0.865733,0.789055,0.942412,17,0.00085470,1,0.015216,0.028181,0.002250,0.982027,0.966430,0.997623,0.877912,0.811291,0.944533,0.008096,0.001070,0.045149,0.016795,0.050000,0,0,3,0,0
horse_circle,srd,nonorm4,1925,6617.730,0.088688,0.865759,0.789626,0.941891,17,0.00088273,1,0.014910,0.027437,0.002383,0.982385,0.967288,0.997483,0.877713,0.811291,0.944136,0.007928,0.001025,0.045147,0.016897,0.050000,0,0,3,0,0
horse_circle,srd,nonorm4,1950,6761.153,0.088244,0.864939,0.787882,0.941996,17,0.00087507,1,0.014399,0.026879,0.001920,0.982908,0.967846,0.997970,0.876432,0.809059,0.943805,0.007829,0.000936,0.045426,0.016883,0.050000,0,0,3,0,0
horse_circle,srd,nonorm4,1975,6783.260,0.086766,0.865348,0.788653,0.942043,17,0.00075860,1,0.013908,0.026228,0.001589,0.983465,0.968611,0.998319,0.876439,0.809338,0.943540,0.007603,0.000822,0.045206,0.016911,0.050000,0,0,3,0,0
horse_circle,srd,nonorm4,2000,6924.277,0.090601,0.865890,0.787805,0.943975,17,0.00068939,1,0.015715,0.029576,0.001853,0.981432,0.964819,0.998044,0.878415,0.811105,0.945724,0.008547,0.001006,0.045528,0.016394,0.050000,0,0,3,0,0
horse_circle,srd,nonorm4,2025,6946.449,0.091109,0.863568,0.786075,0.941060,17,0.00067306,1,0.016397,0.029948,0.002846,0.980661,0.964329,0.996993,0.876678,0.809617,0.943738,0.008392,0.001104,0.045713,0.017010,0.050000,0,0,3,0,0
horse_circle,srd,nonorm4,2050,7087.934,0.091420,0.867235,0.791294,0.943176,17,0.00069597,1,0.016384,0.029855,0.002912,0.980795,0.964659,0.996931,0.880420,0.814918,0.945923,0.008506,0.001379,0.044860,0.016635,0.050000,0,0,3,0,0
horse_circle,srd,nonorm4,2075,7109.806,0.091613,0.864996,0.787455,0.942536,17,0.00073570,1,0.016312,0.030506,0.002118,0.980766,0.963769,0.997763,0.878005,0.811477,0.944533,0.008741,0.000962,0.045687,0.016724,0.050000,0,0,3,0,0
horse_circle,srd,nonorm4,2100,7250.999,0.091948,0.865450,0.789711,0.941188,17,0.00072625,1,0.016643,0.030506,0.002780,0.980466,0.963869,0.997063,0.878803,0.813802,0.943805,0.008659,0.001208,0.045016,0.017116,0.050000,0,0,3,0,0
horse_circle,srd,nonorm4,2125,7273.170,0.090632,0.865797,0.790282,0.941312,17,0.00075018,1,0.016205,0.029762,0.002648,0.980961,0.964719,0.997203,0.878803,0.813802,0.943805,0.008497,0.001066,0.044909,0.016959,0.050000,0,0,3,0,0
horse_circle,srd,nonorm4,2150,7415.588,0.090035,0.865997,0.789407,0.942587,17,0.00070520,1,0.015436,0.029018,0.001853,0.981775,0.965510,0.998041,0.878324,0.812314,0.944334,0.008467,0.000935,0.045124,0.016758,0.050000,0,0,3,0,0
horse_circle,srd,nonorm4,2175,7437.765,0.091595,0.865586,0.789046,0.942125,17,0.00071591,1,0.016319,0.030785,0.001853,0.980785,0.963530,0.998040,0.878604,0.813337,0.943871,0.008812,0.000943,0.045348,0.016847,0.050000,0,0,3,0,0
acm_scf,srd,nonorm4,1,1.526,0.631303,0.188224,0.149064,0.227384,20,0.00000000,0,0.210938,0.093549,0.328327,0.557260,0.635369,0.479150,0.232525,0.163009,0.302041,0.034341,0.045862,0.254435,0.126200,0.050000,0,0,0,0,0
acm_scf,srd,nonorm4,25,26.670,0.417905,0.203441,0.156666,0.250215,20,0.00000000,0,0.084978,0.031996,0.137959,0.754208,0.834796,0.673619,0.223207,0.161679,0.284735,0.011391,0.019001,0.238004,0.104768,0.050000,0,0,0,0,0
acm_scf,srd,nonorm4,50,185.860,0.386057,0.232478,0.191338,0.273618,20,0.00000000,0,0.070877,0.025345,0.116408,0.804831,0.885590,0.724071,0.250828,0.196187,0.305469,0.009347,0.016150,0.227272,0.099693,0.050000,0,0,0,0,0
acm_scf,srd,nonorm4,75,211.574,0.355254,0.260609,0.207602,0.313617,20,0.00000328,1,0.055061,0.022611,0.087510,0.849776,0.903743,0.795810,0.276679,0.212296,0.341061,0.008141,0.012105,0.222014,0.091726,0.050000,0,0,0,0,0
acm_scf,srd,nonorm4,100,375.544,0.334525,0.291616,0.231254,0.351978,20,0.00000586,0,0.048506,0.019951,0.077061,0.876538,0.922010,0.831067,0.307485,0.235868,0.379102,0.007025,0.010758,0.214609,0.085947,0.050000,0,0,0,0,0
acm_scf,srd,nonorm4,125,401.208,0.319493,0.327183,0.257014,0.397352,20,0.00001525,0,0.046014,0.019212,0.072816,0.892887,0.931669,0.854105,0.344119,0.261952,0.426286,0.006947,0.010082,0.207382,0.079483,0.050000,0,0,0,0,0
acm_scf,srd,nonorm4,150,566.820,0.308649,0.354891,0.278540,0.431241,20,0.00001697,0,0.046313,0.018178,0.074449,0.900666,0.939765,0.861566,0.373475,0.283603,0.463347,0.006688,0.010087,0.201146,0.074683,0.050000,0,0,0,0,0
acm_scf,srd,nonorm4,175,593.098,0.296255,0.383989,0.306509,0.461468,20,0.00000726,1,0.045163,0.018326,0.072000,0.908746,0.944544,0.872947,0.403410,0.312126,0.494694,0.006508,0.009827,0.193282,0.070543,0.050000,0,0,0,0,0
acm_scf,srd,nonorm4,200,762.965,0.293428,0.414210,0.337382,0.491038,20,0.00000000,1,0.053043,0.022168,0.083918,0.901703,0.939601,0.863805,0.438553,0.344861,0.532245,0.007363,0.011152,0.184877,0.067095,0.050000,0,0,0,0,0
acm_scf,srd,nonorm4,225,789.219,0.293260,0.445821,0.361442,0.530199,20,0.00000000,0,0.060040,0.022611,0.097469,0.899438,0.942351,0.856525,0.475746,0.369615,0.581878,0.007927,0.013258,0.178327,0.062776,0.050000,0,0,0,0,0
acm_scf,srd,nonorm4,250,955.685,0.289370,0.464397,0.367876,0.560918,20,0.00000000,0,0.064973,0.020395,0.109551,0.899396,0.948469,0.850323,0.498873,0.375379,0.622367,0.006817,0.014807,0.175990,0.059036,0.050000,0,0,0,0,0
acm_scf,srd,nonorm4,275,981.978,0.277032,0.478056,0.373928,0.582185,20,0.00000000,0,0.059236,0.016922,0.101551,0.910346,0.957395,0.863297,0.510781,0.380256,0.641306,0.005792,0.013801,0.173717,0.055727,0.050000,0,0,0,0,0
acm_scf,srd,nonorm4,300,1148.624,0.285833,0.482368,0.387366,0.577371,20,0.00000000,0,0.069582,0.016552,0.122612,0.900292,0.959661,0.840924,0.520971,0.393778,0.648163,0.005575,0.016931,0.169903,0.057663,0.050000,0,0,0,0,0
acm_scf,srd,nonorm4,325,1174.426,0.291177,0.474422,0.375318,0.573525,20,0.00000000,0,0.069850,0.016109,0.123592,0.899273,0.959472,0.839073,0.512886,0.381364,0.644408,0.005520,0.017341,0.173410,0.058677,0.050000,0,0,0,0,0
acm_scf,srd,nonorm4,350,1336.365,0.290756,0.475624,0.371337,0.579910,20,0.00000000,0,0.070496,0.016257,0.124735,0.899082,0.958701,0.839462,0.514809,0.377374,0.652245,0.005371,0.017389,0.174326,0.057693,0.050000,0,0,0,0,0
acm_scf,srd,nonorm4,375,1361.849,0.286614,0.480171,0.381119,0.579223,20,0.00000000,0,0.069042,0.015961,0.122122,0.901119,0.960411,0.841827,0.518580,0.387202,0.649959,0.005466,0.016900,0.171527,0.057470,0.050000,0,0,0,0,0
acm_scf,srd,nonorm4,400,1519.003,0.296672,0.482876,0.389593,0.576159,20,0.00000000,0,0.076848,0.019656,0.134041,0.891314,0.952854,0.829774,0.525319,0.397251,0.653388,0.006837,0.018509,0.169831,0.058420,0.050000,0,0,0,0,0
acm_scf,srd,nonorm4,425,1543.417,0.301025,0.487323,0.395251,0.579394,20,0.00000000,0,0.080052,0.023941,0.136163,0.886377,0.944148,0.828607,0.531500,0.404714,0.658286,0.008145,0.018799,0.168502,0.058194,0.050000,0,0,0,0,0
acm_scf,srd,nonorm4,450,1704.202,0.296536,0.491815,0.397617,0.586013,20,0.00000000,0,0.077835,0.023424,0.132245,0.889691,0.945570,0.833812,0.535221,0.406931,0.663510,0.008039,0.018110,0.168051,0.056835,0.050000,0,0,0,0,0
acm_scf,srd,nonorm4,475,1729.107,0.291758,0.493521,0.403468,0.583573,20,0.00000000,0,0.075767,0.018473,0.133061,0.894728,0.956978,0.832477,0.536073,0.410921,0.661224,0.006694,0.018497,0.166066,0.057347,0.050000,0,0,0,0,0
acm_scf,srd,nonorm4,500,1891.529,0.279444,0.510060,0.423499,0.596620,20,0.00000000,0,0.074018,0.017587,0.130449,0.899361,0.960791,0.837931,0.552698,0.430947,0.674449,0.005706,0.018093,0.159836,0.055462,0.050000,0,0,0,0,0
acm_scf,srd,nonorm4,525,1916.649,0.277336,0.524670,0.437012,0.612328,20,0.00000000,0,0.073756,0.021799,0.125714,0.899604,0.953455,0.845753,0.567922,0.446538,0.689306,0.007561,0.017079,0.156990,0.052601,0.050000,0,0,0,0,0
acm_scf,srd,nonorm4,550,2076.000,0.283587,0.538667,0.457268,0.620067,20,0.00000000,0,0.079099,0.028892,0.129306,0.893134,0.942143,0.844125,0.585362,0.470480,0.700245,0.010037,0.017765,0.152087,0.051804,0.050000,0,0,0,0,0
acm_scf,srd,nonorm4,575,2100.756,0.269468,0.545948,0.458802,0.633094,20,0.00000000,0,0.076288,0.017882,0.134694,0.902613,0.963121,0.842105,0.592687,0.467007,0.718367,0.006126,0.018596,0.150194,0.050326,0.050000,0,0,0,0,0
acm_scf,srd,nonorm4,600,2260.480,0.263023,0.560140,0.464016,0.656263,20,0.00000000,0,0.075831,0.016478,0.135184,0.906327,0.966243,0.846411,0.608321,0.471662,0.744980,0.005392,0.018764,0.148275,0.047353,0.050000,0,0,0,0,0
acm_scf,srd,nonorm4,625,2284.668,0.265770,0.565147,0.476125,0.654170,20,0.00000000,0,0.081779,0.018252,0.145306,0.900640,0.963719,0.837562,0.617020,0.484815,0.749224,0.006033,0.019622,0.145269,0.047413,0.050000,0,0,0,0,0
acm_scf,srd,nonorm4,650,2433.452,0.262388,0.566702,0.478128,0.655276,19,0.00000000,0,0.077032,0.016922,0.137143,0.905464,0.966368,0.844560,0.615681,0.486219,0.745143,0.005924,0.018937,0.144781,0.047315,0.050000,0,0,1,0,0
acm_scf,srd,nonorm4,675,2456.639,0.267044,0.574550,0.494075,0.655024,19,0.00000000,0,0.081628,0.022685,0.140571,0.899337,0.957033,0.841641,0.626193,0.505283,0.747102,0.007962,0.019135,0.141057,0.047273,0.050000,0,0,1,0,0
acm_scf,srd,nonorm4,700,2603.357,0.277611,0.580004,0.499282,0.660727,19,0.00000000,0,0.086878,0.028449,0.145306,0.893209,0.947505,0.838914,0.635110,0.513486,0.756735,0.010096,0.020217,0.140311,0.046894,0.050000,0,0,1,0,0
acm_scf,srd,nonorm4,725,2626.543,0.277869,0.575371,0.493282,0.657460,19,0.00000000,0,0.087575,0.028375,0.146776,0.892038,0.947027,0.837049,0.630619,0.507279,0.753959,0.010095,0.019850,0.142057,0.046904,0.050000,0,0,1,0,0
acm_scf,srd,nonorm4,750,2767.744,0.267072,0.581125,0.488474,0.673775,18,0.00000000,0,0.079425,0.025789,0.133061,0.901314,0.951052,0.851575,0.632250,0.501071,0.763429,0.009048,0.018278,0.142989,0.044455,0.050000,0,0,2,0,0
acm_scf,srd,nonorm4,775,2789.609,0.257160,0.584380,0.493025,0.675735,18,0.00000000,0,0.072301,0.022316,0.122286,0.909372,0.957602,0.861142,0.631197,0.504027,0.758367,0.008009,0.017048,0.141478,0.044026,0.050000,0,0,2,0,0
acm_scf,srd,nonorm4,800,2930.899,0.252106,0.592550,0.507370,0.677729,18,0.00000000,0,0.072159,0.022685,0.121633,0.910087,0.958112,0.862063,0.639522,0.518880,0.760163,0.007888,0.016898,0.137309,0.043664,0.050000,0,0,2,0,0
acm_scf,srd,nonorm4,825,2953.151,0.242175,0.596708,0.507228,0.686188,18,0.00000000,0,0.063195,0.022390,0.104000,0.918950,0.958612,0.879287,0.638068,0.518584,0.757551,0.007958,0.014438,0.137642,0.041857,0.050000,0,0,2,0,0
acm_scf,srd,nonorm4,850,3095.983,0.250048,0.588694,0.500541,0.676846,17,0.00000000,0,0.068192,0.024385,0.112000,0.912535,0.954602,0.870468,0.632700,0.512747,0.752653,0.008652,0.015152,0.139543,0.043072,0.050000,0,0,3,0,0
acm_scf,srd,nonorm4,875,3117.474,0.253892,0.587929,0.499387,0.676471,17,0.00000000,0,0.067738,0.025272,0.110204,0.912501,0.952964,0.872038,0.631514,0.512008,0.751020,0.009080,0.015505,0.140086,0.043674,0.050000,0,0,3,0,0
acm_scf,srd,nonorm4,900,3252.717,0.251355,0.592578,0.508836,0.676320,17,0.00001299,0,0.070315,0.024385,0.116245,0.910938,0.955309,0.866567,0.638092,0.521244,0.754939,0.008668,0.015961,0.137333,0.043425,0.050000,0,0,3,0,0
acm_scf,srd,nonorm4,925,3273.573,0.250222,0.594602,0.505518,0.683685,17,0.00001750,0,0.068601,0.024385,0.112816,0.912947,0.955029,0.870865,0.639331,0.517845,0.760816,0.008578,0.015730,0.138159,0.042620,0.050000,0,0,3,0,0
acm_scf,srd,nonorm4,950,3406.450,0.248030,0.600689,0.517972,0.683407,17,0.00000104,0,0.068850,0.025863,0.111837,0.912643,0.953587,0.871699,0.645602,0.531368,0.759837,0.009076,0.015482,0.134885,0.042472,0.050000,0,0,3,0,0
acm_scf,srd,nonorm4,975,3427.007,0.251814,0.602456,0.519021,0.685891,17,0.00002865,0,0.069599,0.029483,0.109714,0.910861,0.947706,0.874016,0.647733,0.534324,0.761143,0.010484,0.015172,0.134974,0.042172,0.050000,0,0,3,0,0
acm_scf,srd,nonorm4,1000,3564.039,0.252364,0.599415,0.524344,0.674487,17,0.00000000,0,0.070479,0.027488,0.113469,0.910100,0.951455,0.868744,0.644889,0.538757,0.751020,0.010037,0.015743,0.133467,0.043816,0.050000,0,0,3,0,0
acm_scf,srd,nonorm4,1025,3584.628,0.253298,0.600640,0.525449,0.675830,17,0.00000000,0,0.072215,0.027858,0.116571,0.908571,0.950950,0.866192,0.647350,0.540087,0.754612,0.010005,0.016127,0.133104,0.043810,0.050000,0,0,3,0,0
acm_scf,srd,nonorm4,1050,3722.117,0.246572,0.603336,0.530628,0.676044,17,0.00000000,0,0.069816,0.025345,0.114286,0.911881,0.955489,0.868272,0.648692,0.544077,0.753306,0.009036,0.015772,0.131157,0.043581,0.050000,0,0,3,0,0
acm_scf,srd,nonorm4,1075,3743.020,0.241741,0.609320,0.530631,0.688008,17,0.00000005,0,0.065309,0.026454,0.104163,0.916549,0.953681,0.879418,0.652171,0.544669,0.759673,0.009438,0.014480,0.131221,0.041711,0.050000,0,0,3,0,0
acm_scf,srd,nonorm4,1100,3875.354,0.233339,0.612126,0.535642,0.688609,16,0.00000144,0,0.063918,0.024163,0.103673,0.918887,0.957812,0.879962,0.654292,0.548585,0.760000,0.008362,0.013827,0.129454,0.041055,0.050000,0,0,4,0,0
acm_scf,srd,nonorm4,1125,3895.613,0.245325,0.608301,0.541210,0.675393,16,0.00000000,0,0.073240,0.023868,0.122612,0.909752,0.958706,0.860797,0.656166,0.554127,0.758204,0.008485,0.016750,0.127842,0.043800,0.050000,0,0,4,0,0
acm_scf,srd,nonorm4,1150,4023.435,0.234039,0.615457,0.549776,0.681138,15,0.00000000,0,0.067249,0.021355,0.113143,0.916757,0.963362,0.870152,0.659860,0.561516,0.758204,0.007426,0.015604,0.125227,0.042695,0.050000,0,0,5,0,0
acm_scf,srd,nonorm4,1175,4042.814,0.223131,0.622043,0.553851,0.690235,15,0.00000000,0,0.058864,0.020912,0.096816,0.925475,0.964335,0.886616,0.661247,0.565433,0.757061,0.007140,0.013564,0.123930,0.041177,0.050000,0,0,5,0,0
acm_scf,srd,nonorm4,1200,4167.383,0.221467,0.626826,0.562201,0.691451,15,0.00000000,0,0.059684,0.019286,0.100082,0.925583,0.967440,0.883725,0.666848,0.573044,0.760653,0.007061,0.013762,0.121876,0.040908,0.050000,0,0,5,0,0
acm_scf,srd,nonorm4,1225,4186.706,0.233729,0.625506,0.564369,0.686644,15,0.00000000,0,0.067225,0.025715,0.108735,0.916246,0.957468,0.875023,0.670094,0.578881,0.761306,0.009104,0.014962,0.121492,0.041941,0.050000,0,0,5,0,0
acm_scf,srd,nonorm4,1250,4309.784,0.217478,0.630962,0.569319,0.692605,15,0.00000000,0,0.060059,0.020690,0.099429,0.925062,0.965619,0.884506,0.671284,0.581098,0.761469,0.006977,0.013442,0.119506,0.040462,0.050000,0,0,5,0,0
acm_scf,srd,nonorm4,1275,4328.972,0.224582,0.632196,0.576506,0.687886,15,0.00000000,0,0.065721,0.020912,0.110531,0.919644,0.965689,0.873600,0.676240,0.588561,0.763918,0.007333,0.015199,0.117629,0.041779,0.050000,0,0,5,0,0
acm_scf,srd,nonorm4,1300,4453.082,0.214085,0.641948,0.584268,0.699629,15,0.00000000,0,0.060363,0.021134,0.099592,0.925585,0.965789,0.885381,0.682961,0.596616,0.769306,0.007203,0.013491,0.115428,0.039667,0.050000,0,0,5,0,0
acm_scf,srd,nonorm4,1325,4472.244,0.211646,0.645969,0.586593,0.705345,15,0.00000000,0,0.056161,0.021872,0.090449,0.929786,0.964795,0.894777,0.684283,0.599424,0.769143,0.007666,0.012679,0.114922,0.038858,0.050000,0,0,5,0,0
acm_scf,srd,nonorm4,1350,4597.675,0.219426,0.644469,0.590357,0.698582,15,0.00000000,0,0.063611,0.022242,0.104980,0.922369,0.964454,0.880283,0.687703,0.603488,0.771918,0.007851,0.014558,0.113975,0.040198,0.050000,0,0,5,0,0
acm_scf,srd,nonorm4,1375,4617.022,0.220213,0.642838,0.591441,0.694236,15,0.00000000,0,0.064835,0.022242,0.107429,0.920958,0.964517,0.877399,0.686706,0.604596,0.768816,0.007820,0.014769,0.113593,0.040730,0.050000,0,0,5,0,0
acm_scf,srd,nonorm4,1400,4734.586,0.218354,0.644405,0.591287,0.697524,14,0.00000000,0,0.064363,0.021134,0.107592,0.921971,0.966182,0.877759,0.688177,0.603783,0.772571,0.007332,0.014864,0.113524,0.040307,0.050000,0,0,6,0,0
acm_scf,srd,nonorm4,1425,4752.537,0.216627,0.645024,0.593298,0.696750,14,0.00000000,0,0.063109,0.020912,0.105306,0.923168,0.966627,0.879709,0.687914,0.605705,0.770122,0.007478,0.014366,0.112995,0.040328,0.050000,0,0,6,0,0
acm_scf,srd,nonorm4,1450,4867.944,0.215246,0.649153,0.598320,0.699985,14,0.00000000,0,0.063206,0.020616,0.105796,0.923548,0.967342,0.879755,0.692348,0.610655,0.774041,0.007253,0.014648,0.111552,0.040008,0.050000,0,0,6,0,0
acm_scf,srd,nonorm4,1475,4886.113,0.210881,0.653124,0.602214,0.704035,14,0.00000000,0,0.058893,0.021134,0.096653,0.927759,0.966775,0.888743,0.693511,0.614941,0.772082,0.007604,0.013497,0.110640,0.039268,0.050000,0,0,6,0,0
acm_scf,srd,nonorm4,1500,5003.586,0.213759,0.651999,0.603080,0.700918,14,0.00000000,0,0.062283,0.021872,0.102694,0.924220,0.965725,0.882715,0.694585,0.616271,0.772898,0.007551,0.014319,0.110291,0.039740,0.050000,0,0,6,0,0
acm_scf,srd,nonorm4,1525,5021.669,0.212816,0.650372,0.601651,0.699094,14,0.00000000,0,0.059941,0.020616,0.099265,0.926562,0.967517,0.885607,0.691272,0.614055,0.768490,0.007264,0.014130,0.110650,0.040238,0.050000,0,0,6,0,0
acm_scf,srd,nonorm4,1550,5138.140,0.219720,0.642947,0.600406,0.685489,14,0.00000000,0,0.067869,0.019656,0.116082,0.918576,0.968893,0.868260,0.688634,0.612207,0.765061,0.006858,0.015919,0.110850,0.042176,0.050000,0,0,6,0,0
acm_scf,srd,nonorm4,1575,5156.077,0.216786,0.647094,0.597972,0.696216,14,0.00000000,0,0.064602,0.020468,0.108735,0.922037,0.967545,0.876529,0.691065,0.610212,0.771918,0.007115,0.015049,0.111585,0.040630,0.050000,0,0,6,0,0
acm_scf,srd,nonorm4,1600,5272.757,0.212646,0.652040,0.599508,0.704572,14,0.00000000,0,0.060223,0.020690,0.099755,0.926619,0.967294,0.885944,0.693384,0.611912,0.774857,0.007404,0.014024,0.111275,0.039288,0.050000,0,0,6,0,0
acm_scf,srd,nonorm4,1625,5290.753,0.210985,0.655080,0.601418,0.708742,14,0.00000000,0,0.059628,0.021134,0.098122,0.927386,0.966733,0.888040,0.696207,0.614128,0.778286,0.007393,0.013809,0.110726,0.038893,0.050000,0,0,6,0,0
acm_scf,srd,nonorm4,1650,5408.215,0.219195,0.653900,0.600562,0.707238,14,0.00000000,0,0.064993,0.024680,0.105306,0.921361,0.961441,0.881281,0.698549,0.615385,0.781714,0.008534,0.014743,0.111192,0.039251,0.050000,0,0,6,0,0
acm_scf,srd,nonorm4,1675,5426.424,0.222640,0.651136,0.591037,0.711236,14,0.00000000,0,0.064290,0.027193,0.101388,0.921266,0.957130,0.885403,0.695228,0.607109,0.783347,0.009438,0.014209,0.114216,0.038574,0.050000,0,0,6,0,0
acm_scf,srd,nonorm4,1700,5540.026,0.221334,0.661095,0.596832,0.725357,14,0.00000000,0,0.067231,0.026380,0.108082,0.920091,0.958714,0.881468,0.708166,0.612577,0.803755,0.009159,0.015043,0.112424,0.036693,0.050000,0,0,6,0,0
acm_scf,srd,nonorm4,1725,5557.441,0.216519,0.670676,0.598761,0.742592,14,0.00000000,0,0.066424,0.025419,0.107429,0.922353,0.960245,0.884460,0.718174,0.613981,0.822367,0.008850,0.014841,0.111735,0.034076,0.050000,0,0,6,0,0
acm_scf,srd,nonorm4,1750,5672.591,0.210985,0.672630,0.598315,0.746945,14,0.00000000,0,0.060723,0.025937,0.095510,0.927470,0.959459,0.895480,0.716059,0.613833,0.818286,0.008960,0.013330,0.111925,0.033342,0.050000,0,0,6,0,0
acm_scf,srd,nonorm4,1775,5689.828,0.204994,0.676790,0.601982,0.751599,14,0.00000000,0,0.059642,0.021651,0.097633,0.930086,0.965994,0.894178,0.719997,0.615015,0.824980,0.007405,0.013718,0.110461,0.032819,0.050000,0,0,6,0,0
acm_scf,srd,nonorm4,1800,5803.185,0.215801,0.673237,0.588649,0.757824,14,0.00000000,0,0.062053,0.028597,0.095510,0.925863,0.954900,0.896825,0.717843,0.605483,0.830204,0.010172,0.013089,0.115138,0.031600,0.050000,0,0,6,0,0
acm_scf,srd,nonorm4,1825,5820.588,0.203041,0.677228,0.591991,0.762464,14,0.00000000,0,0.054041,0.024163,0.083918,0.934746,0.961674,0.907819,0.716372,0.606296,0.826449,0.008530,0.011707,0.113645,0.031006,0.050000,0,0,6,0,0
acm_scf,srd,nonorm4,1850,5933.673,0.205480,0.678922,0.593845,0.763999,14,0.00000000,0,0.056354,0.025198,0.087510,0.932484,0.960256,0.904711,0.719833,0.608808,0.830857,0.009038,0.012019,0.113430,0.030655,0.050000,0,0,6,0,0
acm_scf,srd,nonorm4,1875,5951.023,0.207932,0.677704,0.597596,0.757811,14,0.00000000,0,0.059379,0.026676,0.092082,0.929105,0.958333,0.899876,0.720565,0.613537,0.827592,0.009118,0.012708,0.112223,0.031511,0.050000,0,0,6,0,0
acm_scf,srd,nonorm4,1900,6063.306,0.205642,0.677285,0.599409,0.755160,14,0.00000000,0,0.058506,0.025419,0.091592,0.930143,0.960286,0.900000,0.719486,0.614646,0.824327,0.008660,0.012582,0.111614,0.031910,0.050000,0,0,6,0,0
acm_scf,srd,nonorm4,1925,6080.360,0.197779,0.681288,0.599525,0.763050,14,0.00000000,0,0.052922,0.026823,0.079020,0.935338,0.958247,0.912430,0.719477,0.615606,0.823347,0.008791,0.010686,0.111458,0.030387,0.050000,0,0,6,0,0
acm_scf,srd,nonorm4,1950,6193.237,0.200986,0.684090,0.600445,0.767735,14,0.00000000,0,0.052166,0.029557,0.074776,0.935639,0.954369,0.916909,0.721668,0.618193,0.825143,0.009762,0.010709,0.111273,0.030162,0.050000,0,0,6,0,0
acm_scf,srd,nonorm4,1975,6210.421,0.198806,0.682438,0.595399,0.769477,14,0.00000000,0,0.051970,0.030961,0.072980,0.935384,0.951983,0.918786,0.719733,0.613833,0.825633,0.009989,0.009772,0.112589,0.029262,0.050000,0,0,6,0,0
acm_scf,srd,nonorm4,2000,6321.799,0.204937,0.679877,0.602460,0.757295,14,0.00000000,0,0.059221,0.027341,0.091102,0.929195,0.957695,0.900694,0.722609,0.618932,0.826286,0.008970,0.012451,0.110608,0.031417,0.050000,0,0,6,0,0
acm_scf,srd,nonorm4,2025,6338.848,0.208524,0.679069,0.601450,0.756688,14,0.00000000,0,0.060798,0.029188,0.092408,0.927210,0.954970,0.899449,0.722809,0.619005,0.826612,0.009545,0.012684,0.110996,0.031779,0.050000,0,0,6,0,0
acm_scf,srd,nonorm4,2050,6451.451,0.203296,0.679565,0.599497,0.759633,14,0.00000000,0,0.056296,0.027858,0.084735,0.931751,0.956746,0.906755,0.720099,0.616197,0.824000,0.009076,0.011770,0.111355,0.031144,0.050000,0,0,6,0,0
acm_scf,srd,nonorm4,2075,6468.826,0.202571,0.682717,0.598808,0.766626,14,0.00000000,0,0.052337,0.029410,0.075265,0.935398,0.954462,0.916334,0.720373,0.616419,0.824327,0.010243,0.010461,0.112142,0.030120,0.050000,0,0,6,0,0
acm_scf,srd,nonorm4,2100,6580.288,0.197476,0.684840,0.602973,0.766707,14,0.00000000,0,0.051989,0.029040,0.074939,0.935971,0.955290,0.916652,0.722323,0.620483,0.824163,0.009322,0.010428,0.110402,0.030017,0.050000,0,0,6,0,0
acm_scf,srd,nonorm4,2125,6597.421,0.199511,0.681460,0.599755,0.763166,14,0.00000000,0,0.054760,0.024459,0.085061,0.934282,0.961716,0.906848,0.721253,0.614424,0.828082,0.008150,0.011782,0.111261,0.030691,0.050000,0,0,6,0,0
acm_scf,srd,nonorm4,2150,6714.125,0.197320,0.683128,0.598673,0.767582,14,0.00000000,0,0.053127,0.024459,0.081796,0.935989,0.961650,0.910328,0.721841,0.613316,0.830367,0.008009,0.011431,0.111386,0.030098,0.050000,0,0,6,0,0
acm_scf,srd,nonorm4,2175,6731.688,0.196169,0.685454,0.602154,0.768755,14,0.00000020,0,0.052048,0.022464,0.081633,0.937701,0.964799,0.910603,0.723595,0.615680,0.831510,0.007626,0.011700,0.110399,0.030262,0.050000,0,0,6,0,0
acm_scf,srd,nonorm4,2200,6849.716,0.202364,0.687467,0.600905,0.774028,14,0.00000073,0,0.056139,0.028523,0.083755,0.932553,0.955886,0.909220,0.728451,0.618045,0.838857,0.009900,0.011205,0.111559,0.028869,0.050000,0,0,6,0,0
acm_scf,srd,nonorm4,2225,6867.840,0.199019,0.691442,0.610695,0.772188,14,0.00000217,0,0.056930,0.026676,0.087184,0.932555,0.959191,0.905920,0.733248,0.626986,0.839510,0.008605,0.012213,0.108072,0.029785,0.050000,0,0,6,0,0
acm_scf,srd,nonorm4,2250,6983.992,0.194834,0.691421,0.609786,0.773055,14,0.00001050,0,0.054705,0.022390,0.087020,0.935747,0.965332,0.906162,0.731883,0.623439,0.840327,0.007647,0.012014,0.108335,0.029495,0.050000,0,0,6,0,0
acm_scf,srd,nonorm4,2275,7001.869,0.198201,0.695929,0.621655,0.770203,14,0.00000087,0,0.057375,0.029853,0.084898,0.931608,0.955448,0.907769,0.737902,0.640213,0.835592,0.009752,0.011609,0.105275,0.029504,0.050000,0,0,6,0,0
acm_scf,srd,nonorm4,2300,7118.111,0.189053,0.692456,0.618462,0.766451,14,0.00000000,0,0.052837,0.021429,0.084245,0.937573,0.967191,0.907956,0.731368,0.631715,0.831020,0.007345,0.011248,0.105875,0.029812,0.050000,0,0,6,0,0
acm_scf,srd,nonorm4,2325,7136.122,0.187670,0.693291,0.616068,0.770514,14,0.00000157,0,0.049584,0.022759,0.076408,0.940392,0.965139,0.915645,0.729739,0.630089,0.829388,0.007780,0.010384,0.106620,0.029244,0.050000,0,0,6,0,0
acm_scf,srd,nonorm4,2350,7254.461,0.181013,0.697493,0.621875,0.773111,14,0.00000000,0,0.043906,0.022833,0.064980,0.946099,0.965347,0.926852,0.729711,0.636075,0.823347,0.007692,0.009140,0.104890,0.028906,0.050000,0,0,6,0,0
acm_scf,srd,nonorm4,2375,7272.441,0.188073,0.695674,0.625542,0.765807,14,0.00000057,0,0.052174,0.022390,0.081959,0.938081,0.966175,0.909987,0.734060,0.639548,0.828571,0.007802,0.010979,0.104044,0.029799,0.050000,0,0,6,0,0
acm_scf,srd,nonorm4,2400,7388.715,0.182573,0.698415,0.624756,0.772075,14,0.00000186,0,0.045969,0.023203,0.068735,0.944040,0.964975,0.923105,0.732198,0.639252,0.825143,0.007877,0.009515,0.104307,0.028983,0.050000,0,0,6,0,0
acm_scf,srd,nonorm4,2425,7406.475,0.187685,0.701403,0.628382,0.774425,14,0.00000001,0,0.049003,0.026823,0.071184,0.940530,0.960088,0.920972,0.737394,0.645238,0.829551,0.009080,0.009976,0.103392,0.028924,0.050000,0,0,6,0,0
acm_scf,srd,nonorm4,2450,7520.084,0.180400,0.703716,0.629348,0.778084,14,0.00000064,0,0.044250,0.021725,0.066776,0.946430,0.967319,0.925542,0.736531,0.643021,0.830041,0.007775,0.009512,0.103039,0.028257,0.050000,0,0,6,0,0
acm_scf,srd,nonorm4,2475,7537.963,0.180456,0.704139,0.629531,0.778748,14,0.00000114,0,0.044855,0.023424,0.066286,0.945496,0.964918,0.926074,0.737322,0.644277,0.830367,0.008070,0.009280,0.103008,0.028095,0.050000,0,0,6,0,0
acm_scf,srd,nonorm4,2500,7653.913,0.180021,0.702222,0.628332,0.776113,14,0.00000049,0,0.045249,0.022907,0.067592,0.945081,0.965586,0.924576,0.735648,0.642725,0.828571,0.007731,0.009372,0.103105,0.028506,0.050000,0,0,6,0,0
acm_scf,srd,nonorm4,2525,7671.569,0.179831,0.702766,0.629199,0.776334,14,0.00000060,0,0.045413,0.022907,0.067918,0.944956,0.965632,0.924281,0.736337,0.643612,0.829061,0.007659,0.009486,0.102853,0.028378,0.050000,0,0,6,0,0
acm_scf,srd,nonorm4,2550,7787.943,0.186653,0.700004,0.630685,0.769324,14,0.00000000,0,0.050684,0.022020,0.079347,0.939872,0.966966,0.912778,0.737470,0.644573,0.830367,0.008017,0.010781,0.102668,0.029533,0.050000,0,0,6,0,0
acm_scf,srd,nonorm4,2575,7805.897,0.180094,0.703135,0.626962,0.779308,14,0.00000000,0,0.044250,0.021725,0.066776,0.946424,0.967198,0.925650,0.735965,0.640582,0.831347,0.007610,0.009456,0.103625,0.028216,0.050000,0,0,6,0,0
acm_scf,srd,nonorm4,2600,7924.279,0.181963,0.704200,0.630841,0.777558,14,0.00000122,0,0.046956,0.023055,0.070857,0.943543,0.965510,0.921576,0.739019,0.645385,0.832653,0.008008,0.009846,0.102628,0.028134,0.050000,0,0,6,0,0
acm_scf,srd,nonorm4,2625,7942.786,0.179262,0.707934,0.633769,0.782098,14,0.00000000,0,0.046727,0.022759,0.070694,0.944115,0.966079,0.922150,0.742791,0.648193,0.837388,0.007818,0.009679,0.101512,0.027679,0.050000,0,0,6,0,0
acm_scf,srd,nonorm4,2650,8061.815,0.180890,0.707978,0.632948,0.783007,14,0.00000000,0,0.045547,0.022685,0.068408,0.945275,0.966141,0.924409,0.741939,0.647307,0.836571,0.007919,0.009847,0.101942,0.027982,0.050000,0,0,6,0,0
acm_scf,srd,nonorm4,2675,8079.961,0.181324,0.706886,0.635129,0.778642,14,0.00000000,0,0.046666,0.023129,0.070204,0.943965,0.965631,0.922299,0.741563,0.649819,0.833306,0.008057,0.009901,0.101481,0.028158,0.050000,0,0,6,0,0
acm_scf,srd,nonorm4,2700,8195.016,0.180569,0.706061,0.633632,0.778490,14,0.00000164,0,0.046592,0.022981,0.070204,0.944022,0.965760,0.922284,0.740668,0.648193,0.833143,0.007955,0.009738,0.101625,0.028233,0.050000,0,0,6,0,0
acm_scf,srd,nonorm4,2725,8212.716,0.181552,0.705742,0.633723,0.777761,14,0.00000000,0,0.045866,0.022833,0.068898,0.944720,0.965973,0.923468,0.739770,0.648193,0.831347,0.007943,0.009872,0.101706,0.028758,0.050000,0,0,6,0,0
acm_scf,srd,nonorm4,2750,8328.184,0.180632,0.704995,0.633820,0.776169,14,0.00000018,0,0.046802,0.022094,0.071510,0.943922,0.967020,0.920824,0.739749,0.647824,0.831673,0.007654,0.009967,0.101629,0.028588,0.050000,0,0,6,0,0
acm_scf,srd,nonorm4,2775,8345.470,0.182070,0.707340,0.635042,0.779638,14,0.00000101,0,0.047344,0.021872,0.072816,0.943654,0.967394,0.919914,0.742670,0.648932,0.836408,0.007903,0.010263,0.101401,0.028235,0.050000,0,0,6,0,0
acm_scf,srd,nonorm4,2800,8457.353,0.182342,0.705666,0.636561,0.774772,14,0.00000182,0,0.048079,0.021872,0.074286,0.942766,0.967469,0.918062,0.741405,0.650484,0.832327,0.007844,0.010364,0.101106,0.028663,0.050000,0,0,6,0,0
acm_scf,srd,nonorm4,2825,8475.002,0.182739,0.705189,0.635680,0.774697,14,0.00000818,0,0.049896,0.022242,0.077551,0.940951,0.966905,0.914996,0.742297,0.649819,0.834776,0.007812,0.010438,0.101192,0.028844,0.050000,0,0,6,0,0
acm_scf,srd,nonorm4,2850,8591.584,0.184219,0.702845,0.634853,0.770836,14,0.00000361,0,0.051053,0.022759,0.079347,0.939535,0.966135,0.912934,0.740651,0.649302,0.832000,0.007885,0.010642,0.101378,0.029199,0.050000,0,0,6,0,0
acm_scf,srd,nonorm4,2875,8609.546,0.178455,0.707405,0.634351,0.780458,14,0.00000189,0,0.045371,0.021355,0.069388,0.945667,0.968091,0.923244,0.741255,0.647898,0.834612,0.007433,0.009741,0.101569,0.028016,0.050000,0,0,6,0,0
acm_scf,srd,nonorm4,2900,8724.665,0.179483,0.707462,0.630388,0.784535,14,0.00000148,0,0.045103,0.021799,0.068408,0.945906,0.967266,0.924545,0.741167,0.644129,0.838204,0.007614,0.009772,0.102522,0.027356,0.050000,0,0,6,0,0
acm_scf,srd,nonorm4,2925,8742.286,0.179158,0.707118,0.632184,0.782051,14,0.00000002,0,0.045941,0.022168,0.069714,0.944955,0.966833,0.923077,0.741385,0.646198,0.836571,0.007659,0.009673,0.102051,0.027684,0.050000,0,0,6,0,0
acm_scf,srd,nonorm4,2950,8859.321,0.184831,0.703589,0.631499,0.775678,14,0.00000492,0,0.048014,0.024680,0.071347,0.942097,0.963260,0.920934,0.739053,0.647085,0.831020,0.008551,0.009991,0.102633,0.028563,0.050000,0,0,6,0,0
acm_scf,srd,nonorm4,2975,8877.422,0.179826,0.707128,0.634832,0.779423,14,0.00000151,0,0.045823,0.022094,0.069551,0.945032,0.967070,0.922993,0.741245,0.648858,0.833633,0.007740,0.009879,0.101375,0.027954,0.050000,0,0,6,0,0
acm_scf,srd,nonorm4,3000,8993.072,0.177162,0.711893,0.641085,0.782702,14,0.00000000,0,0.044993,0.021577,0.068408,0.946243,0.968105,0.924382,0.745581,0.654918,0.836245,0.007670,0.009670,0.099776,0.027709,0.050000,0,0,6,0,0
acm_scf,srd,nonorm4,3025,9010.749,0.178010,0.712489,0.643694,0.781283,14,0.00000361,0,0.046491,0.021799,0.071184,0.944766,0.967921,0.921611,0.747312,0.657726,0.836898,0.007633,0.010115,0.098978,0.027815,0.050000,0,0,6,0,0
acm_scf,srd,nonorm4,3050,9127.232,0.177296,0.712123,0.643415,0.780830,14,0.00000380,0,0.045978,0.022242,0.069714,0.945128,0.967290,0.922966,0.746495,0.657726,0.835265,0.007698,0.009857,0.098977,0.027797,0.050000,0,0,6,0,0
acm_scf,srd,nonorm4,3075,9144.759,0.184909,0.711799,0.644851,0.778748,14,0.00000303,0,0.053267,0.021799,0.084735,0.938406,0.967977,0.908835,0.751821,0.658908,0.844735,0.007674,0.011905,0.098663,0.028471,0.050000,0,0,6,0,0
acm_scf,srd,nonorm4,3100,9259.418,0.182361,0.712325,0.646553,0.778097,14,0.00000217,0,0.050942,0.022538,0.079347,0.940355,0.967034,0.913677,0.750481,0.661125,0.839837,0.007908,0.011055,0.098254,0.028513,0.050000,0,0,6,0,0
acm_scf,srd,nonorm4,3125,9277.060,0.183055,0.710956,0.638525,0.783386,14,0.00000000,0,0.049689,0.022316,0.077061,0.941628,0.966944,0.916312,0.748265,0.652775,0.843755,0.007703,0.011016,0.100292,0.028227,0.050000,0,0,6,0,0
acm_scf,srd,nonorm4,3150,9393.797,0.175561,0.712334,0.636923,0.787744,14,0.00000092,0,0.044734,0.021060,0.068408,0.946731,0.968633,0.924830,0.745984,0.650336,0.841633,0.007208,0.009596,0.100592,0.027260,0.050000,0,0,6,0,0
acm_scf,srd,nonorm4,3175,9411.843,0.179068,0.711471,0.637640,0.785302,14,0.00000000,0,0.048052,0.020838,0.075265,0.943571,0.968980,0.918161,0.747668,0.650927,0.844408,0.007694,0.010009,0.100817,0.027335,0.050000,0,0,6,0,0
acm_scf,srd,nonorm4,3200,9525.667,0.178012,0.709010,0.636508,0.781511,14,0.00000396,0,0.047760,0.021725,0.073796,0.943422,0.967675,0.919170,0.744760,0.650336,0.839184,0.007453,0.009929,0.100781,0.027477,0.050000,0,0,6,0,0
acm_scf,srd,nonorm4,3225,9543.215,0.175109,0.712900,0.634508,0.791291,14,0.00000339,0,0.044779,0.020986,0.068571,0.946804,0.968622,0.924987,0.746687,0.647824,0.845551,0.007277,0.009368,0.101381,0.026603,0.050000,0,0,6,0,0
acm_scf,srd,nonorm4,3250,9658.265,0.177409,0.715546,0.638326,0.792767,14,0.00000969,0,0.045099,0.020321,0.069878,0.946814,0.969744,0.923884,0.749730,0.651297,0.848163,0.007746,0.009754,0.100793,0.026322,0.050000,0,0,6,0,0
acm_scf,srd,nonorm4,3275,9675.562,0.175678,0.716176,0.640825,0.791527,14,0.00000296,0,0.046092,0.020838,0.071347,0.945762,0.969130,0.922394,0.751089,0.654179,0.848000,0.007401,0.009813,0.099797,0.026543,0.050000,0,0,6,0,0
acm_scf,srd,nonorm4,3300,9787.015,0.177120,0.714507,0.638722,0.790293,14,0.00000182,0,0.044759,0.019803,0.069714,0.947156,0.970494,0.923818,0.748379,0.651371,0.845388,0.007535,0.009819,0.100552,0.026828,0.050000,0,0,6,0,0
acm_scf,srd,nonorm4,3325,9804.544,0.174781,0.718183,0.641803,0.794562,14,0.00000195,0,0.045127,0.021355,0.068898,0.946707,0.968450,0.924964,0.752407,0.655509,0.849306,0.007428,0.009691,0.099437,0.026287,0.050000,0,0,6,0,0
acm_scf,srd,nonorm4,3350,9918.881,0.182040,0.712413,0.642283,0.782543,14,0.00000000,0,0.051212,0.021281,0.081143,0.940530,0.968576,0.912485,0.750996,0.655952,0.846041,0.007570,0.011165,0.099382,0.027947,0.050000,0,0,6,0,0
acm_scf,srd,nonorm4,3375,9936.804,0.183708,0.711851,0.642352,0.781350,14,0.00000405,0,0.050449,0.024163,0.076735,0.940493,0.964572,0.916415,0.749590,0.657873,0.841306,0.008391,0.010744,0.099463,0.028114,0.050000,0,0,6,0,0
acm_scf,srd,nonorm4,3400,10050.233,0.179575,0.715407,0.643363,0.787451,14,0.00000000,0,0.048353,0.022094,0.074612,0.943232,0.967493,0.918972,0.751891,0.657578,0.846204,0.007798,0.010442,0.099166,0.027403,0.050000,0,0,6,0,0
acm_scf,srd,nonorm4,3425,10067.729,0.179101,0.716859,0.642857,0.790861,14,0.00000025,0,0.047483,0.023129,0.071837,0.943952,0.966030,0.921875,0.752700,0.657726,0.847673,0.008190,0.010016,0.099368,0.026812,0.050000,0,0,6,0,0
acm_scf,srd,nonorm4,3450,10182.378,0.178671,0.715686,0.643326,0.788045,14,0.00000000,0,0.047170,0.023646,0.070694,0.944015,0.965338,0.922692,0.751147,0.658538,0.843755,0.008119,0.009934,0.099127,0.027181,0.050000,0,0,6,0,0
acm_scf,srd,nonorm4,3475,10199.501,0.178064,0.715749,0.643910,0.787588,14,0.00000000,0,0.046763,0.022833,0.070694,0.944572,0.966493,0.922651,0.750939,0.658612,0.843265,0.007978,0.009935,0.098990,0.027204,0.050000,0,0,6,0,0
acm_scf,srd,nonorm4,3500,10312.707,0.178656,0.716886,0.645187,0.788584,14,0.00000080,0,0.047189,0.021725,0.072653,0.944499,0.968095,0.920903,0.752540,0.659203,0.845878,0.008010,0.010143,0.098854,0.027039,0.050000,0,0,6,0,0
acm_scf,srd,nonorm4,3525,10330.184,0.181168,0.715700,0.644215,0.787186,14,0.00000000,0,0.050171,0.022464,0.077878,0.941477,0.967021,0.915932,0.753588,0.658686,0.848490,0.008043,0.010739,0.098916,0.027256,0.050000,0,0,6,0,0
acm_scf,srd,nonorm4,3550,10437.990,0.180834,0.714680,0.645220,0.784141,13,0.00000000,0,0.047881,0.020986,0.074776,0.943816,0.969127,0.918505,0.750768,0.658760,0.842776,0.007949,0.010622,0.098854,0.027791,0.050000,0,0,7,0,0
acm_scf,srd,nonorm4,3575,10454.679,0.176509,0.714601,0.642085,0.787117,13,0.00000504,0,0.045614,0.019065,0.072163,0.946457,0.971689,0.921226,0.749122,0.654326,0.843918,0.007210,0.010107,0.099461,0.027387,0.050000,0,0,7,0,0
acm_scf,srd,nonorm4,3600,10563.893,0.176083,0.715642,0.645940,0.785344,13,0.00000000,0,0.045704,0.022020,0.069388,0.945703,0.967721,0.923685,0.750000,0.660164,0.839837,0.007711,0.009828,0.098293,0.027201,0.050000,0,0,7,0,0
acm_scf,srd,nonorm4,3625,10580.201,0.176497,0.717698,0.644276,0.791120,13,0.00001674,0,0.046548,0.023055,0.070041,0.944894,0.966205,0.923584,0.752830,0.659130,0.846531,0.007757,0.009905,0.098597,0.026849,0.050000,0,0,7,0,0
teapot_droplets,srd,nonorm4,1,1.559,0.500160,0.182885,0.184696,0.181075,20,0.00009523,0,0.474600,0.107019,0.842181,0.470064,0.656419,0.283710,0.269017,0.204462,0.333572,0.025090,0.049540,0.173183,0.083955,0.050000,0,0,0,0,0
teapot_droplets,srd,nonorm4,25,27.039,0.309134,0.249357,0.217448,0.281266,20,0.00001556,1,0.214064,0.045775,0.382353,0.668310,0.832435,0.504186,0.308106,0.227402,0.388809,0.010685,0.022165,0.157180,0.054889,0.050000,0,0,0,0,0
teapot_droplets,srd,nonorm4,50,186.098,0.271006,0.312827,0.261967,0.363686,20,0.00000000,0,0.172894,0.041987,0.303802,0.738093,0.866689,0.609497,0.373571,0.272966,0.474175,0.009538,0.017458,0.147462,0.045671,0.050000,0,0,0,0,0
teapot_droplets,srd,nonorm4,75,210.525,0.243122,0.368310,0.318417,0.418202,20,0.00000286,1,0.151053,0.037041,0.265065,0.782678,0.899140,0.666215,0.429632,0.330212,0.529053,0.008502,0.015081,0.135528,0.040271,0.050000,0,0,0,0,0
teapot_droplets,srd,nonorm4,100,371.021,0.224318,0.403356,0.362236,0.444477,20,0.00005503,2,0.135942,0.031569,0.240316,0.809259,0.922098,0.696420,0.462481,0.373671,0.551291,0.007342,0.013910,0.126244,0.037947,0.050000,0,0,0,0,0
teapot_droplets,srd,nonorm4,125,396.021,0.202781,0.433047,0.387975,0.478119,20,0.00000413,1,0.118472,0.023887,0.213056,0.837311,0.943278,0.731343,0.488614,0.397243,0.579986,0.005470,0.012155,0.120069,0.034741,0.050000,0,0,0,0,0
teapot_droplets,srd,nonorm4,150,558.313,0.179763,0.466536,0.420541,0.512531,20,0.00005654,1,0.096008,0.018415,0.173601,0.867402,0.958775,0.776030,0.514896,0.428286,0.601506,0.004213,0.009678,0.113033,0.031097,0.050000,0,0,0,0,0
teapot_droplets,srd,nonorm4,175,584.121,0.166311,0.486938,0.447510,0.526365,20,0.00003412,1,0.085401,0.014417,0.156385,0.882407,0.969220,0.795593,0.531321,0.453962,0.608680,0.003301,0.008595,0.107447,0.029730,0.050000,0,0,0,0,0
teapot_droplets,srd,nonorm4,200,749.233,0.159760,0.509851,0.478270,0.541433,20,0.00000615,1,0.082942,0.014522,0.151363,0.887785,0.970941,0.804630,0.554301,0.485215,0.623386,0.003347,0.008480,0.101395,0.028803,0.050000,0,0,0,0,0
teapot_droplets,srd,nonorm4,225,775.596,0.154691,0.529154,0.505342,0.552967,20,0.00003300,1,0.084556,0.014522,0.154591,0.888760,0.972455,0.805066,0.575565,0.512680,0.638451,0.003290,0.008644,0.096076,0.028044,0.050000,0,0,0,0,0
teapot_droplets,srd,nonorm4,250,943.113,0.152879,0.542615,0.514782,0.570449,20,0.00000000,1,0.084320,0.017994,0.150646,0.890068,0.966803,0.813333,0.590215,0.524045,0.656385,0.003851,0.008363,0.094217,0.026793,0.050000,0,0,0,0,0
teapot_droplets,srd,nonorm4,275,969.506,0.151865,0.552384,0.510115,0.594653,20,0.00000015,1,0.084093,0.014311,0.153874,0.894954,0.973085,0.816823,0.601785,0.517416,0.686155,0.003329,0.008678,0.095161,0.025549,0.050000,0,0,0,0,0
teapot_droplets,srd,nonorm4,300,1134.610,0.155877,0.545432,0.505385,0.585478,20,0.00000000,1,0.093416,0.016100,0.170732,0.885094,0.969601,0.800587,0.599480,0.513522,0.685438,0.003348,0.009437,0.095858,0.026201,0.050000,0,0,0,0,0
teapot_droplets,srd,nonorm4,325,1159.959,0.154437,0.552953,0.528972,0.576935,20,0.00002316,1,0.102270,0.013364,0.191176,0.879018,0.975675,0.782360,0.611636,0.536041,0.687231,0.002643,0.010669,0.091096,0.027234,0.050000,0,0,0,0,0
teapot_droplets,srd,nonorm4,350,1324.174,0.153412,0.556880,0.534103,0.579658,20,0.00000928,2,0.103791,0.012101,0.195481,0.879040,0.978104,0.779976,0.616768,0.540566,0.692970,0.002496,0.010848,0.089952,0.027124,0.050000,0,0,0,0,0
teapot_droplets,srd,nonorm4,375,1349.662,0.157282,0.544375,0.509851,0.578899,20,0.00001971,2,0.097268,0.014837,0.179699,0.881904,0.972123,0.791684,0.600171,0.517416,0.682927,0.003066,0.010181,0.094807,0.026945,0.050000,0,0,0,0,0
teapot_droplets,srd,nonorm4,400,1514.350,0.158034,0.546491,0.498288,0.594694,20,0.00001090,0,0.095212,0.014311,0.176112,0.885658,0.972464,0.798853,0.602423,0.505419,0.699426,0.003034,0.010073,0.097316,0.025843,0.050000,0,0,0,0,0
teapot_droplets,srd,nonorm4,425,1539.389,0.159748,0.550618,0.503055,0.598182,20,0.00000000,0,0.099925,0.016205,0.183644,0.881660,0.969274,0.794047,0.609621,0.511207,0.708034,0.003372,0.010454,0.096391,0.025804,0.050000,0,0,0,0,0
teapot_droplets,srd,nonorm4,450,1699.496,0.153724,0.562514,0.506639,0.618389,20,0.00000913,0,0.090422,0.014417,0.166428,0.892620,0.972715,0.812525,0.617624,0.513943,0.721306,0.003167,0.009521,0.095845,0.024199,0.050000,0,0,0,0,0
teapot_droplets,srd,nonorm4,475,1724.893,0.149038,0.567378,0.503897,0.630860,20,0.00000971,0,0.083968,0.012628,0.155308,0.900096,0.975850,0.824341,0.619549,0.510260,0.728838,0.002856,0.008717,0.096272,0.023026,0.050000,0,0,0,0,0
teapot_droplets,srd,nonorm4,500,1891.939,0.152111,0.570031,0.506791,0.633271,20,0.00022625,2,0.087457,0.014943,0.159971,0.896470,0.971769,0.821171,0.624470,0.514364,0.734577,0.003411,0.009074,0.095833,0.023063,0.050000,0,0,0,0,0
teapot_droplets,srd,nonorm4,525,1918.277,0.155059,0.567114,0.507099,0.627129,20,0.00010946,2,0.097352,0.015364,0.179340,0.887933,0.971026,0.804840,0.627244,0.514890,0.739598,0.003192,0.010053,0.095529,0.023693,0.050000,0,0,0,0,0
teapot_droplets,srd,nonorm4,550,2088.732,0.159096,0.562351,0.509573,0.615129,20,0.00001138,2,0.101137,0.016837,0.185438,0.882892,0.968529,0.797255,0.623674,0.518152,0.729197,0.003686,0.010512,0.095303,0.024671,0.050000,0,0,0,0,0
teapot_droplets,srd,nonorm4,575,2115.083,0.164316,0.568611,0.516763,0.620460,20,0.00014715,3,0.104167,0.023256,0.185079,0.878391,0.957873,0.798909,0.632037,0.528780,0.735294,0.005315,0.010551,0.094606,0.024387,0.050000,0,0,0,0,0
teapot_droplets,srd,nonorm4,600,2283.022,0.162724,0.565842,0.518274,0.613410,20,0.00018672,2,0.104844,0.022098,0.187590,0.877589,0.959954,0.795223,0.629103,0.529727,0.728479,0.004897,0.010584,0.094020,0.024717,0.050000,0,0,0,0,0
teapot_droplets,srd,nonorm4,625,2309.081,0.181402,0.559930,0.494479,0.625381,20,0.00007650,0,0.107239,0.038725,0.175753,0.868489,0.929891,0.807087,0.624461,0.513627,0.735294,0.009018,0.010188,0.100553,0.024120,0.050000,0,0,0,0,0
teapot_droplets,srd,nonorm4,650,2472.674,0.161390,0.572288,0.497444,0.647133,19,0.00012941,0,0.086954,0.029359,0.144548,0.891241,0.945773,0.836710,0.626362,0.512049,0.740674,0.006375,0.008272,0.098679,0.021956,0.050000,0,0,1,0,0
teapot_droplets,srd,nonorm4,675,2497.855,0.158750,0.565297,0.489861,0.640734,19,0.00001344,1,0.080806,0.027465,0.134146,0.896211,0.948255,0.844167,0.615000,0.503315,0.726686,0.005863,0.007696,0.099899,0.022246,0.050000,0,0,1,0,0
teapot_droplets,srd,nonorm4,700,2658.012,0.155846,0.570457,0.495895,0.645019,19,0.00002420,0,0.081547,0.025360,0.137733,0.897234,0.952494,0.841975,0.621165,0.508471,0.733859,0.005385,0.007817,0.098426,0.021912,0.050000,0,0,1,0,0
teapot_droplets,srd,nonorm4,725,2683.007,0.157724,0.574841,0.506069,0.643614,19,0.00000949,1,0.087204,0.023045,0.151363,0.893885,0.957385,0.830386,0.629382,0.517731,0.741033,0.005359,0.008697,0.096755,0.022261,0.050000,0,0,1,0,0
teapot_droplets,srd,nonorm4,750,2842.431,0.157838,0.583075,0.516602,0.649549,19,0.00000691,1,0.089636,0.026834,0.152439,0.891331,0.951850,0.830812,0.639515,0.530464,0.748565,0.005971,0.008692,0.094795,0.021922,0.050000,0,0,1,0,0
teapot_droplets,srd,nonorm4,775,2867.213,0.157028,0.581320,0.520004,0.642635,19,0.00002474,0,0.090007,0.025781,0.154232,0.890879,0.953895,0.827862,0.637580,0.533411,0.741750,0.005749,0.008770,0.094024,0.022356,0.050000,0,0,1,0,0
teapot_droplets,srd,nonorm4,800,3025.834,0.154313,0.586257,0.524117,0.648396,19,0.00001451,1,0.088541,0.025360,0.151722,0.893037,0.954936,0.831138,0.642091,0.537409,0.746772,0.005339,0.008752,0.093040,0.022044,0.050000,0,0,1,0,0
teapot_droplets,srd,nonorm4,825,3050.522,0.150455,0.594876,0.532089,0.657663,19,0.00003383,0,0.084225,0.026413,0.142037,0.897416,0.953869,0.840964,0.648610,0.546143,0.751076,0.005556,0.008112,0.091311,0.021162,0.050000,0,0,1,0,0
teapot_droplets,srd,nonorm4,850,3210.599,0.150433,0.598313,0.533620,0.663006,19,0.00002327,1,0.084868,0.026623,0.143113,0.897408,0.953655,0.841162,0.652859,0.547827,0.757891,0.005622,0.008157,0.091218,0.020796,0.050000,0,0,1,0,0
teapot_droplets,srd,nonorm4,875,3235.403,0.147279,0.600861,0.539308,0.662414,19,0.00002999,0,0.087711,0.022624,0.152798,0.896931,0.960594,0.833268,0.657570,0.551510,0.763630,0.004607,0.008642,0.089620,0.021001,0.050000,0,0,1,0,0
teapot_droplets,srd,nonorm4,900,3390.165,0.141019,0.607567,0.545436,0.669699,19,0.00002465,0,0.081259,0.019047,0.143472,0.904539,0.966868,0.842209,0.660803,0.555824,0.765782,0.003771,0.008259,0.088058,0.020493,0.050000,0,0,1,0,0
teapot_droplets,srd,nonorm4,925,3415.088,0.141898,0.607303,0.549190,0.665417,19,0.00001230,0,0.083749,0.019362,0.148135,0.902082,0.966570,0.837593,0.661906,0.559823,0.763989,0.003811,0.008535,0.087392,0.020879,0.050000,0,0,1,0,0
teapot_droplets,srd,nonorm4,950,3574.813,0.140372,0.605706,0.545473,0.665938,19,0.00000811,0,0.083529,0.018205,0.148852,0.902695,0.968263,0.837127,0.660234,0.555404,0.765065,0.003366,0.008472,0.087873,0.020739,0.050000,0,0,1,0,0
teapot_droplets,srd,nonorm4,975,3599.859,0.140570,0.602569,0.545671,0.659468,19,0.00000370,0,0.082199,0.018415,0.145983,0.903016,0.967925,0.838107,0.655729,0.555719,0.755739,0.003435,0.008353,0.087943,0.021090,0.050000,0,0,1,0,0
teapot_droplets,srd,nonorm4,1000,3759.060,0.138596,0.608055,0.547254,0.668856,19,0.00000330,0,0.081264,0.015469,0.147059,0.906035,0.972918,0.839153,0.661468,0.555719,0.767217,0.002971,0.008474,0.087541,0.020673,0.050000,0,0,1,0,0
teapot_droplets,srd,nonorm4,1025,3784.241,0.137677,0.608297,0.547287,0.669306,19,0.00000071,0,0.075226,0.018100,0.132353,0.909934,0.968539,0.851330,0.657542,0.557192,0.757891,0.003676,0.007541,0.087824,0.020281,0.050000,0,0,1,0,0
teapot_droplets,srd,nonorm4,1050,3943.366,0.141914,0.611371,0.554092,0.668650,19,0.00000210,0,0.083787,0.022309,0.145265,0.901330,0.962109,0.840551,0.666117,0.566453,0.765782,0.004410,0.008252,0.086482,0.020550,0.050000,0,0,1,0,0
teapot_droplets,srd,nonorm4,1075,3968.163,0.136829,0.613672,0.557756,0.669587,19,0.00000038,0,0.080589,0.014837,0.146341,0.907165,0.974457,0.839874,0.666804,0.566032,0.767575,0.003299,0.008208,0.085715,0.020287,0.050000,0,0,1,0,0
teapot_droplets,srd,nonorm4,1100,4123.807,0.144035,0.603700,0.550762,0.656638,19,0.00000452,0,0.089189,0.021993,0.156385,0.895809,0.962397,0.829221,0.661100,0.562875,0.759326,0.004140,0.008759,0.087135,0.021307,0.050000,0,0,1,0,0
teapot_droplets,srd,nonorm4,1125,4147.949,0.149382,0.596461,0.552713,0.640210,19,0.00000493,0,0.092752,0.024098,0.161406,0.890403,0.959165,0.821641,0.654788,0.566032,0.743544,0.004937,0.009121,0.087100,0.022646,0.050000,0,0,1,0,0
teapot_droplets,srd,nonorm4,1150,4302.250,0.158481,0.581812,0.558080,0.605544,19,0.00001225,1,0.102874,0.028202,0.177547,0.876900,0.953155,0.800644,0.643437,0.573819,0.713056,0.005800,0.010312,0.086216,0.025417,0.050000,0,0,1,0,0
teapot_droplets,srd,nonorm4,1175,4326.191,0.161534,0.588090,0.570017,0.606162,19,0.00044393,1,0.104503,0.033253,0.175753,0.874369,0.946558,0.802180,0.650835,0.588972,0.712697,0.007068,0.010250,0.084460,0.025404,0.050000,0,0,1,0,0
teapot_droplets,srd,nonorm4,1200,4484.034,0.165311,0.576940,0.578926,0.574955,19,0.00024277,1,0.113078,0.034621,0.191535,0.863432,0.945358,0.781506,0.642024,0.598969,0.685079,0.007217,0.011065,0.082685,0.027676,0.050000,0,0,1,0,0
teapot_droplets,srd,nonorm4,1225,4508.123,0.175049,0.572520,0.591911,0.553130,19,0.00018228,1,0.133817,0.035568,0.232066,0.845566,0.945157,0.745976,0.647228,0.612964,0.681492,0.007600,0.013429,0.080085,0.030156,0.050000,0,0,1,0,0
teapot_droplets,srd,nonorm4,1250,4664.349,0.173285,0.573696,0.594707,0.552685,19,0.00024453,1,0.134768,0.033884,0.235653,0.845615,0.947770,0.743460,0.648893,0.614858,0.682927,0.007212,0.013490,0.079369,0.030171,0.050000,0,0,1,0,0
teapot_droplets,srd,nonorm4,1275,4688.455,0.161197,0.586276,0.605009,0.567543,19,0.00025493,1,0.116909,0.033674,0.200143,0.860900,0.948906,0.772894,0.653257,0.625381,0.681133,0.006883,0.011461,0.077214,0.028321,0.050000,0,0,1,0,0
teapot_droplets,srd,nonorm4,1300,4844.799,0.153386,0.590965,0.601186,0.580743,19,0.00028282,1,0.103116,0.029043,0.177188,0.874663,0.955158,0.794167,0.651145,0.618647,0.683644,0.006170,0.010170,0.077868,0.026981,0.050000,0,0,1,0,0
teapot_droplets,srd,nonorm4,1325,4869.069,0.154184,0.598223,0.619996,0.576449,19,0.00034023,1,0.112229,0.030411,0.194046,0.867321,0.954560,0.780081,0.663579,0.638851,0.688307,0.006329,0.011045,0.074056,0.027499,0.050000,0,0,1,0,0
teapot_droplets,srd,nonorm4,1350,5024.850,0.158559,0.600662,0.628324,0.573000,19,0.00038670,1,0.119536,0.032832,0.206241,0.861014,0.951844,0.770184,0.670065,0.648953,0.691176,0.006963,0.011850,0.072601,0.028021,0.050000,0,0,1,0,0
teapot_droplets,srd,nonorm4,1375,5048.862,0.168678,0.591521,0.624390,0.558653,19,0.00000000,0,0.134957,0.034621,0.235294,0.847435,0.949134,0.745736,0.668053,0.646007,0.690100,0.007404,0.013587,0.073631,0.029825,0.050000,0,0,1,0,0
teapot_droplets,srd,nonorm4,1400,5201.115,0.164352,0.589134,0.618385,0.559884,19,0.00000000,0,0.130925,0.027991,0.233859,0.852458,0.957825,0.747091,0.663256,0.635694,0.690818,0.005963,0.013602,0.074500,0.029853,0.050000,0,0,1,0,0
teapot_droplets,srd,nonorm4,1425,5225.160,0.156127,0.592572,0.622007,0.563138,19,0.00000000,0,0.124691,0.019468,0.229914,0.860496,0.970214,0.750778,0.663363,0.634116,0.692611,0.004247,0.013440,0.073265,0.029462,0.050000,0,0,1,0,0
teapot_droplets,srd,nonorm4,1450,5382.438,0.153097,0.596317,0.633641,0.558994,19,0.00000000,0,0.127840,0.015364,0.240316,0.859641,0.976677,0.742605,0.668352,0.643376,0.693329,0.003415,0.013913,0.070900,0.029896,0.050000,0,0,1,0,0
teapot_droplets,srd,nonorm4,1475,5406.498,0.148433,0.597024,0.633044,0.561004,19,0.00000037,0,0.122995,0.017152,0.228838,0.862417,0.974053,0.750781,0.666642,0.643902,0.689383,0.003154,0.013086,0.070557,0.029407,0.050000,0,0,1,0,0
teapot_droplets,srd,nonorm4,1500,5564.651,0.146076,0.599728,0.632740,0.566716,19,0.00000096,0,0.117015,0.016311,0.217719,0.867719,0.975263,0.760174,0.666580,0.643060,0.690100,0.003086,0.012611,0.070563,0.028956,0.050000,0,0,1,0,0
sun_moon,hinge2,nonorm4,1,1.542,0.567417,0.219190,0.188153,0.250228,20,0.00000000,0,0.177293,0.178263,0.176324,0.589837,0.554295,0.625379,0.258021,0.221694,0.294349,0.040238,0.035476,0.178220,0.149390,0.050000,0,0,0,0,0
sun_moon,hinge2,nonorm4,25,26.601,0.350152,0.307386,0.293951,0.320821,20,0.00001513,0,0.073796,0.069901,0.077692,0.817339,0.818156,0.816521,0.330123,0.314499,0.345747,0.015379,0.015629,0.140655,0.124359,0.050000,0,0,0,0,0
sun_moon,hinge2,nonorm4,50,186.175,0.285648,0.411197,0.421700,0.400695,20,0.00001481,0,0.057792,0.053479,0.062106,0.882603,0.892555,0.872652,0.434916,0.444252,0.425580,0.011629,0.012438,0.113302,0.107807,0.050000,0,0,0,0,0
sun_moon,hinge2,nonorm4,75,211.378,0.240904,0.484265,0.519756,0.448773,20,0.00004251,0,0.045992,0.044512,0.047472,0.916249,0.924223,0.908276,0.506484,0.542891,0.470077,0.009785,0.009374,0.093178,0.097823,0.050000,0,0,0,0,0
sun_moon,hinge2,nonorm4,100,374.906,0.221197,0.521957,0.563672,0.480242,20,0.00014599,1,0.042218,0.042675,0.041761,0.927632,0.932305,0.922959,0.544012,0.587727,0.500297,0.009236,0.008190,0.084343,0.091613,0.050000,0,0,0,0,0
sun_moon,hinge2,nonorm4,125,400.224,0.209407,0.551315,0.588504,0.514126,20,0.00009301,1,0.040742,0.041271,0.040214,0.933483,0.936901,0.930064,0.573796,0.612792,0.534801,0.008966,0.007945,0.079395,0.085562,0.050000,0,0,0,0,0
sun_moon,hinge2,nonorm4,150,564.513,0.201265,0.577024,0.597591,0.556457,20,0.00013975,1,0.040835,0.040622,0.041047,0.936257,0.938682,0.933832,0.600582,0.621867,0.579298,0.008912,0.008077,0.077621,0.077944,0.050000,0,0,0,0,0
sun_moon,hinge2,nonorm4,175,590.135,0.191388,0.614205,0.603709,0.624700,20,0.00012870,1,0.042569,0.042783,0.042356,0.937646,0.936365,0.938926,0.640349,0.629538,0.651160,0.009185,0.008384,0.076485,0.065794,0.050000,0,0,0,0,0
sun_moon,hinge2,nonorm4,200,753.977,0.176618,0.651864,0.615465,0.688264,20,0.00011613,1,0.040354,0.039542,0.041166,0.943734,0.941794,0.945674,0.678199,0.639801,0.716597,0.008666,0.008221,0.074132,0.054472,0.050000,0,0,0,0,0
sun_moon,hinge2,nonorm4,225,779.908,0.171639,0.672712,0.622042,0.723382,20,0.00006121,2,0.041824,0.041054,0.042594,0.943463,0.940383,0.946543,0.700887,0.647580,0.754194,0.008906,0.008474,0.072857,0.048286,0.050000,0,0,0,0,0
sun_moon,hinge2,nonorm4,250,945.679,0.166881,0.690176,0.635741,0.744610,20,0.00006188,2,0.042062,0.041054,0.043070,0.944526,0.941592,0.947460,0.719261,0.661841,0.776681,0.009144,0.008480,0.070208,0.044670,0.050000,0,0,0,0,0
sun_moon,hinge2,nonorm4,275,971.768,0.161588,0.710675,0.649840,0.771510,20,0.00002928,3,0.044213,0.044404,0.044021,0.943386,0.938593,0.948179,0.742084,0.678695,0.805473,0.009270,0.008826,0.067267,0.039868,0.050000,0,0,0,0,0
sun_moon,hinge2,nonorm4,300,1137.793,0.143350,0.726207,0.671625,0.780789,20,0.00003138,3,0.035946,0.031439,0.040452,0.954577,0.956587,0.952567,0.752557,0.692740,0.812374,0.006392,0.008271,0.062209,0.038392,0.050000,0,0,0,0,0
sun_moon,hinge2,nonorm4,325,1163.860,0.134277,0.733843,0.684111,0.783576,20,0.00002292,2,0.030672,0.023984,0.037359,0.961477,0.966895,0.956059,0.756684,0.700519,0.812849,0.005195,0.007687,0.059987,0.037665,0.050000,0,0,0,0,0
sun_moon,hinge2,nonorm4,350,1330.314,0.131518,0.739313,0.695987,0.782639,20,0.00001634,1,0.031013,0.023120,0.038905,0.961444,0.968553,0.954336,0.762583,0.712079,0.813087,0.004755,0.007958,0.057389,0.037877,0.050000,0,0,0,0,0
sun_moon,hinge2,nonorm4,375,1356.223,0.127593,0.745110,0.707722,0.782499,20,0.00002357,1,0.030791,0.022796,0.038786,0.961963,0.969469,0.954457,0.768352,0.723855,0.812849,0.004470,0.007791,0.054969,0.037737,0.050000,0,0,0,0,0
sun_moon,hinge2,nonorm4,400,1518.385,0.125219,0.754050,0.717292,0.790807,20,0.00002048,1,0.029727,0.021500,0.037954,0.963649,0.971494,0.955805,0.776767,0.732714,0.820821,0.004580,0.007737,0.053397,0.036450,0.050000,0,0,0,0,0
sun_moon,hinge2,nonorm4,425,1543.974,0.118627,0.763269,0.735182,0.791356,20,0.00003791,1,0.029289,0.020743,0.037835,0.964532,0.973102,0.955962,0.785864,0.750432,0.821297,0.004110,0.007449,0.049668,0.035876,0.050000,0,0,0,0,0
sun_moon,hinge2,nonorm4,450,1705.526,0.111441,0.767420,0.752603,0.782238,20,0.00004667,0,0.024299,0.017070,0.031529,0.970291,0.978186,0.962395,0.786175,0.765449,0.806901,0.003605,0.006358,0.046398,0.037538,0.050000,0,0,0,0,0
sun_moon,hinge2,nonorm4,475,1731.094,0.107154,0.777708,0.759293,0.796123,20,0.00002709,1,0.025688,0.020203,0.031172,0.969000,0.974582,0.963418,0.797786,0.774633,0.820940,0.003529,0.006292,0.044637,0.035117,0.050000,0,0,0,0,0
sun_moon,hinge2,nonorm4,500,1895.925,0.107635,0.776864,0.760195,0.793533,20,0.00002366,0,0.025163,0.019987,0.030339,0.969546,0.974871,0.964221,0.796499,0.775389,0.817609,0.003705,0.006150,0.044607,0.035553,0.050000,0,0,0,0,0
sun_moon,hinge2,nonorm4,525,1921.678,0.105796,0.777171,0.763501,0.790840,20,0.00001735,2,0.024775,0.018258,0.031291,0.970053,0.977054,0.963051,0.796514,0.777442,0.815586,0.003429,0.006068,0.043919,0.035630,0.050000,0,0,0,0,0
sun_moon,hinge2,nonorm4,550,2086.877,0.105432,0.773915,0.765462,0.782368,20,0.00001558,3,0.023845,0.016638,0.031053,0.970999,0.979068,0.962931,0.792430,0.778198,0.806663,0.003009,0.006067,0.043490,0.037341,0.050000,0,0,0,0,0
sun_moon,hinge2,nonorm4,575,2112.677,0.105725,0.776293,0.767590,0.784996,20,0.00004127,3,0.023655,0.018042,0.029268,0.971237,0.977432,0.965042,0.794705,0.781439,0.807971,0.003240,0.006068,0.043055,0.037153,0.050000,0,0,0,0,0
sun_moon,hinge2,nonorm4,600,2279.505,0.104636,0.784706,0.765005,0.804408,20,0.00004844,2,0.025844,0.020635,0.031053,0.969081,0.974252,0.963910,0.805089,0.780791,0.829387,0.003580,0.006206,0.043426,0.033656,0.050000,0,0,0,0,0
sun_moon,hinge2,nonorm4,625,2305.419,0.105253,0.793208,0.762005,0.824412,20,0.00005906,3,0.027476,0.023660,0.031291,0.967532,0.970561,0.964503,0.815121,0.780035,0.850208,0.004575,0.006062,0.044376,0.029979,0.050000,0,0,0,0,0
sun_moon,hinge2,nonorm4,650,2473.416,0.105501,0.796100,0.764016,0.828183,20,0.00005057,2,0.027497,0.023228,0.031767,0.967651,0.971145,0.964156,0.818127,0.781763,0.854491,0.004434,0.006492,0.043980,0.029503,0.050000,0,0,0,0,0
sun_moon,hinge2,nonorm4,675,2499.166,0.105765,0.786404,0.762999,0.809810,20,0.00003433,2,0.025569,0.020203,0.030934,0.969487,0.974702,0.964271,0.806637,0.778414,0.834860,0.003857,0.006287,0.044251,0.032663,0.050000,0,0,0,0,0
sun_moon,hinge2,nonorm4,700,2662.799,0.107510,0.780629,0.762687,0.798570,20,0.00004660,2,0.025828,0.019771,0.031886,0.968978,0.975210,0.962747,0.800900,0.777766,0.824033,0.003900,0.006198,0.044366,0.034659,0.050000,0,0,0,0,0
sun_moon,hinge2,nonorm4,725,2688.752,0.104734,0.778615,0.763270,0.793961,20,0.00008342,2,0.023077,0.017718,0.028435,0.972023,0.977699,0.966348,0.796666,0.776793,0.816538,0.003240,0.005931,0.043994,0.035629,0.050000,0,0,0,0,0
sun_moon,hinge2,nonorm4,750,2849.688,0.102686,0.787816,0.763958,0.811675,19,0.00006471,2,0.023508,0.019771,0.027246,0.971804,0.975250,0.968357,0.806426,0.779062,0.833789,0.003824,0.005583,0.044028,0.032388,0.050000,0,0,1,0,0
sun_moon,hinge2,nonorm4,775,2874.727,0.098197,0.794543,0.759826,0.829260,19,0.00007312,1,0.021010,0.019771,0.022249,0.974772,0.975119,0.974426,0.811279,0.774849,0.847710,0.004207,0.004541,0.044985,0.029070,0.050000,0,0,1,0,0
sun_moon,hinge2,nonorm4,800,3032.895,0.094502,0.797383,0.764837,0.829929,19,0.00007258,1,0.019361,0.019447,0.019274,0.976694,0.975666,0.977723,0.812818,0.779710,0.845925,0.004128,0.003885,0.044057,0.028838,0.050000,0,0,1,0,0
sun_moon,hinge2,nonorm4,825,3057.151,0.096630,0.785341,0.765249,0.805433,19,0.00008065,2,0.019529,0.018475,0.020583,0.976208,0.976845,0.975572,0.800699,0.779386,0.822011,0.003377,0.004252,0.043589,0.033198,0.050000,0,0,1,0,0
sun_moon,hinge2,nonorm4,850,3213.661,0.098351,0.784460,0.766546,0.802373,19,0.00010409,2,0.020713,0.018583,0.022844,0.974837,0.976754,0.972920,0.800746,0.780791,0.820702,0.003387,0.004644,0.043319,0.033758,0.050000,0,0,1,0,0
sun_moon,hinge2,nonorm4,875,3237.810,0.097454,0.791826,0.767225,0.816426,19,0.00010382,2,0.020978,0.019231,0.022725,0.974752,0.975998,0.973505,0.808479,0.781979,0.834979,0.003720,0.004664,0.043404,0.031262,0.050000,0,0,1,0,0
sun_moon,hinge2,nonorm4,900,3396.618,0.101125,0.798117,0.767842,0.828393,19,0.00013911,1,0.025410,0.023336,0.027484,0.969939,0.971158,0.968720,0.818460,0.785761,0.851160,0.004529,0.005398,0.043321,0.029220,0.050000,0,0,1,0,0
sun_moon,hinge2,nonorm4,925,3421.063,0.101795,0.798271,0.764134,0.832409,19,0.00013183,1,0.025876,0.022364,0.029387,0.969506,0.972170,0.966841,0.819047,0.781223,0.856871,0.004424,0.005694,0.044029,0.028502,0.050000,0,0,1,0,0
sun_moon,hinge2,nonorm4,950,3576.152,0.102956,0.793808,0.762398,0.825217,19,0.00007173,1,0.025135,0.021716,0.028554,0.970166,0.972878,0.967453,0.813867,0.778954,0.848780,0.004410,0.005599,0.044462,0.029839,0.050000,0,0,1,0,0
sun_moon,hinge2,nonorm4,975,3600.484,0.104379,0.791226,0.761990,0.820462,19,0.00008676,2,0.025919,0.022688,0.029149,0.969170,0.971710,0.966630,0.811828,0.779278,0.844378,0.004470,0.005757,0.044404,0.030597,0.050000,0,0,1,0,0
sun_moon,hinge2,nonorm4,1000,3755.260,0.104061,0.803652,0.761629,0.845675,19,0.00010567,1,0.027919,0.024309,0.031529,0.967450,0.969782,0.965118,0.826240,0.780143,0.872338,0.004831,0.006332,0.044522,0.026366,0.050000,0,0,1,0,0
sun_moon,hinge2,nonorm4,1025,3779.748,0.100640,0.810624,0.760663,0.860586,19,0.00010344,1,0.027552,0.023336,0.031767,0.968176,0.970893,0.965459,0.833169,0.778414,0.887924,0.004759,0.006117,0.044852,0.023388,0.050000,0,0,1,0,0
sun_moon,hinge2,nonorm4,1050,3935.500,0.095230,0.813381,0.760063,0.866698,19,0.00009667,1,0.023604,0.022580,0.024628,0.972392,0.971768,0.973015,0.832634,0.777226,0.888043,0.004571,0.004948,0.045121,0.022541,0.050000,0,0,1,0,0
sun_moon,hinge2,nonorm4,1075,3960.307,0.090751,0.811978,0.760881,0.863076,19,0.00007735,1,0.021464,0.020203,0.022725,0.974768,0.974634,0.974901,0.829471,0.776253,0.882689,0.004032,0.004273,0.044688,0.022868,0.050000,0,0,1,0,0
sun_moon,hinge2,nonorm4,1100,4111.441,0.090596,0.814657,0.762787,0.866527,18,0.00011187,1,0.021761,0.020203,0.023319,0.974536,0.974696,0.974376,0.832466,0.778198,0.886734,0.003970,0.004514,0.044286,0.022353,0.050000,0,0,2,0,0
sun_moon,hinge2,nonorm4,1125,4134.973,0.090858,0.814824,0.762499,0.867148,18,0.00010919,1,0.021544,0.022148,0.020940,0.974631,0.972368,0.976894,0.832346,0.779386,0.885306,0.004300,0.004260,0.044248,0.022384,0.050000,0,0,2,0,0
sun_moon,hinge2,nonorm4,1150,4282.861,0.091549,0.816728,0.763194,0.870263,18,0.00016694,1,0.022469,0.021500,0.023438,0.973761,0.973163,0.974359,0.835131,0.779602,0.890660,0.004342,0.004530,0.044270,0.021834,0.050000,0,0,2,0,0
sun_moon,hinge2,nonorm4,1175,4306.463,0.090715,0.817942,0.766723,0.869161,18,0.00013669,1,0.022329,0.020743,0.023914,0.974006,0.974180,0.973832,0.836287,0.782627,0.889946,0.004199,0.004562,0.043665,0.021978,0.050000,0,0,2,0,0
sun_moon,hinge2,nonorm4,1200,4457.439,0.090951,0.818697,0.764389,0.873005,18,0.00013195,2,0.022095,0.023012,0.021178,0.974104,0.971413,0.976796,0.836736,0.781979,0.891493,0.004507,0.004349,0.044009,0.021525,0.050000,0,0,2,0,0
sun_moon,hinge2,nonorm4,1225,4481.359,0.090724,0.817552,0.769516,0.865588,18,0.00011190,2,0.021880,0.021392,0.022368,0.974426,0.973505,0.975347,0.835463,0.785977,0.884949,0.004263,0.004475,0.043017,0.022746,0.050000,0,0,2,0,0
sun_moon,hinge2,nonorm4,1250,4632.242,0.090329,0.814439,0.767324,0.861555,18,0.00013633,1,0.020301,0.019663,0.020940,0.976116,0.975485,0.976747,0.831003,0.782411,0.879595,0.004021,0.004274,0.043661,0.023420,0.050000,0,0,2,0,0
sun_moon,hinge2,nonorm4,1275,4656.031,0.089561,0.815846,0.769166,0.862526,18,0.00014194,1,0.020935,0.018907,0.022963,0.975539,0.976444,0.974635,0.833020,0.783708,0.882332,0.003702,0.004556,0.043027,0.023346,0.050000,0,0,2,0,0
sun_moon,hinge2,nonorm4,1300,4809.310,0.088224,0.816474,0.768171,0.864777,18,0.00012213,1,0.019707,0.019663,0.019750,0.976803,0.975511,0.978094,0.832566,0.783276,0.881856,0.003896,0.004061,0.043281,0.022824,0.050000,0,0,2,0,0
sun_moon,hinge2,nonorm4,1325,4833.967,0.086461,0.814294,0.767639,0.860949,18,0.00014183,1,0.018231,0.018258,0.018203,0.978416,0.977175,0.979657,0.829138,0.781655,0.876621,0.003554,0.003739,0.043262,0.023524,0.050000,0,0,2,0,0
sun_moon,hinge2,nonorm4,1350,4988.703,0.086154,0.813444,0.769361,0.857527,18,0.00013134,1,0.018582,0.018366,0.018798,0.978016,0.977095,0.978936,0.828569,0.783492,0.873647,0.003574,0.003605,0.043011,0.023898,0.050000,0,0,2,0,0
sun_moon,hinge2,nonorm4,1375,5012.974,0.085812,0.813378,0.769965,0.856792,18,0.00011229,1,0.017376,0.018691,0.016062,0.979305,0.976725,0.981884,0.827455,0.784356,0.870553,0.003586,0.003432,0.042734,0.024455,0.050000,0,0,2,0,0
sun_moon,hinge2,nonorm4,1400,5167.355,0.086851,0.811381,0.771043,0.851718,18,0.00013611,1,0.018015,0.017826,0.018203,0.978615,0.977790,0.979441,0.826005,0.784788,0.867222,0.003575,0.003562,0.042703,0.025143,0.050000,0,0,2,0,0
sun_moon,hinge2,nonorm4,1425,5191.337,0.087483,0.810523,0.769182,0.851865,18,0.00014719,1,0.017825,0.018042,0.017609,0.978785,0.977478,0.980091,0.824962,0.783060,0.866865,0.003625,0.003562,0.043084,0.025254,0.050000,0,0,2,0,0
sun_moon,hinge2,nonorm4,1450,5346.378,0.086938,0.809321,0.772785,0.845857,18,0.00012269,2,0.017577,0.017070,0.018084,0.979088,0.978743,0.979432,0.823565,0.785977,0.861154,0.003376,0.003585,0.042497,0.026162,0.050000,0,0,2,0,0
sun_moon,hinge2,nonorm4,1475,5370.842,0.087336,0.807132,0.770628,0.843637,18,0.00012589,1,0.017739,0.017394,0.018084,0.978837,0.978296,0.979379,0.821463,0.784032,0.858894,0.003439,0.003490,0.042711,0.026518,0.050000,0,0,2,0,0
sun_moon,hinge2,nonorm4,1500,5519.101,0.087601,0.808802,0.775473,0.842130,17,0.00010817,2,0.016215,0.015774,0.016657,0.980642,0.980368,0.980916,0.821931,0.787705,0.856157,0.003546,0.003486,0.042190,0.026933,0.050000,0,0,3,0,0
sun_moon,hinge2,nonorm4,1525,5542.336,0.089576,0.801961,0.769672,0.834250,17,0.00014910,1,0.016906,0.017394,0.016419,0.979637,0.978270,0.981005,0.815504,0.783060,0.847948,0.003512,0.003492,0.043045,0.028353,0.050000,0,0,3,0,0
sun_moon,hinge2,nonorm4,1550,5689.251,0.089608,0.801825,0.770121,0.833528,17,0.00013059,1,0.017972,0.017502,0.018441,0.978445,0.978152,0.978738,0.816250,0.783600,0.848899,0.003374,0.003714,0.042684,0.028427,0.050000,0,0,3,0,0
sun_moon,hinge2,nonorm4,1575,5712.383,0.088420,0.802573,0.771911,0.833236,17,0.00014455,2,0.016809,0.016962,0.016657,0.979783,0.978850,0.980716,0.816060,0.785004,0.847115,0.003330,0.003449,0.042522,0.028495,0.050000,0,0,3,0,0
sun_moon,hinge2,nonorm4,1600,5857.899,0.088608,0.802039,0.775144,0.828935,17,0.00013619,2,0.017562,0.016206,0.018917,0.978967,0.979841,0.978093,0.816161,0.787705,0.844616,0.003104,0.003737,0.041828,0.029155,0.050000,0,0,3,0,0
sun_moon,hinge2,nonorm4,1625,5880.940,0.087406,0.801902,0.774918,0.828886,17,0.00011451,2,0.016102,0.015666,0.016538,0.980618,0.980485,0.980751,0.814825,0.787057,0.842594,0.003018,0.003463,0.041883,0.029221,0.050000,0,0,3,0,0
sun_moon,hinge2,nonorm4,1650,6026.448,0.087785,0.799776,0.772587,0.826966,17,0.00015023,2,0.016778,0.015233,0.018322,0.979827,0.980949,0.978706,0.813237,0.784356,0.842118,0.002924,0.003508,0.042212,0.029479,0.050000,0,0,3,0,0
sun_moon,hinge2,nonorm4,1675,6049.659,0.088711,0.800870,0.775141,0.826600,17,0.00014294,2,0.017075,0.015233,0.018917,0.979521,0.981010,0.978033,0.814593,0.786949,0.842237,0.002911,0.003875,0.041730,0.029582,0.050000,0,0,3,0,0
water_fire,hinge2,nonorm4,1,1.575,0.387468,0.283555,0.262169,0.304941,20,0.00015351,0,0.191345,0.178661,0.204028,0.638221,0.633643,0.642799,0.338083,0.309009,0.367157,0.024032,0.030203,0.104574,0.108885,0.050000,0,0,0,0,0
water_fire,hinge2,nonorm4,25,27.587,0.212701,0.421134,0.393071,0.449196,20,0.00004586,1,0.072365,0.065258,0.079473,0.862173,0.865165,0.859182,0.451809,0.418722,0.484895,0.008636,0.011680,0.077762,0.077274,0.050000,0,0,0,0,0
water_fire,hinge2,nonorm4,50,191.341,0.149733,0.588607,0.580326,0.596888,20,0.00008246,1,0.052900,0.050495,0.055306,0.921396,0.923507,0.919286,0.619764,0.609629,0.629899,0.006546,0.008093,0.052563,0.055188,0.050000,0,0,0,0,0
water_fire,hinge2,nonorm4,75,216.461,0.118561,0.687787,0.680205,0.695369,20,0.00018786,0,0.046027,0.044959,0.047095,0.939880,0.940511,0.939249,0.719452,0.710787,0.728118,0.005828,0.006800,0.039909,0.041170,0.050000,0,0,0,0,0
water_fire,hinge2,nonorm4,100,377.437,0.107411,0.731708,0.734920,0.728495,20,0.00007245,0,0.045563,0.042946,0.048180,0.943796,0.946943,0.940649,0.765038,0.766482,0.763594,0.005567,0.006909,0.032849,0.036538,0.050000,0,0,0,0,0
water_fire,hinge2,nonorm4,125,402.675,0.096653,0.764749,0.775946,0.753552,20,0.00000378,1,0.042188,0.037745,0.046631,0.949700,0.955224,0.944177,0.796962,0.805234,0.788691,0.004915,0.006739,0.027644,0.033129,0.050000,0,0,0,0,0
water_fire,hinge2,nonorm4,150,559.149,0.081785,0.795732,0.811017,0.780448,19,0.00001658,0,0.035166,0.032377,0.037955,0.959007,0.962770,0.955243,0.823673,0.837276,0.810070,0.004244,0.005405,0.023067,0.029200,0.050000,0,0,1,0,0
water_fire,hinge2,nonorm4,175,583.549,0.076611,0.814587,0.833878,0.795296,19,0.00000913,0,0.033296,0.026002,0.040589,0.961876,0.970504,0.953248,0.841568,0.855561,0.827576,0.003484,0.005890,0.020343,0.027277,0.050000,0,0,1,0,0
water_fire,hinge2,nonorm4,200,735.666,0.071154,0.833539,0.866186,0.800893,18,0.00001087,0,0.032018,0.022983,0.041053,0.963896,0.974719,0.953072,0.859933,0.886093,0.833772,0.003026,0.006010,0.016229,0.026680,0.050000,0,0,2,0,0
water_fire,hinge2,nonorm4,225,759.032,0.066727,0.846570,0.887685,0.805456,18,0.00003801,0,0.030418,0.021641,0.039194,0.965981,0.976694,0.955269,0.871960,0.906895,0.837026,0.002883,0.005756,0.013592,0.025962,0.050000,0,0,2,0,0
water_fire,hinge2,nonorm4,250,904.242,0.063315,0.860232,0.908299,0.812165,17,0.00001414,0,0.029998,0.020802,0.039194,0.966839,0.978057,0.955622,0.885595,0.927193,0.843997,0.002752,0.005773,0.011109,0.025132,0.050000,0,0,3,0,0
water_fire,hinge2,nonorm4,275,926.438,0.061304,0.862388,0.904191,0.820586,17,0.00000026,0,0.028914,0.020802,0.037026,0.968132,0.977959,0.958304,0.886984,0.922999,0.850968,0.002699,0.005474,0.011445,0.023976,0.050000,0,0,3,0,0
water_fire,hinge2,nonorm4,300,1070.366,0.059246,0.865388,0.905465,0.825311,17,0.00000572,0,0.027648,0.022144,0.033153,0.969604,0.976633,0.962574,0.889094,0.925516,0.852672,0.002859,0.004915,0.011414,0.023318,0.050000,0,0,3,0,0
water_fire,hinge2,nonorm4,325,1092.893,0.056463,0.871282,0.913680,0.828884,17,0.00000259,1,0.026648,0.020299,0.032998,0.970791,0.978690,0.962892,0.894231,0.932226,0.856235,0.002665,0.004756,0.010357,0.022697,0.050000,0,0,3,0,0
water_fire,hinge2,nonorm4,350,1238.179,0.054230,0.876898,0.921139,0.832657,17,0.00000001,1,0.024660,0.018957,0.030364,0.973011,0.980203,0.965818,0.898270,0.938601,0.857940,0.002603,0.004498,0.009634,0.022214,0.050000,0,0,3,0,0
water_fire,hinge2,nonorm4,375,1260.892,0.048777,0.882191,0.924873,0.839510,17,0.00018544,1,0.022317,0.020466,0.024167,0.975718,0.978775,0.972660,0.901800,0.943801,0.859799,0.002595,0.003433,0.008906,0.021035,0.050000,0,0,3,0,0
water_fire,hinge2,nonorm4,400,1406.611,0.045938,0.886196,0.927034,0.845358,17,0.00016832,2,0.019309,0.020802,0.017816,0.979103,0.978491,0.979714,0.903368,0.946318,0.860418,0.002809,0.002652,0.008753,0.020314,0.050000,0,0,3,0,0
water_fire,hinge2,nonorm4,425,1429.261,0.046509,0.888225,0.929758,0.846691,17,0.00002141,0,0.020200,0.019795,0.020604,0.978131,0.979549,0.976712,0.906150,0.948163,0.864136,0.002655,0.003111,0.008481,0.020116,0.050000,0,0,3,0,0
water_fire,hinge2,nonorm4,450,1573.310,0.043490,0.891398,0.935542,0.847254,17,0.00000149,0,0.017947,0.017614,0.018280,0.980542,0.981834,0.979251,0.907382,0.952021,0.862742,0.002455,0.002676,0.007840,0.019960,0.050000,0,0,3,0,0
water_fire,hinge2,nonorm4,475,1595.989,0.042815,0.892880,0.936398,0.849361,17,0.00000168,0,0.018122,0.018118,0.018125,0.980410,0.981350,0.979470,0.909060,0.953364,0.864756,0.002399,0.002672,0.007558,0.019730,0.050000,0,0,3,0,0
water_fire,hinge2,nonorm4,500,1742.625,0.041210,0.891152,0.933574,0.848730,17,0.00001571,0,0.016578,0.020299,0.012858,0.982199,0.979134,0.985263,0.906084,0.952525,0.859644,0.002600,0.001929,0.007927,0.019731,0.050000,0,0,3,0,0
water_fire,hinge2,nonorm4,525,1765.460,0.041227,0.892398,0.936349,0.848448,17,0.00000732,2,0.016488,0.019963,0.013013,0.982305,0.979525,0.985085,0.907265,0.955041,0.859489,0.002640,0.001966,0.007590,0.019785,0.050000,0,0,3,0,0
water_fire,hinge2,nonorm4,550,1909.358,0.040492,0.895304,0.940402,0.850206,17,0.00001021,0,0.016759,0.018957,0.014562,0.981999,0.980601,0.983398,0.910408,0.958228,0.862587,0.002503,0.002094,0.007100,0.019494,0.050000,0,0,3,0,0
water_fire,hinge2,nonorm4,575,1932.059,0.040373,0.896325,0.939434,0.853215,17,0.00000277,0,0.016772,0.019292,0.014253,0.982024,0.980251,0.983797,0.911467,0.957557,0.865376,0.002510,0.002107,0.007231,0.019157,0.050000,0,0,3,0,0
water_fire,hinge2,nonorm4,600,2071.098,0.041483,0.896471,0.941496,0.851446,16,0.00000271,0,0.017883,0.017950,0.017816,0.980736,0.981615,0.979856,0.912506,0.958396,0.866615,0.002327,0.002624,0.006901,0.019383,0.050000,0,0,4,0,0
water_fire,hinge2,nonorm4,625,2092.474,0.041127,0.894795,0.939529,0.850061,16,0.00000160,0,0.016882,0.018118,0.015647,0.981805,0.981411,0.982200,0.909956,0.956551,0.863362,0.002363,0.002364,0.007148,0.019637,0.050000,0,0,4,0,0
water_fire,hinge2,nonorm4,650,2229.104,0.038710,0.898710,0.943116,0.854304,16,0.00000314,0,0.015385,0.017447,0.013323,0.983493,0.982143,0.984843,0.912628,0.959571,0.865686,0.002297,0.002027,0.006737,0.018976,0.050000,0,0,4,0,0
water_fire,hinge2,nonorm4,675,2250.556,0.039225,0.901043,0.945532,0.856554,16,0.00000727,0,0.017321,0.019460,0.015182,0.981526,0.980212,0.982840,0.916745,0.963932,0.869558,0.002448,0.002210,0.006327,0.018619,0.050000,0,0,4,0,0
water_fire,hinge2,nonorm4,700,2386.481,0.038311,0.901570,0.944993,0.858147,16,0.00000704,0,0.016049,0.018621,0.013478,0.982881,0.981022,0.984740,0.916152,0.962590,0.869713,0.002404,0.001992,0.006510,0.018469,0.050000,0,0,4,0,0
water_fire,hinge2,nonorm4,725,2407.856,0.038725,0.901366,0.941438,0.861294,16,0.00000970,1,0.016404,0.019795,0.013013,0.982551,0.979798,0.985304,0.916288,0.960074,0.872502,0.002573,0.001953,0.006840,0.018074,0.050000,0,0,4,0,0
water_fire,hinge2,nonorm4,750,2545.011,0.038145,0.903618,0.944829,0.862406,16,0.00001702,0,0.015972,0.018621,0.013323,0.983001,0.981019,0.984983,0.918159,0.962422,0.873896,0.002460,0.002005,0.006545,0.017965,0.050000,0,0,4,0,0
water_fire,hinge2,nonorm4,775,2566.261,0.041026,0.902937,0.945341,0.860532,16,0.00000271,0,0.018773,0.018957,0.018590,0.979966,0.980700,0.979232,0.919896,0.963261,0.876530,0.002487,0.002733,0.006515,0.018189,0.050000,0,0,4,0,0
water_fire,hinge2,nonorm4,800,2701.619,0.039844,0.904818,0.941893,0.867743,16,0.00000809,0,0.017928,0.019124,0.016731,0.980928,0.980466,0.981389,0.921084,0.959906,0.882262,0.002503,0.002508,0.006911,0.017309,0.050000,0,0,4,0,0
water_fire,hinge2,nonorm4,825,2723.029,0.039550,0.906461,0.944682,0.868241,16,0.00000262,0,0.017999,0.018957,0.017041,0.980877,0.980687,0.981067,0.922813,0.962590,0.883036,0.002467,0.002578,0.006554,0.017209,0.050000,0,0,4,0,0
water_fire,hinge2,nonorm4,850,2859.468,0.041153,0.902140,0.937582,0.866697,16,0.00000391,0,0.018915,0.018621,0.019210,0.979796,0.980875,0.978716,0.919194,0.955041,0.883346,0.002445,0.002775,0.007482,0.017360,0.050000,0,0,4,0,0
water_fire,hinge2,nonorm4,875,2880.644,0.040773,0.905556,0.944527,0.866586,16,0.00000369,0,0.020484,0.019124,0.021844,0.978223,0.980519,0.975926,0.924053,0.962590,0.885515,0.002502,0.002899,0.006501,0.017195,0.050000,0,0,4,0,0
water_fire,hinge2,nonorm4,900,3016.248,0.040097,0.905338,0.945844,0.864832,16,0.00000409,0,0.019012,0.019124,0.018900,0.979774,0.980546,0.979002,0.922555,0.963932,0.881177,0.002526,0.002626,0.006401,0.017537,0.050000,0,0,4,0,0
water_fire,hinge2,nonorm4,925,3037.599,0.038806,0.907161,0.947178,0.867144,16,0.00000636,0,0.018715,0.019460,0.017971,0.980147,0.980245,0.980048,0.924168,0.965610,0.882727,0.002518,0.002438,0.006171,0.017117,0.050000,0,0,4,0,0
water_fire,hinge2,nonorm4,950,3174.574,0.039264,0.908258,0.948296,0.868221,16,0.00000360,0,0.017837,0.018789,0.016886,0.981078,0.980923,0.981233,0.924497,0.966113,0.882881,0.002527,0.002532,0.006234,0.017152,0.050000,0,0,4,0,0
water_fire,hinge2,nonorm4,975,3195.775,0.038422,0.908116,0.947481,0.868750,16,0.00000340,0,0.017612,0.018957,0.016266,0.981326,0.980743,0.981909,0.924162,0.965442,0.882881,0.002485,0.002363,0.006218,0.017077,0.050000,0,0,4,0,0
water_fire,hinge2,nonorm4,1000,3332.017,0.038547,0.908669,0.948608,0.868730,16,0.00000157,0,0.017282,0.018453,0.016112,0.981666,0.981257,0.982075,0.924420,0.966113,0.882727,0.002480,0.002409,0.006140,0.017135,0.050000,0,0,4,0,0
water_fire,hinge2,nonorm4,1025,3353.235,0.039797,0.907747,0.949030,0.866464,16,0.00000194,0,0.019444,0.020299,0.018590,0.979419,0.979467,0.979371,0.925433,0.968294,0.882572,0.002629,0.002603,0.005996,0.017294,0.050000,0,0,4,0,0
water_fire,hinge2,nonorm4,1050,3489.377,0.039173,0.907580,0.946302,0.868857,16,0.00000136,0,0.018367,0.018453,0.018280,0.980485,0.981213,0.979756,0.924252,0.963764,0.884741,0.002454,0.002604,0.006375,0.016914,0.050000,0,0,4,0,0
water_fire,hinge2,nonorm4,1075,3510.655,0.039707,0.909174,0.949127,0.869221,16,0.00000128,0,0.018851,0.018957,0.018745,0.980023,0.980776,0.979270,0.926317,0.967120,0.885515,0.002489,0.002778,0.006005,0.017045,0.050000,0,0,4,0,0
water_fire,hinge2,nonorm4,1100,3647.672,0.039354,0.910667,0.950552,0.870781,16,0.00000148,0,0.018419,0.017782,0.019055,0.980465,0.981951,0.978978,0.927415,0.967455,0.887374,0.002369,0.002873,0.005830,0.016926,0.050000,0,0,4,0,1
water_fire,hinge2,nonorm4,1125,3668.992,0.039232,0.910835,0.952350,0.869321,16,0.00000177,0,0.018483,0.017447,0.019520,0.980382,0.982313,0.978450,0.927627,0.968965,0.886290,0.002274,0.002925,0.005628,0.017164,0.050000,0,0,4,0,1
water_fire,hinge2,nonorm4,1150,3805.554,0.038602,0.910452,0.951445,0.869460,16,0.00000262,0,0.018187,0.015769,0.020604,0.980626,0.983945,0.977308,0.926911,0.966449,0.887374,0.002049,0.002989,0.005757,0.016978,0.050000,0,0,4,0,1
water_fire,hinge2,nonorm4,1175,3826.935,0.037371,0.912167,0.954478,0.869856,16,0.00000326,0,0.016780,0.013421,0.020139,0.982062,0.986315,0.977808,0.927331,0.967287,0.887374,0.001804,0.002953,0.005464,0.017027,0.050000,0,0,4,0,1
water_fire,hinge2,nonorm4,1200,3961.727,0.034926,0.912085,0.952618,0.871553,16,0.00000113,0,0.014656,0.012582,0.016731,0.984297,0.987124,0.981469,0.925369,0.964603,0.886135,0.001700,0.002433,0.005610,0.016666,0.050000,0,0,4,0,1
water_fire,hinge2,nonorm4,1225,3982.930,0.034973,0.912359,0.954417,0.870300,16,0.00000053,0,0.014870,0.012079,0.017661,0.984050,0.987650,0.980449,0.925808,0.965945,0.885670,0.001641,0.002506,0.005473,0.016797,0.050000,0,0,4,0,1
water_fire,hinge2,nonorm4,1250,4120.850,0.035232,0.912538,0.953770,0.871307,16,0.00000028,0,0.014805,0.012414,0.017196,0.984137,0.987307,0.980967,0.925950,0.965610,0.886290,0.001667,0.002538,0.005568,0.016756,0.050000,0,0,4,0,1
water_fire,hinge2,nonorm4,1275,4142.344,0.035167,0.912609,0.952349,0.872868,16,0.00000175,0,0.015715,0.013924,0.017506,0.983228,0.985785,0.980671,0.926879,0.965610,0.888149,0.001765,0.002497,0.005542,0.016481,0.050000,0,0,4,0,1
water_fire,hinge2,nonorm4,1300,4279.642,0.033626,0.913973,0.953785,0.874160,16,0.00000019,0,0.013578,0.012750,0.014407,0.985493,0.986973,0.984012,0.926350,0.965945,0.886754,0.001691,0.002180,0.005480,0.016396,0.050000,0,0,4,0,1
water_fire,hinge2,nonorm4,1325,4301.008,0.034038,0.912927,0.952799,0.873055,16,0.00000082,0,0.014127,0.012917,0.015337,0.984893,0.986792,0.982993,0.925776,0.965107,0.886445,0.001726,0.002217,0.005594,0.016452,0.050000,0,0,4,0,1
water_fire,hinge2,nonorm4,1350,4436.366,0.033061,0.910094,0.949950,0.870237,16,0.00000308,0,0.012320,0.012246,0.012393,0.986776,0.987425,0.986128,0.921303,0.961584,0.881022,0.001655,0.001833,0.005981,0.016798,0.050000,0,0,4,0,1
water_fire,hinge2,nonorm4,1375,4457.223,0.033420,0.912234,0.952752,0.871717,16,0.00000074,0,0.013159,0.011911,0.014407,0.985882,0.987796,0.983968,0.924188,0.964100,0.884276,0.001646,0.002056,0.005670,0.016653,0.050000,0,0,4,0,1
water_fire,hinge2,nonorm4,1400,4594.129,0.033937,0.910178,0.950339,0.870017,16,0.00000188,0,0.013837,0.013421,0.014253,0.985181,0.986257,0.984105,0.922755,0.963093,0.882417,0.001689,0.002080,0.005741,0.016890,0.050000,0,0,4,0,1
water_fire,hinge2,nonorm4,1425,4615.484,0.033268,0.913157,0.954101,0.872214,16,0.00000245,0,0.013566,0.012414,0.014717,0.985477,0.987311,0.983643,0.925498,0.965945,0.885050,0.001653,0.002088,0.005446,0.016552,0.050000,0,0,4,0,1
water_fire,hinge2,nonorm4,1450,4752.369,0.034721,0.909706,0.951325,0.868088,16,0.00000195,0,0.015147,0.013253,0.017041,0.983751,0.986438,0.981064,0.923407,0.963932,0.882881,0.001744,0.002218,0.005742,0.016991,0.050000,0,0,4,0,1
water_fire,hinge2,nonorm4,1475,4773.823,0.033776,0.908204,0.949057,0.867350,16,0.00000044,1,0.013404,0.014259,0.012548,0.985658,0.985403,0.985913,0.920412,0.962590,0.878234,0.001760,0.001840,0.005913,0.017216,0.050000,0,0,4,0,1
water_fire,hinge2,nonorm4,1500,4911.535,0.033846,0.910694,0.950282,0.871106,16,0.00000751,0,0.013327,0.012246,0.014407,0.985693,0.987429,0.983957,0.922788,0.961919,0.883656,0.001638,0.002097,0.005880,0.016781,0.050000,0,0,4,0,1
water_fire,hinge2,nonorm4,1525,4932.901,0.032898,0.913475,0.951797,0.875153,16,0.00000044,0,0.012649,0.012750,0.012548,0.986491,0.986946,0.986037,0.925034,0.963932,0.886135,0.001726,0.001920,0.005728,0.016243,0.050000,0,0,4,0,1
water_fire,hinge2,nonorm4,1550,5069.216,0.033947,0.911918,0.952499,0.871337,16,0.00000177,0,0.014308,0.013588,0.015027,0.984707,0.986121,0.983293,0.924936,0.965442,0.884431,0.001738,0.002116,0.005612,0.016689,0.050000,0,0,4,0,1
water_fire,hinge2,nonorm4,1575,5090.552,0.032999,0.909160,0.944656,0.873663,16,0.00000262,0,0.013256,0.012414,0.014098,0.985762,0.987186,0.984337,0.921182,0.956383,0.885980,0.001616,0.001860,0.006575,0.016184,0.050000,0,0,4,0,1
water_fire,hinge2,nonorm4,1600,5226.416,0.032635,0.911783,0.949445,0.874121,16,0.00000353,0,0.012468,0.012079,0.012858,0.986635,0.987586,0.985685,0.923136,0.960913,0.885360,0.001652,0.001834,0.006076,0.016240,0.050000,0,0,4,0,1
water_fire,hinge2,nonorm4,1625,5247.572,0.033051,0.910894,0.949346,0.872441,16,0.00000546,0,0.013759,0.013421,0.014098,0.985279,0.986242,0.984316,0.923414,0.962087,0.884741,0.001776,0.001842,0.005955,0.016289,0.050000,0,0,4,0,1
water_fire,hinge2,nonorm4,1650,5383.284,0.032800,0.913854,0.952594,0.875115,16,0.00000358,0,0.013398,0.012079,0.014717,0.985662,0.987627,0.983697,0.926047,0.964100,0.887994,0.001684,0.001968,0.005739,0.016097,0.050000,0,0,4,0,1
water_fire,hinge2,nonorm4,1675,5404.349,0.031451,0.914174,0.951797,0.876551,16,0.00000277,0,0.012107,0.012750,0.011464,0.987090,0.986946,0.987235,0.925266,0.963932,0.886600,0.001672,0.001644,0.005711,0.015969,0.050000,0,0,4,0,1
water_fire,hinge2,nonorm4,1700,5534.927,0.031883,0.914668,0.952594,0.876742,16,0.00000042,0,0.011926,0.012079,0.011774,0.987264,0.987627,0.986901,0.925582,0.964100,0.887064,0.001628,0.001790,0.005665,0.016087,0.050000,0,0,4,0,1
water_fire,hinge2,nonorm4,1725,5555.981,0.031736,0.914772,0.952515,0.877029,16,0.00000268,0,0.012771,0.013924,0.011619,0.986431,0.985788,0.987073,0.926498,0.965778,0.887219,0.001781,0.001654,0.005575,0.015946,0.050000,0,0,4,0,1
water_fire,hinge2,nonorm4,1750,5686.240,0.030274,0.916270,0.954297,0.878244,15,0.00000334,0,0.011035,0.013085,0.008985,0.988304,0.986646,0.989962,0.926459,0.966784,0.886135,0.001682,0.001417,0.005379,0.015862,0.050000,0,0,5,0,1
water_fire,hinge2,nonorm4,1775,5706.263,0.031145,0.913855,0.950331,0.877379,15,0.00000304,0,0.011351,0.013253,0.009450,0.987933,0.986424,0.989443,0.924298,0.962926,0.885670,0.001771,0.001438,0.005834,0.015931,0.050000,0,0,5,0,1
water_fire,hinge2,nonorm4,1800,5836.030,0.031376,0.914485,0.953280,0.875689,15,0.00000136,0,0.012255,0.012582,0.011929,0.986925,0.987133,0.986717,0.925705,0.965274,0.886135,0.001698,0.001646,0.005549,0.015934,0.050000,0,0,5,0,1
water_fire,hinge2,nonorm4,1825,5855.989,0.030439,0.916402,0.953122,0.879681,15,0.00000129,0,0.011100,0.012750,0.009450,0.988217,0.986964,0.989470,0.926634,0.965274,0.887994,0.001693,0.001471,0.005586,0.015578,0.050000,0,0,5,0,1
water_fire,hinge2,nonorm4,1850,5983.816,0.030336,0.915564,0.953808,0.877319,15,0.00000647,0,0.011739,0.013253,0.010225,0.987534,0.986473,0.988595,0.926369,0.966449,0.886290,0.001710,0.001383,0.005517,0.015812,0.050000,0,0,5,0,1
water_fire,hinge2,nonorm4,1875,6004.008,0.030765,0.915778,0.956594,0.874962,15,0.00000000,0,0.012410,0.012582,0.012239,0.986774,0.987177,0.986370,0.927150,0.968629,0.885670,0.001690,0.001565,0.005190,0.015972,0.050000,0,0,5,0,1
water_fire,hinge2,nonorm4,1900,6133.453,0.030088,0.915522,0.953912,0.877131,15,0.00000289,0,0.010293,0.011911,0.008675,0.989050,0.987811,0.990290,0.925007,0.965274,0.884741,0.001628,0.001357,0.005474,0.016016,0.050000,0,0,5,0,1
water_fire,hinge2,nonorm4,1925,6153.723,0.032324,0.911949,0.951923,0.871975,15,0.00000184,1,0.011765,0.011911,0.011619,0.987393,0.987786,0.986999,0.922684,0.963261,0.882107,0.001633,0.001751,0.005680,0.016696,0.050000,0,0,5,0,1
water_fire,hinge2,nonorm4,1950,6282.794,0.031476,0.915769,0.954930,0.876607,15,0.00000111,0,0.012171,0.012414,0.011929,0.987027,0.987322,0.986731,0.926924,0.966784,0.887064,0.001682,0.001716,0.005365,0.016013,0.050000,0,0,5,0,1
water_fire,hinge2,nonorm4,1975,6302.913,0.030191,0.916169,0.954922,0.877416,15,0.00000000,0,0.011003,0.012246,0.009760,0.988297,0.987489,0.989104,0.926298,0.966616,0.885980,0.001616,0.001460,0.005309,0.015934,0.050000,0,0,5,0,1
water_fire,hinge2,nonorm4,2000,6431.968,0.029994,0.915523,0.952286,0.878760,15,0.00000229,0,0.011016,0.012582,0.009450,0.988290,0.987120,0.989459,0.925666,0.964268,0.887064,0.001644,0.001374,0.005560,0.015694,0.050000,0,0,5,0,1
water_fire,hinge2,nonorm4,2025,6452.131,0.030035,0.915784,0.952097,0.879472,15,0.00000891,0,0.010532,0.012079,0.008985,0.988798,0.987620,0.989976,0.925485,0.963597,0.887374,0.001632,0.001376,0.005663,0.015669,0.050000,0,0,5,0,1
water_fire,hinge2,nonorm4,2050,6583.106,0.030890,0.914720,0.953905,0.875536,15,0.00000397,1,0.011836,0.011743,0.011929,0.987347,0.987979,0.986715,0.925543,0.965107,0.885980,0.001598,0.001599,0.005457,0.016076,0.050000,0,0,5,0,1
water_fire,hinge2,nonorm4,2075,6603.610,0.029989,0.915651,0.953407,0.877895,15,0.00000522,1,0.010829,0.011743,0.009915,0.988457,0.987973,0.988941,0.925601,0.964603,0.886600,0.001595,0.001407,0.005513,0.015793,0.050000,0,0,5,0,1
water_fire,hinge2,nonorm4,2100,6734.553,0.030301,0.916594,0.954410,0.878779,15,0.00000278,1,0.010758,0.011911,0.009605,0.988554,0.987817,0.989290,0.926498,0.965778,0.887219,0.001595,0.001521,0.005367,0.015831,0.050000,0,0,5,0,1
water_fire,hinge2,nonorm4,2125,6754.791,0.030791,0.915826,0.954583,0.877069,15,0.00000790,0,0.011384,0.012079,0.010689,0.987869,0.987652,0.988085,0.926279,0.966113,0.886445,0.001628,0.001594,0.005443,0.015875,0.050000,0,0,5,0,1
water_fire,hinge2,nonorm4,2150,6883.249,0.030396,0.915496,0.949470,0.881522,15,0.00000607,1,0.011016,0.012582,0.009450,0.988287,0.987082,0.989492,0.925634,0.961416,0.889853,0.001697,0.001411,0.005943,0.015394,0.050000,0,0,5,0,1
water_fire,hinge2,nonorm4,2175,6903.204,0.030560,0.913689,0.950290,0.877088,15,0.00000360,1,0.011629,0.012414,0.010844,0.987589,0.987261,0.987916,0.924343,0.962087,0.886600,0.001642,0.001442,0.005786,0.015830,0.050000,0,0,5,0,1
water_fire,hinge2,nonorm4,2200,7032.515,0.030924,0.917629,0.954455,0.880803,15,0.00000388,0,0.012036,0.012917,0.011154,0.987223,0.986815,0.987631,0.928706,0.966784,0.890627,0.001753,0.001638,0.005391,0.015401,0.050000,0,0,5,0,1
water_fire,hinge2,nonorm4,2225,7052.572,0.031827,0.917631,0.954259,0.881003,15,0.00000176,0,0.012552,0.012246,0.012858,0.986638,0.987481,0.985795,0.929138,0.965945,0.892332,0.001640,0.001955,0.005470,0.015511,0.050000,0,0,5,0,1
water_fire,hinge2,nonorm4,2250,7181.555,0.030279,0.916618,0.953273,0.879963,15,0.00000156,0,0.011474,0.012414,0.010534,0.987796,0.987300,0.988292,0.927170,0.965107,0.889233,0.001630,0.001525,0.005512,0.015512,0.050000,0,0,5,0,1
water_fire,hinge2,nonorm4,2275,7201.434,0.031077,0.914897,0.951498,0.878296,15,0.00000063,0,0.012055,0.013421,0.010689,0.987187,0.986273,0.988101,0.925976,0.964268,0.887684,0.001707,0.001571,0.005651,0.015767,0.050000,0,0,5,0,1
water_fire,hinge2,nonorm4,2300,7329.982,0.030526,0.916251,0.952097,0.880405,15,0.00000198,0,0.011229,0.012079,0.010380,0.988043,0.987620,0.988466,0.926570,0.963597,0.889543,0.001629,0.001538,0.005705,0.015542,0.050000,0,0,5,0,1
cat_face_bass,hinge2,nonorm4,1,1.529,0.615838,0.154033,0.186302,0.121763,20,0.00018427,0,0.161230,0.111545,0.210915,0.530683,0.649922,0.411444,0.177264,0.207083,0.147445,0.027868,0.047817,0.182990,0.198391,0.050000,0,0,0,0,0
cat_face_bass,hinge2,nonorm4,25,27.313,0.410962,0.227965,0.240034,0.215896,20,0.00000024,1,0.073278,0.049020,0.097537,0.772724,0.837047,0.708401,0.244377,0.251801,0.236953,0.011925,0.021839,0.161114,0.160454,0.050000,0,0,0,0,0
cat_face_bass,hinge2,nonorm4,50,187.434,0.334345,0.339404,0.329354,0.349454,20,0.00022874,0,0.055741,0.039116,0.072366,0.867788,0.897429,0.838146,0.358490,0.342237,0.374742,0.009368,0.015899,0.140548,0.129700,0.050000,0,0,0,0,0
cat_face_bass,hinge2,nonorm4,75,211.844,0.271196,0.463285,0.436687,0.489884,20,0.00033087,1,0.045973,0.030212,0.061734,0.915486,0.937070,0.893903,0.485003,0.449880,0.520126,0.007331,0.013541,0.117052,0.100530,0.050000,0,0,0,0,0
cat_face_bass,hinge2,nonorm4,100,372.190,0.232045,0.530535,0.487142,0.573928,20,0.00059064,1,0.037429,0.027011,0.047846,0.937540,0.948776,0.926303,0.550844,0.500300,0.601389,0.006627,0.010439,0.106363,0.082741,0.050000,0,0,0,0,0
cat_face_bass,hinge2,nonorm4,125,397.016,0.202703,0.587504,0.513421,0.661587,20,0.00046750,0,0.032147,0.024910,0.039384,0.950315,0.954801,0.945829,0.606926,0.526210,0.687642,0.006145,0.008596,0.100842,0.065057,0.050000,0,0,0,0,0
cat_face_bass,hinge2,nonorm4,150,556.822,0.187501,0.613663,0.538867,0.688459,20,0.00023758,1,0.028967,0.025710,0.032223,0.956088,0.955552,0.956623,0.631682,0.552721,0.710643,0.006220,0.007052,0.095497,0.059565,0.050000,0,0,0,0,0
cat_face_bass,hinge2,nonorm4,175,582.152,0.173217,0.645428,0.573798,0.717059,20,0.00004494,2,0.026968,0.025510,0.028426,0.960667,0.958449,0.962884,0.662939,0.588435,0.737442,0.006225,0.006288,0.088305,0.054072,0.050000,0,0,0,0,0
cat_face_bass,hinge2,nonorm4,200,746.971,0.161803,0.681636,0.617226,0.746045,20,0.00012164,2,0.028331,0.027911,0.028751,0.960876,0.957861,0.963892,0.700974,0.634454,0.767495,0.006713,0.006295,0.079266,0.048387,0.050000,0,0,0,0,0
cat_face_bass,hinge2,nonorm4,225,772.451,0.149957,0.706050,0.637011,0.775090,20,0.00014288,2,0.026263,0.025510,0.027015,0.964797,0.962417,0.967176,0.724645,0.653261,0.796029,0.006236,0.005942,0.075128,0.042668,0.050000,0,0,0,0,0
cat_face_bass,hinge2,nonorm4,250,935.997,0.144536,0.722204,0.656436,0.787971,20,0.00010148,3,0.026781,0.023509,0.030053,0.965243,0.966192,0.964295,0.741761,0.671869,0.811652,0.005665,0.006691,0.070810,0.040281,0.050000,0,0,0,0,0
cat_face_bass,hinge2,nonorm4,275,961.308,0.144976,0.732344,0.671157,0.793531,20,0.00005723,2,0.029000,0.024910,0.033091,0.963127,0.965053,0.961201,0.753832,0.687875,0.819790,0.006136,0.007273,0.067997,0.039404,0.050000,0,0,0,0,0
cat_face_bass,hinge2,nonorm4,300,1122.745,0.143074,0.744095,0.677435,0.810754,20,0.00009087,2,0.030601,0.028111,0.033091,0.961599,0.961204,0.961994,0.767031,0.696479,0.837583,0.006786,0.007250,0.066759,0.035999,0.050000,0,0,0,0,0
cat_face_bass,hinge2,nonorm4,325,1147.844,0.137920,0.750247,0.683939,0.816554,20,0.00006457,1,0.028690,0.027111,0.030270,0.964055,0.962841,0.965268,0.771876,0.702481,0.841272,0.006544,0.006724,0.065282,0.034841,0.050000,0,0,0,0,0
cat_face_bass,hinge2,nonorm4,350,1314.825,0.137982,0.758853,0.698082,0.819624,20,0.00007669,1,0.030138,0.027511,0.032766,0.962898,0.963062,0.962734,0.781883,0.717287,0.846479,0.006845,0.007257,0.062569,0.034278,0.050000,0,0,0,0,0
cat_face_bass,hinge2,nonorm4,375,1340.020,0.132148,0.764462,0.706318,0.822606,20,0.00003741,1,0.027978,0.026010,0.029945,0.965607,0.965352,0.965863,0.785964,0.724690,0.847239,0.006407,0.006703,0.060672,0.033690,0.050000,0,0,0,0,0
cat_face_bass,hinge2,nonorm4,400,1501.831,0.133275,0.765801,0.708767,0.822835,20,0.00005237,1,0.029082,0.028111,0.030053,0.964306,0.962855,0.965756,0.788128,0.728691,0.847564,0.006860,0.006699,0.060225,0.033583,0.050000,0,0,0,0,0
cat_face_bass,hinge2,nonorm4,425,1527.006,0.126500,0.773712,0.718637,0.828786,20,0.00004354,1,0.026921,0.027911,0.025930,0.966999,0.963591,0.970406,0.794486,0.738695,0.850277,0.006761,0.005786,0.058053,0.032282,0.050000,0,0,0,0,0
cat_face_bass,hinge2,nonorm4,450,1690.562,0.121910,0.782486,0.729940,0.835033,20,0.00003343,2,0.025593,0.029812,0.021374,0.968703,0.961854,0.975552,0.802291,0.751701,0.852881,0.007323,0.004779,0.055932,0.031091,0.050000,0,0,0,0,0
cat_face_bass,hinge2,nonorm4,475,1715.531,0.126630,0.776760,0.724232,0.829289,20,0.00002728,1,0.027791,0.031713,0.023869,0.965972,0.959286,0.972657,0.798141,0.747199,0.849083,0.007790,0.005117,0.057112,0.031940,0.050000,0,0,0,0,0
cat_face_bass,hinge2,nonorm4,500,1874.803,0.127383,0.778401,0.729711,0.827090,20,0.00003127,2,0.029146,0.033013,0.025279,0.964547,0.958042,0.971052,0.800900,0.753802,0.847998,0.008031,0.005253,0.056054,0.032322,0.050000,0,0,0,0,0
cat_face_bass,hinge2,nonorm4,525,1899.806,0.123985,0.782982,0.737848,0.828117,20,0.00000540,2,0.026840,0.031112,0.022567,0.967377,0.960712,0.974042,0.803805,0.760804,0.846805,0.007733,0.004988,0.054577,0.032294,0.050000,0,0,0,0,0
cat_face_bass,hinge2,nonorm4,550,2061.435,0.116546,0.791553,0.751703,0.831403,19,0.00005067,1,0.024738,0.028211,0.021265,0.970176,0.964785,0.975567,0.810996,0.772909,0.849083,0.006726,0.004918,0.051150,0.031730,0.050000,0,0,1,0,0
cat_face_bass,hinge2,nonorm4,575,2086.009,0.117686,0.794109,0.752740,0.835478,19,0.00005215,2,0.025746,0.031313,0.020180,0.969050,0.961229,0.976871,0.814324,0.776311,0.852338,0.007515,0.004639,0.051152,0.030955,0.050000,0,0,1,0,0
cat_face_bass,hinge2,nonorm4,600,2241.816,0.114345,0.805877,0.771017,0.840737,19,0.00005783,0,0.026279,0.034114,0.018444,0.968942,0.958970,0.978913,0.826781,0.797319,0.856244,0.008328,0.004076,0.047516,0.029874,0.050000,0,0,1,0,0
cat_face_bass,hinge2,nonorm4,625,2266.285,0.114470,0.810752,0.781078,0.840427,19,0.00003951,0,0.027229,0.037315,0.017142,0.968157,0.955973,0.980341,0.832529,0.810224,0.854833,0.009082,0.003873,0.045505,0.029836,0.050000,0,0,1,0,0
cat_face_bass,hinge2,nonorm4,650,2424.922,0.111905,0.814475,0.789138,0.839813,19,0.00004241,2,0.026938,0.035214,0.018661,0.968664,0.958676,0.978652,0.836206,0.816927,0.855484,0.008733,0.003936,0.043843,0.029787,0.050000,0,0,1,0,0
cat_face_bass,hinge2,nonorm4,675,2450.026,0.109898,0.817636,0.793706,0.841566,19,0.00001575,2,0.026620,0.036315,0.016925,0.969162,0.957717,0.980607,0.839169,0.822529,0.855810,0.008575,0.003864,0.042644,0.029695,0.050000,0,0,1,0,0
cat_face_bass,hinge2,nonorm4,700,2612.073,0.111533,0.819439,0.800696,0.838182,19,0.00003068,2,0.028161,0.034514,0.021808,0.967585,0.960000,0.975170,0.842396,0.828331,0.856461,0.008509,0.004586,0.041451,0.030073,0.050000,0,0,1,0,0
cat_face_bass,hinge2,nonorm4,725,2637.311,0.110070,0.822435,0.800637,0.844233,19,0.00003135,2,0.026820,0.036715,0.016925,0.969154,0.957641,0.980667,0.844277,0.830032,0.858522,0.009080,0.003849,0.041441,0.029120,0.050000,0,0,1,0,0
cat_face_bass,hinge2,nonorm4,750,2798.864,0.108935,0.824080,0.802382,0.845777,19,0.00004870,2,0.026642,0.033213,0.020072,0.969372,0.961480,0.977264,0.845893,0.829032,0.862754,0.008376,0.004377,0.041148,0.028840,0.050000,0,0,1,0,0
cat_face_bass,hinge2,nonorm4,775,2824.049,0.105130,0.826625,0.806776,0.846474,19,0.00003861,2,0.024464,0.033413,0.015515,0.971869,0.961467,0.982271,0.846670,0.833733,0.859607,0.008267,0.003673,0.040187,0.028835,0.050000,0,0,1,0,0
cat_face_bass,hinge2,nonorm4,800,2978.218,0.103930,0.824639,0.801743,0.847536,18,0.00004340,1,0.023834,0.032913,0.014755,0.972454,0.961775,0.983133,0.844086,0.828131,0.860041,0.008239,0.003222,0.041210,0.028390,0.050000,0,0,2,0,0
cat_face_bass,hinge2,nonorm4,825,3001.948,0.105359,0.828119,0.813067,0.843171,18,0.00001840,1,0.027475,0.036615,0.018336,0.968729,0.958367,0.979092,0.850734,0.842837,0.858631,0.008352,0.004000,0.038410,0.029235,0.050000,0,0,2,0,0
cat_face_bass,hinge2,nonorm4,850,3152.774,0.103709,0.832223,0.816577,0.847870,18,0.00002466,1,0.026545,0.036815,0.016274,0.969896,0.958329,0.981463,0.854154,0.846639,0.861669,0.008503,0.003763,0.037676,0.028473,0.050000,0,0,2,0,0
cat_face_bass,hinge2,nonorm4,875,3178.160,0.106309,0.833332,0.821549,0.845115,18,0.00002105,1,0.028864,0.037115,0.020614,0.967458,0.958258,0.976658,0.857289,0.852041,0.862537,0.008632,0.004512,0.036566,0.028963,0.050000,0,0,2,0,0
cat_face_bass,hinge2,nonorm4,900,3336.953,0.101222,0.833954,0.821401,0.846508,18,0.00001921,1,0.025568,0.036815,0.014321,0.971079,0.958563,0.983594,0.855136,0.851641,0.858631,0.008474,0.003314,0.036604,0.028697,0.050000,0,0,2,0,0
cat_face_bass,hinge2,nonorm4,925,3361.789,0.100083,0.837258,0.827376,0.847139,18,0.00001229,1,0.025999,0.035614,0.016383,0.970711,0.960094,0.981328,0.858930,0.856843,0.861018,0.008150,0.003659,0.035403,0.028555,0.050000,0,0,2,0,0
cat_face_bass,hinge2,nonorm4,950,3519.118,0.099842,0.835445,0.822194,0.848695,18,0.00001560,1,0.025231,0.035814,0.014647,0.971460,0.959644,0.983276,0.856383,0.851641,0.861126,0.008341,0.003217,0.036518,0.028172,0.050000,0,0,2,0,0
cat_face_bass,hinge2,nonorm4,975,3543.857,0.098650,0.839872,0.828456,0.851289,18,0.00003996,1,0.024909,0.035714,0.014104,0.971983,0.960040,0.983925,0.860670,0.858043,0.863296,0.008298,0.003326,0.035235,0.027848,0.050000,0,0,2,0,0
cat_face_bass,hinge2,nonorm4,1000,3705.804,0.097127,0.842215,0.831046,0.853385,18,0.00004317,0,0.024776,0.035014,0.014538,0.972185,0.960885,0.983485,0.862968,0.860144,0.865791,0.008061,0.003380,0.034664,0.027455,0.050000,0,0,2,0,0
cat_face_bass,hinge2,nonorm4,1025,3730.992,0.100198,0.841987,0.834059,0.849915,18,0.00001507,1,0.026533,0.034514,0.018553,0.970278,0.961538,0.979018,0.864264,0.862845,0.865683,0.008060,0.004220,0.034061,0.028141,0.050000,0,0,2,0,0
cat_face_bass,hinge2,nonorm4,1050,3888.331,0.100904,0.842648,0.832271,0.853026,18,0.00004799,1,0.027797,0.035414,0.020180,0.968931,0.960526,0.977336,0.865992,0.861745,0.870240,0.008245,0.004310,0.034405,0.027454,0.050000,0,0,2,0,0
cat_face_bass,hinge2,nonorm4,1075,3912.829,0.101602,0.844225,0.838444,0.850005,18,0.00004472,1,0.027364,0.034114,0.020614,0.969467,0.962145,0.976790,0.867287,0.867047,0.867527,0.008237,0.004620,0.033330,0.028101,0.050000,0,0,2,0,0
cat_face_bass,hinge2,nonorm4,1100,4066.708,0.101722,0.845558,0.843052,0.848064,18,0.00004780,1,0.028540,0.034514,0.022567,0.968285,0.961933,0.974637,0.869675,0.872149,0.867202,0.008193,0.004903,0.032162,0.028441,0.050000,0,0,2,0,0
cat_face_bass,hinge2,nonorm4,1125,4090.094,0.096715,0.853087,0.855372,0.850803,18,0.00011397,1,0.026121,0.032713,0.019529,0.971136,0.964290,0.977982,0.875386,0.883353,0.867419,0.008003,0.004404,0.029789,0.027955,0.050000,0,0,2,0,0
cat_face_bass,hinge2,nonorm4,1150,4239.858,0.094283,0.858140,0.866041,0.850239,18,0.00009508,1,0.026813,0.034314,0.019312,0.970654,0.963106,0.978202,0.881209,0.895758,0.866659,0.008046,0.004343,0.027185,0.027946,0.050000,0,0,2,0,0
cat_face_bass,hinge2,nonorm4,1175,4263.748,0.089557,0.865281,0.878304,0.852258,18,0.00006712,1,0.025933,0.033313,0.018553,0.971834,0.964593,0.979075,0.887816,0.907563,0.868070,0.007811,0.004029,0.024591,0.027503,0.050000,0,0,2,0,0
cat_face_bass,hinge2,nonorm4,1200,4415.977,0.088817,0.870580,0.888243,0.852916,18,0.00006628,1,0.026217,0.033013,0.019421,0.971711,0.965270,0.978152,0.893524,0.917567,0.869480,0.007869,0.004270,0.022595,0.027484,0.050000,0,0,2,0,0
cat_face_bass,hinge2,nonorm4,1225,4440.137,0.087588,0.870482,0.888878,0.852085,18,0.00006199,1,0.025436,0.033513,0.017359,0.972586,0.964804,0.980368,0.892772,0.918667,0.866876,0.007860,0.003959,0.022367,0.027628,0.050000,0,0,2,0,0
cat_face_bass,hinge2,nonorm4,1250,4594.035,0.087807,0.875734,0.898724,0.852744,18,0.00008101,2,0.026721,0.035214,0.018227,0.971485,0.963531,0.979439,0.899330,0.930372,0.868287,0.008245,0.004132,0.020364,0.027631,0.050000,0,0,2,0,0
cat_face_bass,hinge2,nonorm4,1275,4618.095,0.087958,0.876104,0.901995,0.850212,18,0.00004503,2,0.027519,0.033013,0.022025,0.970531,0.965782,0.975280,0.900355,0.931773,0.868938,0.007729,0.004804,0.019601,0.027963,0.050000,0,0,2,0,0
cat_face_bass,hinge2,nonorm4,1300,4771.221,0.087337,0.877380,0.902234,0.852525,18,0.00008378,3,0.027455,0.034514,0.020397,0.970716,0.964341,0.977090,0.901644,0.933373,0.869914,0.008106,0.004339,0.019724,0.027474,0.050000,0,0,2,0,0
cat_face_bass,hinge2,nonorm4,1325,4794.925,0.086361,0.879043,0.901887,0.856200,18,0.00005166,1,0.026613,0.033914,0.019312,0.971629,0.964907,0.978351,0.902604,0.932473,0.872735,0.007912,0.004396,0.019641,0.027044,0.050000,0,0,2,0,0
cat_face_bass,hinge2,nonorm4,1350,4945.762,0.086448,0.880393,0.903582,0.857204,18,0.00007113,1,0.026905,0.033413,0.020397,0.971333,0.965453,0.977212,0.904231,0.933774,0.874688,0.007863,0.004591,0.019362,0.026821,0.050000,0,0,2,0,0
cat_face_bass,hinge2,nonorm4,1375,4969.182,0.085943,0.884105,0.906691,0.861519,18,0.00013068,1,0.027343,0.034614,0.020072,0.971042,0.964414,0.977670,0.908443,0.938075,0.878811,0.008187,0.004481,0.018795,0.025928,0.050000,0,0,2,0,0
cat_face_bass,hinge2,nonorm4,1400,5120.430,0.083574,0.883521,0.903928,0.863113,18,0.00009445,1,0.025849,0.034014,0.017685,0.972575,0.964887,0.980264,0.906525,0.934674,0.878377,0.007834,0.004134,0.019176,0.025740,0.050000,0,0,2,0,0
cat_face_bass,hinge2,nonorm4,1425,5143.866,0.085494,0.881270,0.903195,0.859345,18,0.00011956,1,0.026959,0.033413,0.020506,0.971295,0.965439,0.977152,0.905170,0.933373,0.876966,0.007758,0.004551,0.019353,0.026313,0.050000,0,0,2,0,0
cat_face_bass,hinge2,nonorm4,1450,5296.797,0.085508,0.883095,0.904896,0.861294,18,0.00006560,1,0.025558,0.031913,0.019204,0.972773,0.966953,0.978592,0.905804,0.933774,0.877834,0.007851,0.004501,0.019477,0.026075,0.050000,0,0,2,0,0
cat_face_bass,hinge2,nonorm4,1475,5320.485,0.084864,0.884674,0.901536,0.867812,18,0.00012535,0,0.026120,0.035314,0.016925,0.972363,0.963544,0.981182,0.907937,0.933373,0.882500,0.008481,0.003883,0.020016,0.024723,0.050000,0,0,2,0,0
cat_face_bass,hinge2,nonorm4,1500,5473.991,0.085492,0.883839,0.904923,0.862756,18,0.00004156,1,0.026650,0.034314,0.018987,0.971748,0.964636,0.978860,0.907555,0.935974,0.879136,0.008199,0.004295,0.019234,0.025748,0.050000,0,0,2,0,0
cat_face_bass,hinge2,nonorm4,1525,5497.917,0.085342,0.886764,0.907116,0.866411,18,0.00017343,1,0.028093,0.036114,0.020072,0.970395,0.962997,0.977794,0.911839,0.939876,0.883802,0.008509,0.004291,0.018658,0.024830,0.050000,0,0,2,0,0
cat_face_bass,hinge2,nonorm4,1550,5651.494,0.083355,0.888163,0.907524,0.868802,18,0.00010360,2,0.026375,0.033113,0.019638,0.972100,0.965887,0.978313,0.911719,0.937575,0.885863,0.007902,0.004421,0.018706,0.024538,0.050000,0,0,2,0,0
cat_face_bass,hinge2,nonorm4,1575,5675.950,0.079644,0.890798,0.908052,0.873545,18,0.00010188,1,0.024177,0.032513,0.015840,0.974473,0.966484,0.982462,0.912479,0.937575,0.887382,0.007824,0.003676,0.018632,0.023783,0.050000,0,0,2,0,0
cat_face_bass,hinge2,nonorm4,1600,5827.547,0.083804,0.887425,0.909620,0.865229,18,0.00006322,0,0.026602,0.031613,0.021591,0.971783,0.967409,0.976156,0.911143,0.938375,0.883910,0.007578,0.004781,0.018321,0.025309,0.050000,0,0,2,0,0
cat_face_bass,hinge2,nonorm4,1625,5851.308,0.081727,0.889723,0.913495,0.865951,18,0.00007843,0,0.025513,0.030412,0.020614,0.972955,0.968702,0.977207,0.912539,0.941277,0.883802,0.007407,0.004636,0.017409,0.025162,0.050000,0,0,2,0,0
cat_face_bass,hinge2,nonorm4,1650,6004.270,0.079680,0.889877,0.912255,0.867498,18,0.00006554,0,0.024803,0.031813,0.017793,0.973777,0.967307,0.980246,0.912105,0.941277,0.882934,0.007494,0.004028,0.017530,0.024867,0.050000,0,0,2,0,0
cat_face_bass,hinge2,nonorm4,1675,6028.009,0.081692,0.888958,0.910837,0.867078,18,0.00007936,1,0.025701,0.031112,0.020289,0.972758,0.967935,0.977581,0.911923,0.939176,0.884670,0.007457,0.004490,0.017924,0.024996,0.050000,0,0,2,0,0
cat_face_bass,hinge2,nonorm4,1700,6181.025,0.082468,0.889445,0.910834,0.868057,18,0.00009141,0,0.026475,0.033313,0.019638,0.972055,0.965815,0.978295,0.913140,0.941176,0.885104,0.007855,0.004375,0.017926,0.024714,0.050000,0,0,2,0,0
cat_face_bass,hinge2,nonorm4,1725,6204.894,0.077977,0.893093,0.912866,0.873319,18,0.00010091,1,0.023806,0.031012,0.016600,0.974873,0.968100,0.981646,0.914496,0.941176,0.887816,0.007419,0.003895,0.017458,0.023848,0.050000,0,0,2,0,0
cat_face_bass,hinge2,nonorm4,1750,6357.205,0.078940,0.893135,0.915793,0.870477,18,0.00011789,1,0.024716,0.030012,0.019421,0.973874,0.969164,0.978583,0.915330,0.943277,0.887382,0.007208,0.004383,0.016945,0.024310,0.050000,0,0,2,0,0
cat_face_bass,hinge2,nonorm4,1775,6380.803,0.081513,0.889106,0.910043,0.868169,18,0.00011296,1,0.026259,0.032013,0.020506,0.972208,0.967037,0.977379,0.912574,0.939176,0.885972,0.007419,0.004544,0.017950,0.024677,0.050000,0,0,2,0,0
cat_face_bass,hinge2,nonorm4,1800,6534.088,0.080844,0.890274,0.907558,0.872991,18,0.00008114,2,0.025754,0.032413,0.019095,0.972776,0.966563,0.978988,0.913318,0.936975,0.889660,0.007426,0.004433,0.018443,0.023883,0.050000,0,0,2,0,0
cat_face_bass,hinge2,nonorm4,1825,6557.795,0.078043,0.893072,0.912757,0.873388,18,0.00008730,1,0.025012,0.032013,0.018010,0.973639,0.967132,0.980146,0.915547,0.941977,0.889118,0.007473,0.003944,0.017444,0.023535,0.050000,0,0,2,0,0
cat_face_bass,hinge2,nonorm4,1850,6706.181,0.079351,0.892742,0.911322,0.874162,18,0.00013567,1,0.025538,0.031112,0.019963,0.973026,0.967951,0.978100,0.915645,0.939676,0.891613,0.007405,0.004295,0.017843,0.023419,0.050000,0,0,2,0,0
cat_face_bass,hinge2,nonorm4,1875,6730.156,0.080964,0.893958,0.914297,0.873618,18,0.00007482,1,0.025717,0.030712,0.020723,0.972864,0.968438,0.977289,0.917049,0.942377,0.891722,0.007488,0.004705,0.017407,0.023723,0.050000,0,0,2,0,0
cat_face_bass,hinge2,nonorm4,1900,6881.731,0.075200,0.894817,0.910258,0.879377,18,0.00047120,1,0.022647,0.028912,0.016383,0.976028,0.970055,0.982000,0.915179,0.936575,0.893783,0.007032,0.003612,0.018112,0.022499,0.050000,0,0,2,0,0
cat_face_bass,hinge2,nonorm4,1925,6905.657,0.082289,0.887197,0.899447,0.874947,18,0.00032003,1,0.025567,0.031713,0.019421,0.972823,0.966955,0.978690,0.909955,0.927971,0.891939,0.007777,0.004088,0.020490,0.023233,0.050000,0,0,2,0,0
cat_face_bass,hinge2,nonorm4,1950,7058.949,0.081163,0.885822,0.897110,0.874534,18,0.00033870,1,0.025571,0.031613,0.019529,0.972768,0.966970,0.978566,0.908542,0.925470,0.891613,0.007515,0.003961,0.020863,0.023149,0.050000,0,0,2,0,0
cat_face_bass,hinge2,nonorm4,1975,7082.619,0.080665,0.889765,0.900010,0.879519,18,0.00027055,0,0.026401,0.032513,0.020289,0.972043,0.966195,0.977891,0.913318,0.929272,0.897364,0.007640,0.004130,0.020184,0.022152,0.050000,0,0,2,0,0
cat_face_bass,hinge2,nonorm4,2000,7238.682,0.078143,0.890409,0.900941,0.879876,18,0.00033305,1,0.024507,0.031112,0.017902,0.973999,0.967594,0.980404,0.912300,0.928972,0.895628,0.007115,0.003973,0.019841,0.022373,0.050000,0,0,2,0,0
cat_face_bass,hinge2,nonorm4,2025,7262.665,0.078145,0.892770,0.905922,0.879617,18,0.00029234,1,0.024862,0.030412,0.019312,0.973682,0.968448,0.978915,0.915039,0.933473,0.896604,0.007119,0.004200,0.018899,0.022427,0.050000,0,0,2,0,0
cat_face_bass,hinge2,nonorm4,2050,7418.999,0.076803,0.892405,0.908227,0.876584,18,0.00028045,1,0.025045,0.031212,0.018878,0.973525,0.967749,0.979300,0.914853,0.936575,0.893132,0.007097,0.003909,0.018249,0.022846,0.050000,0,0,2,0,0
cat_face_bass,hinge2,nonorm4,2075,7443.186,0.075194,0.895579,0.912516,0.878642,18,0.00007629,1,0.023402,0.030312,0.016491,0.975318,0.968766,0.981870,0.916654,0.940176,0.893132,0.007077,0.003753,0.017550,0.022621,0.050000,0,0,2,0,0
cat_face_bass,hinge2,nonorm4,2100,7587.607,0.073923,0.897155,0.914058,0.880252,17,0.00007742,1,0.021883,0.029012,0.014755,0.976914,0.970078,0.983750,0.916908,0.940576,0.893241,0.007274,0.003273,0.017649,0.022238,0.050000,0,0,3,0,0
cat_face_bass,hinge2,nonorm4,2125,7610.118,0.076445,0.894828,0.909161,0.880495,17,0.00005907,0,0.023815,0.030812,0.016817,0.974866,0.968169,0.981563,0.916239,0.937175,0.895302,0.007441,0.003655,0.018444,0.022065,0.050000,0,0,3,0,0
cat_face_bass,hinge2,nonorm4,2150,7751.603,0.078714,0.892774,0.907407,0.878140,17,0.00003738,1,0.025617,0.031813,0.019421,0.972952,0.967139,0.978766,0.915734,0.936275,0.895194,0.007197,0.004337,0.018484,0.022811,0.050000,0,0,3,0,0
cat_face_bass,hinge2,nonorm4,2175,7773.909,0.078314,0.891852,0.912478,0.871225,17,0.00005893,1,0.025651,0.031012,0.020289,0.972886,0.968087,0.977685,0.914839,0.940776,0.888901,0.006883,0.004529,0.017243,0.024080,0.050000,0,0,3,0,0
cat_face_bass,hinge2,nonorm4,2200,7917.589,0.076492,0.889380,0.914028,0.864732,17,0.00003277,1,0.023423,0.029812,0.017034,0.975150,0.969301,0.981000,0.910369,0.941277,0.879462,0.006834,0.003804,0.017150,0.025261,0.050000,0,0,3,0,0
cat_face_bass,hinge2,nonorm4,2225,7939.570,0.077829,0.887971,0.912989,0.862954,17,0.00007647,1,0.023945,0.029012,0.018878,0.974512,0.970044,0.978980,0.909360,0.939476,0.879245,0.006709,0.004111,0.017498,0.025639,0.050000,0,0,3,0,0
cat_face_bass,hinge2,nonorm4,2250,8080.339,0.079007,0.889295,0.913242,0.865348,17,0.00004095,1,0.024892,0.029712,0.020072,0.973570,0.969372,0.977767,0.911546,0.940376,0.882717,0.006784,0.004525,0.017345,0.025174,0.050000,0,0,3,0,0
cat_face_bass,hinge2,nonorm4,2275,8102.334,0.075457,0.892901,0.914021,0.871781,17,0.00003540,1,0.023524,0.027411,0.019638,0.975012,0.971639,0.978385,0.913988,0.939076,0.888901,0.006517,0.004162,0.017357,0.023740,0.050000,0,0,3,0,0
cat_face_bass,hinge2,nonorm4,2300,8245.760,0.078743,0.889808,0.912502,0.867114,17,0.00003156,1,0.024379,0.029012,0.019746,0.974093,0.970029,0.978157,0.911606,0.938976,0.884236,0.006870,0.004406,0.017598,0.024764,0.050000,0,0,3,0,0
cat_face_bass,hinge2,nonorm4,2325,8267.838,0.077788,0.891833,0.911688,0.871978,17,0.00006666,1,0.024187,0.029712,0.018661,0.974372,0.969321,0.979423,0.913513,0.938776,0.888250,0.006958,0.004188,0.017789,0.024008,0.050000,0,0,3,0,0
cat_face_bass,hinge2,nonorm4,2350,8410.006,0.080763,0.888185,0.910255,0.866114,17,0.00005001,1,0.026080,0.031112,0.021048,0.972334,0.967915,0.976753,0.911460,0.938575,0.884344,0.007175,0.004508,0.017981,0.024985,0.050000,0,0,3,0,0
cat_face_bass,hinge2,nonorm4,2375,8432.237,0.078887,0.886992,0.909082,0.864902,17,0.00010853,1,0.024411,0.032113,0.016708,0.974130,0.966907,0.981354,0.908814,0.938275,0.879353,0.007336,0.003738,0.018069,0.025202,0.050000,0,0,3,0,0
cat_face_bass,hinge2,nonorm4,2400,8568.396,0.075313,0.890395,0.911988,0.868803,16,0.00004511,1,0.022663,0.029812,0.015515,0.975976,0.969234,0.982719,0.910729,0.939176,0.882283,0.006970,0.003419,0.017687,0.024401,0.050000,0,0,4,0,0
dance_argument,hinge2,nonorm4,1,1.507,0.603376,0.185661,0.202669,0.168653,20,0.00000464,0,0.207620,0.262471,0.152769,0.526803,0.493627,0.559980,0.225141,0.255864,0.194418,0.035993,0.045387,0.122555,0.222337,0.050000,0,0,0,0,0
dance_argument,hinge2,nonorm4,25,26.571,0.374758,0.241093,0.275542,0.206644,20,0.00000000,0,0.080807,0.104229,0.057386,0.768420,0.744844,0.791995,0.261382,0.304262,0.218503,0.014169,0.016878,0.097397,0.194811,0.050000,0,0,0,0,0
dance_argument,hinge2,nonorm4,50,188.829,0.320873,0.335803,0.386794,0.284812,20,0.00000000,0,0.068296,0.090684,0.045909,0.844769,0.823074,0.866464,0.359878,0.421870,0.297887,0.011959,0.013497,0.081004,0.173698,0.050000,0,0,0,0,0
dance_argument,hinge2,nonorm4,75,213.771,0.278106,0.410103,0.446505,0.373701,20,0.00006742,0,0.057555,0.077635,0.037475,0.886465,0.861070,0.911861,0.434437,0.481169,0.387705,0.010438,0.011048,0.072237,0.150772,0.050000,0,0,0,0,0
dance_argument,hinge2,nonorm4,100,379.565,0.257220,0.457984,0.490664,0.425303,20,0.00006642,1,0.056468,0.079286,0.033649,0.899339,0.869778,0.928900,0.484591,0.529567,0.439614,0.010505,0.009908,0.066371,0.137726,0.050000,0,0,0,0,0
dance_argument,hinge2,nonorm4,125,405.291,0.233636,0.506859,0.525004,0.488714,20,0.00013361,4,0.054316,0.080112,0.028519,0.911261,0.876212,0.946309,0.534858,0.567063,0.502652,0.010628,0.008323,0.061928,0.121760,0.050000,0,0,0,0,0
dance_argument,hinge2,nonorm4,150,572.547,0.207675,0.555313,0.552668,0.557957,20,0.00023285,3,0.051046,0.080443,0.021650,0.922343,0.881277,0.963409,0.583582,0.597126,0.570037,0.010652,0.006282,0.058246,0.104585,0.050000,0,0,0,0,0
dance_argument,hinge2,nonorm4,175,598.439,0.191265,0.592533,0.582607,0.602459,20,0.00057851,3,0.049560,0.080773,0.018346,0.928635,0.886306,0.970965,0.621589,0.629666,0.613512,0.010681,0.005412,0.054038,0.093656,0.050000,0,0,0,0,0
dance_argument,hinge2,nonorm4,200,764.595,0.182101,0.621273,0.604173,0.638372,20,0.00068647,3,0.047930,0.076644,0.019216,0.932953,0.894593,0.971314,0.650559,0.650479,0.650639,0.010490,0.005767,0.051389,0.085387,0.050000,0,0,0,0,0
dance_argument,hinge2,nonorm4,225,790.426,0.175584,0.650134,0.630872,0.669395,20,0.00085830,3,0.051285,0.082920,0.019650,0.931890,0.891764,0.972016,0.682867,0.683185,0.682549,0.011284,0.005808,0.048121,0.077935,0.050000,0,0,0,0,0
dance_argument,hinge2,nonorm4,250,957.883,0.171599,0.668668,0.632600,0.704735,20,0.00108603,3,0.055159,0.089362,0.020955,0.928456,0.885211,0.971700,0.704317,0.689131,0.719503,0.011998,0.006096,0.047967,0.069478,0.050000,0,0,0,0,0
dance_argument,hinge2,nonorm4,275,983.917,0.164612,0.687583,0.632073,0.743093,20,0.00115822,3,0.055789,0.091840,0.019737,0.928583,0.882552,0.974614,0.723941,0.690122,0.757760,0.012512,0.005849,0.048296,0.060265,0.050000,0,0,0,0,0
dance_argument,hinge2,nonorm4,300,1150.261,0.156227,0.705523,0.640400,0.770647,20,0.00119491,3,0.055098,0.090023,0.020172,0.930376,0.885768,0.974984,0.742122,0.698051,0.786193,0.012004,0.005959,0.046928,0.053879,0.050000,0,0,0,0,0
dance_argument,hinge2,nonorm4,325,1176.095,0.154067,0.710523,0.645103,0.775943,20,0.00117621,3,0.054550,0.087711,0.021389,0.931305,0.888889,0.973721,0.747112,0.701685,0.792540,0.011879,0.006017,0.046341,0.052345,0.050000,0,0,0,0,0
dance_argument,hinge2,nonorm4,350,1338.884,0.154281,0.718307,0.651582,0.785033,19,0.00092045,3,0.056324,0.091345,0.021302,0.930143,0.886167,0.974118,0.756428,0.711100,0.801756,0.012486,0.006175,0.045806,0.050259,0.050000,0,0,1,0,0
dance_argument,hinge2,nonorm4,375,1363.558,0.155640,0.726204,0.648362,0.804047,19,0.00028439,3,0.063339,0.103898,0.022781,0.923141,0.873237,0.973045,0.769044,0.715725,0.822363,0.013839,0.006399,0.046157,0.045601,0.050000,0,0,1,0,0
dance_argument,hinge2,nonorm4,400,1519.382,0.147603,0.736484,0.658666,0.814302,19,0.00020008,2,0.054993,0.087380,0.022607,0.932417,0.891264,0.973569,0.774465,0.716221,0.832710,0.012178,0.006684,0.044885,0.043514,0.050000,0,0,1,0,0
dance_argument,hinge2,nonorm4,425,1543.271,0.152435,0.730145,0.646231,0.814060,19,0.00015484,2,0.057632,0.091179,0.024085,0.928711,0.885501,0.971921,0.769410,0.705154,0.833667,0.012636,0.007142,0.046531,0.043611,0.050000,0,0,1,0,0
dance_argument,hinge2,nonorm4,450,1699.711,0.164348,0.724881,0.638091,0.811670,19,0.00009629,2,0.066117,0.104063,0.028171,0.919321,0.871297,0.967345,0.769515,0.704493,0.834536,0.014262,0.008331,0.047960,0.044204,0.050000,0,0,1,0,0
dance_argument,hinge2,nonorm4,475,1723.834,0.154211,0.729089,0.641775,0.816403,19,0.00022468,2,0.058389,0.090519,0.026259,0.927544,0.885475,0.969612,0.768854,0.699868,0.837840,0.012393,0.007852,0.047036,0.043156,0.050000,0,0,1,0,0
dance_argument,hinge2,nonorm4,500,1877.914,0.171355,0.716678,0.629785,0.803571,19,0.00015969,3,0.068491,0.104724,0.032258,0.915869,0.869170,0.962567,0.762616,0.695738,0.829493,0.014198,0.009507,0.049046,0.046404,0.050000,0,0,1,0,0
dance_argument,hinge2,nonorm4,525,1901.846,0.183742,0.712304,0.637412,0.787195,19,0.00007445,2,0.073626,0.102907,0.044344,0.910565,0.872310,0.948821,0.762554,0.703006,0.822102,0.013571,0.012896,0.047537,0.050692,0.050000,0,0,1,0,0
dance_argument,hinge2,nonorm4,550,2057.251,0.213051,0.701081,0.630892,0.771269,19,0.00003937,2,0.087063,0.114305,0.059821,0.895976,0.860146,0.931807,0.760207,0.703006,0.817407,0.015571,0.017473,0.049381,0.055135,0.050000,0,0,1,0,0
dance_argument,hinge2,nonorm4,575,2081.363,0.242851,0.690839,0.627347,0.754331,19,0.00001853,2,0.100017,0.125867,0.074167,0.882446,0.848750,0.916142,0.758294,0.706310,0.810277,0.017232,0.022464,0.050339,0.060697,0.050000,0,0,1,0,0
dance_argument,hinge2,nonorm4,600,2241.121,0.285790,0.680487,0.621987,0.738987,19,0.00004165,2,0.120363,0.137430,0.103295,0.862447,0.837341,0.887553,0.761393,0.707466,0.815320,0.018794,0.031099,0.051752,0.066187,0.050000,0,0,1,0,0
dance_argument,hinge2,nonorm4,625,2266.065,0.272297,0.685877,0.631487,0.740268,19,0.00003875,2,0.114911,0.133135,0.096687,0.868354,0.843130,0.893578,0.763701,0.715560,0.811842,0.018274,0.028563,0.050164,0.065008,0.050000,0,0,1,0,0
dance_argument,hinge2,nonorm4,650,2424.689,0.206998,0.703447,0.646238,0.760656,19,0.00003854,2,0.083876,0.113148,0.054604,0.900178,0.864087,0.936270,0.760775,0.719359,0.802191,0.015147,0.016189,0.046845,0.057779,0.050000,0,0,1,0,0
dance_argument,hinge2,nonorm4,675,2449.182,0.179085,0.718069,0.664215,0.771922,19,0.00005423,1,0.070778,0.100429,0.041127,0.915257,0.879197,0.951317,0.767295,0.730922,0.803669,0.013128,0.012105,0.043754,0.054252,0.050000,0,0,1,0,0
dance_argument,hinge2,nonorm4,700,2607.945,0.159319,0.730118,0.671268,0.788968,19,0.00004909,1,0.060693,0.088867,0.032519,0.926606,0.891598,0.961613,0.772773,0.730922,0.814625,0.011849,0.009326,0.042527,0.049756,0.050000,0,0,1,0,0
dance_argument,hinge2,nonorm4,725,2632.578,0.158643,0.734009,0.669423,0.798595,19,0.00005986,2,0.063127,0.098778,0.027476,0.924604,0.881608,0.967600,0.778042,0.735547,0.820537,0.013156,0.008232,0.043281,0.047390,0.050000,0,0,1,0,0
dance_argument,hinge2,nonorm4,750,2785.835,0.148849,0.737847,0.679131,0.796563,19,0.00004635,2,0.056880,0.086720,0.027041,0.931428,0.894853,0.968004,0.778064,0.738024,0.818103,0.011147,0.007941,0.041113,0.047887,0.050000,0,0,1,0,0
dance_argument,hinge2,nonorm4,775,2809.960,0.150759,0.738164,0.680436,0.795892,19,0.00004521,2,0.058097,0.091675,0.024520,0.930475,0.890143,0.970807,0.779111,0.742815,0.815407,0.012126,0.007376,0.041469,0.047997,0.050000,0,0,1,0,0
dance_argument,hinge2,nonorm4,800,2966.725,0.147062,0.744845,0.678463,0.811226,19,0.00005538,2,0.058041,0.092170,0.023911,0.930696,0.889374,0.972019,0.785811,0.740998,0.830623,0.012200,0.007164,0.041676,0.044228,0.050000,0,0,1,0,0
dance_argument,hinge2,nonorm4,825,2990.854,0.148675,0.746016,0.681385,0.810646,19,0.00003505,2,0.059080,0.092336,0.025824,0.929758,0.889635,0.969881,0.787941,0.744301,0.831580,0.012244,0.007580,0.041482,0.044388,0.050000,0,0,1,0,0
dance_argument,hinge2,nonorm4,850,3147.017,0.147089,0.744718,0.676946,0.812489,19,0.00004282,2,0.058028,0.092666,0.023389,0.930654,0.888668,0.972640,0.785585,0.739676,0.831493,0.012409,0.006944,0.042107,0.043877,0.050000,0,0,1,0,0
dance_argument,hinge2,nonorm4,875,3171.632,0.143471,0.750630,0.685157,0.816103,19,0.00004580,3,0.057762,0.092831,0.022694,0.931613,0.889696,0.973529,0.791692,0.748761,0.834623,0.012151,0.006746,0.040835,0.042951,0.050000,0,0,1,0,0
dance_argument,hinge2,nonorm4,900,3329.761,0.139602,0.753417,0.691042,0.815792,19,0.00005354,1,0.053076,0.084242,0.021911,0.936660,0.898930,0.974390,0.791462,0.749257,0.833667,0.011490,0.006503,0.040083,0.043016,0.050000,0,0,1,0,0
dance_argument,hinge2,nonorm4,925,3354.149,0.137645,0.749993,0.682634,0.817352,19,0.00006255,2,0.052720,0.086224,0.019216,0.936641,0.895829,0.977454,0.787276,0.741493,0.833058,0.011737,0.005565,0.041192,0.042493,0.050000,0,0,1,0,0
dance_argument,hinge2,nonorm4,950,3505.989,0.140469,0.749128,0.680175,0.818081,19,0.00006960,2,0.055428,0.092336,0.018520,0.933858,0.889460,0.978256,0.788106,0.742980,0.833232,0.012654,0.005340,0.041759,0.042287,0.050000,0,0,1,0,0
dance_argument,hinge2,nonorm4,975,3529.804,0.138571,0.747555,0.675492,0.819618,19,0.00005140,2,0.055180,0.091840,0.018520,0.933781,0.889265,0.978296,0.786163,0.737529,0.834797,0.012049,0.005437,0.041991,0.041993,0.050000,0,0,1,0,0
dance_argument,hinge2,nonorm4,1000,3682.030,0.138074,0.750892,0.680309,0.821474,19,0.00008531,2,0.053802,0.089693,0.017911,0.935549,0.892069,0.979029,0.788758,0.741328,0.836188,0.012296,0.005212,0.041898,0.041416,0.050000,0,0,1,0,0
dance_argument,hinge2,nonorm4,1025,3705.573,0.138468,0.752056,0.683883,0.820229,19,0.00005875,3,0.053472,0.087380,0.019564,0.935997,0.894852,0.977141,0.789958,0.743641,0.836275,0.012033,0.005671,0.041251,0.041739,0.050000,0,0,1,0,0
dance_argument,hinge2,nonorm4,1050,3857.610,0.136312,0.748265,0.679794,0.816735,19,0.00005645,2,0.053389,0.090519,0.016259,0.935985,0.891183,0.980787,0.785671,0.741328,0.830015,0.012193,0.004644,0.041566,0.042500,0.050000,0,0,1,0,0
dance_argument,hinge2,nonorm4,1075,3881.583,0.135585,0.749636,0.683467,0.815805,19,0.00006263,3,0.052889,0.088041,0.017738,0.936612,0.894141,0.979083,0.786958,0.743641,0.830276,0.011879,0.004855,0.041043,0.042621,0.050000,0,0,1,0,0
dance_argument,hinge2,nonorm4,1100,4034.366,0.136430,0.747424,0.683883,0.810966,19,0.00007515,3,0.051950,0.087380,0.016520,0.937603,0.894852,0.980354,0.784002,0.743641,0.824363,0.011776,0.004867,0.040964,0.043995,0.050000,0,0,1,0,0
dance_argument,hinge2,nonorm4,1125,4058.445,0.142823,0.743717,0.683955,0.803479,19,0.00003229,3,0.054511,0.089197,0.019824,0.934724,0.893069,0.976378,0.782185,0.744962,0.819407,0.011999,0.005886,0.041217,0.045911,0.050000,0,0,1,0,0
dance_argument,hinge2,nonorm4,1150,4210.501,0.146061,0.735704,0.680241,0.791166,19,0.00003902,3,0.057397,0.095144,0.019650,0.931484,0.886748,0.976221,0.775837,0.744962,0.806712,0.012582,0.005419,0.041611,0.048648,0.050000,0,0,1,0,0
dance_argument,hinge2,nonorm4,1175,4234.555,0.145164,0.730228,0.688784,0.771672,19,0.00001729,3,0.052220,0.085398,0.019042,0.936920,0.897482,0.976358,0.766986,0.747605,0.786366,0.011579,0.005319,0.040507,0.053182,0.050000,0,0,1,0,0
dance_argument,hinge2,nonorm4,1200,4388.872,0.144638,0.720644,0.694577,0.746711,19,0.00003722,3,0.046491,0.075157,0.017825,0.942823,0.908561,0.977085,0.753400,0.746779,0.760021,0.010123,0.005338,0.039322,0.059514,0.050000,0,0,1,0,0
dance_argument,hinge2,nonorm4,1225,4413.086,0.146294,0.713648,0.693501,0.733795,19,0.00005081,3,0.046621,0.075157,0.018085,0.942398,0.908432,0.976364,0.746344,0.745623,0.747065,0.010270,0.004907,0.039605,0.062197,0.050000,0,0,1,0,0
dance_argument,hinge2,nonorm4,1250,4568.506,0.144790,0.710710,0.699231,0.722189,19,0.00003617,2,0.044487,0.073670,0.015303,0.945098,0.910639,0.979556,0.741992,0.750743,0.733241,0.009583,0.004691,0.038335,0.065418,0.050000,0,0,1,0,0
dance_argument,hinge2,nonorm4,1275,4592.541,0.147768,0.704274,0.696522,0.712027,19,0.00001905,1,0.045278,0.073340,0.017216,0.943723,0.910664,0.976782,0.735945,0.747605,0.724285,0.009439,0.005055,0.038587,0.067611,0.050000,0,0,1,0,0
dance_argument,hinge2,nonorm4,1300,4744.497,0.150160,0.703546,0.699908,0.707184,19,0.00007395,2,0.044800,0.071688,0.017911,0.944243,0.912764,0.975722,0.734967,0.750083,0.719850,0.009618,0.005265,0.038491,0.068764,0.050000,0,0,1,0,0
dance_argument,hinge2,nonorm4,1325,4767.996,0.150061,0.699056,0.693210,0.704901,19,0.00015106,1,0.043444,0.070367,0.016520,0.945422,0.913379,0.977464,0.729268,0.741989,0.716546,0.009535,0.004929,0.039333,0.069426,0.050000,0,0,1,0,0
dance_argument,hinge2,nonorm4,1350,4919.985,0.147382,0.698924,0.696542,0.701306,19,0.00004444,2,0.041753,0.065246,0.018259,0.947121,0.919173,0.975068,0.728050,0.741989,0.714112,0.008374,0.005386,0.038418,0.070265,0.050000,0,0,1,0,0
dance_argument,hinge2,nonorm4,1375,4943.685,0.138908,0.707179,0.710955,0.703403,19,0.00006596,2,0.036228,0.055500,0.016955,0.953990,0.931133,0.976846,0.732871,0.750413,0.715329,0.007004,0.005088,0.036044,0.069880,0.050000,0,0,1,0,0
dance_argument,hinge2,nonorm4,1400,5094.272,0.139844,0.708751,0.716102,0.701400,19,0.00003253,2,0.035698,0.052527,0.018868,0.954563,0.934849,0.974277,0.734175,0.753717,0.714634,0.006779,0.005626,0.035507,0.070231,0.050000,0,0,1,0,0
dance_argument,hinge2,nonorm4,1425,5117.737,0.138113,0.708834,0.715096,0.702571,19,0.00002377,2,0.033072,0.048233,0.017911,0.957555,0.939545,0.975566,0.732371,0.749587,0.715155,0.006533,0.005357,0.035917,0.069963,0.050000,0,0,1,0,0
dance_argument,hinge2,nonorm4,1450,5273.821,0.134564,0.714617,0.721653,0.707582,19,0.00009274,2,0.032311,0.047407,0.017216,0.958811,0.940983,0.976640,0.737814,0.755864,0.719763,0.006383,0.005082,0.034844,0.068743,0.050000,0,0,1,0,0
dance_argument,hinge2,nonorm4,1475,5298.150,0.134174,0.720986,0.724815,0.717157,19,0.00012393,2,0.033824,0.051041,0.016607,0.957468,0.937208,0.977729,0.745439,0.761810,0.729067,0.006897,0.005051,0.034646,0.066544,0.050000,0,0,1,0,0
dance_argument,hinge2,nonorm4,1500,5451.082,0.134802,0.722269,0.724122,0.720416,19,0.00006512,2,0.033763,0.048398,0.019129,0.957339,0.940070,0.974608,0.746682,0.759167,0.734197,0.006581,0.005756,0.034661,0.065721,0.050000,0,0,1,0,0
dance_argument,hinge2,nonorm4,1525,5474.867,0.134720,0.724464,0.725469,0.723459,19,0.00004740,2,0.034189,0.048728,0.019650,0.956931,0.939808,0.974053,0.749247,0.760819,0.737675,0.006639,0.005881,0.034503,0.065067,0.050000,0,0,1,0,0
dance_argument,hinge2,nonorm4,1550,5629.650,0.138834,0.723776,0.724820,0.722733,19,0.00008539,2,0.037428,0.052858,0.021998,0.953151,0.935223,0.971079,0.750882,0.763132,0.738631,0.007001,0.006556,0.034542,0.065422,0.050000,0,0,1,0,0
dance_argument,hinge2,nonorm4,1575,5653.423,0.136276,0.725564,0.725984,0.725145,19,0.00006600,2,0.035185,0.048893,0.021476,0.955744,0.939666,0.971823,0.751099,0.761480,0.740718,0.006668,0.006366,0.034433,0.064799,0.050000,0,0,1,0,0
dance_argument,hinge2,nonorm4,1600,5805.357,0.138048,0.721557,0.720276,0.722837,19,0.00005445,3,0.036415,0.051701,0.021129,0.954140,0.936109,0.972171,0.747813,0.757516,0.738110,0.006993,0.006200,0.035281,0.065288,0.050000,0,0,1,0,0
dance_argument,hinge2,nonorm4,1625,5828.950,0.136142,0.724104,0.721725,0.726482,19,0.00007597,2,0.036250,0.053023,0.019477,0.954580,0.934783,0.974377,0.750312,0.759993,0.740631,0.007118,0.005839,0.035019,0.064363,0.050000,0,0,1,0,0
dance_argument,hinge2,nonorm4,1650,5980.221,0.135241,0.725318,0.722379,0.728257,19,0.00009899,3,0.036132,0.052527,0.019737,0.954745,0.935379,0.974110,0.751477,0.760324,0.742631,0.006973,0.005856,0.034857,0.064017,0.050000,0,0,1,0,0
dance_argument,hinge2,nonorm4,1675,6003.716,0.134809,0.726737,0.724745,0.728730,19,0.00008567,4,0.035641,0.051371,0.019911,0.955375,0.936840,0.973909,0.752608,0.761976,0.743240,0.006917,0.005879,0.034571,0.063965,0.050000,0,0,1,0,0
dance_argument,hinge2,nonorm4,1700,6155.329,0.135039,0.726148,0.724187,0.728110,19,0.00005974,4,0.035432,0.051041,0.019824,0.955577,0.937157,0.973996,0.751847,0.761150,0.742544,0.006927,0.005870,0.034828,0.063981,0.050000,0,0,1,0,0
dance_argument,hinge2,nonorm4,1725,6178.441,0.136181,0.724535,0.719108,0.729962,19,0.00006482,3,0.035885,0.052032,0.019737,0.954909,0.935649,0.974169,0.750447,0.756525,0.744370,0.007072,0.005954,0.035483,0.063672,0.050000,0,0,1,0,0
dance_argument,hinge2,nonorm4,1750,6330.464,0.137679,0.723008,0.717425,0.728590,19,0.00006275,2,0.036271,0.052197,0.020346,0.954343,0.935325,0.973361,0.749143,0.754873,0.743414,0.007060,0.006223,0.035645,0.064149,0.050000,0,0,1,0,0
dance_argument,hinge2,nonorm4,1775,6354.409,0.134352,0.727593,0.719265,0.735922,19,0.00009513,2,0.035537,0.052032,0.019042,0.955450,0.935662,0.975237,0.753312,0.756690,0.749935,0.007191,0.005695,0.035489,0.062172,0.050000,0,0,1,0,0
horse_circle,hinge2,nonorm4,1,1.538,0.611466,0.160325,0.164391,0.156260,20,0.00000000,0,0.076435,0.089658,0.063212,0.695411,0.666436,0.724387,0.172633,0.179129,0.166137,0.024560,0.027614,0.196223,0.274487,0.050000,0,0,0,0,0
horse_circle,hinge2,nonorm4,25,27.126,0.424532,0.264338,0.276670,0.252006,20,0.00000000,0,0.029242,0.035714,0.022769,0.904004,0.889177,0.918830,0.272148,0.286551,0.257744,0.009557,0.009683,0.160962,0.233781,0.050000,0,0,0,0,0
horse_circle,hinge2,nonorm4,50,197.606,0.341699,0.404137,0.386924,0.421349,20,0.00004267,0,0.023458,0.025670,0.021247,0.946097,0.939247,0.952946,0.413579,0.396856,0.430302,0.007035,0.009051,0.134863,0.180427,0.050000,0,0,0,0,0
horse_circle,hinge2,nonorm4,75,223.884,0.271584,0.522817,0.491013,0.554621,20,0.00000000,0,0.020021,0.024554,0.015488,0.963350,0.953464,0.973236,0.533140,0.503069,0.563212,0.006745,0.006437,0.111412,0.137619,0.050000,0,0,0,0,0
horse_circle,hinge2,nonorm4,100,395.398,0.222798,0.611925,0.595412,0.628439,20,0.00007634,1,0.017242,0.021577,0.012907,0.972934,0.965741,0.980126,0.622405,0.608259,0.636550,0.005956,0.005363,0.087703,0.114514,0.050000,0,0,0,0,0
horse_circle,hinge2,nonorm4,125,422.082,0.196496,0.670333,0.657591,0.683074,20,0.00097182,1,0.018042,0.024833,0.011252,0.974216,0.964462,0.983971,0.682340,0.673921,0.690760,0.006682,0.004850,0.073953,0.097493,0.050000,0,0,0,0,0
horse_circle,hinge2,nonorm4,150,589.570,0.179946,0.696810,0.674002,0.719619,19,0.00129038,3,0.017074,0.027065,0.007082,0.976348,0.962374,0.990322,0.708479,0.692243,0.724715,0.007498,0.003116,0.070698,0.085784,0.050000,0,0,1,0,0
horse_circle,hinge2,nonorm4,175,614.721,0.171025,0.708681,0.675783,0.741579,19,0.00057108,1,0.016531,0.026972,0.006089,0.977247,0.962590,0.991904,0.720053,0.694010,0.746095,0.007413,0.002698,0.070185,0.078952,0.050000,0,0,1,0,0
horse_circle,hinge2,nonorm4,200,777.727,0.160974,0.727196,0.684230,0.770163,19,0.00034495,4,0.016353,0.027344,0.005361,0.977840,0.962557,0.993123,0.738615,0.702939,0.774292,0.007573,0.002434,0.068348,0.070217,0.050000,0,0,1,0,0
horse_circle,hinge2,nonorm4,225,803.272,0.156414,0.736608,0.690021,0.783194,19,0.00009765,3,0.016807,0.026135,0.007479,0.977507,0.964403,0.990610,0.748553,0.708054,0.789052,0.007281,0.002859,0.067159,0.065997,0.050000,0,0,1,0,0
horse_circle,hinge2,nonorm4,250,968.001,0.149527,0.746195,0.697884,0.794506,19,0.00004339,2,0.015559,0.023903,0.007215,0.979349,0.967632,0.991065,0.757402,0.714565,0.800238,0.006580,0.003024,0.065088,0.062605,0.050000,0,0,1,0,0
horse_circle,hinge2,nonorm4,275,994.240,0.140354,0.749435,0.704099,0.794770,19,0.00000570,2,0.011829,0.018694,0.004964,0.984211,0.974599,0.993823,0.757989,0.717262,0.798716,0.005293,0.002193,0.063410,0.062590,0.050000,0,0,1,0,0
horse_circle,hinge2,nonorm4,300,1155.950,0.140828,0.750465,0.705496,0.795434,19,0.00000772,0,0.013163,0.020368,0.005957,0.982547,0.972484,0.992610,0.760019,0.719866,0.800172,0.005580,0.002270,0.063001,0.062068,0.050000,0,0,1,0,0
horse_circle,hinge2,nonorm4,325,1181.110,0.145616,0.754815,0.707107,0.802523,19,0.00000699,0,0.015492,0.023438,0.007546,0.979692,0.968629,0.990754,0.766129,0.723679,0.808578,0.006464,0.003208,0.062879,0.060220,0.050000,0,0,1,0,0
horse_circle,hinge2,nonorm4,350,1340.349,0.141077,0.762547,0.712301,0.812792,19,0.00000108,0,0.015176,0.024461,0.005891,0.980207,0.967567,0.992846,0.773652,0.729725,0.817580,0.006814,0.002678,0.061780,0.057007,0.050000,0,0,1,0,0
horse_circle,hinge2,nonorm4,375,1365.877,0.138370,0.771228,0.712627,0.829829,19,0.00000244,0,0.016355,0.025298,0.007413,0.978873,0.966535,0.991210,0.783318,0.730655,0.835981,0.006812,0.003248,0.061639,0.051862,0.050000,0,0,1,0,0
horse_circle,hinge2,nonorm4,400,1522.719,0.138321,0.775195,0.718394,0.831996,19,0.00000066,0,0.017341,0.028460,0.006222,0.977766,0.962909,0.992623,0.788006,0.738839,0.837172,0.007720,0.002793,0.060577,0.051059,0.050000,0,0,1,0,0
horse_circle,hinge2,nonorm4,425,1547.431,0.139405,0.778649,0.721686,0.835613,19,0.00000210,0,0.018609,0.030599,0.006619,0.976339,0.960485,0.992192,0.792456,0.743769,0.841144,0.008404,0.002839,0.060102,0.049820,0.050000,0,0,1,0,0
horse_circle,hinge2,nonorm4,450,1706.809,0.136351,0.781371,0.721617,0.841125,19,0.00000238,0,0.019156,0.033017,0.005295,0.975682,0.957587,0.993777,0.795511,0.745443,0.845579,0.008970,0.001945,0.060061,0.047779,0.050000,0,0,1,0,0
horse_circle,hinge2,nonorm4,475,1731.384,0.134276,0.782787,0.720949,0.844624,19,0.00000033,0,0.018120,0.030878,0.005361,0.976918,0.960111,0.993726,0.796182,0.743211,0.849153,0.008416,0.002099,0.060201,0.046936,0.050000,0,0,1,0,0
horse_circle,hinge2,nonorm4,500,1891.808,0.129588,0.786742,0.726787,0.846696,19,0.00000548,0,0.016208,0.027716,0.004699,0.979364,0.964221,0.994506,0.798803,0.746931,0.850675,0.007542,0.002157,0.058599,0.046588,0.050000,0,0,1,0,0
horse_circle,hinge2,nonorm4,525,1917.022,0.126301,0.788975,0.731918,0.846032,19,0.00000282,0,0.014965,0.024833,0.005097,0.980998,0.967955,0.994042,0.800219,0.750093,0.850344,0.006743,0.002352,0.057374,0.046576,0.050000,0,0,1,0,0
horse_circle,hinge2,nonorm4,550,2074.503,0.124548,0.791552,0.736211,0.846892,19,0.00000145,0,0.014975,0.023531,0.006420,0.981121,0.969719,0.992524,0.802932,0.753534,0.852330,0.006365,0.002568,0.056318,0.046332,0.050000,0,0,1,0,0
horse_circle,hinge2,nonorm4,575,2099.025,0.123336,0.792340,0.739340,0.845339,19,0.00000588,0,0.014564,0.022972,0.006156,0.981668,0.970522,0.992815,0.803434,0.756324,0.850543,0.006205,0.002469,0.055650,0.046688,0.050000,0,0,1,0,0
horse_circle,hinge2,nonorm4,600,2255.990,0.123469,0.791900,0.739043,0.844756,19,0.00005303,0,0.014120,0.022879,0.005361,0.982175,0.970623,0.993727,0.802619,0.755952,0.849285,0.006277,0.002311,0.055708,0.047086,0.050000,0,0,1,0,0
horse_circle,hinge2,nonorm4,625,2280.563,0.123121,0.792847,0.742569,0.843124,19,0.00006264,0,0.014094,0.023158,0.005030,0.982259,0.970421,0.994098,0.803566,0.759766,0.847366,0.006302,0.002267,0.054927,0.047550,0.050000,0,0,1,0,0
horse_circle,hinge2,nonorm4,650,2438.612,0.122736,0.793706,0.744169,0.843243,19,0.00007621,0,0.014468,0.024833,0.004104,0.981821,0.968466,0.995177,0.804676,0.762649,0.846704,0.006705,0.001845,0.054679,0.047435,0.050000,0,0,1,0,0
horse_circle,hinge2,nonorm4,675,2463.410,0.124638,0.793481,0.742526,0.844436,19,0.00008831,0,0.015583,0.026600,0.004567,0.980463,0.966282,0.994645,0.805285,0.762277,0.848292,0.007235,0.001863,0.055032,0.046992,0.050000,0,0,1,0,0
horse_circle,hinge2,nonorm4,700,2614.971,0.124165,0.794619,0.744043,0.845196,18,0.00010036,0,0.015438,0.026507,0.004369,0.980669,0.966459,0.994880,0.806326,0.763765,0.848888,0.007126,0.001956,0.054662,0.046893,0.050000,0,0,2,0,0
horse_circle,hinge2,nonorm4,725,2638.401,0.122803,0.794000,0.743483,0.844518,18,0.00012166,0,0.014500,0.023903,0.005097,0.981794,0.969557,0.994031,0.805038,0.761254,0.848822,0.006299,0.002329,0.054397,0.047445,0.050000,0,0,2,0,0
horse_circle,hinge2,nonorm4,750,2788.082,0.124745,0.795607,0.743752,0.847461,18,0.00008099,1,0.016061,0.027158,0.004964,0.979938,0.965671,0.994205,0.807809,0.763951,0.851668,0.007266,0.002137,0.054612,0.046317,0.050000,0,0,2,0,0
horse_circle,hinge2,nonorm4,775,2811.756,0.130281,0.795638,0.742473,0.848802,18,0.00007234,1,0.018684,0.031808,0.005560,0.976832,0.960135,0.993528,0.809806,0.766090,0.853521,0.008514,0.002391,0.055152,0.045926,0.050000,0,0,2,0,0
horse_circle,hinge2,nonorm4,800,2963.189,0.130778,0.793305,0.741463,0.845147,18,0.00006974,1,0.018097,0.029576,0.006619,0.977491,0.962702,0.992280,0.807067,0.763393,0.850741,0.008056,0.002682,0.055490,0.046813,0.050000,0,0,2,0,0
horse_circle,hinge2,nonorm4,825,2987.406,0.133074,0.796484,0.744464,0.848503,18,0.00007940,2,0.019527,0.033296,0.005759,0.975905,0.958512,0.993297,0.811321,0.769252,0.853389,0.009122,0.002634,0.054960,0.045814,0.050000,0,0,2,0,0
horse_circle,hinge2,nonorm4,850,3138.988,0.132459,0.799022,0.752633,0.845410,18,0.00007383,2,0.019911,0.033203,0.006619,0.975666,0.959050,0.992282,0.814314,0.777623,0.851006,0.009088,0.002692,0.053200,0.046797,0.050000,0,0,2,0,0
horse_circle,hinge2,nonorm4,875,3163.140,0.124074,0.801370,0.757376,0.845364,18,0.00006858,2,0.016373,0.027716,0.005030,0.979865,0.965617,0.994114,0.813991,0.778367,0.849616,0.007502,0.002261,0.051725,0.047029,0.050000,0,0,2,0,0
horse_circle,hinge2,nonorm4,900,3315.565,0.122468,0.801774,0.760525,0.843024,18,0.00007940,2,0.016240,0.027251,0.005229,0.980081,0.966295,0.993867,0.814341,0.781250,0.847432,0.007276,0.002114,0.050983,0.047469,0.050000,0,0,2,0,0
horse_circle,hinge2,nonorm4,925,3339.518,0.121253,0.804098,0.763625,0.844572,18,0.00005788,2,0.015757,0.027344,0.004170,0.980713,0.966319,0.995107,0.816299,0.784505,0.848094,0.007420,0.001889,0.050322,0.047123,0.050000,0,0,2,0,0
horse_circle,hinge2,nonorm4,950,3492.545,0.124646,0.803723,0.762975,0.844471,18,0.00005850,1,0.017391,0.030413,0.004369,0.978816,0.962756,0.994876,0.817170,0.786179,0.848160,0.008206,0.001937,0.050680,0.047201,0.050000,0,0,2,0,0
horse_circle,hinge2,nonorm4,975,3516.475,0.123701,0.805083,0.766628,0.843538,18,0.00006441,1,0.017451,0.030599,0.004302,0.978831,0.962715,0.994947,0.818626,0.790086,0.847167,0.008154,0.001927,0.049641,0.047431,0.050000,0,0,2,0,0
horse_circle,hinge2,nonorm4,1000,3669.012,0.117184,0.811039,0.777375,0.844704,18,0.00007432,1,0.015106,0.026042,0.004170,0.981745,0.968383,0.995108,0.822923,0.797619,0.848226,0.007071,0.001907,0.047240,0.046993,0.050000,0,0,2,0,0
horse_circle,hinge2,nonorm4,1025,3692.796,0.118455,0.810922,0.777939,0.843904,18,0.00005600,1,0.015549,0.026135,0.004964,0.981240,0.968299,0.994181,0.823182,0.798270,0.848094,0.007080,0.002225,0.047081,0.047272,0.050000,0,0,2,0,0
horse_circle,hinge2,nonorm4,1050,3843.146,0.117989,0.812737,0.780724,0.844750,18,0.00005083,1,0.016307,0.027716,0.004898,0.980437,0.966611,0.994263,0.825625,0.802362,0.848888,0.007545,0.001887,0.046495,0.046835,0.050000,0,0,2,0,0
horse_circle,hinge2,nonorm4,1075,3867.054,0.116495,0.814513,0.785294,0.843731,18,0.00005593,1,0.015882,0.027065,0.004699,0.981010,0.967533,0.994487,0.827122,0.806548,0.847697,0.007322,0.001859,0.045431,0.047240,0.050000,0,0,2,0,0
horse_circle,hinge2,nonorm4,1100,4006.307,0.109479,0.817661,0.786881,0.848441,16,0.00005270,1,0.013482,0.025112,0.001853,0.983817,0.969809,0.997824,0.828327,0.806641,0.850013,0.006900,0.000754,0.045206,0.045780,0.050000,0,0,4,0,0
horse_circle,hinge2,nonorm4,1125,4027.880,0.111539,0.818695,0.785701,0.851688,16,0.00002909,1,0.014818,0.027716,0.001920,0.982285,0.966815,0.997756,0.830400,0.807478,0.853323,0.007503,0.000899,0.045531,0.044769,0.050000,0,0,4,0,0
horse_circle,hinge2,nonorm4,1150,4161.630,0.109455,0.823480,0.788221,0.858738,16,0.00003757,1,0.014937,0.028088,0.001787,0.982214,0.966500,0.997927,0.835317,0.810361,0.860273,0.007697,0.000792,0.045036,0.042598,0.050000,0,0,4,0,0
horse_circle,hinge2,nonorm4,1175,4182.880,0.106412,0.826483,0.790298,0.862669,16,0.00018968,1,0.014341,0.027623,0.001059,0.982941,0.967106,0.998775,0.837855,0.812128,0.863582,0.007485,0.000571,0.044481,0.041387,0.050000,0,0,4,0,0
horse_circle,hinge2,nonorm4,1200,4318.432,0.109090,0.828587,0.789583,0.867591,16,0.00011844,1,0.016550,0.030320,0.002780,0.980442,0.964069,0.996815,0.841763,0.813523,0.870003,0.008127,0.001048,0.044613,0.039808,0.050000,0,0,4,0,0
horse_circle,hinge2,nonorm4,1225,4339.921,0.102966,0.832335,0.795246,0.869424,16,0.00033281,1,0.013430,0.025205,0.001655,0.984058,0.970012,0.998103,0.843077,0.815290,0.870863,0.006978,0.000840,0.043504,0.039373,0.050000,0,0,4,0,0
horse_circle,hinge2,nonorm4,1250,4470.999,0.103012,0.832171,0.792916,0.871426,15,0.00054737,1,0.014505,0.026693,0.002317,0.982803,0.968252,0.997355,0.843763,0.814081,0.873445,0.007016,0.000928,0.043648,0.038611,0.050000,0,0,5,0,0
horse_circle,hinge2,nonorm4,1275,4491.074,0.101507,0.834191,0.793894,0.874488,15,0.00040090,1,0.013763,0.026600,0.000927,0.983668,0.968394,0.998942,0.845155,0.815011,0.875298,0.007210,0.000564,0.043601,0.037778,0.050000,0,0,5,0,0
horse_circle,hinge2,nonorm4,1300,4620.945,0.102957,0.835041,0.792545,0.877538,15,0.00044361,1,0.014494,0.027995,0.000993,0.982826,0.966781,0.998871,0.846570,0.814732,0.878409,0.007592,0.000665,0.044063,0.036960,0.050000,0,0,5,0,0
horse_circle,hinge2,nonorm4,1325,4640.946,0.103163,0.834288,0.791727,0.876850,15,0.00041739,1,0.014692,0.027530,0.001853,0.982581,0.967267,0.997895,0.845999,0.813523,0.878475,0.007557,0.000709,0.044272,0.036965,0.050000,0,0,5,0,0
horse_circle,hinge2,nonorm4,1350,4769.545,0.102382,0.835026,0.792292,0.877759,15,0.00046476,1,0.014904,0.028088,0.001721,0.982357,0.966667,0.998047,0.846908,0.814546,0.879269,0.007539,0.000651,0.044014,0.036619,0.050000,0,0,5,0,0
horse_circle,hinge2,nonorm4,1375,4789.438,0.102395,0.836560,0.794477,0.878644,15,0.00036430,1,0.014320,0.027251,0.001390,0.983056,0.967689,0.998423,0.847996,0.816127,0.879865,0.007558,0.000736,0.043798,0.036512,0.050000,0,0,5,0,0
horse_circle,hinge2,nonorm4,1400,4917.527,0.101911,0.835306,0.791569,0.879042,15,0.00035280,1,0.014474,0.028088,0.000860,0.982830,0.966637,0.999023,0.846800,0.813802,0.879799,0.007607,0.000526,0.044222,0.036202,0.050000,0,0,5,0,0
horse_circle,hinge2,nonorm4,1425,4937.370,0.102907,0.834494,0.791097,0.877891,15,0.00042338,1,0.014858,0.027995,0.001721,0.982384,0.966722,0.998047,0.846323,0.813244,0.879402,0.007669,0.000643,0.044353,0.036412,0.050000,0,0,5,0,0
horse_circle,hinge2,nonorm4,1450,5065.230,0.101409,0.835619,0.792323,0.878914,15,0.00034735,1,0.014665,0.027344,0.001986,0.982625,0.967499,0.997750,0.847324,0.813988,0.880659,0.007322,0.000722,0.043926,0.036305,0.050000,0,0,5,0,0
horse_circle,hinge2,nonorm4,1475,5085.197,0.101868,0.834328,0.791954,0.876701,15,0.00031024,1,0.014067,0.026414,0.001721,0.983286,0.968528,0.998044,0.845541,0.812872,0.878210,0.007189,0.000812,0.043996,0.036944,0.050000,0,0,5,0,0
horse_circle,hinge2,nonorm4,1500,5213.051,0.100836,0.835390,0.792947,0.877833,15,0.00026905,1,0.013868,0.025949,0.001787,0.983531,0.969089,0.997972,0.846462,0.813523,0.879402,0.007157,0.000679,0.043833,0.036651,0.050000,0,0,5,0,0
horse_circle,hinge2,nonorm4,1525,5232.890,0.101237,0.834809,0.793188,0.876430,15,0.00024882,1,0.013909,0.026693,0.001125,0.983491,0.968263,0.998719,0.845888,0.814360,0.877416,0.007203,0.000691,0.043651,0.037065,0.050000,0,0,5,0,0
horse_circle,hinge2,nonorm4,1550,5361.027,0.099299,0.835644,0.794974,0.876313,15,0.00024051,1,0.013496,0.025205,0.001787,0.983985,0.970002,0.997968,0.846445,0.815011,0.877879,0.006737,0.000751,0.043145,0.037046,0.050000,0,0,5,0,0
horse_circle,hinge2,nonorm4,1575,5380.785,0.096655,0.837448,0.797672,0.877223,15,0.00027729,1,0.011956,0.022786,0.001125,0.985775,0.972829,0.998720,0.847029,0.815848,0.878210,0.006297,0.000607,0.042682,0.036882,0.050000,0,0,5,0,0
horse_circle,hinge2,nonorm4,1600,5509.639,0.097087,0.836526,0.796382,0.876670,15,0.00027218,1,0.012043,0.023158,0.000927,0.985655,0.972364,0.998945,0.846154,0.814825,0.877482,0.006364,0.000554,0.042941,0.037050,0.050000,0,0,5,0,0
horse_circle,hinge2,nonorm4,1625,5529.521,0.098171,0.837963,0.798928,0.876998,15,0.00021982,1,0.013037,0.024089,0.001986,0.984573,0.971400,0.997745,0.848457,0.818173,0.878740,0.006462,0.000944,0.042307,0.036977,0.050000,0,0,5,0,0
horse_circle,hinge2,nonorm4,1650,5656.690,0.098573,0.838370,0.798223,0.878518,15,0.00023792,1,0.013781,0.025577,0.001986,0.983726,0.969704,0.997749,0.849450,0.818638,0.880262,0.006802,0.000788,0.042487,0.036495,0.050000,0,0,5,0,0
horse_circle,hinge2,nonorm4,1675,5676.613,0.096812,0.837307,0.799563,0.875050,15,0.00021797,1,0.012207,0.022693,0.001721,0.985519,0.972997,0.998041,0.847132,0.817708,0.876555,0.006092,0.000866,0.042133,0.037432,0.050000,0,0,5,0,0
horse_circle,hinge2,nonorm4,1700,5803.266,0.097091,0.837436,0.798219,0.876653,15,0.00019611,1,0.012520,0.023717,0.001324,0.985145,0.971795,0.998494,0.847482,0.817150,0.877813,0.006429,0.000649,0.042425,0.036989,0.050000,0,0,5,0,0
horse_circle,hinge2,nonorm4,1725,5823.097,0.097113,0.837422,0.800182,0.874661,15,0.00018933,1,0.012194,0.022600,0.001787,0.985544,0.973122,0.997965,0.847245,0.818266,0.876225,0.006183,0.000865,0.042047,0.037516,0.050000,0,0,5,0,0
horse_circle,hinge2,nonorm4,1750,5950.878,0.096615,0.838139,0.799236,0.877041,15,0.00017307,1,0.012069,0.022879,0.001258,0.985673,0.972776,0.998570,0.847833,0.817522,0.878144,0.006349,0.000637,0.042395,0.036879,0.050000,0,0,5,0,0
horse_circle,hinge2,nonorm4,1775,5970.599,0.099814,0.838997,0.798008,0.879987,15,0.00016236,1,0.014684,0.027251,0.002118,0.982715,0.967827,0.997604,0.850803,0.819754,0.881851,0.007295,0.000767,0.042628,0.035902,0.050000,0,0,5,0,0
horse_circle,hinge2,nonorm4,1800,6098.031,0.100202,0.839122,0.797808,0.880436,15,0.00015196,1,0.014074,0.026693,0.001456,0.983396,0.968441,0.998351,0.850411,0.819103,0.881718,0.007271,0.000838,0.042830,0.035953,0.050000,0,0,5,0,0
horse_circle,hinge2,nonorm4,1825,6117.813,0.099631,0.839902,0.797572,0.882232,15,0.00015786,1,0.014266,0.026414,0.002118,0.983177,0.968743,0.997610,0.851370,0.818638,0.884101,0.007293,0.000812,0.042887,0.035269,0.050000,0,0,5,0,0
horse_circle,hinge2,nonorm4,1850,6246.522,0.099688,0.840787,0.798587,0.882986,15,0.00015960,1,0.014147,0.026507,0.001787,0.983331,0.968678,0.997984,0.852159,0.819754,0.884564,0.007292,0.000905,0.042709,0.035144,0.050000,0,0,5,0,0
horse_circle,hinge2,nonorm4,1875,6266.338,0.098679,0.840192,0.797771,0.882614,15,0.00013576,1,0.013684,0.026507,0.000860,0.983837,0.968647,0.999027,0.851145,0.818917,0.883373,0.007298,0.000561,0.042760,0.035343,0.050000,0,0,5,0,0
acm_scf,hinge2,nonorm4,1,2.019,0.631303,0.188224,0.149064,0.227384,20,0.00000000,0,0.210938,0.093549,0.328327,0.557260,0.635369,0.479150,0.232525,0.163009,0.302041,0.034341,0.045862,0.254435,0.126200,0.050000,0,0,0,0,0
acm_scf,hinge2,nonorm4,25,35.689,0.417905,0.203441,0.156666,0.250215,20,0.00000000,0,0.084978,0.031996,0.137959,0.754208,0.834796,0.673619,0.223207,0.161679,0.284735,0.011391,0.019001,0.238004,0.104768,0.050000,0,0,0,0,0
acm_scf,hinge2,nonorm4,50,248.240,0.386057,0.232478,0.191338,0.273618,20,0.00000000,0,0.070877,0.025345,0.116408,0.804831,0.885590,0.724071,0.250828,0.196187,0.305469,0.009347,0.016150,0.227272,0.099693,0.050000,0,0,0,0,0
acm_scf,hinge2,nonorm4,75,282.430,0.355254,0.260609,0.207602,0.313617,20,0.00000328,1,0.055061,0.022611,0.087510,0.849776,0.903743,0.795810,0.276679,0.212296,0.341061,0.008141,0.012105,0.222014,0.091726,0.050000,0,0,0,0,0
acm_scf,hinge2,nonorm4,100,500.703,0.334525,0.291616,0.231254,0.351978,20,0.00000586,0,0.048506,0.019951,0.077061,0.876538,0.922010,0.831067,0.307485,0.235868,0.379102,0.007025,0.010758,0.214609,0.085947,0.050000,0,0,0,0,0
acm_scf,hinge2,nonorm4,125,534.871,0.319493,0.327183,0.257014,0.397352,20,0.00001525,0,0.046014,0.019212,0.072816,0.892887,0.931669,0.854105,0.344119,0.261952,0.426286,0.006947,0.010082,0.207382,0.079483,0.050000,0,0,0,0,0
acm_scf,hinge2,nonorm4,150,756.314,0.308649,0.354891,0.278540,0.431241,20,0.00001697,0,0.046313,0.018178,0.074449,0.900666,0.939765,0.861566,0.373475,0.283603,0.463347,0.006688,0.010087,0.201146,0.074683,0.050000,0,0,0,0,0
acm_scf,hinge2,nonorm4,175,791.536,0.296255,0.383989,0.306509,0.461468,20,0.00000726,1,0.045163,0.018326,0.072000,0.908746,0.944544,0.872947,0.403410,0.312126,0.494694,0.006508,0.009827,0.193282,0.070543,0.050000,0,0,0,0,0
acm_scf,hinge2,nonorm4,200,1019.488,0.293428,0.414210,0.337382,0.491038,20,0.00000000,1,0.053043,0.022168,0.083918,0.901703,0.939601,0.863805,0.438553,0.344861,0.532245,0.007363,0.011152,0.184877,0.067095,0.050000,0,0,0,0,0
acm_scf,hinge2,nonorm4,225,1054.545,0.293257,0.445821,0.361442,0.530199,20,0.00000000,0,0.060040,0.022611,0.097469,0.899438,0.942351,0.856525,0.475746,0.369615,0.581878,0.007927,0.013258,0.178324,0.062776,0.050000,0,0,0,0,0
acm_scf,hinge2,nonorm4,250,1276.955,0.289063,0.465981,0.369343,0.562620,20,0.00000000,0,0.064965,0.020542,0.109388,0.899598,0.948318,0.850879,0.500547,0.376930,0.624163,0.006907,0.014775,0.175698,0.058753,0.050000,0,0,0,0,0
acm_scf,hinge2,nonorm4,275,1311.865,0.276094,0.478290,0.373012,0.583568,20,0.00000000,0,0.059168,0.017439,0.100898,0.910167,0.956069,0.864265,0.510983,0.379517,0.642449,0.005630,0.013711,0.173821,0.055587,0.050000,0,0,0,0,0
acm_scf,hinge2,nonorm4,300,1533.314,0.285357,0.477563,0.386344,0.568782,20,0.00000000,0,0.067683,0.016183,0.119184,0.901355,0.960412,0.842299,0.514584,0.392596,0.636571,0.005521,0.016481,0.170276,0.058778,0.050000,0,0,0,0,0
acm_scf,hinge2,nonorm4,325,1567.769,0.291923,0.473104,0.379952,0.566256,20,0.00000000,0,0.071950,0.016552,0.127347,0.896298,0.958907,0.833689,0.512304,0.386241,0.638367,0.005519,0.017651,0.172101,0.059576,0.050000,0,0,0,0,0
acm_scf,hinge2,nonorm4,350,1782.995,0.289422,0.473589,0.376290,0.570888,20,0.00000000,0,0.069129,0.016626,0.121633,0.899359,0.958349,0.840369,0.511436,0.382546,0.640327,0.005486,0.016944,0.173183,0.058676,0.050000,0,0,0,0,0
acm_scf,hinge2,nonorm4,375,1816.853,0.286640,0.475729,0.380862,0.570596,20,0.00000000,0,0.067597,0.014705,0.120490,0.902386,0.963345,0.841427,0.512905,0.386463,0.639347,0.005306,0.016676,0.171908,0.058650,0.050000,0,0,0,0,0
acm_scf,hinge2,nonorm4,400,2028.237,0.299309,0.478016,0.390914,0.565118,20,0.00000000,0,0.079045,0.019803,0.138286,0.887869,0.952675,0.823062,0.520960,0.398655,0.643265,0.006703,0.019022,0.169525,0.060140,0.050000,0,0,0,0,0
acm_scf,hinge2,nonorm4,425,2060.893,0.301256,0.481736,0.395238,0.568234,20,0.00000000,0,0.077959,0.024163,0.131755,0.886816,0.943669,0.829962,0.523945,0.404788,0.643102,0.008208,0.018373,0.168838,0.059566,0.050000,0,0,0,0,0
acm_scf,hinge2,nonorm4,450,2275.327,0.284261,0.482712,0.393415,0.572009,20,0.00000000,0,0.070636,0.016700,0.124571,0.898843,0.959922,0.837763,0.521625,0.399985,0.643265,0.005713,0.016641,0.168439,0.057990,0.050000,0,0,0,0,0
acm_scf,hinge2,nonorm4,475,2308.803,0.280643,0.495352,0.409635,0.581069,20,0.00000000,0,0.068094,0.018473,0.117714,0.902081,0.957598,0.846563,0.533336,0.417202,0.649469,0.006312,0.016340,0.164122,0.057094,0.050000,0,0,0,0,0
acm_scf,hinge2,nonorm4,500,2525.300,0.271781,0.505877,0.431023,0.580730,20,0.00000000,0,0.067238,0.016109,0.118367,0.905184,0.964524,0.845843,0.543718,0.437966,0.649469,0.005378,0.016414,0.157713,0.057097,0.050000,0,0,0,0,0
acm_scf,hinge2,nonorm4,525,2558.849,0.272250,0.521060,0.455696,0.586423,20,0.00000000,0,0.069972,0.021577,0.118367,0.901407,0.955704,0.847111,0.560683,0.465529,0.655837,0.007359,0.016338,0.151490,0.056225,0.050000,0,0,0,0,0
acm_scf,hinge2,nonorm4,550,2773.306,0.265948,0.521346,0.447742,0.594950,20,0.00000000,0,0.063272,0.020912,0.105633,0.908943,0.956253,0.861634,0.557450,0.457105,0.657796,0.007086,0.014705,0.153746,0.054589,0.050000,0,0,0,0,0
acm_scf,hinge2,nonorm4,575,2806.716,0.259385,0.528187,0.461617,0.594758,20,0.00000000,0,0.063087,0.017439,0.108735,0.911324,0.964199,0.858448,0.564548,0.469667,0.659429,0.006033,0.015000,0.149534,0.054541,0.050000,0,0,0,0,0
acm_scf,hinge2,nonorm4,600,3021.150,0.253113,0.535985,0.475376,0.596594,20,0.00000000,0,0.063988,0.015813,0.112163,0.911845,0.968292,0.855399,0.573202,0.482894,0.663510,0.005110,0.015330,0.145003,0.054471,0.050000,0,0,0,0,0
acm_scf,hinge2,nonorm4,625,3054.103,0.253755,0.541742,0.485565,0.597920,20,0.00000000,0,0.065361,0.016109,0.114612,0.910822,0.968383,0.853261,0.579918,0.493387,0.666449,0.005409,0.015822,0.142505,0.054523,0.050000,0,0,0,0,0
acm_scf,hinge2,nonorm4,650,3265.835,0.254882,0.545096,0.493025,0.597167,20,0.00000000,0,0.067637,0.017069,0.118204,0.908343,0.967080,0.849605,0.584598,0.501441,0.667755,0.005750,0.016236,0.140530,0.054728,0.050000,0,0,0,0,0
acm_scf,hinge2,nonorm4,675,3298.559,0.255137,0.551323,0.502500,0.600146,20,0.00000000,0,0.068195,0.019656,0.116735,0.907358,0.963056,0.851660,0.591291,0.512377,0.670204,0.006644,0.016127,0.138131,0.054272,0.050000,0,0,0,0,0
acm_scf,hinge2,nonorm4,700,3507.216,0.255953,0.557615,0.510332,0.604897,20,0.00000000,0,0.068159,0.022685,0.113633,0.907003,0.958345,0.855662,0.597771,0.521909,0.673633,0.007887,0.015708,0.136494,0.053520,0.050000,0,0,0,0,0
acm_scf,hinge2,nonorm4,725,3539.225,0.254895,0.559765,0.513398,0.606132,20,0.00000000,0,0.068017,0.023055,0.112980,0.907251,0.957951,0.856551,0.599923,0.525235,0.674612,0.007997,0.015584,0.135628,0.053266,0.050000,0,0,0,0,0
acm_scf,hinge2,nonorm4,750,3743.239,0.246848,0.564305,0.522287,0.606324,19,0.00000000,0,0.065706,0.021207,0.110204,0.910538,0.961759,0.859316,0.603253,0.533363,0.673143,0.006910,0.015265,0.132493,0.053078,0.050000,0,0,1,0,0
acm_scf,hinge2,nonorm4,775,3774.464,0.254401,0.557761,0.520329,0.595194,19,0.00000000,0,0.075246,0.015961,0.134531,0.902281,0.970692,0.833871,0.601950,0.528634,0.675265,0.005600,0.017983,0.133064,0.055271,0.050000,0,0,1,0,0
acm_scf,hinge2,nonorm4,800,3970.085,0.236574,0.575552,0.532084,0.619020,19,0.00000000,0,0.064647,0.013375,0.115918,0.916050,0.975796,0.856304,0.614988,0.539200,0.690776,0.004374,0.016140,0.129001,0.051803,0.050000,0,0,1,0,0
acm_scf,hinge2,nonorm4,825,4000.934,0.231671,0.579403,0.535532,0.623274,19,0.00000000,0,0.061984,0.012784,0.111184,0.919321,0.976973,0.861670,0.617475,0.542378,0.692571,0.004205,0.015379,0.128176,0.050902,0.050000,0,0,1,0,0
acm_scf,hinge2,nonorm4,850,4202.451,0.235729,0.584523,0.539547,0.629500,19,0.00000000,0,0.065636,0.015518,0.115755,0.915485,0.972459,0.858511,0.625144,0.547920,0.702367,0.005196,0.015960,0.127221,0.050077,0.050000,0,0,1,0,0
acm_scf,hinge2,nonorm4,875,4234.242,0.232226,0.587584,0.547288,0.627880,19,0.00000000,1,0.063790,0.014926,0.112653,0.917485,0.973831,0.861139,0.627035,0.555457,0.698612,0.004930,0.015730,0.125090,0.050302,0.050000,0,0,1,0,0
acm_scf,hinge2,nonorm4,900,4441.070,0.236879,0.589021,0.552404,0.625638,19,0.00000720,1,0.067736,0.015961,0.119510,0.913294,0.972347,0.854241,0.630814,0.561221,0.700408,0.005386,0.016725,0.123812,0.050937,0.050000,0,0,1,0,0
acm_scf,hinge2,nonorm4,925,4473.493,0.235814,0.594275,0.559312,0.629238,19,0.00000000,1,0.065400,0.018473,0.112327,0.915149,0.968589,0.861709,0.634781,0.569645,0.699918,0.006405,0.015963,0.122173,0.050369,0.050000,0,0,1,0,0
acm_scf,hinge2,nonorm4,950,4683.906,0.235153,0.597711,0.565640,0.629781,19,0.00000013,1,0.068014,0.017661,0.118367,0.913178,0.970233,0.856122,0.639978,0.575630,0.704327,0.006212,0.016404,0.120516,0.050304,0.050000,0,0,1,0,0
acm_scf,hinge2,nonorm4,975,4716.314,0.240796,0.596039,0.566771,0.625308,19,0.00000302,1,0.072630,0.017587,0.127673,0.908553,0.970409,0.846697,0.640941,0.576738,0.705143,0.006263,0.017756,0.120172,0.051301,0.050000,0,0,1,0,0
acm_scf,hinge2,nonorm4,1000,4923.775,0.235697,0.597475,0.567456,0.627494,19,0.00000547,1,0.066605,0.020395,0.112816,0.913443,0.965976,0.860910,0.638657,0.579029,0.698286,0.007156,0.015663,0.120248,0.050355,0.050000,0,0,1,0,0
acm_scf,hinge2,nonorm4,1025,4955.655,0.233907,0.599767,0.557156,0.642378,19,0.00000712,1,0.060768,0.025863,0.095673,0.918522,0.956710,0.880335,0.637701,0.571566,0.703837,0.009047,0.013155,0.123599,0.047484,0.050000,0,0,1,0,0
acm_scf,hinge2,nonorm4,1050,5162.660,0.234527,0.597637,0.558356,0.636919,19,0.00000876,1,0.061071,0.026306,0.095837,0.917688,0.956109,0.879268,0.635501,0.573044,0.697959,0.008953,0.013326,0.123105,0.048357,0.050000,0,0,1,0,0
acm_scf,hinge2,nonorm4,1075,5194.713,0.240075,0.590221,0.554538,0.625904,19,0.00000037,1,0.065543,0.024311,0.106776,0.912703,0.958957,0.866449,0.630377,0.568019,0.692735,0.008477,0.014654,0.124145,0.050083,0.050000,0,0,1,0,0
acm_scf,hinge2,nonorm4,1100,5396.217,0.243675,0.582922,0.546458,0.619385,19,0.00000446,1,0.064645,0.024311,0.104980,0.912693,0.958376,0.867011,0.622076,0.559743,0.684408,0.008541,0.014735,0.126337,0.051308,0.050000,0,0,1,0,0
acm_scf,hinge2,nonorm4,1125,5426.553,0.247989,0.571291,0.543318,0.599264,19,0.00000000,1,0.067293,0.025198,0.109388,0.907715,0.956720,0.858709,0.610913,0.557009,0.664816,0.008856,0.014717,0.127375,0.053879,0.050000,0,0,1,0,0
acm_scf,hinge2,nonorm4,1150,5627.178,0.254641,0.563909,0.536856,0.590962,19,0.00000000,0,0.071468,0.026528,0.116408,0.902048,0.954074,0.850021,0.605426,0.551097,0.659755,0.009348,0.015288,0.129526,0.054866,0.050000,0,0,1,0,0
acm_scf,hinge2,nonorm4,1175,5657.343,0.267848,0.557442,0.530960,0.583925,19,0.00000000,0,0.077418,0.027488,0.127347,0.894968,0.952031,0.837905,0.601921,0.545555,0.658286,0.009743,0.017600,0.131205,0.057032,0.050000,0,0,1,0,0
acm_scf,hinge2,nonorm4,1200,5862.365,0.268135,0.560600,0.537614,0.583586,19,0.00000000,0,0.079186,0.026454,0.131918,0.893897,0.954255,0.833539,0.606204,0.551836,0.660571,0.009753,0.018029,0.129641,0.057158,0.050000,0,0,1,0,0
acm_scf,hinge2,nonorm4,1225,5893.289,0.260050,0.570766,0.552722,0.588810,19,0.00000000,0,0.074617,0.028745,0.120490,0.898727,0.951880,0.845574,0.614183,0.568610,0.659755,0.010093,0.016798,0.125152,0.056229,0.050000,0,0,1,0,0
acm_scf,hinge2,nonorm4,1250,6092.421,0.267901,0.574358,0.567729,0.580988,19,0.00000000,0,0.083453,0.029927,0.136980,0.889780,0.951310,0.828250,0.622645,0.584719,0.660571,0.010738,0.018918,0.121226,0.057817,0.050000,0,0,1,0,0
acm_scf,hinge2,nonorm4,1275,6122.560,0.260929,0.574638,0.566970,0.582306,19,0.00000000,0,0.077858,0.030001,0.125714,0.895109,0.951137,0.839080,0.619745,0.583980,0.655510,0.010756,0.017141,0.121352,0.056978,0.050000,0,0,1,0,0
acm_scf,hinge2,nonorm4,1300,6316.456,0.260082,0.576169,0.566126,0.586212,19,0.00000000,0,0.077043,0.029188,0.124898,0.896526,0.952295,0.840758,0.621039,0.582650,0.659429,0.010361,0.017365,0.121428,0.056646,0.050000,0,0,1,0,0
acm_scf,hinge2,nonorm4,1325,6346.627,0.259521,0.578932,0.568270,0.589595,19,0.00000000,0,0.076382,0.029336,0.123429,0.897584,0.952243,0.842925,0.623654,0.584941,0.662367,0.010534,0.017283,0.120921,0.056167,0.050000,0,0,1,0,0
acm_scf,hinge2,nonorm4,1350,6547.862,0.264141,0.577752,0.567457,0.588048,19,0.00000000,0,0.078441,0.031331,0.125551,0.894870,0.949185,0.840556,0.623557,0.585236,0.661878,0.011166,0.017681,0.121435,0.056665,0.050000,0,0,1,0,0
acm_scf,hinge2,nonorm4,1375,6577.945,0.265232,0.574559,0.561087,0.588031,19,0.00000000,0,0.079862,0.033030,0.126694,0.892778,0.946086,0.839470,0.621075,0.579620,0.662531,0.011625,0.017229,0.123105,0.056179,0.050000,0,0,1,0,0
acm_scf,hinge2,nonorm4,1400,6775.962,0.269155,0.568979,0.548886,0.589071,19,0.00000000,0,0.078997,0.031626,0.126367,0.893559,0.947102,0.840017,0.614878,0.566245,0.663510,0.011542,0.017441,0.126919,0.056208,0.050000,0,0,1,0,0
acm_scf,hinge2,nonorm4,1425,6806.821,0.257864,0.578310,0.557386,0.599234,19,0.00000000,0,0.070151,0.031405,0.108898,0.903698,0.948202,0.859194,0.619690,0.574891,0.664490,0.011456,0.015465,0.124421,0.054411,0.050000,0,0,1,0,0
acm_scf,hinge2,nonorm4,1450,7004.113,0.266368,0.571114,0.556720,0.585507,19,0.00000000,0,0.077859,0.029188,0.126531,0.895286,0.951528,0.839045,0.616281,0.572970,0.659592,0.010939,0.017670,0.124636,0.056896,0.050000,0,0,1,0,0
acm_scf,hinge2,nonorm4,1475,7034.344,0.287768,0.560650,0.541331,0.579969,19,0.00000000,0,0.091080,0.037833,0.144327,0.879143,0.936907,0.821378,0.612743,0.561812,0.663673,0.013621,0.019447,0.129479,0.057992,0.050000,0,0,1,0,0
acm_scf,hinge2,nonorm4,1500,7229.736,0.286893,0.555861,0.534880,0.576841,19,0.00000000,0,0.090582,0.034878,0.146286,0.879785,0.940726,0.818844,0.607380,0.553536,0.661224,0.012501,0.019778,0.131093,0.058563,0.050000,0,0,1,0,0
teapot_droplets,hinge2,nonorm4,1,1.537,0.500160,0.182885,0.184696,0.181075,20,0.00009523,0,0.474600,0.107019,0.842181,0.470064,0.656419,0.283710,0.269017,0.204462,0.333572,0.025090,0.049540,0.173183,0.083955,0.050000,0,0,0,0,0
teapot_droplets,hinge2,nonorm4,25,26.246,0.309134,0.249357,0.217448,0.281266,20,0.00001556,1,0.214064,0.045775,0.382353,0.668310,0.832435,0.504186,0.308106,0.227402,0.388809,0.010685,0.022165,0.157180,0.054889,0.050000,0,0,0,0,0
teapot_droplets,hinge2,nonorm4,50,182.038,0.271006,0.312827,0.261967,0.363686,20,0.00000000,0,0.172894,0.041987,0.303802,0.738093,0.866689,0.609497,0.373571,0.272966,0.474175,0.009538,0.017458,0.147462,0.045671,0.050000,0,0,0,0,0
teapot_droplets,hinge2,nonorm4,75,205.996,0.243122,0.368310,0.318417,0.418202,20,0.00000286,1,0.151053,0.037041,0.265065,0.782678,0.899140,0.666215,0.429632,0.330212,0.529053,0.008502,0.015081,0.135528,0.040271,0.050000,0,0,0,0,0
teapot_droplets,hinge2,nonorm4,100,363.238,0.224318,0.403356,0.362236,0.444477,20,0.00005503,2,0.135942,0.031569,0.240316,0.809259,0.922098,0.696420,0.462481,0.373671,0.551291,0.007342,0.013910,0.126244,0.037947,0.050000,0,0,0,0,0
teapot_droplets,hinge2,nonorm4,125,387.764,0.202781,0.433047,0.387975,0.478119,20,0.00000413,1,0.118472,0.023887,0.213056,0.837311,0.943278,0.731343,0.488614,0.397243,0.579986,0.005470,0.012155,0.120069,0.034741,0.050000,0,0,0,0,0
teapot_droplets,hinge2,nonorm4,150,546.507,0.179763,0.466536,0.420541,0.512531,20,0.00005654,1,0.096008,0.018415,0.173601,0.867402,0.958775,0.776030,0.514896,0.428286,0.601506,0.004213,0.009678,0.113033,0.031097,0.050000,0,0,0,0,0
teapot_droplets,hinge2,nonorm4,175,571.584,0.166190,0.487137,0.448237,0.526038,20,0.00003412,1,0.085759,0.014417,0.157102,0.882058,0.969269,0.794848,0.531689,0.454699,0.608680,0.003316,0.008588,0.107291,0.029723,0.050000,0,0,0,0,0
teapot_droplets,hinge2,nonorm4,200,732.389,0.159618,0.510318,0.479203,0.541433,20,0.00000615,1,0.082942,0.014522,0.151363,0.887813,0.970996,0.804630,0.554774,0.486162,0.623386,0.003349,0.008481,0.101226,0.028804,0.050000,0,0,0,0,0
teapot_droplets,hinge2,nonorm4,225,758.027,0.154536,0.528654,0.504512,0.552795,20,0.00003300,1,0.084736,0.014522,0.154950,0.888556,0.972411,0.804702,0.575144,0.511838,0.638451,0.003293,0.008575,0.096233,0.027979,0.050000,0,0,0,0,0
teapot_droplets,hinge2,nonorm4,250,921.540,0.152531,0.543098,0.514679,0.571518,20,0.00000000,1,0.083244,0.017994,0.148494,0.891152,0.966796,0.815508,0.590162,0.523940,0.656385,0.003843,0.008287,0.094235,0.026722,0.050000,0,0,0,0,0
teapot_droplets,hinge2,nonorm4,275,947.603,0.151578,0.552086,0.511879,0.592293,20,0.00000010,1,0.084272,0.014311,0.154232,0.894550,0.973176,0.815925,0.601424,0.519204,0.683644,0.003324,0.008657,0.094885,0.025611,0.050000,0,0,0,0,0
teapot_droplets,hinge2,nonorm4,300,1109.326,0.156675,0.542647,0.503315,0.581980,20,0.00000000,0,0.093131,0.015890,0.170373,0.884888,0.969860,0.799916,0.596223,0.511312,0.681133,0.003343,0.009480,0.096333,0.026458,0.050000,0,0,0,0,0
teapot_droplets,hinge2,nonorm4,325,1133.946,0.153166,0.556311,0.535978,0.576645,20,0.00002316,0,0.101068,0.013469,0.188666,0.879982,0.975803,0.784161,0.614317,0.543197,0.685438,0.002619,0.010675,0.089648,0.027344,0.050000,0,0,0,0,0
teapot_droplets,hinge2,nonorm4,350,1294.476,0.149329,0.560068,0.536294,0.583841,20,0.00001862,2,0.094181,0.011891,0.176471,0.887077,0.978558,0.795596,0.614772,0.542671,0.686872,0.002482,0.009947,0.089575,0.026615,0.050000,0,0,0,0,0
teapot_droplets,hinge2,nonorm4,375,1319.145,0.152155,0.555508,0.523375,0.587641,20,0.00000661,1,0.093839,0.015153,0.172525,0.886010,0.972270,0.799750,0.610165,0.531306,0.689024,0.003033,0.009687,0.092076,0.026100,0.050000,0,0,0,0,0
teapot_droplets,hinge2,nonorm4,400,1480.886,0.158021,0.543034,0.500985,0.585084,20,0.00001090,0,0.096498,0.014732,0.178264,0.883190,0.971837,0.794543,0.598874,0.508366,0.689383,0.003084,0.009994,0.096855,0.026403,0.050000,0,0,0,0,0
teapot_droplets,hinge2,nonorm4,425,1505.626,0.157910,0.548299,0.495185,0.601414,20,0.00000000,0,0.091675,0.016205,0.167145,0.888239,0.968801,0.807676,0.602573,0.503210,0.701937,0.003557,0.009490,0.098003,0.025264,0.050000,0,0,0,0,0
teapot_droplets,hinge2,nonorm4,450,1664.776,0.151960,0.564518,0.504505,0.624532,20,0.00000913,0,0.082708,0.016205,0.149211,0.898623,0.969359,0.827886,0.615200,0.512680,0.717719,0.003640,0.008575,0.096422,0.023557,0.050000,0,0,0,0,0
teapot_droplets,hinge2,nonorm4,475,1689.987,0.150573,0.571639,0.516096,0.627182,20,0.00000971,0,0.083636,0.016626,0.150646,0.898294,0.969285,0.827303,0.623170,0.524676,0.721664,0.003921,0.008535,0.094199,0.023274,0.050000,0,0,0,0,0
teapot_droplets,hinge2,nonorm4,500,1854.992,0.157555,0.583854,0.546202,0.621507,20,0.00027356,2,0.102278,0.023782,0.180775,0.880779,0.959206,0.802353,0.646526,0.559192,0.733859,0.005495,0.010057,0.088776,0.023864,0.050000,0,0,0,0,0
teapot_droplets,hinge2,nonorm4,525,1880.683,0.163908,0.580937,0.537667,0.624206,20,0.00031967,2,0.107451,0.029464,0.185438,0.874535,0.949458,0.799612,0.646733,0.553509,0.739957,0.006490,0.010328,0.090681,0.023921,0.050000,0,0,0,0,0
teapot_droplets,hinge2,nonorm4,550,2047.937,0.171263,0.578081,0.527930,0.628232,20,0.00046146,2,0.107538,0.036094,0.178981,0.871740,0.938098,0.805382,0.643830,0.546985,0.740674,0.008169,0.010096,0.093276,0.023597,0.050000,0,0,0,0,0
teapot_droplets,hinge2,nonorm4,575,2073.755,0.156610,0.594561,0.541479,0.647643,20,0.00002871,1,0.091925,0.027465,0.156385,0.890107,0.952956,0.827258,0.652637,0.556351,0.748924,0.006522,0.008936,0.090072,0.022087,0.050000,0,0,0,0,0
teapot_droplets,hinge2,nonorm4,600,2236.633,0.151830,0.605758,0.566554,0.644961,20,0.00011932,2,0.091841,0.026939,0.156743,0.891064,0.955748,0.826381,0.663935,0.581816,0.746055,0.006304,0.008999,0.085134,0.022261,0.050000,0,0,0,0,0
teapot_droplets,hinge2,nonorm4,625,2262.143,0.147219,0.615467,0.583419,0.647516,20,0.00000805,0,0.092154,0.029359,0.154950,0.890879,0.953391,0.828367,0.674198,0.600547,0.747848,0.006009,0.009022,0.081181,0.022266,0.050000,0,0,0,0,0
teapot_droplets,hinge2,nonorm4,650,2427.391,0.145666,0.622496,0.598403,0.646589,20,0.00000864,1,0.097410,0.027675,0.167145,0.887806,0.956935,0.818677,0.684813,0.614964,0.754663,0.005802,0.009527,0.078240,0.022284,0.050000,0,0,0,0,0
teapot_droplets,hinge2,nonorm4,675,2453.245,0.143619,0.625927,0.598401,0.653453,20,0.00002197,0,0.092401,0.026623,0.158178,0.892795,0.958463,0.827127,0.685574,0.614332,0.756815,0.005645,0.009217,0.078199,0.021913,0.050000,0,0,0,0,0
teapot_droplets,hinge2,nonorm4,700,2619.817,0.143683,0.628819,0.606253,0.651385,20,0.00001121,1,0.096114,0.026518,0.165710,0.889996,0.959131,0.820861,0.690828,0.622330,0.759326,0.005656,0.009514,0.076805,0.022152,0.050000,0,0,0,0,0
teapot_droplets,hinge2,nonorm4,725,2645.428,0.144775,0.629015,0.609871,0.648160,20,0.00002654,0,0.098486,0.027675,0.169297,0.887559,0.957710,0.817408,0.692320,0.626749,0.757891,0.005840,0.009762,0.076058,0.022376,0.050000,0,0,0,0,0
teapot_droplets,hinge2,nonorm4,750,2809.031,0.145040,0.626433,0.603604,0.649263,20,0.00000837,1,0.097874,0.027886,0.167862,0.887866,0.956988,0.818745,0.689343,0.620436,0.758250,0.005914,0.009499,0.077372,0.022125,0.050000,0,0,0,0,0
teapot_droplets,hinge2,nonorm4,775,2834.741,0.145602,0.625664,0.600266,0.651063,20,0.00000438,1,0.096576,0.028517,0.164634,0.888729,0.955849,0.821609,0.687817,0.617384,0.758250,0.006101,0.009359,0.077983,0.021952,0.050000,0,0,0,0,0
teapot_droplets,hinge2,nonorm4,800,2995.770,0.145329,0.626687,0.605738,0.647637,20,0.00002412,0,0.097812,0.027044,0.168580,0.888085,0.958340,0.817829,0.689467,0.622119,0.756815,0.005963,0.009593,0.077046,0.022187,0.050000,0,0,0,0,0
teapot_droplets,hinge2,nonorm4,825,3021.185,0.145702,0.627402,0.611333,0.643470,20,0.00002073,0,0.098477,0.026939,0.170014,0.887317,0.958856,0.815779,0.690336,0.627802,0.752869,0.005921,0.009866,0.075897,0.022831,0.050000,0,0,0,0,0
teapot_droplets,hinge2,nonorm4,850,3185.998,0.145190,0.623358,0.609039,0.637677,20,0.00001752,0,0.096989,0.026834,0.167145,0.887733,0.958858,0.816608,0.684821,0.625381,0.744261,0.006008,0.009473,0.076492,0.022895,0.050000,0,0,0,0,0
teapot_droplets,hinge2,nonorm4,875,3211.266,0.144913,0.619091,0.603466,0.634716,20,0.00002640,0,0.096853,0.026202,0.167504,0.887520,0.959407,0.815634,0.680156,0.619278,0.741033,0.005717,0.009454,0.077328,0.022982,0.050000,0,0,0,0,0
teapot_droplets,hinge2,nonorm4,900,3374.622,0.144394,0.624588,0.616662,0.632515,20,0.00001283,0,0.098118,0.026939,0.169297,0.886465,0.959197,0.813733,0.686436,0.633274,0.739598,0.005931,0.009636,0.074823,0.023337,0.050000,0,0,0,0,0
teapot_droplets,hinge2,nonorm4,925,3399.925,0.144061,0.622619,0.612913,0.632326,20,0.00001325,0,0.093995,0.025150,0.162841,0.890102,0.961514,0.818690,0.681811,0.628328,0.735294,0.005933,0.009324,0.075786,0.023247,0.050000,0,0,0,0,0
teapot_droplets,hinge2,nonorm4,950,3563.540,0.144003,0.627434,0.615834,0.639035,20,0.00001921,0,0.093539,0.027465,0.159613,0.890590,0.958400,0.822780,0.686890,0.632748,0.741033,0.006327,0.009161,0.075310,0.022727,0.050000,0,0,0,0,0
teapot_droplets,hinge2,nonorm4,975,3588.728,0.147146,0.626366,0.610425,0.642307,20,0.00002822,0,0.097384,0.031569,0.163199,0.886492,0.952260,0.820725,0.688413,0.629696,0.747131,0.006881,0.009279,0.076267,0.022568,0.050000,0,0,0,0,0
teapot_droplets,hinge2,nonorm4,1000,3751.410,0.148285,0.628024,0.608065,0.647983,20,0.00001142,0,0.097681,0.030727,0.164634,0.887089,0.953265,0.820913,0.690706,0.626749,0.754663,0.006984,0.009371,0.077095,0.022236,0.050000,0,0,0,0,0
teapot_droplets,hinge2,nonorm4,1025,3776.810,0.147670,0.630585,0.611094,0.650077,20,0.00000795,1,0.097853,0.028202,0.167504,0.888123,0.957044,0.819202,0.693647,0.628328,0.758967,0.006709,0.009617,0.076515,0.022253,0.050000,0,0,0,0,0
teapot_droplets,hinge2,nonorm4,1050,3940.074,0.149205,0.630073,0.613715,0.646431,20,0.00001506,0,0.101925,0.028096,0.175753,0.884779,0.957369,0.812189,0.695501,0.630959,0.760043,0.006718,0.010047,0.076160,0.022553,0.050000,0,0,0,0,0
teapot_droplets,hinge2,nonorm4,1075,3964.958,0.154194,0.628346,0.610891,0.645802,20,0.00001235,0,0.104281,0.033884,0.174677,0.880960,0.949083,0.812836,0.695099,0.631590,0.758608,0.007629,0.010322,0.076589,0.022925,0.050000,0,0,0,0,0
teapot_droplets,hinge2,nonorm4,1100,4126.004,0.155946,0.622122,0.614593,0.629652,20,0.00001991,0,0.109029,0.032621,0.185438,0.876056,0.951112,0.801001,0.690527,0.634642,0.746413,0.007656,0.010667,0.076105,0.023859,0.050000,0,0,0,0,0
teapot_droplets,hinge2,nonorm4,1125,4151.111,0.146493,0.633206,0.621691,0.644721,20,0.00000753,0,0.103890,0.025571,0.182209,0.884252,0.961441,0.807064,0.699892,0.637588,0.762195,0.005874,0.010575,0.074064,0.022904,0.050000,0,0,0,0,0
teapot_droplets,hinge2,nonorm4,1150,4315.212,0.142509,0.637077,0.627596,0.646557,20,0.00000276,1,0.100327,0.023466,0.177188,0.887958,0.964754,0.811162,0.701721,0.642323,0.761119,0.005481,0.010242,0.072826,0.022624,0.050000,0,0,0,0,0
teapot_droplets,hinge2,nonorm4,1175,4340.914,0.139549,0.641263,0.629290,0.653236,20,0.00000000,0,0.098041,0.021046,0.175036,0.891296,0.968284,0.814307,0.705055,0.642534,0.767575,0.004882,0.010219,0.072239,0.022413,0.050000,0,0,0,0,0
teapot_droplets,hinge2,nonorm4,1200,4503.583,0.138006,0.639409,0.624677,0.654140,20,0.00000066,0,0.096556,0.019152,0.173960,0.893052,0.970796,0.815308,0.702288,0.636641,0.767934,0.004538,0.009973,0.073171,0.022123,0.050000,0,0,0,0,0
teapot_droplets,hinge2,nonorm4,1225,4528.621,0.141013,0.632621,0.622018,0.643224,20,0.00002256,0,0.103624,0.018941,0.188307,0.886658,0.970982,0.802334,0.699074,0.633800,0.764347,0.004360,0.010658,0.073611,0.022983,0.050000,0,0,0,0,0
teapot_droplets,hinge2,nonorm4,1250,4680.499,0.145517,0.622177,0.607799,0.636555,19,0.00001132,0,0.105638,0.020099,0.191176,0.883620,0.968601,0.798640,0.689132,0.620015,0.758250,0.004411,0.011033,0.076339,0.023563,0.050000,0,0,1,0,0
teapot_droplets,hinge2,nonorm4,1275,4704.048,0.143054,0.622131,0.606073,0.638189,19,0.00001724,0,0.105960,0.015364,0.196557,0.885468,0.975642,0.795293,0.689507,0.615385,0.763630,0.003547,0.011219,0.076475,0.023395,0.050000,0,0,1,0,0
teapot_droplets,hinge2,nonorm4,1300,4851.907,0.147371,0.614022,0.596259,0.631784,19,0.00001208,0,0.107254,0.018310,0.196198,0.882311,0.970727,0.793896,0.681458,0.607177,0.755739,0.004061,0.011288,0.078415,0.023928,0.050000,0,0,1,0,0
teapot_droplets,hinge2,nonorm4,1325,4874.935,0.146975,0.613577,0.603858,0.623296,19,0.00004822,0,0.112459,0.014732,0.210187,0.879299,0.976522,0.782075,0.683529,0.612754,0.754304,0.003431,0.012014,0.076770,0.024715,0.050000,0,0,1,0,0
teapot_droplets,hinge2,nonorm4,1350,5028.266,0.145099,0.620540,0.603717,0.637363,19,0.00003113,0,0.110625,0.013575,0.207676,0.882910,0.978297,0.787523,0.690820,0.611912,0.769727,0.003223,0.011920,0.076840,0.023787,0.050000,0,0,1,0,0
teapot_droplets,hinge2,nonorm4,1375,5052.049,0.147598,0.617852,0.602676,0.633028,19,0.00001783,0,0.113303,0.014627,0.211980,0.880078,0.976639,0.783516,0.689354,0.611491,0.767217,0.003455,0.012224,0.077116,0.024149,0.050000,0,0,1,0,0
teapot_droplets,hinge2,nonorm4,1400,5202.602,0.153171,0.611983,0.605560,0.618406,19,0.00003962,0,0.121063,0.018310,0.223816,0.871463,0.971163,0.771763,0.686731,0.616647,0.756815,0.004129,0.012906,0.076701,0.025320,0.050000,0,0,1,0,0
teapot_droplets,hinge2,nonorm4,1425,5225.722,0.160990,0.600601,0.597396,0.603806,19,0.00000739,0,0.131106,0.018310,0.243902,0.862824,0.970781,0.754867,0.679705,0.608334,0.751076,0.004117,0.014271,0.078228,0.027093,0.050000,0,0,1,0,0
teapot_droplets,hinge2,nonorm4,1450,5375.304,0.158948,0.607552,0.604954,0.610150,19,0.00006596,0,0.131790,0.019678,0.243902,0.862941,0.969086,0.756795,0.687912,0.616858,0.758967,0.004233,0.014135,0.076627,0.026458,0.050000,0,0,1,0,0
teapot_droplets,hinge2,nonorm4,1475,5398.229,0.159701,0.605858,0.605873,0.605844,19,0.00001071,0,0.134968,0.017784,0.252152,0.861251,0.971969,0.750532,0.687628,0.616647,0.758608,0.003991,0.014538,0.076463,0.026856,0.050000,0,0,1,0,0
teapot_droplets,hinge2,nonorm4,1500,5545.127,0.155500,0.614410,0.607331,0.621489,19,0.00006954,0,0.128837,0.019152,0.238522,0.866708,0.969987,0.763429,0.694345,0.618962,0.769727,0.003960,0.013820,0.076070,0.025536,0.050000,0,0,1,0,0
sun_moon,srd,aw0p1875,1,1.508,1.329784,0.222936,0.192892,0.252979,20,0.00000000,0,0.178834,0.179559,0.178108,0.592427,0.558917,0.625937,0.262782,0.227528,0.298037,0.040669,0.035893,0.766488,0.696731,0.050000,0,0,0,0,0
sun_moon,srd,aw0p1875,25,27.206,0.982763,0.373543,0.361259,0.385827,20,0.00000000,0,0.093335,0.098747,0.087924,0.813798,0.800785,0.826810,0.408341,0.396932,0.419750,0.022046,0.017593,0.596201,0.575542,0.050000,0,0,0,0,0
sun_moon,srd,aw0p1875,50,196.331,0.777516,0.506435,0.502329,0.510541,20,0.00000197,0,0.089925,0.113224,0.066627,0.861303,0.831620,0.890987,0.551881,0.559205,0.544557,0.025377,0.013270,0.436023,0.452140,0.050000,0,0,0,0,0
sun_moon,srd,aw0p1875,75,223.040,0.645417,0.585250,0.587328,0.583173,20,0.00013235,2,0.078659,0.106634,0.050684,0.891331,0.859060,0.923601,0.631344,0.649957,0.612731,0.023345,0.010030,0.346248,0.383988,0.050000,0,0,0,0,0
sun_moon,srd,aw0p1875,100,390.275,0.553078,0.645033,0.625598,0.664469,20,0.00215374,3,0.077128,0.107498,0.046758,0.901347,0.865686,0.937009,0.694193,0.692848,0.695538,0.023435,0.009105,0.302298,0.300442,0.050000,0,0,0,0,0
sun_moon,srd,aw0p1875,125,416.793,0.488613,0.692765,0.625471,0.760059,20,0.00184977,1,0.082854,0.118950,0.046758,0.899611,0.854730,0.944492,0.747734,0.699870,0.795598,0.026237,0.009175,0.295758,0.201234,0.050000,0,0,0,0,0
sun_moon,srd,aw0p1875,150,585.280,0.446028,0.724379,0.624749,0.824010,20,0.00090761,2,0.088716,0.128889,0.048543,0.896146,0.845486,0.946806,0.784641,0.705272,0.864010,0.028547,0.009447,0.290792,0.133419,0.050000,0,0,0,0,0
sun_moon,srd,aw0p1875,175,611.655,0.424324,0.747747,0.614311,0.881184,20,0.00117093,2,0.097463,0.153522,0.041404,0.889380,0.821930,0.956829,0.813145,0.708621,0.917668,0.034622,0.008198,0.287482,0.080184,0.050000,0,0,0,0,0
sun_moon,srd,aw0p1875,200,777.209,0.402445,0.761332,0.620009,0.902655,20,0.00109852,3,0.099363,0.150065,0.048662,0.888621,0.826136,0.951106,0.829815,0.713051,0.946579,0.033563,0.009501,0.283120,0.052531,0.050000,0,0,0,0,0
sun_moon,srd,aw0p1875,225,802.932,0.391717,0.767441,0.628111,0.906772,20,0.00078996,3,0.100101,0.146067,0.054134,0.888859,0.831316,0.946401,0.837858,0.719857,0.955860,0.032545,0.010796,0.276443,0.042931,0.050000,0,0,0,0,0
sun_moon,srd,aw0p1875,250,966.609,0.378379,0.775684,0.640631,0.910737,20,0.00058007,5,0.097771,0.143907,0.051636,0.892352,0.835860,0.948845,0.845293,0.732822,0.957763,0.032299,0.010108,0.264228,0.041567,0.050000,0,0,0,0,0
sun_moon,srd,aw0p1875,275,992.334,0.349260,0.791146,0.657464,0.924829,20,0.00064549,3,0.089724,0.134831,0.044616,0.901401,0.846946,0.955856,0.856101,0.746111,0.966092,0.030231,0.008860,0.250157,0.032272,0.050000,0,0,0,0,0
sun_moon,srd,aw0p1875,300,1155.745,0.337427,0.799035,0.667016,0.931054,19,0.00042709,4,0.085220,0.133319,0.037121,0.906530,0.850079,0.962981,0.860779,0.755942,0.965616,0.030320,0.007315,0.240498,0.033259,0.050000,0,0,1,0,0
sun_moon,srd,aw0p1875,325,1180.618,0.319420,0.809013,0.681710,0.936317,19,0.00050793,4,0.083426,0.129970,0.036883,0.909517,0.855634,0.963400,0.870581,0.770311,0.970851,0.029405,0.007041,0.226597,0.028081,0.050000,0,0,1,0,0
sun_moon,srd,aw0p1875,350,1335.058,0.290804,0.827918,0.707270,0.948566,19,0.00033726,1,0.077791,0.130834,0.024747,0.917294,0.859415,0.975173,0.885923,0.799806,0.972040,0.029709,0.004922,0.197129,0.027122,0.050000,0,0,1,0,0
sun_moon,srd,aw0p1875,375,1359.555,0.278571,0.835433,0.723510,0.947356,19,0.00023071,0,0.079417,0.132779,0.026056,0.917236,0.860579,0.973894,0.895808,0.819576,0.972040,0.030298,0.004913,0.177789,0.026255,0.050000,0,0,1,0,0
sun_moon,srd,aw0p1875,400,1516.898,0.270411,0.840507,0.728044,0.952970,19,0.00068192,0,0.076254,0.132995,0.019512,0.920734,0.861155,0.980312,0.898217,0.824870,0.971565,0.029982,0.003819,0.172602,0.027036,0.050000,0,0,1,0,0
sun_moon,srd,aw0p1875,425,1541.744,0.264573,0.843354,0.735294,0.951413,19,0.00067905,0,0.071354,0.124028,0.018679,0.925303,0.869516,0.981091,0.897838,0.826491,0.969185,0.028270,0.003775,0.171130,0.029658,0.050000,0,0,1,0,0
sun_moon,srd,aw0p1875,450,1704.384,0.259528,0.845527,0.741193,0.949860,19,0.00096607,1,0.071430,0.122515,0.020345,0.925543,0.871647,0.979440,0.900593,0.832001,0.969185,0.028032,0.003758,0.165039,0.029724,0.050000,0,0,1,0,0
sun_moon,srd,aw0p1875,475,1729.524,0.256360,0.847663,0.739906,0.955420,19,0.00071933,0,0.070335,0.126513,0.014158,0.926909,0.868220,0.985598,0.901230,0.833513,0.968947,0.028744,0.002591,0.163577,0.029397,0.050000,0,0,1,0,0
sun_moon,srd,aw0p1875,500,1887.610,0.252087,0.850682,0.741920,0.959444,19,0.00063630,0,0.066162,0.123163,0.009161,0.930928,0.871230,0.990627,0.900765,0.833297,0.968233,0.028158,0.001710,0.164641,0.030225,0.050000,0,0,1,0,0
sun_moon,srd,aw0p1875,525,1912.381,0.248836,0.852381,0.744419,0.960344,19,0.00062884,0,0.066898,0.122731,0.011065,0.930345,0.871957,0.988733,0.903376,0.835782,0.970970,0.028018,0.002065,0.162268,0.026886,0.050000,0,0,1,0,0
sun_moon,srd,aw0p1875,550,2072.560,0.247731,0.853841,0.743686,0.963996,19,0.00067681,0,0.068092,0.125000,0.011184,0.929336,0.870015,0.988657,0.905712,0.836646,0.974777,0.028457,0.002116,0.161063,0.023875,0.050000,0,0,1,0,0
sun_moon,srd,aw0p1875,575,2097.492,0.247330,0.854633,0.743191,0.966074,19,0.00064733,0,0.068307,0.126621,0.009994,0.929250,0.868639,0.989861,0.906512,0.837295,0.975729,0.028867,0.001942,0.160269,0.022870,0.050000,0,0,1,0,0
sun_moon,srd,aw0p1875,600,2256.541,0.243123,0.857231,0.745745,0.968717,18,0.00068957,0,0.067574,0.123487,0.011660,0.929893,0.871544,0.988242,0.908923,0.837835,0.980012,0.028232,0.002220,0.160001,0.019084,0.050000,0,0,2,0,0
sun_moon,srd,aw0p1875,625,2280.503,0.240707,0.858511,0.746967,0.970054,18,0.00064588,0,0.065622,0.122083,0.009161,0.931795,0.872862,0.990728,0.908550,0.838159,0.978941,0.028010,0.001742,0.159459,0.020004,0.050000,0,0,2,0,0
sun_moon,srd,aw0p1875,650,2434.906,0.246801,0.854533,0.743479,0.965586,18,0.00030389,0,0.065963,0.122407,0.009518,0.931204,0.872079,0.990330,0.904631,0.834486,0.974777,0.027932,0.001918,0.163496,0.024352,0.050000,0,0,2,0,0
sun_moon,srd,aw0p1875,675,2458.860,0.245494,0.854948,0.742166,0.967731,18,0.00021663,0,0.065347,0.120462,0.010232,0.931555,0.873468,0.989642,0.904601,0.831569,0.977632,0.027531,0.001955,0.166535,0.021503,0.050000,0,0,2,0,0
sun_moon,srd,aw0p1875,700,2613.987,0.245524,0.854847,0.740848,0.968846,18,0.00020833,0,0.066726,0.121435,0.012017,0.930184,0.872476,0.987893,0.905650,0.830812,0.980488,0.027505,0.002312,0.167148,0.019172,0.050000,0,0,2,0,0
sun_moon,srd,aw0p1875,725,2638.220,0.245951,0.854828,0.740737,0.968919,18,0.00019581,1,0.066606,0.122623,0.010589,0.930396,0.871490,0.989302,0.905374,0.831569,0.979179,0.027811,0.002108,0.166266,0.020128,0.050000,0,0,2,0,0
sun_moon,srd,aw0p1875,750,2791.883,0.247409,0.854805,0.739823,0.969786,18,0.00020830,0,0.068670,0.125324,0.012017,0.928534,0.869163,0.987904,0.906990,0.832541,0.981440,0.028562,0.002353,0.165140,0.017982,0.050000,0,0,2,0,0
sun_moon,srd,aw0p1875,775,2815.891,0.250816,0.854151,0.737631,0.970671,18,0.00018108,0,0.072658,0.131158,0.014158,0.924991,0.864160,0.985822,0.909396,0.834378,0.984414,0.030042,0.002664,0.163333,0.015054,0.050000,0,0,2,0,0
sun_moon,srd,aw0p1875,800,2971.618,0.240658,0.858939,0.747532,0.970346,18,0.00014017,0,0.069113,0.127161,0.011065,0.928860,0.868873,0.988848,0.911836,0.842589,0.981083,0.028852,0.002153,0.155463,0.017742,0.050000,0,0,2,0,0
sun_moon,srd,aw0p1875,825,2995.363,0.243457,0.857335,0.743825,0.970845,18,0.00013578,0,0.068268,0.128565,0.007971,0.929554,0.867188,0.991920,0.909020,0.839455,0.978584,0.029098,0.001668,0.158489,0.019935,0.050000,0,0,2,0,0
sun_moon,srd,aw0p1875,850,3148.838,0.239743,0.858267,0.748773,0.967761,18,0.00012806,0,0.065167,0.122839,0.007496,0.932445,0.872519,0.992371,0.907883,0.840752,0.975015,0.027844,0.001543,0.157230,0.023332,0.050000,0,0,2,0,0
sun_moon,srd,aw0p1875,875,3172.532,0.230002,0.861877,0.756297,0.967457,18,0.00021022,0,0.059999,0.110955,0.009042,0.937085,0.883348,0.990822,0.908208,0.840212,0.976205,0.025100,0.001779,0.158042,0.022101,0.050000,0,0,2,0,0
sun_moon,srd,aw0p1875,900,3322.970,0.228172,0.860989,0.757192,0.964786,18,0.00025778,0,0.059081,0.107930,0.010232,0.937811,0.886011,0.989611,0.906787,0.838915,0.974658,0.024114,0.001954,0.158732,0.023116,0.050000,0,0,2,0,0
sun_moon,srd,aw0p1875,925,3346.527,0.229975,0.860084,0.756307,0.963861,18,0.00025987,0,0.057752,0.104797,0.010708,0.938842,0.888557,0.989128,0.904874,0.835566,0.974182,0.023725,0.002127,0.161943,0.023589,0.050000,0,0,2,0,0
sun_moon,srd,aw0p1875,950,3499.544,0.231210,0.860185,0.752532,0.967837,18,0.00037705,1,0.059605,0.109334,0.009875,0.937097,0.884197,0.989998,0.906102,0.834810,0.977394,0.024604,0.001873,0.163025,0.020801,0.050000,0,0,2,0,0
sun_moon,srd,aw0p1875,975,3523.095,0.235376,0.858323,0.754519,0.962127,18,0.00048918,1,0.061626,0.111711,0.011541,0.935377,0.882473,0.988281,0.906019,0.838807,0.973230,0.025241,0.002227,0.158868,0.025421,0.050000,0,0,2,0,0
sun_moon,srd,aw0p1875,1000,3678.088,0.244514,0.851005,0.757526,0.944484,18,0.00067253,1,0.061346,0.109010,0.013682,0.935528,0.885145,0.985910,0.898755,0.840104,0.957406,0.024433,0.002627,0.157280,0.041867,0.050000,0,0,2,0,0
sun_moon,srd,aw0p1875,1025,3702.432,0.256388,0.844075,0.754966,0.933185,18,0.00078260,1,0.065918,0.115061,0.016776,0.931192,0.879756,0.982627,0.895336,0.841832,0.948840,0.025730,0.003251,0.155709,0.049799,0.050000,0,0,2,0,0
sun_moon,srd,aw0p1875,1050,3850.102,0.246054,0.850784,0.759984,0.941584,17,0.00101829,1,0.063048,0.111819,0.014277,0.934200,0.883130,0.985271,0.899996,0.844965,0.955027,0.025092,0.002910,0.152883,0.043068,0.050000,0,0,3,0,0
sun_moon,srd,aw0p1875,1075,3872.731,0.235332,0.856959,0.758997,0.954920,17,0.00123356,1,0.059270,0.107714,0.010827,0.937671,0.886434,0.988908,0.903005,0.840752,0.965259,0.024189,0.001965,0.157054,0.033452,0.050000,0,0,3,0,0
sun_moon,srd,aw0p1875,1100,4014.506,0.228972,0.861132,0.763484,0.958780,17,0.00133943,1,0.058973,0.107714,0.010232,0.938286,0.887025,0.989547,0.907156,0.845722,0.968590,0.024078,0.002143,0.151740,0.029350,0.050000,0,0,3,0,0
sun_moon,srd,aw0p1875,1125,4037.116,0.223925,0.864060,0.765418,0.962701,17,0.00124821,1,0.059179,0.107174,0.011184,0.938187,0.887732,0.988642,0.910459,0.847450,0.973468,0.023847,0.002200,0.150360,0.024647,0.050000,0,0,3,0,0
sun_moon,srd,aw0p1875,1150,4182.297,0.213262,0.869016,0.771102,0.966930,17,0.00110383,1,0.053928,0.096910,0.010946,0.943065,0.897204,0.988926,0.911672,0.845830,0.977513,0.021700,0.001865,0.152262,0.021117,0.050000,0,0,3,0,0
sun_moon,srd,aw0p1875,1175,4205.487,0.214034,0.869816,0.766788,0.972845,17,0.00104638,1,0.054915,0.102096,0.007733,0.942191,0.892209,0.992173,0.912721,0.845073,0.980369,0.022850,0.001590,0.152019,0.017835,0.050000,0,0,3,0,0
sun_moon,srd,aw0p1875,1200,4349.742,0.213185,0.869600,0.770461,0.968739,17,0.00115549,1,0.054737,0.100908,0.008566,0.942495,0.893682,0.991309,0.912622,0.848207,0.977037,0.022575,0.001615,0.149297,0.020590,0.050000,0,0,3,0,0
sun_moon,srd,aw0p1875,1225,4372.248,0.209140,0.873172,0.773804,0.972540,17,0.00127706,1,0.054511,0.099503,0.009518,0.942846,0.895293,0.990398,0.916298,0.850799,0.981797,0.022337,0.001953,0.147238,0.016304,0.050000,0,0,3,0,0
sun_moon,srd,aw0p1875,1250,4519.934,0.208492,0.873175,0.773018,0.973333,17,0.00109987,1,0.053916,0.099503,0.008328,0.943392,0.895198,0.991586,0.915687,0.849935,0.981440,0.022183,0.001644,0.148184,0.017089,0.050000,0,0,3,0,0
sun_moon,srd,aw0p1875,1275,4542.918,0.208835,0.871936,0.774178,0.969693,17,0.00117748,1,0.054934,0.097018,0.012849,0.942281,0.897477,0.987086,0.915720,0.849287,0.982153,0.021690,0.002366,0.148217,0.016243,0.050000,0,0,3,0,0
sun_moon,srd,aw0p1875,1300,4688.554,0.205350,0.873516,0.775170,0.971862,17,0.00132264,1,0.053101,0.095614,0.010589,0.944072,0.898811,0.989334,0.915720,0.849287,0.982153,0.021202,0.001910,0.148279,0.016165,0.050000,0,0,3,0,0
sun_moon,srd,aw0p1875,1325,4711.360,0.208999,0.872104,0.773589,0.970619,17,0.00105892,1,0.053507,0.094641,0.012374,0.943518,0.899472,0.987564,0.914716,0.846802,0.982629,0.021227,0.002361,0.151152,0.016149,0.050000,0,0,3,0,0
sun_moon,srd,aw0p1875,1350,4858.300,0.208198,0.871436,0.773954,0.968919,17,0.00107997,1,0.053492,0.092589,0.014396,0.943439,0.901313,0.985564,0.914240,0.845614,0.982867,0.020490,0.002811,0.151662,0.016018,0.050000,0,0,3,0,0
sun_moon,srd,aw0p1875,1375,4880.950,0.206266,0.873244,0.777557,0.968930,17,0.00117067,1,0.052320,0.089888,0.014753,0.944660,0.904103,0.985217,0.915337,0.847450,0.983224,0.020206,0.002768,0.150697,0.015921,0.050000,0,0,3,0,0
sun_moon,srd,aw0p1875,1400,5023.588,0.206462,0.873970,0.776119,0.971821,17,0.00136540,1,0.053173,0.093021,0.013325,0.943916,0.901182,0.986649,0.916543,0.848315,0.984771,0.020868,0.002640,0.149989,0.013863,0.050000,0,0,3,0,0
sun_moon,srd,aw0p1875,1425,5046.193,0.207036,0.873218,0.774840,0.971596,17,0.00145662,1,0.054324,0.094965,0.013682,0.942817,0.899336,0.986298,0.916656,0.848423,0.984890,0.021254,0.002554,0.149373,0.013602,0.050000,0,0,3,0,0
sun_moon,srd,aw0p1875,1450,5193.030,0.205497,0.873782,0.775052,0.972513,17,0.00143417,2,0.052503,0.092156,0.012849,0.944471,0.901819,0.987123,0.915743,0.846478,0.985009,0.020621,0.002440,0.150968,0.013844,0.050000,0,0,3,0,0
sun_moon,srd,aw0p1875,1475,5215.832,0.207560,0.873760,0.773821,0.973700,17,0.00143232,1,0.054307,0.095290,0.013325,0.942804,0.898934,0.986675,0.917116,0.847558,0.986675,0.021451,0.002554,0.150254,0.012432,0.050000,0,0,3,0,0
sun_moon,srd,aw0p1875,1500,5362.106,0.208166,0.873828,0.774515,0.973141,17,0.00175529,1,0.055329,0.096262,0.014396,0.941899,0.898171,0.985626,0.918111,0.849071,0.987151,0.021607,0.002884,0.148813,0.011815,0.050000,0,0,3,0,0
sun_moon,srd,aw0p1875,1525,5384.757,0.210371,0.872798,0.772924,0.972672,17,0.00195066,1,0.056247,0.098099,0.014396,0.941007,0.896394,0.985619,0.917711,0.848747,0.986675,0.022092,0.002788,0.149334,0.012128,0.050000,0,0,3,0,0
sun_moon,srd,aw0p1875,1550,5528.585,0.208582,0.873382,0.774795,0.971968,17,0.00243574,1,0.054573,0.094749,0.014396,0.942564,0.899519,0.985609,0.917084,0.848207,0.985961,0.021199,0.002830,0.149508,0.013498,0.050000,0,0,3,0,0
sun_moon,srd,aw0p1875,1575,5551.369,0.209509,0.872730,0.773596,0.971864,17,0.00224622,1,0.055729,0.096586,0.014872,0.941464,0.897782,0.985146,0.917316,0.848315,0.986318,0.021669,0.002729,0.149497,0.013033,0.050000,0,0,3,0,0
sun_moon,srd,aw0p1875,1600,5695.431,0.210395,0.871634,0.774499,0.968768,17,0.00273530,1,0.054037,0.094749,0.013325,0.943046,0.899484,0.986608,0.914780,0.847882,0.981678,0.021200,0.002565,0.150080,0.016587,0.050000,0,0,3,0,0
water_fire,srd,aw0p1875,1,1.562,1.140634,0.285867,0.264585,0.307150,20,0.00019481,0,0.195417,0.181849,0.208985,0.636088,0.632293,0.639883,0.342020,0.312699,0.371340,0.024456,0.030910,0.684231,0.625627,0.050000,0,0,0,0,0
water_fire,srd,aw0p1875,25,27.160,0.726317,0.512476,0.494993,0.529959,20,0.00011958,3,0.110683,0.088911,0.132455,0.838802,0.858402,0.819201,0.569579,0.539004,0.600155,0.011758,0.019586,0.457891,0.397048,0.050000,0,0,0,0,0
water_fire,srd,aw0p1875,50,189.314,0.433327,0.699161,0.710957,0.687365,23,0.00020759,0,0.117352,0.087066,0.147637,0.870550,0.898751,0.842349,0.780851,0.772857,0.788846,0.011362,0.021631,0.224644,0.209056,0.050000,3,0,0,0,0
water_fire,srd,aw0p1875,75,218.943,0.279959,0.795847,0.824588,0.767107,23,0.00031277,1,0.114530,0.090253,0.138807,0.885830,0.908767,0.862892,0.886298,0.899010,0.873586,0.011714,0.020222,0.098380,0.125003,0.050000,3,0,0,0,0
water_fire,srd,aw0p1875,100,399.704,0.234659,0.824961,0.846508,0.803414,22,0.00037325,2,0.109133,0.092937,0.125329,0.893485,0.908716,0.878254,0.914643,0.925180,0.904105,0.012030,0.018225,0.073841,0.094691,0.050000,3,0,1,0,0
water_fire,srd,aw0p1875,125,426.864,0.210202,0.840197,0.862519,0.817875,22,0.00017946,0,0.097250,0.092099,0.102401,0.904472,0.910934,0.898010,0.921791,0.941956,0.901627,0.011871,0.014906,0.057123,0.095729,0.050000,3,0,1,0,0
water_fire,srd,aw0p1875,150,598.944,0.199037,0.848200,0.867066,0.829334,22,0.00009693,0,0.094520,0.091595,0.097444,0.907527,0.911765,0.903290,0.928316,0.946485,0.910147,0.012088,0.014113,0.052898,0.087392,0.050000,3,0,1,0,0
water_fire,srd,aw0p1875,175,626.297,0.192571,0.853609,0.876377,0.830841,22,0.00018955,1,0.089797,0.081530,0.098064,0.911870,0.920795,0.902944,0.930072,0.947828,0.912316,0.010674,0.014342,0.051574,0.085847,0.050000,3,0,1,0,0
water_fire,srd,aw0p1875,200,804.674,0.183113,0.859689,0.890008,0.829371,22,0.00019002,1,0.095270,0.082872,0.107668,0.907957,0.920821,0.895094,0.941216,0.963764,0.918668,0.010998,0.015700,0.035249,0.079889,0.050000,3,0,1,0,0
water_fire,srd,aw0p1875,225,832.671,0.177177,0.862761,0.892515,0.833008,22,0.00018299,1,0.097587,0.084717,0.110457,0.906431,0.919535,0.893327,0.946573,0.968126,0.925019,0.010885,0.016205,0.031207,0.073492,0.050000,3,0,1,0,0
water_fire,srd,aw0p1875,250,1011.406,0.176548,0.864134,0.897694,0.830574,22,0.00032630,1,0.098794,0.083879,0.113710,0.905582,0.920635,0.890529,0.949005,0.972991,0.925019,0.010897,0.016905,0.026554,0.073321,0.050000,3,0,1,0,0
water_fire,srd,aw0p1875,275,1039.279,0.171249,0.868601,0.903543,0.833658,22,0.00033588,1,0.093878,0.074820,0.112936,0.909977,0.928468,0.891486,0.949477,0.971146,0.927808,0.009654,0.016772,0.028914,0.070833,0.050000,3,0,1,0,0
water_fire,srd,aw0p1875,300,1217.217,0.171410,0.869518,0.902730,0.836305,22,0.00044667,0,0.090645,0.069284,0.112006,0.912769,0.933031,0.892507,0.947626,0.965274,0.929977,0.009134,0.016624,0.034266,0.069161,0.050000,3,0,1,0,0
water_fire,srd,aw0p1875,325,1244.785,0.174449,0.866714,0.903849,0.829578,22,0.00016553,1,0.094305,0.067774,0.120837,0.909687,0.934384,0.884990,0.947464,0.965107,0.929822,0.008868,0.017743,0.034871,0.068563,0.050000,3,0,1,0,0
water_fire,srd,aw0p1875,350,1423.721,0.177218,0.863676,0.903693,0.823658,22,0.00021782,0,0.104012,0.076497,0.131526,0.901714,0.927098,0.876329,0.952407,0.972823,0.931991,0.010103,0.019289,0.026187,0.066259,0.050000,3,0,1,0,0
water_fire,srd,aw0p1875,375,1451.113,0.175986,0.865037,0.907154,0.822921,22,0.00026003,0,0.108433,0.078678,0.138187,0.898506,0.925579,0.871433,0.957583,0.978527,0.936638,0.010287,0.020387,0.021034,0.062801,0.050000,3,0,1,0,0
water_fire,srd,aw0p1875,400,1625.796,0.170568,0.868622,0.905652,0.831593,22,0.00040936,1,0.102656,0.077504,0.127808,0.903246,0.926421,0.880070,0.956860,0.975843,0.937878,0.010174,0.018896,0.023551,0.061065,0.050000,3,0,1,0,0
water_fire,srd,aw0p1875,425,1653.399,0.167830,0.869918,0.902726,0.837110,22,0.00032802,1,0.102171,0.083040,0.121301,0.903637,0.921714,0.885560,0.958170,0.977688,0.938652,0.010829,0.018029,0.022087,0.059882,0.050000,3,0,1,0,0
water_fire,srd,aw0p1875,450,1829.391,0.162269,0.873369,0.903396,0.843342,22,0.00027489,1,0.098175,0.081865,0.114485,0.907065,0.922711,0.891419,0.958622,0.977353,0.939892,0.010704,0.016959,0.021779,0.058793,0.050000,3,0,1,0,0
water_fire,srd,aw0p1875,475,1856.906,0.160247,0.874578,0.901563,0.847592,22,0.00028958,0,0.096935,0.083879,0.109992,0.908138,0.920949,0.895327,0.959003,0.977185,0.940821,0.010926,0.016343,0.021834,0.057978,0.050000,3,0,1,0,0
water_fire,srd,aw0p1875,500,2033.505,0.158146,0.875892,0.902043,0.849742,22,0.00025218,1,0.096709,0.084046,0.109373,0.908446,0.920853,0.896039,0.960268,0.977856,0.942680,0.010868,0.016297,0.021169,0.056282,0.050000,3,0,1,0,0
water_fire,srd,aw0p1875,525,2060.453,0.156293,0.876710,0.902277,0.851144,22,0.00023572,1,0.096832,0.083208,0.110457,0.908453,0.921544,0.895362,0.961256,0.977353,0.945159,0.010689,0.016337,0.021961,0.053636,0.050000,3,0,1,0,0
water_fire,srd,aw0p1875,550,2234.319,0.156847,0.877373,0.904105,0.850640,22,0.00024111,0,0.097904,0.082872,0.112936,0.907690,0.921959,0.893421,0.962869,0.979030,0.946708,0.010774,0.016872,0.020502,0.052566,0.050000,3,0,1,0,0
water_fire,srd,aw0p1875,575,2261.066,0.155603,0.877590,0.902801,0.852379,22,0.00025185,0,0.097090,0.083879,0.110302,0.908332,0.921048,0.895616,0.962463,0.978527,0.946398,0.010787,0.016343,0.020791,0.053266,0.050000,3,0,1,0,0
water_fire,srd,aw0p1875,600,2431.628,0.154356,0.878465,0.901748,0.855182,22,0.00014788,0,0.095167,0.084214,0.106119,0.909913,0.920695,0.899131,0.961811,0.977688,0.945933,0.010979,0.015738,0.021501,0.053105,0.050000,3,0,1,0,0
water_fire,srd,aw0p1875,625,2458.247,0.150821,0.881407,0.904481,0.858332,22,0.00005136,0,0.089887,0.081865,0.097909,0.914340,0.922797,0.905882,0.960449,0.978527,0.942370,0.010750,0.014477,0.020786,0.056890,0.050000,3,0,1,0,0
water_fire,srd,aw0p1875,650,2624.321,0.149182,0.882020,0.904399,0.859642,22,0.00012202,0,0.088700,0.079181,0.098218,0.915364,0.924960,0.905767,0.960043,0.976011,0.944074,0.010369,0.014345,0.023004,0.055025,0.050000,3,0,1,0,0
water_fire,srd,aw0p1875,675,2650.976,0.144643,0.886038,0.906099,0.865976,22,0.00016687,0,0.083911,0.075491,0.092332,0.919587,0.928104,0.911071,0.960217,0.974501,0.945933,0.009832,0.013720,0.024753,0.053043,0.050000,3,0,1,0,0
water_fire,srd,aw0p1875,700,2824.864,0.146521,0.883383,0.903547,0.863219,22,0.00012142,0,0.087351,0.078343,0.096359,0.916585,0.925578,0.907592,0.960366,0.974333,0.946398,0.010179,0.013903,0.024888,0.052771,0.050000,3,0,1,0,0
water_fire,srd,aw0p1875,725,2851.514,0.145868,0.884875,0.901131,0.868619,22,0.00021643,0,0.086040,0.082536,0.089543,0.917778,0.921991,0.913564,0.960953,0.975507,0.946398,0.010688,0.013334,0.024086,0.052882,0.050000,3,0,1,0,0
water_fire,srd,aw0p1875,750,3026.575,0.145466,0.884335,0.901824,0.866846,22,0.00048651,0,0.088770,0.085053,0.092486,0.915530,0.920032,0.911028,0.962772,0.978527,0.947018,0.010959,0.013588,0.021269,0.052063,0.050000,3,0,1,0,0
water_fire,srd,aw0p1875,775,3053.276,0.145022,0.885064,0.902012,0.868115,22,0.00047277,0,0.087479,0.083711,0.091247,0.916631,0.921119,0.912142,0.962424,0.977521,0.947328,0.010913,0.013399,0.022281,0.051693,0.050000,3,0,1,0,0
water_fire,srd,aw0p1875,800,3220.260,0.143779,0.885291,0.902197,0.868384,22,0.00052872,0,0.086407,0.084046,0.088768,0.917518,0.920866,0.914170,0.961746,0.978024,0.945469,0.010912,0.012986,0.021592,0.052785,0.050000,3,0,1,0,0
water_fire,srd,aw0p1875,825,3246.690,0.147777,0.882861,0.899320,0.866402,22,0.00056146,0,0.088524,0.084717,0.092332,0.915603,0.920095,0.911111,0.960953,0.975507,0.946398,0.010948,0.013576,0.023945,0.052689,0.050000,3,0,1,0,0
water_fire,srd,aw0p1875,850,3417.294,0.144719,0.886200,0.903416,0.868983,22,0.00127754,1,0.084097,0.080356,0.087839,0.919456,0.923932,0.914980,0.960662,0.976011,0.945314,0.010620,0.012909,0.023737,0.053197,0.050000,3,0,1,0,0
water_fire,srd,aw0p1875,875,3444.308,0.142698,0.886411,0.902360,0.870463,22,0.00121686,1,0.084497,0.080691,0.088304,0.919156,0.923578,0.914734,0.961250,0.975172,0.947328,0.010411,0.012918,0.023430,0.051782,0.050000,3,0,1,0,0
water_fire,srd,aw0p1875,900,3610.048,0.134975,0.893184,0.914004,0.872365,22,0.00066425,1,0.079245,0.070961,0.087529,0.923970,0.932407,0.915533,0.963792,0.978863,0.948722,0.009192,0.012828,0.021475,0.050398,0.050000,3,0,1,0,0
water_fire,srd,aw0p1875,925,3636.536,0.133321,0.894011,0.915414,0.872608,22,0.00045623,0,0.077851,0.070961,0.084741,0.925167,0.932504,0.917831,0.963463,0.980372,0.946553,0.009111,0.012389,0.020020,0.052500,0.050000,3,0,1,0,0
water_fire,srd,aw0p1875,950,3805.936,0.133324,0.894972,0.918139,0.871806,22,0.00039875,0,0.074393,0.063580,0.085205,0.928126,0.938871,0.917380,0.961301,0.976514,0.946088,0.008321,0.012554,0.022848,0.053066,0.050000,3,0,1,0,0
water_fire,srd,aw0p1875,975,3832.628,0.131238,0.896641,0.920537,0.872745,22,0.00049244,0,0.072082,0.061902,0.082262,0.930165,0.940445,0.919885,0.961030,0.977521,0.944539,0.008160,0.012104,0.021889,0.054256,0.050000,3,0,1,0,0
water_fire,srd,aw0p1875,1000,3998.859,0.134702,0.894800,0.919174,0.870426,21,0.00091258,1,0.072191,0.064754,0.079628,0.929913,0.937942,0.921884,0.959216,0.978695,0.939737,0.008454,0.011886,0.021176,0.059023,0.050000,3,0,2,0,0
water_fire,srd,aw0p1875,1025,4024.436,0.133609,0.895284,0.920828,0.869739,21,0.00128449,1,0.071914,0.061567,0.082262,0.930190,0.940749,0.919631,0.959403,0.977521,0.941286,0.007923,0.012176,0.022252,0.057334,0.050000,3,0,2,0,0
water_fire,srd,aw0p1875,1050,4182.798,0.131739,0.895714,0.922492,0.868937,20,0.00163204,1,0.070553,0.058379,0.082727,0.931378,0.943580,0.919177,0.958584,0.976346,0.940821,0.007454,0.011986,0.022625,0.057498,0.050000,3,0,3,0,0
water_fire,srd,aw0p1875,1075,4207.744,0.131475,0.897126,0.922273,0.871978,20,0.00132516,1,0.071379,0.059722,0.083036,0.930797,0.942413,0.919180,0.960868,0.977353,0.944384,0.007840,0.012354,0.021578,0.054452,0.050000,3,0,3,0,0
water_fire,srd,aw0p1875,1100,4360.516,0.126233,0.900565,0.925163,0.875967,20,0.00092983,0,0.069843,0.058044,0.081642,0.932345,0.944022,0.920668,0.963173,0.978863,0.947483,0.007447,0.012103,0.021262,0.051217,0.050000,3,0,3,0,1
water_fire,srd,aw0p1875,1125,4384.571,0.125137,0.902174,0.925461,0.878888,20,0.00092381,0,0.068198,0.055528,0.080868,0.933882,0.946214,0.921551,0.963405,0.976850,0.949961,0.007304,0.012056,0.022441,0.049513,0.050000,3,0,3,0,1
water_fire,srd,aw0p1875,1150,4537.948,0.127505,0.898918,0.924639,0.873197,20,0.00087465,0,0.071134,0.057373,0.084895,0.931163,0.944571,0.917755,0.962508,0.977688,0.947328,0.007389,0.012472,0.021631,0.051035,0.050000,3,0,3,0,1
water_fire,srd,aw0p1875,1175,4562.862,0.124609,0.902011,0.927876,0.876145,20,0.00064539,0,0.066643,0.051334,0.081952,0.935218,0.950008,0.920427,0.961727,0.975507,0.947947,0.006761,0.012103,0.024200,0.049933,0.050000,3,0,3,0,1
water_fire,srd,aw0p1875,1200,4720.715,0.123092,0.902508,0.927047,0.877969,20,0.00029521,0,0.068030,0.053179,0.082881,0.934080,0.948346,0.919814,0.963541,0.976346,0.950736,0.006905,0.012300,0.023025,0.047498,0.050000,3,0,3,0,1
water_fire,srd,aw0p1875,1225,4745.184,0.124219,0.901565,0.926740,0.876390,20,0.00023854,0,0.069973,0.053347,0.086600,0.932412,0.948183,0.916642,0.964232,0.976178,0.952285,0.007045,0.012734,0.023254,0.045849,0.050000,3,0,3,0,1
water_fire,srd,aw0p1875,1250,4892.831,0.123075,0.902643,0.926888,0.878398,20,0.00025852,0,0.068030,0.053179,0.082881,0.934094,0.948338,0.919850,0.963690,0.976178,0.951201,0.006789,0.012407,0.023588,0.046996,0.050000,3,0,3,0,1
water_fire,srd,aw0p1875,1275,4916.924,0.124396,0.901094,0.926244,0.875945,20,0.00045674,0,0.070902,0.055360,0.086445,0.931566,0.946402,0.916729,0.964593,0.977521,0.951665,0.007089,0.012882,0.021935,0.046181,0.050000,3,0,3,0,1
water_fire,srd,aw0p1875,1300,5075.342,0.127442,0.899058,0.925143,0.872973,20,0.00014314,0,0.072303,0.055528,0.089078,0.930264,0.946196,0.914333,0.963625,0.976514,0.950736,0.007193,0.013156,0.023377,0.047319,0.050000,3,0,3,0,1
water_fire,srd,aw0p1875,1325,5100.187,0.131624,0.896745,0.920663,0.872827,20,0.00041510,1,0.065545,0.053011,0.078079,0.935768,0.948154,0.923381,0.955222,0.969468,0.940976,0.006958,0.011411,0.030118,0.056753,0.050000,3,0,3,0,1
water_fire,srd,aw0p1875,1350,5256.790,0.122434,0.902803,0.924753,0.880854,20,0.00040205,0,0.068159,0.054521,0.081797,0.933999,0.947051,0.920946,0.964038,0.975172,0.952905,0.007197,0.011900,0.024899,0.045166,0.050000,3,0,3,0,1
water_fire,srd,aw0p1875,1375,5281.835,0.118708,0.904250,0.921528,0.886972,20,0.00035741,0,0.067758,0.058212,0.077304,0.934411,0.943669,0.925154,0.965355,0.975172,0.955538,0.007448,0.011294,0.024627,0.042138,0.050000,3,0,3,0,1
water_fire,srd,aw0p1875,1400,5442.187,0.118968,0.903131,0.917994,0.888269,20,0.00034761,1,0.073315,0.063748,0.082881,0.929695,0.938720,0.920670,0.969202,0.976514,0.961890,0.008158,0.012191,0.023003,0.035562,0.050000,3,0,3,0,1
water_fire,srd,aw0p1875,1425,5467.412,0.116566,0.905257,0.915876,0.894638,20,0.00029679,1,0.067861,0.060896,0.074826,0.934413,0.941024,0.927803,0.966615,0.971649,0.961580,0.007740,0.010878,0.027757,0.036712,0.050000,3,0,3,0,1
water_fire,srd,aw0p1875,1450,5622.017,0.116824,0.905805,0.915129,0.896482,20,0.00031554,1,0.068964,0.063412,0.074516,0.933512,0.938825,0.928198,0.968222,0.973159,0.963284,0.008138,0.010955,0.026653,0.035627,0.050000,3,0,3,0,1
water_fire,srd,aw0p1875,1475,5647.095,0.110804,0.910200,0.919531,0.900868,20,0.00031030,0,0.064769,0.059050,0.070488,0.937358,0.942829,0.931886,0.969099,0.973830,0.964369,0.007736,0.010167,0.026245,0.033914,0.050000,3,0,3,0,1
water_fire,srd,aw0p1875,1500,5807.978,0.108372,0.913328,0.923702,0.902955,20,0.00038814,1,0.061369,0.053179,0.069558,0.940492,0.948169,0.932815,0.969293,0.972823,0.965763,0.007005,0.010324,0.026877,0.032841,0.050000,3,0,3,0,1
water_fire,srd,aw0p1875,1525,5833.525,0.110341,0.911331,0.923702,0.898961,20,0.00043923,1,0.063228,0.053179,0.073277,0.938791,0.948169,0.929414,0.968828,0.972823,0.964833,0.006829,0.010839,0.026927,0.033708,0.050000,3,0,3,0,1
water_fire,srd,aw0p1875,1550,5980.108,0.110274,0.910314,0.925702,0.894925,20,0.00051748,3,0.070179,0.056702,0.083656,0.932899,0.945210,0.920588,0.973991,0.978192,0.969791,0.007233,0.012201,0.021725,0.029316,0.050000,3,0,3,0,1
water_fire,srd,aw0p1875,1575,6005.336,0.109337,0.911387,0.926949,0.895824,20,0.00060067,1,0.067997,0.056366,0.079628,0.934750,0.945569,0.923931,0.973178,0.979198,0.967157,0.007215,0.011758,0.020771,0.031332,0.050000,3,0,3,0,1
water_fire,srd,aw0p1875,1600,6166.555,0.112349,0.908487,0.920798,0.896176,20,0.00038700,3,0.070424,0.059050,0.081797,0.932548,0.942903,0.922193,0.972326,0.975172,0.969481,0.007482,0.011965,0.023979,0.030044,0.050000,3,0,3,0,1
water_fire,srd,aw0p1875,1625,6191.849,0.109717,0.911531,0.927186,0.895875,20,0.00037288,0,0.068417,0.055192,0.081642,0.934447,0.946600,0.922294,0.973688,0.978359,0.969016,0.007180,0.012045,0.021612,0.029906,0.050000,3,0,3,0,1
water_fire,srd,aw0p1875,1650,6342.520,0.108471,0.911631,0.924053,0.899209,20,0.00034224,0,0.067752,0.058044,0.077459,0.934964,0.943959,0.925970,0.973275,0.977688,0.968861,0.007369,0.011429,0.021805,0.030264,0.050000,3,0,3,0,1
water_fire,srd,aw0p1875,1675,6366.893,0.111414,0.909608,0.921169,0.898047,20,0.00029281,0,0.070378,0.061902,0.078854,0.932611,0.940484,0.924738,0.973526,0.978192,0.968861,0.007965,0.011641,0.021519,0.030437,0.050000,3,0,3,0,1
water_fire,srd,aw0p1875,1700,6516.119,0.110747,0.909278,0.921569,0.896987,20,0.00026557,1,0.070339,0.060896,0.079783,0.932631,0.941366,0.923895,0.973120,0.977688,0.968552,0.007721,0.011634,0.021961,0.030417,0.050000,3,0,3,0,1
water_fire,srd,aw0p1875,1725,6541.433,0.110229,0.909362,0.921811,0.896913,20,0.00028692,2,0.069449,0.059889,0.079009,0.933383,0.942242,0.924523,0.972397,0.977017,0.967777,0.007616,0.011491,0.022300,0.030653,0.050000,3,0,3,0,1
water_fire,srd,aw0p1875,1750,6690.779,0.110933,0.908764,0.921690,0.895839,20,0.00038051,2,0.070088,0.060393,0.079783,0.932805,0.941804,0.923805,0.972332,0.977353,0.967312,0.007707,0.011514,0.021869,0.031374,0.050000,3,0,3,0,1
water_fire,srd,aw0p1875,1775,6715.847,0.108698,0.911032,0.922639,0.899424,20,0.00041548,1,0.068539,0.060393,0.076685,0.934242,0.941860,0.926623,0.973378,0.978359,0.968397,0.007780,0.011136,0.021447,0.030242,0.050000,3,0,3,0,1
water_fire,srd,aw0p1875,1800,6860.788,0.108199,0.910914,0.920562,0.901267,20,0.00049502,1,0.069306,0.062238,0.076375,0.933589,0.940161,0.927017,0.973978,0.977856,0.970101,0.007882,0.011076,0.021781,0.028904,0.050000,3,0,3,0,1
water_fire,srd,aw0p1875,1825,6885.295,0.106926,0.912675,0.922324,0.903026,20,0.00036703,2,0.068854,0.062573,0.075136,0.934077,0.939984,0.928169,0.975456,0.980037,0.970875,0.008077,0.010929,0.020134,0.028624,0.050000,3,0,3,0,1
water_fire,srd,aw0p1875,1850,7028.227,0.107267,0.911878,0.922591,0.901165,20,0.00037507,1,0.069371,0.061902,0.076840,0.933599,0.940570,0.926627,0.975056,0.979701,0.970411,0.007857,0.011264,0.020243,0.028375,0.050000,3,0,3,0,1
water_fire,srd,aw0p1875,1875,7052.830,0.110234,0.909726,0.924077,0.895375,20,0.00029929,1,0.071870,0.058379,0.085360,0.931463,0.943671,0.919256,0.974914,0.978024,0.971805,0.007444,0.012513,0.021402,0.027007,0.050000,3,0,3,0,1
water_fire,srd,aw0p1875,1900,7202.788,0.110524,0.909796,0.928968,0.890625,20,0.00027933,1,0.074336,0.058044,0.090627,0.929450,0.944239,0.914661,0.977114,0.982889,0.971340,0.007580,0.013196,0.016971,0.027505,0.050000,3,0,3,0,1
water_fire,srd,aw0p1875,1925,7227.285,0.111655,0.909681,0.926571,0.892791,20,0.00026417,3,0.074800,0.060057,0.089543,0.929043,0.942379,0.915707,0.977476,0.982218,0.972734,0.007760,0.013268,0.017692,0.027042,0.050000,3,0,3,0,1
water_fire,srd,aw0p1875,1950,7381.000,0.111067,0.909311,0.924388,0.894234,20,0.00023065,2,0.074051,0.062741,0.085360,0.929564,0.939968,0.919161,0.976475,0.982386,0.970565,0.008019,0.012656,0.017400,0.028422,0.050000,3,0,3,0,1
water_fire,srd,aw0p1875,1975,7405.729,0.110802,0.909112,0.923757,0.894467,20,0.00026292,2,0.074515,0.062741,0.086290,0.929183,0.939929,0.918436,0.976682,0.981714,0.971650,0.008086,0.012645,0.017616,0.027504,0.050000,3,0,3,0,1
water_fire,srd,aw0p1875,2000,7560.057,0.112581,0.907346,0.922033,0.892659,20,0.00023307,2,0.074832,0.062909,0.086754,0.928797,0.939682,0.917913,0.975069,0.980037,0.970101,0.007971,0.012741,0.019236,0.028522,0.050000,3,0,3,0,1
water_fire,srd,aw0p1875,2025,7583.947,0.109186,0.910471,0.926918,0.894024,20,0.00028738,2,0.072173,0.058212,0.086135,0.931250,0.943978,0.918523,0.975953,0.980876,0.971030,0.007545,0.012524,0.018657,0.027694,0.050000,3,0,3,0,1
water_fire,srd,aw0p1875,2050,7723.194,0.109585,0.908891,0.920202,0.897579,20,0.00021780,2,0.072617,0.063748,0.081487,0.930707,0.938858,0.922556,0.974791,0.978863,0.970720,0.007855,0.011891,0.020364,0.028338,0.050000,3,0,3,0,1
water_fire,srd,aw0p1875,2075,7748.040,0.109478,0.910609,0.930340,0.890878,20,0.00027574,2,0.073761,0.057205,0.090318,0.929982,0.945035,0.914928,0.977450,0.983560,0.971340,0.007426,0.013354,0.015736,0.027246,0.050000,3,0,3,0,1
water_fire,srd,aw0p1875,2100,7899.150,0.108340,0.911314,0.929705,0.892923,19,0.00026730,2,0.072599,0.057205,0.087994,0.930973,0.945000,0.916947,0.977192,0.982889,0.971495,0.007362,0.012883,0.016976,0.027265,0.050000,3,0,4,0,1
water_fire,srd,aw0p1875,2125,7922.627,0.109791,0.910179,0.926829,0.893529,19,0.00024593,4,0.073064,0.059218,0.086909,0.930486,0.943110,0.917862,0.976450,0.981714,0.971185,0.007620,0.012731,0.018403,0.027336,0.050000,3,0,4,0,1
cat_face_bass,srd,aw0p1875,1,1.495,1.449713,0.157077,0.189680,0.124474,20,0.00019250,0,0.162639,0.112845,0.212434,0.533492,0.651637,0.415348,0.181001,0.211084,0.150917,0.028083,0.048125,0.786767,0.846938,0.050000,0,0,0,0,0
cat_face_bass,srd,aw0p1875,25,26.807,1.144593,0.283182,0.310205,0.256159,20,0.00000386,0,0.095053,0.062625,0.127482,0.767059,0.840347,0.693771,0.309223,0.329632,0.288814,0.015298,0.028584,0.667959,0.708911,0.050000,0,0,0,0,0
cat_face_bass,srd,aw0p1875,50,185.674,0.893903,0.434709,0.442429,0.426988,20,0.00015482,0,0.082724,0.059124,0.106325,0.852118,0.887962,0.816273,0.470488,0.468587,0.472388,0.014295,0.023824,0.528550,0.526085,0.050000,0,0,0,0,0
cat_face_bass,srd,aw0p1875,75,210.310,0.633318,0.600721,0.576666,0.624777,20,0.00091637,0,0.077686,0.061525,0.093848,0.893965,0.908672,0.879257,0.647778,0.612145,0.683411,0.015070,0.020677,0.385405,0.314381,0.050000,0,0,0,0,0
cat_face_bass,srd,aw0p1875,100,365.995,0.468432,0.706111,0.648899,0.763323,19,0.00333336,1,0.069387,0.067927,0.070847,0.915484,0.910728,0.920239,0.755190,0.692977,0.817403,0.016473,0.015502,0.305272,0.180187,0.050000,0,0,1,0,0
cat_face_bass,srd,aw0p1875,125,390.029,0.413404,0.737924,0.672297,0.803551,19,0.00532995,1,0.058646,0.060224,0.057068,0.929568,0.922091,0.937044,0.781097,0.712785,0.849409,0.014565,0.012381,0.284674,0.148190,0.050000,0,0,1,0,0
cat_face_bass,srd,aw0p1875,150,540.091,0.383935,0.756712,0.696515,0.816909,19,0.00504448,1,0.057411,0.053521,0.061300,0.932992,0.932020,0.933964,0.800389,0.733794,0.866985,0.012800,0.013293,0.264734,0.131487,0.050000,0,0,1,0,0
cat_face_bass,srd,aw0p1875,175,563.770,0.366884,0.766113,0.709034,0.823193,19,0.00462401,2,0.055219,0.047619,0.062819,0.936382,0.939754,0.933009,0.808851,0.742797,0.874905,0.011292,0.013628,0.255243,0.123651,0.050000,0,0,1,0,0
cat_face_bass,srd,aw0p1875,200,718.563,0.355413,0.771901,0.714862,0.828939,19,0.00406717,2,0.051875,0.042017,0.061734,0.940530,0.946606,0.934455,0.812505,0.744898,0.880113,0.009987,0.013377,0.253255,0.118342,0.050000,0,0,1,0,0
cat_face_bass,srd,aw0p1875,225,742.621,0.335325,0.782407,0.723243,0.841572,19,0.00388543,1,0.044732,0.040316,0.049148,0.948206,0.949142,0.947270,0.817667,0.752401,0.882934,0.009360,0.010495,0.246561,0.115657,0.050000,0,0,1,0,0
cat_face_bass,srd,aw0p1875,250,888.179,0.311595,0.797806,0.743898,0.851713,18,0.00439608,1,0.042912,0.041016,0.044809,0.950880,0.949699,0.952060,0.832144,0.774410,0.889877,0.009773,0.009336,0.223625,0.108670,0.050000,0,0,2,0,0
cat_face_bass,srd,aw0p1875,275,910.889,0.292987,0.812210,0.769260,0.855160,18,0.00410204,2,0.044956,0.042717,0.047195,0.949687,0.949438,0.949937,0.848820,0.802121,0.895519,0.010099,0.010353,0.196162,0.103069,0.050000,0,0,2,0,0
cat_face_bass,srd,aw0p1875,300,1054.780,0.283179,0.821581,0.782173,0.860988,18,0.00330781,3,0.050749,0.049420,0.052078,0.944423,0.943212,0.945634,0.863327,0.820828,0.905826,0.011800,0.011502,0.177996,0.093018,0.050000,0,0,2,0,0
cat_face_bass,srd,aw0p1875,325,1077.107,0.253396,0.841927,0.808033,0.875820,18,0.00161674,2,0.054583,0.051120,0.058045,0.942141,0.943229,0.941053,0.887998,0.849340,0.926657,0.012206,0.012825,0.149696,0.071847,0.050000,0,0,2,0,0
cat_face_bass,srd,aw0p1875,350,1222.413,0.224211,0.860502,0.830277,0.890727,18,0.00110331,1,0.054902,0.047419,0.062385,0.943222,0.948293,0.938152,0.907971,0.869648,0.946295,0.011116,0.013742,0.129300,0.052595,0.050000,0,0,2,0,0
cat_face_bass,srd,aw0p1875,375,1244.866,0.212399,0.868743,0.848676,0.888809,18,0.00109519,2,0.052119,0.046519,0.057719,0.946193,0.950230,0.942155,0.914133,0.888155,0.940111,0.011235,0.012849,0.110961,0.058445,0.050000,0,0,2,0,0
cat_face_bass,srd,aw0p1875,400,1388.357,0.196596,0.880585,0.870131,0.891038,18,0.00107215,1,0.053743,0.053021,0.054465,0.945254,0.945299,0.945208,0.927917,0.916267,0.939568,0.012868,0.012045,0.083577,0.059189,0.050000,0,0,2,0,0
cat_face_bass,srd,aw0p1875,425,1410.644,0.190852,0.885911,0.877387,0.894434,18,0.00085811,1,0.057375,0.058223,0.056526,0.942276,0.940992,0.943560,0.936732,0.928471,0.944993,0.014072,0.012691,0.071139,0.053887,0.050000,0,0,2,0,0
cat_face_bass,srd,aw0p1875,450,1555.314,0.194071,0.885046,0.875458,0.894634,18,0.00085996,1,0.060914,0.064326,0.057502,0.939063,0.935422,0.942703,0.938925,0.931773,0.946078,0.015598,0.013049,0.067134,0.052375,0.050000,0,0,2,0,0
cat_face_bass,srd,aw0p1875,475,1577.782,0.196666,0.883961,0.876478,0.891444,18,0.00088172,2,0.063617,0.065826,0.061408,0.936614,0.934174,0.939055,0.940180,0.934174,0.946186,0.016072,0.013579,0.064943,0.052841,0.050000,0,0,2,0,0
cat_face_bass,srd,aw0p1875,500,1722.361,0.200567,0.883862,0.873289,0.894435,18,0.00090838,2,0.067589,0.074530,0.060649,0.933166,0.926420,0.939912,0.943529,0.938375,0.948682,0.018271,0.013675,0.060917,0.050087,0.050000,0,0,2,0,0
cat_face_bass,srd,aw0p1875,525,1744.610,0.204862,0.882436,0.874006,0.890866,18,0.00101420,2,0.071095,0.081433,0.060757,0.930134,0.920678,0.939590,0.945086,0.945178,0.944993,0.020028,0.013690,0.054086,0.053412,0.050000,0,0,2,0,0
cat_face_bass,srd,aw0p1875,550,1888.497,0.211484,0.881334,0.875870,0.886798,18,0.00090039,3,0.079781,0.092837,0.066725,0.922849,0.911585,0.934112,0.951576,0.957183,0.945969,0.022907,0.014994,0.041642,0.052976,0.050000,0,0,2,0,0
cat_face_bass,srd,aw0p1875,575,1910.656,0.202466,0.886371,0.892247,0.880496,18,0.00078571,3,0.079186,0.082533,0.075838,0.923577,0.921279,0.925875,0.956579,0.965886,0.947271,0.020226,0.017131,0.033169,0.051772,0.050000,0,0,2,0,0
cat_face_bass,srd,aw0p1875,600,2049.564,0.190812,0.891461,0.906682,0.876240,18,0.00078534,2,0.077351,0.072029,0.082673,0.925424,0.931008,0.919840,0.960335,0.971989,0.948682,0.017451,0.018239,0.026846,0.050583,0.050000,0,0,2,0,0
cat_face_bass,srd,aw0p1875,625,2071.801,0.178564,0.898072,0.910763,0.885381,18,0.00070943,2,0.067402,0.066126,0.068677,0.934284,0.936240,0.932328,0.958587,0.970988,0.946186,0.016346,0.015610,0.027697,0.052481,0.050000,0,0,2,0,0
cat_face_bass,srd,aw0p1875,650,2216.249,0.167263,0.903120,0.911665,0.894575,18,0.00065449,3,0.063412,0.066827,0.059998,0.938100,0.935707,0.940493,0.960418,0.972589,0.948248,0.016231,0.013383,0.026347,0.050474,0.050000,0,0,2,0,1
cat_face_bass,srd,aw0p1875,675,2238.848,0.158125,0.908334,0.915803,0.900866,18,0.00061116,3,0.057531,0.062225,0.052837,0.943556,0.939880,0.947232,0.960627,0.972789,0.948465,0.015387,0.011947,0.025889,0.050274,0.050000,0,0,2,0,1
cat_face_bass,srd,aw0p1875,700,2383.361,0.150850,0.911876,0.917799,0.905952,18,0.00090112,3,0.053176,0.060024,0.046327,0.947647,0.941889,0.953405,0.960406,0.972889,0.947922,0.014763,0.010442,0.026006,0.050989,0.050000,0,0,2,0,1
cat_face_bass,srd,aw0p1875,725,2406.030,0.149466,0.911788,0.914635,0.908940,18,0.00066416,3,0.053921,0.062925,0.044917,0.947026,0.939209,0.954843,0.960978,0.972189,0.949767,0.014948,0.010190,0.026527,0.049107,0.050000,0,0,2,0,1
cat_face_bass,srd,aw0p1875,750,2551.664,0.148293,0.912044,0.915460,0.908628,18,0.00068105,3,0.053775,0.063826,0.043724,0.947211,0.938494,0.955927,0.961123,0.973890,0.948356,0.014951,0.009844,0.025397,0.050406,0.050000,0,0,2,0,1
cat_face_bass,srd,aw0p1875,775,2574.097,0.148558,0.910730,0.915795,0.905664,18,0.00057662,3,0.054931,0.062125,0.047738,0.946033,0.939965,0.952101,0.960794,0.972689,0.948899,0.014676,0.010260,0.025735,0.049786,0.050000,0,0,2,0,1
cat_face_bass,srd,aw0p1875,800,2716.282,0.147983,0.912990,0.916549,0.909431,18,0.00072058,3,0.054562,0.065726,0.043398,0.946610,0.936954,0.956265,0.962845,0.976791,0.948899,0.015799,0.009576,0.022014,0.050212,0.050000,0,0,2,0,1
cat_face_bass,srd,aw0p1875,825,2739.082,0.153040,0.910301,0.912530,0.908071,18,0.00067250,2,0.056355,0.068227,0.044483,0.944894,0.934587,0.955201,0.961627,0.974790,0.948465,0.016392,0.009898,0.023864,0.050649,0.050000,0,0,2,0,1
cat_face_bass,srd,aw0p1875,850,2873.163,0.147556,0.913437,0.916072,0.910802,18,0.00109582,2,0.054621,0.065626,0.043615,0.946568,0.937008,0.956128,0.963358,0.976190,0.950526,0.015844,0.009626,0.022543,0.048209,0.050000,0,0,2,0,1
cat_face_bass,srd,aw0p1875,875,2896.005,0.148275,0.913275,0.917356,0.909195,18,0.00070242,2,0.055339,0.064026,0.046653,0.945855,0.938444,0.953266,0.963851,0.976090,0.951611,0.015414,0.010453,0.022520,0.047515,0.050000,0,0,2,0,1
cat_face_bass,srd,aw0p1875,900,3041.646,0.148474,0.911946,0.916761,0.907131,18,0.00046016,3,0.055794,0.064826,0.046761,0.945397,0.937728,0.953065,0.962870,0.976190,0.949550,0.015526,0.010022,0.022909,0.049346,0.050000,0,0,2,0,1
cat_face_bass,srd,aw0p1875,925,3063.836,0.146589,0.914893,0.916056,0.913729,18,0.00055276,2,0.055877,0.065426,0.046327,0.945479,0.937176,0.953783,0.966025,0.975990,0.956059,0.015719,0.010406,0.023001,0.043432,0.050000,0,0,2,0,1
cat_face_bass,srd,aw0p1875,950,3203.510,0.148019,0.914391,0.915788,0.912994,17,0.00089969,2,0.055970,0.063225,0.048714,0.945305,0.939026,0.951585,0.965580,0.973689,0.957470,0.015203,0.011060,0.025069,0.042300,0.050000,0,0,3,0,1
cat_face_bass,srd,aw0p1875,975,3224.731,0.148865,0.913517,0.916384,0.910650,17,0.00076476,2,0.056383,0.062425,0.050342,0.944873,0.939745,0.950000,0.965041,0.973589,0.956493,0.015159,0.011188,0.025216,0.043024,0.050000,0,0,3,0,1
cat_face_bass,srd,aw0p1875,1000,3353.210,0.153931,0.911004,0.913068,0.908941,16,0.00000000,2,0.061153,0.070228,0.052078,0.940653,0.932951,0.948354,0.966734,0.977191,0.956276,0.017072,0.011569,0.021456,0.042441,0.050000,0,0,4,0,1
cat_face_bass,srd,aw0p1875,1025,3373.627,0.147081,0.914377,0.917522,0.911233,16,0.00019347,1,0.056216,0.062525,0.049908,0.945075,0.939730,0.950420,0.965800,0.974890,0.956710,0.014959,0.011304,0.023781,0.042961,0.050000,0,0,4,0,1
cat_face_bass,srd,aw0p1875,1050,3493.088,0.147540,0.913226,0.917577,0.908875,16,0.00001087,1,0.056672,0.062025,0.051318,0.944595,0.940160,0.949030,0.965003,0.974490,0.955517,0.014870,0.011428,0.024385,0.043000,0.050000,0,0,4,0,1
cat_face_bass,srd,aw0p1875,1075,3513.491,0.142944,0.915269,0.919879,0.910659,16,0.00009784,2,0.054637,0.058824,0.050450,0.946474,0.943045,0.949903,0.965296,0.973990,0.956602,0.013953,0.011153,0.024962,0.042227,0.050000,0,0,4,0,1
cat_face_bass,srd,aw0p1875,1100,3634.579,0.145200,0.915585,0.919797,0.911373,16,0.00000392,2,0.057784,0.065226,0.050342,0.943811,0.937584,0.950038,0.968522,0.979792,0.957253,0.015661,0.011227,0.019453,0.041497,0.050000,0,0,4,0,1
cat_face_bass,srd,aw0p1875,1125,3654.867,0.137964,0.919427,0.921375,0.917480,16,0.00010251,1,0.053834,0.062425,0.045242,0.947500,0.940052,0.954948,0.968940,0.978892,0.958989,0.014773,0.010192,0.020267,0.040656,0.050000,0,0,4,0,1
cat_face_bass,srd,aw0p1875,1150,3784.278,0.143873,0.915975,0.918772,0.913178,16,0.00001293,1,0.057508,0.065326,0.049691,0.944075,0.937434,0.950716,0.968673,0.978792,0.958555,0.015531,0.011001,0.020314,0.040657,0.050000,0,0,4,0,1
cat_face_bass,srd,aw0p1875,1175,3804.481,0.136001,0.920007,0.922888,0.917125,16,0.00011853,2,0.052312,0.059924,0.044700,0.948851,0.942276,0.955426,0.968156,0.978191,0.958121,0.014201,0.010199,0.020673,0.040486,0.050000,0,0,4,0,1
cat_face_bass,srd,aw0p1875,1200,3931.276,0.138198,0.918684,0.921246,0.916122,16,0.00000000,2,0.054180,0.063225,0.045134,0.947174,0.939365,0.954983,0.968481,0.979492,0.957470,0.015091,0.009900,0.019571,0.041648,0.050000,0,0,4,0,1
cat_face_bass,srd,aw0p1875,1225,3952.085,0.129081,0.923936,0.925373,0.922499,16,0.00027210,2,0.049583,0.059024,0.040143,0.951518,0.943193,0.959844,0.969762,0.979992,0.959531,0.014057,0.009043,0.019153,0.039048,0.050000,0,0,4,0,1
cat_face_bass,srd,aw0p1875,1250,4083.021,0.132290,0.922604,0.920820,0.924388,16,0.00000242,2,0.050628,0.063826,0.037431,0.950632,0.938830,0.962435,0.969290,0.979592,0.958989,0.015385,0.008430,0.019669,0.039502,0.050000,0,0,4,0,1
cat_face_bass,srd,aw0p1875,1275,4103.711,0.126245,0.924737,0.925523,0.923952,16,0.00019315,2,0.048579,0.057123,0.040035,0.952420,0.944836,0.960004,0.969667,0.978391,0.960942,0.013530,0.008759,0.020072,0.038540,0.050000,0,0,4,0,1
cat_face_bass,srd,aw0p1875,1300,4232.988,0.129504,0.923646,0.924384,0.922908,16,0.00000128,2,0.049879,0.059724,0.040035,0.951248,0.942535,0.959961,0.969724,0.979592,0.959857,0.014088,0.009138,0.019480,0.038912,0.050000,0,0,4,0,1
cat_face_bass,srd,aw0p1875,1325,4253.791,0.121513,0.927840,0.929052,0.926628,16,0.00012680,2,0.046343,0.056122,0.036563,0.954613,0.945896,0.963330,0.970850,0.981192,0.960508,0.013297,0.008142,0.018495,0.038053,0.050000,0,0,4,0,1
cat_face_bass,srd,aw0p1875,1350,4382.460,0.125315,0.926130,0.924311,0.927950,16,0.00000045,1,0.047263,0.060024,0.034501,0.953790,0.942274,0.965307,0.969879,0.979792,0.959965,0.014307,0.007864,0.019299,0.038822,0.050000,0,0,4,0,1
cat_face_bass,srd,aw0p1875,1375,4403.482,0.120195,0.929344,0.927610,0.931078,16,0.00016947,2,0.045813,0.055822,0.035803,0.955140,0.946077,0.964204,0.971903,0.979392,0.964414,0.013287,0.008217,0.019576,0.034732,0.050000,0,0,4,0,1
cat_face_bass,srd,aw0p1875,1400,4536.090,0.123326,0.927946,0.925227,0.930666,16,0.00000166,2,0.047768,0.059624,0.035912,0.953379,0.942670,0.964088,0.972240,0.980392,0.964088,0.014142,0.008307,0.018793,0.035048,0.050000,0,0,4,0,1
cat_face_bass,srd,aw0p1875,1425,4557.145,0.121562,0.928495,0.928531,0.928460,16,0.00011271,2,0.047891,0.055422,0.040360,0.953183,0.946473,0.959892,0.972962,0.979992,0.965933,0.013125,0.009150,0.019097,0.033078,0.050000,0,0,4,0,1
cat_face_bass,srd,aw0p1875,1450,4685.889,0.120374,0.927709,0.929072,0.926346,16,0.00000029,2,0.048934,0.056423,0.041445,0.952224,0.945639,0.958810,0.973116,0.981493,0.964739,0.013307,0.008704,0.017726,0.034299,0.050000,0,0,4,0,1
cat_face_bass,srd,aw0p1875,1475,4706.943,0.119284,0.929143,0.929282,0.929004,16,0.00001250,2,0.047244,0.055322,0.039167,0.953806,0.946601,0.961011,0.973041,0.980692,0.965390,0.013048,0.008672,0.018622,0.033408,0.050000,0,0,4,0,1
cat_face_bass,srd,aw0p1875,1500,4830.390,0.119587,0.929795,0.930488,0.929101,16,0.00000000,2,0.046990,0.054922,0.039058,0.954064,0.947013,0.961115,0.973491,0.981593,0.965390,0.012948,0.008965,0.017800,0.033638,0.050000,0,0,4,0,1
cat_face_bass,srd,aw0p1875,1525,4851.221,0.119152,0.929811,0.933264,0.926357,16,0.00007461,2,0.047697,0.052321,0.043073,0.953373,0.949420,0.957326,0.974175,0.982093,0.966258,0.012360,0.009593,0.017531,0.033006,0.050000,0,0,4,0,1
cat_face_bass,srd,aw0p1875,1550,4971.146,0.117043,0.929974,0.933771,0.926177,15,0.00008169,2,0.046654,0.051321,0.041988,0.954313,0.950320,0.958306,0.973379,0.981693,0.965065,0.012165,0.008953,0.017880,0.034137,0.050000,0,0,5,0,1
cat_face_bass,srd,aw0p1875,1575,4990.693,0.118833,0.929524,0.934159,0.924888,15,0.00010797,2,0.045683,0.049920,0.041445,0.955157,0.951568,0.958747,0.972006,0.980792,0.963220,0.011742,0.009376,0.018379,0.036133,0.050000,0,0,5,0,1
cat_face_bass,srd,aw0p1875,1600,5111.815,0.119126,0.929939,0.935106,0.924771,15,0.00010771,2,0.046989,0.049820,0.044158,0.953986,0.951702,0.956269,0.973650,0.981693,0.965607,0.011790,0.010040,0.017632,0.033494,0.050000,0,0,5,0,1
cat_face_bass,srd,aw0p1875,1625,5131.071,0.116479,0.931333,0.937990,0.924675,15,0.00008771,2,0.045642,0.047019,0.044266,0.955239,0.954311,0.956167,0.973850,0.982093,0.965607,0.011209,0.010050,0.017279,0.033190,0.050000,0,0,5,0,1
cat_face_bass,srd,aw0p1875,1650,5253.788,0.115377,0.931005,0.938276,0.923733,15,0.00008156,2,0.044883,0.047019,0.042747,0.955916,0.954325,0.957506,0.972807,0.982393,0.963220,0.011185,0.009327,0.017408,0.035495,0.050000,0,0,5,0,1
cat_face_bass,srd,aw0p1875,1675,5273.100,0.113223,0.933241,0.937291,0.929191,15,0.00004372,2,0.043480,0.048119,0.038841,0.957312,0.953306,0.961318,0.973837,0.982393,0.965282,0.011373,0.008925,0.017058,0.033990,0.050000,0,0,5,0,1
cat_face_bass,srd,aw0p1875,1700,5388.144,0.113451,0.933075,0.936921,0.929228,15,0.00004609,2,0.043852,0.048319,0.039384,0.956966,0.953111,0.960820,0.974008,0.982193,0.965824,0.011443,0.008996,0.017132,0.033489,0.050000,0,0,5,0,1
cat_face_bass,srd,aw0p1875,1725,5407.731,0.113318,0.933012,0.936558,0.929466,15,0.00005212,2,0.044219,0.048619,0.039818,0.956630,0.952829,0.960431,0.974284,0.982093,0.966475,0.011441,0.009067,0.017396,0.032659,0.050000,0,0,5,0,1
cat_face_bass,srd,aw0p1875,1750,5530.248,0.112446,0.933251,0.937124,0.929377,15,0.00006821,2,0.043518,0.048519,0.038516,0.957285,0.952945,0.961626,0.973883,0.982593,0.965173,0.011425,0.008741,0.016696,0.033938,0.050000,0,0,5,0,1
cat_face_bass,srd,aw0p1875,1775,5549.897,0.112994,0.933748,0.937864,0.929632,15,0.00007969,2,0.042884,0.048119,0.037648,0.957885,0.953333,0.962438,0.973812,0.982993,0.964631,0.011590,0.008584,0.016671,0.034687,0.050000,0,0,5,0,1
cat_face_bass,srd,aw0p1875,1800,5660.878,0.115419,0.931209,0.936322,0.926096,15,0.00007570,2,0.046667,0.051020,0.042313,0.954358,0.950710,0.958006,0.974688,0.984094,0.965282,0.012145,0.008960,0.015714,0.034093,0.050000,0,0,5,0,1
cat_face_bass,srd,aw0p1875,1825,5680.569,0.113796,0.932907,0.936190,0.929623,15,0.00005796,2,0.044739,0.050420,0.039058,0.956182,0.951229,0.961136,0.974663,0.983393,0.965933,0.012004,0.008856,0.015971,0.032874,0.050000,0,0,5,0,1
cat_face_bass,srd,aw0p1875,1850,5791.022,0.110128,0.935636,0.939878,0.931395,14,0.00007839,2,0.042025,0.046619,0.037431,0.958730,0.954753,0.962707,0.974976,0.983693,0.966258,0.011177,0.008660,0.016017,0.033103,0.050000,0,0,6,0,1
cat_face_bass,srd,aw0p1875,1875,5809.589,0.109626,0.935616,0.940844,0.930388,14,0.00013924,1,0.039936,0.043417,0.036454,0.960610,0.957646,0.963573,0.972999,0.981693,0.964305,0.010710,0.008415,0.017722,0.034431,0.050000,0,0,6,0,1
cat_face_bass,srd,aw0p1875,1900,5928.113,0.112866,0.933656,0.940236,0.927076,14,0.00011150,2,0.042981,0.044518,0.041445,0.957738,0.956636,0.958841,0.973796,0.982093,0.965499,0.010828,0.009374,0.017119,0.033876,0.050000,0,0,6,0,1
cat_face_bass,srd,aw0p1875,1925,5946.337,0.111200,0.933870,0.940331,0.927409,14,0.00013537,2,0.042385,0.044518,0.040252,0.958294,0.956640,0.959948,0.973466,0.982193,0.964739,0.010662,0.009059,0.016858,0.034335,0.050000,0,0,6,0,1
cat_face_bass,srd,aw0p1875,1950,6057.130,0.109502,0.935410,0.940186,0.930634,14,0.00012579,2,0.041157,0.045318,0.036997,0.959500,0.955921,0.963079,0.973929,0.982793,0.965065,0.010794,0.008633,0.016176,0.034203,0.050000,0,0,6,0,1
cat_face_bass,srd,aw0p1875,1975,6075.733,0.108405,0.936073,0.942378,0.929768,14,0.00011800,2,0.039990,0.043417,0.036563,0.960581,0.957712,0.963449,0.973528,0.983293,0.963763,0.010570,0.008376,0.016083,0.035323,0.050000,0,0,6,0,1
cat_face_bass,srd,aw0p1875,2000,6187.566,0.109817,0.933368,0.941261,0.925474,14,0.00004101,2,0.042460,0.044018,0.040903,0.958199,0.957128,0.959270,0.973011,0.982693,0.963329,0.010565,0.008671,0.016192,0.035733,0.050000,0,0,6,0,1
cat_face_bass,srd,aw0p1875,2025,6206.035,0.111894,0.933702,0.941690,0.925714,14,0.00004685,2,0.042227,0.043117,0.041337,0.958417,0.957951,0.958882,0.973136,0.982293,0.963980,0.010489,0.009304,0.016748,0.035127,0.050000,0,0,6,0,1
cat_face_bass,srd,aw0p1875,2050,6319.343,0.111848,0.933888,0.941503,0.926273,14,0.00004828,2,0.043399,0.044918,0.041879,0.957373,0.956336,0.958410,0.974429,0.983794,0.965065,0.010809,0.009401,0.015449,0.034131,0.050000,0,0,6,0,1
cat_face_bass,srd,aw0p1875,2075,6337.547,0.112393,0.933628,0.940940,0.926316,14,0.00004093,2,0.043065,0.045118,0.041011,0.957669,0.956133,0.959206,0.973849,0.983393,0.964305,0.010725,0.009383,0.016051,0.034848,0.050000,0,0,6,0,1
cat_face_bass,srd,aw0p1875,2100,6444.150,0.109695,0.933865,0.941847,0.925883,14,0.00006457,2,0.042506,0.044218,0.040794,0.958181,0.956975,0.959386,0.973574,0.983493,0.963654,0.010663,0.008733,0.015729,0.035147,0.050000,0,0,6,0,1
cat_face_bass,srd,aw0p1875,2125,6462.226,0.111047,0.934459,0.941814,0.927104,14,0.00008792,2,0.041989,0.043617,0.040360,0.958672,0.957509,0.959836,0.973708,0.982893,0.964522,0.010573,0.009222,0.015811,0.034822,0.050000,0,0,6,0,1
cat_face_bass,srd,aw0p1875,2150,6564.165,0.109966,0.935140,0.942394,0.927887,14,0.00007865,2,0.042419,0.043717,0.041120,0.958309,0.957445,0.959173,0.974817,0.983593,0.966041,0.010673,0.009204,0.015731,0.032946,0.050000,0,0,6,0,1
cat_face_bass,srd,aw0p1875,2175,6582.282,0.111597,0.934072,0.941921,0.926223,14,0.00007999,2,0.043228,0.043818,0.042639,0.957525,0.957335,0.957715,0.974454,0.983193,0.965716,0.010619,0.009625,0.016012,0.033000,0.050000,0,0,6,0,1
cat_face_bass,srd,aw0p1875,2200,6688.182,0.112870,0.933635,0.940816,0.926454,14,0.00009322,2,0.043791,0.044618,0.042964,0.957001,0.956573,0.957429,0.974526,0.982793,0.966258,0.010820,0.009789,0.016225,0.032622,0.050000,0,0,6,0,1
cat_face_bass,srd,aw0p1875,2225,6706.490,0.112367,0.933612,0.941729,0.925494,14,0.00004407,2,0.043228,0.043818,0.042639,0.957505,0.957327,0.957683,0.973975,0.982993,0.964956,0.010644,0.009721,0.016282,0.033206,0.050000,0,0,6,0,1
cat_face_bass,srd,aw0p1875,2250,6809.766,0.109238,0.935655,0.941509,0.929801,14,0.00007537,2,0.042581,0.045018,0.040143,0.958197,0.956247,0.960146,0.975510,0.983894,0.967126,0.010800,0.008986,0.016078,0.032066,0.050000,0,0,6,0,1
cat_face_bass,srd,aw0p1875,2275,6827.964,0.113313,0.933737,0.940754,0.926720,14,0.00009630,2,0.043766,0.045218,0.042313,0.957034,0.956035,0.958033,0.974613,0.983293,0.965933,0.010946,0.009669,0.016210,0.033229,0.050000,0,0,6,0,1
dance_argument,srd,aw0p1875,1,1.498,1.395513,0.189606,0.208023,0.171190,20,0.00000464,0,0.208794,0.264123,0.153465,0.530794,0.498903,0.562686,0.230214,0.262967,0.197461,0.036086,0.045468,0.730558,0.798535,0.050000,0,0,0,0,0
dance_argument,srd,aw0p1875,25,26.531,1.059686,0.321767,0.388566,0.254967,20,0.00016492,0,0.107511,0.138421,0.076602,0.771742,0.761661,0.781823,0.358425,0.442352,0.274498,0.018585,0.022554,0.550512,0.721327,0.050000,0,0,0,0,0
dance_argument,srd,aw0p1875,50,191.799,0.849541,0.450417,0.530967,0.369866,20,0.00001791,0,0.108263,0.149488,0.067038,0.829032,0.803261,0.854802,0.502501,0.610340,0.394661,0.019766,0.019664,0.384268,0.601071,0.050000,0,0,0,0,0
dance_argument,srd,aw0p1875,75,217.358,0.660667,0.569235,0.656810,0.481660,20,0.00004023,0,0.113109,0.161876,0.064342,0.856744,0.825000,0.888487,0.637891,0.763132,0.512651,0.021450,0.018669,0.232370,0.483452,0.050000,0,0,0,0,0
dance_argument,srd,aw0p1875,100,384.597,0.542383,0.642455,0.700259,0.584651,20,0.00000403,1,0.101624,0.147341,0.055908,0.880994,0.845031,0.916957,0.710387,0.803436,0.617338,0.019639,0.016343,0.191878,0.379566,0.050000,0,0,0,0,0
dance_argument,srd,aw0p1875,125,410.620,0.453741,0.700560,0.710867,0.690253,20,0.00011505,4,0.108862,0.159729,0.057995,0.882063,0.837697,0.926428,0.777349,0.824414,0.730284,0.021139,0.016617,0.170131,0.266990,0.050000,0,0,0,0,0
dance_argument,srd,aw0p1875,150,577.198,0.389465,0.739294,0.738529,0.740060,20,0.00041871,4,0.091804,0.133961,0.049648,0.901012,0.862098,0.939926,0.807132,0.837463,0.776802,0.017574,0.014028,0.158871,0.220310,0.050000,0,0,0,0,0
dance_argument,srd,aw0p1875,175,603.013,0.350311,0.763995,0.755944,0.772046,20,0.00049841,4,0.087810,0.125537,0.050083,0.906622,0.871426,0.941818,0.830777,0.850842,0.810712,0.015595,0.014597,0.145030,0.186482,0.050000,0,0,0,0,0
dance_argument,srd,aw0p1875,200,765.504,0.315842,0.788834,0.768212,0.809457,20,0.00149859,2,0.086197,0.122398,0.049996,0.910068,0.875692,0.944444,0.856083,0.862240,0.849926,0.015909,0.014591,0.133148,0.147226,0.050000,0,0,0,0,0
dance_argument,srd,aw0p1875,225,790.779,0.305563,0.793662,0.771738,0.815586,20,0.00094412,2,0.079737,0.115130,0.044344,0.916259,0.882004,0.950514,0.856170,0.860588,0.851752,0.015030,0.012775,0.135200,0.145630,0.050000,0,0,0,0,0
dance_argument,srd,aw0p1875,250,956.608,0.299811,0.798024,0.781310,0.814738,20,0.00046938,1,0.078042,0.111827,0.044257,0.918252,0.885950,0.950554,0.859739,0.868682,0.850796,0.014919,0.012795,0.127319,0.146368,0.050000,0,0,0,0,0
dance_argument,srd,aw0p1875,275,981.913,0.300472,0.796402,0.779044,0.813760,20,0.00000729,2,0.080015,0.116122,0.043909,0.916518,0.882185,0.950852,0.859500,0.869508,0.849491,0.015490,0.012417,0.126407,0.147633,0.050000,0,0,0,0,0
dance_argument,srd,aw0p1875,300,1144.521,0.302116,0.795575,0.773278,0.817871,20,0.00000742,0,0.079889,0.117608,0.042170,0.916537,0.880215,0.952858,0.858291,0.864222,0.852361,0.015833,0.012124,0.131527,0.144564,0.050000,0,0,0,0,0
dance_argument,srd,aw0p1875,325,1169.541,0.307091,0.791147,0.762930,0.819365,20,0.00001352,0,0.084979,0.127354,0.042605,0.911762,0.871027,0.952496,0.857183,0.860093,0.854274,0.016653,0.012183,0.135955,0.142444,0.050000,0,0,0,0,0
dance_argument,srd,aw0p1875,350,1330.409,0.305473,0.791917,0.762891,0.820943,20,0.00002100,0,0.083232,0.124381,0.042083,0.913237,0.873360,0.953114,0.856635,0.857780,0.855491,0.016164,0.011939,0.138734,0.141288,0.050000,0,0,0,0,0
dance_argument,srd,aw0p1875,375,1355.236,0.305429,0.793344,0.763360,0.823328,20,0.00006777,2,0.080898,0.118930,0.042866,0.915115,0.877780,0.952450,0.856384,0.854146,0.858621,0.015696,0.012309,0.142222,0.138215,0.050000,0,0,0,0,0
dance_argument,srd,aw0p1875,400,1517.230,0.303368,0.795343,0.763644,0.827042,20,0.00019179,2,0.078955,0.116782,0.041127,0.916986,0.879557,0.954414,0.856940,0.852825,0.861056,0.015603,0.011991,0.144174,0.135429,0.050000,0,0,0,0,0
dance_argument,srd,aw0p1875,425,1541.856,0.307329,0.793427,0.760568,0.826286,20,0.00029069,1,0.081107,0.117608,0.044605,0.914659,0.878457,0.950862,0.856579,0.850017,0.863142,0.015770,0.012835,0.146112,0.133579,0.050000,0,0,0,0,0
dance_argument,srd,aw0p1875,450,1702.242,0.306328,0.792695,0.757071,0.828319,20,0.00022306,2,0.082271,0.121242,0.043301,0.913653,0.875021,0.952285,0.856523,0.848860,0.864186,0.016006,0.012313,0.147197,0.132677,0.050000,0,0,0,0,0
dance_argument,srd,aw0p1875,475,1726.592,0.307783,0.791697,0.756123,0.827270,20,0.00016689,5,0.085440,0.126363,0.044518,0.910902,0.870799,0.951005,0.857884,0.851668,0.864099,0.016483,0.012727,0.144778,0.132452,0.050000,0,0,0,0,0
dance_argument,srd,aw0p1875,500,1886.864,0.304621,0.794265,0.760783,0.827747,20,0.00015246,5,0.083728,0.122068,0.045387,0.912528,0.874894,0.950162,0.859483,0.853650,0.865316,0.015894,0.013053,0.142858,0.131333,0.050000,0,0,0,0,0
dance_argument,srd,aw0p1875,525,1911.452,0.300622,0.797376,0.764100,0.830653,20,0.00015482,3,0.082519,0.121738,0.043301,0.914023,0.875633,0.952413,0.861870,0.857119,0.866620,0.016190,0.012473,0.140128,0.129951,0.050000,0,0,0,0,0
dance_argument,srd,aw0p1875,550,2072.595,0.296204,0.799312,0.765180,0.833444,20,0.00015475,3,0.085401,0.126198,0.044605,0.911763,0.872262,0.951264,0.866182,0.861744,0.870620,0.016382,0.012802,0.134599,0.126480,0.050000,0,0,0,0,0
dance_argument,srd,aw0p1875,575,2097.244,0.290375,0.802942,0.772273,0.833611,20,0.00020140,2,0.083558,0.123555,0.043561,0.913834,0.875354,0.952313,0.868808,0.867691,0.869924,0.016266,0.012420,0.128693,0.126793,0.050000,0,0,0,0,0
dance_argument,srd,aw0p1875,600,2259.186,0.293637,0.801499,0.770692,0.832306,20,0.00009490,1,0.082654,0.121573,0.043735,0.914382,0.876696,0.952068,0.866547,0.864387,0.868707,0.016103,0.012613,0.131614,0.128409,0.050000,0,0,0,0,0
dance_argument,srd,aw0p1875,625,2283.838,0.290777,0.802689,0.773852,0.831527,20,0.00010989,1,0.082471,0.121903,0.043040,0.914799,0.876877,0.952722,0.867751,0.868186,0.867316,0.015964,0.012300,0.129162,0.129232,0.050000,0,0,0,0,0
dance_argument,srd,aw0p1875,650,2446.304,0.290340,0.803028,0.771694,0.834362,20,0.00010058,2,0.080628,0.119260,0.041996,0.916298,0.878676,0.953921,0.866565,0.863726,0.869403,0.015531,0.012243,0.132762,0.127639,0.050000,0,0,0,0,0
dance_argument,srd,aw0p1875,675,2470.653,0.287747,0.804453,0.772862,0.836044,20,0.00018545,2,0.079446,0.116287,0.042605,0.917311,0.881222,0.953400,0.867199,0.862735,0.871663,0.015321,0.011969,0.134151,0.125097,0.050000,0,0,0,0,0
dance_argument,srd,aw0p1875,700,2628.937,0.282236,0.808311,0.778058,0.838564,20,0.00039726,2,0.077151,0.112653,0.041649,0.919672,0.884856,0.954489,0.869599,0.865709,0.873489,0.014688,0.012074,0.130932,0.123167,0.050000,0,0,0,0,0
dance_argument,srd,aw0p1875,725,2653.420,0.280282,0.808786,0.776987,0.840585,20,0.00032762,1,0.077594,0.113974,0.041214,0.919335,0.883642,0.955028,0.870386,0.865543,0.875228,0.014716,0.011879,0.131213,0.121096,0.050000,0,0,0,0,0
dance_argument,srd,aw0p1875,750,2815.384,0.277527,0.811166,0.780455,0.841877,20,0.00036534,2,0.075990,0.110505,0.041475,0.920875,0.886917,0.954834,0.871747,0.866700,0.876793,0.014396,0.011729,0.130764,0.120137,0.050000,0,0,0,0,0
dance_argument,srd,aw0p1875,775,2840.206,0.271852,0.815617,0.789418,0.841815,20,0.00030065,2,0.069731,0.098943,0.040518,0.926706,0.897624,0.955787,0.871725,0.867526,0.875924,0.012995,0.011684,0.129860,0.120828,0.050000,0,0,0,0,0
dance_argument,srd,aw0p1875,800,2999.931,0.277404,0.809339,0.777365,0.841312,20,0.00009622,2,0.075512,0.112157,0.038866,0.921296,0.885168,0.957425,0.869282,0.864552,0.874011,0.014472,0.011037,0.131598,0.122681,0.050000,0,0,0,0,0
dance_argument,srd,aw0p1875,825,3024.754,0.273265,0.813486,0.784524,0.842449,20,0.00004700,2,0.074047,0.110010,0.038084,0.923055,0.887841,0.958270,0.872681,0.870829,0.874533,0.014481,0.011163,0.125496,0.122283,0.050000,0,0,0,0,0
dance_argument,srd,aw0p1875,850,3180.922,0.273284,0.811992,0.779539,0.844444,19,0.00004226,1,0.070630,0.104394,0.036866,0.925725,0.891855,0.959596,0.868247,0.860918,0.875576,0.013515,0.010515,0.135487,0.120930,0.050000,0,0,1,0,0
dance_argument,srd,aw0p1875,875,3205.165,0.264580,0.818252,0.790427,0.846077,19,0.00001928,1,0.066688,0.093987,0.039388,0.929547,0.901964,0.957131,0.872060,0.864718,0.879402,0.012170,0.011177,0.130699,0.117137,0.050000,0,0,1,0,0
dance_argument,srd,aw0p1875,900,3361.321,0.263644,0.819664,0.785661,0.853667,19,0.00003349,2,0.074008,0.108193,0.039823,0.923267,0.889470,0.957064,0.879163,0.870664,0.887662,0.014000,0.011575,0.125537,0.109083,0.050000,0,0,1,0,0
dance_argument,srd,aw0p1875,925,3385.846,0.251491,0.827747,0.790547,0.864948,19,0.00001504,1,0.080307,0.118269,0.042344,0.918572,0.882004,0.955140,0.892809,0.884044,0.901574,0.015319,0.012159,0.112221,0.095163,0.050000,0,0,1,0,0
dance_argument,srd,aw0p1875,950,3535.832,0.240234,0.835281,0.797860,0.872701,18,0.00004639,1,0.075794,0.111331,0.040257,0.922993,0.888448,0.957539,0.897260,0.886686,0.907834,0.014473,0.011690,0.109342,0.089181,0.050000,0,0,2,0,0
dance_argument,srd,aw0p1875,975,3559.139,0.237265,0.835799,0.800149,0.871450,18,0.00010358,1,0.075894,0.110836,0.040953,0.922966,0.889128,0.956805,0.897986,0.888834,0.907139,0.013921,0.011746,0.107582,0.089356,0.050000,0,0,2,0,0
dance_argument,srd,aw0p1875,1000,3709.893,0.238688,0.836227,0.799284,0.873170,18,0.00017124,1,0.073086,0.106871,0.039301,0.925355,0.892221,0.958490,0.896095,0.884704,0.907486,0.013981,0.011110,0.112205,0.089738,0.050000,0,0,2,0,0
dance_argument,srd,aw0p1875,1025,3733.064,0.227345,0.843118,0.810848,0.875389,18,0.00024451,1,0.063705,0.093327,0.034084,0.934234,0.904754,0.963714,0.895873,0.886521,0.905226,0.012265,0.009797,0.109965,0.092096,0.050000,0,0,2,0,0
dance_argument,srd,aw0p1875,1050,3882.838,0.231001,0.838776,0.797619,0.879933,18,0.00013698,1,0.070612,0.110010,0.031215,0.928111,0.889479,0.966744,0.896382,0.885365,0.907399,0.014423,0.009018,0.110420,0.089542,0.050000,0,0,2,0,0
dance_argument,srd,aw0p1875,1075,3906.477,0.225582,0.841334,0.800776,0.881891,18,0.00009302,1,0.068391,0.106871,0.029910,0.930259,0.892400,0.968119,0.897312,0.886356,0.908269,0.013650,0.008482,0.110532,0.088826,0.050000,0,0,2,0,0
dance_argument,srd,aw0p1875,1100,4050.962,0.216345,0.848791,0.814473,0.883108,17,0.00007447,1,0.061401,0.093327,0.029476,0.936867,0.905138,0.968597,0.899812,0.890486,0.909138,0.012148,0.008442,0.106824,0.087776,0.050000,0,0,3,0,0
dance_argument,srd,aw0p1875,1125,4072.631,0.222479,0.843298,0.802214,0.884381,17,0.00008971,0,0.066422,0.104063,0.028780,0.932099,0.894860,0.969338,0.897765,0.885695,0.909834,0.013698,0.008069,0.109814,0.087123,0.050000,0,0,3,0,0
dance_argument,srd,aw0p1875,1150,4213.715,0.222417,0.842958,0.799611,0.886304,17,0.00008433,1,0.066191,0.104559,0.027824,0.932255,0.894147,0.970362,0.897091,0.883218,0.910964,0.013481,0.007862,0.113102,0.086016,0.050000,0,0,3,0,0
dance_argument,srd,aw0p1875,1175,4235.618,0.222614,0.842532,0.800478,0.884586,17,0.00004747,1,0.067608,0.106871,0.028345,0.931073,0.892364,0.969781,0.897843,0.886026,0.909660,0.013804,0.007944,0.110303,0.086968,0.050000,0,0,3,0,0
dance_argument,srd,aw0p1875,1200,4374.401,0.221802,0.843174,0.800060,0.886289,17,0.00006470,0,0.068952,0.108688,0.029215,0.929905,0.890843,0.968966,0.899599,0.887017,0.912182,0.013706,0.008363,0.109750,0.084650,0.050000,0,0,3,0,0
dance_argument,srd,aw0p1875,1225,4395.467,0.220390,0.844842,0.803347,0.886337,17,0.00005067,0,0.067517,0.105385,0.029650,0.931224,0.893914,0.968534,0.900312,0.888008,0.912616,0.013638,0.008342,0.108632,0.084274,0.050000,0,0,3,0,0
dance_argument,srd,aw0p1875,1250,4537.202,0.218495,0.846113,0.802127,0.890100,17,0.00004127,1,0.066022,0.102742,0.029302,0.932472,0.895934,0.969009,0.900360,0.884539,0.916181,0.013238,0.008197,0.112387,0.080767,0.050000,0,0,3,0,0
dance_argument,srd,aw0p1875,1275,4558.801,0.215167,0.850035,0.812889,0.887181,17,0.00005988,1,0.058185,0.086720,0.029650,0.939585,0.910608,0.968563,0.898434,0.883383,0.913486,0.011531,0.008413,0.113336,0.083067,0.050000,0,0,3,0,0
dance_argument,srd,aw0p1875,1300,4700.312,0.214248,0.850404,0.814286,0.886523,17,0.00011908,1,0.057963,0.086885,0.029041,0.939877,0.910605,0.969148,0.898652,0.885035,0.912268,0.011578,0.008146,0.111669,0.084554,0.050000,0,0,3,0,0
dance_argument,srd,aw0p1875,1325,4721.680,0.214494,0.849360,0.811192,0.887528,17,0.00012824,1,0.059467,0.089197,0.029737,0.938396,0.908304,0.968488,0.898734,0.883548,0.913921,0.011472,0.008357,0.113212,0.082786,0.050000,0,0,3,0,0
dance_argument,srd,aw0p1875,1350,4857.836,0.220813,0.844852,0.802279,0.887426,17,0.00013467,1,0.066131,0.101916,0.030345,0.932256,0.896633,0.967879,0.899199,0.884044,0.914355,0.013112,0.008435,0.113139,0.082585,0.050000,0,0,3,0,0
dance_argument,srd,aw0p1875,1375,4878.785,0.220192,0.845704,0.804054,0.887354,17,0.00011900,1,0.066048,0.100099,0.031997,0.932289,0.898339,0.966239,0.900143,0.884539,0.915746,0.012738,0.008966,0.112617,0.081412,0.050000,0,0,3,0,0
dance_argument,srd,aw0p1875,1400,5016.394,0.220563,0.845756,0.804560,0.886951,17,0.00013544,1,0.066713,0.101255,0.032171,0.931746,0.897440,0.966052,0.900756,0.886026,0.915486,0.012808,0.009125,0.111614,0.081703,0.050000,0,0,3,0,0
dance_argument,srd,aw0p1875,1425,5037.739,0.216882,0.850285,0.815260,0.885309,17,0.00012348,1,0.057806,0.084572,0.031041,0.939907,0.912702,0.967112,0.898499,0.884209,0.912790,0.011224,0.008959,0.113072,0.084404,0.050000,0,0,3,0,0
dance_argument,srd,aw0p1875,1450,5171.973,0.224188,0.844745,0.808376,0.881114,17,0.00012868,1,0.066405,0.096465,0.036345,0.931785,0.901849,0.961722,0.899747,0.886356,0.913138,0.012525,0.010305,0.110318,0.083324,0.050000,0,0,3,0,0
dance_argument,srd,aw0p1875,1475,5193.053,0.219539,0.849541,0.818389,0.880693,17,0.00009509,1,0.062702,0.086885,0.038518,0.935301,0.911013,0.959588,0.902055,0.889495,0.914616,0.011335,0.010990,0.107751,0.082070,0.050000,0,0,3,0,0
dance_argument,srd,aw0p1875,1500,5326.991,0.225006,0.844824,0.809266,0.880382,17,0.00006423,0,0.068057,0.098117,0.037997,0.930325,0.900569,0.960080,0.901251,0.888669,0.913834,0.012838,0.010733,0.107828,0.083076,0.050000,0,0,3,0,0
dance_argument,srd,aw0p1875,1525,5347.510,0.219673,0.848845,0.819133,0.878557,17,0.00008354,0,0.064197,0.089528,0.038866,0.933993,0.908831,0.959156,0.902586,0.892468,0.912703,0.011541,0.010999,0.105163,0.083709,0.050000,0,0,3,0,0
dance_argument,srd,aw0p1875,1550,5485.334,0.224393,0.845412,0.810392,0.880433,17,0.00018881,1,0.066527,0.096796,0.036258,0.931786,0.901793,0.961778,0.900595,0.888834,0.912355,0.012689,0.010384,0.107908,0.084664,0.050000,0,0,3,0,0
dance_argument,srd,aw0p1875,1575,5506.618,0.227553,0.844401,0.805493,0.883310,17,0.00019440,2,0.065931,0.094648,0.037214,0.932014,0.903062,0.960967,0.898956,0.881731,0.916181,0.012161,0.010965,0.115415,0.081313,0.050000,0,0,3,0,0
dance_argument,srd,aw0p1875,1600,5646.142,0.219843,0.846290,0.804551,0.888028,17,0.00008709,1,0.064457,0.096135,0.032780,0.933599,0.901706,0.965492,0.899517,0.881896,0.917138,0.012301,0.009348,0.114201,0.079662,0.050000,0,0,3,0,0
horse_circle,srd,aw0p1875,1,1.520,1.360789,0.161077,0.164378,0.157777,20,0.00000000,0,0.076893,0.090309,0.063476,0.695235,0.664941,0.725529,0.173507,0.179222,0.167792,0.024694,0.027770,0.806488,0.828889,0.050000,0,0,0,0,0
horse_circle,srd,aw0p1875,25,27.482,1.071617,0.285774,0.300214,0.271334,20,0.00000000,0,0.033771,0.043713,0.023828,0.899286,0.877572,0.921001,0.295568,0.313337,0.277800,0.011811,0.010160,0.672297,0.718728,0.050000,0,0,0,0,0
horse_circle,srd,aw0p1875,50,199.461,0.854989,0.426930,0.427995,0.425866,20,0.00000000,0,0.028861,0.037202,0.020519,0.938796,0.922675,0.954916,0.439261,0.443917,0.434604,0.009861,0.008784,0.542545,0.561333,0.050000,0,0,0,0,0
horse_circle,srd,aw0p1875,75,225.727,0.670144,0.547911,0.534898,0.560923,20,0.00027706,0,0.024665,0.034040,0.015290,0.957939,0.942024,0.973854,0.561303,0.553106,0.569500,0.009194,0.006361,0.432986,0.426947,0.050000,0,0,0,0,0
horse_circle,srd,aw0p1875,100,393.516,0.534395,0.644122,0.644887,0.643356,20,0.00199673,2,0.027589,0.040551,0.014628,0.960548,0.943014,0.978082,0.661902,0.671038,0.652767,0.010883,0.006099,0.315837,0.343737,0.050000,0,0,0,0,0
horse_circle,srd,aw0p1875,125,420.144,0.462617,0.702126,0.687495,0.716757,20,0.00175223,1,0.037629,0.061291,0.013966,0.951826,0.922507,0.981146,0.728199,0.729632,0.726767,0.016620,0.005949,0.259151,0.269842,0.050000,0,0,0,0,0
horse_circle,srd,aw0p1875,150,592.785,0.411464,0.738029,0.712095,0.763963,20,0.00126081,2,0.039691,0.067336,0.012047,0.951637,0.918615,0.984658,0.766606,0.760045,0.773167,0.018245,0.005052,0.229972,0.223632,0.050000,0,0,0,0,0
horse_circle,srd,aw0p1875,175,619.915,0.393894,0.751304,0.717086,0.785523,20,0.00099405,3,0.041839,0.072359,0.011319,0.949974,0.913995,0.985953,0.781693,0.768973,0.794414,0.019650,0.004683,0.221214,0.202401,0.050000,0,0,0,0,0
horse_circle,srd,aw0p1875,200,786.225,0.366739,0.770071,0.730281,0.809861,19,0.00108130,2,0.040803,0.070685,0.010921,0.951965,0.917094,0.986836,0.800303,0.781901,0.818705,0.019413,0.004558,0.209190,0.178052,0.050000,0,0,1,0,0
horse_circle,srd,aw0p1875,225,811.680,0.350703,0.782199,0.735562,0.828837,19,0.00085195,3,0.042490,0.074126,0.010855,0.950718,0.914227,0.987209,0.813960,0.790086,0.837834,0.020223,0.004645,0.201030,0.159084,0.050000,0,0,1,0,0
horse_circle,srd,aw0p1875,250,973.691,0.334657,0.797333,0.737149,0.857517,19,0.00061385,3,0.047327,0.083798,0.010855,0.946350,0.905068,0.987632,0.832873,0.798921,0.866826,0.023124,0.004586,0.192361,0.130244,0.050000,0,0,1,0,0
horse_circle,srd,aw0p1875,275,998.934,0.328078,0.812569,0.720388,0.904749,19,0.00066146,2,0.061511,0.112630,0.010392,0.932777,0.876793,0.988760,0.857838,0.801525,0.914151,0.030908,0.004555,0.189550,0.082404,0.050000,0,0,1,0,0
horse_circle,srd,aw0p1875,300,1162.644,0.320942,0.823559,0.709622,0.937496,19,0.00046993,3,0.069164,0.128069,0.010259,0.925682,0.862079,0.989284,0.873808,0.800502,0.947114,0.035269,0.004324,0.190746,0.049326,0.050000,0,0,1,0,0
horse_circle,srd,aw0p1875,325,1188.134,0.314245,0.829625,0.707484,0.951766,19,0.00028583,4,0.070474,0.130952,0.009995,0.924532,0.859355,0.989710,0.880705,0.800130,0.961279,0.036156,0.004312,0.190128,0.036032,0.050000,0,0,1,0,0
horse_circle,srd,aw0p1875,350,1348.036,0.306415,0.838238,0.701029,0.975446,19,0.00041727,3,0.073393,0.138579,0.008208,0.921894,0.852065,0.991723,0.890815,0.798177,0.983452,0.038375,0.003764,0.192326,0.013776,0.050000,0,0,1,0,0
horse_circle,srd,aw0p1875,375,1372.778,0.307435,0.838770,0.697949,0.979590,19,0.00035968,3,0.075638,0.142671,0.008605,0.919810,0.848254,0.991366,0.892773,0.797526,0.988020,0.039537,0.003791,0.192119,0.009129,0.050000,0,0,1,0,0
horse_circle,srd,aw0p1875,400,1531.520,0.307693,0.839611,0.698643,0.980579,19,0.00042797,2,0.076900,0.144996,0.008803,0.918867,0.846555,0.991179,0.894578,0.799944,0.989211,0.040136,0.003928,0.189950,0.007670,0.050000,0,0,1,0,0
horse_circle,srd,aw0p1875,425,1556.597,0.305379,0.841279,0.701773,0.980784,19,0.00051841,2,0.076434,0.143601,0.009267,0.919476,0.848226,0.990725,0.896211,0.802548,0.989873,0.039830,0.004168,0.186997,0.007631,0.050000,0,0,1,0,0
horse_circle,srd,aw0p1875,450,1716.345,0.305026,0.841754,0.704889,0.978619,19,0.00062948,2,0.077238,0.145275,0.009200,0.919130,0.847491,0.990770,0.897457,0.807292,0.987622,0.040497,0.003900,0.182352,0.009538,0.050000,0,0,1,0,0
horse_circle,srd,aw0p1875,475,1741.362,0.301908,0.844185,0.710219,0.978151,19,0.00083703,2,0.077783,0.146763,0.008803,0.919236,0.847315,0.991158,0.900608,0.814453,0.986762,0.040820,0.003737,0.176068,0.010379,0.050000,0,0,1,0,0
horse_circle,srd,aw0p1875,500,1900.445,0.302851,0.843758,0.710202,0.977314,19,0.00077490,2,0.079077,0.148624,0.009531,0.918159,0.845887,0.990432,0.901192,0.815755,0.986630,0.041421,0.003713,0.174255,0.010505,0.050000,0,0,1,0,0
horse_circle,srd,aw0p1875,525,1924.862,0.299130,0.844222,0.708201,0.980243,19,0.00082208,3,0.076329,0.144252,0.008406,0.920228,0.848889,0.991568,0.899422,0.810361,0.988483,0.040158,0.003356,0.179710,0.008407,0.050000,0,0,1,0,0
horse_circle,srd,aw0p1875,550,2081.687,0.299101,0.847342,0.713269,0.981415,19,0.00066147,4,0.079041,0.150205,0.007877,0.918674,0.845247,0.992100,0.904775,0.820406,0.989145,0.041837,0.003415,0.170858,0.008105,0.050000,0,0,1,0,0
horse_circle,srd,aw0p1875,575,2105.977,0.297440,0.847113,0.713521,0.980705,19,0.00075707,3,0.077604,0.146670,0.008539,0.919713,0.847985,0.991441,0.903626,0.818173,0.989079,0.040884,0.003664,0.172466,0.007820,0.050000,0,0,1,0,0
horse_circle,srd,aw0p1875,600,2260.880,0.300537,0.847059,0.714967,0.979150,19,0.00086578,3,0.079868,0.150205,0.009531,0.918004,0.845558,0.990450,0.905421,0.822359,0.988483,0.041771,0.004120,0.168916,0.008459,0.050000,0,0,1,0,0
horse_circle,srd,aw0p1875,625,2285.089,0.301253,0.847171,0.716536,0.977807,19,0.00100756,3,0.081187,0.151321,0.011054,0.916973,0.845003,0.988943,0.906789,0.824963,0.988615,0.042130,0.004546,0.165698,0.008357,0.050000,0,0,1,0,0
horse_circle,srd,aw0p1875,650,2440.366,0.304299,0.848189,0.719755,0.976623,19,0.00133180,3,0.083780,0.153925,0.013635,0.915030,0.843647,0.986413,0.910241,0.830543,0.989939,0.042843,0.005635,0.160833,0.007579,0.050000,0,0,1,0,0
horse_circle,srd,aw0p1875,675,2464.713,0.302782,0.848531,0.720461,0.976601,19,0.00164970,3,0.082945,0.153181,0.012708,0.915821,0.844329,0.987313,0.909917,0.830822,0.989012,0.042520,0.005429,0.160286,0.008501,0.050000,0,0,1,0,0
horse_circle,srd,aw0p1875,700,2618.495,0.307507,0.848400,0.722231,0.974570,19,0.00129451,3,0.086973,0.158854,0.015091,0.912726,0.840478,0.984974,0.913119,0.836961,0.989277,0.044088,0.006440,0.154204,0.007824,0.050000,0,0,1,0,0
horse_circle,srd,aw0p1875,725,2642.256,0.307862,0.849509,0.725655,0.973362,19,0.00145227,3,0.088359,0.160435,0.016283,0.911886,0.839967,0.983806,0.915643,0.842076,0.989211,0.044732,0.006941,0.148593,0.007677,0.050000,0,0,1,0,0
horse_circle,srd,aw0p1875,750,2795.921,0.320739,0.849399,0.728026,0.970772,19,0.00080982,4,0.098910,0.178757,0.019063,0.904351,0.827608,0.981095,0.923722,0.858166,0.989277,0.049723,0.008272,0.133406,0.007899,0.050000,0,0,1,0,0
horse_circle,srd,aw0p1875,775,2820.324,0.316135,0.857592,0.751513,0.963670,19,0.00038539,5,0.104438,0.183129,0.025748,0.901913,0.829213,0.974613,0.938810,0.889137,0.988483,0.051038,0.011287,0.103323,0.008829,0.050000,0,0,1,0,0
horse_circle,srd,aw0p1875,800,2977.302,0.313399,0.858766,0.753322,0.964210,19,0.00031305,4,0.104583,0.182757,0.026410,0.901902,0.829796,0.974008,0.940336,0.890997,0.989674,0.050963,0.011319,0.100689,0.007913,0.050000,0,0,1,0,0
horse_circle,srd,aw0p1875,825,3001.929,0.313032,0.860551,0.756763,0.964339,19,0.00081732,4,0.106257,0.186105,0.026410,0.901141,0.828270,0.974012,0.943704,0.897600,0.989807,0.051943,0.011310,0.094504,0.007908,0.050000,0,0,1,0,0
horse_circle,srd,aw0p1875,850,3151.019,0.318740,0.860542,0.759439,0.961645,19,0.00108508,4,0.110734,0.194661,0.026807,0.898457,0.823346,0.973569,0.947348,0.907273,0.987424,0.054309,0.011688,0.085937,0.009610,0.050000,0,0,1,0,0
horse_circle,srd,aw0p1875,875,3175.543,0.327774,0.858844,0.757482,0.960206,19,0.00155245,3,0.116123,0.202660,0.029587,0.894482,0.818022,0.970942,0.949804,0.910993,0.988615,0.056311,0.012844,0.082061,0.008894,0.050000,0,0,1,0,0
horse_circle,srd,aw0p1875,900,3329.616,0.338611,0.856444,0.754358,0.958531,19,0.00012704,2,0.122751,0.211217,0.034286,0.889404,0.812236,0.966572,0.952543,0.913690,0.991395,0.058763,0.014732,0.078209,0.006253,0.050000,0,0,1,0,0
horse_circle,srd,aw0p1875,925,3353.676,0.340453,0.855821,0.756473,0.955168,19,0.00005957,1,0.123796,0.214100,0.033492,0.889070,0.810955,0.967185,0.952796,0.918434,0.987159,0.059411,0.014497,0.075058,0.009866,0.050000,0,0,1,0,0
horse_circle,srd,aw0p1875,950,3507.081,0.335636,0.857467,0.758441,0.956494,19,0.00005050,1,0.121780,0.212054,0.031506,0.890808,0.812562,0.969055,0.952950,0.919271,0.986630,0.059282,0.013421,0.074107,0.010469,0.050000,0,0,1,0,0
horse_circle,srd,aw0p1875,975,3531.051,0.337431,0.857170,0.755484,0.958856,19,0.00008198,1,0.124490,0.220982,0.027998,0.889558,0.806735,0.972380,0.954068,0.922433,0.985703,0.061397,0.012089,0.071342,0.011555,0.050000,0,0,1,0,0
horse_circle,srd,aw0p1875,1000,3677.340,0.332661,0.857812,0.754636,0.960987,19,0.00004483,1,0.121706,0.218657,0.024755,0.891694,0.807909,0.975479,0.952210,0.919643,0.984776,0.060718,0.010868,0.073535,0.012816,0.050000,0,0,1,0,0
horse_circle,srd,aw0p1875,1025,3701.802,0.319228,0.861057,0.756641,0.965473,19,0.00004574,1,0.116636,0.211496,0.021777,0.895467,0.812531,0.978402,0.951582,0.916667,0.986497,0.058309,0.009506,0.076052,0.011511,0.050000,0,0,1,0,0
horse_circle,srd,aw0p1875,1050,3857.287,0.309653,0.864779,0.761894,0.967664,19,0.00002724,2,0.112794,0.206194,0.019394,0.898733,0.816747,0.980719,0.952711,0.918992,0.986431,0.057887,0.007853,0.074262,0.010908,0.050000,0,0,1,0,0
horse_circle,srd,aw0p1875,1075,3881.905,0.305809,0.867831,0.764561,0.971100,19,0.00003998,1,0.113206,0.207217,0.019195,0.898815,0.816656,0.980975,0.956366,0.922991,0.989741,0.058033,0.007919,0.070379,0.008236,0.050000,0,0,1,0,0
horse_circle,srd,aw0p1875,1100,4037.845,0.303484,0.868044,0.763677,0.972412,19,0.00001455,1,0.112153,0.207031,0.017276,0.899715,0.816594,0.982836,0.955497,0.921782,0.989211,0.057868,0.007227,0.071412,0.008527,0.050000,0,0,1,0,0
horse_circle,srd,aw0p1875,1125,4062.209,0.298713,0.869916,0.764289,0.975543,19,0.00002759,1,0.111148,0.207403,0.014893,0.900836,0.816491,0.985181,0.956438,0.922805,0.990071,0.057964,0.006170,0.070785,0.007551,0.050000,0,0,1,0,0
horse_circle,srd,aw0p1875,1150,4218.224,0.298989,0.868892,0.763352,0.974431,19,0.00004885,1,0.111640,0.208519,0.014760,0.900466,0.815640,0.985292,0.955670,0.922526,0.988814,0.058159,0.005820,0.070898,0.008628,0.050000,0,0,1,0,0
horse_circle,srd,aw0p1875,1175,4243.057,0.299276,0.869491,0.763318,0.975664,19,0.00007541,1,0.110438,0.206380,0.014496,0.901240,0.816914,0.985566,0.955329,0.920852,0.989807,0.057678,0.006355,0.072353,0.007269,0.050000,0,0,1,0,0
horse_circle,srd,aw0p1875,1200,4401.277,0.296419,0.869478,0.762598,0.976357,19,0.00003873,1,0.110234,0.207031,0.013437,0.901492,0.816382,0.986602,0.954978,0.920480,0.989476,0.057812,0.005353,0.072523,0.007744,0.050000,0,0,1,0,0
horse_circle,srd,aw0p1875,1225,4426.307,0.292971,0.871588,0.763341,0.979835,19,0.00006161,1,0.108544,0.206101,0.010988,0.903058,0.817086,0.989030,0.955633,0.920666,0.990601,0.057443,0.005027,0.072273,0.006824,0.050000,0,0,1,0,0
horse_circle,srd,aw0p1875,1250,4582.912,0.295877,0.870273,0.764942,0.975603,19,0.00004254,1,0.110351,0.206008,0.014694,0.901414,0.817455,0.985374,0.956233,0.922526,0.989939,0.057501,0.006096,0.070312,0.006884,0.050000,0,0,1,0,0
horse_circle,srd,aw0p1875,1275,4607.379,0.288817,0.871698,0.764005,0.979392,19,0.00004830,1,0.106862,0.202009,0.011716,0.904003,0.819691,0.988315,0.954603,0.918341,0.990866,0.056517,0.004564,0.073999,0.006673,0.050000,0,0,1,0,0
horse_circle,srd,aw0p1875,1300,4763.787,0.278001,0.876799,0.767871,0.985727,19,0.00006089,1,0.102973,0.199591,0.006354,0.907772,0.821909,0.993635,0.956561,0.921131,0.991991,0.055573,0.003355,0.071329,0.005591,0.050000,0,0,1,0,0
horse_circle,srd,aw0p1875,1325,4788.194,0.278121,0.875211,0.769991,0.980432,19,0.00006238,1,0.103535,0.195685,0.011385,0.906680,0.824710,0.988649,0.956130,0.920666,0.991594,0.054686,0.004241,0.071416,0.005675,0.050000,0,0,1,0,0
horse_circle,srd,aw0p1875,1350,4945.858,0.268109,0.879613,0.775196,0.984030,19,0.00005037,1,0.097882,0.188616,0.007149,0.911459,0.830080,0.992839,0.956237,0.921410,0.991064,0.052796,0.003466,0.071311,0.005915,0.050000,0,0,1,0,0
horse_circle,srd,aw0p1875,1375,4970.368,0.259995,0.880602,0.780907,0.980296,19,0.00004883,1,0.094985,0.178850,0.011120,0.913115,0.837323,0.988906,0.955885,0.920573,0.991197,0.050171,0.003746,0.072386,0.005925,0.050000,0,0,1,0,0
horse_circle,srd,aw0p1875,1400,5127.357,0.263921,0.879575,0.779049,0.980101,19,0.00004131,1,0.095111,0.179036,0.011186,0.912859,0.836878,0.988839,0.954796,0.918527,0.991064,0.050005,0.004686,0.073571,0.006145,0.050000,0,0,1,0,0
horse_circle,srd,aw0p1875,1425,5151.847,0.258061,0.882069,0.781980,0.982158,19,0.00007570,1,0.093448,0.177827,0.009068,0.914552,0.838172,0.990933,0.956051,0.921038,0.991064,0.049805,0.003759,0.071392,0.006056,0.050000,0,0,1,0,0
horse_circle,srd,aw0p1875,1450,5308.979,0.259100,0.881325,0.781075,0.981575,19,0.00004513,2,0.093972,0.178478,0.009465,0.914066,0.837593,0.990538,0.955673,0.920480,0.990866,0.049888,0.003784,0.071891,0.006474,0.050000,0,0,1,0,0
horse_circle,srd,aw0p1875,1475,5333.554,0.260076,0.881861,0.783294,0.980428,19,0.00005662,1,0.095716,0.180246,0.011186,0.912842,0.836841,0.988843,0.957937,0.924479,0.991395,0.050527,0.004130,0.068622,0.005849,0.050000,0,0,1,0,0
horse_circle,srd,aw0p1875,1500,5486.064,0.259956,0.881896,0.782578,0.981214,18,0.00007224,1,0.095483,0.179781,0.011186,0.912933,0.837015,0.988852,0.957730,0.923270,0.992190,0.050316,0.004236,0.070020,0.004829,0.050000,0,0,2,0,0
horse_circle,srd,aw0p1875,1525,5509.444,0.255572,0.883039,0.784032,0.982046,18,0.00010838,1,0.093326,0.176525,0.010127,0.914632,0.839370,0.989894,0.957212,0.922433,0.991991,0.049446,0.004005,0.069485,0.005032,0.050000,0,0,2,0,0
horse_circle,srd,aw0p1875,1550,5658.835,0.253283,0.883185,0.786071,0.980300,18,0.00006822,1,0.092573,0.173828,0.011319,0.915094,0.841476,0.988712,0.957054,0.922712,0.991395,0.048722,0.003788,0.070324,0.006027,0.050000,0,0,2,0,0
horse_circle,srd,aw0p1875,1575,5682.302,0.255886,0.882408,0.783929,0.980888,18,0.00006675,2,0.093610,0.175967,0.011252,0.914249,0.839715,0.988783,0.956900,0.921875,0.991925,0.049152,0.004155,0.070337,0.005428,0.050000,0,0,2,0,0
horse_circle,srd,aw0p1875,1600,5834.166,0.253705,0.883370,0.783835,0.982904,18,0.00006360,1,0.092130,0.173735,0.010524,0.915336,0.841156,0.989515,0.956632,0.920015,0.993249,0.048572,0.004030,0.072040,0.004423,0.050000,0,0,2,0,0
horse_circle,srd,aw0p1875,1625,5857.902,0.253484,0.883793,0.785907,0.981680,18,0.00007129,3,0.092506,0.173363,0.011649,0.915079,0.841752,0.988406,0.957635,0.922154,0.993116,0.048413,0.004437,0.070338,0.004481,0.050000,0,0,2,0,0
horse_circle,srd,aw0p1875,1650,6007.962,0.249130,0.887531,0.788011,0.987051,18,0.00007793,2,0.090748,0.174479,0.007016,0.917185,0.841380,0.992991,0.959739,0.925502,0.993977,0.048654,0.003724,0.067236,0.003963,0.050000,0,0,2,0,0
horse_circle,srd,aw0p1875,1675,6031.028,0.245697,0.887269,0.788859,0.985680,18,0.00006893,1,0.088999,0.170387,0.007612,0.918299,0.844204,0.992394,0.958226,0.923270,0.993182,0.047661,0.003365,0.069181,0.004406,0.050000,0,0,2,0,0
horse_circle,srd,aw0p1875,1700,6176.995,0.246399,0.886938,0.789126,0.984749,18,0.00005287,2,0.088496,0.170108,0.006884,0.918769,0.844433,0.993105,0.957445,0.923363,0.991528,0.047529,0.003466,0.069264,0.005493,0.050000,0,0,2,0,0
horse_circle,srd,aw0p1875,1725,6200.190,0.250391,0.886395,0.790215,0.982576,18,0.00005390,1,0.089771,0.169085,0.010458,0.917433,0.845290,0.989576,0.958340,0.923828,0.992851,0.047399,0.004894,0.068709,0.004747,0.050000,0,0,2,0,0
horse_circle,srd,aw0p1875,1750,6345.302,0.244980,0.887701,0.790829,0.984573,18,0.00004522,1,0.089284,0.170294,0.008274,0.918164,0.844593,0.991734,0.959111,0.925502,0.992719,0.047701,0.003406,0.067478,0.004691,0.050000,0,0,2,0,0
horse_circle,srd,aw0p1875,1775,6368.582,0.243506,0.888873,0.791169,0.986577,18,0.00004139,1,0.087521,0.169085,0.005957,0.919741,0.845448,0.994033,0.958699,0.924944,0.992454,0.047387,0.003123,0.068355,0.004929,0.050000,0,0,2,0,0
horse_circle,srd,aw0p1875,1800,6515.104,0.244226,0.887781,0.791116,0.984447,18,0.00004374,1,0.088473,0.168341,0.008605,0.918670,0.845931,0.991408,0.958605,0.924293,0.992918,0.047080,0.003549,0.068658,0.005002,0.050000,0,0,2,0,0
horse_circle,srd,aw0p1875,1825,6538.073,0.245604,0.887277,0.791149,0.983404,18,0.00004196,1,0.088797,0.168527,0.009068,0.918379,0.845813,0.990945,0.958401,0.924479,0.992322,0.047082,0.003951,0.068415,0.005032,0.050000,0,0,2,0,0
horse_circle,srd,aw0p1875,1850,6685.662,0.247654,0.886342,0.789654,0.983030,18,0.00004422,1,0.089407,0.168620,0.010193,0.917672,0.845505,0.989840,0.957928,0.922805,0.993050,0.047102,0.004217,0.070111,0.004695,0.050000,0,0,2,0,0
horse_circle,srd,aw0p1875,1875,6708.532,0.245497,0.887499,0.791064,0.983933,18,0.00004511,1,0.089581,0.169829,0.009333,0.917814,0.844939,0.990690,0.959263,0.925409,0.993116,0.047468,0.003760,0.067618,0.004637,0.050000,0,0,2,0,0
horse_circle,srd,aw0p1875,1900,6856.130,0.241636,0.889433,0.791956,0.986910,18,0.00004541,1,0.085840,0.165458,0.006222,0.920881,0.847988,0.993774,0.958021,0.922991,0.993050,0.046419,0.003355,0.069871,0.004703,0.050000,0,0,2,0,0
horse_circle,srd,aw0p1875,1925,6879.158,0.244510,0.887216,0.791013,0.983419,18,0.00004179,1,0.088623,0.167318,0.009929,0.918348,0.846593,0.990102,0.958273,0.923363,0.993182,0.046628,0.004026,0.069591,0.004334,0.050000,0,0,2,0,0
horse_circle,srd,aw0p1875,1950,7027.646,0.245729,0.886960,0.791221,0.982700,18,0.00006502,1,0.087713,0.165365,0.010061,0.918948,0.847930,0.989966,0.957324,0.922061,0.992587,0.046458,0.004256,0.070548,0.004752,0.050000,0,0,2,0,0
horse_circle,srd,aw0p1875,1975,7050.531,0.245503,0.887191,0.791421,0.982962,18,0.00007643,1,0.088271,0.166481,0.010061,0.918593,0.847217,0.989968,0.958014,0.923177,0.992851,0.046600,0.004225,0.069596,0.004785,0.050000,0,0,2,0,0
horse_circle,srd,aw0p1875,2000,7198.479,0.242741,0.888396,0.790598,0.986195,18,0.00006351,1,0.087054,0.167225,0.006884,0.919851,0.846587,0.993115,0.957894,0.922805,0.992984,0.046815,0.003234,0.070227,0.004421,0.050000,0,0,2,0,0
horse_circle,srd,aw0p1875,2025,7221.215,0.243610,0.888905,0.790890,0.986920,18,0.00005898,1,0.087492,0.167969,0.007016,0.919565,0.846141,0.992990,0.958790,0.923735,0.993844,0.046972,0.003566,0.069168,0.004095,0.050000,0,0,2,0,0
horse_circle,srd,aw0p1875,2050,7364.694,0.244326,0.887282,0.791285,0.983280,18,0.00006205,1,0.088484,0.167504,0.009465,0.918534,0.846514,0.990554,0.958207,0.923828,0.992587,0.046957,0.003806,0.068514,0.004559,0.050000,0,0,2,0,0
horse_circle,srd,aw0p1875,2075,7387.497,0.242493,0.889155,0.791716,0.986593,18,0.00005462,1,0.087419,0.167690,0.007149,0.919659,0.846462,0.992857,0.959062,0.924479,0.993646,0.046987,0.003359,0.068649,0.004074,0.050000,0,0,2,0,0
horse_circle,srd,aw0p1875,2100,7534.290,0.241480,0.889182,0.792101,0.986263,18,0.00004863,1,0.087539,0.168062,0.007016,0.919632,0.846278,0.992985,0.959203,0.925223,0.993182,0.046955,0.003254,0.067936,0.004095,0.050000,0,0,2,0,0
horse_circle,srd,aw0p1875,2125,7556.891,0.243044,0.888201,0.790472,0.985930,18,0.00005793,1,0.087081,0.167411,0.006751,0.919843,0.846443,0.993244,0.957696,0.922805,0.992587,0.047007,0.003118,0.070000,0.004669,0.050000,0,0,2,0,0
horse_circle,srd,aw0p1875,2150,7703.829,0.244886,0.887741,0.791099,0.984383,18,0.00005590,1,0.088492,0.168248,0.008737,0.918634,0.845990,0.991278,0.958592,0.924200,0.992984,0.046960,0.003903,0.068486,0.004844,0.050000,0,0,2,0,0
horse_circle,srd,aw0p1875,2175,7726.712,0.243293,0.888552,0.790185,0.986918,18,0.00004798,1,0.088124,0.169364,0.006884,0.919110,0.845100,0.993120,0.958863,0.924014,0.993712,0.047251,0.003325,0.068604,0.004022,0.050000,0,0,2,0,0
horse_circle,srd,aw0p1875,2200,7873.029,0.245344,0.887758,0.790211,0.985305,18,0.00005165,1,0.088778,0.168620,0.008936,0.918344,0.845597,0.991091,0.958783,0.923456,0.994109,0.047126,0.003866,0.069361,0.003929,0.050000,0,0,2,0,0
acm_scf,srd,aw0p1875,1,1.505,1.382257,0.191796,0.151550,0.232042,20,0.00000000,0,0.213029,0.094140,0.331918,0.560016,0.637862,0.482170,0.237439,0.165817,0.309061,0.034581,0.046251,0.829957,0.684338,0.050000,0,0,0,0,0
acm_scf,srd,aw0p1875,25,27.338,1.067465,0.311867,0.229158,0.394575,20,0.00009366,0,0.119223,0.040568,0.197878,0.779751,0.854608,0.704894,0.355554,0.238454,0.472653,0.014628,0.027234,0.757677,0.521328,0.050000,0,0,0,0,0
acm_scf,srd,aw0p1875,50,199.606,0.914315,0.402087,0.283361,0.520814,20,0.00012174,1,0.120071,0.036060,0.204082,0.822538,0.890607,0.754469,0.460340,0.293579,0.627102,0.013139,0.027911,0.701931,0.365827,0.050000,0,0,0,0,0
acm_scf,srd,aw0p1875,75,226.173,0.819707,0.457884,0.320137,0.595631,20,0.00010938,1,0.110231,0.032218,0.188245,0.850535,0.911165,0.789905,0.519103,0.330451,0.707755,0.011863,0.025974,0.665528,0.286225,0.050000,0,0,0,0,0
acm_scf,srd,aw0p1875,100,395.327,0.728349,0.512404,0.362820,0.661987,20,0.00031814,1,0.107700,0.029114,0.186286,0.867967,0.927667,0.808268,0.579345,0.373384,0.785306,0.010311,0.025820,0.623116,0.208961,0.050000,0,0,0,0,0
acm_scf,srd,aw0p1875,125,421.980,0.641605,0.567534,0.409271,0.725798,20,0.00010683,1,0.107746,0.028227,0.187265,0.879309,0.937140,0.821479,0.641269,0.420823,0.861714,0.010381,0.025946,0.575088,0.134059,0.050000,0,0,0,0,0
acm_scf,srd,aw0p1875,150,587.790,0.586801,0.603483,0.461649,0.745317,20,0.00005204,1,0.106619,0.027932,0.185306,0.885512,0.944412,0.826612,0.678986,0.474544,0.883429,0.010290,0.025642,0.522147,0.112032,0.050000,0,0,0,0,0
acm_scf,srd,aw0p1875,175,613.637,0.551367,0.629977,0.505729,0.754226,20,0.00000000,0,0.114781,0.031848,0.197714,0.881456,0.942480,0.820433,0.712591,0.521836,0.903347,0.011494,0.027543,0.474435,0.093366,0.050000,0,0,0,0,0
acm_scf,srd,aw0p1875,200,777.558,0.526421,0.649711,0.548846,0.750576,20,0.00000003,0,0.119200,0.033991,0.204408,0.879536,0.943489,0.815584,0.735751,0.567502,0.904000,0.012564,0.028583,0.428936,0.092503,0.050000,0,0,0,0,0
acm_scf,srd,aw0p1875,225,803.299,0.502806,0.664494,0.570339,0.758649,20,0.00000000,0,0.122259,0.036356,0.208163,0.878489,0.942056,0.814922,0.753823,0.591074,0.916571,0.012842,0.028925,0.404926,0.079968,0.050000,0,0,0,0,0
acm_scf,srd,aw0p1875,250,968.146,0.484195,0.680932,0.597602,0.764262,20,0.00000000,0,0.126181,0.041750,0.210612,0.875864,0.937152,0.814575,0.773888,0.622552,0.925224,0.014536,0.029561,0.373869,0.072404,0.050000,0,0,0,0,0
acm_scf,srd,aw0p1875,275,993.900,0.467214,0.690540,0.614738,0.766341,20,0.00000286,1,0.129611,0.037833,0.221388,0.876368,0.944019,0.808718,0.786998,0.637996,0.936000,0.013373,0.031083,0.358575,0.061885,0.050000,0,0,0,0,0
acm_scf,srd,aw0p1875,300,1161.068,0.465511,0.691469,0.616026,0.766912,20,0.00000000,0,0.127639,0.036503,0.218776,0.878127,0.945922,0.810333,0.786604,0.638513,0.934694,0.013154,0.030690,0.358282,0.063049,0.050000,0,0,0,0,0
acm_scf,srd,aw0p1875,325,1186.752,0.461647,0.693003,0.618072,0.767934,20,0.00000000,0,0.129245,0.038572,0.219918,0.876598,0.943316,0.809880,0.789364,0.641912,0.936816,0.013329,0.030665,0.354243,0.060851,0.050000,0,0,0,0,0
acm_scf,srd,aw0p1875,350,1351.311,0.458360,0.694537,0.623072,0.766003,20,0.00000000,0,0.130661,0.039607,0.221714,0.875420,0.942378,0.808463,0.791793,0.647750,0.935837,0.013634,0.030383,0.348453,0.061890,0.050000,0,0,0,0,0
acm_scf,srd,aw0p1875,375,1376.965,0.449893,0.702066,0.629477,0.774655,20,0.00000000,0,0.129955,0.039829,0.220082,0.876883,0.942641,0.811125,0.799845,0.654548,0.945143,0.013929,0.030798,0.341827,0.052815,0.050000,0,0,0,0,0
acm_scf,srd,aw0p1875,400,1541.071,0.446404,0.704317,0.630336,0.778298,20,0.00000000,0,0.129446,0.038646,0.220245,0.878005,0.944261,0.811750,0.802205,0.654696,0.949714,0.013709,0.030938,0.341767,0.048388,0.050000,0,0,0,0,0
acm_scf,srd,aw0p1875,425,1566.746,0.445999,0.704602,0.629598,0.779607,20,0.00000000,0,0.130325,0.040568,0.220082,0.876894,0.941689,0.812099,0.803161,0.655139,0.951184,0.014021,0.030865,0.341556,0.046752,0.050000,0,0,0,0,0
acm_scf,srd,aw0p1875,450,1732.412,0.446393,0.704751,0.629958,0.779543,20,0.00000000,0,0.132037,0.041380,0.222694,0.875637,0.940665,0.810608,0.804584,0.656026,0.953143,0.014307,0.031254,0.340596,0.044670,0.050000,0,0,0,0,0
acm_scf,srd,aw0p1875,475,1758.595,0.449763,0.703735,0.629249,0.778220,20,0.00000000,0,0.135384,0.041380,0.229388,0.873605,0.940602,0.806607,0.806011,0.655287,0.956735,0.014766,0.032166,0.341298,0.041396,0.050000,0,0,0,0,0
acm_scf,srd,aw0p1875,500,1924.625,0.449070,0.703121,0.628198,0.778043,20,0.00000000,0,0.134853,0.039829,0.229878,0.874416,0.942531,0.806301,0.805058,0.653218,0.956898,0.014481,0.032005,0.343411,0.040687,0.050000,0,0,0,0,0
acm_scf,srd,aw0p1875,525,1950.826,0.442300,0.705824,0.625980,0.785667,20,0.00000000,0,0.133317,0.036429,0.230204,0.877237,0.946835,0.807640,0.807658,0.648784,0.966531,0.013233,0.032297,0.347979,0.031695,0.050000,0,0,0,0,0
acm_scf,srd,aw0p1875,550,2116.272,0.445248,0.704052,0.623118,0.784986,20,0.00000000,0,0.134380,0.035617,0.233143,0.876797,0.947694,0.805899,0.806656,0.645311,0.968000,0.013207,0.032589,0.351763,0.030637,0.050000,0,0,0,0,0
acm_scf,srd,aw0p1875,575,2142.355,0.441053,0.705998,0.621718,0.790278,20,0.00000000,0,0.132458,0.035691,0.229224,0.878283,0.947483,0.809083,0.807668,0.643907,0.971429,0.012923,0.032128,0.352947,0.027525,0.050000,0,0,0,0,0
acm_scf,srd,aw0p1875,600,2307.338,0.441459,0.704147,0.616810,0.791484,20,0.00000000,0,0.129985,0.033030,0.226939,0.880646,0.950717,0.810575,0.804143,0.637183,0.971102,0.012074,0.031911,0.359450,0.027278,0.050000,0,0,0,0,0
acm_scf,srd,aw0p1875,625,2333.071,0.443401,0.702854,0.614862,0.790846,20,0.00000000,0,0.130620,0.034139,0.227102,0.879704,0.949046,0.810361,0.803151,0.635853,0.970449,0.012207,0.031844,0.360897,0.028209,0.050000,0,0,0,0,0
acm_scf,srd,aw0p1875,650,2497.837,0.443838,0.702563,0.613443,0.791683,20,0.00000000,0,0.129190,0.033400,0.224980,0.880824,0.949950,0.811697,0.801864,0.633932,0.969796,0.012324,0.031356,0.362535,0.029166,0.050000,0,0,0,0,0
acm_scf,srd,aw0p1875,675,2523.783,0.438494,0.706061,0.614449,0.797673,20,0.00000000,0,0.126964,0.033030,0.220898,0.882825,0.950537,0.815113,0.804311,0.634745,0.973878,0.012015,0.031072,0.362063,0.025278,0.050000,0,0,0,0,0
acm_scf,srd,aw0p1875,700,2689.944,0.431236,0.708323,0.616246,0.800401,20,0.00000000,0,0.125502,0.029779,0.221224,0.885311,0.955177,0.815445,0.806033,0.634597,0.977469,0.010757,0.031222,0.361830,0.021208,0.050000,0,0,0,0,0
acm_scf,srd,aw0p1875,725,2715.855,0.432222,0.707611,0.616290,0.798932,20,0.00000000,0,0.126281,0.029705,0.222857,0.884772,0.955284,0.814260,0.805788,0.634597,0.976980,0.010702,0.031456,0.361827,0.021646,0.050000,0,0,0,0,0
acm_scf,srd,aw0p1875,750,2876.835,0.431684,0.707395,0.615672,0.799119,19,0.00000000,0,0.126001,0.028818,0.223184,0.885299,0.956483,0.814115,0.805442,0.633415,0.977469,0.010539,0.031296,0.363270,0.021167,0.050000,0,0,1,0,0
acm_scf,srd,aw0p1875,775,2901.363,0.432995,0.706902,0.615329,0.798476,19,0.00000000,0,0.125745,0.030592,0.220898,0.884622,0.953980,0.815265,0.804505,0.634154,0.974857,0.010896,0.030869,0.362538,0.024114,0.050000,0,0,1,0,0
acm_scf,srd,aw0p1875,800,3059.674,0.428698,0.709246,0.617017,0.801475,19,0.00000000,0,0.124423,0.030887,0.217959,0.885581,0.953689,0.817473,0.806119,0.636075,0.976163,0.010876,0.030566,0.360248,0.022078,0.050000,0,0,1,0,0
acm_scf,srd,aw0p1875,825,3084.503,0.430544,0.705777,0.615864,0.795690,19,0.00000000,0,0.129343,0.031257,0.227429,0.882106,0.953094,0.811119,0.805884,0.635114,0.976653,0.010985,0.030861,0.360935,0.021838,0.050000,0,0,1,0,0
acm_scf,srd,aw0p1875,850,3244.252,0.430329,0.709523,0.617653,0.801393,19,0.00000000,0,0.125660,0.032218,0.219102,0.884357,0.951898,0.816817,0.807266,0.637553,0.976980,0.011566,0.030727,0.358599,0.021483,0.050000,0,0,1,0,0
acm_scf,srd,aw0p1875,875,3269.190,0.427303,0.712122,0.623122,0.801123,19,0.00000000,0,0.127217,0.032883,0.221551,0.883396,0.951393,0.815399,0.811112,0.643612,0.978612,0.011659,0.031105,0.352710,0.020611,0.050000,0,0,1,0,0
acm_scf,srd,aw0p1875,900,3429.850,0.426358,0.712414,0.628798,0.796030,19,0.00000000,0,0.129509,0.033548,0.225469,0.881588,0.950914,0.812262,0.812702,0.649893,0.975510,0.011707,0.031611,0.346489,0.022543,0.050000,0,0,1,0,0
acm_scf,srd,aw0p1875,925,3454.624,0.424108,0.714040,0.630534,0.797546,19,0.00000000,0,0.127784,0.031405,0.224163,0.883604,0.953935,0.813273,0.813331,0.650336,0.976327,0.011140,0.031679,0.346620,0.021908,0.050000,0,0,1,0,0
acm_scf,srd,aw0p1875,950,3612.579,0.422396,0.714764,0.632968,0.796560,19,0.00000000,0,0.127622,0.030592,0.224653,0.884010,0.955205,0.812815,0.813921,0.652331,0.975510,0.011265,0.031476,0.344076,0.022454,0.050000,0,0,1,0,0
acm_scf,srd,aw0p1875,975,3637.367,0.423003,0.713849,0.618058,0.809640,19,0.00000000,0,0.118530,0.031183,0.205878,0.889604,0.953355,0.825853,0.806829,0.637331,0.976327,0.011361,0.028806,0.358824,0.022291,0.050000,0,0,1,0,0
acm_scf,srd,aw0p1875,1000,3798.710,0.427499,0.710821,0.610387,0.811254,19,0.00000000,0,0.117817,0.031553,0.204082,0.889730,0.952280,0.827181,0.803231,0.629646,0.976816,0.011392,0.028491,0.366711,0.022243,0.050000,0,0,1,0,0
acm_scf,srd,aw0p1875,1025,3823.533,0.426883,0.711004,0.607355,0.814653,19,0.00000000,0,0.114798,0.030740,0.198857,0.892014,0.953195,0.830833,0.801339,0.626025,0.976653,0.010975,0.027984,0.370714,0.022305,0.050000,0,0,1,0,0
acm_scf,srd,aw0p1875,1050,3979.362,0.426536,0.710502,0.605537,0.815466,19,0.00000000,0,0.113679,0.030296,0.197061,0.892861,0.953688,0.832035,0.800023,0.623882,0.976163,0.010915,0.027659,0.372793,0.021793,0.050000,0,0,1,0,0
acm_scf,srd,aw0p1875,1075,4003.859,0.424126,0.711818,0.608290,0.815345,19,0.00000000,0,0.114206,0.030370,0.198041,0.892609,0.953784,0.831434,0.801790,0.626764,0.976816,0.010896,0.027643,0.369517,0.021857,0.050000,0,0,1,0,0
acm_scf,srd,aw0p1875,1100,4160.946,0.424732,0.713029,0.611884,0.814175,19,0.00000000,0,0.115562,0.030961,0.200163,0.891599,0.953216,0.829982,0.803986,0.630828,0.977143,0.011527,0.027966,0.365598,0.021544,0.050000,0,0,1,0,0
acm_scf,srd,aw0p1875,1125,4185.440,0.424638,0.713809,0.611000,0.816619,19,0.00000000,0,0.114875,0.033178,0.196571,0.891294,0.950067,0.832522,0.804207,0.631272,0.977143,0.011863,0.027690,0.365342,0.021346,0.050000,0,0,1,0,0
acm_scf,srd,aw0p1875,1150,4343.937,0.424288,0.713832,0.614917,0.812746,19,0.00000000,0,0.117398,0.033326,0.201469,0.889567,0.950166,0.828967,0.805950,0.635410,0.976490,0.011943,0.028186,0.361287,0.021836,0.050000,0,0,1,0,0
acm_scf,srd,aw0p1875,1175,4368.204,0.426408,0.712914,0.612428,0.813400,19,0.00000000,0,0.116762,0.032218,0.201306,0.890342,0.951507,0.829177,0.804651,0.632158,0.977143,0.011823,0.028334,0.364782,0.021177,0.050000,0,0,1,0,0
acm_scf,srd,aw0p1875,1200,4526.362,0.424312,0.714032,0.612594,0.815471,19,0.00000000,0,0.115759,0.032661,0.198857,0.890940,0.950905,0.830974,0.805117,0.632602,0.977633,0.011748,0.028004,0.364000,0.021166,0.050000,0,0,1,0,0
acm_scf,srd,aw0p1875,1225,4550.615,0.423544,0.715341,0.617912,0.812771,19,0.00000000,0,0.119450,0.034656,0.204245,0.887967,0.948580,0.827353,0.809051,0.639326,0.978776,0.012493,0.028592,0.356978,0.019996,0.050000,0,0,1,0,0
acm_scf,srd,aw0p1875,1250,4703.660,0.422715,0.716904,0.621206,0.812602,19,0.00000000,0,0.120959,0.037021,0.204898,0.886300,0.945656,0.826944,0.811653,0.644203,0.979102,0.013306,0.028458,0.352573,0.019621,0.050000,0,0,1,0,0
acm_scf,srd,aw0p1875,1275,4727.494,0.426791,0.712573,0.623219,0.801926,19,0.00000000,0,0.129099,0.037464,0.220735,0.880617,0.945231,0.816004,0.812753,0.646568,0.978939,0.013407,0.029800,0.350182,0.020051,0.050000,0,0,1,0,0
acm_scf,srd,aw0p1875,1300,4879.960,0.426332,0.714729,0.623415,0.806043,19,0.00000000,0,0.124030,0.037612,0.210449,0.883812,0.945050,0.822574,0.811268,0.646863,0.975673,0.013546,0.029241,0.349370,0.022455,0.050000,0,0,1,0,0
acm_scf,srd,aw0p1875,1325,4904.081,0.425297,0.716471,0.624537,0.808404,19,0.00000000,0,0.123043,0.037760,0.208327,0.884583,0.944947,0.824218,0.812468,0.648119,0.976816,0.013612,0.029284,0.348573,0.021212,0.050000,0,0,1,0,0
acm_scf,srd,aw0p1875,1350,5056.673,0.426381,0.714999,0.624128,0.805870,19,0.00000000,0,0.125469,0.038203,0.212735,0.882781,0.944325,0.821237,0.812639,0.647972,0.977306,0.013625,0.029686,0.348099,0.021001,0.050000,0,0,1,0,0
acm_scf,srd,aw0p1875,1375,5080.492,0.424161,0.717138,0.629023,0.805253,19,0.00000000,0,0.125002,0.037760,0.212245,0.883361,0.945318,0.821404,0.814469,0.652775,0.976163,0.013699,0.029615,0.343792,0.022167,0.050000,0,0,1,0,0
acm_scf,srd,aw0p1875,1400,5234.780,0.421899,0.719047,0.630241,0.807853,19,0.00000000,0,0.123970,0.037981,0.209959,0.884154,0.945127,0.823182,0.815824,0.654179,0.977469,0.013854,0.029514,0.342084,0.020405,0.050000,0,0,1,0,0
acm_scf,srd,aw0p1875,1425,5258.450,0.422485,0.720252,0.634315,0.806190,19,0.00000000,0,0.123619,0.039237,0.208000,0.883915,0.943821,0.824009,0.816540,0.659203,0.973878,0.014405,0.029254,0.337741,0.024018,0.050000,0,0,1,0,0
acm_scf,srd,aw0p1875,1450,5399.282,0.419001,0.721787,0.634006,0.809569,17,0.00000000,0,0.123988,0.039976,0.208000,0.883725,0.942836,0.824615,0.818655,0.659351,0.977959,0.014257,0.029177,0.337269,0.020788,0.050000,0,0,3,0,0
acm_scf,srd,aw0p1875,1475,5420.828,0.418433,0.721474,0.632424,0.810525,17,0.00000000,0,0.121940,0.040124,0.203755,0.884876,0.942509,0.827243,0.816736,0.657799,0.975673,0.014405,0.028613,0.338107,0.021368,0.050000,0,0,3,0,0
acm_scf,srd,aw0p1875,1500,5560.090,0.419685,0.721806,0.632760,0.810851,17,0.00000000,0,0.120462,0.040272,0.200653,0.885731,0.942346,0.829116,0.815897,0.658243,0.973551,0.014931,0.028112,0.338158,0.022948,0.050000,0,0,3,0,0
acm_scf,srd,aw0p1875,1525,5582.266,0.417363,0.723332,0.628917,0.817747,17,0.00000000,0,0.117086,0.040050,0.194122,0.888237,0.942304,0.834170,0.815297,0.654105,0.976490,0.014680,0.027294,0.342313,0.021222,0.050000,0,0,3,0,0
acm_scf,srd,aw0p1875,1550,5722.906,0.419301,0.721454,0.629967,0.812942,17,0.00000000,0,0.120293,0.039607,0.200980,0.886131,0.942973,0.829289,0.815622,0.654918,0.976327,0.014520,0.028183,0.341773,0.020609,0.050000,0,0,3,0,0
acm_scf,srd,aw0p1875,1575,5744.560,0.417484,0.720453,0.631145,0.809762,17,0.00000000,0,0.123115,0.038720,0.207510,0.884581,0.944232,0.824931,0.816689,0.655583,0.977796,0.014598,0.028019,0.340621,0.019657,0.050000,0,0,3,0,0
acm_scf,srd,aw0p1875,1600,5883.242,0.413298,0.726450,0.635214,0.817686,17,0.00000000,0,0.118192,0.039976,0.196408,0.887870,0.942939,0.832801,0.819447,0.660607,0.978286,0.015130,0.027469,0.335531,0.018953,0.050000,0,0,3,0,0
acm_scf,srd,aw0p1875,1625,5904.854,0.412597,0.727792,0.640060,0.815525,17,0.00000000,0,0.121217,0.041454,0.200980,0.885595,0.941453,0.829737,0.823011,0.666593,0.979429,0.015744,0.027915,0.329618,0.018229,0.050000,0,0,3,0,0
acm_scf,srd,aw0p1875,1650,6040.717,0.412536,0.727898,0.640830,0.814966,17,0.00000000,0,0.121946,0.043893,0.200000,0.884321,0.938426,0.830215,0.823458,0.668957,0.977959,0.015862,0.027988,0.327409,0.019330,0.050000,0,0,3,0,0
acm_scf,srd,aw0p1875,1675,6062.198,0.411080,0.729851,0.643024,0.816678,17,0.00000000,0,0.119606,0.044927,0.194286,0.885609,0.937326,0.833892,0.823630,0.671913,0.975347,0.016211,0.027206,0.324702,0.022301,0.050000,0,0,3,0,0
acm_scf,srd,aw0p1875,1700,6202.582,0.408671,0.732078,0.644415,0.819742,17,0.00000000,0,0.116522,0.043819,0.189224,0.888144,0.938841,0.837447,0.823755,0.672652,0.974857,0.015941,0.026679,0.323608,0.024254,0.050000,0,0,3,0,0
acm_scf,srd,aw0p1875,1725,6224.485,0.406451,0.732355,0.645369,0.819342,17,0.00000000,0,0.117270,0.044336,0.190204,0.887533,0.938278,0.836789,0.824583,0.673982,0.975184,0.015905,0.026530,0.322291,0.023431,0.050000,0,0,3,0,0
acm_scf,srd,aw0p1875,1750,6364.350,0.406952,0.732628,0.645655,0.819600,17,0.00000000,0,0.118059,0.043302,0.192816,0.887432,0.939600,0.835263,0.825623,0.673613,0.977633,0.015784,0.027033,0.322957,0.021431,0.050000,0,0,3,0,0
acm_scf,srd,aw0p1875,1775,6385.856,0.405026,0.733876,0.646127,0.821625,17,0.00000000,0,0.117181,0.044484,0.189878,0.887763,0.938161,0.837365,0.826251,0.674869,0.977633,0.015941,0.026501,0.321736,0.021943,0.050000,0,0,3,0,0
acm_scf,srd,aw0p1875,1800,6524.546,0.405949,0.732930,0.644960,0.820900,17,0.00000000,0,0.117249,0.043967,0.190531,0.887778,0.938704,0.836852,0.825312,0.673317,0.977306,0.016005,0.026619,0.322903,0.021099,0.050000,0,0,3,0,0
acm_scf,srd,aw0p1875,1825,6545.771,0.407142,0.732654,0.646317,0.818992,17,0.00000000,0,0.117443,0.043375,0.191510,0.887755,0.939566,0.835944,0.825094,0.674352,0.975837,0.015846,0.026933,0.322452,0.022411,0.050000,0,0,3,0,0
acm_scf,srd,aw0p1875,1850,6683.561,0.404601,0.734271,0.646801,0.821742,17,0.00000000,0,0.118228,0.043967,0.192490,0.887342,0.938868,0.835817,0.827578,0.675238,0.979918,0.015876,0.026973,0.321442,0.019470,0.050000,0,0,3,0,0
acm_scf,srd,aw0p1875,1875,6704.946,0.408195,0.729562,0.645266,0.813859,17,0.00000000,0,0.123354,0.045075,0.201633,0.883206,0.937346,0.829066,0.826155,0.674352,0.977959,0.016134,0.027268,0.322822,0.020200,0.050000,0,0,3,0,0
acm_scf,srd,aw0p1875,1900,6844.497,0.405959,0.733580,0.645467,0.821693,17,0.00000000,0,0.117769,0.043375,0.192163,0.887747,0.939491,0.836004,0.826528,0.673465,0.979592,0.016043,0.026814,0.322788,0.019990,0.050000,0,0,3,0,0
acm_scf,srd,aw0p1875,1925,6865.647,0.404008,0.734925,0.643267,0.826584,17,0.00000000,0,0.114747,0.044188,0.185306,0.889611,0.938274,0.840947,0.825723,0.671691,0.979755,0.015866,0.026284,0.324887,0.018915,0.050000,0,0,3,0,0
acm_scf,srd,aw0p1875,1950,7002.746,0.403948,0.734919,0.644353,0.825484,17,0.00000000,0,0.116662,0.044262,0.189061,0.888386,0.938279,0.838494,0.827212,0.672874,0.981551,0.015960,0.026529,0.323774,0.018139,0.050000,0,0,3,0,0
acm_scf,srd,aw0p1875,1975,7023.872,0.403977,0.734293,0.643696,0.824890,17,0.00000000,0,0.115185,0.044410,0.185959,0.889155,0.938035,0.840275,0.825284,0.672283,0.978286,0.016198,0.025950,0.324120,0.019651,0.050000,0,0,3,0,0
acm_scf,srd,aw0p1875,2000,7162.486,0.403758,0.735017,0.642857,0.827178,17,0.00000000,0,0.114753,0.044853,0.184653,0.889422,0.937403,0.841441,0.825805,0.671691,0.979918,0.016215,0.025819,0.324829,0.019245,0.050000,0,0,3,0,0
acm_scf,srd,aw0p1875,2025,7183.568,0.406243,0.733747,0.644375,0.823118,17,0.00000000,0,0.116887,0.043080,0.190694,0.888444,0.939767,0.837122,0.826108,0.672135,0.980082,0.016137,0.026690,0.324689,0.018652,0.050000,0,0,3,0,0
acm_scf,srd,aw0p1875,2050,7320.582,0.402618,0.735894,0.644878,0.826910,17,0.00000000,0,0.112072,0.042267,0.181878,0.891967,0.940836,0.843099,0.824720,0.672135,0.977306,0.015955,0.025533,0.324412,0.020968,0.050000,0,0,3,0,0
acm_scf,srd,aw0p1875,2075,7341.540,0.405085,0.734701,0.645200,0.824202,17,0.00000000,0,0.114483,0.043006,0.185959,0.890047,0.939932,0.840163,0.825208,0.672948,0.977469,0.016203,0.026071,0.323784,0.020876,0.050000,0,0,3,0,0
acm_scf,srd,aw0p1875,2100,7479.051,0.404372,0.734505,0.645820,0.823189,17,0.00000000,0,0.113876,0.042119,0.185633,0.890650,0.941104,0.840197,0.824511,0.673022,0.976000,0.015863,0.026039,0.323493,0.022142,0.050000,0,0,3,0,0
acm_scf,srd,aw0p1875,2125,7499.823,0.403146,0.735058,0.643434,0.826681,17,0.00000000,0,0.112199,0.042193,0.182204,0.891833,0.940804,0.842861,0.823945,0.670583,0.977306,0.015892,0.025387,0.326107,0.021131,0.050000,0,0,3,0,0
acm_scf,srd,aw0p1875,2150,7636.192,0.404512,0.734957,0.645015,0.824900,17,0.00000000,0,0.113104,0.042045,0.184163,0.891250,0.941128,0.841373,0.824476,0.672135,0.976816,0.015865,0.025936,0.324740,0.021633,0.050000,0,0,3,0,0
acm_scf,srd,aw0p1875,2175,7656.955,0.404727,0.734799,0.645534,0.824064,17,0.00000000,0,0.114556,0.043154,0.185959,0.889958,0.939775,0.840140,0.825349,0.673391,0.977306,0.016104,0.026113,0.323416,0.021046,0.050000,0,0,3,0,0
acm_scf,srd,aw0p1875,2200,7795.743,0.405170,0.734568,0.645509,0.823627,17,0.00000000,0,0.114438,0.043080,0.185796,0.890017,0.939866,0.840169,0.824985,0.673317,0.976653,0.016157,0.026078,0.323484,0.021502,0.050000,0,0,3,0,0
acm_scf,srd,aw0p1875,2225,7816.568,0.406047,0.734635,0.647930,0.821340,17,0.00000000,0,0.115693,0.042489,0.188898,0.889365,0.940819,0.837910,0.825975,0.675460,0.976490,0.016040,0.026677,0.321441,0.022208,0.050000,0,0,3,0,0
acm_scf,srd,aw0p1875,2250,7950.994,0.405498,0.734058,0.647351,0.820766,17,0.00000000,0,0.115907,0.043080,0.188735,0.888970,0.940027,0.837914,0.825456,0.675238,0.975673,0.016109,0.026385,0.321479,0.022586,0.050000,0,0,3,0,0
acm_scf,srd,aw0p1875,2275,7971.646,0.405101,0.734611,0.649217,0.820005,17,0.00000000,0,0.115699,0.043154,0.188245,0.889090,0.940096,0.838085,0.825800,0.677233,0.974367,0.016133,0.026356,0.319687,0.023849,0.050000,0,0,3,0,0
acm_scf,srd,aw0p1875,2300,8105.348,0.405736,0.733962,0.648584,0.819340,17,0.00000000,0,0.117688,0.043375,0.192000,0.887736,0.939764,0.835708,0.826685,0.676716,0.976653,0.016167,0.026929,0.319711,0.021483,0.050000,0,0,3,0,0
acm_scf,srd,aw0p1875,2325,8126.364,0.406703,0.733790,0.649972,0.817609,17,0.00000000,0,0.118442,0.044558,0.192327,0.886817,0.938413,0.835222,0.826895,0.678933,0.974857,0.016378,0.026992,0.317699,0.023390,0.050000,0,0,3,0,0
acm_scf,srd,aw0p1875,2350,8260.154,0.407198,0.732487,0.648807,0.816167,17,0.00000000,0,0.118837,0.044040,0.193633,0.886574,0.938953,0.834195,0.825793,0.677381,0.974204,0.016269,0.026846,0.319081,0.024065,0.050000,0,0,3,0,0
teapot_droplets,srd,aw0p1875,1,1.545,1.300962,0.187954,0.187986,0.187922,20,0.00005626,0,0.483976,0.108913,0.859039,0.472968,0.656830,0.289107,0.278907,0.208460,0.349354,0.025443,0.050607,0.785660,0.639667,0.050000,0,0,0,0,0
teapot_droplets,srd,aw0p1875,25,27.892,0.903840,0.356671,0.300834,0.412509,20,0.00003247,2,0.309888,0.059876,0.559900,0.688312,0.841901,0.534724,0.481159,0.318847,0.643472,0.013976,0.032624,0.674210,0.349296,0.050000,0,0,0,0,0
teapot_droplets,srd,aw0p1875,50,196.568,0.740486,0.451828,0.426651,0.477006,20,0.00034379,3,0.292654,0.056614,0.528694,0.734063,0.888428,0.579698,0.590001,0.450805,0.729197,0.013006,0.030526,0.542457,0.267200,0.050000,0,0,0,0,0
teapot_droplets,srd,aw0p1875,75,222.653,0.652185,0.511013,0.518837,0.503189,20,0.00011201,1,0.257508,0.053036,0.461980,0.762886,0.911517,0.614256,0.641003,0.546354,0.735653,0.012258,0.026517,0.449113,0.261867,0.050000,0,0,0,0,0
teapot_droplets,srd,aw0p1875,100,387.953,0.563907,0.563522,0.596645,0.530398,20,0.00035806,2,0.237552,0.041461,0.433644,0.787139,0.937450,0.636828,0.690892,0.621383,0.760402,0.009275,0.024902,0.374030,0.236986,0.050000,0,0,0,0,0
teapot_droplets,srd,aw0p1875,125,413.910,0.503971,0.600095,0.644549,0.555641,20,0.00054460,2,0.213228,0.030832,0.395624,0.808914,0.955653,0.662175,0.719944,0.664422,0.775466,0.006824,0.022400,0.330386,0.222507,0.050000,0,0,0,0,0
teapot_droplets,srd,aw0p1875,150,581.190,0.466498,0.626094,0.669188,0.583001,20,0.00038186,3,0.190053,0.029675,0.350430,0.825352,0.958712,0.691992,0.738174,0.689046,0.787303,0.006607,0.019682,0.305393,0.210573,0.050000,0,0,0,0,0
teapot_droplets,srd,aw0p1875,175,607.526,0.434272,0.646465,0.703363,0.589568,20,0.00083666,1,0.195507,0.029464,0.361549,0.825182,0.960899,0.689464,0.763407,0.724087,0.802726,0.006390,0.020496,0.270910,0.196074,0.050000,0,0,0,0,0
teapot_droplets,srd,aw0p1875,200,778.682,0.405845,0.661418,0.741459,0.581377,20,0.00148553,0,0.208139,0.025676,0.390603,0.820793,0.967340,0.674245,0.784481,0.760497,0.808465,0.005389,0.022191,0.233495,0.189142,0.050000,0,0,0,0,0
teapot_droplets,srd,aw0p1875,225,805.338,0.374164,0.682398,0.766615,0.598182,20,0.00059825,0,0.201087,0.021256,0.380918,0.828983,0.973567,0.684398,0.804475,0.782911,0.826040,0.004745,0.021762,0.212601,0.172042,0.050000,0,0,0,0,0
teapot_droplets,srd,aw0p1875,250,979.870,0.360099,0.688938,0.767109,0.610766,20,0.00082692,0,0.204229,0.022519,0.385940,0.829468,0.972092,0.686845,0.815434,0.784384,0.846485,0.004627,0.021996,0.211217,0.152785,0.050000,0,0,0,0,0
teapot_droplets,srd,aw0p1875,275,1006.883,0.348160,0.694117,0.768795,0.619439,20,0.00053661,1,0.208345,0.021783,0.394907,0.829672,0.973019,0.686325,0.824801,0.785541,0.864060,0.004475,0.022527,0.209840,0.135627,0.050000,0,0,0,0,0
teapot_droplets,srd,aw0p1875,300,1170.756,0.340880,0.698949,0.778728,0.619170,19,0.00036783,0,0.210308,0.021046,0.399570,0.829316,0.974214,0.684419,0.830844,0.795117,0.866571,0.004456,0.022818,0.200923,0.133010,0.050000,0,0,1,0,0
teapot_droplets,srd,aw0p1875,325,1195.365,0.331388,0.706114,0.790247,0.621980,19,0.00013034,0,0.198488,0.016416,0.380560,0.836440,0.979972,0.692909,0.830950,0.803220,0.858680,0.003236,0.021655,0.193546,0.139973,0.050000,0,0,1,0,0
teapot_droplets,srd,aw0p1875,350,1355.236,0.331733,0.705445,0.795405,0.615484,19,0.00014852,0,0.203361,0.016837,0.389885,0.833266,0.979607,0.686924,0.832125,0.808797,0.855452,0.003408,0.022039,0.187670,0.143353,0.050000,0,0,1,0,0
teapot_droplets,srd,aw0p1875,375,1379.795,0.335258,0.703047,0.792231,0.613864,19,0.00002847,0,0.207790,0.018520,0.397059,0.830548,0.977562,0.683533,0.832254,0.806903,0.857604,0.003566,0.022713,0.189342,0.142318,0.050000,0,0,1,0,0
teapot_droplets,srd,aw0p1875,400,1539.180,0.319129,0.713513,0.808162,0.618863,19,0.00001912,0,0.201991,0.015890,0.388092,0.834913,0.981013,0.688812,0.840021,0.821004,0.859039,0.003166,0.022001,0.175590,0.139316,0.050000,0,0,1,0,0
teapot_droplets,srd,aw0p1875,425,1563.852,0.316234,0.718689,0.806325,0.631053,19,0.00004106,0,0.190594,0.018205,0.362984,0.840767,0.978307,0.703226,0.840559,0.821004,0.860115,0.003716,0.020699,0.175220,0.139599,0.050000,0,0,1,0,0
teapot_droplets,srd,aw0p1875,450,1724.435,0.313332,0.719765,0.816293,0.623238,19,0.00005112,0,0.195817,0.017889,0.373745,0.837523,0.978924,0.696121,0.843532,0.830896,0.856169,0.003478,0.021153,0.165607,0.143963,0.050000,0,0,1,0,0
teapot_droplets,srd,aw0p1875,475,1749.590,0.308289,0.723798,0.820304,0.627292,19,0.00006388,1,0.194191,0.018941,0.369440,0.838555,0.977841,0.699270,0.847440,0.835841,0.859039,0.003974,0.021083,0.160567,0.139621,0.050000,0,0,1,0,0
teapot_droplets,srd,aw0p1875,500,1908.359,0.309086,0.722152,0.824616,0.619689,19,0.00008089,0,0.202249,0.019994,0.384505,0.833656,0.976781,0.690531,0.849533,0.841103,0.857963,0.004193,0.021768,0.155256,0.141213,0.050000,0,0,1,0,0
teapot_droplets,srd,aw0p1875,525,1932.867,0.307461,0.724128,0.825178,0.623079,19,0.00009790,0,0.199220,0.021467,0.376973,0.834954,0.975164,0.694743,0.850427,0.842892,0.857963,0.004310,0.021660,0.153510,0.140611,0.050000,0,0,1,0,0
teapot_droplets,srd,aw0p1875,550,2092.019,0.306258,0.724505,0.826024,0.622985,19,0.00009477,0,0.199633,0.019783,0.379484,0.835371,0.977054,0.693688,0.850881,0.842366,0.859397,0.004034,0.021715,0.154187,0.139421,0.050000,0,0,1,0,0
teapot_droplets,srd,aw0p1875,575,2116.693,0.311739,0.718398,0.823687,0.613109,19,0.00010366,1,0.214084,0.021783,0.406385,0.827222,0.974771,0.679672,0.851948,0.841629,0.862267,0.004407,0.023336,0.154240,0.136439,0.050000,0,0,1,0,0
teapot_droplets,srd,aw0p1875,600,2270.806,0.309274,0.724356,0.814624,0.634089,19,0.00021221,2,0.191666,0.021783,0.361549,0.839665,0.974498,0.704832,0.847856,0.832369,0.863343,0.004552,0.020737,0.164750,0.135441,0.050000,0,0,1,0,0
teapot_droplets,srd,aw0p1875,625,2294.949,0.304209,0.727928,0.820889,0.634967,19,0.00018557,1,0.189321,0.024624,0.354017,0.839945,0.971557,0.708333,0.850429,0.841103,0.859756,0.005073,0.020305,0.154785,0.137826,0.050000,0,0,1,0,0
teapot_droplets,srd,aw0p1875,650,2456.798,0.299805,0.732289,0.828312,0.636267,19,0.00024465,1,0.191624,0.030306,0.352941,0.837463,0.965706,0.709220,0.857123,0.853415,0.860832,0.006258,0.020269,0.143493,0.136738,0.050000,0,0,1,0,0
teapot_droplets,srd,aw0p1875,675,2481.443,0.298808,0.731578,0.836565,0.626590,19,0.00004674,0,0.208948,0.036620,0.381277,0.826836,0.959483,0.694189,0.866347,0.867200,0.865495,0.007846,0.021754,0.129806,0.132826,0.050000,0,0,1,0,0
teapot_droplets,srd,aw0p1875,700,2637.974,0.292859,0.735843,0.837469,0.634217,19,0.00004320,0,0.200775,0.034621,0.366930,0.832098,0.961579,0.702616,0.866696,0.866463,0.866930,0.007286,0.020955,0.129580,0.131930,0.050000,0,0,1,0,0
teapot_droplets,srd,aw0p1875,725,2662.310,0.288557,0.738172,0.841532,0.634812,19,0.00007204,0,0.199732,0.033253,0.366212,0.833139,0.963166,0.703111,0.868402,0.869515,0.867288,0.007062,0.020633,0.126961,0.131379,0.050000,0,0,1,0,0
teapot_droplets,srd,aw0p1875,750,2815.058,0.287203,0.739526,0.837537,0.641514,19,0.00008796,1,0.192626,0.030517,0.354735,0.837995,0.965850,0.710141,0.866089,0.863096,0.869082,0.006473,0.019927,0.132916,0.130414,0.050000,0,0,1,0,0
teapot_droplets,srd,aw0p1875,775,2838.999,0.285900,0.739149,0.843814,0.634485,19,0.00012450,0,0.200854,0.030832,0.370875,0.833418,0.965767,0.701070,0.869815,0.869831,0.869799,0.006578,0.020825,0.126584,0.129520,0.050000,0,0,1,0,0
teapot_droplets,srd,aw0p1875,800,3002.005,0.284364,0.741890,0.844877,0.638904,19,0.00009334,1,0.196990,0.033147,0.360832,0.835060,0.963415,0.706706,0.871161,0.872882,0.869440,0.006936,0.020503,0.123878,0.129904,0.050000,0,0,1,0,0
teapot_droplets,srd,aw0p1875,825,3026.660,0.289319,0.735319,0.848181,0.622457,19,0.00010380,0,0.211373,0.029991,0.392755,0.827511,0.966810,0.688212,0.870274,0.873619,0.866930,0.006307,0.022263,0.123169,0.131541,0.050000,0,0,1,0,0
teapot_droplets,srd,aw0p1875,850,3186.224,0.284864,0.736963,0.854503,0.619424,19,0.00013089,0,0.218862,0.030622,0.407102,0.824012,0.966397,0.681627,0.876131,0.880669,0.871593,0.006615,0.022906,0.115722,0.127627,0.050000,0,0,1,0,0
teapot_droplets,srd,aw0p1875,875,3210.838,0.283147,0.738069,0.855352,0.620787,19,0.00004633,0,0.218448,0.032306,0.404591,0.823881,0.964705,0.683057,0.877468,0.882984,0.871951,0.006546,0.023006,0.113712,0.127134,0.050000,0,0,1,0,0
teapot_droplets,srd,aw0p1875,900,3370.631,0.284634,0.736700,0.857216,0.616185,19,0.00011893,0,0.220638,0.027360,0.413917,0.823896,0.969869,0.677924,0.875952,0.880669,0.871234,0.005752,0.023606,0.115848,0.128053,0.050000,0,0,1,0,0
teapot_droplets,srd,aw0p1875,925,3395.383,0.289590,0.732490,0.852503,0.612478,19,0.00012852,0,0.219029,0.023782,0.414275,0.824972,0.973474,0.676471,0.869495,0.872777,0.866212,0.005048,0.023528,0.123519,0.131523,0.050000,0,0,1,0,0
teapot_droplets,srd,aw0p1875,950,3552.409,0.289488,0.731850,0.856394,0.607305,19,0.00009647,0,0.224187,0.024413,0.423960,0.821976,0.972926,0.671027,0.871040,0.877302,0.864778,0.004925,0.024050,0.119563,0.133238,0.050000,0,0,1,0,0
teapot_droplets,srd,aw0p1875,975,3576.822,0.289081,0.730413,0.856644,0.604182,19,0.00005298,1,0.232405,0.023992,0.440818,0.818609,0.973377,0.663840,0.873857,0.877197,0.870516,0.004669,0.025131,0.119124,0.128748,0.050000,0,0,1,0,0
teapot_droplets,srd,aw0p1875,1000,3736.293,0.292976,0.728827,0.857802,0.599852,19,0.00005703,0,0.238448,0.025676,0.451220,0.815130,0.971644,0.658616,0.875172,0.879827,0.870516,0.005403,0.025927,0.116838,0.128352,0.050000,0,0,1,0,0
teapot_droplets,srd,aw0p1875,1025,3761.261,0.287023,0.734104,0.853155,0.615053,19,0.00004786,1,0.220409,0.025466,0.415352,0.824352,0.971716,0.676987,0.872699,0.874882,0.870516,0.005065,0.023724,0.122145,0.128225,0.050000,0,0,1,0,0
teapot_droplets,srd,aw0p1875,1050,3920.265,0.283456,0.736767,0.853601,0.619934,19,0.00001443,0,0.217126,0.027149,0.407102,0.825885,0.969965,0.681805,0.874543,0.876776,0.872310,0.005647,0.022987,0.119888,0.126319,0.050000,0,0,1,0,0
teapot_droplets,srd,aw0p1875,1075,3945.126,0.274950,0.742550,0.864410,0.620690,19,0.00002234,0,0.215112,0.025992,0.404232,0.827344,0.971527,0.683160,0.879235,0.886878,0.871593,0.005423,0.022825,0.109077,0.127211,0.050000,0,0,1,0,0
teapot_droplets,srd,aw0p1875,1100,4105.345,0.260799,0.751212,0.885790,0.616633,19,0.00002104,0,0.220523,0.026413,0.414634,0.824792,0.971769,0.677815,0.890748,0.909187,0.872310,0.005555,0.023144,0.087246,0.126724,0.050000,0,0,1,0,0
teapot_droplets,srd,aw0p1875,1125,4130.001,0.255844,0.755156,0.898601,0.611711,19,0.00003633,0,0.228852,0.030517,0.427188,0.819773,0.968097,0.671448,0.899525,0.926023,0.873027,0.006184,0.024423,0.070857,0.125945,0.050000,0,0,1,0,0
teapot_droplets,srd,aw0p1875,1150,4290.761,0.251411,0.757808,0.901686,0.613929,19,0.00001560,0,0.225562,0.029675,0.421449,0.821681,0.969028,0.674335,0.900556,0.928444,0.872669,0.006277,0.023843,0.067640,0.125541,0.050000,0,0,1,0,0
teapot_droplets,srd,aw0p1875,1175,4315.313,0.248043,0.761964,0.901388,0.622540,19,0.00007083,0,0.217174,0.030832,0.403515,0.825980,0.967883,0.684078,0.901462,0.929180,0.873745,0.006127,0.023295,0.066977,0.125132,0.050000,0,0,1,0,0
teapot_droplets,srd,aw0p1875,1200,4476.056,0.249226,0.762533,0.901825,0.623240,19,0.00003648,0,0.216782,0.032200,0.401363,0.825854,0.966565,0.685144,0.902125,0.930864,0.873386,0.006736,0.023193,0.065591,0.125518,0.050000,0,0,1,0,0
teapot_droplets,srd,aw0p1875,1225,4500.505,0.247357,0.763478,0.903140,0.623816,19,0.00004308,0,0.214739,0.028833,0.400646,0.827761,0.969903,0.685618,0.901462,0.929180,0.873745,0.006222,0.022985,0.066993,0.125326,0.050000,0,0,1,0,0
teapot_droplets,srd,aw0p1875,1250,4657.909,0.248461,0.763364,0.901020,0.625707,19,0.00005570,0,0.213259,0.031253,0.395265,0.827904,0.967459,0.688348,0.901104,0.929180,0.873027,0.006631,0.022848,0.066923,0.125484,0.050000,0,0,1,0,0
teapot_droplets,srd,aw0p1875,1275,4682.368,0.244127,0.764828,0.907377,0.622279,19,0.00004398,0,0.213845,0.027044,0.400646,0.828442,0.971799,0.685086,0.901754,0.931916,0.871593,0.005622,0.023031,0.064331,0.126394,0.050000,0,0,1,0,0
teapot_droplets,srd,aw0p1875,1300,4838.514,0.245452,0.762902,0.907155,0.618648,19,0.00003387,0,0.219878,0.027991,0.411765,0.825228,0.970859,0.679598,0.902967,0.932548,0.873386,0.005722,0.023547,0.063862,0.125455,0.050000,0,0,1,0,0
teapot_droplets,srd,aw0p1875,1325,4862.774,0.242645,0.766699,0.910254,0.623144,19,0.00003044,0,0.214656,0.028307,0.401004,0.827947,0.970646,0.685248,0.904524,0.936020,0.873027,0.005840,0.023179,0.060616,0.126087,0.050000,0,0,1,0,0
teapot_droplets,srd,aw0p1875,1350,5021.344,0.242384,0.765621,0.911771,0.619471,19,0.00004449,1,0.219572,0.028096,0.411047,0.825528,0.970899,0.680156,0.905746,0.937388,0.874103,0.005849,0.023655,0.058736,0.124997,0.050000,0,0,1,0,0
teapot_droplets,srd,aw0p1875,1375,5045.800,0.242077,0.765129,0.912335,0.617923,19,0.00002269,0,0.219574,0.026307,0.412841,0.825806,0.972672,0.678940,0.904682,0.936336,0.873027,0.005528,0.023533,0.059779,0.125908,0.050000,0,0,1,0,0
teapot_droplets,srd,aw0p1875,1400,5203.882,0.241556,0.767071,0.910965,0.623177,19,0.00002533,1,0.213983,0.025887,0.402080,0.828947,0.973047,0.684847,0.904146,0.934547,0.873745,0.005455,0.023234,0.061190,0.125743,0.050000,0,0,1,0,0
teapot_droplets,srd,aw0p1875,1425,5228.763,0.246240,0.762251,0.907670,0.616832,19,0.00003489,0,0.220497,0.030306,0.410689,0.823986,0.968610,0.679362,0.902668,0.935178,0.870158,0.006129,0.023320,0.061531,0.127937,0.050000,0,0,1,0,0
teapot_droplets,srd,aw0p1875,1450,5389.731,0.250179,0.760547,0.906974,0.614119,19,0.00003260,1,0.224010,0.030517,0.417504,0.822119,0.968382,0.675856,0.902584,0.934652,0.870516,0.006522,0.023854,0.061645,0.128424,0.050000,0,0,1,0,0
teapot_droplets,srd,aw0p1875,1475,5414.676,0.251710,0.759529,0.906097,0.612960,19,0.00002169,1,0.227310,0.032095,0.422525,0.820206,0.966819,0.673594,0.903565,0.935178,0.871951,0.006948,0.024191,0.061279,0.126884,0.050000,0,0,1,0,0
teapot_droplets,srd,aw0p1875,1500,5571.095,0.258215,0.756316,0.897657,0.614976,19,0.00003324,2,0.227662,0.037462,0.417862,0.818679,0.961330,0.676029,0.901618,0.931285,0.871951,0.008286,0.023784,0.064837,0.127506,0.050000,0,0,1,0,0
teapot_droplets,srd,aw0p1875,1525,5595.829,0.255985,0.758448,0.899159,0.617737,19,0.00003995,2,0.222882,0.038304,0.407461,0.820744,0.960589,0.680899,0.901520,0.933600,0.869440,0.008364,0.023392,0.062202,0.128674,0.050000,0,0,1,0,0
teapot_droplets,srd,aw0p1875,1550,5755.496,0.257590,0.757603,0.899879,0.615326,19,0.00004919,2,0.230946,0.043670,0.418221,0.815794,0.955567,0.676021,0.905923,0.939177,0.872669,0.009543,0.024086,0.056681,0.126449,0.050000,0,0,1,0,0
teapot_droplets,srd,aw0p1875,1575,5780.020,0.265407,0.751318,0.896940,0.605697,19,0.00003027,2,0.236923,0.038409,0.435438,0.813348,0.960395,0.666300,0.900415,0.931390,0.869440,0.008432,0.025077,0.065387,0.129408,0.050000,0,0,1,0,0
teapot_droplets,srd,aw0p1875,1600,5937.896,0.265832,0.752248,0.894083,0.610412,19,0.00002975,2,0.234155,0.042197,0.426112,0.814023,0.956677,0.671369,0.901164,0.931811,0.870516,0.009359,0.024628,0.064116,0.128724,0.050000,0,0,1,0,0
teapot_droplets,srd,aw0p1875,1625,5962.193,0.257953,0.757430,0.898536,0.616323,19,0.00003264,1,0.226496,0.042302,0.410689,0.817983,0.956783,0.679182,0.902993,0.936546,0.869440,0.009111,0.023540,0.059864,0.129012,0.050000,0,0,1,0,0
teapot_droplets,srd,aw0p1875,1650,6121.550,0.250903,0.764273,0.901441,0.627105,19,0.00008501,2,0.214171,0.044197,0.384146,0.824182,0.955152,0.693211,0.904644,0.941282,0.868006,0.009704,0.021563,0.055505,0.130777,0.050000,0,0,1,0,0
teapot_droplets,srd,aw0p1875,1675,6146.427,0.249516,0.765321,0.902932,0.627709,19,0.00009618,2,0.215484,0.040724,0.390244,0.824730,0.958463,0.690997,0.906186,0.939703,0.872669,0.008909,0.022494,0.057383,0.126210,0.050000,0,0,1,0,0
teapot_droplets,srd,aw0p1875,1700,6303.117,0.240610,0.769221,0.906002,0.632441,19,0.00006384,2,0.207126,0.034410,0.379842,0.830659,0.964584,0.696735,0.904923,0.937178,0.872669,0.007032,0.021677,0.059277,0.126180,0.050000,0,0,1,0,0
teapot_droplets,srd,aw0p1875,1725,6327.816,0.236516,0.770844,0.908051,0.633638,19,0.00005645,2,0.202764,0.029991,0.375538,0.833904,0.968931,0.698878,0.903438,0.935284,0.871593,0.005799,0.021177,0.061721,0.127223,0.050000,0,0,1,0,0
teapot_droplets,srd,aw0p1875,1750,6483.759,0.237144,0.770686,0.910243,0.631128,18,0.00002577,2,0.206035,0.029359,0.382712,0.832380,0.969618,0.695143,0.904818,0.936967,0.872669,0.005976,0.021584,0.059905,0.126841,0.050000,0,0,2,0,0
teapot_droplets,srd,aw0p1875,1775,6507.722,0.236948,0.773528,0.908859,0.638198,18,0.00000863,0,0.200641,0.032200,0.369082,0.834923,0.966815,0.703030,0.905935,0.938125,0.873745,0.006875,0.021081,0.058979,0.125396,0.050000,0,0,2,0,0
teapot_droplets,srd,aw0p1875,1800,6660.726,0.236206,0.772261,0.908229,0.636292,18,0.00001581,1,0.200895,0.031990,0.369799,0.834553,0.966996,0.702109,0.904438,0.937283,0.871593,0.006732,0.020414,0.060388,0.127253,0.050000,0,0,2,0,0
teapot_droplets,srd,aw0p1875,1825,6684.628,0.235040,0.771610,0.912051,0.631169,18,0.00008873,2,0.204349,0.027781,0.380918,0.833547,0.971217,0.695876,0.904490,0.937388,0.871593,0.005965,0.021026,0.059797,0.126959,0.050000,0,0,2,0,0
teapot_droplets,srd,aw0p1875,1850,6836.576,0.237536,0.770762,0.910272,0.631252,18,0.00004380,2,0.206332,0.028517,0.384146,0.832526,0.970441,0.694611,0.904988,0.936231,0.873745,0.006043,0.021794,0.060966,0.124835,0.050000,0,0,2,0,0
teapot_droplets,srd,aw0p1875,1875,6860.238,0.234378,0.772354,0.911487,0.633221,18,0.00005155,2,0.202917,0.025992,0.379842,0.834977,0.972958,0.696996,0.904461,0.935178,0.873745,0.005589,0.021255,0.061441,0.125207,0.050000,0,0,2,0,0
teapot_droplets,srd,aw0p1875,1900,7010.751,0.234222,0.774091,0.911152,0.637029,18,0.00006948,2,0.198634,0.025676,0.371593,0.837437,0.973260,0.701613,0.904146,0.934547,0.873745,0.005466,0.021215,0.062366,0.124909,0.050000,0,0,2,0,0
teapot_droplets,srd,aw0p1875,1925,7034.344,0.237638,0.771336,0.911680,0.630992,18,0.00004600,2,0.205595,0.027044,0.384146,0.833226,0.971928,0.694524,0.904861,0.936336,0.873386,0.005783,0.021931,0.061169,0.125431,0.050000,0,0,2,0,0
teapot_droplets,srd,aw0p1875,1950,7184.900,0.237562,0.770973,0.909054,0.632892,18,0.00002327,2,0.204012,0.027465,0.380560,0.834016,0.971435,0.696597,0.903883,0.934021,0.873745,0.005728,0.021801,0.063090,0.124411,0.050000,0,0,2,0,0
teapot_droplets,srd,aw0p1875,1975,7208.288,0.230538,0.777026,0.913464,0.640588,18,0.00001422,0,0.195050,0.023887,0.366212,0.840047,0.975096,0.704999,0.905231,0.935284,0.875179,0.004882,0.021137,0.061280,0.124399,0.050000,0,0,2,0,0
teapot_droplets,srd,aw0p1875,2000,7359.198,0.229878,0.778959,0.914644,0.643273,18,0.00006299,1,0.188816,0.023256,0.354376,0.843306,0.975754,0.710857,0.903574,0.935915,0.871234,0.004901,0.020489,0.061452,0.126607,0.050000,0,0,2,0,0
teapot_droplets,srd,aw0p1875,2025,7383.046,0.232679,0.775359,0.909875,0.640843,18,0.00010334,1,0.193170,0.025150,0.361191,0.840464,0.973745,0.707182,0.902534,0.932758,0.872310,0.004830,0.020849,0.064209,0.126212,0.050000,0,0,2,0,0
teapot_droplets,srd,aw0p1875,2050,7533.053,0.233070,0.774658,0.912905,0.636411,18,0.00005177,2,0.198508,0.025781,0.371234,0.837382,0.973206,0.701557,0.904555,0.936441,0.872669,0.005137,0.021514,0.060069,0.125769,0.050000,0,0,2,0,0
teapot_droplets,srd,aw0p1875,2075,7556.241,0.235761,0.772379,0.914391,0.630367,18,0.00006242,2,0.205904,0.025150,0.386657,0.833593,0.973871,0.693314,0.905746,0.937388,0.874103,0.005432,0.022362,0.058844,0.124669,0.050000,0,0,2,0,0
teapot_droplets,srd,aw0p1875,2100,7705.117,0.235129,0.773685,0.916283,0.631088,18,0.00002381,1,0.206353,0.028202,0.384505,0.832674,0.970936,0.694413,0.907934,0.942124,0.873745,0.006009,0.022333,0.054503,0.125240,0.050000,0,0,2,0,0
teapot_droplets,srd,aw0p1875,2125,7728.308,0.237590,0.770071,0.913535,0.626608,18,0.00000346,1,0.209280,0.024729,0.393831,0.831740,0.974263,0.689216,0.904756,0.936125,0.873386,0.005137,0.022742,0.060283,0.125411,0.050000,0,0,2,0,0
teapot_droplets,srd,aw0p1875,2150,7875.694,0.244295,0.762179,0.913178,0.611181,18,0.00000844,1,0.226857,0.022940,0.430775,0.822998,0.976031,0.669964,0.904294,0.934126,0.874462,0.004821,0.024753,0.062427,0.123659,0.050000,0,0,2,0,0
teapot_droplets,srd,aw0p1875,2175,7898.749,0.242342,0.767793,0.906867,0.628719,18,0.00005074,0,0.204988,0.023677,0.386298,0.834015,0.975130,0.692900,0.899965,0.928338,0.871593,0.004997,0.022186,0.069092,0.126960,0.050000,0,0,2,0,0
teapot_droplets,srd,aw0p1875,2200,8042.571,0.229046,0.781393,0.906991,0.655795,18,0.00001033,0,0.177874,0.025045,0.330703,0.849477,0.973768,0.725186,0.901187,0.929706,0.872669,0.005381,0.018807,0.067978,0.125373,0.050000,0,0,2,0,0
teapot_droplets,srd,aw0p1875,2225,8065.151,0.225238,0.784885,0.904194,0.665576,18,0.00000644,0,0.169299,0.023677,0.314921,0.855220,0.975058,0.735383,0.900391,0.925602,0.875179,0.005042,0.017847,0.071098,0.123826,0.050000,0,0,2,0,0
teapot_droplets,srd,aw0p1875,2250,8208.934,0.225103,0.787444,0.899250,0.675638,18,0.00000003,0,0.158653,0.024624,0.292683,0.861486,0.973971,0.749000,0.897390,0.921393,0.873386,0.005235,0.016553,0.075522,0.125087,0.050000,0,0,2,0,0
teapot_droplets,srd,aw0p1875,2275,8231.369,0.223448,0.787497,0.901214,0.673780,18,0.00000035,0,0.158371,0.022624,0.294118,0.861905,0.976039,0.747770,0.896777,0.921604,0.871951,0.004667,0.016478,0.075800,0.125913,0.050000,0,0,2,0,0
teapot_droplets,srd,aw0p1875,2300,8375.697,0.221459,0.788984,0.899784,0.678183,18,0.00000051,0,0.156068,0.024834,0.287303,0.863085,0.973775,0.752396,0.897579,0.922130,0.873027,0.004841,0.016230,0.073828,0.125477,0.050000,0,0,2,0,0
teapot_droplets,srd,aw0p1875,2325,8398.188,0.218866,0.792047,0.906000,0.678094,18,0.00000105,0,0.155626,0.024308,0.286944,0.863513,0.974475,0.752552,0.900346,0.928023,0.872669,0.004960,0.016007,0.069406,0.126802,0.050000,0,0,2,0,0
teapot_droplets,srd,aw0p1875,2350,8543.388,0.220598,0.790865,0.903427,0.678302,18,0.00001470,0,0.156528,0.028623,0.284433,0.862000,0.970120,0.753880,0.900260,0.929285,0.871234,0.005562,0.015974,0.068512,0.127085,0.050000,0,0,2,0,0
teapot_droplets,srd,aw0p1875,2375,8565.951,0.214874,0.795666,0.910432,0.680899,18,0.00000521,0,0.151867,0.026834,0.276901,0.865273,0.972098,0.758448,0.902152,0.934863,0.869440,0.005506,0.015584,0.062504,0.127430,0.050000,0,0,2,0,0
teapot_droplets,srd,aw0p1875,2400,8710.341,0.212746,0.800003,0.910733,0.689274,18,0.00000000,0,0.144780,0.025571,0.263989,0.870404,0.973352,0.767457,0.902627,0.934021,0.871234,0.005470,0.015063,0.063126,0.126783,0.050000,0,0,2,0,0
teapot_droplets,srd,aw0p1875,2425,8732.636,0.210007,0.798053,0.912398,0.683708,18,0.00001263,0,0.151973,0.027044,0.276901,0.865575,0.971949,0.759201,0.905050,0.937073,0.873027,0.005388,0.015287,0.060306,0.124978,0.050000,0,0,2,0,0
teapot_droplets,srd,aw0p1875,2450,8878.514,0.212189,0.799250,0.912785,0.685714,18,0.00001398,0,0.147963,0.027991,0.267934,0.867731,0.971033,0.764428,0.903888,0.938335,0.869440,0.005613,0.015308,0.059121,0.127921,0.050000,0,0,2,0,0
teapot_droplets,srd,aw0p1875,2475,8901.231,0.212382,0.801118,0.912875,0.689362,18,0.00001018,0,0.146695,0.029043,0.264347,0.868649,0.970010,0.767288,0.905490,0.939388,0.871593,0.006418,0.015104,0.057929,0.126185,0.050000,0,0,2,0,0
teapot_droplets,srd,aw0p1875,2500,9046.461,0.208721,0.802818,0.914289,0.691348,18,0.00000612,0,0.146590,0.028833,0.264347,0.869030,0.970259,0.767801,0.907377,0.940650,0.874103,0.005977,0.014964,0.057351,0.124713,0.050000,0,0,2,0,0
teapot_droplets,srd,aw0p1875,2525,9068.726,0.209075,0.801264,0.914745,0.687783,18,0.00000000,0,0.147616,0.026939,0.268293,0.868451,0.972122,0.764780,0.905849,0.939388,0.872310,0.005671,0.015198,0.057592,0.125361,0.050000,0,0,2,0,0
teapot_droplets,srd,aw0p1875,2550,9215.269,0.233515,0.776494,0.911111,0.641878,18,0.00000000,0,0.193843,0.027570,0.360115,0.839682,0.971394,0.707970,0.904629,0.936231,0.873027,0.005853,0.020827,0.060950,0.125411,0.050000,0,0,2,0,0
teapot_droplets,srd,aw0p1875,2575,9237.628,0.247198,0.771952,0.882425,0.661480,18,0.00000016,0,0.173338,0.032832,0.313845,0.849958,0.965229,0.734688,0.890239,0.911396,0.869082,0.006947,0.018210,0.085758,0.127982,0.050000,0,0,2,0,0
teapot_droplets,srd,aw0p1875,2600,9382.412,0.242813,0.773663,0.886456,0.660870,18,0.00000377,0,0.176650,0.033358,0.319943,0.848256,0.964864,0.731649,0.894168,0.916027,0.872310,0.006831,0.018549,0.080968,0.125407,0.050000,0,0,2,0,0
teapot_droplets,srd,aw0p1875,2625,9404.788,0.241455,0.776401,0.890319,0.662483,18,0.00000001,0,0.172487,0.030411,0.314562,0.851279,0.967914,0.734644,0.894135,0.917395,0.870875,0.006520,0.018349,0.079864,0.127327,0.050000,0,0,2,0,0
teapot_droplets,srd,aw0p1875,2650,9547.272,0.237747,0.777884,0.893284,0.662483,18,0.00000550,0,0.172013,0.029464,0.314562,0.851799,0.968954,0.734644,0.895240,0.919604,0.870875,0.006348,0.018052,0.077743,0.126724,0.050000,0,0,2,0,0
teapot_droplets,srd,aw0p1875,2675,9569.030,0.236419,0.778196,0.894618,0.661773,18,0.00000811,0,0.173871,0.028517,0.319225,0.851095,0.969939,0.732250,0.896579,0.920130,0.873027,0.006025,0.018399,0.077212,0.125253,0.050000,0,0,2,0,0
teapot_droplets,srd,aw0p1875,2700,9714.400,0.236110,0.780754,0.894015,0.667493,18,0.00000719,0,0.165316,0.028623,0.302009,0.855964,0.969815,0.742113,0.894343,0.919604,0.869082,0.006133,0.017562,0.077976,0.127942,0.050000,0,0,2,0,0
teapot_droplets,srd,aw0p1875,2725,9736.600,0.238397,0.774941,0.894086,0.655795,18,0.00001004,0,0.180505,0.030306,0.330703,0.846667,0.968149,0.725186,0.896926,0.921183,0.872669,0.006083,0.019091,0.075850,0.125401,0.050000,0,0,2,0,0
teapot_droplets,srd,aw0p1875,2750,9878.771,0.248443,0.765479,0.895118,0.635841,18,0.00000000,0,0.202719,0.032411,0.373027,0.833375,0.966117,0.700633,0.898578,0.924129,0.873027,0.006895,0.021421,0.073501,0.125141,0.050000,0,0,2,0,0
teapot_droplets,srd,aw0p1875,2775,9900.859,0.257616,0.761224,0.895280,0.627168,18,0.00015028,3,0.197563,0.029991,0.365136,0.834765,0.968501,0.701028,0.889150,0.922130,0.856169,0.006477,0.021089,0.075313,0.140092,0.050000,0,0,2,0,0
teapot_droplets,srd,aw0p1875,2800,10048.245,0.239514,0.780035,0.892668,0.667401,18,0.00037866,2,0.167504,0.033358,0.301650,0.853681,0.965100,0.742262,0.895584,0.922446,0.868723,0.007247,0.017657,0.074215,0.129686,0.050000,0,0,2,0,0
sun_moon,hinge2,aw0p1875,1,1.520,1.329784,0.222936,0.192892,0.252979,20,0.00000000,0,0.178834,0.179559,0.178108,0.592427,0.558917,0.625937,0.262782,0.227528,0.298037,0.040669,0.035893,0.766488,0.696731,0.050000,0,0,0,0,0
sun_moon,hinge2,aw0p1875,25,26.847,0.982763,0.373543,0.361259,0.385827,20,0.00000000,0,0.093335,0.098747,0.087924,0.813798,0.800785,0.826810,0.408341,0.396932,0.419750,0.022046,0.017593,0.596201,0.575542,0.050000,0,0,0,0,0
sun_moon,hinge2,aw0p1875,50,192.341,0.777516,0.506435,0.502329,0.510541,20,0.00000197,0,0.089925,0.113224,0.066627,0.861303,0.831620,0.890987,0.551881,0.559205,0.544557,0.025377,0.013270,0.436023,0.452140,0.050000,0,0,0,0,0
sun_moon,hinge2,aw0p1875,75,218.329,0.645417,0.585250,0.587328,0.583173,20,0.00013235,2,0.078659,0.106634,0.050684,0.891331,0.859060,0.923601,0.631344,0.649957,0.612731,0.023345,0.010030,0.346248,0.383988,0.050000,0,0,0,0,0
sun_moon,hinge2,aw0p1875,100,381.354,0.553078,0.645033,0.625598,0.664469,20,0.00215374,3,0.077128,0.107498,0.046758,0.901347,0.865686,0.937009,0.694193,0.692848,0.695538,0.023435,0.009105,0.302298,0.300442,0.050000,0,0,0,0,0
sun_moon,hinge2,aw0p1875,125,407.142,0.488613,0.692765,0.625471,0.760059,20,0.00184977,1,0.082854,0.118950,0.046758,0.899611,0.854730,0.944492,0.747734,0.699870,0.795598,0.026237,0.009175,0.295758,0.201234,0.050000,0,0,0,0,0
sun_moon,hinge2,aw0p1875,150,571.252,0.446028,0.724379,0.624749,0.824010,20,0.00090761,2,0.088716,0.128889,0.048543,0.896146,0.845486,0.946806,0.784641,0.705272,0.864010,0.028547,0.009447,0.290792,0.133419,0.050000,0,0,0,0,0
sun_moon,hinge2,aw0p1875,175,596.913,0.424693,0.748085,0.613528,0.882642,20,0.00119139,2,0.097992,0.154818,0.041166,0.888899,0.820673,0.957125,0.813745,0.708513,0.918977,0.034931,0.008113,0.287712,0.079263,0.050000,0,0,0,0,0
sun_moon,hinge2,aw0p1875,200,760.023,0.402665,0.761075,0.619276,0.902874,20,0.00111008,3,0.098169,0.148984,0.047353,0.889590,0.826868,0.952312,0.828583,0.711538,0.945628,0.033455,0.009309,0.284875,0.052667,0.050000,0,0,0,0,0
sun_moon,hinge2,aw0p1875,225,785.207,0.394187,0.765898,0.622561,0.909235,20,0.00067777,3,0.098835,0.146392,0.051279,0.889440,0.829795,0.949084,0.834779,0.713699,0.955860,0.032854,0.010046,0.282611,0.042704,0.050000,0,0,0,0,0
sun_moon,hinge2,aw0p1875,250,944.586,0.381205,0.774048,0.636072,0.912024,20,0.00034984,6,0.098057,0.145311,0.050803,0.891681,0.833704,0.949658,0.843429,0.728500,0.958358,0.032685,0.009974,0.267945,0.040707,0.050000,0,0,0,0,0
sun_moon,hinge2,aw0p1875,275,969.486,0.359937,0.785833,0.652541,0.919124,20,0.00028979,3,0.094242,0.139585,0.048899,0.896842,0.841957,0.951727,0.853847,0.743626,0.964069,0.031344,0.009625,0.252443,0.035352,0.050000,0,0,0,0,0
sun_moon,hinge2,aw0p1875,300,1127.620,0.329239,0.803767,0.674208,0.933326,19,0.00023271,2,0.085177,0.131806,0.038548,0.907231,0.852710,0.961752,0.866188,0.763073,0.969304,0.029898,0.007551,0.233311,0.030101,0.050000,0,0,1,0,0
sun_moon,hinge2,aw0p1875,325,1152.175,0.314598,0.812859,0.683819,0.941898,19,0.00035289,1,0.080855,0.133751,0.027960,0.912399,0.852864,0.971934,0.871757,0.775281,0.968233,0.030356,0.005340,0.221668,0.030374,0.050000,0,0,1,0,0
sun_moon,hinge2,aw0p1875,350,1310.454,0.299178,0.822313,0.695727,0.948900,19,0.00051279,2,0.077400,0.132671,0.022130,0.916797,0.855902,0.977692,0.878964,0.788029,0.969899,0.030101,0.004356,0.208826,0.027963,0.050000,0,0,1,0,0
sun_moon,hinge2,aw0p1875,375,1335.245,0.280428,0.834259,0.715117,0.953402,19,0.00061491,2,0.077038,0.132779,0.021297,0.918884,0.859173,0.978596,0.891888,0.810069,0.973706,0.030203,0.003960,0.186863,0.025006,0.050000,0,0,1,0,0
sun_moon,hinge2,aw0p1875,400,1495.070,0.269834,0.841058,0.724300,0.957817,19,0.00069910,1,0.073979,0.129754,0.018203,0.922405,0.863134,0.981677,0.896766,0.818280,0.975253,0.029588,0.003630,0.178858,0.023058,0.050000,0,0,1,0,0
sun_moon,hinge2,aw0p1875,425,1519.861,0.267725,0.841646,0.726299,0.956994,19,0.00035537,1,0.073703,0.129322,0.018084,0.922792,0.863807,0.981777,0.897263,0.820225,0.974301,0.029444,0.003360,0.176916,0.024577,0.050000,0,0,1,0,0
sun_moon,hinge2,aw0p1875,450,1677.723,0.262341,0.844639,0.729001,0.960277,19,0.00025627,0,0.070390,0.125432,0.015348,0.925946,0.867390,0.984503,0.897728,0.820441,0.975015,0.028594,0.003092,0.176904,0.023067,0.050000,0,0,1,0,0
sun_moon,hinge2,aw0p1875,475,1702.457,0.259865,0.846126,0.730537,0.961715,19,0.00021608,0,0.069260,0.125432,0.013087,0.927189,0.867632,0.986745,0.898235,0.822169,0.974301,0.028605,0.002619,0.175169,0.023822,0.050000,0,0,1,0,0
sun_moon,hinge2,aw0p1875,500,1854.512,0.258252,0.846955,0.732551,0.961358,18,0.00023278,0,0.068390,0.123812,0.012968,0.928063,0.869268,0.986858,0.898537,0.823250,0.973825,0.028369,0.002439,0.173848,0.025076,0.050000,0,0,2,0,0
sun_moon,hinge2,aw0p1875,525,1878.136,0.254745,0.849130,0.735384,0.962876,18,0.00016629,1,0.070000,0.127269,0.012731,0.927010,0.866908,0.987113,0.902055,0.828976,0.975134,0.028920,0.002395,0.168770,0.022583,0.050000,0,0,2,0,0
sun_moon,hinge2,aw0p1875,550,2030.774,0.248737,0.850589,0.746563,0.954615,18,0.00014636,0,0.063965,0.116033,0.011898,0.932797,0.877760,0.987833,0.899581,0.833189,0.965973,0.026453,0.002211,0.164198,0.032861,0.050000,0,0,2,0,0
sun_moon,hinge2,aw0p1875,575,2054.679,0.238348,0.854345,0.757445,0.951245,18,0.00070142,1,0.055352,0.102852,0.007852,0.941125,0.890373,0.991876,0.897033,0.835350,0.958715,0.023397,0.001619,0.161729,0.039616,0.050000,0,0,2,0,0
sun_moon,hinge2,aw0p1875,600,2207.738,0.235043,0.856206,0.761770,0.950642,18,0.00100082,0,0.056909,0.103825,0.009994,0.939897,0.890096,0.989698,0.900501,0.840860,0.960143,0.023509,0.001683,0.156906,0.038553,0.050000,0,0,2,0,0
sun_moon,hinge2,aw0p1875,625,2231.584,0.226626,0.862335,0.767624,0.957045,18,0.00116815,1,0.055045,0.101880,0.008209,0.942031,0.892499,0.991564,0.905366,0.845830,0.964902,0.023117,0.001702,0.151879,0.033557,0.050000,0,0,2,0,0
sun_moon,hinge2,aw0p1875,650,2384.647,0.224284,0.863470,0.767766,0.959174,18,0.00167628,2,0.054510,0.100691,0.008328,0.942498,0.893534,0.991462,0.906118,0.845073,0.967162,0.022845,0.001488,0.152931,0.031306,0.050000,0,0,2,0,0
sun_moon,hinge2,aw0p1875,675,2408.619,0.225162,0.864101,0.765369,0.962832,18,0.00165323,3,0.055104,0.101880,0.008328,0.941855,0.892216,0.991495,0.907098,0.843345,0.970851,0.023267,0.001690,0.154752,0.027409,0.050000,0,0,2,0,0
sun_moon,hinge2,aw0p1875,700,2562.368,0.226554,0.861925,0.765266,0.958583,18,0.00139682,3,0.055830,0.100475,0.011184,0.941002,0.893410,0.988594,0.905730,0.842156,0.969304,0.022685,0.002191,0.155547,0.029259,0.050000,0,0,2,0,0
sun_moon,hinge2,aw0p1875,725,2585.963,0.223506,0.863208,0.764683,0.961733,18,0.00070460,0,0.054338,0.098207,0.010470,0.942321,0.895301,0.989341,0.905791,0.839780,0.971802,0.022208,0.002124,0.157675,0.026425,0.050000,0,0,2,0,0
sun_moon,hinge2,aw0p1875,750,2737.275,0.218967,0.865286,0.766824,0.963748,18,0.00043179,0,0.054463,0.098099,0.010827,0.942332,0.895656,0.989008,0.908115,0.842048,0.974182,0.022196,0.001981,0.154983,0.023824,0.050000,0,0,2,0,0
sun_moon,hinge2,aw0p1875,775,2760.774,0.216512,0.866241,0.768465,0.964017,18,0.00033381,0,0.053696,0.095614,0.011779,0.943043,0.898018,0.988068,0.908656,0.841940,0.975372,0.021412,0.002168,0.155403,0.023230,0.050000,0,0,2,0,0
sun_moon,hinge2,aw0p1875,800,2906.383,0.216924,0.866903,0.771857,0.961950,17,0.00037124,1,0.053972,0.094857,0.013087,0.942915,0.899080,0.986749,0.909806,0.845073,0.974539,0.021492,0.002644,0.152139,0.024069,0.050000,0,0,3,0,0
sun_moon,hinge2,aw0p1875,825,2928.783,0.215553,0.866157,0.771536,0.960777,17,0.00040282,2,0.051243,0.092373,0.010113,0.945456,0.901225,0.989687,0.906649,0.842805,0.970494,0.020836,0.001740,0.154989,0.027576,0.050000,0,0,3,0,0
sun_moon,hinge2,aw0p1875,850,3073.427,0.219716,0.864544,0.767242,0.961846,17,0.00032120,0,0.052658,0.094965,0.010351,0.943951,0.898440,0.989461,0.905953,0.840104,0.971802,0.021279,0.002129,0.157449,0.026624,0.050000,0,0,3,0,0
sun_moon,hinge2,aw0p1875,875,3095.918,0.219282,0.862652,0.769444,0.955860,17,0.00057547,1,0.049259,0.090428,0.008090,0.947191,0.902708,0.991674,0.901308,0.839023,0.963593,0.020307,0.001341,0.158665,0.033931,0.050000,0,0,3,0,0
sun_moon,hinge2,aw0p1875,900,3238.203,0.213458,0.866288,0.774798,0.957778,17,0.00099970,1,0.046267,0.083729,0.008804,0.950148,0.909325,0.990970,0.902941,0.839672,0.966211,0.019017,0.001517,0.158489,0.031431,0.050000,0,0,3,0,0
sun_moon,hinge2,aw0p1875,925,3260.266,0.213000,0.866916,0.769292,0.964539,17,0.00066000,0,0.044380,0.082217,0.006544,0.951713,0.910122,0.993305,0.901696,0.832541,0.970851,0.018599,0.001400,0.165346,0.027117,0.050000,0,0,3,0,0
sun_moon,hinge2,aw0p1875,950,3400.029,0.213828,0.866699,0.769246,0.964151,17,0.00090672,0,0.046867,0.084810,0.008923,0.949327,0.907745,0.990910,0.903620,0.834486,0.972754,0.019049,0.001830,0.163040,0.025656,0.050000,0,0,3,0,0
sun_moon,hinge2,aw0p1875,975,3421.735,0.215744,0.865246,0.767927,0.962565,17,0.00093351,0,0.045396,0.083297,0.007496,0.950657,0.908984,0.992330,0.900836,0.831893,0.969780,0.018711,0.001547,0.165914,0.028763,0.050000,0,0,3,0,0
sun_moon,hinge2,aw0p1875,1000,3561.821,0.216028,0.863913,0.766637,0.961189,17,0.00106343,1,0.045716,0.082865,0.008566,0.950241,0.909242,0.991241,0.899794,0.830164,0.969423,0.018541,0.001347,0.167116,0.029804,0.050000,0,0,3,0,0
sun_moon,hinge2,aw0p1875,1025,3583.576,0.216038,0.864422,0.768132,0.960713,17,0.00099902,0,0.044954,0.081461,0.008447,0.951026,0.910695,0.991356,0.899766,0.830704,0.968828,0.018258,0.001626,0.166695,0.030325,0.050000,0,0,3,0,0
sun_moon,hinge2,aw0p1875,1050,3723.777,0.224867,0.857528,0.768677,0.946380,17,0.00103350,0,0.043824,0.080272,0.007377,0.952087,0.911852,0.992322,0.891871,0.830380,0.953361,0.017964,0.001396,0.166829,0.045382,0.050000,0,0,3,0,0
sun_moon,hinge2,aw0p1875,1075,3745.545,0.239476,0.849429,0.768076,0.930782,17,0.00100324,0,0.046790,0.086322,0.007258,0.949281,0.906243,0.992318,0.885957,0.834378,0.937537,0.019491,0.001368,0.163581,0.061227,0.050000,0,0,3,0,0
sun_moon,hinge2,aw0p1875,1100,3888.459,0.239833,0.849034,0.770392,0.927675,17,0.00169764,1,0.046259,0.087403,0.005116,0.950033,0.905524,0.994543,0.885074,0.837727,0.932421,0.019689,0.001074,0.159991,0.065140,0.050000,0,0,3,0,0
sun_moon,hinge2,aw0p1875,1125,3910.868,0.225178,0.859300,0.767701,0.950899,17,0.00098341,1,0.046011,0.086430,0.005592,0.950145,0.906103,0.994186,0.895135,0.834054,0.956217,0.019470,0.001267,0.163877,0.041474,0.050000,0,0,3,0,0
sun_moon,hinge2,aw0p1875,1150,4054.136,0.219671,0.860607,0.769724,0.951489,17,0.00084044,1,0.044777,0.079084,0.010470,0.951146,0.913064,0.989228,0.896024,0.830596,0.961452,0.017762,0.001882,0.166824,0.036745,0.050000,0,0,3,0,0
sun_moon,hinge2,aw0p1875,1175,4076.554,0.216991,0.861917,0.767880,0.955953,17,0.00069198,0,0.043632,0.077031,0.010232,0.952155,0.914794,0.989516,0.896383,0.827031,0.965735,0.017211,0.001967,0.169853,0.032577,0.050000,0,0,3,0,0
sun_moon,hinge2,aw0p1875,1200,4222.364,0.226055,0.857736,0.761905,0.953568,17,0.00063860,1,0.049445,0.086755,0.012136,0.946372,0.905161,0.987582,0.896572,0.828003,0.965140,0.019161,0.002369,0.169606,0.033089,0.050000,0,0,3,0,0
sun_moon,hinge2,aw0p1875,1225,4244.811,0.226845,0.858876,0.771116,0.946636,17,0.00058836,1,0.055141,0.084702,0.025580,0.941187,0.908046,0.974328,0.903641,0.836430,0.970851,0.019043,0.005272,0.161247,0.027758,0.050000,0,0,3,0,0
sun_moon,hinge2,aw0p1875,1250,4387.667,0.216288,0.862656,0.778244,0.947069,17,0.00042200,1,0.053277,0.081569,0.024985,0.943281,0.911655,0.974907,0.906228,0.841724,0.970732,0.018008,0.004677,0.155639,0.027361,0.050000,0,0,3,0,0
sun_moon,hinge2,aw0p1875,1275,4409.906,0.204197,0.870207,0.785054,0.955359,17,0.00038023,1,0.049533,0.075627,0.023438,0.947196,0.917802,0.976589,0.911088,0.844425,0.977751,0.016994,0.004321,0.152834,0.020499,0.050000,0,0,3,0,0
sun_moon,hinge2,aw0p1875,1300,4549.687,0.205214,0.870752,0.785199,0.956304,17,0.00034329,0,0.051332,0.078868,0.023795,0.945551,0.914829,0.976272,0.913093,0.847126,0.979060,0.017492,0.004753,0.150210,0.019633,0.050000,0,0,3,0,0
sun_moon,hinge2,aw0p1875,1325,4571.526,0.204760,0.870841,0.787306,0.954376,17,0.00035609,1,0.051585,0.080920,0.022249,0.945437,0.913169,0.977704,0.913313,0.851016,0.975610,0.017958,0.004218,0.146609,0.022951,0.050000,0,0,3,0,0
sun_moon,hinge2,aw0p1875,1350,4712.673,0.207940,0.869162,0.787024,0.951299,17,0.00044854,1,0.052616,0.084054,0.021178,0.944491,0.910317,0.978665,0.912311,0.853176,0.971446,0.018707,0.004000,0.144415,0.026693,0.050000,0,0,3,0,0
sun_moon,hinge2,aw0p1875,1375,4734.590,0.216464,0.864331,0.789568,0.939094,17,0.00041336,1,0.052476,0.083297,0.021654,0.944593,0.911257,0.977929,0.907383,0.855337,0.959429,0.018703,0.004367,0.142194,0.039010,0.050000,0,0,3,0,0
sun_moon,hinge2,aw0p1875,1400,4875.132,0.208557,0.868802,0.789727,0.947878,17,0.00040055,1,0.049660,0.078976,0.020345,0.947288,0.915178,0.979398,0.909629,0.852096,0.967162,0.017830,0.004023,0.146185,0.030398,0.050000,0,0,3,0,0
sun_moon,hinge2,aw0p1875,1425,4896.997,0.206627,0.869230,0.788664,0.949796,17,0.00044900,1,0.047061,0.075086,0.019036,0.949679,0.918647,0.980711,0.907879,0.847882,0.967876,0.016733,0.003863,0.149716,0.030805,0.050000,0,0,3,0,0
sun_moon,hinge2,aw0p1875,1450,5037.294,0.200514,0.874317,0.790504,0.958129,17,0.00040117,0,0.048191,0.076275,0.020107,0.948784,0.917725,0.979843,0.914097,0.850799,0.977394,0.017093,0.004157,0.146999,0.021474,0.050000,0,0,3,0,0
sun_moon,hinge2,aw0p1875,1475,5059.106,0.200600,0.873835,0.790579,0.957091,17,0.00047399,1,0.050782,0.075627,0.025937,0.946297,0.918329,0.974265,0.916141,0.850367,0.981916,0.017062,0.004800,0.147774,0.017487,0.050000,0,0,3,0,0
sun_moon,hinge2,aw0p1875,1500,5198.561,0.201634,0.873311,0.788608,0.958014,17,0.00041449,1,0.051587,0.077355,0.025818,0.945476,0.916550,0.974401,0.916180,0.849611,0.982748,0.017223,0.005067,0.147854,0.016639,0.050000,0,0,3,0,0
sun_moon,hinge2,aw0p1875,1525,5220.370,0.199528,0.873488,0.792136,0.954841,17,0.00040573,1,0.049598,0.074330,0.024866,0.947446,0.919673,0.975219,0.914800,0.851016,0.978584,0.016489,0.004845,0.146937,0.019698,0.050000,0,0,3,0,0
sun_moon,hinge2,aw0p1875,1550,5358.998,0.199331,0.873802,0.791934,0.955669,17,0.00030634,0,0.051073,0.076923,0.025223,0.946085,0.917267,0.974902,0.916313,0.852852,0.979774,0.016877,0.005004,0.145064,0.018478,0.050000,0,0,3,0,0
sun_moon,hinge2,aw0p1875,1575,5380.569,0.201920,0.873197,0.792197,0.954198,17,0.00037060,0,0.051652,0.077247,0.026056,0.945536,0.916996,0.974077,0.916226,0.853392,0.979060,0.017237,0.005204,0.144292,0.019843,0.050000,0,0,3,0,0
sun_moon,hinge2,aw0p1875,1600,5518.527,0.202230,0.873313,0.790893,0.955734,17,0.00030384,0,0.052963,0.081893,0.024033,0.944342,0.912653,0.976032,0.917182,0.855661,0.978703,0.018107,0.004771,0.142214,0.020087,0.050000,0,0,3,0,0
sun_moon,hinge2,aw0p1875,1625,5539.956,0.204064,0.871805,0.792515,0.951095,17,0.00029581,0,0.054596,0.082541,0.026651,0.942833,0.912234,0.973431,0.917186,0.857930,0.976443,0.018307,0.005019,0.140211,0.022292,0.050000,0,0,3,0,0
sun_moon,hinge2,aw0p1875,1650,5677.451,0.206598,0.869762,0.794162,0.945362,17,0.00028661,0,0.055343,0.080704,0.029982,0.942089,0.914049,0.970128,0.915980,0.858254,0.973706,0.017865,0.005805,0.139427,0.024821,0.050000,0,0,3,0,0
sun_moon,hinge2,aw0p1875,1675,5698.946,0.212349,0.867801,0.792028,0.943574,17,0.00029473,0,0.058678,0.084162,0.033195,0.938904,0.910737,0.967072,0.916791,0.858686,0.974896,0.018712,0.006674,0.139576,0.023606,0.050000,0,0,3,0,0
sun_moon,hinge2,aw0p1875,1700,5839.023,0.222560,0.862003,0.787569,0.936437,17,0.00031734,1,0.066241,0.089888,0.042594,0.931702,0.905207,0.958197,0.917343,0.858362,0.976324,0.019802,0.008484,0.139638,0.022424,0.050000,0,0,3,0,0
sun_moon,hinge2,aw0p1875,1725,5860.572,0.211659,0.868043,0.794977,0.941109,17,0.00029988,0,0.060092,0.079732,0.040452,0.937667,0.915006,0.960327,0.918771,0.858362,0.979179,0.017834,0.008118,0.139322,0.019861,0.050000,0,0,3,0,0
sun_moon,hinge2,aw0p1875,1750,5990.166,0.196968,0.874788,0.801694,0.947883,15,0.00034645,1,0.052888,0.071629,0.034146,0.944690,0.923041,0.966338,0.919684,0.859118,0.980250,0.015995,0.006531,0.138341,0.018389,0.050000,0,0,5,0,0
sun_moon,hinge2,aw0p1875,1775,6009.935,0.197695,0.874789,0.801129,0.948449,15,0.00035706,1,0.051476,0.071305,0.031648,0.945980,0.923291,0.968669,0.918360,0.858254,0.978465,0.015989,0.006225,0.139833,0.019577,0.050000,0,0,5,0,0
sun_moon,hinge2,aw0p1875,1800,6133.864,0.200987,0.872719,0.798350,0.947089,15,0.00029822,1,0.051773,0.073682,0.029863,0.945569,0.920845,0.970292,0.916273,0.857174,0.975372,0.016339,0.005913,0.140322,0.023575,0.050000,0,0,5,0,0
sun_moon,hinge2,aw0p1875,1825,6153.361,0.205642,0.870385,0.797510,0.943259,15,0.00028563,1,0.053907,0.076167,0.031648,0.943495,0.918488,0.968502,0.915683,0.858254,0.973111,0.016993,0.006281,0.139900,0.025112,0.050000,0,0,5,0,0
sun_moon,hinge2,aw0p1875,1850,6275.302,0.199753,0.873023,0.800161,0.945884,15,0.00034138,1,0.052147,0.070981,0.033314,0.945273,0.923507,0.967039,0.917176,0.856958,0.977394,0.015935,0.006324,0.140879,0.021203,0.050000,0,0,5,0,0
sun_moon,hinge2,aw0p1875,1875,6294.518,0.196116,0.875783,0.800788,0.950778,15,0.00037795,0,0.050796,0.069468,0.032124,0.946637,0.924971,0.968302,0.918869,0.856417,0.981321,0.015717,0.006317,0.140726,0.017403,0.050000,0,0,5,0,0
sun_moon,hinge2,aw0p1875,1900,6418.843,0.199271,0.873520,0.798450,0.948591,15,0.00027651,1,0.053823,0.073142,0.034503,0.943693,0.921352,0.966034,0.919085,0.856850,0.981321,0.016278,0.006686,0.140938,0.016769,0.050000,0,0,5,0,0
sun_moon,hinge2,aw0p1875,1925,6438.035,0.198165,0.874458,0.798669,0.950248,15,0.00025786,0,0.050893,0.071089,0.030696,0.946443,0.923274,0.969611,0.917431,0.855445,0.979417,0.015973,0.006255,0.141946,0.018151,0.050000,0,0,5,0,0
sun_moon,hinge2,aw0p1875,1950,6561.657,0.198274,0.874425,0.798952,0.949897,15,0.00031943,1,0.053969,0.072602,0.035336,0.943606,0.921897,0.965316,0.920210,0.856958,0.983462,0.016349,0.006676,0.140901,0.015037,0.050000,0,0,5,0,0
sun_moon,hinge2,aw0p1875,1975,6581.115,0.199759,0.874324,0.798371,0.950276,15,0.00035202,1,0.054000,0.074330,0.033670,0.943554,0.920250,0.966858,0.919993,0.857714,0.982272,0.016737,0.006631,0.139945,0.016221,0.050000,0,0,5,0,0
sun_moon,hinge2,aw0p1875,2000,6703.055,0.199837,0.874395,0.798491,0.950299,15,0.00036979,1,0.054022,0.073898,0.034146,0.943540,0.920659,0.966421,0.920123,0.857498,0.982748,0.016604,0.006829,0.139797,0.016111,0.050000,0,0,5,0,0
sun_moon,hinge2,aw0p1875,2025,6722.795,0.199117,0.875172,0.799156,0.951189,15,0.00040397,1,0.055347,0.074762,0.035931,0.942372,0.919926,0.964818,0.922134,0.858902,0.985366,0.016722,0.007240,0.138590,0.013454,0.050000,0,0,5,0,0
sun_moon,hinge2,aw0p1875,2050,6847.092,0.200915,0.873927,0.798474,0.949380,15,0.00033524,1,0.056238,0.075951,0.036526,0.941493,0.918775,0.964211,0.921588,0.859118,0.984057,0.016999,0.007169,0.138484,0.015058,0.050000,0,0,5,0,0
sun_moon,hinge2,aw0p1875,2075,6866.844,0.201217,0.873614,0.797933,0.949294,15,0.00031974,1,0.056968,0.076815,0.037121,0.940801,0.917936,0.963666,0.921880,0.859226,0.984533,0.017126,0.007288,0.138454,0.014220,0.050000,0,0,5,0,0
sun_moon,hinge2,aw0p1875,2100,6992.515,0.198279,0.875536,0.799036,0.952036,15,0.00038464,1,0.055330,0.076275,0.034384,0.942397,0.918532,0.966262,0.922377,0.859983,0.984771,0.017078,0.006817,0.137684,0.013555,0.050000,0,0,5,0,0
sun_moon,hinge2,aw0p1875,2125,7012.269,0.200606,0.873833,0.798051,0.949616,15,0.00023290,1,0.055974,0.075303,0.036645,0.941720,0.919329,0.964111,0.921280,0.858146,0.984414,0.016889,0.007156,0.139139,0.014726,0.050000,0,0,5,0,0
sun_moon,hinge2,aw0p1875,2150,7137.400,0.199359,0.874473,0.799698,0.949248,15,0.00027530,0,0.055304,0.074438,0.036169,0.942402,0.920273,0.964532,0.921404,0.859226,0.983581,0.016843,0.007066,0.138251,0.014544,0.050000,0,0,5,0,0
sun_moon,hinge2,aw0p1875,2175,7156.955,0.200201,0.874267,0.799377,0.949156,15,0.00027191,1,0.055758,0.074870,0.036645,0.941971,0.919847,0.964094,0.921582,0.859226,0.983938,0.016896,0.007172,0.138517,0.014621,0.050000,0,0,5,0,0
water_fire,hinge2,aw0p1875,1,1.568,1.140634,0.285867,0.264585,0.307150,20,0.00019481,0,0.195417,0.181849,0.208985,0.636088,0.632293,0.639883,0.342020,0.312699,0.371340,0.024456,0.030910,0.684231,0.625627,0.050000,0,0,0,0,0
water_fire,hinge2,aw0p1875,25,28.569,0.726317,0.512476,0.494993,0.529959,20,0.00011958,3,0.110683,0.088911,0.132455,0.838802,0.858402,0.819201,0.569579,0.539004,0.600155,0.011758,0.019586,0.457891,0.397048,0.050000,0,0,0,0,0
water_fire,hinge2,aw0p1875,50,199.883,0.432740,0.699186,0.708443,0.689930,23,0.00020759,0,0.117268,0.086898,0.147637,0.870717,0.898590,0.842843,0.780897,0.770005,0.791789,0.011312,0.021630,0.227253,0.205898,0.050000,3,0,0,0,0
water_fire,hinge2,aw0p1875,75,231.281,0.291211,0.788325,0.808413,0.768238,23,0.00033112,1,0.116563,0.092770,0.140356,0.883439,0.904966,0.861911,0.879737,0.883409,0.876065,0.011926,0.020475,0.114324,0.122396,0.050000,3,0,0,0,0
water_fire,hinge2,aw0p1875,100,422.846,0.245275,0.817052,0.830137,0.803968,22,0.00033772,3,0.104963,0.093273,0.116654,0.895904,0.906805,0.885003,0.902660,0.907566,0.897754,0.012086,0.016707,0.090660,0.100650,0.050000,3,0,1,0,0
water_fire,hinge2,aw0p1875,125,451.975,0.219231,0.834460,0.844142,0.824779,22,0.00015684,1,0.099211,0.096796,0.101627,0.902375,0.905348,0.899402,0.917225,0.925851,0.908598,0.012506,0.014816,0.073298,0.089379,0.050000,3,0,1,0,0
water_fire,hinge2,aw0p1875,150,639.901,0.208649,0.842510,0.850407,0.834612,22,0.00037035,2,0.091292,0.092266,0.090318,0.909677,0.909644,0.909710,0.919432,0.928871,0.909992,0.012074,0.013261,0.069798,0.088376,0.050000,3,0,1,0,0
water_fire,hinge2,aw0p1875,175,669.993,0.195807,0.851054,0.868845,0.833263,22,0.00033395,1,0.089403,0.083375,0.095430,0.911989,0.918631,0.905347,0.927033,0.941285,0.912781,0.010983,0.013832,0.057864,0.085037,0.050000,3,0,1,0,0
water_fire,hinge2,aw0p1875,200,862.378,0.185971,0.857722,0.881689,0.833756,22,0.00029289,1,0.092630,0.084717,0.100542,0.909937,0.918627,0.901248,0.936983,0.956383,0.917583,0.011118,0.014751,0.042961,0.080524,0.050000,3,0,1,0,0
water_fire,hinge2,aw0p1875,225,892.297,0.176570,0.864494,0.892857,0.836130,22,0.00030257,2,0.089442,0.080356,0.098528,0.913112,0.923102,0.903123,0.941558,0.964603,0.918513,0.010467,0.014565,0.035020,0.079682,0.050000,3,0,1,0,0
water_fire,hinge2,aw0p1875,250,1082.421,0.171753,0.867710,0.899517,0.835902,22,0.00034370,2,0.091166,0.076833,0.105500,0.912020,0.926508,0.897532,0.946360,0.968629,0.924090,0.010044,0.015481,0.031269,0.073988,0.050000,3,0,1,0,0
water_fire,hinge2,aw0p1875,275,1112.325,0.176197,0.865476,0.895742,0.835210,22,0.00028897,2,0.086242,0.071632,0.100852,0.915856,0.930558,0.901154,0.939674,0.959906,0.919442,0.009366,0.014872,0.039701,0.078725,0.050000,3,0,1,0,0
water_fire,hinge2,aw0p1875,300,1296.342,0.163985,0.873675,0.902808,0.844542,22,0.00022030,1,0.078717,0.063244,0.094191,0.922843,0.938187,0.907500,0.941998,0.959906,0.924090,0.008057,0.013901,0.039312,0.074155,0.050000,3,0,1,0,0
water_fire,hinge2,aw0p1875,325,1325.831,0.157881,0.877739,0.910726,0.844753,22,0.00032076,1,0.084617,0.063580,0.105655,0.918390,0.938404,0.898376,0.951317,0.968629,0.934005,0.008117,0.015565,0.031337,0.064248,0.050000,3,0,1,0,0
water_fire,hinge2,aw0p1875,350,1510.295,0.163521,0.873164,0.911080,0.835249,22,0.00032848,1,0.092453,0.065929,0.118978,0.911752,0.936428,0.887075,0.952885,0.971146,0.934624,0.008436,0.017616,0.027770,0.063102,0.050000,3,0,1,0,0
water_fire,hinge2,aw0p1875,375,1539.281,0.161674,0.875908,0.913249,0.838567,22,0.00015233,2,0.091743,0.063580,0.119907,0.912670,0.938564,0.886776,0.955215,0.971314,0.939117,0.008329,0.017886,0.028601,0.058978,0.050000,3,0,1,0,0
water_fire,hinge2,aw0p1875,400,1727.473,0.161920,0.874833,0.913119,0.836546,22,0.00014368,2,0.094467,0.063915,0.125019,0.910504,0.938270,0.882738,0.956306,0.971481,0.941131,0.008194,0.018482,0.028212,0.057260,0.050000,3,0,1,0,0
water_fire,hinge2,aw0p1875,425,1756.614,0.159373,0.876987,0.918419,0.835554,22,0.00011177,2,0.094358,0.061064,0.127653,0.910858,0.941034,0.880683,0.958358,0.974501,0.942215,0.007767,0.019031,0.024941,0.056327,0.050000,3,0,1,0,0
water_fire,hinge2,aw0p1875,450,1936.537,0.156436,0.879025,0.919518,0.838532,21,0.00005486,1,0.090712,0.058883,0.122541,0.913892,0.942973,0.884811,0.957474,0.973662,0.941286,0.007481,0.018176,0.025748,0.057528,0.050000,3,0,2,0,0
water_fire,hinge2,aw0p1875,475,1964.122,0.157606,0.878681,0.920852,0.836509,21,0.00008772,2,0.088724,0.055528,0.121921,0.915492,0.945959,0.885026,0.955241,0.971985,0.938497,0.007164,0.018054,0.027069,0.060162,0.050000,3,0,2,0,0
water_fire,hinge2,aw0p1875,500,2138.692,0.154934,0.880322,0.922247,0.838398,21,0.00008776,2,0.089408,0.057205,0.121611,0.915032,0.944580,0.885485,0.957680,0.975004,0.940356,0.007397,0.017942,0.024516,0.058315,0.050000,3,0,2,0,0
water_fire,hinge2,aw0p1875,525,2166.430,0.152509,0.883245,0.922051,0.844438,21,0.00008835,2,0.087530,0.056702,0.118358,0.916817,0.945005,0.888630,0.959359,0.974333,0.944384,0.007540,0.017641,0.025455,0.054802,0.050000,3,0,2,0,0
water_fire,hinge2,aw0p1875,550,2341.394,0.151459,0.882219,0.916983,0.847455,21,0.00007346,1,0.089007,0.060896,0.117119,0.915499,0.941091,0.889908,0.959766,0.972823,0.946708,0.007756,0.017397,0.027032,0.051908,0.050000,3,0,2,0,0
water_fire,hinge2,aw0p1875,575,2369.014,0.153226,0.881440,0.915520,0.847361,21,0.00007741,2,0.087903,0.060393,0.115414,0.916306,0.941435,0.891177,0.957985,0.970810,0.945159,0.007789,0.017249,0.028946,0.053091,0.050000,3,0,2,0,0
water_fire,hinge2,aw0p1875,600,2544.958,0.152436,0.881739,0.917207,0.846271,21,0.00009248,2,0.089659,0.061735,0.117583,0.914904,0.940386,0.889423,0.959804,0.973830,0.945778,0.007931,0.017490,0.025510,0.053358,0.050000,3,0,2,0,0
water_fire,hinge2,aw0p1875,625,2572.919,0.147829,0.886101,0.924214,0.847989,21,0.00012350,2,0.086413,0.055863,0.116964,0.917970,0.945854,0.890086,0.961508,0.975843,0.947173,0.007242,0.017546,0.023993,0.051739,0.050000,3,0,2,0,0
water_fire,hinge2,aw0p1875,650,2753.341,0.145911,0.886328,0.924091,0.848565,21,0.00011787,1,0.086742,0.056366,0.117119,0.917723,0.945410,0.890036,0.962063,0.976178,0.947947,0.007114,0.017401,0.023482,0.051016,0.050000,3,0,2,0,0
water_fire,hinge2,aw0p1875,675,2781.313,0.144284,0.888390,0.926592,0.850188,21,0.00009647,2,0.083612,0.053515,0.113710,0.920406,0.948029,0.892784,0.961521,0.976178,0.946863,0.007001,0.016920,0.023925,0.051468,0.050000,3,0,2,0,0
water_fire,hinge2,aw0p1875,700,2963.736,0.143943,0.887745,0.923248,0.852243,21,0.00010290,2,0.085632,0.055695,0.115569,0.918781,0.945946,0.891617,0.962702,0.974669,0.950736,0.007131,0.017322,0.024316,0.047749,0.050000,3,0,2,0,0
water_fire,hinge2,aw0p1875,725,2991.767,0.144393,0.887812,0.924738,0.850887,21,0.00007903,3,0.087214,0.056534,0.117893,0.917514,0.945301,0.889726,0.964109,0.977017,0.951201,0.007389,0.017631,0.022425,0.047278,0.050000,3,0,2,0,0
water_fire,hinge2,aw0p1875,750,3160.125,0.144655,0.887880,0.925143,0.850616,21,0.00008332,3,0.087253,0.055528,0.118978,0.917543,0.946196,0.888889,0.964167,0.976514,0.951820,0.007376,0.017700,0.022861,0.046912,0.050000,3,0,2,0,0
water_fire,hinge2,aw0p1875,775,3187.922,0.144843,0.887768,0.923053,0.852484,21,0.00007070,1,0.086858,0.057373,0.116344,0.917773,0.944481,0.891065,0.963838,0.976011,0.951665,0.007572,0.017401,0.023738,0.046858,0.050000,3,0,2,0,0
water_fire,hinge2,aw0p1875,800,3359.776,0.144704,0.886886,0.922760,0.851011,21,0.00007412,2,0.089356,0.059889,0.118823,0.915674,0.942298,0.889050,0.965077,0.978024,0.952130,0.007698,0.017725,0.021627,0.046365,0.050000,3,0,2,0,0
water_fire,hinge2,aw0p1875,825,3387.440,0.142747,0.888100,0.924250,0.851949,21,0.00007000,2,0.086433,0.056366,0.116499,0.918154,0.945419,0.890888,0.963773,0.976346,0.951201,0.007193,0.017272,0.023217,0.047133,0.050000,3,0,2,0,0
water_fire,hinge2,aw0p1875,850,3550.781,0.140624,0.890045,0.929951,0.850139,20,0.00005998,0,0.084923,0.051334,0.118513,0.919646,0.950114,0.889179,0.964290,0.977688,0.950891,0.006548,0.017592,0.022025,0.047087,0.050000,3,0,3,0,0
water_fire,hinge2,aw0p1875,875,3577.106,0.138787,0.892404,0.929097,0.855710,20,0.00004526,1,0.080231,0.048146,0.112316,0.923671,0.952889,0.894453,0.962825,0.973830,0.951820,0.006253,0.016762,0.025377,0.047163,0.050000,3,0,3,0,0
water_fire,hinge2,aw0p1875,900,3745.521,0.137243,0.892175,0.929987,0.854364,20,0.00005428,2,0.082142,0.049488,0.114795,0.922090,0.951742,0.892437,0.964225,0.976011,0.952440,0.006209,0.016903,0.023929,0.045910,0.050000,3,0,3,0,0
water_fire,hinge2,aw0p1875,925,3771.834,0.136293,0.892921,0.929794,0.856048,20,0.00003646,1,0.080341,0.048985,0.111696,0.923569,0.952178,0.894959,0.963503,0.975340,0.951665,0.006220,0.016488,0.024411,0.046262,0.050000,3,0,3,0,0
water_fire,hinge2,aw0p1875,950,3926.170,0.136169,0.893942,0.932372,0.855512,20,0.00003065,1,0.079870,0.046804,0.112936,0.924102,0.954240,0.893964,0.964070,0.976011,0.952130,0.006078,0.016688,0.024293,0.045903,0.050000,3,0,3,0,0
water_fire,hinge2,aw0p1875,975,3952.473,0.137283,0.892150,0.929942,0.854358,20,0.00003307,1,0.080722,0.048817,0.112626,0.923202,0.952334,0.894070,0.962960,0.975340,0.950581,0.006208,0.016615,0.024452,0.047009,0.050000,3,0,3,0,0
water_fire,hinge2,aw0p1875,1000,4117.098,0.137740,0.892073,0.931200,0.852945,19,0.00002133,2,0.083110,0.048482,0.117738,0.921385,0.952693,0.890078,0.964858,0.976346,0.953369,0.006180,0.017298,0.023880,0.044737,0.050000,3,0,4,0,0
water_fire,hinge2,aw0p1875,1025,4142.666,0.139060,0.891334,0.931200,0.851467,19,0.00004289,1,0.083807,0.048482,0.119132,0.920783,0.952693,0.888873,0.964625,0.976346,0.952905,0.006226,0.017604,0.023495,0.045082,0.050000,3,0,4,0,0
water_fire,hinge2,aw0p1875,1050,4299.777,0.138587,0.891800,0.930814,0.852786,19,0.00003472,1,0.082529,0.047475,0.117583,0.921872,0.953568,0.890175,0.964032,0.975004,0.953060,0.006089,0.017396,0.024668,0.045092,0.050000,3,0,4,0,0
water_fire,hinge2,aw0p1875,1075,4325.033,0.137449,0.892780,0.931057,0.854503,19,0.00001830,2,0.080548,0.046301,0.114795,0.923540,0.954628,0.892453,0.963380,0.974165,0.952595,0.006003,0.016972,0.025138,0.045759,0.050000,3,0,4,0,0
water_fire,hinge2,aw0p1875,1100,4477.395,0.137689,0.892432,0.929805,0.855058,19,0.00001631,2,0.081974,0.049153,0.114795,0.922273,0.952030,0.892515,0.964361,0.975507,0.953215,0.006212,0.017130,0.024640,0.044643,0.050000,3,0,4,0,0
water_fire,hinge2,aw0p1875,1125,4502.739,0.136931,0.892453,0.928240,0.856665,19,0.00002761,1,0.080909,0.049656,0.112161,0.923091,0.951507,0.894676,0.963541,0.974333,0.952750,0.006283,0.016528,0.025681,0.045352,0.050000,3,0,4,0,0
water_fire,hinge2,aw0p1875,1150,4659.014,0.135415,0.893409,0.927761,0.859057,19,0.00002978,1,0.079902,0.049656,0.110147,0.923972,0.951483,0.896461,0.963755,0.973830,0.953679,0.006238,0.016237,0.026237,0.044453,0.050000,3,0,4,0,0
water_fire,hinge2,aw0p1875,1175,4684.413,0.135399,0.894499,0.931815,0.857183,19,0.00002502,1,0.078741,0.045630,0.111851,0.925115,0.955263,0.894967,0.963696,0.974333,0.953060,0.005925,0.016489,0.025866,0.045129,0.050000,3,0,4,0,0
water_fire,hinge2,aw0p1875,1200,4850.119,0.136308,0.894164,0.929647,0.858680,19,0.00003496,1,0.077546,0.046804,0.108288,0.925974,0.954112,0.897837,0.962412,0.973159,0.951665,0.006062,0.016115,0.027213,0.046315,0.050000,3,0,4,0,0
water_fire,hinge2,aw0p1875,1225,4875.119,0.135950,0.893383,0.928789,0.857977,19,0.00004070,2,0.081012,0.048314,0.113710,0.923189,0.952725,0.893654,0.964600,0.973662,0.955538,0.006148,0.016766,0.026417,0.042673,0.050000,3,0,4,0,0
water_fire,hinge2,aw0p1875,1250,5033.428,0.138156,0.891328,0.924896,0.857759,19,0.00004683,2,0.081457,0.049824,0.113091,0.922643,0.951191,0.894095,0.962871,0.970978,0.954764,0.006293,0.016577,0.029099,0.043326,0.050000,3,0,4,0,0
water_fire,hinge2,aw0p1875,1275,5058.395,0.137529,0.891754,0.926962,0.856547,19,0.00004094,2,0.082070,0.049656,0.114485,0.922179,0.951444,0.892914,0.963800,0.972991,0.954609,0.006233,0.016824,0.027023,0.043526,0.050000,3,0,4,0,0
water_fire,hinge2,aw0p1875,1300,5220.268,0.135710,0.893698,0.925796,0.861601,19,0.00004820,2,0.078017,0.048985,0.107049,0.925538,0.951982,0.899095,0.962490,0.971146,0.953834,0.006312,0.015918,0.028406,0.043989,0.050000,3,0,4,0,0
water_fire,hinge2,aw0p1875,1325,5245.026,0.134713,0.893780,0.925612,0.861948,19,0.00006428,2,0.076997,0.048650,0.105345,0.926355,0.952271,0.900439,0.961696,0.970643,0.952750,0.006141,0.015541,0.028988,0.044908,0.050000,3,0,4,0,0
water_fire,hinge2,aw0p1875,1350,5389.851,0.133093,0.895709,0.928411,0.863006,18,0.00007742,3,0.076720,0.047475,0.105964,0.926763,0.953454,0.900073,0.963471,0.972488,0.954454,0.006096,0.015743,0.027223,0.043540,0.050000,3,0,5,0,0
water_fire,hinge2,aw0p1875,1375,5413.115,0.132981,0.895563,0.927999,0.863127,18,0.00014931,3,0.075971,0.046133,0.105809,0.927420,0.954635,0.900205,0.962632,0.970810,0.954454,0.005800,0.015604,0.028958,0.043899,0.050000,3,0,5,0,0
water_fire,hinge2,aw0p1875,1400,5556.758,0.136731,0.892798,0.923706,0.861890,18,0.00008234,2,0.075758,0.046636,0.104880,0.927386,0.953981,0.900791,0.959535,0.966784,0.952285,0.005935,0.015465,0.032556,0.045668,0.050000,3,0,5,0,0
water_fire,hinge2,aw0p1875,1425,5580.530,0.135310,0.893742,0.925522,0.861963,18,0.00008302,2,0.075855,0.045127,0.106584,0.927458,0.955427,0.899489,0.960561,0.967287,0.953834,0.005717,0.015670,0.032111,0.044177,0.050000,3,0,5,0,0
water_fire,hinge2,aw0p1875,1450,5726.159,0.135187,0.893273,0.923545,0.863000,18,0.00006880,2,0.076843,0.046636,0.107049,0.926608,0.953974,0.899242,0.961000,0.966616,0.955383,0.005858,0.015714,0.032868,0.042276,0.050000,3,0,5,0,0
water_fire,hinge2,aw0p1875,1475,5749.807,0.136174,0.894569,0.924016,0.865123,18,0.00007913,2,0.074042,0.044288,0.103796,0.929039,0.956117,0.901961,0.959929,0.964939,0.954919,0.005733,0.015384,0.035053,0.043899,0.050000,3,0,5,0,0
water_fire,hinge2,aw0p1875,1500,5898.878,0.135465,0.893849,0.923373,0.864326,18,0.00008464,1,0.074745,0.046469,0.103021,0.928297,0.954116,0.902478,0.959825,0.966281,0.953369,0.005898,0.015251,0.033272,0.044508,0.050000,3,0,5,0,0
water_fire,hinge2,aw0p1875,1525,5922.640,0.136458,0.893135,0.922436,0.863834,18,0.00007487,1,0.075765,0.046804,0.104725,0.927441,0.953770,0.901112,0.959954,0.965610,0.954299,0.005957,0.015488,0.034038,0.043564,0.050000,3,0,5,0,0
water_fire,hinge2,aw0p1875,1550,6072.420,0.135808,0.894463,0.925646,0.863280,18,0.00009690,1,0.075836,0.044623,0.107049,0.927579,0.955887,0.899271,0.961323,0.966952,0.955693,0.005780,0.015914,0.032550,0.042787,0.050000,3,0,5,0,0
water_fire,hinge2,aw0p1875,1575,6096.135,0.136382,0.892146,0.927209,0.857083,18,0.00006999,1,0.081942,0.046301,0.117583,0.922557,0.954448,0.890666,0.964001,0.970139,0.957862,0.005804,0.017019,0.029318,0.040836,0.050000,3,0,5,0,0
water_fire,hinge2,aw0p1875,1600,6246.962,0.135607,0.893524,0.924447,0.862602,18,0.00006702,1,0.074254,0.045798,0.102711,0.928657,0.954771,0.902543,0.958992,0.966784,0.951201,0.005737,0.015133,0.032951,0.046533,0.050000,3,0,5,0,0
water_fire,hinge2,aw0p1875,1625,6270.743,0.137260,0.893285,0.923719,0.862850,18,0.00006101,2,0.072970,0.044623,0.101317,0.929726,0.955799,0.903654,0.957605,0.964939,0.950271,0.005799,0.014945,0.034769,0.047716,0.050000,3,0,5,0,0
water_fire,hinge2,aw0p1875,1650,6426.808,0.133674,0.895441,0.926230,0.864652,18,0.00009618,1,0.073015,0.043785,0.102246,0.929893,0.956673,0.903112,0.959922,0.966784,0.953060,0.005651,0.014970,0.032692,0.045367,0.050000,3,0,5,0,0
cat_face_bass,hinge2,aw0p1875,1,1.522,1.449713,0.157077,0.189680,0.124474,20,0.00019250,0,0.162639,0.112845,0.212434,0.533492,0.651637,0.415348,0.181001,0.211084,0.150917,0.028083,0.048125,0.786767,0.846938,0.050000,0,0,0,0,0
cat_face_bass,hinge2,aw0p1875,25,27.086,1.144593,0.283182,0.310205,0.256159,20,0.00000386,0,0.095053,0.062625,0.127482,0.767059,0.840347,0.693771,0.309223,0.329632,0.288814,0.015298,0.028584,0.667959,0.708911,0.050000,0,0,0,0,0
cat_face_bass,hinge2,aw0p1875,50,187.671,0.893903,0.434709,0.442429,0.426988,20,0.00015482,0,0.082724,0.059124,0.106325,0.852118,0.887962,0.816273,0.470488,0.468587,0.472388,0.014295,0.023824,0.528550,0.526085,0.050000,0,0,0,0,0
cat_face_bass,hinge2,aw0p1875,75,212.565,0.633318,0.600721,0.576666,0.624777,20,0.00091637,0,0.077686,0.061525,0.093848,0.893965,0.908672,0.879257,0.647778,0.612145,0.683411,0.015070,0.020677,0.385405,0.314381,0.050000,0,0,0,0,0
cat_face_bass,hinge2,aw0p1875,100,369.914,0.468432,0.706111,0.648899,0.763323,19,0.00333336,1,0.069387,0.067927,0.070847,0.915484,0.910728,0.920239,0.755190,0.692977,0.817403,0.016473,0.015502,0.305272,0.180187,0.050000,0,0,1,0,0
cat_face_bass,hinge2,aw0p1875,125,394.332,0.413073,0.738199,0.672765,0.803634,19,0.00528449,1,0.058892,0.060824,0.056960,0.929312,0.921467,0.937156,0.781547,0.713685,0.849409,0.014679,0.012374,0.283834,0.148040,0.050000,0,0,1,0,0
cat_face_bass,hinge2,aw0p1875,150,547.779,0.382627,0.756979,0.696883,0.817076,19,0.00489724,1,0.056952,0.052821,0.061083,0.933512,0.932842,0.934183,0.800339,0.733693,0.866985,0.012592,0.013207,0.264696,0.131398,0.050000,0,0,1,0,0
cat_face_bass,hinge2,aw0p1875,175,571.182,0.367190,0.767430,0.714763,0.820098,19,0.00447449,1,0.056979,0.048319,0.065640,0.934780,0.939421,0.930139,0.811614,0.749300,0.873929,0.011660,0.014271,0.249418,0.124661,0.050000,0,0,1,0,0
cat_face_bass,hinge2,aw0p1875,200,726.254,0.345713,0.778171,0.722355,0.833987,19,0.00359463,1,0.049127,0.046719,0.051535,0.943152,0.941807,0.944496,0.816534,0.756102,0.876966,0.011222,0.011044,0.242505,0.121762,0.050000,0,0,1,0,0
cat_face_bass,hinge2,aw0p1875,225,750.188,0.324486,0.789322,0.731754,0.846890,19,0.00331311,1,0.043095,0.043117,0.043073,0.950020,0.946533,0.953507,0.823337,0.763305,0.883368,0.010334,0.009067,0.235051,0.114894,0.050000,0,0,1,0,0
cat_face_bass,hinge2,aw0p1875,250,900.800,0.296580,0.809341,0.756944,0.861738,19,0.00481209,2,0.045285,0.051621,0.038950,0.948705,0.939101,0.958309,0.845660,0.796018,0.895302,0.011979,0.008159,0.202559,0.102705,0.050000,0,0,1,0,0
cat_face_bass,hinge2,aw0p1875,275,923.855,0.264817,0.833070,0.792707,0.873433,19,0.00321813,2,0.050521,0.053521,0.047521,0.945199,0.939773,0.950626,0.875037,0.835134,0.914940,0.012620,0.010206,0.164057,0.083740,0.050000,0,0,1,0,0
cat_face_bass,hinge2,aw0p1875,300,1079.341,0.233838,0.854442,0.817051,0.891833,19,0.00114363,4,0.052954,0.053721,0.052186,0.944292,0.941267,0.947317,0.899660,0.860944,0.938375,0.012827,0.011512,0.138085,0.060085,0.050000,0,0,1,0,0
cat_face_bass,hinge2,aw0p1875,325,1103.293,0.216060,0.867356,0.839041,0.895670,19,0.00110408,1,0.056364,0.060324,0.052403,0.941917,0.936500,0.947334,0.916131,0.889656,0.942606,0.014484,0.011267,0.108940,0.056720,0.050000,0,0,1,0,0
cat_face_bass,hinge2,aw0p1875,350,1260.894,0.212953,0.869894,0.846075,0.893714,19,0.00095654,2,0.059246,0.069128,0.049365,0.939499,0.929004,0.949995,0.921197,0.904562,0.937832,0.016594,0.010478,0.093802,0.060582,0.050000,0,0,1,0,0
cat_face_bass,hinge2,aw0p1875,375,1284.515,0.202554,0.875943,0.857453,0.894432,19,0.00077037,2,0.054333,0.058323,0.050342,0.944375,0.939611,0.949140,0.923461,0.907463,0.939460,0.014180,0.010866,0.091911,0.058825,0.050000,0,0,1,0,0
cat_face_bass,hinge2,aw0p1875,400,1440.243,0.198213,0.879982,0.866076,0.893889,19,0.00088530,2,0.055913,0.060724,0.051101,0.943208,0.937998,0.948417,0.929118,0.918667,0.939568,0.014931,0.010892,0.080952,0.059417,0.050000,0,0,1,0,0
cat_face_bass,hinge2,aw0p1875,425,1463.799,0.194932,0.881269,0.871128,0.891410,19,0.00077134,2,0.058952,0.065826,0.052078,0.940594,0.933796,0.947391,0.933152,0.928471,0.937832,0.015913,0.010796,0.070313,0.060831,0.050000,0,0,1,0,0
cat_face_bass,hinge2,aw0p1875,450,1621.316,0.189271,0.886700,0.882524,0.890877,19,0.00079915,3,0.061813,0.068727,0.054899,0.938445,0.932081,0.944808,0.941481,0.943177,0.939785,0.016462,0.011788,0.056150,0.058780,0.050000,0,0,1,0,0
cat_face_bass,hinge2,aw0p1875,475,1645.477,0.193382,0.885600,0.880955,0.890245,19,0.00099872,3,0.065424,0.073129,0.057719,0.935221,0.928200,0.942243,0.943504,0.945378,0.941630,0.017700,0.012384,0.053824,0.056908,0.050000,0,0,1,0,0
cat_face_bass,hinge2,aw0p1875,500,1802.676,0.205295,0.881244,0.873328,0.889160,19,0.00079060,4,0.075149,0.084334,0.065965,0.926579,0.918227,0.934932,0.947396,0.946979,0.947814,0.020597,0.014067,0.051912,0.051369,0.050000,0,0,1,0,0
cat_face_bass,hinge2,aw0p1875,525,1826.684,0.203786,0.882308,0.880760,0.883857,19,0.00096522,3,0.074036,0.074730,0.073343,0.927534,0.926829,0.928238,0.947630,0.946579,0.948682,0.018365,0.015996,0.052243,0.050355,0.050000,0,0,1,0,0
cat_face_bass,hinge2,aw0p1875,550,1981.776,0.195760,0.884821,0.895294,0.874349,19,0.00088039,4,0.070703,0.058623,0.082782,0.930670,0.941750,0.919591,0.947254,0.947779,0.946729,0.014168,0.018043,0.050845,0.052006,0.050000,0,0,1,0,0
cat_face_bass,hinge2,aw0p1875,575,2005.991,0.183364,0.892717,0.905241,0.880193,19,0.00120947,4,0.067442,0.053621,0.081263,0.934052,0.946773,0.921332,0.952751,0.953782,0.951720,0.012946,0.017979,0.044630,0.047317,0.050000,0,0,1,0,0
cat_face_bass,hinge2,aw0p1875,600,2167.538,0.161963,0.902944,0.909939,0.895948,19,0.00120327,4,0.055626,0.050820,0.060432,0.944865,0.949533,0.940198,0.953137,0.956182,0.950092,0.012293,0.013220,0.042434,0.048258,0.050000,0,0,1,0,0
cat_face_bass,hinge2,aw0p1875,625,2192.460,0.143647,0.913692,0.921584,0.905800,19,0.00156078,4,0.050563,0.046118,0.055007,0.949960,0.954347,0.945572,0.959856,0.964086,0.955625,0.011186,0.011783,0.034685,0.043446,0.050000,0,0,1,0,1
cat_face_bass,hinge2,aw0p1875,650,2350.899,0.142821,0.913494,0.920927,0.906060,19,0.00126458,3,0.051642,0.048820,0.054465,0.948978,0.951888,0.946068,0.960647,0.965886,0.955408,0.011435,0.011797,0.032113,0.043741,0.050000,0,0,1,0,1
cat_face_bass,hinge2,aw0p1875,675,2375.310,0.143671,0.913531,0.920652,0.906411,19,0.00144849,4,0.053156,0.050220,0.056092,0.947636,0.950625,0.944647,0.962070,0.966887,0.957253,0.011908,0.012039,0.031733,0.041325,0.050000,0,0,1,0,1
cat_face_bass,hinge2,aw0p1875,700,2528.037,0.139758,0.916330,0.921683,0.910978,19,0.00139647,3,0.049639,0.048719,0.050559,0.950919,0.952015,0.949822,0.961811,0.966587,0.957036,0.011744,0.010959,0.032057,0.042183,0.050000,0,0,1,0,1
cat_face_bass,hinge2,aw0p1875,725,2552.744,0.138727,0.916017,0.922410,0.909624,19,0.00098011,3,0.052372,0.049520,0.055224,0.948467,0.951337,0.945596,0.963972,0.968087,0.959857,0.011745,0.011645,0.030216,0.039321,0.050000,0,0,1,0,1
cat_face_bass,hinge2,aw0p1875,750,2703.033,0.137901,0.917208,0.924672,0.909745,19,0.00088065,3,0.053631,0.051821,0.055441,0.947413,0.949414,0.945412,0.966386,0.972589,0.960182,0.012058,0.012081,0.025752,0.038718,0.050000,0,0,1,0,1
cat_face_bass,hinge2,aw0p1875,775,2727.522,0.132886,0.919804,0.926704,0.912905,19,0.00053784,5,0.050420,0.048219,0.052620,0.950396,0.952708,0.948084,0.966165,0.971389,0.960942,0.011296,0.011496,0.027119,0.037822,0.050000,0,0,1,0,1
cat_face_bass,hinge2,aw0p1875,800,2880.029,0.130284,0.921425,0.928333,0.914518,19,0.00047950,5,0.049552,0.046919,0.052186,0.951252,0.953947,0.948556,0.967066,0.971889,0.962244,0.011020,0.011291,0.026809,0.037092,0.050000,0,0,1,0,1
cat_face_bass,hinge2,aw0p1875,825,2904.717,0.129257,0.920891,0.930377,0.911404,19,0.00032331,4,0.048890,0.044618,0.053163,0.951814,0.956107,0.947521,0.965873,0.971889,0.959857,0.010453,0.011263,0.027205,0.038576,0.050000,0,0,1,0,1
cat_face_bass,hinge2,aw0p1875,850,3056.346,0.126924,0.922779,0.931611,0.913946,19,0.00036202,4,0.045875,0.041517,0.050233,0.954618,0.958968,0.950269,0.965072,0.970288,0.959857,0.009891,0.010887,0.028164,0.039298,0.050000,0,0,1,0,1
cat_face_bass,hinge2,aw0p1875,875,3080.677,0.129473,0.922714,0.932842,0.912586,19,0.00046549,5,0.049115,0.045718,0.052512,0.951697,0.955231,0.948163,0.967999,0.975490,0.960508,0.010972,0.011433,0.023411,0.038863,0.050000,0,0,1,0,1
cat_face_bass,hinge2,aw0p1875,900,3235.935,0.126372,0.924299,0.935506,0.913093,19,0.00072793,5,0.046913,0.043918,0.049908,0.953741,0.956965,0.950516,0.967627,0.976591,0.958663,0.010535,0.010940,0.022916,0.039690,0.050000,0,0,1,0,1
cat_face_bass,hinge2,aw0p1875,925,3260.252,0.122877,0.925893,0.937392,0.914395,19,0.00095313,3,0.046242,0.041817,0.050667,0.954421,0.958939,0.949903,0.968658,0.976591,0.960725,0.009865,0.011046,0.022478,0.037997,0.050000,0,0,1,0,1
cat_face_bass,hinge2,aw0p1875,950,3415.545,0.124542,0.924849,0.935221,0.914477,19,0.00082150,3,0.047681,0.042417,0.052946,0.953092,0.958305,0.947880,0.968892,0.974890,0.962895,0.009996,0.011577,0.023525,0.035892,0.050000,0,0,1,0,1
cat_face_bass,hinge2,aw0p1875,975,3439.424,0.126640,0.923638,0.937019,0.910258,19,0.00073007,2,0.048525,0.040416,0.056634,0.952292,0.960193,0.944391,0.968350,0.974890,0.961810,0.009609,0.012147,0.024218,0.037267,0.050000,0,0,1,0,1
cat_face_bass,hinge2,aw0p1875,1000,3587.471,0.125230,0.924632,0.936637,0.912626,19,0.00059200,3,0.047685,0.043617,0.051752,0.953063,0.957284,0.948842,0.968674,0.977491,0.959857,0.010517,0.011025,0.021587,0.039187,0.050000,0,0,1,0,1
cat_face_bass,hinge2,aw0p1875,1025,3611.074,0.122464,0.926138,0.938070,0.914206,19,0.00065238,2,0.046401,0.041917,0.050884,0.954288,0.958877,0.949700,0.969058,0.977391,0.960725,0.009948,0.010969,0.022190,0.037969,0.050000,0,0,1,0,1
cat_face_bass,hinge2,aw0p1875,1050,3758.169,0.120288,0.927245,0.939099,0.915391,18,0.00055058,3,0.044374,0.039816,0.048931,0.956167,0.960823,0.951511,0.968336,0.976491,0.960182,0.009564,0.010481,0.023001,0.038846,0.050000,0,0,2,0,1
cat_face_bass,hinge2,aw0p1875,1075,3780.825,0.121169,0.924963,0.936574,0.913353,18,0.00060555,4,0.046235,0.039416,0.053054,0.954405,0.961086,0.947723,0.967650,0.973489,0.961810,0.009160,0.010992,0.025640,0.036818,0.050000,0,0,2,0,1
cat_face_bass,hinge2,aw0p1875,1100,3918.131,0.120430,0.926802,0.937806,0.915798,17,0.00058860,4,0.046071,0.040716,0.051427,0.954626,0.959953,0.949299,0.969443,0.975990,0.962895,0.009601,0.010863,0.023670,0.036102,0.050000,0,0,3,0,1
cat_face_bass,hinge2,aw0p1875,1125,3939.846,0.121497,0.926292,0.936984,0.915600,17,0.00076527,4,0.046476,0.041417,0.051535,0.954238,0.959284,0.949192,0.969288,0.975790,0.962786,0.009635,0.011097,0.023034,0.036641,0.050000,0,0,3,0,1
cat_face_bass,hinge2,aw0p1875,1150,4081.557,0.122169,0.926194,0.937620,0.914769,17,0.00078853,4,0.047573,0.042417,0.052729,0.953247,0.958407,0.948088,0.970197,0.977391,0.963003,0.010046,0.011194,0.021789,0.036094,0.050000,0,0,3,0,1
cat_face_bass,hinge2,aw0p1875,1175,4102.710,0.120085,0.926927,0.938709,0.915146,17,0.00075759,4,0.046005,0.039716,0.052295,0.954696,0.960898,0.948493,0.969497,0.975990,0.963003,0.009408,0.011120,0.022910,0.035872,0.050000,0,0,3,0,1
cat_face_bass,hinge2,aw0p1875,1200,4240.675,0.119145,0.927693,0.940094,0.915291,17,0.00060446,3,0.045125,0.038715,0.051535,0.955520,0.961864,0.949176,0.969476,0.976491,0.962461,0.009213,0.011070,0.022301,0.036613,0.050000,0,0,3,0,1
cat_face_bass,hinge2,aw0p1875,1225,4262.120,0.119146,0.927583,0.940356,0.914810,17,0.00044386,4,0.045943,0.039916,0.051969,0.954773,0.960782,0.948765,0.970122,0.977891,0.962352,0.009375,0.011167,0.021071,0.036620,0.050000,0,0,3,0,1
cat_face_bass,hinge2,aw0p1875,1250,4399.914,0.120472,0.927030,0.942467,0.911593,17,0.00029746,5,0.048225,0.039816,0.056634,0.952713,0.960957,0.944468,0.971606,0.979992,0.963220,0.009342,0.012112,0.018961,0.035877,0.050000,0,0,3,0,1
cat_face_bass,hinge2,aw0p1875,1275,4421.301,0.123122,0.926370,0.941578,0.911161,17,0.00040433,3,0.048513,0.039416,0.057611,0.952437,0.961285,0.943589,0.971173,0.978691,0.963654,0.009485,0.012410,0.020417,0.035696,0.050000,0,0,3,0,1
cat_face_bass,hinge2,aw0p1875,1300,4545.151,0.127077,0.922640,0.938105,0.907175,16,0.00009381,3,0.049779,0.044118,0.055441,0.951083,0.956900,0.945266,0.968481,0.979492,0.957470,0.010387,0.011666,0.019978,0.041163,0.050000,0,0,4,0,1
cat_face_bass,hinge2,aw0p1875,1325,4565.156,0.122384,0.925804,0.942602,0.909007,16,0.00010679,3,0.048467,0.040516,0.056417,0.952419,0.960329,0.944510,0.970542,0.980792,0.960291,0.009716,0.011860,0.017990,0.039078,0.050000,0,0,4,0,1
cat_face_bass,hinge2,aw0p1875,1350,4695.951,0.128647,0.922665,0.939597,0.905732,16,0.00002836,3,0.051708,0.043417,0.059998,0.949388,0.957592,0.941183,0.970233,0.980392,0.960074,0.010265,0.012900,0.018710,0.038773,0.050000,0,0,4,0,1
cat_face_bass,hinge2,aw0p1875,1375,4716.216,0.116156,0.930935,0.946162,0.915707,16,0.00012426,3,0.047078,0.038715,0.055441,0.953924,0.962100,0.945748,0.974634,0.982793,0.966475,0.009198,0.012155,0.016468,0.033003,0.050000,0,0,4,0,1
cat_face_bass,hinge2,aw0p1875,1400,4835.373,0.120619,0.928038,0.944060,0.912016,16,0.00002778,2,0.048183,0.040816,0.055550,0.952781,0.960117,0.945445,0.972635,0.982593,0.962678,0.009749,0.012186,0.016592,0.036152,0.050000,0,0,4,0,1
cat_face_bass,hinge2,aw0p1875,1425,4855.641,0.113574,0.930237,0.948507,0.911967,16,0.00017324,3,0.045857,0.035514,0.056200,0.954987,0.965104,0.944870,0.972707,0.982193,0.963220,0.008423,0.011679,0.017054,0.035412,0.050000,0,0,4,0,1
cat_face_bass,hinge2,aw0p1875,1450,4971.554,0.116064,0.929634,0.945370,0.913898,16,0.00002672,2,0.046498,0.038315,0.054682,0.954374,0.962433,0.946314,0.972732,0.981593,0.963871,0.009312,0.011441,0.017397,0.035246,0.050000,0,0,4,0,1
cat_face_bass,hinge2,aw0p1875,1475,4991.365,0.112831,0.931569,0.947892,0.915246,16,0.00011772,3,0.046403,0.036715,0.056092,0.954568,0.963984,0.945152,0.974638,0.982693,0.966583,0.008660,0.011945,0.016117,0.032670,0.050000,0,0,4,0,1
cat_face_bass,hinge2,aw0p1875,1500,5119.994,0.117204,0.928925,0.943324,0.914527,16,0.00003471,4,0.046856,0.041417,0.052295,0.954003,0.959547,0.948460,0.972373,0.982393,0.962352,0.009742,0.011281,0.016851,0.035949,0.050000,0,0,4,0,1
cat_face_bass,hinge2,aw0p1875,1525,5140.009,0.113825,0.932052,0.948201,0.915903,16,0.00017546,3,0.045573,0.037115,0.054031,0.955315,0.963631,0.946999,0.974392,0.983393,0.965390,0.008949,0.011688,0.015783,0.034182,0.050000,0,0,4,0,1
cat_face_bass,hinge2,aw0p1875,1550,5264.789,0.119195,0.929292,0.945049,0.913535,16,0.00003271,2,0.048021,0.039516,0.056526,0.953003,0.961331,0.944675,0.973783,0.982393,0.965173,0.009618,0.012207,0.017071,0.034249,0.050000,0,0,4,0,1
cat_face_bass,hinge2,aw0p1875,1575,5284.792,0.114041,0.931647,0.948401,0.914894,16,0.00013288,3,0.045432,0.035314,0.055550,0.955445,0.965283,0.945607,0.973804,0.981893,0.965716,0.008578,0.012044,0.017132,0.033260,0.050000,0,0,4,0,1
cat_face_bass,hinge2,aw0p1875,1600,5410.412,0.120964,0.927732,0.943792,0.911671,16,0.00001775,3,0.049110,0.039416,0.058804,0.951976,0.961373,0.942579,0.973137,0.980992,0.965282,0.009553,0.012697,0.018211,0.033347,0.050000,0,0,4,0,1
cat_face_bass,hinge2,aw0p1875,1625,5430.714,0.110910,0.933228,0.950039,0.916418,16,0.00017019,2,0.044622,0.035214,0.054031,0.956230,0.965433,0.947027,0.974713,0.983493,0.965933,0.008546,0.011552,0.015855,0.032879,0.050000,0,0,4,0,1
cat_face_bass,hinge2,aw0p1875,1650,5556.926,0.118383,0.929006,0.944915,0.913097,16,0.00002736,2,0.047508,0.038816,0.056200,0.953448,0.961961,0.944935,0.973003,0.981593,0.964414,0.009310,0.012127,0.017663,0.034592,0.050000,0,0,4,0,1
cat_face_bass,hinge2,aw0p1875,1675,5577.291,0.111671,0.932390,0.949382,0.915397,16,0.00019849,3,0.044877,0.035614,0.054139,0.955959,0.965043,0.946875,0.974075,0.983193,0.964956,0.008581,0.011539,0.015701,0.033967,0.050000,0,0,4,0,1
cat_face_bass,hinge2,aw0p1875,1700,5693.200,0.121159,0.927898,0.945745,0.910050,16,0.00002297,3,0.048568,0.038115,0.059021,0.952461,0.962629,0.942293,0.972778,0.981793,0.963763,0.009226,0.012871,0.017351,0.035293,0.050000,0,0,4,0,1
cat_face_bass,hinge2,aw0p1875,1725,5713.368,0.113379,0.931014,0.948283,0.913745,16,0.00013371,3,0.046074,0.036815,0.055333,0.954820,0.963907,0.945733,0.973749,0.983193,0.964305,0.008772,0.011682,0.016022,0.034330,0.050000,0,0,4,0,1
cat_face_bass,hinge2,aw0p1875,1750,5836.268,0.120008,0.928407,0.945493,0.911321,16,0.00001754,2,0.047942,0.038816,0.057068,0.953028,0.961983,0.944072,0.972761,0.982193,0.963329,0.009066,0.012784,0.016848,0.035500,0.050000,0,0,4,0,1
cat_face_bass,hinge2,aw0p1875,1775,5856.611,0.113106,0.931797,0.948683,0.914911,16,0.00011301,3,0.046441,0.037115,0.055767,0.954533,0.963649,0.945418,0.974913,0.983894,0.965933,0.008784,0.011939,0.015447,0.033101,0.050000,0,0,4,0,1
cat_face_bass,hinge2,aw0p1875,1800,5975.322,0.118938,0.929214,0.945995,0.912432,16,0.00002273,2,0.048034,0.039216,0.056851,0.952983,0.961640,0.944326,0.973699,0.983093,0.964305,0.009441,0.012409,0.016184,0.034655,0.050000,0,0,4,0,1
cat_face_bass,hinge2,aw0p1875,1825,5995.350,0.112055,0.932773,0.949275,0.916271,16,0.00011277,2,0.043800,0.035414,0.052186,0.956936,0.965223,0.948650,0.973491,0.982893,0.964088,0.008281,0.011677,0.016372,0.034779,0.050000,0,0,4,0,1
cat_face_bass,hinge2,aw0p1875,1850,6116.818,0.114785,0.931122,0.946952,0.915293,16,0.00001820,2,0.045026,0.037215,0.052837,0.955757,0.963494,0.948020,0.972923,0.982193,0.963654,0.008924,0.011456,0.017094,0.035746,0.050000,0,0,4,1,1
cat_face_bass,hinge2,aw0p1875,1875,6137.031,0.111960,0.931058,0.947622,0.914495,16,0.00018515,2,0.045139,0.037115,0.053163,0.955649,0.963610,0.947689,0.972952,0.982793,0.963112,0.008562,0.011203,0.016274,0.035703,0.050000,0,0,4,1,1
cat_face_bass,hinge2,aw0p1875,1900,6322.373,0.124684,0.924445,0.937349,0.911541,14,0.00000512,2,0.046353,0.037915,0.054790,0.954289,0.962490,0.946087,0.967187,0.972889,0.961484,0.009230,0.011770,0.025928,0.037550,0.050000,0,0,6,1,1
cat_face_bass,hinge2,aw0p1875,1925,6340.021,0.112977,0.931188,0.944557,0.917820,14,0.00020411,3,0.042399,0.033914,0.050884,0.958163,0.966439,0.949888,0.970556,0.976591,0.964522,0.007996,0.011209,0.022339,0.034036,0.050000,0,0,6,1,1
cat_face_bass,hinge2,aw0p1875,1950,6498.732,0.166081,0.897276,0.928778,0.865775,12,0.00002581,3,0.045323,0.036615,0.054031,0.953732,0.963363,0.944101,0.937669,0.962785,0.912553,0.008830,0.011996,0.036221,0.086429,0.050000,0,0,8,1,1
cat_face_bass,hinge2,aw0p1875,1975,6513.776,0.140743,0.913998,0.930561,0.897436,12,0.00015462,2,0.046121,0.034414,0.057828,0.954033,0.965483,0.942583,0.955959,0.962585,0.949333,0.008237,0.012756,0.036306,0.049665,0.050000,0,0,8,1,1
cat_face_bass,hinge2,aw0p1875,2000,6655.252,0.142487,0.912843,0.929928,0.895758,10,0.00001914,2,0.047166,0.037915,0.056417,0.952969,0.962202,0.943735,0.955740,0.965186,0.946295,0.009082,0.012271,0.033845,0.052791,0.050000,0,0,10,1,1
cat_face_bass,hinge2,aw0p1875,2025,6668.622,0.131315,0.917778,0.931238,0.904319,10,0.00043068,2,0.042215,0.034414,0.050016,0.957734,0.965507,0.949962,0.956418,0.963285,0.949550,0.008127,0.010704,0.035718,0.048237,0.050000,0,0,10,1,1
cat_face_bass,hinge2,aw0p1875,2050,6791.350,0.133186,0.918551,0.930443,0.906658,10,0.00008052,1,0.046331,0.038415,0.054248,0.954027,0.961761,0.946294,0.961014,0.966186,0.955842,0.009042,0.011799,0.033038,0.043179,0.050000,0,0,10,1,1
cat_face_bass,hinge2,aw0p1875,2075,6804.611,0.123924,0.923640,0.936762,0.910519,10,0.00037984,2,0.041515,0.033013,0.050016,0.958648,0.967010,0.950286,0.961873,0.967687,0.956059,0.007915,0.010652,0.031777,0.043235,0.050000,0,0,10,1,1
cat_face_bass,hinge2,aw0p1875,2100,6924.150,0.127644,0.921599,0.932298,0.910900,10,0.00002293,2,0.044696,0.037315,0.052078,0.955654,0.962849,0.948459,0.962712,0.967087,0.958338,0.008956,0.011086,0.032086,0.040644,0.050000,0,0,10,1,1
cat_face_bass,hinge2,aw0p1875,2125,6937.368,0.124749,0.923746,0.934627,0.912864,10,0.00019005,2,0.043449,0.036014,0.050884,0.956885,0.964140,0.949629,0.963801,0.968287,0.959314,0.008677,0.010953,0.031037,0.039656,0.050000,0,0,10,1,1
cat_face_bass,hinge2,aw0p1875,2150,7056.506,0.145316,0.908123,0.897493,0.918753,9,0.00001506,2,0.038890,0.033513,0.044266,0.960513,0.965130,0.955897,0.943497,0.927571,0.959423,0.007885,0.009731,0.071464,0.039089,0.050000,0,0,11,1,1
cat_face_bass,hinge2,aw0p1875,2175,7068.901,0.125812,0.919297,0.913805,0.924790,9,0.00050079,1,0.030593,0.028311,0.032874,0.968741,0.970752,0.966729,0.947434,0.939676,0.955191,0.006453,0.007251,0.059488,0.043999,0.050000,0,0,11,1,1
cat_face_bass,hinge2,aw0p1875,2200,7183.355,0.169876,0.889617,0.884227,0.895006,7,0.00000000,1,0.034264,0.030012,0.038516,0.964155,0.968099,0.960211,0.920121,0.910764,0.929478,0.006768,0.008557,0.087728,0.069628,0.050000,0,0,13,1,1
cat_face_bass,hinge2,aw0p1875,2225,7193.014,0.144379,0.907602,0.907682,0.907522,7,0.00000471,0,0.034909,0.032713,0.037105,0.964175,0.966278,0.962072,0.939285,0.937375,0.941196,0.007565,0.008249,0.061219,0.057635,0.050000,0,0,13,1,1
cat_face_bass,hinge2,aw0p1875,2250,7283.439,0.136168,0.913439,0.918840,0.908038,7,0.00007058,0,0.035548,0.031713,0.039384,0.963786,0.967630,0.959943,0.945889,0.947979,0.943800,0.007254,0.008683,0.051574,0.054998,0.050000,0,0,13,1,1
cat_face_bass,hinge2,aw0p1875,2275,7292.963,0.140137,0.912578,0.921040,0.904115,7,0.00002399,0,0.040883,0.035114,0.046653,0.958747,0.964477,0.953016,0.949838,0.953381,0.946295,0.008185,0.010309,0.045736,0.052837,0.050000,0,0,13,1,1
cat_face_bass,hinge2,aw0p1875,2300,7380.807,0.142892,0.911998,0.921476,0.902520,7,0.00007024,0,0.042267,0.038315,0.046219,0.957416,0.961496,0.953336,0.950508,0.956783,0.944233,0.009261,0.010212,0.042463,0.054718,0.050000,0,0,13,1,1
cat_face_bass,hinge2,aw0p1875,2325,7390.358,0.146231,0.910298,0.916452,0.904144,7,0.00004692,0,0.045609,0.046519,0.044700,0.954278,0.953741,0.954815,0.951821,0.959084,0.944559,0.011135,0.009726,0.040110,0.054393,0.050000,0,0,13,1,1
cat_face_bass,hinge2,aw0p1875,2350,7478.200,0.146387,0.911504,0.913992,0.909015,7,0.00001310,0,0.046262,0.050320,0.042205,0.953772,0.950193,0.957351,0.953682,0.959984,0.947380,0.012212,0.009406,0.039089,0.051632,0.050000,0,0,13,1,1
cat_face_bass,hinge2,aw0p1875,2375,7487.865,0.144781,0.911789,0.912791,0.910787,7,0.00000262,0,0.046466,0.051921,0.041011,0.953620,0.948700,0.958539,0.954162,0.960184,0.948139,0.012520,0.009079,0.038384,0.050187,0.050000,0,0,13,1,1
cat_face_bass,hinge2,aw0p1875,2400,7575.756,0.145200,0.913446,0.914459,0.912432,7,0.00001260,0,0.047855,0.053721,0.041988,0.952449,0.947192,0.957705,0.957164,0.963585,0.950743,0.013286,0.009287,0.035605,0.048349,0.050000,0,0,13,1,1
dance_argument,hinge2,aw0p1875,1,1.543,1.395513,0.189606,0.208023,0.171190,20,0.00000464,0,0.208794,0.264123,0.153465,0.530794,0.498903,0.562686,0.230214,0.262967,0.197461,0.036086,0.045468,0.730558,0.798535,0.050000,0,0,0,0,0
dance_argument,hinge2,aw0p1875,25,27.039,1.059686,0.321767,0.388566,0.254967,20,0.00016492,0,0.107511,0.138421,0.076602,0.771742,0.761661,0.781823,0.358425,0.442352,0.274498,0.018585,0.022554,0.550512,0.721327,0.050000,0,0,0,0,0
dance_argument,hinge2,aw0p1875,50,194.689,0.849541,0.450417,0.530967,0.369866,20,0.00001791,0,0.108263,0.149488,0.067038,0.829032,0.803261,0.854802,0.502501,0.610340,0.394661,0.019766,0.019664,0.384268,0.601071,0.050000,0,0,0,0,0
dance_argument,hinge2,aw0p1875,75,220.423,0.660667,0.569235,0.656810,0.481660,20,0.00004023,0,0.113109,0.161876,0.064342,0.856744,0.825000,0.888487,0.637891,0.763132,0.512651,0.021450,0.018669,0.232370,0.483452,0.050000,0,0,0,0,0
dance_argument,hinge2,aw0p1875,100,389.038,0.542383,0.642455,0.700259,0.584651,20,0.00000403,1,0.101624,0.147341,0.055908,0.880994,0.845031,0.916957,0.710387,0.803436,0.617338,0.019639,0.016343,0.191878,0.379566,0.050000,0,0,0,0,0
dance_argument,hinge2,aw0p1875,125,415.231,0.453701,0.700469,0.710988,0.689950,20,0.00011388,4,0.108575,0.159068,0.058082,0.882254,0.838206,0.926302,0.777053,0.824083,0.730023,0.021031,0.016612,0.170332,0.267335,0.050000,0,0,0,0,0
dance_argument,hinge2,aw0p1875,150,582.849,0.386611,0.741189,0.740892,0.741486,20,0.00043008,4,0.091426,0.133465,0.049387,0.901591,0.862865,0.940317,0.808941,0.839775,0.778106,0.017491,0.014084,0.156506,0.218788,0.050000,0,0,0,0,0
dance_argument,hinge2,aw0p1875,175,609.018,0.344337,0.768892,0.758773,0.779010,20,0.00050517,4,0.085384,0.120251,0.050517,0.908962,0.876064,0.941859,0.834190,0.850017,0.818364,0.015156,0.014769,0.145759,0.178767,0.050000,0,0,0,0,0
dance_argument,hinge2,aw0p1875,200,772.332,0.313605,0.788659,0.769083,0.808235,20,0.00125660,2,0.083076,0.118764,0.047387,0.912850,0.878711,0.946990,0.853479,0.860423,0.846535,0.015356,0.013634,0.134969,0.150553,0.050000,0,0,0,0,0
dance_argument,hinge2,aw0p1875,225,797.787,0.301195,0.796302,0.774870,0.817734,20,0.00097048,1,0.076590,0.110836,0.042344,0.919298,0.885923,0.952672,0.856557,0.860753,0.852361,0.014429,0.012254,0.135865,0.144770,0.050000,0,0,0,0,0
dance_argument,hinge2,aw0p1875,250,962.851,0.294308,0.802846,0.781712,0.823979,20,0.00049659,2,0.075643,0.105550,0.045735,0.920379,0.891160,0.949598,0.862943,0.864222,0.861664,0.013932,0.013299,0.132900,0.135586,0.050000,0,0,0,0,0
dance_argument,hinge2,aw0p1875,275,988.508,0.294458,0.800803,0.777894,0.823711,20,0.00032071,1,0.073282,0.104394,0.042170,0.922414,0.891651,0.953176,0.858774,0.859101,0.858447,0.013846,0.012220,0.136743,0.138348,0.050000,0,0,0,0,0
dance_argument,hinge2,aw0p1875,300,1155.342,0.291068,0.802517,0.781769,0.823264,20,0.00033757,0,0.072043,0.103568,0.040518,0.923828,0.892821,0.954836,0.859678,0.862735,0.856621,0.013908,0.011663,0.133001,0.139938,0.050000,0,0,0,0,0
dance_argument,hinge2,aw0p1875,325,1180.756,0.285751,0.807654,0.785895,0.829413,20,0.00028669,0,0.075103,0.107863,0.042344,0.921539,0.889770,0.953308,0.867599,0.870664,0.864534,0.014695,0.012089,0.126673,0.132364,0.050000,0,0,0,0,0
dance_argument,hinge2,aw0p1875,350,1343.993,0.275304,0.813232,0.788230,0.838234,20,0.00024359,0,0.077659,0.111497,0.043822,0.919705,0.887105,0.952304,0.875541,0.876115,0.874967,0.014785,0.012351,0.120750,0.121752,0.050000,0,0,0,0,0
dance_argument,hinge2,aw0p1875,375,1368.937,0.260759,0.823004,0.797329,0.848679,20,0.00020295,0,0.078394,0.113314,0.043474,0.920002,0.886799,0.953205,0.886626,0.887678,0.885575,0.015142,0.012293,0.109399,0.111073,0.050000,0,0,0,0,0
dance_argument,hinge2,aw0p1875,400,1533.857,0.252957,0.828054,0.800237,0.855872,20,0.00016381,1,0.081598,0.117113,0.046083,0.917609,0.884169,0.951048,0.894634,0.893954,0.895313,0.015560,0.012967,0.102409,0.101298,0.050000,0,0,0,0,0
dance_argument,hinge2,aw0p1875,425,1559.135,0.254475,0.827316,0.796588,0.858045,20,0.00024825,1,0.079742,0.113314,0.046170,0.918894,0.886705,0.951082,0.892256,0.886852,0.897661,0.014869,0.013089,0.110109,0.098685,0.050000,0,0,0,0,0
dance_argument,hinge2,aw0p1875,450,1722.428,0.253637,0.829203,0.794623,0.863784,20,0.00016086,1,0.074764,0.105880,0.043648,0.923143,0.892468,0.953818,0.890122,0.878758,0.901487,0.014149,0.012626,0.118788,0.095226,0.050000,0,0,0,0,0
dance_argument,hinge2,aw0p1875,475,1747.778,0.254026,0.828177,0.791202,0.865151,20,0.00017056,1,0.077703,0.111497,0.043909,0.920558,0.887481,0.953636,0.891279,0.879419,0.903139,0.014795,0.012628,0.117468,0.093622,0.050000,0,0,0,0,0
dance_argument,hinge2,aw0p1875,500,1915.616,0.251940,0.829310,0.791377,0.867243,20,0.00016714,1,0.080050,0.114800,0.045300,0.918632,0.884858,0.952407,0.894378,0.882227,0.906530,0.015324,0.012755,0.114309,0.090353,0.050000,0,0,0,0,0
dance_argument,hinge2,aw0p1875,525,1941.860,0.254534,0.827261,0.786211,0.868311,20,0.00014603,2,0.079833,0.116452,0.043214,0.918669,0.882871,0.954466,0.891801,0.877767,0.905834,0.015269,0.012452,0.119191,0.091056,0.050000,0,0,0,0,0
dance_argument,hinge2,aw0p1875,550,2110.946,0.260505,0.823566,0.777318,0.869815,20,0.00017204,1,0.080511,0.117113,0.043909,0.917516,0.881160,0.953873,0.888180,0.868352,0.908008,0.015394,0.012684,0.127772,0.088944,0.050000,0,0,0,0,0
dance_argument,hinge2,aw0p1875,575,2137.147,0.261542,0.823041,0.781613,0.864469,20,0.00012401,1,0.077386,0.110340,0.044431,0.920149,0.887200,0.953098,0.885367,0.867856,0.902878,0.014479,0.012872,0.128332,0.093770,0.050000,0,0,0,0,0
dance_argument,hinge2,aw0p1875,600,2302.353,0.259209,0.824651,0.782318,0.866984,20,0.00007865,0,0.077133,0.111662,0.042605,0.920601,0.886214,0.954988,0.886797,0.869673,0.903921,0.014723,0.012369,0.127508,0.092739,0.050000,0,0,0,0,0
dance_argument,hinge2,aw0p1875,625,2327.847,0.260094,0.823639,0.778173,0.869104,20,0.00008334,1,0.077768,0.113974,0.041562,0.919951,0.883799,0.956102,0.886045,0.866865,0.905226,0.015024,0.012066,0.129722,0.091772,0.050000,0,0,0,0,0
dance_argument,hinge2,aw0p1875,650,2486.309,0.257010,0.825251,0.782415,0.868088,19,0.00005448,0,0.078120,0.112157,0.044083,0.919721,0.885825,0.953618,0.888262,0.870168,0.906356,0.014483,0.012658,0.126830,0.090081,0.050000,0,0,1,0,0
dance_argument,hinge2,aw0p1875,675,2510.793,0.261809,0.824469,0.781791,0.867147,19,0.00004874,0,0.082459,0.115791,0.049126,0.915791,0.882815,0.948767,0.891031,0.872316,0.909747,0.015117,0.014232,0.124936,0.086958,0.050000,0,0,1,0,0
dance_argument,hinge2,aw0p1875,700,2666.767,0.260071,0.826955,0.784684,0.869227,19,0.00008020,1,0.080677,0.110836,0.050517,0.917383,0.887189,0.947577,0.892397,0.871655,0.913138,0.014530,0.014882,0.124938,0.084144,0.050000,0,0,1,0,0
dance_argument,hinge2,aw0p1875,725,2690.744,0.251975,0.830323,0.787402,0.873245,19,0.00003083,1,0.079303,0.111827,0.046779,0.919025,0.886732,0.951317,0.894774,0.875454,0.914094,0.014748,0.013582,0.120837,0.082669,0.050000,0,0,1,0,0
dance_argument,hinge2,aw0p1875,750,2845.188,0.250464,0.830266,0.786688,0.873844,19,0.00004149,2,0.078890,0.114305,0.043474,0.919570,0.884647,0.954492,0.894222,0.876611,0.911834,0.014997,0.012620,0.120261,0.084910,0.050000,0,0,1,0,0
dance_argument,hinge2,aw0p1875,775,2869.176,0.246118,0.832635,0.789427,0.875844,19,0.00001568,1,0.075981,0.109184,0.042779,0.922194,0.889131,0.955256,0.894466,0.875619,0.913312,0.014409,0.012207,0.120656,0.083767,0.050000,0,0,1,0,0
dance_argument,hinge2,aw0p1875,800,3024.750,0.244606,0.831861,0.786902,0.876819,19,0.00000717,0,0.076029,0.112322,0.039736,0.922251,0.886269,0.958234,0.893474,0.875289,0.911660,0.014744,0.011356,0.120192,0.084861,0.050000,0,0,1,0,0
dance_argument,hinge2,aw0p1875,825,3048.260,0.240805,0.833391,0.789575,0.877206,19,0.00000908,0,0.075899,0.112322,0.039475,0.922557,0.886610,0.958505,0.895048,0.878262,0.911834,0.014688,0.011140,0.116865,0.084286,0.050000,0,0,1,0,0
dance_argument,hinge2,aw0p1875,850,3200.224,0.229743,0.840444,0.798708,0.882180,19,0.00000356,0,0.068235,0.099604,0.036866,0.929700,0.898142,0.961257,0.896483,0.878262,0.914703,0.013171,0.009904,0.117693,0.082576,0.050000,0,0,1,0,0
dance_argument,hinge2,aw0p1875,875,3224.251,0.230348,0.839249,0.794982,0.883516,19,0.00001751,1,0.073238,0.112653,0.033823,0.925661,0.887030,0.964292,0.898969,0.884539,0.913399,0.014733,0.009410,0.112009,0.083401,0.050000,0,0,1,0,0
dance_argument,hinge2,aw0p1875,900,3373.308,0.229136,0.840915,0.799670,0.882160,18,0.00001075,1,0.067248,0.100760,0.033736,0.930807,0.897289,0.964325,0.896083,0.880244,0.911921,0.013463,0.009507,0.115571,0.084400,0.050000,0,0,2,0,0
dance_argument,hinge2,aw0p1875,925,3395.870,0.228627,0.839436,0.794218,0.884654,18,0.00003582,0,0.071547,0.114139,0.028954,0.927460,0.885747,0.969172,0.897569,0.884870,0.910269,0.015054,0.008367,0.111312,0.085510,0.050000,0,0,2,0,0
dance_argument,hinge2,aw0p1875,950,3541.773,0.221933,0.844891,0.802620,0.887162,18,0.00005122,1,0.063301,0.097126,0.029476,0.934697,0.900659,0.968736,0.896943,0.880575,0.913312,0.012931,0.008252,0.115598,0.083723,0.050000,0,0,2,0,0
dance_argument,hinge2,aw0p1875,975,3564.211,0.223810,0.842827,0.796371,0.889283,18,0.00001925,1,0.070034,0.110505,0.029563,0.928824,0.888926,0.968721,0.899973,0.884374,0.915573,0.014306,0.008559,0.111490,0.081536,0.050000,0,0,2,0,0
dance_argument,hinge2,aw0p1875,1000,3710.339,0.216627,0.848813,0.806933,0.890692,18,0.00003589,2,0.062244,0.095970,0.028519,0.935957,0.902106,0.969809,0.900234,0.884374,0.916094,0.012883,0.008020,0.111882,0.081484,0.050000,0,0,2,0,0
dance_argument,hinge2,aw0p1875,1025,3732.486,0.223033,0.844351,0.799137,0.889564,18,0.00004515,1,0.069999,0.110175,0.029823,0.929002,0.889533,0.968471,0.901638,0.887182,0.916094,0.014721,0.008372,0.109440,0.081247,0.050000,0,0,2,0,0
dance_argument,hinge2,aw0p1875,1050,3877.467,0.212760,0.850380,0.808777,0.891983,18,0.00005522,1,0.061218,0.095309,0.027128,0.937052,0.902862,0.971242,0.901021,0.885861,0.916181,0.012551,0.007484,0.111229,0.081306,0.050000,0,0,2,0,0
dance_argument,hinge2,aw0p1875,1075,3900.078,0.215590,0.848475,0.805740,0.891211,18,0.00005640,1,0.060658,0.093492,0.027824,0.937294,0.904068,0.970520,0.898539,0.881070,0.916007,0.012448,0.007679,0.114310,0.081712,0.050000,0,0,2,0,0
dance_argument,hinge2,aw0p1875,1100,4046.656,0.222053,0.844710,0.799940,0.889479,18,0.00007042,1,0.070121,0.108854,0.031389,0.928806,0.890695,0.966917,0.902208,0.887017,0.917398,0.014421,0.008588,0.109533,0.080203,0.050000,0,0,2,0,0
dance_argument,hinge2,aw0p1875,1125,4069.240,0.214550,0.849813,0.809416,0.890211,18,0.00005020,1,0.062497,0.094648,0.030345,0.935731,0.903487,0.967976,0.901625,0.886026,0.917225,0.012598,0.008415,0.110295,0.079545,0.050000,0,0,2,0,0
dance_argument,hinge2,aw0p1875,1150,4215.693,0.217145,0.846323,0.800000,0.892646,18,0.00006878,1,0.068482,0.108358,0.028606,0.930444,0.891102,0.969786,0.902434,0.886686,0.918181,0.014186,0.007695,0.109989,0.078857,0.050000,0,0,2,0,0
dance_argument,hinge2,aw0p1875,1175,4238.350,0.209462,0.851161,0.807345,0.894978,18,0.00004358,1,0.061205,0.097456,0.024954,0.937212,0.900907,0.973517,0.901669,0.886026,0.917312,0.012869,0.006685,0.110375,0.080094,0.050000,0,0,2,0,0
dance_argument,hinge2,aw0p1875,1200,4384.271,0.216949,0.845754,0.797257,0.894250,18,0.00003253,1,0.066665,0.108028,0.025302,0.932091,0.891036,0.973145,0.900130,0.883383,0.916877,0.014214,0.006657,0.113522,0.080469,0.050000,0,0,2,0,0
dance_argument,hinge2,aw0p1875,1225,4406.913,0.210127,0.851340,0.807478,0.895202,18,0.00003663,1,0.059732,0.095639,0.023824,0.938554,0.902443,0.974665,0.900617,0.884704,0.916529,0.012767,0.006504,0.112060,0.080859,0.050000,0,0,2,0,0
dance_argument,hinge2,aw0p1875,1250,4552.436,0.214099,0.847664,0.798005,0.897323,18,0.00002625,1,0.066317,0.109680,0.022955,0.932698,0.889793,0.975603,0.901725,0.885530,0.917920,0.014454,0.006341,0.111281,0.079113,0.050000,0,0,2,0,0
dance_argument,hinge2,aw0p1875,1275,4575.075,0.208044,0.852205,0.807982,0.896429,18,0.00004039,1,0.059658,0.096796,0.022520,0.938775,0.901529,0.976021,0.901403,0.886191,0.916616,0.012914,0.006161,0.110400,0.080629,0.050000,0,0,2,0,0
dance_argument,hinge2,aw0p1875,1300,4721.456,0.207892,0.852308,0.808283,0.896332,18,0.00007294,2,0.060440,0.096796,0.024085,0.937997,0.901562,0.974432,0.902221,0.886521,0.917920,0.012923,0.006434,0.109974,0.079305,0.050000,0,0,2,0,0
dance_argument,hinge2,aw0p1875,1325,4743.971,0.212928,0.849383,0.802844,0.895922,18,0.00008154,2,0.063396,0.103403,0.023389,0.935300,0.895475,0.975125,0.901369,0.885861,0.916877,0.013730,0.006392,0.111426,0.080850,0.050000,0,0,2,0,0
dance_argument,hinge2,aw0p1875,1350,4889.641,0.211141,0.848700,0.801373,0.896028,18,0.00005198,1,0.065652,0.106871,0.024433,0.933272,0.892471,0.974073,0.902469,0.887017,0.917920,0.013811,0.006458,0.109574,0.079436,0.050000,0,0,2,0,0
dance_argument,hinge2,aw0p1875,1375,4912.368,0.210748,0.850157,0.804524,0.895791,18,0.00007819,1,0.063674,0.102742,0.024607,0.935051,0.896212,0.973891,0.902508,0.887182,0.917833,0.013516,0.006706,0.109227,0.079453,0.050000,0,0,2,0,0
dance_argument,hinge2,aw0p1875,1400,5058.552,0.210341,0.850740,0.803561,0.897919,18,0.00005635,1,0.063944,0.104063,0.023824,0.934879,0.895017,0.974740,0.903247,0.887182,0.919311,0.013913,0.006512,0.108917,0.078126,0.050000,0,0,2,0,0
dance_argument,hinge2,aw0p1875,1425,5080.947,0.211406,0.850598,0.802876,0.898319,18,0.00013333,2,0.063587,0.102742,0.024433,0.935079,0.896021,0.974137,0.902816,0.885365,0.920268,0.013766,0.006612,0.111067,0.077655,0.050000,0,0,2,0,0
dance_argument,hinge2,aw0p1875,1450,5227.898,0.210890,0.849026,0.799164,0.898887,18,0.00006526,2,0.065169,0.107037,0.023302,0.933682,0.892072,0.975293,0.902269,0.884704,0.919833,0.014002,0.006291,0.111021,0.077494,0.050000,0,0,2,0,0
dance_argument,hinge2,aw0p1875,1475,5250.426,0.209253,0.851667,0.803028,0.900306,18,0.00005097,2,0.062479,0.101916,0.023041,0.936157,0.896719,0.975594,0.902960,0.884870,0.921050,0.013677,0.006240,0.111552,0.076678,0.050000,0,0,2,0,0
dance_argument,hinge2,aw0p1875,1500,5395.539,0.213347,0.848931,0.800480,0.897382,18,0.00008100,1,0.063174,0.100264,0.026085,0.935123,0.897794,0.972452,0.900765,0.880740,0.920789,0.013346,0.006950,0.115110,0.076829,0.050000,0,0,2,0,0
dance_argument,hinge2,aw0p1875,1525,5418.123,0.211691,0.849702,0.801741,0.897664,18,0.00005218,2,0.063905,0.100595,0.027215,0.934498,0.897664,0.971332,0.902243,0.882392,0.922094,0.013426,0.007108,0.112547,0.075823,0.050000,0,0,2,0,0
dance_argument,hinge2,aw0p1875,1550,5567.740,0.208318,0.853020,0.806031,0.900008,18,0.00009827,1,0.063153,0.101090,0.025215,0.935572,0.897744,0.973399,0.905107,0.887512,0.922702,0.013476,0.006853,0.109206,0.075466,0.050000,0,0,2,0,0
dance_argument,hinge2,aw0p1875,1575,5590.392,0.208890,0.851833,0.805997,0.897669,18,0.00013721,1,0.063657,0.101751,0.025563,0.935090,0.897196,0.972983,0.904312,0.888008,0.920616,0.013516,0.006859,0.108320,0.076876,0.050000,0,0,2,0,0
horse_circle,hinge2,aw0p1875,1,1.548,1.360789,0.161077,0.164378,0.157777,20,0.00000000,0,0.076893,0.090309,0.063476,0.695235,0.664941,0.725529,0.173507,0.179222,0.167792,0.024694,0.027770,0.806488,0.828889,0.050000,0,0,0,0,0
horse_circle,hinge2,aw0p1875,25,27.177,1.071617,0.285774,0.300214,0.271334,20,0.00000000,0,0.033771,0.043713,0.023828,0.899286,0.877572,0.921001,0.295568,0.313337,0.277800,0.011811,0.010160,0.672297,0.718728,0.050000,0,0,0,0,0
horse_circle,hinge2,aw0p1875,50,198.583,0.854989,0.426930,0.427995,0.425866,20,0.00000000,0,0.028861,0.037202,0.020519,0.938796,0.922675,0.954916,0.439261,0.443917,0.434604,0.009861,0.008784,0.542545,0.561333,0.050000,0,0,0,0,0
horse_circle,hinge2,aw0p1875,75,224.787,0.670144,0.547911,0.534898,0.560923,20,0.00027706,0,0.024665,0.034040,0.015290,0.957939,0.942024,0.973854,0.561303,0.553106,0.569500,0.009194,0.006361,0.432986,0.426947,0.050000,0,0,0,0,0
horse_circle,hinge2,aw0p1875,100,391.905,0.534395,0.644122,0.644887,0.643356,20,0.00199673,2,0.027589,0.040551,0.014628,0.960548,0.943014,0.978082,0.661902,0.671038,0.652767,0.010883,0.006099,0.315837,0.343737,0.050000,0,0,0,0,0
horse_circle,hinge2,aw0p1875,125,418.419,0.462617,0.702126,0.687495,0.716757,20,0.00175223,1,0.037629,0.061291,0.013966,0.951826,0.922507,0.981146,0.728199,0.729632,0.726767,0.016620,0.005949,0.259151,0.269842,0.050000,0,0,0,0,0
horse_circle,hinge2,aw0p1875,150,590.541,0.411464,0.738029,0.712095,0.763963,20,0.00126081,2,0.039691,0.067336,0.012047,0.951637,0.918615,0.984658,0.766606,0.760045,0.773167,0.018245,0.005052,0.229972,0.223632,0.050000,0,0,0,0,0
horse_circle,hinge2,aw0p1875,175,617.569,0.393894,0.751304,0.717086,0.785523,20,0.00099405,3,0.041839,0.072359,0.011319,0.949974,0.913995,0.985953,0.781693,0.768973,0.794414,0.019650,0.004683,0.221214,0.202401,0.050000,0,0,0,0,0
horse_circle,hinge2,aw0p1875,200,783.127,0.366739,0.770071,0.730281,0.809861,19,0.00108130,2,0.040803,0.070685,0.010921,0.951965,0.917094,0.986836,0.800303,0.781901,0.818705,0.019413,0.004558,0.209190,0.178052,0.050000,0,0,1,0,0
horse_circle,hinge2,aw0p1875,225,808.444,0.350748,0.782167,0.735498,0.828837,19,0.00085247,3,0.042537,0.074219,0.010855,0.950669,0.914129,0.987209,0.813960,0.790086,0.837834,0.020245,0.004644,0.201014,0.159049,0.050000,0,0,1,0,0
horse_circle,hinge2,aw0p1875,250,969.690,0.332402,0.798357,0.737212,0.859502,19,0.00066756,3,0.046883,0.083705,0.010061,0.946854,0.905163,0.988544,0.833535,0.798921,0.868149,0.023062,0.004330,0.192272,0.128805,0.050000,0,0,1,0,0
horse_circle,hinge2,aw0p1875,275,994.844,0.324091,0.813418,0.724543,0.902294,19,0.00048799,2,0.059439,0.108817,0.010061,0.934895,0.880710,0.989081,0.857378,0.803385,0.911371,0.029960,0.004301,0.187837,0.085085,0.050000,0,0,1,0,0
horse_circle,hinge2,aw0p1875,300,1157.415,0.310916,0.829491,0.719031,0.939950,19,0.00034976,3,0.067564,0.125465,0.009664,0.927846,0.865771,0.989920,0.879139,0.809245,0.949034,0.034728,0.004165,0.182622,0.047186,0.050000,0,0,1,0,0
horse_circle,hinge2,aw0p1875,325,1182.928,0.304994,0.834464,0.713146,0.955782,19,0.00029955,3,0.068997,0.130580,0.007413,0.926489,0.860617,0.992360,0.884568,0.806269,0.962867,0.036165,0.003266,0.184821,0.033839,0.050000,0,0,1,0,0
horse_circle,hinge2,aw0p1875,350,1343.790,0.305945,0.838279,0.702359,0.974199,19,0.00031749,3,0.073905,0.139602,0.008208,0.921601,0.851489,0.991713,0.891302,0.800409,0.982195,0.038627,0.003687,0.189920,0.014679,0.050000,0,0,1,0,0
horse_circle,hinge2,aw0p1875,375,1368.888,0.302937,0.839448,0.700171,0.978725,19,0.00042715,2,0.074457,0.140904,0.008009,0.921003,0.850059,0.991947,0.892696,0.798828,0.986563,0.038960,0.003331,0.190236,0.010143,0.050000,0,0,1,0,0
horse_circle,hinge2,aw0p1875,400,1526.815,0.302792,0.840641,0.702866,0.978416,19,0.00045597,3,0.073990,0.139044,0.008936,0.921527,0.852024,0.991029,0.893877,0.800595,0.987159,0.038618,0.003899,0.189247,0.009699,0.050000,0,0,1,0,0
horse_circle,hinge2,aw0p1875,425,1551.790,0.299210,0.842101,0.705080,0.979123,19,0.00045381,3,0.073486,0.138765,0.008208,0.922198,0.852642,0.991754,0.895040,0.802920,0.987159,0.038356,0.003709,0.186730,0.009589,0.050000,0,0,1,0,0
horse_circle,hinge2,aw0p1875,450,1710.584,0.301736,0.840969,0.702478,0.979459,19,0.00044742,2,0.074801,0.140997,0.008605,0.920885,0.850405,0.991365,0.894706,0.801525,0.987887,0.039036,0.003562,0.187999,0.009033,0.050000,0,0,1,0,0
horse_circle,hinge2,aw0p1875,475,1735.428,0.299482,0.843080,0.706103,0.980056,19,0.00045267,3,0.074408,0.139881,0.008936,0.921492,0.851939,0.991044,0.896844,0.804874,0.988814,0.038811,0.003767,0.185480,0.008488,0.050000,0,0,1,0,0
horse_circle,hinge2,aw0p1875,500,1892.883,0.294761,0.845181,0.708816,0.981546,19,0.00047563,3,0.073600,0.139323,0.007877,0.922482,0.852863,0.992101,0.898424,0.807571,0.989277,0.038608,0.003403,0.182121,0.008202,0.050000,0,0,1,0,0
horse_circle,hinge2,aw0p1875,525,1917.811,0.297665,0.844390,0.708540,0.980240,19,0.00050744,2,0.075333,0.142392,0.008274,0.921049,0.850401,0.991698,0.898891,0.809431,0.988351,0.039546,0.003448,0.180507,0.008632,0.050000,0,0,1,0,0
horse_circle,hinge2,aw0p1875,550,2077.139,0.298625,0.844622,0.709002,0.980242,19,0.00048308,2,0.077552,0.146763,0.008340,0.919363,0.847093,0.991633,0.900737,0.813058,0.988417,0.040694,0.003210,0.176979,0.008682,0.050000,0,0,1,0,0
horse_circle,hinge2,aw0p1875,575,2102.169,0.302457,0.844881,0.709445,0.980318,19,0.00046481,2,0.079491,0.150112,0.008869,0.917863,0.844613,0.991112,0.902477,0.815941,0.989012,0.041835,0.003575,0.174945,0.008089,0.050000,0,0,1,0,0
horse_circle,hinge2,aw0p1875,600,2260.921,0.306172,0.844589,0.708008,0.981170,19,0.00047758,2,0.082234,0.155599,0.008869,0.915665,0.840210,0.991119,0.904023,0.818173,0.989873,0.043327,0.003561,0.172880,0.007490,0.050000,0,0,1,0,0
horse_circle,hinge2,aw0p1875,625,2286.218,0.303857,0.845298,0.709045,0.981551,19,0.00047664,2,0.080894,0.153646,0.008141,0.916854,0.841868,0.991840,0.903765,0.817987,0.989542,0.042747,0.003444,0.173180,0.007646,0.050000,0,0,1,0,0
horse_circle,hinge2,aw0p1875,650,2446.872,0.303716,0.845898,0.709916,0.981879,19,0.00046108,2,0.081824,0.155506,0.008141,0.916241,0.840640,0.991842,0.905093,0.820312,0.989873,0.043234,0.003420,0.170893,0.007283,0.050000,0,0,1,0,0
horse_circle,hinge2,aw0p1875,675,2472.308,0.302393,0.846479,0.710615,0.982342,19,0.00045272,2,0.081551,0.154762,0.008340,0.916489,0.841327,0.991651,0.905563,0.820592,0.990535,0.043080,0.003462,0.170214,0.006707,0.050000,0,0,1,0,0
horse_circle,hinge2,aw0p1875,700,2633.492,0.300825,0.847393,0.711453,0.983332,19,0.00041807,2,0.081298,0.153925,0.008671,0.916722,0.842110,0.991334,0.906411,0.820964,0.991859,0.042843,0.003611,0.169602,0.005615,0.050000,0,0,1,0,0
horse_circle,hinge2,aw0p1875,725,2658.773,0.303126,0.847206,0.711344,0.983068,19,0.00043531,2,0.082301,0.156064,0.008539,0.915978,0.840494,0.991461,0.906910,0.822359,0.991461,0.043522,0.003608,0.168961,0.005871,0.050000,0,0,1,0,0
horse_circle,hinge2,aw0p1875,750,2818.997,0.300640,0.847800,0.711757,0.983842,19,0.00043278,2,0.081765,0.155785,0.007744,0.916515,0.840779,0.992250,0.907050,0.822638,0.991461,0.043388,0.003228,0.168240,0.005842,0.050000,0,0,1,0,0
horse_circle,hinge2,aw0p1875,775,2844.114,0.300521,0.848066,0.712413,0.983718,19,0.00044635,2,0.082182,0.156157,0.008208,0.916209,0.840626,0.991792,0.907727,0.823661,0.991792,0.043608,0.003221,0.167169,0.005592,0.050000,0,0,1,0,0
horse_circle,hinge2,aw0p1875,800,3002.784,0.301670,0.847946,0.712436,0.983457,19,0.00044708,2,0.082262,0.156250,0.008274,0.916143,0.840562,0.991725,0.907674,0.823754,0.991594,0.043682,0.003456,0.167077,0.005651,0.050000,0,0,1,0,0
horse_circle,hinge2,aw0p1875,825,3027.801,0.300654,0.848295,0.712276,0.984313,19,0.00045261,2,0.082687,0.156901,0.008472,0.915793,0.840049,0.991537,0.908343,0.824033,0.992653,0.043739,0.003381,0.166729,0.004662,0.050000,0,0,1,0,0
horse_circle,hinge2,aw0p1875,850,3187.216,0.302108,0.847817,0.712310,0.983323,19,0.00044527,2,0.082428,0.156715,0.008141,0.916024,0.840193,0.991854,0.907634,0.823940,0.991329,0.043865,0.003460,0.166397,0.005955,0.050000,0,0,1,0,0
horse_circle,hinge2,aw0p1875,875,3212.130,0.301554,0.848255,0.712597,0.983914,19,0.00042528,2,0.082196,0.156250,0.008141,0.916226,0.840592,0.991859,0.907932,0.823940,0.991925,0.043695,0.003496,0.166740,0.005569,0.050000,0,0,1,0,0
horse_circle,hinge2,aw0p1875,900,3370.321,0.301986,0.847985,0.712057,0.983913,19,0.00041574,2,0.082209,0.156343,0.008075,0.916173,0.840421,0.991924,0.907620,0.823382,0.991859,0.043680,0.003428,0.167766,0.005601,0.050000,0,0,1,0,0
horse_circle,hinge2,aw0p1875,925,3395.137,0.300844,0.848552,0.712792,0.984311,19,0.00042811,2,0.082202,0.156064,0.008340,0.916217,0.840767,0.991667,0.908277,0.824033,0.992521,0.043531,0.003526,0.166902,0.005115,0.050000,0,0,1,0,0
horse_circle,hinge2,aw0p1875,950,3553.714,0.300884,0.848741,0.712071,0.985411,19,0.00043163,2,0.082616,0.158017,0.007215,0.915985,0.839186,0.992783,0.908556,0.824591,0.992521,0.044155,0.003159,0.165681,0.005018,0.050000,0,0,1,0,0
horse_circle,hinge2,aw0p1875,975,3578.604,0.301230,0.848574,0.713425,0.983724,19,0.00042015,2,0.083092,0.157645,0.008539,0.915592,0.839716,0.991467,0.909008,0.825893,0.992123,0.044085,0.003336,0.165602,0.005026,0.050000,0,0,1,0,0
horse_circle,hinge2,aw0p1875,1000,3738.874,0.300285,0.849123,0.713288,0.984958,19,0.00044357,2,0.083034,0.158389,0.007678,0.915733,0.839142,0.992323,0.909393,0.826265,0.992521,0.044249,0.003181,0.164539,0.004687,0.050000,0,0,1,0,0
horse_circle,hinge2,aw0p1875,1025,3764.076,0.299677,0.849812,0.713620,0.986004,19,0.00046940,2,0.082403,0.157459,0.007347,0.916274,0.839890,0.992657,0.909617,0.825986,0.993249,0.044093,0.003130,0.164960,0.004490,0.050000,0,0,1,0,0
horse_circle,hinge2,aw0p1875,1050,3925.008,0.300848,0.849157,0.713746,0.984567,19,0.00049936,2,0.082761,0.157645,0.007877,0.915951,0.839777,0.992125,0.909293,0.826265,0.992322,0.044099,0.003361,0.164732,0.005072,0.050000,0,0,1,0,0
horse_circle,hinge2,aw0p1875,1075,3950.109,0.301373,0.849434,0.713976,0.984891,19,0.00051827,2,0.083419,0.159226,0.007612,0.915523,0.838658,0.992388,0.910024,0.827660,0.992388,0.044576,0.003295,0.163218,0.005110,0.050000,0,0,1,0,0
horse_circle,hinge2,aw0p1875,1100,4108.791,0.303807,0.847342,0.712810,0.981873,19,0.00049897,2,0.084727,0.161644,0.007810,0.914419,0.836669,0.992169,0.908787,0.828032,0.989542,0.044772,0.003283,0.163060,0.007737,0.050000,0,0,1,0,0
horse_circle,hinge2,aw0p1875,1125,4133.934,0.301252,0.848244,0.715734,0.980754,19,0.00048221,2,0.081964,0.156250,0.007678,0.916735,0.841180,0.992291,0.907926,0.827567,0.988284,0.043768,0.003337,0.163113,0.009174,0.050000,0,0,1,0,0
horse_circle,hinge2,aw0p1875,1150,4294.216,0.297083,0.849004,0.717397,0.980611,19,0.00049805,2,0.080132,0.153181,0.007082,0.918324,0.843768,0.992879,0.907422,0.827288,0.987556,0.042831,0.003084,0.162919,0.009824,0.050000,0,0,1,0,0
horse_circle,hinge2,aw0p1875,1175,4319.517,0.298624,0.848883,0.717279,0.980487,19,0.00047863,2,0.080749,0.154018,0.007479,0.917804,0.843122,0.992485,0.907787,0.827753,0.987821,0.043146,0.003097,0.163141,0.010049,0.050000,0,0,1,0,0
horse_circle,hinge2,aw0p1875,1200,4479.302,0.299099,0.848899,0.717891,0.979907,19,0.00047993,2,0.080781,0.153553,0.008009,0.917769,0.843581,0.991957,0.907940,0.828125,0.987755,0.043055,0.003421,0.162707,0.009901,0.050000,0,0,1,0,0
horse_circle,hinge2,aw0p1875,1225,4504.318,0.298974,0.849051,0.718191,0.979912,19,0.00047835,2,0.080867,0.153460,0.008274,0.917701,0.843706,0.991695,0.908212,0.828404,0.988020,0.043066,0.003501,0.162370,0.009581,0.050000,0,0,1,0,0
horse_circle,hinge2,aw0p1875,1250,4664.483,0.298867,0.849073,0.718042,0.980105,19,0.00045940,2,0.080628,0.153181,0.008075,0.917890,0.843886,0.991893,0.908026,0.828032,0.988020,0.043025,0.003418,0.162809,0.009672,0.050000,0,0,1,0,0
horse_circle,hinge2,aw0p1875,1275,4689.538,0.297676,0.848745,0.718304,0.979186,19,0.00050346,2,0.081000,0.153925,0.008075,0.917633,0.843380,0.991886,0.907981,0.828869,0.987093,0.043068,0.003105,0.161998,0.010204,0.050000,0,0,1,0,0
horse_circle,hinge2,aw0p1875,1300,4848.767,0.298640,0.849828,0.719497,0.980159,19,0.00055087,2,0.081167,0.154855,0.007479,0.917696,0.842910,0.992483,0.909203,0.830915,0.987490,0.043425,0.003214,0.161017,0.010004,0.050000,0,0,1,0,0
horse_circle,hinge2,aw0p1875,1325,4873.943,0.297160,0.850110,0.719800,0.980419,19,0.00071317,2,0.080729,0.154111,0.007347,0.918066,0.843517,0.992616,0.909176,0.830729,0.987622,0.043244,0.003111,0.160316,0.009977,0.050000,0,0,1,0,0
horse_circle,hinge2,aw0p1875,1350,5034.276,0.297771,0.850771,0.722084,0.979458,19,0.00088411,2,0.081883,0.155227,0.008539,0.917270,0.843110,0.991430,0.910996,0.834170,0.987821,0.043510,0.003551,0.157354,0.009872,0.050000,0,0,1,0,0
horse_circle,hinge2,aw0p1875,1375,5059.419,0.295400,0.851712,0.724107,0.979316,19,0.00132007,3,0.080967,0.153925,0.008009,0.918196,0.844440,0.991952,0.911362,0.835565,0.987159,0.043193,0.003313,0.156059,0.010360,0.050000,0,0,1,0,0
horse_circle,hinge2,aw0p1875,1400,5217.848,0.294101,0.852502,0.725095,0.979909,19,0.00125847,3,0.080568,0.152995,0.008141,0.918567,0.845308,0.991826,0.911959,0.836031,0.987887,0.042879,0.003434,0.155948,0.009732,0.050000,0,0,1,0,0
horse_circle,hinge2,aw0p1875,1425,5242.519,0.293037,0.852803,0.724514,0.981092,19,0.00120772,3,0.080229,0.152251,0.008208,0.918763,0.845755,0.991771,0.911983,0.834821,0.989145,0.042717,0.003448,0.156430,0.008593,0.050000,0,0,1,0,0
horse_circle,hinge2,aw0p1875,1450,5401.663,0.293534,0.852360,0.723941,0.980779,19,0.00128546,3,0.081789,0.154576,0.009002,0.917457,0.843929,0.990986,0.912726,0.835844,0.989608,0.043124,0.003468,0.155080,0.008286,0.050000,0,0,1,0,0
horse_circle,hinge2,aw0p1875,1475,5426.870,0.290912,0.853989,0.726701,0.981277,19,0.00144119,3,0.080596,0.153646,0.007546,0.918771,0.845115,0.992426,0.913519,0.838356,0.988681,0.043074,0.003053,0.153275,0.008729,0.050000,0,0,1,0,0
horse_circle,hinge2,aw0p1875,1500,5586.810,0.291303,0.854361,0.726775,0.981947,19,0.00155085,3,0.081285,0.154297,0.008274,0.918180,0.844648,0.991713,0.914493,0.838914,0.990071,0.043173,0.003292,0.152747,0.007891,0.050000,0,0,1,0,0
horse_circle,hinge2,aw0p1875,1525,5611.740,0.291807,0.853987,0.726811,0.981163,19,0.00150677,3,0.081292,0.154111,0.008472,0.918151,0.844792,0.991510,0.914148,0.838821,0.989476,0.043189,0.003480,0.152192,0.008110,0.050000,0,0,1,0,0
horse_circle,hinge2,aw0p1875,1550,5770.069,0.289327,0.855511,0.727954,0.983069,19,0.00142379,3,0.081730,0.154855,0.008605,0.917924,0.844451,0.991396,0.916104,0.840681,0.991528,0.043312,0.003304,0.150984,0.006195,0.050000,0,0,1,0,0
horse_circle,hinge2,aw0p1875,1575,5795.043,0.290603,0.855234,0.727287,0.983180,19,0.00140073,3,0.082111,0.156808,0.007413,0.917735,0.842900,0.992571,0.915900,0.841332,0.990469,0.043886,0.003150,0.149686,0.007075,0.050000,0,0,1,0,0
horse_circle,hinge2,aw0p1875,1600,5952.862,0.289376,0.856356,0.728853,0.983858,19,0.00138923,3,0.082168,0.155599,0.008737,0.917670,0.844067,0.991273,0.917358,0.842262,0.992454,0.043557,0.003589,0.149260,0.005193,0.050000,0,0,1,0,0
horse_circle,hinge2,aw0p1875,1625,5977.655,0.288185,0.856447,0.729105,0.983789,19,0.00142186,3,0.081232,0.153925,0.008539,0.918405,0.845342,0.991468,0.916761,0.841332,0.992190,0.043155,0.003564,0.149518,0.005509,0.050000,0,0,1,0,0
horse_circle,hinge2,aw0p1875,1650,6135.837,0.287578,0.856187,0.729442,0.982932,19,0.00133193,3,0.080960,0.153646,0.008274,0.918664,0.845607,0.991721,0.916291,0.841518,0.991064,0.043035,0.003412,0.149427,0.006283,0.050000,0,0,1,0,0
horse_circle,hinge2,aw0p1875,1675,6160.865,0.286447,0.856970,0.729251,0.984690,19,0.00132344,2,0.080775,0.154204,0.007347,0.918905,0.845162,0.992648,0.916814,0.841704,0.991925,0.043172,0.003111,0.149240,0.005764,0.050000,0,0,1,0,0
horse_circle,hinge2,aw0p1875,1700,6320.261,0.287047,0.856377,0.729434,0.983320,19,0.00122792,3,0.081120,0.154297,0.007943,0.918588,0.845127,0.992050,0.916557,0.841983,0.991131,0.043150,0.003244,0.149107,0.006238,0.050000,0,0,1,0,0
horse_circle,hinge2,aw0p1875,1725,6345.223,0.286938,0.856249,0.729237,0.983260,19,0.00122839,2,0.080867,0.153460,0.008274,0.918716,0.845708,0.991723,0.916271,0.841146,0.991395,0.042907,0.003352,0.149861,0.006053,0.050000,0,0,1,0,0
horse_circle,hinge2,aw0p1875,1750,6504.998,0.287353,0.856208,0.730670,0.981745,19,0.00118934,4,0.081385,0.154762,0.008009,0.918490,0.845007,0.991972,0.916679,0.843750,0.989608,0.043256,0.003286,0.147221,0.007808,0.050000,0,0,1,0,0
horse_circle,hinge2,aw0p1875,1775,6529.836,0.286295,0.857566,0.730686,0.984447,19,0.00120222,4,0.081544,0.154483,0.008605,0.918312,0.845215,0.991408,0.918241,0.843564,0.992918,0.043233,0.003501,0.147712,0.004790,0.050000,0,0,1,0,0
horse_circle,hinge2,aw0p1875,1800,6688.977,0.285118,0.857068,0.730422,0.983714,19,0.00109295,4,0.081166,0.154390,0.007943,0.918644,0.845236,0.992053,0.917360,0.843192,0.991528,0.043219,0.003036,0.148098,0.005406,0.050000,0,0,1,0,0
horse_circle,hinge2,aw0p1875,1825,6713.981,0.284230,0.858024,0.729976,0.986072,19,0.00113288,4,0.080842,0.154204,0.007479,0.918910,0.845293,0.992527,0.917994,0.842541,0.993447,0.042938,0.003196,0.148662,0.004202,0.050000,0,0,1,0,0
horse_circle,hinge2,aw0p1875,1850,6872.994,0.285891,0.857856,0.729575,0.986136,19,0.00108348,2,0.081985,0.156622,0.007347,0.918055,0.843451,0.992658,0.918612,0.843843,0.993381,0.043818,0.002994,0.147510,0.004127,0.050000,0,0,1,0,0
horse_circle,hinge2,aw0p1875,1875,6897.969,0.285957,0.857705,0.729347,0.986063,19,0.00105805,3,0.082092,0.157366,0.006818,0.918024,0.842868,0.993180,0.918454,0.844122,0.992785,0.043951,0.002824,0.147413,0.004537,0.050000,0,0,1,0,0
horse_circle,hinge2,aw0p1875,1900,7058.295,0.284875,0.857825,0.730175,0.985474,19,0.00111671,2,0.081726,0.156436,0.007016,0.918337,0.843695,0.992980,0.918395,0.844401,0.992388,0.043663,0.002849,0.147101,0.004669,0.050000,0,0,1,0,0
horse_circle,hinge2,aw0p1875,1925,7083.303,0.285403,0.857841,0.731180,0.984502,19,0.00109893,3,0.082794,0.157645,0.007943,0.917528,0.842997,0.992059,0.919385,0.846447,0.992322,0.044121,0.002899,0.145212,0.004611,0.050000,0,0,1,0,0
horse_circle,hinge2,aw0p1875,1950,7242.104,0.285937,0.858023,0.730639,0.985407,19,0.00106276,3,0.082344,0.157738,0.006950,0.917938,0.842832,0.993045,0.919072,0.845889,0.992256,0.044075,0.002886,0.145932,0.004993,0.050000,0,0,1,0,0
horse_circle,hinge2,aw0p1875,1975,7267.198,0.284633,0.858808,0.731094,0.986523,19,0.00109928,2,0.082045,0.157273,0.006818,0.918217,0.843252,0.993183,0.919662,0.846075,0.993249,0.044002,0.002792,0.145617,0.004326,0.050000,0,0,1,0,0
horse_circle,hinge2,aw0p1875,2000,7426.221,0.284569,0.859465,0.732536,0.986394,19,0.00108730,2,0.082656,0.158296,0.007016,0.917879,0.842771,0.992986,0.920904,0.848493,0.993315,0.044216,0.002951,0.143583,0.004294,0.050000,0,0,1,0,0
horse_circle,hinge2,aw0p1875,2025,7451.132,0.276097,0.859224,0.733225,0.985223,19,0.00119162,2,0.076357,0.144903,0.007810,0.922496,0.852797,0.992195,0.916195,0.839472,0.992918,0.040355,0.003144,0.150754,0.004662,0.050000,0,0,1,0,0
horse_circle,hinge2,aw0p1875,2050,7610.192,0.273171,0.859894,0.733724,0.986064,19,0.00117178,2,0.074870,0.142857,0.006884,0.923775,0.854435,0.993114,0.915697,0.838542,0.992851,0.039814,0.002810,0.151025,0.004952,0.050000,0,0,1,0,0
horse_circle,hinge2,aw0p1875,2075,7634.947,0.274780,0.859775,0.735120,0.984430,19,0.00110139,4,0.076457,0.145368,0.007546,0.922610,0.852769,0.992450,0.916921,0.841983,0.991859,0.040400,0.003056,0.148362,0.005516,0.050000,0,0,1,0,0
horse_circle,hinge2,aw0p1875,2100,7791.690,0.274866,0.860282,0.738480,0.982084,19,0.00060470,2,0.076521,0.144438,0.008605,0.922715,0.854041,0.991388,0.917840,0.845145,0.990535,0.040199,0.003703,0.145157,0.006950,0.050000,0,0,1,0,0
horse_circle,hinge2,aw0p1875,2125,7816.129,0.274271,0.860871,0.740377,0.981366,19,0.00021678,2,0.077039,0.145275,0.008803,0.922459,0.853732,0.991186,0.918970,0.847935,0.990005,0.040434,0.003914,0.141729,0.007544,0.050000,0,0,1,0,0
horse_circle,hinge2,aw0p1875,2150,7975.385,0.276026,0.862599,0.744365,0.980833,19,0.00040783,3,0.079492,0.147135,0.011848,0.920609,0.853015,0.988203,0.923171,0.853888,0.992454,0.041004,0.005242,0.136259,0.005178,0.050000,0,0,1,0,0
horse_circle,hinge2,aw0p1875,2175,7999.947,0.274253,0.863420,0.745101,0.981740,19,0.00038561,3,0.079971,0.148624,0.011319,0.920383,0.852037,0.988728,0.924346,0.855841,0.992851,0.041245,0.004947,0.134578,0.004673,0.050000,0,0,1,0,0
horse_circle,hinge2,aw0p1875,2200,8157.725,0.267707,0.865618,0.744459,0.986777,19,0.00037001,3,0.077948,0.149740,0.006156,0.922472,0.851105,0.993838,0.924393,0.855934,0.992851,0.041685,0.002853,0.134133,0.004739,0.050000,0,0,1,0,0
horse_circle,hinge2,aw0p1875,2225,8182.464,0.268288,0.865726,0.746181,0.985271,19,0.00028955,2,0.078598,0.150577,0.006619,0.922077,0.850783,0.993370,0.925165,0.858538,0.991792,0.041946,0.002987,0.132130,0.005532,0.050000,0,0,1,0,0
horse_circle,hinge2,aw0p1875,2250,8340.739,0.268091,0.866247,0.746039,0.986455,19,0.00024719,2,0.078677,0.150670,0.006685,0.922002,0.850691,0.993313,0.925747,0.858445,0.993050,0.042145,0.003004,0.131798,0.004479,0.050000,0,0,1,0,0
horse_circle,hinge2,aw0p1875,2275,8365.438,0.270710,0.865161,0.744074,0.986249,19,0.00027549,2,0.079742,0.153460,0.006023,0.921142,0.848318,0.993966,0.925224,0.858259,0.992190,0.042823,0.002840,0.131903,0.005291,0.050000,0,0,1,0,0
horse_circle,hinge2,aw0p1875,2300,8521.135,0.271190,0.864854,0.743127,0.986582,19,0.00017331,2,0.079920,0.153553,0.006288,0.920896,0.848086,0.993706,0.925011,0.857236,0.992785,0.042995,0.002924,0.132087,0.004519,0.050000,0,0,1,0,0
horse_circle,hinge2,aw0p1875,2325,8545.778,0.273361,0.864962,0.742552,0.987373,19,0.00021572,1,0.082312,0.158203,0.006420,0.919105,0.844629,0.993580,0.926869,0.860026,0.993712,0.044032,0.002942,0.130053,0.003939,0.050000,0,0,1,0,0
horse_circle,hinge2,aw0p1875,2350,8704.050,0.276133,0.863657,0.740996,0.986318,19,0.00025701,2,0.082864,0.159505,0.006222,0.918596,0.843422,0.993770,0.925822,0.859189,0.992454,0.044455,0.002833,0.131265,0.004913,0.050000,0,0,1,0,0
horse_circle,hinge2,aw0p1875,2375,8728.612,0.275976,0.864295,0.741941,0.986649,19,0.00023268,2,0.083102,0.159784,0.006420,0.918483,0.843391,0.993576,0.926737,0.860491,0.992984,0.044469,0.002952,0.130188,0.005083,0.050000,0,0,1,0,0
horse_circle,hinge2,aw0p1875,2400,8884.764,0.274893,0.863797,0.740619,0.986976,19,0.00028504,2,0.081874,0.157459,0.006288,0.919265,0.844821,0.993709,0.925209,0.857236,0.993182,0.043865,0.002874,0.132954,0.004376,0.050000,0,0,1,0,0
horse_circle,hinge2,aw0p1875,2425,8908.923,0.274181,0.865275,0.743693,0.986857,19,0.00019716,2,0.082383,0.157552,0.007215,0.919045,0.845297,0.992794,0.927420,0.860863,0.993977,0.043976,0.003326,0.129451,0.003961,0.050000,0,0,1,0,0
horse_circle,hinge2,aw0p1875,2450,9063.954,0.273306,0.865474,0.745202,0.985745,19,0.00018821,1,0.082907,0.158203,0.007612,0.918745,0.845096,0.992395,0.928172,0.863095,0.993249,0.044147,0.003363,0.126567,0.004515,0.050000,0,0,1,0,0
horse_circle,hinge2,aw0p1875,2475,9088.169,0.269704,0.866909,0.747483,0.986335,19,0.00031135,2,0.081074,0.154669,0.007479,0.920280,0.848031,0.992529,0.928404,0.863095,0.993712,0.043154,0.003374,0.126950,0.004179,0.050000,0,0,1,0,0
horse_circle,hinge2,aw0p1875,2500,9243.899,0.267475,0.868060,0.750706,0.985415,19,0.00024391,3,0.080144,0.152809,0.007479,0.921225,0.849927,0.992522,0.929103,0.865420,0.992785,0.042743,0.003400,0.125201,0.004909,0.050000,0,0,1,0,0
acm_scf,hinge2,aw0p1875,1,2.388,1.382257,0.191796,0.151550,0.232042,20,0.00000000,0,0.213029,0.094140,0.331918,0.560016,0.637862,0.482170,0.237439,0.165817,0.309061,0.034581,0.046251,0.829957,0.684338,0.050000,0,0,0,0,0
acm_scf,hinge2,aw0p1875,25,43.501,1.067465,0.311867,0.229158,0.394575,20,0.00009366,0,0.119223,0.040568,0.197878,0.779751,0.854608,0.704894,0.355554,0.238454,0.472653,0.014628,0.027234,0.757677,0.521328,0.050000,0,0,0,0,0
acm_scf,hinge2,aw0p1875,50,318.112,0.914315,0.402087,0.283361,0.520814,20,0.00012174,1,0.120071,0.036060,0.204082,0.822538,0.890607,0.754469,0.460340,0.293579,0.627102,0.013139,0.027911,0.701931,0.365827,0.050000,0,0,0,0,0
acm_scf,hinge2,aw0p1875,75,360.328,0.819707,0.457884,0.320137,0.595631,20,0.00010938,1,0.110231,0.032218,0.188245,0.850535,0.911165,0.789905,0.519103,0.330451,0.707755,0.011863,0.025974,0.665528,0.286225,0.050000,0,0,0,0,0
acm_scf,hinge2,aw0p1875,100,629.821,0.728349,0.512404,0.362820,0.661987,20,0.00031814,1,0.107700,0.029114,0.186286,0.867967,0.927667,0.808268,0.579345,0.373384,0.785306,0.010311,0.025820,0.623116,0.208961,0.050000,0,0,0,0,0
acm_scf,hinge2,aw0p1875,125,672.095,0.642047,0.567270,0.408105,0.726435,20,0.00010683,1,0.107449,0.028449,0.186449,0.879334,0.936521,0.822146,0.640796,0.419715,0.861878,0.010392,0.025854,0.576500,0.133707,0.050000,0,0,0,0,0
acm_scf,hinge2,aw0p1875,150,936.562,0.587793,0.602833,0.458528,0.747138,20,0.00005204,1,0.106238,0.028966,0.183510,0.885146,0.942157,0.828135,0.678027,0.471810,0.884245,0.010361,0.025442,0.524487,0.111774,0.050000,0,0,0,0,0
acm_scf,hinge2,aw0p1875,175,977.507,0.559278,0.623750,0.497636,0.749864,20,0.00000000,0,0.114707,0.031700,0.197714,0.880712,0.941846,0.819577,0.705767,0.513412,0.898122,0.011421,0.027109,0.482947,0.098691,0.050000,0,0,0,0,0
acm_scf,hinge2,aw0p1875,200,1241.106,0.529737,0.645893,0.534421,0.757366,20,0.00000000,0,0.117518,0.032587,0.202449,0.881185,0.944241,0.818128,0.731265,0.551836,0.910694,0.011856,0.028433,0.444975,0.085709,0.050000,0,0,0,0,0
acm_scf,hinge2,aw0p1875,225,1282.148,0.505822,0.664083,0.567146,0.761020,20,0.00000111,0,0.120757,0.037760,0.203755,0.878881,0.939712,0.818049,0.752321,0.588561,0.916082,0.013436,0.028553,0.407594,0.080361,0.050000,0,0,0,0,0
acm_scf,hinge2,aw0p1875,250,1545.428,0.486064,0.679083,0.600298,0.757868,20,0.00000000,0,0.129687,0.040272,0.219102,0.873865,0.939418,0.808313,0.774196,0.624474,0.923918,0.014128,0.030542,0.371993,0.073854,0.050000,0,0,0,0,0
acm_scf,hinge2,aw0p1875,275,1586.570,0.472260,0.688439,0.617135,0.759744,20,0.00000175,1,0.131247,0.039311,0.223184,0.874298,0.942249,0.806347,0.785351,0.641395,0.929306,0.013940,0.031313,0.354798,0.068516,0.050000,0,0,0,0,0
acm_scf,hinge2,aw0p1875,300,1850.965,0.466552,0.695094,0.628189,0.761999,20,0.00000000,0,0.137066,0.042784,0.231347,0.870448,0.938691,0.802205,0.796676,0.655065,0.938286,0.015328,0.032500,0.342040,0.059504,0.050000,0,0,0,0,0
acm_scf,hinge2,aw0p1875,325,1892.143,0.463052,0.697576,0.634129,0.761022,20,0.00000000,0,0.138148,0.043154,0.233143,0.869881,0.938758,0.801003,0.799972,0.661494,0.938449,0.015427,0.032776,0.335203,0.059414,0.050000,0,0,0,0,0
acm_scf,hinge2,aw0p1875,350,2155.593,0.463399,0.695152,0.633636,0.756668,20,0.00000000,0,0.139161,0.041750,0.236571,0.869352,0.940514,0.798189,0.797882,0.660090,0.935673,0.015172,0.032389,0.336696,0.061837,0.050000,0,0,0,0,0
acm_scf,hinge2,aw0p1875,375,2196.499,0.460678,0.699362,0.633085,0.765640,20,0.00000000,0,0.133503,0.043006,0.224000,0.872970,0.938853,0.807087,0.798727,0.660312,0.937143,0.015620,0.031525,0.336754,0.060166,0.050000,0,0,0,0,0
acm_scf,hinge2,aw0p1875,400,2462.220,0.460349,0.699061,0.631303,0.766818,20,0.00000000,0,0.133280,0.043375,0.223184,0.873003,0.938217,0.807790,0.798323,0.658686,0.937959,0.015476,0.031373,0.338116,0.059922,0.050000,0,0,0,0,0
acm_scf,hinge2,aw0p1875,425,2503.464,0.455475,0.701189,0.632633,0.769745,20,0.00000000,0,0.133025,0.044336,0.221714,0.873165,0.937114,0.809216,0.800545,0.660681,0.940408,0.015443,0.031142,0.336042,0.056547,0.050000,0,0,0,0,0
acm_scf,hinge2,aw0p1875,450,2770.931,0.450145,0.703455,0.626913,0.779997,20,0.00000000,0,0.134372,0.042784,0.225959,0.873720,0.938574,0.808866,0.804990,0.653735,0.956245,0.014925,0.031640,0.343056,0.042137,0.050000,0,0,0,0,0
acm_scf,hinge2,aw0p1875,475,2813.127,0.444083,0.705373,0.624128,0.786617,20,0.00000000,0,0.132734,0.038203,0.227265,0.876885,0.944325,0.809446,0.806680,0.647972,0.965388,0.013718,0.031993,0.348616,0.032601,0.050000,0,0,0,0,0
acm_scf,hinge2,aw0p1875,500,3078.516,0.444208,0.704509,0.623968,0.785050,20,0.00000000,0,0.134032,0.038351,0.229714,0.875951,0.944115,0.807787,0.806643,0.647898,0.965388,0.013489,0.032164,0.348718,0.032983,0.050000,0,0,0,0,0
acm_scf,hinge2,aw0p1875,525,3119.648,0.443910,0.704201,0.622944,0.785458,20,0.00000000,0,0.134108,0.037686,0.230531,0.876166,0.944913,0.807420,0.806475,0.646420,0.966531,0.013315,0.032288,0.350312,0.031237,0.050000,0,0,0,0,0
acm_scf,hinge2,aw0p1875,550,3383.466,0.441570,0.705593,0.623147,0.788040,20,0.00000000,0,0.132722,0.036873,0.228571,0.877509,0.946013,0.809004,0.807144,0.646124,0.968163,0.013089,0.032040,0.350558,0.030220,0.050000,0,0,0,0,0
acm_scf,hinge2,aw0p1875,575,3424.528,0.442967,0.704661,0.621294,0.788028,20,0.00000000,0,0.133457,0.036873,0.230041,0.877028,0.945861,0.808195,0.806755,0.644203,0.969306,0.013075,0.032189,0.352851,0.029180,0.050000,0,0,0,0,0
acm_scf,hinge2,aw0p1875,600,3688.918,0.443060,0.703061,0.621720,0.784402,20,0.00000000,0,0.135692,0.036282,0.235102,0.875704,0.946688,0.804719,0.806547,0.644277,0.968816,0.013227,0.032039,0.352265,0.029882,0.050000,0,0,0,0,0
acm_scf,hinge2,aw0p1875,625,3730.052,0.434560,0.709464,0.624128,0.794800,20,0.00000000,0,0.131346,0.038203,0.224490,0.878446,0.944325,0.812568,0.810598,0.647972,0.973224,0.013335,0.031294,0.348564,0.025018,0.050000,0,0,0,0,0
acm_scf,hinge2,aw0p1875,650,3995.360,0.428608,0.712654,0.626882,0.798426,20,0.00000000,0,0.129801,0.035764,0.223837,0.880708,0.947794,0.813622,0.813222,0.649302,0.977143,0.012789,0.031207,0.347021,0.021560,0.050000,0,0,0,0,0
acm_scf,hinge2,aw0p1875,675,4036.734,0.425059,0.714257,0.627169,0.801345,20,0.00000000,0,0.124230,0.034582,0.213878,0.884579,0.949400,0.819758,0.810797,0.648858,0.972735,0.012345,0.029930,0.347777,0.024989,0.050000,0,0,0,0,0
acm_scf,hinge2,aw0p1875,700,4293.116,0.423320,0.714234,0.626509,0.801958,19,0.00000000,0,0.125886,0.034139,0.217633,0.883846,0.949946,0.817747,0.812194,0.647898,0.976490,0.012001,0.030151,0.348581,0.022390,0.050000,0,0,1,0,0
acm_scf,hinge2,aw0p1875,725,4332.735,0.422366,0.712679,0.625358,0.800000,19,0.00000000,0,0.122194,0.032144,0.212245,0.886502,0.952563,0.820442,0.807628,0.645459,0.969796,0.011535,0.028975,0.351205,0.027179,0.050000,0,0,1,0,0
acm_scf,hinge2,aw0p1875,750,4583.720,0.416827,0.718894,0.627792,0.809996,19,0.00000000,0,0.117133,0.032144,0.202122,0.890421,0.952738,0.828103,0.810843,0.647972,0.973714,0.011559,0.028459,0.348882,0.024339,0.050000,0,0,1,0,0
acm_scf,hinge2,aw0p1875,775,4622.775,0.415379,0.718389,0.626253,0.810525,19,0.00000000,0,0.118097,0.032439,0.203755,0.889734,0.952225,0.827243,0.811121,0.646568,0.975673,0.011569,0.028246,0.349966,0.022293,0.050000,0,0,1,0,0
acm_scf,hinge2,aw0p1875,800,4869.435,0.414384,0.719473,0.628132,0.810814,19,0.00000000,0,0.118513,0.032291,0.204735,0.889643,0.952562,0.826724,0.812616,0.648415,0.976816,0.011589,0.028516,0.347655,0.021661,0.050000,0,0,1,0,0
acm_scf,hinge2,aw0p1875,825,4908.141,0.417518,0.715952,0.627486,0.804418,19,0.00000000,0,0.122482,0.032883,0.212082,0.886530,0.951714,0.821345,0.811570,0.648119,0.975020,0.011818,0.028650,0.348447,0.023346,0.050000,0,0,1,0,0
acm_scf,hinge2,aw0p1875,850,5160.184,0.417988,0.716257,0.627501,0.805013,19,0.00000000,0,0.122754,0.033917,0.211592,0.886026,0.950319,0.821733,0.812066,0.648784,0.975347,0.012162,0.028616,0.347710,0.023083,0.050000,0,0,1,0,0
acm_scf,hinge2,aw0p1875,875,5198.684,0.417385,0.717656,0.627245,0.808067,19,0.00000000,0,0.119506,0.032809,0.206204,0.888590,0.951797,0.825384,0.811259,0.647824,0.974694,0.011463,0.028895,0.348625,0.023564,0.050000,0,0,1,0,0
acm_scf,hinge2,aw0p1875,900,5452.564,0.415398,0.718284,0.626037,0.810532,19,0.00000000,0,0.118280,0.033622,0.202939,0.889164,0.950608,0.827720,0.811053,0.647085,0.975020,0.011784,0.028009,0.349262,0.023145,0.050000,0,0,1,0,0
acm_scf,hinge2,aw0p1875,925,5491.346,0.413088,0.720443,0.629253,0.811634,19,0.00000000,0,0.116466,0.031626,0.201306,0.891206,0.953544,0.828869,0.812087,0.649154,0.975020,0.011630,0.027877,0.347465,0.023217,0.050000,0,0,1,0,0
acm_scf,hinge2,aw0p1875,950,5742.570,0.416135,0.719114,0.628116,0.810111,19,0.00000000,0,0.119503,0.034434,0.204571,0.888182,0.949671,0.826694,0.812791,0.649745,0.975837,0.012099,0.028455,0.347130,0.022256,0.050000,0,0,1,0,0
acm_scf,hinge2,aw0p1875,975,5781.579,0.416449,0.720140,0.628876,0.811405,19,0.00000000,0,0.118405,0.034360,0.202449,0.888994,0.949827,0.828160,0.813079,0.650484,0.975673,0.012462,0.028283,0.346165,0.022642,0.050000,0,0,1,0,0
acm_scf,hinge2,aw0p1875,1000,6032.935,0.415318,0.717648,0.628674,0.806622,19,0.00000000,0,0.120782,0.033400,0.208163,0.887548,0.951103,0.823992,0.812101,0.649671,0.974531,0.011840,0.028199,0.346836,0.024147,0.050000,0,0,1,0,0
acm_scf,hinge2,aw0p1875,1025,6071.884,0.419000,0.717138,0.628055,0.806220,19,0.00000000,0,0.120706,0.034065,0.207347,0.887277,0.950162,0.824392,0.811419,0.649449,0.973388,0.012142,0.028693,0.346974,0.024945,0.050000,0,0,1,0,0
acm_scf,hinge2,aw0p1875,1050,6323.120,0.413602,0.719722,0.629585,0.809860,19,0.00000000,0,0.117835,0.033548,0.202122,0.889526,0.950972,0.828079,0.812128,0.650706,0.973551,0.011804,0.027950,0.345769,0.024315,0.050000,0,0,1,0,0
acm_scf,hinge2,aw0p1875,1075,6362.036,0.412993,0.719870,0.629712,0.810029,19,0.00000000,0,0.117287,0.033104,0.201469,0.890035,0.951578,0.828492,0.811891,0.650558,0.973224,0.011604,0.027960,0.345685,0.024559,0.050000,0,0,1,0,0
acm_scf,hinge2,aw0p1875,1100,6593.421,0.411232,0.721843,0.630701,0.812986,17,0.00000000,0,0.114484,0.032070,0.196898,0.892375,0.953046,0.831705,0.811994,0.650927,0.973061,0.011675,0.027506,0.345280,0.024527,0.050000,0,0,3,0,0
acm_scf,hinge2,aw0p1875,1125,6628.856,0.412944,0.719010,0.629110,0.808911,17,0.00000000,0,0.118589,0.031626,0.205551,0.889723,0.953534,0.825913,0.812095,0.649006,0.975184,0.011177,0.028436,0.347540,0.022369,0.050000,0,0,3,0,0
acm_scf,hinge2,aw0p1875,1150,6859.322,0.412583,0.720949,0.630841,0.811057,17,0.00000000,0,0.117310,0.032661,0.201959,0.890321,0.952258,0.828385,0.813151,0.651445,0.974857,0.011610,0.028114,0.344691,0.024120,0.050000,0,0,3,0,0
acm_scf,hinge2,aw0p1875,1175,6895.393,0.412203,0.720963,0.630340,0.811586,17,0.00000000,0,0.119432,0.032661,0.206204,0.889115,0.952221,0.826009,0.814933,0.650927,0.978939,0.011667,0.028568,0.345227,0.020327,0.050000,0,0,3,0,0
acm_scf,hinge2,aw0p1875,1200,7123.708,0.411107,0.721369,0.630679,0.812060,17,0.00000000,0,0.118853,0.032809,0.204898,0.889448,0.952047,0.826849,0.814910,0.651371,0.978449,0.011614,0.028422,0.344817,0.020251,0.050000,0,0,3,0,0
acm_scf,hinge2,aw0p1875,1225,7159.028,0.415360,0.718108,0.630889,0.805328,17,0.00000000,0,0.122773,0.031996,0.213551,0.886917,0.953159,0.820675,0.814191,0.651075,0.977306,0.011779,0.029156,0.344951,0.021315,0.050000,0,0,3,0,0
acm_scf,hinge2,aw0p1875,1250,7385.482,0.414145,0.720413,0.630547,0.810279,17,0.00000000,0,0.118179,0.032439,0.203918,0.889820,0.952535,0.827104,0.813256,0.651001,0.975510,0.011828,0.028559,0.345158,0.022316,0.050000,0,0,3,0,0
acm_scf,hinge2,aw0p1875,1275,7421.156,0.415910,0.716892,0.632125,0.801660,17,0.00000000,0,0.126585,0.033252,0.219918,0.883983,0.951556,0.816410,0.815552,0.653144,0.977959,0.011768,0.029679,0.343284,0.021020,0.050000,0,0,3,0,0
acm_scf,hinge2,aw0p1875,1300,7645.699,0.412973,0.721289,0.631233,0.811346,17,0.00000000,0,0.117948,0.032956,0.202939,0.889875,0.951888,0.827863,0.814018,0.652036,0.976000,0.011816,0.028534,0.344372,0.021646,0.050000,0,0,3,0,0
acm_scf,hinge2,aw0p1875,1325,7680.951,0.412396,0.721825,0.633457,0.810193,17,0.00000000,0,0.120426,0.033178,0.207673,0.888333,0.951752,0.824914,0.816462,0.654474,0.978449,0.011890,0.028943,0.342591,0.020038,0.050000,0,0,3,0,0
acm_scf,hinge2,aw0p1875,1350,7900.159,0.405725,0.725081,0.632155,0.818007,16,0.00000000,0,0.112041,0.032735,0.191347,0.894065,0.952253,0.835877,0.813690,0.652849,0.974531,0.011732,0.026535,0.343714,0.023215,0.050000,0,0,4,0,0
acm_scf,hinge2,aw0p1875,1375,7933.989,0.404916,0.725161,0.632016,0.818306,16,0.00000000,0,0.112725,0.032144,0.193306,0.893896,0.953039,0.834752,0.814411,0.652331,0.976490,0.011429,0.026941,0.343800,0.021443,0.050000,0,0,4,0,0
acm_scf,hinge2,aw0p1875,1400,8152.119,0.404681,0.726806,0.635530,0.818083,16,0.00000000,0,0.114388,0.031553,0.197224,0.893233,0.954081,0.832385,0.817506,0.655583,0.979429,0.011708,0.027524,0.341038,0.019280,0.050000,0,0,4,0,0
acm_scf,hinge2,aw0p1875,1425,8185.801,0.404032,0.726328,0.636774,0.815883,16,0.00000000,0,0.116546,0.032439,0.200653,0.891484,0.952978,0.829990,0.818511,0.657430,0.979592,0.011477,0.027953,0.339060,0.019282,0.050000,0,0,4,0,0
acm_scf,hinge2,aw0p1875,1450,8401.750,0.407059,0.723925,0.636643,0.811206,16,0.00000000,0,0.119625,0.032883,0.206367,0.889112,0.952376,0.825847,0.818095,0.657578,0.978612,0.011631,0.028465,0.338728,0.020324,0.050000,0,0,4,0,0
acm_scf,hinge2,aw0p1875,1475,8435.496,0.405040,0.723455,0.637392,0.809517,16,0.00000000,0,0.120019,0.032365,0.207673,0.888957,0.953120,0.824793,0.817827,0.658021,0.977633,0.011536,0.027980,0.338495,0.020806,0.050000,0,0,4,0,0
acm_scf,hinge2,aw0p1875,1500,8651.274,0.406700,0.724620,0.637470,0.811771,16,0.00000000,0,0.118253,0.032587,0.203918,0.890098,0.952829,0.827367,0.817774,0.658243,0.977306,0.011639,0.028242,0.338546,0.021149,0.050000,0,0,4,0,0
acm_scf,hinge2,aw0p1875,1525,8684.838,0.405659,0.725935,0.638523,0.813348,16,0.00000000,0,0.118163,0.032735,0.203592,0.890270,0.952706,0.827834,0.819182,0.659425,0.978939,0.011696,0.028336,0.337397,0.020029,0.050000,0,0,4,0,0
acm_scf,hinge2,aw0p1875,1550,8902.479,0.405134,0.726243,0.639968,0.812517,16,0.00000000,0,0.117871,0.030518,0.205224,0.891256,0.955772,0.826740,0.819382,0.659499,0.979265,0.011359,0.028554,0.337400,0.019925,0.050000,0,0,4,0,0
acm_scf,hinge2,aw0p1875,1575,8936.219,0.406698,0.724850,0.638984,0.810716,16,0.00000000,0,0.119862,0.033030,0.206694,0.888959,0.952345,0.825572,0.819188,0.660090,0.978286,0.011705,0.028702,0.336498,0.020389,0.050000,0,0,4,0,0
acm_scf,hinge2,aw0p1875,1600,9153.396,0.406798,0.725264,0.640006,0.810522,16,0.00000000,0,0.120033,0.032883,0.207184,0.888934,0.952614,0.825255,0.819750,0.661051,0.978449,0.011843,0.028685,0.335974,0.020409,0.050000,0,0,4,0,0
acm_scf,hinge2,aw0p1875,1625,9187.176,0.406558,0.725204,0.640298,0.810109,16,0.00000000,0,0.120552,0.033104,0.208000,0.888526,0.952340,0.824711,0.820053,0.661494,0.978612,0.011834,0.028842,0.335323,0.019933,0.050000,0,0,4,0,0
acm_scf,hinge2,aw0p1875,1650,9402.507,0.406868,0.724574,0.640677,0.808470,16,0.00000000,0,0.122220,0.033991,0.210449,0.887103,0.951194,0.823012,0.820533,0.662455,0.978612,0.011974,0.029133,0.333850,0.019539,0.050000,0,0,4,0,0
acm_scf,hinge2,aw0p1875,1675,9436.299,0.407547,0.725488,0.642086,0.808889,16,0.00000000,0,0.123192,0.034139,0.212245,0.886582,0.951101,0.822064,0.822289,0.664007,0.980571,0.012219,0.029496,0.332608,0.018497,0.050000,0,0,4,0,0
acm_scf,hinge2,aw0p1875,1700,9652.494,0.409084,0.722894,0.643648,0.802140,16,0.00000000,0,0.127569,0.034730,0.220408,0.883332,0.950438,0.816227,0.822470,0.666002,0.978939,0.012341,0.029926,0.330370,0.019954,0.050000,0,0,4,0,0
acm_scf,hinge2,aw0p1875,1725,9686.337,0.409425,0.724352,0.642923,0.805780,16,0.00000000,0,0.124490,0.034287,0.214694,0.885538,0.950967,0.820109,0.821871,0.664967,0.978776,0.012263,0.029919,0.331166,0.020095,0.050000,0,0,4,0,0
teapot_droplets,hinge2,aw0p1875,1,1.576,1.300962,0.187954,0.187986,0.187922,20,0.00005626,0,0.483976,0.108913,0.859039,0.472968,0.656830,0.289107,0.278907,0.208460,0.349354,0.025443,0.050607,0.785660,0.639667,0.050000,0,0,0,0,0
teapot_droplets,hinge2,aw0p1875,25,28.652,0.903840,0.356671,0.300834,0.412509,20,0.00003247,2,0.309888,0.059876,0.559900,0.688312,0.841901,0.534724,0.481159,0.318847,0.643472,0.013976,0.032624,0.674210,0.349296,0.050000,0,0,0,0,0
teapot_droplets,hinge2,aw0p1875,50,203.869,0.740486,0.451828,0.426651,0.477006,20,0.00034379,3,0.292654,0.056614,0.528694,0.734063,0.888428,0.579698,0.590001,0.450805,0.729197,0.013006,0.030526,0.542457,0.267200,0.050000,0,0,0,0,0
teapot_droplets,hinge2,aw0p1875,75,230.922,0.652185,0.511013,0.518837,0.503189,20,0.00011201,1,0.257508,0.053036,0.461980,0.762886,0.911517,0.614256,0.641003,0.546354,0.735653,0.012258,0.026517,0.449113,0.261867,0.050000,0,0,0,0,0
teapot_droplets,hinge2,aw0p1875,100,402.402,0.563907,0.563522,0.596645,0.530398,20,0.00035806,2,0.237552,0.041461,0.433644,0.787139,0.937450,0.636828,0.690892,0.621383,0.760402,0.009275,0.024902,0.374030,0.236986,0.050000,0,0,0,0,0
teapot_droplets,hinge2,aw0p1875,125,429.275,0.503971,0.600095,0.644549,0.555641,20,0.00054460,2,0.213228,0.030832,0.395624,0.808914,0.955653,0.662175,0.719944,0.664422,0.775466,0.006824,0.022400,0.330386,0.222507,0.050000,0,0,0,0,0
teapot_droplets,hinge2,aw0p1875,150,604.244,0.466487,0.625958,0.668914,0.583001,20,0.00039103,3,0.190263,0.030096,0.350430,0.825071,0.958150,0.691992,0.738174,0.689046,0.787303,0.006649,0.019625,0.305418,0.210607,0.050000,0,0,0,0,0
teapot_droplets,hinge2,aw0p1875,175,631.286,0.431740,0.647349,0.706262,0.588437,20,0.00053325,1,0.193599,0.028517,0.358680,0.826266,0.962225,0.690307,0.762950,0.726402,0.799498,0.006170,0.020172,0.268137,0.198483,0.050000,0,0,0,0,0
teapot_droplets,hinge2,aw0p1875,200,809.397,0.403599,0.663997,0.744639,0.583355,20,0.00110237,0,0.204553,0.025676,0.383429,0.822695,0.967475,0.677915,0.785394,0.763759,0.807030,0.005355,0.021778,0.230967,0.191264,0.050000,0,0,0,0,0
teapot_droplets,hinge2,aw0p1875,225,836.762,0.372684,0.684240,0.761910,0.606570,20,0.00053580,1,0.193754,0.022730,0.364778,0.832896,0.971657,0.694135,0.803531,0.779228,0.827834,0.004995,0.020582,0.216580,0.170998,0.050000,0,0,0,0,0
teapot_droplets,hinge2,aw0p1875,250,1008.136,0.355262,0.692999,0.771717,0.614282,19,0.00060710,1,0.199335,0.022414,0.376255,0.832196,0.972377,0.692014,0.817211,0.789014,0.845409,0.004606,0.021463,0.207034,0.153335,0.050000,0,0,1,0,0
teapot_droplets,hinge2,aw0p1875,275,1034.023,0.343496,0.696756,0.775775,0.617738,19,0.00042471,1,0.208471,0.021677,0.395265,0.829485,0.973378,0.685592,0.827250,0.792592,0.861908,0.004225,0.022452,0.203307,0.137439,0.050000,0,0,1,0,0
teapot_droplets,hinge2,aw0p1875,300,1201.666,0.336875,0.702173,0.785766,0.618581,19,0.00020848,1,0.205781,0.021677,0.389885,0.830855,0.973708,0.688002,0.831278,0.802799,0.859756,0.004396,0.022222,0.193014,0.138937,0.050000,0,0,1,0,0
teapot_droplets,hinge2,aw0p1875,325,1227.913,0.331085,0.702862,0.796951,0.608773,19,0.00016407,0,0.218051,0.021467,0.414634,0.824657,0.974307,0.675007,0.837625,0.814059,0.861191,0.004018,0.023289,0.182545,0.137628,0.050000,0,0,1,0,0
teapot_droplets,hinge2,aw0p1875,350,1396.288,0.325098,0.708276,0.802893,0.613660,19,0.00015093,0,0.213043,0.018626,0.407461,0.828596,0.977733,0.679458,0.840774,0.817847,0.863702,0.003606,0.023265,0.178405,0.135677,0.050000,0,0,1,0,0
teapot_droplets,hinge2,aw0p1875,375,1422.703,0.317974,0.714032,0.806525,0.621538,19,0.00013765,1,0.209055,0.019257,0.398852,0.831316,0.977111,0.685520,0.845748,0.822056,0.869440,0.003954,0.022711,0.174755,0.130417,0.050000,0,0,1,0,0
teapot_droplets,hinge2,aw0p1875,400,1591.829,0.317631,0.712844,0.808289,0.617400,19,0.00012865,0,0.214088,0.018205,0.409971,0.829095,0.978359,0.679832,0.846760,0.823003,0.870516,0.003343,0.023641,0.173415,0.129582,0.050000,0,0,1,0,0
teapot_droplets,hinge2,aw0p1875,425,1618.365,0.317610,0.713084,0.810001,0.616167,19,0.00014659,2,0.214784,0.018520,0.411047,0.828518,0.978044,0.678992,0.847222,0.825003,0.869440,0.003716,0.023640,0.171519,0.129441,0.050000,0,0,1,0,0
teapot_droplets,hinge2,aw0p1875,450,1790.982,0.318612,0.712658,0.807676,0.617640,19,0.00009778,2,0.213495,0.019888,0.407102,0.828713,0.976425,0.681001,0.846411,0.823740,0.869082,0.003869,0.023339,0.172800,0.130416,0.050000,0,0,1,0,0
teapot_droplets,hinge2,aw0p1875,475,1817.797,0.309024,0.720908,0.818558,0.623259,19,0.00020162,0,0.204688,0.018415,0.390961,0.833790,0.978387,0.689193,0.850281,0.833631,0.866930,0.003719,0.022549,0.162708,0.131919,0.050000,0,0,1,0,0
teapot_droplets,hinge2,aw0p1875,500,1990.999,0.303788,0.725428,0.818933,0.631923,19,0.00019698,0,0.196195,0.019362,0.373027,0.838333,0.977332,0.699335,0.851218,0.834789,0.867647,0.003972,0.021362,0.161080,0.131165,0.050000,0,0,1,0,0
teapot_droplets,hinge2,aw0p1875,525,2017.502,0.306254,0.724530,0.820027,0.629032,19,0.00036145,2,0.200117,0.021467,0.378766,0.835520,0.975012,0.696028,0.852459,0.837630,0.867288,0.004478,0.021849,0.159186,0.131071,0.050000,0,0,1,0,0
teapot_droplets,hinge2,aw0p1875,550,2188.633,0.302758,0.726217,0.817666,0.634767,19,0.00003827,1,0.194473,0.020941,0.368006,0.838939,0.975529,0.702350,0.851577,0.834789,0.868364,0.004178,0.020991,0.161431,0.130402,0.050000,0,0,1,0,0
teapot_droplets,hinge2,aw0p1875,575,2214.910,0.301399,0.729282,0.822821,0.635742,19,0.00005951,1,0.193754,0.022730,0.364778,0.838858,0.973700,0.704016,0.854585,0.841524,0.867647,0.004741,0.021114,0.155053,0.131188,0.050000,0,0,1,0,0
teapot_droplets,hinge2,aw0p1875,600,2383.109,0.300236,0.729274,0.828803,0.629746,19,0.00004616,0,0.197843,0.025887,0.369799,0.835198,0.970454,0.699942,0.856442,0.850258,0.862626,0.005447,0.021119,0.145011,0.135810,0.050000,0,0,1,0,0
teapot_droplets,hinge2,aw0p1875,625,2409.571,0.299101,0.730123,0.834888,0.625358,19,0.00004090,1,0.202209,0.026728,0.377690,0.832493,0.969762,0.695224,0.859376,0.857203,0.861549,0.005719,0.021367,0.139160,0.137303,0.050000,0,0,1,0,0
teapot_droplets,hinge2,aw0p1875,650,2579.712,0.298018,0.731290,0.836572,0.626008,19,0.00003507,0,0.204032,0.028938,0.379125,0.831168,0.967475,0.694861,0.862062,0.860781,0.863343,0.006162,0.021652,0.135584,0.135472,0.050000,0,0,1,0,0
teapot_droplets,hinge2,aw0p1875,675,2606.144,0.298301,0.730860,0.836720,0.625000,19,0.00003918,0,0.206793,0.030517,0.383070,0.829372,0.965818,0.692927,0.863336,0.862254,0.864419,0.006499,0.021791,0.134291,0.134622,0.050000,0,0,1,0,0
teapot_droplets,hinge2,aw0p1875,700,2771.700,0.300334,0.731333,0.839685,0.622981,19,0.00004402,0,0.203250,0.029885,0.376614,0.830726,0.966596,0.694856,0.861192,0.864780,0.857604,0.006410,0.021507,0.132004,0.141756,0.050000,0,0,1,0,0
teapot_droplets,hinge2,aw0p1875,725,2797.348,0.306446,0.725612,0.837383,0.613841,19,0.00002766,0,0.212511,0.030832,0.394189,0.825081,0.965513,0.684648,0.859506,0.863201,0.855811,0.006638,0.022460,0.133886,0.142190,0.050000,0,0,1,0,0
teapot_droplets,hinge2,aw0p1875,750,2964.348,0.300744,0.727996,0.843418,0.612573,19,0.00003151,0,0.216542,0.029570,0.403515,0.823824,0.967069,0.680579,0.864057,0.868357,0.859756,0.006342,0.022952,0.127937,0.139070,0.050000,0,0,1,0,0
teapot_droplets,hinge2,aw0p1875,775,2990.081,0.300003,0.729609,0.844188,0.615029,19,0.00004311,0,0.213874,0.029254,0.398494,0.825407,0.967428,0.683386,0.864499,0.868884,0.860115,0.006330,0.022721,0.127745,0.139502,0.050000,0,0,1,0,0
teapot_droplets,hinge2,aw0p1875,800,3157.933,0.295225,0.731551,0.843539,0.619562,19,0.00011006,0,0.212257,0.031043,0.393472,0.826233,0.965537,0.686929,0.866534,0.869725,0.863343,0.006405,0.022395,0.126847,0.134948,0.050000,0,0,1,0,0
teapot_droplets,hinge2,aw0p1875,825,3183.997,0.290399,0.733864,0.847902,0.619826,19,0.00008848,1,0.215985,0.028096,0.403874,0.825886,0.968776,0.682995,0.870941,0.871725,0.870158,0.006005,0.022924,0.125109,0.129225,0.050000,0,0,1,0,0
teapot_droplets,hinge2,aw0p1875,850,3352.245,0.283072,0.737877,0.853884,0.621870,19,0.00026483,1,0.213986,0.024098,0.403874,0.828445,0.973182,0.683708,0.873744,0.874461,0.873027,0.005034,0.023013,0.121921,0.126632,0.050000,0,0,1,0,0
teapot_droplets,hinge2,aw0p1875,875,3378.335,0.283051,0.738482,0.855446,0.621518,19,0.00038604,1,0.215700,0.027886,0.403515,0.826492,0.969261,0.683722,0.875806,0.879301,0.872310,0.005916,0.022872,0.117549,0.126900,0.050000,0,0,1,0,0
teapot_droplets,hinge2,aw0p1875,900,3547.602,0.279577,0.739904,0.866612,0.613196,19,0.00056295,1,0.225734,0.027149,0.424319,0.821713,0.970403,0.673024,0.881763,0.890140,0.873386,0.005790,0.024175,0.106760,0.126353,0.050000,0,0,1,0,0
teapot_droplets,hinge2,aw0p1875,925,3574.397,0.276042,0.743102,0.864915,0.621290,19,0.00050552,2,0.215383,0.029043,0.401722,0.826364,0.968399,0.684329,0.880455,0.890035,0.870875,0.005762,0.022882,0.107169,0.128070,0.050000,0,0,1,0,0
teapot_droplets,hinge2,aw0p1875,950,3743.765,0.272319,0.746258,0.868829,0.623686,19,0.00048684,0,0.212233,0.025255,0.399211,0.829277,0.972430,0.686125,0.881720,0.890771,0.872669,0.005374,0.022907,0.105782,0.126173,0.050000,0,0,1,0,0
teapot_droplets,hinge2,aw0p1875,975,3770.248,0.270538,0.747500,0.872908,0.622092,19,0.00058327,0,0.213921,0.025045,0.402798,0.828484,0.972772,0.684196,0.883719,0.894770,0.872669,0.005374,0.022968,0.102082,0.126941,0.050000,0,0,1,0,0
teapot_droplets,hinge2,aw0p1875,1000,3947.047,0.270316,0.746262,0.875243,0.617281,19,0.00050878,1,0.219383,0.027360,0.411406,0.824861,0.970471,0.679251,0.885212,0.899190,0.871234,0.005821,0.023216,0.097840,0.127239,0.050000,0,0,1,0,0
teapot_droplets,hinge2,aw0p1875,1025,3973.328,0.268809,0.748492,0.876102,0.620883,19,0.00037187,1,0.215892,0.026834,0.404950,0.826995,0.971036,0.682954,0.885960,0.899611,0.872310,0.005775,0.022933,0.097316,0.127532,0.050000,0,0,1,0,0
teapot_droplets,hinge2,aw0p1875,1050,4142.688,0.274655,0.745132,0.873199,0.617064,19,0.00036934,1,0.221184,0.029885,0.412482,0.823304,0.967837,0.678771,0.885444,0.899295,0.871593,0.006409,0.023602,0.097729,0.128399,0.050000,0,0,1,0,0
teapot_droplets,hinge2,aw0p1875,1075,4168.583,0.277085,0.742529,0.877324,0.607735,19,0.00023170,1,0.229232,0.030201,0.428264,0.818642,0.967666,0.669618,0.885913,0.903820,0.868006,0.006463,0.024569,0.093025,0.131211,0.050000,0,0,1,0,0
teapot_droplets,hinge2,aw0p1875,1100,4337.480,0.278648,0.740276,0.876267,0.604286,19,0.00014721,2,0.233792,0.028202,0.439383,0.817016,0.969649,0.664384,0.885389,0.900979,0.869799,0.005962,0.025074,0.095916,0.130584,0.050000,0,0,1,0,0
teapot_droplets,hinge2,aw0p1875,1125,4363.465,0.279049,0.739872,0.878747,0.600998,19,0.00017116,2,0.231623,0.024939,0.438307,0.818301,0.973056,0.663546,0.882541,0.900663,0.864419,0.005346,0.025048,0.095761,0.134703,0.050000,0,0,1,0,0
teapot_droplets,hinge2,aw0p1875,1150,4534.260,0.279397,0.739217,0.876243,0.602191,19,0.00009900,1,0.233563,0.026307,0.440818,0.817341,0.971578,0.663103,0.883471,0.899295,0.867647,0.005574,0.024938,0.097578,0.132821,0.050000,0,0,1,0,0
teapot_droplets,hinge2,aw0p1875,1175,4560.163,0.277958,0.741397,0.877128,0.605666,19,0.00012108,1,0.228383,0.025992,0.430775,0.819943,0.971929,0.667957,0.883249,0.899926,0.866571,0.005508,0.024582,0.097315,0.133285,0.050000,0,0,1,0,0
teapot_droplets,hinge2,aw0p1875,1200,4726.927,0.267796,0.747508,0.876390,0.618627,19,0.00011263,1,0.226435,0.031779,0.421090,0.821093,0.966048,0.676138,0.891683,0.904241,0.879125,0.006776,0.023981,0.092389,0.120359,0.050000,0,0,1,0,0
teapot_droplets,hinge2,aw0p1875,1225,4752.365,0.256910,0.752986,0.874244,0.631727,19,0.00008936,0,0.213149,0.026728,0.399570,0.829912,0.971084,0.688740,0.890879,0.897611,0.884146,0.005151,0.022670,0.098778,0.114331,0.050000,0,0,1,0,0
teapot_droplets,hinge2,aw0p1875,1250,4916.019,0.254652,0.755566,0.873758,0.637374,19,0.00007453,1,0.207336,0.026939,0.387733,0.833044,0.970853,0.695235,0.890900,0.897296,0.884505,0.005282,0.021943,0.099522,0.113603,0.050000,0,0,1,0,0
teapot_droplets,hinge2,aw0p1875,1275,4941.022,0.250813,0.758323,0.876357,0.640290,19,0.00006473,0,0.207135,0.027255,0.387016,0.833549,0.970615,0.696484,0.894167,0.900242,0.888092,0.005275,0.022007,0.096508,0.110922,0.050000,0,0,1,0,0
teapot_droplets,hinge2,aw0p1875,1300,5105.103,0.251041,0.758792,0.876551,0.641032,19,0.00005280,0,0.208096,0.026307,0.389885,0.833596,0.971588,0.695603,0.895286,0.899611,0.890961,0.005384,0.022267,0.097014,0.108777,0.050000,0,0,1,0,0
teapot_droplets,hinge2,aw0p1875,1325,5130.617,0.248208,0.760013,0.880652,0.639374,19,0.00004878,1,0.211862,0.026307,0.397418,0.831926,0.971716,0.692137,0.898646,0.903820,0.893472,0.005559,0.022584,0.093118,0.106070,0.050000,0,0,1,0,0
teapot_droplets,hinge2,aw0p1875,1350,5298.458,0.242905,0.762801,0.884801,0.640802,19,0.00005098,0,0.209988,0.023992,0.395983,0.833683,0.974202,0.693163,0.900289,0.906030,0.894548,0.004932,0.022484,0.091569,0.104025,0.050000,0,0,1,0,0
teapot_droplets,hinge2,aw0p1875,1375,5324.467,0.243237,0.762590,0.885571,0.639610,19,0.00004964,0,0.210851,0.025360,0.396341,0.832729,0.972830,0.692629,0.900571,0.908029,0.893113,0.005271,0.022469,0.088941,0.105398,0.050000,0,0,1,0,0
teapot_droplets,hinge2,aw0p1875,1400,5490.390,0.240098,0.764789,0.890018,0.639559,19,0.00004926,0,0.211432,0.024729,0.398135,0.832762,0.973601,0.691923,0.903109,0.912028,0.894189,0.005164,0.022504,0.085204,0.105103,0.050000,0,0,1,0,0
teapot_droplets,hinge2,aw0p1875,1425,5515.659,0.239288,0.766977,0.888969,0.644986,19,0.00004840,0,0.204332,0.024519,0.384146,0.836471,0.973785,0.699157,0.901760,0.910765,0.892755,0.005040,0.021911,0.086814,0.106178,0.050000,0,0,1,0,0
teapot_droplets,hinge2,aw0p1875,1450,5682.336,0.237233,0.767064,0.891825,0.642304,19,0.00005291,0,0.206085,0.023361,0.388809,0.835743,0.975042,0.696444,0.902348,0.912659,0.892037,0.004464,0.022123,0.084446,0.107584,0.050000,0,0,1,0,0
teapot_droplets,hinge2,aw0p1875,1475,5708.259,0.234442,0.768114,0.894802,0.641427,19,0.00005427,0,0.210863,0.024308,0.397418,0.833492,0.974164,0.692820,0.906447,0.916553,0.896341,0.004868,0.022420,0.081175,0.103191,0.050000,0,0,1,0,0
teapot_droplets,hinge2,aw0p1875,1500,5870.121,0.233628,0.768606,0.893676,0.643536,19,0.00004697,0,0.209493,0.023361,0.395624,0.834649,0.975093,0.694206,0.906344,0.914553,0.898135,0.004870,0.022191,0.083013,0.101426,0.050000,0,0,1,0,0
teapot_droplets,hinge2,aw0p1875,1525,5895.324,0.236581,0.766495,0.890885,0.642105,19,0.00005522,0,0.211104,0.025150,0.397059,0.833191,0.973200,0.693182,0.905175,0.913291,0.897059,0.005251,0.022461,0.083349,0.101764,0.050000,0,0,1,0,0
teapot_droplets,hinge2,aw0p1875,1550,6060.414,0.244676,0.759857,0.888002,0.631712,19,0.00006105,2,0.225385,0.027886,0.422884,0.825204,0.970355,0.680054,0.905808,0.912764,0.898852,0.005885,0.023939,0.084661,0.100577,0.050000,0,0,1,0,0
teapot_droplets,hinge2,aw0p1875,1575,6086.565,0.245999,0.761240,0.885374,0.637107,19,0.00010209,2,0.214017,0.024519,0.403515,0.831368,0.973681,0.689055,0.900636,0.907082,0.894189,0.005128,0.023148,0.089473,0.105840,0.050000,0,0,1,0,0
teapot_droplets,hinge2,aw0p1875,1600,6256.728,0.247885,0.758676,0.884171,0.633181,19,0.00010746,2,0.221164,0.028412,0.413917,0.826768,0.969700,0.683836,0.902279,0.909292,0.895265,0.005927,0.023397,0.088176,0.104204,0.050000,0,0,1,0,0
teapot_droplets,hinge2,aw0p1875,1625,6283.141,0.242310,0.762034,0.886380,0.637689,19,0.00004897,2,0.214026,0.025255,0.402798,0.831241,0.972961,0.689522,0.901657,0.908766,0.894548,0.005013,0.022968,0.086978,0.104773,0.050000,0,0,1,0,0
teapot_droplets,hinge2,aw0p1875,1650,6447.981,0.243290,0.763244,0.891075,0.635414,19,0.00002555,3,0.217379,0.026939,0.407819,0.829133,0.971403,0.686863,0.904814,0.915079,0.894548,0.005608,0.023350,0.082521,0.105418,0.050000,0,0,1,0,0
teapot_droplets,hinge2,aw0p1875,1675,6474.070,0.242026,0.761308,0.889105,0.633511,19,0.00003287,2,0.221937,0.026728,0.417145,0.827157,0.971553,0.682761,0.905323,0.912870,0.897776,0.005420,0.023552,0.083823,0.102258,0.050000,0,0,1,0,0
teapot_droplets,hinge2,aw0p1875,1700,6640.742,0.241461,0.763455,0.889640,0.637270,19,0.00001915,2,0.215048,0.026939,0.403156,0.830302,0.971358,0.689245,0.903898,0.913606,0.894189,0.005546,0.022979,0.083410,0.104273,0.050000,0,0,1,0,0
teapot_droplets,hinge2,aw0p1875,1725,6666.623,0.239009,0.764670,0.892630,0.636711,19,0.00002342,2,0.217023,0.025150,0.408895,0.830075,0.973251,0.686899,0.906069,0.915079,0.897059,0.005211,0.023166,0.081942,0.103078,0.050000,0,0,1,0,0
teapot_droplets,hinge2,aw0p1875,1750,6834.198,0.238357,0.764866,0.894596,0.635135,19,0.00002155,2,0.215526,0.024308,0.406743,0.830665,0.974158,0.687172,0.904907,0.916342,0.893472,0.004999,0.023221,0.080324,0.104613,0.050000,0,0,1,0,0
teapot_droplets,hinge2,aw0p1875,1775,6860.319,0.240113,0.763378,0.896261,0.630496,19,0.00003164,3,0.217962,0.024519,0.411406,0.828920,0.973993,0.683848,0.904061,0.918236,0.889885,0.005006,0.023359,0.078019,0.108604,0.050000,0,0,1,0,0
teapot_droplets,hinge2,aw0p1875,1800,7029.076,0.239413,0.762117,0.899046,0.625188,19,0.00013706,3,0.227687,0.025676,0.429699,0.824124,0.972910,0.675339,0.907980,0.922130,0.893831,0.004967,0.024325,0.074652,0.105942,0.050000,0,0,1,0,0
