pair,arm,step,seconds,loss,mean_iou,view1_iou,view2_iou,patches,overlap,overlap_repaired_pairs,mean_spill,view1_spill,view2_spill,mean_precision,view1_precision,view2_precision,mean_coverage,view1_coverage,view2_coverage,view1_negative_space,view2_negative_space,view1_silhouette,view2_silhouette,lambda_count,total_adds,total_splits,total_deletes,count_active,target_reached
sun_moon,hinge2,1,1.574,1.591758,0.223209,0.192984,0.253433,20,0.00000000,0,0.178953,0.179559,0.178346,0.592563,0.559034,0.626091,0.263134,0.227636,0.298632,0.040695,0.035942,0.765997,0.696076,0.000000,0,0,0,0,0
sun_moon,hinge2,10,11.588,1.397899,0.291349,0.265017,0.317682,20,0.00000000,0,0.129992,0.134939,0.125045,0.715559,0.690305,0.740814,0.329092,0.300778,0.357406,0.030229,0.025161,0.692668,0.638992,0.000000,0,0,0,0,0
sun_moon,hinge2,20,22.429,1.233847,0.360645,0.339971,0.381320,20,0.00000000,0,0.103241,0.112252,0.094230,0.793433,0.771095,0.815771,0.397692,0.378133,0.417252,0.025169,0.018937,0.615342,0.579173,0.000000,0,0,0,0,0
sun_moon,hinge2,30,33.043,1.091202,0.430710,0.415157,0.446264,20,0.00000557,0,0.098767,0.114844,0.082689,0.827533,0.801197,0.853869,0.473000,0.462835,0.483165,0.025510,0.016488,0.531596,0.512856,0.000000,0,0,0,0,0
sun_moon,hinge2,40,43.883,0.991565,0.481576,0.474737,0.488416,20,0.00004258,2,0.098354,0.118302,0.078406,0.844101,0.817773,0.870429,0.528805,0.530899,0.526710,0.026220,0.015556,0.464472,0.470131,0.000000,0,0,0,0,0
sun_moon,hinge2,50,196.365,0.916320,0.519330,0.526651,0.512009,23,0.00002534,0,0.097925,0.120895,0.074955,0.855077,0.830017,0.880137,0.570353,0.590320,0.550387,0.026959,0.014794,0.404983,0.446116,0.000000,3,0,0,0,0
sun_moon,hinge2,60,208.723,0.848063,0.553020,0.568324,0.537716,23,0.00016585,0,0.095652,0.123487,0.067817,0.866154,0.837941,0.894366,0.606343,0.638505,0.574182,0.027368,0.013290,0.357319,0.422215,0.000000,3,0,0,0,0
sun_moon,hinge2,70,221.157,0.795855,0.579588,0.593260,0.565916,23,0.00015752,2,0.094360,0.121975,0.066746,0.872787,0.845130,0.900444,0.634655,0.665622,0.603688,0.026857,0.013172,0.330530,0.393515,0.000000,3,0,0,0,0
sun_moon,hinge2,80,233.811,0.746679,0.602469,0.612825,0.592113,23,0.00009056,2,0.087634,0.110307,0.064961,0.883551,0.860500,0.906603,0.655500,0.680424,0.630577,0.024412,0.012588,0.314846,0.366727,0.000000,3,0,0,0,0
sun_moon,hinge2,90,246.481,0.699843,0.627752,0.620463,0.635040,23,0.00009474,5,0.090690,0.119274,0.062106,0.884555,0.853425,0.915684,0.684474,0.694468,0.674479,0.026462,0.012087,0.301247,0.322087,0.000000,3,0,0,0,0
sun_moon,hinge2,100,424.943,0.652699,0.653172,0.626448,0.679897,26,0.00010070,4,0.093210,0.128241,0.058180,0.885803,0.846423,0.925184,0.713119,0.706785,0.719453,0.028322,0.011413,0.289712,0.276491,0.000000,6,0,0,0,0
sun_moon,hinge2,110,439.032,0.627228,0.666873,0.630206,0.703540,26,0.00007381,4,0.091408,0.130942,0.051874,0.889645,0.844794,0.934495,0.726381,0.712727,0.740036,0.028920,0.010212,0.283638,0.256697,0.000000,6,0,0,0,0
sun_moon,hinge2,120,452.925,0.602236,0.679535,0.637144,0.721926,26,0.00012817,4,0.090996,0.132022,0.049970,0.891715,0.845277,0.938153,0.739632,0.721262,0.758001,0.029150,0.009738,0.274863,0.238637,0.000000,6,0,0,0,0
sun_moon,hinge2,130,466.957,0.567991,0.698670,0.651744,0.745595,26,0.00015512,4,0.091654,0.136668,0.046639,0.893928,0.844250,0.943605,0.760593,0.740817,0.780369,0.030298,0.009028,0.256493,0.217180,0.000000,6,0,0,0,0
sun_moon,hinge2,140,480.808,0.524476,0.720979,0.671251,0.770708,26,0.00043259,4,0.093080,0.139045,0.047115,0.895483,0.846126,0.944839,0.785802,0.764585,0.807020,0.030660,0.009361,0.232562,0.189769,0.000000,6,0,0,0,0
sun_moon,hinge2,150,681.485,0.474913,0.746633,0.691631,0.801634,29,0.00027447,3,0.095463,0.142502,0.048424,0.896368,0.847214,0.945523,0.815321,0.790190,0.840452,0.031459,0.009553,0.207121,0.156298,0.000000,8,1,0,0,0
sun_moon,hinge2,160,697.208,0.424103,0.772029,0.709006,0.835052,29,0.00029964,3,0.093708,0.137208,0.050208,0.900212,0.854575,0.945849,0.841633,0.806288,0.876978,0.030113,0.009730,0.191367,0.120252,0.000000,8,1,0,0,0
sun_moon,hinge2,170,712.814,0.396756,0.786548,0.719862,0.853234,29,0.00022153,3,0.090722,0.129213,0.052231,0.903933,0.862844,0.945022,0.855339,0.812878,0.897799,0.028671,0.010251,0.185112,0.099870,0.000000,8,1,0,0,0
sun_moon,hinge2,180,728.508,0.376694,0.796046,0.727456,0.864635,29,0.00025889,3,0.087069,0.123812,0.050327,0.907982,0.868472,0.947493,0.862837,0.817524,0.908150,0.027278,0.009870,0.180166,0.089592,0.000000,8,1,0,0,0
sun_moon,hinge2,190,744.107,0.360326,0.803780,0.731325,0.876235,29,0.00027140,2,0.085064,0.122299,0.047829,0.910402,0.870317,0.950487,0.869454,0.820765,0.918144,0.026631,0.009312,0.176948,0.079429,0.000000,8,1,0,0,0
sun_moon,hinge2,200,968.371,0.341213,0.814302,0.742041,0.886563,32,0.00023440,4,0.084479,0.123271,0.045687,0.912097,0.871161,0.953033,0.880290,0.833513,0.927067,0.026620,0.009031,0.164825,0.071513,0.000000,10,2,0,0,0
sun_moon,hinge2,210,985.777,0.323159,0.823130,0.747941,0.898319,32,0.00033960,4,0.077745,0.115277,0.040214,0.918662,0.878584,0.958740,0.884303,0.834162,0.934444,0.025226,0.007758,0.163048,0.063822,0.000000,10,2,0,0,0
sun_moon,hinge2,220,1003.229,0.303506,0.833487,0.761498,0.905477,32,0.00056062,4,0.075935,0.113440,0.038430,0.921365,0.881996,0.960734,0.894078,0.847882,0.940274,0.024696,0.007348,0.150364,0.058254,0.000000,10,2,0,0,0
sun_moon,hinge2,230,1020.659,0.286567,0.841730,0.774586,0.908873,32,0.00088396,5,0.075715,0.109551,0.041880,0.922295,0.886944,0.957646,0.903189,0.859443,0.946936,0.024117,0.007835,0.138330,0.051581,0.000000,10,2,0,0,0
sun_moon,hinge2,240,1037.767,0.269544,0.850800,0.783942,0.917659,32,0.00113350,4,0.074498,0.110091,0.038905,0.924246,0.887701,0.960791,0.911804,0.870246,0.953361,0.024092,0.007283,0.127891,0.045219,0.000000,10,2,0,0,0
sun_moon,hinge2,250,1276.215,0.250940,0.861339,0.799725,0.922953,34,0.00128378,5,0.067782,0.099395,0.036169,0.930995,0.898432,0.963558,0.917774,0.879213,0.956336,0.021951,0.007102,0.119002,0.042608,0.000000,12,3,1,0,0
sun_moon,hinge2,260,1294.402,0.228325,0.872476,0.810896,0.934056,34,0.00098270,5,0.065322,0.098639,0.032005,0.934091,0.900317,0.967865,0.927416,0.890882,0.963950,0.021566,0.006198,0.107057,0.034818,0.000000,12,3,1,0,0
sun_moon,hinge2,270,1312.184,0.209182,0.882583,0.825025,0.940141,34,0.00077913,5,0.062094,0.096586,0.027603,0.937881,0.903539,0.972222,0.935401,0.904710,0.966092,0.021037,0.005374,0.093149,0.033024,0.000000,12,3,1,0,0
sun_moon,hinge2,280,1330.040,0.194292,0.889139,0.836563,0.941715,34,0.00077593,5,0.059733,0.092697,0.026770,0.940495,0.907930,0.973060,0.940517,0.914110,0.966924,0.019830,0.005136,0.083656,0.031754,0.000000,12,3,1,0,0
sun_moon,hinge2,290,1347.903,0.187034,0.893790,0.846062,0.941518,34,0.00075220,6,0.055886,0.086430,0.025342,0.944236,0.914052,0.974421,0.942283,0.919188,0.965378,0.018652,0.005022,0.079023,0.033508,0.000000,12,3,1,0,0
sun_moon,hinge2,300,1594.843,0.168807,0.902924,0.856873,0.948975,35,0.00081463,6,0.053377,0.085458,0.021297,0.947175,0.915851,0.978498,0.949642,0.930099,0.969185,0.018032,0.004218,0.068115,0.029814,0.000000,15,3,3,0,0
sun_moon,hinge2,310,1613.369,0.162096,0.906039,0.865560,0.946518,35,0.00073913,6,0.051688,0.080056,0.023319,0.948805,0.921120,0.976490,0.951722,0.934853,0.968590,0.017330,0.004281,0.063692,0.029395,0.000000,15,3,3,0,0
sun_moon,hinge2,320,1631.934,0.151102,0.912868,0.875050,0.950686,35,0.00064809,3,0.048430,0.073898,0.022963,0.952014,0.927094,0.976933,0.956116,0.939715,0.972516,0.016250,0.004419,0.058270,0.026440,0.000000,15,3,3,0,1
sun_moon,hinge2,330,1650.407,0.136175,0.919898,0.885383,0.954413,35,0.00075596,4,0.046101,0.071737,0.020464,0.954567,0.929713,0.979421,0.961421,0.948898,0.973944,0.015401,0.004018,0.048890,0.024152,0.000000,15,3,3,0,1
sun_moon,hinge2,340,1669.160,0.122058,0.928036,0.899120,0.956953,35,0.00055843,5,0.043804,0.067740,0.019869,0.957069,0.934090,0.980048,0.967996,0.960026,0.975967,0.014752,0.003826,0.038251,0.022625,0.000000,15,3,3,0,1
sun_moon,hinge2,350,1929.820,0.126390,0.924872,0.905073,0.944670,36,0.00018251,5,0.050545,0.073250,0.027841,0.951003,0.929879,0.972126,0.971170,0.971370,0.970970,0.016003,0.005264,0.027676,0.027548,0.000000,17,3,4,0,1
sun_moon,hinge2,360,1949.080,0.111845,0.932803,0.912323,0.953282,36,0.00026326,1,0.041049,0.063418,0.018679,0.959885,0.938643,0.981128,0.970635,0.970182,0.971089,0.013515,0.003688,0.028208,0.027047,0.000000,17,3,4,0,1
sun_moon,hinge2,370,1968.263,0.106282,0.935743,0.914320,0.957166,36,0.00027589,4,0.043080,0.066768,0.019393,0.958222,0.935932,0.980512,0.975548,0.975367,0.975729,0.014151,0.003727,0.023330,0.023033,0.000000,17,3,4,1,1
sun_moon,hinge2,380,1987.632,0.101523,0.938978,0.918452,0.959504,36,0.00026640,2,0.040194,0.063850,0.016538,0.960994,0.938661,0.983327,0.976234,0.977096,0.975372,0.013562,0.003301,0.021545,0.023601,0.000000,17,3,4,1,1
sun_moon,hinge2,390,2006.740,0.100767,0.939453,0.920407,0.958498,36,0.00034876,3,0.041028,0.061474,0.020583,0.960098,0.940803,0.979392,0.977608,0.976988,0.978227,0.013455,0.003875,0.021489,0.020884,0.000000,17,3,4,1,1
sun_moon,hinge2,400,2401.995,0.156567,0.909266,0.869494,0.949038,32,0.00034411,3,0.039932,0.059637,0.020226,0.959372,0.939207,0.979538,0.944791,0.921348,0.968233,0.013085,0.003851,0.076205,0.029748,0.000000,17,3,8,1,1
sun_moon,hinge2,410,2419.184,0.142836,0.916696,0.880094,0.953298,32,0.00066386,3,0.039769,0.060501,0.019036,0.959952,0.939124,0.980781,0.952393,0.933341,0.971446,0.013083,0.003734,0.064752,0.026170,0.000000,17,3,8,1,1
sun_moon,hinge2,420,2436.475,0.122069,0.928321,0.901619,0.955022,32,0.00105259,2,0.040942,0.060825,0.021059,0.959534,0.940208,0.978861,0.965797,0.956461,0.975134,0.013112,0.004089,0.042572,0.023437,0.000000,17,3,8,1,1
sun_moon,hinge2,430,2453.536,0.111020,0.933635,0.911932,0.955338,32,0.00136201,4,0.042056,0.061150,0.022963,0.958804,0.940565,0.977043,0.972486,0.967697,0.977275,0.013111,0.004368,0.030949,0.021432,0.000000,17,3,8,1,1
sun_moon,hinge2,440,2470.510,0.101511,0.939826,0.919992,0.959660,32,0.00145915,1,0.039564,0.058665,0.020464,0.961360,0.943189,0.979531,0.976630,0.973963,0.979298,0.012872,0.003939,0.025048,0.019361,0.000000,17,3,8,1,1
sun_moon,hinge2,450,2805.951,0.112635,0.933275,0.910878,0.955672,27,0.00134592,2,0.041661,0.060717,0.022606,0.959132,0.940873,0.977392,0.971730,0.966184,0.977275,0.013322,0.004333,0.032746,0.020737,0.000000,17,3,13,1,1
sun_moon,hinge2,460,2820.502,0.102478,0.938492,0.911504,0.965481,27,0.00115742,1,0.035887,0.058449,0.013325,0.964720,0.942878,0.986563,0.971563,0.964780,0.978346,0.012560,0.002372,0.033608,0.019627,0.000000,17,3,13,1,1
sun_moon,hinge2,470,2834.774,0.089717,0.946243,0.920714,0.971771,27,0.00111091,3,0.035157,0.058773,0.011541,0.965767,0.943138,0.988396,0.978907,0.974827,0.982986,0.012918,0.002021,0.024022,0.015042,0.000000,17,3,13,1,1
sun_moon,hinge2,480,2849.241,0.088634,0.946710,0.921539,0.971882,27,0.00099991,2,0.035092,0.058881,0.011303,0.965862,0.943093,0.988631,0.979333,0.975799,0.982867,0.013047,0.001920,0.022846,0.014988,0.000000,17,3,13,1,1
sun_moon,hinge2,490,2863.830,0.085707,0.948233,0.923296,0.973170,27,0.00092439,3,0.035837,0.060609,0.011065,0.965297,0.941714,0.988880,0.981597,0.979257,0.983938,0.013301,0.001905,0.019680,0.014004,0.000000,17,3,13,1,1
sun_moon,hinge2,500,3157.098,0.155674,0.910285,0.884258,0.936312,23,0.00095037,3,0.035990,0.057584,0.014396,0.963532,0.941996,0.985069,0.942484,0.935177,0.949792,0.012765,0.002700,0.063008,0.047364,0.000000,17,3,17,1,1
sun_moon,hinge2,510,3169.450,0.135383,0.921069,0.894308,0.947830,23,0.00091632,4,0.039087,0.061041,0.017133,0.961049,0.939559,0.982539,0.956484,0.948898,0.964069,0.012921,0.003409,0.050007,0.034385,0.000000,17,3,17,1,1
sun_moon,hinge2,520,3181.964,0.123701,0.927673,0.901007,0.954338,23,0.00099395,2,0.039043,0.061906,0.016181,0.961409,0.939230,0.983589,0.963282,0.956785,0.969780,0.013488,0.003187,0.041757,0.028216,0.000000,17,3,17,1,1
sun_moon,hinge2,530,3194.390,0.113493,0.933673,0.903505,0.963840,23,0.00088222,2,0.035199,0.060285,0.010113,0.965258,0.940796,0.989719,0.965780,0.957973,0.973587,0.013081,0.001978,0.040589,0.024591,0.000000,17,3,17,1,1
sun_moon,hinge2,540,3206.794,0.109012,0.937271,0.908227,0.966316,23,0.00102697,2,0.031907,0.057152,0.006663,0.968508,0.943819,0.993197,0.966444,0.960134,0.972754,0.012632,0.001464,0.038745,0.025200,0.000000,17,3,17,1,1
sun_moon,hinge2,550,3472.279,0.199179,0.888279,0.810839,0.965720,20,0.00146059,3,0.031031,0.048617,0.013444,0.966181,0.945913,0.986449,0.914481,0.850259,0.978703,0.010565,0.002504,0.147925,0.019972,0.000000,17,3,20,1,1
sun_moon,hinge2,560,3483.044,0.175908,0.901161,0.834208,0.968114,20,0.00231565,1,0.030819,0.050454,0.011184,0.967132,0.945558,0.988705,0.927619,0.876296,0.978941,0.010734,0.002179,0.122225,0.019773,0.000000,17,3,20,1,1
sun_moon,hinge2,570,3493.661,0.153278,0.912843,0.855525,0.970162,20,0.00160102,1,0.028981,0.049157,0.008804,0.969581,0.948077,0.991084,0.938142,0.897580,0.978703,0.010556,0.001698,0.100792,0.019256,0.000000,17,3,20,1,1
sun_moon,hinge2,580,3504.362,0.145776,0.917381,0.865913,0.968850,20,0.00131574,1,0.029499,0.050670,0.008328,0.969396,0.947244,0.991547,0.943353,0.909788,0.976919,0.011050,0.001507,0.089309,0.021412,0.000000,17,3,20,1,1
sun_moon,hinge2,590,3515.107,0.131231,0.923922,0.874677,0.973168,20,0.00148491,1,0.025258,0.043971,0.006544,0.973711,0.954058,0.993364,0.946337,0.913137,0.979536,0.009331,0.001097,0.084810,0.018135,0.000000,17,3,20,1,1
sun_moon,hinge2,600,3744.917,0.132383,0.924335,0.872795,0.975875,20,0.00133151,1,0.026640,0.047213,0.006068,0.972370,0.950882,0.993858,0.947899,0.914002,0.981797,0.010288,0.001056,0.084110,0.016569,0.000000,17,3,20,1,1
sun_moon,hinge2,610,3755.719,0.125714,0.927994,0.878678,0.977310,20,0.00135646,1,0.024782,0.042783,0.006782,0.974273,0.955390,0.993155,0.950104,0.916271,0.983938,0.009272,0.001311,0.082200,0.014095,0.000000,17,3,20,1,1
sun_moon,hinge2,620,3766.360,0.127125,0.927464,0.877407,0.977520,20,0.00119459,1,0.024512,0.043431,0.005592,0.974526,0.954709,0.994343,0.949250,0.915514,0.982986,0.009453,0.001097,0.082901,0.015219,0.000000,17,3,20,1,1
sun_moon,hinge2,630,3776.997,0.124970,0.929040,0.877950,0.980130,20,0.00105296,1,0.024798,0.043647,0.005949,0.974266,0.954530,0.994003,0.951116,0.916271,0.985961,0.009534,0.001182,0.082464,0.012707,0.000000,17,3,20,1,1
sun_moon,hinge2,640,3787.641,0.123759,0.929115,0.878208,0.980021,20,0.00100448,1,0.025252,0.044080,0.006425,0.973830,0.954132,0.993528,0.951618,0.916919,0.986318,0.009517,0.001225,0.081709,0.012050,0.000000,17,3,20,1,1
sun_moon,hinge2,650,4014.740,0.124273,0.928688,0.878402,0.978975,20,0.00101600,1,0.025615,0.043971,0.007258,0.973469,0.954244,0.992694,0.951553,0.917027,0.986080,0.009409,0.001392,0.081399,0.012687,0.000000,17,3,20,1,1
sun_moon,hinge2,660,4025.432,0.124358,0.928921,0.878069,0.979773,20,0.00121569,1,0.024360,0.042891,0.005830,0.974688,0.955258,0.994119,0.950608,0.915730,0.985485,0.009207,0.001248,0.082731,0.012680,0.000000,17,3,20,1,1
sun_moon,hinge2,670,4036.069,0.122907,0.929759,0.877859,0.981659,20,0.00112400,1,0.024614,0.043755,0.005473,0.974454,0.954423,0.994486,0.951651,0.916271,0.987032,0.009646,0.001023,0.081873,0.011142,0.000000,17,3,20,1,1
sun_moon,hinge2,680,4046.728,0.124587,0.929049,0.876087,0.982012,20,0.00120851,3,0.024501,0.043647,0.005354,0.974522,0.954438,0.994606,0.950798,0.914326,0.987269,0.009503,0.001060,0.084067,0.011172,0.000000,17,3,20,1,1
sun_moon,hinge2,690,4057.479,0.125159,0.928682,0.876579,0.980785,20,0.00122842,2,0.026356,0.043431,0.009280,0.972690,0.954668,0.990712,0.952268,0.914650,0.989887,0.009436,0.001798,0.083859,0.009318,0.000000,17,3,20,1,1
sun_moon,hinge2,700,4285.065,0.164248,0.905913,0.879749,0.932076,17,0.00083614,2,0.025474,0.035004,0.015943,0.973211,0.962980,0.983442,0.928740,0.910545,0.946936,0.007570,0.002865,0.087828,0.052279,0.000000,17,3,23,1,1
sun_moon,hinge2,710,4294.476,0.154362,0.910896,0.878143,0.943649,17,0.00084411,1,0.026709,0.039974,0.013444,0.972100,0.958064,0.986137,0.934790,0.913245,0.956336,0.008383,0.002572,0.085145,0.041894,0.000000,17,3,23,1,1
sun_moon,hinge2,720,4303.934,0.148855,0.913972,0.881954,0.945990,17,0.00096232,2,0.024219,0.035112,0.013325,0.974626,0.962963,0.986290,0.935759,0.912921,0.958596,0.007361,0.002607,0.084874,0.039901,0.000000,17,3,23,1,1
sun_moon,hinge2,730,4313.395,0.143892,0.917391,0.882770,0.952012,17,0.00096169,2,0.024954,0.035869,0.014039,0.973961,0.962256,0.985666,0.939906,0.914434,0.965378,0.007626,0.002803,0.083873,0.033544,0.000000,17,3,23,1,1
sun_moon,hinge2,740,4322.914,0.137856,0.921031,0.883267,0.958794,17,0.00097375,2,0.023121,0.035653,0.010589,0.975839,0.962487,0.989190,0.941853,0.914758,0.968947,0.007665,0.002163,0.083396,0.029709,0.000000,17,3,23,1,1
sun_moon,hinge2,750,4524.867,0.142966,0.917439,0.874624,0.960254,16,0.00073308,2,0.026795,0.041811,0.011779,0.972075,0.956127,0.988022,0.941379,0.911193,0.971565,0.008995,0.002001,0.086999,0.027299,0.000000,17,3,24,1,1
sun_moon,hinge2,760,4533.975,0.142130,0.917792,0.873203,0.962382,16,0.00041969,2,0.022936,0.036949,0.008923,0.975843,0.960793,0.990894,0.938218,0.905467,0.970970,0.007913,0.001663,0.092306,0.026983,0.000000,17,3,24,1,1
sun_moon,hinge2,770,4542.960,0.136669,0.921180,0.875638,0.966722,16,0.00047625,2,0.022309,0.036409,0.008209,0.976538,0.961428,0.991648,0.941089,0.907519,0.974658,0.007734,0.001421,0.090878,0.023985,0.000000,17,3,24,1,1
sun_moon,hinge2,780,4551.873,0.131708,0.923981,0.876431,0.971530,16,0.00046097,2,0.022476,0.037813,0.007139,0.976422,0.960087,0.992757,0.944019,0.909572,0.978465,0.007822,0.001277,0.089280,0.020308,0.000000,17,3,24,1,1
sun_moon,hinge2,790,4560.755,0.128187,0.926356,0.877370,0.975342,16,0.00042289,2,0.022698,0.036949,0.008447,0.976229,0.960972,0.991485,0.946685,0.909788,0.983581,0.007976,0.001491,0.088340,0.015893,0.000000,17,3,24,1,1
sun_moon,hinge2,800,4748.758,0.132549,0.922567,0.874403,0.970730,16,0.00037837,3,0.026487,0.040838,0.012136,0.972427,0.957055,0.987799,0.946311,0.910112,0.982510,0.008565,0.002140,0.088230,0.015932,0.000000,17,3,24,1,1
sun_moon,hinge2,810,4757.685,0.129717,0.924249,0.875325,0.973173,16,0.00029948,3,0.024661,0.038137,0.011184,0.974242,0.959722,0.988763,0.946382,0.908708,0.984057,0.008107,0.001849,0.089399,0.014674,0.000000,17,3,24,1,1
sun_moon,hinge2,820,4766.612,0.128104,0.925759,0.876469,0.975050,16,0.00027795,3,0.024974,0.039002,0.010946,0.973974,0.958931,0.989018,0.948188,0.910653,0.985723,0.008349,0.001799,0.087890,0.013638,0.000000,17,3,24,1,1
sun_moon,hinge2,830,4775.570,0.125250,0.928357,0.877158,0.979556,16,0.00036166,2,0.022730,0.038678,0.006782,0.976223,0.959277,0.993170,0.948642,0.911085,0.986199,0.008277,0.001276,0.087285,0.013390,0.000000,17,3,24,1,1
sun_moon,hinge2,840,4784.514,0.125083,0.927856,0.877810,0.977901,16,0.00037566,1,0.022406,0.038029,0.006782,0.976548,0.959936,0.993159,0.947863,0.911193,0.984533,0.008075,0.001174,0.086979,0.014717,0.000000,17,3,24,1,1
sun_moon,hinge2,850,4973.569,0.169576,0.903519,0.881590,0.925447,15,0.00036611,1,0.018325,0.032844,0.003807,0.980552,0.965186,0.995918,0.919758,0.910545,0.928971,0.006813,0.000685,0.087773,0.070366,0.000000,17,3,25,1,1
sun_moon,hinge2,860,4981.978,0.159221,0.909077,0.879787,0.938367,15,0.00032245,2,0.019568,0.035328,0.003807,0.979319,0.962663,0.995974,0.926404,0.910869,0.941939,0.007270,0.000654,0.088299,0.056667,0.000000,17,3,25,1,1
sun_moon,hinge2,870,4990.408,0.149991,0.913835,0.874454,0.953216,15,0.00020248,2,0.022032,0.039542,0.004521,0.976807,0.958314,0.995301,0.933279,0.909032,0.957525,0.008139,0.000786,0.089476,0.041324,0.000000,17,3,25,1,1
sun_moon,hinge2,880,4998.791,0.146086,0.916087,0.873880,0.958294,15,0.00014395,2,0.020341,0.036517,0.004164,0.978469,0.961247,0.995691,0.934038,0.905791,0.962284,0.007529,0.000730,0.092734,0.036437,0.000000,17,3,25,1,1
sun_moon,hinge2,890,5007.142,0.141712,0.918553,0.872466,0.964640,15,0.00018081,1,0.022751,0.039434,0.006068,0.976058,0.958329,0.993787,0.938682,0.906871,0.970494,0.008224,0.001082,0.091551,0.028544,0.000000,17,3,25,1,1
sun_moon,hinge2,900,5182.292,0.139374,0.920026,0.869962,0.970091,15,0.00018247,1,0.024550,0.042675,0.006425,0.974265,0.955068,0.993462,0.941705,0.907087,0.976324,0.008675,0.001107,0.091965,0.023625,0.000000,17,3,25,1,1
sun_moon,hinge2,910,5190.628,0.136564,0.921619,0.873039,0.970199,15,0.00013603,2,0.022967,0.039866,0.006068,0.975878,0.957934,0.993822,0.941965,0.907844,0.976086,0.008231,0.001072,0.090969,0.023453,0.000000,17,3,25,1,1
sun_moon,hinge2,920,5199.059,0.138245,0.920912,0.870693,0.971131,15,0.00015263,1,0.023323,0.041054,0.005592,0.975488,0.956670,0.994306,0.941500,0.906439,0.976562,0.008601,0.001058,0.091871,0.022981,0.000000,17,3,25,1,1
sun_moon,hinge2,930,5207.447,0.135882,0.921941,0.870777,0.973104,15,0.00018963,2,0.023366,0.042567,0.004164,0.975484,0.955212,0.995757,0.942500,0.907844,0.977156,0.008933,0.000696,0.090713,0.021603,0.000000,17,3,25,1,1
sun_moon,hinge2,940,5215.700,0.133100,0.923255,0.871108,0.975402,15,0.00020293,1,0.023561,0.041054,0.006068,0.975272,0.956690,0.993855,0.944096,0.906871,0.981321,0.008696,0.000997,0.091889,0.017071,0.000000,17,3,25,1,1
sun_moon,hinge2,950,5390.804,0.136867,0.921641,0.867305,0.975976,14,0.00014712,1,0.021314,0.037273,0.005354,0.977395,0.960217,0.994573,0.940417,0.899633,0.981202,0.007897,0.000874,0.099381,0.017493,0.000000,17,3,26,1,1
sun_moon,hinge2,960,5398.580,0.137719,0.920554,0.865155,0.975954,14,0.00019839,1,0.021378,0.038354,0.004402,0.977292,0.959054,0.995529,0.939293,0.898336,0.980250,0.007923,0.000709,0.099454,0.018885,0.000000,17,3,26,1,1
sun_moon,hinge2,970,5406.351,0.134395,0.923058,0.868849,0.977267,14,0.00016460,1,0.020589,0.036301,0.004878,0.978151,0.961246,0.995057,0.941212,0.900389,0.982035,0.007700,0.000900,0.098136,0.016663,0.000000,17,3,26,1,1
sun_moon,hinge2,980,5414.161,0.133602,0.924077,0.868270,0.979884,14,0.00015227,1,0.021481,0.037489,0.005473,0.977261,0.960046,0.994476,0.943034,0.900821,0.985247,0.008110,0.000985,0.097850,0.014095,0.000000,17,3,26,1,1
sun_moon,hinge2,990,5421.739,0.133938,0.923323,0.868676,0.977970,14,0.00014819,1,0.020141,0.035761,0.004521,0.978596,0.961774,0.995419,0.941066,0.899741,0.982391,0.007615,0.000837,0.098581,0.016319,0.000000,17,3,26,1,1
sun_moon,hinge2,1000,5581.673,0.134940,0.921950,0.866958,0.976942,14,0.00013424,2,0.022810,0.039434,0.006187,0.975910,0.958075,0.993745,0.942066,0.901145,0.982986,0.008183,0.001015,0.097182,0.015858,0.000000,17,3,26,1,1
sun_moon,hinge2,1010,5589.199,0.134789,0.922671,0.867708,0.977633,14,0.00013658,1,0.021260,0.037165,0.005354,0.977462,0.960341,0.994582,0.941412,0.899957,0.982867,0.007782,0.000948,0.098066,0.016673,0.000000,17,3,26,1,1
sun_moon,hinge2,1020,5596.596,0.133299,0.923878,0.869892,0.977865,14,0.00012280,2,0.020708,0.036301,0.005116,0.978056,0.961290,0.994822,0.942168,0.901469,0.982867,0.007748,0.000959,0.097048,0.016140,0.000000,17,3,26,1,1
sun_moon,hinge2,1030,5604.175,0.132375,0.924160,0.871972,0.976348,14,0.00013920,2,0.020320,0.034572,0.006068,0.978476,0.963091,0.993861,0.942195,0.902118,0.982272,0.007434,0.001084,0.096265,0.016637,0.000000,17,3,26,1,1
sun_moon,prune,1,1.533,1.591758,0.223209,0.192984,0.253433,20,0.00000000,0,0.178953,0.179559,0.178346,0.592563,0.559034,0.626091,0.263134,0.227636,0.298632,0.040695,0.035942,0.765997,0.696076,0.000100,0,0,0,0,0
sun_moon,prune,10,11.459,1.397899,0.291349,0.265017,0.317682,20,0.00000000,0,0.129992,0.134939,0.125045,0.715559,0.690305,0.740814,0.329092,0.300778,0.357406,0.030229,0.025161,0.692668,0.638992,0.000100,0,0,0,0,0
sun_moon,prune,20,22.259,1.233847,0.360645,0.339971,0.381320,20,0.00000000,0,0.103241,0.112252,0.094230,0.793433,0.771095,0.815771,0.397692,0.378133,0.417252,0.025169,0.018937,0.615342,0.579173,0.000100,0,0,0,0,0
sun_moon,prune,30,32.844,1.091202,0.430710,0.415157,0.446264,20,0.00000557,0,0.098767,0.114844,0.082689,0.827533,0.801197,0.853869,0.473000,0.462835,0.483165,0.025510,0.016488,0.531596,0.512856,0.000100,0,0,0,0,0
sun_moon,prune,40,43.612,0.991565,0.481576,0.474737,0.488416,20,0.00004258,2,0.098354,0.118302,0.078406,0.844101,0.817773,0.870429,0.528805,0.530899,0.526710,0.026220,0.015556,0.464472,0.470131,0.000100,0,0,0,0,0
sun_moon,prune,50,194.366,0.916742,0.519068,0.526072,0.512063,23,0.00002534,0,0.097984,0.120895,0.075074,0.854927,0.829862,0.879992,0.570089,0.589672,0.550506,0.026959,0.014817,0.405506,0.445971,0.000100,3,0,0,0,0
sun_moon,prune,60,206.662,0.856121,0.548778,0.561081,0.536474,23,0.00016650,1,0.095728,0.123163,0.068293,0.865019,0.836512,0.893526,0.601649,0.630186,0.573111,0.027258,0.013336,0.365446,0.423294,0.000100,3,0,0,0,0
sun_moon,prune,70,218.909,0.806469,0.573628,0.584121,0.563135,23,0.00012820,4,0.092799,0.119922,0.065675,0.873219,0.845080,0.901358,0.627145,0.654170,0.600119,0.026336,0.012983,0.341795,0.396909,0.000100,3,0,0,0,0
sun_moon,prune,80,231.343,0.753259,0.599339,0.608560,0.590118,23,0.00016548,3,0.088688,0.110631,0.066746,0.881738,0.859341,0.904135,0.652696,0.675886,0.629506,0.024327,0.012927,0.319677,0.368133,0.000100,3,0,0,0,0
sun_moon,prune,90,243.795,0.712152,0.621535,0.616473,0.626596,23,0.00028878,5,0.088470,0.114952,0.061987,0.885753,0.856720,0.914786,0.676388,0.687338,0.665437,0.025432,0.012266,0.308908,0.331358,0.000100,3,0,0,0,0
sun_moon,prune,100,420.435,0.664362,0.647518,0.623648,0.671388,26,0.00019921,4,0.093378,0.128457,0.058299,0.884908,0.845645,0.924172,0.707145,0.703760,0.710529,0.028404,0.011384,0.292179,0.286695,0.000100,6,0,0,0,0
sun_moon,prune,110,434.433,0.635309,0.662185,0.629524,0.694846,26,0.00015348,2,0.092095,0.131482,0.052707,0.888481,0.844174,0.932787,0.721882,0.712295,0.731469,0.029008,0.010213,0.284167,0.264729,0.000100,6,0,0,0,0
sun_moon,prune,120,448.233,0.605299,0.679497,0.634957,0.724036,26,0.00019443,2,0.093670,0.137965,0.049375,0.889327,0.839674,0.938980,0.741172,0.722558,0.759786,0.030695,0.009652,0.273516,0.237499,0.000100,6,0,0,0,0
sun_moon,prune,130,462.142,0.572247,0.696755,0.648649,0.744862,26,0.00027851,4,0.093545,0.139261,0.047829,0.891845,0.841432,0.942258,0.759734,0.738980,0.780488,0.030782,0.009431,0.258177,0.216582,0.000100,6,0,0,0,0
sun_moon,prune,140,476.014,0.534077,0.716022,0.666698,0.765347,26,0.00032467,4,0.094118,0.139693,0.048543,0.893832,0.844703,0.942961,0.781165,0.759831,0.802499,0.030998,0.009314,0.237204,0.194713,0.000100,6,0,0,0,0
sun_moon,prune,150,673.857,0.487790,0.739841,0.686946,0.792736,29,0.00027278,4,0.096802,0.145419,0.048186,0.894602,0.844014,0.945189,0.808887,0.786841,0.830934,0.031792,0.009423,0.210425,0.166490,0.000100,9,0,0,0,0
sun_moon,prune,160,689.272,0.454328,0.757350,0.694657,0.820043,29,0.00032144,4,0.094214,0.142502,0.045925,0.898478,0.847778,0.949177,0.825676,0.793647,0.857704,0.031489,0.008938,0.203461,0.139393,0.000100,9,0,0,0,0
sun_moon,prune,170,704.581,0.418333,0.776496,0.706033,0.846960,29,0.00057072,5,0.093732,0.142610,0.044854,0.900769,0.849778,0.951759,0.845835,0.806720,0.884949,0.031341,0.008706,0.191040,0.113146,0.000100,9,0,0,0,0
sun_moon,prune,180,720.045,0.400550,0.785896,0.712668,0.859125,29,0.00080512,5,0.095478,0.144555,0.046401,0.900189,0.849460,0.950919,0.857338,0.815687,0.898989,0.031934,0.008965,0.182409,0.098427,0.000100,9,0,0,0,0
sun_moon,prune,190,735.512,0.383995,0.794133,0.718990,0.869277,29,0.00099770,3,0.088889,0.138397,0.039381,0.906801,0.855369,0.958233,0.861003,0.818496,0.903510,0.030556,0.007498,0.179530,0.094137,0.000100,9,0,0,0,0
sun_moon,prune,200,952.752,0.362278,0.804773,0.732345,0.877201,32,0.00095582,3,0.088620,0.136668,0.040571,0.908209,0.858974,0.957444,0.872612,0.832433,0.912790,0.030004,0.007735,0.165167,0.085667,0.000100,12,0,0,0,0
sun_moon,prune,210,969.540,0.341724,0.815661,0.742216,0.889106,32,0.00082240,2,0.084318,0.131158,0.037478,0.912921,0.864886,0.960957,0.880995,0.839564,0.922427,0.029147,0.007195,0.157937,0.075748,0.000100,12,0,0,0,0
sun_moon,prune,220,986.464,0.324439,0.824380,0.752394,0.896365,32,0.00057365,3,0.081367,0.128349,0.034384,0.916456,0.868671,0.964242,0.888075,0.848963,0.927186,0.028401,0.006547,0.148842,0.071406,0.000100,12,0,0,0,0
sun_moon,prune,230,1003.341,0.311717,0.830642,0.759727,0.901556,32,0.00060583,3,0.078346,0.124568,0.032124,0.919690,0.872751,0.966630,0.892441,0.854365,0.930518,0.027616,0.005932,0.143417,0.068272,0.000100,12,0,0,0,0
sun_moon,prune,240,1020.157,0.299492,0.836608,0.765923,0.907294,32,0.00047556,3,0.076108,0.122947,0.029268,0.922271,0.874931,0.969611,0.896970,0.860091,0.933849,0.027028,0.005597,0.136982,0.064917,0.000100,12,0,0,0,0
sun_moon,prune,250,1248.535,0.287015,0.843324,0.775854,0.910795,33,0.00038109,6,0.075686,0.123055,0.028316,0.923451,0.876249,0.970654,0.903956,0.871327,0.936585,0.027230,0.005374,0.126252,0.061943,0.000100,15,0,2,0,0
sun_moon,prune,260,1265.852,0.271415,0.851210,0.788227,0.914193,33,0.00042828,5,0.071909,0.117761,0.026056,0.927536,0.882098,0.972973,0.909532,0.881050,0.938013,0.025936,0.005021,0.116604,0.060809,0.000100,15,0,2,0,0
sun_moon,prune,270,1283.243,0.254501,0.859477,0.801550,0.917403,33,0.00054491,4,0.068839,0.114952,0.022725,0.931193,0.886033,0.976353,0.915971,0.893691,0.938251,0.025370,0.004299,0.104030,0.059647,0.000100,15,0,2,0,0
sun_moon,prune,280,1300.598,0.237961,0.867775,0.814424,0.921126,33,0.00059569,6,0.069379,0.116033,0.022725,0.931619,0.886792,0.976446,0.925491,0.908924,0.942058,0.025249,0.004270,0.089667,0.056195,0.000100,15,0,2,0,0
sun_moon,prune,290,1317.916,0.223286,0.874995,0.829548,0.920443,33,0.00052181,5,0.067212,0.113008,0.021416,0.934340,0.890951,0.977728,0.931724,0.923293,0.940155,0.024880,0.004032,0.074321,0.057721,0.000100,15,0,2,0,0
sun_moon,prune,300,1565.135,0.208129,0.882692,0.842774,0.922611,33,0.00056461,6,0.067347,0.113872,0.020821,0.935095,0.891820,0.978371,0.940281,0.938742,0.941820,0.024897,0.003981,0.059497,0.055805,0.000100,15,0,2,0,0
sun_moon,prune,310,1582.398,0.197214,0.887993,0.850774,0.925213,33,0.00050855,6,0.064812,0.109875,0.019750,0.937632,0.895767,0.979496,0.943869,0.944252,0.943486,0.023883,0.003629,0.054094,0.054589,0.000100,15,0,2,0,0
sun_moon,prune,320,1599.804,0.192504,0.890574,0.857101,0.924046,33,0.00063261,5,0.062544,0.105337,0.019750,0.939705,0.899938,0.979471,0.944841,0.947385,0.942296,0.023063,0.003708,0.050648,0.055671,0.000100,15,0,2,0,0
sun_moon,prune,330,1617.004,0.184236,0.895354,0.859690,0.931018,33,0.00076001,8,0.064927,0.108794,0.021059,0.937943,0.897558,0.978327,0.951922,0.953220,0.950625,0.023852,0.003929,0.045110,0.047882,0.000100,15,0,2,0,0
sun_moon,prune,340,1634.231,0.181597,0.896560,0.861676,0.931445,33,0.00092493,7,0.065169,0.109875,0.020464,0.937937,0.896950,0.978924,0.953429,0.956353,0.950506,0.024077,0.003859,0.041933,0.047380,0.000100,15,0,2,0,0
sun_moon,prune,350,1881.076,0.177140,0.899690,0.864260,0.935119,35,0.00068635,5,0.065861,0.110307,0.021416,0.937485,0.896900,0.978070,0.957370,0.959594,0.955146,0.024683,0.003914,0.038407,0.043496,0.000100,18,0,3,0,0
sun_moon,prune,360,1899.538,0.175056,0.900898,0.867428,0.934369,35,0.00052896,4,0.063148,0.107498,0.018798,0.939999,0.899363,0.980635,0.956304,0.960674,0.951933,0.024036,0.003522,0.038238,0.045622,0.000100,18,0,3,0,1
sun_moon,prune,370,1918.067,0.173437,0.900984,0.869412,0.932555,35,0.00038384,4,0.063294,0.106958,0.019631,0.939876,0.899980,0.979772,0.956633,0.962403,0.950863,0.023673,0.003791,0.035680,0.046874,0.000100,18,0,3,0,1
sun_moon,prune,380,1936.579,0.167922,0.903278,0.872864,0.933691,35,0.00046540,5,0.062786,0.106417,0.019155,0.940506,0.900746,0.980267,0.958664,0.965752,0.951576,0.023402,0.003586,0.032405,0.045859,0.000100,18,0,3,0,1
sun_moon,prune,390,1955.135,0.163699,0.906396,0.877131,0.935661,35,0.00046665,4,0.060777,0.102636,0.018917,0.942302,0.904060,0.980543,0.960259,0.967156,0.953361,0.022622,0.003592,0.031617,0.045049,0.000100,18,0,3,0,1
sun_moon,prune,400,2213.796,0.169940,0.902789,0.872770,0.932807,34,0.00018703,4,0.066685,0.108146,0.025223,0.936865,0.899427,0.974303,0.961746,0.967156,0.956336,0.023935,0.004738,0.032007,0.041975,0.000100,18,0,4,0,1
sun_moon,prune,410,2231.757,0.167440,0.904081,0.876834,0.931328,34,0.00021587,5,0.062414,0.104365,0.020464,0.940815,0.902709,0.978922,0.959366,0.968345,0.950387,0.023012,0.003888,0.030315,0.047960,0.000100,18,0,4,0,1
sun_moon,prune,420,2249.811,0.168084,0.903723,0.877886,0.929559,34,0.00020959,4,0.063853,0.104149,0.023557,0.939409,0.902979,0.975839,0.960387,0.969317,0.951457,0.023082,0.004277,0.029634,0.047525,0.000100,18,0,4,0,1
sun_moon,prune,430,2267.641,0.164611,0.905921,0.878516,0.933326,34,0.00018620,4,0.064398,0.106309,0.022487,0.939191,0.901403,0.976979,0.963112,0.971910,0.954313,0.023532,0.004295,0.026921,0.044531,0.000100,18,0,4,0,1
sun_moon,prune,440,2285.470,0.159783,0.908251,0.883650,0.932851,34,0.00022474,6,0.059071,0.097558,0.020583,0.943721,0.908603,0.978838,0.960955,0.969857,0.952052,0.021806,0.003871,0.028211,0.046443,0.000100,18,0,4,0,1
sun_moon,prune,450,2538.819,0.162981,0.905876,0.879054,0.932698,34,0.00011171,5,0.064717,0.105877,0.023557,0.938851,0.901784,0.975918,0.963398,0.972126,0.954670,0.023187,0.004520,0.026469,0.043706,0.000100,18,0,4,0,1
sun_moon,prune,460,2556.642,0.153933,0.911650,0.882336,0.940964,34,0.00036074,3,0.062165,0.104581,0.019750,0.941463,0.903093,0.979832,0.967079,0.974611,0.959548,0.022882,0.003974,0.024184,0.039149,0.000100,18,0,4,0,1
sun_moon,prune,470,2574.361,0.149761,0.913863,0.887840,0.939886,34,0.00038514,4,0.059173,0.099071,0.019274,0.944054,0.907830,0.980278,0.966900,0.975799,0.958001,0.021859,0.003746,0.023581,0.040101,0.000100,18,0,4,0,1
sun_moon,prune,480,2592.270,0.150515,0.914056,0.885779,0.942332,34,0.00034495,6,0.058588,0.100043,0.017133,0.944663,0.906888,0.982439,0.966436,0.974395,0.958477,0.022106,0.003393,0.024471,0.040505,0.000100,18,0,4,0,1
sun_moon,prune,490,2610.112,0.146782,0.915436,0.885453,0.945418,34,0.00039696,5,0.059328,0.100691,0.017965,0.944017,0.906360,0.981675,0.968507,0.974611,0.962403,0.022119,0.003408,0.024387,0.036290,0.000100,18,0,4,0,1
sun_moon,prune,500,2862.384,0.154175,0.911105,0.883500,0.938709,34,0.00021676,5,0.064762,0.102636,0.026889,0.938774,0.904685,0.972863,0.969064,0.974179,0.963950,0.022498,0.005173,0.024908,0.035544,0.000100,18,0,4,0,1
sun_moon,prune,510,2880.219,0.145746,0.915616,0.887816,0.943416,34,0.00043757,4,0.059401,0.096910,0.021892,0.943646,0.909495,0.977797,0.968962,0.973855,0.964069,0.021420,0.004133,0.024787,0.034603,0.000100,18,0,4,0,1
sun_moon,prune,520,2897.807,0.144368,0.915942,0.886420,0.945465,34,0.00033081,3,0.060920,0.098639,0.023200,0.942304,0.908029,0.976579,0.970628,0.973855,0.967400,0.021608,0.004377,0.024766,0.031447,0.000100,18,0,4,0,1
sun_moon,prune,530,2915.521,0.139997,0.919159,0.887992,0.950326,34,0.00044305,3,0.059006,0.097666,0.020345,0.944188,0.908926,0.979450,0.972190,0.974719,0.969661,0.021505,0.004043,0.023967,0.029047,0.000100,18,0,4,0,1
sun_moon,prune,540,2933.125,0.141884,0.917599,0.886986,0.948212,34,0.00035227,6,0.061039,0.097450,0.024628,0.942138,0.908999,0.975278,0.972494,0.973423,0.971565,0.021515,0.004643,0.025068,0.027674,0.000100,18,0,4,0,1
sun_moon,prune,550,3186.969,0.140242,0.918552,0.887979,0.949125,34,0.00022654,5,0.061132,0.095614,0.026651,0.941947,0.910516,0.973378,0.973651,0.972882,0.974420,0.021291,0.005131,0.025447,0.024514,0.000100,18,0,4,0,1
sun_moon,prune,560,3204.655,0.132297,0.921907,0.892007,0.951807,34,0.00019195,3,0.060230,0.093453,0.027008,0.942839,0.912564,0.973114,0.976440,0.975367,0.977513,0.020531,0.004993,0.023586,0.021165,0.000100,18,0,4,0,1
sun_moon,prune,570,3222.364,0.127370,0.925596,0.893857,0.957336,34,0.00021281,1,0.057797,0.092156,0.023438,0.945190,0.913743,0.976637,0.978003,0.976232,0.979774,0.020316,0.004671,0.023143,0.018263,0.000100,18,0,4,0,1
sun_moon,prune,580,3240.208,0.120275,0.928987,0.900119,0.957854,34,0.00021156,1,0.054833,0.084918,0.024747,0.947704,0.920000,0.975408,0.979057,0.976556,0.981559,0.018727,0.004824,0.022511,0.016758,0.000100,18,0,4,0,1
sun_moon,prune,590,3258.291,0.115727,0.931208,0.905980,0.956436,34,0.00022017,2,0.051798,0.076707,0.026889,0.950225,0.927097,0.973352,0.978814,0.975475,0.982153,0.017025,0.005166,0.023510,0.016141,0.000100,18,0,4,0,1
sun_moon,prune,600,3510.352,0.114333,0.931606,0.907551,0.955661,34,0.00020859,2,0.049675,0.071629,0.027722,0.951976,0.931402,0.972549,0.977356,0.972558,0.982153,0.015594,0.005424,0.025996,0.016809,0.000100,18,0,4,0,1
sun_moon,prune,610,3527.965,0.108777,0.935042,0.913259,0.956825,34,0.00018320,0,0.046260,0.067416,0.025104,0.955181,0.935317,0.975044,0.977836,0.974827,0.980845,0.014820,0.004867,0.024293,0.017682,0.000100,18,0,4,0,1
sun_moon,prune,620,3545.467,0.107649,0.935878,0.913790,0.957966,34,0.00014259,0,0.044293,0.063959,0.024628,0.956899,0.938275,0.975523,0.976896,0.972234,0.981559,0.013929,0.004985,0.026446,0.017399,0.000100,18,0,4,0,1
sun_moon,prune,630,3563.327,0.105018,0.937284,0.914358,0.960209,34,0.00013384,1,0.045147,0.064715,0.025580,0.956176,0.937669,0.974682,0.979151,0.973531,0.984771,0.014250,0.005059,0.025436,0.013911,0.000100,18,0,4,0,1
sun_moon,prune,640,3581.038,0.104335,0.937099,0.910891,0.963307,34,0.00012773,3,0.046994,0.069360,0.024628,0.954591,0.933527,0.975656,0.980551,0.974071,0.987032,0.014898,0.004762,0.025167,0.012020,0.000100,18,0,4,0,1
sun_moon,prune,650,3834.524,0.109066,0.935179,0.909918,0.960440,34,0.00011981,3,0.048579,0.068604,0.028554,0.953001,0.934094,0.971907,0.980103,0.972342,0.987864,0.015160,0.005560,0.026217,0.011996,0.000100,18,0,4,0,1
sun_moon,prune,660,3852.255,0.104355,0.937658,0.912169,0.963148,34,0.00012475,4,0.047790,0.068928,0.026651,0.953865,0.933975,0.973755,0.981930,0.975043,0.988816,0.015098,0.005243,0.023793,0.010698,0.000100,18,0,4,0,1
sun_moon,prune,670,3870.211,0.101941,0.938661,0.917622,0.959700,34,0.00012689,3,0.047635,0.064931,0.030339,0.953963,0.937694,0.970231,0.983010,0.977204,0.988816,0.014364,0.005839,0.021420,0.010936,0.000100,18,0,4,0,1
sun_moon,prune,680,3888.153,0.095836,0.942174,0.920506,0.963843,34,0.00014073,3,0.043360,0.060069,0.026651,0.957892,0.942011,0.973774,0.982665,0.975799,0.989530,0.012850,0.005471,0.023037,0.010053,0.000100,18,0,4,0,1
sun_moon,prune,690,3906.071,0.092339,0.943735,0.924834,0.962636,34,0.00014271,2,0.040167,0.054991,0.025342,0.960807,0.946646,0.974968,0.981361,0.975691,0.987032,0.011651,0.005128,0.023305,0.012067,0.000100,18,0,4,0,1
sun_moon,prune,700,4158.755,0.089674,0.944370,0.928271,0.960468,33,0.00015231,3,0.040319,0.054343,0.026294,0.960707,0.947396,0.974018,0.982220,0.978717,0.985723,0.011334,0.005205,0.019998,0.013366,0.000100,18,0,5,0,1
sun_moon,prune,710,4176.214,0.091068,0.944164,0.928095,0.960232,33,0.00014158,3,0.039719,0.053263,0.026175,0.961226,0.948328,0.974124,0.981447,0.977528,0.985366,0.011258,0.005285,0.021519,0.013387,0.000100,18,0,5,0,1
sun_moon,prune,720,4193.604,0.087390,0.945528,0.928952,0.962105,33,0.00016450,4,0.040227,0.053803,0.026651,0.960815,0.947903,0.973727,0.983339,0.978933,0.987745,0.011261,0.005222,0.019599,0.011439,0.000100,18,0,5,0,1
sun_moon,prune,730,4211.104,0.086836,0.945706,0.929538,0.961873,33,0.00012796,3,0.040011,0.053371,0.026651,0.961016,0.948310,0.973721,0.983328,0.979149,0.987507,0.011014,0.005320,0.019619,0.011429,0.000100,18,0,5,0,1
sun_moon,prune,740,4228.630,0.084677,0.946664,0.930964,0.962365,33,0.00009857,3,0.037957,0.051642,0.024271,0.962932,0.949895,0.975969,0.982382,0.979041,0.985723,0.010665,0.004700,0.019487,0.013060,0.000100,18,0,5,0,1
sun_moon,prune,750,4470.129,0.081080,0.948790,0.930598,0.966982,32,0.00011704,3,0.035264,0.050778,0.019750,0.965500,0.950635,0.980364,0.981966,0.977852,0.986080,0.010342,0.003793,0.020620,0.012835,0.000100,18,0,6,0,1
sun_moon,prune,760,4487.564,0.083842,0.948112,0.929137,0.967087,32,0.00013788,3,0.034923,0.050454,0.019393,0.965778,0.950847,0.980708,0.980929,0.976016,0.985842,0.010684,0.003939,0.022139,0.012418,0.000100,18,0,6,0,1
sun_moon,prune,770,4504.718,0.083050,0.949289,0.931706,0.966873,32,0.00013297,3,0.034411,0.048833,0.019988,0.966270,0.952406,0.980135,0.981701,0.977204,0.986199,0.010483,0.004011,0.021650,0.012548,0.000100,18,0,6,0,1
sun_moon,prune,780,4521.922,0.081055,0.950121,0.933423,0.966819,32,0.00011720,4,0.032497,0.046672,0.018322,0.968068,0.954406,0.981730,0.980760,0.976988,0.984533,0.009966,0.003591,0.021696,0.014045,0.000100,18,0,6,0,1
sun_moon,prune,790,4539.042,0.080526,0.950541,0.933230,0.967851,32,0.00010004,3,0.032308,0.046889,0.017728,0.968263,0.954205,0.982321,0.980998,0.976988,0.985009,0.010066,0.003554,0.021428,0.013486,0.000100,18,0,6,0,1
sun_moon,prune,800,4780.673,0.079594,0.951590,0.936265,0.966916,32,0.00008811,4,0.030958,0.044188,0.017728,0.969530,0.956756,0.982304,0.980847,0.977636,0.984057,0.009587,0.003580,0.020983,0.014720,0.000100,18,0,6,0,1
sun_moon,prune,810,4798.218,0.076677,0.952954,0.936763,0.969144,32,0.00010305,3,0.030914,0.043863,0.017965,0.969592,0.957069,0.982115,0.982204,0.977852,0.986556,0.009300,0.003566,0.020536,0.013118,0.000100,18,0,6,0,1
sun_moon,prune,820,4815.504,0.079197,0.950870,0.934028,0.967712,32,0.00008226,4,0.033579,0.046456,0.020702,0.967049,0.954627,0.979471,0.982583,0.977420,0.987745,0.009717,0.004074,0.020878,0.011887,0.000100,18,0,6,0,1
sun_moon,prune,830,4832.835,0.076705,0.951366,0.933581,0.969152,32,0.00007907,3,0.032870,0.047537,0.018203,0.967766,0.953645,0.981887,0.982377,0.977960,0.986794,0.009549,0.003636,0.020863,0.011565,0.000100,18,0,6,0,1
sun_moon,prune,840,4850.071,0.076714,0.952242,0.936144,0.968341,32,0.00008591,2,0.032017,0.045592,0.018441,0.968569,0.955495,0.981644,0.982512,0.978825,0.986199,0.009237,0.003732,0.020206,0.013087,0.000100,18,0,6,0,1
sun_moon,prune,850,5082.410,0.076919,0.952042,0.933492,0.970592,32,0.00010007,3,0.032822,0.046132,0.019512,0.967777,0.954891,0.980663,0.983043,0.976556,0.989530,0.009468,0.003948,0.022253,0.009468,0.000100,18,0,6,0,1
sun_moon,prune,860,5099.799,0.075259,0.953234,0.935104,0.971365,32,0.00012035,5,0.031725,0.045484,0.017965,0.968850,0.955544,0.982156,0.983226,0.977636,0.988816,0.009407,0.003648,0.021245,0.010060,0.000100,18,0,6,0,1
sun_moon,prune,870,5117.111,0.074121,0.953518,0.934518,0.972518,32,0.00016742,5,0.031697,0.046024,0.017371,0.968891,0.955035,0.982746,0.983470,0.977528,0.989411,0.009373,0.003496,0.020949,0.009800,0.000100,18,0,6,0,1
sun_moon,prune,880,5134.512,0.075080,0.952631,0.933993,0.971268,32,0.00015119,3,0.033108,0.047537,0.018679,0.967568,0.953665,0.981471,0.983902,0.978392,0.989411,0.009646,0.003639,0.020457,0.009708,0.000100,18,0,6,0,1
sun_moon,prune,890,5151.734,0.076098,0.952774,0.933836,0.971712,32,0.00014403,2,0.031449,0.045052,0.017847,0.969074,0.955873,0.982276,0.982481,0.975908,0.989054,0.009379,0.003468,0.022969,0.010085,0.000100,18,0,6,0,1
sun_moon,prune,900,5383.329,0.072849,0.953874,0.935474,0.972274,32,0.00016208,4,0.031735,0.046456,0.017014,0.968889,0.954694,0.983085,0.983874,0.978933,0.988816,0.009427,0.003419,0.019353,0.010078,0.000100,18,0,6,0,1
sun_moon,prune,910,5400.620,0.073724,0.953897,0.935474,0.972320,32,0.00017253,2,0.032568,0.046456,0.018679,0.968092,0.954694,0.981490,0.984707,0.978933,0.990482,0.009524,0.003654,0.019797,0.009271,0.000100,18,0,6,0,1
sun_moon,prune,920,5418.028,0.074010,0.954261,0.936770,0.971752,32,0.00016437,3,0.032487,0.045700,0.019274,0.968169,0.955427,0.980912,0.985031,0.979581,0.990482,0.009454,0.003925,0.019175,0.009415,0.000100,18,0,6,0,1
sun_moon,prune,930,5435.300,0.070049,0.955867,0.939087,0.972648,32,0.00014735,2,0.032151,0.046456,0.017847,0.968576,0.954860,0.982293,0.986360,0.982714,0.990006,0.009527,0.003557,0.016381,0.008997,0.000100,18,0,6,0,1
sun_moon,prune,940,5452.596,0.068041,0.956668,0.940217,0.973118,32,0.00018565,2,0.032157,0.046348,0.017965,0.968597,0.955008,0.982187,0.987198,0.983794,0.990601,0.009402,0.003407,0.015324,0.008899,0.000100,18,0,6,0,1
sun_moon,prune,950,5686.324,0.069673,0.956507,0.940958,0.972057,32,0.00018306,4,0.031222,0.044836,0.017609,0.969447,0.956385,0.982510,0.986160,0.983146,0.989173,0.009626,0.003472,0.015503,0.009378,0.000100,18,0,6,0,1
sun_moon,prune,960,5703.739,0.069275,0.956195,0.939622,0.972768,32,0.00017357,3,0.032373,0.046780,0.017965,0.968389,0.954598,0.982181,0.986911,0.983578,0.990244,0.009662,0.003499,0.015052,0.009141,0.000100,18,0,6,0,1
sun_moon,prune,970,5720.939,0.069493,0.955773,0.940727,0.970818,32,0.00013632,2,0.032757,0.046240,0.019274,0.968010,0.955127,0.980894,0.986878,0.984226,0.989530,0.009686,0.003687,0.014162,0.009457,0.000100,18,0,6,0,1
sun_moon,prune,980,5738.189,0.066413,0.957563,0.942125,0.973001,32,0.00016421,3,0.031671,0.045376,0.017965,0.969071,0.955956,0.982185,0.987678,0.984875,0.990482,0.009334,0.003502,0.013538,0.008782,0.000100,18,0,6,0,1
sun_moon,prune,990,5755.357,0.067595,0.957277,0.943525,0.971028,32,0.00020586,3,0.031477,0.044512,0.018441,0.969240,0.956786,0.981694,0.987229,0.985523,0.988935,0.009176,0.003602,0.013640,0.010196,0.000100,18,0,6,0,1
sun_moon,prune,1000,5995.655,0.067079,0.957065,0.943467,0.970664,32,0.00015925,4,0.030698,0.043431,0.017965,0.969945,0.957746,0.982143,0.986272,0.984443,0.988102,0.008871,0.003507,0.014114,0.010783,0.000100,18,0,6,0,1
sun_moon,prune,1010,6012.847,0.068051,0.956508,0.942899,0.970118,32,0.00014705,2,0.031839,0.044404,0.019274,0.968868,0.956855,0.980880,0.986791,0.984767,0.988816,0.009105,0.003729,0.013729,0.010434,0.000100,18,0,6,0,1
sun_moon,prune,1020,6030.142,0.068051,0.957084,0.943463,0.970705,32,0.00012203,2,0.032331,0.045268,0.019393,0.968445,0.956112,0.980778,0.987851,0.986171,0.989530,0.009523,0.003716,0.012562,0.010000,0.000100,18,0,6,0,1
sun_moon,prune,1030,6047.412,0.067438,0.956649,0.940589,0.972708,32,0.00016037,2,0.034686,0.049265,0.020107,0.966297,0.952455,0.980139,0.989597,0.986927,0.992267,0.009982,0.003791,0.012495,0.007219,0.000100,18,0,6,0,1
sun_moon,prune,1040,6064.680,0.067062,0.957132,0.941371,0.972894,32,0.00016992,3,0.032497,0.046672,0.018322,0.968308,0.954774,0.981842,0.988013,0.985307,0.990720,0.009548,0.003541,0.013345,0.008680,0.000100,18,0,6,0,1
sun_moon,prune,1050,6287.036,0.068599,0.955709,0.943974,0.967445,32,0.00015756,3,0.032396,0.045160,0.019631,0.968359,0.956230,0.980487,0.986520,0.986603,0.986437,0.009110,0.003824,0.012505,0.011858,0.000100,18,0,6,0,1
sun_moon,prune,1060,6304.342,0.067519,0.956829,0.943681,0.969977,32,0.00015263,1,0.031963,0.045484,0.018441,0.968802,0.955930,0.981674,0.987234,0.986603,0.987864,0.009214,0.003677,0.012315,0.011022,0.000100,18,0,6,0,1
sun_moon,prune,1070,6321.523,0.065796,0.957666,0.946469,0.968863,32,0.00016676,3,0.031829,0.043431,0.020226,0.968911,0.957875,0.979948,0.988017,0.987576,0.988459,0.008945,0.004019,0.011113,0.010004,0.000100,18,0,6,0,1
sun_moon,prune,1080,6338.703,0.066989,0.957412,0.945116,0.969708,32,0.00017915,1,0.033223,0.045268,0.021178,0.967623,0.956185,0.979061,0.989072,0.987900,0.990244,0.009372,0.004004,0.011524,0.009264,0.000100,18,0,6,0,1
sun_moon,prune,1090,6355.827,0.065854,0.957942,0.944789,0.971096,32,0.00013809,2,0.032882,0.044944,0.020821,0.967943,0.956458,0.979429,0.989283,0.987252,0.991315,0.009340,0.004122,0.011774,0.007443,0.000100,18,0,6,0,1
sun_moon,prune,1100,6578.988,0.066876,0.957973,0.944956,0.970989,32,0.00015945,1,0.032683,0.044188,0.021178,0.968113,0.957137,0.979088,0.989132,0.986711,0.991553,0.009324,0.004158,0.012181,0.008070,0.000100,18,0,6,0,1
sun_moon,prune,1110,6596.242,0.064695,0.958226,0.945675,0.970777,32,0.00014034,1,0.032986,0.044080,0.021892,0.967836,0.957264,0.978409,0.989694,0.987360,0.992029,0.009092,0.004090,0.011514,0.007532,0.000100,18,0,6,0,1
sun_moon,prune,1120,6613.431,0.064055,0.959069,0.946480,0.971659,32,0.00016073,1,0.031877,0.043647,0.020107,0.968900,0.957683,0.980118,0.989494,0.987792,0.991196,0.009041,0.003929,0.011053,0.008114,0.000100,18,0,6,0,1
sun_moon,prune,1130,6630.713,0.063065,0.959468,0.945789,0.973147,32,0.00014224,1,0.031666,0.044296,0.019036,0.969121,0.957077,0.981165,0.989678,0.987684,0.991672,0.009113,0.003735,0.011009,0.007564,0.000100,18,0,6,0,1
sun_moon,prune,1140,6648.083,0.062009,0.959593,0.946355,0.972831,32,0.00013732,1,0.031780,0.043215,0.020345,0.968989,0.958062,0.979915,0.989937,0.987252,0.992623,0.008715,0.003877,0.011672,0.006749,0.000100,18,0,6,0,1
sun_moon,prune,1150,6870.556,0.062452,0.959720,0.947636,0.971805,32,0.00014576,1,0.031548,0.041919,0.021178,0.969190,0.959274,0.979106,0.989873,0.987360,0.992385,0.008739,0.004056,0.011251,0.006848,0.000100,18,0,6,0,1
sun_moon,prune,1160,6887.733,0.061844,0.960585,0.947434,0.973736,32,0.00013697,1,0.030651,0.042027,0.019274,0.970059,0.959169,0.980950,0.989878,0.987252,0.992504,0.008756,0.003808,0.011667,0.006686,0.000100,18,0,6,0,1
sun_moon,prune,1170,6904.762,0.062360,0.959645,0.946774,0.972517,32,0.00013578,1,0.032489,0.043323,0.021654,0.968328,0.957984,0.978671,0.990683,0.987792,0.993575,0.008826,0.004175,0.011116,0.006061,0.000100,18,0,6,0,1
sun_moon,prune,1180,6921.835,0.065015,0.957860,0.944715,0.971006,32,0.00013661,2,0.032656,0.043539,0.021773,0.968115,0.957704,0.978526,0.988997,0.985847,0.992148,0.008854,0.004331,0.012464,0.006929,0.000100,18,0,6,0,1
sun_moon,prune,1190,6938.920,0.064797,0.959275,0.948188,0.970363,32,0.00013301,1,0.032095,0.040514,0.023676,0.968638,0.960555,0.976720,0.989970,0.986603,0.993337,0.008792,0.004530,0.012279,0.006327,0.000100,18,0,6,0,1
sun_moon,prune,1200,7160.349,0.061506,0.960798,0.947838,0.973758,32,0.00013351,1,0.030959,0.041811,0.020107,0.969769,0.959379,0.980160,0.990402,0.987468,0.993337,0.008614,0.004060,0.011626,0.005917,0.000100,18,0,6,0,1
sun_moon,prune,1210,7177.384,0.061601,0.960161,0.947488,0.972834,32,0.00013407,2,0.031786,0.043107,0.020464,0.969005,0.958207,0.979803,0.990537,0.988332,0.992742,0.008848,0.003989,0.010713,0.006280,0.000100,18,0,6,0,1
sun_moon,prune,1220,7194.337,0.063894,0.958499,0.945912,0.971085,32,0.00013698,1,0.031570,0.042675,0.020464,0.969146,0.958526,0.979767,0.988618,0.986279,0.990958,0.008687,0.004019,0.012508,0.007555,0.000100,18,0,6,0,1
sun_moon,prune,1230,7211.419,0.062876,0.959471,0.945882,0.973061,32,0.00013577,1,0.032153,0.044080,0.020226,0.968653,0.957273,0.980033,0.990159,0.987576,0.992742,0.009023,0.003980,0.011507,0.006241,0.000100,18,0,6,0,1
sun_moon,prune,1240,7228.451,0.064868,0.958306,0.945353,0.971259,32,0.00013940,1,0.033175,0.043863,0.022487,0.967650,0.957442,0.977858,0.989959,0.986819,0.993099,0.009056,0.004348,0.012013,0.006341,0.000100,18,0,6,0,1
sun_moon,prune,1250,7436.162,0.066235,0.957295,0.944956,0.969634,32,0.00014021,1,0.033397,0.044188,0.022606,0.967423,0.957137,0.977710,0.989132,0.986711,0.991553,0.009112,0.004466,0.012004,0.007171,0.000100,18,0,6,0,1
sun_moon,prune,1260,7453.284,0.063933,0.958792,0.945663,0.971921,32,0.00013564,1,0.032521,0.043863,0.021178,0.968282,0.957456,0.979108,0.989824,0.987143,0.992504,0.009086,0.004075,0.011616,0.006669,0.000100,18,0,6,0,1
sun_moon,prune,1270,7470.541,0.065584,0.958432,0.944020,0.972844,32,0.00015467,2,0.033423,0.046024,0.020821,0.967466,0.955467,0.979465,0.990283,0.987468,0.993099,0.009654,0.004135,0.011463,0.006130,0.000100,18,0,6,0,1
sun_moon,prune,1280,7487.751,0.064515,0.958659,0.944272,0.973046,32,0.00016270,1,0.032287,0.044944,0.019631,0.968516,0.956435,0.980597,0.989429,0.986711,0.992148,0.009210,0.003978,0.012009,0.006792,0.000100,18,0,6,0,1
sun_moon,prune,1290,7505.095,0.063769,0.958898,0.944020,0.973776,32,0.00012846,1,0.033423,0.046024,0.020821,0.967476,0.955467,0.979484,0.990759,0.987468,0.994051,0.009417,0.004061,0.011560,0.005285,0.000100,18,0,6,0,1
sun_moon,prune,1300,7712.107,0.063446,0.959487,0.945220,0.973755,32,0.00012984,1,0.032628,0.045268,0.019988,0.968231,0.956190,0.980272,0.990613,0.988008,0.993218,0.009289,0.003936,0.011361,0.006133,0.000100,18,0,6,0,1
sun_moon,prune,1310,7729.361,0.065111,0.958727,0.944140,0.973313,32,0.00010020,1,0.033644,0.046348,0.020940,0.967274,0.955186,0.979362,0.990797,0.987900,0.993694,0.009659,0.004101,0.011454,0.005774,0.000100,18,0,6,0,1
sun_moon,prune,1320,7746.691,0.065290,0.958593,0.943864,0.973322,32,0.00010620,3,0.033174,0.045052,0.021297,0.967673,0.956321,0.979025,0.990219,0.986387,0.994051,0.009357,0.004111,0.012638,0.005953,0.000100,18,0,6,0,1
sun_moon,prune,1330,7763.878,0.064180,0.958843,0.944249,0.973436,32,0.00012215,1,0.033817,0.046456,0.021178,0.967118,0.955096,0.979140,0.991083,0.988116,0.994051,0.009513,0.004140,0.011177,0.005428,0.000100,18,0,6,0,1
sun_moon,prune,1340,7781.140,0.064664,0.959398,0.944117,0.974679,32,0.00011321,2,0.032774,0.045916,0.019631,0.968098,0.955567,0.980629,0.990640,0.987468,0.993813,0.009607,0.003934,0.011624,0.005973,0.000100,18,0,6,0,1
sun_moon,prune,1350,7980.006,0.063798,0.959170,0.944818,0.973522,32,0.00010537,1,0.032736,0.045484,0.019988,0.968124,0.955981,0.980268,0.990386,0.987792,0.992980,0.009336,0.003973,0.011192,0.006378,0.000100,18,0,6,0,1
sun_moon,prune,1360,7997.362,0.064286,0.958992,0.944927,0.973058,32,0.00010223,1,0.032850,0.045592,0.020107,0.968018,0.955890,0.980146,0.990316,0.988008,0.992623,0.009382,0.003982,0.011090,0.006802,0.000100,18,0,6,0,1
sun_moon,prune,1370,8014.533,0.064670,0.959201,0.944393,0.974009,32,0.00011586,1,0.033044,0.045268,0.020821,0.967821,0.956153,0.979489,0.990716,0.987143,0.994289,0.009395,0.004154,0.011857,0.005712,0.000100,18,0,6,0,1
sun_moon,prune,1380,8031.785,0.065167,0.958311,0.943784,0.972837,32,0.00011689,1,0.033033,0.045484,0.020583,0.967812,0.955935,0.979690,0.989786,0.986711,0.992861,0.009310,0.004129,0.012090,0.006471,0.000100,18,0,6,0,1
sun_moon,prune,1390,8048.945,0.063638,0.958941,0.944686,0.973197,32,0.00010974,1,0.032942,0.044944,0.020940,0.967907,0.956453,0.979360,0.990359,0.987143,0.993575,0.009205,0.004081,0.011558,0.005920,0.000100,18,0,6,0,1
sun_moon,prune,1400,8272.419,0.065186,0.958239,0.942816,0.973663,32,0.00013020,1,0.033806,0.046672,0.020940,0.967105,0.954840,0.979369,0.990435,0.986819,0.994051,0.009631,0.004105,0.012161,0.005223,0.000100,18,0,6,0,1
sun_moon,prune,1410,8289.703,0.063171,0.960133,0.945473,0.974793,32,0.00011469,1,0.031850,0.044188,0.019512,0.968952,0.957159,0.980744,0.990532,0.987252,0.993813,0.009193,0.003869,0.012048,0.005807,0.000100,18,0,6,0,1
sun_moon,prune,1420,8306.684,0.065645,0.958073,0.943314,0.972831,32,0.00010619,1,0.033347,0.046348,0.020345,0.967532,0.955149,0.979915,0.989829,0.987035,0.992623,0.009578,0.003934,0.011963,0.006846,0.000100,18,0,6,0,1
sun_moon,prune,1430,8323.750,0.064328,0.959140,0.944312,0.973967,32,0.00010717,1,0.032428,0.045700,0.019155,0.968417,0.955767,0.981068,0.990046,0.987468,0.992623,0.009362,0.003929,0.011692,0.006535,0.000100,18,0,6,0,1
sun_moon,prune,1440,8340.917,0.064603,0.958609,0.944163,0.973055,32,0.00010006,1,0.033384,0.046780,0.019988,0.967532,0.954806,0.980259,0.990418,0.988332,0.992504,0.009619,0.003934,0.010861,0.006628,0.000100,18,0,6,0,1
sun_moon,prune,1450,8553.780,0.063543,0.959155,0.944324,0.973985,32,0.00010896,1,0.033865,0.047861,0.019869,0.967127,0.953864,0.980390,0.991429,0.989520,0.993337,0.009677,0.004013,0.009732,0.006025,0.000100,18,0,6,0,1
sun_moon,prune,1460,8570.808,0.063341,0.959426,0.944983,0.973868,32,0.00010692,1,0.033271,0.046672,0.019869,0.967663,0.954939,0.980388,0.991153,0.989088,0.993218,0.009443,0.003935,0.010396,0.006388,0.000100,18,0,6,0,1
sun_moon,prune,1470,8587.756,0.063972,0.958932,0.945030,0.972834,32,0.00009904,1,0.033028,0.045592,0.020464,0.967849,0.955895,0.979803,0.990429,0.988116,0.992742,0.009431,0.004062,0.010687,0.006345,0.000100,18,0,6,0,1
sun_moon,prune,1480,8604.733,0.063033,0.959431,0.945678,0.973184,32,0.00010963,1,0.033298,0.046132,0.020464,0.967628,0.955447,0.979810,0.991202,0.989304,0.993099,0.009524,0.004015,0.009796,0.005998,0.000100,18,0,6,0,1
sun_moon,prune,1490,8621.675,0.063098,0.959171,0.944565,0.973776,32,0.00011647,1,0.033693,0.046564,0.020821,0.967250,0.955015,0.979484,0.991300,0.988548,0.994051,0.009426,0.004171,0.010551,0.005079,0.000100,18,0,6,0,1
sun_moon,prune,1500,8827.037,0.062522,0.959975,0.946759,0.973190,32,0.00011288,3,0.032877,0.045052,0.020702,0.968017,0.956449,0.979585,0.991375,0.989412,0.993337,0.009412,0.004015,0.009414,0.006259,0.000100,18,0,6,0,1
sun_moon,base,1,1.489,1.591758,0.223209,0.192984,0.253433,20,0.00000000,0,0.178953,0.179559,0.178346,0.592563,0.559034,0.626091,0.263134,0.227636,0.298632,0.040695,0.035942,0.765997,0.696076,0.000000,0,0,0,0,0
sun_moon,base,10,11.333,1.397899,0.291349,0.265017,0.317682,20,0.00000000,0,0.129992,0.134939,0.125045,0.715559,0.690305,0.740814,0.329092,0.300778,0.357406,0.030229,0.025161,0.692668,0.638992,0.000000,0,0,0,0,0
sun_moon,base,20,22.051,1.233847,0.360645,0.339971,0.381320,20,0.00000000,0,0.103241,0.112252,0.094230,0.793433,0.771095,0.815771,0.397692,0.378133,0.417252,0.025169,0.018937,0.615342,0.579173,0.000000,0,0,0,0,0
sun_moon,base,30,32.523,1.091202,0.430710,0.415157,0.446264,20,0.00000557,0,0.098767,0.114844,0.082689,0.827533,0.801197,0.853869,0.473000,0.462835,0.483165,0.025510,0.016488,0.531596,0.512856,0.000000,0,0,0,0,0
sun_moon,base,40,43.170,0.991565,0.481576,0.474737,0.488416,20,0.00004258,2,0.098354,0.118302,0.078406,0.844101,0.817773,0.870429,0.528805,0.530899,0.526710,0.026220,0.015556,0.464472,0.470131,0.000000,0,0,0,0,0
sun_moon,base,50,53.699,0.924899,0.515012,0.518843,0.511180,20,0.00002915,0,0.097865,0.120895,0.074836,0.854011,0.827899,0.880122,0.565502,0.581569,0.549435,0.026959,0.014779,0.413651,0.447040,0.000000,0,0,0,0,0
sun_moon,base,60,64.226,0.870506,0.542338,0.549837,0.534840,20,0.00024215,0,0.098078,0.127269,0.068888,0.861052,0.829646,0.892459,0.595749,0.619814,0.571684,0.028104,0.013415,0.376408,0.424556,0.000000,0,0,0,0,0
sun_moon,base,70,74.712,0.831033,0.561305,0.571607,0.551002,20,0.00031622,1,0.095085,0.121759,0.068412,0.868152,0.840413,0.895890,0.614951,0.641206,0.588697,0.026748,0.013306,0.354895,0.408014,0.000000,0,0,0,0,0
sun_moon,base,80,85.161,0.792924,0.578795,0.592154,0.565436,20,0.00009075,1,0.089482,0.112576,0.066389,0.877440,0.854062,0.900818,0.630895,0.658816,0.602974,0.024721,0.013015,0.336247,0.393763,0.000000,0,0,0,0,0
sun_moon,base,90,95.605,0.748249,0.602418,0.608742,0.596094,20,0.00017914,0,0.090384,0.114736,0.066032,0.880620,0.855372,0.905868,0.657021,0.678587,0.635455,0.025213,0.012962,0.316984,0.361566,0.000000,0,0,0,0,0
sun_moon,base,100,106.152,0.704128,0.626680,0.616346,0.637015,20,0.00015703,2,0.093446,0.123596,0.063296,0.881548,0.848557,0.914538,0.684929,0.692524,0.677335,0.027299,0.012470,0.303169,0.319998,0.000000,0,0,0,0,0
sun_moon,base,110,116.706,0.673103,0.643662,0.614392,0.672933,20,0.00021342,3,0.096903,0.130510,0.063296,0.880276,0.841823,0.918729,0.705051,0.694576,0.715526,0.028589,0.012629,0.301423,0.281431,0.000000,0,0,0,0,0
sun_moon,base,120,127.274,0.636642,0.663672,0.617790,0.709554,20,0.00020299,3,0.096469,0.133211,0.059726,0.883277,0.840140,0.926415,0.726010,0.700086,0.751933,0.029628,0.011702,0.296080,0.245822,0.000000,0,0,0,0,0
sun_moon,base,130,137.657,0.611365,0.677298,0.619292,0.735304,20,0.00032722,3,0.097116,0.135696,0.058537,0.884162,0.838269,0.930054,0.740837,0.703328,0.778346,0.030219,0.011555,0.293083,0.218858,0.000000,0,0,0,0,0
sun_moon,base,140,148.017,0.588015,0.688965,0.623573,0.754356,20,0.00032208,4,0.096997,0.135696,0.058299,0.885573,0.839201,0.931944,0.753262,0.708189,0.798334,0.030132,0.011216,0.288205,0.199504,0.000000,0,0,0,0,0
sun_moon,base,150,158.418,0.561590,0.702576,0.633865,0.771287,20,0.00022180,2,0.093441,0.131914,0.054967,0.890709,0.844696,0.936721,0.765581,0.717481,0.813682,0.029473,0.010758,0.279816,0.183078,0.000000,0,0,0,0,0
sun_moon,base,160,168.938,0.534149,0.714848,0.640662,0.789034,20,0.00031440,2,0.091642,0.128673,0.054610,0.893674,0.848935,0.938414,0.777611,0.723099,0.832124,0.028007,0.010671,0.273360,0.165182,0.000000,0,0,0,0,0
sun_moon,base,170,179.546,0.507101,0.729667,0.650791,0.808544,20,0.00008387,3,0.090042,0.127377,0.052707,0.896879,0.852070,0.941688,0.792423,0.733686,0.851160,0.027991,0.010393,0.263103,0.146743,0.000000,0,0,0,0,0
sun_moon,base,180,190.098,0.482776,0.742083,0.657882,0.826283,20,0.00030484,3,0.091053,0.127377,0.054729,0.897172,0.853431,0.940912,0.806593,0.741681,0.871505,0.028149,0.010504,0.255353,0.126218,0.000000,0,0,0,0,0
sun_moon,base,190,200.679,0.459710,0.753694,0.662982,0.844407,20,0.00053768,3,0.088432,0.123920,0.052945,0.900604,0.857409,0.943799,0.817126,0.745138,0.889114,0.027099,0.010311,0.251782,0.108948,0.000000,0,0,0,0,0
sun_moon,base,200,211.405,0.437353,0.765788,0.668238,0.863338,20,0.00113485,3,0.086821,0.122839,0.050803,0.903143,0.859317,0.946970,0.828761,0.750324,0.907198,0.026996,0.009922,0.246448,0.090944,0.000000,0,0,0,0,0
sun_moon,base,210,222.105,0.423677,0.773228,0.670311,0.876145,20,0.00113640,3,0.089247,0.126621,0.051874,0.901560,0.856408,0.946712,0.838390,0.755186,0.921594,0.027670,0.010056,0.241952,0.077012,0.000000,0,0,0,0,0
sun_moon,base,220,232.849,0.406860,0.782025,0.679958,0.884092,20,0.00095456,4,0.084574,0.119058,0.050089,0.906755,0.864702,0.948808,0.844644,0.760912,0.928376,0.026296,0.009947,0.236360,0.069993,0.000000,0,0,0,0,0
sun_moon,base,230,243.693,0.398148,0.786565,0.682370,0.890759,20,0.00060389,3,0.087309,0.121435,0.053183,0.904698,0.863044,0.946351,0.851683,0.765233,0.938132,0.026677,0.010487,0.232156,0.061107,0.000000,0,0,0,0,0
sun_moon,base,240,254.350,0.389155,0.791439,0.686860,0.896017,20,0.00051785,1,0.084855,0.118194,0.051517,0.907395,0.866634,0.948156,0.855110,0.768042,0.942177,0.026406,0.010220,0.229008,0.056478,0.000000,0,0,0,0,0
sun_moon,base,250,264.966,0.377882,0.795992,0.693023,0.898961,20,0.00041114,2,0.084424,0.114952,0.053896,0.908335,0.870497,0.946174,0.860050,0.772688,0.947412,0.025439,0.010585,0.223880,0.051575,0.000000,0,0,0,0,0
sun_moon,base,260,275.643,0.369587,0.800491,0.701174,0.899808,20,0.00024718,1,0.082830,0.113548,0.052112,0.910432,0.873037,0.947826,0.863745,0.780791,0.946698,0.025118,0.010352,0.216587,0.051994,0.000000,0,0,0,0,0
sun_moon,base,270,286.293,0.360630,0.804451,0.705728,0.903175,20,0.00021424,2,0.082009,0.110955,0.053064,0.911591,0.876026,0.947156,0.867566,0.784032,0.951101,0.024315,0.010366,0.213781,0.048028,0.000000,0,0,0,0,0
sun_moon,base,280,296.975,0.354141,0.807971,0.710318,0.905624,20,0.00023584,1,0.078043,0.104689,0.051398,0.915537,0.882289,0.948785,0.868426,0.784680,0.952171,0.023250,0.010278,0.212297,0.046898,0.000000,0,0,0,0,0
sun_moon,base,290,307.872,0.347837,0.810363,0.716373,0.904353,20,0.00022846,1,0.077169,0.101988,0.052350,0.916725,0.885590,0.947861,0.870565,0.789434,0.951695,0.022363,0.010321,0.208221,0.047353,0.000000,0,0,0,0,0
sun_moon,base,300,318.451,0.339219,0.814540,0.721605,0.907475,20,0.00019434,2,0.074602,0.098639,0.050565,0.919490,0.889347,0.949633,0.873072,0.792783,0.953361,0.021589,0.010083,0.204782,0.045290,0.000000,0,0,0,0,0
sun_moon,base,310,328.809,0.338547,0.814762,0.723486,0.906038,20,0.00027617,1,0.074679,0.097126,0.052231,0.919519,0.890977,0.948060,0.873558,0.793755,0.953361,0.021425,0.010259,0.203759,0.045455,0.000000,0,0,0,0,0
sun_moon,base,320,339.187,0.331713,0.818269,0.727004,0.909533,20,0.00038529,1,0.074565,0.097018,0.052112,0.919951,0.891546,0.948355,0.877234,0.797537,0.956930,0.021421,0.010106,0.199962,0.042201,0.000000,0,0,0,0,0
sun_moon,base,330,349.688,0.323019,0.822991,0.733701,0.912281,20,0.00040030,2,0.074089,0.097018,0.051160,0.920891,0.892429,0.949352,0.881918,0.804883,0.958953,0.021419,0.010066,0.192694,0.039965,0.000000,0,0,0,0,0
sun_moon,base,340,360.158,0.318928,0.825118,0.738013,0.912223,20,0.00034148,2,0.075262,0.097342,0.053183,0.920124,0.892700,0.947548,0.885295,0.809853,0.960738,0.021624,0.010428,0.187722,0.038167,0.000000,0,0,0,0,0
sun_moon,base,350,370.640,0.310351,0.829212,0.742059,0.916364,20,0.00034170,1,0.074245,0.098639,0.049851,0.921401,0.892068,0.950735,0.888651,0.815255,0.962046,0.021456,0.009834,0.182282,0.037127,0.000000,0,0,0,0,0
sun_moon,base,360,381.086,0.298773,0.836003,0.750394,0.921611,20,0.00038351,2,0.069541,0.096370,0.042713,0.926295,0.895145,0.957444,0.891843,0.822710,0.960976,0.021200,0.008472,0.175233,0.037751,0.000000,0,0,0,0,0
sun_moon,base,370,391.472,0.290687,0.840405,0.753460,0.927350,20,0.00034819,2,0.064779,0.092913,0.036645,0.930945,0.898609,0.963281,0.892399,0.823466,0.961333,0.020446,0.007136,0.174740,0.037647,0.000000,0,0,0,0,0
sun_moon,base,380,401.864,0.288594,0.842081,0.755722,0.928440,20,0.00032554,1,0.065443,0.095073,0.035812,0.930527,0.896956,0.964098,0.894630,0.827571,0.961689,0.021035,0.007174,0.170357,0.037211,0.000000,0,0,0,0,0
sun_moon,base,390,412.248,0.284181,0.843703,0.758491,0.928916,20,0.00038168,1,0.063563,0.091076,0.036050,0.932376,0.900859,0.963894,0.894987,0.827571,0.962403,0.020008,0.007137,0.170194,0.036688,0.000000,0,0,0,0,0
sun_moon,base,400,422.562,0.284012,0.844317,0.759652,0.928982,20,0.00038196,1,0.063368,0.091400,0.035336,0.932633,0.900704,0.964563,0.895446,0.829084,0.961808,0.020189,0.007103,0.168871,0.037234,0.000000,0,0,0,0,0
sun_moon,base,410,432.905,0.284102,0.843460,0.759331,0.927589,20,0.00034067,1,0.064861,0.091292,0.038430,0.931199,0.900763,0.961634,0.895944,0.828652,0.963236,0.020420,0.007347,0.168679,0.035656,0.000000,0,0,0,0,0
sun_moon,base,420,443.202,0.281117,0.844823,0.759237,0.930409,20,0.00035386,1,0.064805,0.093561,0.036050,0.931338,0.898725,0.963950,0.897111,0.830272,0.963950,0.020472,0.007035,0.167352,0.034696,0.000000,0,0,0,0,0
sun_moon,base,430,453.464,0.278430,0.846702,0.760055,0.933349,20,0.00043881,1,0.063394,0.093237,0.033551,0.932750,0.899112,0.966389,0.897792,0.830920,0.964664,0.020607,0.006400,0.166826,0.034172,0.000000,0,0,0,0,0
sun_moon,base,440,463.805,0.276803,0.847834,0.760095,0.935573,20,0.00037098,1,0.061037,0.091616,0.030458,0.934969,0.900563,0.969374,0.896901,0.829732,0.964069,0.020416,0.005922,0.167544,0.034374,0.000000,0,0,0,0,0
sun_moon,base,450,474.224,0.275418,0.849150,0.759616,0.938684,20,0.00039030,2,0.061464,0.092589,0.030339,0.934611,0.899637,0.969585,0.898555,0.829948,0.967162,0.020713,0.005976,0.167292,0.031668,0.000000,0,0,0,0,0
sun_moon,base,460,484.612,0.273619,0.850401,0.759550,0.941251,20,0.00034944,2,0.061663,0.094533,0.028792,0.934512,0.897900,0.971125,0.899852,0.831353,0.968352,0.020984,0.005844,0.165878,0.030557,0.000000,0,0,0,0,0
sun_moon,base,470,495.101,0.273113,0.850528,0.760498,0.940559,20,0.00037137,2,0.062134,0.093453,0.030815,0.934084,0.898972,0.969196,0.900555,0.831569,0.969542,0.020869,0.005955,0.166154,0.029719,0.000000,0,0,0,0,0
sun_moon,base,480,505.607,0.273547,0.851002,0.761759,0.940245,20,0.00032908,2,0.061366,0.093345,0.029387,0.934875,0.899218,0.970532,0.900371,0.832865,0.967876,0.020885,0.006067,0.164940,0.030937,0.000000,0,0,0,0,0
sun_moon,base,490,516.059,0.272012,0.851051,0.761421,0.940681,20,0.00025999,2,0.062950,0.094965,0.030934,0.933416,0.897743,0.969088,0.901755,0.833729,0.969780,0.021021,0.006015,0.164211,0.029679,0.000000,0,0,0,0,0
sun_moon,base,500,526.436,0.272152,0.851880,0.760953,0.942808,20,0.00024117,1,0.063543,0.097342,0.029744,0.932935,0.895597,0.970273,0.902938,0.835026,0.970851,0.021700,0.006027,0.162957,0.028338,0.000000,0,0,0,0,0
sun_moon,base,510,536.867,0.272019,0.852399,0.762976,0.941823,20,0.00029049,2,0.061765,0.094857,0.028673,0.934640,0.898026,0.971255,0.902089,0.835350,0.968828,0.021449,0.005784,0.162469,0.030616,0.000000,0,0,0,0,0
sun_moon,base,520,547.297,0.270481,0.851841,0.762600,0.941081,20,0.00028159,1,0.062630,0.095398,0.029863,0.933806,0.897504,0.970108,0.902268,0.835350,0.969185,0.021080,0.005851,0.162745,0.029848,0.000000,0,0,0,0,0
sun_moon,base,530,557.759,0.272350,0.851124,0.760801,0.941448,20,0.00025664,1,0.063766,0.095290,0.032243,0.932635,0.897382,0.967887,0.902550,0.833297,0.971802,0.021298,0.006198,0.164331,0.028097,0.000000,0,0,0,0,0
sun_moon,base,540,568.225,0.269741,0.851679,0.763822,0.939537,20,0.00021822,1,0.062724,0.092373,0.033076,0.933686,0.900326,0.967046,0.902495,0.834378,0.970613,0.020599,0.006261,0.163413,0.028690,0.000000,0,0,0,0,0
sun_moon,base,550,578.636,0.270177,0.851386,0.761318,0.941454,20,0.00026314,1,0.063880,0.095398,0.032362,0.932563,0.897349,0.967776,0.902934,0.833946,0.971921,0.021120,0.006175,0.163348,0.027465,0.000000,0,0,0,0,0
sun_moon,base,560,589.060,0.270495,0.853512,0.761312,0.945711,20,0.00029665,1,0.060701,0.093561,0.027841,0.935565,0.898973,0.972156,0.902291,0.832541,0.972040,0.021196,0.005641,0.165391,0.027579,0.000000,0,0,0,0,0
sun_moon,base,570,599.443,0.268893,0.853980,0.759578,0.948382,20,0.00025705,1,0.061305,0.096910,0.025699,0.935034,0.895807,0.974261,0.902972,0.833189,0.972754,0.021535,0.005348,0.164170,0.026867,0.000000,0,0,0,0,0
sun_moon,base,580,609.850,0.274148,0.850475,0.756435,0.944515,20,0.00029572,1,0.064440,0.099611,0.029268,0.931913,0.893052,0.970773,0.901972,0.831785,0.972159,0.022386,0.005513,0.166060,0.026723,0.000000,0,0,0,0,0
sun_moon,base,590,620.421,0.268389,0.853776,0.760154,0.947399,20,0.00026687,1,0.061413,0.095938,0.026889,0.934919,0.896732,0.973105,0.902977,0.833081,0.972873,0.021236,0.005395,0.165226,0.026252,0.000000,0,0,0,0,0
sun_moon,base,600,630.811,0.270817,0.852048,0.758862,0.945234,20,0.00031113,1,0.061923,0.094101,0.029744,0.934274,0.898200,0.970348,0.901811,0.830272,0.973349,0.020966,0.005793,0.167470,0.026158,0.000000,0,0,0,0,0
sun_moon,base,610,641.211,0.267094,0.854269,0.762499,0.946040,20,0.00041765,1,0.059388,0.091292,0.027484,0.936819,0.901135,0.972503,0.902075,0.832109,0.972040,0.020635,0.005354,0.165745,0.026744,0.000000,0,0,0,0,0
sun_moon,base,620,651.606,0.267192,0.853256,0.761138,0.945375,20,0.00038774,1,0.061945,0.093669,0.030220,0.934381,0.898857,0.969905,0.903189,0.832433,0.973944,0.020593,0.005766,0.165492,0.025651,0.000000,0,0,0,0,0
sun_moon,base,630,662.076,0.268520,0.852171,0.759365,0.944976,20,0.00044138,1,0.063674,0.095938,0.031410,0.932708,0.896636,0.968780,0.903437,0.832217,0.974658,0.020905,0.006021,0.165804,0.024507,0.000000,0,0,0,0,0
sun_moon,base,640,672.722,0.265343,0.854876,0.762871,0.946881,20,0.00046183,1,0.059631,0.091184,0.028079,0.936620,0.901275,0.971965,0.902951,0.832433,0.973468,0.020329,0.005657,0.165344,0.025181,0.000000,0,0,0,0,0
sun_moon,base,650,683.257,0.266318,0.854031,0.760822,0.947241,20,0.00042873,1,0.060723,0.093129,0.028316,0.935525,0.899299,0.971751,0.902870,0.831677,0.974063,0.020546,0.005517,0.166274,0.025050,0.000000,0,0,0,0,0
sun_moon,base,660,693.665,0.267655,0.853832,0.760990,0.946674,20,0.00034678,1,0.062354,0.096154,0.028554,0.934077,0.896644,0.971510,0.903934,0.834162,0.973706,0.021398,0.005645,0.163766,0.025185,0.000000,0,0,0,0,0
sun_moon,base,670,704.079,0.264992,0.855170,0.764090,0.946249,20,0.00027120,1,0.061901,0.094533,0.029268,0.934635,0.898445,0.970825,0.905133,0.836322,0.973944,0.021052,0.005689,0.161860,0.025398,0.000000,0,0,0,0,0
sun_moon,base,680,714.471,0.268482,0.853074,0.762158,0.943989,20,0.00030158,1,0.062701,0.095182,0.030220,0.933752,0.897641,0.969862,0.903609,0.834702,0.972516,0.021218,0.005886,0.163007,0.026656,0.000000,0,0,0,0,0
sun_moon,base,690,724.865,0.266029,0.854516,0.764073,0.944959,20,0.00024118,1,0.060381,0.093993,0.026770,0.936035,0.898919,0.973150,0.903073,0.835890,0.970256,0.020801,0.005425,0.162089,0.028411,0.000000,0,0,0,0,0
sun_moon,base,700,735.286,0.268515,0.852502,0.761285,0.943719,20,0.00028478,1,0.062830,0.096154,0.029506,0.933603,0.896680,0.970525,0.903025,0.834486,0.971565,0.021284,0.005614,0.163201,0.027332,0.000000,0,0,0,0,0
sun_moon,base,710,745.851,0.268736,0.853452,0.760765,0.946140,20,0.00037350,2,0.062933,0.096478,0.029387,0.933521,0.896332,0.970710,0.904053,0.834162,0.973944,0.021624,0.005654,0.163808,0.025385,0.000000,0,0,0,0,0
sun_moon,base,720,756.356,0.265357,0.855026,0.761223,0.948828,20,0.00029175,1,0.060154,0.094965,0.025342,0.936166,0.897719,0.974613,0.903193,0.833513,0.972873,0.020979,0.005126,0.164177,0.026016,0.000000,0,0,0,0,0
sun_moon,base,730,766.925,0.263376,0.855390,0.763228,0.947551,20,0.00034381,1,0.059988,0.092373,0.027603,0.936345,0.900257,0.972433,0.903718,0.833729,0.973706,0.020445,0.005239,0.164303,0.025333,0.000000,0,0,0,0,0
sun_moon,base,740,777.621,0.263723,0.856277,0.764223,0.948332,20,0.00034439,1,0.059474,0.091940,0.027008,0.936888,0.900758,0.973018,0.904215,0.834486,0.973944,0.020709,0.005297,0.163676,0.025058,0.000000,0,0,0,0,0
sun_moon,base,750,788.134,0.263121,0.856044,0.764274,0.947814,20,0.00032004,1,0.057912,0.089888,0.025937,0.938309,0.902599,0.974020,0.902685,0.832973,0.972397,0.019952,0.005206,0.164690,0.026788,0.000000,0,0,0,0,0
sun_moon,base,760,798.607,0.264672,0.854734,0.762404,0.947064,20,0.00035729,2,0.060128,0.093129,0.027127,0.936179,0.899487,0.972870,0.903080,0.833405,0.972754,0.020562,0.005223,0.164306,0.026359,0.000000,0,0,0,0,0
sun_moon,base,770,809.153,0.263538,0.855693,0.761820,0.949565,20,0.00039596,1,0.059220,0.092264,0.026175,0.937014,0.900187,0.973841,0.903264,0.832109,0.974420,0.020408,0.005054,0.165482,0.025181,0.000000,0,0,0,0,0
sun_moon,base,780,819.638,0.260050,0.858145,0.763532,0.952759,20,0.00036020,1,0.053912,0.087835,0.019988,0.942105,0.904364,0.979846,0.901199,0.830596,0.971802,0.019647,0.003942,0.167015,0.027293,0.000000,0,0,0,0,0
sun_moon,base,790,830.053,0.259012,0.858874,0.764221,0.953526,20,0.00037800,2,0.053592,0.088267,0.018917,0.942476,0.904052,0.980901,0.901621,0.831677,0.971565,0.019692,0.003814,0.165995,0.027480,0.000000,0,0,0,0,0
sun_moon,base,800,840.614,0.261274,0.857015,0.763786,0.950244,20,0.00041196,2,0.057365,0.091292,0.023438,0.938876,0.901285,0.976466,0.903015,0.833513,0.972516,0.020092,0.004630,0.164243,0.026851,0.000000,0,0,0,0,0
sun_moon,base,810,851.101,0.261428,0.857197,0.764934,0.949460,20,0.00050459,2,0.056420,0.088807,0.024033,0.939762,0.903646,0.975878,0.902572,0.832865,0.972278,0.019859,0.004790,0.164885,0.026599,0.000000,0,0,0,0,0
sun_moon,base,820,861.690,0.260161,0.857652,0.763999,0.951305,20,0.00047544,1,0.054728,0.088159,0.021297,0.941337,0.904124,0.978550,0.901459,0.831353,0.971565,0.019655,0.004094,0.166403,0.027302,0.000000,0,0,0,0,0
sun_moon,base,830,872.339,0.260621,0.857337,0.763842,0.950831,20,0.00040904,1,0.056182,0.088807,0.023557,0.939944,0.903521,0.976367,0.902453,0.831677,0.973230,0.019842,0.004385,0.166316,0.026036,0.000000,0,0,0,0,0
sun_moon,base,840,882.889,0.258464,0.857264,0.765033,0.949495,20,0.00038896,1,0.056777,0.088807,0.024747,0.939427,0.903657,0.975197,0.902983,0.832973,0.972992,0.019659,0.004442,0.164718,0.025759,0.000000,0,0,0,0,0
sun_moon,base,850,893.481,0.258825,0.858276,0.766012,0.950540,20,0.00041463,1,0.057209,0.089672,0.024747,0.939108,0.902992,0.975223,0.904382,0.834702,0.974063,0.019958,0.004640,0.163468,0.025401,0.000000,0,0,0,0,0
sun_moon,base,860,904.082,0.258851,0.858065,0.766048,0.950081,20,0.00049648,1,0.056891,0.088915,0.024866,0.939387,0.903675,0.975098,0.903934,0.834162,0.973706,0.019678,0.004798,0.163587,0.025738,0.000000,0,0,0,0,0
sun_moon,base,870,914.675,0.258585,0.858340,0.765600,0.951081,20,0.00049953,1,0.055605,0.087295,0.023914,0.940559,0.905086,0.976031,0.903129,0.832433,0.973825,0.019445,0.004587,0.165757,0.025043,0.000000,0,0,0,0,0
sun_moon,base,880,925.333,0.257838,0.858186,0.765651,0.950721,20,0.00046295,1,0.056296,0.088915,0.023676,0.939940,0.903630,0.976250,0.903480,0.833729,0.973230,0.019662,0.004430,0.164633,0.025126,0.000000,0,0,0,0,0
sun_moon,base,890,936.084,0.257840,0.858808,0.765816,0.951800,20,0.00046333,1,0.056113,0.087835,0.024390,0.940109,0.904622,0.975595,0.904048,0.833081,0.975015,0.019575,0.004693,0.165178,0.023875,0.000000,0,0,0,0,0
sun_moon,base,900,946.631,0.257644,0.858768,0.766262,0.951273,20,0.00046073,1,0.054648,0.086214,0.023081,0.941486,0.906140,0.976833,0.902778,0.832325,0.973230,0.019327,0.004397,0.165779,0.025238,0.000000,0,0,0,0,0
sun_moon,base,910,957.168,0.257508,0.859168,0.764823,0.953513,20,0.00043825,1,0.053588,0.085998,0.021178,0.942445,0.906176,0.978713,0.902151,0.830596,0.973706,0.019163,0.004200,0.167376,0.024952,0.000000,0,0,0,0,0
sun_moon,base,920,967.729,0.258182,0.858699,0.763202,0.954196,20,0.00049355,1,0.053572,0.086322,0.020821,0.942386,0.905700,0.979072,0.901573,0.829084,0.974063,0.019199,0.004084,0.168571,0.024785,0.000000,0,0,0,0,0
sun_moon,base,930,978.314,0.256420,0.859085,0.763407,0.954763,20,0.00050200,1,0.053177,0.085890,0.020464,0.942773,0.906117,0.979428,0.901638,0.828976,0.974301,0.018912,0.003903,0.168855,0.024407,0.000000,0,0,0,0,0
sun_moon,base,940,988.824,0.256448,0.859510,0.765232,0.953789,20,0.00045752,1,0.054550,0.086971,0.022130,0.941571,0.905339,0.977804,0.903340,0.831785,0.974896,0.019294,0.004329,0.166211,0.023886,0.000000,0,0,0,0,0
sun_moon,base,950,999.398,0.257345,0.858614,0.766468,0.950761,20,0.00037043,1,0.055146,0.085782,0.024509,0.941005,0.906555,0.975456,0.903140,0.832217,0.974063,0.019169,0.004719,0.165601,0.024500,0.000000,0,0,0,0,0
sun_moon,base,960,1009.920,0.257743,0.857882,0.765468,0.950296,20,0.00035348,1,0.054443,0.084378,0.024509,0.941585,0.907727,0.975444,0.901822,0.830056,0.973587,0.018778,0.004516,0.167831,0.025099,0.000000,0,0,0,0,0
sun_moon,base,970,1020.479,0.257732,0.858317,0.765466,0.951168,20,0.00039547,1,0.054767,0.086214,0.023319,0.941327,0.906051,0.976603,0.902405,0.831461,0.973349,0.019220,0.004366,0.166501,0.025216,0.000000,0,0,0,0,0
sun_moon,base,980,1031.052,0.256417,0.859540,0.764800,0.954280,20,0.00049373,1,0.052999,0.085890,0.020107,0.943018,0.906272,0.979763,0.901978,0.830488,0.973468,0.019123,0.003956,0.167237,0.024969,0.000000,0,0,0,0,0
sun_moon,base,990,1041.653,0.255503,0.859729,0.766484,0.952974,20,0.00050330,1,0.054226,0.086322,0.022130,0.941926,0.906066,0.977786,0.903356,0.832649,0.974063,0.019036,0.004314,0.165249,0.024852,0.000000,0,0,0,0,0
sun_moon,base,1000,1052.111,0.256551,0.859085,0.765179,0.952990,20,0.00042202,1,0.054837,0.087187,0.022487,0.941290,0.905137,0.977444,0.903156,0.831893,0.974420,0.019196,0.004324,0.166013,0.024635,0.000000,0,0,0,0,0
sun_moon,base,1010,1062.780,0.253869,0.860762,0.766243,0.955281,20,0.00052115,1,0.054582,0.087511,0.021654,0.941629,0.904963,0.978295,0.904632,0.833297,0.975967,0.019312,0.004181,0.164780,0.022924,0.000000,0,0,0,0,0
sun_moon,base,1020,1073.332,0.255160,0.860122,0.765689,0.954556,20,0.00047018,1,0.053691,0.086322,0.021059,0.942414,0.905978,0.978851,0.903221,0.831785,0.974658,0.019032,0.004254,0.166018,0.023985,0.000000,0,0,0,0,0
sun_moon,base,1030,1083.854,0.256673,0.859669,0.765233,0.954106,20,0.00043011,1,0.053275,0.085134,0.021416,0.942753,0.907010,0.978497,0.902460,0.830380,0.974539,0.019013,0.004264,0.167582,0.024169,0.000000,0,0,0,0,0
sun_moon,base,1040,1094.296,0.256609,0.858760,0.764911,0.952608,20,0.00039497,1,0.053399,0.085026,0.021773,0.942597,0.907073,0.978121,0.901649,0.829948,0.973349,0.018720,0.004185,0.168280,0.024913,0.000000,0,0,0,0,0
sun_moon,base,1050,1104.746,0.255708,0.859832,0.766252,0.953413,20,0.00039995,1,0.053388,0.085242,0.021535,0.942695,0.907023,0.978367,0.902756,0.831569,0.973944,0.018961,0.004114,0.166410,0.025100,0.000000,0,0,0,0,0
sun_moon,base,1060,1115.124,0.254669,0.860046,0.768371,0.951722,20,0.00041498,1,0.052417,0.082109,0.022725,0.943654,0.910123,0.977186,0.902405,0.831461,0.973349,0.018410,0.004292,0.166504,0.025330,0.000000,0,0,0,0,0
sun_moon,base,1070,1125.620,0.254348,0.859908,0.766976,0.952841,20,0.00041954,1,0.052643,0.083513,0.021773,0.943404,0.908683,0.978126,0.902308,0.831029,0.973587,0.018466,0.004061,0.166829,0.025345,0.000000,0,0,0,0,0
sun_moon,base,1080,1136.008,0.254088,0.861238,0.768524,0.953952,20,0.00038823,1,0.051238,0.081893,0.020583,0.944817,0.910338,0.979296,0.902524,0.831461,0.973587,0.018481,0.004091,0.166462,0.025266,0.000000,0,0,0,0,0
sun_moon,base,1090,1146.442,0.255064,0.860616,0.767836,0.953396,20,0.00039289,1,0.052724,0.084270,0.021178,0.943397,0.908084,0.978711,0.903064,0.832541,0.973587,0.018899,0.004152,0.165594,0.025300,0.000000,0,0,0,0,0
sun_moon,base,1100,1156.950,0.254349,0.861340,0.768786,0.953895,20,0.00049353,1,0.052973,0.084054,0.021892,0.943210,0.908384,0.978035,0.904091,0.833405,0.974777,0.018831,0.004471,0.164666,0.024354,0.000000,0,0,0,0,0
sun_moon,base,1110,1167.444,0.253130,0.861400,0.769920,0.952880,20,0.00042089,1,0.053654,0.084702,0.022606,0.942622,0.907916,0.977327,0.904777,0.835134,0.974420,0.018821,0.004554,0.162812,0.024613,0.000000,0,0,0,0,0
sun_moon,base,1120,1177.901,0.251863,0.861914,0.771403,0.952425,20,0.00040066,1,0.052800,0.082757,0.022844,0.943469,0.909851,0.977088,0.904712,0.835242,0.974182,0.018265,0.004637,0.163115,0.024814,0.000000,0,0,0,0,0
sun_moon,base,1130,1188.448,0.251259,0.862311,0.771919,0.952702,20,0.00037958,1,0.052844,0.081893,0.023795,0.943441,0.910697,0.976185,0.905253,0.835134,0.975372,0.018360,0.004631,0.163044,0.023874,0.000000,0,0,0,0,0
sun_moon,base,1140,1198.992,0.252232,0.861458,0.768471,0.954445,20,0.00041810,1,0.052346,0.083513,0.021178,0.943789,0.908844,0.978734,0.903654,0.832649,0.974658,0.018504,0.004226,0.164935,0.024077,0.000000,0,0,0,0,0
sun_moon,base,1150,1209.513,0.251282,0.862399,0.769078,0.955721,20,0.00044785,1,0.052772,0.084486,0.021059,0.943449,0.908022,0.978876,0.904951,0.834054,0.975848,0.018732,0.004108,0.164463,0.023030,0.000000,0,0,0,0,0
sun_moon,base,1160,1220.044,0.252500,0.860683,0.766248,0.955118,20,0.00036090,1,0.052210,0.083838,0.020583,0.943814,0.908307,0.979321,0.902633,0.830488,0.974777,0.018405,0.003911,0.167185,0.023830,0.000000,0,0,0,0,0
sun_moon,base,1170,1230.605,0.252065,0.862000,0.767467,0.956532,20,0.00034074,1,0.051074,0.083946,0.018203,0.944996,0.908340,0.981652,0.902918,0.831893,0.973944,0.018399,0.003714,0.166462,0.024892,0.000000,0,0,0,0,0
sun_moon,base,1180,1241.166,0.250102,0.862869,0.768119,0.957618,20,0.00040397,1,0.051383,0.083729,0.019036,0.944737,0.908608,0.980866,0.904140,0.832433,0.975848,0.018444,0.003652,0.165879,0.023314,0.000000,0,0,0,0,0
sun_moon,base,1190,1251.796,0.253038,0.861157,0.767663,0.954651,20,0.00030692,1,0.050860,0.081137,0.020583,0.945128,0.910945,0.979311,0.902125,0.829948,0.974301,0.018172,0.003998,0.167896,0.024340,0.000000,0,0,0,0,0
sun_moon,base,1200,1262.230,0.251551,0.862271,0.769030,0.955511,20,0.00040164,1,0.048784,0.078652,0.018917,0.947168,0.913395,0.980940,0.901552,0.829516,0.973587,0.017646,0.003705,0.168820,0.024964,0.000000,0,0,0,0,0
sun_moon,base,1210,1272.570,0.251128,0.861557,0.766160,0.956954,20,0.00036187,1,0.048432,0.079732,0.017133,0.947397,0.912091,0.982703,0.900298,0.827247,0.973349,0.017486,0.003208,0.170682,0.025289,0.000000,0,0,0,0,0
sun_moon,base,1220,1282.804,0.252540,0.861433,0.766690,0.956176,20,0.00034465,1,0.048746,0.079408,0.018084,0.947105,0.912448,0.981761,0.900520,0.827571,0.973468,0.017785,0.003404,0.170486,0.025090,0.000000,0,0,0,0,0
sun_moon,base,1230,1293.113,0.250958,0.862220,0.766117,0.958324,20,0.00036872,1,0.048610,0.080920,0.016300,0.947261,0.910982,0.983540,0.901028,0.828111,0.973944,0.017848,0.003176,0.169599,0.024861,0.000000,0,0,0,0,0
sun_moon,base,1240,1303.511,0.251015,0.862079,0.765327,0.958830,20,0.00036291,1,0.050491,0.083729,0.017252,0.945463,0.908306,0.982620,0.902390,0.829408,0.975372,0.018299,0.003319,0.168639,0.023513,0.000000,0,0,0,0,0
sun_moon,base,1250,1314.008,0.250948,0.861827,0.765545,0.958109,20,0.00039512,1,0.049604,0.082433,0.016776,0.946297,0.909522,0.983071,0.901417,0.828652,0.974182,0.017963,0.003262,0.169052,0.024573,0.000000,0,0,0,0,0
sun_moon,base,1260,1324.486,0.251886,0.861676,0.766637,0.956715,20,0.00033986,1,0.048319,0.079624,0.017014,0.947528,0.912241,0.982815,0.900336,0.827679,0.972992,0.017801,0.003123,0.170239,0.025674,0.000000,0,0,0,0,0
sun_moon,base,1270,1334.971,0.251375,0.862235,0.767735,0.956735,20,0.00040009,1,0.047855,0.078220,0.017490,0.948008,0.913666,0.982351,0.900628,0.827787,0.973468,0.017592,0.003291,0.170083,0.025377,0.000000,0,0,0,0,0
sun_moon,base,1280,1345.482,0.252749,0.861808,0.766437,0.957178,20,0.00034449,1,0.049880,0.082865,0.016895,0.946079,0.909220,0.982939,0.901649,0.829948,0.973349,0.018312,0.003337,0.168429,0.025535,0.000000,0,0,0,0,0
sun_moon,base,1290,1355.958,0.250156,0.862201,0.767561,0.956842,20,0.00037859,1,0.048492,0.079732,0.017252,0.947411,0.912237,0.982585,0.901054,0.828760,0.973349,0.017614,0.003253,0.169192,0.024995,0.000000,0,0,0,0,0
sun_moon,base,1300,1366.398,0.250409,0.862460,0.766933,0.957987,20,0.00026717,1,0.049059,0.081461,0.016657,0.946877,0.910568,0.983185,0.901676,0.829408,0.973944,0.017947,0.003207,0.168581,0.024827,0.000000,0,0,0,0,0
sun_moon,base,1310,1376.730,0.250403,0.863193,0.767486,0.958899,20,0.00036158,2,0.048653,0.081245,0.016062,0.947304,0.910827,0.983782,0.902071,0.829840,0.974301,0.018167,0.003155,0.168084,0.024573,0.000000,0,0,0,0,0
sun_moon,base,1320,1387.330,0.251071,0.862991,0.767449,0.958533,20,0.00037458,1,0.048853,0.082001,0.015705,0.947125,0.910124,0.984125,0.901984,0.830380,0.973587,0.018265,0.003181,0.167554,0.025338,0.000000,0,0,0,0,0
sun_moon,base,1330,1397.868,0.251311,0.861920,0.765786,0.958055,20,0.00041757,2,0.049274,0.083081,0.015467,0.946651,0.908951,0.984351,0.901141,0.829408,0.972873,0.018242,0.002957,0.168439,0.025672,0.000000,0,0,0,0,0
sun_moon,base,1340,1408.391,0.251924,0.861870,0.766440,0.957300,20,0.00039325,1,0.049021,0.081029,0.017014,0.946870,0.910916,0.982825,0.901065,0.828544,0.973587,0.017973,0.003357,0.169347,0.024940,0.000000,0,0,0,0,0
sun_moon,base,1350,1418.914,0.252851,0.861771,0.767391,0.956151,20,0.00037327,1,0.048449,0.079408,0.017490,0.947431,0.912521,0.982340,0.900600,0.828328,0.972873,0.017805,0.003285,0.170076,0.026220,0.000000,0,0,0,0,0
sun_moon,base,1360,1429.253,0.249732,0.863627,0.768036,0.959217,20,0.00038565,1,0.046724,0.078220,0.015229,0.949149,0.913697,0.984602,0.900968,0.828111,0.973825,0.017629,0.002931,0.169804,0.025137,0.000000,0,0,0,0,0
sun_moon,base,1370,1439.781,0.251401,0.862855,0.767997,0.957713,20,0.00028953,2,0.046638,0.077571,0.015705,0.949206,0.914299,0.984112,0.900163,0.827571,0.972754,0.017586,0.002982,0.170474,0.026364,0.000000,0,0,0,0,0
sun_moon,base,1380,1450.139,0.252833,0.861791,0.764735,0.958846,20,0.00026993,1,0.048107,0.081461,0.014753,0.947699,0.910334,0.985064,0.900012,0.827031,0.972992,0.018160,0.002932,0.170707,0.025640,0.000000,0,0,0,0,0
sun_moon,base,1390,1460.498,0.248571,0.863708,0.768946,0.958470,20,0.00034042,1,0.048103,0.079192,0.017014,0.947864,0.912883,0.982845,0.902309,0.829840,0.974777,0.017816,0.003065,0.168178,0.024224,0.000000,0,0,0,0,0
sun_moon,base,1400,1470.915,0.251257,0.862729,0.765792,0.959667,20,0.00036442,2,0.048701,0.082649,0.014753,0.947213,0.909349,0.985076,0.901454,0.829084,0.973825,0.018370,0.002962,0.168504,0.025061,0.000000,0,0,0,0,0
sun_moon,base,1410,1481.306,0.249573,0.863422,0.767663,0.959181,20,0.00046776,3,0.049194,0.081137,0.017252,0.946786,0.910945,0.982626,0.902838,0.829948,0.975729,0.018074,0.003214,0.168161,0.023625,0.000000,0,0,0,0,0
sun_moon,base,1420,1491.849,0.252291,0.861427,0.767495,0.955358,20,0.00033592,3,0.050151,0.082217,0.018084,0.945838,0.909930,0.981746,0.901616,0.830596,0.972635,0.018189,0.003439,0.167718,0.025834,0.000000,0,0,0,0,0
sun_moon,base,1430,1502.475,0.250628,0.862814,0.768569,0.957060,20,0.00046657,2,0.050168,0.080704,0.019631,0.945860,0.911440,0.980280,0.903222,0.830596,0.975848,0.018139,0.003680,0.167213,0.023623,0.000000,0,0,0,0,0
sun_moon,base,1440,1513.007,0.248015,0.864458,0.771240,0.957676,20,0.00044410,2,0.048616,0.079624,0.017609,0.947486,0.912719,0.982252,0.903594,0.832649,0.974539,0.017831,0.003432,0.165429,0.024747,0.000000,0,0,0,0,0
sun_moon,base,1450,1523.293,0.248009,0.864129,0.770817,0.957442,20,0.00041198,2,0.048562,0.079516,0.017609,0.947512,0.912776,0.982248,0.903205,0.832109,0.974301,0.017687,0.003479,0.166113,0.024468,0.000000,0,0,0,0,0
sun_moon,base,1460,1533.728,0.248094,0.863955,0.770123,0.957788,20,0.00033147,1,0.048989,0.080488,0.017490,0.947086,0.911803,0.982370,0.903324,0.832109,0.974539,0.017966,0.003326,0.165592,0.024642,0.000000,0,0,0,0,0
sun_moon,base,1470,1544.278,0.248925,0.862902,0.769699,0.956106,20,0.00029820,2,0.050470,0.081785,0.019155,0.945642,0.910562,0.980721,0.903535,0.832649,0.974420,0.018244,0.003566,0.165045,0.024068,0.000000,0,0,0,0,0
sun_moon,base,1480,1554.775,0.250506,0.862699,0.768166,0.957231,20,0.00039503,2,0.053145,0.085350,0.020940,0.943079,0.907135,0.979023,0.905502,0.833729,0.977275,0.019033,0.003854,0.164276,0.022209,0.000000,0,0,0,0,0
sun_moon,base,1490,1565.349,0.248688,0.863539,0.769300,0.957778,20,0.00031830,2,0.049518,0.081785,0.017252,0.946561,0.910520,0.982601,0.903259,0.832217,0.974301,0.018032,0.003454,0.165640,0.024489,0.000000,0,0,0,0,0
sun_moon,base,1500,1575.835,0.251431,0.862241,0.766973,0.957509,20,0.00034716,3,0.049264,0.082109,0.016419,0.946692,0.909974,0.983409,0.901589,0.829948,0.973230,0.018235,0.003183,0.167833,0.025592,0.000000,0,0,0,0,0
sun_moon,base,1510,1586.143,0.249738,0.862805,0.766494,0.959117,20,0.00045101,3,0.051307,0.084054,0.018560,0.944745,0.908136,0.981355,0.903919,0.830920,0.976919,0.018578,0.003461,0.166640,0.022339,0.000000,0,0,0,0,0
sun_moon,base,1520,1596.430,0.251326,0.862848,0.767412,0.958285,20,0.00043281,3,0.050480,0.082757,0.018203,0.945555,0.909424,0.981685,0.903325,0.830920,0.975729,0.018556,0.003649,0.167090,0.023006,0.000000,0,0,0,0,0
sun_moon,base,1530,1606.780,0.250909,0.862351,0.768616,0.956086,20,0.00042797,3,0.051870,0.082325,0.021416,0.944246,0.909950,0.978541,0.904227,0.831893,0.976562,0.018474,0.004020,0.166128,0.022353,0.000000,0,0,0,0,0
sun_moon,base,1540,1617.268,0.250327,0.863277,0.767242,0.959313,20,0.00038425,3,0.050021,0.082433,0.017609,0.945993,0.909704,0.982282,0.903346,0.830488,0.976205,0.018589,0.003446,0.167114,0.022588,0.000000,0,0,0,0,0
sun_moon,base,1550,1627.723,0.250028,0.863135,0.766846,0.959425,20,0.00041442,2,0.050664,0.083838,0.017490,0.945386,0.908372,0.982399,0.903671,0.831137,0.976205,0.018579,0.003391,0.167154,0.022452,0.000000,0,0,0,0,0
sun_moon,base,1560,1638.069,0.248353,0.863999,0.768993,0.959005,20,0.00043993,2,0.050448,0.082217,0.018679,0.945664,0.910090,0.981238,0.904568,0.832217,0.976919,0.018546,0.003473,0.165908,0.021624,0.000000,0,0,0,0,0
sun_moon,base,1570,1648.500,0.248740,0.863874,0.768532,0.959215,20,0.00033904,2,0.050475,0.082865,0.018084,0.945632,0.909445,0.981818,0.904389,0.832217,0.976562,0.018309,0.003579,0.165858,0.022702,0.000000,0,0,0,0,0
sun_moon,base,1580,1659.065,0.246977,0.865171,0.769892,0.960449,20,0.00043128,2,0.048794,0.080812,0.016776,0.947296,0.911479,0.983112,0.904335,0.832109,0.976562,0.018171,0.003332,0.165685,0.022383,0.000000,0,0,0,0,0
sun_moon,base,1590,1669.359,0.247059,0.865743,0.769992,0.961493,20,0.00041551,1,0.048675,0.080812,0.016538,0.947426,0.911490,0.983361,0.904806,0.832217,0.977394,0.018198,0.003416,0.166013,0.021717,0.000000,0,0,0,0,0
sun_moon,base,1600,1679.691,0.246081,0.865195,0.769716,0.960674,20,0.00039422,1,0.048027,0.079516,0.016538,0.948004,0.912662,0.983347,0.903741,0.830920,0.976562,0.017608,0.003197,0.167053,0.022840,0.000000,0,0,0,0,0
sun_moon,base,1610,1690.160,0.245433,0.866055,0.769416,0.962694,20,0.00031605,1,0.046837,0.079516,0.014158,0.949168,0.912631,0.985706,0.903460,0.830596,0.976324,0.017774,0.002855,0.167553,0.022390,0.000000,0,0,0,0,0
sun_moon,base,1620,1700.762,0.247055,0.864226,0.769647,0.958806,20,0.00031381,2,0.047924,0.079192,0.016657,0.948078,0.912956,0.983199,0.902687,0.830596,0.974777,0.017571,0.003156,0.167446,0.023906,0.000000,0,0,0,0,0
sun_moon,base,1630,1711.330,0.248100,0.864208,0.768453,0.959963,20,0.00034212,2,0.047530,0.078760,0.016300,0.948401,0.913235,0.983567,0.902293,0.828976,0.975610,0.017659,0.003058,0.169129,0.023404,0.000000,0,0,0,0,0
sun_moon,base,1640,1721.848,0.247455,0.864946,0.769948,0.959944,20,0.00028928,2,0.046806,0.077787,0.015824,0.949164,0.914296,0.984032,0.902487,0.829840,0.975134,0.017563,0.003026,0.168210,0.024160,0.000000,0,0,0,0,0
sun_moon,base,1650,1732.354,0.247409,0.864532,0.769462,0.959602,20,0.00036349,2,0.047897,0.079732,0.016062,0.948114,0.912435,0.983794,0.902914,0.830812,0.975015,0.017873,0.003066,0.167169,0.023691,0.000000,0,0,0,0,0
sun_moon,base,1660,1742.769,0.245918,0.865411,0.770869,0.959953,20,0.00041637,2,0.048383,0.080704,0.016062,0.947740,0.911681,0.983799,0.904227,0.833081,0.975372,0.018007,0.003085,0.165149,0.023403,0.000000,0,0,0,0,0
sun_moon,base,1670,1753.144,0.245072,0.865937,0.771856,0.960019,20,0.00040765,2,0.045568,0.076383,0.014753,0.950443,0.915803,0.985082,0.902497,0.830812,0.974182,0.017303,0.002889,0.167135,0.024085,0.000000,0,0,0,0,0
sun_moon,base,1680,1763.489,0.246333,0.865096,0.769732,0.960460,20,0.00039132,2,0.046345,0.078652,0.014039,0.949629,0.913467,0.985790,0.902108,0.830272,0.973944,0.017416,0.002802,0.167838,0.024692,0.000000,0,0,0,0,0
sun_moon,base,1690,1773.737,0.247089,0.863892,0.769300,0.958484,20,0.00044515,2,0.048875,0.080380,0.017371,0.947158,0.911817,0.982498,0.903135,0.831137,0.975134,0.017799,0.003130,0.167090,0.023390,0.000000,0,0,0,0,0
sun_moon,base,1700,1783.962,0.246624,0.865160,0.769940,0.960380,20,0.00047596,3,0.046605,0.078220,0.014991,0.949373,0.913892,0.984854,0.902471,0.830164,0.974777,0.017403,0.002942,0.168077,0.024196,0.000000,0,0,0,0,0
sun_moon,base,1710,1794.206,0.247480,0.865103,0.768699,0.961507,20,0.00041203,2,0.046389,0.078976,0.013801,0.949549,0.913059,0.986039,0.902092,0.829408,0.974777,0.017624,0.002797,0.168919,0.024053,0.000000,0,0,0,0,0
sun_moon,base,1720,1804.509,0.248525,0.863424,0.767663,0.959186,20,0.00037879,2,0.049254,0.081137,0.017371,0.946728,0.910945,0.982511,0.902898,0.829948,0.975848,0.017856,0.003231,0.168308,0.023190,0.000000,0,0,0,0,0
sun_moon,base,1730,1814.886,0.248188,0.864154,0.767036,0.961273,20,0.00041096,1,0.049880,0.082865,0.016895,0.946147,0.909284,0.983010,0.904055,0.830596,0.977513,0.018338,0.003128,0.167773,0.021810,0.000000,0,0,0,0,0
sun_moon,base,1740,1825.298,0.247343,0.864458,0.767684,0.961232,20,0.00042719,3,0.047832,0.079840,0.015824,0.948101,0.912149,0.984053,0.902709,0.828976,0.976443,0.017615,0.003090,0.169212,0.022462,0.000000,0,0,0,0,0
sun_moon,base,1750,1835.612,0.248335,0.864724,0.767467,0.961981,20,0.00042517,3,0.046610,0.079300,0.013920,0.949279,0.912629,0.985929,0.901850,0.828328,0.975372,0.017744,0.002797,0.169899,0.023535,0.000000,0,0,0,0,0
sun_moon,base,1760,1845.876,0.246424,0.865665,0.769887,0.961444,20,0.00040042,2,0.046130,0.077031,0.015229,0.949818,0.914998,0.984638,0.902639,0.829192,0.976086,0.017371,0.003033,0.168907,0.022971,0.000000,0,0,0,0,0
sun_moon,base,1770,1856.357,0.247621,0.863764,0.767407,0.960122,20,0.00044083,2,0.048659,0.079948,0.017371,0.947274,0.912020,0.982528,0.902780,0.828760,0.976800,0.017589,0.003268,0.168956,0.022405,0.000000,0,0,0,0,0
sun_moon,base,1780,1866.630,0.247380,0.864574,0.769138,0.960009,20,0.00049189,2,0.047855,0.078220,0.017490,0.948110,0.913810,0.982410,0.903050,0.829300,0.976800,0.017459,0.003313,0.168620,0.022776,0.000000,0,0,0,0,0
sun_moon,base,1790,1877.066,0.249336,0.863658,0.767630,0.959686,20,0.00043811,2,0.047643,0.080056,0.015229,0.948276,0.911943,0.984610,0.901692,0.829084,0.974301,0.017855,0.003004,0.168773,0.024491,0.000000,0,0,0,0,0
sun_moon,base,1800,1887.376,0.246940,0.864618,0.768422,0.960814,20,0.00045826,2,0.048108,0.079084,0.017133,0.947850,0.912930,0.982771,0.903234,0.829192,0.977275,0.017629,0.003271,0.168676,0.021748,0.000000,0,0,0,0,0
sun_moon,base,1810,1897.704,0.247852,0.864708,0.767405,0.962012,20,0.00044319,2,0.046648,0.078544,0.014753,0.949220,0.913329,0.985112,0.901942,0.827679,0.976205,0.017580,0.002965,0.169980,0.022883,0.000000,0,0,0,0,0
sun_moon,base,1820,1908.041,0.247584,0.864074,0.767600,0.960548,20,0.00043322,2,0.048340,0.080380,0.016300,0.947608,0.911639,0.983577,0.902752,0.829300,0.976205,0.017578,0.003179,0.168892,0.022838,0.000000,0,0,0,0,0
sun_moon,base,1830,1918.261,0.247316,0.864614,0.768984,0.960243,20,0.00034324,2,0.047963,0.078436,0.017490,0.948003,0.913592,0.982414,0.903169,0.829300,0.977037,0.017668,0.003438,0.168604,0.021502,0.000000,0,0,0,0,0
sun_moon,base,1840,1928.409,0.248864,0.863905,0.767153,0.960656,20,0.00037131,2,0.048113,0.080164,0.016062,0.947802,0.911793,0.983811,0.902369,0.828652,0.976086,0.017921,0.003140,0.169396,0.022586,0.000000,0,0,0,0,0
sun_moon,base,1850,1938.692,0.247440,0.864719,0.768277,0.961161,20,0.00037698,2,0.048643,0.080272,0.017014,0.947351,0.911810,0.982893,0.903731,0.829948,0.977513,0.017777,0.003399,0.168151,0.021788,0.000000,0,0,0,0,0
sun_moon,base,1860,1948.947,0.247419,0.864857,0.767663,0.962052,20,0.00041785,2,0.048480,0.081137,0.015824,0.947506,0.910945,0.984066,0.903612,0.829948,0.977275,0.017879,0.003134,0.168433,0.022101,0.000000,0,0,0,0,0
sun_moon,base,1870,1959.242,0.245395,0.865658,0.769516,0.961800,20,0.00037204,2,0.046730,0.078111,0.015348,0.949238,0.913949,0.984527,0.903093,0.829624,0.976562,0.017489,0.003064,0.167957,0.022203,0.000000,0,0,0,0,0
sun_moon,base,1880,1969.484,0.247211,0.865175,0.768316,0.962034,20,0.00043324,2,0.048134,0.080920,0.015348,0.947872,0.911214,0.984531,0.903644,0.830488,0.976800,0.018078,0.003094,0.167814,0.021839,0.000000,0,0,0,0,0
sun_moon,base,1890,1979.705,0.245446,0.865119,0.769469,0.960768,20,0.00045619,2,0.047621,0.079300,0.015943,0.948383,0.912837,0.983929,0.903287,0.830488,0.976086,0.017344,0.003200,0.167531,0.022657,0.000000,0,0,0,0,0
sun_moon,base,1900,1989.929,0.247652,0.864392,0.766650,0.962134,20,0.00049505,2,0.046816,0.078760,0.014872,0.949023,0.913049,0.984998,0.901737,0.827031,0.976443,0.017542,0.002880,0.170588,0.022508,0.000000,0,0,0,0,0
sun_moon,base,1910,2000.244,0.245091,0.866310,0.771397,0.961223,20,0.00052329,2,0.044904,0.074222,0.015586,0.951039,0.917793,0.984285,0.902428,0.828652,0.976205,0.016877,0.003133,0.169346,0.022531,0.000000,0,0,0,0,0
sun_moon,base,1920,2010.491,0.249655,0.864225,0.764553,0.963896,20,0.00047175,3,0.049414,0.083838,0.014991,0.946515,0.908122,0.984908,0.903499,0.828652,0.978346,0.018682,0.002963,0.169500,0.020947,0.000000,0,0,0,0,0
sun_moon,base,1930,2020.947,0.246575,0.865367,0.767202,0.963532,20,0.00053116,2,0.045887,0.077139,0.014634,0.949938,0.914624,0.985252,0.902008,0.826383,0.977632,0.017243,0.002928,0.171300,0.021573,0.000000,0,0,0,0,0
sun_moon,base,1940,2031.508,0.246403,0.865551,0.769370,0.961732,20,0.00048186,1,0.047276,0.077895,0.016657,0.948693,0.914136,0.983250,0.903526,0.829300,0.977751,0.017538,0.003306,0.168444,0.021584,0.000000,0,0,0,0,0
sun_moon,base,1950,2042.055,0.245711,0.865679,0.768945,0.962412,20,0.00053411,2,0.046925,0.077787,0.016062,0.949017,0.914194,0.983840,0.903315,0.828760,0.977870,0.017493,0.002998,0.169456,0.021176,0.000000,0,0,0,0,0
sun_moon,base,1960,2052.574,0.246485,0.865088,0.767244,0.962933,20,0.00054188,1,0.046735,0.079192,0.014277,0.949150,0.912707,0.985593,0.902342,0.828003,0.976681,0.017526,0.002844,0.169933,0.022040,0.000000,0,0,0,0,0
sun_moon,base,1970,2063.168,0.247174,0.865119,0.768992,0.961246,20,0.00047980,2,0.047092,0.078003,0.016181,0.948851,0.913996,0.983705,0.902888,0.828976,0.976800,0.017655,0.003170,0.168850,0.022116,0.000000,0,0,0,0,0
water_fire,hinge2,1,2.368,1.378002,0.285997,0.264764,0.307229,20,0.00019481,0,0.195178,0.181681,0.208675,0.636428,0.632632,0.640224,0.342104,0.312867,0.371340,0.024462,0.030884,0.684096,0.625483,0.000000,0,0,0,0,0
water_fire,hinge2,10,18.592,1.171304,0.373293,0.347120,0.399467,20,0.00007321,1,0.148803,0.135715,0.161890,0.742653,0.743906,0.741401,0.429183,0.394229,0.464136,0.017989,0.023888,0.601633,0.532252,0.000000,0,0,0,0,0
water_fire,hinge2,20,36.228,0.966066,0.471386,0.448604,0.494169,20,0.00017088,2,0.126880,0.111391,0.142370,0.807990,0.817382,0.798597,0.531549,0.498574,0.564524,0.014720,0.020999,0.499052,0.431348,0.000000,0,0,0,0,0
water_fire,hinge2,30,53.683,0.774105,0.566673,0.555249,0.578097,20,0.00040370,1,0.117350,0.093105,0.141596,0.845175,0.867002,0.823348,0.633449,0.606945,0.659954,0.012234,0.020889,0.389972,0.337339,0.000000,0,0,0,0,0
water_fire,hinge2,40,71.011,0.611766,0.646663,0.650506,0.642819,20,0.00069826,1,0.124877,0.093441,0.156313,0.855065,0.883886,0.826244,0.727295,0.711290,0.743300,0.012245,0.022878,0.285915,0.252789,0.000000,0,0,0,0,0
water_fire,hinge2,50,315.467,0.477834,0.713094,0.727940,0.698248,23,0.00072229,0,0.132215,0.096964,0.167467,0.860648,0.891720,0.829576,0.806853,0.798524,0.815182,0.012707,0.024416,0.199237,0.182636,0.000000,3,0,0,0,0
water_fire,hinge2,60,335.342,0.390469,0.758580,0.786287,0.730872,23,0.00042870,2,0.121444,0.088743,0.154144,0.875785,0.906072,0.845497,0.849798,0.856064,0.843532,0.011631,0.022599,0.142557,0.154044,0.000000,3,0,0,0,0
water_fire,hinge2,70,355.151,0.337598,0.783534,0.809983,0.757085,23,0.00058273,1,0.121784,0.095622,0.147947,0.878631,0.902730,0.854532,0.878264,0.887435,0.869094,0.012320,0.021513,0.110604,0.128720,0.000000,3,0,0,0,0
water_fire,hinge2,80,374.728,0.299220,0.802323,0.823162,0.781484,23,0.00035760,3,0.120105,0.102332,0.137878,0.882208,0.898654,0.865762,0.898316,0.907398,0.889233,0.013174,0.020016,0.090563,0.108864,0.000000,3,0,0,0,0
water_fire,hinge2,90,394.258,0.272126,0.816537,0.838164,0.794910,23,0.00027564,3,0.116058,0.099815,0.132301,0.887074,0.902299,0.871849,0.910951,0.921825,0.900077,0.012911,0.018997,0.075744,0.098773,0.000000,3,0,0,0,0
water_fire,hinge2,100,661.877,0.245512,0.832306,0.856968,0.807645,25,0.00013939,3,0.108488,0.094279,0.122696,0.894730,0.908648,0.880813,0.922251,0.937762,0.906739,0.012280,0.017739,0.060761,0.091846,0.000000,6,0,1,0,0
water_fire,hinge2,110,682.978,0.233032,0.839738,0.865258,0.814218,25,0.00019587,2,0.105673,0.095622,0.115724,0.897691,0.908375,0.887007,0.928219,0.947995,0.908443,0.012369,0.016789,0.051484,0.090657,0.000000,6,0,1,0,0
water_fire,hinge2,120,703.760,0.229520,0.842248,0.866073,0.818423,25,0.00020305,0,0.100277,0.092266,0.108288,0.902240,0.911133,0.893348,0.926516,0.945982,0.907049,0.012091,0.015498,0.053032,0.091475,0.000000,6,0,1,0,0
water_fire,hinge2,130,724.489,0.214763,0.852249,0.878393,0.826105,25,0.00024252,0,0.092663,0.081530,0.103796,0.909383,0.920963,0.897804,0.930930,0.950008,0.911851,0.010663,0.014866,0.049678,0.086642,0.000000,6,0,1,0,0
water_fire,hinge2,140,745.283,0.201606,0.860845,0.889062,0.832628,25,0.00038522,0,0.087209,0.076665,0.097754,0.914616,0.925848,0.903384,0.935621,0.957222,0.914020,0.009921,0.014223,0.042663,0.084465,0.000000,6,0,1,0,0
water_fire,hinge2,150,1030.865,0.186340,0.868614,0.900626,0.836602,26,0.00033146,1,0.084938,0.071968,0.097909,0.917150,0.930627,0.903673,0.941977,0.965442,0.918513,0.009312,0.013982,0.034009,0.079601,0.000000,9,0,3,0,0
water_fire,hinge2,160,1053.077,0.181298,0.873106,0.900157,0.846055,26,0.00049693,1,0.079233,0.068613,0.089853,0.922313,0.933420,0.911206,0.941998,0.961919,0.922076,0.008857,0.012933,0.037527,0.076369,0.000000,9,0,3,0,0
water_fire,hinge2,170,1074.902,0.173890,0.877611,0.908720,0.846503,26,0.00052879,1,0.079898,0.067774,0.092022,0.922089,0.934712,0.909465,0.947353,0.970307,0.924400,0.008751,0.013396,0.030129,0.074085,0.000000,9,0,3,0,0
water_fire,hinge2,180,1096.567,0.165280,0.882492,0.915340,0.849644,26,0.00069513,2,0.076581,0.064083,0.089078,0.925227,0.938268,0.912187,0.949663,0.973998,0.925329,0.008219,0.012989,0.025472,0.072798,0.000000,9,0,3,0,0
water_fire,hinge2,190,1118.522,0.159854,0.886316,0.917363,0.855269,26,0.00076184,1,0.075096,0.063748,0.086445,0.926784,0.938680,0.914887,0.952523,0.975843,0.929202,0.008240,0.012735,0.023817,0.069309,0.000000,9,0,3,0,0
water_fire,hinge2,200,1425.281,0.148545,0.890022,0.918601,0.861442,28,0.00071275,2,0.080433,0.069619,0.091247,0.922677,0.933833,0.911522,0.961300,0.982553,0.940046,0.008785,0.013430,0.017271,0.058365,0.000000,12,0,4,0,0
water_fire,hinge2,210,1448.637,0.139599,0.894983,0.924264,0.865701,28,0.00080656,3,0.078336,0.065425,0.091247,0.924809,0.937700,0.911919,0.964714,0.984734,0.944694,0.008503,0.013034,0.014779,0.053557,0.000000,12,0,4,0,0
water_fire,hinge2,220,1472.028,0.131382,0.899666,0.921436,0.877895,28,0.00075137,3,0.076644,0.069787,0.083501,0.926592,0.933884,0.919299,0.968471,0.985741,0.951201,0.008976,0.011967,0.014029,0.047593,0.000000,12,0,4,0,0
water_fire,hinge2,230,1495.218,0.127982,0.902966,0.923367,0.882564,28,0.00071455,4,0.071933,0.066096,0.077769,0.930751,0.937081,0.924420,0.967800,0.984399,0.951201,0.008488,0.011387,0.014671,0.047474,0.000000,12,0,4,0,0
water_fire,hinge2,240,1518.460,0.125379,0.902191,0.922535,0.881847,28,0.00076093,3,0.076185,0.071968,0.080403,0.927170,0.932163,0.922177,0.970839,0.988928,0.952750,0.009099,0.011487,0.010707,0.045669,0.000000,12,0,4,0,0
water_fire,hinge2,250,1840.471,0.129000,0.901957,0.921384,0.882531,27,0.00040127,2,0.072197,0.066935,0.077459,0.930464,0.936252,0.924676,0.966974,0.983057,0.950891,0.008662,0.011021,0.016646,0.047644,0.000000,12,0,5,0,0
water_fire,hinge2,260,1863.123,0.124910,0.903633,0.923512,0.883754,27,0.00059859,3,0.073791,0.068109,0.079473,0.929256,0.935412,0.923100,0.970200,0.986412,0.953989,0.008750,0.011462,0.013082,0.044397,0.000000,12,0,5,0,0
water_fire,hinge2,270,1885.172,0.120239,0.905773,0.925652,0.885894,27,0.00060044,3,0.073992,0.067271,0.080713,0.929249,0.936248,0.922250,0.972659,0.987921,0.957397,0.008614,0.011452,0.011788,0.041080,0.000000,12,0,5,0,0
water_fire,hinge2,280,1907.184,0.121262,0.906512,0.927917,0.885107,27,0.00068407,3,0.069965,0.061231,0.078699,0.932655,0.941460,0.923849,0.969749,0.984734,0.954764,0.007706,0.011217,0.014712,0.043797,0.000000,12,0,5,0,0
water_fire,hinge2,290,1929.440,0.116966,0.908858,0.925687,0.892028,27,0.00075761,3,0.071222,0.067774,0.074671,0.931784,0.935832,0.927736,0.973531,0.988425,0.958637,0.008626,0.010860,0.011652,0.039778,0.000000,12,0,5,0,0
water_fire,hinge2,300,2242.191,0.123008,0.905041,0.924733,0.885349,28,0.00036539,4,0.073617,0.067606,0.079628,0.929505,0.935910,0.923100,0.971549,0.987250,0.955848,0.008640,0.011498,0.013185,0.042658,0.000000,13,0,5,0,0
water_fire,hinge2,310,2265.760,0.115787,0.909351,0.927573,0.891129,28,0.00053153,4,0.071765,0.067774,0.075755,0.931359,0.935954,0.926764,0.974537,0.990438,0.958637,0.008720,0.010894,0.009867,0.039914,0.000000,13,0,5,0,0
water_fire,hinge2,320,2289.241,0.115622,0.907766,0.922969,0.892563,28,0.00041990,3,0.072138,0.071465,0.072812,0.930970,0.932606,0.929334,0.973240,0.988928,0.957552,0.008984,0.010342,0.010311,0.040527,0.000000,13,0,5,0,0
water_fire,hinge2,330,2312.583,0.113616,0.910272,0.925647,0.894897,28,0.00045275,2,0.070512,0.069451,0.071572,0.932495,0.934442,0.930547,0.974441,0.989935,0.958947,0.008915,0.010099,0.010091,0.039740,0.000000,13,0,5,0,1
water_fire,hinge2,340,2335.911,0.112861,0.911544,0.927605,0.895483,28,0.00042465,3,0.068053,0.065929,0.070178,0.934628,0.937490,0.931767,0.973544,0.988760,0.958327,0.008428,0.009948,0.011343,0.040222,0.000000,13,0,5,0,1
water_fire,hinge2,350,2641.172,0.108014,0.915819,0.928425,0.903212,27,0.00061061,3,0.063812,0.066432,0.061193,0.938555,0.937123,0.939988,0.974292,0.990102,0.958482,0.008578,0.008809,0.009993,0.040001,0.000000,13,0,6,0,1
water_fire,hinge2,360,2663.546,0.111894,0.911098,0.926048,0.896147,27,0.00051367,3,0.069002,0.068445,0.069558,0.933819,0.935300,0.932339,0.973957,0.989431,0.958482,0.008833,0.009854,0.009699,0.039479,0.000000,13,0,6,0,1
water_fire,hinge2,370,2686.063,0.108520,0.914818,0.927696,0.901941,27,0.00050191,3,0.064464,0.067271,0.061658,0.937942,0.936380,0.939504,0.973827,0.990102,0.957552,0.008504,0.008957,0.009704,0.040639,0.000000,13,0,6,0,1
water_fire,hinge2,380,2708.031,0.106720,0.916356,0.927664,0.905048,27,0.00050801,2,0.063993,0.069116,0.058869,0.938489,0.934851,0.942126,0.975053,0.991780,0.958327,0.008776,0.008539,0.008497,0.040424,0.000000,13,0,6,0,1
water_fire,hinge2,390,2729.888,0.105980,0.916986,0.929223,0.904748,27,0.00050841,0,0.063509,0.066600,0.060418,0.938895,0.937034,0.940756,0.975260,0.991109,0.959411,0.008605,0.008773,0.008938,0.038911,0.000000,13,0,6,0,1
water_fire,hinge2,400,3027.695,0.105327,0.918365,0.930540,0.906191,27,0.00038134,1,0.061825,0.065090,0.058559,0.940420,0.938374,0.942466,0.975183,0.991109,0.959256,0.008380,0.008666,0.009239,0.039312,0.000000,13,0,6,0,1
water_fire,hinge2,410,3049.937,0.099850,0.921078,0.933597,0.908559,27,0.00030998,0,0.059966,0.061064,0.058869,0.942137,0.941937,0.942337,0.976325,0.990606,0.962045,0.007804,0.008445,0.009366,0.036340,0.000000,13,0,6,0,1
water_fire,hinge2,420,3072.094,0.103024,0.918744,0.933017,0.904471,27,0.00035184,0,0.062864,0.061902,0.063826,0.939494,0.941195,0.937793,0.976487,0.990773,0.962200,0.007989,0.009073,0.009081,0.036867,0.000000,13,0,6,0,1
water_fire,hinge2,430,3093.642,0.104504,0.915978,0.928102,0.903855,27,0.00032367,0,0.068014,0.070961,0.065066,0.935027,0.933365,0.936690,0.978313,0.993961,0.962665,0.009035,0.009367,0.006362,0.035896,0.000000,13,0,6,0,1
water_fire,hinge2,440,3115.776,0.104232,0.916829,0.929907,0.903751,27,0.00029644,0,0.066484,0.067438,0.065531,0.936334,0.936382,0.936286,0.977797,0.992619,0.962974,0.008639,0.009546,0.007284,0.035559,0.000000,13,0,6,0,1
water_fire,hinge2,450,3432.066,0.102520,0.916893,0.929805,0.903980,27,0.00027524,0,0.067369,0.068277,0.066460,0.935595,0.935683,0.935508,0.978674,0.993290,0.964059,0.008783,0.009507,0.006324,0.034214,0.000000,13,0,6,0,1
water_fire,hinge2,460,3454.389,0.100978,0.919671,0.932859,0.906482,27,0.00032341,0,0.062710,0.061902,0.063517,0.939687,0.941186,0.938188,0.977332,0.990606,0.964059,0.007919,0.009062,0.009435,0.034587,0.000000,13,0,6,0,1
water_fire,hinge2,470,3477.071,0.102925,0.917925,0.930354,0.905496,27,0.00028831,0,0.063884,0.062238,0.065531,0.938577,0.940754,0.936401,0.976545,0.988257,0.964833,0.007876,0.009322,0.011596,0.033748,0.000000,13,0,6,0,1
water_fire,hinge2,480,3499.490,0.101403,0.919862,0.934102,0.905622,27,0.00021482,0,0.062619,0.061567,0.063672,0.939771,0.941542,0.938000,0.977448,0.991612,0.963284,0.007772,0.009314,0.008793,0.035368,0.000000,13,0,6,0,1
water_fire,hinge2,490,3521.547,0.102361,0.918699,0.933281,0.904118,27,0.00019886,0,0.064168,0.063580,0.064756,0.938388,0.939803,0.936972,0.977642,0.992619,0.962665,0.008206,0.009431,0.007282,0.035749,0.000000,13,0,6,0,1
water_fire,hinge2,500,3833.427,0.098614,0.919304,0.934364,0.904243,26,0.00021419,0,0.064697,0.063244,0.066150,0.937969,0.940149,0.935789,0.978758,0.993457,0.964059,0.007960,0.009172,0.006338,0.034540,0.000000,13,0,7,0,1
water_fire,hinge2,510,3855.038,0.101761,0.918379,0.935102,0.901656,26,0.00021451,0,0.064433,0.062406,0.066460,0.938124,0.940896,0.935353,0.977519,0.993457,0.961580,0.008047,0.009546,0.006750,0.035782,0.000000,13,0,7,0,1
water_fire,hinge2,520,3876.883,0.099945,0.918493,0.933680,0.903305,26,0.00018865,1,0.066775,0.064922,0.068629,0.936165,0.938708,0.933623,0.979797,0.994296,0.965298,0.008279,0.009658,0.005693,0.033465,0.000000,13,0,7,0,1
water_fire,hinge2,530,3898.366,0.101263,0.918485,0.933837,0.903132,26,0.00023256,0,0.066621,0.064922,0.068319,0.936295,0.938717,0.933873,0.979649,0.994464,0.964833,0.008354,0.009843,0.005456,0.034089,0.000000,13,0,7,0,1
water_fire,hinge2,540,3919.769,0.101245,0.918086,0.934016,0.902157,26,0.00020774,0,0.067795,0.065258,0.070333,0.935278,0.938449,0.932107,0.980288,0.994967,0.965608,0.008382,0.010040,0.005490,0.033154,0.000000,13,0,7,0,1
water_fire,hinge2,550,4217.769,0.098784,0.919345,0.934711,0.903980,26,0.00019250,1,0.065104,0.063748,0.066460,0.937629,0.939749,0.935508,0.979178,0.994296,0.964059,0.008222,0.009237,0.005447,0.034329,0.000000,13,0,7,0,1
water_fire,hinge2,560,4239.144,0.099300,0.919865,0.934731,0.904998,26,0.00017661,1,0.063645,0.064083,0.063207,0.938915,0.939471,0.938359,0.978416,0.994632,0.962200,0.008225,0.009074,0.005245,0.035754,0.000000,13,0,7,0,1
water_fire,hinge2,570,4260.575,0.097460,0.922063,0.935565,0.908560,26,0.00024200,0,0.061406,0.062238,0.060573,0.940960,0.941064,0.940856,0.978694,0.993793,0.963594,0.007944,0.008887,0.005971,0.034805,0.000000,13,0,7,0,1
water_fire,hinge2,580,4281.982,0.100278,0.920218,0.935999,0.904436,26,0.00030362,0,0.063316,0.061567,0.065066,0.939191,0.941653,0.936728,0.978455,0.993625,0.963284,0.007940,0.009380,0.006231,0.035675,0.000000,13,0,7,0,1
water_fire,hinge2,590,4303.435,0.098985,0.922188,0.938947,0.905429,26,0.00035529,1,0.059689,0.057876,0.061503,0.942399,0.944941,0.939858,0.977203,0.993290,0.961115,0.007417,0.008931,0.006919,0.037398,0.000000,13,0,7,0,1
water_fire,hinge2,600,4604.516,0.098973,0.921847,0.937826,0.905867,26,0.00031972,1,0.060948,0.060393,0.061503,0.941317,0.942748,0.939885,0.978022,0.994464,0.961580,0.007836,0.008986,0.005519,0.036911,0.000000,13,0,7,0,1
water_fire,hinge2,610,4626.084,0.100579,0.921115,0.938232,0.903998,26,0.00031070,2,0.060515,0.059218,0.061813,0.941631,0.943763,0.939500,0.976835,0.993793,0.959876,0.007691,0.009061,0.005620,0.038885,0.000000,13,0,7,0,1
water_fire,hinge2,620,4647.489,0.098844,0.922170,0.940168,0.904172,26,0.00036519,3,0.059580,0.057037,0.062122,0.942482,0.945722,0.939242,0.977067,0.993793,0.960341,0.007441,0.008892,0.006033,0.038180,0.000000,13,0,7,0,1
water_fire,hinge2,630,4668.781,0.098024,0.923118,0.941494,0.904741,26,0.00030349,1,0.058580,0.055192,0.061967,0.943390,0.947368,0.939412,0.977132,0.993457,0.960806,0.007228,0.008905,0.006362,0.037784,0.000000,13,0,7,0,1
water_fire,hinge2,640,4690.132,0.097872,0.922544,0.940869,0.904220,26,0.00029748,2,0.059625,0.058212,0.061038,0.942474,0.944763,0.940185,0.977525,0.995638,0.959411,0.007475,0.008864,0.004691,0.038469,0.000000,13,0,7,0,1
water_fire,hinge2,650,4950.276,0.096747,0.921964,0.939471,0.904457,27,0.00025574,2,0.061193,0.058715,0.063672,0.941092,0.944259,0.937925,0.978338,0.994632,0.962045,0.007551,0.009071,0.005289,0.035519,0.000000,14,0,7,0,1
water_fire,hinge2,660,4972.598,0.098323,0.921995,0.938876,0.905115,27,0.00025204,2,0.062768,0.059386,0.066150,0.939752,0.943657,0.935847,0.979810,0.994632,0.964988,0.007623,0.009651,0.005555,0.034400,0.000000,14,0,7,0,1
water_fire,hinge2,670,4994.765,0.098976,0.921100,0.937036,0.905164,27,0.00025272,1,0.064071,0.063077,0.065066,0.938613,0.940450,0.936776,0.980100,0.996142,0.964059,0.008260,0.009395,0.004497,0.034659,0.000000,14,0,7,0,1
water_fire,hinge2,680,5016.734,0.095638,0.923472,0.938410,0.908534,27,0.00026931,1,0.060761,0.059554,0.061967,0.941570,0.943489,0.939650,0.979565,0.994296,0.964833,0.007636,0.008940,0.005884,0.033868,0.000000,14,0,7,0,1
water_fire,hinge2,690,5038.750,0.095065,0.924513,0.939524,0.909502,27,0.00031826,1,0.059109,0.056870,0.061348,0.943037,0.945829,0.940244,0.979126,0.992954,0.965298,0.007375,0.009007,0.006852,0.032999,0.000000,14,0,7,0,1
water_fire,hinge2,700,5320.381,0.094590,0.923351,0.937055,0.909647,26,0.00028252,1,0.061890,0.060728,0.063052,0.940604,0.942421,0.938788,0.980482,0.993961,0.967002,0.007757,0.009022,0.006069,0.031694,0.000000,14,0,8,0,1
water_fire,hinge2,710,5342.234,0.098353,0.921373,0.939423,0.903324,26,0.00030079,2,0.062555,0.057876,0.067235,0.939886,0.944967,0.934805,0.978926,0.993793,0.964059,0.007406,0.009761,0.006494,0.033882,0.000000,14,0,8,0,1
water_fire,hinge2,720,5363.914,0.094414,0.923885,0.944171,0.903600,26,0.00024695,2,0.060884,0.054689,0.067080,0.941448,0.947940,0.934956,0.980010,0.995806,0.964214,0.006925,0.009513,0.004595,0.034367,0.000000,14,0,8,0,1
water_fire,hinge2,730,5385.492,0.093270,0.925217,0.944321,0.906114,26,0.00022644,1,0.059406,0.054521,0.064291,0.942796,0.948091,0.937500,0.980087,0.995806,0.964369,0.006903,0.009240,0.004367,0.034518,0.000000,14,0,8,0,1
water_fire,hinge2,740,5407.021,0.092721,0.926286,0.945072,0.907499,26,0.00024814,0,0.057747,0.053682,0.061813,0.944284,0.948849,0.939719,0.979700,0.995806,0.963594,0.006796,0.009017,0.004179,0.035402,0.000000,14,0,8,0,1
water_fire,hinge2,750,5690.654,0.097186,0.923388,0.943330,0.903446,27,0.00017783,2,0.059613,0.053850,0.065376,0.942507,0.948615,0.936398,0.978319,0.994129,0.962510,0.006861,0.009573,0.006039,0.036073,0.000000,15,0,8,0,1
water_fire,hinge2,760,5713.521,0.094715,0.924505,0.945527,0.903483,27,0.00015181,3,0.058774,0.050159,0.067390,0.943299,0.951914,0.934685,0.978661,0.992954,0.964369,0.006447,0.009595,0.007177,0.033777,0.000000,15,0,8,0,1
water_fire,hinge2,770,5736.121,0.088776,0.928117,0.947857,0.908377,27,0.00015578,2,0.057019,0.048817,0.065221,0.945023,0.953193,0.936853,0.980875,0.994129,0.967622,0.006112,0.009249,0.005808,0.031267,0.000000,15,0,8,0,1
water_fire,hinge2,780,5758.878,0.087000,0.928544,0.945640,0.911448,27,0.00018737,3,0.058006,0.052340,0.063672,0.944202,0.950032,0.938372,0.982308,0.995135,0.969481,0.006513,0.009209,0.004757,0.028875,0.000000,15,0,8,0,1
water_fire,hinge2,790,5781.238,0.085949,0.929313,0.948083,0.910543,27,0.00019583,2,0.058465,0.050159,0.066770,0.943859,0.952037,0.935681,0.983489,0.995638,0.971340,0.006404,0.009569,0.004643,0.026810,0.000000,15,0,8,0,1
water_fire,hinge2,800,6062.074,0.087165,0.928060,0.947764,0.908356,27,0.00014121,2,0.061795,0.050159,0.073431,0.940993,0.952022,0.929965,0.985180,0.995303,0.975058,0.006507,0.010452,0.005163,0.023743,0.000000,15,0,8,0,1
water_fire,hinge2,810,6084.770,0.083314,0.930551,0.949712,0.911391,27,0.00015382,1,0.059601,0.047475,0.071727,0.943020,0.954450,0.931590,0.985781,0.994800,0.976762,0.006136,0.010227,0.005505,0.021493,0.000000,15,0,8,0,1
water_fire,hinge2,820,6107.101,0.081877,0.932449,0.951110,0.913788,27,0.00012430,1,0.055252,0.043114,0.067390,0.946864,0.958354,0.935374,0.983742,0.992115,0.975368,0.005444,0.009555,0.007619,0.023263,0.000000,15,0,8,1,1
water_fire,hinge2,830,6129.360,0.082544,0.930964,0.952258,0.909669,27,0.00016749,1,0.057750,0.043617,0.071882,0.944648,0.957956,0.931341,0.984426,0.993793,0.975058,0.005586,0.009925,0.006451,0.023089,0.000000,15,0,8,1,1
water_fire,hinge2,840,6152.162,0.083619,0.929600,0.950922,0.908278,27,0.00018218,1,0.060086,0.045965,0.074206,0.942574,0.955828,0.929320,0.985155,0.994632,0.975678,0.005790,0.010381,0.005639,0.022445,0.000000,15,0,8,1,1
water_fire,hinge2,850,6574.655,0.140729,0.902550,0.951467,0.853634,24,0.00014978,1,0.053135,0.040429,0.065840,0.946640,0.960762,0.932518,0.949886,0.989935,0.909837,0.005205,0.009335,0.009734,0.088358,0.000000,15,0,11,1,1
water_fire,hinge2,860,6594.791,0.122310,0.911370,0.949839,0.872901,24,0.00019001,2,0.056814,0.043449,0.070178,0.944064,0.958002,0.930125,0.962634,0.991109,0.934160,0.005532,0.010125,0.008226,0.064897,0.000000,15,0,11,1,1
water_fire,hinge2,870,6614.923,0.108588,0.917748,0.953541,0.881954,24,0.00029643,2,0.057376,0.039926,0.074826,0.944067,0.961295,0.926840,0.969780,0.991612,0.947947,0.005139,0.010391,0.008121,0.050180,0.000000,15,0,11,1,1
water_fire,hinge2,880,6634.938,0.097477,0.924606,0.956452,0.892759,24,0.00033512,2,0.058157,0.040094,0.076220,0.943880,0.961258,0.926501,0.977803,0.994800,0.960806,0.005104,0.011119,0.005109,0.038046,0.000000,15,0,11,1,1
water_fire,hinge2,890,6655.236,0.091339,0.925779,0.956634,0.894924,24,0.00017629,1,0.063598,0.040597,0.086600,0.939522,0.960816,0.918227,0.983948,0.995471,0.972424,0.005150,0.012340,0.004806,0.026586,0.000000,15,0,11,1,1
water_fire,hinge2,900,7085.792,0.127379,0.907805,0.935593,0.880017,21,0.00007715,2,0.061920,0.039255,0.084586,0.939893,0.961194,0.918593,0.963387,0.972320,0.954454,0.005059,0.012220,0.028554,0.043803,0.000000,15,0,14,1,1
water_fire,hinge2,910,7103.251,0.108750,0.916893,0.945055,0.888731,21,0.00011794,1,0.062727,0.038081,0.087374,0.939858,0.962634,0.917083,0.973713,0.981043,0.966383,0.004744,0.012631,0.018968,0.032272,0.000000,15,0,14,1,1
water_fire,hinge2,920,7120.317,0.100993,0.919076,0.949911,0.888241,21,0.00016336,1,0.065573,0.041604,0.089543,0.937480,0.959649,0.915311,0.978604,0.989431,0.967777,0.005304,0.012652,0.010114,0.030146,0.000000,15,0,14,1,1
water_fire,hinge2,930,7137.810,0.095898,0.922776,0.952320,0.893233,21,0.00020332,1,0.065567,0.041436,0.089698,0.937759,0.959896,0.915622,0.982567,0.991780,0.973354,0.005130,0.013135,0.008468,0.024868,0.000000,15,0,14,1,1
water_fire,hinge2,940,7155.164,0.094036,0.924493,0.957175,0.891811,21,0.00021143,2,0.063889,0.038081,0.089698,0.939294,0.963089,0.915499,0.982715,0.993625,0.971805,0.004883,0.012939,0.007392,0.025642,0.000000,15,0,14,1,1
water_fire,hinge2,950,7485.285,0.184646,0.881499,0.881768,0.881230,18,0.00024717,1,0.045869,0.028686,0.063052,0.953141,0.969344,0.936938,0.921928,0.907063,0.936793,0.003509,0.009213,0.093068,0.061016,0.000000,15,0,17,1,1
water_fire,hinge2,960,7499.950,0.168513,0.890121,0.899378,0.880863,18,0.00022526,1,0.047755,0.025331,0.070178,0.951989,0.973265,0.930713,0.932420,0.922161,0.942680,0.003159,0.010063,0.078333,0.055840,0.000000,15,0,17,1,1
water_fire,hinge2,970,7514.290,0.159314,0.893556,0.909091,0.878021,18,0.00020599,1,0.053344,0.029693,0.076995,0.946982,0.969255,0.924708,0.940854,0.936085,0.945624,0.003758,0.011239,0.064262,0.052602,0.000000,15,0,17,1,1
water_fire,hinge2,980,7528.932,0.149012,0.898488,0.918870,0.878105,18,0.00020895,0,0.053344,0.027680,0.079009,0.947276,0.971522,0.923030,0.945894,0.944305,0.947483,0.003313,0.011442,0.056000,0.050385,0.000000,15,0,17,1,1
water_fire,hinge2,990,7543.899,0.144030,0.901388,0.926343,0.876432,18,0.00023979,2,0.054564,0.027177,0.081952,0.946341,0.972232,0.920451,0.949888,0.951518,0.948257,0.003336,0.011978,0.049305,0.049284,0.000000,15,0,17,1,1
water_fire,hinge2,1000,7861.187,0.137258,0.902598,0.930928,0.874269,18,0.00023923,0,0.058862,0.032209,0.085515,0.942454,0.967568,0.917341,0.954972,0.960913,0.949032,0.003932,0.012189,0.039019,0.048819,0.000000,15,0,17,1,1
water_fire,hinge2,1010,7875.716,0.130792,0.905084,0.939576,0.870593,18,0.00021622,0,0.064878,0.035565,0.094191,0.937378,0.964737,0.910019,0.962793,0.972991,0.952595,0.004427,0.013619,0.027551,0.045422,0.000000,15,0,17,1,1
water_fire,hinge2,1020,7890.074,0.127933,0.904439,0.944489,0.864388,18,0.00025643,0,0.072700,0.039591,0.105809,0.930789,0.961242,0.900336,0.968865,0.981882,0.955848,0.004857,0.015203,0.018645,0.043062,0.000000,15,0,17,1,1
water_fire,hinge2,1030,7904.414,0.125405,0.906626,0.948966,0.864286,18,0.00023155,0,0.072436,0.038752,0.106119,0.931131,0.962175,0.900088,0.970872,0.985741,0.956003,0.004855,0.015553,0.014693,0.042835,0.000000,15,0,17,1,1
water_fire,hinge2,1040,7918.743,0.122091,0.908490,0.953707,0.863274,18,0.00021883,0,0.072268,0.036403,0.108133,0.931461,0.964479,0.898443,0.972524,0.988425,0.956623,0.004447,0.015744,0.012252,0.042470,0.000000,15,0,17,1,1
water_fire,hinge2,1050,8200.521,0.119275,0.910526,0.956755,0.864298,17,0.00020203,0,0.069616,0.031874,0.107359,0.933933,0.968724,0.899141,0.972169,0.987250,0.957088,0.003925,0.015644,0.012878,0.041214,0.000000,15,0,18,1,1
water_fire,hinge2,1060,8214.195,0.117826,0.911923,0.955772,0.868073,17,0.00015360,1,0.066589,0.031706,0.101472,0.936453,0.968848,0.904057,0.971117,0.986076,0.956158,0.003835,0.014837,0.013980,0.042128,0.000000,15,0,18,1,1
water_fire,hinge2,1070,8227.743,0.117559,0.910923,0.955646,0.866200,17,0.00014924,0,0.069719,0.032545,0.106894,0.933883,0.968071,0.899695,0.972769,0.986747,0.958792,0.003977,0.015493,0.013274,0.039351,0.000000,15,0,18,1,1
water_fire,hinge2,1080,8241.123,0.116173,0.912445,0.955563,0.869327,17,0.00014710,0,0.068473,0.034390,0.102556,0.934860,0.966377,0.903344,0.973453,0.988425,0.958482,0.004251,0.014963,0.011897,0.040213,0.000000,15,0,18,1,1
water_fire,hinge2,1090,8254.351,0.114707,0.914283,0.959160,0.869406,17,0.00017497,0,0.064162,0.031035,0.097289,0.938514,0.969572,0.907457,0.971459,0.988928,0.953989,0.003790,0.014142,0.011423,0.044165,0.000000,15,0,18,1,1
water_fire,hinge2,1100,8547.390,0.113059,0.914788,0.961033,0.868544,17,0.00015266,0,0.064013,0.033216,0.094810,0.938482,0.967631,0.909333,0.971922,0.992954,0.950891,0.004094,0.013625,0.007474,0.047150,0.000000,15,0,18,1,1
water_fire,hinge2,1110,8560.781,0.113108,0.915982,0.962807,0.869158,17,0.00012743,0,0.061676,0.032880,0.090473,0.940428,0.967995,0.912862,0.971128,0.994464,0.947792,0.004099,0.013212,0.006263,0.050070,0.000000,15,0,18,1,1
water_fire,hinge2,1120,8574.162,0.111533,0.917290,0.964681,0.869899,17,0.00012774,0,0.060121,0.030700,0.089543,0.941864,0.970049,0.913680,0.971044,0.994296,0.947792,0.003845,0.013048,0.006158,0.050097,0.000000,15,0,18,1,1
water_fire,hinge2,1130,8587.339,0.112597,0.917175,0.963902,0.870447,17,0.00012998,0,0.058146,0.031706,0.084586,0.943437,0.969103,0.917771,0.969269,0.994464,0.944074,0.003953,0.012311,0.006408,0.053543,0.000000,15,0,18,1,1
water_fire,prune,1,2.421,1.378002,0.285997,0.264764,0.307229,20,0.00019481,0,0.195178,0.181681,0.208675,0.636428,0.632632,0.640224,0.342104,0.312867,0.371340,0.024462,0.030884,0.684096,0.625483,0.000100,0,0,0,0,0
water_fire,prune,10,18.852,1.171304,0.373293,0.347120,0.399467,20,0.00007321,1,0.148803,0.135715,0.161890,0.742653,0.743906,0.741401,0.429183,0.394229,0.464136,0.017989,0.023888,0.601633,0.532252,0.000100,0,0,0,0,0
water_fire,prune,20,36.648,0.966066,0.471386,0.448604,0.494169,20,0.00017088,2,0.126880,0.111391,0.142370,0.807990,0.817382,0.798597,0.531549,0.498574,0.564524,0.014720,0.020999,0.499052,0.431348,0.000100,0,0,0,0,0
water_fire,prune,30,54.399,0.774105,0.566673,0.555249,0.578097,20,0.00040370,1,0.117350,0.093105,0.141596,0.845175,0.867002,0.823348,0.633449,0.606945,0.659954,0.012234,0.020889,0.389972,0.337339,0.000100,0,0,0,0,0
water_fire,prune,40,71.874,0.611766,0.646663,0.650506,0.642819,20,0.00069826,1,0.124877,0.093441,0.156313,0.855065,0.883886,0.826244,0.727295,0.711290,0.743300,0.012245,0.022878,0.285915,0.252789,0.000100,0,0,0,0,0
water_fire,prune,50,320.282,0.477868,0.713022,0.727398,0.698646,23,0.00072229,0,0.132048,0.096628,0.167467,0.860805,0.891953,0.829656,0.806666,0.797685,0.815647,0.012651,0.024416,0.199899,0.182238,0.000100,3,0,0,0,0
water_fire,prune,60,340.390,0.388820,0.759814,0.785945,0.733683,23,0.00041171,0,0.121050,0.088576,0.153524,0.876318,0.906183,0.846452,0.850941,0.855561,0.846321,0.011762,0.022455,0.142993,0.151842,0.000100,3,0,0,0,0
water_fire,prune,70,360.512,0.332096,0.785675,0.808543,0.762808,23,0.00046452,1,0.125889,0.099648,0.152130,0.875831,0.899220,0.852442,0.883983,0.889113,0.878854,0.012666,0.022288,0.109556,0.119262,0.000100,3,0,0,0,0
water_fire,prune,80,380.539,0.300218,0.800930,0.818402,0.783458,23,0.00029423,2,0.125532,0.108539,0.142525,0.877896,0.893146,0.862646,0.901175,0.907230,0.895120,0.013919,0.020706,0.091633,0.103215,0.000100,3,0,0,0,0
water_fire,prune,90,400.234,0.273248,0.817354,0.835562,0.799145,23,0.00019101,0,0.113811,0.103842,0.123780,0.888836,0.898807,0.878866,0.910196,0.922328,0.898064,0.013442,0.018179,0.076221,0.100754,0.000100,3,0,0,0,0
water_fire,prune,100,674.625,0.247739,0.830836,0.846600,0.815072,25,0.00017480,1,0.107163,0.100151,0.114175,0.895614,0.902911,0.888316,0.919760,0.931387,0.908133,0.012856,0.016560,0.067006,0.090458,0.000100,6,0,1,0,0
water_fire,prune,110,696.455,0.224481,0.845070,0.861098,0.829042,25,0.00010264,1,0.095798,0.090589,0.101007,0.906195,0.912023,0.900367,0.925942,0.939104,0.912781,0.011647,0.014367,0.059934,0.085352,0.000100,6,0,1,0,0
water_fire,prune,120,717.761,0.212110,0.852618,0.869826,0.835411,25,0.00012394,2,0.091990,0.090253,0.093726,0.910033,0.913100,0.906966,0.931021,0.948331,0.913710,0.011465,0.013542,0.050856,0.084697,0.000100,6,0,1,0,0
water_fire,prune,130,738.570,0.204731,0.859660,0.875408,0.843911,25,0.00014433,2,0.081161,0.078510,0.083811,0.919644,0.923228,0.916059,0.929388,0.944137,0.914640,0.010117,0.012081,0.054801,0.083776,0.000100,6,0,1,0,0
water_fire,prune,140,759.302,0.196946,0.865123,0.881105,0.849140,25,0.00013165,1,0.078244,0.075155,0.081332,0.922564,0.926497,0.918630,0.932764,0.947324,0.918203,0.009634,0.011829,0.052675,0.080199,0.000100,6,0,1,0,0
water_fire,prune,150,1060.268,0.185159,0.870591,0.884532,0.856650,28,0.00015047,1,0.077733,0.078007,0.077459,0.923477,0.924378,0.922577,0.938268,0.953531,0.923005,0.009916,0.011152,0.046267,0.075075,0.000100,9,0,1,0,0
water_fire,prune,160,1083.881,0.175953,0.876522,0.887936,0.865107,28,0.00021625,1,0.074493,0.076329,0.072657,0.926714,0.926040,0.927388,0.941837,0.955712,0.927963,0.009800,0.010267,0.044469,0.070600,0.000100,9,0,1,0,0
water_fire,prune,170,1108.037,0.166854,0.881085,0.893007,0.869163,28,0.00035806,1,0.074370,0.077168,0.071572,0.927186,0.925735,0.928638,0.946645,0.961919,0.931371,0.009803,0.010235,0.038023,0.066940,0.000100,9,0,1,0,0
water_fire,prune,180,1131.833,0.162382,0.884328,0.897857,0.870800,28,0.00029981,1,0.071015,0.072471,0.069558,0.930256,0.930006,0.930506,0.947148,0.962926,0.931371,0.009230,0.010094,0.036739,0.066157,0.000100,9,0,1,0,0
water_fire,prune,190,1155.595,0.149097,0.892290,0.906422,0.878158,28,0.00029099,1,0.070783,0.068445,0.073122,0.930993,0.933991,0.927994,0.955416,0.968462,0.942370,0.008743,0.010535,0.031424,0.056901,0.000100,9,0,1,0,0
water_fire,prune,200,1482.227,0.138574,0.898311,0.916009,0.880614,30,0.00026490,0,0.071101,0.062573,0.079628,0.931157,0.939595,0.922718,0.962031,0.973327,0.950736,0.008070,0.011683,0.026736,0.048019,0.000100,10,1,1,0,0
water_fire,prune,210,1507.784,0.128032,0.904220,0.920768,0.887671,30,0.00023310,2,0.065448,0.056534,0.074361,0.936373,0.945078,0.927667,0.963251,0.972823,0.953679,0.007314,0.010500,0.027005,0.043816,0.000100,10,1,1,0,1
water_fire,prune,220,1533.520,0.125251,0.907048,0.924468,0.889627,30,0.00030884,3,0.064776,0.057205,0.072347,0.937108,0.944706,0.929509,0.965671,0.977353,0.953989,0.007273,0.010529,0.022741,0.044978,0.000100,10,1,1,0,1
water_fire,prune,230,1559.222,0.119608,0.909482,0.927302,0.891662,30,0.00035738,2,0.065383,0.056870,0.073896,0.936756,0.945155,0.928357,0.968795,0.980037,0.957552,0.007237,0.010476,0.020486,0.041282,0.000100,10,1,1,0,1
water_fire,prune,240,1584.505,0.117187,0.910845,0.927855,0.893835,30,0.00038026,2,0.064396,0.053347,0.075445,0.937734,0.948242,0.927227,0.969312,0.977353,0.961270,0.006694,0.010845,0.022371,0.037381,0.000100,10,1,1,0,1
water_fire,prune,250,1905.648,0.107528,0.918109,0.936320,0.899899,29,0.00054045,3,0.058943,0.048482,0.069404,0.942836,0.952939,0.932733,0.972035,0.981714,0.962355,0.006189,0.010090,0.018132,0.035807,0.000100,11,1,3,0,1
water_fire,prune,260,1929.996,0.103893,0.921318,0.940186,0.902450,29,0.00054135,2,0.057459,0.046133,0.068784,0.944315,0.955197,0.933433,0.974042,0.983560,0.964524,0.006029,0.010038,0.016201,0.034545,0.000100,11,1,3,0,1
water_fire,prune,270,1954.367,0.102115,0.920954,0.942514,0.899395,29,0.00045242,2,0.061234,0.047643,0.074826,0.941064,0.953971,0.928157,0.977055,0.987418,0.966692,0.006086,0.011044,0.012324,0.032267,0.000100,11,1,3,0,1
water_fire,prune,280,1978.760,0.097789,0.923225,0.943145,0.903305,29,0.00029643,3,0.060453,0.047475,0.073431,0.941874,0.954148,0.929600,0.978779,0.987921,0.969636,0.006143,0.010696,0.011631,0.029438,0.000100,11,1,3,0,1
water_fire,prune,290,2003.103,0.095476,0.924677,0.943457,0.905898,29,0.00018439,2,0.059517,0.047307,0.071727,0.942757,0.954310,0.931204,0.979482,0.988089,0.970875,0.006103,0.010447,0.011792,0.027952,0.000100,11,1,3,0,1
water_fire,prune,300,2333.076,0.087797,0.931224,0.954082,0.908366,28,0.00025442,0,0.053026,0.037578,0.068474,0.948764,0.963429,0.934099,0.980250,0.989935,0.970565,0.004769,0.009956,0.010139,0.028313,0.000100,11,1,4,0,1
water_fire,prune,310,2356.176,0.092486,0.926334,0.946414,0.906255,28,0.00022540,0,0.059066,0.045630,0.072502,0.943254,0.955923,0.930584,0.980779,0.989599,0.971960,0.005824,0.010287,0.010800,0.027345,0.000100,11,1,4,0,1
water_fire,prune,320,2379.932,0.091413,0.927506,0.949060,0.905952,28,0.00019229,1,0.058150,0.043952,0.072347,0.944107,0.957523,0.930692,0.981134,0.990773,0.971495,0.005531,0.010451,0.009768,0.027725,0.000100,11,1,4,0,1
water_fire,prune,330,2403.214,0.088243,0.930076,0.949992,0.910160,28,0.00020409,1,0.055335,0.043281,0.067390,0.946645,0.958158,0.935133,0.981302,0.991109,0.971495,0.005508,0.009643,0.009198,0.028087,0.000100,11,1,4,0,1
water_fire,prune,340,2426.821,0.086342,0.930542,0.951652,0.909433,28,0.00024060,1,0.055865,0.040933,0.070798,0.946272,0.960319,0.932226,0.982212,0.990606,0.973819,0.005147,0.010081,0.009365,0.025472,0.000100,11,1,4,0,1
water_fire,prune,350,2749.587,0.083544,0.934094,0.951727,0.916460,28,0.00025849,2,0.050837,0.039087,0.062587,0.950795,0.961978,0.939611,0.981373,0.988928,0.973819,0.004980,0.009091,0.010880,0.025460,0.000100,11,1,4,0,1
water_fire,prune,360,2773.272,0.084191,0.933046,0.951582,0.914510,28,0.00025559,2,0.052477,0.039423,0.065531,0.949329,0.961670,0.936988,0.981767,0.989096,0.974438,0.005037,0.009313,0.010936,0.025007,0.000100,11,1,4,0,1
water_fire,prune,370,2797.319,0.082360,0.934093,0.950217,0.917968,28,0.00020793,1,0.051308,0.041268,0.061348,0.950362,0.959961,0.940763,0.981857,0.989431,0.974284,0.005249,0.008740,0.010487,0.024909,0.000100,11,1,4,0,1
water_fire,prune,380,2820.962,0.085552,0.930039,0.945842,0.914236,28,0.00018081,2,0.057258,0.046972,0.067545,0.944994,0.954715,0.935273,0.983129,0.990270,0.975988,0.005837,0.009609,0.009917,0.023216,0.000100,11,1,4,0,1
water_fire,prune,390,2844.732,0.077453,0.936552,0.951161,0.921943,28,0.00014571,3,0.051289,0.040765,0.061813,0.950528,0.960449,0.940607,0.984433,0.989935,0.978931,0.005242,0.008788,0.009857,0.019971,0.000100,11,1,4,0,1
water_fire,prune,400,3194.613,0.076682,0.936800,0.949984,0.923615,28,0.00014313,3,0.052928,0.043114,0.062742,0.949113,0.958306,0.939920,0.986253,0.990941,0.981565,0.005486,0.009008,0.009131,0.017985,0.000100,11,1,4,0,1
water_fire,prune,410,3218.615,0.074469,0.937929,0.949678,0.926180,28,0.00011891,4,0.051624,0.043449,0.059799,0.950286,0.957995,0.942577,0.986253,0.990941,0.981565,0.005597,0.008472,0.008814,0.017560,0.000100,11,1,4,0,1
water_fire,prune,420,3242.579,0.076813,0.936320,0.949204,0.923435,28,0.00005416,3,0.053954,0.043617,0.064291,0.948213,0.957826,0.938600,0.986705,0.990606,0.982804,0.005549,0.009181,0.009453,0.016933,0.000100,11,1,4,0,1
water_fire,prune,430,3267.300,0.073537,0.938867,0.948002,0.929732,28,0.00007393,2,0.051772,0.045294,0.058249,0.950198,0.956289,0.944106,0.987415,0.990941,0.983888,0.005810,0.008346,0.009046,0.015980,0.000100,11,1,4,0,1
water_fire,prune,440,3291.502,0.073211,0.938581,0.947461,0.929701,28,0.00007932,2,0.052546,0.047307,0.057785,0.949498,0.954494,0.944502,0.987853,0.992283,0.983424,0.006185,0.008153,0.008061,0.015872,0.000100,11,1,4,0,1
water_fire,prune,450,3618.552,0.070440,0.941201,0.951094,0.931308,28,0.00005161,2,0.049119,0.042778,0.055461,0.952621,0.958651,0.946591,0.987369,0.991780,0.982959,0.005538,0.007945,0.008506,0.015788,0.000100,11,1,4,0,1
water_fire,prune,460,3642.785,0.070618,0.941347,0.950330,0.932365,28,0.00006163,3,0.049771,0.043617,0.055926,0.952061,0.957874,0.946248,0.988144,0.991780,0.984508,0.005618,0.008213,0.008291,0.014802,0.000100,11,1,4,0,1
water_fire,prune,470,3667.084,0.073486,0.939043,0.948771,0.929314,28,0.00005202,2,0.051591,0.044623,0.058559,0.950366,0.956916,0.943817,0.987421,0.991109,0.983734,0.005815,0.008500,0.009077,0.015277,0.000100,11,1,4,0,1
water_fire,prune,480,3691.336,0.074158,0.938426,0.947352,0.929501,28,0.00004918,2,0.052153,0.045127,0.059179,0.949854,0.956409,0.943298,0.987305,0.990102,0.984508,0.005852,0.008572,0.009904,0.014756,0.000100,11,1,4,0,1
water_fire,prune,490,3715.623,0.070346,0.940858,0.948842,0.932874,28,0.00004250,1,0.049894,0.042778,0.057010,0.951950,0.958557,0.945344,0.987744,0.989431,0.986057,0.005430,0.008097,0.010723,0.013297,0.000100,11,1,4,0,1
water_fire,prune,500,4042.468,0.071759,0.939751,0.949284,0.930219,28,0.00003376,0,0.051566,0.041939,0.061193,0.950476,0.959323,0.941628,0.988119,0.989096,0.987142,0.005451,0.008749,0.010826,0.012079,0.000100,11,1,4,0,1
water_fire,prune,510,4066.187,0.069729,0.941485,0.950105,0.932865,28,0.00001845,0,0.050727,0.042275,0.059179,0.951274,0.959058,0.943491,0.989171,0.990270,0.988071,0.005434,0.008504,0.010274,0.011436,0.000100,11,1,4,0,1
water_fire,prune,520,4090.046,0.070962,0.939895,0.950772,0.929018,28,0.00002844,1,0.053922,0.042778,0.065066,0.948468,0.958637,0.938299,0.990455,0.991444,0.989466,0.005581,0.009320,0.008858,0.010363,0.000100,11,1,4,0,1
water_fire,prune,530,4113.720,0.072092,0.938958,0.947969,0.929947,28,0.00006525,1,0.053063,0.044623,0.061503,0.949116,0.956881,0.941350,0.988706,0.990270,0.987142,0.005714,0.008665,0.010076,0.012460,0.000100,11,1,4,0,1
water_fire,prune,540,4137.594,0.069412,0.942422,0.950201,0.934642,28,0.00004905,1,0.049049,0.040933,0.057165,0.952785,0.960261,0.945309,0.988584,0.989096,0.988071,0.005343,0.008316,0.010905,0.011545,0.000100,11,1,4,0,1
water_fire,prune,550,4455.947,0.069030,0.942720,0.949654,0.935787,28,0.00005150,0,0.049823,0.042946,0.056700,0.952106,0.958442,0.945770,0.989642,0.990438,0.988846,0.005683,0.008257,0.009753,0.011149,0.000100,11,1,4,0,1
water_fire,prune,560,4479.944,0.069293,0.941756,0.948520,0.934993,28,0.00005249,0,0.050436,0.042778,0.058095,0.951539,0.958543,0.944535,0.989203,0.989096,0.989311,0.005551,0.008389,0.010995,0.010194,0.000100,11,1,4,0,1
water_fire,prune,570,4503.470,0.071905,0.938842,0.948603,0.929081,28,0.00005576,1,0.054141,0.044456,0.063826,0.948199,0.957057,0.939340,0.989577,0.990773,0.988381,0.005759,0.008978,0.009987,0.010920,0.000100,11,1,4,0,1
water_fire,prune,580,4526.777,0.073521,0.937859,0.945530,0.930188,28,0.00004780,0,0.053934,0.047140,0.060728,0.948287,0.954553,0.942020,0.988390,0.990102,0.986677,0.006090,0.008661,0.010397,0.012254,0.000100,11,1,4,0,1
water_fire,prune,590,4550.553,0.073867,0.937460,0.946297,0.928623,28,0.00003528,0,0.054993,0.046469,0.063517,0.947375,0.955178,0.939573,0.988938,0.990270,0.987607,0.005937,0.009117,0.010359,0.011473,0.000100,11,1,4,0,1
water_fire,prune,600,4861.421,0.072852,0.939081,0.945842,0.932320,28,0.00003447,0,0.053385,0.046972,0.059799,0.948824,0.954715,0.942933,0.989171,0.990270,0.988071,0.006084,0.008744,0.010293,0.011312,0.000100,11,1,4,0,1
water_fire,prune,610,4885.078,0.072452,0.939223,0.945201,0.933245,28,0.00002868,0,0.052611,0.046972,0.058249,0.949495,0.954685,0.944305,0.988603,0.989599,0.987607,0.006073,0.008511,0.010950,0.011195,0.000100,11,1,4,0,1
water_fire,prune,620,4908.486,0.072376,0.939646,0.945452,0.933841,28,0.00002220,1,0.052017,0.045630,0.058404,0.950043,0.955880,0.944206,0.988487,0.988593,0.988381,0.005770,0.008597,0.011965,0.010966,0.000100,11,1,4,0,1
water_fire,prune,630,4932.094,0.072305,0.939382,0.945890,0.932875,28,0.00004829,1,0.052062,0.044791,0.059334,0.950001,0.956642,0.943360,0.988242,0.988257,0.988226,0.005673,0.008600,0.012140,0.011069,0.000100,11,1,4,0,1
water_fire,prune,640,4955.309,0.072035,0.940654,0.945238,0.936070,28,0.00010693,0,0.050584,0.044623,0.056545,0.951340,0.956762,0.945918,0.988209,0.987418,0.989001,0.005762,0.008282,0.013177,0.010603,0.000100,11,1,4,0,1
water_fire,prune,650,5261.783,0.073376,0.938977,0.946063,0.931891,28,0.00007970,2,0.050946,0.041939,0.059954,0.950984,0.959190,0.942777,0.986751,0.985741,0.987761,0.005435,0.008640,0.014062,0.011106,0.000100,11,1,4,0,1
water_fire,prune,660,5285.382,0.072225,0.941030,0.948209,0.933850,28,0.00007615,0,0.049159,0.039758,0.058559,0.952656,0.961237,0.944075,0.987222,0.985908,0.988536,0.005236,0.008344,0.014691,0.011181,0.000100,11,1,4,0,1
water_fire,prune,670,5308.897,0.070874,0.941952,0.949338,0.934566,28,0.00006678,0,0.047842,0.039758,0.055926,0.953824,0.961281,0.946368,0.986957,0.987083,0.986832,0.005163,0.008039,0.013467,0.012424,0.000100,11,1,4,0,1
water_fire,prune,680,5332.181,0.070230,0.942578,0.950089,0.935067,28,0.00007704,0,0.046558,0.038584,0.054531,0.954982,0.962369,0.947596,0.986402,0.986747,0.986057,0.005048,0.007776,0.013814,0.012867,0.000100,11,1,4,0,1
water_fire,prune,690,5356.077,0.067973,0.944508,0.949903,0.939112,28,0.00007622,1,0.044447,0.038081,0.050813,0.956924,0.962817,0.951030,0.986454,0.986076,0.986832,0.004872,0.007361,0.014359,0.012175,0.000100,11,1,4,0,1
water_fire,prune,700,5658.540,0.069239,0.944351,0.949644,0.939059,27,0.00007837,0,0.042976,0.036068,0.049884,0.958239,0.964638,0.951840,0.984899,0.983895,0.985902,0.004648,0.007247,0.016304,0.012989,0.000100,11,1,5,0,1
water_fire,prune,710,5681.917,0.070758,0.941884,0.945082,0.938685,27,0.00011496,3,0.046093,0.038584,0.053602,0.955383,0.962177,0.948588,0.985274,0.981547,0.989001,0.004710,0.007526,0.018633,0.010950,0.000100,11,1,5,0,1
water_fire,prune,720,5705.366,0.068931,0.943135,0.944902,0.941368,27,0.00013401,3,0.043601,0.038249,0.048954,0.957620,0.962475,0.952765,0.984248,0.981043,0.987452,0.004467,0.007011,0.019130,0.011444,0.000100,11,1,5,0,1
water_fire,prune,730,5728.845,0.065639,0.947136,0.951584,0.942688,27,0.00013882,1,0.040672,0.032545,0.048799,0.960452,0.967939,0.952964,0.985622,0.982553,0.988691,0.003998,0.007096,0.017633,0.010814,0.000100,11,1,5,0,1
water_fire,prune,740,5751.716,0.064029,0.947991,0.954249,0.941733,27,0.00012655,1,0.038962,0.030364,0.047560,0.962025,0.970043,0.954007,0.984873,0.983224,0.986522,0.003651,0.006796,0.016673,0.012584,0.000100,11,1,5,0,1
water_fire,prune,750,6035.779,0.065328,0.947874,0.955309,0.940439,27,0.00014191,1,0.039666,0.028519,0.050813,0.961445,0.971794,0.951096,0.985390,0.982553,0.988226,0.003579,0.007253,0.017652,0.011499,0.000100,11,1,5,0,1
water_fire,prune,760,6059.193,0.063226,0.948692,0.956614,0.940769,27,0.00011074,1,0.039976,0.028519,0.051433,0.961202,0.971831,0.950573,0.986526,0.983895,0.989156,0.003535,0.007400,0.016271,0.010154,0.000100,11,1,5,0,1
water_fire,prune,770,6082.393,0.063008,0.948991,0.957551,0.940431,27,0.00009534,0,0.039085,0.027512,0.050658,0.962014,0.972798,0.951230,0.985983,0.983895,0.988071,0.003433,0.007146,0.016419,0.011198,0.000100,11,1,5,0,1
water_fire,prune,780,6105.580,0.063458,0.949031,0.956721,0.941341,27,0.00010121,0,0.039150,0.027177,0.051123,0.961980,0.973090,0.950871,0.986093,0.982721,0.989466,0.003477,0.007318,0.017187,0.010060,0.000100,11,1,5,0,1
water_fire,prune,790,6128.641,0.063348,0.948844,0.956607,0.941081,27,0.00011155,0,0.038730,0.028351,0.049109,0.962302,0.971987,0.952616,0.985512,0.983728,0.987297,0.003483,0.006930,0.016692,0.011955,0.000100,11,1,5,0,1
water_fire,prune,800,6419.177,0.062979,0.949381,0.956387,0.942376,26,0.00007741,1,0.037749,0.027009,0.048490,0.963229,0.973238,0.953221,0.985145,0.982218,0.988071,0.003371,0.006742,0.018052,0.011412,0.000100,11,1,6,0,1
water_fire,prune,810,6441.106,0.064581,0.948469,0.954917,0.942020,26,0.00013081,0,0.037207,0.027009,0.047405,0.963678,0.973198,0.954157,0.983692,0.980708,0.986677,0.003285,0.006913,0.018374,0.012492,0.000100,11,1,6,0,1
water_fire,prune,820,6462.790,0.063901,0.948335,0.955806,0.940864,26,0.00008480,1,0.039595,0.028686,0.050503,0.961519,0.971651,0.951387,0.985803,0.983224,0.988381,0.003541,0.007078,0.017190,0.011271,0.000100,11,1,6,0,1
water_fire,prune,830,6484.913,0.063712,0.949674,0.954055,0.945293,26,0.00005140,1,0.035464,0.026002,0.044926,0.965310,0.974124,0.956496,0.983312,0.978863,0.987761,0.003181,0.006398,0.021261,0.011174,0.000100,11,1,6,0,1
water_fire,prune,840,6506.975,0.063633,0.950351,0.955073,0.945630,26,0.00007402,0,0.036271,0.026841,0.045701,0.964593,0.973360,0.955825,0.984777,0.980708,0.988846,0.003446,0.006668,0.019534,0.010656,0.000100,11,1,6,0,1
water_fire,prune,850,6799.476,0.063072,0.950440,0.956813,0.944066,25,0.00007381,0,0.036220,0.025499,0.046940,0.964666,0.974671,0.954661,0.984796,0.981211,0.988381,0.003212,0.006769,0.018857,0.011241,0.000100,11,1,7,0,1
water_fire,prune,860,6820.917,0.061747,0.949990,0.958231,0.941749,25,0.00009138,1,0.037330,0.024157,0.050503,0.963703,0.975976,0.951430,0.985345,0.981379,0.989311,0.003015,0.007035,0.017945,0.010393,0.000100,11,1,7,0,1
water_fire,prune,870,6842.188,0.062698,0.950430,0.957204,0.943656,25,0.00010606,0,0.037284,0.027009,0.047560,0.963679,0.973260,0.954097,0.985796,0.983057,0.988536,0.003445,0.006747,0.017237,0.011575,0.000100,11,1,7,0,1
water_fire,prune,880,6863.398,0.060043,0.950921,0.958096,0.943747,25,0.00012448,0,0.039059,0.028854,0.049264,0.962084,0.971561,0.952608,0.987990,0.985741,0.990240,0.003546,0.007107,0.014284,0.009720,0.000100,11,1,7,0,1
water_fire,prune,890,6884.674,0.062053,0.949591,0.956912,0.942271,25,0.00009783,2,0.038556,0.027848,0.049264,0.962502,0.972466,0.952537,0.986125,0.983560,0.988691,0.003491,0.006972,0.016578,0.010439,0.000100,11,1,7,0,1
water_fire,prune,900,7175.663,0.061671,0.950459,0.954827,0.946090,25,0.00010418,1,0.037349,0.028686,0.046011,0.963598,0.971623,0.955572,0.985919,0.982218,0.989620,0.003614,0.006575,0.017809,0.009878,0.000100,11,1,7,0,1
water_fire,prune,910,7197.203,0.061208,0.950528,0.955806,0.945250,25,0.00010776,1,0.037813,0.028686,0.046940,0.963183,0.971651,0.954715,0.986422,0.983224,0.989620,0.003641,0.006559,0.017021,0.010103,0.000100,11,1,7,0,1
water_fire,prune,920,7218.888,0.059553,0.953148,0.956586,0.949710,25,0.00010864,2,0.034528,0.027848,0.041208,0.966226,0.972457,0.959994,0.986035,0.983224,0.988846,0.003497,0.005908,0.017305,0.011161,0.000100,11,1,7,0,1
water_fire,prune,930,7240.568,0.059927,0.952640,0.955599,0.949680,25,0.00009506,1,0.034134,0.027680,0.040589,0.966567,0.972587,0.960548,0.985138,0.982050,0.988226,0.003439,0.005739,0.018059,0.011740,0.000100,11,1,7,0,1
water_fire,prune,940,7262.466,0.059345,0.952948,0.957502,0.948394,25,0.00008851,1,0.034005,0.026338,0.041673,0.966712,0.973899,0.959525,0.985319,0.982721,0.987916,0.003303,0.005914,0.017794,0.011208,0.000100,11,1,7,0,1
water_fire,prune,950,7536.638,0.059023,0.953641,0.958286,0.948996,24,0.00010004,1,0.033664,0.025499,0.041828,0.967060,0.974709,0.959411,0.985706,0.982721,0.988691,0.003346,0.005839,0.017876,0.010886,0.000100,11,1,8,0,1
water_fire,prune,960,7557.436,0.064479,0.947918,0.953871,0.941965,24,0.00008485,1,0.040466,0.029190,0.051743,0.960745,0.971125,0.950364,0.986210,0.981714,0.990705,0.003579,0.007283,0.018456,0.009673,0.000100,11,1,8,0,1
water_fire,prune,970,7578.174,0.064096,0.948091,0.953621,0.942561,24,0.00009478,1,0.038671,0.030867,0.046476,0.962279,0.969557,0.955002,0.984712,0.983057,0.986367,0.003741,0.006530,0.016997,0.013063,0.000100,11,1,8,0,1
water_fire,prune,980,7598.436,0.061926,0.950321,0.957409,0.943234,24,0.00009611,1,0.036626,0.028015,0.045236,0.964227,0.972324,0.956130,0.985067,0.984231,0.985902,0.003457,0.006282,0.016423,0.013355,0.000100,11,1,8,0,1
water_fire,prune,990,7618.599,0.061063,0.950210,0.958008,0.942413,24,0.00010481,1,0.038588,0.030700,0.046476,0.962421,0.969847,0.954995,0.986815,0.987418,0.986212,0.003798,0.006577,0.013007,0.013262,0.000100,11,1,8,0,1
water_fire,prune,1000,7866.948,0.058983,0.951633,0.960417,0.942849,23,0.00011916,1,0.038091,0.029861,0.046321,0.962924,0.970695,0.955152,0.987809,0.989096,0.986522,0.003694,0.006547,0.011364,0.013114,0.000100,11,1,9,0,1
water_fire,prune,1010,7886.638,0.061916,0.950509,0.960189,0.940828,23,0.00009666,2,0.037717,0.028183,0.047250,0.963242,0.972245,0.954239,0.986267,0.987250,0.985283,0.003472,0.006846,0.012916,0.014530,0.000100,11,1,9,0,1
water_fire,prune,1020,7906.370,0.061069,0.950639,0.957804,0.943474,23,0.00008268,1,0.038317,0.029693,0.046940,0.962703,0.970773,0.954634,0.987003,0.986244,0.987761,0.003689,0.006674,0.014297,0.012044,0.000100,11,1,9,0,1
water_fire,prune,1030,7926.171,0.060201,0.950355,0.957831,0.942878,23,0.00008485,1,0.039969,0.030364,0.049574,0.961224,0.970152,0.952296,0.988268,0.986915,0.989620,0.003776,0.007166,0.013538,0.009518,0.000100,11,1,9,0,1
water_fire,prune,1040,7946.013,0.056389,0.953902,0.959726,0.948079,23,0.00009651,1,0.036580,0.028854,0.044307,0.964387,0.971608,0.957166,0.988752,0.987418,0.990085,0.003725,0.006432,0.012807,0.009141,0.000100,11,1,9,0,1
water_fire,prune,1050,8184.172,0.059036,0.950936,0.958978,0.942895,23,0.00010613,0,0.040208,0.030532,0.049884,0.961029,0.970031,0.952026,0.989094,0.988257,0.989930,0.003815,0.007222,0.012184,0.009180,0.000100,11,1,9,0,1
water_fire,prune,1060,8203.714,0.055285,0.954778,0.960365,0.949190,23,0.00011227,1,0.035638,0.028519,0.042758,0.965264,0.971938,0.958590,0.988765,0.987754,0.989775,0.003655,0.006206,0.012848,0.009047,0.000100,11,1,9,0,1
water_fire,prune,1070,8223.130,0.056590,0.952968,0.958639,0.947298,23,0.00008737,0,0.038336,0.030196,0.046476,0.962774,0.970331,0.955217,0.989455,0.987586,0.991325,0.003734,0.006588,0.012979,0.008543,0.000100,11,1,9,0,1
water_fire,prune,1080,8242.230,0.055669,0.954286,0.959047,0.949525,23,0.00005108,0,0.035858,0.028183,0.043532,0.965064,0.972213,0.957915,0.988468,0.986076,0.990860,0.003512,0.006168,0.014309,0.008784,0.000100,11,1,9,0,1
water_fire,prune,1090,8261.220,0.056215,0.954029,0.959550,0.948509,23,0.00006023,0,0.036258,0.028519,0.043997,0.964687,0.971915,0.957460,0.988578,0.986915,0.990240,0.003545,0.006327,0.013110,0.009818,0.000100,11,1,9,0,1
water_fire,prune,1100,8513.985,0.056406,0.954468,0.962690,0.946246,23,0.00010770,2,0.035665,0.025164,0.046166,0.965290,0.975137,0.955443,0.988423,0.986915,0.989930,0.003278,0.006579,0.013352,0.009811,0.000100,11,1,9,0,1
water_fire,prune,1110,8533.190,0.058585,0.952092,0.959608,0.944576,23,0.00026618,2,0.037007,0.025835,0.048180,0.964012,0.974427,0.953596,0.987242,0.984399,0.990085,0.003216,0.006758,0.015940,0.009053,0.000100,11,1,9,0,1
water_fire,prune,1120,8552.633,0.060846,0.950186,0.960929,0.939443,23,0.00027292,3,0.041358,0.026170,0.056545,0.960124,0.974147,0.946102,0.989320,0.986076,0.992564,0.003299,0.008141,0.014323,0.007313,0.000100,11,1,9,0,1
water_fire,prune,1130,8572.100,0.057500,0.952694,0.961149,0.944240,23,0.00032487,2,0.038937,0.027680,0.050194,0.962281,0.972741,0.951822,0.989694,0.987754,0.991634,0.003465,0.007357,0.012288,0.008061,0.000100,11,1,9,0,1
water_fire,prune,1140,8591.264,0.057332,0.951644,0.961922,0.941367,23,0.00023910,2,0.040364,0.026506,0.054222,0.961026,0.973858,0.948194,0.989914,0.987418,0.992409,0.003292,0.007612,0.012698,0.007203,0.000100,11,1,9,0,1
water_fire,prune,1150,8822.173,0.054430,0.955189,0.960490,0.949889,23,0.00026646,3,0.036219,0.027512,0.044926,0.964788,0.972879,0.956697,0.989739,0.986915,0.992564,0.003488,0.006486,0.013288,0.007089,0.000100,11,1,9,0,1
water_fire,prune,1160,8841.357,0.055050,0.952646,0.959928,0.945363,23,0.00027242,3,0.039485,0.029861,0.049109,0.961750,0.970680,0.952820,0.990191,0.988593,0.991789,0.003649,0.006973,0.011413,0.007056,0.000100,11,1,9,0,1
water_fire,prune,1170,8860.632,0.053339,0.954670,0.961263,0.948077,23,0.00018757,2,0.038975,0.030700,0.047250,0.962259,0.969946,0.954573,0.991824,0.990773,0.992874,0.003781,0.006872,0.009647,0.006858,0.000100,11,1,9,0,1
water_fire,prune,1180,8879.730,0.054514,0.954454,0.963381,0.945527,23,0.00017320,2,0.037795,0.026170,0.049419,0.963384,0.974211,0.952558,0.990423,0.988593,0.992254,0.003313,0.006998,0.011285,0.007905,0.000100,11,1,9,0,1
water_fire,prune,1190,8898.715,0.055438,0.953071,0.961018,0.945125,23,0.00021629,2,0.039356,0.028519,0.050194,0.961910,0.971956,0.951865,0.990494,0.988425,0.992564,0.003564,0.007104,0.011786,0.006970,0.000100,11,1,9,0,1
water_fire,prune,1200,9122.187,0.053464,0.954263,0.963714,0.944813,23,0.00022308,2,0.038111,0.026338,0.049884,0.963091,0.974062,0.952119,0.990520,0.989096,0.991944,0.003192,0.006984,0.011374,0.007151,0.000100,11,1,9,0,1
water_fire,prune,1210,9141.242,0.055458,0.952380,0.961043,0.943716,23,0.00025381,2,0.040311,0.029190,0.051433,0.961027,0.971334,0.950720,0.990675,0.989096,0.992254,0.003600,0.007359,0.010666,0.006920,0.000100,11,1,9,0,1
water_fire,prune,1220,9160.294,0.055637,0.953039,0.959556,0.946521,23,0.00016732,2,0.038665,0.028686,0.048644,0.962520,0.971759,0.953281,0.989823,0.987083,0.992564,0.003552,0.006886,0.013124,0.006812,0.000100,11,1,9,0,1
water_fire,prune,1230,9179.424,0.051980,0.956864,0.963684,0.950044,23,0.00016597,2,0.035290,0.025499,0.045081,0.965707,0.974847,0.956567,0.990565,0.988257,0.992874,0.003206,0.006368,0.012395,0.006936,0.000100,11,1,9,0,1
water_fire,prune,1240,9198.726,0.051255,0.957830,0.962400,0.953260,23,0.00017280,2,0.033457,0.026170,0.040744,0.967368,0.974185,0.960552,0.989843,0.987586,0.992099,0.003257,0.005820,0.012663,0.007843,0.000100,11,1,9,0,1
water_fire,prune,1250,9441.924,0.051366,0.956822,0.960228,0.953416,23,0.00013936,1,0.035044,0.029190,0.040899,0.965865,0.971311,0.960420,0.990333,0.988257,0.992409,0.003610,0.005743,0.012059,0.007492,0.000100,11,1,9,0,1
water_fire,prune,1260,9461.517,0.051592,0.956595,0.960072,0.953118,23,0.00010569,2,0.035128,0.029357,0.040899,0.965779,0.971151,0.960408,0.990178,0.988257,0.992099,0.003586,0.005823,0.012150,0.007457,0.000100,11,1,9,0,1
water_fire,prune,1270,9480.825,0.050270,0.957769,0.962021,0.953516,23,0.00008853,2,0.034502,0.029190,0.039814,0.966378,0.971363,0.961394,0.990791,0.990102,0.991479,0.003502,0.005805,0.010677,0.007881,0.000100,11,1,9,0,1
water_fire,prune,1280,9500.076,0.051738,0.956034,0.961570,0.950498,23,0.00008016,2,0.036167,0.030196,0.042138,0.964807,0.970419,0.959196,0.990578,0.990606,0.990550,0.003667,0.006005,0.009992,0.008742,0.000100,11,1,9,0,1
water_fire,prune,1290,9519.337,0.051164,0.957002,0.962643,0.951361,23,0.00006699,1,0.034935,0.028351,0.041518,0.965971,0.972158,0.959784,0.990397,0.989935,0.990860,0.003426,0.006098,0.010347,0.008355,0.000100,11,1,9,0,1
water_fire,prune,1300,9748.187,0.051608,0.957245,0.964356,0.950134,23,0.00004853,0,0.034922,0.026002,0.043842,0.966030,0.974393,0.957666,0.990610,0.989431,0.991789,0.003306,0.006381,0.010912,0.007643,0.000100,11,1,9,0,1
water_fire,prune,1310,9767.577,0.050300,0.957183,0.962431,0.951935,23,0.00004029,0,0.034031,0.027009,0.041053,0.966812,0.973402,0.960222,0.989720,0.988425,0.991015,0.003277,0.005827,0.011274,0.008168,0.000100,11,1,9,0,1
water_fire,prune,1320,9786.472,0.051484,0.956566,0.961934,0.951198,23,0.00003962,0,0.034025,0.026841,0.041208,0.966800,0.973545,0.960054,0.989074,0.987754,0.990395,0.003285,0.005844,0.012439,0.008216,0.000100,11,1,9,0,1
water_fire,prune,1330,9805.766,0.049135,0.958048,0.962424,0.953672,23,0.00002330,0,0.033405,0.026841,0.039969,0.967410,0.973558,0.961261,0.990023,0.988257,0.991789,0.003173,0.005677,0.011947,0.007228,0.000100,11,1,9,0,1
water_fire,prune,1340,9824.849,0.051471,0.958036,0.963848,0.952225,23,0.00002931,0,0.033199,0.025499,0.040899,0.967612,0.974851,0.960372,0.989797,0.988425,0.991170,0.003195,0.006144,0.011798,0.008014,0.000100,11,1,9,0,1
water_fire,prune,1350,10079.662,0.048121,0.959822,0.963369,0.956275,23,0.00003689,2,0.031972,0.025835,0.038110,0.968777,0.974524,0.963030,0.990488,0.988257,0.992719,0.003091,0.005456,0.012174,0.007078,0.000100,11,1,9,0,1
water_fire,prune,1360,10099.303,0.050027,0.958654,0.963508,0.953800,23,0.00004219,1,0.032334,0.025164,0.039504,0.968420,0.975157,0.961683,0.989617,0.987754,0.991479,0.003145,0.005693,0.012535,0.007667,0.000100,11,1,9,0,1
water_fire,prune,1370,10118.772,0.049543,0.959099,0.962702,0.955496,23,0.00004997,2,0.031417,0.025499,0.037335,0.969261,0.974822,0.963699,0.989210,0.987250,0.991170,0.003213,0.005318,0.013011,0.007873,0.000100,11,1,9,0,1
water_fire,prune,1380,10138.699,0.047790,0.960257,0.961281,0.959233,23,0.00006794,1,0.030229,0.026841,0.033617,0.970367,0.973527,0.967206,0.989281,0.987083,0.991479,0.003146,0.004852,0.013235,0.007821,0.000100,11,1,9,0,1
water_fire,prune,1390,10158.494,0.050807,0.958043,0.959830,0.956256,23,0.00002255,0,0.032495,0.027344,0.037645,0.968233,0.973018,0.963448,0.989165,0.986076,0.992254,0.003253,0.005496,0.014233,0.007204,0.000100,11,1,9,0,1
water_fire,prune,1400,10392.831,0.050294,0.957700,0.962884,0.952516,23,0.00001437,0,0.033373,0.026002,0.040744,0.967439,0.974355,0.960522,0.989623,0.987921,0.991325,0.003150,0.005848,0.012407,0.007474,0.000100,11,1,9,0,1
water_fire,prune,1410,10412.188,0.049202,0.958121,0.962733,0.953509,23,0.00002226,0,0.032999,0.026338,0.039659,0.967785,0.974037,0.961533,0.989707,0.988089,0.991325,0.003135,0.005701,0.011930,0.007378,0.000100,11,1,9,0,1
water_fire,prune,1420,10431.658,0.048766,0.959188,0.961614,0.956762,23,0.00001221,0,0.031243,0.027009,0.035476,0.969404,0.973380,0.965429,0.989145,0.987586,0.990705,0.003178,0.005162,0.012641,0.008174,0.000100,11,1,9,0,1
water_fire,prune,1430,10451.084,0.048947,0.959118,0.960595,0.957641,23,0.00002096,0,0.030507,0.026002,0.035012,0.970088,0.974295,0.965882,0.988371,0.985573,0.991170,0.003169,0.004978,0.014130,0.007653,0.000100,11,1,9,0,1
water_fire,prune,1440,10470.612,0.049722,0.958527,0.958571,0.958483,23,0.00001988,0,0.031068,0.028519,0.033617,0.969534,0.971887,0.967181,0.988307,0.985908,0.990705,0.003447,0.004826,0.014018,0.008122,0.000100,11,1,9,0,1
water_fire,prune,1450,10697.410,0.049716,0.959102,0.961111,0.957094,23,0.00002624,0,0.031462,0.026673,0.036251,0.969209,0.973680,0.964738,0.989268,0.986747,0.991789,0.003245,0.005192,0.013518,0.007951,0.000100,11,1,9,0,1
water_fire,prune,1460,10716.956,0.052033,0.955488,0.959713,0.951263,23,0.00001148,0,0.035561,0.028519,0.042603,0.965367,0.971919,0.958814,0.989436,0.987083,0.991789,0.003419,0.005908,0.012585,0.007915,0.000100,11,1,9,0,1
water_fire,prune,1470,10736.561,0.050737,0.957312,0.960445,0.954179,23,0.00002362,0,0.032146,0.026338,0.037955,0.968534,0.973976,0.963091,0.988068,0.985741,0.990395,0.003172,0.005260,0.014482,0.008148,0.000100,11,1,9,0,1
water_fire,prune,1480,10756.160,0.049295,0.959186,0.960150,0.958221,23,0.00006987,1,0.030862,0.027177,0.034547,0.969754,0.973183,0.966324,0.988784,0.986244,0.991325,0.003280,0.004966,0.013815,0.007919,0.000100,11,1,9,0,1
water_fire,prune,1490,10775.904,0.049766,0.958998,0.960771,0.957224,23,0.00002558,0,0.031062,0.026338,0.035786,0.969574,0.973985,0.965164,0.988778,0.986076,0.991479,0.003149,0.005217,0.014035,0.007780,0.000100,11,1,9,0,1
water_fire,prune,1500,11001.201,0.050006,0.957562,0.960458,0.954667,23,0.00003957,0,0.032779,0.026673,0.038885,0.967968,0.973662,0.962273,0.988933,0.986076,0.991789,0.003288,0.005270,0.014116,0.007182,0.000100,11,1,9,0,1
water_fire,prune,1510,11020.598,0.050654,0.958300,0.959830,0.956769,23,0.00003884,0,0.031488,0.027344,0.035631,0.969153,0.973018,0.965288,0.988468,0.986076,0.990860,0.003338,0.005111,0.014311,0.008147,0.000100,11,1,9,0,1
water_fire,prune,1520,11040.041,0.050217,0.958266,0.958741,0.957791,23,0.00004290,0,0.031849,0.028686,0.035012,0.968811,0.971736,0.965887,0.988784,0.986244,0.991325,0.003446,0.004998,0.014288,0.007697,0.000100,11,1,9,0,1
water_fire,prune,1530,11059.314,0.048848,0.959555,0.961262,0.957848,23,0.00006065,0,0.031372,0.026338,0.036406,0.969311,0.973998,0.964624,0.989649,0.986579,0.992719,0.003249,0.005228,0.013335,0.006985,0.000100,11,1,9,0,1
water_fire,prune,1540,11078.588,0.049349,0.959261,0.961708,0.956814,23,0.00003120,0,0.030940,0.025164,0.036716,0.969710,0.975112,0.964307,0.988926,0.985908,0.991944,0.003083,0.005247,0.014562,0.006925,0.000100,11,1,9,0,1
water_fire,prune,1550,11326.566,0.049566,0.959669,0.961866,0.957472,23,0.00004728,0,0.029771,0.024996,0.034547,0.970786,0.975274,0.966299,0.988229,0.985908,0.990550,0.003032,0.004989,0.014545,0.008408,0.000100,11,1,9,0,1
water_fire,prune,1560,11346.054,0.048301,0.960006,0.964251,0.955761,23,0.00003333,0,0.029772,0.022983,0.036561,0.970820,0.977231,0.964410,0.988558,0.986412,0.990705,0.002800,0.005077,0.013965,0.008167,0.000100,11,1,9,0,1
water_fire,prune,1570,11365.414,0.048221,0.960371,0.963753,0.956989,23,0.00004330,0,0.030075,0.022815,0.037335,0.970566,0.977379,0.963754,0.989230,0.985741,0.992719,0.002726,0.005213,0.014661,0.007126,0.000100,11,1,9,0,1
water_fire,prune,1580,11384.635,0.049795,0.957239,0.962388,0.952090,23,0.00004036,0,0.033521,0.025835,0.041208,0.967295,0.974499,0.960090,0.989288,0.987250,0.991325,0.003045,0.005494,0.013126,0.008014,0.000100,11,1,9,0,1
water_fire,prune,1590,11403.659,0.049376,0.959284,0.961885,0.956684,23,0.00003549,0,0.031340,0.025499,0.037180,0.969342,0.974801,0.963883,0.989333,0.986412,0.992254,0.003091,0.005340,0.013853,0.007258,0.000100,11,1,9,0,1
water_fire,prune,1600,11637.074,0.048837,0.960117,0.963115,0.957119,23,0.00004425,0,0.030094,0.023318,0.036871,0.970533,0.976887,0.964178,0.988991,0.985573,0.992409,0.002826,0.005175,0.014760,0.007465,0.000100,11,1,9,0,1
water_fire,prune,1610,11656.192,0.049131,0.958682,0.960582,0.956782,23,0.00002940,0,0.030804,0.025667,0.035941,0.969809,0.974610,0.965008,0.988204,0.985237,0.991170,0.002943,0.005060,0.014672,0.007882,0.000100,11,1,9,0,1
water_fire,prune,1620,11674.987,0.049700,0.959363,0.961683,0.957042,23,0.00004039,0,0.029752,0.024493,0.035012,0.970802,0.975743,0.965861,0.987894,0.985237,0.990550,0.002925,0.005099,0.014738,0.008354,0.000100,11,1,9,0,1
water_fire,prune,1630,11693.780,0.049886,0.958737,0.962459,0.955014,23,0.00003485,0,0.029940,0.023318,0.036561,0.970627,0.976872,0.964383,0.987416,0.984902,0.989930,0.002823,0.004971,0.015232,0.008994,0.000100,11,1,9,0,1
water_fire,prune,1640,11712.607,0.049882,0.958762,0.959627,0.957896,23,0.00003398,0,0.030133,0.026338,0.033927,0.970417,0.973955,0.966878,0.987648,0.984902,0.990395,0.003052,0.004923,0.015198,0.008299,0.000100,11,1,9,0,1
water_fire,prune,1650,11962.968,0.049682,0.958256,0.962156,0.954356,23,0.00002997,0,0.031282,0.023989,0.038575,0.969385,0.976230,0.962539,0.988204,0.985237,0.991170,0.002803,0.005194,0.014863,0.008326,0.000100,11,1,9,0,1
water_fire,prune,1660,11981.701,0.051361,0.958045,0.958149,0.957940,23,0.00003048,0,0.030591,0.026170,0.035012,0.969983,0.974073,0.965892,0.987352,0.983224,0.991479,0.003044,0.005064,0.017065,0.007547,0.000100,11,1,9,0,1
water_fire,prune,1670,12000.424,0.050863,0.958367,0.959614,0.957119,23,0.00002982,0,0.031436,0.026002,0.036871,0.969224,0.974270,0.964178,0.988488,0.984566,0.992409,0.003073,0.005209,0.015921,0.007447,0.000100,11,1,9,0,1
water_fire,prune,1680,12019.142,0.052625,0.957258,0.959117,0.955400,23,0.00003504,0,0.032205,0.025835,0.038575,0.968497,0.974414,0.962579,0.988075,0.983895,0.992254,0.003029,0.005667,0.016129,0.007532,0.000100,11,1,9,0,1
water_fire,base,1,2.337,1.378002,0.285997,0.264764,0.307229,20,0.00019481,0,0.195178,0.181681,0.208675,0.636428,0.632632,0.640224,0.342104,0.312867,0.371340,0.024462,0.030884,0.684096,0.625483,0.000000,0,0,0,0,0
water_fire,base,10,18.401,1.171304,0.373293,0.347120,0.399467,20,0.00007321,1,0.148803,0.135715,0.161890,0.742653,0.743906,0.741401,0.429183,0.394229,0.464136,0.017989,0.023888,0.601633,0.532252,0.000000,0,0,0,0,0
water_fire,base,20,35.807,0.966066,0.471386,0.448604,0.494169,20,0.00017088,2,0.126880,0.111391,0.142370,0.807990,0.817382,0.798597,0.531549,0.498574,0.564524,0.014720,0.020999,0.499052,0.431348,0.000000,0,0,0,0,0
water_fire,base,30,53.079,0.774105,0.566673,0.555249,0.578097,20,0.00040370,1,0.117350,0.093105,0.141596,0.845175,0.867002,0.823348,0.633449,0.606945,0.659954,0.012234,0.020889,0.389972,0.337339,0.000000,0,0,0,0,0
water_fire,base,40,70.127,0.611766,0.646663,0.650506,0.642819,20,0.00069826,1,0.124877,0.093441,0.156313,0.855065,0.883886,0.826244,0.727295,0.711290,0.743300,0.012245,0.022878,0.285915,0.252789,0.000000,0,0,0,0,0
water_fire,base,50,86.966,0.487849,0.708285,0.724824,0.691746,20,0.00083063,0,0.131796,0.096125,0.167467,0.860160,0.892070,0.828249,0.801044,0.794498,0.807591,0.012579,0.024415,0.203062,0.190368,0.000000,0,0,0,0,0
water_fire,base,60,103.656,0.406528,0.749803,0.779552,0.720053,20,0.00053485,1,0.125781,0.092770,0.158792,0.870956,0.901794,0.840119,0.843131,0.851870,0.834392,0.012005,0.023264,0.146712,0.163494,0.000000,0,0,0,0,0
water_fire,base,70,120.139,0.357509,0.774467,0.803063,0.745872,20,0.00074430,1,0.124721,0.095454,0.153989,0.875180,0.902116,0.848244,0.870223,0.879718,0.860728,0.012433,0.022687,0.119049,0.137127,0.000000,0,0,0,0,0
water_fire,base,80,136.737,0.319392,0.791773,0.818057,0.765489,20,0.00056077,0,0.127289,0.101829,0.152750,0.875467,0.898495,0.852439,0.891888,0.901359,0.882417,0.013135,0.022255,0.097132,0.115749,0.000000,0,0,0,0,0
water_fire,base,90,153.484,0.297713,0.802842,0.828132,0.777552,20,0.00038702,2,0.123810,0.101996,0.145624,0.879481,0.899471,0.859492,0.901690,0.912599,0.890782,0.013141,0.021131,0.085692,0.107710,0.000000,0,0,0,0,0
water_fire,base,100,170.347,0.278547,0.814081,0.842009,0.786152,20,0.00017987,3,0.117807,0.098977,0.136638,0.885371,0.903374,0.867368,0.909459,0.925348,0.893571,0.012871,0.019937,0.072862,0.105261,0.000000,0,0,0,0,0
water_fire,base,110,187.031,0.259802,0.824884,0.850429,0.799339,20,0.00013367,2,0.110327,0.095789,0.124864,0.892427,0.906791,0.878064,0.915519,0.931891,0.899148,0.012517,0.018104,0.066325,0.099759,0.000000,0,0,0,0,0
water_fire,base,120,203.618,0.239898,0.834745,0.857406,0.812084,20,0.00019330,1,0.105415,0.092937,0.117893,0.897417,0.909772,0.885063,0.922457,0.937091,0.907823,0.011894,0.016839,0.060981,0.090489,0.000000,0,0,0,0,0
water_fire,base,130,220.201,0.230790,0.841777,0.863790,0.819763,20,0.00007896,2,0.100917,0.088743,0.113091,0.901751,0.913773,0.889728,0.926459,0.940446,0.912471,0.011515,0.016215,0.059342,0.086110,0.000000,0,0,0,0,0
water_fire,base,140,236.932,0.219830,0.847569,0.867427,0.827712,20,0.00004071,3,0.097567,0.088240,0.106894,0.905016,0.914513,0.895518,0.930079,0.943969,0.916189,0.011352,0.015439,0.055098,0.081961,0.000000,0,0,0,0,0
water_fire,base,150,253.688,0.213794,0.851413,0.873359,0.829466,20,0.00008345,2,0.097258,0.086227,0.108288,0.905649,0.916680,0.894618,0.933977,0.948666,0.919287,0.011125,0.015746,0.050835,0.079165,0.000000,0,0,0,0,0
water_fire,base,160,270.310,0.210631,0.852744,0.875831,0.829657,20,0.00011858,2,0.097206,0.084885,0.109527,0.905829,0.917990,0.893668,0.935351,0.950176,0.920527,0.011002,0.015832,0.048983,0.077625,0.000000,0,0,0,0,0
water_fire,base,170,286.586,0.205191,0.857592,0.883139,0.832045,20,0.00012873,2,0.090882,0.079517,0.102246,0.911355,0.923014,0.899696,0.935241,0.953364,0.917119,0.010244,0.014984,0.046149,0.080828,0.000000,0,0,0,0,0
water_fire,base,180,302.853,0.201381,0.859761,0.887728,0.831794,20,0.00019511,2,0.091438,0.075826,0.107049,0.911150,0.926444,0.895855,0.937939,0.955041,0.920837,0.009835,0.015508,0.044643,0.077589,0.000000,0,0,0,0,0
water_fire,base,190,318.884,0.197846,0.862139,0.885790,0.838487,20,0.00027081,2,0.089378,0.076665,0.102091,0.913054,0.925594,0.900513,0.938894,0.953699,0.924090,0.009861,0.014847,0.045883,0.074900,0.000000,0,0,0,0,0
water_fire,base,200,335.036,0.197210,0.863328,0.888593,0.838062,20,0.00032276,3,0.087578,0.072136,0.103021,0.914670,0.929612,0.899729,0.938546,0.952693,0.924400,0.009401,0.015030,0.046845,0.074303,0.000000,0,0,0,0,0
water_fire,base,210,351.117,0.192021,0.866289,0.889463,0.843115,20,0.00044699,3,0.084764,0.071465,0.098064,0.917233,0.930244,0.904222,0.939411,0.953028,0.925794,0.009296,0.014103,0.046613,0.072799,0.000000,0,0,0,0,0
water_fire,base,220,367.106,0.183873,0.870848,0.891406,0.850290,20,0.00059792,2,0.084228,0.073645,0.094810,0.918058,0.928548,0.907567,0.943980,0.957054,0.930906,0.009507,0.013771,0.042664,0.068065,0.000000,0,0,0,0,0
water_fire,base,230,382.687,0.182067,0.871324,0.894044,0.848604,20,0.00054325,2,0.084642,0.070290,0.098993,0.917805,0.931569,0.904040,0.944748,0.956886,0.932610,0.009131,0.014347,0.042245,0.065718,0.000000,0,0,0,0,0
water_fire,base,240,398.467,0.177926,0.873477,0.897384,0.849570,20,0.00047439,1,0.084816,0.070793,0.098838,0.917822,0.931382,0.904262,0.947226,0.960913,0.933540,0.009098,0.014330,0.038387,0.065227,0.000000,0,0,0,0,0
water_fire,base,250,414.304,0.176279,0.874774,0.903297,0.846251,20,0.00049700,1,0.085972,0.068613,0.103331,0.916997,0.933636,0.900359,0.949485,0.965274,0.933695,0.008964,0.015043,0.034317,0.065136,0.000000,0,0,0,0,0
water_fire,base,260,429.935,0.173420,0.875591,0.902271,0.848911,20,0.00063382,0,0.086688,0.071129,0.102246,0.916470,0.931447,0.901493,0.951079,0.966449,0.935709,0.009195,0.014911,0.032593,0.063179,0.000000,0,0,0,0,0
water_fire,base,270,445.724,0.170557,0.877481,0.904033,0.850929,20,0.00060117,0,0.086926,0.073310,0.100542,0.916401,0.929754,0.903048,0.953395,0.970307,0.936483,0.009564,0.014673,0.029350,0.062742,0.000000,0,0,0,0,0
water_fire,base,280,461.266,0.170765,0.876812,0.904888,0.848736,20,0.00057347,0,0.088585,0.074149,0.103021,0.914993,0.929121,0.900865,0.954079,0.971985,0.936174,0.009688,0.015012,0.027613,0.062881,0.000000,0,0,0,0,0
water_fire,base,290,476.693,0.170245,0.877137,0.903211,0.851064,20,0.00051459,1,0.087894,0.076329,0.099458,0.915560,0.927200,0.903921,0.953931,0.972152,0.935709,0.009849,0.014639,0.027535,0.063276,0.000000,0,0,0,0,0
water_fire,base,300,492.026,0.168982,0.877181,0.904376,0.849986,20,0.00053597,0,0.089010,0.077168,0.100852,0.914652,0.926600,0.902705,0.954937,0.974165,0.935709,0.009902,0.014752,0.025434,0.063292,0.000000,0,0,0,0,0
water_fire,base,310,507.431,0.167056,0.878839,0.907615,0.850063,20,0.00053410,0,0.087687,0.074987,0.100387,0.915855,0.928628,0.903081,0.955537,0.975675,0.935399,0.009728,0.014693,0.023936,0.063582,0.000000,0,0,0,0,0
water_fire,base,320,522.787,0.166981,0.878269,0.906313,0.850225,20,0.00052611,0,0.088352,0.076162,0.100542,0.915272,0.927569,0.902975,0.955524,0.975340,0.935709,0.009765,0.014624,0.024346,0.063221,0.000000,0,0,0,0,0
water_fire,base,330,538.402,0.164769,0.880184,0.907685,0.852684,20,0.00050025,1,0.085403,0.073981,0.096824,0.917823,0.929463,0.906184,0.955040,0.974836,0.935244,0.009462,0.014165,0.024710,0.063469,0.000000,0,0,0,0,0
water_fire,base,340,553.905,0.164860,0.878954,0.906752,0.851157,20,0.00053409,0,0.086945,0.075826,0.098064,0.916458,0.927876,0.905041,0.955066,0.975507,0.934624,0.009605,0.014146,0.023918,0.063840,0.000000,0,0,0,0,0
water_fire,base,350,569.467,0.163475,0.880179,0.910014,0.850345,20,0.00049930,0,0.087100,0.073813,0.100387,0.916439,0.929769,0.903110,0.956447,0.977185,0.935709,0.009519,0.014447,0.022466,0.062921,0.000000,0,0,0,0,0
water_fire,base,360,584.678,0.161826,0.881889,0.911309,0.852468,20,0.00052774,0,0.085422,0.072471,0.098373,0.917947,0.930968,0.904926,0.956841,0.977353,0.936328,0.009327,0.014342,0.022391,0.062328,0.000000,0,0,0,0,0
water_fire,base,370,600.027,0.161415,0.881120,0.910639,0.851602,20,0.00048992,0,0.088107,0.073813,0.102401,0.915732,0.929813,0.901652,0.958332,0.977856,0.938807,0.009470,0.014807,0.021514,0.060347,0.000000,0,0,0,0,0
water_fire,base,380,615.002,0.161324,0.881683,0.910483,0.852883,20,0.00050343,0,0.087642,0.073813,0.101472,0.916159,0.929802,0.902515,0.958558,0.977688,0.939427,0.009515,0.014760,0.021903,0.059854,0.000000,0,0,0,0,0
water_fire,base,390,629.998,0.160345,0.883579,0.912751,0.854407,20,0.00052743,0,0.085597,0.070961,0.100232,0.917984,0.932320,0.903649,0.958784,0.977521,0.940046,0.009275,0.014765,0.022273,0.059320,0.000000,0,0,0,0,0
water_fire,base,400,645.184,0.159391,0.882629,0.911250,0.854008,20,0.00052876,0,0.087559,0.073645,0.101472,0.916313,0.929995,0.902631,0.959513,0.978359,0.940666,0.009379,0.014765,0.021183,0.058931,0.000000,0,0,0,0,0
water_fire,base,410,660.219,0.158643,0.882709,0.911971,0.853446,20,0.00051790,0,0.088146,0.074820,0.101472,0.915828,0.929083,0.902573,0.960126,0.980205,0.940046,0.009510,0.014825,0.019265,0.059260,0.000000,0,0,0,0,0
water_fire,base,420,675.323,0.158127,0.882141,0.912196,0.852086,20,0.00058324,0,0.089262,0.075658,0.102866,0.914875,0.928413,0.901337,0.960474,0.981211,0.939737,0.009678,0.015003,0.018068,0.058449,0.000000,0,0,0,0,0
water_fire,base,430,690.496,0.158110,0.882481,0.911090,0.853871,20,0.00060895,0,0.089023,0.075491,0.102556,0.915118,0.928469,0.901766,0.960655,0.979869,0.941441,0.009570,0.014814,0.019513,0.058156,0.000000,0,0,0,0,0
water_fire,base,440,705.915,0.157140,0.882487,0.910364,0.854609,20,0.00053522,1,0.089352,0.078007,0.100697,0.914834,0.926366,0.903303,0.961023,0.981379,0.940666,0.009856,0.014510,0.018417,0.058302,0.000000,0,0,0,0,0
water_fire,base,450,721.273,0.156980,0.883156,0.911201,0.855111,20,0.00056173,1,0.088533,0.076833,0.100232,0.915551,0.927382,0.903720,0.961016,0.981211,0.940821,0.009807,0.014580,0.018184,0.058251,0.000000,0,0,0,0,0
water_fire,base,460,736.634,0.153779,0.884577,0.910238,0.858915,20,0.00056803,2,0.087823,0.076497,0.099148,0.916272,0.927585,0.904960,0.961972,0.979869,0.944074,0.009817,0.014310,0.019041,0.054875,0.000000,0,0,0,0,0
water_fire,base,470,752.055,0.155206,0.883705,0.907309,0.860101,20,0.00038506,5,0.089145,0.078678,0.099613,0.915152,0.925591,0.904713,0.962237,0.978695,0.945778,0.010081,0.014436,0.020201,0.053885,0.000000,0,0,0,0,0
water_fire,base,480,767.363,0.153102,0.885721,0.911173,0.860268,20,0.00064479,1,0.087048,0.076497,0.097599,0.916987,0.927653,0.906320,0.962552,0.980876,0.944229,0.009987,0.014243,0.018508,0.054184,0.000000,0,0,0,0,0
water_fire,base,490,782.781,0.152659,0.886487,0.910920,0.862054,20,0.00071136,1,0.085144,0.075323,0.094965,0.918592,0.928594,0.908589,0.961727,0.979534,0.943919,0.009679,0.013839,0.020121,0.054872,0.000000,0,0,0,0,0
water_fire,base,500,798.200,0.151624,0.886386,0.910240,0.862532,20,0.00060465,3,0.085583,0.074652,0.096514,0.918248,0.929095,0.907402,0.961985,0.978192,0.945778,0.009658,0.013912,0.020766,0.052956,0.000000,0,0,0,0,0
water_fire,base,510,813.538,0.154956,0.883795,0.910067,0.857523,20,0.00057711,2,0.091450,0.078175,0.104725,0.913332,0.926207,0.900456,0.964269,0.981211,0.947328,0.009989,0.015288,0.018812,0.051804,0.000000,0,0,0,0,0
water_fire,base,520,828.822,0.155937,0.882738,0.909671,0.855804,20,0.00053842,1,0.092418,0.077168,0.107668,0.912500,0.926996,0.898004,0.963908,0.979869,0.947947,0.009895,0.015621,0.019702,0.051079,0.000000,0,0,0,0,0
water_fire,base,530,844.146,0.158346,0.881016,0.910067,0.851965,20,0.00057683,2,0.094781,0.078175,0.111387,0.910476,0.926207,0.894745,0.964037,0.981211,0.946863,0.010047,0.016130,0.018564,0.052219,0.000000,0,0,0,0,0
water_fire,base,540,859.513,0.159725,0.880564,0.911018,0.850111,20,0.00063748,2,0.095336,0.076497,0.114175,0.910033,0.927642,0.892424,0.963940,0.980708,0.947173,0.009933,0.016690,0.018941,0.051542,0.000000,0,0,0,0,0
water_fire,base,550,874.942,0.160210,0.880368,0.909431,0.851304,20,0.00064901,1,0.093387,0.076162,0.110612,0.911530,0.927799,0.895262,0.962082,0.978695,0.945469,0.009692,0.016068,0.021060,0.053408,0.000000,0,0,0,0,0
water_fire,base,560,890.640,0.161403,0.879951,0.909275,0.850628,20,0.00070605,1,0.093464,0.076162,0.110767,0.911428,0.927787,0.895069,0.961688,0.978527,0.944849,0.009782,0.016107,0.021495,0.053736,0.000000,0,0,0,0,0
water_fire,base,570,906.139,0.162376,0.880683,0.908028,0.853337,20,0.00073194,1,0.090521,0.076162,0.104880,0.913796,0.927695,0.899896,0.960010,0.977185,0.942835,0.009791,0.015495,0.022937,0.055770,0.000000,0,0,0,0,0
water_fire,base,580,921.467,0.157860,0.882414,0.908708,0.856120,20,0.00069163,2,0.089314,0.074987,0.103641,0.914930,0.928708,0.901152,0.960849,0.976850,0.944849,0.009632,0.014929,0.022684,0.053935,0.000000,0,0,0,0,0
water_fire,base,590,936.562,0.155275,0.884487,0.909899,0.859076,20,0.00072407,2,0.087732,0.076162,0.099303,0.916344,0.927833,0.904854,0.961791,0.979198,0.944384,0.009761,0.014276,0.021082,0.054737,0.000000,0,0,0,0,0
water_fire,base,600,951.435,0.156780,0.884253,0.912188,0.856319,20,0.00077723,0,0.087791,0.073645,0.101936,0.916283,0.930062,0.902504,0.961488,0.979366,0.943610,0.009494,0.014843,0.020889,0.055358,0.000000,0,0,0,0,0
water_fire,base,610,966.313,0.153176,0.886401,0.914451,0.858351,20,0.00082216,0,0.085893,0.072639,0.099148,0.917977,0.931051,0.904903,0.962165,0.980876,0.943455,0.009293,0.014363,0.019199,0.055734,0.000000,0,0,0,0,0
water_fire,base,620,981.423,0.152646,0.886606,0.911416,0.861796,20,0.00078417,2,0.084847,0.075658,0.094036,0.918832,0.928356,0.909308,0.961604,0.980372,0.942835,0.009696,0.013620,0.019511,0.056219,0.000000,0,0,0,0,0
water_fire,base,630,996.264,0.151592,0.887684,0.911080,0.864289,20,0.00085111,2,0.081820,0.073478,0.090163,0.921393,0.930121,0.912665,0.960120,0.978024,0.942215,0.009365,0.012991,0.021369,0.056979,0.000000,0,0,0,0,0
water_fire,base,640,1011.189,0.150784,0.888708,0.913023,0.864392,20,0.00087692,2,0.082085,0.074316,0.089853,0.921248,0.929571,0.912926,0.961468,0.980876,0.942060,0.009644,0.013080,0.019139,0.056822,0.000000,0,0,0,0,0
water_fire,base,650,1026.313,0.147315,0.891621,0.917163,0.866078,20,0.00090580,2,0.078329,0.069284,0.087374,0.924557,0.934015,0.915099,0.961229,0.980708,0.941751,0.008954,0.012716,0.019366,0.056933,0.000000,0,0,0,0,0
water_fire,base,660,1041.088,0.148721,0.890787,0.915297,0.866277,20,0.00085089,2,0.079652,0.071465,0.087839,0.923408,0.932079,0.914737,0.961539,0.980708,0.942370,0.009330,0.012780,0.019342,0.056803,0.000000,0,0,0,0,0
water_fire,base,670,1056.061,0.148910,0.889471,0.913091,0.865850,20,0.00084012,1,0.081497,0.075155,0.087839,0.921794,0.928889,0.914698,0.961810,0.981714,0.941905,0.009635,0.012880,0.017983,0.056757,0.000000,0,0,0,0,0
water_fire,base,680,1071.267,0.147426,0.891569,0.916405,0.866733,20,0.00085443,1,0.078264,0.069619,0.086909,0.924611,0.933685,0.915537,0.961133,0.980205,0.942060,0.009109,0.012614,0.019741,0.056509,0.000000,0,0,0,0,0
water_fire,base,690,1086.295,0.146232,0.891920,0.916680,0.867161,20,0.00084431,1,0.078013,0.069116,0.086909,0.924849,0.934122,0.915576,0.961281,0.980037,0.942525,0.008959,0.012519,0.019721,0.056191,0.000000,0,0,0,0,0
water_fire,base,700,1101.403,0.146297,0.891329,0.916693,0.865965,20,0.00082575,1,0.079026,0.069284,0.088768,0.923967,0.933983,0.913951,0.961520,0.980205,0.942835,0.008812,0.012832,0.019339,0.055995,0.000000,0,0,0,0,0
water_fire,base,710,1116.760,0.145171,0.892128,0.917124,0.867132,20,0.00085936,0,0.078310,0.068780,0.087839,0.924623,0.934431,0.914814,0.961752,0.980205,0.943300,0.008782,0.012711,0.019419,0.055239,0.000000,0,0,0,0,0
water_fire,base,720,1131.999,0.144547,0.893785,0.918936,0.868635,20,0.00083391,0,0.075948,0.065761,0.086135,0.926710,0.937079,0.916341,0.961410,0.979366,0.943455,0.008483,0.012532,0.020380,0.055522,0.000000,0,0,0,0,0
water_fire,base,730,1147.067,0.143617,0.894800,0.920650,0.868951,20,0.00082521,1,0.074309,0.063412,0.085205,0.928150,0.939170,0.917131,0.961010,0.979030,0.942990,0.008205,0.012401,0.020775,0.055733,0.000000,0,0,0,0,0
water_fire,base,740,1162.099,0.141880,0.895804,0.922663,0.868944,20,0.00086420,0,0.072347,0.060728,0.083966,0.929863,0.941575,0.918152,0.960300,0.978695,0.941905,0.007714,0.012130,0.020957,0.056638,0.000000,0,0,0,0,0
water_fire,base,750,1176.908,0.144286,0.894818,0.924660,0.864976,20,0.00082641,0,0.073787,0.059889,0.087684,0.928578,0.942410,0.914746,0.960429,0.980037,0.940821,0.007916,0.012642,0.019688,0.057755,0.000000,0,0,0,0,0
water_fire,base,760,1191.898,0.143138,0.894875,0.923587,0.866163,20,0.00085969,0,0.074741,0.062573,0.086909,0.927774,0.940061,0.915487,0.961410,0.981379,0.941441,0.008110,0.012555,0.018462,0.057250,0.000000,0,0,0,0,0
water_fire,base,770,1206.514,0.142895,0.894879,0.923965,0.865793,20,0.00085901,0,0.074303,0.061231,0.087374,0.928148,0.941224,0.915073,0.960990,0.980540,0.941441,0.007833,0.012554,0.019441,0.057112,0.000000,0,0,0,0,0
water_fire,base,780,1221.303,0.140590,0.897657,0.927382,0.867933,20,0.00083933,0,0.071547,0.058044,0.085050,0.930659,0.944149,0.917170,0.961481,0.981211,0.941751,0.007703,0.012207,0.019097,0.056825,0.000000,0,0,0,0,0
water_fire,base,790,1236.086,0.141798,0.896845,0.925844,0.867846,20,0.00083330,0,0.072115,0.058715,0.085515,0.930132,0.943485,0.916780,0.961133,0.980205,0.942060,0.007710,0.012336,0.019807,0.056916,0.000000,0,0,0,0,0
water_fire,base,800,1250.902,0.143307,0.895270,0.922980,0.867561,20,0.00081204,1,0.073122,0.060728,0.085515,0.929174,0.941594,0.916755,0.960390,0.979030,0.941751,0.007801,0.012275,0.021003,0.057293,0.000000,0,0,0,0,0
water_fire,base,810,1265.548,0.143010,0.895923,0.923722,0.868124,20,0.00082072,1,0.072166,0.060057,0.084276,0.930018,0.942211,0.917825,0.960242,0.979198,0.941286,0.007791,0.012116,0.021063,0.057572,0.000000,0,0,0,0,0
water_fire,base,820,1280.316,0.142413,0.895736,0.924111,0.867362,20,0.00086432,1,0.073057,0.061064,0.085050,0.929247,0.941375,0.917120,0.960836,0.980540,0.941131,0.007802,0.012299,0.019782,0.057378,0.000000,0,0,0,0,0
water_fire,base,830,1294.835,0.142795,0.896902,0.925222,0.868583,20,0.00088659,0,0.071114,0.058883,0.083346,0.930969,0.943305,0.918633,0.960339,0.979701,0.940976,0.007677,0.012264,0.020575,0.057632,0.000000,0,0,0,0,0
water_fire,base,840,1309.389,0.143494,0.894638,0.921764,0.867513,20,0.00085276,0,0.073844,0.061399,0.086290,0.928532,0.940949,0.916114,0.960365,0.978359,0.942370,0.007804,0.012360,0.021475,0.056646,0.000000,0,0,0,0,0
water_fire,base,850,1324.266,0.141621,0.896279,0.924418,0.868140,20,0.00098341,1,0.072735,0.058715,0.086754,0.929596,0.943402,0.915789,0.961075,0.978695,0.943455,0.007594,0.012392,0.021120,0.055528,0.000000,0,0,0,0,0
water_fire,base,860,1339.310,0.141360,0.896334,0.924747,0.867922,20,0.00097052,0,0.072509,0.058883,0.086135,0.929777,0.943277,0.916278,0.960939,0.979198,0.942680,0.007603,0.012377,0.020301,0.056089,0.000000,0,0,0,0,0
water_fire,base,870,1353.793,0.140755,0.896635,0.924917,0.868353,20,0.00096779,0,0.071431,0.059050,0.083811,0.930686,0.943143,0.918229,0.960332,0.979534,0.941131,0.007515,0.011983,0.020296,0.057353,0.000000,0,0,0,0,0
water_fire,base,880,1368.289,0.139062,0.898897,0.925274,0.872521,20,0.00098398,0,0.067649,0.057373,0.077924,0.934046,0.944606,0.923486,0.959435,0.978359,0.940511,0.007414,0.011250,0.021163,0.057930,0.000000,0,0,0,0,0
water_fire,base,890,1382.586,0.138140,0.900634,0.927331,0.873937,20,0.00101035,0,0.063983,0.052676,0.075290,0.937313,0.948802,0.925824,0.957958,0.976178,0.939737,0.006810,0.010856,0.023340,0.058701,0.000000,0,0,0,0,0
water_fire,base,900,1397.134,0.140309,0.897851,0.923932,0.871769,20,0.00095584,1,0.067610,0.056366,0.078854,0.934023,0.945401,0.922644,0.958261,0.976011,0.940511,0.007238,0.011189,0.023122,0.058323,0.000000,0,0,0,0,0
water_fire,base,910,1412.122,0.141322,0.896877,0.923784,0.869970,20,0.00086827,3,0.070256,0.058715,0.081797,0.931701,0.943366,0.920036,0.959577,0.978024,0.941131,0.007434,0.011632,0.021943,0.058141,0.000000,0,0,0,0,0
water_fire,base,920,1427.077,0.140720,0.897657,0.925955,0.869360,20,0.00094304,0,0.069766,0.058044,0.081487,0.932155,0.944067,0.920243,0.959951,0.979701,0.940201,0.007452,0.011723,0.020099,0.058823,0.000000,0,0,0,0,0
water_fire,base,930,1442.683,0.141986,0.896483,0.923320,0.869646,20,0.00095559,1,0.071275,0.061064,0.081487,0.930797,0.941328,0.920267,0.960106,0.979701,0.940511,0.007799,0.011715,0.020385,0.058576,0.000000,0,0,0,0,0
water_fire,base,940,1458.020,0.144521,0.894847,0.920745,0.868949,20,0.00092333,2,0.072108,0.062573,0.081642,0.929983,0.939887,0.920079,0.959125,0.978359,0.939892,0.008056,0.011769,0.021584,0.058975,0.000000,0,0,0,0,0
water_fire,base,950,1473.403,0.145673,0.894508,0.920392,0.868625,20,0.00089978,2,0.071701,0.062070,0.081332,0.930302,0.940294,0.920310,0.958396,0.977521,0.939272,0.008145,0.011725,0.022098,0.059580,0.000000,0,0,0,0,0
water_fire,base,960,1488.517,0.146596,0.892975,0.918242,0.867708,20,0.00085081,3,0.072895,0.064922,0.080868,0.929181,0.937741,0.920620,0.957867,0.977856,0.937878,0.008388,0.011700,0.021538,0.060332,0.000000,0,0,0,0,0
water_fire,base,970,1503.355,0.144254,0.893963,0.919647,0.868278,20,0.00088057,0,0.073973,0.064754,0.083191,0.928353,0.937972,0.918735,0.959855,0.979198,0.940511,0.008367,0.011933,0.020545,0.057855,0.000000,0,0,0,0,0
water_fire,base,980,1518.263,0.144647,0.894859,0.921522,0.868195,20,0.00107686,1,0.071869,0.062406,0.081332,0.930175,0.940077,0.920273,0.958919,0.979030,0.938807,0.008165,0.011641,0.020480,0.060180,0.000000,0,0,0,0,0
water_fire,base,990,1533.106,0.143500,0.895968,0.924209,0.867727,20,0.00109972,0,0.070624,0.060225,0.081022,0.931295,0.942097,0.920493,0.958951,0.979869,0.938033,0.007833,0.011744,0.020124,0.060159,0.000000,0,0,0,0,0
water_fire,base,1000,1548.214,0.143591,0.894959,0.923490,0.866429,20,0.00104350,1,0.072831,0.061231,0.084431,0.929372,0.941195,0.917549,0.959809,0.980037,0.939582,0.007884,0.012122,0.019761,0.058951,0.000000,0,0,0,0,0
water_fire,base,1010,1563.213,0.142789,0.896057,0.924207,0.867908,20,0.00113297,0,0.071869,0.062406,0.081332,0.930245,0.940241,0.920249,0.960190,0.981882,0.938497,0.008083,0.011767,0.018218,0.060157,0.000000,0,0,0,0,0
water_fire,base,1020,1578.212,0.142583,0.896410,0.924719,0.868100,20,0.00126114,0,0.070643,0.060728,0.080558,0.931305,0.941698,0.920913,0.959454,0.980876,0.938033,0.007941,0.011577,0.018917,0.060455,0.000000,0,0,0,0,0
water_fire,base,1030,1593.372,0.142061,0.896193,0.925146,0.867239,20,0.00105153,0,0.071469,0.060057,0.082881,0.930599,0.942295,0.918903,0.959912,0.980708,0.939117,0.007756,0.011912,0.019289,0.059068,0.000000,0,0,0,0,0
water_fire,base,1040,1608.962,0.145864,0.894962,0.923381,0.866542,20,0.00085143,2,0.070217,0.059722,0.080713,0.931565,0.942479,0.920652,0.957505,0.978527,0.936483,0.007756,0.011613,0.021748,0.062182,0.000000,0,0,0,0,0
water_fire,base,1050,1624.556,0.143368,0.895473,0.923698,0.867249,20,0.00078106,1,0.070759,0.059722,0.081797,0.931151,0.942497,0.919806,0.958525,0.978863,0.938187,0.007707,0.011771,0.020512,0.060267,0.000000,0,0,0,0,0
water_fire,base,1060,1640.023,0.142885,0.896261,0.927631,0.864892,20,0.00087466,0,0.069727,0.057037,0.082417,0.932058,0.945028,0.919087,0.958357,0.980540,0.936174,0.007208,0.011861,0.019568,0.062238,0.000000,0,0,0,0,0
water_fire,base,1070,1655.668,0.140950,0.898088,0.929242,0.866934,20,0.00077982,0,0.067714,0.055024,0.080403,0.933901,0.946857,0.920944,0.958505,0.980372,0.936638,0.007101,0.011576,0.019711,0.061587,0.000000,0,0,0,0,0
water_fire,base,1080,1670.801,0.140314,0.899375,0.930177,0.868572,20,0.00086104,0,0.065442,0.052340,0.078544,0.935943,0.949244,0.922643,0.957828,0.978863,0.936793,0.006777,0.011288,0.021078,0.061898,0.000000,0,0,0,0,0
water_fire,base,1090,1686.394,0.139606,0.899352,0.930584,0.868119,20,0.00084408,0,0.067197,0.053682,0.080713,0.934439,0.948094,0.920785,0.959364,0.980540,0.938187,0.006941,0.011609,0.019585,0.060678,0.000000,0,0,0,0,0
water_fire,base,1100,1701.737,0.139653,0.899613,0.930392,0.868834,20,0.00084419,0,0.065164,0.053179,0.077149,0.936182,0.948522,0.923842,0.957866,0.979869,0.935864,0.006884,0.011142,0.019718,0.062693,0.000000,0,0,0,0,0
water_fire,base,1110,1716.859,0.138890,0.900359,0.932452,0.868266,20,0.00090223,0,0.065700,0.053011,0.078389,0.935762,0.948776,0.922748,0.959105,0.981882,0.936328,0.006928,0.011278,0.018486,0.062307,0.000000,0,0,0,0,0
water_fire,base,1120,1732.266,0.141476,0.898228,0.929320,0.867135,20,0.00084824,0,0.068533,0.056199,0.080868,0.933209,0.945845,0.920572,0.959402,0.981547,0.937258,0.007373,0.011628,0.018617,0.061914,0.000000,0,0,0,0,0
water_fire,base,1130,1747.702,0.140422,0.898000,0.929161,0.866838,20,0.00083379,0,0.069075,0.056199,0.081952,0.932739,0.945837,0.919642,0.959628,0.981379,0.937878,0.007258,0.011723,0.018538,0.060914,0.000000,0,0,0,0,0
water_fire,base,1140,1763.025,0.139998,0.898820,0.930344,0.867297,20,0.00084712,0,0.067940,0.054857,0.081022,0.933759,0.947062,0.920456,0.959473,0.981379,0.937568,0.007170,0.011641,0.018452,0.061197,0.000000,0,0,0,0,0
water_fire,base,1150,1778.530,0.140155,0.899684,0.930671,0.868697,20,0.00079563,1,0.064274,0.050159,0.078389,0.936984,0.951184,0.922783,0.957073,0.977353,0.936793,0.006541,0.011165,0.022429,0.061855,0.000000,0,0,0,0,0
water_fire,base,1160,1794.085,0.138036,0.900071,0.928617,0.871525,20,0.00080167,1,0.065396,0.055192,0.075600,0.936024,0.946677,0.925371,0.958641,0.979869,0.937413,0.007099,0.010671,0.020289,0.061383,0.000000,0,0,0,0,0
water_fire,base,1170,1809.971,0.137888,0.901647,0.928458,0.874837,20,0.00082131,2,0.061743,0.052843,0.070643,0.939291,0.948714,0.929868,0.957079,0.977521,0.936638,0.006940,0.010008,0.022555,0.062220,0.000000,0,0,0,0,0
water_fire,base,1180,1825.788,0.139013,0.901152,0.925584,0.876720,20,0.00079297,1,0.062214,0.055024,0.069404,0.938867,0.946658,0.931077,0.957041,0.976514,0.937568,0.007202,0.009968,0.023394,0.061770,0.000000,0,0,0,0,0
water_fire,base,1190,1841.242,0.140109,0.898945,0.922979,0.874910,20,0.00072562,2,0.064905,0.058547,0.071263,0.936401,0.943463,0.929339,0.957138,0.977017,0.937258,0.007561,0.010119,0.022709,0.061683,0.000000,0,0,0,0,0
water_fire,base,1200,1857.171,0.139209,0.899327,0.924430,0.874225,20,0.00071082,1,0.066467,0.058883,0.074051,0.935080,0.943259,0.926900,0.958912,0.978863,0.938962,0.007681,0.010536,0.021229,0.060024,0.000000,0,0,0,0,0
water_fire,base,1210,1873.052,0.137871,0.900371,0.923844,0.876899,20,0.00071684,2,0.065253,0.059554,0.070953,0.936202,0.942649,0.929755,0.958990,0.978863,0.939117,0.007691,0.010153,0.021331,0.059927,0.000000,0,0,0,0,0
water_fire,base,1220,1888.801,0.136828,0.901275,0.925397,0.877152,20,0.00076227,2,0.063756,0.056870,0.070643,0.937544,0.945048,0.930040,0.958570,0.978024,0.939117,0.007402,0.009998,0.022084,0.059755,0.000000,0,0,0,0,0
water_fire,base,1230,1904.536,0.134465,0.902029,0.926043,0.878014,20,0.00072208,2,0.065080,0.057037,0.073122,0.936461,0.944939,0.927983,0.960539,0.978863,0.942215,0.007398,0.010338,0.021084,0.056816,0.000000,0,0,0,0,0
water_fire,base,1240,1920.306,0.133317,0.902899,0.925897,0.879902,20,0.00075004,1,0.063924,0.057205,0.070643,0.937515,0.944786,0.930243,0.960462,0.978863,0.942060,0.007553,0.010045,0.020520,0.056637,0.000000,0,0,0,0,0
water_fire,base,1250,1936.175,0.135552,0.900642,0.922579,0.878705,20,0.00066776,2,0.066654,0.061735,0.071572,0.935035,0.940712,0.929358,0.960565,0.979534,0.941596,0.008096,0.010083,0.020009,0.057370,0.000000,0,0,0,0,0
water_fire,base,1260,1951.877,0.132319,0.903810,0.927244,0.880377,20,0.00083657,0,0.062872,0.056031,0.069713,0.938476,0.945876,0.931077,0.960474,0.979198,0.941751,0.007325,0.009894,0.020527,0.056968,0.000000,0,0,0,0,0
water_fire,base,1270,1967.580,0.133935,0.903944,0.927255,0.880632,20,0.00097838,0,0.062801,0.056199,0.069404,0.938547,0.945731,0.931362,0.960558,0.979366,0.941751,0.007492,0.010064,0.020109,0.057723,0.000000,0,0,0,0,0
water_fire,base,1280,1983.343,0.133243,0.903349,0.927608,0.879091,20,0.00095353,0,0.063285,0.056702,0.069868,0.938083,0.945316,0.930849,0.960358,0.980205,0.940511,0.007401,0.009944,0.019578,0.058347,0.000000,0,0,0,0,0
water_fire,base,1290,1998.735,0.132768,0.902889,0.928085,0.877693,20,0.00048353,0,0.065311,0.059050,0.071572,0.936304,0.943326,0.929282,0.961700,0.982889,0.940511,0.007742,0.010198,0.017049,0.058332,0.000000,0,0,0,0,0
water_fire,base,1300,2014.480,0.133012,0.902038,0.926764,0.877312,20,0.00037719,1,0.066299,0.060560,0.072037,0.935408,0.941961,0.928856,0.961700,0.982889,0.940511,0.007844,0.010277,0.016788,0.058223,0.000000,0,0,0,0,0
water_fire,base,1310,2030.538,0.133551,0.901470,0.926459,0.876481,20,0.00044889,0,0.066538,0.060728,0.072347,0.935164,0.941801,0.928528,0.961306,0.982721,0.939892,0.007788,0.010287,0.017174,0.058568,0.000000,0,0,0,0,0
water_fire,base,1320,2046.666,0.132278,0.901987,0.927296,0.876679,20,0.00053371,0,0.067105,0.061399,0.072812,0.934713,0.941280,0.928146,0.962371,0.984231,0.940511,0.007908,0.010346,0.015472,0.058072,0.000000,0,0,0,0,0
water_fire,base,1330,2062.787,0.133989,0.901510,0.926775,0.876244,20,0.00051530,0,0.067390,0.060728,0.074051,0.934438,0.941819,0.927056,0.962094,0.983057,0.941131,0.007967,0.010538,0.017041,0.057417,0.000000,0,0,0,0,0
water_fire,base,1340,2078.870,0.137613,0.898044,0.921501,0.874587,20,0.00050199,1,0.071320,0.064251,0.078389,0.930888,0.938513,0.923264,0.961926,0.980708,0.943145,0.008281,0.011140,0.019019,0.055808,0.000000,0,0,0,0,0
water_fire,base,1350,2095.053,0.137194,0.898274,0.922785,0.873763,20,0.00041402,1,0.071172,0.062406,0.079938,0.931028,0.940154,0.921901,0.961991,0.980372,0.943610,0.008078,0.011288,0.019229,0.055424,0.000000,0,0,0,0,0
water_fire,base,1360,2110.945,0.136588,0.899783,0.925427,0.874138,20,0.00043407,0,0.068894,0.059554,0.078234,0.933050,0.942742,0.923357,0.961533,0.980540,0.942525,0.007894,0.011090,0.019298,0.056192,0.000000,0,0,0,0,0
water_fire,base,1370,2126.914,0.137142,0.898982,0.923989,0.873976,20,0.00046482,0,0.069823,0.061567,0.078079,0.932207,0.940940,0.923474,0.961546,0.980876,0.942215,0.008095,0.011132,0.018822,0.056285,0.000000,0,0,0,0,0
water_fire,base,1380,2143.219,0.136646,0.900425,0.923490,0.877360,20,0.00047052,1,0.068106,0.061231,0.074981,0.933775,0.941195,0.926354,0.961591,0.980037,0.943145,0.007966,0.010921,0.019958,0.055957,0.000000,0,0,0,0,0
water_fire,base,1390,2159.129,0.134218,0.901541,0.926999,0.876083,20,0.00055890,0,0.066021,0.059386,0.072657,0.935605,0.942977,0.928233,0.960893,0.982050,0.939737,0.007858,0.010223,0.018120,0.058256,0.000000,0,0,0,0,0
water_fire,base,1400,2174.517,0.132307,0.902333,0.926818,0.877848,20,0.00049893,0,0.066628,0.059050,0.074206,0.935151,0.943253,0.927048,0.962268,0.981547,0.942990,0.007683,0.010505,0.018100,0.055766,0.000000,0,0,0,0,0
water_fire,base,1410,2190.084,0.134421,0.901391,0.923454,0.879328,20,0.00054511,1,0.065066,0.060728,0.069404,0.936445,0.941622,0.931267,0.959945,0.979534,0.940356,0.007729,0.009901,0.019976,0.058438,0.000000,0,0,0,0,0
water_fire,base,1420,2205.470,0.133318,0.902134,0.925380,0.878889,20,0.00055918,0,0.064763,0.058883,0.070643,0.936741,0.943314,0.930168,0.960423,0.979869,0.940976,0.007557,0.010006,0.019717,0.057728,0.000000,0,0,0,0,0
water_fire,base,1430,2220.956,0.131031,0.904064,0.925451,0.882678,20,0.00046435,0,0.063407,0.059889,0.066925,0.938054,0.942456,0.933651,0.961313,0.980876,0.941751,0.007810,0.009511,0.018866,0.057081,0.000000,0,0,0,0,0
water_fire,base,1440,2236.947,0.131995,0.903225,0.926613,0.879838,20,0.00040122,0,0.063582,0.058379,0.068784,0.937828,0.943817,0.931839,0.960532,0.980708,0.940356,0.007505,0.009781,0.019034,0.058169,0.000000,0,0,0,0,0
water_fire,base,1450,2252.501,0.131489,0.903450,0.925170,0.881730,20,0.00038483,0,0.063969,0.060393,0.067545,0.937528,0.942010,0.933047,0.961165,0.981043,0.941286,0.007850,0.009520,0.018885,0.057436,0.000000,0,0,0,0,0
water_fire,base,1460,2267.997,0.129615,0.905036,0.927394,0.882678,20,0.00038374,0,0.062568,0.058212,0.066925,0.938828,0.944005,0.933651,0.961565,0.981379,0.941751,0.007581,0.009456,0.018365,0.057202,0.000000,0,0,0,0,0
water_fire,base,1470,2283.847,0.129273,0.905076,0.926431,0.883721,20,0.00038193,0,0.061942,0.058044,0.065840,0.939380,0.944094,0.934666,0.961055,0.980205,0.941905,0.007531,0.009264,0.019507,0.056655,0.000000,0,0,0,0,0
water_fire,base,1480,2299.552,0.129496,0.904317,0.925281,0.883353,20,0.00039115,0,0.063091,0.059722,0.066460,0.938346,0.942590,0.934101,0.961300,0.980540,0.942060,0.007766,0.009202,0.019281,0.056430,0.000000,0,0,0,0,0
water_fire,base,1490,2315.232,0.129208,0.904860,0.926049,0.883670,20,0.00042194,0,0.062381,0.059386,0.065376,0.938994,0.942922,0.935067,0.961242,0.981043,0.941441,0.007614,0.009233,0.018978,0.056868,0.000000,0,0,0,0,0
water_fire,base,1500,2330.884,0.130725,0.903570,0.926254,0.880887,20,0.00040904,0,0.064575,0.060057,0.069094,0.937004,0.942360,0.931648,0.961816,0.981882,0.941751,0.007871,0.009717,0.018029,0.056554,0.000000,0,0,0,0,0
water_fire,base,1510,2346.509,0.130463,0.903003,0.925229,0.880776,20,0.00043767,0,0.065317,0.061231,0.069404,0.936336,0.941299,0.931373,0.961894,0.981882,0.941905,0.007882,0.009667,0.017989,0.056434,0.000000,0,0,0,0,0
water_fire,base,1520,2362.161,0.128818,0.905183,0.928730,0.881636,20,0.00042884,0,0.062439,0.056870,0.068009,0.938936,0.945234,0.932638,0.961571,0.981547,0.941596,0.007478,0.009513,0.018196,0.056639,0.000000,0,0,0,0,0
water_fire,base,1530,2377.757,0.129682,0.903849,0.926852,0.880846,20,0.00042505,0,0.064789,0.059554,0.070023,0.936835,0.942825,0.930845,0.962288,0.982050,0.942525,0.007805,0.009775,0.017662,0.055776,0.000000,0,0,0,0,0
water_fire,base,1540,2393.463,0.128840,0.904743,0.927440,0.882046,20,0.00042162,0,0.063988,0.058883,0.069094,0.937582,0.943433,0.931731,0.962520,0.982050,0.942990,0.007751,0.009602,0.017957,0.055458,0.000000,0,0,0,0,0
water_fire,base,1550,2409.184,0.128474,0.904731,0.926999,0.882464,20,0.00040265,0,0.064162,0.059386,0.068939,0.937436,0.942977,0.931895,0.962675,0.982050,0.943300,0.007713,0.009617,0.017986,0.055129,0.000000,0,0,0,0,0
water_fire,base,1560,2425.033,0.128059,0.904745,0.926694,0.882797,20,0.00040776,0,0.063782,0.059554,0.068009,0.937768,0.942816,0.932720,0.962359,0.981882,0.942835,0.007732,0.009383,0.018000,0.055512,0.000000,0,0,0,0,0
water_fire,base,1570,2440.716,0.128395,0.905370,0.926706,0.884035,20,0.00041623,0,0.063556,0.059722,0.067390,0.938008,0.942673,0.933344,0.962830,0.982050,0.943610,0.007850,0.009476,0.018094,0.054941,0.000000,0,0,0,0,0
water_fire,base,1580,2456.418,0.129434,0.904542,0.923843,0.885241,20,0.00044611,0,0.064097,0.061735,0.066460,0.937511,0.940788,0.934233,0.962475,0.980876,0.944074,0.008034,0.009436,0.018872,0.054717,0.000000,0,0,0,0,0
water_fire,base,1590,2471.974,0.128696,0.904736,0.924889,0.884582,20,0.00043829,0,0.063988,0.060896,0.067080,0.937607,0.941565,0.933650,0.962565,0.981211,0.943919,0.007856,0.009513,0.018527,0.054654,0.000000,0,0,0,0,0
water_fire,base,1600,2487.660,0.127612,0.905929,0.928549,0.883309,20,0.00040603,0,0.061962,0.056534,0.067390,0.939403,0.945513,0.933292,0.961939,0.981043,0.942835,0.007389,0.009287,0.018872,0.055900,0.000000,0,0,0,0,0
water_fire,base,1610,2503.358,0.128604,0.905287,0.927281,0.883292,20,0.00042476,0,0.063059,0.058883,0.067235,0.938424,0.943424,0.933425,0.962281,0.981882,0.942680,0.007712,0.009433,0.018010,0.055971,0.000000,0,0,0,0,0
water_fire,base,1620,2519.190,0.128585,0.905349,0.926953,0.883745,20,0.00044509,0,0.063052,0.058715,0.067390,0.938436,0.943548,0.933323,0.962339,0.981379,0.943300,0.007647,0.009461,0.018620,0.055472,0.000000,0,0,0,0,0
water_fire,base,1630,2534.821,0.128531,0.905889,0.925527,0.886251,20,0.00045280,0,0.061193,0.058715,0.063672,0.940098,0.943466,0.936730,0.961275,0.979869,0.942680,0.007661,0.009021,0.019645,0.056086,0.000000,0,0,0,0,0
water_fire,base,1640,2550.514,0.130478,0.903378,0.924463,0.882293,20,0.00043493,0,0.064478,0.061567,0.067390,0.937095,0.940968,0.933221,0.961565,0.981379,0.941751,0.008068,0.009312,0.018701,0.056414,0.000000,0,0,0,0,0
water_fire,base,1650,2566.247,0.130190,0.904262,0.924719,0.883805,20,0.00044708,0,0.063672,0.060728,0.066615,0.937848,0.941698,0.933998,0.961778,0.980876,0.942680,0.007914,0.009386,0.019176,0.055933,0.000000,0,0,0,0,0
water_fire,base,1660,2581.924,0.129621,0.904235,0.924391,0.884079,20,0.00044991,0,0.063510,0.060560,0.066460,0.937987,0.941821,0.934152,0.961604,0.980372,0.942835,0.007837,0.009215,0.019500,0.055964,0.000000,0,0,0,0,0
water_fire,base,1670,2597.619,0.129284,0.904591,0.925891,0.883292,20,0.00043119,0,0.063310,0.059386,0.067235,0.938169,0.942912,0.933425,0.961778,0.980876,0.942680,0.007673,0.009394,0.018992,0.056055,0.000000,0,0,0,0,0
water_fire,base,1680,2613.389,0.128826,0.905079,0.925744,0.884414,20,0.00041721,0,0.062542,0.059554,0.065531,0.938872,0.942760,0.934983,0.961623,0.980876,0.942370,0.007736,0.009217,0.019067,0.055936,0.000000,0,0,0,0,0
water_fire,base,1690,2629.086,0.129416,0.904910,0.924842,0.884979,20,0.00042223,0,0.062800,0.060225,0.065376,0.938645,0.942134,0.935157,0.961688,0.980540,0.942835,0.007827,0.009285,0.019197,0.055822,0.000000,0,0,0,0,0
water_fire,base,1700,2644.601,0.128917,0.904326,0.925036,0.883616,20,0.00044889,0,0.064136,0.060728,0.067545,0.937448,0.941716,0.933180,0.962255,0.981211,0.943300,0.007736,0.009518,0.018643,0.055236,0.000000,0,0,0,0,0
water_fire,base,1710,2659.868,0.128387,0.905760,0.925914,0.885606,20,0.00044612,0,0.062084,0.059722,0.064446,0.939318,0.942627,0.936010,0.961946,0.981211,0.942680,0.007813,0.009059,0.018689,0.056131,0.000000,0,0,0,0,0
water_fire,base,1720,2675.479,0.126238,0.907757,0.928050,0.887464,20,0.00043548,0,0.059470,0.056199,0.062742,0.941700,0.945775,0.937625,0.961675,0.980205,0.943145,0.007358,0.008829,0.019579,0.055599,0.000000,0,0,0,0,0
water_fire,base,1730,2691.145,0.126657,0.906916,0.927789,0.886043,20,0.00043676,0,0.060742,0.057037,0.064446,0.940538,0.945037,0.936039,0.961926,0.980708,0.943145,0.007395,0.009068,0.019066,0.055473,0.000000,0,0,0,0,0
water_fire,base,1740,2706.815,0.126445,0.907036,0.927529,0.886542,20,0.00043174,0,0.060774,0.057876,0.063672,0.940525,0.944301,0.936750,0.962101,0.981211,0.942990,0.007541,0.008922,0.018496,0.055811,0.000000,0,0,0,0,0
water_fire,base,1750,2722.600,0.126826,0.906254,0.926207,0.886301,20,0.00042690,0,0.061761,0.059386,0.064136,0.939629,0.942931,0.936327,0.962178,0.981211,0.943145,0.007631,0.008967,0.018573,0.055622,0.000000,0,0,0,0,0
water_fire,base,1760,2738.241,0.127018,0.906236,0.926026,0.886446,20,0.00046399,0,0.061593,0.059050,0.064136,0.939772,0.943207,0.936337,0.962004,0.980708,0.943300,0.007589,0.009035,0.019091,0.055181,0.000000,0,0,0,0,0
water_fire,base,1770,2753.897,0.127438,0.906859,0.926771,0.886946,20,0.00043086,0,0.060871,0.058379,0.063362,0.940437,0.943826,0.937048,0.962010,0.980876,0.943145,0.007615,0.009028,0.019204,0.055488,0.000000,0,0,0,0,0
water_fire,base,1780,2769.534,0.126924,0.906753,0.927302,0.886205,20,0.00044898,0,0.060735,0.056870,0.064601,0.940535,0.945155,0.935915,0.961746,0.980037,0.943455,0.007368,0.009169,0.019580,0.054950,0.000000,0,0,0,0,0
water_fire,base,1790,2785.227,0.127461,0.905745,0.925867,0.885623,20,0.00047132,0,0.061826,0.059050,0.064601,0.939537,0.943198,0.935876,0.961688,0.980540,0.942835,0.007580,0.009026,0.019201,0.055633,0.000000,0,0,0,0,0
water_fire,base,1800,2800.893,0.126138,0.907506,0.927518,0.887495,20,0.00044383,0,0.059683,0.057708,0.061658,0.941512,0.944444,0.938580,0.961629,0.981043,0.942215,0.007451,0.008784,0.018645,0.056222,0.000000,0,0,0,0,0
water_fire,base,1810,2816.665,0.125344,0.908012,0.929320,0.886705,20,0.00041879,0,0.060013,0.056199,0.063826,0.941235,0.945845,0.936625,0.962423,0.981547,0.943300,0.007364,0.008925,0.018395,0.055396,0.000000,0,0,0,0,0
water_fire,base,1820,2832.346,0.125999,0.907860,0.927982,0.887739,20,0.00044908,0,0.060064,0.057541,0.062587,0.941197,0.944615,0.937779,0.962339,0.981379,0.943300,0.007470,0.008893,0.018727,0.055469,0.000000,0,0,0,0,0
water_fire,base,1830,2848.020,0.127510,0.905958,0.925099,0.886817,20,0.00044917,0,0.061451,0.059386,0.063517,0.939885,0.942866,0.936904,0.961591,0.980037,0.943145,0.007794,0.008868,0.019417,0.055263,0.000000,0,0,0,0,0
water_fire,base,1840,2863.640,0.127181,0.907014,0.927518,0.886509,20,0.00043789,0,0.060535,0.057708,0.063362,0.940732,0.944444,0.937019,0.961862,0.981043,0.942680,0.007644,0.008913,0.019011,0.055736,0.000000,0,0,0,0,0
water_fire,base,1850,2879.326,0.128079,0.905659,0.924743,0.886575,20,0.00048570,0,0.062522,0.061064,0.063981,0.938947,0.941413,0.936481,0.962255,0.981211,0.943300,0.007959,0.009045,0.018493,0.055424,0.000000,0,0,0,0,0
water_fire,base,1860,2894.959,0.128830,0.904878,0.923989,0.885768,20,0.00044539,0,0.063084,0.061567,0.064601,0.938413,0.940940,0.935886,0.961933,0.980876,0.942990,0.008020,0.009014,0.018848,0.055813,0.000000,0,0,0,0,0
water_fire,base,1870,2910.720,0.127722,0.905784,0.925463,0.886105,20,0.00043246,0,0.061864,0.060057,0.063672,0.939517,0.942314,0.936721,0.961784,0.981043,0.942525,0.007876,0.008865,0.018704,0.055909,0.000000,0,0,0,0,0
water_fire,base,1880,2926.365,0.127266,0.906394,0.925503,0.887285,20,0.00044731,0,0.060406,0.058379,0.062432,0.940819,0.943753,0.937885,0.961107,0.979534,0.942680,0.007419,0.008763,0.020433,0.055896,0.000000,0,0,0,0,0
water_fire,base,1890,2941.946,0.126809,0.907154,0.928640,0.885669,20,0.00044272,0,0.059600,0.055528,0.063672,0.941540,0.946388,0.936691,0.961133,0.980205,0.942060,0.007203,0.008870,0.019892,0.056369,0.000000,0,0,0,0,0
water_fire,base,1900,2957.631,0.126936,0.906936,0.926620,0.887252,20,0.00043587,0,0.059161,0.056199,0.062122,0.941926,0.945696,0.938155,0.960533,0.978695,0.942370,0.007239,0.008647,0.021288,0.055870,0.000000,0,0,0,0,0
water_fire,base,1910,2973.307,0.126395,0.908095,0.926992,0.889197,20,0.00045979,0,0.057244,0.054689,0.059799,0.943679,0.947026,0.940331,0.960029,0.977688,0.942370,0.007073,0.008331,0.022152,0.056310,0.000000,0,0,0,0,0
water_fire,base,1920,2989.048,0.125707,0.907625,0.928741,0.886509,20,0.00044668,0,0.060200,0.057037,0.063362,0.941055,0.945090,0.937019,0.962197,0.981714,0.942680,0.007373,0.008884,0.018151,0.056146,0.000000,0,0,0,0,0
water_fire,base,1930,3005.008,0.128292,0.905193,0.927247,0.883140,20,0.00041509,1,0.062110,0.058379,0.065840,0.939239,0.943853,0.934625,0.961332,0.981379,0.941286,0.007569,0.009236,0.018433,0.056570,0.000000,0,0,0,0,0
water_fire,base,1940,3020.840,0.128964,0.905391,0.927224,0.883559,20,0.00043293,1,0.061865,0.058044,0.065686,0.939464,0.944139,0.934789,0.961320,0.981043,0.941596,0.007535,0.009268,0.019066,0.056679,0.000000,0,0,0,0,0
water_fire,base,1950,3036.847,0.128901,0.904899,0.925598,0.884201,20,0.00042561,1,0.062316,0.059722,0.064911,0.939059,0.942608,0.935509,0.961236,0.980876,0.941596,0.007707,0.009070,0.019408,0.056376,0.000000,0,0,0,0,0
water_fire,base,1960,3052.565,0.130635,0.904051,0.925158,0.882943,20,0.00035776,0,0.062800,0.060225,0.065376,0.938585,0.942153,0.935017,0.960771,0.980876,0.940666,0.007921,0.009130,0.019141,0.057528,0.000000,0,0,0,0,0
water_fire,base,1970,3068.602,0.129717,0.905393,0.927224,0.883562,20,0.00039274,1,0.060548,0.058044,0.063052,0.940617,0.944139,0.937094,0.960158,0.981043,0.939272,0.007517,0.008927,0.019217,0.058830,0.000000,0,0,0,0,0
water_fire,base,1980,3084.687,0.128520,0.905467,0.925685,0.885248,20,0.00041598,1,0.061271,0.058715,0.063826,0.940001,0.943475,0.936527,0.960894,0.980037,0.941751,0.007589,0.008928,0.019710,0.056699,0.000000,0,0,0,0,0
water_fire,base,1990,3100.689,0.129266,0.904519,0.925820,0.883217,20,0.00035884,1,0.061800,0.058379,0.065221,0.939471,0.943771,0.935171,0.960345,0.979869,0.940821,0.007437,0.008969,0.020247,0.057480,0.000000,0,0,0,0,0
water_fire,base,2000,3116.552,0.130049,0.904026,0.923527,0.884526,20,0.00041901,2,0.063478,0.061735,0.065221,0.938015,0.940769,0.935261,0.961378,0.980540,0.942215,0.007858,0.009214,0.019488,0.056394,0.000000,0,0,0,0,0
water_fire,base,2010,3132.362,0.129652,0.903566,0.923661,0.883471,20,0.00042432,2,0.064472,0.061399,0.067545,0.937116,0.941063,0.933170,0.961759,0.980372,0.943145,0.007730,0.009477,0.019165,0.055735,0.000000,0,0,0,0,0
water_fire,base,2020,3148.190,0.131827,0.903279,0.923162,0.883396,20,0.00036198,1,0.063297,0.061064,0.065531,0.938116,0.941319,0.934913,0.960410,0.979534,0.941286,0.007868,0.009206,0.020662,0.057234,0.000000,0,0,0,0,0
water_fire,base,2030,3164.098,0.131287,0.904489,0.924810,0.884168,20,0.00035207,1,0.061071,0.057541,0.064601,0.940106,0.944435,0.935777,0.959655,0.978024,0.941286,0.007533,0.009253,0.021615,0.056841,0.000000,0,0,0,0,0
water_fire,base,2040,3180.018,0.131936,0.901978,0.924743,0.879213,20,0.00033335,1,0.066008,0.061064,0.070953,0.935670,0.941413,0.929927,0.961403,0.981211,0.941596,0.007899,0.009812,0.018691,0.056800,0.000000,0,0,0,0,0
water_fire,base,2050,3195.745,0.133387,0.902371,0.927198,0.877545,20,0.00029295,1,0.064086,0.055360,0.072812,0.937333,0.946455,0.928211,0.959984,0.978527,0.941441,0.007227,0.010324,0.020655,0.057121,0.000000,0,0,0,0,0
water_fire,base,2060,3211.326,0.129728,0.904073,0.926473,0.881672,20,0.00032629,0,0.063660,0.056366,0.070953,0.937826,0.945543,0.930108,0.961462,0.978695,0.944229,0.007097,0.009933,0.021077,0.054692,0.000000,0,0,0,0,0
water_fire,base,2070,3226.646,0.128416,0.906394,0.929299,0.883488,20,0.00032307,0,0.060607,0.053515,0.067699,0.940605,0.948172,0.933037,0.961165,0.979030,0.943300,0.006962,0.009581,0.020615,0.055646,0.000000,0,0,0,0,0
water_fire,base,2080,3242.359,0.132828,0.902757,0.925967,0.879548,20,0.00029364,1,0.063498,0.058212,0.068784,0.937871,0.943924,0.931818,0.959958,0.979869,0.940046,0.007537,0.009727,0.020155,0.058147,0.000000,0,0,0,0,0
water_fire,base,2090,3258.049,0.129516,0.904668,0.926992,0.882344,20,0.00034773,0,0.061272,0.054689,0.067854,0.939924,0.947026,0.932822,0.959952,0.977688,0.942215,0.007039,0.009368,0.021706,0.056301,0.000000,0,0,0,0,0
water_fire,base,2100,3273.930,0.130035,0.905332,0.928173,0.882490,20,0.00029858,1,0.059284,0.053347,0.065221,0.941690,0.948259,0.935121,0.958867,0.977688,0.940046,0.006791,0.009279,0.022209,0.057760,0.000000,0,0,0,0,0
water_fire,base,2110,3289.497,0.130936,0.905508,0.928902,0.882114,20,0.00030338,0,0.059710,0.052340,0.067080,0.941327,0.949177,0.933477,0.959403,0.977521,0.941286,0.006854,0.009662,0.021900,0.057286,0.000000,0,0,0,0,0
cat_face_bass,hinge2,1,1.525,1.742947,0.158133,0.190908,0.125358,20,0.00019250,0,0.163478,0.113545,0.213410,0.533994,0.651840,0.416147,0.182348,0.212585,0.152110,0.028211,0.048291,0.784822,0.845628,0.000000,0,0,0,0,0
cat_face_bass,hinge2,10,11.781,1.586278,0.208772,0.243271,0.174274,20,0.00001569,1,0.125622,0.088936,0.162309,0.651908,0.748657,0.555159,0.233733,0.264906,0.202560,0.022014,0.036704,0.732020,0.795627,0.000000,0,0,0,0,0
cat_face_bass,hinge2,20,22.834,1.433843,0.272565,0.303484,0.241646,20,0.00000191,1,0.106655,0.076931,0.136378,0.738814,0.809465,0.668163,0.300716,0.326831,0.274601,0.018979,0.030770,0.670873,0.723289,0.000000,0,0,0,0,0
cat_face_bass,hinge2,30,33.407,1.295866,0.338596,0.365317,0.311875,20,0.00000000,0,0.103124,0.077031,0.129218,0.783925,0.836275,0.731575,0.372816,0.393457,0.352175,0.018755,0.028806,0.603334,0.646273,0.000000,0,0,0,0,0
cat_face_bass,hinge2,40,43.976,1.159843,0.406015,0.432372,0.379657,20,0.00000000,0,0.098255,0.075430,0.121081,0.819475,0.860422,0.778527,0.445306,0.464986,0.425627,0.018696,0.027217,0.532012,0.573047,0.000000,0,0,0,0,0
cat_face_bass,hinge2,50,196.235,1.013263,0.478037,0.504420,0.451654,23,0.00000000,0,0.095230,0.075130,0.115330,0.846013,0.878321,0.813705,0.523030,0.542317,0.503743,0.018371,0.025780,0.454695,0.494548,0.000000,3,0,0,0,0
cat_face_bass,hinge2,60,208.546,0.864888,0.551482,0.569885,0.533079,23,0.00006473,0,0.091467,0.074330,0.108604,0.868248,0.891738,0.844758,0.601609,0.612245,0.590973,0.018108,0.024148,0.384822,0.407090,0.000000,3,0,0,0,0
cat_face_bass,hinge2,70,220.800,0.752011,0.609245,0.612822,0.605667,23,0.00018295,0,0.090488,0.078231,0.102745,0.880407,0.894138,0.866676,0.664330,0.660764,0.667896,0.019150,0.022934,0.336561,0.330528,0.000000,3,0,0,0,0
cat_face_bass,hinge2,80,232.991,0.660409,0.655570,0.644176,0.666965,23,0.00066436,0,0.088081,0.083834,0.092329,0.890160,0.892798,0.887523,0.713362,0.698179,0.728545,0.020443,0.020501,0.299809,0.269687,0.000000,3,0,0,0,0
cat_face_bass,hinge2,90,245.313,0.584157,0.694018,0.664581,0.723456,23,0.00097074,1,0.083602,0.087135,0.080069,0.899715,0.892376,0.907053,0.751936,0.722489,0.781382,0.021226,0.017711,0.275617,0.216942,0.000000,3,0,0,0,0
cat_face_bass,hinge2,100,406.924,0.522180,0.726261,0.683182,0.769340,24,0.00109366,1,0.082328,0.090336,0.074319,0.904672,0.891843,0.917500,0.785707,0.744898,0.826516,0.021905,0.016561,0.253323,0.172165,0.000000,6,0,2,0,0
cat_face_bass,hinge2,110,419.594,0.482328,0.745335,0.695023,0.795648,24,0.00119896,2,0.078683,0.085434,0.071932,0.910246,0.898273,0.922220,0.803641,0.754402,0.852881,0.020653,0.015947,0.243964,0.144625,0.000000,6,0,2,0,0
cat_face_bass,hinge2,120,432.291,0.454886,0.759502,0.707688,0.811315,24,0.00136554,4,0.077661,0.085234,0.070088,0.912703,0.900106,0.925301,0.818093,0.768007,0.868178,0.020500,0.015502,0.229951,0.130409,0.000000,6,0,2,0,0
cat_face_bass,hinge2,130,445.184,0.426309,0.774238,0.722654,0.825822,24,0.00195051,2,0.073716,0.081032,0.066399,0.917955,0.906022,0.929889,0.830934,0.781212,0.880655,0.019552,0.014807,0.217051,0.117676,0.000000,6,0,2,0,0
cat_face_bass,hinge2,140,458.050,0.404549,0.785143,0.736783,0.833503,24,0.00232511,3,0.072053,0.076731,0.067376,0.920704,0.911809,0.929600,0.841489,0.793317,0.889660,0.018695,0.014578,0.205251,0.109349,0.000000,6,0,2,0,0
cat_face_bass,hinge2,150,633.032,0.384034,0.795566,0.756395,0.834737,26,0.00260987,2,0.072484,0.075530,0.069437,0.921437,0.915044,0.927830,0.853112,0.813525,0.892698,0.018265,0.015151,0.184828,0.106182,0.000000,9,0,3,0,0
cat_face_bass,hinge2,160,647.005,0.376330,0.799665,0.764316,0.835014,26,0.00270281,3,0.068972,0.072629,0.065314,0.925109,0.918619,0.931599,0.854690,0.819828,0.889552,0.017694,0.014455,0.178842,0.108604,0.000000,9,0,3,0,0
cat_face_bass,hinge2,170,660.750,0.371321,0.801713,0.766442,0.836984,26,0.00274647,3,0.066354,0.067827,0.064880,0.927807,0.923468,0.932146,0.854858,0.818427,0.891288,0.016428,0.014337,0.180126,0.107257,0.000000,9,0,3,0,0
cat_face_bass,hinge2,180,674.321,0.361922,0.806598,0.778946,0.834250,26,0.00249040,3,0.065483,0.065326,0.065640,0.929132,0.927023,0.931242,0.859421,0.829832,0.889009,0.015909,0.014430,0.169300,0.109540,0.000000,9,0,3,0,0
cat_face_bass,hinge2,190,688.220,0.348201,0.813149,0.789013,0.837285,26,0.00247591,3,0.062521,0.063525,0.061517,0.932445,0.929624,0.935267,0.863964,0.839136,0.888792,0.015319,0.013665,0.159253,0.109776,0.000000,9,0,3,0,0
cat_face_bass,hinge2,200,889.248,0.322503,0.827182,0.808068,0.846295,29,0.00239321,4,0.062725,0.063826,0.061625,0.933349,0.930885,0.935812,0.879046,0.859644,0.898449,0.015590,0.013502,0.139290,0.100817,0.000000,12,0,3,0,0
cat_face_bass,hinge2,210,905.045,0.289670,0.844051,0.824558,0.863543,29,0.00304451,4,0.061144,0.064026,0.058262,0.936027,0.931987,0.940067,0.895603,0.877351,0.913855,0.015495,0.012670,0.121528,0.085299,0.000000,12,0,3,0,0
cat_face_bass,hinge2,220,920.774,0.255733,0.862499,0.851733,0.873265,29,0.00328219,3,0.058787,0.062025,0.055550,0.939496,0.935831,0.943162,0.913168,0.904562,0.921775,0.015108,0.012194,0.094818,0.077566,0.000000,12,0,3,0,0
cat_face_bass,hinge2,230,936.391,0.240805,0.870693,0.865872,0.875514,29,0.00377769,4,0.060634,0.065826,0.055441,0.938410,0.933421,0.943398,0.923461,0.922869,0.924053,0.016046,0.012223,0.076181,0.075364,0.000000,12,0,3,0,0
cat_face_bass,hinge2,240,951.917,0.232101,0.875081,0.872532,0.877631,29,0.00404465,6,0.060231,0.068928,0.051535,0.939147,0.931183,0.947111,0.927767,0.932673,0.922860,0.016658,0.011355,0.066397,0.076295,0.000000,12,0,3,0,0
cat_face_bass,hinge2,250,1170.792,0.226346,0.878597,0.877368,0.879826,31,0.00338696,4,0.060050,0.071929,0.048172,0.939655,0.928953,0.950358,0.931343,0.940476,0.922209,0.017474,0.010653,0.059404,0.076951,0.000000,14,1,4,0,0
cat_face_bass,hinge2,260,1187.626,0.221055,0.881016,0.879940,0.882091,31,0.00354014,5,0.060646,0.073229,0.048063,0.939309,0.928038,0.950580,0.934433,0.944378,0.924487,0.017817,0.010538,0.055194,0.074251,0.000000,14,1,4,0,0
cat_face_bass,hinge2,270,1204.324,0.210187,0.886435,0.885480,0.887390,31,0.00310788,6,0.059040,0.072729,0.045351,0.941134,0.928879,0.953390,0.938757,0.949880,0.927634,0.017659,0.009880,0.049479,0.071489,0.000000,14,1,4,0,0
cat_face_bass,hinge2,280,1220.884,0.208036,0.887621,0.886133,0.889108,31,0.00288345,7,0.057847,0.072729,0.042964,0.942324,0.928928,0.955720,0.938944,0.950580,0.927308,0.017591,0.009534,0.048905,0.071504,0.000000,14,1,4,0,0
cat_face_bass,hinge2,290,1237.309,0.204380,0.890030,0.892003,0.888058,31,0.00228725,7,0.059669,0.074530,0.044809,0.940892,0.927852,0.953932,0.943167,0.958483,0.927851,0.018251,0.009899,0.041571,0.071139,0.000000,14,1,4,0,0
cat_face_bass,hinge2,300,1463.468,0.195279,0.894350,0.894477,0.894224,30,0.00223382,6,0.060174,0.074130,0.046219,0.940647,0.928371,0.952923,0.948169,0.960784,0.935554,0.018011,0.010190,0.038973,0.063462,0.000000,15,1,6,0,0
cat_face_bass,hinge2,310,1479.579,0.183516,0.899676,0.900775,0.898576,30,0.00202426,5,0.057389,0.070728,0.044049,0.943415,0.931678,0.955153,0.951322,0.964486,0.938158,0.016997,0.009708,0.034504,0.061010,0.000000,15,1,6,0,0
cat_face_bass,hinge2,320,1495.621,0.172835,0.906298,0.907967,0.904628,30,0.00203738,5,0.055854,0.068527,0.043181,0.945136,0.934027,0.956245,0.956940,0.970188,0.943691,0.016714,0.009658,0.029445,0.055519,0.000000,15,1,6,0,0
cat_face_bass,hinge2,330,1511.731,0.164701,0.910094,0.908111,0.912078,30,0.00173500,5,0.053589,0.066927,0.040252,0.947345,0.935387,0.959302,0.958839,0.968888,0.948790,0.016373,0.009013,0.030485,0.049621,0.000000,15,1,6,0,1
cat_face_bass,hinge2,340,1527.856,0.153499,0.915578,0.908648,0.922508,30,0.00147965,5,0.054695,0.067727,0.041662,0.946597,0.934747,0.958446,0.965565,0.970188,0.960942,0.016245,0.009177,0.029518,0.038195,0.000000,15,1,6,0,1
cat_face_bass,hinge2,350,1747.850,0.152782,0.915706,0.909767,0.921646,30,0.00147209,4,0.053637,0.063225,0.044049,0.947437,0.938647,0.956226,0.964765,0.967287,0.962244,0.015232,0.009608,0.032008,0.037244,0.000000,15,1,6,0,1
cat_face_bass,hinge2,360,1763.905,0.152103,0.916912,0.910017,0.923808,30,0.00154190,4,0.050058,0.060624,0.039492,0.950700,0.940901,0.960499,0.962738,0.965186,0.960291,0.014799,0.008876,0.034322,0.038786,0.000000,15,1,6,0,1
cat_face_bass,hinge2,370,1780.028,0.143537,0.921111,0.912524,0.929698,30,0.00134783,5,0.050525,0.062425,0.038624,0.950522,0.939506,0.961538,0.967547,0.969488,0.965607,0.015027,0.008671,0.029985,0.033661,0.000000,15,1,6,0,1
cat_face_bass,hinge2,380,1796.101,0.145466,0.920071,0.910164,0.929978,30,0.00126058,5,0.054578,0.067927,0.041228,0.946921,0.934680,0.959162,0.970154,0.971989,0.968319,0.016507,0.008964,0.027371,0.031394,0.000000,15,1,6,0,1
cat_face_bass,hinge2,390,1811.990,0.140922,0.922672,0.916258,0.929086,30,0.00095673,4,0.050433,0.062025,0.038841,0.950697,0.940079,0.961314,0.969131,0.973089,0.965173,0.015114,0.008653,0.026505,0.034260,0.000000,15,1,6,0,1
cat_face_bass,hinge2,400,2031.009,0.134623,0.925523,0.916526,0.934521,32,0.00088837,3,0.049306,0.063025,0.035586,0.951887,0.939242,0.964533,0.971033,0.974290,0.967777,0.015357,0.007835,0.024972,0.031151,0.000000,18,1,7,0,1
cat_face_bass,hinge2,410,2048.549,0.132740,0.926192,0.916918,0.935467,32,0.00072744,4,0.050274,0.063225,0.037322,0.951030,0.939096,0.962963,0.972635,0.974890,0.970381,0.015255,0.008076,0.024580,0.029020,0.000000,18,1,7,0,1
cat_face_bass,hinge2,420,2066.003,0.129131,0.927425,0.919471,0.935379,32,0.00029605,3,0.045486,0.058423,0.032549,0.955383,0.943367,0.967398,0.969507,0.973189,0.965824,0.013855,0.007022,0.026259,0.033482,0.000000,18,1,7,0,1
cat_face_bass,hinge2,430,2083.519,0.128425,0.928428,0.921531,0.935324,32,0.00022628,3,0.043651,0.055622,0.031681,0.957063,0.945914,0.968212,0.968873,0.972789,0.964956,0.013431,0.006990,0.026707,0.034127,0.000000,18,1,7,0,1
cat_face_bass,hinge2,440,2100.983,0.122729,0.930506,0.924136,0.936876,32,0.00024480,3,0.043302,0.053621,0.032983,0.957423,0.947804,0.967042,0.970733,0.973689,0.967777,0.012734,0.007043,0.025499,0.031567,0.000000,18,1,7,0,1
cat_face_bass,hinge2,450,2330.461,0.128301,0.927637,0.923814,0.931461,29,0.00009412,3,0.044841,0.054422,0.035261,0.955905,0.947087,0.964724,0.969197,0.974090,0.964305,0.013056,0.007644,0.025350,0.034331,0.000000,18,1,10,0,1
cat_face_bass,hinge2,460,2346.528,0.122933,0.930132,0.922712,0.937553,29,0.00024269,2,0.041946,0.053621,0.030270,0.958671,0.947728,0.969614,0.969061,0.972189,0.965933,0.012562,0.006686,0.027026,0.032384,0.000000,18,1,10,0,1
cat_face_bass,hinge2,470,2362.463,0.121575,0.931526,0.925479,0.937572,29,0.00020890,2,0.043945,0.053822,0.034067,0.956878,0.947701,0.966054,0.972401,0.975290,0.969513,0.012765,0.007456,0.024442,0.029597,0.000000,18,1,10,1,1
cat_face_bass,hinge2,480,2378.192,0.120100,0.931715,0.927967,0.935464,29,0.00020429,3,0.043453,0.051321,0.035586,0.957296,0.950024,0.964567,0.972172,0.975590,0.968753,0.012168,0.007682,0.024037,0.029847,0.000000,18,1,10,1,1
cat_face_bass,hinge2,490,2393.905,0.118750,0.932942,0.926690,0.939193,29,0.00013002,3,0.042606,0.052121,0.033091,0.958137,0.949255,0.967020,0.972631,0.974990,0.970272,0.012429,0.007266,0.024338,0.028724,0.000000,18,1,10,1,1
cat_face_bass,hinge2,500,2724.464,0.178860,0.899073,0.864945,0.933201,25,0.00005649,4,0.043742,0.049620,0.037865,0.955276,0.948177,0.962376,0.938200,0.907863,0.968536,0.011593,0.007878,0.090396,0.030410,0.000000,18,1,14,1,1
cat_face_bass,hinge2,510,2738.283,0.158206,0.911632,0.890816,0.932449,25,0.00015239,2,0.044593,0.050020,0.039167,0.955194,0.949239,0.961149,0.952172,0.935374,0.968970,0.011945,0.008413,0.063959,0.030273,0.000000,18,1,14,1,1
cat_face_bass,hinge2,520,2752.029,0.139598,0.921688,0.905470,0.937907,25,0.00028881,2,0.041238,0.049820,0.032657,0.958791,0.950200,0.967382,0.959558,0.950580,0.968536,0.011569,0.007268,0.048729,0.030806,0.000000,18,1,14,1,1
cat_face_bass,hinge2,530,2765.759,0.134120,0.925212,0.910469,0.939956,25,0.00046111,2,0.039582,0.049220,0.029945,0.960499,0.951001,0.969997,0.961692,0.955282,0.968102,0.011557,0.006719,0.044151,0.031407,0.000000,18,1,14,1,1
cat_face_bass,hinge2,540,2779.440,0.132003,0.925725,0.913392,0.938058,25,0.00043976,3,0.041118,0.048820,0.033417,0.959094,0.951510,0.966677,0.963694,0.957983,0.969404,0.011423,0.007355,0.041367,0.029850,0.000000,18,1,14,1,1
cat_face_bass,hinge2,550,3074.928,0.260367,0.855520,0.870310,0.840730,22,0.00023751,3,0.036942,0.039816,0.034067,0.960074,0.957857,0.962291,0.887167,0.904962,0.869372,0.009218,0.007225,0.093766,0.129574,0.000000,18,1,17,1,1
cat_face_bass,hinge2,560,3086.953,0.221769,0.876166,0.885118,0.867214,22,0.00060413,1,0.035877,0.040616,0.031138,0.962058,0.957766,0.966350,0.907643,0.921068,0.894217,0.009413,0.006664,0.077752,0.103879,0.000000,18,1,17,1,1
cat_face_bass,hinge2,570,3099.021,0.188055,0.894647,0.897744,0.891550,22,0.00104399,2,0.035171,0.041917,0.028426,0.963520,0.957109,0.969930,0.926133,0.935374,0.916893,0.009734,0.005962,0.063585,0.081769,0.000000,18,1,17,1,1
cat_face_bass,hinge2,580,3111.126,0.165505,0.907072,0.909030,0.905115,22,0.00137823,2,0.035169,0.045818,0.024520,0.964130,0.954021,0.974239,0.938994,0.950680,0.927308,0.010543,0.005277,0.048187,0.071356,0.000000,18,1,17,1,1
cat_face_bass,hinge2,590,3123.094,0.146902,0.918131,0.913658,0.922604,22,0.00179920,3,0.035373,0.047419,0.023326,0.964339,0.952789,0.975889,0.950554,0.956983,0.944125,0.011198,0.005028,0.042306,0.054618,0.000000,18,1,17,1,1
cat_face_bass,hinge2,600,3369.784,0.195069,0.891593,0.886805,0.896380,19,0.00092592,3,0.035290,0.045518,0.025062,0.963326,0.953204,0.973448,0.923008,0.927171,0.918846,0.010561,0.005289,0.071900,0.080726,0.000000,18,1,20,1,1
cat_face_bass,hinge2,610,3379.961,0.182149,0.898037,0.888878,0.907197,19,0.00070153,2,0.031566,0.042517,0.020614,0.967176,0.956131,0.978221,0.926284,0.926671,0.925898,0.009927,0.004315,0.072342,0.072530,0.000000,18,1,20,1,1
cat_face_bass,hinge2,620,3390.052,0.169123,0.904810,0.894130,0.915490,19,0.00092409,3,0.031616,0.041317,0.021916,0.967310,0.957510,0.977110,0.933313,0.931072,0.935554,0.009345,0.004622,0.068136,0.063192,0.000000,18,1,20,1,1
cat_face_bass,hinge2,630,3400.359,0.163950,0.908692,0.896462,0.920921,19,0.00078927,3,0.031375,0.040616,0.022133,0.967652,0.958278,0.977027,0.937089,0.932873,0.941304,0.009493,0.004827,0.066220,0.058051,0.000000,18,1,20,1,1
cat_face_bass,hinge2,640,3410.775,0.162547,0.908337,0.896495,0.920178,19,0.00058237,3,0.031931,0.039016,0.024845,0.967064,0.959798,0.974330,0.937256,0.931473,0.943040,0.008993,0.005232,0.067717,0.055537,0.000000,18,1,20,1,1
cat_face_bass,hinge2,650,3624.327,0.166645,0.905738,0.892816,0.918660,18,0.00085804,3,0.035672,0.041617,0.029728,0.963349,0.957166,0.969532,0.937971,0.929972,0.945969,0.009484,0.006201,0.068793,0.052960,0.000000,18,1,21,1,1
cat_face_bass,hinge2,660,3633.945,0.162630,0.908374,0.892426,0.924323,18,0.00053198,4,0.034240,0.043417,0.025062,0.964840,0.955451,0.974230,0.939330,0.931172,0.947488,0.009953,0.005209,0.067899,0.051741,0.000000,18,1,21,1,1
cat_face_bass,hinge2,670,3643.623,0.161041,0.909382,0.894191,0.924572,18,0.00053850,3,0.034466,0.041917,0.027015,0.964641,0.956946,0.972336,0.940611,0.931673,0.949550,0.009534,0.005814,0.067175,0.049949,0.000000,18,1,21,1,1
cat_face_bass,hinge2,680,3653.032,0.158570,0.910672,0.894636,0.926708,18,0.00067603,3,0.033979,0.040616,0.027341,0.965140,0.958196,0.972084,0.941509,0.930972,0.952045,0.009401,0.005718,0.067704,0.047482,0.000000,18,1,21,1,1
cat_face_bass,hinge2,690,3662.531,0.156051,0.912656,0.894514,0.930797,18,0.00088779,2,0.032538,0.041317,0.023760,0.966600,0.957528,0.975672,0.942193,0.931473,0.952913,0.009401,0.005121,0.067959,0.046656,0.000000,18,1,21,1,1
cat_face_bass,hinge2,700,3859.350,0.158614,0.911236,0.896190,0.926282,17,0.00121243,3,0.032819,0.039816,0.025822,0.966284,0.959024,0.973544,0.941037,0.931873,0.950201,0.009249,0.005400,0.067508,0.049191,0.000000,18,1,22,1,1
cat_face_bass,hinge2,710,3868.306,0.156280,0.912134,0.896263,0.928005,17,0.00122201,3,0.032436,0.038615,0.026256,0.966670,0.960169,0.973171,0.941621,0.930872,0.952371,0.008806,0.005578,0.068050,0.047107,0.000000,18,1,22,1,1
cat_face_bass,hinge2,720,3877.323,0.154783,0.913213,0.897325,0.929101,17,0.00117793,3,0.032448,0.039616,0.025279,0.966706,0.959263,0.974148,0.942730,0.932873,0.952588,0.009102,0.005348,0.066384,0.046879,0.000000,18,1,22,1,1
cat_face_bass,hinge2,730,3886.287,0.152236,0.914853,0.896380,0.933326,17,0.00150534,3,0.032630,0.041717,0.023543,0.966591,0.957235,0.975948,0.944537,0.933774,0.955300,0.009560,0.005001,0.065505,0.044231,0.000000,18,1,22,1,1
cat_face_bass,hinge2,740,3895.232,0.149629,0.916145,0.896916,0.935375,17,0.00123079,3,0.032701,0.041317,0.024086,0.966555,0.957637,0.975472,0.945939,0.933974,0.957904,0.009473,0.005132,0.065359,0.041520,0.000000,18,1,22,1,1
cat_face_bass,hinge2,750,4091.902,0.158678,0.911327,0.891634,0.931020,14,0.00088967,3,0.029532,0.036715,0.022350,0.969428,0.961799,0.977058,0.938099,0.924370,0.951828,0.008686,0.004685,0.074525,0.047608,0.000000,18,1,25,1,1
cat_face_bass,hinge2,760,4099.840,0.142677,0.919673,0.900126,0.939219,14,0.00133923,2,0.025090,0.032713,0.017468,0.974027,0.966005,0.982049,0.942599,0.929572,0.955625,0.007759,0.003523,0.069641,0.042716,0.000000,18,1,25,1,1
cat_face_bass,hinge2,770,4107.676,0.144004,0.919280,0.899198,0.939362,14,0.00160079,2,0.027484,0.035114,0.019855,0.971671,0.963646,0.979696,0.944392,0.930772,0.958012,0.008400,0.004052,0.068328,0.040624,0.000000,18,1,25,1,1
cat_face_bass,hinge2,780,4115.531,0.138766,0.922436,0.903701,0.941170,14,0.00177168,2,0.025312,0.032613,0.018010,0.973891,0.966232,0.981549,0.945647,0.933173,0.958121,0.007617,0.003816,0.065991,0.041083,0.000000,18,1,25,1,1
cat_face_bass,hinge2,790,4123.219,0.140216,0.921655,0.904872,0.938439,14,0.00150902,2,0.026738,0.034814,0.018661,0.972503,0.964153,0.980853,0.946163,0.936375,0.955951,0.008174,0.004001,0.063015,0.042907,0.000000,18,1,25,1,1
cat_face_bass,hinge2,800,4286.691,0.141266,0.921058,0.904017,0.938098,14,0.00122942,2,0.028043,0.036014,0.020072,0.971213,0.962971,0.979456,0.946751,0.936575,0.956927,0.008338,0.004296,0.062962,0.042509,0.000000,18,1,25,1,1
cat_face_bass,hinge2,810,4294.512,0.136111,0.923700,0.909056,0.938345,14,0.00145948,2,0.025896,0.032913,0.018878,0.973386,0.966135,0.980637,0.947518,0.938976,0.956059,0.007766,0.004083,0.060360,0.042341,0.000000,18,1,25,1,1
cat_face_bass,hinge2,820,4302.250,0.136179,0.923670,0.908317,0.939023,14,0.00157618,2,0.026971,0.034414,0.019529,0.972338,0.964667,0.980009,0.948469,0.939576,0.957361,0.008025,0.004210,0.059945,0.041196,0.000000,18,1,25,1,1
cat_face_bass,hinge2,830,4309.991,0.136105,0.923548,0.907579,0.939517,14,0.00159378,2,0.026846,0.034814,0.018878,0.972458,0.964256,0.980660,0.948214,0.939176,0.957253,0.008075,0.003982,0.060302,0.041462,0.000000,18,1,25,1,1
cat_face_bass,hinge2,840,4317.842,0.136065,0.924080,0.908589,0.939572,14,0.00158105,2,0.025562,0.033113,0.018010,0.973722,0.965925,0.981519,0.947584,0.938675,0.956493,0.007805,0.003891,0.060743,0.042424,0.000000,18,1,25,1,1
cat_face_bass,hinge2,850,4472.514,0.156167,0.912971,0.900000,0.925942,11,0.00148698,2,0.023560,0.030412,0.016708,0.975404,0.968247,0.982561,0.934392,0.927371,0.941413,0.007180,0.003567,0.071852,0.057523,0.000000,18,1,28,1,1
cat_face_bass,hinge2,860,4478.794,0.151171,0.915466,0.902718,0.928214,11,0.00157483,1,0.024537,0.030412,0.018661,0.974493,0.968340,0.980646,0.937854,0.930172,0.945535,0.007013,0.003912,0.069250,0.053796,0.000000,18,1,28,1,1
cat_face_bass,hinge2,870,4484.983,0.146688,0.917657,0.905737,0.929577,11,0.00124114,2,0.023664,0.030512,0.016817,0.975432,0.968345,0.982519,0.939292,0.933373,0.945210,0.007118,0.003600,0.065764,0.053387,0.000000,18,1,28,1,1
cat_face_bass,hinge2,880,4491.158,0.145953,0.917925,0.907103,0.928747,11,0.00103566,2,0.022568,0.029512,0.015623,0.976537,0.969367,0.983707,0.938565,0.933874,0.943257,0.006837,0.003316,0.065117,0.055638,0.000000,18,1,28,1,1
cat_face_bass,hinge2,890,4497.365,0.143745,0.919208,0.907892,0.930525,11,0.00134519,2,0.025779,0.031813,0.019746,0.973385,0.967156,0.979615,0.942837,0.936775,0.948899,0.007436,0.004208,0.062163,0.049931,0.000000,18,1,28,1,1
cat_face_bass,hinge2,900,4627.819,0.144799,0.918698,0.906622,0.930774,11,0.00121235,2,0.027601,0.034914,0.020289,0.971603,0.964124,0.979083,0.943967,0.938275,0.949658,0.008119,0.004299,0.061059,0.049213,0.000000,18,1,28,1,1
cat_face_bass,hinge2,910,4634.158,0.141959,0.919443,0.908316,0.930570,11,0.00118807,2,0.027878,0.032213,0.023543,0.971331,0.966784,0.975878,0.945027,0.937575,0.952479,0.007328,0.004897,0.061272,0.046639,0.000000,18,1,28,1,1
cat_face_bass,hinge2,920,4640.377,0.138012,0.921998,0.910988,0.933008,11,0.00130779,2,0.027078,0.030612,0.023543,0.972182,0.968424,0.975940,0.946925,0.938876,0.954975,0.007015,0.004973,0.060218,0.044160,0.000000,18,1,28,1,1
cat_face_bass,hinge2,930,4646.643,0.137786,0.922444,0.912482,0.932407,11,0.00131191,2,0.026185,0.029912,0.022459,0.973069,0.969153,0.976985,0.946561,0.939776,0.953347,0.006903,0.004710,0.059420,0.046200,0.000000,18,1,28,1,1
cat_face_bass,hinge2,940,4652.860,0.137513,0.922607,0.912385,0.932830,11,0.00108825,2,0.025372,0.029912,0.020831,0.973871,0.969150,0.978593,0.945969,0.939676,0.952262,0.006844,0.004390,0.059711,0.047300,0.000000,18,1,28,1,1
cat_face_bass,hinge2,950,4782.188,0.198624,0.888289,0.898371,0.878207,9,0.00003056,2,0.022403,0.025710,0.019095,0.975983,0.972856,0.979110,0.908223,0.921469,0.894977,0.005903,0.004009,0.077315,0.103708,0.000000,18,1,30,1,1
cat_face_bass,hinge2,960,4787.330,0.176100,0.901048,0.910737,0.891360,9,0.00002068,1,0.023674,0.027711,0.019638,0.975047,0.971245,0.978850,0.922419,0.935974,0.908864,0.006456,0.004214,0.063436,0.089534,0.000000,18,1,30,1,1
cat_face_bass,hinge2,970,4792.385,0.168557,0.904558,0.912989,0.896127,9,0.00002467,0,0.026940,0.031313,0.022567,0.971890,0.967815,0.975965,0.928963,0.941577,0.916350,0.007111,0.004743,0.057725,0.082127,0.000000,18,1,30,1,1
cat_face_bass,hinge2,980,4797.443,0.162706,0.908026,0.912332,0.903719,9,0.00001853,0,0.026826,0.032713,0.020940,0.972126,0.966444,0.977808,0.932410,0.942177,0.922643,0.007436,0.004395,0.056743,0.076703,0.000000,18,1,30,1,1
cat_face_bass,hinge2,990,4802.513,0.160218,0.909516,0.911881,0.907150,9,0.00003675,0,0.027189,0.033113,0.021265,0.971803,0.966044,0.977562,0.934259,0.942077,0.926440,0.007639,0.004334,0.057657,0.072439,0.000000,18,1,30,1,1
cat_face_bass,hinge2,1000,4908.749,0.156949,0.911989,0.912522,0.911456,9,0.00003772,0,0.027865,0.033814,0.021916,0.971204,0.965397,0.977011,0.937404,0.943377,0.931431,0.007939,0.004617,0.056523,0.067614,0.000000,18,1,30,1,1
cat_face_bass,hinge2,1010,4913.815,0.155855,0.911567,0.912214,0.910920,9,0.00001776,1,0.028958,0.033613,0.024303,0.970096,0.965577,0.974615,0.937968,0.942877,0.933058,0.007743,0.005071,0.056227,0.065677,0.000000,18,1,30,1,1
cat_face_bass,hinge2,1020,4918.855,0.155092,0.912927,0.913998,0.911855,9,0.00000887,1,0.029100,0.034114,0.024086,0.970010,0.965165,0.974856,0.939498,0.945178,0.933818,0.008050,0.005133,0.054496,0.065090,0.000000,18,1,30,1,1
cat_face_bass,hinge2,1030,4923.883,0.155713,0.912504,0.913018,0.911989,9,0.00002446,0,0.029763,0.035114,0.024411,0.969356,0.964176,0.974536,0.939665,0.945078,0.934252,0.008274,0.005281,0.054484,0.064294,0.000000,18,1,30,1,1
cat_face_bass,prune,1,2.396,1.742947,0.158133,0.190908,0.125358,20,0.00019250,0,0.163478,0.113545,0.213410,0.533994,0.651840,0.416147,0.182348,0.212585,0.152110,0.028211,0.048291,0.784822,0.845628,0.000100,0,0,0,0,0
cat_face_bass,prune,10,18.905,1.586278,0.208772,0.243271,0.174274,20,0.00001569,1,0.125622,0.088936,0.162309,0.651908,0.748657,0.555159,0.233733,0.264906,0.202560,0.022014,0.036704,0.732020,0.795627,0.000100,0,0,0,0,0
cat_face_bass,prune,20,36.694,1.433843,0.272565,0.303484,0.241646,20,0.00000191,1,0.106655,0.076931,0.136378,0.738814,0.809465,0.668163,0.300716,0.326831,0.274601,0.018979,0.030770,0.670873,0.723289,0.000100,0,0,0,0,0
cat_face_bass,prune,30,53.661,1.295866,0.338596,0.365317,0.311875,20,0.00000000,0,0.103124,0.077031,0.129218,0.783925,0.836275,0.731575,0.372816,0.393457,0.352175,0.018755,0.028806,0.603334,0.646273,0.000100,0,0,0,0,0
cat_face_bass,prune,40,70.608,1.159843,0.406015,0.432372,0.379657,20,0.00000000,0,0.098255,0.075430,0.121081,0.819475,0.860422,0.778527,0.445306,0.464986,0.425627,0.018696,0.027217,0.532012,0.573047,0.000100,0,0,0,0,0
cat_face_bass,prune,50,316.141,1.013152,0.478081,0.504606,0.451556,23,0.00000000,0,0.095230,0.075130,0.115330,0.846017,0.878361,0.813672,0.523076,0.542517,0.503635,0.018371,0.025780,0.454516,0.494605,0.000100,3,0,0,0,0
cat_face_bass,prune,60,335.930,0.862650,0.552748,0.572612,0.532883,23,0.00006474,0,0.091617,0.074630,0.108604,0.868273,0.891837,0.844710,0.603051,0.615346,0.590756,0.018139,0.024148,0.381836,0.407464,0.000100,3,0,0,0,0
cat_face_bass,prune,70,355.739,0.748329,0.611056,0.617489,0.604624,23,0.00018295,0,0.090842,0.078832,0.102853,0.880276,0.894186,0.866366,0.666489,0.666166,0.666811,0.019281,0.022950,0.330830,0.331581,0.000100,3,0,0,0,0
cat_face_bass,prune,80,375.340,0.655369,0.658557,0.650646,0.666468,23,0.00066504,0,0.088544,0.084434,0.092655,0.890125,0.893124,0.887127,0.716901,0.705582,0.728220,0.020543,0.020599,0.293016,0.270087,0.000100,3,0,0,0,0
cat_face_bass,prune,90,395.092,0.584473,0.693397,0.670102,0.716692,23,0.00097481,1,0.084687,0.087135,0.082239,0.898652,0.893168,0.904136,0.752062,0.728491,0.775632,0.021132,0.018020,0.269639,0.222409,0.000100,3,0,0,0,0
cat_face_bass,prune,100,665.055,0.525033,0.724647,0.686381,0.762914,25,0.00132650,1,0.082370,0.089336,0.075404,0.904550,0.893271,0.915829,0.784070,0.747699,0.820440,0.021804,0.016821,0.250688,0.177150,0.000100,6,0,1,0,0
cat_face_bass,prune,110,686.531,0.482821,0.746343,0.698794,0.793892,25,0.00161598,1,0.079767,0.086735,0.072800,0.909373,0.897493,0.921253,0.805545,0.759404,0.851687,0.021378,0.016032,0.239023,0.146548,0.000100,6,0,1,0,0
cat_face_bass,prune,120,707.875,0.457807,0.759237,0.711211,0.807263,25,0.00206044,3,0.078640,0.087735,0.069545,0.911799,0.898142,0.925456,0.818507,0.773609,0.863405,0.021427,0.015360,0.225242,0.134678,0.000100,6,0,1,0,0
cat_face_bass,prune,130,729.088,0.431006,0.773111,0.725615,0.820606,25,0.00258670,3,0.078003,0.086134,0.069871,0.913879,0.901476,0.926282,0.833029,0.788115,0.877943,0.021217,0.015456,0.210192,0.120003,0.000100,6,0,1,0,0
cat_face_bass,prune,140,750.710,0.413233,0.781642,0.735757,0.827527,25,0.00287663,3,0.078030,0.081633,0.074428,0.914861,0.906966,0.922756,0.842468,0.795818,0.889118,0.020137,0.016299,0.202691,0.108476,0.000100,6,0,1,0,0
cat_face_bass,prune,150,1036.176,0.402290,0.787594,0.747870,0.827319,26,0.00237678,3,0.079725,0.080032,0.079418,0.914090,0.909849,0.918331,0.850373,0.807723,0.893024,0.019491,0.017491,0.191007,0.106206,0.000100,9,0,3,0,0
cat_face_bass,prune,160,1058.464,0.377934,0.799014,0.765117,0.832912,26,0.00289425,4,0.072885,0.073729,0.072041,0.921494,0.917644,0.925343,0.857222,0.821529,0.892915,0.017944,0.015876,0.176938,0.105459,0.000100,9,0,3,0,0
cat_face_bass,prune,170,1080.706,0.359834,0.807674,0.781081,0.834266,26,0.00290218,3,0.069914,0.073429,0.066399,0.925011,0.919473,0.930549,0.864048,0.838435,0.889660,0.017764,0.014357,0.160536,0.108536,0.000100,9,0,3,0,0
cat_face_bass,prune,180,1103.305,0.335756,0.819867,0.799064,0.840670,26,0.00305944,3,0.065352,0.068427,0.062276,0.930304,0.925797,0.934810,0.873383,0.853741,0.893024,0.016568,0.013521,0.144872,0.105456,0.000100,9,0,3,0,0
cat_face_bass,prune,190,1125.463,0.315833,0.830436,0.806071,0.854801,26,0.00289397,2,0.063316,0.067827,0.058804,0.932973,0.926955,0.938991,0.882906,0.860744,0.905067,0.016347,0.012817,0.138408,0.093614,0.000100,9,0,3,0,0
cat_face_bass,prune,200,1445.331,0.292072,0.842436,0.824584,0.860288,29,0.00238529,2,0.059950,0.065326,0.054573,0.937021,0.930782,0.943260,0.892844,0.878451,0.907237,0.015929,0.011735,0.120270,0.091744,0.000100,12,0,3,0,0
cat_face_bass,prune,210,1470.495,0.276491,0.850398,0.839742,0.861054,29,0.00236755,4,0.061733,0.069328,0.054139,0.936019,0.928328,0.943711,0.902815,0.897959,0.907671,0.016726,0.011728,0.100880,0.090675,0.000100,12,0,3,0,0
cat_face_bass,prune,220,1495.275,0.260888,0.858950,0.849621,0.868280,29,0.00254739,4,0.058546,0.067727,0.049365,0.939567,0.930528,0.948605,0.909153,0.907163,0.911142,0.016690,0.010546,0.091682,0.087271,0.000100,12,0,3,0,0
cat_face_bass,prune,230,1520.029,0.245047,0.867765,0.859775,0.875754,29,0.00242092,2,0.056467,0.069428,0.043507,0.942174,0.929793,0.954556,0.916661,0.919468,0.913855,0.016821,0.009596,0.079210,0.085514,0.000100,12,0,3,0,0
cat_face_bass,prune,240,1544.950,0.228827,0.875745,0.866998,0.884491,29,0.00226536,2,0.053744,0.065826,0.041662,0.945120,0.933502,0.956737,0.922705,0.924070,0.921341,0.016010,0.009025,0.074939,0.077413,0.000100,12,0,3,0,0
cat_face_bass,prune,250,1883.997,0.213933,0.883712,0.872572,0.894852,30,0.00220296,3,0.052592,0.066126,0.039058,0.946660,0.933635,0.959686,0.930038,0.930272,0.929804,0.016246,0.008484,0.068087,0.068981,0.000100,15,0,5,0,0
cat_face_bass,prune,260,1910.103,0.201118,0.889559,0.877308,0.901809,30,0.00252721,3,0.052433,0.067327,0.037539,0.947174,0.932921,0.961427,0.936018,0.936375,0.935662,0.016196,0.008056,0.061525,0.062966,0.000100,15,0,5,0,0
cat_face_bass,prune,270,1935.945,0.189115,0.896961,0.883017,0.910906,30,0.00290366,4,0.048241,0.063826,0.032657,0.951413,0.936378,0.966447,0.940014,0.939376,0.940653,0.015544,0.007080,0.059278,0.058095,0.000100,15,0,5,0,0
cat_face_bass,prune,280,1961.938,0.177416,0.902326,0.890522,0.914130,30,0.00155213,5,0.047675,0.061825,0.033525,0.952180,0.938630,0.965731,0.945177,0.945578,0.944776,0.015066,0.007166,0.053268,0.053727,0.000100,15,0,5,0,1
cat_face_bass,prune,290,1987.890,0.163382,0.910039,0.897414,0.922664,30,0.00077390,2,0.045581,0.060024,0.031138,0.954478,0.940647,0.968308,0.951337,0.951281,0.951394,0.014547,0.006895,0.048158,0.047009,0.000100,15,0,5,0,1
cat_face_bass,prune,300,2347.938,0.155419,0.914138,0.901567,0.926709,31,0.00032591,0,0.048958,0.066126,0.031789,0.951727,0.935632,0.967823,0.958676,0.961184,0.956168,0.015966,0.006946,0.038306,0.042479,0.000100,18,0,7,0,1
cat_face_bass,prune,310,2375.181,0.145773,0.919152,0.907960,0.930343,31,0.00020179,1,0.044958,0.061925,0.027992,0.955607,0.939651,0.971564,0.960285,0.964186,0.956385,0.014946,0.006103,0.035362,0.042255,0.000100,18,0,7,0,1
cat_face_bass,prune,320,2402.063,0.138039,0.923542,0.913076,0.934008,31,0.00016015,1,0.041703,0.054222,0.029185,0.958604,0.946675,0.970533,0.961926,0.962585,0.961267,0.013298,0.006395,0.036663,0.037814,0.000100,18,0,7,0,1
cat_face_bass,prune,330,2429.271,0.128514,0.928076,0.918362,0.937790,31,0.00018593,2,0.040795,0.052621,0.028968,0.959615,0.948376,0.970855,0.965821,0.966687,0.964956,0.012612,0.006317,0.032577,0.034355,0.000100,18,0,7,0,1
cat_face_bass,prune,340,2456.441,0.118916,0.933682,0.924926,0.942438,31,0.00010574,1,0.037976,0.048719,0.027232,0.962408,0.952175,0.972640,0.969045,0.969988,0.968102,0.011991,0.006032,0.029030,0.030926,0.000100,18,0,7,0,1
cat_face_bass,prune,350,2815.187,0.114882,0.935299,0.926095,0.944503,29,0.00012377,1,0.039369,0.050420,0.028317,0.961197,0.950724,0.971670,0.972019,0.972789,0.971249,0.012138,0.006307,0.026046,0.027722,0.000100,18,0,9,0,1
cat_face_bass,prune,360,2840.048,0.111883,0.936458,0.929356,0.943559,29,0.00017450,0,0.038172,0.047919,0.028426,0.962322,0.953104,0.971540,0.972135,0.973890,0.970381,0.011585,0.006144,0.024804,0.028456,0.000100,18,0,9,0,1
cat_face_bass,prune,370,2864.895,0.107964,0.938707,0.932570,0.944843,29,0.00016057,0,0.038835,0.048920,0.028751,0.961821,0.952372,0.971271,0.975100,0.978191,0.972008,0.011615,0.006331,0.020846,0.027205,0.000100,18,0,9,0,1
cat_face_bass,prune,380,2890.411,0.107516,0.939192,0.936693,0.941690,29,0.00016907,1,0.038466,0.046118,0.030813,0.962142,0.955051,0.969234,0.975299,0.979892,0.970706,0.011146,0.006782,0.019281,0.028336,0.000100,18,0,9,0,1
cat_face_bass,prune,390,2915.603,0.106289,0.939957,0.939757,0.940157,29,0.00012005,1,0.038967,0.044518,0.033417,0.961682,0.956615,0.966749,0.976583,0.981593,0.971574,0.011035,0.007167,0.017767,0.027428,0.000100,18,0,9,0,1
cat_face_bass,prune,400,3243.588,0.105535,0.940028,0.940128,0.939929,29,0.00009882,0,0.038704,0.044318,0.033091,0.961927,0.956810,0.967045,0.976412,0.981793,0.971032,0.010730,0.007225,0.017590,0.027773,0.000100,18,0,9,0,1
cat_face_bass,prune,410,3268.883,0.103583,0.941157,0.940353,0.941962,29,0.00011783,1,0.037557,0.043217,0.031898,0.963015,0.957804,0.968227,0.976500,0.980992,0.972008,0.010421,0.007097,0.017748,0.027179,0.000100,18,0,9,0,1
cat_face_bass,prune,420,3293.922,0.103405,0.940875,0.941363,0.940388,29,0.00013660,1,0.039002,0.042417,0.035586,0.961656,0.958565,0.964746,0.977573,0.981293,0.973853,0.010161,0.007766,0.017724,0.025358,0.000100,18,0,9,0,1
cat_face_bass,prune,430,3319.020,0.102092,0.942255,0.941730,0.942779,29,0.00012254,1,0.038689,0.042117,0.035261,0.961992,0.958851,0.965132,0.978708,0.981393,0.976023,0.010267,0.007804,0.018017,0.023039,0.000100,18,0,9,0,1
cat_face_bass,prune,440,3344.437,0.102271,0.941706,0.943411,0.940002,29,0.00009874,1,0.040495,0.043017,0.037973,0.960326,0.958114,0.962539,0.979845,0.983994,0.975697,0.010423,0.008328,0.015264,0.023289,0.000100,18,0,9,0,1
cat_face_bass,prune,450,3681.712,0.103840,0.941194,0.944295,0.938094,29,0.00014916,2,0.040446,0.041617,0.039275,0.960341,0.959407,0.961275,0.979266,0.983593,0.974938,0.010139,0.008693,0.015612,0.024324,0.000100,18,0,9,0,1
cat_face_bass,prune,460,3707.167,0.103333,0.941215,0.942668,0.939762,29,0.00020570,1,0.039574,0.041717,0.037431,0.961138,0.959249,0.963026,0.978465,0.981993,0.974938,0.010116,0.008163,0.017271,0.024269,0.000100,18,0,9,0,1
cat_face_bass,prune,470,3733.129,0.105480,0.940315,0.939417,0.941213,29,0.00017602,1,0.040416,0.043617,0.037214,0.960343,0.957405,0.963280,0.978316,0.980392,0.976240,0.010613,0.008191,0.018714,0.023132,0.000100,18,0,9,0,1
cat_face_bass,prune,480,3758.771,0.102666,0.941506,0.941024,0.941988,29,0.00026561,1,0.039745,0.041517,0.037973,0.960988,0.959362,0.962615,0.978925,0.980092,0.977758,0.010084,0.008351,0.018339,0.021787,0.000100,18,0,9,0,1
cat_face_bass,prune,490,3784.491,0.105149,0.940239,0.941233,0.939246,29,0.00028510,2,0.040618,0.040116,0.041120,0.960141,0.960636,0.959647,0.978429,0.978992,0.977867,0.009703,0.009099,0.019912,0.021492,0.000100,18,0,9,0,1
cat_face_bass,prune,500,4137.671,0.106557,0.939510,0.941057,0.937962,29,0.00018852,2,0.040514,0.038715,0.042313,0.960209,0.961902,0.958515,0.977570,0.977491,0.977650,0.009359,0.009374,0.021498,0.021820,0.000100,18,0,9,0,1
cat_face_bass,prune,510,4163.163,0.109394,0.937414,0.940083,0.934744,29,0.00016913,1,0.042150,0.038515,0.045785,0.958653,0.962047,0.955259,0.976916,0.976291,0.977541,0.009251,0.010012,0.022607,0.021757,0.000100,18,0,9,0,1
cat_face_bass,prune,520,4188.393,0.113990,0.934831,0.939998,0.929665,29,0.00012566,1,0.043823,0.038715,0.048931,0.957040,0.961861,0.952220,0.975773,0.976391,0.975155,0.009289,0.010884,0.022141,0.023724,0.000100,18,0,9,0,1
cat_face_bass,prune,530,4213.898,0.116084,0.933248,0.938522,0.927974,29,0.00010490,2,0.045621,0.039816,0.051427,0.955366,0.960800,0.949931,0.975794,0.975890,0.975697,0.009383,0.011208,0.022667,0.023870,0.000100,18,0,9,0,1
cat_face_bass,prune,540,4239.157,0.122207,0.929933,0.938540,0.921326,29,0.00003399,2,0.046856,0.040116,0.053597,0.954101,0.960528,0.947675,0.973448,0.976190,0.970706,0.009440,0.011750,0.022546,0.028455,0.000100,18,0,9,0,1
cat_face_bass,prune,550,4605.429,0.119440,0.931876,0.939432,0.924320,29,0.00001868,2,0.046310,0.038916,0.053705,0.954698,0.961656,0.947741,0.974976,0.975990,0.973961,0.009264,0.011745,0.022988,0.025673,0.000100,18,0,9,0,1
cat_face_bass,prune,560,4631.084,0.115128,0.933197,0.938805,0.927589,29,0.00001578,1,0.044269,0.039716,0.048823,0.956558,0.960902,0.952214,0.974483,0.976090,0.972876,0.009205,0.010602,0.022727,0.025952,0.000100,18,0,9,0,1
cat_face_bass,prune,570,4656.334,0.115166,0.933585,0.937759,0.929411,29,0.00001319,2,0.041766,0.039916,0.043615,0.958823,0.960678,0.956969,0.972568,0.975190,0.969947,0.009301,0.009452,0.023710,0.029230,0.000100,18,0,9,0,1
cat_face_bass,prune,580,4681.784,0.112947,0.935046,0.937362,0.932730,29,0.00000947,1,0.041611,0.039716,0.043507,0.959029,0.960844,0.957213,0.973950,0.974590,0.973310,0.009386,0.009365,0.024487,0.025997,0.000100,18,0,9,0,1
cat_face_bass,prune,590,4707.576,0.106640,0.938961,0.940357,0.937565,29,0.00000909,1,0.040392,0.041617,0.039167,0.960298,0.959244,0.961353,0.976889,0.979492,0.974287,0.009791,0.008710,0.019276,0.025198,0.000100,18,0,9,0,1
cat_face_bass,prune,600,5063.171,0.098166,0.943730,0.941414,0.946045,29,0.00004594,2,0.036594,0.041617,0.031572,0.963975,0.959288,0.968663,0.978253,0.980592,0.975914,0.009738,0.007003,0.018349,0.023722,0.000100,18,0,9,0,1
cat_face_bass,prune,610,5088.766,0.099088,0.943394,0.940584,0.946205,29,0.00002423,2,0.036406,0.042217,0.030596,0.964146,0.958712,0.969579,0.977723,0.980292,0.975155,0.009846,0.006955,0.018491,0.024383,0.000100,18,0,9,0,1
cat_face_bass,prune,620,5114.123,0.101224,0.940658,0.940466,0.940850,29,0.00001857,3,0.039009,0.043517,0.034501,0.961653,0.957540,0.965766,0.977351,0.981393,0.973310,0.010032,0.007252,0.017573,0.025744,0.000100,18,0,9,0,1
cat_face_bass,prune,630,5139.449,0.099215,0.943579,0.940697,0.946461,29,0.00002899,3,0.037841,0.044218,0.031464,0.962851,0.956924,0.968777,0.979266,0.982293,0.976240,0.010488,0.007117,0.016250,0.023547,0.000100,18,0,9,0,1
cat_face_bass,prune,640,5164.825,0.101133,0.940716,0.939879,0.941553,29,0.00000468,1,0.038638,0.043317,0.033959,0.961994,0.957694,0.966293,0.977060,0.980592,0.973527,0.010021,0.006934,0.018511,0.026035,0.000100,18,0,9,0,1
cat_face_bass,prune,650,5495.712,0.101592,0.941506,0.937961,0.945051,29,0.00002897,1,0.038788,0.044918,0.032657,0.961899,0.956178,0.967620,0.978003,0.980092,0.975914,0.010471,0.007089,0.018691,0.023927,0.000100,18,0,9,0,1
cat_face_bass,prune,660,5522.029,0.100082,0.942601,0.938470,0.946731,29,0.00002545,1,0.037207,0.043818,0.030596,0.963390,0.957185,0.969596,0.977644,0.979592,0.975697,0.010293,0.006651,0.019523,0.023885,0.000100,18,0,9,0,1
cat_face_bass,prune,670,5547.631,0.099896,0.942192,0.938574,0.945810,29,0.00000978,1,0.037704,0.042317,0.033091,0.962890,0.958538,0.967243,0.977699,0.978291,0.977108,0.009847,0.007333,0.020274,0.021992,0.000100,18,0,9,0,1
cat_face_bass,prune,680,5573.704,0.104431,0.940012,0.934729,0.945296,29,0.00002215,1,0.040063,0.046819,0.033308,0.960681,0.954337,0.967025,0.977637,0.978491,0.976782,0.010791,0.007402,0.020451,0.022794,0.000100,18,0,9,0,1
cat_face_bass,prune,690,5599.419,0.105604,0.938663,0.935792,0.941533,29,0.00002588,1,0.042171,0.047019,0.037322,0.958701,0.954209,0.963193,0.978233,0.979792,0.976674,0.010920,0.007887,0.019302,0.022788,0.000100,18,0,9,0,1
cat_face_bass,prune,700,5953.480,0.103187,0.940283,0.936290,0.944276,29,0.00001032,1,0.040011,0.044218,0.035803,0.960709,0.956730,0.964687,0.977888,0.977691,0.978084,0.010575,0.007443,0.020919,0.021652,0.000100,18,0,9,0,1
cat_face_bass,prune,710,5978.337,0.101849,0.942056,0.935885,0.948227,29,0.00002854,0,0.038224,0.045418,0.031030,0.962438,0.955638,0.969237,0.978021,0.978391,0.977650,0.010781,0.006979,0.020318,0.021784,0.000100,18,0,9,0,1
cat_face_bass,prune,720,6003.949,0.103779,0.940618,0.935465,0.945770,29,0.00001985,2,0.038575,0.044818,0.032332,0.962051,0.956156,0.967947,0.976870,0.977391,0.976348,0.010857,0.006899,0.021391,0.022881,0.000100,18,0,9,0,1
cat_face_bass,prune,730,6029.441,0.106628,0.939021,0.936435,0.941607,29,0.00001978,1,0.040899,0.045018,0.036780,0.959857,0.956020,0.963693,0.977415,0.978591,0.976240,0.010511,0.008130,0.020665,0.023231,0.000100,18,0,9,0,1
cat_face_bass,prune,740,6054.942,0.104477,0.938801,0.934787,0.942815,29,0.00001181,1,0.038764,0.041617,0.035912,0.961773,0.959011,0.964534,0.975182,0.973689,0.976674,0.009841,0.007379,0.024707,0.022490,0.000100,18,0,9,0,1
cat_face_bass,prune,750,6371.640,0.105956,0.939395,0.935085,0.943705,29,0.00003109,2,0.039126,0.043317,0.034935,0.961476,0.957486,0.965465,0.976132,0.975590,0.976674,0.010305,0.007647,0.023016,0.022883,0.000100,18,0,9,0,1
cat_face_bass,prune,760,6396.821,0.101719,0.941598,0.935001,0.948194,29,0.00003541,0,0.036948,0.043517,0.030379,0.963573,0.957303,0.969844,0.976345,0.975690,0.976999,0.010171,0.006709,0.022825,0.022646,0.000100,18,0,9,0,1
cat_face_bass,prune,770,6422.363,0.099448,0.942744,0.936942,0.948545,29,0.00002636,2,0.035643,0.042317,0.028968,0.964822,0.958468,0.971176,0.976307,0.976591,0.976023,0.009777,0.006496,0.022321,0.023062,0.000100,18,0,9,0,1
cat_face_bass,prune,780,6447.862,0.100383,0.943180,0.937740,0.948621,29,0.00002647,2,0.035852,0.041216,0.030487,0.964626,0.959497,0.969756,0.976966,0.976391,0.977541,0.009778,0.006922,0.022874,0.021841,0.000100,18,0,9,0,1
cat_face_bass,prune,790,6473.448,0.101631,0.941759,0.937590,0.945929,29,0.00003223,2,0.036636,0.041917,0.031355,0.963859,0.958857,0.968861,0.976240,0.976891,0.975589,0.010012,0.006889,0.021753,0.023538,0.000100,18,0,9,0,1
cat_face_bass,prune,800,6807.139,0.100912,0.941781,0.937879,0.945682,28,0.00004132,2,0.035686,0.038715,0.032657,0.964710,0.961778,0.967641,0.975377,0.974190,0.976565,0.009105,0.007164,0.024495,0.022524,0.000100,18,0,10,0,1
cat_face_bass,prune,810,6831.923,0.102772,0.939240,0.936995,0.941485,28,0.00006665,2,0.037313,0.040016,0.034610,0.963122,0.960556,0.965688,0.974280,0.974490,0.974070,0.009140,0.006996,0.024289,0.025307,0.000100,18,0,10,0,1
cat_face_bass,prune,820,6856.625,0.098994,0.943032,0.938368,0.947695,28,0.00004166,2,0.034068,0.037215,0.030921,0.966247,0.963172,0.969322,0.975144,0.973289,0.976999,0.008670,0.006863,0.025189,0.022640,0.000100,18,0,10,0,1
cat_face_bass,prune,830,6881.272,0.097203,0.944030,0.940187,0.947873,28,0.00007538,2,0.032792,0.035314,0.030270,0.967463,0.964991,0.969935,0.974977,0.973389,0.976565,0.008365,0.006659,0.025428,0.022422,0.000100,18,0,10,0,1
cat_face_bass,prune,840,6905.909,0.099183,0.941713,0.940087,0.943339,28,0.00008949,2,0.036413,0.036915,0.035912,0.964033,0.963512,0.964553,0.976003,0.974790,0.977216,0.008475,0.007530,0.023945,0.022166,0.000100,18,0,10,0,1
cat_face_bass,prune,850,7235.981,0.101928,0.941332,0.941142,0.941521,28,0.00009609,2,0.036110,0.035114,0.037105,0.964300,0.965210,0.963391,0.975323,0.974190,0.976457,0.008182,0.008215,0.024945,0.022644,0.000100,18,0,10,0,1
cat_face_bass,prune,860,7261.080,0.101707,0.941178,0.940921,0.941435,28,0.00008763,3,0.036022,0.034614,0.037431,0.964377,0.965664,0.963090,0.975081,0.973489,0.976674,0.008025,0.008284,0.025108,0.022597,0.000100,18,0,10,0,1
cat_face_bass,prune,870,7286.036,0.101067,0.941429,0.941245,0.941613,28,0.00008518,2,0.036051,0.035214,0.036888,0.964357,0.965121,0.963594,0.975369,0.974390,0.976348,0.008114,0.008249,0.024192,0.022588,0.000100,18,0,10,0,1
cat_face_bass,prune,880,7311.002,0.098061,0.942456,0.942664,0.942247,28,0.00007714,2,0.036706,0.036415,0.036997,0.963792,0.964067,0.963518,0.977049,0.976991,0.977108,0.008492,0.007713,0.021955,0.022120,0.000100,18,0,10,0,1
cat_face_bass,prune,890,7335.845,0.097986,0.942231,0.943580,0.940882,28,0.00007929,2,0.037123,0.035514,0.038733,0.963404,0.964928,0.961879,0.977208,0.977091,0.977325,0.008393,0.007919,0.021823,0.021740,0.000100,18,0,10,0,1
cat_face_bass,prune,900,7659.514,0.099875,0.942427,0.942675,0.942179,28,0.00010727,2,0.037131,0.036615,0.037648,0.963402,0.963884,0.962919,0.977420,0.977191,0.977650,0.008653,0.008306,0.021813,0.021242,0.000100,18,0,10,0,1
cat_face_bass,prune,910,7684.147,0.100045,0.942260,0.942012,0.942507,28,0.00011260,2,0.035567,0.035114,0.036020,0.964832,0.965241,0.964423,0.975773,0.975090,0.976457,0.008179,0.008078,0.023593,0.022451,0.000100,18,0,10,0,1
cat_face_bass,prune,920,7708.763,0.097537,0.942120,0.940722,0.943519,28,0.00011591,2,0.035792,0.036214,0.035369,0.964619,0.964180,0.965059,0.975840,0.974790,0.976891,0.008292,0.007223,0.024011,0.022214,0.000100,18,0,10,0,1
cat_face_bass,prune,930,7733.314,0.103888,0.940586,0.939921,0.941250,28,0.00006892,2,0.035867,0.035714,0.036020,0.964495,0.964611,0.964378,0.974322,0.973489,0.975155,0.008301,0.008128,0.025582,0.024080,0.000100,18,0,10,0,1
cat_face_bass,prune,940,7757.620,0.097597,0.943869,0.943015,0.944724,28,0.00011108,1,0.035180,0.034014,0.036346,0.965249,0.966293,0.964206,0.977075,0.975090,0.979060,0.008009,0.008155,0.023797,0.019898,0.000100,18,0,10,0,1
cat_face_bass,prune,950,8111.230,0.096092,0.944809,0.942702,0.946916,28,0.00007591,2,0.033895,0.033613,0.034176,0.966466,0.966653,0.966278,0.976834,0.974390,0.979277,0.007844,0.007561,0.024991,0.020101,0.000100,18,0,10,0,1
cat_face_bass,prune,960,8135.534,0.097453,0.944337,0.943718,0.944956,28,0.00010865,2,0.034746,0.032713,0.036780,0.965670,0.967524,0.963817,0.977151,0.974590,0.979711,0.007826,0.008113,0.024424,0.020017,0.000100,18,0,10,0,1
cat_face_bass,prune,970,8159.246,0.096696,0.944344,0.944778,0.943910,28,0.00009088,2,0.034696,0.032613,0.036780,0.965715,0.967652,0.963778,0.977108,0.975590,0.978626,0.007516,0.008168,0.023578,0.021055,0.000100,18,0,10,0,1
cat_face_bass,prune,980,8183.658,0.096159,0.943991,0.943783,0.944200,28,0.00004524,2,0.034153,0.033914,0.034393,0.966198,0.966412,0.965983,0.976232,0.975790,0.976674,0.007993,0.007267,0.023262,0.022506,0.000100,18,0,10,0,1
cat_face_bass,prune,990,8208.362,0.094323,0.945947,0.941330,0.950564,28,0.00006402,2,0.032154,0.035014,0.029294,0.968119,0.965309,0.970930,0.976350,0.974290,0.978409,0.008147,0.006698,0.024322,0.021053,0.000100,18,0,10,0,1
cat_face_bass,prune,1000,8520.910,0.092933,0.946148,0.941927,0.950369,27,0.00003420,2,0.032467,0.035314,0.029619,0.967836,0.965053,0.970620,0.976854,0.975190,0.978518,0.008161,0.006585,0.023526,0.020725,0.000100,18,0,11,0,1
cat_face_bass,prune,1010,8544.636,0.097372,0.941607,0.941239,0.941976,27,0.00001547,1,0.037286,0.036815,0.037756,0.963230,0.963647,0.962813,0.976716,0.975890,0.977541,0.008202,0.007529,0.023425,0.021828,0.000100,18,0,11,0,1
cat_face_bass,prune,1020,8568.462,0.095520,0.944823,0.941426,0.948220,27,0.00001463,1,0.035699,0.038415,0.032983,0.964807,0.962190,0.967424,0.978543,0.977591,0.979494,0.008962,0.007201,0.021675,0.019795,0.000100,18,0,11,0,1
cat_face_bass,prune,1030,8592.239,0.094228,0.945739,0.942747,0.948731,27,0.00000162,0,0.032505,0.034414,0.030596,0.967786,0.965914,0.969658,0.976474,0.975190,0.977758,0.008073,0.006785,0.023769,0.021496,0.000100,18,0,11,0,1
cat_face_bass,prune,1040,8615.392,0.092699,0.945942,0.945317,0.946567,27,0.00000132,0,0.032669,0.031813,0.033525,0.967641,0.968415,0.966867,0.976846,0.975390,0.978301,0.007469,0.007040,0.023847,0.021112,0.000100,18,0,11,0,1
cat_face_bass,prune,1050,8928.813,0.091284,0.946827,0.944391,0.949263,27,0.00000117,1,0.031659,0.032613,0.030704,0.968606,0.967639,0.969573,0.976800,0.975190,0.978409,0.007513,0.006728,0.023583,0.020878,0.000100,18,0,11,0,1
cat_face_bass,prune,1060,8952.389,0.092710,0.944801,0.943928,0.945674,27,0.00000267,0,0.033757,0.033013,0.034501,0.966593,0.967252,0.965935,0.976696,0.975090,0.978301,0.007516,0.006997,0.023844,0.021112,0.000100,18,0,11,0,1
cat_face_bass,prune,1070,8975.415,0.091757,0.946988,0.944434,0.949542,27,0.00001392,0,0.031679,0.033413,0.029945,0.968594,0.966898,0.970291,0.976983,0.975990,0.977975,0.007742,0.006585,0.023025,0.021609,0.000100,18,0,11,0,1
cat_face_bass,prune,1080,8998.550,0.092818,0.945300,0.943971,0.946629,27,0.00000627,1,0.034266,0.033814,0.034718,0.966140,0.966511,0.965768,0.977692,0.975890,0.979494,0.007834,0.007113,0.023419,0.019917,0.000100,18,0,11,0,1
cat_face_bass,prune,1090,9021.834,0.091776,0.947677,0.944649,0.950706,27,0.00000413,1,0.031933,0.033814,0.030053,0.968380,0.966535,0.970225,0.977934,0.976591,0.979277,0.007860,0.006796,0.022670,0.020677,0.000100,18,0,11,0,1
cat_face_bass,prune,1100,9325.719,0.091771,0.946458,0.944046,0.948869,27,0.00000842,1,0.032330,0.033413,0.031247,0.967970,0.966885,0.969056,0.977054,0.975590,0.978518,0.007579,0.006810,0.023121,0.021287,0.000100,18,0,11,0,1
cat_face_bass,prune,1110,9349.551,0.095317,0.943555,0.942805,0.944305,27,0.00001130,1,0.035030,0.033713,0.036346,0.965377,0.966564,0.964190,0.976608,0.974590,0.978626,0.007923,0.007321,0.024258,0.020664,0.000100,18,0,11,0,1
cat_face_bass,prune,1120,9373.291,0.093936,0.945968,0.943687,0.948249,27,0.00001453,0,0.032689,0.033914,0.031464,0.967621,0.966409,0.968834,0.976887,0.975690,0.978084,0.008059,0.006900,0.023131,0.021399,0.000100,18,0,11,0,1
cat_face_bass,prune,1130,9396.791,0.093558,0.945978,0.944842,0.947114,27,0.00001052,0,0.033886,0.033814,0.033959,0.966513,0.966541,0.966485,0.978034,0.976791,0.979277,0.007952,0.007337,0.022511,0.020278,0.000100,18,0,11,0,1
cat_face_bass,prune,1140,9419.907,0.093423,0.946480,0.945316,0.947645,27,0.00001531,0,0.032810,0.033613,0.032006,0.967526,0.966743,0.968310,0.977533,0.977091,0.977975,0.007784,0.007187,0.022404,0.021503,0.000100,18,0,11,0,1
cat_face_bass,prune,1150,9709.750,0.095896,0.943216,0.942802,0.943631,27,0.00001133,0,0.036422,0.035414,0.037431,0.964082,0.964992,0.963173,0.977571,0.976190,0.978952,0.008074,0.007558,0.023404,0.020613,0.000100,18,0,11,0,1
cat_face_bass,prune,1160,9733.242,0.097417,0.942256,0.942832,0.941680,27,0.00000899,0,0.037070,0.034214,0.039926,0.963464,0.966102,0.960826,0.977184,0.975090,0.979277,0.008006,0.008012,0.024069,0.020089,0.000100,18,0,11,0,1
cat_face_bass,prune,1170,9756.245,0.096277,0.944504,0.944186,0.944823,27,0.00001151,0,0.034325,0.032413,0.036237,0.966064,0.967819,0.964309,0.976925,0.974790,0.979060,0.007654,0.007930,0.024506,0.020121,0.000100,18,0,11,0,1
cat_face_bass,prune,1180,9779.144,0.095337,0.944385,0.942404,0.946365,27,0.00001127,0,0.035454,0.035214,0.035695,0.965012,0.965162,0.964862,0.977868,0.975590,0.980145,0.007994,0.007712,0.023774,0.019324,0.000100,18,0,11,0,1
cat_face_bass,prune,1190,9802.212,0.097069,0.944024,0.943296,0.944753,27,0.00000769,0,0.036251,0.035614,0.036888,0.964268,0.964826,0.963710,0.978247,0.976891,0.979603,0.008295,0.008155,0.022504,0.019542,0.000100,18,0,11,0,1
cat_face_bass,prune,1200,10102.904,0.098115,0.942184,0.945085,0.939283,27,0.00000333,0,0.037342,0.032913,0.041771,0.963222,0.967384,0.959060,0.977354,0.976190,0.978518,0.007778,0.008492,0.023057,0.020876,0.000100,18,0,11,0,1
cat_face_bass,prune,1210,10126.178,0.098437,0.941652,0.943875,0.939429,27,0.00001558,0,0.037250,0.033814,0.040686,0.963278,0.966508,0.960047,0.976720,0.975790,0.977650,0.007779,0.008270,0.023584,0.021582,0.000100,18,0,11,0,1
cat_face_bass,prune,1220,10149.287,0.100065,0.942096,0.943212,0.940980,27,0.00000563,0,0.036391,0.032313,0.040469,0.964093,0.967880,0.960306,0.976375,0.973689,0.979060,0.007602,0.008742,0.025448,0.020354,0.000100,18,0,11,0,1
cat_face_bass,prune,1230,10172.509,0.100895,0.941512,0.941245,0.941779,27,0.00000741,1,0.036594,0.035214,0.037973,0.963864,0.965121,0.962607,0.975966,0.974390,0.977541,0.007980,0.008353,0.024973,0.021796,0.000100,18,0,11,0,1
cat_face_bass,prune,1240,10195.898,0.100420,0.942001,0.940330,0.943672,27,0.00000880,1,0.037152,0.036114,0.038190,0.963369,0.964257,0.962481,0.977001,0.974290,0.979711,0.008212,0.008546,0.024861,0.019679,0.000100,18,0,11,0,1
cat_face_bass,prune,1250,10494.651,0.096605,0.942374,0.943283,0.941465,27,0.00000850,1,0.035793,0.033613,0.037973,0.964634,0.966673,0.962595,0.976103,0.974990,0.977216,0.007751,0.007616,0.024142,0.021723,0.000100,18,0,11,0,1
cat_face_bass,prune,1260,10517.933,0.097627,0.943056,0.943372,0.942741,27,0.00001726,0,0.034084,0.031713,0.036454,0.966239,0.968445,0.964033,0.975198,0.973289,0.977108,0.007402,0.007719,0.025833,0.022145,0.000100,18,0,11,0,1
cat_face_bass,prune,1270,10541.126,0.093890,0.943967,0.944030,0.943904,27,0.00001730,0,0.034892,0.033113,0.036671,0.965520,0.967163,0.963877,0.976904,0.975290,0.978518,0.007508,0.007423,0.023706,0.020879,0.000100,18,0,11,0,1
cat_face_bass,prune,1280,10564.170,0.093228,0.945200,0.944208,0.946193,27,0.00001640,0,0.034503,0.034614,0.034393,0.965916,0.965780,0.966053,0.977813,0.976891,0.978735,0.007719,0.007423,0.022313,0.020693,0.000100,18,0,11,0,1
cat_face_bass,prune,1290,10587.377,0.091679,0.946322,0.944778,0.947866,27,0.00001003,0,0.033318,0.034414,0.032223,0.967050,0.965984,0.968116,0.977850,0.977291,0.978409,0.007897,0.006844,0.022133,0.020760,0.000100,18,0,11,0,1
cat_face_bass,prune,1300,10884.404,0.090074,0.947722,0.946726,0.948718,27,0.00000889,0,0.032627,0.032813,0.032440,0.967737,0.967531,0.967943,0.978643,0.977791,0.979494,0.007449,0.007304,0.021180,0.019882,0.000100,18,0,11,0,1
cat_face_bass,prune,1310,10907.430,0.088935,0.947916,0.951026,0.944805,27,0.00000464,0,0.034763,0.033613,0.035912,0.965771,0.966936,0.964607,0.980864,0.982993,0.978735,0.007729,0.007824,0.016054,0.020549,0.000100,18,0,11,0,1
cat_face_bass,prune,1320,10930.455,0.088148,0.948126,0.951971,0.944281,27,0.00000546,0,0.034587,0.035214,0.033959,0.965944,0.965500,0.966387,0.980921,0.985494,0.976348,0.008282,0.007053,0.013518,0.023080,0.000100,18,0,11,0,1
cat_face_bass,prune,1330,10953.533,0.087168,0.948574,0.952243,0.944904,27,0.00000386,0,0.036359,0.036915,0.035803,0.964335,0.963961,0.964710,0.983065,0.987395,0.978735,0.008499,0.007642,0.011862,0.020422,0.000100,18,0,11,0,1
cat_face_bass,prune,1340,10976.530,0.086358,0.949749,0.953562,0.945935,27,0.00000326,0,0.035846,0.036214,0.035478,0.964845,0.964645,0.965045,0.983795,0.988095,0.979494,0.008434,0.007788,0.011244,0.019819,0.000100,18,0,11,0,1
cat_face_bass,prune,1350,11298.634,0.086094,0.949550,0.953439,0.945660,27,0.00001044,0,0.035926,0.035614,0.036237,0.964763,0.965187,0.964339,0.983662,0.987395,0.979928,0.008372,0.007754,0.011469,0.019681,0.000100,18,0,11,0,1
cat_face_bass,prune,1360,11321.628,0.085954,0.949244,0.953851,0.944637,27,0.00000646,0,0.034366,0.034014,0.034718,0.966181,0.966663,0.965698,0.981864,0.986295,0.977433,0.007731,0.007397,0.012669,0.022319,0.000100,18,0,11,0,1
cat_face_bass,prune,1370,11344.537,0.084739,0.950522,0.954167,0.946877,27,0.00000171,0,0.032915,0.032413,0.033417,0.967561,0.968145,0.966978,0.981806,0.985094,0.978518,0.007576,0.007221,0.013939,0.021028,0.000100,18,0,11,0,1
cat_face_bass,prune,1380,11367.608,0.081541,0.950451,0.955538,0.945363,27,0.00001209,0,0.033538,0.030512,0.036563,0.966988,0.969945,0.964030,0.982311,0.984694,0.979928,0.006995,0.007193,0.014268,0.019573,0.000100,18,0,11,0,1
cat_face_bass,prune,1390,11390.721,0.082513,0.950620,0.954810,0.946429,27,0.00000712,0,0.031143,0.029412,0.032874,0.969205,0.970946,0.967465,0.980217,0.982893,0.977541,0.006842,0.006598,0.015947,0.021970,0.000100,18,0,11,0,1
cat_face_bass,prune,1400,11670.861,0.079642,0.953430,0.954237,0.952622,26,0.00000148,0,0.030011,0.031813,0.028209,0.970354,0.968701,0.972007,0.982044,0.984594,0.979494,0.007342,0.006207,0.014365,0.019931,0.000100,18,0,12,0,1
cat_face_bass,prune,1410,11693.046,0.086565,0.949158,0.949633,0.948683,26,0.00001150,0,0.032217,0.034814,0.029619,0.968177,0.965785,0.970569,0.979738,0.982693,0.976782,0.007796,0.006423,0.016536,0.022760,0.000100,18,0,12,0,1
cat_face_bass,prune,1420,11715.222,0.084229,0.950770,0.952330,0.949210,26,0.00001104,0,0.032117,0.034614,0.029619,0.968323,0.966062,0.970585,0.981309,0.985294,0.977325,0.007947,0.006354,0.014321,0.022053,0.000100,18,0,12,0,1
cat_face_bass,prune,1430,11737.678,0.084241,0.951180,0.952837,0.949522,26,0.00002034,0,0.032347,0.033013,0.031681,0.968111,0.967548,0.968673,0.981948,0.984294,0.979603,0.007655,0.006951,0.015107,0.020058,0.000100,18,0,12,0,1
cat_face_bass,prune,1440,11759.694,0.082652,0.952248,0.954427,0.950068,26,0.00001363,0,0.031929,0.033914,0.029945,0.968541,0.966774,0.970307,0.982656,0.986795,0.978518,0.007647,0.006848,0.012610,0.021234,0.000100,18,0,12,0,1
cat_face_bass,prune,1450,12036.182,0.081674,0.952749,0.953751,0.951747,26,0.00001374,0,0.031836,0.036114,0.027558,0.968668,0.964743,0.972594,0.983085,0.988195,0.977975,0.008324,0.006223,0.010952,0.021597,0.000100,18,0,12,0,1
cat_face_bass,prune,1460,12058.272,0.082036,0.951949,0.954387,0.949510,26,0.00000538,0,0.032254,0.035214,0.029294,0.968242,0.965585,0.970899,0.982660,0.987995,0.977325,0.008054,0.006420,0.011210,0.022043,0.000100,18,0,12,0,1
cat_face_bass,prune,1470,12080.114,0.080313,0.953269,0.955878,0.950659,26,0.00000632,0,0.031495,0.033914,0.029077,0.968980,0.966823,0.971136,0.983298,0.988295,0.978301,0.007781,0.006492,0.010909,0.021229,0.000100,18,0,12,0,1
cat_face_bass,prune,1480,12102.041,0.078916,0.954425,0.956851,0.951999,26,0.00000755,0,0.030069,0.031713,0.028426,0.970331,0.968876,0.971785,0.983128,0.987195,0.979060,0.007387,0.006408,0.012118,0.020382,0.000100,18,0,12,0,1
cat_face_bass,prune,1490,12123.697,0.079973,0.954069,0.957003,0.951135,26,0.00000953,0,0.029352,0.030712,0.027992,0.970986,0.969804,0.972168,0.982077,0.986395,0.977758,0.007159,0.006428,0.012635,0.021871,0.000100,18,0,12,0,1
cat_face_bass,prune,1500,12402.642,0.081535,0.951632,0.955286,0.947977,26,0.00000430,1,0.031872,0.031413,0.032332,0.968561,0.969104,0.968019,0.981960,0.985294,0.978626,0.007376,0.006548,0.013818,0.021076,0.000100,18,0,12,0,1
cat_face_bass,prune,1510,12424.842,0.082052,0.952754,0.954453,0.951055,26,0.00000355,1,0.030424,0.032313,0.028534,0.969951,0.968246,0.971656,0.981743,0.985294,0.978192,0.007608,0.006369,0.013903,0.021357,0.000100,18,0,12,0,1
cat_face_bass,prune,1520,12446.768,0.084199,0.951000,0.954145,0.947855,26,0.00000633,0,0.033060,0.034114,0.032006,0.967449,0.966582,0.968317,0.982444,0.986695,0.978192,0.007871,0.007061,0.012236,0.021589,0.000100,18,0,12,0,1
cat_face_bass,prune,1530,12469.184,0.080653,0.953369,0.954805,0.951933,26,0.00000704,0,0.030364,0.033713,0.027015,0.970040,0.966970,0.973110,0.982322,0.986995,0.977650,0.007916,0.005943,0.012171,0.022003,0.000100,18,0,12,0,1
cat_face_bass,prune,1540,12491.395,0.082295,0.952574,0.953833,0.951315,26,0.00001522,0,0.030477,0.033613,0.027341,0.969908,0.967030,0.972786,0.981609,0.985894,0.977325,0.007731,0.006253,0.013258,0.022233,0.000100,18,0,12,0,1
cat_face_bass,prune,1550,12778.779,0.081244,0.952697,0.953843,0.951552,26,0.00000530,1,0.031949,0.036014,0.027883,0.968560,0.964837,0.972282,0.983140,0.988195,0.978084,0.008333,0.006125,0.010964,0.021471,0.000100,18,0,12,0,1
cat_face_bass,prune,1560,12801.082,0.084100,0.951808,0.952165,0.951451,26,0.00001241,0,0.032653,0.037315,0.027992,0.967886,0.963596,0.972177,0.982890,0.987695,0.978084,0.008769,0.006359,0.011507,0.021419,0.000100,18,0,12,0,1
cat_face_bass,prune,1570,12823.289,0.083217,0.952307,0.952841,0.951773,26,0.00000357,1,0.031657,0.035214,0.028100,0.968808,0.965531,0.972085,0.982456,0.986395,0.978518,0.008222,0.006373,0.012744,0.021336,0.000100,18,0,12,0,1
cat_face_bass,prune,1580,12845.518,0.084231,0.949329,0.954638,0.944019,26,0.00000647,0,0.034625,0.034314,0.034935,0.965946,0.966415,0.965477,0.982197,0.987395,0.976999,0.008023,0.006797,0.011777,0.022528,0.000100,18,0,12,0,1
cat_face_bass,prune,1590,12867.778,0.082284,0.950619,0.953742,0.947496,26,0.00000572,0,0.034557,0.035914,0.033200,0.966062,0.964924,0.967199,0.983474,0.987995,0.978952,0.008292,0.006715,0.011072,0.020320,0.000100,18,0,12,0,1
cat_face_bass,prune,1600,13116.880,0.082079,0.952574,0.954480,0.950669,26,0.00000435,0,0.032204,0.035114,0.029294,0.968306,0.965679,0.970933,0.983257,0.987995,0.978518,0.008237,0.006530,0.011219,0.020906,0.000100,18,0,12,0,1
cat_face_bass,prune,1610,13138.994,0.081673,0.952454,0.953632,0.951276,26,0.00000336,0,0.032183,0.035614,0.028751,0.968326,0.965194,0.971459,0.983111,0.987595,0.978626,0.008181,0.006394,0.011579,0.020864,0.000100,18,0,12,0,1
cat_face_bass,prune,1620,13161.279,0.083038,0.952227,0.952956,0.951497,26,0.00000522,0,0.032291,0.035614,0.028968,0.968216,0.965170,0.971263,0.982978,0.986895,0.979060,0.008230,0.006601,0.012411,0.020528,0.000100,18,0,12,0,1
cat_face_bass,prune,1630,13183.634,0.084813,0.949585,0.952427,0.946744,26,0.00000841,0,0.033744,0.034614,0.032874,0.966770,0.966065,0.967475,0.981631,0.985394,0.977867,0.008000,0.006742,0.013542,0.021721,0.000100,18,0,12,0,1
cat_face_bass,prune,1640,13205.950,0.084067,0.951248,0.954550,0.947945,26,0.00000429,0,0.032066,0.034514,0.029619,0.968388,0.966229,0.970547,0.981759,0.987495,0.976023,0.007830,0.006755,0.011700,0.023365,0.000100,18,0,12,0,1
cat_face_bass,prune,1650,13471.298,0.082346,0.952350,0.955633,0.949067,26,0.00000682,0,0.030786,0.032713,0.028860,0.969604,0.967916,0.971293,0.981676,0.986895,0.976457,0.007686,0.006452,0.012227,0.022712,0.000100,18,0,12,0,1
cat_face_bass,prune,1660,13493.535,0.084293,0.949162,0.953455,0.944870,26,0.00000569,0,0.034483,0.033814,0.035152,0.966070,0.966833,0.965307,0.981889,0.985694,0.978084,0.007812,0.006966,0.013502,0.021038,0.000100,18,0,12,0,1
cat_face_bass,prune,1670,13515.626,0.084460,0.949077,0.954193,0.943961,26,0.00000928,0,0.034408,0.033013,0.035803,0.966134,0.967593,0.964676,0.981726,0.985694,0.977758,0.007581,0.007181,0.013166,0.021622,0.000100,18,0,12,0,1
cat_face_bass,prune,1680,13538.045,0.085220,0.949148,0.953816,0.944479,26,0.00001227,0,0.035555,0.035414,0.035695,0.965088,0.965382,0.964794,0.982894,0.987595,0.978192,0.008206,0.007325,0.011488,0.021065,0.000100,18,0,12,0,1
cat_face_bass,prune,1690,13560.211,0.088125,0.949770,0.953671,0.945869,26,0.00003345,0,0.033268,0.034314,0.032223,0.967217,0.966382,0.968051,0.981371,0.986395,0.976348,0.007976,0.007578,0.012511,0.023164,0.000100,18,0,12,0,1
cat_face_bass,prune,1700,13862.607,0.088212,0.948739,0.951255,0.946224,26,0.00003156,1,0.034699,0.036415,0.032983,0.965869,0.964380,0.967357,0.981664,0.985894,0.977433,0.008262,0.007533,0.012717,0.022091,0.000100,18,0,12,0,1
cat_face_bass,prune,1710,13884.883,0.093940,0.945368,0.950063,0.940673,26,0.00005397,1,0.037224,0.035714,0.038733,0.963424,0.964976,0.961871,0.980551,0.983994,0.977108,0.008211,0.008514,0.015077,0.022357,0.000100,18,0,12,0,1
cat_face_bass,prune,1720,13907.367,0.085827,0.950569,0.953122,0.948016,26,0.00005423,0,0.033022,0.035014,0.031030,0.967477,0.965723,0.969231,0.981964,0.986495,0.977433,0.008151,0.006958,0.012898,0.021987,0.000100,18,0,12,0,1
cat_face_bass,prune,1730,13929.655,0.084631,0.951373,0.953917,0.948829,26,0.00008930,0,0.031916,0.035514,0.028317,0.968545,0.965295,0.971796,0.981746,0.987795,0.975697,0.008256,0.006434,0.011344,0.023861,0.000100,18,0,12,0,1
cat_face_bass,prune,1740,13951.613,0.089147,0.947728,0.951991,0.943465,26,0.00011118,1,0.036054,0.037715,0.034393,0.964592,0.963227,0.965958,0.981905,0.987895,0.975914,0.008716,0.007359,0.011017,0.023650,0.000100,18,0,12,0,1
cat_face_bass,prune,1750,14256.049,0.088616,0.948913,0.951806,0.946020,26,0.00012290,0,0.034453,0.035814,0.033091,0.966098,0.964947,0.967250,0.981609,0.985894,0.977325,0.008317,0.007448,0.013112,0.022195,0.000100,18,0,12,0,1
cat_face_bass,prune,1760,14278.319,0.087451,0.949783,0.951948,0.947618,26,0.00012944,0,0.033089,0.034714,0.031464,0.967385,0.965957,0.968814,0.981214,0.984994,0.977433,0.008080,0.007157,0.014330,0.021788,0.000100,18,0,12,0,1
cat_face_bass,prune,1770,14300.393,0.084560,0.951621,0.954954,0.948289,26,0.00014803,0,0.032538,0.034914,0.030162,0.967964,0.965878,0.970050,0.982593,0.988295,0.976891,0.008245,0.006782,0.011083,0.022651,0.000100,18,0,12,0,1
cat_face_bass,prune,1780,14322.551,0.084977,0.950736,0.953949,0.947523,26,0.00014564,1,0.033948,0.036214,0.031681,0.966634,0.964659,0.968609,0.983018,0.988495,0.977541,0.008335,0.007037,0.010742,0.022075,0.000100,18,0,12,0,1
cat_face_bass,base,1,1.529,1.742947,0.158133,0.190908,0.125358,20,0.00019250,0,0.163478,0.113545,0.213410,0.533994,0.651840,0.416147,0.182348,0.212585,0.152110,0.028211,0.048291,0.784822,0.845628,0.000000,0,0,0,0,0
cat_face_bass,base,10,11.666,1.586278,0.208772,0.243271,0.174274,20,0.00001569,1,0.125622,0.088936,0.162309,0.651908,0.748657,0.555159,0.233733,0.264906,0.202560,0.022014,0.036704,0.732020,0.795627,0.000000,0,0,0,0,0
cat_face_bass,base,20,22.618,1.433843,0.272565,0.303484,0.241646,20,0.00000191,1,0.106655,0.076931,0.136378,0.738814,0.809465,0.668163,0.300716,0.326831,0.274601,0.018979,0.030770,0.670873,0.723289,0.000000,0,0,0,0,0
cat_face_bass,base,30,33.119,1.295866,0.338596,0.365317,0.311875,20,0.00000000,0,0.103124,0.077031,0.129218,0.783925,0.836275,0.731575,0.372816,0.393457,0.352175,0.018755,0.028806,0.603334,0.646273,0.000000,0,0,0,0,0
cat_face_bass,base,40,43.554,1.159843,0.406015,0.432372,0.379657,20,0.00000000,0,0.098255,0.075430,0.121081,0.819475,0.860422,0.778527,0.445306,0.464986,0.425627,0.018696,0.027217,0.532012,0.573047,0.000000,0,0,0,0,0
cat_face_bass,base,50,53.970,1.017498,0.475935,0.502745,0.449125,20,0.00000000,0,0.095230,0.075130,0.115330,0.845409,0.877966,0.812852,0.520719,0.540516,0.500922,0.018371,0.025780,0.456576,0.497374,0.000000,0,0,0,0,0
cat_face_bass,base,60,64.541,0.864256,0.552486,0.569584,0.535388,20,0.00008586,0,0.091036,0.076831,0.105240,0.868842,0.888680,0.849004,0.602539,0.613345,0.591733,0.018851,0.023598,0.384398,0.406024,0.000000,0,0,0,0,0
cat_face_bass,base,70,75.071,0.746521,0.614193,0.617312,0.611073,20,0.00049849,0,0.095439,0.081733,0.109146,0.876125,0.890950,0.861299,0.672768,0.667767,0.677769,0.020072,0.024356,0.330339,0.321027,0.000000,0,0,0,0,0
cat_face_bass,base,80,85.536,0.644670,0.667058,0.654993,0.679123,20,0.00128362,1,0.098663,0.094038,0.103287,0.881422,0.883994,0.878850,0.732927,0.716587,0.749268,0.022946,0.023333,0.281565,0.248622,0.000000,0,0,0,0,0
cat_face_bass,base,90,96.084,0.574355,0.702114,0.668185,0.736044,20,0.00160368,1,0.100162,0.098339,0.101985,0.885072,0.881837,0.888308,0.772502,0.733894,0.811110,0.023866,0.022566,0.264205,0.186994,0.000000,0,0,0,0,0
cat_face_bass,base,100,106.421,0.522167,0.729420,0.680007,0.778832,20,0.00202420,2,0.097601,0.097339,0.097863,0.890954,0.884606,0.897302,0.800624,0.746198,0.855050,0.023844,0.021849,0.252437,0.143402,0.000000,0,0,0,0,0
cat_face_bass,base,110,116.933,0.486906,0.745160,0.690141,0.800179,20,0.00192098,2,0.087416,0.086735,0.088098,0.902228,0.896341,0.908114,0.810337,0.750000,0.870674,0.021368,0.019556,0.248001,0.127818,0.000000,0,0,0,0,0
cat_face_bass,base,120,127.205,0.465927,0.756456,0.701588,0.811325,20,0.00269243,2,0.089902,0.089536,0.090268,0.901276,0.895150,0.907401,0.824483,0.764406,0.884561,0.021985,0.019945,0.233432,0.114452,0.000000,0,0,0,0,0
cat_face_bass,base,130,137.637,0.444363,0.766473,0.707038,0.825908,20,0.00323246,1,0.084146,0.084534,0.083758,0.907568,0.900705,0.914431,0.830946,0.766807,0.895085,0.020657,0.018207,0.232051,0.103714,0.000000,0,0,0,0,0
cat_face_bass,base,140,148.194,0.432998,0.771547,0.707085,0.836010,20,0.00371449,2,0.081339,0.081633,0.081046,0.910631,0.903557,0.917704,0.834285,0.764806,0.903765,0.019588,0.017796,0.233986,0.094697,0.000000,0,0,0,0,0
cat_face_bass,base,150,158.894,0.428855,0.773669,0.707648,0.839689,20,0.00376515,2,0.075967,0.076531,0.075404,0.915822,0.908711,0.922932,0.832405,0.761805,0.903005,0.018676,0.016541,0.236550,0.096159,0.000000,0,0,0,0,0
cat_face_bass,base,160,169.478,0.422698,0.776065,0.711964,0.840166,20,0.00371965,2,0.074427,0.077031,0.071824,0.917423,0.908714,0.926133,0.833658,0.766807,0.900510,0.018510,0.015691,0.232018,0.097949,0.000000,0,0,0,0,0
cat_face_bass,base,170,180.267,0.400611,0.787421,0.724292,0.850550,20,0.00382299,1,0.069509,0.074030,0.064989,0.923081,0.913105,0.933058,0.841869,0.777911,0.905826,0.018092,0.014137,0.220300,0.092934,0.000000,0,0,0,0,0
cat_face_bass,base,180,190.739,0.378657,0.799663,0.738912,0.860415,20,0.00381642,1,0.067302,0.073629,0.060974,0.926229,0.915070,0.937389,0.853098,0.793317,0.912878,0.018093,0.013347,0.205597,0.086405,0.000000,0,0,0,0,0
cat_face_bass,base,190,201.060,0.355697,0.810671,0.754824,0.866517,20,0.00367560,1,0.067323,0.073129,0.061517,0.927254,0.917195,0.937313,0.864923,0.810024,0.919822,0.017882,0.013412,0.188837,0.078344,0.000000,0,0,0,0,0
cat_face_bass,base,200,211.565,0.337876,0.820943,0.765589,0.876297,20,0.00417826,0,0.064656,0.073329,0.055984,0.930513,0.918073,0.942952,0.873542,0.821729,0.925355,0.018148,0.012210,0.177314,0.073423,0.000000,0,0,0,0,0
cat_face_bass,base,210,222.199,0.326210,0.827229,0.774611,0.879847,20,0.00452952,2,0.063049,0.074130,0.051969,0.932515,0.918194,0.946837,0.878803,0.832033,0.925572,0.018269,0.011437,0.166483,0.073626,0.000000,0,0,0,0,0
cat_face_bass,base,220,232.691,0.312470,0.835224,0.784621,0.885827,20,0.00485356,2,0.062863,0.078531,0.047195,0.933333,0.915080,0.951586,0.886936,0.846238,0.927634,0.019294,0.010454,0.152818,0.071603,0.000000,0,0,0,0,0
cat_face_bass,base,230,243.176,0.306060,0.838351,0.790222,0.886479,20,0.00509152,2,0.060949,0.076331,0.045568,0.935394,0.917647,0.953141,0.888707,0.850540,0.926874,0.018823,0.010021,0.148602,0.072129,0.000000,0,0,0,0,0
cat_face_bass,base,240,253.780,0.300006,0.841168,0.794776,0.887560,20,0.00521908,2,0.059702,0.076331,0.043073,0.936812,0.918080,0.955543,0.890616,0.855442,0.925789,0.018766,0.009454,0.143361,0.073039,0.000000,0,0,0,0,0
cat_face_bass,base,250,264.281,0.293738,0.844398,0.797546,0.891250,20,0.00479494,2,0.058892,0.076230,0.041554,0.937793,0.918433,0.957154,0.893314,0.858343,0.928285,0.018760,0.009073,0.140345,0.070970,0.000000,0,0,0,0,0
cat_face_bass,base,260,274.784,0.289524,0.846612,0.800408,0.892816,20,0.00476221,1,0.059354,0.078131,0.040577,0.937564,0.916977,0.958152,0.895995,0.862945,0.929044,0.019167,0.008803,0.136206,0.069905,0.000000,0,0,0,0,0
cat_face_bass,base,270,285.386,0.283005,0.849813,0.806012,0.893615,20,0.00495405,1,0.058261,0.078331,0.038190,0.938895,0.917327,0.960463,0.898445,0.869148,0.927742,0.019251,0.008176,0.129852,0.071036,0.000000,0,0,0,0,0
cat_face_bass,base,280,295.942,0.277765,0.853157,0.810489,0.895825,20,0.00479966,1,0.055003,0.075830,0.034176,0.942207,0.919992,0.964423,0.899195,0.871949,0.926440,0.018761,0.007499,0.127087,0.072769,0.000000,0,0,0,0,0
cat_face_bass,base,290,306.407,0.266310,0.858327,0.819419,0.897234,20,0.00468019,1,0.054662,0.073629,0.035695,0.942889,0.922770,0.963009,0.904507,0.879752,0.929261,0.018048,0.007744,0.119477,0.069616,0.000000,0,0,0,0,0
cat_face_bass,base,300,316.834,0.253546,0.864311,0.824755,0.903866,20,0.00456026,1,0.051793,0.070928,0.032657,0.945930,0.925666,0.966195,0.908319,0.883253,0.933384,0.017184,0.007011,0.115872,0.065517,0.000000,0,0,0,0,0
cat_face_bass,base,310,327.305,0.242753,0.869558,0.835836,0.903280,20,0.00387655,2,0.048916,0.065826,0.032006,0.948999,0.931193,0.966805,0.911523,0.890856,0.932191,0.016125,0.006893,0.107774,0.066867,0.000000,0,0,0,0,0
cat_face_bass,base,320,337.790,0.232438,0.874271,0.843665,0.904877,20,0.00314275,4,0.049013,0.063525,0.034501,0.949168,0.933882,0.964453,0.916678,0.897259,0.936096,0.015492,0.007454,0.101504,0.062531,0.000000,0,0,0,0,0
cat_face_bass,base,330,348.262,0.224855,0.878336,0.849953,0.906718,20,0.00265121,4,0.048289,0.061425,0.035152,0.950077,0.936254,0.963900,0.920376,0.902161,0.938592,0.015083,0.007671,0.096107,0.060652,0.000000,0,0,0,0,0
cat_face_bass,base,340,358.618,0.224311,0.878600,0.849953,0.907248,20,0.00271302,4,0.048150,0.063425,0.032874,0.950269,0.934430,0.966107,0.920467,0.903862,0.937073,0.015391,0.007126,0.094821,0.062235,0.000000,0,0,0,0,0
cat_face_bass,base,350,369.020,0.219718,0.880858,0.853992,0.907725,20,0.00258755,4,0.046828,0.061325,0.032332,0.951638,0.936628,0.966648,0.921718,0.906363,0.937073,0.015005,0.006902,0.092531,0.061961,0.000000,0,0,0,0,0
cat_face_bass,base,360,379.415,0.214207,0.883715,0.857008,0.910421,20,0.00238262,2,0.045314,0.059924,0.030704,0.953215,0.938113,0.968316,0.923369,0.908363,0.938375,0.014660,0.006551,0.090608,0.060705,0.000000,0,0,0,0,0
cat_face_bass,base,370,389.814,0.211295,0.884727,0.857816,0.911638,20,0.00214694,3,0.045943,0.061725,0.030162,0.952706,0.936529,0.968883,0.924949,0.910764,0.939134,0.014878,0.006414,0.087832,0.060103,0.000000,0,0,0,0,0
cat_face_bass,base,380,400.306,0.204425,0.888149,0.860731,0.915567,20,0.00220237,3,0.043758,0.059524,0.027992,0.954924,0.938729,0.971118,0.926580,0.911965,0.941196,0.014358,0.005874,0.087043,0.057456,0.000000,0,0,0,0,0
cat_face_bass,base,390,410.694,0.202973,0.889688,0.860920,0.918456,20,0.00208087,3,0.042673,0.059524,0.025822,0.956033,0.938742,0.973324,0.927168,0.912165,0.942172,0.014434,0.005592,0.086983,0.056818,0.000000,0,0,0,0,0
cat_face_bass,base,400,421.262,0.200155,0.890864,0.863953,0.917775,20,0.00197646,4,0.044854,0.061825,0.027883,0.954076,0.936861,0.971291,0.930366,0.917367,0.943366,0.014840,0.005936,0.081831,0.055922,0.000000,0,0,0,0,0
cat_face_bass,base,410,431.783,0.197996,0.892152,0.866522,0.917782,20,0.00194520,4,0.044909,0.060524,0.029294,0.954066,0.938209,0.969923,0.931818,0.918968,0.944667,0.014820,0.006277,0.079690,0.054405,0.000000,0,0,0,0,0
cat_face_bass,base,420,442.262,0.195905,0.892777,0.869072,0.916483,20,0.00187356,4,0.045244,0.059024,0.031464,0.953761,0.939734,0.967789,0.932843,0.920368,0.945318,0.014261,0.006801,0.078250,0.053717,0.000000,0,0,0,0,0
cat_face_bass,base,430,452.848,0.195308,0.892792,0.870220,0.915363,20,0.00203515,4,0.047712,0.062225,0.033200,0.951508,0.936930,0.966087,0.935061,0.924370,0.945752,0.014807,0.007015,0.074936,0.053201,0.000000,0,0,0,0,0
cat_face_bass,base,440,463.339,0.195768,0.892857,0.871464,0.914250,20,0.00193357,4,0.046632,0.060824,0.032440,0.952521,0.938268,0.966774,0.934189,0.924470,0.943908,0.014798,0.006827,0.074644,0.054874,0.000000,0,0,0,0,0
cat_face_bass,base,450,473.764,0.192825,0.894822,0.874281,0.915363,20,0.00178932,4,0.047362,0.061525,0.033200,0.951958,0.937829,0.966087,0.936912,0.928071,0.945752,0.014975,0.007124,0.070939,0.053520,0.000000,0,0,0,0,0
cat_face_bass,base,460,484.149,0.191332,0.895078,0.875741,0.914414,20,0.00172634,3,0.049210,0.062725,0.035695,0.950268,0.936858,0.963679,0.938863,0.930672,0.947054,0.015020,0.007666,0.068238,0.052267,0.000000,0,0,0,0,0
cat_face_bass,base,470,494.577,0.192099,0.894997,0.877342,0.912652,20,0.00171832,4,0.049318,0.062725,0.035912,0.950186,0.936966,0.963405,0.938900,0.932373,0.945427,0.015062,0.007912,0.066401,0.053810,0.000000,0,0,0,0,0
cat_face_bass,base,480,505.018,0.190587,0.896451,0.880782,0.912119,20,0.00177882,2,0.049915,0.064026,0.035803,0.949769,0.936051,0.963487,0.940975,0.937175,0.944776,0.015476,0.007915,0.062549,0.054266,0.000000,0,0,0,0,0
cat_face_bass,base,490,515.520,0.188788,0.896135,0.882353,0.909916,20,0.00163716,3,0.052005,0.064626,0.039384,0.947827,0.935632,0.960022,0.942564,0.939376,0.945752,0.015434,0.008346,0.060156,0.053217,0.000000,0,0,0,0,0
cat_face_bass,base,500,525.884,0.187403,0.897955,0.883045,0.912866,20,0.00151932,3,0.050220,0.063225,0.037214,0.949545,0.936907,0.962183,0.942856,0.938876,0.946837,0.015266,0.008268,0.060347,0.052562,0.000000,0,0,0,0,0
cat_face_bass,base,510,536.569,0.185598,0.898228,0.884485,0.911971,20,0.00135535,3,0.050191,0.062625,0.037756,0.949584,0.937531,0.961636,0.943140,0.939876,0.946403,0.014993,0.008271,0.059559,0.052551,0.000000,0,0,0,0,0
cat_face_bass,base,520,546.933,0.187586,0.896842,0.883920,0.909763,20,0.00112306,5,0.051927,0.062625,0.041228,0.947893,0.937494,0.958292,0.943274,0.939276,0.947271,0.014902,0.009106,0.060083,0.051442,0.000000,0,0,0,0,0
cat_face_bass,base,530,557.365,0.190101,0.895869,0.885938,0.905799,20,0.00100232,5,0.053955,0.062125,0.045785,0.945981,0.938067,0.953895,0.944124,0.940976,0.947271,0.015039,0.010003,0.058365,0.051913,0.000000,0,0,0,0,0
cat_face_bass,base,540,567.867,0.188333,0.897273,0.885938,0.908609,20,0.00088693,3,0.052816,0.062125,0.043507,0.947097,0.938067,0.956127,0.944558,0.940976,0.948139,0.015045,0.009665,0.058465,0.051265,0.000000,0,0,0,0,0
cat_face_bass,base,550,578.223,0.187722,0.897381,0.887066,0.907695,20,0.00078110,1,0.053667,0.061224,0.046110,0.946311,0.938934,0.953689,0.945463,0.941377,0.949550,0.014800,0.010225,0.058085,0.049789,0.000000,0,0,0,0,0
cat_face_bass,base,560,588.689,0.185818,0.897800,0.888365,0.907235,20,0.00064782,1,0.053893,0.061024,0.046761,0.946133,0.939195,0.953071,0.946118,0.942577,0.949658,0.014659,0.010384,0.056460,0.049327,0.000000,0,0,0,0,0
cat_face_bass,base,570,598.995,0.184007,0.898821,0.889917,0.907726,20,0.00049657,1,0.053627,0.059624,0.047629,0.946417,0.940531,0.952303,0.946969,0.942977,0.950960,0.014458,0.010553,0.055842,0.048180,0.000000,0,0,0,0,0
cat_face_bass,base,580,609.429,0.186772,0.897237,0.889456,0.905018,20,0.00033897,1,0.054854,0.058824,0.050884,0.945213,0.941212,0.949215,0.946423,0.941777,0.951069,0.014236,0.011222,0.057232,0.048195,0.000000,0,0,0,0,0
cat_face_bass,base,590,619.784,0.185528,0.898236,0.891514,0.904958,20,0.00026839,1,0.055568,0.058623,0.052512,0.944633,0.941517,0.947749,0.948128,0.943778,0.952479,0.014128,0.011793,0.055431,0.046817,0.000000,0,0,0,0,0
cat_face_bass,base,600,630.191,0.187263,0.896805,0.893394,0.900216,20,0.00023833,1,0.057687,0.058523,0.056851,0.942667,0.941721,0.943613,0.948536,0.945678,0.951394,0.014139,0.012396,0.053592,0.048152,0.000000,0,0,0,0,0
cat_face_bass,base,610,640.833,0.186701,0.898152,0.894577,0.901727,20,0.00020565,1,0.056282,0.057123,0.055441,0.943995,0.943037,0.944953,0.948699,0.945678,0.951720,0.013852,0.012582,0.053843,0.047707,0.000000,0,0,0,0,0
cat_face_bass,base,620,651.510,0.189494,0.896145,0.894468,0.897821,20,0.00022251,1,0.059340,0.057923,0.060757,0.941175,0.942319,0.940030,0.949325,0.946279,0.952371,0.013990,0.013494,0.053316,0.047124,0.000000,0,0,0,0,0
cat_face_bass,base,630,662.196,0.190316,0.896087,0.894861,0.897313,20,0.00018617,1,0.059483,0.057123,0.061842,0.941052,0.943054,0.939050,0.949391,0.945978,0.952805,0.013903,0.013839,0.053533,0.046817,0.000000,0,0,0,0,0
cat_face_bass,base,640,672.951,0.190502,0.896016,0.895484,0.896548,20,0.00011120,1,0.059554,0.056723,0.062385,0.940988,0.943447,0.938529,0.949379,0.946279,0.952479,0.013868,0.014004,0.052746,0.047349,0.000000,0,0,0,0,0
cat_face_bass,base,650,683.627,0.193212,0.893711,0.895165,0.892258,20,0.00010650,1,0.061861,0.057323,0.066399,0.938831,0.942894,0.934769,0.948991,0.946479,0.951503,0.013959,0.014504,0.052902,0.047845,0.000000,0,0,0,0,0
cat_face_bass,base,660,694.149,0.192221,0.894366,0.895130,0.893602,20,0.00016019,1,0.062270,0.057923,0.066616,0.938517,0.942359,0.934674,0.950054,0.946979,0.953130,0.013951,0.014557,0.052655,0.046770,0.000000,0,0,0,0,0
cat_face_bass,base,670,704.750,0.190058,0.895504,0.895579,0.895430,20,0.00020934,0,0.060096,0.056723,0.063470,0.940483,0.943453,0.937513,0.949320,0.946379,0.952262,0.013826,0.013895,0.053050,0.047079,0.000000,0,0,0,0,0
cat_face_bass,base,680,715.077,0.179824,0.901013,0.894981,0.907046,20,0.00015929,0,0.054984,0.058323,0.051644,0.945318,0.941996,0.948640,0.950534,0.947179,0.953890,0.014283,0.011148,0.052391,0.045563,0.000000,0,0,0,0,0
cat_face_bass,base,690,725.609,0.167174,0.907469,0.895105,0.919833,20,0.00007010,0,0.047647,0.058623,0.036671,0.952352,0.941738,0.962967,0.950572,0.947579,0.953564,0.014450,0.007492,0.052159,0.045766,0.000000,0,0,0,0,0
cat_face_bass,base,700,736.052,0.163976,0.909470,0.894131,0.924808,20,0.00005536,0,0.045952,0.060224,0.031681,0.954064,0.940266,0.967863,0.951043,0.947979,0.954107,0.014845,0.006498,0.051654,0.045126,0.000000,0,0,0,0,0
cat_face_bass,base,710,746.632,0.160418,0.911462,0.894533,0.928390,20,0.00006566,0,0.043378,0.059524,0.027232,0.956573,0.940908,0.972238,0.950726,0.947779,0.953673,0.014828,0.005421,0.051825,0.045372,0.000000,0,0,0,0,0
cat_face_bass,base,720,757.188,0.158459,0.912874,0.893318,0.932430,20,0.00005609,0,0.042968,0.061525,0.024411,0.957077,0.939073,0.975080,0.951735,0.948279,0.955191,0.015081,0.005064,0.051252,0.044193,0.000000,0,0,0,0,0
cat_face_bass,base,730,767.584,0.163198,0.909906,0.892716,0.927097,20,0.00007889,0,0.046431,0.063025,0.029836,0.953710,0.937722,0.969697,0.951869,0.948980,0.954758,0.015373,0.006217,0.050480,0.044427,0.000000,0,0,0,0,0
cat_face_bass,base,740,778.012,0.161631,0.911930,0.893106,0.930754,20,0.00012127,0,0.044240,0.062225,0.026256,0.955847,0.938446,0.973248,0.951935,0.948679,0.955191,0.015296,0.005851,0.050715,0.044194,0.000000,0,0,0,0,0
cat_face_bass,base,750,788.501,0.160656,0.912543,0.894191,0.930896,20,0.00012713,0,0.043811,0.060824,0.026798,0.956235,0.939742,0.972728,0.952211,0.948579,0.955842,0.015017,0.005955,0.051187,0.043334,0.000000,0,0,0,0,0
cat_face_bass,base,760,798.989,0.161039,0.910872,0.894315,0.927430,20,0.00009710,0,0.046348,0.061124,0.031572,0.953770,0.939487,0.968054,0.952845,0.948980,0.956710,0.014845,0.006576,0.050373,0.042800,0.000000,0,0,0,0,0
cat_face_bass,base,770,809.550,0.163500,0.910552,0.894375,0.926729,20,0.00005832,1,0.046160,0.061725,0.030596,0.953963,0.938965,0.968960,0.952331,0.949580,0.955083,0.015197,0.006650,0.050258,0.043976,0.000000,0,0,0,0,0
cat_face_bass,base,780,820.261,0.158947,0.912782,0.895204,0.930360,20,0.00005051,1,0.043157,0.059624,0.026690,0.956839,0.940861,0.972818,0.951885,0.948579,0.955191,0.014770,0.005625,0.050979,0.044011,0.000000,0,0,0,0,0
cat_face_bass,base,790,830.985,0.158547,0.912801,0.894856,0.930746,20,0.00004885,1,0.043036,0.059924,0.026147,0.956964,0.940575,0.973352,0.951781,0.948479,0.955083,0.014765,0.005526,0.050783,0.044178,0.000000,0,0,0,0,0
cat_face_bass,base,800,841.815,0.158924,0.912063,0.894166,0.929960,20,0.00005572,1,0.044270,0.061525,0.027015,0.955810,0.939127,0.972492,0.952131,0.949180,0.955083,0.015196,0.005346,0.050436,0.043935,0.000000,0,0,0,0,0
cat_face_bass,base,810,852.517,0.157936,0.913828,0.894980,0.932676,20,0.00004886,1,0.041775,0.060224,0.023326,0.958231,0.940319,0.976143,0.951656,0.948880,0.954432,0.014993,0.005138,0.050473,0.044450,0.000000,0,0,0,0,0
cat_face_bass,base,820,863.342,0.157875,0.913797,0.895144,0.932450,20,0.00007568,1,0.042017,0.060924,0.023109,0.958032,0.939715,0.976349,0.951839,0.949680,0.953998,0.014982,0.005228,0.049685,0.044833,0.000000,0,0,0,0,0
cat_face_bass,base,830,874.188,0.157122,0.914388,0.896171,0.932606,20,0.00009790,1,0.042347,0.060824,0.023869,0.957740,0.939867,0.975612,0.952773,0.950680,0.954866,0.015029,0.005330,0.048920,0.044147,0.000000,0,0,0,0,0
cat_face_bass,base,840,884.954,0.155479,0.914988,0.897349,0.932627,20,0.00010168,1,0.042259,0.060324,0.024194,0.957838,0.940380,0.975296,0.953336,0.951481,0.955191,0.014937,0.005228,0.048107,0.043907,0.000000,0,0,0,0,0
cat_face_bass,base,850,895.592,0.155851,0.914981,0.897329,0.932633,20,0.00007558,1,0.041400,0.060124,0.022675,0.958666,0.940554,0.976778,0.952531,0.951281,0.953781,0.014824,0.004942,0.048397,0.045651,0.000000,0,0,0,0,0
cat_face_bass,base,860,906.292,0.155990,0.914543,0.897066,0.932020,20,0.00007945,1,0.042476,0.060324,0.024628,0.957610,0.940362,0.974859,0.953077,0.951180,0.954975,0.014930,0.005210,0.048192,0.044510,0.000000,0,0,0,0,0
cat_face_bass,base,870,917.051,0.155511,0.915276,0.897479,0.933072,20,0.00011890,1,0.041308,0.059724,0.022892,0.958745,0.940914,0.976576,0.952756,0.951080,0.954432,0.014811,0.005086,0.048225,0.044885,0.000000,0,0,0,0,0
cat_face_bass,base,880,927.762,0.156017,0.914620,0.898300,0.930940,20,0.00010805,1,0.041863,0.059424,0.024303,0.958188,0.941229,0.975147,0.952622,0.951681,0.953564,0.014737,0.005227,0.047691,0.045723,0.000000,0,0,0,0,0
cat_face_bass,base,890,938.513,0.152641,0.916925,0.899915,0.933935,20,0.00010799,1,0.040503,0.059524,0.021482,0.959609,0.941240,0.977978,0.953740,0.953481,0.953998,0.014864,0.004689,0.045960,0.045345,0.000000,0,0,0,0,0
cat_face_bass,base,900,949.314,0.153002,0.916794,0.899510,0.934078,20,0.00009742,1,0.040811,0.061224,0.020397,0.959388,0.939728,0.979048,0.953856,0.954582,0.953130,0.015167,0.004533,0.044926,0.046203,0.000000,0,0,0,0,0
cat_face_bass,base,910,960.039,0.152631,0.916517,0.901123,0.931912,20,0.00010787,1,0.041663,0.060324,0.023001,0.958528,0.940615,0.976442,0.954415,0.955482,0.953347,0.015014,0.004893,0.043931,0.045947,0.000000,0,0,0,0,0
cat_face_bass,base,920,970.671,0.151327,0.917619,0.901868,0.933369,20,0.00012989,1,0.040582,0.060224,0.020940,0.959623,0.940748,0.978498,0.954548,0.956182,0.952913,0.014918,0.004694,0.043239,0.046353,0.000000,0,0,0,0,0
cat_face_bass,base,930,981.388,0.151734,0.916893,0.902876,0.930910,20,0.00012578,1,0.042397,0.060924,0.023869,0.957885,0.940200,0.975569,0.955507,0.957883,0.953130,0.015048,0.005037,0.041664,0.046492,0.000000,0,0,0,0,0
cat_face_bass,base,940,991.989,0.154421,0.914785,0.903229,0.926340,20,0.00013880,1,0.043862,0.059624,0.028100,0.956348,0.941356,0.971340,0.954727,0.957083,0.952371,0.014794,0.005866,0.042172,0.046659,0.000000,0,0,0,0,0
cat_face_bass,base,950,1003.071,0.153834,0.915381,0.903563,0.927198,20,0.00013273,1,0.044011,0.061224,0.026798,0.956302,0.939982,0.972622,0.955464,0.958884,0.952045,0.015058,0.005670,0.040597,0.047312,0.000000,0,0,0,0,0
cat_face_bass,base,960,1013.639,0.154710,0.914834,0.904164,0.925504,20,0.00013548,1,0.043866,0.059524,0.028209,0.956355,0.941500,0.971210,0.954797,0.957983,0.951611,0.014763,0.005921,0.041418,0.047643,0.000000,0,0,0,0,0
cat_face_bass,base,970,1024.185,0.154253,0.915067,0.904326,0.925808,20,0.00013502,2,0.042903,0.059224,0.026581,0.957283,0.941772,0.972793,0.954150,0.957883,0.950418,0.014505,0.005806,0.041076,0.048970,0.000000,0,0,0,0,0
cat_face_bass,base,980,1034.851,0.155633,0.914463,0.904276,0.924650,20,0.00015847,2,0.044617,0.059724,0.029511,0.955632,0.941333,0.969931,0.955110,0.958283,0.951937,0.014725,0.006360,0.040914,0.047549,0.000000,0,0,0,0,0
cat_face_bass,base,990,1045.378,0.152546,0.915981,0.905238,0.926724,20,0.00018673,2,0.043741,0.059924,0.027558,0.956546,0.941217,0.971875,0.955873,0.959484,0.952262,0.014761,0.005873,0.039641,0.047174,0.000000,0,0,0,0,0
cat_face_bass,base,1000,1056.041,0.153590,0.915273,0.903959,0.926587,20,0.00015399,2,0.044274,0.061425,0.027124,0.956062,0.939833,0.972290,0.955602,0.959484,0.951720,0.015090,0.005755,0.039420,0.047737,0.000000,0,0,0,0,0
cat_face_bass,base,1010,1066.635,0.153386,0.915260,0.904677,0.925844,20,0.00016981,2,0.044779,0.061024,0.028534,0.955566,0.940225,0.970907,0.956073,0.959884,0.952262,0.014945,0.006014,0.039436,0.047025,0.000000,0,0,0,0,0
cat_face_bass,base,1020,1077.041,0.150853,0.917357,0.905696,0.929017,20,0.00024974,1,0.043215,0.060824,0.025605,0.957146,0.940462,0.973830,0.956794,0.960784,0.952805,0.014976,0.005695,0.038313,0.046426,0.000000,0,0,0,0,0
cat_face_bass,base,1030,1087.501,0.153604,0.915344,0.905193,0.925496,20,0.00023214,1,0.044812,0.061525,0.028100,0.955569,0.939824,0.971315,0.956194,0.960884,0.951503,0.015066,0.006016,0.038435,0.047726,0.000000,0,0,0,0,0
cat_face_bass,base,1040,1098.079,0.152225,0.916673,0.905484,0.927861,20,0.00021215,1,0.043669,0.061625,0.025713,0.956724,0.939756,0.973693,0.956502,0.961285,0.951720,0.015090,0.005717,0.038179,0.047568,0.000000,0,0,0,0,0
cat_face_bass,base,1050,1108.818,0.152805,0.915299,0.905534,0.925063,20,0.00022130,1,0.045263,0.061124,0.029402,0.955120,0.940192,0.970049,0.956573,0.960884,0.952262,0.014870,0.006147,0.038063,0.047479,0.000000,0,0,0,0,0
cat_face_bass,base,1060,1119.519,0.151776,0.917047,0.905372,0.928723,20,0.00019105,1,0.043677,0.061425,0.025930,0.956714,0.939922,0.973506,0.956894,0.960984,0.952805,0.015127,0.005788,0.038252,0.046582,0.000000,0,0,0,0,0
cat_face_bass,base,1070,1130.196,0.151318,0.917128,0.905655,0.928602,20,0.00018219,1,0.044328,0.061425,0.027232,0.956092,0.939939,0.972244,0.957587,0.961285,0.953890,0.015152,0.005963,0.038020,0.045509,0.000000,0,0,0,0,0
cat_face_bass,base,1080,1140.701,0.149941,0.918291,0.905664,0.930918,20,0.00017937,1,0.042751,0.061525,0.023977,0.957658,0.939853,0.975464,0.957312,0.961385,0.953239,0.015038,0.005414,0.037999,0.046656,0.000000,0,0,0,0,0
cat_face_bass,base,1090,1151.205,0.146751,0.919395,0.906059,0.932732,20,0.00019959,1,0.042146,0.061725,0.022567,0.958296,0.939705,0.976886,0.957883,0.961985,0.953781,0.015161,0.004862,0.037123,0.045685,0.000000,0,0,0,0,0
cat_face_bass,base,1100,1161.777,0.145634,0.919973,0.907214,0.932732,20,0.00020490,1,0.041746,0.060924,0.022567,0.958678,0.940469,0.976886,0.958133,0.962485,0.953781,0.014969,0.004819,0.036555,0.045949,0.000000,0,0,0,0,0
cat_face_bass,base,1110,1172.433,0.145222,0.919935,0.909408,0.930461,20,0.00017810,2,0.042593,0.060124,0.025062,0.957847,0.941297,0.974396,0.958933,0.964086,0.953781,0.014775,0.005399,0.035035,0.045489,0.000000,0,0,0,0,0
cat_face_bass,base,1120,1182.952,0.144503,0.920270,0.909691,0.930848,20,0.00020938,2,0.042872,0.061224,0.024520,0.957648,0.940363,0.974933,0.959529,0.965386,0.953673,0.014966,0.005301,0.033631,0.045697,0.000000,0,0,0,0,0
cat_face_bass,base,1130,1193.501,0.145623,0.918940,0.909211,0.928670,20,0.00022047,2,0.043357,0.060024,0.026690,0.957071,0.941372,0.972770,0.958621,0.963786,0.953456,0.014695,0.005493,0.035021,0.045858,0.000000,0,0,0,0,0
cat_face_bass,base,1140,1203.985,0.145496,0.919836,0.909597,0.930075,20,0.00023313,2,0.042864,0.060124,0.025605,0.957584,0.941309,0.973859,0.959088,0.964286,0.953890,0.014873,0.005411,0.034548,0.045795,0.000000,0,0,0,0,0
cat_face_bass,base,1150,1214.625,0.144570,0.920161,0.909159,0.931162,20,0.00024915,2,0.042259,0.061625,0.022892,0.958257,0.939984,0.976529,0.958833,0.965186,0.952479,0.015002,0.004876,0.034008,0.046918,0.000000,0,0,0,0,0
cat_face_bass,base,1160,1225.143,0.144808,0.919408,0.909631,0.929184,20,0.00029644,1,0.042739,0.060524,0.024954,0.957716,0.940964,0.974467,0.958528,0.964686,0.952371,0.014813,0.005060,0.034177,0.046999,0.000000,0,0,0,0,0
cat_face_bass,base,1170,1235.655,0.143423,0.920387,0.909597,0.931177,20,0.00032106,2,0.042167,0.061224,0.023109,0.958337,0.940357,0.976318,0.958991,0.965286,0.952696,0.014961,0.004761,0.033709,0.046514,0.000000,0,0,0,0,0
cat_face_bass,base,1180,1246.167,0.143511,0.921171,0.910497,0.931845,20,0.00028795,1,0.040561,0.060724,0.020397,0.959922,0.940844,0.978999,0.958319,0.965786,0.950852,0.014908,0.004486,0.033384,0.048273,0.000000,0,0,0,0,0
cat_face_bass,base,1190,1256.588,0.144316,0.919919,0.909921,0.929917,20,0.00028729,1,0.043835,0.062825,0.024845,0.956796,0.939000,0.974592,0.960054,0.967087,0.953022,0.015347,0.005157,0.031873,0.046238,0.000000,0,0,0,0,0
cat_face_bass,base,1200,1267.042,0.142217,0.921381,0.911798,0.930965,20,0.00025614,1,0.042367,0.061625,0.023109,0.958230,0.940148,0.976312,0.960233,0.967987,0.952479,0.015009,0.004985,0.031149,0.046693,0.000000,0,0,0,0,0
cat_face_bass,base,1210,1277.485,0.141539,0.922073,0.912474,0.931671,20,0.00023271,1,0.042196,0.061825,0.022567,0.958439,0.940017,0.976861,0.960792,0.968888,0.952696,0.015084,0.004962,0.030096,0.046805,0.000000,0,0,0,0,0
cat_face_bass,base,1220,1287.904,0.142460,0.921478,0.912196,0.930760,20,0.00021470,1,0.043122,0.063025,0.023218,0.957586,0.938971,0.976201,0.961029,0.969688,0.952371,0.015393,0.005033,0.029273,0.047143,0.000000,0,0,0,0,0
cat_face_bass,base,1230,1298.209,0.144082,0.919966,0.911535,0.928398,20,0.00023211,1,0.044974,0.064126,0.025822,0.955796,0.937990,0.973602,0.961179,0.969988,0.952371,0.015822,0.005220,0.028891,0.046852,0.000000,0,0,0,0,0
cat_face_bass,base,1240,1308.467,0.143432,0.921318,0.912332,0.930304,20,0.00022324,1,0.043914,0.063525,0.024303,0.956841,0.938552,0.975130,0.961601,0.970288,0.952913,0.015736,0.005194,0.029028,0.046448,0.000000,0,0,0,0,0
cat_face_bass,base,1250,1318.871,0.142718,0.921499,0.911759,0.931239,20,0.00018942,1,0.042942,0.063425,0.022459,0.957779,0.938602,0.976956,0.960871,0.969588,0.952154,0.015568,0.004874,0.029540,0.047119,0.000000,0,0,0,0,0
cat_face_bass,base,1260,1329.233,0.144501,0.920153,0.911168,0.929138,20,0.00019905,1,0.045024,0.064226,0.025822,0.955752,0.937881,0.973623,0.961409,0.969688,0.953130,0.015685,0.005530,0.029360,0.046180,0.000000,0,0,0,0,0
cat_face_bass,base,1270,1339.627,0.143377,0.921313,0.910694,0.931932,20,0.00018912,1,0.044063,0.066427,0.021699,0.956850,0.935981,0.977718,0.961671,0.971188,0.952154,0.016266,0.004804,0.027801,0.047079,0.000000,0,0,0,0,0
cat_face_bass,base,1280,1349.908,0.143557,0.920894,0.911364,0.930425,20,0.00014010,1,0.044423,0.064326,0.024520,0.956365,0.937808,0.974922,0.961613,0.969988,0.953239,0.015773,0.005310,0.028976,0.046090,0.000000,0,0,0,0,0
cat_face_bass,base,1290,1360.123,0.143040,0.920939,0.910850,0.931027,20,0.00014066,1,0.045265,0.064926,0.025605,0.955575,0.937264,0.973885,0.962427,0.969988,0.954866,0.015877,0.005452,0.028991,0.044521,0.000000,0,0,0,0,0
cat_face_bass,base,1300,1370.487,0.140388,0.923039,0.912185,0.933892,20,0.00014789,1,0.043242,0.064026,0.022459,0.957568,0.938116,0.977020,0.962727,0.970588,0.954866,0.015686,0.004933,0.028520,0.044876,0.000000,0,0,0,0,0
cat_face_bass,base,1310,1380.871,0.141493,0.922776,0.911936,0.933617,20,0.00014057,1,0.042954,0.064426,0.021482,0.957865,0.937760,0.977971,0.962180,0.970688,0.953673,0.015724,0.004866,0.028691,0.046054,0.000000,0,0,0,0,0
cat_face_bass,base,1320,1391.366,0.140608,0.922790,0.911801,0.933779,20,0.00012787,1,0.043138,0.063926,0.022350,0.957651,0.938177,0.977124,0.962369,0.970088,0.954649,0.015650,0.004888,0.028867,0.045112,0.000000,0,0,0,0,0
cat_face_bass,base,1330,1401.815,0.140753,0.922936,0.912737,0.933135,20,0.00014003,1,0.042483,0.062725,0.022242,0.958238,0.939262,0.977215,0.961939,0.969988,0.953890,0.015446,0.004990,0.028940,0.045602,0.000000,0,0,0,0,0
cat_face_bass,base,1340,1412.200,0.141131,0.921923,0.911997,0.931849,20,0.00012441,1,0.043839,0.064026,0.023652,0.956955,0.938104,0.975805,0.962139,0.970388,0.953890,0.015666,0.004973,0.028618,0.045539,0.000000,0,0,0,0,0
cat_face_bass,base,1350,1422.565,0.140452,0.922316,0.912528,0.932105,20,0.00014318,1,0.043964,0.063625,0.024303,0.956828,0.938479,0.975177,0.962673,0.970588,0.954758,0.015541,0.005144,0.028455,0.044751,0.000000,0,0,0,0,0
cat_face_bass,base,1360,1432.946,0.138883,0.923105,0.912254,0.933955,20,0.00014550,1,0.043580,0.063725,0.023435,0.957223,0.938377,0.976069,0.963115,0.970388,0.955842,0.015548,0.005037,0.028688,0.043170,0.000000,0,0,0,0,0
cat_face_bass,base,1370,1443.410,0.139745,0.922797,0.911356,0.934238,20,0.00014234,1,0.043559,0.064226,0.022892,0.957249,0.937893,0.976605,0.962757,0.969888,0.955625,0.015616,0.004883,0.029292,0.043875,0.000000,0,0,0,0,0
cat_face_bass,base,1380,1453.775,0.141694,0.921963,0.912254,0.931672,20,0.00014259,1,0.045533,0.063725,0.027341,0.955303,0.938377,0.972228,0.963766,0.970388,0.957144,0.015597,0.005852,0.028779,0.042749,0.000000,0,0,0,0,0
cat_face_bass,base,1390,1464.092,0.140055,0.922405,0.912296,0.932515,20,0.00013827,1,0.044970,0.064226,0.025713,0.955887,0.937953,0.973821,0.963691,0.970888,0.956493,0.015585,0.005425,0.028546,0.042925,0.000000,0,0,0,0,0
cat_face_bass,base,1400,1474.424,0.139467,0.922648,0.913428,0.931869,20,0.00014820,1,0.045125,0.063125,0.027124,0.955703,0.938963,0.972443,0.964116,0.971088,0.957144,0.015355,0.005647,0.028222,0.042620,0.000000,0,0,0,0,0
cat_face_bass,base,1410,1484.692,0.138960,0.923428,0.912802,0.934053,20,0.00010469,1,0.044240,0.063525,0.024954,0.956589,0.938582,0.974597,0.964075,0.970788,0.957361,0.015576,0.005263,0.028600,0.042360,0.000000,0,0,0,0,0
cat_face_bass,base,1420,1494.951,0.139321,0.923269,0.912753,0.933785,20,0.00007579,1,0.043506,0.062925,0.024086,0.957262,0.939092,0.975432,0.963232,0.970188,0.956276,0.015428,0.005244,0.029008,0.043046,0.000000,0,0,0,0,0
cat_face_bass,base,1430,1505.192,0.136634,0.924992,0.913068,0.936917,20,0.00007022,1,0.043326,0.063325,0.023326,0.957509,0.938770,0.976248,0.964830,0.970888,0.958772,0.015480,0.005113,0.028436,0.040954,0.000000,0,0,0,0,0
cat_face_bass,base,1440,1515.402,0.137405,0.924529,0.912921,0.936136,20,0.00007989,1,0.044118,0.063826,0.024411,0.956755,0.938334,0.975177,0.965089,0.971188,0.958989,0.015637,0.005339,0.028182,0.040523,0.000000,0,0,0,0,0
cat_face_bass,base,1450,1525.606,0.137238,0.923778,0.914018,0.933537,20,0.00006408,1,0.043024,0.057623,0.028426,0.957494,0.943745,0.971244,0.963380,0.966687,0.960074,0.014015,0.005973,0.032581,0.039907,0.000000,0,0,0,0,0
cat_face_bass,base,1460,1535.884,0.137001,0.924435,0.915895,0.932974,20,0.00009909,1,0.043253,0.058623,0.027883,0.957365,0.942985,0.971746,0.964288,0.969588,0.958989,0.014305,0.006113,0.029603,0.040872,0.000000,0,0,0,0,0
cat_face_bass,base,1470,1546.092,0.136073,0.924316,0.918474,0.930159,20,0.00012041,1,0.043234,0.056523,0.029945,0.957324,0.944959,0.969690,0.964200,0.970388,0.958012,0.013884,0.006151,0.029104,0.041853,0.000000,0,0,0,0,0
cat_face_bass,base,1480,1556.393,0.136456,0.924664,0.918348,0.930980,20,0.00009352,1,0.042871,0.056122,0.029619,0.957663,0.945300,0.970026,0.964221,0.969888,0.958555,0.013700,0.006436,0.029771,0.041229,0.000000,0,0,0,0,0
cat_face_bass,base,1490,1566.586,0.136033,0.924891,0.918791,0.930991,20,0.00010170,1,0.041966,0.055722,0.028209,0.958525,0.945674,0.971375,0.963620,0.969988,0.957253,0.013607,0.006130,0.029604,0.042517,0.000000,0,0,0,0,0
cat_face_bass,base,1500,1576.744,0.136360,0.924436,0.919503,0.929370,20,0.00010466,1,0.042154,0.055122,0.029185,0.958315,0.946239,0.970391,0.963341,0.970188,0.956493,0.013548,0.006302,0.029027,0.043004,0.000000,0,0,0,0,0
cat_face_bass,base,1510,1586.954,0.136475,0.924787,0.918783,0.930790,20,0.00008354,1,0.041210,0.055622,0.026798,0.959243,0.945761,0.972725,0.962811,0.969888,0.955734,0.013567,0.005965,0.029498,0.043948,0.000000,0,0,0,0,0
cat_face_bass,base,1520,1597.106,0.135817,0.925400,0.919769,0.931031,20,0.00006762,1,0.041677,0.056122,0.027232,0.958847,0.945380,0.972314,0.963887,0.971389,0.956385,0.013712,0.006145,0.027957,0.043472,0.000000,0,0,0,0,0
cat_face_bass,base,1530,1607.273,0.133119,0.926138,0.921020,0.931257,20,0.00005615,1,0.041286,0.055122,0.027449,0.959217,0.946322,0.972112,0.964304,0.971789,0.956819,0.013371,0.006053,0.027423,0.042747,0.000000,0,0,0,0,0
cat_face_bass,base,1540,1617.550,0.133839,0.925340,0.921567,0.929114,20,0.00006775,1,0.041678,0.054822,0.028534,0.958811,0.946615,0.971007,0.963857,0.972089,0.955625,0.013331,0.006154,0.026801,0.043916,0.000000,0,0,0,0,0
cat_face_bass,base,1550,1627.778,0.133332,0.925825,0.922296,0.929355,20,0.00009359,1,0.041695,0.054422,0.028968,0.958801,0.947004,0.970598,0.964383,0.972489,0.956276,0.013320,0.006145,0.026801,0.043412,0.000000,0,0,0,0,0
cat_face_bass,base,1560,1638.048,0.133211,0.925851,0.922551,0.929151,20,0.00008264,1,0.041549,0.054022,0.029077,0.958928,0.947368,0.970488,0.964278,0.972389,0.956168,0.013129,0.006186,0.027118,0.043571,0.000000,0,0,0,0,0
cat_face_bass,base,1570,1648.316,0.134467,0.924924,0.922420,0.927428,20,0.00007861,1,0.042438,0.054822,0.030053,0.958081,0.946661,0.969500,0.964145,0.972989,0.955300,0.013352,0.006374,0.026391,0.044052,0.000000,0,0,0,0,0
cat_face_bass,base,1580,1658.603,0.133513,0.925301,0.922370,0.928233,20,0.00010494,1,0.042466,0.055422,0.029511,0.958090,0.946135,0.970044,0.964557,0.973489,0.955625,0.013415,0.006341,0.025619,0.043627,0.000000,0,0,0,0,0
cat_face_bass,base,1590,1668.811,0.131476,0.926485,0.923894,0.929076,20,0.00011633,1,0.041866,0.054222,0.029511,0.958668,0.947266,0.970070,0.965242,0.973990,0.956493,0.013154,0.006219,0.025381,0.043121,0.000000,0,0,0,0,0
cat_face_bass,base,1600,1679.044,0.131373,0.926784,0.924704,0.928865,20,0.00007806,1,0.042216,0.054922,0.029511,0.958381,0.946699,0.970064,0.965883,0.975490,0.956276,0.013243,0.006409,0.024096,0.043203,0.000000,0,0,0,0,0
cat_face_bass,base,1610,1689.373,0.131452,0.926686,0.924340,0.929031,20,0.00006629,1,0.041341,0.053822,0.028860,0.959166,0.947640,0.970692,0.964966,0.974090,0.955842,0.013101,0.006186,0.025238,0.043619,0.000000,0,0,0,0,0
cat_face_bass,base,1620,1699.523,0.130292,0.927183,0.925290,0.929076,20,0.00007244,1,0.041666,0.053822,0.029511,0.958881,0.947691,0.970070,0.965792,0.975090,0.956493,0.013046,0.006258,0.024353,0.043147,0.000000,0,0,0,0,0
cat_face_bass,base,1630,1709.650,0.130658,0.927088,0.924632,0.929543,20,0.00005769,1,0.041282,0.053922,0.028643,0.959242,0.947568,0.970916,0.965329,0.974490,0.956168,0.013024,0.006191,0.025024,0.043249,0.000000,0,0,0,0,0
cat_face_bass,base,1640,1719.863,0.130189,0.926979,0.924912,0.929046,20,0.00006397,1,0.040799,0.052521,0.029077,0.959648,0.948810,0.970485,0.964774,0.973489,0.956059,0.012684,0.006147,0.025663,0.043618,0.000000,0,0,0,0,0
cat_face_bass,base,1650,1730.215,0.130592,0.926464,0.925328,0.927600,20,0.00007802,1,0.041266,0.053021,0.029511,0.959209,0.948393,0.970024,0.964682,0.974390,0.954975,0.012704,0.006184,0.025210,0.044282,0.000000,0,0,0,0,0
cat_face_bass,base,1660,1740.586,0.130263,0.927207,0.925556,0.928858,20,0.00008407,1,0.040812,0.052221,0.029402,0.959638,0.949108,0.970167,0.965029,0.973890,0.956168,0.012691,0.006237,0.025693,0.043268,0.000000,0,0,0,0,0
cat_face_bass,base,1670,1750.859,0.130404,0.927223,0.925423,0.929023,20,0.00010195,1,0.040886,0.053021,0.028751,0.959597,0.948398,0.970796,0.965112,0.974490,0.955734,0.012842,0.006115,0.025220,0.043765,0.000000,0,0,0,0,0
cat_face_bass,base,1680,1761.055,0.129052,0.927590,0.925409,0.929771,20,0.00008961,1,0.040081,0.052821,0.027341,0.960373,0.948573,0.972173,0.964741,0.974290,0.955191,0.012686,0.005778,0.025286,0.044182,0.000000,0,0,0,0,0
cat_face_bass,base,1690,1771.456,0.130191,0.927193,0.926493,0.927894,20,0.00010791,1,0.040603,0.052021,0.029185,0.959839,0.949333,0.970345,0.964832,0.974690,0.954975,0.012710,0.006120,0.024719,0.044534,0.000000,0,0,0,0,0
cat_face_bass,base,1700,1781.941,0.129092,0.927456,0.924734,0.930179,20,0.00013312,1,0.040573,0.054022,0.027124,0.959940,0.947486,0.972394,0.965049,0.974690,0.955408,0.012925,0.005733,0.024731,0.043970,0.000000,0,0,0,0,0
cat_face_bass,base,1710,1792.442,0.129198,0.927520,0.925662,0.929378,20,0.00012157,1,0.040748,0.053721,0.027775,0.959771,0.947798,0.971744,0.965291,0.975390,0.955191,0.012949,0.005744,0.024234,0.044450,0.000000,0,0,0,0,0
cat_face_bass,base,1720,1802.888,0.130883,0.926478,0.926215,0.926742,20,0.00011678,1,0.040707,0.052121,0.029294,0.959718,0.949230,0.970205,0.964190,0.974490,0.953890,0.012668,0.006070,0.025008,0.045378,0.000000,0,0,0,0,0
cat_face_bass,base,1730,1813.189,0.129840,0.927171,0.925627,0.928715,20,0.00012379,1,0.041041,0.053221,0.028860,0.959458,0.948234,0.970682,0.965203,0.974890,0.955517,0.012797,0.006018,0.024768,0.044141,0.000000,0,0,0,0,0
cat_face_bass,base,1740,1823.613,0.128717,0.927874,0.926920,0.928827,20,0.00014197,1,0.040144,0.051321,0.028968,0.960276,0.949971,0.970582,0.965112,0.974490,0.955734,0.012572,0.005957,0.025094,0.043698,0.000000,0,0,0,0,0
cat_face_bass,base,1750,1834.203,0.127814,0.928582,0.926493,0.930670,20,0.00013343,1,0.039301,0.052021,0.026581,0.961132,0.949333,0.972931,0.965049,0.974690,0.955408,0.012489,0.005743,0.024869,0.044117,0.000000,0,0,0,0,0
cat_face_bass,base,1760,1844.677,0.128091,0.928644,0.927321,0.929967,20,0.00015497,1,0.039372,0.051621,0.027124,0.961058,0.949727,0.972388,0.965191,0.975190,0.955191,0.012491,0.005786,0.024583,0.044510,0.000000,0,0,0,0,0
cat_face_bass,base,1770,1855.051,0.128360,0.928134,0.927124,0.929144,20,0.00019214,1,0.040244,0.051521,0.028968,0.960198,0.949805,0.970591,0.965475,0.974890,0.956059,0.012478,0.006115,0.024617,0.043483,0.000000,0,0,0,0,0
cat_face_bass,base,1780,1865.255,0.127778,0.928369,0.927722,0.929016,20,0.00027447,1,0.040282,0.051921,0.028643,0.960192,0.949484,0.970899,0.965758,0.975890,0.955625,0.012494,0.006090,0.023676,0.043751,0.000000,0,0,0,0,0
cat_face_bass,base,1790,1875.557,0.127450,0.929065,0.927885,0.930245,20,0.00026723,1,0.039810,0.051521,0.028100,0.960651,0.949844,0.971457,0.966038,0.975690,0.956385,0.012504,0.005988,0.024035,0.043399,0.000000,0,0,0,0,0
cat_face_bass,base,1800,1885.930,0.127466,0.928732,0.927580,0.929884,20,0.00022005,1,0.040035,0.052621,0.027449,0.960467,0.948863,0.972072,0.965900,0.976391,0.955408,0.012703,0.005853,0.022885,0.044351,0.000000,0,0,0,0,0
cat_face_bass,base,1810,1896.154,0.128107,0.928783,0.928157,0.929408,20,0.00024150,1,0.040465,0.052721,0.028209,0.960066,0.948805,0.971328,0.966358,0.977091,0.955625,0.012860,0.006049,0.022619,0.043899,0.000000,0,0,0,0,0
cat_face_bass,base,1820,1906.323,0.126997,0.928478,0.927533,0.929423,20,0.00020180,1,0.040874,0.053321,0.028426,0.959684,0.948247,0.971120,0.966417,0.976991,0.955842,0.012779,0.005912,0.022752,0.043436,0.000000,0,0,0,0,0
cat_face_bass,base,1830,1916.426,0.127720,0.928404,0.927499,0.929309,20,0.00017321,1,0.041329,0.052821,0.029836,0.959225,0.948683,0.969767,0.966763,0.976491,0.957036,0.012737,0.006269,0.023088,0.042664,0.000000,0,0,0,0,0
cat_face_bass,base,1840,1926.546,0.129031,0.927950,0.928232,0.927669,20,0.00021416,1,0.041454,0.052421,0.030487,0.959083,0.949072,0.969094,0.966421,0.976891,0.955951,0.012721,0.006523,0.022896,0.043329,0.000000,0,0,0,0,0
cat_face_bass,base,1850,1936.752,0.128801,0.927195,0.928225,0.926164,20,0.00004595,1,0.041187,0.052321,0.030053,0.959309,0.949159,0.969460,0.965394,0.976791,0.953998,0.012612,0.006258,0.022511,0.045084,0.000000,0,0,0,0,0
cat_face_bass,base,1860,1946.949,0.128237,0.928042,0.929468,0.926616,20,0.00002257,1,0.041454,0.052421,0.030487,0.959098,0.949136,0.969060,0.966529,0.978191,0.954866,0.012731,0.006325,0.021445,0.044799,0.000000,0,0,0,0,0
cat_face_bass,base,1870,1957.098,0.129506,0.926609,0.929074,0.924144,20,0.00003651,1,0.042439,0.052221,0.032657,0.958102,0.949291,0.966912,0.965957,0.977591,0.954324,0.012704,0.006413,0.022159,0.045240,0.000000,0,0,0,0,0
cat_face_bass,base,1880,1967.334,0.126723,0.928758,0.930126,0.927390,20,0.00004682,1,0.040916,0.052321,0.029511,0.959638,0.949258,0.970018,0.966775,0.978792,0.954758,0.012750,0.005996,0.021084,0.044700,0.000000,0,0,0,0,0
cat_face_bass,base,1890,1977.659,0.126313,0.928751,0.929624,0.927879,20,0.00003013,2,0.040444,0.051921,0.028968,0.960067,0.949582,0.970553,0.966324,0.977891,0.954758,0.012477,0.006029,0.021798,0.044503,0.000000,0,0,0,0,0
cat_face_bass,base,1900,1987.784,0.127458,0.928085,0.929788,0.926382,20,0.00003707,1,0.040841,0.051521,0.030162,0.959652,0.949942,0.969363,0.966007,0.977691,0.954324,0.012559,0.006146,0.022013,0.044757,0.000000,0,0,0,0,0
cat_face_bass,base,1910,1998.174,0.126964,0.928211,0.929808,0.926613,20,0.00003123,1,0.040394,0.051821,0.028968,0.960096,0.949679,0.970514,0.965723,0.977991,0.953456,0.012449,0.006005,0.021755,0.045476,0.000000,0,0,0,0,0
cat_face_bass,base,1920,2008.580,0.126358,0.928867,0.930188,0.927545,20,0.00002571,1,0.039527,0.051821,0.027232,0.960956,0.949699,0.972213,0.965598,0.978391,0.952805,0.012504,0.005701,0.021505,0.046054,0.000000,0,0,0,0,0
cat_face_bass,base,1930,2019.105,0.125753,0.929466,0.931346,0.927585,20,0.00002628,1,0.039957,0.050620,0.029294,0.960522,0.950812,0.970232,0.966624,0.978491,0.954758,0.012219,0.006166,0.021504,0.044664,0.000000,0,0,0,0,0
cat_face_bass,base,1940,2029.564,0.124817,0.929407,0.930883,0.927931,20,0.00003241,1,0.039515,0.050820,0.028209,0.960948,0.950612,0.971283,0.966149,0.978191,0.954107,0.012181,0.005938,0.021132,0.045054,0.000000,0,0,0,0,0
cat_face_bass,base,1950,2040.050,0.125185,0.929551,0.931721,0.927382,20,0.00001700,2,0.039961,0.050520,0.029402,0.960520,0.950918,0.970121,0.966720,0.978792,0.954649,0.012248,0.006156,0.020962,0.044503,0.000000,0,0,0,0,0
cat_face_bass,base,1960,2050.549,0.127293,0.928196,0.931232,0.925161,20,0.00001251,1,0.039807,0.050320,0.029294,0.960613,0.951070,0.970156,0.965177,0.978091,0.952262,0.012169,0.006209,0.021386,0.046529,0.000000,0,0,0,0,0
cat_face_bass,base,1970,2061.128,0.125546,0.929246,0.931074,0.927419,20,0.00001417,1,0.039623,0.050820,0.028426,0.960841,0.950622,0.971059,0.966086,0.978391,0.953781,0.012333,0.005996,0.021128,0.045039,0.000000,0,0,0,0,0
cat_face_bass,base,1980,2071.737,0.125249,0.929483,0.930779,0.928187,20,0.00002017,1,0.040490,0.052121,0.028860,0.960066,0.949467,0.970666,0.967133,0.979292,0.954975,0.012553,0.006136,0.020542,0.043852,0.000000,0,0,0,0,0
cat_face_bass,base,1990,2082.115,0.125125,0.929508,0.932184,0.926832,20,0.00001464,1,0.039698,0.050320,0.029077,0.960767,0.951118,0.970416,0.966436,0.979092,0.953781,0.012243,0.006065,0.020543,0.045244,0.000000,0,0,0,0,0
cat_face_bass,base,2000,2092.484,0.123635,0.930501,0.932914,0.928089,20,0.00001569,1,0.038635,0.049820,0.027449,0.961807,0.951594,0.972019,0.966478,0.979392,0.953564,0.012135,0.005754,0.020415,0.045390,0.000000,0,0,0,0,0
cat_face_bass,base,2010,2102.897,0.124215,0.929633,0.931697,0.927568,20,0.00002142,1,0.039589,0.051621,0.027558,0.960926,0.949952,0.971900,0.966461,0.979792,0.953130,0.012294,0.005774,0.020170,0.045560,0.000000,0,0,0,0,0
cat_face_bass,base,2020,2113.392,0.123437,0.931094,0.932832,0.929356,20,0.00001704,1,0.038735,0.050020,0.027449,0.961735,0.951414,0.972057,0.967179,0.979492,0.954866,0.012192,0.005963,0.020312,0.044206,0.000000,0,0,0,0,0
cat_face_bass,base,2030,2124.011,0.122525,0.931392,0.931918,0.930867,20,0.00001888,1,0.038492,0.050620,0.026364,0.961993,0.950840,0.973146,0.967250,0.979092,0.955408,0.012122,0.005872,0.020396,0.043751,0.000000,0,0,0,0,0
cat_face_bass,base,2040,2134.594,0.123113,0.930502,0.932704,0.928300,20,0.00001962,1,0.039244,0.049520,0.028968,0.961207,0.951848,0.970566,0.967042,0.978892,0.955191,0.012027,0.006057,0.020572,0.043869,0.000000,0,0,0,0,0
cat_face_bass,base,2050,2145.105,0.123687,0.930636,0.932438,0.928835,20,0.00002297,1,0.038689,0.049820,0.027558,0.961754,0.951571,0.971937,0.966662,0.978892,0.954432,0.012105,0.005823,0.020823,0.044876,0.000000,0,0,0,0,0
cat_face_bass,base,2060,2155.744,0.122890,0.931194,0.932933,0.929454,20,0.00002659,1,0.038730,0.050120,0.027341,0.961747,0.951331,0.972164,0.967279,0.979692,0.954866,0.012157,0.005839,0.020053,0.044487,0.000000,0,0,0,0,0
cat_face_bass,base,2070,2166.434,0.123412,0.930868,0.932190,0.929545,20,0.00001932,1,0.038772,0.050420,0.027124,0.961703,0.951030,0.972376,0.966975,0.979192,0.954758,0.012206,0.005826,0.020420,0.044560,0.000000,0,0,0,0,0
cat_face_bass,base,2080,2177.167,0.123168,0.930913,0.932546,0.929280,20,0.00001938,1,0.038952,0.050020,0.027883,0.961518,0.951400,0.971637,0.967192,0.979192,0.955191,0.012185,0.005841,0.020698,0.044034,0.000000,0,0,0,0,0
cat_face_bass,base,2090,2187.811,0.122233,0.931560,0.932895,0.930225,20,0.00000931,1,0.037888,0.049520,0.026256,0.962545,0.951858,0.973233,0.966870,0.979092,0.954649,0.012002,0.005722,0.020590,0.044321,0.000000,0,0,0,0,0
cat_face_bass,base,2100,2198.311,0.123983,0.931019,0.932266,0.929771,20,0.00000882,1,0.038730,0.050120,0.027341,0.961735,0.951298,0.972173,0.967092,0.978992,0.955191,0.012305,0.005989,0.020514,0.044064,0.000000,0,0,0,0,0
cat_face_bass,base,2110,2208.832,0.123580,0.931246,0.932775,0.929717,20,0.00001413,2,0.039360,0.050620,0.028100,0.961162,0.950883,0.971441,0.967917,0.979992,0.955842,0.012353,0.006133,0.019737,0.043620,0.000000,0,0,0,0,0
cat_face_bass,base,2120,2219.558,0.124023,0.930104,0.933467,0.926742,20,0.00003581,2,0.039407,0.049520,0.029294,0.961045,0.951886,0.970205,0.966791,0.979692,0.953890,0.012145,0.005988,0.019943,0.045303,0.000000,0,0,0,0,0
cat_face_bass,base,2130,2230.229,0.123881,0.930827,0.933067,0.928587,20,0.00001195,1,0.038868,0.050720,0.027015,0.961631,0.950810,0.972453,0.967032,0.980392,0.953673,0.012222,0.005833,0.019646,0.045773,0.000000,0,0,0,0,0
cat_face_bass,base,2140,2241.109,0.123147,0.931519,0.933765,0.929273,20,0.00001379,1,0.038747,0.049720,0.027775,0.961732,0.951724,0.971741,0.967638,0.980192,0.955083,0.012296,0.005940,0.019778,0.044097,0.000000,0,0,0,0,0
cat_face_bass,base,2150,2251.894,0.122631,0.931061,0.932888,0.929234,20,0.00003226,1,0.039085,0.049420,0.028751,0.961374,0.951946,0.970802,0.967471,0.978992,0.955951,0.012039,0.006069,0.020507,0.043290,0.000000,0,0,0,0,0
cat_face_bass,base,2160,2262.567,0.123689,0.930546,0.932972,0.928120,20,0.00001679,1,0.040061,0.050720,0.029402,0.960475,0.950805,0.970144,0.967850,0.980292,0.955408,0.012248,0.006251,0.019422,0.044004,0.000000,0,0,0,0,0
cat_face_bass,base,2170,2273.301,0.122259,0.931363,0.933378,0.929347,20,0.00002950,1,0.039240,0.049620,0.028860,0.961247,0.951793,0.970702,0.967930,0.979692,0.956168,0.012038,0.006027,0.020138,0.043421,0.000000,0,0,0,0,0
cat_face_bass,base,2180,2283.999,0.123874,0.931153,0.933079,0.929228,20,0.00002946,1,0.038272,0.049420,0.027124,0.962161,0.951955,0.972367,0.966812,0.979192,0.954432,0.012091,0.005981,0.020381,0.044949,0.000000,0,0,0,0,0
cat_face_bass,base,2190,2294.434,0.123476,0.930803,0.932876,0.928730,20,0.00001796,1,0.039898,0.050720,0.029077,0.960638,0.950801,0.970475,0.967963,0.980192,0.955734,0.012195,0.006228,0.019693,0.043801,0.000000,0,0,0,0,0
cat_face_bass,base,2200,2304.814,0.123052,0.931478,0.933359,0.929597,20,0.00003264,1,0.038601,0.049320,0.027883,0.961851,0.952057,0.971646,0.967454,0.979392,0.955517,0.011933,0.006228,0.020181,0.043871,0.000000,0,0,0,0,0
cat_face_bass,base,2210,2315.339,0.123846,0.930809,0.933213,0.928406,20,0.00003244,1,0.039494,0.050020,0.028968,0.961001,0.951433,0.970569,0.967596,0.979892,0.955300,0.012103,0.006284,0.020128,0.043905,0.000000,0,0,0,0,0
cat_face_bass,base,2220,2326.022,0.123456,0.930567,0.932615,0.928519,20,0.00002436,1,0.038589,0.049620,0.027558,0.961842,0.951756,0.971927,0.966499,0.978892,0.954107,0.011944,0.005938,0.020687,0.044940,0.000000,0,0,0,0,0
cat_face_bass,base,2230,2336.507,0.124642,0.930433,0.933251,0.927616,20,0.00002935,1,0.039424,0.049120,0.029728,0.961023,0.952228,0.969817,0.967142,0.979092,0.955191,0.011926,0.006524,0.020761,0.043904,0.000000,0,0,0,0,0
cat_face_bass,base,2240,2347.111,0.125948,0.929298,0.931304,0.927292,20,0.00000403,1,0.040520,0.051421,0.029619,0.960009,0.950107,0.969911,0.966975,0.979192,0.954758,0.012458,0.006253,0.020596,0.044499,0.000000,0,0,0,0,0
cat_face_bass,base,2250,2357.570,0.123486,0.930642,0.931656,0.929628,20,0.00000825,1,0.038159,0.049520,0.026798,0.962244,0.951797,0.972692,0.966166,0.977791,0.954541,0.011945,0.005730,0.021802,0.044701,0.000000,0,0,0,0,0
cat_face_bass,base,2260,2368.117,0.124285,0.930707,0.931310,0.930105,20,0.00001474,1,0.038780,0.051521,0.026039,0.961729,0.950019,0.973440,0.966808,0.979292,0.954324,0.012383,0.005758,0.020553,0.044964,0.000000,0,0,0,0,0
cat_face_bass,base,2270,2378.549,0.124044,0.930270,0.931968,0.928571,20,0.00003924,1,0.039119,0.049920,0.028317,0.961329,0.951459,0.971198,0.966679,0.978491,0.954866,0.012118,0.006122,0.020858,0.043979,0.000000,0,0,0,0,0
cat_face_bass,base,2280,2389.077,0.123960,0.930861,0.931602,0.930119,20,0.00003247,1,0.038938,0.051621,0.026256,0.961588,0.949947,0.973230,0.967116,0.979692,0.954541,0.012505,0.005748,0.020257,0.044438,0.000000,0,0,0,0,0
cat_face_bass,base,2290,2399.543,0.124010,0.930882,0.932121,0.929643,20,0.00003609,1,0.038918,0.050820,0.027015,0.961579,0.950675,0.972483,0.967125,0.979492,0.954758,0.012290,0.005955,0.020358,0.044423,0.000000,0,0,0,0,0
cat_face_bass,base,2300,2409.872,0.122502,0.931452,0.932800,0.930105,20,0.00003587,1,0.037779,0.049520,0.026039,0.962646,0.951853,0.973440,0.966658,0.978992,0.954324,0.011986,0.005658,0.020749,0.044760,0.000000,0,0,0,0,0
cat_face_bass,base,2310,2420.279,0.123464,0.930562,0.931405,0.929719,20,0.00002619,1,0.039051,0.051521,0.026581,0.961464,0.950024,0.972904,0.966912,0.979392,0.954432,0.012433,0.005646,0.020303,0.044540,0.000000,0,0,0,0,0
cat_face_bass,base,2320,2430.698,0.123249,0.930997,0.932178,0.929817,20,0.00002681,1,0.038346,0.050220,0.026473,0.962109,0.951205,0.973012,0.966712,0.978992,0.954432,0.012133,0.005717,0.020878,0.044644,0.000000,0,0,0,0,0
cat_face_bass,base,2330,2441.256,0.123099,0.930449,0.932507,0.928390,20,0.00004088,1,0.038326,0.049420,0.027232,0.962082,0.951927,0.972238,0.966132,0.978591,0.953673,0.011994,0.005685,0.021134,0.044891,0.000000,0,0,0,0,0
cat_face_bass,base,2340,2451.792,0.125807,0.929148,0.930011,0.928285,20,0.00001355,1,0.039627,0.052021,0.027232,0.960875,0.949515,0.972235,0.965978,0.978391,0.953564,0.012499,0.005701,0.021385,0.045587,0.000000,0,0,0,0,0
cat_face_bass,base,2350,2462.127,0.123444,0.931272,0.932546,0.929999,20,0.00001669,0,0.038029,0.050020,0.026039,0.962418,0.951400,0.973437,0.966703,0.979192,0.954215,0.012272,0.005640,0.020712,0.044790,0.000000,0,0,0,0,0
cat_face_bass,base,2360,2472.369,0.123226,0.930426,0.931842,0.929009,20,0.00002000,0,0.038968,0.050920,0.027015,0.961519,0.950573,0.972465,0.966699,0.979292,0.954107,0.012278,0.005634,0.020480,0.044772,0.000000,0,0,0,0,0
cat_face_bass,base,2370,2482.750,0.123642,0.930731,0.933645,0.927818,20,0.00001497,0,0.038710,0.049320,0.028100,0.961728,0.952071,0.971384,0.966791,0.979692,0.953890,0.012132,0.005840,0.020225,0.045256,0.000000,0,0,0,0,0
cat_face_bass,base,2380,2493.220,0.122621,0.931266,0.933333,0.929198,20,0.00000985,0,0.037805,0.048920,0.026690,0.962597,0.952409,0.972785,0.966495,0.978992,0.953998,0.012025,0.005612,0.020807,0.044885,0.000000,0,0,0,0,0
cat_face_bass,base,2390,2503.704,0.122805,0.931041,0.932635,0.929447,20,0.00000645,0,0.038576,0.049920,0.027232,0.961880,0.951492,0.972268,0.966975,0.979192,0.954758,0.012139,0.005800,0.020428,0.044259,0.000000,0,0,0,0,0
dance_argument,hinge2,1,1.516,1.670013,0.190116,0.208355,0.171876,20,0.00000464,0,0.209850,0.265279,0.154421,0.530392,0.498438,0.562346,0.231022,0.263627,0.198418,0.036205,0.045783,0.729578,0.798039,0.000000,0,0,0,0,0
dance_argument,hinge2,10,11.012,1.479428,0.246605,0.284601,0.208609,20,0.00000000,0,0.145170,0.187479,0.102861,0.667118,0.643194,0.691042,0.284013,0.337958,0.230067,0.025341,0.030528,0.654427,0.765907,0.000000,0,0,0,0,0
dance_argument,hinge2,20,21.127,1.322401,0.312059,0.376160,0.247958,20,0.00016037,0,0.121365,0.157086,0.085645,0.746720,0.734802,0.758638,0.352222,0.435249,0.269194,0.020995,0.025395,0.557234,0.726416,0.000000,0,0,0,0,0
dance_argument,hinge2,30,30.912,1.195876,0.371410,0.445963,0.296857,20,0.00007486,0,0.119548,0.160059,0.079037,0.782903,0.763716,0.802090,0.418832,0.517344,0.320320,0.021162,0.023397,0.475414,0.675041,0.000000,0,0,0,0,0
dance_argument,hinge2,40,40.757,1.084596,0.426529,0.500631,0.352428,20,0.00001697,0,0.127033,0.177899,0.076167,0.800499,0.768238,0.832761,0.484482,0.589693,0.379271,0.023788,0.022388,0.404125,0.616265,0.000000,0,0,0,0,0
dance_argument,hinge2,50,185.441,0.967619,0.484203,0.551071,0.417334,23,0.00000418,0,0.134753,0.195078,0.074428,0.814560,0.771478,0.857642,0.553484,0.658573,0.448396,0.026168,0.021911,0.335674,0.547139,0.000000,3,0,0,0,0
dance_argument,hinge2,60,197.071,0.848699,0.542989,0.606010,0.479968,23,0.00000034,0,0.133510,0.192765,0.074254,0.831790,0.789464,0.874116,0.619218,0.722828,0.515607,0.025935,0.021861,0.271367,0.480449,0.000000,3,0,0,0,0
dance_argument,hinge2,70,208.651,0.754317,0.589665,0.636051,0.543279,23,0.00001050,0,0.136587,0.201354,0.071820,0.840825,0.791446,0.890203,0.673210,0.764123,0.582297,0.027058,0.021061,0.231154,0.414493,0.000000,3,0,0,0,0
dance_argument,hinge2,80,220.233,0.682442,0.625754,0.662788,0.588721,23,0.00002186,0,0.140539,0.206475,0.074602,0.844648,0.794779,0.894517,0.716139,0.799637,0.632641,0.027610,0.021820,0.196312,0.364222,0.000000,3,0,0,0,0
dance_argument,hinge2,90,231.860,0.620080,0.655951,0.681774,0.630128,23,0.00001723,1,0.137552,0.202676,0.072428,0.852502,0.801809,0.903196,0.747861,0.819954,0.675767,0.027075,0.020867,0.175984,0.321213,0.000000,3,0,0,0,0
dance_argument,hinge2,100,397.555,0.565895,0.683824,0.694854,0.672794,26,0.00001396,1,0.133214,0.197390,0.069037,0.860334,0.808248,0.912420,0.775627,0.832012,0.719242,0.026414,0.020131,0.164882,0.277701,0.000000,6,0,0,0,0
dance_argument,hinge2,110,410.682,0.532225,0.698978,0.698774,0.699182,26,0.00009361,3,0.131049,0.198712,0.063386,0.864850,0.808256,0.921444,0.790564,0.837628,0.743501,0.026480,0.018272,0.158854,0.253428,0.000000,6,0,0,0,0
dance_argument,hinge2,120,423.826,0.501213,0.714826,0.709924,0.719728,26,0.00012990,2,0.125711,0.190122,0.061299,0.871011,0.816310,0.925711,0.804371,0.844896,0.763847,0.025171,0.017770,0.151819,0.233218,0.000000,6,0,0,0,0
dance_argument,hinge2,130,436.847,0.475784,0.727254,0.715203,0.739306,26,0.00014494,5,0.120068,0.183185,0.056952,0.877058,0.822047,0.932068,0.813814,0.846217,0.781410,0.024154,0.016458,0.150292,0.215798,0.000000,6,0,0,0,0
dance_argument,hinge2,140,449.870,0.452592,0.739918,0.730970,0.748865,26,0.00015487,4,0.111600,0.169640,0.053561,0.885432,0.834435,0.936429,0.821973,0.854972,0.788975,0.022514,0.015631,0.142433,0.207746,0.000000,6,0,0,0,0
dance_argument,hinge2,150,636.823,0.428080,0.751708,0.742472,0.760944,29,0.00012219,4,0.099372,0.151966,0.046779,0.896831,0.849131,0.944530,0.825921,0.855302,0.796539,0.020098,0.013398,0.141142,0.200426,0.000000,8,1,0,0,0
dance_argument,hinge2,160,651.346,0.403947,0.764824,0.753060,0.776588,29,0.00019122,4,0.097238,0.147175,0.047300,0.899737,0.854436,0.945039,0.838606,0.863892,0.813321,0.019286,0.013651,0.133003,0.183933,0.000000,8,1,0,0,0
dance_argument,hinge2,170,666.138,0.385032,0.773009,0.758086,0.787932,29,0.00025924,4,0.091804,0.138916,0.044692,0.904953,0.861404,0.948502,0.843271,0.863396,0.823146,0.017536,0.012707,0.132722,0.173919,0.000000,8,1,0,0,0
dance_argument,hinge2,180,680.863,0.368634,0.783330,0.766594,0.800067,29,0.00017909,3,0.088892,0.132309,0.045474,0.908086,0.867734,0.948437,0.852235,0.868021,0.836449,0.016962,0.012893,0.128860,0.161174,0.000000,8,1,0,0,0
dance_argument,hinge2,190,695.810,0.352035,0.792644,0.774714,0.810575,29,0.00020534,6,0.085227,0.126198,0.044257,0.911974,0.873635,0.950312,0.859465,0.872481,0.846448,0.016139,0.012733,0.124422,0.151078,0.000000,8,1,0,0,0
dance_argument,hinge2,200,884.935,0.334315,0.801215,0.776887,0.825542,29,0.00000372,4,0.090296,0.133465,0.047126,0.908342,0.868382,0.948302,0.872511,0.880575,0.864447,0.016686,0.013539,0.116915,0.133644,0.000000,11,1,3,0,0
dance_argument,hinge2,210,899.969,0.312031,0.816690,0.793088,0.840293,29,0.00003216,3,0.077077,0.108854,0.045300,0.920405,0.889855,0.950955,0.878888,0.879419,0.878358,0.014579,0.012979,0.116935,0.119510,0.000000,11,1,3,0,0
dance_argument,hinge2,220,914.834,0.296676,0.823207,0.792305,0.854109,29,0.00004522,4,0.082376,0.120581,0.044170,0.916618,0.880426,0.952810,0.889839,0.887843,0.891835,0.016070,0.012950,0.107779,0.105743,0.000000,11,1,3,0,0
dance_argument,hinge2,230,929.714,0.277080,0.831893,0.797146,0.866639,29,0.00005653,3,0.084010,0.122894,0.045127,0.915911,0.879280,0.952542,0.900429,0.895111,0.905747,0.015286,0.012944,0.102493,0.092406,0.000000,11,1,3,0,0
dance_argument,hinge2,240,944.617,0.275734,0.835469,0.798736,0.872203,29,0.00005416,3,0.086340,0.123555,0.049126,0.914016,0.878984,0.949049,0.906237,0.897423,0.915051,0.016314,0.014233,0.101184,0.082955,0.000000,11,1,3,0,0
dance_argument,hinge2,250,1140.454,0.268057,0.836318,0.799032,0.873604,29,0.00002817,3,0.088579,0.126032,0.051126,0.912197,0.877134,0.947260,0.909002,0.899736,0.918268,0.015395,0.014587,0.098092,0.079796,0.000000,14,1,6,0,0
dance_argument,hinge2,260,1155.587,0.263191,0.841707,0.804950,0.878464,29,0.00018671,3,0.086097,0.121242,0.050952,0.914636,0.881575,0.947697,0.912884,0.902544,0.923224,0.015879,0.014478,0.095312,0.075548,0.000000,14,1,6,0,0
dance_argument,hinge2,270,1170.310,0.254881,0.846585,0.812546,0.880623,29,0.00033193,3,0.081685,0.113809,0.049561,0.918701,0.888294,0.949107,0.914644,0.905021,0.924267,0.015168,0.014307,0.091335,0.073707,0.000000,14,1,6,0,0
dance_argument,hinge2,280,1185.254,0.251796,0.849628,0.816083,0.883172,29,0.00038392,3,0.079286,0.109184,0.049387,0.920885,0.892363,0.949408,0.915988,0.905187,0.926789,0.014548,0.014123,0.093360,0.071429,0.000000,14,1,6,0,0
dance_argument,hinge2,290,1200.302,0.250365,0.849311,0.811953,0.886669,29,0.00040660,2,0.081294,0.113809,0.048778,0.919191,0.888222,0.950160,0.917140,0.904361,0.929919,0.015067,0.014098,0.092902,0.068303,0.000000,14,1,6,0,0
dance_argument,hinge2,300,1407.084,0.251240,0.849393,0.811360,0.887425,28,0.00048003,2,0.081728,0.113809,0.049648,0.918773,0.888149,0.949397,0.917592,0.903700,0.931484,0.014873,0.014290,0.094735,0.067395,0.000000,14,1,7,0,0
dance_argument,hinge2,310,1421.821,0.248734,0.851162,0.816533,0.885790,28,0.00035607,3,0.079281,0.111001,0.047561,0.921112,0.890980,0.951243,0.917544,0.907169,0.927919,0.014776,0.013761,0.091373,0.070572,0.000000,14,1,7,0,0
dance_argument,hinge2,320,1436.474,0.239368,0.856015,0.823363,0.888668,28,0.00010353,3,0.078034,0.107202,0.048865,0.922483,0.894780,0.950186,0.921861,0.911629,0.932093,0.014270,0.013945,0.086899,0.066124,0.000000,14,1,7,0,0
dance_argument,hinge2,330,1451.011,0.233977,0.859334,0.829622,0.889046,28,0.00005299,2,0.076477,0.105220,0.047735,0.924155,0.897059,0.951252,0.924199,0.916914,0.931484,0.014073,0.013845,0.081592,0.066669,0.000000,14,1,7,0,0
dance_argument,hinge2,340,1465.506,0.228137,0.859309,0.826145,0.892472,28,0.00003566,1,0.079724,0.110671,0.048778,0.921419,0.892369,0.950468,0.926790,0.917575,0.936006,0.013697,0.013988,0.080452,0.062267,0.000000,14,1,7,0,0
dance_argument,hinge2,350,1670.009,0.217375,0.866249,0.834824,0.897674,29,0.00007018,2,0.077447,0.108028,0.046865,0.923963,0.895427,0.952498,0.932376,0.925008,0.939744,0.013555,0.013761,0.073703,0.058505,0.000000,16,1,8,0,0
dance_argument,hinge2,360,1685.278,0.209283,0.872689,0.848238,0.897140,29,0.00009775,1,0.071387,0.097126,0.045648,0.929547,0.905497,0.953597,0.934358,0.930624,0.938092,0.013068,0.013144,0.067276,0.060337,0.000000,16,1,8,0,0
dance_argument,hinge2,370,1700.390,0.201921,0.876115,0.850888,0.901342,29,0.00011722,2,0.070631,0.097787,0.043474,0.930527,0.905235,0.955819,0.937310,0.934093,0.940527,0.013303,0.012503,0.063374,0.057667,0.000000,16,1,8,0,0
dance_argument,hinge2,380,1715.419,0.204155,0.872527,0.842753,0.902301,29,0.00005436,2,0.078259,0.113479,0.043040,0.924193,0.892117,0.956268,0.939762,0.938388,0.941136,0.015094,0.012589,0.058793,0.057272,0.000000,16,1,8,0,0
dance_argument,hinge2,390,1730.560,0.191756,0.876375,0.849630,0.903121,29,0.00003873,2,0.079829,0.114965,0.044692,0.923274,0.891774,0.954773,0.945395,0.947308,0.943483,0.013834,0.012978,0.050645,0.055139,0.000000,16,1,8,0,0
dance_argument,hinge2,400,1946.838,0.193448,0.876742,0.851962,0.901522,29,0.00005784,2,0.080589,0.115791,0.045387,0.922736,0.891419,0.954053,0.946525,0.950611,0.942440,0.014781,0.013051,0.047991,0.055580,0.000000,16,1,8,0,0
dance_argument,hinge2,410,1961.765,0.189787,0.876918,0.853373,0.900464,29,0.00001972,2,0.081633,0.114139,0.049126,0.921694,0.892818,0.950569,0.947738,0.950776,0.944700,0.013720,0.013861,0.047424,0.053113,0.000000,16,1,8,0,0
dance_argument,hinge2,420,1976.746,0.194133,0.877884,0.854519,0.901250,29,0.00001057,2,0.082698,0.114965,0.050430,0.920876,0.892327,0.949424,0.949729,0.952759,0.946700,0.015107,0.014454,0.045733,0.051722,0.000000,16,1,8,0,0
dance_argument,hinge2,430,1991.689,0.191799,0.880212,0.858610,0.901815,29,0.00001026,2,0.079616,0.109845,0.049387,0.923522,0.896643,0.950402,0.949638,0.952924,0.946352,0.014480,0.014291,0.046319,0.051699,0.000000,16,1,8,0,0
dance_argument,hinge2,440,2006.716,0.188651,0.881511,0.859628,0.903394,29,0.00001090,1,0.079242,0.110836,0.047648,0.924035,0.896001,0.952069,0.950673,0.954906,0.946439,0.014507,0.013735,0.044758,0.051878,0.000000,16,1,8,0,0
dance_argument,hinge2,450,2224.007,0.187946,0.882210,0.860569,0.903851,29,0.00000415,2,0.077121,0.108854,0.045387,0.925887,0.897607,0.954166,0.949560,0.954245,0.944874,0.014434,0.013178,0.044673,0.053704,0.000000,16,1,8,0,0
dance_argument,hinge2,460,2239.051,0.186826,0.882097,0.861735,0.902459,29,0.00001655,0,0.078181,0.109845,0.046518,0.925018,0.896979,0.953058,0.950416,0.956392,0.944440,0.014281,0.013456,0.042639,0.053987,0.000000,16,1,8,0,0
dance_argument,hinge2,470,2254.333,0.186864,0.880609,0.858244,0.902974,29,0.00005605,2,0.080333,0.113974,0.046692,0.923205,0.893486,0.952924,0.950599,0.956062,0.945135,0.014754,0.013379,0.041829,0.053224,0.000000,16,1,8,0,0
dance_argument,hinge2,480,2269.592,0.175554,0.887507,0.871209,0.903806,29,0.00010315,1,0.074773,0.105550,0.043996,0.928343,0.901236,0.955450,0.953367,0.963165,0.943570,0.013252,0.012797,0.035771,0.055012,0.000000,16,1,8,0,0
dance_argument,hinge2,490,2284.838,0.176063,0.888112,0.871213,0.905012,29,0.00004991,1,0.075651,0.106871,0.044431,0.927668,0.900231,0.955105,0.954772,0.964321,0.945222,0.014283,0.012815,0.034311,0.052884,0.000000,16,1,8,0,0
dance_argument,hinge2,500,2495.884,0.174262,0.890180,0.874495,0.905865,28,0.00004986,1,0.073321,0.102907,0.043735,0.929689,0.903590,0.955788,0.954985,0.964486,0.945483,0.013778,0.012692,0.034827,0.052877,0.000000,16,1,9,0,0
dance_argument,hinge2,510,2510.503,0.179931,0.885892,0.869933,0.901852,28,0.00008076,0,0.079807,0.112488,0.047126,0.924170,0.895872,0.952469,0.956071,0.967790,0.944353,0.015056,0.013686,0.031117,0.053778,0.000000,16,1,9,0,0
dance_argument,hinge2,520,2524.753,0.174618,0.889124,0.871112,0.907136,28,0.00007027,1,0.076442,0.109845,0.043040,0.927233,0.897975,0.956491,0.956489,0.966799,0.946179,0.014763,0.012552,0.032654,0.052053,0.000000,16,1,9,0,0
dance_argument,hinge2,530,2539.292,0.171252,0.890525,0.871314,0.909736,28,0.00004288,1,0.075638,0.109019,0.042257,0.927976,0.898618,0.957335,0.957241,0.966303,0.948178,0.014598,0.012325,0.032689,0.049863,0.000000,16,1,9,0,0
dance_argument,hinge2,540,2553.927,0.170925,0.889187,0.870756,0.907618,28,0.00005593,1,0.077977,0.109349,0.046605,0.925771,0.898310,0.953233,0.957945,0.965973,0.949917,0.014031,0.013267,0.032777,0.047904,0.000000,16,1,9,0,0
dance_argument,hinge2,550,2759.664,0.174012,0.889039,0.870134,0.907944,28,0.00003958,1,0.079568,0.111662,0.047474,0.924483,0.896509,0.952456,0.959171,0.967294,0.951048,0.014972,0.013542,0.031929,0.047329,0.000000,16,1,9,0,0
dance_argument,hinge2,560,2774.015,0.171151,0.890523,0.871925,0.909121,28,0.00009488,0,0.076799,0.107863,0.045735,0.926828,0.899554,0.954101,0.958336,0.965973,0.950700,0.014421,0.013131,0.032773,0.047113,0.000000,16,1,9,0,0
dance_argument,hinge2,570,2788.633,0.170171,0.890987,0.870083,0.911890,28,0.00012055,0,0.075386,0.108688,0.042083,0.928165,0.898738,0.957592,0.957458,0.964651,0.950265,0.014382,0.012340,0.034230,0.047864,0.000000,16,1,9,0,0
dance_argument,hinge2,580,2802.915,0.162787,0.893683,0.873302,0.914064,28,0.00006685,1,0.073999,0.106871,0.041127,0.929510,0.900446,0.958574,0.959145,0.966634,0.951656,0.013432,0.011982,0.032660,0.046506,0.000000,16,1,9,0,0
dance_argument,hinge2,590,2817.508,0.166396,0.892740,0.870520,0.914959,28,0.00005964,1,0.072934,0.106046,0.039823,0.930306,0.900788,0.959825,0.957115,0.962834,0.951396,0.014199,0.011579,0.034969,0.046758,0.000000,16,1,9,0,0
dance_argument,hinge2,600,3024.229,0.170322,0.890080,0.866786,0.913374,28,0.00005195,1,0.075934,0.111001,0.040866,0.927717,0.896647,0.958786,0.956850,0.963000,0.950700,0.014674,0.011881,0.035429,0.047557,0.000000,16,1,9,0,0
dance_argument,hinge2,610,3038.511,0.167788,0.890147,0.869598,0.910696,28,0.00003794,0,0.076047,0.108358,0.043735,0.927475,0.898937,0.956012,0.957176,0.963826,0.950526,0.013478,0.012426,0.035036,0.047753,0.000000,16,1,9,0,0
dance_argument,hinge2,620,3052.710,0.170330,0.890777,0.869055,0.912499,28,0.00004381,0,0.076360,0.111331,0.041388,0.927453,0.896642,0.958264,0.958036,0.965808,0.950265,0.014922,0.012031,0.033769,0.047642,0.000000,16,1,9,0,0
dance_argument,hinge2,630,3067.112,0.167390,0.890736,0.867348,0.914123,28,0.00003919,0,0.077146,0.114470,0.039823,0.926953,0.894118,0.959789,0.958580,0.966634,0.950526,0.015051,0.011565,0.032309,0.047185,0.000000,16,1,9,0,0
dance_argument,hinge2,640,3081.581,0.168760,0.891500,0.868945,0.914054,28,0.00003947,1,0.075829,0.111662,0.039997,0.928003,0.896383,0.959624,0.958293,0.965973,0.950613,0.015087,0.011674,0.033331,0.047105,0.000000,16,1,9,0,0
dance_argument,hinge2,650,3288.219,0.163400,0.894741,0.873051,0.916430,30,0.00005392,0,0.076459,0.112488,0.040431,0.927763,0.896205,0.959321,0.962370,0.971259,0.953482,0.015197,0.011818,0.028567,0.044886,0.000000,18,1,9,0,0
dance_argument,hinge2,660,3303.670,0.161858,0.896402,0.880534,0.912270,30,0.00003428,0,0.071122,0.100595,0.041649,0.931986,0.905960,0.958012,0.959688,0.969111,0.950265,0.013182,0.012104,0.030770,0.047900,0.000000,18,1,9,0,0
dance_argument,hinge2,670,3318.818,0.162231,0.891998,0.872233,0.911762,30,0.00003282,0,0.078172,0.111827,0.044518,0.925976,0.896610,0.955342,0.961062,0.969772,0.952352,0.013773,0.012628,0.029414,0.045213,0.000000,18,1,9,0,0
dance_argument,hinge2,680,3333.995,0.155507,0.898645,0.881851,0.915440,30,0.00003150,0,0.071317,0.103072,0.039562,0.932140,0.904192,0.960088,0.962201,0.972745,0.951656,0.013481,0.011395,0.027002,0.046255,0.000000,18,1,9,0,0
dance_argument,hinge2,690,3349.320,0.156496,0.894792,0.874074,0.915511,30,0.00002420,0,0.077698,0.114965,0.040431,0.926882,0.894482,0.959282,0.963544,0.974562,0.952526,0.013912,0.011761,0.025399,0.045774,0.000000,18,1,9,0,0
dance_argument,hinge2,700,3553.695,0.156322,0.899043,0.883341,0.914744,28,0.00004173,0,0.070922,0.101586,0.040257,0.932441,0.905472,0.959411,0.962323,0.973076,0.951569,0.013524,0.011491,0.027078,0.046521,0.000000,18,1,11,0,0
dance_argument,hinge2,710,3568.221,0.160980,0.893069,0.872997,0.913141,28,0.00002098,1,0.077698,0.113314,0.042083,0.926617,0.895586,0.957648,0.961744,0.971919,0.951569,0.013880,0.012141,0.027457,0.047310,0.000000,18,1,11,0,0
dance_argument,hinge2,720,3582.726,0.159636,0.898276,0.881751,0.914801,28,0.00004633,0,0.069452,0.097952,0.040953,0.933443,0.908119,0.958767,0.960193,0.968120,0.952265,0.013470,0.011788,0.030049,0.046257,0.000000,18,1,11,0,0
dance_argument,hinge2,730,3597.138,0.155018,0.900943,0.885839,0.916046,28,0.00001739,0,0.067044,0.095309,0.038779,0.935700,0.910557,0.960843,0.960919,0.970268,0.951569,0.012930,0.011370,0.028203,0.046825,0.000000,18,1,11,0,0
dance_argument,hinge2,740,3611.321,0.160112,0.894066,0.876264,0.911868,28,0.00001669,0,0.077725,0.110671,0.044779,0.926503,0.897897,0.955108,0.962970,0.973241,0.952700,0.013568,0.012974,0.026336,0.045387,0.000000,18,1,11,0,0
dance_argument,hinge2,750,3814.948,0.158958,0.898399,0.883784,0.913014,28,0.00001249,0,0.071830,0.100099,0.043561,0.931467,0.906654,0.956279,0.962518,0.972250,0.952787,0.013383,0.012672,0.026717,0.045673,0.000000,18,1,11,0,0
dance_argument,hinge2,760,3829.253,0.158327,0.899933,0.888654,0.911211,28,0.00002137,0,0.069361,0.094813,0.043909,0.933538,0.911200,0.955876,0.962066,0.972910,0.951222,0.012985,0.012777,0.025690,0.047164,0.000000,18,1,11,0,0
dance_argument,hinge2,770,3843.386,0.155192,0.902225,0.893085,0.911365,28,0.00002351,0,0.065988,0.089197,0.042779,0.936465,0.916006,0.956925,0.961549,0.972745,0.950352,0.012110,0.012384,0.026725,0.047714,0.000000,18,1,11,0,0
dance_argument,hinge2,780,3857.391,0.157476,0.900612,0.889929,0.911294,28,0.00001213,0,0.068948,0.093987,0.043909,0.933920,0.911960,0.955880,0.962440,0.973571,0.951309,0.012968,0.012722,0.025438,0.046767,0.000000,18,1,11,0,0
dance_argument,hinge2,790,3871.657,0.158677,0.900322,0.890843,0.909801,28,0.00001358,0,0.067718,0.089528,0.045909,0.934762,0.915550,0.953975,0.961084,0.970598,0.951569,0.012125,0.013115,0.028405,0.046932,0.000000,18,1,11,0,0
dance_argument,hinge2,800,4075.031,0.155462,0.901158,0.890486,0.911831,28,0.00002302,0,0.068175,0.092005,0.044344,0.934534,0.913563,0.955505,0.962340,0.972415,0.952265,0.012217,0.012785,0.026486,0.046221,0.000000,18,1,11,0,0
dance_argument,hinge2,810,4089.361,0.157578,0.895321,0.877606,0.913036,28,0.00002893,0,0.076586,0.109349,0.043822,0.927532,0.899024,0.956040,0.963309,0.973571,0.953048,0.013252,0.012802,0.025436,0.045410,0.000000,18,1,11,0,0
dance_argument,hinge2,820,4103.868,0.160002,0.893963,0.875056,0.912870,28,0.00003581,1,0.077825,0.111827,0.043822,0.926471,0.896909,0.956032,0.962892,0.972910,0.952874,0.013746,0.012687,0.026038,0.045982,0.000000,18,1,11,0,0
dance_argument,hinge2,830,4118.312,0.158463,0.898887,0.884448,0.913326,28,0.00003934,1,0.071287,0.099273,0.043301,0.931943,0.907353,0.956533,0.962562,0.972250,0.952874,0.013242,0.012597,0.027136,0.045545,0.000000,18,1,11,0,0
dance_argument,hinge2,840,4132.742,0.163246,0.893436,0.872757,0.914115,28,0.00004433,1,0.079294,0.113809,0.044779,0.925203,0.895193,0.955213,0.963566,0.972085,0.955047,0.015115,0.012833,0.026221,0.043335,0.000000,18,1,11,0,0
dance_argument,hinge2,850,4337.671,0.161386,0.894553,0.874258,0.914848,28,0.00003771,1,0.078107,0.112653,0.043561,0.926287,0.896211,0.956363,0.963722,0.972745,0.954700,0.014921,0.012470,0.025952,0.043770,0.000000,18,1,11,0,0
dance_argument,hinge2,860,4352.263,0.163695,0.893821,0.873592,0.914050,28,0.00002078,2,0.079316,0.114635,0.043996,0.925300,0.894673,0.955927,0.964001,0.973736,0.954265,0.015271,0.012760,0.025738,0.044004,0.000000,18,1,11,0,0
dance_argument,hinge2,870,4366.735,0.160690,0.898086,0.883023,0.913148,28,0.00003694,2,0.072795,0.101421,0.044170,0.930647,0.905568,0.955726,0.963031,0.972580,0.953482,0.013795,0.012837,0.026870,0.045116,0.000000,18,1,11,0,0
dance_argument,hinge2,880,4381.254,0.154719,0.900408,0.887417,0.913398,28,0.00002779,2,0.070813,0.097456,0.044170,0.932386,0.909035,0.955738,0.963822,0.973902,0.953743,0.012927,0.012567,0.025440,0.044471,0.000000,18,1,11,0,0
dance_argument,hinge2,890,4395.710,0.158248,0.899581,0.885327,0.913835,28,0.00002630,2,0.069505,0.097621,0.041388,0.933517,0.908712,0.958322,0.961705,0.971754,0.951656,0.013263,0.012078,0.027562,0.046883,0.000000,18,1,11,0,0
dance_argument,hinge2,900,4597.115,0.158724,0.898606,0.884743,0.912469,28,0.00001878,1,0.071891,0.097787,0.045996,0.931277,0.908529,0.954024,0.962849,0.971259,0.954439,0.012855,0.013205,0.027991,0.044114,0.000000,18,1,11,0,0
dance_argument,hinge2,910,4611.713,0.159389,0.900567,0.885723,0.915411,28,0.00001585,1,0.069992,0.095639,0.044344,0.932980,0.910288,0.955671,0.963218,0.970433,0.956004,0.013494,0.013005,0.028566,0.042525,0.000000,18,1,11,0,0
dance_argument,hinge2,920,4626.224,0.163655,0.897654,0.880770,0.914538,28,0.00002243,2,0.071739,0.098612,0.044866,0.931334,0.907514,0.955154,0.961597,0.967625,0.955569,0.013780,0.013224,0.030939,0.042867,0.000000,18,1,11,0,0
dance_argument,hinge2,930,4640.347,0.169420,0.891345,0.867944,0.914747,28,0.00002224,0,0.078690,0.111992,0.045387,0.925358,0.896028,0.954688,0.960706,0.965147,0.956265,0.014771,0.013289,0.034162,0.041824,0.000000,18,1,11,0,0
dance_argument,hinge2,940,4654.502,0.165552,0.893543,0.871478,0.915609,28,0.00002365,1,0.074756,0.107863,0.041649,0.928833,0.899508,0.958159,0.959610,0.965477,0.953743,0.014111,0.012174,0.034008,0.044781,0.000000,18,1,11,0,0
dance_argument,hinge2,950,4855.142,0.165906,0.891785,0.871314,0.912256,28,0.00002120,0,0.077725,0.109019,0.046431,0.926118,0.898618,0.953618,0.960458,0.966303,0.954613,0.014075,0.013040,0.031878,0.043986,0.000000,18,1,11,0,0
dance_argument,hinge2,960,4869.386,0.169196,0.891532,0.870469,0.912596,28,0.00004105,1,0.079255,0.111992,0.046518,0.924927,0.896299,0.953555,0.961501,0.967955,0.955047,0.014627,0.013664,0.031245,0.043558,0.000000,18,1,11,0,0
dance_argument,hinge2,970,4883.438,0.167250,0.891571,0.871974,0.911168,28,0.00004874,0,0.079251,0.112157,0.046344,0.924990,0.896336,0.953644,0.961584,0.969772,0.953395,0.014406,0.013500,0.029225,0.044944,0.000000,18,1,11,0,0
dance_argument,hinge2,980,4897.808,0.166092,0.892445,0.872641,0.912249,28,0.00003051,1,0.078920,0.111497,0.046344,0.925298,0.896899,0.953696,0.962231,0.969937,0.954526,0.014451,0.013303,0.029461,0.044046,0.000000,18,1,11,0,0
dance_argument,hinge2,990,4912.105,0.169521,0.891033,0.871882,0.910183,28,0.00007516,1,0.081020,0.112653,0.049387,0.923396,0.895957,0.950835,0.962618,0.970102,0.955134,0.014413,0.014352,0.029927,0.043312,0.000000,18,1,11,0,0
dance_argument,hinge2,1000,5111.983,0.163748,0.891217,0.873049,0.909385,28,0.00004619,0,0.079494,0.111166,0.047822,0.924700,0.897189,0.952211,0.961488,0.970102,0.952874,0.013004,0.013846,0.029296,0.045209,0.000000,18,1,11,0,0
dance_argument,hinge2,1010,5126.374,0.164243,0.892418,0.875186,0.909650,28,0.00003919,1,0.077368,0.107697,0.047039,0.926476,0.900015,0.952936,0.960940,0.969442,0.952439,0.013087,0.013500,0.029788,0.046325,0.000000,18,1,11,0,0
dance_argument,hinge2,1020,5140.570,0.164923,0.891613,0.873237,0.909989,28,0.00002516,1,0.079972,0.112818,0.047126,0.924426,0.895979,0.952874,0.962314,0.971754,0.952874,0.013861,0.013642,0.027932,0.045283,0.000000,18,1,11,0,0
dance_argument,hinge2,1030,5154.627,0.162762,0.892077,0.873531,0.910624,28,0.00002274,0,0.078477,0.110175,0.046779,0.925601,0.897981,0.953221,0.961497,0.969772,0.953221,0.013140,0.013433,0.029640,0.044896,0.000000,18,1,11,0,0
dance_argument,hinge2,1040,5168.844,0.159812,0.899497,0.887224,0.911770,28,0.00003107,0,0.067892,0.091179,0.044605,0.934594,0.913925,0.955263,0.960280,0.968120,0.952439,0.012314,0.012869,0.030788,0.046024,0.000000,18,1,11,0,0
dance_argument,hinge2,1050,5370.072,0.168598,0.890185,0.869185,0.911185,31,0.00001043,0,0.080263,0.114965,0.045561,0.924155,0.893951,0.954359,0.960906,0.969111,0.952700,0.014737,0.013160,0.030157,0.045578,0.000000,21,1,11,0,0
dance_argument,hinge2,1060,5385.902,0.171498,0.889432,0.868405,0.910459,31,0.00002208,1,0.080229,0.114635,0.045822,0.924098,0.894110,0.954086,0.960067,0.967955,0.952178,0.015144,0.013204,0.031089,0.046054,0.000000,21,1,11,0,0
dance_argument,hinge2,1070,5401.565,0.166027,0.892860,0.872451,0.913268,31,0.00001271,0,0.077225,0.109845,0.044605,0.926724,0.898116,0.955333,0.961145,0.968285,0.954004,0.014357,0.012934,0.030649,0.044651,0.000000,21,1,11,0,0
dance_argument,hinge2,1080,5417.329,0.165982,0.893107,0.873160,0.913054,31,0.00001815,0,0.077938,0.110836,0.045040,0.926186,0.897448,0.954925,0.962058,0.969937,0.954178,0.014396,0.013298,0.029153,0.044480,0.000000,21,1,11,0,0
dance_argument,hinge2,1090,5433.189,0.165311,0.893603,0.874387,0.912819,31,0.00002424,0,0.078190,0.111166,0.045213,0.926043,0.897330,0.954755,0.962840,0.971589,0.954091,0.014657,0.013200,0.028288,0.043943,0.000000,21,1,11,0,0
dance_argument,hinge2,1100,5642.496,0.165667,0.893190,0.873105,0.913275,28,0.00003114,0,0.078177,0.111662,0.044692,0.926040,0.896825,0.955254,0.962344,0.970598,0.954091,0.014727,0.013023,0.028877,0.044172,0.000000,21,1,14,0,0
dance_argument,hinge2,1110,5656.725,0.173238,0.888337,0.866299,0.910375,28,0.00003271,0,0.077486,0.108193,0.046779,0.925963,0.898717,0.953209,0.956494,0.960026,0.952961,0.013263,0.013742,0.039044,0.045398,0.000000,21,1,14,0,0
dance_argument,hinge2,1120,5670.791,0.165375,0.894196,0.877548,0.910843,28,0.00001376,0,0.074256,0.102081,0.046431,0.929038,0.904526,0.953549,0.960132,0.967129,0.953135,0.013232,0.013433,0.031916,0.045164,0.000000,21,1,14,0,0
dance_argument,hinge2,1130,5685.014,0.165322,0.894108,0.877426,0.910790,28,0.00000512,0,0.076577,0.106376,0.046779,0.927236,0.901242,0.953230,0.962079,0.970763,0.953395,0.013936,0.013670,0.028115,0.045146,0.000000,21,1,14,0,0
dance_argument,hinge2,1140,5699.500,0.167489,0.893174,0.874403,0.911946,28,0.00001334,1,0.076369,0.106046,0.046692,0.927275,0.901185,0.953365,0.960827,0.967129,0.954526,0.013866,0.013640,0.031973,0.044092,0.000000,21,1,14,0,0
dance_argument,hinge2,1150,5905.266,0.167878,0.893025,0.872985,0.913065,28,0.00001769,1,0.076438,0.106706,0.046170,0.927217,0.900539,0.953894,0.960680,0.966138,0.955221,0.014028,0.013579,0.032556,0.043536,0.000000,21,1,14,0,0
dance_argument,hinge2,1160,5919.766,0.166114,0.892971,0.872765,0.913177,28,0.00002377,1,0.077603,0.108688,0.046518,0.926301,0.899018,0.953583,0.961640,0.967625,0.955656,0.013814,0.013515,0.032091,0.043144,0.000000,21,1,14,0,0
dance_argument,hinge2,1170,5934.107,0.164801,0.894261,0.874944,0.913578,28,0.00004604,1,0.075947,0.105550,0.046344,0.927689,0.901617,0.953761,0.961606,0.967294,0.955917,0.013708,0.013559,0.031154,0.042855,0.000000,21,1,14,0,0
dance_argument,hinge2,1180,5948.505,0.166397,0.894495,0.876799,0.912192,28,0.00005725,1,0.074865,0.102081,0.047648,0.928481,0.904453,0.952509,0.960980,0.966303,0.955656,0.013418,0.013954,0.032789,0.042563,0.000000,21,1,14,0,0
dance_argument,prune,1,1.493,1.670013,0.190116,0.208355,0.171876,20,0.00000464,0,0.209850,0.265279,0.154421,0.530392,0.498438,0.562346,0.231022,0.263627,0.198418,0.036205,0.045783,0.729578,0.798039,0.000100,0,0,0,0,0
dance_argument,prune,10,10.713,1.479428,0.246605,0.284601,0.208609,20,0.00000000,0,0.145170,0.187479,0.102861,0.667118,0.643194,0.691042,0.284013,0.337958,0.230067,0.025341,0.030528,0.654427,0.765907,0.000100,0,0,0,0,0
dance_argument,prune,20,20.576,1.322401,0.312059,0.376160,0.247958,20,0.00016037,0,0.121365,0.157086,0.085645,0.746720,0.734802,0.758638,0.352222,0.435249,0.269194,0.020995,0.025395,0.557234,0.726416,0.000100,0,0,0,0,0
dance_argument,prune,30,30.055,1.195876,0.371410,0.445963,0.296857,20,0.00007486,0,0.119548,0.160059,0.079037,0.782903,0.763716,0.802090,0.418832,0.517344,0.320320,0.021162,0.023397,0.475414,0.675041,0.000100,0,0,0,0,0
dance_argument,prune,40,39.626,1.084596,0.426529,0.500631,0.352428,20,0.00001697,0,0.127033,0.177899,0.076167,0.800499,0.768238,0.832761,0.484482,0.589693,0.379271,0.023788,0.022388,0.404125,0.616265,0.000100,0,0,0,0,0
dance_argument,prune,50,180.759,0.968109,0.483921,0.550104,0.417739,23,0.00000418,0,0.134753,0.195078,0.074428,0.814464,0.771168,0.857760,0.553124,0.657417,0.448831,0.026168,0.021874,0.336790,0.546714,0.000100,3,0,0,0,0
dance_argument,prune,60,192.048,0.848070,0.543301,0.605372,0.481230,23,0.00000034,0,0.133810,0.192930,0.074689,0.831488,0.789170,0.873806,0.619670,0.722167,0.517172,0.025903,0.021940,0.272113,0.478815,0.000100,3,0,0,0,0
dance_argument,prune,70,203.241,0.752943,0.589995,0.633452,0.546539,23,0.00001706,0,0.139139,0.206805,0.071472,0.839151,0.787075,0.891227,0.675027,0.764453,0.585601,0.027640,0.021018,0.230876,0.411082,0.000100,3,0,0,0,0
dance_argument,prune,80,214.373,0.678105,0.627703,0.661815,0.593591,23,0.00003322,0,0.144333,0.214239,0.074428,0.842506,0.789516,0.895495,0.720686,0.803601,0.637771,0.028575,0.021786,0.191930,0.360050,0.000100,3,0,0,0,0
dance_argument,prune,90,225.794,0.616380,0.658236,0.680071,0.636401,23,0.00005044,1,0.137530,0.203502,0.071559,0.852952,0.800873,0.905031,0.750204,0.818467,0.681941,0.027037,0.020844,0.177798,0.315504,0.000100,3,0,0,0,0
dance_argument,prune,100,389.080,0.567077,0.682892,0.689803,0.675981,26,0.00003677,2,0.133744,0.197060,0.070429,0.859316,0.807332,0.911301,0.774662,0.825735,0.723589,0.026268,0.020513,0.169418,0.273518,0.000100,6,0,0,0,0
dance_argument,prune,110,402.111,0.524014,0.703809,0.701534,0.706084,26,0.00008383,2,0.130788,0.195408,0.066168,0.865114,0.811022,0.919206,0.795712,0.838619,0.752804,0.025975,0.019186,0.157298,0.244231,0.000100,6,0,0,0,0
dance_argument,prune,120,415.141,0.498154,0.717561,0.711975,0.723146,26,0.00012259,2,0.125850,0.184836,0.066864,0.870257,0.820270,0.920245,0.807536,0.843574,0.771498,0.024332,0.019390,0.152805,0.225718,0.000100,6,0,0,0,0
dance_argument,prune,130,428.037,0.468435,0.732996,0.728275,0.737718,26,0.00011792,2,0.117226,0.168979,0.065473,0.878747,0.834386,0.923108,0.818678,0.851338,0.786019,0.022380,0.018724,0.144837,0.211136,0.000100,6,0,0,0,0
dance_argument,prune,140,440.916,0.444542,0.744285,0.737668,0.750903,26,0.00012936,2,0.114017,0.168649,0.059386,0.883456,0.836378,0.930533,0.828785,0.862075,0.795496,0.021965,0.017253,0.135528,0.201434,0.000100,6,0,0,0,0
dance_argument,prune,150,619.189,0.417112,0.758695,0.751681,0.765709,28,0.00002813,2,0.105297,0.154774,0.055821,0.892044,0.848676,0.935412,0.838236,0.868021,0.808451,0.020134,0.016197,0.128768,0.189342,0.000100,8,1,1,0,0
dance_argument,prune,160,633.163,0.396588,0.770893,0.767608,0.774178,28,0.00009371,3,0.094861,0.135117,0.054604,0.901530,0.865748,0.937313,0.843888,0.871325,0.816451,0.017750,0.015816,0.125453,0.180865,0.000100,8,1,1,0,0
dance_argument,prune,170,647.234,0.379433,0.777002,0.766238,0.787766,28,0.00004531,3,0.096160,0.141890,0.050430,0.901509,0.860461,0.942557,0.851226,0.874959,0.827493,0.017931,0.014505,0.121897,0.169918,0.000100,8,1,1,0,0
dance_argument,prune,180,661.087,0.360496,0.789033,0.779228,0.798837,28,0.00006971,3,0.086449,0.126032,0.046865,0.910668,0.874403,0.946933,0.856856,0.877436,0.836275,0.016313,0.013421,0.120188,0.161375,0.000100,8,1,1,0,0
dance_argument,prune,190,674.983,0.339731,0.798836,0.784236,0.813435,28,0.00003751,3,0.085597,0.125372,0.045822,0.912252,0.875615,0.948890,0.866633,0.882557,0.850709,0.015871,0.013170,0.114468,0.146815,0.000100,8,1,1,0,0
dance_argument,prune,200,854.949,0.319304,0.810895,0.792926,0.828864,28,0.00002000,3,0.082415,0.120747,0.044083,0.915955,0.880380,0.951530,0.877036,0.888669,0.865403,0.015743,0.012765,0.108641,0.132092,0.000100,11,1,4,0,0
dance_argument,prune,210,868.886,0.308502,0.817142,0.793007,0.841278,28,0.00002661,1,0.084797,0.124381,0.045213,0.914338,0.877581,0.951096,0.885478,0.891642,0.879315,0.016662,0.012924,0.106211,0.118207,0.000100,11,1,4,0,0
dance_argument,prune,220,882.655,0.295694,0.822324,0.793604,0.851044,28,0.00001740,2,0.085449,0.126032,0.044866,0.914183,0.876397,0.951969,0.891426,0.893624,0.889227,0.016307,0.012874,0.103415,0.108398,0.000100,11,1,4,0,0
dance_argument,prune,230,896.316,0.278808,0.830859,0.799383,0.862335,28,0.00009174,1,0.085853,0.123885,0.047822,0.914276,0.878817,0.949735,0.900994,0.898414,0.903574,0.015444,0.013750,0.099120,0.093820,0.000100,11,1,4,0,0
dance_argument,prune,240,909.983,0.269495,0.835862,0.800823,0.870901,28,0.00017327,1,0.085510,0.123720,0.047300,0.914916,0.879135,0.950698,0.905998,0.899901,0.912095,0.015713,0.013588,0.096852,0.085246,0.000100,11,1,4,0,0
dance_argument,prune,250,1103.368,0.264077,0.839494,0.798772,0.880216,27,0.00039444,1,0.088162,0.130327,0.045996,0.913140,0.873861,0.952419,0.911788,0.902874,0.920703,0.016894,0.013374,0.094980,0.077060,0.000100,11,1,5,0,0
dance_argument,prune,260,1116.675,0.258266,0.845365,0.807106,0.883625,27,0.00044252,1,0.082763,0.115791,0.049735,0.917591,0.886072,0.949110,0.914067,0.900562,0.927572,0.015262,0.014405,0.097514,0.070436,0.000100,11,1,5,0,0
dance_argument,prune,270,1129.971,0.250327,0.849989,0.814557,0.885421,27,0.00052835,1,0.082281,0.114305,0.050256,0.918440,0.888153,0.948727,0.918792,0.907664,0.929919,0.015265,0.014560,0.090878,0.067549,0.000100,11,1,5,0,0
dance_argument,prune,280,1143.289,0.244794,0.851309,0.812096,0.890522,27,0.00058978,1,0.085993,0.125206,0.046779,0.915854,0.879491,0.952216,0.922978,0.913776,0.932180,0.016760,0.013388,0.085376,0.065569,0.000100,11,1,5,0,0
dance_argument,prune,290,1156.626,0.240143,0.853760,0.814124,0.893396,27,0.00022488,1,0.086562,0.125041,0.048083,0.915518,0.879879,0.951157,0.926138,0.915923,0.936353,0.016857,0.013727,0.082707,0.061609,0.000100,11,1,5,0,0
dance_argument,prune,300,1341.683,0.234733,0.857627,0.819067,0.896186,27,0.00009717,0,0.083932,0.119260,0.048604,0.917854,0.884885,0.950823,0.928247,0.916749,0.939744,0.016114,0.014240,0.081193,0.058130,0.000100,11,1,5,0,0
dance_argument,prune,310,1355.199,0.225594,0.858678,0.817556,0.899801,27,0.00004676,2,0.086853,0.127189,0.046518,0.915823,0.878721,0.952926,0.931598,0.921539,0.941657,0.015678,0.013681,0.076696,0.056494,0.000100,11,1,5,0,0
dance_argument,prune,320,1368.515,0.225946,0.857878,0.816864,0.898891,27,0.00001999,1,0.089605,0.128345,0.050865,0.913338,0.877773,0.948904,0.933159,0.921705,0.944614,0.015577,0.014589,0.076430,0.053940,0.000100,11,1,5,0,0
dance_argument,prune,330,1381.879,0.223762,0.859683,0.820648,0.898718,27,0.00004345,2,0.089005,0.126363,0.051648,0.913961,0.879736,0.948186,0.934741,0.924348,0.945135,0.015615,0.014829,0.074028,0.052787,0.000100,11,1,5,0,0
dance_argument,prune,340,1395.344,0.225689,0.860927,0.822649,0.899204,27,0.00011115,2,0.087492,0.126032,0.048952,0.915450,0.880239,0.950662,0.934776,0.926330,0.943222,0.016919,0.014024,0.071872,0.055035,0.000100,11,1,5,0,0
dance_argument,prune,350,1588.370,0.217443,0.865698,0.829477,0.901920,28,0.00002759,2,0.083415,0.120747,0.046083,0.919238,0.885045,0.953431,0.936558,0.929633,0.943483,0.016086,0.013480,0.068295,0.055021,0.000100,12,1,5,0,0
dance_argument,prune,360,1602.355,0.214381,0.866615,0.837240,0.895990,28,0.00002661,2,0.082481,0.113314,0.051648,0.919823,0.891610,0.948036,0.937188,0.932111,0.942266,0.014161,0.014906,0.066144,0.055771,0.000100,12,1,5,0,0
dance_argument,prune,370,1616.658,0.203455,0.875343,0.847976,0.902710,28,0.00000867,1,0.075482,0.101751,0.049213,0.926196,0.901786,0.950607,0.940697,0.934258,0.947135,0.013571,0.014036,0.064253,0.051374,0.000100,12,1,5,0,0
dance_argument,prune,380,1630.625,0.201776,0.872822,0.844029,0.901615,28,0.00003407,2,0.080950,0.111992,0.049909,0.921657,0.893396,0.949917,0.942583,0.938553,0.946613,0.013929,0.014273,0.059765,0.051597,0.000100,12,1,5,0,0
dance_argument,prune,390,1644.745,0.195597,0.880292,0.856692,0.903892,28,0.00003933,2,0.073626,0.099604,0.047648,0.928235,0.904377,0.952094,0.944491,0.942022,0.946961,0.013535,0.013770,0.056838,0.051241,0.000100,12,1,5,0,0
dance_argument,prune,400,1847.110,0.193358,0.880502,0.856993,0.904011,28,0.00003131,1,0.073943,0.100760,0.047126,0.928037,0.903496,0.952577,0.944978,0.943343,0.946613,0.013503,0.013590,0.055407,0.051038,0.000100,12,1,5,0,0
dance_argument,prune,410,1861.241,0.190542,0.882067,0.860075,0.904058,28,0.00002546,2,0.075112,0.102577,0.047648,0.927246,0.902389,0.952102,0.947717,0.948299,0.947135,0.014041,0.013558,0.050665,0.050631,0.000100,12,1,5,0,0
dance_argument,prune,420,1875.390,0.188245,0.883322,0.862147,0.904497,28,0.00002086,1,0.073343,0.098778,0.047909,0.928730,0.905574,0.951886,0.947569,0.947308,0.947831,0.013301,0.013581,0.051225,0.050392,0.000100,12,1,5,0,0
dance_argument,prune,430,1889.353,0.185327,0.884167,0.862328,0.906006,28,0.00001057,1,0.073360,0.101421,0.045300,0.928935,0.903520,0.954350,0.948417,0.949785,0.947048,0.013674,0.012984,0.048525,0.050754,0.000100,12,1,5,0,0
dance_argument,prune,440,1903.395,0.188513,0.878969,0.852286,0.905653,28,0.00002610,2,0.079324,0.112653,0.045996,0.923757,0.893819,0.953694,0.947804,0.948299,0.947309,0.013722,0.013327,0.050207,0.051035,0.000100,12,1,5,0,0
dance_argument,prune,450,2105.489,0.185523,0.880511,0.855785,0.905236,28,0.00001065,2,0.079990,0.112157,0.047822,0.923292,0.894582,0.952003,0.950147,0.951767,0.948526,0.013460,0.013895,0.046930,0.049780,0.000100,12,1,5,0,0
dance_argument,prune,460,2119.383,0.186940,0.879687,0.854028,0.905346,28,0.00000427,1,0.081259,0.113479,0.049039,0.922145,0.893389,0.950901,0.950343,0.950942,0.949744,0.013779,0.014254,0.047053,0.048524,0.000100,12,1,5,0,0
dance_argument,prune,470,2133.259,0.191858,0.880841,0.855804,0.905877,28,0.00002360,0,0.080177,0.110010,0.050343,0.922981,0.896213,0.949748,0.950716,0.949950,0.951482,0.014938,0.014549,0.048094,0.047114,0.000100,12,1,5,0,0
dance_argument,prune,480,2147.401,0.188787,0.880391,0.857270,0.903511,28,0.00001449,1,0.081181,0.109845,0.052517,0.922081,0.896498,0.947665,0.951199,0.951437,0.950961,0.013438,0.015443,0.047025,0.047202,0.000100,12,1,5,0,0
dance_argument,prune,490,2161.456,0.185940,0.881866,0.858166,0.905567,28,0.00001283,1,0.078590,0.107532,0.049648,0.924361,0.898361,0.950361,0.950486,0.950446,0.950526,0.013127,0.014617,0.048091,0.047525,0.000100,12,1,5,0,0
dance_argument,prune,500,2358.280,0.183120,0.882111,0.858016,0.906206,28,0.00002068,1,0.078460,0.107532,0.049387,0.924487,0.898345,0.950630,0.950621,0.950281,0.950961,0.012954,0.014137,0.048300,0.046789,0.000100,12,1,5,0,0
dance_argument,prune,510,2372.320,0.181424,0.884421,0.860128,0.908714,28,0.00000940,1,0.077138,0.106541,0.047735,0.925793,0.899329,0.952257,0.951929,0.951767,0.952091,0.013112,0.013960,0.047246,0.046043,0.000100,12,1,5,0,0
dance_argument,prune,520,2385.958,0.177015,0.886164,0.862331,0.909997,28,0.00000889,0,0.078529,0.109845,0.047213,0.924919,0.897043,0.952795,0.955007,0.957053,0.952961,0.013463,0.013889,0.041953,0.045314,0.000100,12,1,5,0,0
dance_argument,prune,530,2399.715,0.175117,0.886759,0.864700,0.908819,28,0.00000867,0,0.077781,0.108523,0.047039,0.925596,0.898297,0.952895,0.955055,0.958540,0.951569,0.013120,0.013718,0.040574,0.046641,0.000100,12,1,5,0,0
dance_argument,prune,540,2413.662,0.184728,0.885206,0.865382,0.905030,28,0.00001507,0,0.078295,0.105550,0.051039,0.924857,0.900638,0.949076,0.953972,0.956723,0.951222,0.014154,0.014943,0.042018,0.046837,0.000100,12,1,5,0,0
dance_argument,prune,550,2617.763,0.186906,0.884004,0.865790,0.902218,28,0.00001136,1,0.079912,0.105220,0.054604,0.923330,0.900933,0.945726,0.954185,0.956888,0.951482,0.014198,0.015671,0.041932,0.046259,0.000100,12,1,5,0,0
dance_argument,prune,560,2631.758,0.183425,0.883794,0.862751,0.904837,28,0.00003009,1,0.077030,0.102412,0.051648,0.925654,0.902791,0.948518,0.951338,0.951107,0.951569,0.012401,0.014898,0.047784,0.046803,0.000100,12,1,5,0,0
dance_argument,prune,570,2645.790,0.183881,0.887875,0.871959,0.903791,28,0.00000523,1,0.069544,0.086224,0.052865,0.931964,0.916560,0.947368,0.949356,0.947142,0.951569,0.011500,0.015152,0.051231,0.046468,0.000100,12,1,5,0,0
dance_argument,prune,580,2659.806,0.187734,0.886749,0.870982,0.902515,28,0.00002049,1,0.069332,0.084407,0.054256,0.932009,0.917964,0.946053,0.947991,0.944500,0.951482,0.011367,0.015526,0.054307,0.046698,0.000100,12,1,5,0,0
dance_argument,prune,590,2673.565,0.192831,0.879705,0.855556,0.903854,28,0.00005666,0,0.076830,0.100099,0.053561,0.925310,0.903871,0.946750,0.946730,0.941196,0.952265,0.012065,0.015738,0.057142,0.045858,0.000100,12,1,5,0,0
dance_argument,prune,600,2872.983,0.191395,0.880066,0.855210,0.904923,28,0.00007068,0,0.075608,0.098612,0.052604,0.926338,0.905012,0.947664,0.946035,0.939544,0.952526,0.011910,0.015143,0.058754,0.045636,0.000100,12,1,5,0,0
dance_argument,prune,610,2886.952,0.190362,0.880314,0.853267,0.907361,28,0.00004434,0,0.076647,0.102081,0.051213,0.925560,0.902076,0.949044,0.947100,0.940370,0.953830,0.012404,0.014905,0.058019,0.044224,0.000100,12,1,5,0,0
dance_argument,prune,620,2900.632,0.195338,0.880180,0.854442,0.905917,28,0.00002013,0,0.077160,0.100760,0.053561,0.925050,0.903236,0.946864,0.947487,0.940535,0.954439,0.013575,0.015263,0.058067,0.043605,0.000100,12,1,5,0,0
dance_argument,prune,630,2914.215,0.194331,0.878249,0.847986,0.908512,28,0.00001284,0,0.077017,0.102907,0.051126,0.925029,0.900875,0.949183,0.945105,0.935249,0.954960,0.012679,0.015008,0.062391,0.042777,0.000100,12,1,5,0,0
dance_argument,prune,640,2928.282,0.199800,0.877805,0.848743,0.906867,28,0.00003848,1,0.078116,0.104063,0.052169,0.924104,0.900048,0.948160,0.945622,0.937066,0.954178,0.013993,0.015116,0.061469,0.044064,0.000100,12,1,5,0,0
dance_argument,prune,650,3130.774,0.194458,0.879129,0.848986,0.909272,29,0.00004818,1,0.078707,0.108028,0.049387,0.923890,0.896992,0.950788,0.947439,0.940700,0.954178,0.014308,0.014390,0.057337,0.043896,0.000100,12,2,5,0,0
dance_argument,prune,660,3145.547,0.185224,0.885897,0.866938,0.904857,29,0.00003260,1,0.072630,0.096135,0.049126,0.929463,0.908129,0.950797,0.949795,0.950281,0.949309,0.012732,0.014374,0.048688,0.048665,0.000100,12,2,5,0,0
dance_argument,prune,670,3160.184,0.178907,0.888843,0.870943,0.906743,29,0.00005075,0,0.070679,0.094318,0.047039,0.931372,0.909951,0.952792,0.951242,0.953089,0.949396,0.012702,0.013474,0.045128,0.048914,0.000100,12,2,5,0,0
dance_argument,prune,680,3174.703,0.172926,0.892319,0.875493,0.909144,29,0.00004011,1,0.065501,0.087876,0.043127,0.936016,0.915529,0.956503,0.950390,0.952428,0.948352,0.011489,0.012641,0.045957,0.049633,0.000100,12,2,5,0,0
dance_argument,prune,690,3188.792,0.176109,0.886382,0.863568,0.909197,29,0.00003583,0,0.073700,0.101751,0.045648,0.928786,0.903388,0.954184,0.951069,0.951437,0.950700,0.011998,0.013315,0.046868,0.047529,0.000100,12,2,5,0,0
dance_argument,prune,700,3385.276,0.173586,0.893308,0.877964,0.908653,29,0.00001466,0,0.066484,0.086885,0.046083,0.935154,0.916548,0.953760,0.952386,0.954245,0.950526,0.011859,0.013375,0.044613,0.047311,0.000100,12,2,5,0,0
dance_argument,prune,710,3399.263,0.173764,0.887500,0.864161,0.910839,29,0.00000906,2,0.073669,0.102907,0.044431,0.928964,0.902550,0.955379,0.952199,0.953089,0.951309,0.012129,0.012960,0.045650,0.047058,0.000100,12,2,5,0,0
dance_argument,prune,720,3413.447,0.174724,0.886912,0.862296,0.911527,29,0.00001472,1,0.074130,0.103568,0.044692,0.928510,0.901847,0.955172,0.951934,0.951602,0.952265,0.012164,0.013051,0.047220,0.046045,0.000100,12,2,5,0,0
dance_argument,prune,730,3427.556,0.175668,0.891241,0.873353,0.909129,29,0.00001033,2,0.069044,0.090353,0.047735,0.932809,0.913340,0.952277,0.952394,0.952263,0.952526,0.011908,0.013973,0.045942,0.045710,0.000100,12,2,5,0,0
dance_argument,prune,740,3441.745,0.177381,0.890352,0.870782,0.909922,29,0.00002238,1,0.069009,0.091675,0.046344,0.932814,0.912044,0.953584,0.951351,0.950611,0.952091,0.012294,0.013528,0.047623,0.046164,0.000100,12,2,5,0,0
dance_argument,prune,750,3640.916,0.178647,0.888758,0.868492,0.909023,29,0.00000477,1,0.072630,0.097787,0.047474,0.929743,0.906977,0.952509,0.952799,0.953419,0.952178,0.012904,0.013756,0.045427,0.046424,0.000100,12,2,5,0,0
dance_argument,prune,760,3655.048,0.182082,0.887029,0.866376,0.907682,29,0.00001781,1,0.074078,0.098943,0.049213,0.928363,0.905862,0.950864,0.952225,0.952098,0.952352,0.013091,0.014245,0.046558,0.046400,0.000100,12,2,5,0,0
dance_argument,prune,770,3669.076,0.180781,0.886657,0.865529,0.907786,29,0.00011213,2,0.075317,0.103072,0.047561,0.927465,0.902561,0.952369,0.952851,0.954741,0.950961,0.013572,0.013650,0.044685,0.047206,0.000100,12,2,5,0,0
dance_argument,prune,780,3683.316,0.181204,0.886749,0.865307,0.908192,29,0.00004045,1,0.073887,0.101255,0.046518,0.928644,0.903949,0.953340,0.951681,0.952924,0.950439,0.013801,0.013359,0.045151,0.047516,0.000100,12,2,5,0,0
dance_argument,prune,790,3697.607,0.179329,0.887154,0.865059,0.909250,29,0.00009599,1,0.074582,0.102907,0.046257,0.928136,0.902641,0.953630,0.952694,0.954080,0.951309,0.013710,0.013296,0.044771,0.046383,0.000100,12,2,5,0,0
dance_argument,prune,800,3896.443,0.172899,0.890510,0.868571,0.912449,28,0.00007857,1,0.070613,0.098447,0.042779,0.931720,0.906466,0.956974,0.952781,0.954080,0.951482,0.013183,0.012153,0.044599,0.046104,0.000100,12,2,6,0,0
dance_argument,prune,810,3910.414,0.178580,0.884231,0.858864,0.909598,28,0.00005745,1,0.077116,0.110671,0.043561,0.926083,0.896043,0.956122,0.951568,0.953915,0.949222,0.013624,0.012572,0.044949,0.048642,0.000100,12,2,6,0,0
dance_argument,prune,820,3924.328,0.168290,0.893324,0.872514,0.914135,28,0.00004233,1,0.067544,0.096135,0.038953,0.934632,0.908663,0.960602,0.953068,0.956392,0.949744,0.013137,0.011251,0.041464,0.047939,0.000100,12,2,6,0,0
dance_argument,prune,830,3938.176,0.166553,0.893788,0.871021,0.916555,28,0.00005629,1,0.068961,0.100099,0.037823,0.933587,0.905416,0.961758,0.954716,0.958209,0.951222,0.013735,0.010865,0.040349,0.046266,0.000100,12,2,6,0,0
dance_argument,prune,840,3951.794,0.164348,0.891136,0.863907,0.918366,28,0.00004047,0,0.072847,0.109349,0.036345,0.930402,0.897587,0.963217,0.955059,0.958375,0.951743,0.013537,0.010573,0.039688,0.046450,0.000100,12,2,6,0,0
dance_argument,prune,850,4140.889,0.160085,0.897106,0.875321,0.918892,27,0.00003190,0,0.064279,0.092996,0.035562,0.937691,0.911408,0.963974,0.954146,0.956723,0.951569,0.012511,0.010149,0.041344,0.045864,0.000100,12,2,7,0,0
dance_argument,prune,860,4154.009,0.166394,0.889756,0.862573,0.916939,27,0.00001138,0,0.072790,0.108193,0.037388,0.930252,0.898324,0.962181,0.953559,0.955897,0.951222,0.013165,0.010713,0.042797,0.046565,0.000100,12,2,7,0,0
dance_argument,prune,870,4167.188,0.165293,0.889353,0.862906,0.915800,27,0.00001550,0,0.073229,0.109680,0.036779,0.929969,0.897230,0.962708,0.953516,0.957549,0.949483,0.013500,0.010377,0.040010,0.048128,0.000100,12,2,7,0,0
dance_argument,prune,880,4180.355,0.161751,0.891965,0.865625,0.918306,27,0.00003027,0,0.072264,0.110010,0.034519,0.931104,0.897270,0.964939,0.955428,0.960852,0.950004,0.013578,0.010060,0.037562,0.047585,0.000100,12,2,7,0,0
dance_argument,prune,890,4193.368,0.159580,0.896959,0.876469,0.917450,27,0.00002274,0,0.066448,0.096465,0.036432,0.935939,0.908779,0.963100,0.955946,0.961018,0.950874,0.012851,0.010479,0.037210,0.046766,0.000100,12,2,7,0,0
dance_argument,prune,900,4372.908,0.164941,0.893373,0.867882,0.918864,27,0.00000976,0,0.070217,0.105220,0.035214,0.932725,0.901148,0.964301,0.955211,0.959201,0.951222,0.014215,0.010320,0.038548,0.046572,0.000100,12,2,7,0,0
dance_argument,prune,910,4385.890,0.164294,0.892927,0.868166,0.917688,27,0.00000595,0,0.072556,0.108854,0.036258,0.930843,0.898412,0.963273,0.956815,0.962669,0.950961,0.014600,0.010452,0.035797,0.046539,0.000100,12,2,7,0,0
dance_argument,prune,920,4399.185,0.163275,0.893086,0.867402,0.918769,27,0.00002165,0,0.072951,0.108688,0.037214,0.930437,0.898457,0.962417,0.957319,0.961678,0.952961,0.014465,0.010612,0.036382,0.044710,0.000100,12,2,7,0,0
dance_argument,prune,930,4412.491,0.164252,0.893422,0.869604,0.917240,27,0.00002355,0,0.071417,0.105880,0.036953,0.931711,0.900820,0.962601,0.956406,0.961678,0.951135,0.014140,0.010617,0.036646,0.046807,0.000100,12,2,7,0,0
dance_argument,prune,940,4425.800,0.160030,0.894280,0.869286,0.919275,27,0.00001701,1,0.070943,0.105715,0.036171,0.932165,0.900913,0.963416,0.956854,0.961183,0.952526,0.013067,0.010606,0.037457,0.045648,0.000100,12,2,7,0,0
dance_argument,prune,950,4619.882,0.162773,0.894069,0.871465,0.916674,27,0.00004284,1,0.071078,0.103898,0.038258,0.931941,0.902526,0.961356,0.956876,0.962009,0.951743,0.013806,0.010763,0.036335,0.046215,0.000100,12,2,7,0,0
dance_argument,prune,960,4633.350,0.163635,0.893912,0.870027,0.917798,27,0.00005938,1,0.071021,0.104394,0.037649,0.931986,0.902000,0.961971,0.956602,0.960852,0.952352,0.014007,0.010758,0.037115,0.045596,0.000100,12,2,7,0,0
dance_argument,prune,970,4646.779,0.163681,0.893705,0.869130,0.918280,27,0.00009812,1,0.070891,0.104394,0.037388,0.932072,0.901909,0.962234,0.956237,0.959861,0.952613,0.013845,0.010893,0.037710,0.045133,0.000100,12,2,7,0,0
dance_argument,prune,980,4660.225,0.165728,0.892582,0.868134,0.917030,27,0.00007105,2,0.070000,0.103568,0.036432,0.932763,0.902443,0.963084,0.954242,0.958044,0.950439,0.013952,0.010493,0.038968,0.047336,0.000100,12,2,7,0,0
dance_argument,prune,990,4673.640,0.169289,0.890638,0.865482,0.915794,27,0.00003247,2,0.072056,0.106376,0.037736,0.930912,0.900016,0.961809,0.953950,0.957549,0.950352,0.014347,0.010813,0.039704,0.047730,0.000100,12,2,7,0,0
dance_argument,prune,1000,4865.505,0.164633,0.893440,0.869396,0.917483,27,0.00006430,2,0.071647,0.105385,0.037910,0.931446,0.901177,0.961714,0.956641,0.961018,0.952265,0.014193,0.010875,0.036577,0.046027,0.000100,12,2,7,0,0
dance_argument,prune,1010,4878.921,0.164006,0.894038,0.870431,0.917644,27,0.00027576,2,0.070282,0.102742,0.037823,0.932556,0.903311,0.961802,0.956107,0.959861,0.952352,0.013849,0.010689,0.037857,0.046006,0.000100,12,2,7,0,0
dance_argument,prune,1020,4892.254,0.157906,0.900254,0.881906,0.918602,27,0.00048802,2,0.062710,0.088206,0.037214,0.939118,0.915826,0.962410,0.956241,0.959696,0.952787,0.012048,0.010799,0.038166,0.045516,0.000100,12,2,7,0,1
dance_argument,prune,1030,4905.600,0.160182,0.899170,0.880212,0.918128,27,0.00064102,2,0.062940,0.089362,0.036519,0.938897,0.914749,0.963044,0.955263,0.958870,0.951656,0.012300,0.010698,0.039002,0.046486,0.000100,12,2,7,0,1
dance_argument,prune,1040,4919.105,0.160678,0.893180,0.866776,0.919584,27,0.00024873,2,0.071512,0.107202,0.035823,0.931637,0.899520,0.963755,0.956111,0.959696,0.952526,0.012937,0.010528,0.038637,0.045842,0.000100,12,2,7,0,1
dance_argument,prune,1050,5112.011,0.159788,0.894178,0.870683,0.917673,27,0.00005864,2,0.071008,0.104889,0.037127,0.932071,0.901688,0.962455,0.956876,0.962009,0.951743,0.012955,0.010771,0.036203,0.046390,0.000100,12,2,7,0,1
dance_argument,prune,1060,5125.504,0.156843,0.899704,0.880780,0.918629,27,0.00002386,1,0.065362,0.093162,0.037562,0.936932,0.911779,0.962085,0.957984,0.962834,0.953135,0.012508,0.010823,0.035711,0.045216,0.000100,12,2,7,0,1
dance_argument,prune,1070,5138.915,0.166128,0.892883,0.868366,0.917400,27,0.00002886,1,0.072969,0.108028,0.037910,0.930385,0.899058,0.961711,0.957176,0.962174,0.952178,0.014638,0.010925,0.036312,0.046001,0.000100,12,2,7,0,1
dance_argument,prune,1080,5152.274,0.162830,0.892432,0.866856,0.918008,27,0.00004182,0,0.072495,0.107863,0.037127,0.930747,0.899026,0.962468,0.956224,0.960357,0.952091,0.013547,0.010902,0.037703,0.045392,0.000100,12,2,7,0,1
dance_argument,prune,1090,5165.448,0.163769,0.891725,0.866687,0.916764,27,0.00003154,0,0.073021,0.107697,0.038344,0.930206,0.899134,0.961278,0.955972,0.960026,0.951917,0.013329,0.011113,0.038146,0.046026,0.000100,12,2,7,0,1
dance_argument,prune,1100,5358.508,0.162430,0.893236,0.868429,0.918042,27,0.00002016,1,0.071804,0.106046,0.037562,0.931318,0.900573,0.962062,0.956524,0.960522,0.952526,0.013092,0.010931,0.038466,0.045907,0.000100,12,2,7,0,1
dance_argument,prune,1110,5371.912,0.161468,0.898202,0.878421,0.917982,27,0.00002307,1,0.064036,0.092336,0.035736,0.937997,0.912217,0.963776,0.955159,0.959531,0.950787,0.012746,0.010518,0.038982,0.047354,0.000100,12,2,7,0,1
dance_argument,prune,1120,5385.115,0.161521,0.898081,0.879412,0.916751,27,0.00003178,1,0.063740,0.090353,0.037127,0.938152,0.913885,0.962419,0.954829,0.958870,0.950787,0.012361,0.010833,0.039546,0.047119,0.000100,12,2,7,0,1
dance_argument,prune,1130,5398.042,0.163943,0.896903,0.880163,0.913642,27,0.00005947,0,0.066879,0.091675,0.042083,0.935285,0.912900,0.957670,0.956472,0.960852,0.952091,0.012564,0.012017,0.037900,0.045889,0.000100,12,2,7,0,1
dance_argument,prune,1140,5411.195,0.163175,0.896957,0.878417,0.915496,27,0.00006557,0,0.066957,0.093657,0.040257,0.935307,0.911170,0.959443,0.956520,0.960687,0.952352,0.012838,0.011527,0.038037,0.045758,0.000100,12,2,7,0,1
dance_argument,prune,1150,5597.669,0.164265,0.897214,0.879624,0.914803,27,0.00004325,1,0.065762,0.089528,0.041996,0.936183,0.914565,0.957802,0.955798,0.958375,0.953221,0.012387,0.011757,0.040878,0.045030,0.000100,12,2,7,0,1
dance_argument,prune,1160,5610.981,0.162057,0.893181,0.868035,0.918326,27,0.00003943,1,0.070891,0.102742,0.039040,0.931882,0.903070,0.960693,0.955698,0.957218,0.954178,0.012459,0.011150,0.041631,0.043967,0.000100,12,2,7,0,1
dance_argument,prune,1170,5624.142,0.163937,0.897847,0.879703,0.915992,27,0.00004810,1,0.065562,0.088867,0.042257,0.936358,0.915102,0.957614,0.956289,0.957879,0.954700,0.012303,0.012130,0.041014,0.043368,0.000100,12,2,7,0,1
dance_argument,prune,1180,5637.449,0.162252,0.893365,0.868914,0.917816,27,0.00009266,2,0.071287,0.102577,0.039997,0.931535,0.903286,0.959783,0.956285,0.958044,0.954526,0.012605,0.011327,0.040873,0.043610,0.000100,12,2,7,0,1
dance_argument,prune,1190,5650.630,0.158909,0.894835,0.871064,0.918605,27,0.00005460,1,0.070569,0.101751,0.039388,0.932260,0.904139,0.960381,0.957241,0.959696,0.954787,0.012501,0.011143,0.038419,0.043524,0.000100,12,2,7,0,1
dance_argument,prune,1200,5842.859,0.157036,0.901050,0.883689,0.918410,27,0.00004606,1,0.064862,0.090684,0.039040,0.937350,0.914004,0.960697,0.959045,0.963826,0.954265,0.012742,0.011105,0.035547,0.043515,0.000100,12,2,7,0,1
dance_argument,prune,1210,5856.318,0.159685,0.899687,0.881418,0.917957,27,0.00002889,1,0.064645,0.090684,0.038605,0.937442,0.913801,0.961083,0.957372,0.961348,0.953395,0.012491,0.011325,0.037379,0.044763,0.000100,12,2,7,0,1
dance_argument,prune,1220,5869.702,0.166977,0.893542,0.872251,0.914833,27,0.00003321,1,0.073808,0.104229,0.043388,0.929437,0.902352,0.956522,0.958845,0.963165,0.954526,0.014197,0.012454,0.035442,0.043461,0.000100,12,2,7,0,1
dance_argument,prune,1230,5883.101,0.168373,0.892304,0.869234,0.915373,27,0.00005579,1,0.074182,0.106541,0.041822,0.929133,0.900278,0.957988,0.957750,0.961843,0.953656,0.014373,0.012251,0.036426,0.044115,0.000100,12,2,7,0,1
dance_argument,prune,1240,5896.407,0.164408,0.893021,0.871194,0.914848,27,0.00005372,1,0.075134,0.106706,0.043561,0.928359,0.900355,0.956363,0.959428,0.964156,0.954700,0.013657,0.012551,0.034363,0.043439,0.000100,12,2,7,0,1
dance_argument,prune,1250,6080.250,0.170594,0.890774,0.869104,0.912444,27,0.00004873,1,0.076699,0.106706,0.046692,0.926764,0.900139,0.953389,0.958445,0.961843,0.955047,0.014336,0.013143,0.036278,0.043316,0.000100,12,2,7,0,1
dance_argument,prune,1260,6093.547,0.170656,0.889927,0.868931,0.910923,27,0.00004066,1,0.078681,0.109019,0.048344,0.925092,0.898368,0.951816,0.959310,0.963660,0.954960,0.014024,0.013858,0.034840,0.043219,0.000100,12,2,7,0,1
dance_argument,prune,1270,6106.654,0.174715,0.890052,0.870780,0.909325,27,0.00005270,1,0.075943,0.105715,0.046170,0.927390,0.901067,0.953713,0.957072,0.962834,0.951309,0.014344,0.013408,0.035981,0.047097,0.000100,12,2,7,0,1
dance_argument,prune,1280,6119.762,0.172011,0.891069,0.871377,0.910760,27,0.00005161,1,0.076073,0.105715,0.046431,0.927336,0.901128,0.953545,0.958271,0.963495,0.953048,0.014035,0.013419,0.035905,0.045363,0.000100,12,2,7,0,1
dance_argument,prune,1290,6132.953,0.170030,0.891015,0.871806,0.910224,27,0.00004459,1,0.075773,0.105550,0.045996,0.927607,0.901297,0.953916,0.957958,0.963826,0.952091,0.013859,0.013085,0.035313,0.045800,0.000100,12,2,7,0,1
dance_argument,prune,1300,6314.354,0.169980,0.891587,0.870645,0.912530,26,0.00006136,1,0.075147,0.104559,0.045735,0.928101,0.901936,0.954265,0.957972,0.961678,0.954265,0.013929,0.013180,0.036934,0.043449,0.000100,12,2,8,0,1
dance_argument,prune,1310,6327.238,0.171337,0.889135,0.869994,0.908276,26,0.00005138,1,0.076430,0.105385,0.047474,0.926855,0.901238,0.952472,0.956537,0.961678,0.951396,0.012972,0.013615,0.037730,0.046255,0.000100,12,2,8,0,1
dance_argument,prune,1320,6340.044,0.167422,0.889996,0.870448,0.909544,26,0.00005036,1,0.077221,0.106706,0.047735,0.926288,0.900278,0.952298,0.958145,0.963330,0.952961,0.012959,0.013551,0.034958,0.044988,0.000100,12,2,8,0,1
dance_argument,prune,1330,6352.688,0.169855,0.893019,0.875602,0.910437,26,0.00005840,1,0.071839,0.098117,0.045561,0.930864,0.907405,0.954324,0.956715,0.961513,0.951917,0.013351,0.013015,0.037240,0.045977,0.000100,12,2,8,0,1
dance_argument,prune,1340,6365.304,0.171442,0.887573,0.863771,0.911376,26,0.00005321,1,0.079585,0.114305,0.044866,0.924427,0.893849,0.955005,0.957385,0.962504,0.952265,0.014126,0.012858,0.036649,0.045865,0.000100,12,2,8,0,1
dance_argument,prune,1350,6546.714,0.170782,0.892806,0.874643,0.910969,26,0.00008405,0,0.071470,0.098943,0.043996,0.931227,0.906669,0.955785,0.956115,0.961183,0.951048,0.013854,0.012610,0.037246,0.046591,0.000100,12,2,8,0,1
dance_argument,prune,1360,6559.224,0.170227,0.893533,0.875376,0.911689,26,0.00008074,0,0.070552,0.097456,0.043648,0.932018,0.907899,0.956138,0.956085,0.960687,0.951482,0.013588,0.012501,0.038078,0.046646,0.000100,12,2,8,0,1
dance_argument,base,1,1.516,1.670013,0.190116,0.208355,0.171876,20,0.00000464,0,0.209850,0.265279,0.154421,0.530392,0.498438,0.562346,0.231022,0.263627,0.198418,0.036205,0.045783,0.729578,0.798039,0.000000,0,0,0,0,0
dance_argument,base,10,11.358,1.479428,0.246605,0.284601,0.208609,20,0.00000000,0,0.145170,0.187479,0.102861,0.667118,0.643194,0.691042,0.284013,0.337958,0.230067,0.025341,0.030528,0.654427,0.765907,0.000000,0,0,0,0,0
dance_argument,base,20,21.847,1.322401,0.312059,0.376160,0.247958,20,0.00016037,0,0.121365,0.157086,0.085645,0.746720,0.734802,0.758638,0.352222,0.435249,0.269194,0.020995,0.025395,0.557234,0.726416,0.000000,0,0,0,0,0
dance_argument,base,30,31.898,1.195876,0.371410,0.445963,0.296857,20,0.00007486,0,0.119548,0.160059,0.079037,0.782903,0.763716,0.802090,0.418832,0.517344,0.320320,0.021162,0.023397,0.475414,0.675041,0.000000,0,0,0,0,0
dance_argument,base,40,42.065,1.084596,0.426529,0.500631,0.352428,20,0.00001697,0,0.127033,0.177899,0.076167,0.800499,0.768238,0.832761,0.484482,0.589693,0.379271,0.023788,0.022388,0.404125,0.616265,0.000000,0,0,0,0,0
dance_argument,base,50,52.350,0.975002,0.480539,0.545957,0.415122,20,0.00000481,0,0.134579,0.195078,0.074081,0.813678,0.769830,0.857525,0.549168,0.652461,0.445874,0.026168,0.021815,0.341737,0.549662,0.000000,0,0,0,0,0
dance_argument,base,60,62.842,0.848577,0.543108,0.601954,0.484262,20,0.00002154,0,0.137565,0.200529,0.074602,0.828702,0.782788,0.874616,0.621526,0.722663,0.520390,0.026913,0.021928,0.271688,0.475792,0.000000,0,0,0,0,0
dance_argument,base,70,73.279,0.747725,0.594152,0.638179,0.550125,20,0.00002078,1,0.146033,0.215725,0.076341,0.834119,0.782442,0.885796,0.683987,0.775851,0.592122,0.028835,0.022415,0.219824,0.405966,0.000000,0,0,0,0,0
dance_argument,base,80,83.589,0.673708,0.629401,0.664939,0.593864,20,0.00003447,0,0.142425,0.210770,0.074081,0.844233,0.792520,0.895945,0.721473,0.805088,0.637858,0.028243,0.021640,0.189975,0.359033,0.000000,0,0,0,0,0
dance_argument,base,90,93.873,0.621764,0.655971,0.674577,0.637365,20,0.00000388,1,0.142156,0.211100,0.073211,0.848992,0.794666,0.903318,0.750504,0.816981,0.684027,0.028374,0.021505,0.178313,0.313016,0.000000,0,0,0,0,0
dance_argument,base,100,104.094,0.576874,0.679995,0.681080,0.678910,20,0.00000905,1,0.146377,0.210935,0.081819,0.848049,0.796332,0.899766,0.779601,0.824744,0.734458,0.028103,0.023602,0.171528,0.262618,0.000000,0,0,0,0,0
dance_argument,base,110,114.391,0.530476,0.704003,0.690332,0.717674,20,0.00004690,2,0.140374,0.202841,0.077906,0.856092,0.803677,0.908506,0.801972,0.830360,0.773585,0.026933,0.022831,0.165829,0.224495,0.000000,0,0,0,0,0
dance_argument,base,120,124.783,0.497038,0.721988,0.706285,0.737692,20,0.00012763,3,0.129993,0.182689,0.077298,0.865950,0.820542,0.911357,0.815014,0.835315,0.794714,0.024400,0.022430,0.161965,0.202880,0.000000,0,0,0,0,0
dance_argument,base,130,135.247,0.469816,0.733971,0.712246,0.755695,20,0.00019485,3,0.124494,0.180211,0.068777,0.872495,0.823463,0.921528,0.824135,0.840601,0.807669,0.023535,0.020301,0.156680,0.189843,0.000000,0,0,0,0,0
dance_argument,base,140,145.717,0.444948,0.746392,0.727647,0.765137,20,0.00034127,3,0.114496,0.162042,0.066951,0.881693,0.839180,0.924205,0.830960,0.845557,0.816364,0.021295,0.019213,0.150946,0.181143,0.000000,0,0,0,0,0
dance_argument,base,150,156.339,0.423394,0.758235,0.738775,0.777696,20,0.00087328,3,0.105515,0.151470,0.059560,0.890723,0.848854,0.932592,0.837346,0.850677,0.824015,0.019949,0.017437,0.146496,0.173715,0.000000,0,0,0,0,0
dance_argument,base,160,166.889,0.403088,0.768020,0.750761,0.785280,20,0.00099819,3,0.098273,0.139247,0.057299,0.897716,0.859990,0.935443,0.842789,0.855302,0.830276,0.018030,0.016449,0.142443,0.166740,0.000000,0,0,0,0,0
dance_argument,base,170,177.357,0.386533,0.779421,0.765586,0.793256,20,0.00070225,3,0.092927,0.126032,0.059821,0.903011,0.872451,0.933571,0.851392,0.862075,0.840710,0.016971,0.017318,0.135081,0.156697,0.000000,0,0,0,0,0
dance_argument,base,180,187.889,0.370259,0.788262,0.773610,0.802915,20,0.00069933,3,0.092401,0.122894,0.061908,0.904184,0.876062,0.932307,0.860652,0.868682,0.852622,0.016427,0.017927,0.128467,0.144974,0.000000,0,0,0,0,0
dance_argument,base,190,198.338,0.354783,0.795458,0.778202,0.812715,20,0.00062877,4,0.092970,0.126032,0.059908,0.904617,0.874258,0.934975,0.868842,0.876280,0.861403,0.016636,0.017437,0.121018,0.136406,0.000000,0,0,0,0,0
dance_argument,base,200,208.871,0.346495,0.797884,0.773870,0.821899,20,0.00065304,2,0.096778,0.136604,0.056952,0.902023,0.865572,0.938475,0.874145,0.879584,0.868707,0.017913,0.016563,0.117642,0.128939,0.000000,0,0,0,0,0
dance_argument,base,210,219.452,0.328560,0.809220,0.789605,0.828834,20,0.00084675,2,0.090775,0.121903,0.059647,0.907721,0.879036,0.936405,0.882066,0.885861,0.878271,0.016011,0.017244,0.111882,0.119506,0.000000,0,0,0,0,0
dance_argument,base,220,230.054,0.314899,0.814220,0.790946,0.837493,20,0.00051380,3,0.091583,0.127519,0.055647,0.907842,0.874899,0.940785,0.887952,0.891807,0.884097,0.016921,0.015948,0.105074,0.112938,0.000000,0,0,0,0,0
dance_argument,base,230,240.561,0.304445,0.816369,0.789863,0.842874,20,0.00028979,2,0.095800,0.137430,0.054169,0.904932,0.867326,0.942538,0.893473,0.898414,0.888531,0.017051,0.015706,0.097921,0.109100,0.000000,0,0,0,0,0
dance_argument,base,240,250.939,0.298606,0.820165,0.798307,0.842023,20,0.00025440,2,0.094557,0.131814,0.057299,0.906108,0.872687,0.939530,0.896903,0.903535,0.890270,0.016504,0.016599,0.092671,0.106503,0.000000,0,0,0,0,0
dance_argument,base,250,261.177,0.289901,0.827759,0.810200,0.845318,20,0.00031069,1,0.087110,0.117443,0.056778,0.912707,0.885174,0.940240,0.899333,0.905352,0.893314,0.015512,0.016216,0.090733,0.104226,0.000000,0,0,0,0,0
dance_argument,base,260,271.276,0.289930,0.828117,0.808806,0.847428,20,0.00037655,1,0.086402,0.117939,0.054865,0.913395,0.884615,0.942174,0.899059,0.904196,0.893922,0.015619,0.015794,0.092709,0.103490,0.000000,0,0,0,0,0
dance_argument,base,270,281.367,0.282981,0.828768,0.805364,0.852172,20,0.00030002,1,0.090814,0.127023,0.054604,0.909978,0.877235,0.942722,0.903184,0.907664,0.898704,0.015944,0.015812,0.088781,0.098385,0.000000,0,0,0,0,0
dance_argument,base,280,291.500,0.282965,0.830941,0.808161,0.853721,20,0.00024225,1,0.090814,0.125372,0.056256,0.910064,0.878851,0.941278,0.905615,0.909481,0.901748,0.016498,0.016469,0.086803,0.095546,0.000000,0,0,0,0,0
dance_argument,base,290,301.787,0.279844,0.831405,0.809782,0.853028,20,0.00029070,1,0.093787,0.128015,0.059560,0.907629,0.877082,0.938177,0.908640,0.913446,0.903834,0.016198,0.017402,0.083459,0.092852,0.000000,0,0,0,0,0
dance_argument,base,300,312.007,0.277881,0.834843,0.816080,0.853607,20,0.00039742,1,0.091258,0.121738,0.060777,0.909863,0.882625,0.937101,0.910457,0.915428,0.905486,0.016196,0.017444,0.082311,0.091573,0.000000,0,0,0,0,0
dance_argument,base,310,322.286,0.277249,0.834777,0.813457,0.856096,20,0.00027678,1,0.089036,0.121903,0.056169,0.911839,0.882165,0.941512,0.908401,0.912620,0.904182,0.016150,0.016304,0.084901,0.093122,0.000000,0,0,0,0,0
dance_argument,base,320,332.456,0.278567,0.832452,0.810989,0.853915,20,0.00026191,1,0.092805,0.127354,0.058256,0.908587,0.877735,0.939438,0.908966,0.914272,0.903661,0.016293,0.017032,0.082769,0.093245,0.000000,0,0,0,0,0
dance_argument,base,330,342.615,0.281492,0.830754,0.807030,0.854477,20,0.00023040,1,0.095017,0.132474,0.057560,0.906760,0.873402,0.940118,0.908801,0.913941,0.903661,0.017088,0.016903,0.083157,0.093473,0.000000,0,0,0,0,0
dance_argument,base,340,352.787,0.281985,0.831563,0.806324,0.856801,20,0.00021474,1,0.091518,0.128345,0.054691,0.909652,0.876372,0.942932,0.906736,0.909812,0.903661,0.016783,0.016120,0.087771,0.093766,0.000000,0,0,0,0,0
dance_argument,base,350,363.022,0.278366,0.831626,0.802922,0.860331,20,0.00031710,1,0.091370,0.130657,0.052082,0.909887,0.874185,0.945590,0.906484,0.907830,0.905139,0.016894,0.014988,0.089269,0.092252,0.000000,0,0,0,0,0
dance_argument,base,360,373.304,0.276815,0.831622,0.802685,0.860559,20,0.00036279,1,0.091252,0.131814,0.050691,0.910103,0.873293,0.946913,0.906336,0.908490,0.904182,0.016781,0.014552,0.088890,0.093068,0.000000,0,0,0,0,0
dance_argument,base,370,383.679,0.275502,0.834348,0.808445,0.860250,20,0.00029666,1,0.090983,0.130492,0.051474,0.910608,0.875059,0.946157,0.909236,0.913941,0.904530,0.017160,0.015022,0.083954,0.093200,0.000000,0,0,0,0,0
dance_argument,base,380,394.032,0.271444,0.835069,0.809621,0.860517,20,0.00032681,1,0.094734,0.136604,0.052865,0.907804,0.870741,0.944868,0.913113,0.920218,0.906008,0.017912,0.015321,0.077101,0.091314,0.000000,0,0,0,0,0
dance_argument,base,390,404.579,0.271853,0.834694,0.807971,0.861418,20,0.00021804,1,0.097217,0.139742,0.054691,0.905733,0.868245,0.943221,0.914704,0.920879,0.908530,0.018442,0.015673,0.076339,0.089089,0.000000,0,0,0,0,0
dance_argument,base,400,415.047,0.269135,0.835800,0.807213,0.864387,20,0.00009315,1,0.096591,0.140403,0.052778,0.906423,0.867663,0.945182,0.915278,0.920548,0.910008,0.018217,0.015220,0.077404,0.087818,0.000000,0,0,0,0,0
dance_argument,base,410,425.704,0.264420,0.837977,0.809905,0.866049,20,0.00013414,1,0.092109,0.133961,0.050256,0.910172,0.872704,0.947640,0.913987,0.918401,0.909573,0.017367,0.014367,0.079039,0.087721,0.000000,0,0,0,0,0
dance_argument,base,420,436.244,0.261495,0.838890,0.810244,0.867535,20,0.00019384,1,0.091687,0.135117,0.048257,0.910758,0.871907,0.949610,0.914561,0.919722,0.909399,0.016930,0.014006,0.078392,0.088263,0.000000,0,0,0,0,0
dance_argument,base,430,446.742,0.257808,0.843031,0.817940,0.868122,20,0.00020334,1,0.082711,0.117773,0.047648,0.918051,0.885883,0.950218,0.911879,0.914272,0.909486,0.015358,0.013538,0.083199,0.087512,0.000000,0,0,0,0,0
dance_argument,base,440,457.167,0.260500,0.839316,0.809071,0.869562,20,0.00012894,1,0.088109,0.129006,0.047213,0.913478,0.876248,0.950708,0.912031,0.913446,0.910616,0.015894,0.013518,0.084227,0.087468,0.000000,0,0,0,0,0
dance_argument,base,450,467.616,0.259838,0.842887,0.817953,0.867821,20,0.00010861,2,0.082172,0.115130,0.049213,0.918323,0.887924,0.948723,0.911327,0.912124,0.910530,0.015022,0.014043,0.084897,0.087467,0.000000,0,0,0,0,0
dance_argument,base,460,478.088,0.261886,0.838908,0.810431,0.867385,20,0.00010087,2,0.088279,0.127519,0.049039,0.913200,0.877538,0.948862,0.911848,0.913776,0.909921,0.015863,0.013880,0.084116,0.087821,0.000000,0,0,0,0,0
dance_argument,base,470,488.664,0.261010,0.842730,0.817805,0.867656,20,0.00013115,2,0.082172,0.115130,0.049213,0.918310,0.887906,0.948713,0.911157,0.911959,0.910356,0.015437,0.013835,0.085522,0.087300,0.000000,0,0,0,0,0
dance_argument,base,480,499.179,0.262001,0.838402,0.809705,0.867098,20,0.00008247,2,0.087388,0.126693,0.048083,0.913905,0.878060,0.949750,0.910540,0.912289,0.908791,0.015716,0.013674,0.084590,0.088898,0.000000,0,0,0,0,0
dance_argument,base,490,509.667,0.259344,0.842910,0.814946,0.870874,20,0.00010699,2,0.082085,0.118434,0.045735,0.918593,0.885004,0.952182,0.911083,0.911463,0.910703,0.015548,0.013142,0.086113,0.087202,0.000000,0,0,0,0,0
dance_argument,base,500,520.226,0.260944,0.839354,0.807033,0.871676,20,0.00008952,2,0.086762,0.127354,0.046170,0.914510,0.877210,0.951811,0.910866,0.909812,0.911921,0.016136,0.012979,0.087106,0.086304,0.000000,0,0,0,0,0
dance_argument,base,510,530.702,0.262410,0.842620,0.813689,0.871550,20,0.00007378,2,0.082789,0.119756,0.045822,0.917984,0.883833,0.952134,0.911310,0.911133,0.911486,0.016408,0.013355,0.086471,0.085986,0.000000,0,0,0,0,0
dance_argument,base,520,541.141,0.258927,0.843953,0.814651,0.873255,20,0.00009138,1,0.082302,0.118434,0.046170,0.918430,0.884967,0.951893,0.912353,0.911133,0.913573,0.016252,0.013066,0.086379,0.083973,0.000000,0,0,0,0,0
dance_argument,base,530,551.750,0.257397,0.844073,0.813967,0.874179,20,0.00007607,2,0.082163,0.118764,0.045561,0.918573,0.884628,0.952519,0.912323,0.910638,0.914007,0.016072,0.012872,0.086565,0.083599,0.000000,0,0,0,0,0
dance_argument,base,540,562.139,0.257083,0.844677,0.813138,0.876215,20,0.00014501,2,0.081528,0.116452,0.046605,0.918973,0.886309,0.951638,0.912440,0.907830,0.917051,0.015751,0.013126,0.089526,0.080500,0.000000,0,0,0,0,0
dance_argument,base,550,572.598,0.256860,0.844632,0.812999,0.876266,20,0.00011375,2,0.082654,0.118269,0.047039,0.918059,0.884887,0.951231,0.913318,0.909151,0.917485,0.016183,0.013028,0.088199,0.080266,0.000000,0,0,0,0,0
dance_argument,base,560,582.973,0.255424,0.842625,0.805653,0.879596,20,0.00007751,2,0.085314,0.127849,0.042779,0.916046,0.876653,0.955439,0.912940,0.908655,0.917225,0.016266,0.012324,0.089175,0.080207,0.000000,0,0,0,0,0
dance_argument,base,570,593.381,0.255627,0.842257,0.804071,0.880444,20,0.00007308,1,0.085092,0.128015,0.042170,0.916189,0.876317,0.956061,0.912288,0.907004,0.917572,0.016306,0.011995,0.090820,0.079946,0.000000,0,0,0,0,0
dance_argument,base,580,603.773,0.253890,0.847722,0.814859,0.880586,20,0.00017714,1,0.080494,0.116122,0.044866,0.920141,0.886777,0.953505,0.914788,0.909481,0.920094,0.016058,0.012785,0.088724,0.077869,0.000000,0,0,0,0,0
dance_argument,base,590,614.389,0.252201,0.848096,0.814815,0.881377,20,0.00014993,1,0.079003,0.114965,0.043040,0.921473,0.887669,0.955276,0.913901,0.908490,0.919311,0.015699,0.012305,0.090006,0.078084,0.000000,0,0,0,0,0
dance_argument,base,600,624.898,0.256407,0.842441,0.805690,0.879193,20,0.00023872,2,0.086788,0.126363,0.047213,0.914499,0.877776,0.951222,0.914101,0.907499,0.920703,0.015989,0.013283,0.090181,0.077445,0.000000,0,0,0,0,0
dance_argument,base,610,635.505,0.249274,0.849155,0.815976,0.882333,20,0.00018936,1,0.080002,0.116617,0.043388,0.920762,0.886532,0.954992,0.915874,0.911133,0.920616,0.015668,0.012382,0.087508,0.077112,0.000000,0,0,0,0,0
dance_argument,base,620,646.113,0.249119,0.850047,0.817279,0.882814,20,0.00013776,1,0.078185,0.114635,0.041736,0.922408,0.888227,0.956589,0.915314,0.910968,0.919659,0.015683,0.012282,0.086793,0.078038,0.000000,0,0,0,0,0
dance_argument,base,630,656.706,0.251047,0.847961,0.813549,0.882373,20,0.00017913,1,0.081915,0.121573,0.042257,0.919249,0.882428,0.956070,0.916057,0.912455,0.919659,0.016641,0.012298,0.085275,0.077771,0.000000,0,0,0,0,0
dance_argument,base,640,667.222,0.248950,0.848963,0.815022,0.882903,20,0.00014963,1,0.081306,0.121573,0.041040,0.919937,0.882616,0.957258,0.916622,0.914106,0.919137,0.016546,0.012014,0.083904,0.078353,0.000000,0,0,0,0,0
dance_argument,base,650,677.779,0.249825,0.847874,0.813704,0.882044,20,0.00011847,1,0.082476,0.123389,0.041562,0.918894,0.881070,0.956719,0.916405,0.914106,0.918703,0.016640,0.011919,0.084159,0.079097,0.000000,0,0,0,0,0
dance_argument,base,660,688.278,0.252183,0.846676,0.813006,0.880347,20,0.00010719,2,0.082754,0.122729,0.042779,0.918478,0.881480,0.955475,0.915396,0.912785,0.918007,0.016576,0.012186,0.085573,0.079498,0.000000,0,0,0,0,0
dance_argument,base,670,698.756,0.256321,0.841914,0.801833,0.881994,20,0.00011902,2,0.088205,0.135282,0.041127,0.913874,0.870616,0.957132,0.914288,0.910307,0.918268,0.017449,0.011956,0.087589,0.079498,0.000000,0,0,0,0,0
dance_argument,base,680,709.211,0.260093,0.838253,0.795927,0.880580,20,0.00014149,1,0.093895,0.143707,0.044083,0.908952,0.863658,0.954246,0.914853,0.910307,0.919398,0.018288,0.012477,0.087315,0.078505,0.000000,0,0,0,0,0
dance_argument,base,690,719.718,0.257536,0.839629,0.799132,0.880126,20,0.00014203,2,0.093717,0.142220,0.045213,0.909174,0.865195,0.953153,0.916352,0.912785,0.919920,0.017984,0.012867,0.085276,0.077364,0.000000,0,0,0,0,0
dance_argument,base,700,730.181,0.253112,0.846219,0.809329,0.883108,20,0.00016824,1,0.086266,0.129666,0.042866,0.915658,0.875791,0.955525,0.917617,0.914272,0.920963,0.017517,0.012568,0.084216,0.076546,0.000000,0,0,0,0,0
dance_argument,base,710,740.655,0.256520,0.843383,0.805568,0.881198,20,0.00016740,2,0.089213,0.133300,0.045127,0.912941,0.872592,0.953290,0.916957,0.912950,0.920963,0.017954,0.012773,0.085051,0.076935,0.000000,0,0,0,0,0
dance_argument,base,720,751.088,0.255835,0.841006,0.799420,0.882593,20,0.00015542,2,0.091195,0.138916,0.043474,0.911272,0.867622,0.954922,0.915718,0.910472,0.920963,0.017577,0.012539,0.087358,0.076318,0.000000,0,0,0,0,0
dance_argument,base,730,761.568,0.252289,0.845555,0.807986,0.883123,20,0.00010618,2,0.083732,0.125206,0.042257,0.917529,0.878952,0.956105,0.914796,0.909151,0.920442,0.016746,0.011995,0.087942,0.077332,0.000000,0,0,0,0,0
dance_argument,base,740,772.019,0.252714,0.846394,0.809587,0.883201,20,0.00015056,1,0.083171,0.123389,0.042953,0.917992,0.880537,0.955447,0.915309,0.909481,0.921137,0.016717,0.012286,0.088241,0.076423,0.000000,0,0,0,0,0
dance_argument,base,750,782.274,0.251585,0.847272,0.810044,0.884500,20,0.00018149,2,0.080828,0.118269,0.043388,0.919807,0.884516,0.955098,0.914362,0.905847,0.922876,0.015943,0.012246,0.091758,0.074885,0.000000,0,0,0,0,0
dance_argument,base,760,792.641,0.250558,0.848283,0.813406,0.883160,20,0.00015137,2,0.080924,0.116287,0.045561,0.919725,0.886470,0.952979,0.915696,0.907995,0.923398,0.015738,0.012634,0.090236,0.074557,0.000000,0,0,0,0,0
dance_argument,base,770,803.096,0.246648,0.850715,0.815156,0.886275,20,0.00018469,2,0.076873,0.111662,0.042083,0.923358,0.890295,0.956420,0.914875,0.906178,0.923572,0.015015,0.012037,0.091506,0.074195,0.000000,0,0,0,0,0
dance_argument,base,780,813.408,0.246906,0.850746,0.815825,0.885667,20,0.00024310,1,0.079094,0.114800,0.043388,0.921538,0.887921,0.955154,0.916787,0.909481,0.924094,0.015428,0.012394,0.088655,0.074210,0.000000,0,0,0,0,0
dance_argument,base,790,823.412,0.245712,0.847410,0.809188,0.885631,20,0.00034041,1,0.084597,0.125372,0.043822,0.916864,0.878986,0.954741,0.917539,0.910638,0.924441,0.015549,0.012559,0.086811,0.073504,0.000000,0,0,0,0,0
dance_argument,base,800,833.539,0.248223,0.847507,0.810132,0.884881,20,0.00026235,1,0.084349,0.124876,0.043822,0.917094,0.879484,0.954705,0.917479,0.911298,0.923659,0.016079,0.012567,0.086686,0.074329,0.000000,0,0,0,0,0
dance_argument,base,810,843.657,0.248919,0.849851,0.817427,0.882275,20,0.00042650,1,0.080968,0.114635,0.047300,0.919774,0.888245,0.951302,0.917570,0.911133,0.924007,0.015435,0.013403,0.086740,0.074152,0.000000,0,0,0,0,0
dance_argument,base,820,853.852,0.250351,0.850166,0.816776,0.883557,20,0.00053283,1,0.078029,0.110671,0.045387,0.922216,0.891269,0.953163,0.915414,0.907169,0.923659,0.015399,0.012913,0.090034,0.074472,0.000000,0,0,0,0,0
dance_argument,base,830,864.145,0.248764,0.849689,0.815198,0.884180,20,0.00036073,1,0.080767,0.117278,0.044257,0.920092,0.885925,0.954260,0.917057,0.910803,0.923311,0.015937,0.012678,0.087133,0.074528,0.000000,0,0,0,0,0
dance_argument,base,840,874.366,0.247205,0.849381,0.814793,0.883969,20,0.00029136,1,0.080611,0.116617,0.044605,0.920153,0.886386,0.953921,0.916605,0.909812,0.923398,0.014968,0.012884,0.087885,0.075154,0.000000,0,0,0,0,0
dance_argument,base,850,884.561,0.247743,0.848640,0.815357,0.881923,20,0.00019594,1,0.081050,0.116452,0.045648,0.919709,0.886583,0.952834,0.916244,0.910307,0.922181,0.014730,0.013125,0.087554,0.076143,0.000000,0,0,0,0,0
dance_argument,base,860,894.830,0.249592,0.850047,0.818290,0.881805,20,0.00011366,1,0.077720,0.110836,0.044605,0.922566,0.891318,0.953813,0.915062,0.908986,0.921137,0.014579,0.013044,0.089436,0.077310,0.000000,0,0,0,0,0
dance_argument,base,870,905.139,0.256290,0.844930,0.809349,0.880512,20,0.00010120,1,0.085423,0.123720,0.047126,0.915814,0.880256,0.951373,0.915744,0.909481,0.922007,0.016282,0.013485,0.089561,0.076057,0.000000,0,0,0,0,0
dance_argument,base,880,915.576,0.254257,0.845348,0.808661,0.882035,20,0.00025084,1,0.082919,0.121407,0.044431,0.917958,0.881928,0.953989,0.914031,0.906838,0.921224,0.016036,0.012832,0.090393,0.076448,0.000000,0,0,0,0,0
dance_argument,base,890,925.962,0.258894,0.843656,0.806627,0.880685,20,0.00030696,1,0.083654,0.121573,0.045735,0.917114,0.881539,0.952689,0.912827,0.904691,0.920963,0.016119,0.013279,0.092862,0.076968,0.000000,0,0,0,0,0
dance_argument,base,900,936.409,0.255790,0.844028,0.808971,0.879085,20,0.00015832,1,0.084393,0.123224,0.045561,0.916677,0.880583,0.952772,0.913896,0.908655,0.919137,0.016059,0.012837,0.089696,0.078808,0.000000,0,0,0,0,0
dance_argument,base,910,946.770,0.256229,0.841619,0.804341,0.878896,20,0.00008072,1,0.084706,0.126198,0.043214,0.916355,0.877721,0.954990,0.911362,0.905847,0.916877,0.015636,0.012451,0.091247,0.081041,0.000000,0,0,0,0,0
dance_argument,base,920,957.090,0.257585,0.843559,0.806537,0.880581,20,0.00011139,1,0.081906,0.121903,0.041909,0.918795,0.881274,0.956317,0.911171,0.904856,0.917485,0.016163,0.012044,0.092915,0.080377,0.000000,0,0,0,0,0
dance_argument,base,930,967.410,0.257964,0.843421,0.809236,0.877605,20,0.00007420,2,0.081228,0.119590,0.042866,0.919327,0.883395,0.955259,0.910619,0.906013,0.915225,0.016006,0.012209,0.091692,0.082018,0.000000,0,0,0,0,0
dance_argument,base,940,977.755,0.254228,0.845491,0.812656,0.878325,20,0.00008964,2,0.082502,0.122398,0.042605,0.918615,0.881686,0.955543,0.913935,0.912124,0.915746,0.016340,0.012294,0.085824,0.082046,0.000000,0,0,0,0,0
dance_argument,base,950,988.064,0.256244,0.845285,0.813229,0.877342,20,0.00008141,1,0.081467,0.118764,0.044170,0.919269,0.884535,0.954002,0.912953,0.909812,0.916094,0.016114,0.012479,0.087983,0.082295,0.000000,0,0,0,0,0
dance_argument,base,960,998.436,0.255942,0.841927,0.805994,0.877859,20,0.00006163,1,0.085653,0.129832,0.041475,0.915912,0.875218,0.956605,0.912453,0.910638,0.914268,0.016227,0.012233,0.087026,0.083465,0.000000,0,0,0,0,0
dance_argument,base,970,1008.793,0.255437,0.841617,0.807630,0.875604,20,0.00009242,1,0.086431,0.129997,0.042866,0.915239,0.875317,0.955161,0.912879,0.912620,0.913138,0.016216,0.012121,0.085921,0.084478,0.000000,0,0,0,0,0
dance_argument,base,980,1019.178,0.257687,0.842076,0.807608,0.876543,20,0.00009023,1,0.085675,0.129006,0.042344,0.915879,0.876051,0.955707,0.912727,0.911794,0.913660,0.016993,0.011981,0.086404,0.083951,0.000000,0,0,0,0,0
dance_argument,base,990,1029.640,0.259108,0.841085,0.803444,0.878727,20,0.00014916,1,0.086509,0.131979,0.041040,0.915169,0.873275,0.957064,0.912136,0.909481,0.914790,0.017110,0.011801,0.088773,0.083368,0.000000,0,0,0,0,0
dance_argument,base,1000,1040.092,0.257940,0.842886,0.808205,0.877566,20,0.00011900,1,0.084588,0.127354,0.041822,0.916811,0.877366,0.956257,0.912701,0.911133,0.914268,0.016913,0.011904,0.087273,0.083966,0.000000,0,0,0,0,0
dance_argument,base,1010,1050.442,0.253644,0.843265,0.809433,0.877096,20,0.00007439,1,0.084884,0.127684,0.042083,0.916633,0.877282,0.955984,0.913396,0.912785,0.914007,0.016276,0.011868,0.085042,0.084151,0.000000,0,0,0,0,0
dance_argument,base,1020,1060.751,0.257847,0.842391,0.806409,0.878373,20,0.00012533,1,0.084853,0.128840,0.040866,0.916614,0.876013,0.957214,0.912288,0.910307,0.914268,0.017100,0.011683,0.087892,0.083375,0.000000,0,0,0,0,0
dance_argument,base,1030,1071.096,0.257954,0.842069,0.804062,0.880077,20,0.00018634,1,0.085462,0.130492,0.040431,0.916088,0.874464,0.957712,0.912323,0.908986,0.915660,0.017260,0.011663,0.088430,0.082350,0.000000,0,0,0,0,0
dance_argument,base,1040,1081.391,0.258794,0.841377,0.804122,0.878631,20,0.00013707,1,0.085823,0.129997,0.041649,0.915658,0.874841,0.956474,0.911940,0.908655,0.915225,0.017253,0.011729,0.088602,0.082914,0.000000,0,0,0,0,0
dance_argument,base,1050,1091.763,0.260801,0.840918,0.804532,0.877304,20,0.00010539,1,0.086131,0.129832,0.042431,0.915340,0.875020,0.955661,0.911757,0.908986,0.914529,0.017187,0.012053,0.089180,0.083557,0.000000,0,0,0,0,0
dance_argument,base,1060,1102.145,0.257126,0.841483,0.803893,0.879074,20,0.00013209,1,0.084553,0.128675,0.040431,0.916731,0.875797,0.957666,0.910975,0.907334,0.914616,0.016697,0.011491,0.089451,0.083391,0.000000,0,0,0,0,0
dance_argument,base,1070,1112.477,0.254080,0.846050,0.813464,0.878636,20,0.00010480,1,0.077116,0.113974,0.040257,0.923045,0.888277,0.957813,0.910093,0.906178,0.914007,0.015180,0.011595,0.091226,0.083906,0.000000,0,0,0,0,0
dance_argument,base,1080,1122.680,0.257341,0.841348,0.805580,0.877117,20,0.00008196,1,0.083567,0.124876,0.042257,0.917352,0.878885,0.955818,0.910180,0.906178,0.914181,0.015613,0.012149,0.091324,0.083499,0.000000,0,0,0,0,0
dance_argument,base,1090,1132.982,0.255072,0.845669,0.812944,0.878393,20,0.00017279,1,0.078168,0.115296,0.041040,0.922115,0.887183,0.957048,0.910558,0.906673,0.914442,0.015555,0.011576,0.091273,0.083480,0.000000,0,0,0,0,0
horse_circle,hinge2,1,1.513,1.660304,0.161737,0.165288,0.158186,20,0.00000000,0,0.077283,0.090495,0.064072,0.695023,0.665751,0.724295,0.174283,0.180246,0.168321,0.024734,0.027956,0.805480,0.828545,0.000000,0,0,0,0,0
horse_circle,hinge2,10,11.464,1.520101,0.208525,0.216084,0.200965,20,0.00000000,0,0.054929,0.067429,0.042428,0.802686,0.773791,0.831582,0.220073,0.230655,0.209492,0.018329,0.018327,0.754728,0.787648,0.000000,0,0,0,0,0
horse_circle,hinge2,20,22.222,1.384940,0.265746,0.276416,0.255076,20,0.00000000,0,0.042342,0.054501,0.030183,0.869723,0.842473,0.896972,0.277128,0.291481,0.262775,0.014868,0.012935,0.693836,0.733775,0.000000,0,0,0,0,0
horse_circle,hinge2,30,32.728,1.275979,0.321845,0.333658,0.310032,20,0.00000000,0,0.040484,0.051711,0.029256,0.893791,0.871564,0.916017,0.335007,0.350911,0.319102,0.013833,0.012522,0.634886,0.677446,0.000000,0,0,0,0,0
horse_circle,hinge2,40,43.332,1.164653,0.377897,0.384227,0.371567,20,0.00000000,0,0.036932,0.049572,0.024292,0.915268,0.890532,0.940003,0.391933,0.403274,0.380593,0.013337,0.010362,0.583812,0.615451,0.000000,0,0,0,0,0
horse_circle,hinge2,50,199.747,1.038097,0.442704,0.441676,0.443733,23,0.00000000,0,0.032065,0.041295,0.022836,0.934853,0.917610,0.952097,0.456890,0.459914,0.453866,0.011134,0.009742,0.526954,0.542980,0.000000,3,0,0,0,0
horse_circle,hinge2,60,212.293,0.931424,0.501536,0.495277,0.507795,23,0.00000999,1,0.033473,0.043713,0.023233,0.939615,0.922031,0.957200,0.518260,0.516927,0.519592,0.012024,0.009988,0.469342,0.477516,0.000000,3,0,0,0,0
horse_circle,hinge2,70,224.909,0.849360,0.543436,0.532651,0.554222,23,0.00006765,1,0.032655,0.045387,0.019923,0.945294,0.924633,0.965954,0.561045,0.556827,0.565263,0.012201,0.008470,0.429974,0.431023,0.000000,3,0,0,0,0
horse_circle,hinge2,80,237.524,0.788141,0.574287,0.562533,0.586040,23,0.00004655,1,0.030134,0.045573,0.014694,0.951987,0.928089,0.975885,0.591411,0.588170,0.594652,0.012252,0.006361,0.398860,0.402362,0.000000,3,0,0,0,0
horse_circle,hinge2,90,249.881,0.740643,0.601479,0.593916,0.609041,23,0.00034954,0,0.032443,0.048735,0.016150,0.951001,0.927434,0.974567,0.620869,0.622861,0.618877,0.013118,0.006854,0.364722,0.378055,0.000000,3,0,0,0,0
horse_circle,hinge2,100,423.665,0.688641,0.630165,0.623818,0.636512,25,0.00075182,1,0.033408,0.051990,0.014827,0.952077,0.926592,0.977562,0.651100,0.656250,0.645949,0.014040,0.006327,0.331963,0.351141,0.000000,6,0,1,0,0
horse_circle,hinge2,110,437.470,0.651302,0.651079,0.639124,0.663034,25,0.00101149,4,0.033967,0.053571,0.014363,0.952698,0.926305,0.979090,0.672960,0.673363,0.672558,0.014455,0.006170,0.315731,0.324653,0.000000,6,0,1,0,0
horse_circle,hinge2,120,451.509,0.614008,0.670698,0.657762,0.683634,25,0.00116326,4,0.032865,0.051432,0.014297,0.955289,0.930780,0.979798,0.692500,0.691592,0.693407,0.013985,0.006134,0.297070,0.303779,0.000000,6,0,1,0,0
horse_circle,hinge2,130,465.215,0.585086,0.685328,0.671003,0.699654,25,0.00162055,5,0.032513,0.051060,0.013966,0.956591,0.932489,0.980694,0.707345,0.705264,0.709425,0.013832,0.005835,0.283273,0.286896,0.000000,6,0,1,0,0
horse_circle,hinge2,140,478.889,0.555283,0.701857,0.684285,0.719430,25,0.00203909,4,0.033406,0.054036,0.012775,0.956536,0.930302,0.982769,0.724941,0.721261,0.728621,0.014440,0.005448,0.267946,0.267900,0.000000,6,0,1,0,0
horse_circle,hinge2,150,665.358,0.532793,0.715710,0.694303,0.737117,27,0.00225570,2,0.036272,0.057850,0.014694,0.953860,0.926987,0.980733,0.741208,0.734468,0.747948,0.015492,0.006238,0.254426,0.248891,0.000000,9,0,2,0,0
horse_circle,hinge2,160,680.055,0.500633,0.732015,0.710633,0.753398,27,0.00224288,1,0.033923,0.054874,0.012973,0.957538,0.931792,0.983285,0.756400,0.749628,0.763172,0.014866,0.005519,0.239657,0.233318,0.000000,9,0,2,0,0
horse_circle,hinge2,170,694.557,0.465384,0.752398,0.731785,0.773012,27,0.00244457,1,0.035410,0.056920,0.013900,0.957013,0.931452,0.982574,0.778597,0.773438,0.783757,0.015279,0.006067,0.216604,0.213205,0.000000,9,0,2,0,0
horse_circle,hinge2,180,709.033,0.438314,0.768779,0.752945,0.784612,27,0.00261244,0,0.037364,0.057850,0.016878,0.955786,0.932288,0.979283,0.797179,0.796503,0.797855,0.015787,0.007347,0.193169,0.199278,0.000000,9,0,2,0,0
horse_circle,hinge2,190,723.705,0.422615,0.778974,0.764278,0.793671,27,0.00180568,2,0.040479,0.060175,0.020784,0.952928,0.930869,0.974988,0.810217,0.810268,0.810167,0.016297,0.008994,0.179695,0.187309,0.000000,9,0,2,0,0
horse_circle,hinge2,200,931.994,0.404584,0.787082,0.769991,0.804173,27,0.00124676,1,0.040729,0.063058,0.018401,0.953249,0.928473,0.978025,0.818758,0.818545,0.818970,0.016947,0.007870,0.171401,0.177900,0.000000,9,0,2,0,0
horse_circle,hinge2,210,946.537,0.400088,0.791553,0.776891,0.806216,27,0.00093365,0,0.041612,0.060919,0.022306,0.952413,0.931176,0.973649,0.824209,0.824219,0.824199,0.016677,0.009453,0.166080,0.173215,0.000000,9,0,2,0,0
horse_circle,hinge2,220,961.136,0.386043,0.797732,0.782341,0.813123,27,0.00052885,3,0.039707,0.057571,0.021843,0.954665,0.934945,0.974385,0.829133,0.827381,0.830884,0.015623,0.009279,0.162304,0.166613,0.000000,9,0,2,0,0
horse_circle,hinge2,230,975.498,0.377737,0.801453,0.786444,0.816461,27,0.00040074,1,0.038930,0.056548,0.021313,0.955680,0.936282,0.975077,0.832389,0.830915,0.833863,0.015157,0.009136,0.158753,0.163471,0.000000,9,0,2,0,0
horse_circle,hinge2,240,990.056,0.369458,0.806649,0.792833,0.820466,27,0.00028232,2,0.039110,0.053664,0.024557,0.955627,0.939638,0.971617,0.837997,0.835379,0.840614,0.014398,0.010375,0.154398,0.156803,0.000000,9,0,2,0,0
horse_circle,hinge2,250,1189.905,0.350600,0.816291,0.801764,0.830818,29,0.00016963,1,0.038298,0.054688,0.021909,0.957050,0.939256,0.974844,0.847315,0.845610,0.849020,0.014658,0.009493,0.144421,0.148397,0.000000,12,0,3,0,0
horse_circle,hinge2,260,1205.494,0.341688,0.821398,0.807974,0.834822,29,0.00029543,2,0.038523,0.054408,0.022637,0.957069,0.939969,0.974169,0.852827,0.851935,0.853720,0.014599,0.009817,0.137752,0.144007,0.000000,12,0,3,0,0
horse_circle,hinge2,270,1221.123,0.336069,0.824382,0.810825,0.837939,29,0.00031653,2,0.038881,0.055060,0.022703,0.956861,0.939530,0.974191,0.856216,0.855469,0.856963,0.014779,0.009793,0.134605,0.140273,0.000000,12,0,3,0,0
horse_circle,hinge2,280,1236.696,0.328737,0.828623,0.813986,0.843260,29,0.00033285,2,0.039181,0.055990,0.022372,0.956776,0.938846,0.974706,0.860844,0.859561,0.862126,0.015157,0.009673,0.130560,0.135124,0.000000,12,0,3,0,0
horse_circle,hinge2,290,1252.423,0.329432,0.828166,0.810333,0.845999,29,0.00023485,2,0.039619,0.056734,0.022505,0.956253,0.937863,0.974644,0.860672,0.856306,0.865038,0.015191,0.009726,0.133661,0.132525,0.000000,12,0,3,0,0
horse_circle,hinge2,300,1481.116,0.324937,0.830931,0.811662,0.850201,32,0.00017319,3,0.037947,0.054315,0.021578,0.958038,0.940317,0.975758,0.862147,0.855748,0.868546,0.014751,0.009567,0.134923,0.128710,0.000000,15,0,3,0,0
horse_circle,hinge2,310,1498.655,0.315542,0.836103,0.814711,0.857495,32,0.00017083,2,0.039243,0.057106,0.021379,0.956994,0.937816,0.976171,0.868531,0.861235,0.875827,0.015401,0.009372,0.129227,0.122147,0.000000,15,0,3,0,0
horse_circle,hinge2,320,1516.370,0.304387,0.842181,0.820861,0.863501,32,0.00033014,3,0.040943,0.060175,0.021710,0.955654,0.935326,0.975983,0.876252,0.870257,0.882248,0.016245,0.009315,0.120781,0.114930,0.000000,15,0,3,0,0
horse_circle,hinge2,330,1533.821,0.305961,0.842408,0.820745,0.864071,32,0.00021285,2,0.041265,0.058966,0.023564,0.955258,0.936467,0.974049,0.876786,0.869141,0.884432,0.015771,0.010394,0.122037,0.113091,0.000000,15,0,3,0,0
horse_circle,hinge2,340,1551.382,0.303651,0.843767,0.820834,0.866701,32,0.00020893,2,0.039120,0.055339,0.022902,0.957386,0.939954,0.974818,0.876404,0.866257,0.886550,0.015248,0.010025,0.125143,0.110994,0.000000,15,0,3,0,0
horse_circle,hinge2,350,1793.453,0.300704,0.845629,0.820544,0.870714,34,0.00015732,4,0.042146,0.059338,0.024954,0.954449,0.936098,0.972799,0.880837,0.869234,0.892441,0.016117,0.010669,0.121657,0.105194,0.000000,18,0,4,0,0
horse_circle,hinge2,360,1812.166,0.292469,0.850953,0.826380,0.875525,34,0.00028898,2,0.042943,0.061198,0.024689,0.953993,0.934768,0.973217,0.887047,0.876953,0.897141,0.016893,0.010674,0.114283,0.100188,0.000000,18,0,4,0,0
horse_circle,hinge2,370,1830.664,0.284993,0.854930,0.832240,0.877621,34,0.00034468,4,0.044675,0.063337,0.026013,0.952566,0.933209,0.971923,0.892701,0.884952,0.900450,0.017206,0.011097,0.106147,0.097031,0.000000,18,0,4,0,0
horse_circle,hinge2,380,1849.304,0.280683,0.858826,0.838690,0.878962,34,0.00048597,3,0.044785,0.062035,0.027535,0.952652,0.934889,0.970415,0.896941,0.890718,0.903164,0.017111,0.011907,0.100777,0.094641,0.000000,18,0,4,0,0
horse_circle,hinge2,390,1867.474,0.281787,0.859639,0.839587,0.879692,34,0.00073054,3,0.046627,0.063337,0.029918,0.950894,0.933755,0.968034,0.899387,0.892764,0.906010,0.017534,0.012825,0.099227,0.091866,0.000000,18,0,4,0,0
horse_circle,hinge2,400,2128.235,0.276817,0.863023,0.845777,0.880269,34,0.00085153,3,0.047687,0.063802,0.031573,0.950091,0.933784,0.966399,0.903901,0.899740,0.908062,0.017679,0.013730,0.091979,0.089295,0.000000,19,0,5,0,0
horse_circle,hinge2,410,2146.690,0.271476,0.865940,0.847892,0.883988,34,0.00097869,1,0.048366,0.065755,0.030977,0.949649,0.932169,0.967128,0.907509,0.903646,0.911371,0.018033,0.013606,0.087890,0.086433,0.000000,19,0,5,0,0
horse_circle,hinge2,420,2164.958,0.269625,0.868179,0.851642,0.884716,34,0.00093164,3,0.050256,0.067615,0.032896,0.948017,0.930782,0.965252,0.911523,0.909226,0.913820,0.018656,0.014405,0.083151,0.083464,0.000000,19,0,5,0,0
horse_circle,hinge2,430,2182.863,0.272178,0.868447,0.851374,0.885521,34,0.00099725,2,0.054072,0.073196,0.034948,0.944549,0.925832,0.963267,0.915079,0.913690,0.916468,0.020187,0.015466,0.077937,0.081095,0.000000,19,0,5,0,0
horse_circle,hinge2,440,2200.837,0.270661,0.869606,0.852006,0.887206,34,0.00113760,2,0.055818,0.075893,0.035743,0.943049,0.923538,0.962560,0.917792,0.916667,0.918917,0.020966,0.015593,0.075435,0.078182,0.000000,19,0,5,0,0
horse_circle,hinge2,450,2467.013,0.264828,0.873664,0.856810,0.890519,37,0.00114947,2,0.056864,0.076265,0.037464,0.942322,0.923614,0.961030,0.923018,0.922154,0.923881,0.021137,0.016191,0.070415,0.073634,0.000000,21,1,5,0,0
horse_circle,hinge2,460,2487.246,0.251953,0.880155,0.863644,0.896666,37,0.00144640,2,0.055620,0.072917,0.038324,0.943757,0.927049,0.960464,0.928824,0.926618,0.931030,0.019931,0.016774,0.065370,0.066631,0.000000,21,1,5,0,0
horse_circle,hinge2,470,2507.410,0.243152,0.884534,0.866488,0.902579,37,0.00153075,4,0.055836,0.074870,0.036802,0.943878,0.925594,0.962161,0.933579,0.931362,0.935796,0.020700,0.015877,0.061237,0.061432,0.000000,21,1,5,0,0
horse_circle,hinge2,480,2527.473,0.240867,0.886660,0.867059,0.906262,37,0.00163660,3,0.056989,0.075986,0.037993,0.942933,0.924687,0.961179,0.936818,0.932943,0.940694,0.020967,0.016657,0.058891,0.056969,0.000000,21,1,5,0,0
horse_circle,hinge2,490,2547.604,0.236816,0.889077,0.870929,0.907226,37,0.00168953,2,0.057666,0.076544,0.038787,0.942496,0.924523,0.960470,0.940004,0.937593,0.942415,0.021111,0.016979,0.054394,0.055059,0.000000,21,1,5,0,0
horse_circle,hinge2,500,2826.986,0.235734,0.890375,0.874223,0.906528,36,0.00173416,2,0.058440,0.076637,0.040244,0.941889,0.924708,0.959071,0.942115,0.941220,0.943010,0.021029,0.017534,0.052201,0.054127,0.000000,21,1,6,0,0
horse_circle,hinge2,510,2846.478,0.235416,0.891158,0.874589,0.907727,36,0.00170662,2,0.058459,0.076079,0.040839,0.941887,0.925208,0.958566,0.942962,0.941127,0.944797,0.021236,0.017815,0.051386,0.052656,0.000000,21,1,6,0,0
horse_circle,hinge2,520,2866.068,0.232108,0.893031,0.874914,0.911148,36,0.00182816,3,0.058664,0.075893,0.041435,0.941776,0.925391,0.958161,0.945107,0.941313,0.948901,0.021157,0.017990,0.051444,0.048445,0.000000,21,1,6,0,0
horse_circle,hinge2,530,2885.691,0.227044,0.895658,0.878916,0.912400,36,0.00206318,3,0.058278,0.074591,0.041965,0.942265,0.926805,0.957725,0.947582,0.944475,0.950688,0.020493,0.018182,0.049036,0.046928,0.000000,21,1,6,0,0
horse_circle,hinge2,540,2905.093,0.228754,0.895349,0.878825,0.911873,36,0.00218529,4,0.057752,0.073010,0.042494,0.942676,0.928140,0.957211,0.946805,0.942987,0.950622,0.019985,0.018568,0.050817,0.047443,0.000000,21,1,6,0,0
horse_circle,hinge2,550,3183.347,0.224266,0.896941,0.881924,0.911959,39,0.00207481,3,0.057001,0.071243,0.042759,0.943425,0.929879,0.956971,0.947854,0.944754,0.950953,0.019341,0.018576,0.049016,0.046887,0.000000,24,1,6,0,0
horse_circle,hinge2,560,3204.613,0.222946,0.898356,0.881935,0.914777,39,0.00181700,3,0.058397,0.074498,0.042295,0.942320,0.927116,0.957525,0.950553,0.947638,0.953468,0.020230,0.018547,0.046726,0.044470,0.000000,24,1,6,0,0
horse_circle,hinge2,570,3225.711,0.222776,0.898766,0.881718,0.915814,39,0.00162853,3,0.059108,0.076451,0.041766,0.941757,0.925456,0.958059,0.951595,0.949126,0.954064,0.021154,0.018307,0.044826,0.043591,0.000000,24,1,6,0,0
horse_circle,hinge2,580,3247.090,0.220164,0.899213,0.885605,0.912820,39,0.00148935,3,0.057812,0.073196,0.042428,0.942904,0.928494,0.957315,0.950988,0.950428,0.951549,0.020174,0.018550,0.042954,0.045618,0.000000,24,1,6,0,0
horse_circle,hinge2,590,3268.348,0.218380,0.900353,0.886691,0.914015,39,0.00132548,2,0.057141,0.071987,0.042295,0.943544,0.929598,0.957491,0.951597,0.950521,0.952674,0.019978,0.018479,0.042825,0.044963,0.000000,24,1,6,0,0
horse_circle,hinge2,600,3567.417,0.221415,0.898454,0.883759,0.913148,38,0.00121233,1,0.058157,0.073754,0.042560,0.942545,0.927883,0.957208,0.950476,0.948940,0.952012,0.020171,0.018574,0.044452,0.045639,0.000000,24,1,7,0,0
horse_circle,hinge2,610,3588.133,0.221696,0.899567,0.885610,0.913523,38,0.00131066,3,0.059443,0.074870,0.044016,0.941484,0.927083,0.955884,0.952825,0.951916,0.953733,0.020706,0.019186,0.041907,0.043835,0.000000,24,1,7,0,0
horse_circle,hinge2,620,3608.687,0.217706,0.900848,0.885633,0.916063,38,0.00114564,1,0.058796,0.075893,0.041700,0.942179,0.926227,0.958131,0.953554,0.952846,0.954263,0.020917,0.018145,0.041306,0.043450,0.000000,24,1,7,0,0
horse_circle,hinge2,630,3629.028,0.217517,0.900958,0.887868,0.914048,38,0.00107477,2,0.057991,0.073289,0.042693,0.942855,0.928584,0.957126,0.953005,0.952939,0.953071,0.020147,0.018648,0.040996,0.044676,0.000000,24,1,7,0,0
horse_circle,hinge2,640,3649.309,0.222043,0.898865,0.885208,0.912522,38,0.00105830,2,0.059285,0.075149,0.043421,0.941602,0.926818,0.956386,0.951937,0.951730,0.952145,0.020692,0.018978,0.041754,0.045456,0.000000,24,1,7,0,0
horse_circle,hinge2,650,3938.395,0.221204,0.899377,0.887271,0.911483,38,0.00098770,2,0.058633,0.073382,0.043884,0.942187,0.928461,0.955912,0.951932,0.952381,0.951483,0.020331,0.019071,0.041198,0.046204,0.000000,24,1,7,0,0
horse_circle,hinge2,660,3958.428,0.221456,0.899324,0.887320,0.911328,38,0.00091092,2,0.058700,0.073847,0.043553,0.942141,0.928073,0.956209,0.951933,0.952846,0.951019,0.020485,0.019029,0.040857,0.046441,0.000000,24,1,7,0,0
horse_circle,hinge2,670,3978.723,0.226172,0.897696,0.885957,0.909436,38,0.00091785,2,0.060006,0.074870,0.045142,0.940885,0.927110,0.954660,0.951389,0.952288,0.950490,0.020705,0.019699,0.041853,0.047124,0.000000,24,1,7,0,0
horse_circle,hinge2,680,3998.952,0.229541,0.896401,0.884183,0.908619,38,0.00083819,3,0.061007,0.076079,0.045936,0.939926,0.925959,0.953893,0.950904,0.951451,0.950357,0.021196,0.019981,0.042348,0.047340,0.000000,24,1,7,0,0
horse_circle,hinge2,690,4019.344,0.230452,0.896398,0.884998,0.907797,38,0.00078006,1,0.061139,0.075614,0.046664,0.939800,0.926412,0.953187,0.951037,0.951916,0.950159,0.021095,0.020399,0.042214,0.047262,0.000000,24,1,7,0,0
horse_circle,hinge2,700,4294.405,0.226379,0.898251,0.886802,0.909700,39,0.00072172,2,0.060707,0.074684,0.046730,0.940275,0.927330,0.953220,0.952621,0.953032,0.952211,0.020848,0.020432,0.040430,0.045422,0.000000,26,1,8,0,0
horse_circle,hinge2,710,4315.772,0.219760,0.900962,0.889975,0.911949,39,0.00066783,2,0.059695,0.075242,0.044149,0.941397,0.927104,0.955690,0.954574,0.956938,0.952211,0.020769,0.019281,0.037994,0.045463,0.000000,26,1,8,0,0
horse_circle,hinge2,720,4337.145,0.212227,0.902435,0.888956,0.915913,39,0.00064714,2,0.056403,0.073754,0.039052,0.944428,0.928274,0.960583,0.953101,0.954520,0.951681,0.020559,0.016877,0.039643,0.045917,0.000000,26,1,8,0,0
horse_circle,hinge2,730,4358.398,0.203349,0.906050,0.892266,0.919834,39,0.00059801,1,0.055073,0.073940,0.036206,0.945885,0.928365,0.963404,0.955689,0.958240,0.953137,0.020332,0.015853,0.035915,0.044824,0.000000,26,1,8,0,0
horse_circle,hinge2,740,4379.239,0.192552,0.909571,0.895723,0.923418,39,0.00056338,2,0.051164,0.072080,0.030249,0.949682,0.930180,0.969184,0.955818,0.960286,0.951350,0.020034,0.013169,0.034086,0.046610,0.000000,26,1,8,0,0
horse_circle,hinge2,750,4660.316,0.183177,0.911414,0.894860,0.927967,37,0.00049119,2,0.047900,0.071243,0.024557,0.952822,0.930823,0.974822,0.954683,0.958612,0.950755,0.019677,0.010573,0.035440,0.046706,0.000000,26,1,10,0,1
horse_circle,hinge2,760,4680.237,0.178453,0.912714,0.897042,0.928386,37,0.00064024,3,0.044091,0.065941,0.022240,0.956295,0.935487,0.977102,0.952614,0.956194,0.949034,0.018334,0.009637,0.037665,0.048236,0.000000,26,1,10,0,1
horse_circle,hinge2,770,4700.236,0.176434,0.913231,0.896182,0.930279,37,0.00069070,3,0.044238,0.066964,0.021512,0.956208,0.934551,0.977864,0.953243,0.956194,0.950291,0.018413,0.009353,0.037364,0.047077,0.000000,26,1,10,0,1
horse_circle,hinge2,780,4720.119,0.171958,0.915157,0.899851,0.930462,37,0.00073718,3,0.041397,0.062407,0.020387,0.958850,0.938721,0.978979,0.952719,0.956008,0.949431,0.017387,0.008781,0.037452,0.048365,0.000000,26,1,10,0,1
horse_circle,hinge2,790,4740.019,0.173980,0.913744,0.899816,0.927673,37,0.00076628,4,0.041211,0.062035,0.020387,0.958980,0.939042,0.978917,0.951110,0.955636,0.946585,0.017199,0.008708,0.038406,0.050682,0.000000,26,1,10,0,1
horse_circle,hinge2,800,5014.750,0.170465,0.915530,0.900158,0.930902,37,0.00066174,3,0.040600,0.061012,0.020188,0.959570,0.939954,0.979185,0.952387,0.955078,0.949696,0.016785,0.008786,0.038122,0.048484,0.000000,26,1,10,0,1
horse_circle,hinge2,810,5034.642,0.172113,0.915060,0.900280,0.929839,37,0.00057712,2,0.042012,0.062314,0.021710,0.958244,0.938830,0.977658,0.953203,0.956380,0.950026,0.017003,0.009516,0.037373,0.047338,0.000000,26,1,10,0,1
horse_circle,hinge2,820,5054.474,0.172733,0.914551,0.898182,0.930921,37,0.00052735,3,0.043273,0.064174,0.022372,0.957059,0.937084,0.977033,0.953785,0.955822,0.951747,0.017400,0.009717,0.037489,0.045555,0.000000,26,1,10,0,1
horse_circle,hinge2,830,5074.189,0.175104,0.913701,0.897409,0.929994,37,0.00047400,2,0.043230,0.062500,0.023961,0.956970,0.938484,0.975456,0.952887,0.953497,0.952277,0.016901,0.010411,0.040013,0.044929,0.000000,26,1,10,0,1
horse_circle,hinge2,840,5093.631,0.180741,0.911630,0.893963,0.929296,37,0.00046992,2,0.043609,0.063058,0.024159,0.956510,0.937775,0.975244,0.951041,0.950335,0.951747,0.017334,0.010588,0.042671,0.046102,0.000000,26,1,10,0,1
horse_circle,hinge2,850,5367.981,0.185067,0.909060,0.891293,0.926828,37,0.00036134,2,0.045461,0.066034,0.024887,0.954743,0.935017,0.974469,0.950021,0.950149,0.949894,0.017945,0.010875,0.042705,0.047364,0.000000,26,1,10,0,1
horse_circle,hinge2,860,5387.577,0.188020,0.908594,0.890526,0.926662,37,0.00031035,2,0.046171,0.067057,0.025285,0.954080,0.934083,0.974077,0.950167,0.950242,0.950093,0.018499,0.010987,0.043189,0.047538,0.000000,26,1,10,0,1
horse_circle,hinge2,870,5407.295,0.185669,0.908971,0.892286,0.925656,37,0.00025499,2,0.044697,0.064639,0.024755,0.955429,0.936291,0.974566,0.949267,0.949963,0.948570,0.017845,0.010748,0.043085,0.048642,0.000000,26,1,10,0,1
horse_circle,hinge2,880,5427.069,0.187098,0.908586,0.892402,0.924771,37,0.00021224,1,0.044969,0.064918,0.025020,0.955171,0.936057,0.974284,0.949122,0.950335,0.947908,0.017811,0.011089,0.042719,0.049401,0.000000,26,1,10,0,1
horse_circle,hinge2,890,5446.255,0.186609,0.908936,0.892236,0.925636,37,0.00020190,2,0.044751,0.065011,0.024490,0.955395,0.935966,0.974825,0.949274,0.950242,0.948306,0.017908,0.010755,0.043063,0.049471,0.000000,26,1,10,0,1
horse_circle,hinge2,900,5719.951,0.185817,0.909308,0.892826,0.925790,37,0.00018197,3,0.045242,0.065662,0.024821,0.954974,0.935443,0.974505,0.950110,0.951451,0.948769,0.018054,0.010805,0.042111,0.048773,0.000000,26,1,10,0,1
horse_circle,hinge2,910,5739.627,0.185832,0.909141,0.891543,0.926739,37,0.00021029,3,0.045667,0.066778,0.024557,0.954591,0.934393,0.974789,0.950288,0.951079,0.949497,0.018487,0.010583,0.041953,0.048082,0.000000,26,1,10,0,1
horse_circle,hinge2,920,5759.107,0.184421,0.910001,0.891791,0.928211,37,0.00019318,2,0.046359,0.068359,0.024358,0.954038,0.933054,0.975022,0.951787,0.952753,0.950821,0.018692,0.010674,0.040373,0.046923,0.000000,26,1,10,0,1
horse_circle,hinge2,930,5778.728,0.185748,0.909328,0.889721,0.928936,37,0.00018052,1,0.046088,0.068545,0.023630,0.954251,0.932749,0.975752,0.950797,0.950707,0.950887,0.019025,0.010318,0.042193,0.046682,0.000000,26,1,10,0,1
horse_circle,hinge2,940,5798.132,0.185962,0.910030,0.890898,0.929162,37,0.00017313,2,0.046970,0.069847,0.024093,0.953513,0.931721,0.975305,0.952337,0.953125,0.951549,0.019411,0.010612,0.040070,0.046329,0.000000,26,1,10,0,1
horse_circle,hinge2,950,6067.608,0.188640,0.908829,0.889188,0.928470,36,0.00019448,4,0.048498,0.072638,0.024358,0.952130,0.929232,0.975029,0.952431,0.953776,0.951086,0.019982,0.010619,0.040060,0.046987,0.000000,26,1,11,0,1
horse_circle,hinge2,960,6086.693,0.187028,0.908410,0.889043,0.927777,36,0.00017281,3,0.047469,0.071243,0.023696,0.953030,0.930402,0.975658,0.951071,0.952381,0.949762,0.019451,0.010333,0.040638,0.047901,0.000000,26,1,11,0,1
horse_circle,hinge2,970,6105.933,0.186587,0.908680,0.891151,0.926208,36,0.00015886,3,0.046638,0.068917,0.024358,0.953751,0.932532,0.974969,0.950668,0.952567,0.948769,0.018841,0.010625,0.040632,0.048700,0.000000,26,1,11,0,1
horse_circle,hinge2,980,6124.915,0.189679,0.907798,0.889728,0.925869,36,0.00013484,3,0.048503,0.071987,0.025020,0.952068,0.929821,0.974314,0.951405,0.953776,0.949034,0.019614,0.010966,0.039942,0.048389,0.000000,26,1,11,0,1
horse_circle,hinge2,990,6144.104,0.189433,0.908585,0.890606,0.926564,36,0.00010900,3,0.048925,0.071243,0.026608,0.951652,0.930515,0.972788,0.952636,0.954055,0.951218,0.019516,0.011542,0.039656,0.046509,0.000000,26,1,11,0,1
horse_circle,hinge2,1000,6423.225,0.188027,0.909614,0.893453,0.925775,38,0.00007768,2,0.048733,0.071057,0.026410,0.951918,0.930878,0.972958,0.953582,0.956938,0.950225,0.019552,0.011617,0.037064,0.047119,0.000000,28,1,11,0,1
horse_circle,hinge2,1010,6443.455,0.187994,0.908968,0.892587,0.925348,38,0.00009708,1,0.048480,0.070219,0.026741,0.952075,0.931525,0.972625,0.952678,0.955264,0.950093,0.019162,0.011750,0.037812,0.047347,0.000000,28,1,11,0,1
horse_circle,hinge2,1020,6463.678,0.182789,0.911659,0.896471,0.926847,38,0.00007482,1,0.046198,0.067243,0.025152,0.954272,0.934332,0.974211,0.953456,0.956752,0.950159,0.018488,0.011103,0.036758,0.047919,0.000000,28,1,11,0,1
horse_circle,hinge2,1030,6483.870,0.179920,0.912333,0.895387,0.929278,38,0.00004593,1,0.046267,0.068638,0.023895,0.954285,0.933067,0.975502,0.954164,0.956845,0.951483,0.018836,0.010492,0.036201,0.046365,0.000000,28,1,11,0,1
horse_circle,hinge2,1040,6503.799,0.178661,0.913260,0.896069,0.930451,38,0.00003619,2,0.046705,0.069382,0.024027,0.953943,0.932483,0.975403,0.955523,0.958240,0.952806,0.019039,0.010586,0.034974,0.045010,0.000000,28,1,11,0,1
horse_circle,hinge2,1050,6789.629,0.178709,0.913719,0.897639,0.929799,38,0.00003900,1,0.046251,0.067615,0.024887,0.954321,0.934095,0.974548,0.955636,0.958333,0.952939,0.018679,0.010811,0.035537,0.045037,0.000000,28,1,11,0,1
horse_circle,hinge2,1060,6810.043,0.181737,0.911960,0.895140,0.928779,38,0.00003075,2,0.046490,0.067894,0.025086,0.954006,0.933685,0.974328,0.953997,0.955915,0.952078,0.018789,0.010957,0.037314,0.045608,0.000000,28,1,11,0,1
horse_circle,hinge2,1070,6830.498,0.184567,0.910037,0.889015,0.931059,38,0.00002361,3,0.046438,0.068452,0.024424,0.953906,0.932779,0.975032,0.951835,0.949870,0.953799,0.018924,0.010681,0.042454,0.044181,0.000000,28,1,11,0,1
horse_circle,hinge2,1080,6850.883,0.186427,0.908680,0.885590,0.931770,38,0.00003266,1,0.046299,0.068173,0.024424,0.953914,0.932777,0.975051,0.950245,0.945964,0.954527,0.018758,0.010667,0.046038,0.043375,0.000000,28,1,11,0,1
horse_circle,hinge2,1090,6871.036,0.188830,0.907981,0.887234,0.928728,38,0.00002626,1,0.047146,0.068080,0.026211,0.953104,0.932973,0.973234,0.950354,0.947638,0.953071,0.018846,0.011237,0.044957,0.044502,0.000000,28,1,11,0,1
horse_circle,hinge2,1100,7156.380,0.193074,0.907371,0.886668,0.928075,38,0.00001642,3,0.049029,0.070126,0.027932,0.951367,0.931179,0.971554,0.951422,0.948847,0.953998,0.019414,0.012240,0.044088,0.043810,0.000000,28,1,11,0,1
horse_circle,prune,1,1.478,1.660304,0.161737,0.165288,0.158186,20,0.00000000,0,0.077283,0.090495,0.064072,0.695023,0.665751,0.724295,0.174283,0.180246,0.168321,0.024734,0.027956,0.805480,0.828545,0.000100,0,0,0,0,0
horse_circle,prune,10,11.322,1.520101,0.208525,0.216084,0.200965,20,0.00000000,0,0.054929,0.067429,0.042428,0.802686,0.773791,0.831582,0.220073,0.230655,0.209492,0.018329,0.018327,0.754728,0.787648,0.000100,0,0,0,0,0
horse_circle,prune,20,21.991,1.384940,0.265746,0.276416,0.255076,20,0.00000000,0,0.042342,0.054501,0.030183,0.869723,0.842473,0.896972,0.277128,0.291481,0.262775,0.014868,0.012935,0.693836,0.733775,0.000100,0,0,0,0,0
horse_circle,prune,30,32.406,1.275979,0.321845,0.333658,0.310032,20,0.00000000,0,0.040484,0.051711,0.029256,0.893791,0.871564,0.916017,0.335007,0.350911,0.319102,0.013833,0.012522,0.634886,0.677446,0.000100,0,0,0,0,0
horse_circle,prune,40,42.883,1.164653,0.377897,0.384227,0.371567,20,0.00000000,0,0.036932,0.049572,0.024292,0.915268,0.890532,0.940003,0.391933,0.403274,0.380593,0.013337,0.010362,0.583812,0.615451,0.000100,0,0,0,0,0
horse_circle,prune,50,197.853,1.038249,0.442607,0.441676,0.443538,23,0.00000000,0,0.032065,0.041295,0.022836,0.934843,0.917610,0.952077,0.456791,0.459914,0.453667,0.011134,0.009742,0.526992,0.543111,0.000100,3,0,0,0,0
horse_circle,prune,60,210.465,0.932169,0.501131,0.494921,0.507342,23,0.00000384,1,0.033473,0.043713,0.023233,0.939571,0.921979,0.957164,0.517842,0.516555,0.519129,0.012024,0.009988,0.469805,0.477887,0.000100,3,0,0,0,0
horse_circle,prune,70,222.968,0.847433,0.544690,0.534567,0.554813,23,0.00006252,2,0.032840,0.045294,0.020387,0.945130,0.925019,0.965241,0.562452,0.558780,0.566124,0.012223,0.008604,0.427996,0.430241,0.000100,3,0,0,0,0
horse_circle,prune,80,235.394,0.786517,0.574794,0.563651,0.585937,23,0.00004548,1,0.030120,0.045480,0.014760,0.952064,0.928352,0.975777,0.591936,0.589286,0.594586,0.012243,0.006356,0.397095,0.402381,0.000100,3,0,0,0,0
horse_circle,prune,90,247.758,0.738603,0.602389,0.595578,0.609200,23,0.00036907,1,0.031706,0.047526,0.015886,0.952094,0.929215,0.974974,0.621381,0.623884,0.618877,0.012743,0.006863,0.363960,0.378001,0.000100,3,0,0,0,0
horse_circle,prune,100,419.059,0.683795,0.632670,0.627808,0.637532,25,0.00077388,3,0.033143,0.051525,0.014760,0.952647,0.927601,0.977693,0.653549,0.660156,0.646942,0.013866,0.006307,0.328482,0.349998,0.000100,6,0,1,0,0
horse_circle,prune,110,432.682,0.643872,0.652926,0.643060,0.662793,25,0.00087224,2,0.030912,0.047991,0.013834,0.956675,0.933522,0.979828,0.672942,0.673921,0.671962,0.012902,0.005858,0.314542,0.325151,0.000100,6,0,1,0,0
horse_circle,prune,120,446.251,0.605250,0.673812,0.663268,0.684355,25,0.00111783,3,0.030928,0.049014,0.012841,0.958001,0.934191,0.981811,0.694460,0.695778,0.693143,0.013088,0.005576,0.293100,0.303873,0.000100,6,0,1,0,0
horse_circle,prune,130,459.863,0.575263,0.690841,0.677990,0.703692,25,0.00104990,5,0.032189,0.051339,0.013039,0.957426,0.932814,0.982037,0.712832,0.712798,0.712867,0.013926,0.005689,0.276283,0.283623,0.000100,6,0,1,0,0
horse_circle,prune,140,473.409,0.547409,0.705950,0.688718,0.723182,25,0.00113362,3,0.033161,0.054408,0.011914,0.957140,0.930299,0.983980,0.728994,0.726190,0.731798,0.014744,0.005051,0.263188,0.264983,0.000100,6,0,1,0,0
horse_circle,prune,150,665.741,0.516158,0.722709,0.703283,0.742134,28,0.00115539,3,0.034244,0.056641,0.011848,0.956823,0.929178,0.984467,0.747022,0.743118,0.750927,0.015015,0.004991,0.246819,0.245770,0.000100,9,0,1,0,0
horse_circle,prune,160,680.941,0.488110,0.738151,0.716083,0.760220,28,0.00136010,2,0.034543,0.057106,0.011980,0.957259,0.929853,0.984666,0.763151,0.756975,0.769328,0.015276,0.004997,0.232988,0.227204,0.000100,9,0,1,0,0
horse_circle,prune,170,696.179,0.462176,0.752521,0.725696,0.779347,28,0.00177704,2,0.034144,0.056176,0.012113,0.958294,0.931713,0.984876,0.777625,0.766462,0.788787,0.015206,0.005155,0.222829,0.207876,0.000100,9,0,1,0,0
horse_circle,prune,180,711.337,0.437529,0.767012,0.740773,0.793250,28,0.00218080,3,0.036154,0.058408,0.013900,0.956840,0.930669,0.983011,0.794158,0.784040,0.804276,0.015620,0.005906,0.205525,0.192818,0.000100,9,0,1,0,0
horse_circle,prune,190,726.327,0.419931,0.777905,0.754298,0.801511,28,0.00173341,4,0.038342,0.060268,0.016415,0.955086,0.929923,0.980248,0.807213,0.799758,0.814668,0.016165,0.006878,0.190410,0.182661,0.000100,9,0,1,0,0
horse_circle,prune,200,939.293,0.409222,0.785789,0.761535,0.810044,31,0.00060031,3,0.042589,0.066313,0.018864,0.951078,0.924502,0.977654,0.818680,0.812035,0.825324,0.017742,0.008064,0.178725,0.172276,0.000100,12,0,1,0,0
horse_circle,prune,210,955.887,0.394042,0.792016,0.775569,0.808464,31,0.00078047,2,0.039404,0.062128,0.016680,0.954990,0.929869,0.980110,0.822851,0.823754,0.821949,0.016704,0.007036,0.166573,0.175687,0.000100,12,0,1,0,0
horse_circle,prune,220,972.385,0.382597,0.798969,0.785471,0.812468,31,0.00060133,2,0.041611,0.063895,0.019328,0.953082,0.928970,0.977195,0.831914,0.835658,0.828171,0.017154,0.008010,0.154351,0.169633,0.000100,12,0,1,0,0
horse_circle,prune,230,988.915,0.367342,0.806796,0.797740,0.815853,31,0.00049702,3,0.039847,0.061756,0.017938,0.955451,0.932044,0.978858,0.838746,0.847005,0.830487,0.016650,0.007774,0.143085,0.166988,0.000100,12,0,1,0,0
horse_circle,prune,240,1005.534,0.354752,0.815493,0.812238,0.818748,31,0.00059818,3,0.043262,0.065476,0.021048,0.952552,0.929663,0.975440,0.850701,0.865420,0.835981,0.017751,0.008840,0.126071,0.161268,0.000100,12,0,1,0,0
horse_circle,prune,250,1229.796,0.341844,0.821653,0.819295,0.824010,32,0.00044784,2,0.041663,0.063337,0.019989,0.954497,0.932225,0.976769,0.855834,0.871187,0.840482,0.017151,0.008485,0.120148,0.156784,0.000100,15,0,3,0,0
horse_circle,prune,260,1247.044,0.325545,0.829668,0.825245,0.834091,32,0.00063712,2,0.040740,0.061756,0.019725,0.955747,0.934160,0.977335,0.863376,0.876209,0.850543,0.016711,0.008421,0.114144,0.146546,0.000100,15,0,3,0,0
horse_circle,prune,270,1264.244,0.318126,0.833407,0.829965,0.836849,32,0.00063341,4,0.039165,0.058408,0.019923,0.957423,0.937655,0.977190,0.865981,0.878441,0.853521,0.015878,0.008419,0.112302,0.143491,0.000100,15,0,3,0,0
horse_circle,prune,280,1281.658,0.311175,0.837637,0.835192,0.840083,32,0.00045640,5,0.039551,0.059245,0.019857,0.957292,0.937235,0.977348,0.870719,0.884673,0.856765,0.015983,0.008441,0.107088,0.140613,0.000100,15,0,3,0,0
horse_circle,prune,290,1298.953,0.304566,0.840179,0.836239,0.844120,32,0.00032418,5,0.037514,0.056362,0.018666,0.959389,0.940024,0.978754,0.871623,0.883371,0.859876,0.015332,0.007957,0.107523,0.137475,0.000100,15,0,3,0,0
horse_circle,prune,300,1541.982,0.287379,0.848709,0.843096,0.854323,34,0.00024433,4,0.036715,0.057478,0.015952,0.960694,0.939436,0.981953,0.879753,0.891555,0.867951,0.015629,0.006770,0.100189,0.129334,0.000100,18,0,4,0,0
horse_circle,prune,310,1560.505,0.280001,0.853654,0.846330,0.860977,34,0.00018265,2,0.035771,0.055525,0.016018,0.961750,0.941482,0.982018,0.884045,0.893322,0.874768,0.015360,0.006889,0.098710,0.123266,0.000100,18,0,4,0,0
horse_circle,prune,320,1578.997,0.270911,0.858150,0.844401,0.871898,34,0.00006582,2,0.036867,0.057385,0.016349,0.960748,0.939610,0.981885,0.889505,0.892857,0.886153,0.015725,0.006950,0.098896,0.111368,0.000100,18,0,4,0,0
horse_circle,prune,330,1597.591,0.256159,0.865298,0.848400,0.882196,34,0.00003382,1,0.036477,0.057664,0.015290,0.961417,0.939618,0.983216,0.896503,0.897321,0.895684,0.015624,0.006508,0.094292,0.101777,0.000100,18,0,4,0,0
horse_circle,prune,340,1616.147,0.247695,0.870309,0.854414,0.886204,34,0.00003347,1,0.036396,0.056641,0.016150,0.961673,0.940965,0.982381,0.901663,0.902809,0.900516,0.015207,0.007007,0.089390,0.096946,0.000100,18,0,4,0,0
horse_circle,prune,350,1876.306,0.237332,0.875496,0.859346,0.891646,33,0.00003059,1,0.035910,0.055339,0.016481,0.962315,0.942490,0.982140,0.906621,0.906901,0.906341,0.014996,0.006980,0.085137,0.090641,0.000100,18,0,5,0,0
horse_circle,prune,360,1894.371,0.232363,0.878756,0.859598,0.897914,33,0.00002083,1,0.037951,0.060547,0.015356,0.960578,0.937721,0.983436,0.911673,0.911644,0.911702,0.016222,0.006732,0.080265,0.086082,0.000100,18,0,5,0,0
horse_circle,prune,370,1912.477,0.225743,0.882288,0.863716,0.900860,33,0.00003450,1,0.039366,0.063244,0.015488,0.959460,0.935569,0.983351,0.916577,0.918341,0.914813,0.016887,0.006645,0.073767,0.082905,0.000100,18,0,5,0,0
horse_circle,prune,380,1930.530,0.221399,0.884404,0.868098,0.900710,33,0.00007311,1,0.038575,0.061198,0.015952,0.960287,0.937707,0.982866,0.918151,0.921224,0.915078,0.016375,0.006973,0.070030,0.082521,0.000100,18,0,5,0,0
horse_circle,prune,390,1948.592,0.214881,0.887715,0.872948,0.902482,33,0.00020039,1,0.037664,0.059245,0.016084,0.961274,0.939786,0.982762,0.920831,0.924665,0.916998,0.015801,0.006990,0.067083,0.080356,0.000100,18,0,5,0,0
horse_circle,prune,400,2206.523,0.206181,0.892598,0.877266,0.907930,33,0.00038369,1,0.036463,0.057106,0.015819,0.962565,0.941993,0.983137,0.924828,0.927362,0.922293,0.015344,0.006829,0.065084,0.075014,0.000100,18,0,5,0,0
horse_circle,prune,410,2224.392,0.200191,0.895768,0.880812,0.910725,33,0.00060440,2,0.035352,0.054222,0.016481,0.963668,0.944828,0.982508,0.927153,0.928571,0.925735,0.014637,0.007030,0.063881,0.071414,0.000100,18,0,5,0,0
horse_circle,prune,420,2242.103,0.192705,0.900120,0.882239,0.918002,33,0.00080483,1,0.035718,0.055153,0.016283,0.963457,0.944067,0.982846,0.931923,0.930897,0.932949,0.014959,0.006815,0.061867,0.064526,0.000100,18,0,5,0,1
horse_circle,prune,430,2259.937,0.189577,0.903395,0.883578,0.923212,33,0.00096330,3,0.037822,0.058501,0.017143,0.961602,0.941132,0.982071,0.937153,0.935268,0.939039,0.015858,0.007506,0.057917,0.058517,0.000100,18,0,5,0,1
horse_circle,prune,440,2277.789,0.185618,0.905453,0.883418,0.927488,33,0.00095462,2,0.037364,0.057850,0.016878,0.962062,0.941706,0.982419,0.938833,0.934524,0.943143,0.015878,0.007322,0.058399,0.054301,0.000100,18,0,5,0,1
horse_circle,prune,450,2529.715,0.179648,0.908773,0.882992,0.934553,32,0.00092814,2,0.039179,0.061942,0.016415,0.960524,0.938035,0.983013,0.943790,0.937686,0.949894,0.016895,0.007066,0.055460,0.047584,0.000100,18,0,6,0,1
horse_circle,prune,460,2547.233,0.177759,0.909723,0.883627,0.935820,32,0.00087540,2,0.038713,0.060547,0.016878,0.960942,0.939312,0.982572,0.944372,0.937128,0.951615,0.016518,0.007143,0.055810,0.046375,0.000100,18,0,6,0,1
horse_circle,prune,470,2564.823,0.173411,0.912562,0.886156,0.938968,32,0.00085246,2,0.038028,0.058780,0.017276,0.961640,0.941045,0.982235,0.946717,0.938244,0.955189,0.016129,0.007396,0.055276,0.042643,0.000100,18,0,6,0,1
horse_circle,prune,480,2582.270,0.169570,0.913966,0.886870,0.941062,32,0.00074154,3,0.038592,0.059710,0.017474,0.961170,0.940262,0.982077,0.948666,0.939825,0.957506,0.016074,0.007390,0.053786,0.040192,0.000100,18,0,6,0,1
horse_circle,prune,490,2599.798,0.162814,0.917533,0.889982,0.945085,32,0.00071579,2,0.037664,0.059245,0.016084,0.962199,0.940871,0.983527,0.951497,0.942708,0.960286,0.015908,0.007229,0.050308,0.037488,0.000100,18,0,6,0,1
horse_circle,prune,500,2842.834,0.165732,0.917030,0.888665,0.945394,32,0.00066315,4,0.039561,0.060919,0.018202,0.960374,0.939307,0.981441,0.952702,0.942801,0.962603,0.016431,0.008100,0.050596,0.034910,0.000100,18,0,6,0,1
horse_circle,prune,510,2860.281,0.167731,0.916728,0.888607,0.944849,32,0.00062654,4,0.040483,0.062035,0.018930,0.959518,0.938321,0.980716,0.953233,0.943731,0.962735,0.016687,0.008371,0.050327,0.035321,0.000100,18,0,6,0,1
horse_circle,prune,520,2877.748,0.168484,0.916916,0.890469,0.943363,32,0.00057164,3,0.039982,0.059710,0.020254,0.959940,0.940489,0.979390,0.953054,0.943638,0.962470,0.016423,0.008871,0.050338,0.035245,0.000100,18,0,6,0,1
horse_circle,prune,530,2894.921,0.167468,0.915956,0.889259,0.942653,32,0.00062468,3,0.040527,0.060733,0.020320,0.959409,0.939509,0.979310,0.952537,0.943266,0.961808,0.016309,0.008569,0.050272,0.035805,0.000100,18,0,6,0,1
horse_circle,prune,540,2911.980,0.168446,0.915671,0.887592,0.943750,32,0.00055481,2,0.040638,0.059896,0.021379,0.959222,0.940143,0.978302,0.952341,0.940755,0.963926,0.015804,0.009298,0.052017,0.034305,0.000100,18,0,6,0,1
horse_circle,prune,550,3157.572,0.169289,0.915822,0.890033,0.941611,32,0.00048465,2,0.038871,0.056362,0.021379,0.960849,0.943444,0.978254,0.950970,0.940197,0.961742,0.015450,0.009400,0.052486,0.035837,0.000100,18,0,6,0,1
horse_circle,prune,560,3174.652,0.169061,0.914663,0.890632,0.938695,32,0.00049215,2,0.038359,0.055339,0.021379,0.961293,0.944398,0.978187,0.949341,0.939918,0.958764,0.014853,0.009325,0.052822,0.037927,0.000100,18,0,6,0,1
horse_circle,prune,570,3191.749,0.166917,0.916833,0.892750,0.940917,32,0.00044203,3,0.036241,0.051897,0.020585,0.963322,0.947630,0.979013,0.949684,0.939081,0.960286,0.014737,0.008946,0.053432,0.036956,0.000100,18,0,6,0,1
horse_circle,prune,580,3208.994,0.165994,0.917554,0.890739,0.944369,32,0.00039960,3,0.037592,0.055525,0.019658,0.962115,0.944237,0.979993,0.951565,0.940197,0.962934,0.015413,0.008601,0.053140,0.034935,0.000100,18,0,6,0,1
horse_circle,prune,590,3226.383,0.170050,0.914508,0.884207,0.944809,32,0.00035974,4,0.039412,0.059431,0.019394,0.960302,0.940342,0.980261,0.949944,0.936756,0.963132,0.016282,0.008452,0.055607,0.034125,0.000100,18,0,6,0,1
horse_circle,prune,600,3473.028,0.176217,0.912783,0.882843,0.942724,32,0.00039507,1,0.041481,0.061384,0.021578,0.958302,0.938519,0.978086,0.950050,0.937035,0.963066,0.016743,0.009536,0.055932,0.034443,0.000100,18,0,6,0,1
horse_circle,prune,610,3490.118,0.177954,0.913173,0.885885,0.940462,32,0.00052228,3,0.041709,0.059524,0.023895,0.958076,0.940365,0.975786,0.950775,0.938616,0.962934,0.016551,0.010391,0.054801,0.034750,0.000100,18,0,6,0,1
horse_circle,prune,620,3507.178,0.180090,0.911738,0.880326,0.943149,32,0.00065570,3,0.041533,0.060826,0.022240,0.958151,0.938850,0.977453,0.948999,0.933873,0.964125,0.017024,0.009728,0.058906,0.033678,0.000100,18,0,6,0,1
horse_circle,prune,630,3524.262,0.181668,0.911148,0.877848,0.944448,32,0.00081494,3,0.042441,0.061384,0.023497,0.957230,0.938191,0.976268,0.949187,0.931734,0.966640,0.017149,0.009908,0.061708,0.031285,0.000100,18,0,6,0,1
horse_circle,prune,640,3541.092,0.184192,0.910470,0.877982,0.942957,32,0.00086271,3,0.041850,0.060268,0.023431,0.957745,0.939195,0.976296,0.947974,0.930897,0.965052,0.016897,0.010352,0.062240,0.032752,0.000100,18,0,6,0,1
horse_circle,prune,650,3785.015,0.186270,0.909114,0.876398,0.941830,32,0.00092898,4,0.044413,0.064732,0.024093,0.955379,0.935129,0.975629,0.948825,0.933129,0.964522,0.017614,0.010496,0.060810,0.032995,0.000100,18,0,6,0,1
horse_circle,prune,660,3801.964,0.185159,0.910655,0.881481,0.939828,32,0.00091091,3,0.042697,0.060175,0.025218,0.957000,0.939504,0.974495,0.949027,0.934524,0.963529,0.016986,0.011045,0.059155,0.033745,0.000100,18,0,6,0,1
horse_circle,prune,670,3818.980,0.187928,0.909140,0.878629,0.939652,32,0.00090978,4,0.045112,0.063616,0.026608,0.954711,0.936265,0.973157,0.949589,0.934524,0.964654,0.017593,0.011477,0.058777,0.033047,0.000100,18,0,6,0,1
horse_circle,prune,680,3836.162,0.188008,0.909331,0.879199,0.939462,32,0.00099171,4,0.044959,0.063244,0.026675,0.954860,0.936632,0.973088,0.949662,0.934803,0.964522,0.017552,0.011709,0.057900,0.033185,0.000100,18,0,6,0,1
horse_circle,prune,690,3853.078,0.188972,0.908388,0.878772,0.938004,32,0.00095479,3,0.044675,0.063337,0.026013,0.955102,0.936521,0.973682,0.948417,0.934431,0.962404,0.017617,0.011315,0.058363,0.035138,0.000100,18,0,6,0,1
horse_circle,prune,700,4089.750,0.186791,0.909517,0.880477,0.938557,35,0.00089225,4,0.046582,0.067615,0.025549,0.953519,0.932896,0.974143,0.951274,0.940011,0.962536,0.018285,0.011215,0.053659,0.035190,0.000100,21,0,6,0,1
horse_circle,prune,710,4108.348,0.177272,0.913794,0.888705,0.938882,35,0.00105975,2,0.045291,0.067150,0.023431,0.955036,0.933877,0.976195,0.954632,0.948382,0.960882,0.018358,0.009960,0.045538,0.037334,0.000100,21,0,6,0,1
horse_circle,prune,720,4126.885,0.177508,0.914423,0.891196,0.937649,35,0.00107443,2,0.045183,0.065941,0.024424,0.955147,0.935091,0.975203,0.955257,0.949963,0.960551,0.018331,0.010654,0.043404,0.037050,0.000100,21,0,6,0,1
horse_circle,prune,730,4145.647,0.177588,0.914508,0.890001,0.939016,35,0.00073805,4,0.046114,0.068731,0.023497,0.954372,0.932610,0.976134,0.956126,0.951172,0.961080,0.019090,0.010251,0.042595,0.036789,0.000100,21,0,6,0,1
horse_circle,prune,740,4164.163,0.170163,0.916260,0.892520,0.940000,35,0.00056790,3,0.043499,0.064360,0.022637,0.956771,0.936549,0.976993,0.955621,0.949963,0.961279,0.017674,0.009662,0.043499,0.035785,0.000100,21,0,6,0,1
horse_circle,prune,750,4418.986,0.168014,0.917833,0.895156,0.940510,34,0.00055435,5,0.043060,0.063616,0.022505,0.957251,0.937368,0.977134,0.956889,0.952102,0.961676,0.017484,0.009793,0.041574,0.035570,0.000100,21,0,7,0,1
horse_circle,prune,760,4437.152,0.168821,0.916168,0.890654,0.941683,34,0.00057036,4,0.044196,0.065755,0.022637,0.956124,0.935215,0.977033,0.956109,0.949219,0.963000,0.017697,0.009678,0.043249,0.034386,0.000100,21,0,7,0,1
horse_circle,prune,770,4455.168,0.162854,0.919624,0.896684,0.942565,34,0.00053958,3,0.042100,0.063151,0.021048,0.958235,0.937872,0.978597,0.957858,0.953311,0.962404,0.017377,0.009000,0.039986,0.035034,0.000100,21,0,7,0,1
horse_circle,prune,780,4473.169,0.157124,0.923161,0.900895,0.945427,34,0.00051334,3,0.040850,0.060454,0.021247,0.959478,0.940487,0.978468,0.960436,0.955357,0.965515,0.016880,0.008980,0.038652,0.032091,0.000100,21,0,7,0,1
horse_circle,prune,790,4491.079,0.160440,0.922419,0.896907,0.947932,34,0.00046851,2,0.042665,0.064546,0.020784,0.957826,0.936679,0.978973,0.961216,0.954799,0.967633,0.017715,0.009036,0.039987,0.030912,0.000100,21,0,7,0,1
horse_circle,prune,800,4734.459,0.168479,0.917701,0.888338,0.947065,34,0.00049161,2,0.044479,0.068638,0.020320,0.955988,0.932572,0.979404,0.957810,0.949312,0.966309,0.018957,0.008884,0.044204,0.031248,0.000100,22,0,8,0,1
horse_circle,prune,810,4752.568,0.166383,0.918636,0.891708,0.945564,34,0.00042060,5,0.044032,0.066685,0.021379,0.956414,0.934485,0.978342,0.958476,0.951172,0.965780,0.018199,0.009174,0.043118,0.031933,0.000100,22,0,8,0,1
horse_circle,prune,820,4770.492,0.165259,0.918551,0.892405,0.944697,34,0.00047228,5,0.042499,0.064081,0.020916,0.957778,0.936783,0.978773,0.957023,0.949591,0.964456,0.017719,0.008914,0.044301,0.032418,0.000100,22,0,8,0,1
horse_circle,prune,830,4788.428,0.163767,0.920280,0.894603,0.945956,34,0.00043627,4,0.042391,0.063337,0.021446,0.957931,0.937574,0.978287,0.958754,0.951265,0.966243,0.017635,0.009135,0.043007,0.031539,0.000100,22,0,8,0,1
horse_circle,prune,840,4806.174,0.165553,0.920014,0.892314,0.947713,34,0.00045951,4,0.043248,0.064918,0.021578,0.957125,0.936051,0.978198,0.959202,0.950242,0.968163,0.017816,0.009382,0.044299,0.030498,0.000100,22,0,8,0,1
horse_circle,prune,850,5039.381,0.166435,0.919425,0.891399,0.947450,34,0.00047266,4,0.043866,0.066220,0.021512,0.956560,0.934864,0.978257,0.959130,0.950428,0.967832,0.018366,0.009327,0.044187,0.029599,0.000100,25,0,11,0,1
horse_circle,prune,860,5057.208,0.160914,0.921369,0.897674,0.945063,34,0.00052164,2,0.040757,0.059803,0.021710,0.959434,0.940857,0.978010,0.958470,0.951358,0.965581,0.016454,0.009576,0.042042,0.032227,0.000100,25,0,11,0,1
horse_circle,prune,870,5075.088,0.162998,0.920755,0.897932,0.943578,34,0.00053182,4,0.042269,0.061570,0.022968,0.958043,0.939327,0.976758,0.959234,0.953218,0.965250,0.016841,0.009969,0.041230,0.032226,0.000100,25,0,11,0,1
horse_circle,prune,880,5092.701,0.161167,0.921798,0.900061,0.943535,34,0.00052911,3,0.041212,0.059059,0.023365,0.959016,0.941657,0.976374,0.959400,0.953218,0.965581,0.016325,0.010012,0.040717,0.032599,0.000100,25,0,11,0,1
horse_circle,prune,890,5110.628,0.164727,0.920854,0.896905,0.944804,34,0.00051648,3,0.042506,0.060919,0.024093,0.957768,0.939831,0.975704,0.959555,0.951544,0.967567,0.016811,0.010477,0.042876,0.030599,0.000100,25,0,11,0,1
horse_circle,prune,900,5367.319,0.166073,0.919415,0.894243,0.944588,34,0.00048965,4,0.042299,0.059710,0.024887,0.957831,0.940726,0.974937,0.957867,0.947638,0.968096,0.016364,0.010701,0.046233,0.029652,0.000100,25,0,11,0,1
horse_circle,prune,910,5385.199,0.164289,0.920358,0.897183,0.943534,34,0.00038801,3,0.041115,0.056548,0.025682,0.958926,0.943704,0.974149,0.957841,0.947917,0.967765,0.015522,0.011063,0.045550,0.030352,0.000100,25,0,11,0,1
horse_circle,prune,920,5403.276,0.166210,0.919848,0.897407,0.942289,34,0.00036458,4,0.041647,0.057943,0.025351,0.958456,0.942480,0.974433,0.957791,0.949405,0.966177,0.015875,0.010983,0.045662,0.031300,0.000100,25,0,11,0,1
horse_circle,prune,930,5421.259,0.167788,0.918763,0.895265,0.942262,34,0.00024702,3,0.041373,0.056734,0.026013,0.958611,0.943424,0.973798,0.956415,0.946057,0.966773,0.015604,0.011263,0.047851,0.030921,0.000100,25,0,11,0,1
horse_circle,prune,940,5439.372,0.165664,0.920195,0.896552,0.943839,34,0.00023526,4,0.041917,0.057292,0.026542,0.958171,0.943005,0.973336,0.958404,0.947917,0.968891,0.015549,0.011480,0.046494,0.029278,0.000100,25,0,11,0,1
horse_circle,prune,950,5696.361,0.164905,0.920904,0.899480,0.942329,34,0.00022935,6,0.041457,0.055711,0.027204,0.958624,0.944583,0.972664,0.958777,0.949591,0.967964,0.015441,0.011826,0.044380,0.029600,0.000100,25,0,11,0,1
horse_circle,prune,960,5714.195,0.169122,0.918060,0.895190,0.940930,34,0.00016709,4,0.042646,0.057757,0.027535,0.957410,0.942511,0.972309,0.956866,0.946894,0.966839,0.015968,0.011768,0.046336,0.030501,0.000100,25,0,11,0,1
horse_circle,prune,970,5732.179,0.169334,0.919370,0.895940,0.942800,34,0.00017517,1,0.043474,0.058222,0.028727,0.956689,0.942144,0.971234,0.958993,0.948103,0.969884,0.016177,0.012308,0.045419,0.028653,0.000100,25,0,11,0,1
horse_circle,prune,980,5750.155,0.170902,0.919197,0.897157,0.941237,34,0.00017711,2,0.044708,0.059896,0.029521,0.955590,0.940743,0.970436,0.959958,0.950893,0.969023,0.016635,0.012726,0.043862,0.028446,0.000100,25,0,11,0,1
horse_circle,prune,990,5767.901,0.172983,0.918081,0.895317,0.940844,34,0.00017636,4,0.046553,0.062593,0.030514,0.953878,0.938268,0.969488,0.960455,0.951358,0.969553,0.017186,0.013194,0.042426,0.028124,0.000100,25,0,11,0,1
horse_circle,prune,1000,6022.926,0.174481,0.918162,0.896057,0.940267,34,0.00019642,3,0.047767,0.063895,0.031639,0.952800,0.937186,0.968413,0.961663,0.953311,0.970016,0.017538,0.013653,0.041201,0.027750,0.000100,25,0,11,0,1
horse_circle,prune,1010,6040.767,0.176686,0.917096,0.894327,0.939864,34,0.00019683,6,0.048257,0.064081,0.032433,0.952284,0.936911,0.967657,0.960992,0.951637,0.970347,0.017474,0.014090,0.042247,0.027664,0.000100,25,0,11,0,1
horse_circle,prune,1020,6058.618,0.180573,0.915898,0.892118,0.939677,34,0.00019292,7,0.049597,0.065569,0.033625,0.951007,0.935475,0.966539,0.960944,0.950614,0.971273,0.017851,0.014695,0.043242,0.027061,0.000100,25,0,11,0,1
horse_circle,prune,1030,6076.485,0.180876,0.915335,0.890258,0.940411,34,0.00020296,6,0.048741,0.064453,0.033029,0.951718,0.936317,0.967119,0.959555,0.947638,0.971472,0.017776,0.014396,0.045378,0.026749,0.000100,25,0,11,0,1
horse_circle,prune,1040,6094.195,0.183886,0.913890,0.887173,0.940607,34,0.00020913,6,0.049472,0.065848,0.033095,0.950980,0.934897,0.967064,0.958664,0.945592,0.971737,0.018077,0.014508,0.047290,0.026523,0.000100,25,0,11,0,1
horse_circle,prune,1050,6341.596,0.181598,0.914174,0.886723,0.941626,34,0.00022179,4,0.047959,0.064081,0.031837,0.952338,0.936404,0.968272,0.957575,0.943545,0.971604,0.017678,0.013790,0.049195,0.026537,0.000100,25,0,11,0,1
horse_circle,prune,1060,6359.537,0.182417,0.914409,0.890290,0.938527,34,0.00025364,6,0.048485,0.062221,0.034750,0.951860,0.938267,0.965454,0.958413,0.945685,0.971141,0.017017,0.015149,0.046980,0.026848,0.000100,25,0,11,0,1
horse_circle,prune,1070,6377.269,0.181556,0.915483,0.892707,0.938259,34,0.00027671,4,0.048311,0.061012,0.035610,0.952065,0.939483,0.964647,0.959422,0.947173,0.971671,0.016637,0.015691,0.045678,0.026521,0.000100,25,0,11,0,1
horse_circle,prune,1080,6395.059,0.182929,0.915127,0.894150,0.936104,34,0.00036235,4,0.047857,0.058780,0.036934,0.952443,0.941541,0.963345,0.958693,0.946708,0.970678,0.016063,0.016171,0.046798,0.027240,0.000100,25,0,11,0,1
horse_circle,base,1,1.552,1.660304,0.161737,0.165288,0.158186,20,0.00000000,0,0.077283,0.090495,0.064072,0.695023,0.665751,0.724295,0.174283,0.180246,0.168321,0.024734,0.027956,0.805480,0.828545,0.000000,0,0,0,0,0
horse_circle,base,10,11.625,1.520101,0.208525,0.216084,0.200965,20,0.00000000,0,0.054929,0.067429,0.042428,0.802686,0.773791,0.831582,0.220073,0.230655,0.209492,0.018329,0.018327,0.754728,0.787648,0.000000,0,0,0,0,0
horse_circle,base,20,22.504,1.384940,0.265746,0.276416,0.255076,20,0.00000000,0,0.042342,0.054501,0.030183,0.869723,0.842473,0.896972,0.277128,0.291481,0.262775,0.014868,0.012935,0.693836,0.733775,0.000000,0,0,0,0,0
horse_circle,base,30,33.151,1.275979,0.321845,0.333658,0.310032,20,0.00000000,0,0.040484,0.051711,0.029256,0.893791,0.871564,0.916017,0.335007,0.350911,0.319102,0.013833,0.012522,0.634886,0.677446,0.000000,0,0,0,0,0
horse_circle,base,40,43.857,1.164653,0.377897,0.384227,0.371567,20,0.00000000,0,0.036932,0.049572,0.024292,0.915268,0.890532,0.940003,0.391933,0.403274,0.380593,0.013337,0.010362,0.583812,0.615451,0.000000,0,0,0,0,0
horse_circle,base,50,54.616,1.046247,0.438305,0.436049,0.440562,20,0.00000000,0,0.032065,0.041295,0.022836,0.934202,0.916635,0.951768,0.452339,0.454055,0.450622,0.011134,0.009742,0.532797,0.546192,0.000000,0,0,0,0,0
horse_circle,base,60,65.473,0.942132,0.495158,0.481087,0.509229,20,0.00000663,0,0.032817,0.040086,0.025549,0.939595,0.925830,0.953359,0.511306,0.500372,0.522240,0.010879,0.010757,0.486066,0.474197,0.000000,0,0,0,0,0
horse_circle,base,70,76.184,0.851229,0.543525,0.522689,0.564362,20,0.00000000,0,0.032744,0.043248,0.022240,0.944699,0.926517,0.962881,0.561103,0.545294,0.576913,0.011770,0.009308,0.441786,0.419712,0.000000,0,0,0,0,0
horse_circle,base,80,86.901,0.790020,0.574494,0.553565,0.595422,20,0.00024275,0,0.030732,0.043527,0.017938,0.950593,0.929930,0.971256,0.591881,0.577660,0.606103,0.011924,0.007640,0.408960,0.390394,0.000000,0,0,0,0,0
horse_circle,base,90,97.794,0.730740,0.608181,0.590655,0.625707,20,0.00112494,2,0.033807,0.049014,0.018599,0.949169,0.926694,0.971645,0.628475,0.619606,0.637344,0.013258,0.007785,0.367672,0.359217,0.000000,0,0,0,0,0
horse_circle,base,100,108.697,0.685015,0.634400,0.616652,0.652148,20,0.00184271,2,0.036149,0.055618,0.016680,0.948372,0.921285,0.975460,0.656987,0.650949,0.663026,0.014958,0.007250,0.337323,0.333540,0.000000,0,0,0,0,0
horse_circle,base,110,119.655,0.640820,0.658632,0.637910,0.679353,20,0.00294961,2,0.038223,0.060826,0.015621,0.947695,0.917528,0.977861,0.683338,0.676711,0.689966,0.016277,0.006611,0.311785,0.306393,0.000000,0,0,0,0,0
horse_circle,base,120,130.695,0.594967,0.684519,0.660039,0.708999,20,0.00288305,3,0.038788,0.061756,0.015819,0.948761,0.919015,0.978507,0.710507,0.700800,0.720214,0.016873,0.006718,0.287724,0.276744,0.000000,0,0,0,0,0
horse_circle,base,130,141.621,0.544962,0.711269,0.687839,0.734699,20,0.00220589,3,0.039488,0.064546,0.014429,0.949999,0.918991,0.981007,0.738768,0.732236,0.745301,0.017507,0.006227,0.257262,0.251601,0.000000,0,0,0,0,0
horse_circle,base,140,152.612,0.504408,0.733740,0.702996,0.764483,20,0.00255099,3,0.042763,0.070964,0.014562,0.947717,0.913863,0.981571,0.764249,0.752883,0.775616,0.019148,0.006227,0.235906,0.221061,0.000000,0,0,0,0,0
horse_circle,base,150,163.483,0.473428,0.751192,0.713742,0.788641,20,0.00238302,3,0.044427,0.076079,0.012775,0.947065,0.909872,0.984258,0.783380,0.768043,0.798716,0.020493,0.005373,0.222571,0.198142,0.000000,0,0,0,0,0
horse_circle,base,160,174.306,0.457998,0.758704,0.713020,0.804388,20,0.00185868,3,0.045772,0.080822,0.010723,0.946031,0.905079,0.986983,0.791830,0.770647,0.813013,0.021623,0.004345,0.219886,0.183683,0.000000,0,0,0,0,0
horse_circle,base,170,185.071,0.445518,0.766142,0.711992,0.820291,20,0.00171600,3,0.046677,0.083426,0.009929,0.945281,0.902405,0.988157,0.799913,0.771391,0.828435,0.022479,0.004095,0.218886,0.168502,0.000000,0,0,0,0,0
horse_circle,base,180,195.782,0.434555,0.772110,0.713955,0.830265,20,0.00122741,2,0.047700,0.085007,0.010392,0.944439,0.901114,0.987764,0.806770,0.774647,0.838893,0.023040,0.004199,0.215160,0.157768,0.000000,0,0,0,0,0
horse_circle,base,190,206.414,0.424546,0.778468,0.715581,0.841356,20,0.00076012,2,0.048439,0.087612,0.009267,0.944012,0.898818,0.989205,0.813713,0.778274,0.849153,0.023923,0.003878,0.212494,0.147428,0.000000,0,0,0,0,0
horse_circle,base,200,217.250,0.413937,0.784282,0.713080,0.855484,20,0.00064011,2,0.049888,0.090774,0.009002,0.942586,0.895492,0.989679,0.820497,0.777809,0.863185,0.024675,0.003609,0.213295,0.133000,0.000000,0,0,0,0,0
horse_circle,base,210,227.980,0.406334,0.789385,0.707454,0.871317,20,0.00049274,1,0.052745,0.096819,0.008671,0.939648,0.889066,0.990230,0.827410,0.775949,0.878872,0.026143,0.003584,0.214638,0.117554,0.000000,0,0,0,0,0
horse_circle,base,220,238.758,0.390071,0.799957,0.700742,0.899173,20,0.00035520,2,0.055974,0.103609,0.008340,0.936370,0.881854,0.990885,0.840008,0.773344,0.906672,0.028057,0.003274,0.217357,0.090457,0.000000,0,0,0,0,0
horse_circle,base,230,249.637,0.382848,0.804464,0.692689,0.916239,20,0.00032166,2,0.056761,0.106771,0.006751,0.935245,0.877755,0.992734,0.844537,0.766648,0.922425,0.028995,0.002835,0.223339,0.074475,0.000000,0,0,0,0,0
horse_circle,base,240,260.576,0.371415,0.812742,0.693434,0.932050,20,0.00026251,3,0.062434,0.117653,0.007215,0.930288,0.868202,0.992373,0.856896,0.775019,0.938774,0.031795,0.002881,0.215431,0.058344,0.000000,0,0,0,0,0
horse_circle,base,250,271.570,0.362746,0.819255,0.692104,0.946406,20,0.00016463,2,0.064521,0.122489,0.006553,0.928487,0.863806,0.993168,0.864743,0.776879,0.952608,0.033576,0.002695,0.213552,0.044288,0.000000,0,0,0,0,0
horse_circle,base,260,282.542,0.346439,0.829799,0.693770,0.965828,20,0.00006065,3,0.068665,0.130115,0.007215,0.925152,0.857666,0.992638,0.878418,0.784040,0.972796,0.035590,0.002882,0.206684,0.024311,0.000000,0,0,0,0,0
horse_circle,base,270,293.285,0.340647,0.833219,0.697521,0.968916,20,0.00004767,1,0.068293,0.129371,0.007215,0.925800,0.858939,0.992661,0.881834,0.787760,0.975907,0.035547,0.002974,0.203164,0.021209,0.000000,0,0,0,0,0
horse_circle,base,280,304.034,0.337363,0.838305,0.695004,0.981606,20,0.00002422,2,0.074318,0.141090,0.007546,0.920696,0.848965,0.992428,0.891037,0.793062,0.989012,0.038987,0.003000,0.198390,0.008494,0.000000,0,0,0,0,0
horse_circle,base,290,314.944,0.336342,0.839225,0.697243,0.981206,20,0.00002656,2,0.075488,0.143694,0.007281,0.920002,0.847317,0.992687,0.892892,0.797433,0.988351,0.039859,0.002961,0.193963,0.008449,0.000000,0,0,0,0,0
horse_circle,base,300,325.849,0.337622,0.840235,0.697038,0.983431,20,0.00003423,2,0.078026,0.149368,0.006685,0.918075,0.842857,0.993293,0.895579,0.801153,0.990005,0.041273,0.003052,0.190771,0.007040,0.000000,0,0,0,0,0
horse_circle,base,310,336.654,0.339599,0.839725,0.694758,0.984691,20,0.00003888,1,0.080344,0.153274,0.007413,0.916003,0.839423,0.992582,0.896619,0.801246,0.991991,0.042375,0.003016,0.190305,0.005430,0.000000,0,0,0,0,0
horse_circle,base,320,347.545,0.344238,0.839881,0.693501,0.986261,20,0.00002856,1,0.085148,0.163411,0.006884,0.912346,0.831576,0.993116,0.899938,0.806827,0.993050,0.045193,0.003029,0.184788,0.004788,0.000000,0,0,0,0,0
horse_circle,base,330,358.244,0.350662,0.837114,0.691977,0.982251,20,0.00006734,2,0.087705,0.168527,0.006884,0.910307,0.827527,0.993088,0.898803,0.808594,0.989012,0.046639,0.002923,0.182975,0.008348,0.000000,0,0,0,0,0
horse_circle,base,340,369.026,0.359655,0.833590,0.689724,0.977456,20,0.00002090,3,0.089107,0.171131,0.007082,0.909017,0.825178,0.992857,0.896068,0.807757,0.984379,0.047442,0.003196,0.183959,0.013091,0.000000,0,0,0,0,0
horse_circle,base,350,379.741,0.359490,0.832016,0.688747,0.975286,20,0.00009712,2,0.086190,0.165365,0.007016,0.911038,0.829170,0.992907,0.892385,0.802641,0.982129,0.045801,0.003005,0.189229,0.014904,0.000000,0,0,0,0,0
horse_circle,base,360,390.555,0.360627,0.831942,0.684378,0.979506,20,0.00009015,3,0.086707,0.165737,0.007678,0.910137,0.827992,0.992281,0.892416,0.797805,0.987027,0.045909,0.003234,0.193353,0.010703,0.000000,0,0,0,0,0
horse_circle,base,370,401.211,0.355357,0.833948,0.689311,0.978585,20,0.00002217,2,0.086349,0.165086,0.007612,0.910915,0.829491,0.992339,0.894570,0.803106,0.986034,0.045765,0.003399,0.187595,0.010573,0.000000,0,0,0,0,0
horse_circle,base,380,411.898,0.348072,0.838813,0.696663,0.980962,20,0.00006609,2,0.088075,0.167876,0.008274,0.910331,0.828959,0.991704,0.901347,0.813616,0.989079,0.046667,0.003533,0.177790,0.008106,0.000000,0,0,0,0,0
horse_circle,base,390,422.384,0.340485,0.842729,0.703195,0.982264,20,0.00004574,3,0.088999,0.170387,0.007612,0.910424,0.828480,0.992368,0.906375,0.823010,0.989741,0.047429,0.003347,0.167809,0.007370,0.000000,0,0,0,0,0
horse_circle,base,400,432.920,0.336064,0.845306,0.709560,0.981052,20,0.00004466,2,0.092377,0.175223,0.009531,0.908414,0.826359,0.990468,0.912147,0.833891,0.990402,0.048615,0.003895,0.156295,0.007036,0.000000,0,0,0,0,0
horse_circle,base,410,443.520,0.331441,0.848379,0.714929,0.981830,20,0.00007334,3,0.093587,0.178106,0.009068,0.908190,0.825449,0.990930,0.916498,0.842262,0.990733,0.049509,0.003934,0.148496,0.005944,0.000000,0,0,0,0,0
horse_circle,base,420,454.171,0.325192,0.851653,0.721249,0.982056,20,0.00001332,2,0.094926,0.179129,0.010723,0.907664,0.826016,0.989313,0.921517,0.850446,0.992587,0.049838,0.004251,0.140112,0.004847,0.000000,0,0,0,0,0
horse_circle,base,430,464.701,0.322243,0.853633,0.724181,0.983084,20,0.00000663,2,0.095539,0.181548,0.009531,0.907726,0.824964,0.990488,0.924055,0.855655,0.992454,0.050439,0.003794,0.135633,0.005477,0.000000,0,0,0,0,0
horse_circle,base,440,475.290,0.317955,0.856769,0.726865,0.986673,20,0.00001926,2,0.094552,0.180897,0.008208,0.908876,0.825935,0.991817,0.926561,0.858352,0.994771,0.050442,0.003751,0.133428,0.003070,0.000000,0,0,0,0,0
horse_circle,base,450,485.800,0.313845,0.856994,0.729260,0.984727,20,0.00000528,2,0.094044,0.178292,0.009796,0.909204,0.828164,0.990245,0.926828,0.859282,0.994374,0.049602,0.003806,0.131769,0.003309,0.000000,0,0,0,0,0
horse_circle,base,460,496.305,0.312408,0.857828,0.732417,0.983238,20,0.00001876,2,0.093909,0.176897,0.010921,0.909427,0.829722,0.989132,0.927978,0.861979,0.993977,0.049231,0.004347,0.129073,0.003720,0.000000,0,0,0,0,0
horse_circle,base,470,506.808,0.308291,0.859794,0.735888,0.983700,20,0.00002395,2,0.092939,0.174758,0.011120,0.910393,0.831842,0.988944,0.929564,0.864490,0.994639,0.048704,0.004390,0.127113,0.003039,0.000000,0,0,0,0,0
horse_circle,base,480,517.577,0.306940,0.861489,0.743267,0.979712,20,0.00001003,1,0.094368,0.174107,0.014628,0.909586,0.833674,0.985498,0.933359,0.872675,0.994043,0.048429,0.006343,0.118497,0.003449,0.000000,0,0,0,0,0
horse_circle,base,490,527.892,0.303308,0.864618,0.751485,0.977752,20,0.00000336,0,0.095930,0.174386,0.017474,0.908872,0.835005,0.982738,0.938685,0.882533,0.994837,0.048547,0.007742,0.108798,0.003056,0.000000,0,0,0,0,0
horse_circle,base,500,538.391,0.302062,0.866924,0.761551,0.972298,20,0.00000283,1,0.099116,0.175595,0.022637,0.906883,0.836026,0.977740,0.944791,0.895275,0.994308,0.048949,0.009968,0.096763,0.003192,0.000000,0,0,0,0,0
horse_circle,base,510,548.851,0.294330,0.869075,0.760139,0.978011,20,0.00000117,1,0.095758,0.174107,0.017408,0.909785,0.836763,0.982806,0.943760,0.892485,0.995036,0.048430,0.007812,0.099214,0.002850,0.000000,0,0,0,0,0
horse_circle,base,520,559.205,0.294320,0.867776,0.759212,0.976339,20,0.00003025,0,0.094700,0.171131,0.018268,0.910276,0.838596,0.981956,0.941656,0.889137,0.994175,0.047663,0.007589,0.102573,0.003418,0.000000,0,0,0,0,0
horse_circle,base,530,569.520,0.293974,0.868760,0.758939,0.978581,20,0.00002149,0,0.093626,0.170573,0.016680,0.911218,0.838925,0.983511,0.941648,0.888393,0.994903,0.047617,0.007400,0.103609,0.002947,0.000000,0,0,0,0,0
horse_circle,base,540,580.005,0.292936,0.869124,0.760064,0.978184,20,0.00004241,2,0.093913,0.171410,0.016415,0.911159,0.838560,0.983758,0.942294,0.890346,0.994241,0.047741,0.007225,0.102110,0.003479,0.000000,0,0,0,0,0
horse_circle,base,550,590.469,0.291784,0.869163,0.760140,0.978186,20,0.00017723,2,0.094132,0.171782,0.016481,0.911009,0.838323,0.983695,0.942513,0.890718,0.994308,0.048022,0.006836,0.101555,0.003081,0.000000,0,0,0,0,0
horse_circle,base,560,600.924,0.295415,0.868417,0.758328,0.978506,20,0.00032810,3,0.094418,0.172619,0.016217,0.910694,0.837435,0.983953,0.941802,0.889230,0.994374,0.048226,0.007212,0.102976,0.003257,0.000000,0,0,0,0,0
horse_circle,base,570,611.405,0.295546,0.868632,0.759142,0.978122,20,0.00058912,2,0.095792,0.175037,0.016548,0.909796,0.835963,0.983630,0.943164,0.892020,0.994308,0.048789,0.007257,0.100582,0.003158,0.000000,0,0,0,0,0
horse_circle,base,580,621.908,0.295894,0.869826,0.760550,0.979102,20,0.00114477,2,0.096789,0.176897,0.016680,0.909251,0.834982,0.983520,0.945261,0.895089,0.995433,0.049377,0.007511,0.097873,0.002454,0.000000,0,0,0,0,0
horse_circle,base,590,632.389,0.298849,0.867814,0.757690,0.977937,20,0.00131072,4,0.099605,0.182199,0.017011,0.907079,0.830975,0.983184,0.945156,0.895740,0.994572,0.050262,0.007456,0.097301,0.002864,0.000000,0,0,0,0,0
horse_circle,base,600,642.961,0.302119,0.867088,0.756746,0.977429,20,0.00100602,4,0.099903,0.182199,0.017607,0.906703,0.830800,0.982606,0.944631,0.894624,0.994639,0.050646,0.007845,0.098021,0.002919,0.000000,0,0,0,0,0
horse_circle,base,610,653.464,0.304394,0.865745,0.754704,0.976787,20,0.00057623,3,0.102161,0.186384,0.017938,0.904991,0.827702,0.982279,0.944838,0.895368,0.994308,0.051828,0.007480,0.097354,0.003180,0.000000,0,0,0,0,0
horse_circle,base,620,664.069,0.308016,0.865829,0.755126,0.976533,20,0.00054860,3,0.103316,0.188430,0.018202,0.904245,0.826467,0.982023,0.945861,0.897414,0.994308,0.052577,0.008076,0.096113,0.003089,0.000000,0,0,0,0,0
horse_circle,base,630,674.635,0.308096,0.865054,0.754142,0.975966,20,0.00065756,4,0.104550,0.190104,0.018997,0.903233,0.825210,0.981257,0.946007,0.897507,0.994506,0.052953,0.007800,0.095739,0.003068,0.000000,0,0,0,0,0
horse_circle,base,640,685.187,0.309509,0.864654,0.753472,0.975836,20,0.00068068,3,0.105573,0.192150,0.018997,0.902517,0.823780,0.981254,0.946313,0.898251,0.994374,0.053379,0.007896,0.095258,0.003010,0.000000,0,0,0,0,0
horse_circle,base,650,695.779,0.312226,0.864261,0.753971,0.974550,20,0.00014094,3,0.107047,0.194568,0.019526,0.901539,0.822351,0.980727,0.947125,0.900670,0.993580,0.054037,0.008696,0.091848,0.004029,0.000000,0,0,0,0,0
horse_circle,base,660,706.409,0.309301,0.865324,0.756345,0.974302,20,0.00000593,2,0.105465,0.190941,0.019989,0.902690,0.825098,0.980282,0.947270,0.900763,0.993778,0.053204,0.008816,0.091786,0.003794,0.000000,0,0,0,0,0
horse_circle,base,670,716.977,0.309835,0.864863,0.756050,0.973676,20,0.00000971,1,0.106128,0.191406,0.020850,0.902101,0.824747,0.979455,0.947370,0.900763,0.993977,0.053222,0.009188,0.091481,0.003132,0.000000,0,0,0,0,0
horse_circle,base,680,727.542,0.309056,0.865781,0.757036,0.974527,20,0.00000247,2,0.105456,0.189732,0.021181,0.902579,0.825998,0.979160,0.947919,0.900670,0.995168,0.052792,0.009511,0.091495,0.002688,0.000000,0,0,0,0,0
horse_circle,base,690,738.123,0.312240,0.864322,0.758419,0.970225,20,0.00000385,1,0.107602,0.190383,0.024821,0.900746,0.825847,0.975645,0.948558,0.902809,0.994308,0.052653,0.010949,0.089664,0.002859,0.000000,0,0,0,0,0
horse_circle,base,700,748.596,0.310495,0.864859,0.758734,0.970984,20,0.00000562,1,0.108467,0.192708,0.024226,0.900328,0.824437,0.976220,0.949727,0.904948,0.994506,0.053527,0.010223,0.087143,0.002848,0.000000,0,0,0,0,0
horse_circle,base,710,759.078,0.313996,0.864148,0.758073,0.970223,20,0.00000829,1,0.109987,0.195219,0.024755,0.899220,0.822735,0.975706,0.950153,0.906064,0.994241,0.054191,0.010828,0.085807,0.002999,0.000000,0,0,0,0,0
horse_circle,base,720,769.516,0.309447,0.866537,0.760443,0.972632,20,0.00000709,1,0.108243,0.193452,0.023034,0.900835,0.824295,0.977375,0.951294,0.907552,0.995036,0.053863,0.010295,0.084533,0.002658,0.000000,0,0,0,0,0
horse_circle,base,730,779.786,0.307140,0.867123,0.764343,0.969902,20,0.00000171,1,0.107370,0.189918,0.024821,0.901447,0.827257,0.975637,0.951741,0.909505,0.993977,0.052830,0.010897,0.083305,0.003050,0.000000,0,0,0,0,0
horse_circle,base,740,790.120,0.305679,0.867854,0.766044,0.969664,20,0.00000430,1,0.107654,0.189825,0.025483,0.901323,0.827633,0.975013,0.952916,0.911458,0.994374,0.052937,0.010916,0.081447,0.002781,0.000000,0,0,0,0,0
horse_circle,base,750,800.477,0.307131,0.867621,0.766084,0.969159,20,0.00000759,1,0.108550,0.191220,0.025880,0.900696,0.826761,0.974630,0.953408,0.912574,0.994241,0.053240,0.011347,0.080173,0.002727,0.000000,0,0,0,0,0
horse_circle,base,760,810.738,0.306554,0.868109,0.767912,0.968307,20,0.00000528,1,0.107657,0.187779,0.027535,0.901173,0.829274,0.973071,0.953539,0.912109,0.994970,0.052350,0.012050,0.080308,0.002706,0.000000,0,0,0,0,0
horse_circle,base,770,821.211,0.308971,0.867505,0.769002,0.966009,20,0.00000631,1,0.108529,0.186942,0.030116,0.900316,0.830007,0.970624,0.953931,0.912760,0.995102,0.052199,0.013029,0.080016,0.002365,0.000000,0,0,0,0,0
horse_circle,base,780,831.426,0.311376,0.867480,0.768372,0.966587,20,0.00000621,0,0.110529,0.190941,0.030116,0.899002,0.827363,0.970641,0.955392,0.915086,0.995698,0.053268,0.013388,0.077142,0.002203,0.000000,0,0,0,0,0
horse_circle,base,790,841.460,0.314367,0.866111,0.766924,0.965298,20,0.00000441,0,0.111951,0.193917,0.029984,0.897978,0.825231,0.970725,0.954943,0.915644,0.994241,0.054026,0.013315,0.077009,0.002920,0.000000,0,0,0,0,0
horse_circle,base,800,851.457,0.313374,0.866253,0.766194,0.966311,20,0.00000572,0,0.112045,0.194568,0.029521,0.897935,0.824688,0.971181,0.955054,0.915272,0.994837,0.054280,0.012879,0.076980,0.002572,0.000000,0,0,0,0,0
horse_circle,base,810,861.588,0.317211,0.865265,0.765447,0.965083,20,0.00000403,1,0.113184,0.195126,0.031242,0.896882,0.824200,0.969564,0.955020,0.914807,0.995234,0.054435,0.013783,0.077257,0.002326,0.000000,0,0,0,0,0
horse_circle,base,820,871.809,0.317063,0.865267,0.764454,0.966080,20,0.00000465,1,0.112767,0.195219,0.030315,0.897199,0.823954,0.970444,0.954529,0.913690,0.995367,0.054505,0.013421,0.078415,0.002169,0.000000,0,0,0,0,0
horse_circle,base,830,881.742,0.316269,0.865464,0.765732,0.965196,20,0.00000411,0,0.112487,0.194196,0.030778,0.897412,0.824832,0.969992,0.954669,0.914435,0.994903,0.054072,0.013650,0.078132,0.002388,0.000000,0,0,0,0,0
horse_circle,base,840,891.951,0.315545,0.866020,0.767130,0.964911,20,0.00001234,1,0.111808,0.191778,0.031837,0.897810,0.826606,0.969014,0.954940,0.914249,0.995631,0.053404,0.014216,0.078056,0.002058,0.000000,0,0,0,0,0
horse_circle,base,850,902.175,0.320086,0.863930,0.764207,0.963654,20,0.00001494,1,0.113660,0.194754,0.032566,0.896253,0.824196,0.968309,0.954038,0.913039,0.995036,0.054235,0.014420,0.078738,0.002280,0.000000,0,0,0,0,0
horse_circle,base,860,912.372,0.326420,0.862602,0.763375,0.961829,20,0.00002232,1,0.115635,0.196057,0.035213,0.894536,0.823229,0.965843,0.954369,0.913039,0.995698,0.054652,0.015676,0.079276,0.002081,0.000000,0,0,0,0,0
horse_circle,base,870,922.632,0.323736,0.863026,0.764807,0.961246,20,0.00002181,1,0.115024,0.195033,0.035015,0.895069,0.824136,0.966003,0.954436,0.913969,0.994903,0.054400,0.015256,0.078487,0.002581,0.000000,0,0,0,0,0
horse_circle,base,880,932.813,0.322780,0.862939,0.764276,0.961602,20,0.00002773,1,0.114892,0.195499,0.034286,0.895211,0.823746,0.966675,0.954131,0.913690,0.994572,0.054436,0.014956,0.078393,0.002665,0.000000,0,0,0,0,0
horse_circle,base,890,943.103,0.324228,0.862783,0.764143,0.961423,20,0.00001743,1,0.114918,0.195219,0.034617,0.895132,0.823895,0.966369,0.954012,0.913318,0.994705,0.054418,0.015279,0.078958,0.002493,0.000000,0,0,0,0,0
horse_circle,base,900,953.347,0.325410,0.862492,0.764048,0.960936,20,0.00001083,1,0.115993,0.196708,0.035279,0.894353,0.822953,0.965752,0.954589,0.914342,0.994837,0.054889,0.015433,0.077896,0.002378,0.000000,0,0,0,0,0
horse_circle,base,910,963.610,0.325625,0.862251,0.764445,0.960056,20,0.00000984,1,0.115820,0.195964,0.035676,0.894426,0.823490,0.965362,0.954278,0.914249,0.994308,0.054653,0.015642,0.077677,0.002941,0.000000,0,0,0,0,0
horse_circle,base,920,973.801,0.326009,0.862216,0.763851,0.960580,20,0.00001468,1,0.116451,0.196894,0.036007,0.893941,0.822801,0.965081,0.954708,0.914249,0.995168,0.054961,0.015594,0.077500,0.002500,0.000000,0,0,0,0,0
horse_circle,base,930,983.904,0.324961,0.862987,0.764163,0.961812,20,0.00000955,0,0.116612,0.198475,0.034750,0.894073,0.821885,0.966262,0.955532,0.915830,0.995234,0.055267,0.015310,0.076505,0.002246,0.000000,0,0,0,0,0
horse_circle,base,940,994.143,0.326411,0.861950,0.763638,0.960263,20,0.00001040,1,0.117321,0.198568,0.036074,0.893369,0.821727,0.965010,0.955087,0.915272,0.994903,0.055336,0.015497,0.076753,0.002586,0.000000,0,0,0,0,0
horse_circle,base,950,1004.364,0.325953,0.862401,0.763123,0.961679,20,0.00001849,1,0.117058,0.199498,0.034617,0.893717,0.821056,0.966377,0.955167,0.915365,0.994970,0.055567,0.015284,0.076441,0.002311,0.000000,0,0,0,0,0
horse_circle,base,960,1014.539,0.326632,0.862369,0.763042,0.961696,20,0.00001271,1,0.117475,0.199870,0.035081,0.893385,0.820812,0.965958,0.955492,0.915551,0.995433,0.055703,0.015490,0.076131,0.002009,0.000000,0,0,0,0,0
horse_circle,base,970,1024.778,0.326775,0.862401,0.763981,0.960821,20,0.00001323,1,0.118159,0.200707,0.035610,0.892965,0.820481,0.965449,0.956177,0.917318,0.995036,0.055951,0.015548,0.074634,0.002445,0.000000,0,0,0,0,0
horse_circle,base,980,1035.010,0.324872,0.863401,0.764432,0.962370,20,0.00002595,1,0.117264,0.200242,0.034286,0.893777,0.820852,0.966701,0.956435,0.917504,0.995367,0.055812,0.015207,0.074551,0.002322,0.000000,0,0,0,0,0
horse_circle,base,990,1045.213,0.326284,0.862631,0.763573,0.961689,20,0.00003711,1,0.118725,0.202567,0.034882,0.892703,0.819268,0.966138,0.956741,0.918248,0.995234,0.056276,0.015327,0.073748,0.002349,0.000000,0,0,0,0,0
horse_circle,base,1000,1055.409,0.328271,0.862243,0.763403,0.961084,20,0.00003841,2,0.118165,0.200521,0.035809,0.892881,0.820483,0.965278,0.955990,0.916481,0.995499,0.055841,0.015839,0.075727,0.002269,0.000000,0,0,0,0,0
acm_scf,hinge2,1,1.530,1.653447,0.192151,0.152158,0.232145,20,0.00000000,0,0.213437,0.094140,0.332735,0.560303,0.638787,0.481820,0.237935,0.166482,0.309388,0.034660,0.046322,0.829360,0.683875,0.000000,0,0,0,0,0
acm_scf,hinge2,10,11.051,1.462660,0.250981,0.189340,0.312621,20,0.00000000,0,0.160207,0.059189,0.261224,0.686807,0.772119,0.601494,0.297416,0.200547,0.394286,0.021648,0.036132,0.795233,0.598823,0.000000,0,0,0,0,0
acm_scf,hinge2,20,21.358,1.321463,0.309645,0.232849,0.386442,20,0.00004685,0,0.138808,0.046922,0.230694,0.755978,0.838587,0.673370,0.359683,0.243774,0.475592,0.017065,0.032206,0.751838,0.519334,0.000000,0,0,0,0,0
acm_scf,hinge2,30,31.470,1.215140,0.359014,0.271557,0.446471,20,0.00007956,0,0.144520,0.044632,0.244408,0.779273,0.864056,0.694490,0.419634,0.283677,0.555592,0.016000,0.033592,0.712153,0.439573,0.000000,0,0,0,0,0
acm_scf,hinge2,40,41.805,1.125070,0.400520,0.296711,0.504330,20,0.00005949,1,0.143448,0.042489,0.244408,0.799471,0.879227,0.719715,0.468455,0.309318,0.627592,0.015351,0.033776,0.686386,0.367138,0.000000,0,0,0,0,0
acm_scf,hinge2,50,186.229,1.057572,0.433544,0.313535,0.553553,23,0.00015181,1,0.142318,0.043819,0.240816,0.811164,0.881920,0.740408,0.507066,0.327274,0.686857,0.016101,0.033175,0.668680,0.309175,0.000000,2,1,0,0,0
acm_scf,hinge2,60,197.975,0.989728,0.462515,0.330703,0.594328,23,0.00010356,2,0.132762,0.039237,0.226286,0.830303,0.897530,0.763077,0.536247,0.343678,0.728816,0.014074,0.030987,0.652426,0.266948,0.000000,2,1,0,0,0
acm_scf,hinge2,70,209.633,0.933012,0.489549,0.351989,0.627110,23,0.00014791,2,0.129679,0.040420,0.218939,0.838977,0.900600,0.777353,0.565312,0.366216,0.764408,0.014251,0.029999,0.629509,0.230056,0.000000,2,1,0,0,0
acm_scf,hinge2,80,221.254,0.879672,0.517939,0.371913,0.663965,23,0.00019020,1,0.125061,0.041306,0.208816,0.848582,0.903621,0.793543,0.594944,0.387276,0.802612,0.014719,0.029101,0.608461,0.193526,0.000000,2,1,0,0,0
acm_scf,hinge2,90,232.923,0.826274,0.543249,0.396379,0.690118,23,0.00022151,1,0.122599,0.040789,0.204408,0.856321,0.910024,0.802617,0.621865,0.412547,0.831184,0.014532,0.027877,0.582877,0.165396,0.000000,2,1,0,0,0
acm_scf,hinge2,100,388.130,0.771410,0.570651,0.425603,0.715700,24,0.00023707,1,0.123071,0.041898,0.204245,0.861048,0.913672,0.808423,0.652656,0.443435,0.861878,0.014992,0.027798,0.552489,0.133288,0.000000,5,1,2,0,0
acm_scf,hinge2,110,400.420,0.720673,0.596810,0.456721,0.736899,24,0.00030134,1,0.121627,0.040641,0.202612,0.867571,0.921226,0.813915,0.680743,0.475283,0.886204,0.014761,0.027964,0.519953,0.109658,0.000000,5,1,2,0,0
acm_scf,hinge2,120,412.729,0.676634,0.620027,0.482619,0.757435,24,0.00035659,1,0.119168,0.041602,0.196735,0.872617,0.923568,0.821666,0.704573,0.502697,0.906449,0.015050,0.026969,0.493361,0.090104,0.000000,5,1,2,0,0
acm_scf,hinge2,130,424.974,0.632456,0.643206,0.512015,0.774398,24,0.00032291,1,0.112754,0.039385,0.186122,0.881301,0.931092,0.831510,0.725356,0.532181,0.918531,0.014303,0.025878,0.463786,0.077970,0.000000,5,1,2,0,0
acm_scf,hinge2,140,437.082,0.596085,0.661061,0.542535,0.779587,24,0.00025638,1,0.117824,0.042341,0.193306,0.879150,0.930343,0.827957,0.747896,0.565507,0.930286,0.014928,0.026355,0.430230,0.066758,0.000000,5,1,2,0,0
acm_scf,hinge2,150,609.925,0.564837,0.677774,0.573046,0.782502,27,0.00010686,1,0.123140,0.044484,0.201796,0.877074,0.930821,0.823328,0.769473,0.598537,0.940408,0.015916,0.027316,0.397658,0.056926,0.000000,8,1,2,0,0
acm_scf,hinge2,160,623.665,0.535626,0.694654,0.597915,0.791393,27,0.00004670,1,0.116504,0.041824,0.191184,0.884236,0.937083,0.831389,0.782808,0.622922,0.942694,0.015054,0.026585,0.373573,0.054974,0.000000,8,1,2,0,0
acm_scf,hinge2,170,637.215,0.518333,0.703869,0.618872,0.788866,27,0.00000577,0,0.123540,0.044632,0.202449,0.879768,0.935422,0.824113,0.797533,0.646494,0.948571,0.016132,0.028177,0.349976,0.048710,0.000000,8,1,2,0,0
acm_scf,hinge2,180,650.676,0.504476,0.712614,0.631998,0.793230,27,0.00001606,0,0.124468,0.047957,0.200980,0.879133,0.932480,0.825785,0.807480,0.662307,0.952653,0.016887,0.028121,0.334121,0.046364,0.000000,8,1,2,0,0
acm_scf,hinge2,190,664.254,0.486336,0.721737,0.647494,0.795979,27,0.00002397,0,0.125143,0.048326,0.201959,0.879619,0.933537,0.825701,0.817760,0.678785,0.956735,0.017380,0.028159,0.317143,0.041055,0.000000,8,1,2,0,0
acm_scf,hinge2,200,850.470,0.465307,0.732490,0.670220,0.794760,29,0.00001910,0,0.124701,0.046627,0.202776,0.881335,0.937673,0.824996,0.828694,0.701470,0.955918,0.017051,0.028013,0.295009,0.041728,0.000000,11,1,3,0,0
acm_scf,hinge2,210,864.862,0.453735,0.740448,0.679143,0.801752,29,0.00000648,0,0.120408,0.048326,0.192490,0.884423,0.936437,0.832409,0.834022,0.711963,0.956082,0.017600,0.026793,0.284351,0.042221,0.000000,11,1,3,0,0
acm_scf,hinge2,220,879.340,0.431997,0.751340,0.698180,0.804500,29,0.00001403,0,0.118703,0.047366,0.190041,0.886772,0.939167,0.834377,0.844319,0.731250,0.957388,0.017085,0.026646,0.264824,0.040238,0.000000,11,1,3,0,0
acm_scf,hinge2,230,893.457,0.413113,0.760641,0.718127,0.803155,29,0.00001100,0,0.117307,0.044410,0.190204,0.889072,0.944098,0.834046,0.852968,0.750018,0.955918,0.016365,0.026442,0.246717,0.041061,0.000000,11,1,3,0,0
acm_scf,hinge2,240,907.559,0.400142,0.767624,0.733249,0.801999,29,0.00000000,0,0.119440,0.046553,0.192327,0.887678,0.942805,0.832552,0.861814,0.767383,0.956245,0.016832,0.026849,0.228760,0.041116,0.000000,11,1,3,0,0
acm_scf,hinge2,250,1113.032,0.389071,0.773083,0.748150,0.798015,32,0.00009119,0,0.124882,0.048622,0.201143,0.884096,0.941641,0.826552,0.871529,0.784527,0.958531,0.017753,0.027877,0.211384,0.038326,0.000000,14,1,3,0,0
acm_scf,hinge2,260,1128.965,0.376092,0.780441,0.764830,0.796051,32,0.00004747,0,0.127386,0.047587,0.207184,0.883289,0.943937,0.822642,0.881103,0.801227,0.960980,0.017344,0.029241,0.195113,0.036388,0.000000,14,1,3,0,0
acm_scf,hinge2,270,1144.905,0.364165,0.783790,0.778782,0.788798,32,0.00000445,0,0.134118,0.046848,0.221388,0.879402,0.945659,0.813146,0.889347,0.815266,0.963429,0.016737,0.030630,0.181334,0.033820,0.000000,14,1,3,0,0
acm_scf,hinge2,280,1160.426,0.351792,0.789489,0.789258,0.789720,32,0.00000860,0,0.133523,0.044188,0.222857,0.880805,0.949111,0.812500,0.894924,0.824134,0.965714,0.015772,0.030998,0.172440,0.031352,0.000000,14,1,3,0,0
acm_scf,hinge2,290,1176.242,0.348080,0.792196,0.793511,0.790881,32,0.00000106,0,0.132107,0.043154,0.221061,0.882090,0.950450,0.813730,0.896734,0.827754,0.965714,0.015734,0.030926,0.168749,0.031364,0.000000,14,1,3,0,0
acm_scf,hinge2,300,1397.386,0.342804,0.795663,0.800666,0.790660,31,0.00000000,0,0.133229,0.042784,0.223673,0.881740,0.951254,0.812226,0.901216,0.834922,0.967510,0.015683,0.031328,0.162100,0.030749,0.000000,14,1,4,0,0
acm_scf,hinge2,310,1412.835,0.344939,0.793374,0.798982,0.787766,31,0.00000000,0,0.136600,0.045444,0.227755,0.878901,0.948402,0.809400,0.901238,0.835292,0.967184,0.016729,0.030964,0.161576,0.030918,0.000000,14,1,4,0,0
acm_scf,hinge2,320,1428.184,0.339154,0.797699,0.804759,0.790639,31,0.00000000,0,0.133888,0.043449,0.224327,0.881331,0.950803,0.811858,0.903863,0.839725,0.968000,0.016080,0.031250,0.156766,0.030753,0.000000,14,1,4,0,0
acm_scf,hinge2,330,1443.462,0.341572,0.795588,0.804662,0.786514,31,0.00000000,0,0.134037,0.042932,0.225143,0.880967,0.951332,0.810603,0.901400,0.839208,0.963592,0.015590,0.031215,0.157742,0.034562,0.000000,14,1,4,0,0
acm_scf,hinge2,340,1458.679,0.338887,0.795758,0.805611,0.785905,31,0.00000000,0,0.132945,0.040420,0.225469,0.882149,0.953995,0.810302,0.900638,0.838173,0.963102,0.014782,0.031146,0.159123,0.033703,0.000000,14,1,4,0,0
acm_scf,hinge2,350,1673.102,0.331225,0.799171,0.813093,0.785249,33,0.00000000,0,0.132390,0.036208,0.228571,0.883626,0.958796,0.808455,0.903634,0.842533,0.964735,0.013558,0.031828,0.154465,0.032019,0.000000,17,1,5,0,0
acm_scf,hinge2,360,1689.453,0.325895,0.801605,0.812553,0.790657,33,0.00000000,0,0.132563,0.038351,0.226776,0.883513,0.956522,0.810505,0.906837,0.843715,0.969959,0.013820,0.031551,0.153577,0.027044,0.000000,17,1,5,0,0
acm_scf,hinge2,370,1705.862,0.318827,0.805103,0.820935,0.789272,33,0.00000000,0,0.134837,0.037021,0.232653,0.882671,0.958326,0.807015,0.912112,0.851326,0.972898,0.013662,0.032374,0.145503,0.024603,0.000000,17,1,5,0,0
acm_scf,hinge2,380,1722.023,0.316165,0.806488,0.825407,0.787570,33,0.00000000,0,0.133402,0.034804,0.232000,0.883941,0.960848,0.807034,0.912210,0.854134,0.970286,0.012773,0.032307,0.142827,0.028147,0.000000,17,1,5,0,0
acm_scf,hinge2,390,1738.119,0.306690,0.810038,0.830532,0.789544,33,0.00000000,0,0.131662,0.032956,0.230367,0.885660,0.963006,0.808314,0.914666,0.857903,0.971429,0.012274,0.031648,0.139004,0.026078,0.000000,17,1,5,0,0
acm_scf,hinge2,400,1971.287,0.300702,0.813634,0.831167,0.796101,33,0.00000000,0,0.128675,0.034656,0.222694,0.887538,0.961262,0.813814,0.916680,0.859972,0.973388,0.012782,0.030513,0.136639,0.024296,0.000000,17,1,5,0,0
acm_scf,hinge2,410,1987.641,0.295094,0.818409,0.832097,0.804720,33,0.00000000,0,0.123299,0.035986,0.210612,0.891084,0.959928,0.822241,0.918123,0.862041,0.974204,0.013429,0.029301,0.134372,0.022588,0.000000,17,1,5,0,0
acm_scf,hinge2,420,2003.931,0.290338,0.822020,0.835139,0.808901,33,0.00000720,1,0.123669,0.036725,0.210612,0.891153,0.959309,0.822997,0.922537,0.865810,0.979265,0.013574,0.029471,0.131435,0.018979,0.000000,17,1,5,0,0
acm_scf,hinge2,430,2020.492,0.285954,0.823935,0.839835,0.808035,33,0.00001826,1,0.123655,0.036208,0.211102,0.891308,0.960055,0.822561,0.924428,0.870243,0.978612,0.013480,0.029478,0.126997,0.018884,0.000000,17,1,5,0,0
acm_scf,hinge2,440,2037.007,0.282757,0.826797,0.843414,0.810180,33,0.00000460,1,0.123274,0.037242,0.209306,0.891570,0.959167,0.823974,0.927290,0.874825,0.979755,0.013731,0.029374,0.122813,0.018936,0.000000,17,1,5,0,0
acm_scf,hinge2,450,2274.491,0.279151,0.826850,0.844177,0.809524,33,0.00002414,1,0.124170,0.038055,0.210286,0.890838,0.958380,0.823295,0.928029,0.876302,0.979755,0.013761,0.028777,0.121126,0.018872,0.000000,17,1,5,0,0
acm_scf,hinge2,460,2291.131,0.277552,0.829684,0.844387,0.814981,33,0.00002112,1,0.118557,0.036134,0.200980,0.894990,0.960337,0.829643,0.926837,0.874898,0.978776,0.013358,0.028035,0.123097,0.019704,0.000000,17,1,5,0,0
acm_scf,hinge2,470,2307.511,0.272957,0.831582,0.848219,0.814946,33,0.00003264,1,0.116125,0.035025,0.197224,0.896742,0.961635,0.831849,0.926801,0.877928,0.975673,0.013049,0.027518,0.119558,0.021434,0.000000,17,1,5,0,0
acm_scf,hinge2,480,2324.086,0.268419,0.833217,0.852708,0.813725,33,0.00001723,1,0.117245,0.035469,0.199020,0.895979,0.961381,0.830577,0.929313,0.882953,0.975673,0.012918,0.027767,0.114543,0.020950,0.000000,17,1,5,0,0
acm_scf,hinge2,490,2340.549,0.262457,0.836005,0.859196,0.812815,33,0.00000565,1,0.116745,0.033326,0.200163,0.896784,0.963822,0.829746,0.931670,0.887830,0.975510,0.012510,0.027760,0.109948,0.020589,0.000000,17,1,5,0,0
acm_scf,hinge2,500,2579.746,0.251548,0.842337,0.866095,0.818579,33,0.00000663,1,0.115518,0.034139,0.196898,0.897973,0.963284,0.832663,0.937709,0.895662,0.979755,0.012310,0.027431,0.101506,0.019022,0.000000,17,1,5,0,0
acm_scf,hinge2,510,2596.284,0.246281,0.844071,0.872226,0.815915,33,0.00000652,2,0.115248,0.032291,0.198204,0.898407,0.965378,0.831436,0.939012,0.900392,0.977633,0.011925,0.027747,0.096534,0.018420,0.000000,17,1,5,0,0
acm_scf,hinge2,520,2612.894,0.240520,0.844511,0.877469,0.811553,33,0.00001066,2,0.119648,0.032439,0.206857,0.895528,0.965430,0.825626,0.942681,0.905934,0.979429,0.011886,0.027714,0.091350,0.017484,0.000000,17,1,5,0,0
acm_scf,hinge2,530,2629.469,0.237634,0.848055,0.880049,0.816061,33,0.00000815,2,0.117720,0.031848,0.203592,0.897212,0.966116,0.828308,0.945140,0.908077,0.982204,0.011506,0.028178,0.089519,0.015776,0.000000,17,1,5,0,0
acm_scf,hinge2,540,2646.020,0.229877,0.849582,0.884474,0.814690,33,0.00000567,2,0.116811,0.026602,0.207020,0.898812,0.971537,0.826087,0.945675,0.908003,0.983347,0.009565,0.028579,0.089231,0.013608,0.000000,17,1,5,0,0
acm_scf,hinge2,550,2886.906,0.230019,0.850187,0.885227,0.815147,33,0.00000738,2,0.114918,0.026897,0.202939,0.899895,0.971262,0.828528,0.944804,0.909037,0.980571,0.009701,0.028272,0.087983,0.015699,0.000000,17,1,5,0,0
acm_scf,hinge2,560,2903.567,0.232925,0.846705,0.886841,0.806568,33,0.00000584,1,0.122243,0.026528,0.217959,0.895051,0.971685,0.818417,0.946367,0.910367,0.982367,0.009698,0.029585,0.086828,0.014840,0.000000,17,1,5,0,0
acm_scf,hinge2,570,2920.186,0.232741,0.847897,0.887169,0.808625,33,0.00000508,2,0.122667,0.026232,0.219102,0.895076,0.971994,0.818157,0.948119,0.910441,0.985796,0.009437,0.030507,0.086579,0.012242,0.000000,17,1,5,0,0
acm_scf,hinge2,580,2936.487,0.231033,0.849368,0.891137,0.807600,33,0.00000027,2,0.123275,0.026306,0.220245,0.894687,0.972041,0.817332,0.950024,0.914579,0.985469,0.009672,0.030692,0.082891,0.012357,0.000000,17,1,5,0,0
acm_scf,hinge2,590,2952.948,0.237163,0.845347,0.890880,0.799814,33,0.00000000,1,0.129056,0.026602,0.231510,0.890713,0.971736,0.809690,0.949779,0.914579,0.984980,0.009312,0.032433,0.083069,0.013466,0.000000,17,1,5,0,0
acm_scf,hinge2,600,3188.508,0.235941,0.846265,0.892371,0.800159,33,0.00000000,1,0.130082,0.025715,0.234449,0.890424,0.972674,0.808175,0.951537,0.915318,0.987755,0.009293,0.032823,0.082135,0.011558,0.000000,17,1,5,0,0
acm_scf,hinge2,610,3205.280,0.237698,0.843260,0.891861,0.794659,33,0.00000000,1,0.133059,0.024976,0.241143,0.888471,0.973405,0.803538,0.950211,0.914136,0.986286,0.008909,0.032942,0.083725,0.012978,0.000000,17,1,5,0,0
acm_scf,hinge2,620,3221.752,0.237702,0.844751,0.891144,0.798357,33,0.00000000,0,0.127654,0.022981,0.232327,0.892189,0.975411,0.808968,0.947730,0.911623,0.983837,0.008468,0.032312,0.085625,0.015369,0.000000,17,1,5,0,0
acm_scf,hinge2,630,3238.532,0.236656,0.846024,0.886726,0.805322,33,0.00000000,1,0.122945,0.024828,0.221061,0.894931,0.973405,0.816457,0.946044,0.908742,0.983347,0.008787,0.030917,0.088500,0.015633,0.000000,17,1,5,0,0
acm_scf,hinge2,640,3255.367,0.237316,0.846093,0.884149,0.808038,33,0.00000933,2,0.121248,0.023720,0.218776,0.896347,0.974463,0.818231,0.944969,0.905121,0.984816,0.008651,0.030669,0.091585,0.014813,0.000000,17,1,5,0,0
acm_scf,hinge2,650,3497.246,0.236851,0.844706,0.883481,0.805930,33,0.00000077,1,0.123598,0.024828,0.222367,0.894578,0.973310,0.815846,0.945280,0.905416,0.985143,0.008903,0.030584,0.090924,0.014296,0.000000,17,1,5,0,0
acm_scf,hinge2,660,3513.966,0.238552,0.844458,0.884175,0.804742,33,0.00000014,2,0.125829,0.025863,0.225796,0.893007,0.972277,0.813737,0.946746,0.907042,0.986449,0.009195,0.031399,0.089458,0.013224,0.000000,17,1,5,0,0
acm_scf,hinge2,670,3530.592,0.238260,0.846013,0.882247,0.809779,33,0.00000068,1,0.123021,0.027267,0.218776,0.894672,0.970793,0.818551,0.946621,0.906303,0.986939,0.009729,0.030479,0.091091,0.012809,0.000000,17,1,5,0,0
acm_scf,hinge2,680,3546.939,0.237884,0.846339,0.880397,0.812282,33,0.00000042,0,0.120922,0.026823,0.215020,0.896146,0.971184,0.821108,0.945476,0.904012,0.986939,0.009609,0.029785,0.093738,0.013003,0.000000,17,1,5,0,0
acm_scf,hinge2,690,3563.171,0.240057,0.845599,0.880426,0.810771,33,0.00000027,1,0.121064,0.026454,0.215673,0.896014,0.971560,0.820468,0.944675,0.903717,0.985633,0.009491,0.030194,0.094050,0.013940,0.000000,17,1,5,0,0
acm_scf,hinge2,700,3790.224,0.234893,0.848719,0.882998,0.814440,32,0.00000209,0,0.117090,0.024385,0.209796,0.899101,0.973749,0.824454,0.944918,0.904530,0.985306,0.009015,0.029388,0.092812,0.014564,0.000000,17,1,6,0,0
acm_scf,hinge2,710,3805.746,0.244754,0.842268,0.879596,0.804940,32,0.00000376,0,0.123880,0.024902,0.222857,0.894255,0.973120,0.815391,0.942913,0.901500,0.984327,0.009113,0.030973,0.096053,0.015551,0.000000,17,1,6,0,0
acm_scf,hinge2,720,3821.383,0.242365,0.843320,0.882459,0.804180,32,0.00000492,0,0.125269,0.024089,0.226449,0.893655,0.974036,0.813274,0.945001,0.903717,0.986286,0.008965,0.031436,0.094002,0.013683,0.000000,17,1,6,0,0
acm_scf,hinge2,730,3836.809,0.240137,0.844064,0.886698,0.801430,32,0.00000436,0,0.128291,0.023276,0.233306,0.892011,0.974988,0.809034,0.947873,0.907338,0.988408,0.008551,0.032448,0.090323,0.012496,0.000000,17,1,6,0,0
acm_scf,hinge2,740,3852.308,0.244505,0.838157,0.886703,0.789611,32,0.00000520,0,0.138105,0.025272,0.250939,0.885185,0.972954,0.797417,0.948433,0.909111,0.987755,0.008842,0.033804,0.088965,0.012118,0.000000,17,1,6,0,0
acm_scf,hinge2,750,4075.917,0.242907,0.842149,0.885828,0.798470,32,0.00002306,0,0.131205,0.024533,0.237878,0.889849,0.973680,0.806018,0.947984,0.907559,0.988408,0.008687,0.033235,0.090122,0.012070,0.000000,17,1,6,0,0
acm_scf,hinge2,760,4091.500,0.242819,0.841731,0.886492,0.796970,32,0.00001288,1,0.131600,0.024015,0.239184,0.889629,0.974227,0.805031,0.947686,0.907781,0.987592,0.008801,0.033165,0.089593,0.012332,0.000000,17,1,6,0,0
acm_scf,hinge2,770,4107.018,0.245888,0.839352,0.886782,0.791923,32,0.00001048,0,0.134952,0.024680,0.245224,0.887203,0.973557,0.800849,0.947395,0.908668,0.986122,0.008913,0.033860,0.088363,0.013744,0.000000,17,1,6,0,0
acm_scf,hinge2,780,4122.457,0.248366,0.837420,0.886017,0.788822,32,0.00001669,0,0.139728,0.026232,0.253224,0.884020,0.971959,0.796082,0.948915,0.909259,0.988571,0.009360,0.034681,0.087755,0.012028,0.000000,17,1,6,0,0
acm_scf,hinge2,790,4137.810,0.244564,0.840647,0.890056,0.791237,32,0.00000966,0,0.139526,0.026971,0.252082,0.884251,0.971339,0.797162,0.952378,0.914062,0.990694,0.009723,0.034780,0.083571,0.010145,0.000000,17,1,6,0,0
acm_scf,hinge2,800,4359.987,0.239960,0.843360,0.892499,0.794221,32,0.00005890,0,0.137192,0.025567,0.248816,0.886137,0.972827,0.799447,0.953577,0.915318,0.991837,0.009325,0.034527,0.082225,0.008944,0.000000,17,1,6,0,0
acm_scf,hinge2,810,4375.558,0.240548,0.843450,0.891353,0.795547,32,0.00014548,1,0.136418,0.026306,0.246531,0.886472,0.972048,0.800897,0.953237,0.914801,0.991673,0.009497,0.034273,0.082978,0.009107,0.000000,17,1,6,0,0
acm_scf,hinge2,820,4391.053,0.241470,0.842037,0.890906,0.793167,32,0.00022936,1,0.136338,0.025493,0.247184,0.886467,0.972854,0.800079,0.951422,0.913619,0.989224,0.009093,0.034290,0.083905,0.010682,0.000000,17,1,6,0,0
acm_scf,hinge2,830,4406.637,0.245627,0.840668,0.889610,0.791726,32,0.00027347,1,0.137965,0.024828,0.251102,0.885627,0.973489,0.797765,0.951114,0.911697,0.990531,0.008966,0.035183,0.085574,0.010538,0.000000,17,1,6,0,0
acm_scf,hinge2,840,4421.985,0.249273,0.838402,0.888105,0.788699,32,0.00036000,1,0.140136,0.026232,0.254041,0.883831,0.972023,0.795640,0.950231,0.911402,0.989061,0.009292,0.035524,0.085841,0.011584,0.000000,17,1,6,0,0
acm_scf,hinge2,850,4644.993,0.250520,0.837513,0.886148,0.788877,32,0.00029661,1,0.140483,0.027414,0.253551,0.883348,0.970769,0.795926,0.949670,0.910441,0.988898,0.009796,0.035050,0.087173,0.011566,0.000000,17,1,6,0,0
acm_scf,hinge2,860,4660.537,0.253689,0.835861,0.885107,0.786615,32,0.00023963,1,0.142683,0.029040,0.256327,0.881573,0.969101,0.794044,0.949528,0.910811,0.988245,0.010345,0.035468,0.086272,0.012168,0.000000,17,1,6,0,0
acm_scf,hinge2,870,4675.868,0.253790,0.837107,0.886930,0.787284,32,0.00026503,1,0.141175,0.026676,0.255673,0.883027,0.971539,0.794515,0.949580,0.910589,0.988571,0.009721,0.035935,0.087006,0.012154,0.000000,17,1,6,0,0
acm_scf,hinge2,880,4691.140,0.257948,0.832048,0.887316,0.776781,32,0.00017222,1,0.151175,0.028227,0.274122,0.876546,0.969990,0.783103,0.951038,0.912362,0.989714,0.010268,0.037234,0.085370,0.011095,0.000000,17,1,6,0,0
acm_scf,hinge2,890,4706.490,0.259941,0.832609,0.884359,0.780859,32,0.00000660,1,0.147603,0.029410,0.265796,0.878391,0.968706,0.788076,0.949388,0.910367,0.988408,0.010700,0.036745,0.087181,0.011855,0.000000,17,1,6,0,0
acm_scf,hinge2,900,4918.195,0.262001,0.831946,0.882087,0.781804,31,0.00000015,0,0.145591,0.029631,0.261551,0.879401,0.968405,0.790396,0.947255,0.908224,0.986286,0.010583,0.036234,0.089372,0.014468,0.000000,17,1,7,0,0
acm_scf,hinge2,910,4932.953,0.264968,0.830708,0.879759,0.781658,31,0.00000066,0,0.145474,0.028745,0.262204,0.879628,0.969217,0.790038,0.945830,0.905047,0.986612,0.010521,0.036662,0.092555,0.013121,0.000000,17,1,7,0,0
acm_scf,hinge2,920,4947.719,0.263289,0.832235,0.881040,0.783430,31,0.00000000,0,0.145243,0.029262,0.261224,0.879822,0.968740,0.790904,0.947451,0.906820,0.988082,0.010693,0.036671,0.091072,0.012014,0.000000,17,1,7,0,0
acm_scf,hinge2,930,4962.142,0.265143,0.830921,0.878936,0.782907,31,0.00000055,0,0.146495,0.030296,0.262694,0.878842,0.967627,0.790057,0.947068,0.905564,0.988571,0.010979,0.036801,0.091908,0.011575,0.000000,17,1,7,0,0
acm_scf,hinge2,940,4976.686,0.263347,0.832292,0.880542,0.784042,31,0.00000004,0,0.146229,0.029927,0.262531,0.879217,0.968055,0.790379,0.948386,0.906894,0.989878,0.010826,0.036906,0.090973,0.010710,0.000000,17,1,7,0,0
acm_scf,hinge2,950,5187.250,0.265868,0.830215,0.879116,0.781314,31,0.00000000,0,0.148470,0.030001,0.266939,0.877769,0.967930,0.787607,0.947684,0.905490,0.989878,0.010544,0.037546,0.092102,0.010946,0.000000,17,1,7,0,0
acm_scf,hinge2,960,5201.589,0.271369,0.824978,0.876491,0.773464,31,0.00000000,0,0.153490,0.028449,0.278531,0.874823,0.969406,0.780240,0.945162,0.901426,0.988898,0.010381,0.038011,0.096026,0.011931,0.000000,17,1,7,0,0
acm_scf,hinge2,970,5215.919,0.271661,0.826948,0.875790,0.778106,31,0.00000000,0,0.150676,0.029188,0.272163,0.876490,0.968633,0.784347,0.945615,0.901352,0.989878,0.010441,0.038011,0.096390,0.011647,0.000000,17,1,7,0,0
acm_scf,hinge2,980,5230.214,0.274813,0.824810,0.877136,0.772483,31,0.00000000,0,0.153540,0.029040,0.278041,0.874544,0.968829,0.780258,0.944937,0.902608,0.987265,0.010445,0.038795,0.095180,0.013210,0.000000,17,1,7,0,0
acm_scf,hinge2,990,5244.587,0.277502,0.823411,0.876562,0.770260,31,0.00000000,0,0.155173,0.029040,0.281306,0.873501,0.968810,0.778193,0.944478,0.902017,0.986939,0.010363,0.039384,0.095571,0.013777,0.000000,17,1,7,0,0
acm_scf,hinge2,1000,5451.926,0.277782,0.823254,0.877746,0.768762,31,0.00000000,0,0.157525,0.029336,0.285714,0.872154,0.968552,0.775756,0.945952,0.903495,0.988408,0.010448,0.040061,0.094050,0.012563,0.000000,17,1,7,0,0
acm_scf,prune,1,1.480,1.653447,0.192151,0.152158,0.232145,20,0.00000000,0,0.213437,0.094140,0.332735,0.560303,0.638787,0.481820,0.237935,0.166482,0.309388,0.034660,0.046322,0.829360,0.683875,0.000100,0,0,0,0,0
acm_scf,prune,10,11.266,1.462660,0.250981,0.189340,0.312621,20,0.00000000,0,0.160207,0.059189,0.261224,0.686807,0.772119,0.601494,0.297416,0.200547,0.394286,0.021648,0.036132,0.795233,0.598823,0.000100,0,0,0,0,0
acm_scf,prune,20,21.874,1.321463,0.309645,0.232849,0.386442,20,0.00004685,0,0.138808,0.046922,0.230694,0.755978,0.838587,0.673370,0.359683,0.243774,0.475592,0.017065,0.032206,0.751838,0.519334,0.000100,0,0,0,0,0
acm_scf,prune,30,32.216,1.215140,0.359014,0.271557,0.446471,20,0.00007956,0,0.144520,0.044632,0.244408,0.779273,0.864056,0.694490,0.419634,0.283677,0.555592,0.016000,0.033592,0.712153,0.439573,0.000100,0,0,0,0,0
acm_scf,prune,40,42.748,1.125070,0.400520,0.296711,0.504330,20,0.00005949,1,0.143448,0.042489,0.244408,0.799471,0.879227,0.719715,0.468455,0.309318,0.627592,0.015351,0.033776,0.686386,0.367138,0.000100,0,0,0,0,0
acm_scf,prune,50,195.475,1.058029,0.432788,0.314432,0.551144,23,0.00015181,1,0.142142,0.042489,0.241796,0.812096,0.885252,0.738939,0.506100,0.327791,0.684408,0.015606,0.033293,0.668166,0.311705,0.000100,2,1,0,0,0
acm_scf,prune,60,207.873,0.991930,0.460802,0.330817,0.590788,23,0.00013323,3,0.130198,0.037538,0.222857,0.832833,0.901417,0.764249,0.532842,0.343235,0.722449,0.013410,0.030564,0.652939,0.273204,0.000100,2,1,0,0,0
acm_scf,prune,70,220.181,0.939085,0.484817,0.350168,0.619465,23,0.00021090,2,0.122691,0.035912,0.209469,0.845711,0.909917,0.781505,0.555984,0.362743,0.749224,0.012610,0.028701,0.632929,0.245091,0.000100,2,1,0,0,0
acm_scf,prune,80,232.392,0.886498,0.511387,0.369320,0.653453,23,0.00026238,2,0.116372,0.034213,0.198531,0.857781,0.917791,0.797771,0.582569,0.381955,0.783184,0.012151,0.027556,0.613847,0.212116,0.000100,2,1,0,0,0
acm_scf,prune,90,244.714,0.833758,0.537435,0.393883,0.680987,23,0.00031701,2,0.115563,0.034065,0.197061,0.864071,0.922819,0.805323,0.611242,0.407301,0.815184,0.012416,0.026827,0.588601,0.180582,0.000100,2,1,0,0,0
acm_scf,prune,100,408.172,0.780048,0.564723,0.421470,0.707975,24,0.00033329,2,0.116067,0.034582,0.197551,0.868773,0.926519,0.811026,0.641941,0.436045,0.847837,0.012682,0.026947,0.560057,0.147886,0.000100,5,1,2,0,0
acm_scf,prune,110,421.096,0.728608,0.591661,0.455079,0.728243,24,0.00044226,1,0.113087,0.033030,0.193143,0.876246,0.934352,0.818140,0.669504,0.470110,0.868898,0.012050,0.026845,0.526303,0.127339,0.000100,5,1,2,0,0
acm_scf,prune,120,433.969,0.685179,0.613855,0.483924,0.743786,24,0.00048788,1,0.115966,0.036503,0.195429,0.875986,0.932161,0.819810,0.695366,0.501589,0.889143,0.012963,0.026590,0.494531,0.108188,0.000100,5,1,2,0,0
acm_scf,prune,130,446.922,0.640713,0.637648,0.513792,0.761503,24,0.00029910,1,0.107808,0.034065,0.181551,0.885923,0.939746,0.832100,0.715524,0.531294,0.899755,0.012449,0.024832,0.465404,0.097142,0.000100,5,1,2,0,0
acm_scf,prune,140,459.571,0.601671,0.655348,0.544630,0.766065,24,0.00014594,1,0.114463,0.034804,0.194122,0.883389,0.941837,0.824941,0.739180,0.563585,0.914776,0.012327,0.026065,0.432396,0.082448,0.000100,5,1,2,0,0
acm_scf,prune,150,644.898,0.562612,0.677644,0.575675,0.779612,27,0.00002469,1,0.110420,0.034065,0.186776,0.888955,0.945873,0.832036,0.760255,0.595286,0.925224,0.012326,0.025681,0.401061,0.072015,0.000100,7,2,2,0,0
acm_scf,prune,160,659.437,0.542818,0.688452,0.591397,0.785506,27,0.00000493,1,0.105362,0.032439,0.178286,0.894019,0.949552,0.838485,0.768066,0.610582,0.925551,0.011813,0.024770,0.384903,0.071893,0.000100,7,2,2,0,0
acm_scf,prune,170,673.619,0.522828,0.698901,0.609150,0.788653,27,0.00002719,0,0.107382,0.032070,0.182694,0.893838,0.951465,0.836212,0.780710,0.628685,0.932735,0.011519,0.025308,0.367700,0.065892,0.000100,7,2,2,0,0
acm_scf,prune,180,687.463,0.504911,0.708661,0.622318,0.795003,27,0.00008586,0,0.103016,0.029705,0.176327,0.898530,0.955698,0.841363,0.787994,0.640804,0.935184,0.011063,0.024549,0.355498,0.063000,0.000100,7,2,2,0,0
acm_scf,prune,190,701.304,0.498332,0.714143,0.632504,0.795782,27,0.00012115,0,0.105367,0.033917,0.176816,0.895936,0.950693,0.841179,0.795223,0.653957,0.936490,0.012413,0.024718,0.342683,0.062402,0.000100,7,2,2,0,0
acm_scf,prune,200,891.510,0.477454,0.724437,0.650233,0.798641,28,0.00016050,0,0.104984,0.032661,0.177306,0.897480,0.953615,0.841344,0.805857,0.671470,0.940245,0.012002,0.024723,0.325268,0.058211,0.000100,10,2,4,0,0
acm_scf,prune,210,906.326,0.472625,0.727869,0.662427,0.793312,28,0.00011227,0,0.110257,0.034065,0.186449,0.893643,0.952626,0.834660,0.813108,0.684992,0.941224,0.012862,0.026042,0.311802,0.057634,0.000100,10,2,4,0,0
acm_scf,prune,220,920.901,0.455323,0.736745,0.678452,0.795038,28,0.00013740,0,0.110570,0.036651,0.184490,0.893327,0.950469,0.836184,0.822516,0.703318,0.941714,0.013533,0.025590,0.293113,0.056204,0.000100,10,2,4,0,0
acm_scf,prune,230,935.615,0.438707,0.745085,0.696292,0.793878,28,0.00014163,0,0.109225,0.034287,0.184163,0.895372,0.954554,0.836189,0.830124,0.720166,0.940082,0.012716,0.025646,0.276178,0.057715,0.000100,10,2,4,0,0
acm_scf,prune,240,950.508,0.419429,0.754322,0.716350,0.792295,28,0.00012049,0,0.112018,0.033178,0.190857,0.894423,0.957095,0.831750,0.841813,0.740117,0.943510,0.012176,0.026695,0.255914,0.054540,0.000100,10,2,4,0,0
acm_scf,prune,250,1158.000,0.402499,0.760819,0.736767,0.784870,30,0.00007104,0,0.117576,0.033030,0.202122,0.890989,0.958407,0.823571,0.852306,0.761102,0.943510,0.012197,0.027636,0.235034,0.052801,0.000100,13,2,5,0,0
acm_scf,prune,260,1173.911,0.395672,0.765676,0.750358,0.780995,30,0.00014192,0,0.116857,0.032735,0.200980,0.891504,0.959469,0.823538,0.856440,0.774921,0.937959,0.011520,0.027908,0.222219,0.059596,0.000100,13,2,5,0,0
acm_scf,prune,270,1189.659,0.379122,0.773110,0.767748,0.778472,30,0.00020341,0,0.115058,0.027341,0.202776,0.894242,0.966498,0.821987,0.862533,0.788739,0.936327,0.009801,0.028262,0.208169,0.060668,0.000100,13,2,5,0,0
acm_scf,prune,280,1205.341,0.363693,0.780932,0.779267,0.782597,30,0.00018001,0,0.117021,0.025715,0.208327,0.894150,0.968831,0.819468,0.872469,0.799305,0.945633,0.009515,0.029093,0.197249,0.052281,0.000100,13,2,5,0,0
acm_scf,prune,290,1220.915,0.356356,0.784655,0.784743,0.784568,30,0.00017695,0,0.118518,0.026749,0.210286,0.893281,0.967868,0.818694,0.877643,0.805734,0.949551,0.009846,0.029294,0.191122,0.048132,0.000100,13,2,5,0,0
acm_scf,prune,300,1437.969,0.353901,0.785675,0.787617,0.783733,29,0.00012360,0,0.119394,0.026380,0.212408,0.892850,0.968399,0.817301,0.879299,0.808394,0.950204,0.009690,0.029753,0.188308,0.047047,0.000100,13,2,6,0,0
acm_scf,prune,310,1453.153,0.354571,0.786479,0.788486,0.784472,29,0.00008996,0,0.119709,0.028153,0.211265,0.892271,0.966438,0.818105,0.880445,0.810685,0.950204,0.010470,0.029666,0.186531,0.046822,0.000100,13,2,6,0,0
acm_scf,prune,320,1468.376,0.347546,0.789073,0.790500,0.787646,29,0.00010631,0,0.119987,0.026749,0.213224,0.892833,0.968094,0.817572,0.883619,0.811646,0.955592,0.009980,0.029563,0.185380,0.042530,0.000100,13,2,6,0,0
acm_scf,prune,330,1483.575,0.348932,0.788493,0.791502,0.785483,29,0.00013297,0,0.120096,0.027784,0.212408,0.892304,0.966974,0.817634,0.882910,0.813493,0.952327,0.010284,0.029529,0.183295,0.045051,0.000100,13,2,6,0,0
acm_scf,prune,340,1498.868,0.350992,0.787966,0.792043,0.783889,29,0.00014067,0,0.122427,0.030814,0.214041,0.890009,0.963632,0.816387,0.884061,0.816449,0.951673,0.011050,0.029791,0.180585,0.045930,0.000100,13,2,6,0,0
acm_scf,prune,350,1716.334,0.341413,0.791876,0.799441,0.784311,32,0.00017762,0,0.121953,0.030518,0.213388,0.890562,0.964280,0.816844,0.887756,0.823838,0.951673,0.010937,0.029107,0.173286,0.045748,0.000100,16,2,6,0,0
acm_scf,prune,360,1733.070,0.337014,0.794897,0.803783,0.786012,32,0.00016305,0,0.122678,0.031479,0.213878,0.890153,0.963421,0.816886,0.891603,0.829084,0.954122,0.011444,0.029329,0.167781,0.043459,0.000100,16,2,6,0,0
acm_scf,prune,370,1749.829,0.326368,0.800187,0.811776,0.788598,32,0.00007477,0,0.125013,0.032883,0.217143,0.888885,0.962263,0.815508,0.899153,0.838469,0.959837,0.011837,0.029696,0.158568,0.037874,0.000100,16,2,6,0,0
acm_scf,prune,380,1766.523,0.319354,0.804697,0.819376,0.790017,32,0.00005398,0,0.125921,0.035025,0.216816,0.888151,0.960338,0.815965,0.904691,0.848075,0.961306,0.012417,0.030018,0.148992,0.036062,0.000100,16,2,6,0,0
acm_scf,prune,390,1783.381,0.304413,0.813420,0.832320,0.794521,32,0.00003736,0,0.124315,0.032956,0.215673,0.890274,0.963083,0.817466,0.912814,0.859750,0.965878,0.012188,0.030159,0.137331,0.031489,0.000100,16,2,6,0,0
acm_scf,prune,400,2016.364,0.305524,0.811684,0.836443,0.786925,31,0.00002626,0,0.128684,0.033695,0.223673,0.886997,0.962491,0.811502,0.913783,0.864627,0.962939,0.012605,0.030497,0.132757,0.034285,0.000100,16,2,7,0,0
acm_scf,prune,410,2032.600,0.302066,0.815475,0.837805,0.793145,31,0.00000816,0,0.125118,0.035543,0.214694,0.889205,0.960645,0.817766,0.915506,0.867583,0.963429,0.012804,0.030032,0.130452,0.033827,0.000100,16,2,7,0,0
acm_scf,prune,420,2048.852,0.298905,0.816460,0.838454,0.794465,31,0.00000476,0,0.124780,0.034213,0.215347,0.889842,0.962043,0.817641,0.916345,0.867140,0.965551,0.012280,0.030050,0.130582,0.032208,0.000100,16,2,7,0,0
acm_scf,prune,430,2065.221,0.296095,0.817938,0.840331,0.795546,31,0.00000576,0,0.126815,0.036651,0.216980,0.888271,0.959626,0.816917,0.919647,0.871130,0.968163,0.013091,0.030133,0.126850,0.029245,0.000100,16,2,7,0,0
acm_scf,prune,440,2081.295,0.291798,0.820317,0.843094,0.797541,31,0.00000756,0,0.128185,0.034656,0.221714,0.888211,0.961789,0.814633,0.923340,0.872312,0.974367,0.012612,0.030857,0.125701,0.024640,0.000100,16,2,7,0,0
acm_scf,prune,450,2307.322,0.287589,0.821663,0.845940,0.797387,30,0.00000463,0,0.129699,0.034582,0.224816,0.887435,0.961988,0.812882,0.925924,0.875194,0.976653,0.012744,0.031325,0.121912,0.021352,0.000100,16,2,8,0,0
acm_scf,prune,460,2322.906,0.288560,0.820751,0.846801,0.794701,30,0.00000050,0,0.131173,0.036060,0.226286,0.886039,0.960521,0.811557,0.925934,0.877337,0.974531,0.012832,0.031621,0.119722,0.023089,0.000100,16,2,8,0,0
acm_scf,prune,470,2338.641,0.281173,0.825454,0.856196,0.794712,30,0.00000000,0,0.132841,0.036947,0.228735,0.885131,0.960048,0.810214,0.932160,0.887830,0.976490,0.013275,0.032054,0.109862,0.021237,0.000100,16,2,8,0,0
acm_scf,prune,480,2354.218,0.277777,0.826162,0.859147,0.793176,30,0.00000000,0,0.136149,0.037686,0.234612,0.883084,0.959443,0.806725,0.935395,0.891524,0.979265,0.013832,0.032003,0.105970,0.019329,0.000100,16,2,8,0,0
acm_scf,prune,490,2369.745,0.271861,0.830447,0.861479,0.799415,30,0.00000000,0,0.132225,0.037021,0.227429,0.886021,0.960210,0.811833,0.937298,0.893372,0.981224,0.013355,0.031765,0.104023,0.017564,0.000100,16,2,8,0,0
acm_scf,prune,500,2593.588,0.274704,0.829855,0.863542,0.796168,30,0.00000000,0,0.132320,0.037538,0.227102,0.885589,0.959788,0.811390,0.936469,0.895958,0.976980,0.013804,0.031637,0.101707,0.021753,0.000100,16,2,8,0,0
acm_scf,prune,510,2609.296,0.276480,0.828570,0.864096,0.793044,30,0.00000000,0,0.134188,0.038498,0.229878,0.884064,0.958863,0.809266,0.936354,0.897362,0.975347,0.013852,0.032123,0.100565,0.022735,0.000100,16,2,8,0,0
acm_scf,prune,520,2624.871,0.268718,0.834543,0.866044,0.803043,30,0.00000000,0,0.124619,0.036503,0.212735,0.890822,0.960924,0.820721,0.935768,0.897658,0.973878,0.013510,0.029981,0.100083,0.024528,0.000100,16,2,8,0,0
acm_scf,prune,530,2640.584,0.266047,0.835254,0.867790,0.802718,30,0.00000000,0,0.124162,0.035099,0.213224,0.891388,0.962394,0.820382,0.936063,0.898249,0.973878,0.013050,0.030000,0.099645,0.023762,0.000100,16,2,8,0,0
acm_scf,prune,540,2656.267,0.266215,0.835522,0.867009,0.804035,30,0.00000000,0,0.124230,0.034582,0.213878,0.891565,0.962878,0.820252,0.936496,0.896993,0.976000,0.012829,0.030261,0.100854,0.022581,0.000100,16,2,8,0,0
acm_scf,prune,550,2881.275,0.266128,0.833960,0.867570,0.800349,31,0.00000000,0,0.126625,0.035617,0.217633,0.889659,0.961870,0.817447,0.936501,0.898470,0.974531,0.012912,0.030408,0.099201,0.023215,0.000100,17,2,8,0,0
acm_scf,prune,560,2897.582,0.263722,0.836584,0.869919,0.803250,31,0.00000000,0,0.125904,0.036134,0.215673,0.890274,0.961457,0.819091,0.938921,0.901352,0.976490,0.013228,0.030229,0.097248,0.021949,0.000100,17,2,8,0,0
acm_scf,prune,570,2914.146,0.264094,0.835435,0.868593,0.802277,31,0.00001416,1,0.128415,0.038055,0.218776,0.888334,0.959503,0.817165,0.939722,0.901648,0.977796,0.013630,0.030528,0.096748,0.020049,0.000100,17,2,8,0,0
acm_scf,prune,580,2930.699,0.258624,0.836205,0.871476,0.800934,31,0.00001107,1,0.129571,0.035469,0.223673,0.888184,0.962181,0.814187,0.941234,0.902387,0.980082,0.012976,0.030446,0.095746,0.017918,0.000100,17,2,8,0,0
acm_scf,prune,590,2947.305,0.259338,0.838601,0.868500,0.808703,31,0.00000000,1,0.124617,0.037316,0.211918,0.891221,0.960227,0.822216,0.940495,0.900909,0.980082,0.013469,0.029782,0.096890,0.018258,0.000100,17,2,8,0,0
acm_scf,prune,600,3183.197,0.260657,0.836615,0.869971,0.803259,31,0.00000001,1,0.130027,0.037686,0.222367,0.887637,0.959928,0.815347,0.942317,0.902756,0.981878,0.013901,0.030346,0.095464,0.017164,0.000100,17,2,8,0,0
acm_scf,prune,610,3199.691,0.259804,0.839313,0.871420,0.807206,31,0.00001131,1,0.125842,0.037316,0.214367,0.890455,0.960355,0.820555,0.942092,0.903939,0.980245,0.013798,0.030262,0.093747,0.018677,0.000100,17,2,8,0,0
acm_scf,prune,620,3216.100,0.260072,0.838495,0.871936,0.805055,31,0.00000318,1,0.125620,0.036873,0.214367,0.890488,0.960814,0.820162,0.940859,0.904086,0.977633,0.013417,0.030149,0.093963,0.020739,0.000100,17,2,8,0,0
acm_scf,prune,630,3232.437,0.257051,0.839598,0.875900,0.803296,31,0.00000211,1,0.127550,0.036651,0.218449,0.889369,0.961202,0.817537,0.943389,0.908003,0.978776,0.013355,0.030472,0.089916,0.020384,0.000100,17,2,8,0,0
acm_scf,prune,640,3248.659,0.257206,0.839831,0.877602,0.802060,31,0.00000192,1,0.128656,0.036577,0.220735,0.888688,0.961346,0.816029,0.944402,0.909702,0.979102,0.013280,0.031190,0.088473,0.019428,0.000100,17,2,8,0,0
acm_scf,prune,650,3471.319,0.258371,0.839371,0.878928,0.799813,31,0.00000280,0,0.129331,0.036947,0.221714,0.888051,0.961041,0.815062,0.944272,0.911402,0.977143,0.013580,0.031144,0.086636,0.021543,0.000100,17,2,8,0,0
acm_scf,prune,660,3487.736,0.256191,0.839811,0.878820,0.800802,31,0.00000188,1,0.128014,0.034804,0.221224,0.889330,0.963140,0.815521,0.943683,0.909407,0.977959,0.012938,0.030933,0.088802,0.020372,0.000100,17,2,8,0,0
acm_scf,prune,670,3504.079,0.254529,0.841070,0.882114,0.800027,31,0.00000089,1,0.129169,0.036134,0.222204,0.888400,0.961969,0.814830,0.945892,0.913988,0.977796,0.013442,0.031087,0.084118,0.020578,0.000100,17,2,8,0,0
acm_scf,prune,680,3520.362,0.253917,0.841828,0.881834,0.801821,31,0.00000348,0,0.129288,0.039311,0.219265,0.887838,0.958871,0.816805,0.947067,0.916500,0.977633,0.014138,0.030725,0.081505,0.021171,0.000100,17,2,8,0,0
acm_scf,prune,690,3536.460,0.250937,0.843762,0.882303,0.805221,31,0.00000054,0,0.129008,0.038425,0.219592,0.888502,0.959749,0.817255,0.949123,0.916205,0.982041,0.014165,0.030740,0.082141,0.017056,0.000100,17,2,8,0,0
acm_scf,prune,700,3767.467,0.245057,0.848236,0.883483,0.812988,31,0.00000084,0,0.125275,0.038794,0.211755,0.891262,0.959444,0.823080,0.951450,0.917757,0.985143,0.014521,0.029903,0.080342,0.014250,0.000100,17,2,8,0,0
acm_scf,prune,710,3784.003,0.240980,0.849685,0.886541,0.812829,31,0.00000251,1,0.123887,0.038794,0.208980,0.892106,0.959578,0.824634,0.951814,0.920934,0.982694,0.014476,0.029256,0.076884,0.015939,0.000100,17,2,8,0,0
acm_scf,prune,720,3800.543,0.242657,0.847785,0.887753,0.807816,31,0.00000233,1,0.128231,0.040789,0.215673,0.888825,0.957721,0.819929,0.953002,0.923964,0.982041,0.014749,0.030082,0.073971,0.016320,0.000100,17,2,8,0,0
acm_scf,prune,730,3816.777,0.238007,0.848569,0.891011,0.806128,31,0.00000149,0,0.130480,0.040715,0.220245,0.887499,0.957939,0.817060,0.955481,0.927289,0.983673,0.014566,0.030285,0.070509,0.014539,0.000100,17,2,8,0,0
acm_scf,prune,740,3832.818,0.242516,0.847785,0.891278,0.804292,31,0.00000000,0,0.129188,0.041233,0.217143,0.887957,0.957460,0.818455,0.953483,0.928028,0.978939,0.014965,0.030267,0.069212,0.019320,0.000100,17,2,8,0,0
acm_scf,prune,750,4066.734,0.232773,0.853640,0.895896,0.811385,31,0.00000251,0,0.122265,0.037021,0.207510,0.893450,0.961680,0.825220,0.954409,0.929062,0.979755,0.013791,0.029108,0.068713,0.018328,0.000100,17,2,8,0,0
acm_scf,prune,760,4083.082,0.234644,0.851703,0.894643,0.808762,31,0.00004417,0,0.126789,0.038720,0.214857,0.890281,0.960000,0.820562,0.955907,0.929284,0.982531,0.014131,0.029967,0.068269,0.016020,0.000100,17,2,8,0,0
acm_scf,prune,770,4099.279,0.233269,0.853903,0.895668,0.812138,31,0.00006304,0,0.126822,0.040420,0.213224,0.890262,0.958428,0.822095,0.958588,0.931870,0.985306,0.014747,0.030059,0.066067,0.013847,0.000100,17,2,8,0,0
acm_scf,prune,780,4115.437,0.228501,0.852070,0.901938,0.802202,31,0.00010614,0,0.133783,0.036873,0.230694,0.886329,0.962068,0.810590,0.961230,0.935195,0.987265,0.013598,0.031144,0.062588,0.012251,0.000100,17,2,8,0,0
acm_scf,prune,790,4131.823,0.227039,0.855099,0.901083,0.809115,31,0.00008239,1,0.127416,0.036873,0.217959,0.890459,0.962033,0.818885,0.959889,0.934309,0.985469,0.013564,0.030313,0.063523,0.013170,0.000100,17,2,8,0,0
acm_scf,prune,800,4356.304,0.220048,0.859329,0.903249,0.815410,31,0.00003159,1,0.122418,0.034878,0.209959,0.894281,0.964030,0.824533,0.960682,0.934752,0.986612,0.012938,0.029276,0.062701,0.012915,0.000100,17,2,8,0,0
acm_scf,prune,810,4372.715,0.217323,0.861086,0.902324,0.819848,31,0.00017209,1,0.119521,0.036429,0.202612,0.896020,0.962507,0.829533,0.960577,0.935195,0.985959,0.013167,0.028228,0.062640,0.013118,0.000100,17,2,8,0,0
acm_scf,prune,820,4389.308,0.215835,0.863396,0.901310,0.825481,31,0.00012900,1,0.116676,0.037760,0.195592,0.897898,0.961197,0.834599,0.961141,0.935343,0.986939,0.013598,0.027484,0.062471,0.012916,0.000100,17,2,8,0,0
acm_scf,prune,830,4405.823,0.212931,0.864419,0.902152,0.826687,31,0.00008204,1,0.116151,0.036873,0.195429,0.898486,0.962076,0.834897,0.961831,0.935417,0.988245,0.013526,0.027060,0.062239,0.011942,0.000100,17,2,8,0,0
acm_scf,prune,840,4422.397,0.206334,0.865925,0.904871,0.826978,31,0.00008294,1,0.114634,0.034656,0.194612,0.899866,0.964305,0.835427,0.962074,0.936230,0.987918,0.012563,0.026320,0.061561,0.012106,0.000100,17,2,8,0,0
acm_scf,prune,850,4659.254,0.210730,0.864904,0.902827,0.826981,31,0.00005404,1,0.112904,0.034952,0.190857,0.900802,0.963943,0.837661,0.959599,0.934383,0.984816,0.012467,0.026916,0.063230,0.013340,0.000100,17,2,8,0,0
acm_scf,prune,860,4675.850,0.206907,0.867208,0.904195,0.830220,31,0.00004133,1,0.112981,0.037390,0.188571,0.900614,0.961667,0.839561,0.962389,0.938003,0.986776,0.013195,0.026192,0.060296,0.012021,0.000100,17,2,8,0,0
acm_scf,prune,870,4692.495,0.209137,0.865697,0.904327,0.827068,31,0.00004296,1,0.114619,0.034952,0.194286,0.899818,0.964000,0.835635,0.961845,0.935934,0.987755,0.012669,0.027029,0.061920,0.011629,0.000100,17,2,8,0,0
acm_scf,prune,880,4709.243,0.210563,0.864899,0.901149,0.828650,31,0.00005805,1,0.113171,0.035321,0.191020,0.900680,0.963523,0.837838,0.959959,0.932979,0.986939,0.012602,0.026696,0.065070,0.011653,0.000100,17,2,8,0,0
acm_scf,prune,890,4725.806,0.206776,0.866976,0.903887,0.830064,31,0.00005001,1,0.112216,0.034065,0.190367,0.901648,0.964836,0.838459,0.961380,0.934678,0.988082,0.012381,0.026626,0.063203,0.010482,0.000100,17,2,8,0,0
acm_scf,prune,900,4960.880,0.205508,0.868451,0.905198,0.831704,31,0.00008293,1,0.109509,0.033548,0.185469,0.903528,0.965383,0.841672,0.960762,0.935565,0.985959,0.012323,0.026029,0.062473,0.012396,0.000100,17,2,8,0,0
acm_scf,prune,910,4977.232,0.204859,0.868430,0.905551,0.831309,31,0.00012453,1,0.108490,0.034287,0.182694,0.903992,0.964685,0.843299,0.959892,0.936599,0.983184,0.012550,0.025460,0.061798,0.013690,0.000100,17,2,8,0,0
acm_scf,prune,920,4993.791,0.203854,0.868310,0.902664,0.833956,31,0.00010374,1,0.105809,0.031700,0.179918,0.906251,0.967081,0.845420,0.957640,0.931279,0.984000,0.011572,0.025023,0.066723,0.013319,0.000100,17,2,8,0,0
acm_scf,prune,930,5010.118,0.201411,0.870425,0.902605,0.838245,31,0.00009888,0,0.106253,0.032587,0.179918,0.906153,0.966217,0.846089,0.960540,0.932018,0.989061,0.011551,0.025141,0.066010,0.010936,0.000100,17,2,8,0,0
acm_scf,prune,940,5026.253,0.205531,0.867648,0.904073,0.831222,31,0.00009012,0,0.109088,0.032218,0.185959,0.903963,0.966628,0.841299,0.959498,0.933200,0.985796,0.011617,0.026232,0.064877,0.012026,0.000100,17,2,8,0,0
acm_scf,prune,950,5251.793,0.202489,0.869417,0.906465,0.832369,31,0.00007512,0,0.109316,0.033326,0.185306,0.903761,0.965643,0.841878,0.961643,0.936673,0.986612,0.012178,0.025781,0.061739,0.011356,0.000100,17,2,8,0,0
acm_scf,prune,960,5267.963,0.202875,0.869551,0.907329,0.831773,31,0.00008596,0,0.109680,0.033400,0.185959,0.903495,0.965604,0.841387,0.962041,0.937634,0.986449,0.012226,0.026041,0.060806,0.011473,0.000100,17,2,8,0,0
acm_scf,prune,970,5284.115,0.202922,0.869556,0.907633,0.831479,31,0.00008097,0,0.110365,0.031996,0.188735,0.903318,0.966969,0.839667,0.962541,0.936673,0.988408,0.011852,0.026494,0.061431,0.010590,0.000100,17,2,8,0,0
acm_scf,prune,980,5300.628,0.202253,0.868626,0.906371,0.830881,31,0.00008612,1,0.108678,0.029927,0.187429,0.904646,0.968937,0.840356,0.960054,0.933496,0.986612,0.010770,0.026452,0.064105,0.011667,0.000100,17,2,8,0,0
acm_scf,prune,990,5317.282,0.207165,0.863679,0.906212,0.821147,31,0.00009207,1,0.116318,0.031331,0.201306,0.899040,0.967564,0.830515,0.960527,0.934604,0.986449,0.011363,0.027614,0.063148,0.011055,0.000100,17,2,8,0,0
acm_scf,prune,1000,5550.694,0.204110,0.867657,0.906860,0.828454,31,0.00007362,1,0.111624,0.029779,0.193469,0.902723,0.969097,0.836349,0.961300,0.933865,0.988735,0.011041,0.026986,0.063982,0.010640,0.000100,17,2,8,0,0
acm_scf,prune,1010,5567.035,0.201431,0.868924,0.903642,0.834207,31,0.00007341,1,0.107170,0.030666,0.183673,0.905643,0.968124,0.843162,0.959391,0.931353,0.987429,0.010750,0.025713,0.066296,0.011608,0.000100,17,2,8,0,0
acm_scf,prune,1020,5583.337,0.202074,0.869348,0.906898,0.831798,31,0.00008166,1,0.108256,0.029410,0.187102,0.905080,0.969460,0.840701,0.960499,0.933570,0.987429,0.010804,0.026365,0.063971,0.011814,0.000100,17,2,8,0,0
acm_scf,prune,1030,5599.644,0.203216,0.868115,0.911079,0.825150,31,0.00007717,1,0.113753,0.030444,0.197061,0.901134,0.968590,0.833678,0.963286,0.938816,0.987755,0.011239,0.027711,0.059302,0.010634,0.000100,17,2,8,0,0
acm_scf,prune,1040,5616.188,0.201924,0.868476,0.911440,0.825512,31,0.00010592,1,0.113183,0.029631,0.196735,0.901661,0.969392,0.833931,0.963183,0.938447,0.987918,0.010960,0.027576,0.059166,0.010967,0.000100,17,2,8,0,0
acm_scf,prune,1050,5852.754,0.198673,0.869801,0.911916,0.827685,31,0.00008858,1,0.113312,0.031848,0.194776,0.901355,0.967262,0.835448,0.964929,0.940959,0.988898,0.011241,0.027099,0.056806,0.010516,0.000100,17,2,8,0,0
acm_scf,prune,1060,5869.324,0.199496,0.869325,0.914374,0.824276,31,0.00010992,1,0.113506,0.031257,0.195755,0.901108,0.967916,0.834301,0.964293,0.942954,0.985633,0.011370,0.027301,0.054927,0.011968,0.000100,17,2,8,0,0
acm_scf,prune,1070,5885.807,0.195880,0.870838,0.913230,0.828446,31,0.00011167,1,0.111827,0.032144,0.191510,0.902268,0.967023,0.837512,0.964843,0.942585,0.987102,0.011428,0.026213,0.055326,0.011665,0.000100,17,2,8,0,0
acm_scf,prune,1080,5902.270,0.199806,0.869799,0.911003,0.828595,31,0.00014319,1,0.110809,0.032883,0.188735,0.902716,0.966234,0.839199,0.962969,0.940959,0.984980,0.011458,0.026377,0.057222,0.013334,0.000100,17,2,8,0,0
acm_scf,prune,1090,5918.751,0.196889,0.871597,0.915673,0.827520,31,0.00012691,1,0.111189,0.028745,0.193633,0.903243,0.970389,0.836097,0.964874,0.941994,0.987755,0.010848,0.026996,0.055820,0.011468,0.000100,17,2,8,0,0
acm_scf,prune,1100,6147.729,0.194271,0.872447,0.919687,0.825208,31,0.00012094,1,0.111651,0.027710,0.195592,0.903035,0.971518,0.834553,0.965892,0.945171,0.986612,0.010514,0.027265,0.052981,0.011666,0.000100,17,2,8,0,0
acm_scf,prune,1110,6164.122,0.194694,0.870586,0.916081,0.825092,31,0.00014088,1,0.114377,0.030222,0.198531,0.900888,0.968970,0.832806,0.966333,0.943767,0.988898,0.010764,0.027213,0.054021,0.010287,0.000100,17,2,8,0,0
acm_scf,prune,1120,6180.413,0.197995,0.870214,0.913692,0.826736,31,0.00020787,1,0.111407,0.030814,0.192000,0.902629,0.968320,0.836938,0.963658,0.941846,0.985469,0.011142,0.026814,0.055754,0.012256,0.000100,17,2,8,0,0
acm_scf,prune,1130,6196.821,0.196483,0.871166,0.915429,0.826902,31,0.00018965,1,0.111646,0.030149,0.193143,0.902653,0.969021,0.836286,0.964820,0.943028,0.986612,0.010909,0.027092,0.054461,0.011705,0.000100,17,2,8,0,0
acm_scf,prune,1140,6213.243,0.197564,0.871234,0.916643,0.825826,31,0.00016082,1,0.113078,0.030075,0.196082,0.901750,0.969132,0.834368,0.965983,0.944210,0.987755,0.011133,0.027443,0.053817,0.011269,0.000100,17,2,8,0,0
acm_scf,prune,1150,6440.369,0.196106,0.871502,0.917504,0.825501,31,0.00013059,1,0.113859,0.029188,0.198531,0.901446,0.970017,0.832875,0.966836,0.944284,0.989388,0.010874,0.027648,0.053453,0.010252,0.000100,17,2,8,0,0
acm_scf,prune,1160,6456.674,0.198071,0.868395,0.917354,0.819437,31,0.00011974,1,0.118546,0.030887,0.206204,0.897880,0.968372,0.827388,0.967048,0.945688,0.988408,0.011158,0.028116,0.052206,0.010684,0.000100,17,2,8,0,0
acm_scf,prune,1170,6473.127,0.195889,0.871440,0.914390,0.828489,31,0.00008790,1,0.110725,0.030592,0.190857,0.903233,0.968558,0.837909,0.964488,0.942363,0.986612,0.011155,0.026571,0.055208,0.011473,0.000100,17,2,8,0,0
acm_scf,prune,1180,6489.437,0.193621,0.871483,0.916379,0.826586,31,0.00013310,1,0.111196,0.028597,0.193796,0.903200,0.970555,0.835846,0.964680,0.942585,0.986776,0.010211,0.026893,0.055094,0.011519,0.000100,17,2,8,0,0
acm_scf,prune,1190,6505.794,0.193240,0.872831,0.919105,0.826557,31,0.00012593,1,0.110145,0.027636,0.192653,0.904046,0.971572,0.836520,0.965151,0.944506,0.985796,0.010128,0.027061,0.053583,0.012275,0.000100,17,2,8,0,0
acm_scf,prune,1200,6732.713,0.192232,0.873372,0.917710,0.829034,31,0.00014400,1,0.108572,0.027267,0.189878,0.905237,0.971890,0.838584,0.964591,0.942733,0.986449,0.010078,0.026620,0.054989,0.011699,0.000100,17,2,8,0,0
acm_scf,prune,1210,6748.952,0.192968,0.873455,0.917765,0.829144,31,0.00008952,1,0.107446,0.026158,0.188735,0.906132,0.972975,0.839288,0.963702,0.941772,0.985633,0.009991,0.026421,0.055989,0.012704,0.000100,17,2,8,0,0
acm_scf,prune,1220,6765.234,0.192339,0.873574,0.917956,0.829191,31,0.00008605,1,0.107905,0.026749,0.189061,0.905751,0.972402,0.839100,0.964235,0.942511,0.985959,0.010033,0.026502,0.055383,0.012120,0.000100,17,2,8,0,0
acm_scf,prune,1230,6781.339,0.195016,0.872591,0.914721,0.830462,31,0.00011476,1,0.106506,0.028523,0.184490,0.906322,0.970575,0.842068,0.962242,0.940811,0.983673,0.010568,0.025781,0.057033,0.014167,0.000100,17,2,8,0,0
acm_scf,prune,1240,6797.655,0.191499,0.874212,0.916631,0.831794,31,0.00009525,1,0.105715,0.027267,0.184163,0.907169,0.971858,0.842480,0.963302,0.941624,0.984980,0.010137,0.025715,0.056072,0.013222,0.000100,17,2,8,0,0
acm_scf,prune,1250,7031.589,0.194758,0.871587,0.913009,0.830165,31,0.00008067,1,0.106988,0.028671,0.185306,0.905951,0.970377,0.841525,0.961593,0.939186,0.984000,0.010116,0.025895,0.058262,0.014030,0.000100,17,2,8,0,0
acm_scf,prune,1260,7048.024,0.193073,0.873884,0.914066,0.833702,31,0.00009538,1,0.104312,0.027562,0.181061,0.908085,0.971492,0.844678,0.961956,0.939260,0.984653,0.010246,0.025389,0.058280,0.013631,0.000100,17,2,8,0,0
acm_scf,prune,1270,7064.344,0.195568,0.871863,0.910508,0.833218,31,0.00009500,1,0.105185,0.028818,0.181551,0.907228,0.970154,0.844301,0.960619,0.936747,0.984490,0.010188,0.025562,0.060705,0.013519,0.000100,17,2,8,0,0
acm_scf,prune,1280,7080.829,0.196504,0.871065,0.910200,0.831930,31,0.00010148,1,0.106297,0.029410,0.183184,0.906333,0.969567,0.843099,0.960648,0.936969,0.984327,0.010433,0.025654,0.060189,0.013721,0.000100,17,2,8,0,0
acm_scf,prune,1290,7097.097,0.194470,0.872972,0.913003,0.832942,31,0.00010412,1,0.104224,0.026897,0.181551,0.908185,0.972112,0.844258,0.960862,0.937560,0.984163,0.010076,0.025440,0.060158,0.013774,0.000100,17,2,8,0,0
acm_scf,prune,1300,7324.201,0.195017,0.872459,0.912665,0.832252,31,0.00013518,1,0.105268,0.028006,0.182531,0.907282,0.971016,0.843549,0.961194,0.938225,0.984163,0.010326,0.025547,0.059400,0.013686,0.000100,17,2,8,0,0
acm_scf,prune,1310,7340.529,0.193977,0.873904,0.912469,0.835340,31,0.00014842,1,0.104073,0.028227,0.179918,0.908215,0.970793,0.845637,0.961929,0.938225,0.985633,0.010411,0.025182,0.059506,0.013536,0.000100,17,2,8,0,0
acm_scf,prune,1320,7356.744,0.193252,0.873859,0.911727,0.835991,31,0.00016118,1,0.103632,0.029631,0.177633,0.908275,0.969401,0.847148,0.961616,0.938742,0.984490,0.010594,0.024840,0.059052,0.013812,0.000100,17,2,8,0,0
acm_scf,prune,1330,7372.971,0.190763,0.874452,0.912591,0.836313,31,0.00013950,1,0.103389,0.028818,0.177959,0.908608,0.970220,0.846996,0.962016,0.938890,0.985143,0.010268,0.024589,0.058937,0.013485,0.000100,17,2,8,0,0
acm_scf,prune,1340,7389.299,0.190620,0.874931,0.914269,0.835594,31,0.00015212,1,0.103585,0.027414,0.179755,0.908710,0.971643,0.845777,0.962565,0.939333,0.985796,0.010148,0.024777,0.058473,0.013507,0.000100,17,2,8,0,0
acm_scf,prune,1350,7609.171,0.190609,0.874923,0.913807,0.836038,31,0.00014159,1,0.102012,0.027045,0.176980,0.909775,0.971991,0.847560,0.961260,0.938521,0.984000,0.010051,0.024804,0.058759,0.013498,0.000100,17,2,8,0,0
acm_scf,prune,1360,7625.535,0.189329,0.873697,0.914407,0.832988,31,0.00012071,1,0.104119,0.027341,0.180898,0.908192,0.971719,0.844666,0.961540,0.939407,0.983673,0.010112,0.024475,0.058061,0.013863,0.000100,17,2,8,0,0
acm_scf,prune,1370,7641.797,0.189201,0.876347,0.916451,0.836243,31,0.00013425,1,0.103523,0.028597,0.178449,0.908620,0.970557,0.846683,0.964064,0.942659,0.985469,0.010451,0.025096,0.055106,0.012828,0.000100,17,2,8,0,0
acm_scf,prune,1380,7658.190,0.190169,0.875877,0.918789,0.832966,31,0.00011775,1,0.105960,0.027267,0.184653,0.907146,0.971922,0.842369,0.965308,0.943841,0.986776,0.010326,0.025837,0.053900,0.012655,0.000100,17,2,8,0,0
acm_scf,prune,1390,7674.586,0.188277,0.876829,0.918732,0.834925,31,0.00012832,1,0.104147,0.028375,0.179918,0.908207,0.970843,0.845572,0.964972,0.944802,0.985143,0.010482,0.025054,0.053377,0.013575,0.000100,17,2,8,0,0
acm_scf,prune,1400,7899.479,0.185738,0.877442,0.920538,0.834347,31,0.00013901,1,0.104638,0.027562,0.181714,0.908033,0.971687,0.844379,0.965935,0.945910,0.985959,0.010130,0.025162,0.051964,0.013137,0.000100,17,2,8,0,0
acm_scf,prune,1410,7915.682,0.187928,0.876165,0.918882,0.833448,31,0.00013928,1,0.105816,0.028449,0.183184,0.907058,0.970776,0.843340,0.965573,0.945023,0.986122,0.010529,0.025463,0.052217,0.012518,0.000100,17,2,8,0,0
acm_scf,prune,1420,7931.890,0.188033,0.876318,0.919899,0.832736,31,0.00011120,1,0.105865,0.026749,0.184980,0.907297,0.972459,0.842135,0.965641,0.944506,0.986776,0.010094,0.025812,0.052955,0.012259,0.000100,17,2,8,0,0
acm_scf,prune,1430,7948.089,0.186507,0.877715,0.919212,0.836218,31,0.00012940,1,0.103672,0.028080,0.179265,0.908660,0.971144,0.846175,0.965573,0.945023,0.986122,0.010414,0.024937,0.052884,0.012839,0.000100,17,2,8,0,0
acm_scf,prune,1440,7964.432,0.185067,0.878739,0.921445,0.836034,31,0.00013011,1,0.103066,0.027193,0.178939,0.909210,0.972073,0.846348,0.966067,0.946501,0.985633,0.010239,0.024962,0.051590,0.013135,0.000100,17,2,8,0,0
acm_scf,prune,1450,8184.463,0.187993,0.876749,0.918828,0.834671,31,0.00010754,1,0.104376,0.028671,0.180082,0.907995,0.970559,0.845432,0.965075,0.945171,0.984980,0.010601,0.025019,0.052737,0.013578,0.000100,17,2,8,0,0
acm_scf,prune,1460,8200.736,0.185167,0.877768,0.919090,0.836447,31,0.00009236,1,0.103223,0.026528,0.179918,0.909231,0.972652,0.845809,0.965205,0.943472,0.986939,0.009925,0.024989,0.054138,0.011875,0.000100,17,2,8,0,0
acm_scf,prune,1470,8216.966,0.190905,0.875368,0.916481,0.834254,31,0.00010904,1,0.105504,0.028966,0.182041,0.907182,0.970199,0.844165,0.964575,0.943028,0.986122,0.010674,0.025452,0.054851,0.012674,0.000100,17,2,8,0,0
acm_scf,prune,1480,8233.213,0.190238,0.873450,0.916906,0.829995,31,0.00009748,1,0.108942,0.028006,0.189878,0.904943,0.971146,0.838741,0.965088,0.942585,0.987592,0.010399,0.025766,0.055453,0.011188,0.000100,17,2,8,0,0
acm_scf,prune,1490,8249.582,0.187098,0.877416,0.916391,0.838441,31,0.00010491,1,0.102582,0.027858,0.177306,0.909501,0.971274,0.847729,0.964511,0.941920,0.987102,0.010145,0.024925,0.055640,0.011887,0.000100,17,2,8,0,0
acm_scf,prune,1500,8484.133,0.186432,0.877037,0.918621,0.835454,31,0.00008318,1,0.103853,0.026971,0.180735,0.908679,0.972205,0.845153,0.964923,0.943398,0.986449,0.010090,0.024860,0.054570,0.012712,0.000100,17,2,8,0,0
acm_scf,prune,1510,8500.519,0.185324,0.878624,0.917932,0.839316,31,0.00011111,1,0.100002,0.026454,0.173551,0.911444,0.972691,0.850197,0.963597,0.942215,0.984980,0.009928,0.024285,0.055579,0.013396,0.000100,17,2,8,0,0
acm_scf,prune,1520,8516.718,0.190277,0.873728,0.914399,0.833057,31,0.00010057,1,0.106157,0.028966,0.183347,0.906656,0.970133,0.843178,0.963341,0.940885,0.985796,0.010555,0.024743,0.057215,0.012931,0.000100,17,2,8,0,0
acm_scf,prune,1530,8532.845,0.189822,0.876798,0.913824,0.839772,31,0.00008702,1,0.101912,0.028966,0.174857,0.909783,0.970115,0.849452,0.963453,0.940294,0.986612,0.010838,0.024379,0.057148,0.012830,0.000100,17,2,8,0,0
acm_scf,prune,1540,8549.076,0.185477,0.879223,0.916847,0.841599,31,0.00009208,1,0.099149,0.026380,0.171918,0.912148,0.972731,0.851565,0.963659,0.941033,0.986286,0.009895,0.024244,0.056920,0.012541,0.000100,17,2,8,0,0
acm_scf,prune,1550,8774.287,0.188536,0.877275,0.915666,0.838884,31,0.00007429,1,0.102137,0.027784,0.176490,0.909813,0.971324,0.848302,0.964023,0.941107,0.986939,0.010258,0.024796,0.057084,0.012129,0.000100,17,2,8,0,0
acm_scf,prune,1560,8790.490,0.188583,0.876927,0.914889,0.838965,31,0.00013013,1,0.101430,0.028818,0.174041,0.910065,0.970293,0.849838,0.963117,0.941255,0.984980,0.010412,0.024358,0.056976,0.013378,0.000100,17,2,8,0,0
acm_scf,prune,1570,8806.682,0.189894,0.876906,0.914788,0.839023,31,0.00013120,1,0.102913,0.029336,0.176490,0.909055,0.969787,0.848323,0.964363,0.941624,0.987102,0.010643,0.024650,0.056988,0.012730,0.000100,17,2,8,0,0
acm_scf,prune,1580,8822.645,0.186652,0.878915,0.918991,0.838840,31,0.00012697,0,0.102084,0.028006,0.176163,0.909853,0.971209,0.848498,0.965670,0.944728,0.986612,0.010559,0.024639,0.053577,0.012926,0.000100,17,2,8,0,0
acm_scf,prune,1590,8838.755,0.186436,0.878394,0.919043,0.837744,31,0.00014518,1,0.103478,0.028671,0.178286,0.908791,0.970566,0.847016,0.966247,0.945393,0.987102,0.010561,0.024851,0.053079,0.012311,0.000100,17,2,8,0,0
acm_scf,prune,1600,9072.022,0.184500,0.880401,0.919276,0.841526,31,0.00012032,1,0.100650,0.028892,0.172408,0.910803,0.970359,0.851247,0.966224,0.945836,0.986612,0.010424,0.024458,0.052617,0.012761,0.000100,17,2,8,0,0
acm_scf,prune,1610,9088.184,0.185586,0.878660,0.917409,0.839911,31,0.00010156,1,0.101875,0.028892,0.174857,0.909886,0.970300,0.849473,0.965345,0.943915,0.986776,0.010370,0.024500,0.054236,0.012412,0.000100,17,2,8,0,0
acm_scf,prune,1620,9104.439,0.188349,0.878007,0.915197,0.840817,31,0.00007946,1,0.102590,0.030814,0.174367,0.909143,0.968371,0.849916,0.965413,0.943398,0.987429,0.011024,0.024503,0.054857,0.012252,0.000100,17,2,8,0,0
acm_scf,prune,1630,9120.572,0.187241,0.878751,0.915132,0.842369,31,0.00012104,1,0.099422,0.027414,0.171429,0.911828,0.971669,0.851988,0.963498,0.940220,0.986776,0.010085,0.024205,0.058387,0.012405,0.000100,17,2,8,0,0
acm_scf,prune,1640,9136.771,0.187542,0.876507,0.914282,0.838732,31,0.00013255,1,0.102258,0.030149,0.174367,0.909291,0.968983,0.849599,0.963413,0.941846,0.984980,0.010505,0.024216,0.057026,0.012367,0.000100,17,2,8,0,0
acm_scf,prune,1650,9361.850,0.185647,0.877866,0.917170,0.838562,31,0.00008172,1,0.101937,0.027710,0.176163,0.909948,0.971442,0.848455,0.964435,0.942585,0.986286,0.010180,0.024538,0.055705,0.011632,0.000100,17,2,8,0,0
acm_scf,prune,1660,9378.062,0.186995,0.878292,0.918040,0.838544,31,0.00005938,1,0.100959,0.026897,0.175020,0.910712,0.972260,0.849163,0.964019,0.942733,0.985306,0.009906,0.024895,0.055348,0.013176,0.000100,17,2,8,0,0
acm_scf,prune,1670,9394.390,0.186477,0.878057,0.917607,0.838508,31,0.00016068,1,0.100259,0.027784,0.172735,0.910984,0.971383,0.850586,0.963224,0.943102,0.983347,0.010351,0.024051,0.054533,0.014930,0.000100,17,2,8,0,0
acm_scf,prune,1680,9410.575,0.187103,0.877596,0.918444,0.836749,31,0.00008166,1,0.104182,0.029262,0.179102,0.908167,0.969975,0.846359,0.965966,0.945319,0.986612,0.010677,0.025071,0.052195,0.012641,0.000100,17,2,8,0,0
acm_scf,prune,1690,9426.741,0.185972,0.877564,0.919991,0.835136,31,0.00010864,1,0.102701,0.027932,0.177469,0.909214,0.971311,0.847117,0.964518,0.945688,0.983347,0.010459,0.024772,0.051770,0.013856,0.000100,17,2,8,0,0
acm_scf,prune,1700,9651.113,0.190691,0.871536,0.918738,0.824334,31,0.00008179,1,0.111367,0.028449,0.194286,0.902976,0.970771,0.835180,0.964683,0.944875,0.984490,0.010607,0.025976,0.052299,0.013182,0.000100,17,2,8,0,0
acm_scf,prune,1710,9667.205,0.185260,0.878357,0.920331,0.836384,31,0.00008082,1,0.102109,0.026749,0.177469,0.909891,0.972471,0.847310,0.964883,0.944949,0.984816,0.010048,0.025009,0.052285,0.013268,0.000100,17,2,8,0,0
acm_scf,prune,1720,9683.350,0.184312,0.878946,0.922018,0.835875,31,0.00011273,1,0.101534,0.025272,0.177796,0.910496,0.973963,0.847029,0.964904,0.945319,0.984490,0.009529,0.025186,0.052304,0.013540,0.000100,17,2,8,0,0
acm_scf,prune,1730,9699.502,0.184468,0.877399,0.920219,0.834579,31,0.00010331,1,0.102830,0.026232,0.179429,0.909396,0.972973,0.845819,0.964342,0.944358,0.984327,0.009792,0.024783,0.053206,0.013378,0.000100,17,2,8,0,0
acm_scf,prune,1740,9715.764,0.184244,0.877721,0.918319,0.837122,31,0.00009139,1,0.103196,0.028597,0.177796,0.908919,0.970615,0.847222,0.965270,0.944580,0.985959,0.010259,0.024689,0.052584,0.012270,0.000100,17,2,8,0,0
acm_scf,prune,1750,9949.625,0.184481,0.876904,0.917495,0.836313,31,0.00009536,1,0.102170,0.026380,0.177959,0.909873,0.972750,0.846996,0.963420,0.941698,0.985143,0.009642,0.024655,0.055052,0.012663,0.000100,17,2,8,0,0
acm_scf,prune,1760,9965.889,0.187915,0.875698,0.918269,0.833126,31,0.00009962,1,0.104998,0.026158,0.183837,0.907940,0.972989,0.842891,0.964287,0.942289,0.986286,0.009749,0.025682,0.055145,0.011850,0.000100,17,2,8,0,0
acm_scf,prune,1770,9982.109,0.189642,0.875053,0.919801,0.830306,31,0.00008636,1,0.105889,0.025493,0.186286,0.907319,0.973684,0.840953,0.964115,0.943250,0.984980,0.009594,0.026139,0.054493,0.013220,0.000100,17,2,8,0,0
acm_scf,prune,1780,9998.361,0.192023,0.874053,0.913272,0.834834,31,0.00006647,1,0.103330,0.028375,0.178286,0.908619,0.970674,0.846565,0.961430,0.939186,0.983673,0.010238,0.024953,0.058534,0.014011,0.000100,17,2,8,0,0
acm_scf,prune,1790,10014.645,0.191927,0.874023,0.912733,0.835314,31,0.00006801,1,0.103567,0.025419,0.181714,0.909045,0.973559,0.844531,0.961518,0.935934,0.987102,0.009659,0.025261,0.061773,0.011747,0.000100,17,2,8,0,0
acm_scf,prune,1800,10242.098,0.196080,0.868593,0.911354,0.825831,31,0.00004176,1,0.110139,0.026971,0.193306,0.904000,0.971990,0.836011,0.960702,0.935934,0.985469,0.009883,0.026131,0.061304,0.012478,0.000100,17,2,8,0,0
acm_scf,prune,1810,10258.371,0.198059,0.871744,0.909071,0.834417,31,0.00002512,1,0.104532,0.028818,0.180245,0.907700,0.970108,0.845291,0.960043,0.935269,0.984816,0.010338,0.025416,0.062389,0.014640,0.000100,17,2,8,0,0
acm_scf,prune,1820,10274.568,0.194509,0.872765,0.910256,0.835273,31,0.00006813,1,0.102193,0.025937,0.178449,0.909755,0.972977,0.846532,0.959096,0.933865,0.984327,0.009623,0.024931,0.063393,0.014458,0.000100,17,2,8,0,0
acm_scf,prune,1830,10290.808,0.197824,0.871543,0.908693,0.834394,31,0.00011202,1,0.104339,0.028597,0.180082,0.907851,0.970313,0.845388,0.959666,0.934678,0.984653,0.010496,0.024988,0.062922,0.014860,0.000100,17,2,8,0,0
acm_scf,prune,1840,10307.035,0.196847,0.870108,0.907414,0.832802,31,0.00004747,1,0.104085,0.029557,0.178612,0.907689,0.969332,0.846046,0.957893,0.934235,0.981551,0.010456,0.024252,0.063125,0.016722,0.000100,17,2,8,0,0
acm_scf,prune,1850,10540.706,0.195691,0.872176,0.910048,0.834303,31,0.00004889,1,0.101417,0.024385,0.178449,0.910445,0.974510,0.846381,0.957712,0.932240,0.983184,0.008971,0.024929,0.065518,0.016280,0.000100,17,2,8,0,0
acm_scf,prune,1860,10556.870,0.189879,0.875186,0.914079,0.836293,31,0.00002853,1,0.100120,0.023424,0.176816,0.911636,0.975572,0.847701,0.959827,0.935491,0.984163,0.008691,0.024994,0.061414,0.014802,0.000100,17,2,8,0,0
acm_scf,prune,1870,10573.056,0.187604,0.875818,0.916017,0.835618,31,0.00001904,1,0.101108,0.023276,0.178939,0.911026,0.975769,0.846283,0.961241,0.937338,0.985143,0.008663,0.024937,0.059868,0.014165,0.000100,17,2,8,0,0
acm_scf,prune,1880,10589.235,0.187230,0.875132,0.918032,0.832231,31,0.00001651,1,0.104698,0.024089,0.185306,0.908437,0.975017,0.841856,0.963298,0.940146,0.986449,0.008854,0.025704,0.057680,0.012108,0.000100,17,2,8,0,0
acm_scf,prune,1890,10605.545,0.188194,0.874984,0.916197,0.833771,31,0.00001582,1,0.102146,0.023720,0.180571,0.910162,0.975334,0.844989,0.961128,0.937930,0.984327,0.008897,0.025163,0.059816,0.013037,0.000100,17,2,8,0,0
acm_scf,prune,1900,10815.675,0.186607,0.875862,0.916223,0.835501,30,0.00000000,1,0.103822,0.027562,0.180082,0.908559,0.971557,0.845561,0.963718,0.941476,0.985959,0.009786,0.024872,0.056253,0.012457,0.000100,17,2,9,0,0
acm_scf,prune,1910,10831.608,0.191566,0.870653,0.917977,0.823329,30,0.00000123,1,0.111911,0.024311,0.199510,0.903366,0.974797,0.831935,0.963943,0.940294,0.987592,0.008917,0.026871,0.057584,0.012113,0.000100,17,2,9,0,0
acm_scf,prune,1920,10847.539,0.186716,0.876666,0.919723,0.833609,30,0.00000059,1,0.105363,0.025419,0.185306,0.907915,0.973754,0.842076,0.965592,0.943102,0.988082,0.009283,0.025991,0.054774,0.011592,0.000100,17,2,9,0,0
acm_scf,prune,1930,10863.410,0.189162,0.873291,0.918201,0.828380,30,0.00000141,1,0.109559,0.027119,0.192000,0.904629,0.972049,0.837209,0.965265,0.943102,0.987429,0.009773,0.026013,0.054709,0.012326,0.000100,17,2,9,0,0
acm_scf,prune,1940,10879.255,0.186996,0.875552,0.921203,0.829901,30,0.00000118,1,0.107100,0.024976,0.189224,0.906674,0.974230,0.839117,0.965575,0.944210,0.986939,0.009300,0.026294,0.053601,0.011795,0.000100,17,2,9,0,0
acm_scf,prune,1950,11102.504,0.190467,0.873879,0.920106,0.827652,30,0.00000000,1,0.111031,0.029410,0.192653,0.903293,0.969885,0.836701,0.967134,0.947166,0.987102,0.010427,0.026850,0.050593,0.011932,0.000100,17,2,9,0,0
acm_scf,prune,1960,11118.268,0.185765,0.876430,0.922180,0.830681,30,0.00000108,1,0.108166,0.026454,0.189878,0.905833,0.972813,0.838853,0.967492,0.946575,0.988408,0.009395,0.026518,0.050737,0.012016,0.000100,17,2,9,0,0
acm_scf,prune,1970,11134.136,0.187379,0.874476,0.919482,0.829469,30,0.00000137,1,0.108949,0.027858,0.190041,0.904963,0.971368,0.838558,0.966100,0.945097,0.987102,0.009687,0.026454,0.052441,0.011193,0.000100,17,2,9,0,0
acm_scf,prune,1980,11150.115,0.188312,0.874498,0.921868,0.827128,30,0.00000222,1,0.109007,0.025198,0.192816,0.905274,0.974031,0.836517,0.965855,0.945097,0.986612,0.009108,0.026884,0.052594,0.012672,0.000100,17,2,9,0,0
acm_scf,prune,1990,11165.918,0.189303,0.874043,0.919116,0.828971,30,0.00000192,1,0.108642,0.025937,0.191347,0.905463,0.973231,0.837696,0.965273,0.942954,0.987592,0.009226,0.026628,0.054456,0.012465,0.000100,17,2,9,0,0
acm_scf,prune,2000,11387.936,0.190839,0.873045,0.915342,0.830748,30,0.00000000,1,0.108364,0.027341,0.189388,0.905452,0.971747,0.839157,0.964225,0.940368,0.988082,0.009556,0.026399,0.057116,0.011108,0.000100,17,2,9,0,0
acm_scf,prune,2010,11403.754,0.191343,0.872666,0.916354,0.828978,30,0.00000166,1,0.109474,0.025641,0.193306,0.904987,0.973443,0.836532,0.964538,0.939851,0.989224,0.009276,0.026819,0.057566,0.010655,0.000100,17,2,9,0,0
acm_scf,prune,2020,11419.811,0.191969,0.872814,0.916133,0.829496,30,0.00000093,1,0.108819,0.026454,0.191184,0.905259,0.972638,0.837879,0.964225,0.940368,0.988082,0.009581,0.026651,0.057401,0.010971,0.000100,17,2,9,0,0
acm_scf,base,1,1.531,1.653447,0.192151,0.152158,0.232145,20,0.00000000,0,0.213437,0.094140,0.332735,0.560303,0.638787,0.481820,0.237935,0.166482,0.309388,0.034660,0.046322,0.829360,0.683875,0.000000,0,0,0,0,0
acm_scf,base,10,11.447,1.462660,0.250981,0.189340,0.312621,20,0.00000000,0,0.160207,0.059189,0.261224,0.686807,0.772119,0.601494,0.297416,0.200547,0.394286,0.021648,0.036132,0.795233,0.598823,0.000000,0,0,0,0,0
acm_scf,base,20,22.194,1.321463,0.309645,0.232849,0.386442,20,0.00004685,0,0.138808,0.046922,0.230694,0.755978,0.838587,0.673370,0.359683,0.243774,0.475592,0.017065,0.032206,0.751838,0.519334,0.000000,0,0,0,0,0
acm_scf,base,30,32.758,1.215140,0.359014,0.271557,0.446471,20,0.00007956,0,0.144520,0.044632,0.244408,0.779273,0.864056,0.694490,0.419634,0.283677,0.555592,0.016000,0.033592,0.712153,0.439573,0.000000,0,0,0,0,0
acm_scf,base,40,43.508,1.125070,0.400520,0.296711,0.504330,20,0.00005949,1,0.143448,0.042489,0.244408,0.799471,0.879227,0.719715,0.468455,0.309318,0.627592,0.015351,0.033776,0.686386,0.367138,0.000000,0,0,0,0,0
acm_scf,base,50,54.279,1.064963,0.429984,0.313966,0.546002,20,0.00009458,1,0.145184,0.042858,0.247510,0.808864,0.884255,0.733474,0.504282,0.327422,0.681143,0.015765,0.034122,0.668572,0.315101,0.000000,0,0,0,0,0
acm_scf,base,60,65.114,1.000990,0.457739,0.328880,0.586598,20,0.00009854,1,0.138771,0.039829,0.237714,0.824515,0.895684,0.753346,0.534010,0.341979,0.726041,0.014508,0.032653,0.653628,0.269863,0.000000,0,0,0,0,0
acm_scf,base,70,75.895,0.951463,0.481514,0.347285,0.615742,20,0.00011185,1,0.134935,0.039829,0.230041,0.833847,0.900663,0.767030,0.559253,0.361117,0.757388,0.014265,0.031642,0.634919,0.238547,0.000000,0,0,0,0,0
acm_scf,base,80,86.698,0.898831,0.505113,0.368035,0.642191,20,0.00014070,1,0.131082,0.037021,0.225143,0.844543,0.911578,0.777509,0.584218,0.381660,0.786776,0.013482,0.030517,0.614312,0.208283,0.000000,0,0,0,0,0
acm_scf,base,90,97.602,0.848707,0.530825,0.391881,0.669768,20,0.00020077,1,0.123270,0.035764,0.210776,0.856363,0.919023,0.793704,0.608418,0.405897,0.810939,0.012905,0.029120,0.589732,0.185023,0.000000,0,0,0,0,0
acm_scf,base,100,108.349,0.806840,0.551234,0.415895,0.686573,20,0.00022838,1,0.123914,0.036725,0.211102,0.859518,0.921510,0.797526,0.631339,0.431168,0.831510,0.013176,0.028789,0.564739,0.163712,0.000000,0,0,0,0,0
acm_scf,base,110,119.143,0.759717,0.575267,0.444460,0.706073,20,0.00026528,1,0.122115,0.034434,0.209796,0.866573,0.930323,0.802823,0.656985,0.459765,0.854204,0.012698,0.028870,0.536053,0.141600,0.000000,0,0,0,0,0
acm_scf,base,120,130.038,0.710487,0.600348,0.471278,0.729418,20,0.00028627,1,0.118984,0.034213,0.203755,0.873031,0.934410,0.811651,0.682721,0.487401,0.878041,0.012549,0.028127,0.509140,0.117364,0.000000,0,0,0,0,0
acm_scf,base,130,140.768,0.671388,0.619957,0.495213,0.744701,20,0.00025368,1,0.117923,0.034213,0.201633,0.876746,0.937382,0.816111,0.703506,0.512155,0.894857,0.012150,0.027894,0.483947,0.101666,0.000000,0,0,0,0,0
acm_scf,base,140,151.603,0.641044,0.635047,0.519586,0.750507,20,0.00012747,1,0.121155,0.035617,0.206694,0.876049,0.937919,0.814179,0.721862,0.538092,0.905633,0.012876,0.028086,0.458071,0.090256,0.000000,0,0,0,0,0
acm_scf,base,150,162.408,0.616031,0.650954,0.539434,0.762473,20,0.00003508,1,0.122111,0.039976,0.204245,0.875759,0.933481,0.818036,0.739602,0.560999,0.918204,0.014221,0.028422,0.435235,0.078646,0.000000,0,0,0,0,0
acm_scf,base,160,173.033,0.599326,0.659753,0.551516,0.767990,20,0.00001897,0,0.122688,0.040641,0.204735,0.876341,0.933870,0.818812,0.749577,0.573930,0.925224,0.014594,0.028425,0.422146,0.071681,0.000000,0,0,0,0,0
acm_scf,base,170,183.560,0.589514,0.665378,0.564918,0.765837,20,0.00000530,0,0.127407,0.040937,0.213878,0.873940,0.934915,0.812964,0.758838,0.588044,0.929633,0.014779,0.029761,0.408889,0.067963,0.000000,0,0,0,0,0
acm_scf,base,180,194.260,0.576860,0.672789,0.578327,0.767251,20,0.00000476,0,0.125998,0.040568,0.211429,0.875764,0.936846,0.814682,0.765629,0.601788,0.929469,0.015096,0.029216,0.394432,0.069274,0.000000,0,0,0,0,0
acm_scf,base,190,204.858,0.574602,0.675324,0.583711,0.766937,20,0.00000000,0,0.126142,0.042489,0.209796,0.875159,0.934733,0.815586,0.768175,0.608513,0.927837,0.015710,0.029328,0.387810,0.070486,0.000000,0,0,0,0,0
acm_scf,base,200,215.412,0.566024,0.680109,0.589809,0.770410,20,0.00000000,0,0.130437,0.046996,0.213878,0.871573,0.929278,0.813868,0.776356,0.617528,0.935184,0.016895,0.029845,0.378890,0.063066,0.000000,0,0,0,0,0
acm_scf,base,210,225.984,0.565502,0.681100,0.597754,0.764446,20,0.00000000,0,0.131990,0.046183,0.217796,0.870816,0.931228,0.810404,0.778150,0.625360,0.930939,0.017137,0.030378,0.370944,0.067334,0.000000,0,0,0,0,0
acm_scf,base,220,236.487,0.556778,0.686308,0.603655,0.768961,20,0.00000000,0,0.129568,0.047218,0.211918,0.872614,0.930498,0.814730,0.782038,0.632158,0.931918,0.017449,0.029481,0.364145,0.066776,0.000000,0,0,0,0,0
acm_scf,base,230,246.939,0.550963,0.688661,0.612158,0.765164,20,0.00000000,0,0.131603,0.046553,0.216653,0.871734,0.932258,0.811211,0.785797,0.640656,0.930939,0.017398,0.030115,0.355626,0.066505,0.000000,0,0,0,0,0
acm_scf,base,240,257.483,0.548873,0.691395,0.621320,0.761470,20,0.00000000,0,0.134279,0.051578,0.216980,0.868556,0.926834,0.810278,0.790030,0.653366,0.926694,0.018716,0.030236,0.343441,0.070609,0.000000,0,0,0,0,0
acm_scf,base,250,267.940,0.541062,0.693902,0.626077,0.761726,20,0.00000000,0,0.132235,0.046183,0.218286,0.871853,0.934134,0.809571,0.791496,0.654992,0.928000,0.017372,0.030238,0.341323,0.069414,0.000000,0,0,0,0,0
acm_scf,base,260,278.376,0.534203,0.698372,0.632411,0.764334,20,0.00000000,0,0.129992,0.046922,0.213061,0.873482,0.933820,0.813144,0.794634,0.662085,0.927184,0.017287,0.029861,0.334481,0.070484,0.000000,0,0,0,0,0
acm_scf,base,270,288.838,0.532580,0.698633,0.635478,0.761789,20,0.00000000,0,0.129080,0.046405,0.211755,0.874087,0.934767,0.813408,0.794035,0.664967,0.923102,0.017378,0.029379,0.331542,0.073188,0.000000,0,0,0,0,0
acm_scf,base,280,299.325,0.527545,0.701014,0.638056,0.763971,20,0.00000000,0,0.131541,0.047735,0.215347,0.872543,0.933354,0.811733,0.798502,0.668514,0.928490,0.017595,0.029848,0.327880,0.068509,0.000000,0,0,0,0,0
acm_scf,base,290,309.829,0.520992,0.705212,0.643336,0.767088,20,0.00000000,0,0.130340,0.047292,0.213388,0.873956,0.934413,0.813499,0.802268,0.673760,0.930776,0.017653,0.029854,0.322580,0.066272,0.000000,0,0,0,0,0
acm_scf,base,300,320.436,0.516350,0.707086,0.646943,0.767230,20,0.00000000,0,0.132684,0.047735,0.217633,0.872633,0.934209,0.811056,0.806014,0.677825,0.934204,0.017801,0.030300,0.318857,0.062459,0.000000,0,0,0,0,0
acm_scf,base,310,330.980,0.513523,0.710343,0.652522,0.768165,20,0.00000000,0,0.132594,0.051799,0.213388,0.871767,0.929823,0.813712,0.809202,0.686322,0.932082,0.019150,0.029737,0.310547,0.064487,0.000000,0,0,0,0,0
acm_scf,base,320,341.458,0.511094,0.711320,0.656116,0.766523,20,0.00000000,0,0.132945,0.050543,0.215347,0.871962,0.931682,0.812242,0.810435,0.689278,0.931592,0.018871,0.030006,0.307472,0.064902,0.000000,0,0,0,0,0
acm_scf,base,330,351.937,0.508142,0.713023,0.657093,0.768953,20,0.00000000,0,0.135591,0.052243,0.218939,0.870198,0.929750,0.810647,0.814364,0.691421,0.937306,0.019230,0.030482,0.305256,0.060497,0.000000,0,0,0,0,0
acm_scf,base,340,362.504,0.508834,0.711202,0.657243,0.765161,20,0.00000000,0,0.137872,0.050765,0.224980,0.868980,0.931526,0.806433,0.813957,0.690608,0.937306,0.019060,0.030633,0.305755,0.060845,0.000000,0,0,0,0,0
acm_scf,base,350,373.004,0.509121,0.712838,0.655733,0.769942,20,0.00000000,0,0.136054,0.054312,0.217796,0.869332,0.927163,0.811502,0.814490,0.691347,0.937633,0.019739,0.030303,0.305164,0.060358,0.000000,0,0,0,0,0
acm_scf,base,360,383.532,0.505372,0.715141,0.658696,0.771586,20,0.00000000,0,0.133264,0.050691,0.215837,0.872357,0.931755,0.812960,0.815104,0.692086,0.938122,0.019073,0.030152,0.304567,0.060057,0.000000,0,0,0,0,0
acm_scf,base,370,394.027,0.508426,0.712875,0.659458,0.766293,20,0.00000000,0,0.137461,0.052390,0.222531,0.868932,0.929809,0.808055,0.815412,0.694007,0.936816,0.019053,0.030937,0.303070,0.061889,0.000000,0,0,0,0,0
acm_scf,base,380,404.586,0.502716,0.715945,0.660837,0.771054,20,0.00000000,0,0.135762,0.052095,0.219429,0.870539,0.930295,0.810784,0.817754,0.695263,0.940245,0.019040,0.030648,0.301763,0.058060,0.000000,0,0,0,0,0
acm_scf,base,390,415.172,0.505160,0.715359,0.660711,0.770008,20,0.00000000,0,0.141307,0.054533,0.228082,0.866544,0.927412,0.805675,0.821187,0.696741,0.945633,0.020095,0.031926,0.300195,0.053013,0.000000,0,0,0,0,0
acm_scf,base,400,425.650,0.498339,0.716247,0.662876,0.769619,20,0.00000000,0,0.141045,0.052538,0.229551,0.867374,0.929971,0.804776,0.821994,0.697702,0.946286,0.019193,0.031401,0.298489,0.052846,0.000000,0,0,0,0,0
acm_scf,base,410,436.041,0.502338,0.716230,0.664446,0.768014,20,0.00000000,0,0.140901,0.053721,0.228082,0.867004,0.928739,0.805269,0.821662,0.700140,0.943184,0.019639,0.031846,0.296957,0.055254,0.000000,0,0,0,0,0
acm_scf,base,420,446.542,0.496194,0.717644,0.666597,0.768691,20,0.00000000,0,0.144165,0.054533,0.233796,0.865122,0.928007,0.802237,0.825678,0.702948,0.948408,0.019846,0.031869,0.294253,0.050213,0.000000,0,0,0,0,0
acm_scf,base,430,457.006,0.492283,0.719618,0.669733,0.769504,20,0.00000000,0,0.145661,0.052464,0.238857,0.865184,0.930725,0.799644,0.829088,0.704870,0.953306,0.019470,0.033036,0.291719,0.045242,0.000000,0,0,0,0,0
acm_scf,base,440,467.396,0.492070,0.719877,0.672891,0.766863,20,0.00000000,0,0.149608,0.052686,0.246531,0.862873,0.930770,0.794976,0.832130,0.708343,0.955918,0.019821,0.034188,0.288160,0.042550,0.000000,0,0,0,0,0
acm_scf,base,450,477.825,0.492638,0.718884,0.672938,0.764829,20,0.00000000,0,0.153044,0.056455,0.249633,0.859667,0.926432,0.792903,0.833342,0.710929,0.955755,0.019983,0.034613,0.285778,0.043213,0.000000,0,0,0,0,0
acm_scf,base,460,488.251,0.492077,0.720384,0.677673,0.763096,20,0.00000000,0,0.153494,0.054090,0.252898,0.860213,0.929609,0.790817,0.835205,0.714328,0.956082,0.020133,0.035237,0.282824,0.042447,0.000000,0,0,0,0,0
acm_scf,base,470,498.769,0.489273,0.722039,0.682098,0.761979,20,0.00000000,0,0.154464,0.055051,0.253878,0.859501,0.928939,0.790063,0.837538,0.719648,0.955429,0.020569,0.035195,0.277237,0.043345,0.000000,0,0,0,0,0
acm_scf,base,480,509.379,0.484685,0.724362,0.682187,0.766536,20,0.00000000,0,0.152163,0.055346,0.248980,0.861112,0.928612,0.793612,0.838666,0.719944,0.957388,0.020498,0.034668,0.276957,0.040920,0.000000,0,0,0,0,0
acm_scf,base,490,519.813,0.482032,0.726047,0.679080,0.773015,20,0.00000000,0,0.145762,0.053647,0.237878,0.865577,0.930253,0.800902,0.836204,0.715510,0.956898,0.019885,0.033184,0.281461,0.041856,0.000000,0,0,0,0,0
acm_scf,base,500,530.242,0.478196,0.725218,0.678812,0.771624,20,0.00000000,0,0.148228,0.052538,0.243918,0.864436,0.931503,0.797369,0.837156,0.714476,0.959837,0.019462,0.033088,0.282105,0.039025,0.000000,0,0,0,0,0
acm_scf,base,510,540.726,0.472370,0.729589,0.680872,0.778307,20,0.00000000,0,0.142525,0.050765,0.234286,0.868840,0.933745,0.803935,0.838045,0.715436,0.960653,0.018835,0.032667,0.281116,0.037732,0.000000,0,0,0,0,0
acm_scf,base,520,551.116,0.470859,0.730216,0.682874,0.777558,20,0.00000000,0,0.144189,0.050174,0.238204,0.868135,0.934611,0.801659,0.839956,0.717136,0.962776,0.018803,0.033087,0.279925,0.035690,0.000000,0,0,0,0,0
acm_scf,base,530,561.565,0.472239,0.729630,0.682521,0.776740,20,0.00000000,0,0.146389,0.051799,0.240980,0.866350,0.932700,0.800000,0.840897,0.717875,0.963918,0.019213,0.033378,0.279217,0.035130,0.000000,0,0,0,0,0
acm_scf,base,540,572.139,0.470886,0.730418,0.681374,0.779462,20,0.00000000,0,0.145128,0.051725,0.238531,0.867275,0.932679,0.801871,0.841003,0.716619,0.965388,0.019094,0.033274,0.279979,0.033758,0.000000,0,0,0,0,0
acm_scf,base,550,582.501,0.465974,0.733563,0.683256,0.783870,20,0.00000000,0,0.142012,0.051208,0.232816,0.869651,0.933449,0.805854,0.842306,0.718244,0.966367,0.018911,0.032705,0.278521,0.032762,0.000000,0,0,0,0,0
acm_scf,base,560,592.957,0.462111,0.734699,0.683514,0.785885,20,0.00000000,0,0.141355,0.049730,0.232980,0.870675,0.935183,0.806167,0.843242,0.717505,0.968980,0.018600,0.032353,0.279345,0.030301,0.000000,0,0,0,0,0
acm_scf,base,570,603.439,0.459495,0.736681,0.685524,0.787839,20,0.00000000,0,0.140609,0.051504,0.229714,0.870825,0.933314,0.808337,0.844823,0.720831,0.968816,0.018894,0.032254,0.276217,0.029739,0.000000,0,0,0,0,0
acm_scf,base,580,613.912,0.459867,0.736703,0.685797,0.787609,20,0.00000000,0,0.141320,0.051947,0.230694,0.870293,0.932830,0.807755,0.845364,0.721422,0.969306,0.019178,0.032331,0.275436,0.029489,0.000000,0,0,0,0,0
acm_scf,base,590,624.390,0.460721,0.736150,0.684107,0.788193,20,0.00000000,0,0.140044,0.052169,0.227918,0.870907,0.932421,0.809394,0.843816,0.719796,0.967837,0.019059,0.032023,0.277079,0.030504,0.000000,0,0,0,0,0
acm_scf,base,600,635.008,0.456328,0.738728,0.685939,0.791517,20,0.00000000,0,0.137272,0.050543,0.224000,0.873333,0.934458,0.812209,0.844713,0.720609,0.968816,0.018872,0.031407,0.276189,0.029726,0.000000,0,0,0,0,0
acm_scf,base,610,645.509,0.454015,0.739970,0.688001,0.791939,20,0.00000000,0,0.136982,0.050617,0.223347,0.873605,0.934556,0.812654,0.845821,0.722826,0.968816,0.018733,0.031435,0.274080,0.029711,0.000000,0,0,0,0,0
acm_scf,base,620,656.072,0.449810,0.741726,0.688707,0.794745,20,0.00000000,0,0.133024,0.048252,0.217796,0.876827,0.937350,0.816304,0.844888,0.721939,0.967837,0.017986,0.030616,0.274709,0.030671,0.000000,0,0,0,0,0
acm_scf,base,630,666.602,0.447338,0.742918,0.690768,0.795068,20,0.00000000,0,0.133335,0.048548,0.218122,0.876682,0.937183,0.816181,0.846397,0.724304,0.968490,0.018246,0.030420,0.272589,0.029792,0.000000,0,0,0,0,0
acm_scf,base,640,677.121,0.444767,0.743627,0.692438,0.794817,20,0.00000000,0,0.132155,0.048474,0.215837,0.877420,0.937411,0.817429,0.846185,0.726003,0.966367,0.017902,0.030003,0.270566,0.031999,0.000000,0,0,0,0,0
acm_scf,base,650,687.564,0.440586,0.745770,0.695440,0.796100,20,0.00000000,0,0.130400,0.046922,0.213878,0.879120,0.939455,0.818785,0.847220,0.728072,0.966367,0.017373,0.029810,0.268736,0.032071,0.000000,0,0,0,0,0
acm_scf,base,660,698.113,0.436995,0.748300,0.696248,0.800351,20,0.00000000,0,0.127233,0.045814,0.208653,0.881690,0.940806,0.822574,0.847746,0.728146,0.967347,0.017037,0.029397,0.268832,0.030982,0.000000,0,0,0,0,0
acm_scf,base,670,708.620,0.436186,0.748221,0.696792,0.799649,20,0.00000000,0,0.128339,0.045740,0.210939,0.881031,0.940935,0.821127,0.848495,0.728663,0.968327,0.016979,0.029545,0.268211,0.030342,0.000000,0,0,0,0,0
acm_scf,base,680,719.186,0.433394,0.748419,0.698638,0.798201,20,0.00000000,0,0.131498,0.046996,0.216000,0.878799,0.939630,0.817969,0.851042,0.731471,0.970612,0.017149,0.029974,0.265386,0.027670,0.000000,0,0,0,0,0
acm_scf,base,690,729.719,0.424612,0.750863,0.705346,0.796380,20,0.00000000,0,0.135888,0.045001,0.226776,0.877035,0.942460,0.811610,0.857033,0.737087,0.976980,0.016382,0.031678,0.258649,0.020902,0.000000,0,0,0,0,0
acm_scf,base,700,740.139,0.417829,0.753865,0.709515,0.798214,20,0.00000000,0,0.134732,0.044484,0.224980,0.878161,0.943373,0.812950,0.859437,0.741077,0.977796,0.016120,0.030888,0.255081,0.021144,0.000000,0,0,0,0,0
acm_scf,base,710,750.343,0.413446,0.756000,0.714954,0.797046,20,0.00000000,0,0.134447,0.042119,0.226776,0.879116,0.946494,0.811738,0.861432,0.745068,0.977796,0.015701,0.031192,0.251213,0.020598,0.000000,0,0,0,0,0
acm_scf,base,720,760.835,0.410821,0.758276,0.717166,0.799385,20,0.00000000,0,0.131207,0.040863,0.221551,0.881586,0.948099,0.815072,0.861481,0.746472,0.976490,0.015227,0.030963,0.249830,0.021880,0.000000,0,0,0,0,0
acm_scf,base,730,771.281,0.408805,0.757991,0.721066,0.794916,20,0.00000000,0,0.133413,0.040050,0.226776,0.880316,0.949303,0.811328,0.862564,0.749945,0.975184,0.014829,0.031390,0.246744,0.022611,0.000000,0,0,0,0,0
acm_scf,base,740,781.609,0.404548,0.760423,0.721780,0.799066,20,0.00000000,0,0.132268,0.040863,0.223673,0.881124,0.948414,0.813833,0.864535,0.751275,0.977796,0.014957,0.031028,0.244999,0.020561,0.000000,0,0,0,0,0
acm_scf,base,750,792.028,0.402597,0.761737,0.724462,0.799012,20,0.00000000,0,0.130995,0.039459,0.222531,0.882333,0.950210,0.814457,0.864932,0.753048,0.976816,0.014702,0.030978,0.243225,0.021383,0.000000,0,0,0,0,0
acm_scf,base,760,802.326,0.402641,0.761408,0.726749,0.796067,20,0.00000000,0,0.134068,0.039237,0.228898,0.880500,0.950614,0.810387,0.866775,0.755265,0.978286,0.014642,0.031740,0.241348,0.020507,0.000000,0,0,0,0,0
acm_scf,base,770,812.565,0.402639,0.762143,0.728221,0.796065,20,0.00000000,0,0.134842,0.041602,0.228082,0.879419,0.948005,0.810833,0.868074,0.758516,0.977633,0.015333,0.031741,0.237878,0.021205,0.000000,0,0,0,0,0
acm_scf,base,780,822.707,0.398234,0.765787,0.733626,0.797947,20,0.00000000,0,0.133734,0.042489,0.224980,0.880134,0.947368,0.812899,0.871133,0.764797,0.977469,0.015886,0.031481,0.232074,0.020941,0.000000,0,0,0,0,0
acm_scf,base,790,832.935,0.396560,0.765976,0.736842,0.795110,20,0.00000000,0,0.135944,0.043154,0.228735,0.878566,0.946841,0.810291,0.872810,0.768640,0.976980,0.016110,0.031901,0.227609,0.020971,0.000000,0,0,0,0,0
acm_scf,base,800,843.040,0.394210,0.767437,0.739518,0.795355,20,0.00000000,0,0.136790,0.043375,0.230204,0.878157,0.946777,0.809537,0.875022,0.771595,0.978449,0.016284,0.032009,0.225247,0.019592,0.000000,0,0,0,0,0
acm_scf,base,810,853.227,0.396542,0.764617,0.742168,0.787066,20,0.00000000,0,0.143525,0.044927,0.242122,0.873370,0.945240,0.801499,0.876572,0.775512,0.977633,0.016853,0.032935,0.221118,0.020330,0.000000,0,0,0,0,0
acm_scf,base,820,863.390,0.391900,0.769786,0.746801,0.792770,20,0.00000000,0,0.139175,0.045371,0.232980,0.876301,0.945076,0.807526,0.879077,0.780684,0.977469,0.016993,0.032727,0.216138,0.020427,0.000000,0,0,0,0,0
acm_scf,base,830,873.415,0.389624,0.770472,0.751359,0.789585,20,0.00000000,0,0.142682,0.046996,0.238367,0.873814,0.943627,0.804001,0.882233,0.786670,0.977796,0.017584,0.033225,0.209584,0.020097,0.000000,0,0,0,0,0
acm_scf,base,840,883.369,0.388489,0.770672,0.755872,0.785471,20,0.00000000,0,0.147467,0.047587,0.247347,0.870870,0.943310,0.798430,0.885799,0.791842,0.979755,0.017737,0.034336,0.204843,0.018518,0.000000,0,0,0,0,0
acm_scf,base,850,893.400,0.388243,0.768292,0.756215,0.780370,20,0.00000000,0,0.149451,0.046331,0.252571,0.869674,0.944685,0.794664,0.884360,0.791251,0.977469,0.017226,0.034208,0.205132,0.020514,0.000000,0,0,0,0,0
acm_scf,base,860,903.401,0.385929,0.771352,0.758913,0.783791,20,0.00000000,0,0.147840,0.046701,0.248980,0.870854,0.944474,0.797234,0.886647,0.794355,0.978939,0.017544,0.034140,0.202574,0.019501,0.000000,0,0,0,0,0
acm_scf,base,870,913.271,0.387555,0.771535,0.757075,0.785995,20,0.00000000,0,0.146029,0.046996,0.245061,0.871881,0.944029,0.799733,0.885634,0.792655,0.978612,0.017671,0.034217,0.203763,0.019300,0.000000,0,0,0,0,0
acm_scf,base,880,923.227,0.390351,0.770323,0.755111,0.785536,20,0.00000000,0,0.146085,0.048252,0.243918,0.871392,0.942543,0.800241,0.884345,0.791547,0.977143,0.017971,0.033931,0.205293,0.020821,0.000000,0,0,0,0,0
acm_scf,base,890,933.096,0.389906,0.770484,0.753791,0.787178,20,0.00000000,0,0.145255,0.047735,0.242776,0.872090,0.943003,0.801177,0.884029,0.789773,0.978286,0.017858,0.033729,0.206658,0.020222,0.000000,0,0,0,0,0
acm_scf,base,900,942.957,0.388551,0.768812,0.754544,0.783081,20,0.00000000,0,0.148748,0.048844,0.248653,0.869564,0.941870,0.797258,0.884597,0.791399,0.977796,0.018049,0.033497,0.205391,0.020145,0.000000,0,0,0,0,0
acm_scf,base,910,952.882,0.385169,0.772577,0.756400,0.788755,20,0.00000000,0,0.145255,0.047735,0.242776,0.872342,0.943189,0.801495,0.886376,0.792507,0.980245,0.017502,0.033832,0.204144,0.018486,0.000000,0,0,0,0,0
acm_scf,base,920,962.922,0.381703,0.773634,0.760176,0.787092,20,0.00000000,0,0.144232,0.043893,0.244571,0.873900,0.947587,0.800213,0.886567,0.793542,0.979592,0.016463,0.034006,0.203260,0.018979,0.000000,0,0,0,0,0
acm_scf,base,930,973.068,0.378809,0.774854,0.760782,0.788927,20,0.00000000,0,0.142459,0.043449,0.241469,0.875163,0.948107,0.802220,0.886633,0.793837,0.979429,0.016145,0.033575,0.202690,0.019327,0.000000,0,0,0,0,0
acm_scf,base,940,983.236,0.378510,0.775143,0.761132,0.789155,20,0.00000000,0,0.141341,0.042193,0.240490,0.876140,0.949496,0.802785,0.886092,0.793246,0.978939,0.015793,0.033493,0.203680,0.019745,0.000000,0,0,0,0,0
acm_scf,base,950,993.391,0.376759,0.776019,0.760976,0.791062,20,0.00000000,0,0.140177,0.041824,0.238531,0.877049,0.949889,0.804208,0.886279,0.792803,0.979755,0.015786,0.033195,0.204019,0.018679,0.000000,0,0,0,0,0
acm_scf,base,960,1003.509,0.375274,0.776143,0.761800,0.790486,20,0.00000000,0,0.140828,0.042637,0.239020,0.876444,0.949055,0.803832,0.886855,0.794281,0.979429,0.015889,0.033121,0.202145,0.018784,0.000000,0,0,0,0,0
acm_scf,base,970,1013.718,0.374482,0.777333,0.761672,0.792994,20,0.00000000,0,0.139054,0.043006,0.235102,0.877536,0.948646,0.806426,0.886929,0.794428,0.979429,0.016009,0.032726,0.202279,0.018874,0.000000,0,0,0,0,0
acm_scf,base,980,1023.876,0.374577,0.777522,0.762529,0.792515,20,0.00000000,0,0.138514,0.042415,0.234612,0.877969,0.949343,0.806595,0.886660,0.794872,0.978449,0.015847,0.032752,0.202076,0.019727,0.000000,0,0,0,0,0
acm_scf,base,990,1033.935,0.374654,0.776684,0.763208,0.790159,20,0.00000000,0,0.141476,0.041971,0.240980,0.876297,0.949868,0.802727,0.887906,0.795241,0.980571,0.015747,0.033475,0.201690,0.017706,0.000000,0,0,0,0,0
acm_scf,base,1000,1044.015,0.378005,0.773529,0.762259,0.784799,20,0.00000000,0,0.145392,0.042784,0.248000,0.873438,0.948924,0.797952,0.887150,0.794872,0.979429,0.016037,0.033764,0.201977,0.018822,0.000000,0,0,0,0,0
acm_scf,base,1010,1054.083,0.377066,0.775449,0.762171,0.788727,20,0.00000000,0,0.142661,0.042710,0.242612,0.875287,0.948998,0.801576,0.887403,0.794724,0.980082,0.016069,0.033407,0.202314,0.018742,0.000000,0,0,0,0,0
acm_scf,base,1020,1064.186,0.378109,0.775954,0.761547,0.790361,20,0.00000000,0,0.141458,0.043080,0.239837,0.875965,0.948557,0.803373,0.887136,0.794355,0.979918,0.016185,0.033562,0.202801,0.018334,0.000000,0,0,0,0,0
acm_scf,base,1030,1074.219,0.378401,0.775411,0.761618,0.789203,20,0.00000000,0,0.141540,0.043080,0.240000,0.875808,0.948562,0.803055,0.886520,0.794428,0.978612,0.015905,0.033803,0.202568,0.019047,0.000000,0,0,0,0,0
acm_scf,base,1040,1084.385,0.375303,0.776822,0.762033,0.791612,20,0.00000000,0,0.140146,0.042415,0.237878,0.876988,0.949311,0.804666,0.887136,0.794355,0.979918,0.015889,0.033204,0.202250,0.018379,0.000000,0,0,0,0,0
acm_scf,base,1050,1094.498,0.374622,0.776503,0.762841,0.790166,20,0.00000000,0,0.141699,0.041602,0.241796,0.876272,0.950247,0.802296,0.887900,0.794576,0.981224,0.015679,0.033635,0.202119,0.016873,0.000000,0,0,0,0,0
acm_scf,base,1060,1104.573,0.373921,0.777589,0.763100,0.792078,20,0.00000000,0,0.141386,0.042119,0.240653,0.876492,0.949700,0.803283,0.888968,0.795241,0.982694,0.015815,0.033668,0.201822,0.015713,0.000000,0,0,0,0,0
acm_scf,base,1070,1114.667,0.372509,0.777910,0.763488,0.792331,20,0.00000000,0,0.140644,0.042267,0.239020,0.876882,0.949564,0.804200,0.888736,0.795759,0.981714,0.015780,0.033306,0.200971,0.016583,0.000000,0,0,0,0,0
acm_scf,base,1080,1124.860,0.373166,0.776880,0.763083,0.790676,20,0.00000000,0,0.142655,0.042045,0.243265,0.875702,0.949779,0.801624,0.889094,0.795167,0.983020,0.015739,0.033583,0.201708,0.015631,0.000000,0,0,0,0,0
acm_scf,base,1090,1134.989,0.373807,0.777550,0.762691,0.792408,20,0.00000000,0,0.140444,0.042193,0.238694,0.876991,0.949594,0.804389,0.888211,0.794872,0.981551,0.015813,0.033359,0.201689,0.016966,0.000000,0,0,0,0,0
acm_scf,base,1100,1145.217,0.372716,0.775633,0.762482,0.788784,20,0.00000000,0,0.143969,0.041898,0.246041,0.874845,0.949903,0.799787,0.888643,0.794428,0.982857,0.015653,0.033420,0.202260,0.015577,0.000000,0,0,0,0,0
acm_scf,base,1110,1155.455,0.375514,0.775643,0.762661,0.788625,20,0.00000000,0,0.143814,0.041750,0.245878,0.874958,0.950075,0.799841,0.888516,0.794502,0.982531,0.015628,0.034219,0.202222,0.015628,0.000000,0,0,0,0,0
acm_scf,base,1120,1165.459,0.372349,0.777597,0.764677,0.790517,20,0.00000000,0,0.142020,0.040937,0.243102,0.876382,0.951086,0.801678,0.889337,0.795980,0.982694,0.015378,0.033847,0.200832,0.015990,0.000000,0,0,0,0,0
acm_scf,base,1130,1175.449,0.372694,0.777437,0.764627,0.790248,20,0.00000000,0,0.141501,0.040715,0.242286,0.876690,0.951325,0.802054,0.888736,0.795759,0.981714,0.015335,0.033911,0.200673,0.016447,0.000000,0,0,0,0,0
acm_scf,base,1140,1185.619,0.371350,0.778469,0.763662,0.793276,20,0.00000000,0,0.139763,0.041159,0.238367,0.877758,0.950782,0.804735,0.888730,0.795093,0.982367,0.015390,0.033294,0.201881,0.015991,0.000000,0,0,0,0,0
acm_scf,base,1150,1195.604,0.373306,0.776917,0.763317,0.790517,20,0.00000000,0,0.142463,0.041824,0.243102,0.875857,0.950035,0.801678,0.888968,0.795241,0.982694,0.015481,0.033955,0.201488,0.015552,0.000000,0,0,0,0,0
acm_scf,base,1160,1205.587,0.376040,0.774897,0.764125,0.785668,20,0.00000000,0,0.145893,0.041011,0.250776,0.873831,0.950972,0.796691,0.889078,0.795463,0.982694,0.015444,0.034726,0.201556,0.015585,0.000000,0,0,0,0,0
acm_scf,base,1170,1215.605,0.372707,0.777156,0.764272,0.790041,20,0.00000000,0,0.141664,0.040715,0.242612,0.876572,0.951304,0.801840,0.888552,0.795389,0.981714,0.015327,0.033763,0.201234,0.016524,0.000000,0,0,0,0,0
acm_scf,base,1180,1225.626,0.373599,0.777250,0.764818,0.789681,20,0.00000000,0,0.142892,0.042193,0.243592,0.875490,0.949727,0.801252,0.889565,0.797089,0.982041,0.015617,0.034114,0.199795,0.016390,0.000000,0,0,0,0,0
acm_scf,base,1190,1235.881,0.372960,0.777665,0.764977,0.790352,20,0.00000000,0,0.141567,0.041011,0.242122,0.876592,0.951024,0.802161,0.889032,0.796350,0.981714,0.015364,0.033790,0.200475,0.017306,0.000000,0,0,0,0,0
acm_scf,base,1200,1246.016,0.372996,0.777742,0.764723,0.790762,20,0.00000000,0,0.141054,0.041454,0.240653,0.876772,0.950525,0.803020,0.888742,0.796424,0.981061,0.015600,0.033650,0.200536,0.016901,0.000000,0,0,0,0,0
acm_scf,base,1210,1256.171,0.372361,0.778021,0.764172,0.791869,20,0.00000000,0,0.141254,0.041528,0.240980,0.876740,0.950410,0.803069,0.889300,0.795906,0.982694,0.015541,0.033758,0.200545,0.015993,0.000000,0,0,0,0,0
acm_scf,base,1220,1266.339,0.375202,0.772919,0.764698,0.781140,20,0.00000000,0,0.149476,0.041971,0.256980,0.871264,0.949960,0.792567,0.889335,0.796793,0.981878,0.015530,0.034777,0.199435,0.016230,0.000000,0,0,0,0,0
acm_scf,base,1230,1276.322,0.371515,0.778119,0.765382,0.790857,20,0.00000000,0,0.142004,0.041233,0.242776,0.876362,0.950807,0.801918,0.889899,0.796941,0.982857,0.015456,0.033949,0.199409,0.015765,0.000000,0,0,0,0,0
acm_scf,base,1240,1286.409,0.370808,0.778682,0.765270,0.792095,20,0.00000000,0,0.139802,0.040420,0.239184,0.877876,0.951687,0.804066,0.888876,0.796202,0.981551,0.015207,0.033523,0.200378,0.016713,0.000000,0,0,0,0,0
acm_scf,base,1250,1296.569,0.372274,0.777564,0.764589,0.790539,20,0.00000000,0,0.141656,0.040863,0.242449,0.876594,0.951161,0.802026,0.889018,0.795832,0.982204,0.015341,0.033841,0.200666,0.016244,0.000000,0,0,0,0,0
acm_scf,base,1260,1306.611,0.370241,0.778092,0.764940,0.791245,20,0.00000000,0,0.141559,0.041159,0.241959,0.876643,0.950860,0.802426,0.889559,0.796424,0.982694,0.015305,0.033505,0.200251,0.015888,0.000000,0,0,0,0,0
acm_scf,base,1270,1316.695,0.369315,0.779006,0.765458,0.792555,20,0.00000000,0,0.141040,0.040937,0.241143,0.877126,0.951133,0.803119,0.890233,0.796793,0.983673,0.015385,0.033504,0.199909,0.014883,0.000000,0,0,0,0,0
acm_scf,base,1280,1326.719,0.370720,0.776428,0.764196,0.788660,20,0.00000000,0,0.143934,0.041011,0.246857,0.875156,0.950976,0.799336,0.889442,0.795537,0.983347,0.015399,0.033501,0.200842,0.015472,0.000000,0,0,0,0,0
acm_scf,base,1290,1336.666,0.370354,0.778595,0.765474,0.791716,20,0.00000000,0,0.141322,0.041011,0.241633,0.876873,0.951054,0.802693,0.889944,0.796867,0.983020,0.015355,0.033674,0.199697,0.015691,0.000000,0,0,0,0,0
acm_scf,base,1300,1346.679,0.371821,0.777047,0.765758,0.788336,20,0.00000000,0,0.143363,0.041011,0.245714,0.875469,0.951071,0.799867,0.889602,0.797162,0.982041,0.015324,0.033882,0.199775,0.016538,0.000000,0,0,0,0,0
acm_scf,base,1310,1356.733,0.371489,0.778216,0.765319,0.791113,20,0.00000000,0,0.141928,0.041898,0.241959,0.876240,0.950079,0.802400,0.889957,0.797384,0.982531,0.015704,0.033711,0.199625,0.015481,0.000000,0,0,0,0,0
acm_scf,base,1320,1366.689,0.370291,0.778708,0.764263,0.793153,20,0.00000000,0,0.140653,0.041306,0.240000,0.877250,0.950658,0.803843,0.889671,0.795832,0.983510,0.015405,0.033500,0.200679,0.015135,0.000000,0,0,0,0,0
acm_scf,base,1330,1376.701,0.369090,0.779617,0.764514,0.794719,20,0.00000000,0,0.138947,0.041159,0.236735,0.878362,0.950834,0.805890,0.889419,0.795980,0.982857,0.015393,0.033099,0.200750,0.015380,0.000000,0,0,0,0,0
acm_scf,base,1340,1386.698,0.370113,0.779240,0.765044,0.793435,20,0.00000000,0,0.139919,0.041306,0.238531,0.877692,0.950705,0.804679,0.889670,0.796645,0.982694,0.015472,0.033253,0.200285,0.016050,0.000000,0,0,0,0,0
acm_scf,base,1350,1396.835,0.372392,0.778154,0.764422,0.791887,20,0.00000000,0,0.138486,0.041380,0.235592,0.878265,0.950587,0.805944,0.887252,0.796054,0.978449,0.015545,0.032955,0.200963,0.018805,0.000000,0,0,0,0,0
acm_scf,base,1360,1407.086,0.368608,0.779664,0.765537,0.793791,20,0.00000000,0,0.138132,0.040346,0.235918,0.878964,0.951784,0.806144,0.888742,0.796424,0.981061,0.015227,0.032886,0.200074,0.017038,0.000000,0,0,0,0,0
acm_scf,base,1370,1417.315,0.369274,0.779768,0.764518,0.795018,20,0.00000000,0,0.136513,0.040863,0.232163,0.879782,0.951157,0.808407,0.887675,0.795759,0.979592,0.015385,0.032356,0.201007,0.018336,0.000000,0,0,0,0,0
acm_scf,base,1380,1427.405,0.371523,0.777514,0.765921,0.789108,20,0.00000000,0,0.142435,0.040789,0.244082,0.876101,0.951323,0.800879,0.889438,0.797162,0.981714,0.015383,0.033878,0.199432,0.016330,0.000000,0,0,0,0,0
acm_scf,base,1390,1437.625,0.371218,0.775899,0.765148,0.786649,20,0.00000000,0,0.144401,0.041454,0.247347,0.874611,0.950551,0.798671,0.889046,0.796867,0.981224,0.015581,0.033524,0.199429,0.016615,0.000000,0,0,0,0,0
acm_scf,base,1400,1447.762,0.374954,0.773839,0.766111,0.781567,20,0.00000000,0,0.148236,0.042267,0.254204,0.871901,0.949728,0.794075,0.889369,0.798493,0.980245,0.015571,0.034606,0.198132,0.017777,0.000000,0,0,0,0,0
acm_scf,base,1410,1458.080,0.374288,0.776944,0.765707,0.788181,20,0.00000000,0,0.142655,0.042045,0.243265,0.875532,0.949943,0.801121,0.888910,0.797901,0.979918,0.015602,0.034178,0.198779,0.017977,0.000000,0,0,0,0,0
acm_scf,base,1420,1468.282,0.374188,0.776203,0.765737,0.786668,20,0.00000000,0,0.143963,0.041233,0.246694,0.874922,0.950828,0.799016,0.889022,0.797310,0.980735,0.015442,0.034379,0.199340,0.017141,0.000000,0,0,0,0,0
acm_scf,base,1430,1478.320,0.370846,0.776254,0.763616,0.788893,20,0.00000000,0,0.142117,0.040641,0.243592,0.876219,0.951345,0.801093,0.887856,0.794650,0.981061,0.015253,0.033032,0.201844,0.017069,0.000000,0,0,0,0,0
acm_scf,base,1440,1488.385,0.368854,0.780144,0.764389,0.795899,20,0.00000000,0,0.137759,0.041233,0.234286,0.879090,0.950746,0.807434,0.889137,0.795906,0.982367,0.015458,0.032768,0.200712,0.016222,0.000000,0,0,0,0,0
acm_scf,base,1450,1498.488,0.369685,0.779559,0.764802,0.794316,20,0.00000000,0,0.137983,0.040863,0.235102,0.878930,0.951174,0.806685,0.888558,0.796054,0.981061,0.015346,0.032825,0.200879,0.017198,0.000000,0,0,0,0,0
acm_scf,base,1460,1508.641,0.367798,0.780575,0.764639,0.796512,20,0.00000000,0,0.138338,0.041085,0.235592,0.878888,0.950922,0.806853,0.890109,0.796054,0.984163,0.015452,0.032925,0.200441,0.014718,0.000000,0,0,0,0,0
acm_scf,base,1470,1518.886,0.367849,0.780462,0.764338,0.796585,20,0.00000000,0,0.137322,0.041011,0.233633,0.879452,0.950985,0.807919,0.889189,0.795685,0.982694,0.015481,0.032595,0.200862,0.015553,0.000000,0,0,0,0,0
acm_scf,base,1480,1529.195,0.369877,0.779132,0.763863,0.794401,20,0.00000000,0,0.139227,0.042045,0.236408,0.877915,0.949828,0.806002,0.889092,0.795980,0.982204,0.015662,0.033007,0.200375,0.015922,0.000000,0,0,0,0,0
acm_scf,base,1490,1539.260,0.368434,0.779850,0.764668,0.795031,20,0.00000000,0,0.138478,0.041528,0.235429,0.878546,0.950441,0.806651,0.889314,0.796424,0.982204,0.015549,0.032762,0.200454,0.015674,0.000000,0,0,0,0,0
acm_scf,base,1500,1549.300,0.368055,0.780080,0.764522,0.795638,20,0.00000000,0,0.138463,0.041824,0.235102,0.878527,0.950110,0.806945,0.889596,0.796497,0.982694,0.015598,0.032758,0.200083,0.015444,0.000000,0,0,0,0,0
acm_scf,base,1510,1559.331,0.368872,0.780166,0.764514,0.795818,20,0.00000000,0,0.137477,0.041159,0.233796,0.879258,0.950834,0.807682,0.888929,0.795980,0.981878,0.015517,0.032676,0.201146,0.015940,0.000000,0,0,0,0,0
acm_scf,base,1520,1569.206,0.369754,0.779007,0.764351,0.793663,20,0.00000000,0,0.139058,0.041380,0.236735,0.878132,0.950582,0.805682,0.888766,0.795980,0.981551,0.015539,0.032856,0.200511,0.016748,0.000000,0,0,0,0,0
acm_scf,base,1530,1579.194,0.368759,0.779534,0.762226,0.796842,20,0.00000000,0,0.135726,0.041085,0.230367,0.880255,0.950775,0.809736,0.886975,0.793542,0.980408,0.015362,0.032004,0.202769,0.017498,0.000000,0,0,0,0,0
acm_scf,base,1540,1589.448,0.369048,0.780041,0.763457,0.796626,20,0.00000000,0,0.134814,0.040568,0.229061,0.880911,0.951416,0.810405,0.886765,0.794428,0.979102,0.015298,0.031923,0.202311,0.018860,0.000000,0,0,0,0,0
acm_scf,base,1550,1599.692,0.368981,0.778969,0.763203,0.794736,20,0.00000000,0,0.137730,0.041011,0.234449,0.879017,0.950915,0.807119,0.887782,0.794502,0.981061,0.015325,0.032291,0.201744,0.017768,0.000000,0,0,0,0,0
acm_scf,base,1560,1609.903,0.367226,0.781545,0.763010,0.800080,20,0.00000000,0,0.134517,0.040789,0.228245,0.881330,0.951146,0.811514,0.888413,0.794133,0.982694,0.015277,0.032059,0.202623,0.016062,0.000000,0,0,0,0,0
acm_scf,base,1570,1619.969,0.369518,0.776941,0.764000,0.789882,20,0.00000000,0,0.141767,0.041085,0.242449,0.876389,0.950883,0.801894,0.888388,0.795389,0.981388,0.015337,0.032652,0.201345,0.017275,0.000000,0,0,0,0,0
acm_scf,base,1580,1630.080,0.366997,0.781262,0.761966,0.800558,20,0.00000000,0,0.135019,0.042119,0.227918,0.880706,0.949629,0.811784,0.888540,0.794059,0.983020,0.015624,0.031808,0.202193,0.015852,0.000000,0,0,0,0,0
acm_scf,base,1590,1640.441,0.367697,0.781093,0.763754,0.798432,20,0.00000000,0,0.134836,0.040937,0.228735,0.880980,0.951030,0.810931,0.888040,0.795020,0.981061,0.015320,0.031982,0.201826,0.017516,0.000000,0,0,0,0,0
acm_scf,base,1600,1650.834,0.366687,0.780977,0.763466,0.798488,20,0.00000000,0,0.135963,0.041233,0.230694,0.880283,0.950689,0.809876,0.888820,0.794946,0.982694,0.015387,0.032017,0.201890,0.015923,0.000000,0,0,0,0,0
acm_scf,base,1610,1661.166,0.367177,0.780653,0.763324,0.797981,20,0.00000000,0,0.135229,0.041233,0.229224,0.880629,0.950681,0.810577,0.887848,0.794798,0.980898,0.015335,0.031906,0.201527,0.017486,0.000000,0,0,0,0,0
acm_scf,base,1620,1671.292,0.365814,0.780896,0.765758,0.796034,20,0.00000000,0,0.138056,0.041011,0.235102,0.879047,0.951071,0.807022,0.890173,0.797162,0.983184,0.015409,0.032637,0.199335,0.014942,0.000000,0,0,0,0,0
acm_scf,base,1630,1681.565,0.367953,0.778665,0.766376,0.790955,20,0.00000000,0,0.141514,0.041233,0.241796,0.876661,0.950867,0.802454,0.890090,0.797975,0.982204,0.015479,0.033082,0.198800,0.015793,0.000000,0,0,0,0,0
acm_scf,base,1640,1691.644,0.365145,0.782146,0.768024,0.796267,20,0.00000000,0,0.137306,0.041306,0.233306,0.879460,0.950887,0.808033,0.890895,0.799749,0.982041,0.015458,0.032717,0.196798,0.016221,0.000000,0,0,0,0,0
acm_scf,base,1650,1701.838,0.366614,0.781314,0.767158,0.795470,20,0.00000000,0,0.137341,0.042193,0.232490,0.879096,0.949873,0.808319,0.889968,0.799527,0.980408,0.015628,0.032433,0.197036,0.018072,0.000000,0,0,0,0,0
acm_scf,base,1660,1712.242,0.366453,0.780779,0.766425,0.795133,20,0.00000000,0,0.137952,0.041454,0.234449,0.878913,0.950629,0.807197,0.889874,0.798197,0.981551,0.015444,0.032478,0.198643,0.016839,0.000000,0,0,0,0,0
acm_scf,base,1670,1722.563,0.365439,0.780261,0.765883,0.794638,20,0.00000000,0,0.138591,0.040937,0.236245,0.878648,0.951159,0.806136,0.889802,0.797236,0.982367,0.015372,0.032293,0.199081,0.016306,0.000000,0,0,0,0,0
acm_scf,base,1680,1732.788,0.365179,0.782266,0.766362,0.798170,20,0.00000000,0,0.136651,0.042119,0.231184,0.879726,0.949903,0.809549,0.890667,0.798640,0.982694,0.015534,0.032425,0.197928,0.015991,0.000000,0,0,0,0,0
acm_scf,base,1690,1743.181,0.364852,0.781940,0.767753,0.796127,20,0.00000000,0,0.136747,0.042637,0.230857,0.879381,0.949430,0.809331,0.890203,0.800488,0.979918,0.015726,0.032165,0.196082,0.017745,0.000000,0,0,0,0,0
acm_scf,base,1700,1753.409,0.365560,0.781232,0.766435,0.796029,20,0.00000000,0,0.138275,0.043080,0.233469,0.878384,0.948869,0.807899,0.890665,0.799453,0.981878,0.015768,0.032331,0.196926,0.016857,0.000000,0,0,0,0,0
acm_scf,base,1710,1763.698,0.364511,0.782751,0.767785,0.797717,20,0.00000000,0,0.135932,0.041824,0.230041,0.880197,0.950312,0.810082,0.890561,0.799897,0.981224,0.015534,0.032336,0.196926,0.016605,0.000000,0,0,0,0,0
acm_scf,base,1720,1774.027,0.365219,0.780801,0.767998,0.793605,20,0.00000000,0,0.138708,0.041824,0.235592,0.878304,0.950325,0.806283,0.890345,0.800118,0.980571,0.015543,0.032349,0.196738,0.017496,0.000000,0,0,0,0,0
acm_scf,base,1730,1784.363,0.367552,0.780619,0.767703,0.793536,20,0.00000000,0,0.139503,0.041454,0.237551,0.877964,0.950707,0.805221,0.890784,0.799527,0.982041,0.015516,0.033312,0.196917,0.016162,0.000000,0,0,0,0,0
acm_scf,base,1740,1794.875,0.364773,0.781586,0.766409,0.796763,20,0.00000000,0,0.136037,0.041380,0.230694,0.880126,0.950709,0.809543,0.889347,0.798123,0.980571,0.015290,0.032039,0.198677,0.017308,0.000000,0,0,0,0,0
acm_scf,base,1750,1805.327,0.364850,0.781820,0.766459,0.797180,20,0.00000000,0,0.134597,0.041602,0.227592,0.880893,0.950471,0.811316,0.888479,0.798345,0.978612,0.015536,0.031725,0.198200,0.018144,0.000000,0,0,0,0,0
acm_scf,base,1760,1815.825,0.364660,0.781537,0.767364,0.795710,20,0.00000000,0,0.137335,0.041528,0.233143,0.879310,0.950606,0.808013,0.890228,0.799232,0.981224,0.015474,0.032363,0.197079,0.016751,0.000000,0,0,0,0,0
acm_scf,base,1770,1826.554,0.363352,0.782802,0.767965,0.797640,20,0.00000000,0,0.136430,0.041676,0.231184,0.879965,0.950483,0.809447,0.891006,0.799970,0.982041,0.015603,0.032231,0.196633,0.015757,0.000000,0,0,0,0,0
acm_scf,base,1780,1837.143,0.366494,0.782013,0.767757,0.796269,20,0.00000000,0,0.137751,0.041380,0.234122,0.879193,0.950791,0.807594,0.891110,0.799527,0.982694,0.015612,0.032879,0.197371,0.015881,0.000000,0,0,0,0,0
acm_scf,base,1790,1847.651,0.365468,0.780578,0.767670,0.793485,20,0.00000000,0,0.139674,0.041306,0.238041,0.877908,0.950866,0.804950,0.890873,0.799379,0.982367,0.015557,0.032809,0.196801,0.015811,0.000000,0,0,0,0,0
acm_scf,base,1800,1858.203,0.366760,0.779378,0.766584,0.792172,20,0.00000000,0,0.140193,0.041528,0.238857,0.877407,0.950559,0.804255,0.889903,0.798419,0.981388,0.015510,0.032613,0.198339,0.016680,0.000000,0,0,0,0,0
acm_scf,base,1810,1868.794,0.364112,0.783649,0.763850,0.803447,20,0.00000000,0,0.131777,0.041676,0.221878,0.882942,0.950229,0.815654,0.888699,0.795685,0.981714,0.015499,0.031022,0.201149,0.017335,0.000000,0,0,0,0,0
acm_scf,base,1820,1879.297,0.364080,0.782751,0.764434,0.801067,20,0.00000000,0,0.132084,0.040494,0.223673,0.882884,0.951556,0.814212,0.887817,0.795389,0.980245,0.015229,0.031188,0.201084,0.017780,0.000000,0,0,0,0,0
acm_scf,base,1830,1889.849,0.364464,0.782867,0.765308,0.800427,20,0.00000000,0,0.132054,0.040272,0.223837,0.882926,0.951851,0.814001,0.887860,0.796128,0.979592,0.015101,0.031406,0.200021,0.018912,0.000000,0,0,0,0,0
acm_scf,base,1840,1900.362,0.365237,0.780978,0.765036,0.796921,20,0.00000000,0,0.135341,0.040641,0.230041,0.880680,0.951431,0.809929,0.888186,0.796128,0.980245,0.015192,0.031733,0.200024,0.018097,0.000000,0,0,0,0,0
acm_scf,base,1850,1910.785,0.366103,0.779815,0.762872,0.796759,20,0.00000000,0,0.134777,0.040494,0.229061,0.880946,0.951461,0.810431,0.886514,0.793763,0.979265,0.015156,0.031206,0.202419,0.018915,0.000000,0,0,0,0,0
acm_scf,base,1860,1921.111,0.367461,0.779481,0.763595,0.795367,20,0.00000000,0,0.137166,0.040863,0.233469,0.879435,0.951101,0.807770,0.887930,0.794798,0.981061,0.015221,0.032045,0.201344,0.017881,0.000000,0,0,0,0,0
acm_scf,base,1870,1931.575,0.366519,0.778990,0.765658,0.792321,20,0.00000000,0,0.138978,0.040568,0.237388,0.878308,0.951549,0.805068,0.888564,0.796719,0.980408,0.015235,0.032189,0.199695,0.017852,0.000000,0,0,0,0,0
acm_scf,base,1880,1942.043,0.366985,0.778940,0.766932,0.790949,20,0.00000000,0,0.140921,0.040863,0.240980,0.877094,0.951303,0.802885,0.889911,0.798271,0.981551,0.015272,0.032869,0.198006,0.017192,0.000000,0,0,0,0,0
acm_scf,base,1890,1952.648,0.366731,0.781234,0.767599,0.794868,20,0.00000000,0,0.137878,0.041306,0.234449,0.879003,0.950861,0.807145,0.890265,0.799305,0.981224,0.015354,0.032821,0.197478,0.017302,0.000000,0,0,0,0,0
acm_scf,base,1900,1963.190,0.366485,0.780437,0.767237,0.793636,20,0.00000000,0,0.138606,0.040641,0.236571,0.878664,0.951563,0.805764,0.889903,0.798419,0.981388,0.015286,0.032744,0.197922,0.017164,0.000000,0,0,0,0,0
acm_scf,base,1910,1973.636,0.365240,0.780483,0.767358,0.793609,20,0.00000000,0,0.138636,0.040863,0.236408,0.878588,0.951329,0.805846,0.889969,0.798714,0.981224,0.015357,0.032321,0.197743,0.017366,0.000000,0,0,0,0,0
acm_scf,base,1920,1984.172,0.363702,0.781012,0.766790,0.795235,20,0.00000000,0,0.137166,0.040863,0.233469,0.879519,0.951295,0.807744,0.889511,0.798123,0.980898,0.015357,0.031782,0.197986,0.017572,0.000000,0,0,0,0,0
acm_scf,base,1930,1994.626,0.362523,0.782967,0.766731,0.799203,20,0.00000000,0,0.134902,0.041233,0.228571,0.881028,0.950889,0.811168,0.890111,0.798345,0.981878,0.015365,0.031506,0.198338,0.016979,0.000000,0,0,0,0,0
acm_scf,base,1940,2005.183,0.363711,0.782353,0.767150,0.797556,20,0.00000000,0,0.134814,0.040568,0.229061,0.881112,0.951638,0.810585,0.889258,0.798271,0.980245,0.015195,0.031753,0.198477,0.017853,0.000000,0,0,0,0,0
acm_scf,base,1950,2015.707,0.363666,0.783273,0.766359,0.800187,20,0.00000000,0,0.132987,0.041159,0.224816,0.882181,0.950947,0.813415,0.888992,0.797901,0.980082,0.015370,0.031394,0.198582,0.018435,0.000000,0,0,0,0,0
acm_scf,base,1960,2026.316,0.363616,0.783972,0.764940,0.803004,20,0.00000000,0,0.129314,0.041159,0.217469,0.884446,0.950860,0.818033,0.887028,0.796424,0.977633,0.015388,0.030451,0.200115,0.020546,0.000000,0,0,0,0,0
acm_scf,base,1970,2036.801,0.363228,0.783713,0.765420,0.802005,20,0.00000000,0,0.131155,0.041085,0.221224,0.883358,0.950970,0.815747,0.888148,0.796867,0.979429,0.015331,0.030995,0.199164,0.019121,0.000000,0,0,0,0,0
acm_scf,base,1980,2047.312,0.362563,0.784306,0.765775,0.802838,20,0.00000000,0,0.130420,0.041085,0.219755,0.883856,0.950992,0.816721,0.888251,0.797236,0.979265,0.015312,0.030836,0.199224,0.019032,0.000000,0,0,0,0,0
acm_scf,base,1990,2057.713,0.364483,0.781754,0.767521,0.795986,20,0.00000000,0,0.134525,0.040641,0.228408,0.881110,0.951580,0.810639,0.888255,0.798714,0.977796,0.015247,0.031374,0.197858,0.020635,0.000000,0,0,0,0,0
acm_scf,base,2000,2068.166,0.367153,0.780917,0.766806,0.795029,20,0.00000000,0,0.134591,0.040937,0.228245,0.880879,0.951215,0.810543,0.887343,0.798197,0.976490,0.015257,0.031654,0.198340,0.021964,0.000000,0,0,0,0,0
acm_scf,base,2010,2078.544,0.367729,0.780467,0.765352,0.795582,20,0.00000000,0,0.135039,0.043302,0.226776,0.880008,0.948560,0.811456,0.887246,0.798493,0.976000,0.015701,0.031477,0.197737,0.022140,0.000000,0,0,0,0,0
acm_scf,base,2020,2088.961,0.366239,0.782435,0.765190,0.799679,20,0.00000000,0,0.130954,0.041011,0.220898,0.883264,0.951037,0.815492,0.886449,0.796571,0.976327,0.015228,0.030950,0.200227,0.021994,0.000000,0,0,0,0,0
acm_scf,base,2030,2099.275,0.364508,0.782807,0.765533,0.800080,20,0.00000000,0,0.130770,0.040641,0.220898,0.883514,0.951461,0.815567,0.886731,0.796645,0.976816,0.015198,0.030682,0.200075,0.021413,0.000000,0,0,0,0,0
acm_scf,base,2040,2109.573,0.365787,0.782841,0.764155,0.801528,20,0.00000000,0,0.129870,0.041454,0.218286,0.883895,0.950490,0.817300,0.886161,0.795832,0.976490,0.015380,0.030682,0.200352,0.021830,0.000000,0,0,0,0,0
acm_scf,base,2050,2119.864,0.364877,0.780472,0.765888,0.795056,20,0.00000000,0,0.134525,0.040641,0.228408,0.880971,0.951482,0.810459,0.886834,0.797015,0.976653,0.015213,0.030909,0.199216,0.021714,0.000000,0,0,0,0,0
acm_scf,base,2060,2130.102,0.366790,0.781647,0.767767,0.795527,20,0.00000000,0,0.133619,0.040789,0.226449,0.881530,0.951434,0.811626,0.887379,0.799084,0.975673,0.015271,0.031606,0.197505,0.022528,0.000000,0,0,0,0,0
acm_scf,base,2070,2140.361,0.365649,0.782192,0.767079,0.797305,20,0.00000000,0,0.132039,0.040568,0.223510,0.882612,0.951634,0.813589,0.886854,0.798197,0.975510,0.015194,0.031165,0.198224,0.022615,0.000000,0,0,0,0,0
acm_scf,base,2080,2150.713,0.366001,0.781744,0.766314,0.797175,20,0.00000000,0,0.132892,0.040641,0.225143,0.882084,0.951508,0.812661,0.887056,0.797458,0.976653,0.015293,0.031353,0.198625,0.021456,0.000000,0,0,0,0,0
acm_scf,base,2090,2161.019,0.367528,0.778923,0.767363,0.790482,20,0.00000000,0,0.137835,0.040568,0.235102,0.878791,0.951651,0.805930,0.887410,0.798493,0.976327,0.015214,0.031807,0.198041,0.022238,0.000000,0,0,0,0,0
acm_scf,base,2100,2171.379,0.363573,0.783582,0.767057,0.800107,20,0.00000000,0,0.130925,0.040789,0.221061,0.883436,0.951391,0.815481,0.887662,0.798345,0.976980,0.015216,0.030909,0.198135,0.021337,0.000000,0,0,0,0,0
acm_scf,base,2110,2181.905,0.363141,0.783460,0.767587,0.799332,20,0.00000000,0,0.131897,0.040937,0.222857,0.882799,0.951262,0.814336,0.888240,0.799010,0.977469,0.015276,0.030879,0.197486,0.021384,0.000000,0,0,0,0,0
acm_scf,base,2120,2192.390,0.362126,0.785090,0.767341,0.802840,20,0.00000000,0,0.129864,0.040789,0.218939,0.884293,0.951408,0.817178,0.888626,0.798640,0.978612,0.015286,0.030876,0.198074,0.019637,0.000000,0,0,0,0,0
acm_scf,base,2130,2202.867,0.361648,0.784031,0.768035,0.800027,20,0.00000000,0,0.132276,0.040715,0.223837,0.882728,0.951531,0.813925,0.889204,0.799305,0.979102,0.015299,0.031171,0.196965,0.018987,0.000000,0,0,0,0,0
acm_scf,base,2140,2213.470,0.363391,0.783286,0.767478,0.799093,20,0.00000000,0,0.132461,0.041085,0.223837,0.882422,0.951095,0.813748,0.888485,0.799010,0.977959,0.015353,0.031025,0.197689,0.020567,0.000000,0,0,0,0,0
acm_scf,base,2150,2223.958,0.362899,0.783811,0.767407,0.800214,20,0.00000000,0,0.131400,0.041085,0.221714,0.883114,0.951091,0.815137,0.888284,0.798936,0.977633,0.015401,0.030942,0.197673,0.020177,0.000000,0,0,0,0,0
acm_scf,base,2160,2234.462,0.362318,0.784211,0.767833,0.800588,20,0.00000000,0,0.130910,0.041085,0.220735,0.883435,0.951117,0.815754,0.888343,0.799379,0.977306,0.015409,0.030744,0.197492,0.020468,0.000000,0,0,0,0,0
acm_scf,base,2170,2244.944,0.362472,0.784367,0.767691,0.801043,20,0.00000000,0,0.131073,0.041085,0.221061,0.883382,0.951108,0.815657,0.888677,0.799232,0.978122,0.015400,0.030879,0.197467,0.020165,0.000000,0,0,0,0,0
acm_scf,base,2180,2255.412,0.362441,0.784219,0.768145,0.800293,20,0.00000000,0,0.132682,0.041528,0.223837,0.882315,0.950654,0.813976,0.889736,0.800044,0.979429,0.015514,0.031239,0.196587,0.019110,0.000000,0,0,0,0,0
acm_scf,base,2190,2265.967,0.363311,0.783564,0.767795,0.799332,20,0.00000000,0,0.132045,0.041233,0.222857,0.882645,0.950954,0.814336,0.888461,0.799453,0.977469,0.015317,0.031134,0.197360,0.020517,0.000000,0,0,0,0,0
acm_scf,base,2200,2276.586,0.363566,0.783684,0.768008,0.799359,20,0.00000000,0,0.132126,0.041233,0.223020,0.882609,0.950967,0.814251,0.888654,0.799675,0.977633,0.015344,0.031212,0.197092,0.020646,0.000000,0,0,0,0,0
acm_scf,base,2210,2287.134,0.362310,0.783987,0.766130,0.801845,20,0.00000000,0,0.131073,0.041085,0.221061,0.883410,0.951013,0.815807,0.888354,0.797606,0.979102,0.015350,0.030860,0.198518,0.019206,0.000000,0,0,0,0,0
acm_scf,base,2220,2297.660,0.364279,0.783137,0.766674,0.799600,20,0.00000000,0,0.132010,0.040346,0.223673,0.882893,0.951852,0.813935,0.888027,0.797606,0.978449,0.015227,0.031332,0.199153,0.019363,0.000000,0,0,0,0,0
acm_scf,base,2230,2308.216,0.365849,0.782259,0.764785,0.799733,20,0.00000000,0,0.132451,0.042045,0.222857,0.882149,0.949886,0.814412,0.887450,0.796941,0.977959,0.015604,0.031038,0.199533,0.020398,0.000000,0,0,0,0,0
acm_scf,base,2240,2318.762,0.365537,0.782649,0.766501,0.798798,20,0.00000000,0,0.131600,0.041159,0.222041,0.882822,0.950955,0.814689,0.887106,0.798049,0.976163,0.015427,0.031000,0.198600,0.021843,0.000000,0,0,0,0,0
acm_scf,base,2250,2329.280,0.363407,0.783806,0.766409,0.801203,20,0.00000000,0,0.131302,0.041380,0.221224,0.883152,0.950709,0.815596,0.888286,0.798123,0.978449,0.015379,0.030982,0.198349,0.019994,0.000000,0,0,0,0,0
acm_scf,base,2260,2339.870,0.362929,0.784153,0.766622,0.801684,20,0.00000000,0,0.131547,0.041380,0.221714,0.883068,0.950722,0.815414,0.888887,0.798345,0.979429,0.015352,0.031067,0.198629,0.018952,0.000000,0,0,0,0,0
acm_scf,base,2270,2350.405,0.363276,0.782532,0.766981,0.798082,20,0.00000000,0,0.133440,0.041085,0.225796,0.881770,0.951065,0.812475,0.888389,0.798493,0.978286,0.015316,0.031109,0.198012,0.019928,0.000000,0,0,0,0,0
acm_scf,base,2280,2360.909,0.364007,0.782967,0.767772,0.798163,20,0.00000000,0,0.133390,0.040494,0.226286,0.881988,0.951756,0.812221,0.888819,0.798862,0.978776,0.015245,0.031735,0.197235,0.019297,0.000000,0,0,0,0,0
acm_scf,base,2290,2371.409,0.365547,0.780698,0.766915,0.794481,20,0.00000000,0,0.135660,0.040789,0.230531,0.880286,0.951383,0.809189,0.887915,0.798197,0.977633,0.015228,0.031812,0.198156,0.019846,0.000000,0,0,0,0,0
acm_scf,base,2300,2381.874,0.362968,0.783925,0.767315,0.800535,20,0.00000000,0,0.131265,0.041306,0.221224,0.883157,0.950844,0.815471,0.888321,0.799010,0.977633,0.015447,0.030902,0.197477,0.020427,0.000000,0,0,0,0,0
acm_scf,base,2310,2392.351,0.365167,0.781423,0.766965,0.795880,20,0.00000000,0,0.134791,0.041011,0.228571,0.880837,0.951144,0.810529,0.888107,0.798419,0.977796,0.015275,0.031497,0.198158,0.020494,0.000000,0,0,0,0,0
acm_scf,base,2320,2402.718,0.362301,0.783658,0.766648,0.800668,20,0.00000000,0,0.131044,0.040863,0.221224,0.883391,0.951286,0.815496,0.887886,0.797975,0.977796,0.015218,0.030675,0.198468,0.020518,0.000000,0,0,0,0,0
acm_scf,base,2330,2413.295,0.361514,0.784557,0.766352,0.802762,20,0.00000000,0,0.129063,0.040494,0.217633,0.884784,0.951671,0.817896,0.887427,0.797384,0.977469,0.015173,0.030399,0.198866,0.020528,0.000000,0,0,0,0,0
acm_scf,base,2340,2423.731,0.362431,0.783723,0.767526,0.799920,20,0.00000000,0,0.131765,0.040346,0.223184,0.883085,0.951903,0.814266,0.888471,0.798493,0.978449,0.015132,0.031057,0.198235,0.019708,0.000000,0,0,0,0,0
acm_scf,base,2350,2434.183,0.363045,0.783495,0.767178,0.799813,20,0.00000000,0,0.132179,0.041011,0.223347,0.882656,0.951157,0.814156,0.888545,0.798640,0.978449,0.015296,0.031206,0.197894,0.019481,0.000000,0,0,0,0,0
acm_scf,base,2360,2444.599,0.362390,0.784168,0.766518,0.801819,20,0.00000000,0,0.131065,0.041233,0.220898,0.883385,0.950876,0.815893,0.888531,0.798123,0.978939,0.015340,0.030898,0.198382,0.019319,0.000000,0,0,0,0,0
acm_scf,base,2370,2455.044,0.363052,0.783841,0.766184,0.801498,20,0.00000000,0,0.130791,0.041011,0.220571,0.883556,0.951097,0.816015,0.887946,0.797606,0.978286,0.015219,0.030903,0.198765,0.020141,0.000000,0,0,0,0,0
acm_scf,base,2380,2465.526,0.364758,0.782783,0.766527,0.799039,20,0.00000000,0,0.131668,0.040641,0.222694,0.882946,0.951520,0.814371,0.887330,0.797680,0.976980,0.015151,0.031254,0.198611,0.021052,0.000000,0,0,0,0,0
acm_scf,base,2390,2475.942,0.362041,0.784104,0.766468,0.801739,20,0.00000000,0,0.130710,0.041011,0.220408,0.883633,0.951114,0.816151,0.888175,0.797901,0.978449,0.015266,0.030836,0.198405,0.019455,0.000000,0,0,0,0,0
acm_scf,base,2400,2486.468,0.366205,0.782428,0.766274,0.798581,20,0.00000000,0,0.130982,0.042045,0.219918,0.882905,0.949978,0.815833,0.886348,0.798493,0.974204,0.015486,0.030986,0.197894,0.023113,0.000000,0,0,0,0,0
acm_scf,base,2410,2496.964,0.364296,0.782774,0.765441,0.800107,20,0.00000000,0,0.129738,0.040863,0.218612,0.884032,0.951213,0.816851,0.885870,0.796719,0.975020,0.015175,0.030506,0.199629,0.022420,0.000000,0,0,0,0,0
acm_scf,base,2420,2507.484,0.365103,0.782010,0.765649,0.798371,20,0.00000000,0,0.131926,0.041159,0.222694,0.882574,0.950903,0.814245,0.886663,0.797162,0.976163,0.015298,0.031093,0.198952,0.021157,0.000000,0,0,0,0,0
acm_scf,base,2430,2517.977,0.363233,0.783032,0.766572,0.799493,20,0.00000000,0,0.132090,0.041159,0.223020,0.882618,0.950960,0.814276,0.887960,0.798123,0.977796,0.015218,0.031216,0.197952,0.019906,0.000000,0,0,0,0,0
teapot_droplets,hinge2,1,1.534,1.555599,0.188370,0.187974,0.188767,20,0.00005626,0,0.483933,0.109544,0.858321,0.472881,0.655640,0.290122,0.279677,0.208566,0.350789,0.025628,0.050610,0.785403,0.638043,0.000000,0,0,0,0,0
teapot_droplets,hinge2,10,11.905,1.310555,0.268012,0.236659,0.299364,20,0.00000027,1,0.383842,0.074713,0.692970,0.597683,0.772945,0.422422,0.380578,0.254341,0.506815,0.017321,0.040535,0.740351,0.484398,0.000000,0,0,0,0,0
teapot_droplets,hinge2,20,23.057,1.131634,0.338371,0.293247,0.383494,20,0.00000689,1,0.329510,0.059665,0.599354,0.672344,0.838920,0.505768,0.462043,0.310744,0.613343,0.013761,0.034916,0.683643,0.379011,0.000000,0,0,0,0,0
teapot_droplets,hinge2,30,33.780,1.007776,0.391720,0.354454,0.428986,20,0.00008245,2,0.334120,0.059560,0.608680,0.697232,0.863120,0.531345,0.532833,0.375566,0.690100,0.013859,0.035259,0.618343,0.304875,0.000000,0,0,0,0,0
teapot_droplets,hinge2,40,44.626,0.922206,0.430238,0.413649,0.446827,20,0.00030794,2,0.349995,0.060823,0.639168,0.706130,0.878265,0.533996,0.585617,0.438809,0.732425,0.014072,0.037043,0.555143,0.264830,0.000000,0,0,0,0,0
teapot_droplets,hinge2,50,201.610,0.857214,0.460883,0.465302,0.456464,23,0.00047719,3,0.342577,0.053878,0.631277,0.721097,0.901005,0.541189,0.617496,0.490371,0.744620,0.012482,0.036556,0.503536,0.252402,0.000000,2,1,0,0,0
teapot_droplets,hinge2,60,214.213,0.810782,0.485191,0.505213,0.465169,23,0.00016661,2,0.322950,0.049774,0.596126,0.734433,0.914203,0.554662,0.636413,0.530359,0.742468,0.011272,0.034286,0.464061,0.254443,0.000000,2,1,0,0,0
teapot_droplets,hinge2,70,226.814,0.760347,0.512870,0.545546,0.480193,23,0.00007998,2,0.303160,0.048932,0.557389,0.747093,0.921226,0.572960,0.660044,0.572240,0.747848,0.011296,0.031959,0.422427,0.249322,0.000000,2,1,0,0,0
teapot_droplets,hinge2,80,239.057,0.720813,0.534063,0.583425,0.484701,23,0.00010932,3,0.299980,0.052615,0.547346,0.749595,0.921086,0.578103,0.682061,0.614122,0.750000,0.011597,0.031628,0.380931,0.246988,0.000000,2,1,0,0,0
teapot_droplets,hinge2,90,251.278,0.680700,0.555265,0.618376,0.492153,23,0.00021855,2,0.291857,0.052510,0.531205,0.755944,0.925344,0.586544,0.702217,0.650847,0.753587,0.011708,0.030544,0.344256,0.242895,0.000000,2,1,0,0,0
teapot_droplets,hinge2,100,411.179,0.640390,0.575943,0.648819,0.503067,24,0.00026918,1,0.285772,0.051457,0.520086,0.762530,0.929862,0.595198,0.723456,0.682206,0.764706,0.011611,0.029789,0.313184,0.232552,0.000000,5,1,2,0,0
teapot_droplets,hinge2,110,423.842,0.599333,0.596860,0.674820,0.518900,24,0.00031402,1,0.274528,0.049774,0.499283,0.771725,0.934351,0.609099,0.743192,0.708408,0.777977,0.011344,0.028420,0.286622,0.220006,0.000000,5,1,2,0,0
teapot_droplets,hinge2,120,436.608,0.565773,0.614172,0.694171,0.534174,24,0.00030110,1,0.263476,0.047038,0.479914,0.780732,0.939217,0.622247,0.758677,0.726823,0.790531,0.010653,0.027384,0.268160,0.208097,0.000000,5,1,2,0,0
teapot_droplets,hinge2,130,449.317,0.544747,0.622644,0.708031,0.537256,24,0.00029956,1,0.266505,0.045565,0.487446,0.781576,0.942019,0.621132,0.769716,0.740293,0.799139,0.010122,0.027694,0.255067,0.198711,0.000000,5,1,2,0,0
teapot_droplets,hinge2,140,462.067,0.519253,0.635352,0.719524,0.551179,24,0.00018163,2,0.259882,0.044512,0.475251,0.787605,0.944085,0.631125,0.782340,0.751552,0.813128,0.009902,0.027200,0.244107,0.184291,0.000000,5,1,2,0,0
teapot_droplets,hinge2,150,648.446,0.485756,0.650186,0.732831,0.567541,27,0.00028463,1,0.262209,0.048090,0.476327,0.789316,0.941078,0.637555,0.802975,0.768073,0.837877,0.010736,0.027170,0.227906,0.159980,0.000000,8,1,2,0,0
teapot_droplets,hinge2,160,663.318,0.453912,0.667839,0.742828,0.592850,27,0.00026365,1,0.245111,0.045459,0.444763,0.801457,0.944700,0.658214,0.816562,0.776597,0.856528,0.009905,0.025468,0.218997,0.143651,0.000000,8,1,2,0,0
teapot_droplets,hinge2,170,678.108,0.418700,0.684600,0.760959,0.608240,27,0.00039418,0,0.240355,0.044197,0.436514,0.807079,0.947309,0.666849,0.834168,0.794591,0.873745,0.009657,0.024876,0.201727,0.125054,0.000000,8,1,2,0,0
teapot_droplets,hinge2,180,693.091,0.396915,0.695861,0.772174,0.619549,27,0.00045181,2,0.238191,0.045249,0.431133,0.809875,0.946914,0.672836,0.846885,0.807114,0.886657,0.009889,0.024660,0.189070,0.113400,0.000000,8,1,2,0,0
teapot_droplets,hinge2,190,708.204,0.369748,0.706631,0.784704,0.628557,27,0.00039809,3,0.239219,0.041566,0.436872,0.812794,0.951605,0.673983,0.860239,0.817321,0.903156,0.008965,0.024964,0.178806,0.096001,0.000000,8,1,2,0,0
teapot_droplets,hinge2,200,911.270,0.342574,0.716389,0.798111,0.634667,29,0.00034149,1,0.248551,0.036199,0.460904,0.813011,0.958064,0.667959,0.877095,0.827002,0.927188,0.008084,0.026234,0.168747,0.074353,0.000000,11,1,3,0,0
teapot_droplets,hinge2,210,927.097,0.328656,0.720547,0.798988,0.642105,29,0.00022736,0,0.252440,0.039672,0.465208,0.811776,0.954419,0.669133,0.885751,0.830685,0.940818,0.008785,0.026479,0.164738,0.059202,0.000000,11,1,3,0,0
teapot_droplets,hinge2,220,943.314,0.309876,0.729813,0.803653,0.655972,29,0.00022990,1,0.245206,0.037041,0.453372,0.817581,0.957447,0.677715,0.893396,0.833421,0.953372,0.008093,0.025720,0.162409,0.046467,0.000000,11,1,3,0,0
teapot_droplets,hinge2,230,959.289,0.301869,0.735767,0.812048,0.659485,29,0.00019112,1,0.241222,0.034094,0.448350,0.820767,0.960983,0.680552,0.897450,0.839735,0.955165,0.007689,0.025671,0.156039,0.045783,0.000000,11,1,3,0,0
teapot_droplets,hinge2,240,975.106,0.297983,0.733897,0.818829,0.648965,29,0.00016772,1,0.253712,0.035042,0.472382,0.814737,0.960296,0.669179,0.901523,0.847522,0.955524,0.007683,0.026954,0.148067,0.044349,0.000000,11,1,3,0,0
teapot_droplets,hinge2,250,1199.203,0.292450,0.735843,0.818605,0.653081,31,0.00020864,2,0.259023,0.039566,0.478479,0.812113,0.955571,0.668654,0.908281,0.850994,0.965567,0.008551,0.027354,0.144700,0.036461,0.000000,14,1,4,0,0
teapot_droplets,hinge2,260,1216.501,0.280705,0.744407,0.829679,0.659136,31,0.00013361,1,0.248635,0.036725,0.460545,0.817732,0.959052,0.676411,0.911423,0.860149,0.962697,0.008150,0.026303,0.135588,0.038392,0.000000,14,1,4,0,0
teapot_droplets,hinge2,270,1233.723,0.280312,0.744493,0.830522,0.658465,31,0.00016484,4,0.246674,0.035673,0.457676,0.818652,0.960179,0.677126,0.909989,0.860149,0.959828,0.007748,0.026125,0.135307,0.040531,0.000000,14,1,4,0,0
teapot_droplets,hinge2,280,1250.840,0.276488,0.748403,0.836569,0.660237,31,0.00011872,2,0.242930,0.035357,0.450502,0.820431,0.960780,0.680082,0.911912,0.866148,0.957676,0.007561,0.025764,0.129680,0.044134,0.000000,14,1,4,0,0
teapot_droplets,hinge2,290,1268.124,0.274421,0.747373,0.842817,0.651930,31,0.00005590,3,0.252055,0.035673,0.468436,0.816092,0.960737,0.671447,0.915100,0.872882,0.957317,0.007606,0.026969,0.123528,0.043041,0.000000,14,1,4,0,0
teapot_droplets,hinge2,300,1474.085,0.269042,0.750384,0.849908,0.650860,28,0.00015182,1,0.246277,0.032727,0.459828,0.818964,0.964055,0.673874,0.913933,0.877723,0.950143,0.007003,0.026177,0.118321,0.047776,0.000000,15,1,8,0,0
teapot_droplets,hinge2,310,1489.557,0.259373,0.756945,0.850603,0.663288,28,0.00011446,2,0.240320,0.029780,0.450861,0.824042,0.967120,0.680964,0.919136,0.875934,0.962339,0.006588,0.025742,0.120479,0.038303,0.000000,15,1,8,0,0
teapot_droplets,hinge2,320,1504.939,0.254886,0.759564,0.851965,0.667163,28,0.00019910,2,0.237925,0.030727,0.445122,0.825168,0.966192,0.684144,0.921138,0.878144,0.964132,0.006790,0.025311,0.118411,0.036240,0.000000,15,1,8,0,0
teapot_droplets,hinge2,330,1520.235,0.252294,0.762377,0.851285,0.673469,28,0.00016622,0,0.236425,0.031674,0.441176,0.826345,0.965190,0.687500,0.924419,0.878249,0.970588,0.007109,0.025412,0.118655,0.031455,0.000000,15,1,8,0,0
teapot_droplets,hinge2,340,1535.529,0.250409,0.761950,0.850938,0.672962,28,0.00024986,0,0.237712,0.032095,0.443329,0.825678,0.964744,0.686613,0.924777,0.878249,0.971306,0.007052,0.025358,0.118578,0.029820,0.000000,15,1,8,0,0
teapot_droplets,hinge2,350,1746.921,0.241848,0.764274,0.858183,0.670365,27,0.00023045,1,0.240504,0.026202,0.454806,0.826537,0.971107,0.681966,0.927960,0.880669,0.975251,0.005730,0.025718,0.115888,0.026860,0.000000,15,1,9,0,0
teapot_droplets,hinge2,360,1762.007,0.241654,0.760883,0.861234,0.660533,27,0.00028148,1,0.253302,0.025255,0.481349,0.821232,0.972193,0.670270,0.930732,0.882984,0.978479,0.005334,0.027469,0.113779,0.023296,0.000000,15,1,9,0,0
teapot_droplets,hinge2,370,1776.984,0.237942,0.766129,0.863711,0.668546,27,0.00025413,2,0.243051,0.023045,0.463056,0.826639,0.974582,0.678696,0.930868,0.883616,0.978121,0.004859,0.026735,0.113633,0.024174,0.000000,15,1,9,0,0
teapot_droplets,hinge2,380,1791.827,0.235345,0.766740,0.863622,0.669858,27,0.00022815,2,0.241049,0.020836,0.461263,0.828307,0.976912,0.679701,0.930227,0.881616,0.978838,0.004313,0.026536,0.114966,0.022956,0.000000,15,1,9,0,0
teapot_droplets,hinge2,390,1806.600,0.234193,0.766590,0.864798,0.668381,27,0.00027436,1,0.242821,0.021151,0.464491,0.827395,0.976609,0.678181,0.930964,0.883090,0.978838,0.004377,0.026672,0.113396,0.022410,0.000000,15,1,9,0,0
teapot_droplets,hinge2,400,2015.833,0.235767,0.767894,0.861633,0.674155,27,0.00033731,1,0.238713,0.024413,0.453013,0.828431,0.973086,0.683776,0.931112,0.882669,0.979555,0.005322,0.026026,0.113961,0.022349,0.000000,15,1,9,0,0
teapot_droplets,hinge2,410,2030.312,0.235732,0.770096,0.857716,0.682476,27,0.00025801,1,0.229854,0.022835,0.436872,0.833217,0.974632,0.691802,0.928967,0.877302,0.980631,0.004850,0.025358,0.118917,0.021979,0.000000,15,1,9,0,0
teapot_droplets,hinge2,420,2044.867,0.235325,0.769837,0.858457,0.681217,27,0.00022784,1,0.227866,0.017784,0.437948,0.835547,0.980052,0.691043,0.926640,0.873724,0.979555,0.003737,0.025077,0.122663,0.023379,0.000000,15,1,9,0,0
teapot_droplets,hinge2,430,2059.150,0.228738,0.775152,0.859275,0.691028,27,0.00025898,0,0.222723,0.022204,0.423242,0.837239,0.975345,0.699133,0.930927,0.878354,0.983501,0.004745,0.024432,0.117922,0.019319,0.000000,15,1,9,0,0
teapot_droplets,hinge2,440,2073.815,0.227350,0.776260,0.857716,0.694804,27,0.00025878,1,0.219282,0.023572,0.414993,0.838517,0.973853,0.703181,0.930538,0.877933,0.983142,0.005002,0.024011,0.118450,0.017905,0.000000,15,1,9,0,0
teapot_droplets,hinge2,450,2279.109,0.218409,0.781334,0.865822,0.696846,29,0.00022446,1,0.216109,0.021888,0.410330,0.840659,0.975859,0.705458,0.933778,0.884773,0.982783,0.004502,0.023573,0.111930,0.018272,0.000000,17,1,9,0,0
teapot_droplets,hinge2,460,2294.619,0.219999,0.778945,0.865913,0.691978,29,0.00051055,0,0.222584,0.023361,0.421808,0.837119,0.974314,0.699923,0.935000,0.886141,0.983859,0.004942,0.023946,0.110753,0.017739,0.000000,17,1,9,0,0
teapot_droplets,hinge2,470,2310.374,0.220301,0.780269,0.866179,0.694360,29,0.00044505,1,0.216616,0.021467,0.411765,0.840256,0.976312,0.704200,0.932523,0.884773,0.980273,0.004535,0.023518,0.111126,0.021094,0.000000,17,1,9,0,0
teapot_droplets,hinge2,480,2325.987,0.215786,0.781267,0.871734,0.690799,29,0.00044897,0,0.224937,0.023045,0.426829,0.836313,0.974810,0.697816,0.938738,0.891824,0.985653,0.004974,0.024381,0.104893,0.017102,0.000000,17,1,9,0,0
teapot_droplets,hinge2,490,2341.531,0.217821,0.781358,0.871342,0.691374,29,0.00054408,0,0.221348,0.024834,0.417862,0.837035,0.972942,0.701129,0.936627,0.892981,0.980273,0.005166,0.023943,0.103919,0.021244,0.000000,17,1,9,0,0
teapot_droplets,hinge2,500,2555.511,0.214226,0.781644,0.875051,0.688237,30,0.00047324,0,0.227498,0.024939,0.430057,0.834431,0.972945,0.695917,0.940546,0.896875,0.984218,0.005338,0.024497,0.100341,0.017980,0.000000,19,1,10,0,0
teapot_droplets,hinge2,510,2572.073,0.212154,0.783023,0.876660,0.689386,30,0.00037794,0,0.224105,0.022098,0.426112,0.836782,0.975931,0.697633,0.939587,0.896033,0.983142,0.004631,0.024302,0.100822,0.018879,0.000000,19,1,10,0,0
teapot_droplets,hinge2,520,2588.500,0.211210,0.785407,0.877610,0.693205,30,0.00032657,0,0.218892,0.023151,0.414634,0.838847,0.974866,0.702828,0.939279,0.897927,0.980631,0.004952,0.023798,0.098506,0.020919,0.000000,19,1,10,0,0
teapot_droplets,hinge2,530,2604.310,0.207981,0.784134,0.878414,0.689854,30,0.00032894,0,0.226497,0.024729,0.428264,0.835147,0.973262,0.697031,0.942715,0.900137,0.985294,0.005174,0.024382,0.096804,0.015806,0.000000,19,1,10,0,0
teapot_droplets,hinge2,540,2620.293,0.205835,0.787186,0.879149,0.695224,30,0.00035011,0,0.221645,0.023992,0.419297,0.837913,0.974041,0.701786,0.943485,0.900242,0.986729,0.004989,0.024153,0.096590,0.015275,0.000000,19,1,10,0,0
teapot_droplets,hinge2,550,2851.499,0.204458,0.788036,0.882250,0.693821,33,0.00032416,0,0.223606,0.025045,0.422166,0.836704,0.973053,0.700356,0.945537,0.904346,0.986729,0.005219,0.024348,0.092191,0.016465,0.000000,22,1,10,0,0
teapot_droplets,hinge2,560,2869.414,0.199833,0.790653,0.884144,0.697162,33,0.00025007,0,0.219041,0.022730,0.415352,0.839620,0.975480,0.703761,0.945485,0.904241,0.986729,0.004776,0.023712,0.092540,0.015351,0.000000,22,1,10,0,0
teapot_droplets,hinge2,570,2887.248,0.193729,0.794915,0.888353,0.701477,33,0.00022078,0,0.216348,0.024519,0.408178,0.840686,0.973767,0.707605,0.948969,0.910134,0.987805,0.005122,0.023402,0.086547,0.014441,0.000000,22,1,10,0,0
teapot_droplets,hinge2,580,2905.187,0.188861,0.798857,0.894153,0.703561,33,0.00030543,0,0.211960,0.023992,0.399928,0.842840,0.974465,0.711215,0.950271,0.915606,0.984935,0.005111,0.022894,0.080752,0.016834,0.000000,22,1,10,0,0
teapot_droplets,hinge2,590,2923.223,0.184856,0.799820,0.898849,0.700791,33,0.00033347,0,0.214313,0.023677,0.404950,0.841742,0.974914,0.708570,0.952354,0.920130,0.984577,0.004974,0.022987,0.076409,0.016884,0.000000,22,1,10,0,0
teapot_droplets,hinge2,600,3179.920,0.181757,0.802838,0.900565,0.705112,32,0.00037861,0,0.210377,0.024413,0.396341,0.843603,0.974219,0.712987,0.953564,0.922551,0.984577,0.005121,0.022553,0.074168,0.016792,0.000000,22,1,11,0,0
teapot_droplets,hinge2,610,3197.494,0.186600,0.798920,0.902662,0.695178,32,0.00025861,0,0.218491,0.023782,0.413199,0.839422,0.974911,0.703932,0.953277,0.924129,0.982425,0.005126,0.023589,0.072456,0.019815,0.000000,22,1,11,0,0
teapot_droplets,hinge2,620,3215.165,0.174593,0.806688,0.907434,0.705943,32,0.00017958,0,0.211140,0.021993,0.400287,0.844306,0.976834,0.711777,0.957957,0.927391,0.988522,0.004782,0.022881,0.069122,0.014076,0.000000,22,1,11,0,0
teapot_droplets,hinge2,630,3232.582,0.172326,0.808032,0.908341,0.707724,32,0.00010851,1,0.209201,0.020625,0.397776,0.845726,0.978237,0.713214,0.958158,0.927076,0.989240,0.004365,0.022686,0.069646,0.013540,0.000000,22,1,11,0,0
teapot_droplets,hinge2,640,3250.165,0.167776,0.810130,0.911840,0.708419,32,0.00023628,1,0.210179,0.022940,0.397418,0.844772,0.975996,0.713547,0.961358,0.932758,0.989957,0.004712,0.022631,0.063854,0.013010,0.000000,22,1,11,0,0
teapot_droplets,hinge2,650,3502.150,0.164432,0.813777,0.915483,0.712070,32,0.00037447,2,0.204968,0.022204,0.387733,0.847510,0.976823,0.718196,0.961987,0.935810,0.988164,0.004550,0.022286,0.061301,0.013768,0.000000,22,1,11,0,0
teapot_droplets,hinge2,660,3519.610,0.161357,0.816051,0.918334,0.713768,32,0.00042770,1,0.203230,0.020520,0.385940,0.848963,0.978574,0.719353,0.963209,0.937178,0.989240,0.004235,0.022096,0.059726,0.013901,0.000000,22,1,11,0,0
teapot_droplets,hinge2,670,3537.057,0.158374,0.818440,0.920252,0.716628,32,0.00039485,0,0.199201,0.019994,0.378407,0.851084,0.979144,0.723024,0.963228,0.938651,0.987805,0.004103,0.021678,0.058298,0.014243,0.000000,22,1,11,0,0
teapot_droplets,hinge2,680,3554.392,0.158627,0.817175,0.919583,0.714768,32,0.00027041,2,0.200678,0.019362,0.381994,0.850447,0.979762,0.721131,0.962597,0.937388,0.987805,0.003994,0.021744,0.059398,0.013694,0.000000,22,1,11,0,0
teapot_droplets,hinge2,690,3571.807,0.162231,0.816478,0.918075,0.714880,32,0.00024736,2,0.199959,0.021151,0.378766,0.850167,0.977936,0.722397,0.961573,0.937493,0.985653,0.004268,0.021702,0.059434,0.016749,0.000000,22,1,11,0,0
teapot_droplets,hinge2,700,3824.590,0.160140,0.817826,0.918908,0.716745,32,0.00024745,3,0.198218,0.021256,0.375179,0.851076,0.977851,0.724302,0.962047,0.938440,0.985653,0.004318,0.021306,0.058498,0.016750,0.000000,22,1,11,0,0
teapot_droplets,hinge2,710,3842.026,0.159032,0.818450,0.919446,0.717454,32,0.00028920,2,0.196881,0.018941,0.374821,0.852410,0.980183,0.724638,0.961616,0.936862,0.986370,0.003861,0.021509,0.059296,0.015698,0.000000,22,1,11,0,0
teapot_droplets,hinge2,720,3859.628,0.157967,0.819309,0.919443,0.719175,32,0.00025647,3,0.196616,0.020204,0.373027,0.852363,0.978915,0.725811,0.962733,0.938020,0.987446,0.004176,0.021425,0.058626,0.014291,0.000000,22,1,11,0,0
teapot_droplets,hinge2,730,3877.029,0.153770,0.821229,0.921893,0.720565,32,0.00024912,2,0.194698,0.018520,0.370875,0.853845,0.980657,0.727033,0.963386,0.938967,0.987805,0.003895,0.021254,0.057580,0.012484,0.000000,22,1,11,0,0
teapot_droplets,hinge2,740,3894.378,0.157174,0.821261,0.920591,0.721931,32,0.00024904,2,0.193167,0.019047,0.367288,0.854457,0.980101,0.728814,0.962606,0.938125,0.987088,0.003969,0.021134,0.058898,0.015136,0.000000,22,1,11,0,0
teapot_droplets,hinge2,750,4137.215,0.158280,0.819544,0.919538,0.719550,32,0.00023673,1,0.196204,0.020099,0.372310,0.852608,0.979023,0.726194,0.962733,0.938020,0.987446,0.004064,0.021498,0.058894,0.014540,0.000000,22,1,11,0,0
teapot_droplets,hinge2,760,4154.716,0.156388,0.820167,0.920596,0.719739,32,0.00023452,1,0.194868,0.017784,0.371951,0.853879,0.981373,0.726385,0.962207,0.936967,0.987446,0.003673,0.021366,0.059441,0.013985,0.000000,22,1,11,0,0
teapot_droplets,hinge2,770,4172.269,0.156782,0.818713,0.922211,0.715215,32,0.00022902,1,0.198875,0.018626,0.379125,0.851456,0.980558,0.722354,0.962879,0.939388,0.986370,0.003939,0.021594,0.057687,0.014204,0.000000,22,1,11,0,0
teapot_droplets,hinge2,780,4189.773,0.157812,0.818351,0.920819,0.715883,32,0.00027072,1,0.198918,0.017994,0.379842,0.851716,0.981165,0.722266,0.962597,0.937388,0.987805,0.003725,0.021679,0.059437,0.014082,0.000000,22,1,11,0,0
teapot_droplets,hinge2,790,4207.335,0.158279,0.817971,0.921544,0.714397,32,0.00022391,1,0.201037,0.019362,0.382712,0.850279,0.979805,0.720754,0.963596,0.939388,0.987805,0.004061,0.021803,0.058027,0.014209,0.000000,22,1,11,0,0
teapot_droplets,hinge2,800,4455.767,0.158171,0.816831,0.921004,0.712659,32,0.00022852,1,0.202314,0.019047,0.385581,0.849642,0.980110,0.719175,0.962996,0.938546,0.987446,0.003921,0.021986,0.058329,0.013609,0.000000,22,1,11,0,0
teapot_droplets,hinge2,810,4472.982,0.159932,0.817043,0.917757,0.716329,32,0.00024184,2,0.200265,0.021046,0.379484,0.850281,0.978034,0.722528,0.962618,0.937073,0.988164,0.004482,0.021534,0.059474,0.013974,0.000000,22,1,11,0,0
teapot_droplets,hinge2,820,4490.114,0.161591,0.816786,0.917353,0.716220,32,0.00022813,1,0.200052,0.022414,0.377690,0.849923,0.976660,0.723186,0.962322,0.937914,0.986729,0.004882,0.021541,0.059223,0.014453,0.000000,22,1,11,0,0
teapot_droplets,hinge2,830,4507.406,0.163704,0.815803,0.915347,0.716258,32,0.00023586,1,0.199830,0.023045,0.376614,0.849797,0.975982,0.723611,0.961226,0.936441,0.986011,0.005022,0.021511,0.060524,0.015055,0.000000,22,1,11,0,0
teapot_droplets,hinge2,840,4524.673,0.168823,0.813646,0.911483,0.715809,32,0.00022078,1,0.201528,0.023572,0.379484,0.848870,0.975358,0.722383,0.960207,0.932969,0.987446,0.005272,0.021762,0.063994,0.015278,0.000000,22,1,11,0,0
teapot_droplets,hinge2,850,4763.223,0.171374,0.812326,0.907795,0.716858,32,0.00023319,1,0.200227,0.025992,0.374462,0.848731,0.972851,0.724611,0.958342,0.931390,0.985294,0.005663,0.021343,0.065789,0.016420,0.000000,22,1,11,0,0
teapot_droplets,hinge2,860,4780.487,0.172285,0.811262,0.905517,0.717006,32,0.00022927,1,0.201585,0.027991,0.375179,0.847591,0.970808,0.724374,0.958438,0.930864,0.986011,0.006103,0.021283,0.065968,0.015738,0.000000,22,1,11,0,0
teapot_droplets,hinge2,870,4797.605,0.173084,0.809663,0.905707,0.713620,32,0.00022781,0,0.207080,0.028938,0.385222,0.844733,0.969883,0.719582,0.960219,0.931916,0.988522,0.006221,0.022009,0.065418,0.013798,0.000000,22,1,11,0,0
teapot_droplets,hinge2,880,4814.864,0.172806,0.810952,0.905468,0.716437,32,0.00028369,1,0.205476,0.029675,0.381277,0.845513,0.969153,0.721873,0.960968,0.932337,0.989598,0.006587,0.021859,0.065138,0.012864,0.000000,22,1,11,0,0
teapot_droplets,hinge2,890,4832.240,0.175426,0.808769,0.905209,0.712329,32,0.00022786,1,0.208967,0.030201,0.387733,0.843450,0.968630,0.718269,0.960535,0.932548,0.988522,0.006751,0.022245,0.064517,0.014239,0.000000,22,1,11,0,0
teapot_droplets,hinge2,900,5082.562,0.175750,0.808403,0.903002,0.713805,32,0.00018276,1,0.207743,0.030622,0.384864,0.843957,0.968144,0.719770,0.959588,0.930653,0.988522,0.006804,0.021917,0.065916,0.014335,0.000000,22,1,11,0,0
teapot_droplets,hinge2,910,5099.874,0.179630,0.806113,0.900518,0.711707,32,0.00017958,0,0.213264,0.035568,0.390961,0.840072,0.963261,0.716883,0.961252,0.932548,0.989957,0.008109,0.022285,0.064836,0.013034,0.000000,22,1,11,0,0
teapot_droplets,hinge2,920,5117.025,0.187096,0.800441,0.892677,0.708205,32,0.00018729,0,0.219578,0.040303,0.398852,0.835682,0.958406,0.712958,0.959664,0.928654,0.990674,0.009240,0.022560,0.068250,0.012291,0.000000,22,1,11,0,0
teapot_droplets,hinge2,930,5134.018,0.184928,0.802598,0.893270,0.711926,32,0.00019872,0,0.213863,0.038198,0.389527,0.838961,0.960440,0.717482,0.958315,0.927391,0.989240,0.008635,0.022132,0.069599,0.012654,0.000000,22,1,11,0,0
teapot_droplets,hinge2,940,5151.264,0.185893,0.802190,0.893847,0.710533,32,0.00020395,0,0.216318,0.039882,0.392755,0.837369,0.958858,0.715880,0.959547,0.929496,0.989598,0.009076,0.022402,0.067611,0.012868,0.000000,22,1,11,0,0
teapot_droplets,hinge2,950,5384.019,0.188283,0.800376,0.893467,0.707286,31,0.00024516,0,0.220113,0.042092,0.398135,0.834852,0.956747,0.712956,0.959978,0.931074,0.988881,0.009677,0.022589,0.066331,0.013617,0.000000,22,1,12,0,0
teapot_droplets,hinge2,960,5400.651,0.198297,0.794186,0.886407,0.701965,31,0.00031747,1,0.225774,0.045880,0.405667,0.830750,0.952844,0.708655,0.956902,0.927076,0.986729,0.010564,0.022877,0.070137,0.016184,0.000000,22,1,12,0,0
teapot_droplets,hinge2,970,5417.459,0.196828,0.795939,0.886540,0.705339,31,0.00024476,1,0.221333,0.045249,0.397418,0.833049,0.953443,0.712656,0.956154,0.926655,0.985653,0.010374,0.022473,0.070736,0.016383,0.000000,22,1,12,0,0
teapot_droplets,hinge2,980,5434.309,0.196273,0.796536,0.887144,0.705928,31,0.00021072,1,0.221513,0.045249,0.397776,0.833084,0.953473,0.712694,0.957007,0.927286,0.986729,0.010353,0.022794,0.070187,0.015140,0.000000,22,1,12,0,0
teapot_droplets,hinge2,990,5451.116,0.194864,0.795088,0.889796,0.700381,31,0.00025761,1,0.228012,0.044617,0.411406,0.830160,0.954197,0.706123,0.959009,0.929496,0.988522,0.010210,0.023349,0.068234,0.013846,0.000000,22,1,12,0,0
teapot_droplets,hinge2,1000,5690.991,0.194436,0.794429,0.891184,0.697674,31,0.00024273,1,0.231673,0.044407,0.418938,0.828555,0.954462,0.702648,0.960358,0.930759,0.989957,0.010240,0.023812,0.066936,0.012709,0.000000,22,1,12,0,0
teapot_droplets,hinge2,1010,5707.458,0.196157,0.792783,0.893375,0.692191,31,0.00033267,1,0.234552,0.045144,0.423960,0.826559,0.953881,0.699237,0.959679,0.933705,0.985653,0.010272,0.024245,0.064060,0.015564,0.000000,22,1,12,0,0
teapot_droplets,hinge2,1020,5723.986,0.194388,0.791180,0.898332,0.684027,31,0.00041524,2,0.240317,0.041250,0.439383,0.824599,0.957763,0.691436,0.959983,0.935389,0.984577,0.009337,0.025103,0.061987,0.015918,0.000000,22,1,12,0,0
teapot_droplets,hinge2,1030,5740.690,0.188580,0.795105,0.903599,0.686612,31,0.00038108,2,0.238379,0.038093,0.438666,0.826728,0.960975,0.692482,0.962912,0.938020,0.987805,0.008538,0.025258,0.059591,0.014459,0.000000,22,1,12,0,0
teapot_droplets,prune,1,1.553,1.555599,0.188370,0.187974,0.188767,20,0.00005626,0,0.483933,0.109544,0.858321,0.472881,0.655640,0.290122,0.279677,0.208566,0.350789,0.025628,0.050610,0.785403,0.638043,0.000100,0,0,0,0,0
teapot_droplets,prune,10,10.999,1.310555,0.268012,0.236659,0.299364,20,0.00000027,1,0.383842,0.074713,0.692970,0.597683,0.772945,0.422422,0.380578,0.254341,0.506815,0.017321,0.040535,0.740351,0.484398,0.000100,0,0,0,0,0
teapot_droplets,prune,20,21.107,1.131634,0.338371,0.293247,0.383494,20,0.00000689,1,0.329510,0.059665,0.599354,0.672344,0.838920,0.505768,0.462043,0.310744,0.613343,0.013761,0.034916,0.683643,0.379011,0.000100,0,0,0,0,0
teapot_droplets,prune,30,30.927,1.007776,0.391720,0.354454,0.428986,20,0.00008245,2,0.334120,0.059560,0.608680,0.697232,0.863120,0.531345,0.532833,0.375566,0.690100,0.013859,0.035259,0.618343,0.304875,0.000100,0,0,0,0,0
teapot_droplets,prune,40,40.802,0.922206,0.430238,0.413649,0.446827,20,0.00030794,2,0.349995,0.060823,0.639168,0.706130,0.878265,0.533996,0.585617,0.438809,0.732425,0.014072,0.037043,0.555143,0.264830,0.000100,0,0,0,0,0
teapot_droplets,prune,50,184.752,0.856778,0.460654,0.463305,0.458004,23,0.00045962,3,0.342577,0.053878,0.631277,0.721323,0.900621,0.542024,0.617699,0.488267,0.747131,0.012482,0.036556,0.505594,0.249874,0.000100,2,1,0,0,0
teapot_droplets,prune,60,196.322,0.811369,0.484387,0.499298,0.469475,23,0.00016661,2,0.320977,0.049774,0.592181,0.735620,0.913275,0.557965,0.635820,0.524150,0.747489,0.011272,0.034137,0.470306,0.249447,0.000100,2,1,0,0,0
teapot_droplets,prune,70,207.795,0.763268,0.510490,0.537420,0.483559,23,0.00007966,2,0.304416,0.048932,0.559900,0.747047,0.920131,0.573963,0.659010,0.563717,0.754304,0.011303,0.032145,0.430731,0.243489,0.000100,2,1,0,0,0
teapot_droplets,prune,80,219.016,0.729674,0.529055,0.573556,0.484555,23,0.00011198,2,0.304442,0.052931,0.555954,0.747496,0.919417,0.575575,0.678930,0.603915,0.753945,0.011668,0.032151,0.391034,0.244353,0.000100,2,1,0,0,0
teapot_droplets,prune,90,230.310,0.694843,0.547606,0.604440,0.490773,23,0.00025643,3,0.293957,0.052405,0.535509,0.754237,0.923888,0.584585,0.694851,0.636115,0.753587,0.011663,0.030658,0.359155,0.243408,0.000100,2,1,0,0,0
teapot_droplets,prune,100,377.582,0.655834,0.568161,0.633010,0.503311,24,0.00033474,1,0.284557,0.052615,0.516499,0.761614,0.926815,0.596413,0.714794,0.666316,0.763271,0.011772,0.029477,0.329130,0.234316,0.000100,5,1,2,0,0
teapot_droplets,prune,110,389.384,0.613896,0.589602,0.659032,0.520173,24,0.00039722,1,0.270501,0.047459,0.493544,0.773596,0.935673,0.611519,0.733605,0.690308,0.776901,0.010824,0.028146,0.304436,0.221480,0.000100,5,1,2,0,0
teapot_droplets,prune,120,401.163,0.587383,0.603375,0.675841,0.530909,24,0.00027041,2,0.263560,0.047564,0.479555,0.778986,0.937047,0.620924,0.746748,0.707987,0.785509,0.010740,0.027330,0.287196,0.212963,0.000100,5,1,2,0,0
teapot_droplets,prune,130,412.934,0.556564,0.618687,0.695788,0.541586,24,0.00039022,1,0.259597,0.044302,0.474892,0.784840,0.942533,0.627147,0.762697,0.726613,0.798780,0.010147,0.027085,0.269256,0.199918,0.000100,5,1,2,0,0
teapot_droplets,prune,140,424.768,0.519091,0.636685,0.712503,0.560867,24,0.00045884,1,0.250439,0.045354,0.455524,0.792226,0.942602,0.641850,0.780587,0.744817,0.816356,0.010134,0.026115,0.250582,0.180830,0.000100,5,1,2,0,0
teapot_droplets,prune,150,585.667,0.489549,0.647426,0.732352,0.562500,26,0.00041477,1,0.262046,0.043460,0.480631,0.790134,0.946189,0.634080,0.798517,0.764180,0.832855,0.009649,0.027144,0.231210,0.165238,0.000100,8,1,3,0,0
teapot_droplets,prune,160,598.687,0.457445,0.664982,0.749042,0.580922,26,0.00044822,1,0.253184,0.043670,0.462697,0.797269,0.947093,0.647445,0.815733,0.781753,0.849713,0.009500,0.026719,0.213490,0.149554,0.000100,8,1,3,0,0
teapot_droplets,prune,170,611.625,0.422232,0.679505,0.768601,0.590409,26,0.00040261,1,0.253430,0.040934,0.465925,0.800690,0.951326,0.650054,0.832779,0.800063,0.865495,0.008809,0.026359,0.195399,0.132763,0.000100,8,1,3,0,0
teapot_droplets,prune,180,624.705,0.398177,0.692999,0.780396,0.605602,26,0.00043284,1,0.241452,0.035989,0.446915,0.809811,0.957383,0.662239,0.842368,0.808482,0.876255,0.007634,0.025574,0.186950,0.122302,0.000100,8,1,3,0,0
teapot_droplets,prune,190,637.931,0.384135,0.697701,0.783773,0.611629,26,0.00053905,1,0.247827,0.033674,0.461980,0.809722,0.960095,0.659349,0.852177,0.810165,0.894189,0.007179,0.026554,0.185361,0.106103,0.000100,8,1,3,0,0
teapot_droplets,prune,200,825.068,0.346005,0.713652,0.794546,0.632759,29,0.00043448,0,0.245168,0.034094,0.456241,0.814497,0.960157,0.668836,0.871542,0.821635,0.921449,0.007118,0.025976,0.174202,0.077533,0.000100,11,1,3,0,0
teapot_droplets,prune,210,839.779,0.333994,0.718782,0.802620,0.634944,29,0.00064013,1,0.253140,0.036410,0.469871,0.811599,0.958066,0.665133,0.882564,0.831843,0.933286,0.007760,0.026795,0.164048,0.068339,0.000100,11,1,3,0,0
teapot_droplets,prune,220,854.583,0.314165,0.731213,0.806573,0.655852,29,0.00066481,0,0.234084,0.030938,0.437231,0.823629,0.964129,0.683130,0.887069,0.831527,0.942611,0.006879,0.024901,0.164142,0.057294,0.000100,11,1,3,0,0
teapot_droplets,prune,230,869.379,0.301454,0.736669,0.809335,0.664004,29,0.00084266,0,0.234747,0.032621,0.436872,0.824177,0.962433,0.685921,0.894913,0.835736,0.954089,0.007011,0.025165,0.159997,0.045595,0.000100,11,1,3,0,0
teapot_droplets,prune,240,884.047,0.294843,0.741544,0.816505,0.666583,29,0.00089272,0,0.231265,0.032832,0.429699,0.825881,0.962527,0.689235,0.898163,0.843313,0.953013,0.007068,0.024564,0.152229,0.048152,0.000100,11,1,3,0,0
teapot_droplets,prune,250,1081.116,0.295207,0.740074,0.819054,0.661093,30,0.00066657,0,0.233874,0.030517,0.437231,0.824978,0.965106,0.684850,0.897096,0.844049,0.950143,0.006490,0.024930,0.151949,0.049863,0.000100,14,1,5,0,0
teapot_droplets,prune,260,1096.314,0.290814,0.737961,0.823289,0.652632,30,0.00082076,0,0.248599,0.031990,0.465208,0.818219,0.963714,0.672723,0.902934,0.849626,0.956241,0.006704,0.026528,0.146062,0.043499,0.000100,14,1,5,0,0
teapot_droplets,prune,270,1111.422,0.288777,0.741255,0.826029,0.656481,30,0.00081345,0,0.244020,0.032516,0.455524,0.820224,0.963275,0.677173,0.904206,0.852889,0.955524,0.006984,0.026112,0.143163,0.044686,0.000100,14,1,5,0,0
teapot_droplets,prune,280,1126.500,0.279228,0.747339,0.833384,0.661294,30,0.00072413,0,0.238011,0.029464,0.446557,0.824273,0.966797,0.681748,0.907270,0.857940,0.956600,0.006338,0.025700,0.137655,0.043882,0.000100,14,1,5,0,0
teapot_droplets,prune,290,1141.586,0.271895,0.749252,0.839709,0.658795,30,0.00082577,0,0.243381,0.028728,0.458034,0.822466,0.967814,0.677118,0.912189,0.863832,0.960545,0.006182,0.026208,0.131884,0.040021,0.000100,14,1,5,0,0
teapot_droplets,prune,300,1345.059,0.260074,0.757006,0.851385,0.662627,30,0.00079477,0,0.238068,0.025992,0.450143,0.826045,0.971104,0.680986,0.917209,0.873514,0.960904,0.005544,0.026122,0.122546,0.039144,0.000100,16,1,7,0,0
teapot_droplets,prune,310,1360.221,0.246883,0.760941,0.860997,0.660884,30,0.00062757,0,0.246929,0.025781,0.468077,0.823100,0.971637,0.674564,0.926712,0.883195,0.970230,0.005485,0.026650,0.113175,0.032110,0.000100,16,1,7,0,0
teapot_droplets,prune,320,1375.376,0.237914,0.769846,0.864554,0.675137,30,0.00070334,0,0.233025,0.026307,0.439742,0.829861,0.971205,0.688516,0.929661,0.887299,0.972023,0.005581,0.025395,0.109167,0.030731,0.000100,16,1,7,0,0
teapot_droplets,prune,330,1390.302,0.229649,0.774660,0.872724,0.676596,30,0.00054201,0,0.230722,0.028517,0.432927,0.830256,0.969208,0.691304,0.933562,0.897611,0.969512,0.006002,0.024899,0.099233,0.031908,0.000100,16,1,7,0,0
teapot_droplets,prune,340,1405.213,0.220122,0.777157,0.877143,0.677171,30,0.00074979,0,0.235368,0.025255,0.445481,0.829958,0.972684,0.687232,0.939066,0.899295,0.978838,0.005469,0.025435,0.096283,0.024098,0.000100,16,1,7,0,0
teapot_droplets,prune,350,1612.537,0.219207,0.777540,0.883807,0.671273,29,0.00071189,0,0.237472,0.021572,0.453372,0.829698,0.976665,0.682731,0.939241,0.902873,0.975610,0.004804,0.025926,0.093782,0.026308,0.000100,16,1,8,0,0
teapot_droplets,prune,360,1627.075,0.217971,0.776028,0.886693,0.665363,29,0.00074602,0,0.244940,0.022519,0.467360,0.826019,0.975764,0.676273,0.941494,0.906661,0.976327,0.004712,0.026598,0.090117,0.026256,0.000100,16,1,8,0,0
teapot_droplets,prune,370,1641.651,0.213882,0.779820,0.891499,0.668141,29,0.00046760,0,0.240721,0.021256,0.460187,0.828338,0.977185,0.679490,0.943030,0.910449,0.975610,0.004335,0.026763,0.086157,0.026736,0.000100,16,1,8,0,0
teapot_droplets,prune,380,1655.839,0.206180,0.785065,0.897028,0.673101,29,0.00058239,0,0.234657,0.019888,0.449426,0.831672,0.978723,0.684621,0.945239,0.914869,0.975610,0.004248,0.025872,0.082064,0.026090,0.000100,16,1,8,0,0
teapot_droplets,prune,390,1670.007,0.201450,0.789427,0.898094,0.680761,29,0.00074751,0,0.227450,0.021256,0.433644,0.834858,0.977349,0.692366,0.946576,0.917184,0.975968,0.004378,0.025042,0.078848,0.026721,0.000100,16,1,8,0,0
teapot_droplets,prune,400,1865.531,0.198312,0.791153,0.899190,0.683116,29,0.00080136,0,0.228974,0.026097,0.431851,0.833105,0.972493,0.693717,0.950388,0.922656,0.978121,0.005608,0.024866,0.074848,0.022980,0.000100,16,1,8,0,0
teapot_droplets,prune,410,1879.656,0.198863,0.792867,0.898676,0.687058,29,0.00071204,0,0.221992,0.025045,0.418938,0.836483,0.973532,0.699434,0.948038,0.921183,0.974892,0.005431,0.024127,0.075710,0.026465,0.000100,16,1,8,0,0
teapot_droplets,prune,420,1893.962,0.199682,0.795797,0.899681,0.691914,29,0.00075737,0,0.211700,0.021677,0.401722,0.842037,0.976960,0.707113,0.944527,0.919183,0.969871,0.004728,0.023317,0.077341,0.031760,0.000100,16,1,8,0,0
teapot_droplets,prune,430,1908.249,0.199696,0.794418,0.897802,0.691034,29,0.00067953,0,0.216348,0.024519,0.408178,0.839264,0.974036,0.704492,0.946457,0.919815,0.973099,0.005216,0.023543,0.077075,0.029245,0.000100,16,1,8,0,0
teapot_droplets,prune,440,1922.616,0.199102,0.795546,0.897683,0.693408,29,0.00074596,0,0.215143,0.026413,0.403874,0.839452,0.972133,0.706771,0.947425,0.921393,0.973458,0.005832,0.023171,0.076247,0.028386,0.000100,16,1,8,0,0
teapot_droplets,prune,450,2129.759,0.200542,0.797002,0.897020,0.696985,29,0.00091904,0,0.207962,0.023887,0.392037,0.843434,0.974651,0.712217,0.944338,0.918447,0.970230,0.005337,0.022703,0.078262,0.031687,0.000100,16,1,8,0,0
teapot_droplets,prune,460,2144.436,0.202352,0.795945,0.896002,0.695887,29,0.00085352,0,0.209629,0.023992,0.395265,0.842601,0.974517,0.710685,0.944223,0.917500,0.970947,0.005422,0.022839,0.079674,0.031455,0.000100,16,1,8,0,0
teapot_droplets,prune,470,2158.974,0.200498,0.795139,0.896452,0.693825,29,0.00081936,0,0.211645,0.023361,0.399928,0.841756,0.975168,0.708344,0.944350,0.917395,0.971306,0.005109,0.022804,0.079757,0.030730,0.000100,16,1,8,0,0
teapot_droplets,prune,480,2173.568,0.196369,0.798018,0.896704,0.699331,29,0.00084670,0,0.209691,0.024834,0.394548,0.842827,0.973687,0.711966,0.947112,0.918973,0.975251,0.005406,0.022662,0.077990,0.027268,0.000100,16,1,8,0,0
teapot_droplets,prune,490,2188.132,0.194116,0.799923,0.898119,0.701727,29,0.00082816,0,0.207446,0.023572,0.391320,0.844437,0.975000,0.713874,0.947808,0.919289,0.976327,0.005292,0.022461,0.077775,0.026252,0.000100,16,1,8,0,0
teapot_droplets,prune,500,2393.490,0.196447,0.798134,0.897066,0.699202,29,0.00082850,0,0.207532,0.022309,0.392755,0.844425,0.976252,0.712598,0.945448,0.917079,0.973816,0.004876,0.022427,0.080181,0.028236,0.000100,16,1,8,0,0
teapot_droplets,prune,510,2408.059,0.196761,0.797758,0.894742,0.700773,29,0.00088645,0,0.207204,0.022730,0.391679,0.844612,0.975763,0.713461,0.945165,0.915079,0.975251,0.004920,0.022513,0.081269,0.026935,0.000100,16,1,8,0,0
teapot_droplets,prune,520,2422.764,0.191794,0.799600,0.900946,0.698254,29,0.00088803,0,0.209873,0.023045,0.396700,0.843228,0.975607,0.710850,0.948480,0.921709,0.975251,0.005110,0.022688,0.075636,0.025584,0.000100,16,1,8,0,0
teapot_droplets,prune,530,2436.888,0.193752,0.799257,0.898694,0.699820,29,0.00083090,0,0.209387,0.023151,0.395624,0.843575,0.975441,0.711709,0.948092,0.919499,0.976686,0.005140,0.022854,0.077550,0.025111,0.000100,16,1,8,0,0
teapot_droplets,prune,540,2451.383,0.192525,0.799807,0.899229,0.700386,29,0.00092996,0,0.208417,0.023361,0.393472,0.843960,0.975243,0.712677,0.948102,0.920236,0.975968,0.005238,0.022525,0.076712,0.025430,0.000100,16,1,8,0,0
teapot_droplets,prune,550,2657.898,0.190934,0.801401,0.898561,0.704240,29,0.00102043,0,0.205631,0.023887,0.387374,0.845391,0.974693,0.716088,0.948535,0.920025,0.977044,0.005309,0.022141,0.076542,0.025016,0.000100,16,1,8,0,0
teapot_droplets,prune,560,2672.545,0.191778,0.802091,0.899990,0.704193,29,0.00113828,1,0.204861,0.023782,0.385940,0.845728,0.974839,0.716618,0.948681,0.921393,0.975968,0.005323,0.022166,0.075745,0.026502,0.000100,16,1,8,0,0
teapot_droplets,prune,570,2687.204,0.192574,0.801926,0.897452,0.706401,29,0.00117997,0,0.204122,0.024098,0.384146,0.846193,0.974451,0.717935,0.948420,0.919078,0.977762,0.005249,0.022077,0.078229,0.025523,0.000100,16,1,8,0,0
teapot_droplets,prune,580,2701.812,0.190619,0.803235,0.896952,0.709518,29,0.00117893,0,0.200397,0.025255,0.375538,0.847702,0.973271,0.722134,0.947786,0.919604,0.975968,0.005300,0.021516,0.077001,0.026616,0.000100,16,1,8,0,0
teapot_droplets,prune,590,2716.451,0.189654,0.805074,0.900792,0.709357,29,0.00107895,0,0.197941,0.023572,0.372310,0.849210,0.975072,0.723348,0.947741,0.922025,0.973458,0.005248,0.021388,0.075337,0.028006,0.000100,16,1,8,0,0
teapot_droplets,prune,600,2925.428,0.189202,0.805042,0.900010,0.710073,29,0.00118712,0,0.199753,0.025045,0.374462,0.848140,0.973570,0.722709,0.949260,0.922551,0.975968,0.005526,0.021457,0.074805,0.026564,0.000100,16,1,8,0,0
teapot_droplets,prune,610,2940.218,0.187798,0.804710,0.900522,0.708897,29,0.00116070,1,0.202958,0.027149,0.378766,0.846097,0.971485,0.720709,0.951187,0.924971,0.977403,0.006059,0.021559,0.072134,0.025156,0.000100,16,1,8,0,0
teapot_droplets,prune,620,2955.073,0.187000,0.805938,0.900503,0.711373,29,0.00115144,1,0.198919,0.025887,0.371951,0.848399,0.972742,0.724055,0.949891,0.923814,0.975968,0.005627,0.021327,0.073119,0.025948,0.000100,16,1,8,0,0
teapot_droplets,prune,630,2969.896,0.187802,0.803766,0.904117,0.703416,29,0.00114853,2,0.205492,0.025045,0.385940,0.845041,0.973687,0.716394,0.950826,0.926760,0.974892,0.005464,0.022002,0.070653,0.027258,0.000100,16,1,8,0,0
teapot_droplets,prune,640,2984.267,0.184569,0.804818,0.903815,0.705821,29,0.00110417,1,0.206250,0.026202,0.386298,0.844739,0.972526,0.716951,0.952988,0.927497,0.978479,0.005828,0.021894,0.070070,0.023259,0.000100,16,1,8,0,0
teapot_droplets,prune,650,3192.375,0.179623,0.808714,0.904484,0.712944,31,0.00103319,2,0.201174,0.027886,0.374462,0.847198,0.970879,0.723517,0.954810,0.929706,0.979914,0.006231,0.021210,0.067382,0.021629,0.000100,18,1,8,0,0
teapot_droplets,prune,660,3207.651,0.181283,0.805239,0.904869,0.705610,31,0.00105850,0,0.211279,0.028728,0.393831,0.842063,0.970063,0.714063,0.957182,0.930864,0.983501,0.006289,0.022393,0.066212,0.019660,0.000100,18,1,8,0,0
teapot_droplets,prune,670,3223.194,0.181416,0.807897,0.906509,0.709284,31,0.00114678,1,0.204794,0.026518,0.383070,0.845731,0.972292,0.719169,0.955769,0.930548,0.980990,0.006060,0.022083,0.066789,0.021320,0.000100,18,1,8,0,0
teapot_droplets,prune,680,3238.709,0.177954,0.807970,0.909128,0.706812,31,0.00103836,1,0.205428,0.025992,0.384864,0.845335,0.972890,0.717780,0.955798,0.932758,0.978838,0.005833,0.021678,0.064589,0.022287,0.000100,18,1,8,0,0
teapot_droplets,prune,690,3254.249,0.178498,0.808767,0.909547,0.707988,31,0.00101844,1,0.205162,0.027255,0.383070,0.845228,0.971657,0.718799,0.956767,0.934337,0.979197,0.006100,0.022034,0.062783,0.022223,0.000100,18,1,8,0,0
teapot_droplets,prune,700,3479.425,0.173932,0.810249,0.913017,0.707481,31,0.00115674,1,0.206944,0.028307,0.385581,0.844216,0.970732,0.717700,0.959567,0.938861,0.980273,0.006305,0.021847,0.058471,0.021278,0.000100,18,1,8,0,0
teapot_droplets,prune,710,3495.046,0.171122,0.812209,0.916300,0.708118,31,0.00126997,1,0.207262,0.027149,0.387374,0.844583,0.971963,0.717203,0.961801,0.941176,0.982425,0.006175,0.022073,0.056254,0.019901,0.000100,18,1,8,0,0
teapot_droplets,prune,720,3510.627,0.169408,0.813585,0.916035,0.711134,31,0.00122475,2,0.204835,0.027675,0.381994,0.845773,0.971441,0.720105,0.962085,0.941387,0.982783,0.006278,0.021716,0.055799,0.019503,0.000100,18,1,8,0,0
teapot_droplets,prune,730,3526.045,0.171740,0.812973,0.911289,0.714658,31,0.00117881,0,0.201217,0.027255,0.375179,0.847714,0.971709,0.723719,0.959454,0.936125,0.982783,0.006066,0.021308,0.060728,0.019682,0.000100,18,1,8,0,0
teapot_droplets,prune,740,3541.664,0.170578,0.814941,0.912758,0.717124,31,0.00121240,1,0.198603,0.025255,0.371951,0.849692,0.973722,0.725661,0.959835,0.935810,0.983859,0.005616,0.021324,0.061733,0.019094,0.000100,18,1,8,0,0
teapot_droplets,prune,750,3760.603,0.170757,0.816095,0.910979,0.721212,31,0.00111951,1,0.192434,0.023677,0.361191,0.853138,0.975239,0.731036,0.957127,0.932548,0.981707,0.005217,0.020823,0.064266,0.020436,0.000100,18,1,8,0,0
teapot_droplets,prune,760,3775.747,0.169497,0.816534,0.912699,0.720368,31,0.00115351,0,0.194069,0.023361,0.364778,0.852488,0.975599,0.729377,0.958581,0.934021,0.983142,0.005219,0.021050,0.062806,0.019552,0.000100,18,1,8,0,0
teapot_droplets,prune,770,3790.884,0.168333,0.816294,0.913846,0.718742,31,0.00118165,0,0.197178,0.025992,0.368364,0.850270,0.973026,0.727514,0.960550,0.937599,0.983501,0.005665,0.021046,0.059976,0.019295,0.000100,18,1,8,0,0
teapot_droplets,prune,780,3805.916,0.171351,0.815329,0.911448,0.719211,31,0.00122239,0,0.194856,0.026728,0.362984,0.851002,0.972231,0.729773,0.958041,0.935810,0.980273,0.005955,0.020819,0.061548,0.020796,0.000100,18,1,8,0,0
teapot_droplets,prune,790,3820.938,0.171132,0.815506,0.911958,0.719054,31,0.00115940,0,0.194543,0.024308,0.364778,0.851827,0.974638,0.729017,0.957737,0.934126,0.981349,0.005457,0.020773,0.063400,0.020925,0.000100,18,1,8,0,0
teapot_droplets,prune,800,4037.952,0.171420,0.815314,0.911312,0.719317,31,0.00116201,0,0.194964,0.025150,0.364778,0.851437,0.973785,0.729089,0.957969,0.934231,0.981707,0.005613,0.020837,0.063232,0.020529,0.000100,18,1,8,0,0
teapot_droplets,prune,810,4053.219,0.171187,0.813974,0.911086,0.716863,31,0.00108179,1,0.199024,0.026097,0.371951,0.849216,0.972843,0.725589,0.959182,0.934863,0.983501,0.005730,0.021087,0.062362,0.019734,0.000100,18,1,8,0,0
teapot_droplets,prune,820,4068.106,0.170999,0.816383,0.910266,0.722501,31,0.00111741,0,0.192927,0.026097,0.359756,0.852390,0.972819,0.731962,0.958223,0.934021,0.982425,0.005839,0.020664,0.062837,0.020284,0.000100,18,1,8,0,0
teapot_droplets,prune,830,4083.049,0.170049,0.816609,0.911246,0.721973,31,0.00118246,1,0.192663,0.025571,0.359756,0.852593,0.973367,0.731818,0.958127,0.934547,0.981707,0.005611,0.020561,0.062287,0.021052,0.000100,18,1,8,0,0
teapot_droplets,prune,840,4098.362,0.168312,0.817850,0.910740,0.724960,31,0.00108978,1,0.190246,0.026834,0.353659,0.853598,0.972107,0.735089,0.958264,0.935178,0.981349,0.005710,0.020145,0.061742,0.021002,0.000100,18,1,8,0,0
teapot_droplets,prune,850,4319.701,0.169164,0.818830,0.911111,0.726548,31,0.00123561,1,0.188642,0.027570,0.349713,0.854260,0.971394,0.737126,0.958431,0.936231,0.980631,0.006142,0.019938,0.061437,0.021242,0.000100,18,1,8,0,0
teapot_droplets,prune,860,4335.254,0.169109,0.815823,0.914089,0.717557,31,0.00106169,1,0.193309,0.023992,0.362626,0.852235,0.975008,0.729462,0.956891,0.936020,0.977762,0.005065,0.020459,0.061123,0.023854,0.000100,18,1,8,0,0
teapot_droplets,prune,870,4350.532,0.168729,0.816261,0.914931,0.717591,31,0.00119374,0,0.194763,0.025466,0.364060,0.851237,0.973575,0.728900,0.958534,0.938230,0.978838,0.005382,0.020695,0.059085,0.023157,0.000100,18,1,8,0,0
teapot_droplets,prune,880,4365.661,0.169920,0.816380,0.915272,0.717489,31,0.00113332,0,0.192190,0.024624,0.359756,0.852504,0.974415,0.730594,0.956709,0.937809,0.975610,0.005248,0.020387,0.059198,0.026183,0.000100,18,1,8,0,0
teapot_droplets,prune,890,4380.855,0.168380,0.818050,0.915452,0.720647,31,0.00104499,0,0.189435,0.025571,0.353300,0.853779,0.973486,0.734071,0.957056,0.938861,0.975251,0.005533,0.020011,0.058227,0.025874,0.000100,18,1,8,0,0
teapot_droplets,prune,900,4602.079,0.165241,0.820184,0.916376,0.723992,33,0.00103745,1,0.188539,0.025571,0.351506,0.854609,0.973512,0.735707,0.959144,0.939808,0.978479,0.005548,0.020036,0.057608,0.022853,0.000100,20,1,8,0,0
teapot_droplets,prune,910,4618.705,0.162348,0.820126,0.921115,0.719137,33,0.00105486,1,0.194887,0.027149,0.362626,0.851000,0.972105,0.729896,0.963018,0.946122,0.979914,0.005687,0.020705,0.051454,0.022544,0.000100,20,1,8,0,0
teapot_droplets,prune,920,4635.234,0.164936,0.820014,0.918512,0.721516,33,0.00110731,1,0.190141,0.026623,0.353659,0.853351,0.972542,0.734160,0.959826,0.942965,0.976686,0.005613,0.020225,0.054248,0.024802,0.000100,20,1,8,0,0
teapot_droplets,prune,930,4651.701,0.164011,0.819450,0.918468,0.720433,33,0.00104304,0,0.193020,0.027360,0.358680,0.851827,0.971822,0.731832,0.961217,0.943597,0.978838,0.005836,0.020282,0.053632,0.023317,0.000100,20,1,8,0,0
teapot_droplets,prune,940,4668.028,0.161834,0.820766,0.920762,0.720771,33,0.00114742,0,0.193462,0.027886,0.359039,0.851579,0.971379,0.731779,0.962997,0.946438,0.979555,0.006068,0.020285,0.050891,0.022619,0.000100,20,1,8,0,0
teapot_droplets,prune,950,4898.705,0.163585,0.820669,0.917410,0.723928,32,0.00111590,1,0.191016,0.026939,0.355093,0.853215,0.972201,0.734228,0.961557,0.942124,0.980990,0.005709,0.020200,0.055302,0.021955,0.000100,20,1,9,0,0
teapot_droplets,prune,960,4914.783,0.167243,0.817980,0.916846,0.719113,32,0.00098475,2,0.192494,0.026307,0.358680,0.852137,0.972802,0.731472,0.959005,0.940966,0.977044,0.005685,0.020374,0.056201,0.024622,0.000100,20,1,9,0,0
teapot_droplets,prune,970,4930.655,0.166947,0.819662,0.914874,0.724449,32,0.00107960,0,0.189201,0.027255,0.351148,0.853897,0.971817,0.735976,0.959323,0.939808,0.978838,0.005574,0.020221,0.057774,0.023703,0.000100,20,1,9,0,0
teapot_droplets,prune,980,4946.264,0.165486,0.818283,0.916291,0.720274,32,0.00100011,0,0.193759,0.027044,0.360473,0.851566,0.972065,0.731068,0.960493,0.941071,0.979914,0.005737,0.020324,0.056038,0.022812,0.000100,20,1,9,0,0
teapot_droplets,prune,990,4962.144,0.167243,0.818964,0.913333,0.724595,32,0.00106585,1,0.188928,0.025992,0.351865,0.854367,0.973011,0.735722,0.958314,0.937073,0.979555,0.005533,0.019968,0.059831,0.023163,0.000100,20,1,9,0,0
teapot_droplets,prune,1000,5188.617,0.166298,0.819650,0.913404,0.725896,32,0.00111330,0,0.188632,0.026834,0.350430,0.854422,0.972186,0.736658,0.959093,0.937914,0.980273,0.005619,0.019959,0.058990,0.022610,0.000100,20,1,9,0,0
teapot_droplets,prune,1010,5204.593,0.162626,0.821437,0.917025,0.725849,32,0.00112523,1,0.189381,0.027255,0.351506,0.854043,0.971881,0.736205,0.961504,0.942018,0.980990,0.005637,0.019988,0.055534,0.021783,0.000100,20,1,9,0,0
teapot_droplets,prune,1020,5220.362,0.165273,0.820815,0.913823,0.727806,32,0.00114772,0,0.186174,0.026939,0.345409,0.855666,0.972095,0.739236,0.958819,0.938440,0.979197,0.005488,0.019892,0.058239,0.022986,0.000100,20,1,9,0,0
teapot_droplets,prune,1030,5236.131,0.162915,0.821425,0.916230,0.726621,32,0.00106611,0,0.187558,0.025045,0.350072,0.855512,0.974026,0.736998,0.960084,0.939177,0.980990,0.005260,0.020045,0.057719,0.021250,0.000100,20,1,9,0,0
teapot_droplets,prune,1040,5251.882,0.162432,0.821717,0.914660,0.728773,32,0.00105620,0,0.187355,0.027149,0.347561,0.855258,0.971914,0.738603,0.960779,0.939493,0.982066,0.005746,0.019768,0.057945,0.019654,0.000100,20,1,9,0,0
teapot_droplets,prune,1050,5478.554,0.162143,0.822900,0.917437,0.728362,32,0.00092529,0,0.185786,0.024729,0.346844,0.856580,0.974370,0.738790,0.960557,0.940124,0.980990,0.005294,0.019901,0.057162,0.021499,0.000100,20,1,9,0,0
teapot_droplets,prune,1060,5494.358,0.162621,0.822134,0.915445,0.728823,32,0.00094039,0,0.186607,0.026728,0.346485,0.855705,0.972349,0.739060,0.960631,0.939914,0.981349,0.005686,0.019696,0.057007,0.021424,0.000100,20,1,9,0,0
teapot_droplets,prune,1070,5509.860,0.163522,0.822161,0.913943,0.730379,32,0.00077606,0,0.185382,0.027149,0.343615,0.856276,0.971892,0.740661,0.960052,0.938756,0.981349,0.005782,0.019620,0.058182,0.021295,0.000100,20,1,9,0,0
teapot_droplets,prune,1080,5525.379,0.162642,0.821910,0.915966,0.727853,32,0.00074735,0,0.187556,0.026834,0.348278,0.855162,0.972262,0.738063,0.960947,0.940545,0.981349,0.005720,0.019840,0.056866,0.021029,0.000100,20,1,9,0,0
teapot_droplets,prune,1090,5540.990,0.161996,0.823068,0.917042,0.729094,32,0.00073324,0,0.185634,0.028728,0.342539,0.855610,0.970448,0.740771,0.961112,0.943386,0.978838,0.006156,0.019518,0.053949,0.022781,0.000100,20,1,9,0,0
teapot_droplets,prune,1100,5759.214,0.162184,0.822813,0.915441,0.730184,32,0.00066021,0,0.187193,0.030411,0.343974,0.854613,0.968767,0.740460,0.962315,0.943281,0.981349,0.006686,0.019686,0.054131,0.020073,0.000100,20,1,9,0,0
teapot_droplets,prune,1110,5774.965,0.161517,0.822104,0.914586,0.729622,32,0.00054394,0,0.189448,0.032411,0.346485,0.853043,0.966814,0.739271,0.963326,0.944228,0.982425,0.007002,0.019628,0.053582,0.018936,0.000100,20,1,9,0,0
teapot_droplets,prune,1120,5790.898,0.158617,0.824280,0.914391,0.734170,32,0.00050818,0,0.187528,0.032516,0.342539,0.854404,0.966706,0.742101,0.964888,0.944123,0.985653,0.006702,0.019541,0.053569,0.017305,0.000100,20,1,9,0,0
teapot_droplets,prune,1130,5806.593,0.159477,0.824643,0.916130,0.733155,32,0.00029011,0,0.185780,0.030096,0.341463,0.855690,0.969094,0.742285,0.963601,0.943702,0.983501,0.006386,0.019434,0.053915,0.019777,0.000100,20,1,9,0,0
teapot_droplets,prune,1140,5822.469,0.157721,0.826016,0.916335,0.735697,32,0.00014535,0,0.182731,0.030096,0.335366,0.857305,0.969101,0.745509,0.963169,0.943912,0.982425,0.006412,0.019056,0.053695,0.019564,0.000100,20,1,9,0,0
teapot_droplets,prune,1150,6043.090,0.156031,0.826707,0.918474,0.734940,32,0.00010253,0,0.184199,0.028728,0.339670,0.856996,0.970493,0.743499,0.964718,0.944860,0.984577,0.006172,0.019351,0.052353,0.018841,0.000100,20,1,9,0,0
teapot_droplets,prune,1160,6059.137,0.158123,0.824264,0.916990,0.731538,32,0.00011999,0,0.187384,0.029359,0.345409,0.855028,0.969835,0.740221,0.964065,0.943912,0.984218,0.006341,0.019641,0.053644,0.018025,0.000100,20,1,9,0,0
teapot_droplets,prune,1170,6074.806,0.160790,0.821789,0.914158,0.729421,32,0.00014931,0,0.192705,0.034621,0.350789,0.851069,0.964688,0.737450,0.965550,0.945807,0.985294,0.007504,0.019987,0.051716,0.016859,0.000100,20,1,9,0,0
teapot_droplets,prune,1180,6090.592,0.159728,0.822934,0.915284,0.730585,32,0.00013503,0,0.191050,0.033463,0.348637,0.852236,0.965832,0.738639,0.965603,0.945912,0.985294,0.007289,0.019915,0.051370,0.017181,0.000100,20,1,9,0,0
teapot_droplets,prune,1190,6106.339,0.155666,0.826647,0.917101,0.736193,32,0.00015865,0,0.184302,0.030727,0.337877,0.856547,0.968518,0.744577,0.965108,0.945280,0.984935,0.006675,0.019246,0.052193,0.016961,0.000100,20,1,9,0,0
teapot_droplets,prune,1200,6327.456,0.158615,0.826813,0.914332,0.739294,32,0.00012629,0,0.182411,0.033042,0.331779,0.857078,0.966200,0.747956,0.964560,0.944544,0.984577,0.007112,0.019006,0.053132,0.018540,0.000100,20,1,9,0,0
teapot_droplets,prune,1210,6343.360,0.157081,0.826560,0.914961,0.738159,32,0.00011153,0,0.183054,0.033253,0.332855,0.856615,0.966022,0.747208,0.964623,0.945386,0.983859,0.007090,0.018939,0.051785,0.018543,0.000100,20,1,9,0,0
teapot_droplets,prune,1220,6359.638,0.158220,0.823772,0.917829,0.729715,32,0.00011706,1,0.190871,0.033463,0.348278,0.852240,0.965924,0.738557,0.966201,0.948543,0.983859,0.007004,0.019847,0.049120,0.019184,0.000100,20,1,9,0,0
teapot_droplets,prune,1230,6375.704,0.152399,0.827515,0.922424,0.732605,32,0.00010478,0,0.187489,0.029570,0.345409,0.855153,0.969804,0.740501,0.967676,0.949700,0.985653,0.006395,0.019625,0.047304,0.017869,0.000100,20,1,9,0,0
teapot_droplets,prune,1240,6391.969,0.153878,0.825834,0.919914,0.731753,32,0.00012419,1,0.188974,0.031464,0.346485,0.853869,0.967905,0.739833,0.967076,0.948858,0.985294,0.006643,0.019538,0.048733,0.017422,0.000100,20,1,9,0,0
teapot_droplets,prune,1250,6616.771,0.151845,0.829907,0.920379,0.739435,32,0.00012482,0,0.182348,0.032200,0.332496,0.857452,0.967217,0.747686,0.967655,0.950016,0.985294,0.006944,0.019088,0.047603,0.016890,0.000100,20,1,9,0,0
teapot_droplets,prune,1260,6633.117,0.149819,0.831084,0.920658,0.741509,32,0.00011822,0,0.180610,0.030517,0.330703,0.858908,0.968837,0.748979,0.967741,0.948753,0.986729,0.006554,0.018814,0.048623,0.016279,0.000100,20,1,9,0,0
teapot_droplets,prune,1270,6649.246,0.147785,0.830504,0.922810,0.738197,32,0.00015912,0,0.183891,0.030622,0.337159,0.857101,0.968807,0.745395,0.969078,0.951068,0.987088,0.006508,0.019070,0.046242,0.015530,0.000100,20,1,9,0,0
teapot_droplets,prune,1280,6665.356,0.150730,0.829714,0.921697,0.737731,32,0.00014257,0,0.184807,0.032095,0.337518,0.856243,0.967362,0.745125,0.969004,0.951279,0.986729,0.006872,0.019248,0.046806,0.016079,0.000100,20,1,9,0,0
teapot_droplets,prune,1290,6681.497,0.150050,0.829707,0.921727,0.737687,32,0.00011510,0,0.185588,0.031148,0.340029,0.856164,0.968268,0.744060,0.969479,0.950437,0.988522,0.006870,0.019254,0.047357,0.014780,0.000100,20,1,9,0,0
teapot_droplets,prune,1300,6899.150,0.151104,0.829871,0.919817,0.739925,32,0.00012743,0,0.183919,0.032832,0.335007,0.856671,0.966595,0.746746,0.968910,0.950016,0.987805,0.007144,0.019056,0.047902,0.015092,0.000100,20,1,9,0,0
teapot_droplets,prune,1310,6915.362,0.151800,0.829519,0.919661,0.739376,32,0.00012602,0,0.182202,0.030832,0.333572,0.857858,0.968501,0.747214,0.967014,0.948016,0.986011,0.006664,0.018967,0.049496,0.016550,0.000100,20,1,9,0,0
teapot_droplets,prune,1320,6931.341,0.150645,0.831887,0.919853,0.743922,32,0.00014357,0,0.178596,0.029359,0.327834,0.860372,0.969926,0.750818,0.967332,0.946859,0.987805,0.006535,0.018740,0.050844,0.015332,0.000100,20,1,9,0,0
teapot_droplets,prune,1330,6947.778,0.148439,0.830659,0.922770,0.738548,32,0.00018960,0,0.184524,0.030096,0.338953,0.857021,0.969310,0.744733,0.969711,0.950542,0.988881,0.006532,0.019256,0.046955,0.014675,0.000100,20,1,9,0,0
teapot_droplets,prune,1340,6963.936,0.150283,0.829934,0.920351,0.739516,32,0.00026868,1,0.182403,0.030517,0.334290,0.857886,0.968827,0.746945,0.967583,0.948437,0.986729,0.006446,0.019030,0.048480,0.016389,0.000100,20,1,9,0,0
teapot_droplets,prune,1350,7186.685,0.148261,0.831623,0.922127,0.741119,33,0.00024423,0,0.181949,0.031043,0.332855,0.858172,0.968382,0.747963,0.969279,0.950752,0.987805,0.006616,0.018947,0.047007,0.015286,0.000100,21,1,9,0,0
teapot_droplets,prune,1360,7203.252,0.146021,0.830666,0.926665,0.734667,33,0.00034726,1,0.189099,0.033147,0.345050,0.853862,0.966536,0.741189,0.972773,0.957382,0.988164,0.007175,0.019417,0.040896,0.014712,0.000100,21,1,9,0,0
teapot_droplets,prune,1370,7219.910,0.147600,0.831394,0.923985,0.738804,33,0.00024636,0,0.185806,0.034094,0.337518,0.855474,0.965547,0.745400,0.971826,0.955488,0.988164,0.007297,0.019220,0.042747,0.014992,0.000100,21,1,9,0,0
teapot_droplets,prune,1380,7236.303,0.148768,0.830077,0.921619,0.738536,33,0.00030932,0,0.184964,0.032411,0.337518,0.856195,0.967059,0.745332,0.969647,0.951489,0.987805,0.006842,0.019242,0.046269,0.014453,0.000100,21,1,9,0,0
teapot_droplets,prune,1390,7252.740,0.146828,0.832165,0.922621,0.741709,33,0.00027803,0,0.180588,0.030832,0.330344,0.858891,0.968599,0.749183,0.968898,0.951068,0.986729,0.006528,0.018799,0.046540,0.015078,0.000100,21,1,9,0,0
teapot_droplets,prune,1400,7479.720,0.147144,0.830926,0.920653,0.741199,33,0.00018210,0,0.183214,0.031779,0.334648,0.857425,0.967628,0.747223,0.969575,0.949911,0.989240,0.006621,0.018873,0.047708,0.013666,0.000100,21,1,9,0,0
teapot_droplets,prune,1410,7495.935,0.147782,0.831888,0.920379,0.743396,33,0.00021035,1,0.181452,0.032200,0.330703,0.858337,0.967217,0.749457,0.969628,0.950016,0.989240,0.006866,0.018545,0.048067,0.014328,0.000100,21,1,9,0,0
teapot_droplets,prune,1420,7511.998,0.146795,0.833866,0.918342,0.749389,33,0.00024628,1,0.175978,0.030938,0.321019,0.861743,0.968356,0.755130,0.968355,0.946754,0.989957,0.006574,0.018247,0.050457,0.013176,0.000100,21,1,9,0,0
teapot_droplets,prune,1430,7528.017,0.145695,0.834858,0.920327,0.749388,33,0.00019713,0,0.174892,0.030201,0.319584,0.862443,0.969130,0.755757,0.968501,0.948122,0.988881,0.006476,0.018102,0.049566,0.013850,0.000100,21,1,9,0,0
teapot_droplets,prune,1440,7543.806,0.145222,0.833155,0.920163,0.746148,33,0.00021545,0,0.180058,0.033358,0.326758,0.858973,0.966107,0.751839,0.970407,0.950858,0.989957,0.006941,0.018477,0.046678,0.012840,0.000100,21,1,9,0,0
teapot_droplets,prune,1450,7768.817,0.146402,0.834340,0.922205,0.746475,33,0.00022795,0,0.176770,0.030727,0.322812,0.861157,0.968686,0.753627,0.968994,0.950542,0.987446,0.006597,0.018421,0.047225,0.015194,0.000100,21,1,9,0,0
teapot_droplets,prune,1460,7784.739,0.147089,0.832694,0.920730,0.744658,33,0.00022884,0,0.178752,0.031464,0.326040,0.859854,0.967932,0.751775,0.968573,0.949700,0.987446,0.006763,0.018581,0.047305,0.014577,0.000100,21,1,9,0,0
teapot_droplets,prune,1470,7801.102,0.146418,0.834219,0.920747,0.747691,33,0.00016235,0,0.176167,0.031674,0.320660,0.861299,0.967732,0.754867,0.968678,0.949911,0.987446,0.006618,0.018339,0.047442,0.015290,0.000100,21,1,9,0,0
teapot_droplets,prune,1480,7817.122,0.145538,0.833188,0.921104,0.745273,33,0.00020688,0,0.178754,0.029675,0.327834,0.860409,0.969661,0.751157,0.969018,0.948437,0.989598,0.006318,0.018658,0.048514,0.013129,0.000100,21,1,9,0,0
teapot_droplets,prune,1490,7833.412,0.147629,0.831363,0.920208,0.742518,33,0.00018553,0,0.180167,0.029991,0.330344,0.859358,0.969328,0.749388,0.967805,0.947806,0.987805,0.006439,0.018631,0.049497,0.014113,0.000100,21,1,9,0,0
teapot_droplets,prune,1500,8068.534,0.147451,0.831432,0.921136,0.741727,33,0.00016712,0,0.181655,0.030096,0.333214,0.858611,0.969257,0.747965,0.968870,0.948858,0.988881,0.006530,0.018926,0.048287,0.013593,0.000100,21,1,9,0,0
teapot_droplets,prune,1510,8084.385,0.146017,0.833200,0.920857,0.745543,33,0.00017172,0,0.179807,0.031779,0.327834,0.859430,0.967635,0.751225,0.970039,0.950121,0.989957,0.006748,0.018703,0.047146,0.013157,0.000100,21,1,9,0,0
teapot_droplets,prune,1520,8100.176,0.145099,0.832874,0.924490,0.741259,33,0.00016053,0,0.182413,0.031253,0.333572,0.857977,0.968259,0.747694,0.970953,0.953383,0.988522,0.006786,0.018906,0.044375,0.013954,0.000100,21,1,9,0,0
teapot_droplets,prune,1530,8115.927,0.146958,0.831563,0.922724,0.740403,33,0.00019272,0,0.183458,0.030832,0.336083,0.857508,0.968603,0.746414,0.970206,0.951173,0.989240,0.006536,0.019315,0.046052,0.013683,0.000100,21,1,9,0,0
teapot_droplets,prune,1540,8131.621,0.147556,0.831293,0.921198,0.741389,33,0.00022059,0,0.181212,0.029570,0.332855,0.858898,0.969765,0.748031,0.968300,0.948437,0.988164,0.006256,0.018910,0.049074,0.014043,0.000100,21,1,9,0,0
teapot_droplets,prune,1550,8360.784,0.146201,0.832866,0.922606,0.743127,33,0.00019683,0,0.180662,0.030622,0.330703,0.859094,0.968800,0.749388,0.969869,0.950858,0.988881,0.006477,0.018869,0.046934,0.013976,0.000100,21,1,9,0,0
teapot_droplets,prune,1560,8376.583,0.145984,0.832671,0.922677,0.742665,33,0.00025230,0,0.182033,0.031569,0.332496,0.858203,0.967897,0.748508,0.970701,0.951805,0.989598,0.006691,0.018995,0.046226,0.013035,0.000100,21,1,9,0,0
teapot_droplets,prune,1570,8392.207,0.148477,0.830770,0.920073,0.741467,33,0.00030763,0,0.183424,0.032200,0.334648,0.857249,0.967206,0.747291,0.969649,0.949700,0.989598,0.006821,0.019105,0.047861,0.013172,0.000100,21,1,9,0,0
teapot_droplets,prune,1580,8407.936,0.147980,0.831250,0.921042,0.741458,33,0.00024435,0,0.181707,0.030201,0.333214,0.858525,0.969153,0.747897,0.968690,0.948858,0.988522,0.006344,0.018907,0.048797,0.014429,0.000100,21,1,9,0,0
teapot_droplets,prune,1590,8423.441,0.148849,0.830036,0.921197,0.738874,33,0.00028161,0,0.185722,0.033568,0.337877,0.855606,0.965944,0.745268,0.970321,0.952120,0.988522,0.007157,0.019252,0.045614,0.013917,0.000100,21,1,9,0,0
teapot_droplets,prune,1600,8649.530,0.149019,0.830391,0.920926,0.739855,33,0.00036132,0,0.183004,0.031359,0.334648,0.857460,0.968039,0.746880,0.968626,0.949805,0.987446,0.006682,0.018972,0.047890,0.014791,0.000100,21,1,9,0,0
teapot_droplets,prune,1610,8665.759,0.146773,0.832278,0.922699,0.741857,33,0.00031427,1,0.180823,0.029149,0.332496,0.859261,0.970218,0.748303,0.969059,0.949595,0.988522,0.006349,0.018910,0.047712,0.014086,0.000100,21,1,9,0,0
teapot_droplets,prune,1620,8681.742,0.143543,0.835073,0.923934,0.746212,33,0.00016560,0,0.177468,0.029254,0.325681,0.861237,0.970156,0.752319,0.970101,0.950963,0.989240,0.006102,0.018652,0.046538,0.013810,0.000100,21,1,9,0,0
teapot_droplets,prune,1630,8697.995,0.146956,0.831730,0.922261,0.741199,33,0.00012688,2,0.183056,0.031464,0.334648,0.857603,0.967984,0.747223,0.970259,0.951279,0.989240,0.006801,0.018942,0.046458,0.013758,0.000100,21,1,9,0,0
teapot_droplets,prune,1640,8714.014,0.146956,0.833296,0.921531,0.745061,33,0.00006279,2,0.178288,0.031253,0.325323,0.860173,0.968160,0.752186,0.968889,0.950331,0.987446,0.006659,0.018635,0.047529,0.014532,0.000100,21,1,9,0,0
teapot_droplets,prune,1650,8934.343,0.148694,0.831372,0.919286,0.743458,33,0.00007761,1,0.180440,0.031253,0.329627,0.859009,0.968085,0.749932,0.968269,0.948016,0.988522,0.006595,0.018805,0.049376,0.014179,0.000100,21,1,9,0,0
teapot_droplets,prune,1660,8950.257,0.144887,0.832796,0.924065,0.741528,33,0.00013649,0,0.182992,0.032411,0.333572,0.857453,0.967143,0.747762,0.971448,0.954015,0.988881,0.006913,0.019023,0.043806,0.013331,0.000100,21,1,9,0,0
teapot_droplets,prune,1670,8966.177,0.146355,0.833327,0.923257,0.743396,33,0.00008202,0,0.181610,0.032516,0.330703,0.858236,0.967015,0.749457,0.971259,0.953278,0.989240,0.007083,0.018960,0.045008,0.013375,0.000100,21,1,9,0,0
teapot_droplets,prune,1680,8981.766,0.145034,0.833301,0.924546,0.742057,33,0.00013349,0,0.181380,0.030622,0.332138,0.858685,0.968864,0.748506,0.970690,0.952857,0.988522,0.006639,0.018908,0.045256,0.013601,0.000100,21,1,9,0,0
teapot_droplets,prune,1690,8997.409,0.146938,0.832761,0.922001,0.743521,33,0.00013909,0,0.179639,0.030727,0.328551,0.859544,0.968680,0.750409,0.969068,0.950331,0.987805,0.006601,0.018889,0.047098,0.014099,0.000100,21,1,9,0,0
teapot_droplets,prune,1700,9229.320,0.147614,0.830853,0.921114,0.740591,33,0.00015540,0,0.182719,0.031148,0.334290,0.857734,0.968247,0.747220,0.968984,0.949805,0.988164,0.006563,0.019077,0.047604,0.013729,0.000100,21,1,9,0,0
teapot_droplets,prune,1710,9244.883,0.148387,0.830212,0.921877,0.738548,33,0.00008500,0,0.185366,0.031779,0.338953,0.856201,0.967669,0.744733,0.970027,0.951173,0.988881,0.006885,0.019321,0.046528,0.013454,0.000100,21,1,9,0,0
teapot_droplets,prune,1720,9260.340,0.148998,0.830381,0.921760,0.739002,33,0.00009294,0,0.185048,0.032937,0.337159,0.856083,0.966563,0.745602,0.970142,0.952120,0.988164,0.006926,0.019375,0.045655,0.014624,0.000100,21,1,9,0,0
teapot_droplets,prune,1730,9276.231,0.149124,0.828860,0.922411,0.735310,33,0.00011210,1,0.188181,0.033463,0.342898,0.854168,0.966087,0.742249,0.970362,0.953278,0.987446,0.007158,0.019507,0.044482,0.014461,0.000100,21,1,9,0,0
teapot_droplets,prune,1740,9292.116,0.150319,0.829418,0.921034,0.737802,33,0.00012335,1,0.185986,0.034094,0.337877,0.855216,0.965440,0.744992,0.969762,0.952436,0.987088,0.007312,0.019315,0.045673,0.014747,0.000100,21,1,9,0,0
teapot_droplets,prune,1750,9513.816,0.150223,0.830394,0.920325,0.740462,33,0.00012860,1,0.185235,0.035462,0.335007,0.855503,0.964122,0.746883,0.970742,0.952962,0.988522,0.007649,0.019198,0.045065,0.014364,0.000100,21,1,9,0,0
teapot_droplets,prune,1760,9529.613,0.153370,0.828983,0.918100,0.739866,33,0.00010624,1,0.185194,0.034305,0.336083,0.855705,0.965134,0.746277,0.969059,0.949595,0.988522,0.007566,0.019133,0.048356,0.015173,0.000100,21,1,9,0,0
teapot_droplets,prune,1770,9545.267,0.155147,0.827066,0.916133,0.737999,33,0.00008443,1,0.186332,0.035147,0.337518,0.854728,0.964263,0.745194,0.967710,0.948332,0.987088,0.007648,0.019269,0.049163,0.015489,0.000100,21,1,9,0,0
teapot_droplets,prune,1780,9561.090,0.156258,0.828498,0.916743,0.740253,33,0.00009086,1,0.185170,0.036410,0.333931,0.855189,0.963093,0.747286,0.968784,0.950121,0.987446,0.008315,0.019077,0.048209,0.015770,0.000100,21,1,9,0,0
teapot_droplets,prune,1790,9576.820,0.154316,0.829946,0.916650,0.743243,33,0.00008079,0,0.181815,0.036515,0.327116,0.856973,0.962991,0.750956,0.968246,0.950121,0.986370,0.007981,0.018565,0.048620,0.016592,0.000100,21,1,9,0,0
teapot_droplets,prune,1800,9808.930,0.154477,0.830219,0.913833,0.746605,33,0.00005897,1,0.178745,0.036830,0.320660,0.858590,0.962583,0.754598,0.966751,0.947490,0.986011,0.008044,0.018261,0.050284,0.016093,0.000100,21,1,9,0,0
teapot_droplets,prune,1810,9825.211,0.151712,0.831233,0.916125,0.746341,33,0.00003929,1,0.179917,0.036304,0.323529,0.858225,0.963169,0.753282,0.968595,0.949384,0.987805,0.007883,0.018468,0.048265,0.014867,0.000100,21,1,9,0,0
teapot_droplets,prune,1820,9841.115,0.147307,0.834373,0.921053,0.747694,33,0.00005125,1,0.176884,0.031674,0.322095,0.860992,0.967742,0.754242,0.969374,0.950226,0.988522,0.007024,0.018496,0.046950,0.014607,0.000100,21,1,9,0,0
teapot_droplets,prune,1830,9857.081,0.144437,0.835360,0.923635,0.747086,33,0.00006985,0,0.176949,0.030727,0.323171,0.861178,0.968733,0.753623,0.970269,0.952015,0.988522,0.006777,0.018398,0.045427,0.014303,0.000100,21,1,9,0,0
teapot_droplets,prune,1840,9873.117,0.144080,0.835689,0.923886,0.747491,33,0.00009739,1,0.176222,0.029991,0.322453,0.861741,0.969447,0.754036,0.970058,0.951594,0.988522,0.006574,0.018493,0.045898,0.013847,0.000100,21,1,9,0,0
teapot_droplets,prune,1850,10088.206,0.143587,0.833600,0.925422,0.741779,33,0.00007211,1,0.179663,0.028623,0.330703,0.859928,0.970809,0.749047,0.969499,0.951910,0.987088,0.006143,0.018928,0.044971,0.014229,0.000100,21,1,9,0,0
teapot_droplets,prune,1860,10104.230,0.142846,0.834115,0.927827,0.740403,33,0.00007135,1,0.182721,0.029359,0.336083,0.858295,0.970176,0.746414,0.972153,0.955067,0.989240,0.006408,0.019270,0.042235,0.013716,0.000100,21,1,9,0,0
teapot_droplets,prune,1870,10119.908,0.142827,0.834733,0.927479,0.741988,33,0.00008293,1,0.181727,0.031674,0.331779,0.858300,0.967958,0.748641,0.972510,0.956856,0.988164,0.006940,0.018927,0.040944,0.014220,0.000100,21,1,9,0,0
teapot_droplets,prune,1880,10135.578,0.142568,0.835261,0.927995,0.742526,33,0.00009513,1,0.181043,0.030306,0.331779,0.859027,0.969277,0.748778,0.972500,0.956119,0.988881,0.006484,0.019081,0.041436,0.014643,0.000100,21,1,9,0,0
teapot_droplets,prune,1890,10151.713,0.145264,0.833368,0.925877,0.740860,33,0.00009069,1,0.181772,0.029254,0.334290,0.858752,0.970216,0.747289,0.970742,0.952962,0.988522,0.006374,0.019135,0.044861,0.014435,0.000100,21,1,9,0,0
teapot_droplets,prune,1900,10376.681,0.143512,0.833779,0.928207,0.739352,33,0.00010829,1,0.185419,0.031885,0.338953,0.856361,0.967783,0.744939,0.973880,0.957803,0.989957,0.007053,0.019287,0.040424,0.013588,0.000100,21,1,9,0,0
teapot_droplets,prune,1910,10392.667,0.144361,0.835240,0.928047,0.742432,33,0.00009870,1,0.179816,0.032516,0.327116,0.858966,0.967180,0.750752,0.971759,0.958224,0.985294,0.007040,0.018817,0.039654,0.017242,0.000100,21,1,9,0,0
teapot_droplets,prune,1920,10408.618,0.147683,0.832399,0.928608,0.736190,33,0.00009192,1,0.181421,0.031779,0.331062,0.857683,0.967896,0.747469,0.969016,0.958118,0.979914,0.006863,0.018897,0.039688,0.021296,0.000100,21,1,9,0,0
teapot_droplets,prune,1930,10424.529,0.147586,0.832652,0.928688,0.736616,33,0.00009901,1,0.181602,0.029991,0.333214,0.858130,0.969600,0.746659,0.969303,0.956540,0.982066,0.006507,0.019130,0.040583,0.020775,0.000100,21,1,9,0,0
teapot_droplets,prune,1940,10440.536,0.150475,0.830440,0.926028,0.734853,33,0.00008937,1,0.184618,0.031359,0.337877,0.856220,0.968210,0.744230,0.969104,0.955067,0.983142,0.006768,0.019374,0.042595,0.019962,0.000100,21,1,9,0,0
teapot_droplets,prune,1950,10672.620,0.151475,0.829044,0.923273,0.734814,33,0.00005871,1,0.185189,0.029991,0.340387,0.856297,0.969427,0.743166,0.967949,0.950963,0.984935,0.006608,0.019478,0.046367,0.017551,0.000100,21,1,9,0,0
teapot_droplets,prune,1960,10688.402,0.147329,0.831316,0.926172,0.736461,33,0.00007789,1,0.184197,0.030517,0.337877,0.856832,0.969017,0.744646,0.969865,0.954435,0.985294,0.006513,0.019360,0.042836,0.017311,0.000100,21,1,9,0,0
teapot_droplets,prune,1970,10704.398,0.145523,0.832780,0.927223,0.738338,33,0.00007067,1,0.184407,0.030938,0.337877,0.856890,0.968650,0.745130,0.971857,0.955909,0.987805,0.006756,0.019275,0.041892,0.015620,0.000100,21,1,9,0,0
teapot_droplets,prune,1980,10720.302,0.145754,0.831887,0.928127,0.735648,33,0.00005010,1,0.186992,0.030727,0.343257,0.855534,0.968880,0.742188,0.972404,0.956645,0.988164,0.006729,0.019536,0.041377,0.015472,0.000100,21,1,9,0,0
teapot_droplets,prune,1990,10736.234,0.149207,0.826060,0.929169,0.722952,33,0.00008712,1,0.198448,0.031043,0.365854,0.849136,0.968614,0.729658,0.972730,0.958013,0.987446,0.006619,0.020979,0.039310,0.016017,0.000100,21,1,9,0,0
teapot_droplets,prune,2000,10955.442,0.150343,0.824752,0.927908,0.721595,33,0.00007895,1,0.198723,0.030517,0.366930,0.848968,0.969073,0.728863,0.971297,0.956224,0.986370,0.006580,0.020944,0.040734,0.016157,0.000100,21,1,9,0,0
teapot_droplets,prune,2010,10971.199,0.147500,0.828165,0.929586,0.726744,33,0.00008683,1,0.193460,0.029675,0.357245,0.852023,0.969930,0.734116,0.971771,0.957171,0.986370,0.006415,0.020458,0.039992,0.016337,0.000100,21,1,9,0,0
teapot_droplets,prune,2020,10986.975,0.150610,0.828210,0.929724,0.726695,33,0.00007624,1,0.192288,0.030201,0.354376,0.852347,0.969432,0.735263,0.971010,0.957803,0.984218,0.006625,0.020431,0.039857,0.019202,0.000100,21,1,9,0,0
teapot_droplets,prune,2030,11002.759,0.151200,0.825952,0.926792,0.725112,33,0.00009133,1,0.194472,0.030622,0.358321,0.851091,0.968937,0.733244,0.970054,0.955172,0.984935,0.006585,0.020466,0.041595,0.018130,0.000100,21,1,9,0,0
teapot_droplets,prune,2040,11018.623,0.150249,0.827140,0.929003,0.725278,33,0.00011872,1,0.192575,0.028623,0.356528,0.852465,0.970918,0.734011,0.969726,0.955593,0.983859,0.006245,0.020344,0.041345,0.019148,0.000100,21,1,9,0,0
teapot_droplets,prune,2050,11250.655,0.154034,0.825414,0.927856,0.722971,33,0.00012812,1,0.193333,0.029780,0.356887,0.851509,0.969775,0.733244,0.968239,0.955488,0.980990,0.006546,0.020593,0.041897,0.020596,0.000100,21,1,9,0,0
teapot_droplets,prune,2060,11266.276,0.152557,0.825148,0.930717,0.719580,33,0.00012472,0,0.197279,0.029780,0.364778,0.849513,0.969865,0.729161,0.970250,0.958434,0.982066,0.006495,0.020945,0.039014,0.020638,0.000100,21,1,9,0,0
teapot_droplets,prune,2070,11281.965,0.151063,0.824865,0.929330,0.720399,33,0.00010922,0,0.198312,0.030411,0.366212,0.849019,0.969219,0.728818,0.970905,0.957592,0.984218,0.006682,0.020951,0.039077,0.018152,0.000100,21,1,9,0,0
teapot_droplets,prune,2080,11297.570,0.149383,0.825488,0.930619,0.720357,33,0.00010034,1,0.199323,0.031359,0.367288,0.848372,0.968362,0.728382,0.972369,0.959802,0.984935,0.006682,0.021098,0.037336,0.017447,0.000100,21,1,9,0,0
teapot_droplets,prune,2090,11313.333,0.149837,0.824103,0.931609,0.716597,33,0.00009316,2,0.201911,0.029359,0.374462,0.847416,0.970294,0.724538,0.971948,0.958960,0.984935,0.006204,0.021507,0.037770,0.017799,0.000100,21,1,9,0,0
teapot_droplets,prune,2100,11537.008,0.149520,0.825695,0.931295,0.720094,33,0.00008417,1,0.198271,0.029254,0.367288,0.849347,0.970385,0.728310,0.971558,0.958539,0.984577,0.006274,0.021107,0.038223,0.018321,0.000100,21,1,9,0,0
teapot_droplets,prune,2110,11552.758,0.152531,0.824003,0.929264,0.718742,33,0.00007628,0,0.199651,0.030938,0.368364,0.848115,0.968717,0.727514,0.970757,0.958013,0.983501,0.006587,0.021160,0.038831,0.019599,0.000100,21,1,9,0,0
teapot_droplets,prune,2120,11568.942,0.152848,0.824799,0.931077,0.718520,33,0.00014044,1,0.198166,0.029043,0.367288,0.849228,0.970579,0.727877,0.970272,0.958118,0.982425,0.006379,0.021180,0.039089,0.020397,0.000100,21,1,9,0,0
teapot_droplets,prune,2130,11584.928,0.151378,0.824918,0.929900,0.719937,33,0.00013769,2,0.199431,0.029780,0.369082,0.848700,0.969839,0.727562,0.971623,0.957592,0.985653,0.006456,0.021193,0.039650,0.017844,0.000100,21,1,9,0,0
teapot_droplets,prune,2140,11601.008,0.149017,0.825419,0.928703,0.722135,33,0.00015084,1,0.197310,0.030201,0.364419,0.849701,0.969400,0.730003,0.971022,0.956750,0.985294,0.006284,0.020935,0.040236,0.016346,0.000100,21,1,9,0,0
teapot_droplets,prune,2150,11823.898,0.148186,0.826073,0.930332,0.721814,33,0.00009986,2,0.198314,0.028623,0.368006,0.849729,0.970959,0.728500,0.972204,0.956961,0.987446,0.006116,0.021008,0.039927,0.016151,0.000100,21,1,9,0,0
teapot_droplets,prune,2160,11839.357,0.150095,0.825931,0.928732,0.723130,33,0.00009467,0,0.194612,0.027675,0.361549,0.851618,0.971820,0.731415,0.969506,0.954435,0.984577,0.006083,0.020813,0.042005,0.017110,0.000100,21,1,9,0,0
teapot_droplets,prune,2170,11855.108,0.150233,0.825808,0.930038,0.721579,33,0.00010882,1,0.196645,0.030306,0.362984,0.849882,0.969342,0.730421,0.970862,0.958224,0.983501,0.006427,0.020883,0.038592,0.019011,0.000100,21,1,9,0,0
teapot_droplets,prune,2180,11870.630,0.149416,0.827136,0.928922,0.725350,33,0.00011045,0,0.192912,0.028938,0.356887,0.852250,0.970613,0.733886,0.970011,0.955803,0.984218,0.006151,0.020589,0.041093,0.017881,0.000100,21,1,9,0,0
teapot_droplets,base,1,2.416,1.555599,0.188370,0.187974,0.188767,20,0.00005626,0,0.483933,0.109544,0.858321,0.472881,0.655640,0.290122,0.279677,0.208566,0.350789,0.025628,0.050610,0.785403,0.638043,0.000000,0,0,0,0,0
teapot_droplets,base,10,18.838,1.310555,0.268012,0.236659,0.299364,20,0.00000027,1,0.383842,0.074713,0.692970,0.597683,0.772945,0.422422,0.380578,0.254341,0.506815,0.017321,0.040535,0.740351,0.484398,0.000000,0,0,0,0,0
teapot_droplets,base,20,36.342,1.131634,0.338371,0.293247,0.383494,20,0.00000689,1,0.329510,0.059665,0.599354,0.672344,0.838920,0.505768,0.462043,0.310744,0.613343,0.013761,0.034916,0.683643,0.379011,0.000000,0,0,0,0,0
teapot_droplets,base,30,53.340,1.007776,0.391720,0.354454,0.428986,20,0.00008245,2,0.334120,0.059560,0.608680,0.697232,0.863120,0.531345,0.532833,0.375566,0.690100,0.013859,0.035259,0.618343,0.304875,0.000000,0,0,0,0,0
teapot_droplets,base,40,70.435,0.922206,0.430238,0.413649,0.446827,20,0.00030794,2,0.349995,0.060823,0.639168,0.706130,0.878265,0.533996,0.585617,0.438809,0.732425,0.014072,0.037043,0.555143,0.264830,0.000000,0,0,0,0,0
teapot_droplets,base,50,87.524,0.865221,0.457365,0.459067,0.455663,20,0.00044857,3,0.346011,0.057876,0.634146,0.716788,0.893514,0.540062,0.615128,0.485636,0.744620,0.013384,0.036711,0.508225,0.252402,0.000000,0,0,0,0,0
teapot_droplets,base,60,104.717,0.816077,0.482420,0.502446,0.462394,20,0.00033644,3,0.332998,0.054088,0.611908,0.728246,0.907337,0.549154,0.637480,0.529622,0.745337,0.012409,0.035242,0.464099,0.251789,0.000000,0,0,0,0,0
teapot_droplets,base,70,121.643,0.771959,0.506249,0.540969,0.471528,20,0.00036070,2,0.324641,0.055667,0.593615,0.734924,0.911182,0.558667,0.661259,0.571083,0.751435,0.012820,0.034074,0.423275,0.246599,0.000000,0,0,0,0,0
teapot_droplets,base,80,138.232,0.741541,0.523862,0.568877,0.478847,20,0.00045008,2,0.314402,0.060297,0.568508,0.739148,0.909120,0.569176,0.677127,0.603178,0.751076,0.013546,0.032868,0.391692,0.246236,0.000000,0,0,0,0,0
teapot_droplets,base,90,154.798,0.700271,0.545282,0.600159,0.490405,20,0.00080246,3,0.305689,0.060086,0.551291,0.746766,0.913707,0.579825,0.698490,0.636220,0.760760,0.013344,0.031923,0.359040,0.237347,0.000000,0,0,0,0,0
teapot_droplets,base,100,171.326,0.674667,0.558027,0.617344,0.498709,20,0.00101050,2,0.290791,0.053246,0.528336,0.757457,0.924308,0.590606,0.706205,0.650216,0.762195,0.011993,0.030499,0.344311,0.234565,0.000000,0,0,0,0,0
teapot_droplets,base,110,187.961,0.638111,0.576892,0.640374,0.513411,20,0.00052749,3,0.279184,0.047248,0.511119,0.768513,0.934184,0.602843,0.723228,0.670630,0.775825,0.010839,0.029405,0.324519,0.223107,0.000000,0,0,0,0,0
teapot_droplets,base,120,204.459,0.607536,0.593002,0.659091,0.526913,20,0.00062815,3,0.266209,0.046406,0.486011,0.776985,0.936955,0.617015,0.736338,0.689677,0.782999,0.010455,0.027867,0.305630,0.215634,0.000000,0,0,0,0,0
teapot_droplets,base,130,221.242,0.591843,0.601705,0.666901,0.536508,20,0.00046374,1,0.257548,0.046301,0.468795,0.782386,0.937774,0.626998,0.742900,0.697780,0.788020,0.010289,0.026900,0.297497,0.210992,0.000000,0,0,0,0,0
teapot_droplets,base,140,237.796,0.574306,0.610970,0.678072,0.543868,20,0.00027892,1,0.252569,0.045670,0.459469,0.786429,0.939487,0.633371,0.751399,0.709039,0.793759,0.010254,0.026473,0.286116,0.204879,0.000000,0,0,0,0,0
teapot_droplets,base,150,254.097,0.558403,0.617362,0.685314,0.549410,20,0.00039762,1,0.251548,0.043986,0.459110,0.788964,0.942081,0.635846,0.758554,0.715458,0.801650,0.009765,0.026171,0.279204,0.197192,0.000000,0,0,0,0,0
teapot_droplets,base,160,270.807,0.541615,0.627143,0.694335,0.559950,20,0.00049315,1,0.241993,0.042092,0.441894,0.795653,0.945025,0.646282,0.765475,0.723561,0.807389,0.009234,0.025180,0.271947,0.191808,0.000000,0,0,0,0,0
teapot_droplets,base,170,287.474,0.527391,0.634236,0.704003,0.564468,20,0.00043842,1,0.238186,0.040934,0.435438,0.798771,0.947096,0.650446,0.771540,0.732821,0.810258,0.008972,0.024923,0.262176,0.187894,0.000000,0,0,0,0,0
teapot_droplets,base,180,304.386,0.504990,0.643835,0.722582,0.565089,20,0.00079603,1,0.247449,0.040093,0.454806,0.796588,0.949355,0.643820,0.786823,0.751552,0.822095,0.008782,0.026085,0.243622,0.177391,0.000000,0,0,0,0,0
teapot_droplets,base,190,320.937,0.486030,0.652595,0.736794,0.568395,20,0.00108409,1,0.245269,0.037883,0.452654,0.799351,0.952799,0.645903,0.795194,0.764706,0.825681,0.008113,0.025948,0.230093,0.172850,0.000000,0,0,0,0,0
teapot_droplets,base,200,337.908,0.467566,0.660677,0.755657,0.565696,20,0.00107918,1,0.249115,0.032306,0.465925,0.800250,0.960233,0.640266,0.804669,0.780069,0.829268,0.006982,0.026640,0.214934,0.169255,0.000000,0,0,0,0,0
teapot_droplets,base,210,355.067,0.455155,0.666335,0.766255,0.566415,20,0.00080001,1,0.251301,0.030938,0.471664,0.800475,0.962313,0.638637,0.811767,0.789961,0.833572,0.006666,0.027089,0.205430,0.164655,0.000000,0,0,0,0,0
teapot_droplets,base,220,371.849,0.442259,0.671619,0.772018,0.571220,20,0.00056080,1,0.253379,0.031148,0.475610,0.800814,0.962346,0.639282,0.819481,0.796064,0.842898,0.006531,0.027328,0.199600,0.155929,0.000000,0,0,0,0,0
teapot_droplets,base,230,388.791,0.424652,0.678645,0.778968,0.578322,20,0.00067716,1,0.255435,0.031674,0.479197,0.801519,0.962081,0.640957,0.829546,0.803641,0.855452,0.006637,0.027468,0.191687,0.143204,0.000000,0,0,0,0,0
teapot_droplets,base,240,405.563,0.413194,0.682505,0.781435,0.583575,20,0.00075103,0,0.258831,0.032727,0.484935,0.801108,0.961028,0.641189,0.836790,0.807008,0.866571,0.006718,0.027734,0.188117,0.132596,0.000000,0,0,0,0,0
teapot_droplets,base,250,422.545,0.404503,0.686838,0.787851,0.585824,20,0.00073414,0,0.259266,0.030727,0.487805,0.802351,0.963541,0.641161,0.841826,0.812059,0.871593,0.006417,0.028014,0.184028,0.127127,0.000000,0,0,0,0,0
teapot_droplets,base,260,439.429,0.397475,0.691002,0.797527,0.584478,20,0.00085418,0,0.258867,0.029570,0.488164,0.802879,0.965240,0.640518,0.845454,0.821109,0.869799,0.006269,0.028122,0.174351,0.129059,0.000000,0,0,0,0,0
teapot_droplets,base,270,456.288,0.389231,0.694494,0.806731,0.582257,20,0.00076997,0,0.265890,0.031779,0.500000,0.799580,0.963225,0.635936,0.852877,0.832369,0.873386,0.006667,0.028680,0.163791,0.126701,0.000000,0,0,0,0,0
teapot_droplets,base,280,473.412,0.386448,0.695620,0.808743,0.582496,20,0.00062070,0,0.266363,0.032727,0.500000,0.799163,0.962294,0.636031,0.854477,0.835210,0.873745,0.006676,0.028784,0.160922,0.126141,0.000000,0,0,0,0,0
teapot_droplets,base,290,490.344,0.385893,0.696880,0.808804,0.584956,20,0.00046553,1,0.261387,0.030306,0.492468,0.802128,0.964908,0.639349,0.853172,0.833316,0.873027,0.006412,0.028278,0.162460,0.127186,0.000000,0,0,0,0,0
teapot_droplets,base,300,507.337,0.373703,0.699893,0.817735,0.582051,20,0.00056347,1,0.271191,0.027675,0.514706,0.799754,0.968117,0.631390,0.861001,0.840366,0.881636,0.005570,0.029545,0.155666,0.118662,0.000000,0,0,0,0,0
teapot_droplets,base,310,524.332,0.366055,0.703061,0.822630,0.583491,20,0.00051907,1,0.271140,0.025781,0.516499,0.800892,0.970353,0.631431,0.864351,0.843839,0.884864,0.005026,0.029726,0.152722,0.114595,0.000000,0,0,0,0,0
teapot_droplets,base,320,541.250,0.361733,0.704696,0.824066,0.585325,20,0.00052306,2,0.270602,0.025781,0.515423,0.801442,0.970403,0.632481,0.866164,0.845312,0.887016,0.005109,0.029469,0.150694,0.112510,0.000000,0,0,0,0,0
teapot_droplets,base,330,557.842,0.358235,0.707397,0.824707,0.590086,20,0.00053808,0,0.264875,0.024729,0.505022,0.804529,0.971570,0.637487,0.866597,0.845102,0.888092,0.004810,0.028888,0.150882,0.111944,0.000000,0,0,0,0,0
teapot_droplets,base,340,574.370,0.361178,0.705702,0.825377,0.586027,20,0.00054264,0,0.267185,0.025045,0.509326,0.802917,0.971249,0.634586,0.865277,0.846049,0.884505,0.004895,0.029214,0.150233,0.114220,0.000000,0,0,0,0,0
teapot_droplets,base,350,590.934,0.356552,0.709225,0.830411,0.588039,20,0.00055097,1,0.265844,0.026307,0.505380,0.803315,0.970056,0.636575,0.868740,0.852257,0.885222,0.005373,0.029096,0.144440,0.113423,0.000000,0,0,0,0,0
teapot_droplets,base,360,607.619,0.351987,0.711065,0.834941,0.587189,20,0.00052233,0,0.268809,0.025781,0.511836,0.802534,0.970778,0.634290,0.872100,0.856466,0.887733,0.005260,0.029448,0.140228,0.111629,0.000000,0,0,0,0,0
teapot_droplets,base,370,624.282,0.348076,0.714206,0.836395,0.592017,20,0.00046368,0,0.262986,0.025255,0.500717,0.805474,0.971391,0.639556,0.872985,0.857519,0.888451,0.005137,0.028891,0.138770,0.111511,0.000000,0,0,0,0,0
teapot_droplets,base,380,641.092,0.347275,0.715407,0.838247,0.592566,20,0.00042809,2,0.261791,0.027886,0.495696,0.804984,0.968650,0.641318,0.873961,0.861623,0.886298,0.005646,0.028512,0.135222,0.113672,0.000000,0,0,0,0,0
teapot_droplets,base,390,658.055,0.343544,0.716882,0.840299,0.593465,20,0.00045524,2,0.260040,0.027255,0.492826,0.805976,0.969393,0.642560,0.874570,0.863201,0.885940,0.005494,0.028241,0.133544,0.112880,0.000000,0,0,0,0,0
teapot_droplets,base,400,674.645,0.341014,0.718506,0.842450,0.594562,20,0.00034962,0,0.258964,0.027255,0.490674,0.806563,0.969468,0.643657,0.875855,0.865411,0.886298,0.005463,0.028032,0.131076,0.113573,0.000000,0,0,0,0,0
teapot_droplets,base,410,691.089,0.340770,0.719932,0.842762,0.597101,20,0.00024551,1,0.256779,0.028623,0.484935,0.807241,0.968038,0.646444,0.876771,0.866884,0.886657,0.005918,0.027851,0.129061,0.114302,0.000000,0,0,0,0,0
teapot_droplets,base,420,707.421,0.339643,0.718921,0.842030,0.595811,20,0.00050879,0,0.259237,0.028517,0.489957,0.806242,0.968121,0.644363,0.876888,0.866042,0.887733,0.005960,0.027893,0.129952,0.111621,0.000000,0,0,0,0,0
teapot_droplets,base,430,723.761,0.338486,0.720625,0.843712,0.597537,20,0.00045425,0,0.258243,0.030832,0.485653,0.806073,0.965763,0.646383,0.878729,0.869725,0.887733,0.006244,0.027937,0.126438,0.112581,0.000000,0,0,0,0,0
teapot_droplets,base,440,740.201,0.338338,0.720394,0.844639,0.596149,20,0.00034528,0,0.260942,0.031569,0.490316,0.804708,0.965035,0.644381,0.879877,0.871304,0.888451,0.006535,0.028201,0.124509,0.112208,0.000000,0,0,0,0,0
teapot_droplets,base,450,756.845,0.335715,0.722719,0.849781,0.595657,20,0.00035517,1,0.258938,0.031148,0.486729,0.805497,0.965673,0.645321,0.880915,0.876250,0.885581,0.006441,0.028121,0.120136,0.114357,0.000000,0,0,0,0,0
teapot_droplets,base,460,773.825,0.333135,0.723346,0.852079,0.594614,20,0.00035402,1,0.260923,0.030096,0.491750,0.805094,0.966848,0.643340,0.882369,0.877723,0.887016,0.006281,0.028273,0.118454,0.113205,0.000000,0,0,0,0,0
teapot_droplets,base,470,790.347,0.333229,0.724504,0.849153,0.599854,20,0.00027501,0,0.254582,0.031043,0.478121,0.807714,0.965757,0.649671,0.881085,0.875513,0.886657,0.006398,0.027483,0.121017,0.113498,0.000000,0,0,0,0,0
teapot_droplets,base,480,806.806,0.330067,0.726413,0.850199,0.602626,20,0.00031267,0,0.252705,0.030517,0.474892,0.809052,0.966342,0.651762,0.882477,0.876144,0.888809,0.006388,0.027246,0.120158,0.111804,0.000000,0,0,0,0,0
teapot_droplets,base,490,823.380,0.327363,0.728166,0.851641,0.604691,20,0.00034181,0,0.250402,0.032727,0.468077,0.809443,0.964125,0.654762,0.883622,0.879512,0.887733,0.006705,0.026874,0.117224,0.111935,0.000000,0,0,0,0,0
teapot_droplets,base,500,840.107,0.327001,0.727908,0.851023,0.604793,20,0.00030841,1,0.250369,0.034094,0.466643,0.808988,0.962703,0.655273,0.883527,0.880038,0.887016,0.006872,0.026616,0.116252,0.112891,0.000000,0,0,0,0,0
teapot_droplets,base,510,856.912,0.325161,0.730265,0.850719,0.609810,20,0.00035382,1,0.243577,0.031990,0.455165,0.812905,0.964843,0.660967,0.882654,0.877933,0.887374,0.006397,0.026053,0.118045,0.113169,0.000000,0,0,0,0,0
teapot_droplets,base,520,873.795,0.323911,0.731245,0.850801,0.611689,20,0.00039431,1,0.239749,0.031148,0.448350,0.814846,0.965713,0.663978,0.881621,0.877302,0.885940,0.006295,0.025550,0.118844,0.113369,0.000000,0,0,0,0,0
teapot_droplets,base,530,890.283,0.321522,0.733252,0.852094,0.614410,20,0.00039794,0,0.236944,0.030201,0.443687,0.816658,0.966740,0.666577,0.882422,0.877828,0.887016,0.006137,0.025297,0.118372,0.112830,0.000000,0,0,0,0,0
teapot_droplets,base,540,907.168,0.319196,0.734229,0.853952,0.614506,20,0.00041023,1,0.237913,0.031779,0.444046,0.815837,0.965187,0.666487,0.884232,0.881090,0.887374,0.006364,0.025332,0.114987,0.112573,0.000000,0,0,0,0,0
teapot_droplets,base,550,924.042,0.316969,0.736163,0.856327,0.615998,20,0.00038586,1,0.235686,0.031990,0.439383,0.816858,0.965066,0.668650,0.885189,0.883721,0.886657,0.006415,0.025129,0.112806,0.112906,0.000000,0,0,0,0,0
teapot_droplets,base,560,940.831,0.313648,0.737157,0.860361,0.613952,20,0.00040346,1,0.238587,0.032411,0.444763,0.815417,0.964796,0.666038,0.887631,0.888246,0.887016,0.006539,0.025430,0.108005,0.112302,0.000000,0,0,0,0,0
teapot_droplets,base,570,957.565,0.311567,0.739083,0.861918,0.616247,20,0.00038644,1,0.236002,0.032621,0.439383,0.816692,0.964644,0.668740,0.888525,0.890035,0.887016,0.006770,0.025042,0.106210,0.112424,0.000000,0,0,0,0,0
teapot_droplets,base,580,973.923,0.310698,0.739649,0.861687,0.617610,20,0.00044427,0,0.236705,0.035462,0.437948,0.815753,0.961774,0.669732,0.890168,0.892245,0.888092,0.007192,0.025017,0.104085,0.111953,0.000000,0,0,0,0,0
teapot_droplets,base,590,990.489,0.309057,0.740878,0.862376,0.619381,20,0.00046530,0,0.238019,0.039882,0.436155,0.814208,0.957421,0.670996,0.893148,0.896769,0.889527,0.008441,0.024893,0.099556,0.110142,0.000000,0,0,0,0,0
teapot_droplets,base,600,1006.928,0.303968,0.743691,0.864920,0.622462,20,0.00047782,0,0.235381,0.039987,0.430775,0.815716,0.957437,0.673996,0.895054,0.899505,0.890603,0.008329,0.024547,0.096941,0.108923,0.000000,0,0,0,0,0
teapot_droplets,base,610,1023.537,0.301492,0.744350,0.867139,0.621561,20,0.00041594,0,0.236574,0.039146,0.434003,0.815448,0.958366,0.672530,0.896202,0.901084,0.891320,0.008185,0.024690,0.095312,0.107855,0.000000,0,0,0,0,0
teapot_droplets,base,620,1040.163,0.304078,0.743149,0.866288,0.620010,20,0.00035375,0,0.237421,0.037251,0.437590,0.815454,0.960193,0.670715,0.894939,0.898558,0.891320,0.007760,0.025057,0.097751,0.108572,0.000000,0,0,0,0,0
teapot_droplets,base,630,1056.607,0.305683,0.742499,0.864879,0.620120,20,0.00040435,0,0.236479,0.039672,0.433286,0.815009,0.957745,0.672273,0.893999,0.899190,0.888809,0.008281,0.024695,0.097154,0.110274,0.000000,0,0,0,0,0
teapot_droplets,base,640,1073.290,0.300371,0.745347,0.863342,0.627353,20,0.00034408,0,0.234822,0.040303,0.429340,0.816639,0.957053,0.676224,0.897419,0.898137,0.896700,0.008474,0.024542,0.098568,0.102848,0.000000,0,0,0,0,0
teapot_droplets,base,650,1090.057,0.293837,0.749247,0.862383,0.636111,20,0.00026762,0,0.229391,0.038409,0.420373,0.820672,0.958873,0.682471,0.899511,0.895507,0.903515,0.008094,0.024118,0.101565,0.095866,0.000000,0,0,0,0,0
teapot_droplets,base,660,1106.922,0.289350,0.749675,0.863237,0.636113,20,0.00031492,0,0.234652,0.041040,0.428264,0.817981,0.956327,0.679635,0.903600,0.898664,0.908537,0.008498,0.024388,0.097769,0.091944,0.000000,0,0,0,0,0
teapot_droplets,base,670,1123.482,0.279600,0.754598,0.868984,0.640212,20,0.00030744,0,0.231058,0.038514,0.423601,0.820884,0.959070,0.682697,0.906929,0.902452,0.911406,0.008029,0.024034,0.094110,0.088063,0.000000,0,0,0,0,0
teapot_droplets,base,680,1140.161,0.275101,0.757609,0.866788,0.648430,20,0.00038131,0,0.227818,0.039566,0.416069,0.823055,0.957937,0.688172,0.909652,0.901084,0.918221,0.008260,0.023755,0.095679,0.081635,0.000000,0,0,0,0,0
teapot_droplets,base,690,1156.959,0.276112,0.755644,0.866525,0.644763,20,0.00040238,0,0.232280,0.039882,0.424677,0.820730,0.957616,0.683845,0.909832,0.901084,0.918580,0.008252,0.024160,0.095599,0.081232,0.000000,0,0,0,0,0
teapot_droplets,base,700,1173.806,0.273032,0.758043,0.867793,0.648293,20,0.00033589,0,0.229441,0.040303,0.418580,0.822240,0.957264,0.687215,0.911212,0.902768,0.919656,0.008192,0.023871,0.094517,0.080337,0.000000,0,0,0,0,0
teapot_droplets,base,710,1190.814,0.273268,0.758409,0.868985,0.647834,20,0.00049019,2,0.228322,0.040934,0.415710,0.822406,0.956706,0.688105,0.910851,0.904556,0.917145,0.008319,0.023653,0.092528,0.082835,0.000000,0,0,0,0,0
teapot_droplets,base,720,1208.012,0.268942,0.761273,0.872280,0.650266,20,0.00056010,1,0.227026,0.039777,0.414275,0.823709,0.957986,0.689433,0.913316,0.906977,0.919656,0.008368,0.023560,0.090204,0.080473,0.000000,0,0,0,0,0
teapot_droplets,base,730,1225.162,0.268807,0.761332,0.871164,0.651500,20,0.00054998,1,0.223360,0.035673,0.411047,0.826494,0.961966,0.691022,0.910769,0.902241,0.919297,0.007544,0.023370,0.093987,0.080605,0.000000,0,0,0,0,0
teapot_droplets,base,740,1242.116,0.268557,0.760681,0.870994,0.650367,20,0.00054319,2,0.226639,0.037567,0.415710,0.824516,0.960089,0.688943,0.912223,0.903715,0.920732,0.007882,0.023576,0.092357,0.079782,0.000000,0,0,0,0,0
teapot_droplets,base,750,1259.329,0.265633,0.763293,0.872720,0.653866,20,0.00048364,1,0.224369,0.038409,0.410330,0.825700,0.959341,0.692059,0.914203,0.906240,0.922166,0.008103,0.023330,0.090214,0.078823,0.000000,0,0,0,0,0
teapot_droplets,base,760,1276.474,0.264213,0.765163,0.875901,0.654425,20,0.00050786,2,0.221292,0.036199,0.406385,0.827673,0.961646,0.693701,0.913991,0.907608,0.920373,0.007736,0.023300,0.089162,0.079866,0.000000,0,0,0,0,0
teapot_droplets,base,770,1293.735,0.265924,0.762972,0.873262,0.652682,20,0.00036993,2,0.223865,0.037041,0.410689,0.826123,0.960706,0.691541,0.913170,0.905609,0.920732,0.007729,0.023435,0.091483,0.079045,0.000000,0,0,0,0,0
teapot_droplets,base,780,1311.161,0.264917,0.763514,0.873416,0.653611,20,0.00027529,2,0.224317,0.038304,0.410330,0.825725,0.959475,0.691976,0.914340,0.906872,0.921808,0.007923,0.023260,0.090057,0.079347,0.000000,0,0,0,0,0
teapot_droplets,base,790,1328.475,0.265949,0.763400,0.873090,0.653709,20,0.00028594,2,0.225771,0.039777,0.411765,0.824752,0.958023,0.691481,0.915351,0.907819,0.922884,0.008398,0.023335,0.089804,0.078541,0.000000,0,0,0,0,0
teapot_droplets,base,800,1345.816,0.264678,0.763484,0.874772,0.652196,20,0.00030265,2,0.226151,0.039461,0.412841,0.824499,0.958407,0.690591,0.915370,0.909292,0.921449,0.008415,0.023493,0.087663,0.078555,0.000000,0,0,0,0,0
teapot_droplets,base,810,1363.147,0.266321,0.762071,0.871030,0.653113,20,0.00031508,1,0.225855,0.040303,0.411406,0.824417,0.957416,0.691418,0.913971,0.906135,0.921808,0.008209,0.023333,0.090532,0.078968,0.000000,0,0,0,0,0
teapot_droplets,base,820,1380.484,0.267396,0.762433,0.871764,0.653103,20,0.00039137,2,0.225422,0.040514,0.410330,0.824528,0.957246,0.691810,0.914086,0.907082,0.921090,0.008559,0.023361,0.090000,0.079120,0.000000,0,0,0,0,0
teapot_droplets,base,830,1397.803,0.268090,0.762103,0.871346,0.652859,20,0.00032432,2,0.225907,0.040408,0.411406,0.824332,0.957329,0.691335,0.914002,0.906556,0.921449,0.008362,0.023491,0.090906,0.079307,0.000000,0,0,0,0,0
teapot_droplets,base,840,1415.224,0.265136,0.763959,0.874149,0.653768,20,0.00030087,2,0.222442,0.035989,0.408895,0.827168,0.961779,0.692557,0.913350,0.905609,0.921090,0.007652,0.023359,0.091944,0.078372,0.000000,0,0,0,0,0
teapot_droplets,base,850,1432.473,0.268452,0.761756,0.870498,0.653015,20,0.00030796,1,0.225032,0.040093,0.409971,0.824755,0.957596,0.691914,0.913065,0.905398,0.920732,0.008385,0.023366,0.091768,0.079267,0.000000,0,0,0,0,0
teapot_droplets,base,860,1449.786,0.265099,0.763261,0.873264,0.653259,20,0.00031206,1,0.223389,0.037883,0.408895,0.826135,0.959880,0.692391,0.913359,0.906345,0.920373,0.007867,0.023240,0.090409,0.079474,0.000000,0,0,0,0,0
teapot_droplets,base,870,1467.119,0.266274,0.763098,0.871251,0.654944,20,0.00026792,1,0.224776,0.042092,0.407461,0.824582,0.955693,0.693470,0.914866,0.907924,0.921808,0.008629,0.023247,0.089746,0.078402,0.000000,0,0,0,0,0
teapot_droplets,base,880,1484.292,0.263955,0.764443,0.874785,0.654101,20,0.00030001,1,0.223451,0.038725,0.408178,0.826028,0.959125,0.692930,0.914875,0.908660,0.921090,0.008065,0.023249,0.088678,0.079115,0.000000,0,0,0,0,0
teapot_droplets,base,890,1501.580,0.265911,0.763082,0.874368,0.651797,20,0.00027380,1,0.223702,0.040303,0.407102,0.825075,0.957572,0.692579,0.913376,0.909607,0.917145,0.008269,0.023216,0.087269,0.082034,0.000000,0,0,0,0,0
teapot_droplets,base,900,1518.770,0.264982,0.765195,0.877250,0.653139,20,0.00026596,1,0.223016,0.040724,0.405308,0.825491,0.957299,0.693684,0.915419,0.912975,0.917862,0.008867,0.023226,0.084029,0.081817,0.000000,0,0,0,0,0
teapot_droplets,base,910,1536.013,0.265900,0.763274,0.874153,0.652396,20,0.00022777,1,0.223829,0.040198,0.407461,0.825152,0.957664,0.692641,0.913756,0.909292,0.918221,0.008696,0.023016,0.087438,0.080981,0.000000,0,0,0,0,0
teapot_droplets,base,920,1553.142,0.264814,0.764181,0.874937,0.653425,20,0.00023335,0,0.225525,0.042513,0.408537,0.824022,0.955467,0.692578,0.916253,0.912133,0.920373,0.008973,0.023197,0.085448,0.079928,0.000000,0,0,0,0,0
teapot_droplets,base,930,1570.019,0.264435,0.764638,0.874773,0.654504,20,0.00022180,0,0.224248,0.042829,0.405667,0.824575,0.955156,0.693994,0.916126,0.912238,0.920014,0.009228,0.022975,0.084632,0.080198,0.000000,0,0,0,0,0
teapot_droplets,base,940,1586.724,0.263895,0.765046,0.873235,0.656858,20,0.00024578,0,0.222591,0.043460,0.401722,0.825353,0.954475,0.696230,0.915959,0.911186,0.920732,0.009156,0.022722,0.086360,0.079151,0.000000,0,0,0,0,0
teapot_droplets,base,950,1603.621,0.266202,0.765127,0.871297,0.658957,20,0.00033334,0,0.218227,0.040829,0.395624,0.828063,0.956918,0.699209,0.913264,0.906872,0.919656,0.008616,0.022504,0.090556,0.080488,0.000000,0,0,0,0,0
teapot_droplets,base,960,1620.635,0.264190,0.765430,0.874442,0.656418,20,0.00041595,0,0.218748,0.037567,0.399928,0.828502,0.960241,0.696764,0.913115,0.907292,0.918938,0.007999,0.022573,0.090007,0.080923,0.000000,0,0,0,0,0
teapot_droplets,base,970,1637.751,0.263003,0.765110,0.876305,0.653915,20,0.00046435,0,0.222134,0.037883,0.406385,0.826774,0.960013,0.693535,0.914579,0.909502,0.919656,0.008008,0.023093,0.087587,0.079875,0.000000,0,0,0,0,0
teapot_droplets,base,980,1654.781,0.262608,0.765886,0.876433,0.655340,20,0.00047037,0,0.220563,0.037251,0.403874,0.827785,0.960636,0.694934,0.914548,0.909081,0.920014,0.007968,0.022972,0.088086,0.079573,0.000000,0,0,0,0,0
teapot_droplets,base,990,1672.128,0.262704,0.764530,0.875380,0.653680,20,0.00044360,1,0.223157,0.037778,0.408537,0.826368,0.960076,0.692661,0.914591,0.908450,0.920732,0.007618,0.023135,0.088663,0.079874,0.000000,0,0,0,0,0
teapot_droplets,base,1000,1689.046,0.261141,0.766548,0.877932,0.655164,20,0.00047604,0,0.219678,0.036199,0.403156,0.828438,0.961731,0.695145,0.914505,0.909713,0.919297,0.007588,0.023005,0.087090,0.080324,0.000000,0,0,0,0,0
teapot_droplets,base,1010,1706.407,0.261952,0.765564,0.878555,0.652573,20,0.00048731,0,0.223977,0.039777,0.408178,0.825353,0.958274,0.692432,0.916220,0.913501,0.918938,0.008225,0.023299,0.083600,0.080984,0.000000,0,0,0,0,0
teapot_droplets,base,1020,1723.672,0.262389,0.765174,0.877177,0.653170,20,0.00038194,0,0.223894,0.039251,0.408537,0.825608,0.958721,0.692495,0.915811,0.911607,0.920014,0.008169,0.023304,0.085338,0.080017,0.000000,0,0,0,0,0
teapot_droplets,base,1030,1741.185,0.263093,0.764421,0.879412,0.649430,20,0.00020070,0,0.226280,0.037567,0.414993,0.824676,0.960456,0.688895,0.915694,0.912449,0.918938,0.007934,0.023594,0.084984,0.081073,0.000000,0,0,0,0,0
teapot_droplets,base,1040,1758.134,0.262309,0.764660,0.878800,0.650520,20,0.00017702,0,0.226342,0.038409,0.414275,0.824563,0.959610,0.689516,0.916284,0.912554,0.920014,0.008042,0.023599,0.084381,0.080373,0.000000,0,0,0,0,0
teapot_droplets,base,1050,1775.487,0.262595,0.765646,0.877888,0.653405,20,0.00023979,0,0.222397,0.038409,0.406385,0.826470,0.959570,0.693369,0.915273,0.911607,0.918938,0.007922,0.023328,0.085461,0.081124,0.000000,0,0,0,0,0
teapot_droplets,base,1060,1792.953,0.264373,0.764014,0.875013,0.653015,20,0.00033093,1,0.224874,0.039777,0.409971,0.825013,0.958112,0.691914,0.915275,0.909818,0.920732,0.008125,0.023336,0.087287,0.080361,0.000000,0,0,0,0,0
teapot_droplets,base,1070,1810.066,0.264949,0.764152,0.874379,0.653925,20,0.00043808,0,0.222672,0.037883,0.407461,0.826534,0.959929,0.693139,0.913938,0.907503,0.920373,0.007941,0.023080,0.089819,0.080144,0.000000,0,0,0,0,0
teapot_droplets,base,1080,1827.351,0.261555,0.766159,0.876890,0.655428,20,0.00053028,0,0.220531,0.036830,0.404232,0.827948,0.961068,0.694828,0.914780,0.909187,0.920373,0.007531,0.023012,0.087780,0.080256,0.000000,0,0,0,0,0
teapot_droplets,base,1090,1844.156,0.261134,0.766179,0.878609,0.653748,20,0.00060037,0,0.220892,0.035042,0.406743,0.828122,0.962897,0.693348,0.914526,0.909397,0.919656,0.007434,0.023015,0.087398,0.080489,0.000000,0,0,0,0,0
teapot_droplets,base,1100,1860.729,0.260914,0.765724,0.878677,0.652771,20,0.00058568,0,0.224202,0.037357,0.411047,0.826034,0.960630,0.691438,0.916296,0.911502,0.921090,0.007686,0.023232,0.085640,0.080136,0.000000,0,0,0,0,0
teapot_droplets,base,1110,1877.319,0.259459,0.766730,0.878603,0.654856,20,0.00055374,0,0.221914,0.036725,0.407102,0.827409,0.961244,0.693575,0.916160,0.910870,0.921449,0.007795,0.023071,0.085716,0.078677,0.000000,0,0,0,0,0
teapot_droplets,base,1120,1894.256,0.259849,0.766792,0.878886,0.654698,20,0.00053222,1,0.222105,0.035673,0.408537,0.827640,0.962287,0.692992,0.916203,0.910239,0.922166,0.007574,0.023309,0.086601,0.078176,0.000000,0,0,0,0,0
teapot_droplets,base,1130,1910.835,0.258763,0.767912,0.878945,0.656880,20,0.00050177,0,0.220995,0.037041,0.404950,0.827990,0.960950,0.695030,0.917193,0.911502,0.922884,0.007768,0.023088,0.085632,0.078070,0.000000,0,0,0,0,0
teapot_droplets,base,1140,1927.124,0.262075,0.765676,0.875837,0.655516,20,0.00048681,0,0.220974,0.037357,0.404591,0.827615,0.960507,0.694723,0.914643,0.908555,0.920732,0.007782,0.023084,0.088989,0.078364,0.000000,0,0,0,0,0
teapot_droplets,base,1150,1943.724,0.259212,0.768460,0.878951,0.657969,20,0.00048213,1,0.218719,0.035357,0.402080,0.829526,0.962600,0.696453,0.916277,0.910028,0.922525,0.007509,0.023012,0.087039,0.078516,0.000000,0,0,0,0,0
teapot_droplets,base,1160,1959.861,0.260234,0.766715,0.877307,0.656122,20,0.00047887,0,0.221902,0.037778,0.406026,0.827272,0.960160,0.694384,0.916487,0.910449,0.922525,0.007917,0.023047,0.086979,0.077941,0.000000,0,0,0,0,0
teapot_droplets,base,1170,1975.937,0.260472,0.765580,0.876472,0.654689,20,0.00047690,0,0.222093,0.036725,0.407461,0.827270,0.961153,0.693387,0.915055,0.908660,0.921449,0.007669,0.023076,0.088416,0.077645,0.000000,0,0,0,0,0
teapot_droplets,base,1180,1992.252,0.264612,0.763300,0.872078,0.654522,20,0.00044247,0,0.223798,0.039777,0.407819,0.825588,0.957977,0.693200,0.914108,0.906766,0.921449,0.008173,0.023129,0.090136,0.078326,0.000000,0,0,0,0,0
teapot_droplets,base,1190,2008.563,0.264188,0.765920,0.871855,0.659985,20,0.00047672,0,0.216385,0.037146,0.395624,0.830039,0.960541,0.699537,0.912666,0.904241,0.921090,0.007744,0.022607,0.092874,0.078893,0.000000,0,0,0,0,0
teapot_droplets,base,1200,2024.606,0.263345,0.765454,0.872940,0.657969,20,0.00048510,0,0.218245,0.034410,0.402080,0.829872,0.963291,0.696453,0.912752,0.902978,0.922525,0.007193,0.022770,0.094045,0.078332,0.000000,0,0,0,0,0
teapot_droplets,base,1210,2040.675,0.265155,0.764503,0.868929,0.660077,20,0.00051258,0,0.216366,0.035673,0.397059,0.830446,0.961872,0.699021,0.911046,0.899926,0.922166,0.007142,0.022623,0.096781,0.078378,0.000000,0,0,0,0,0
teapot_droplets,base,1220,2056.773,0.268117,0.763407,0.867601,0.659214,20,0.00049717,0,0.216017,0.036410,0.395624,0.830188,0.961084,0.699291,0.909602,0.899190,0.920014,0.007539,0.022453,0.097887,0.079667,0.000000,0,0,0,0,0
teapot_droplets,base,1230,2073.400,0.267738,0.763557,0.867643,0.659471,20,0.00055915,1,0.215385,0.035147,0.395624,0.830857,0.962341,0.699373,0.909255,0.898137,0.920373,0.007391,0.022495,0.098278,0.079233,0.000000,0,0,0,0,0
teapot_droplets,base,1240,2090.130,0.266826,0.763827,0.870620,0.657033,20,0.00063929,1,0.219319,0.036199,0.402439,0.828720,0.961422,0.696017,0.911793,0.902136,0.921449,0.007559,0.022890,0.095350,0.078833,0.000000,0,0,0,0,0
teapot_droplets,base,1250,2106.371,0.267307,0.763970,0.868552,0.659389,20,0.00065386,1,0.217323,0.038304,0.396341,0.829165,0.959257,0.699074,0.911276,0.901820,0.920732,0.007950,0.022587,0.095073,0.079279,0.000000,0,0,0,0,0
teapot_droplets,base,1260,2122.687,0.267663,0.761951,0.871452,0.652450,20,0.00067389,1,0.225414,0.037988,0.412841,0.825185,0.959696,0.690675,0.913182,0.904556,0.921808,0.008014,0.023310,0.092532,0.079052,0.000000,0,0,0,0,0
teapot_droplets,base,1270,2138.902,0.267092,0.762964,0.871161,0.654768,20,0.00065986,1,0.222418,0.038093,0.406743,0.826630,0.959580,0.693679,0.912718,0.904346,0.921090,0.008050,0.023122,0.092365,0.079203,0.000000,0,0,0,0,0
teapot_droplets,base,1280,2154.879,0.265495,0.764055,0.870068,0.658043,20,0.00057655,0,0.218874,0.037462,0.400287,0.828651,0.960152,0.697151,0.912056,0.902662,0.921449,0.007738,0.022750,0.094175,0.078417,0.000000,0,0,0,0,0
teapot_droplets,base,1290,2171.248,0.263929,0.765699,0.871922,0.659476,20,0.00062093,1,0.217607,0.038514,0.396700,0.829084,0.959202,0.698966,0.913297,0.905504,0.921090,0.007747,0.022721,0.091725,0.079175,0.000000,0,0,0,0,0
teapot_droplets,base,1300,2187.684,0.265330,0.764447,0.872613,0.656282,20,0.00068472,0,0.220237,0.035883,0.404591,0.828394,0.961818,0.694970,0.912866,0.903925,0.921808,0.007548,0.022972,0.093483,0.078714,0.000000,0,0,0,0,0
teapot_droplets,base,1310,2203.897,0.264626,0.764728,0.872159,0.657296,20,0.00069536,1,0.220331,0.037146,0.403515,0.828127,0.960554,0.695699,0.913541,0.904556,0.922525,0.007642,0.022967,0.092394,0.078658,0.000000,0,0,0,0,0
teapot_droplets,base,1320,2219.621,0.266403,0.763030,0.873124,0.652937,20,0.00067957,0,0.224128,0.037567,0.410689,0.825903,0.960183,0.691624,0.913507,0.905924,0.921090,0.007868,0.023247,0.091185,0.079828,0.000000,0,0,0,0,0
teapot_droplets,base,1330,2235.736,0.264219,0.765316,0.874860,0.655771,20,0.00063608,0,0.219869,0.035147,0.404591,0.828723,0.962640,0.694805,0.913350,0.905609,0.921090,0.007353,0.023041,0.092012,0.079495,0.000000,0,0,0,0,0
teapot_droplets,base,1340,2251.767,0.263540,0.764481,0.874519,0.654444,20,0.00064899,0,0.223368,0.038198,0.408537,0.826268,0.959626,0.692909,0.914866,0.907924,0.921808,0.007842,0.023230,0.089445,0.078584,0.000000,0,0,0,0,0
teapot_droplets,base,1350,2267.918,0.264826,0.763567,0.874696,0.652439,20,0.00065424,0,0.224455,0.037146,0.411765,0.825865,0.960664,0.691066,0.914139,0.907187,0.921090,0.007733,0.023468,0.089962,0.078974,0.000000,0,0,0,0,0
teapot_droplets,base,1360,2284.268,0.263381,0.764650,0.875355,0.653944,20,0.00068041,0,0.223169,0.036725,0.409613,0.826727,0.961106,0.692349,0.914655,0.907503,0.921808,0.007580,0.023296,0.089713,0.078902,0.000000,0,0,0,0,0
teapot_droplets,base,1370,2300.934,0.261982,0.765349,0.876676,0.654022,20,0.00065456,0,0.222389,0.035883,0.408895,0.827314,0.961989,0.692640,0.914792,0.908134,0.921449,0.007405,0.023251,0.088922,0.079036,0.000000,0,0,0,0,0
teapot_droplets,base,1380,2317.351,0.263039,0.764643,0.876271,0.653015,20,0.00067865,0,0.222506,0.035042,0.409971,0.827358,0.962802,0.691914,0.913854,0.906977,0.920732,0.007363,0.023259,0.090151,0.079101,0.000000,0,0,0,0,0
teapot_droplets,base,1390,2333.833,0.265491,0.763137,0.873923,0.652351,20,0.00069966,0,0.224855,0.038304,0.411406,0.825333,0.959497,0.691169,0.914065,0.907398,0.920732,0.007972,0.023331,0.089601,0.079631,0.000000,0,0,0,0,0
teapot_droplets,base,1400,2350.309,0.265977,0.762639,0.874480,0.650798,20,0.00067830,0,0.227155,0.037883,0.416428,0.824378,0.959933,0.688823,0.914708,0.907608,0.921808,0.007844,0.023678,0.089725,0.079193,0.000000,0,0,0,0,0
teapot_droplets,base,1410,2366.487,0.268803,0.760371,0.873252,0.647489,20,0.00066687,0,0.230034,0.038619,0.421449,0.822536,0.959159,0.685913,0.913675,0.906977,0.920373,0.007951,0.023988,0.090533,0.079862,0.000000,0,0,0,0,0
teapot_droplets,base,1420,2382.808,0.263825,0.763235,0.876572,0.649899,20,0.00068622,0,0.228253,0.037567,0.418938,0.823975,0.960333,0.687617,0.915834,0.909502,0.922166,0.007828,0.023727,0.087550,0.078836,0.000000,0,0,0,0,0
teapot_droplets,base,1430,2398.848,0.264431,0.762861,0.877816,0.647905,20,0.00067026,0,0.229013,0.036936,0.421090,0.823592,0.961004,0.686180,0.915485,0.910239,0.920732,0.007747,0.023899,0.087033,0.079672,0.000000,0,0,0,0,0
