pair,arm,config,step,seconds,loss,mean_iou,view1_iou,view2_iou,patches,overlap,overlap_repaired_pairs,mean_spill,view1_spill,view2_spill,mean_precision,view1_precision,view2_precision,mean_coverage,view1_coverage,view2_coverage,view1_negative_space,view2_negative_space,view1_silhouette,view2_silhouette,lambda_count,total_adds,total_splits,total_deletes,count_active,target_reached
sun_moon,hinge2_restart_importnet,nonorm1p25,1,0.524,0.769226,0.142558,0.107569,0.177547,5,0.00000000,0,0.090498,0.114844,0.066151,0.625924,0.510815,0.741034,0.154607,0.119922,0.189292,0.026024,0.013458,0.186092,0.149168,0.050000,0,0,0,0,0
sun_moon,hinge2_restart_importnet,nonorm1p25,25,7.362,0.641206,0.205072,0.177175,0.232968,5,0.00004177,0,0.043828,0.055532,0.032124,0.826597,0.771047,0.882148,0.213733,0.187014,0.240452,0.012388,0.006455,0.162394,0.134639,0.050000,0,0,0,0,0
sun_moon,hinge2_restart_importnet,nonorm1p25,50,51.928,0.552884,0.241559,0.240321,0.242798,5,0.00001539,1,0.006862,0.010156,0.003569,0.972705,0.959846,0.985563,0.243213,0.242761,0.243664,0.002096,0.000700,0.143594,0.129347,0.050000,0,0,0,0,0
sun_moon,hinge2_restart_importnet,nonorm1p25,75,58.963,0.513794,0.288889,0.326441,0.251336,5,0.00003817,1,0.005046,0.008427,0.001666,0.984234,0.975040,0.993427,0.290473,0.329192,0.251755,0.001669,0.000240,0.126984,0.127514,0.050000,0,0,0,0,0
sun_moon,hinge2_restart_importnet,nonorm1p25,100,108.858,0.477476,0.335376,0.399656,0.271096,4,0.00000000,0,0.003614,0.006158,0.001071,0.990493,0.984917,0.996070,0.336752,0.402118,0.271386,0.001188,0.000185,0.112850,0.124171,0.050000,0,0,1,0,0
sun_moon,hinge2_restart_importnet,nonorm1p25,125,114.648,0.451874,0.370949,0.442765,0.299132,4,0.00000000,0,0.004354,0.007995,0.000714,0.990011,0.982402,0.997621,0.372825,0.446305,0.299346,0.001324,0.000117,0.104732,0.119403,0.050000,0,0,1,0,0
sun_moon,hinge2_restart_importnet,nonorm1p25,150,163.091,0.428820,0.401657,0.477990,0.325324,4,0.00000000,0,0.003252,0.006266,0.000238,0.993204,0.987140,0.999269,0.403193,0.480985,0.325402,0.001064,0.000106,0.097993,0.114955,0.050000,0,0,1,0,0
sun_moon,hinge2_restart_importnet,nonorm1p25,175,168.919,0.419131,0.416590,0.495604,0.337576,4,0.00000001,0,0.003900,0.007563,0.000238,0.992188,0.985081,0.999296,0.418504,0.499352,0.337656,0.001434,0.000119,0.094793,0.112832,0.050000,0,0,1,0,0
sun_moon,hinge2_restart_importnet,nonorm1p25,200,217.491,0.412144,0.425390,0.502628,0.348152,4,0.00000000,0,0.004095,0.007239,0.000952,0.991590,0.985904,0.997276,0.427375,0.506266,0.348483,0.001190,0.000180,0.093335,0.111025,0.050000,0,0,1,0,0
sun_moon,hinge2_restart_importnet,nonorm1p25,225,223.296,0.406089,0.433269,0.509021,0.357517,4,0.00000000,0,0.003204,0.006050,0.000357,0.993663,0.988324,0.999003,0.434872,0.512100,0.357644,0.001043,0.000124,0.092088,0.109497,0.050000,0,0,1,0,0
sun_moon,hinge2_restart_importnet,nonorm1p25,250,271.786,0.401880,0.440728,0.514160,0.367296,4,0.00000000,0,0.004517,0.007131,0.001904,0.990635,0.986417,0.994854,0.442911,0.517826,0.367995,0.001188,0.000310,0.091256,0.107811,0.050000,0,0,1,0,0
sun_moon,hinge2_restart_importnet,nonorm1p25,275,277.603,0.401776,0.441430,0.514264,0.368596,4,0.00000000,0,0.004149,0.007347,0.000952,0.991722,0.986017,0.997427,0.443495,0.518042,0.368947,0.001482,0.000147,0.091364,0.107487,0.050000,0,0,1,0,0
sun_moon,hinge2_restart_importnet,nonorm1p25,300,325.575,0.398011,0.446334,0.516198,0.376471,4,0.00000000,0,0.004160,0.007131,0.001190,0.991662,0.986470,0.996853,0.448399,0.519879,0.376919,0.001312,0.000210,0.090877,0.106225,0.050000,0,0,1,0,0
sun_moon,hinge2_restart_importnet,nonorm1p25,325,331.359,0.394954,0.452768,0.515382,0.390154,4,0.00000000,0,0.005431,0.007887,0.002974,0.988750,0.985044,0.992456,0.455381,0.519447,0.391315,0.001453,0.000520,0.091015,0.103995,0.050000,0,0,1,0,0
sun_moon,hinge2_restart_importnet,nonorm1p25,350,379.881,0.393703,0.452729,0.511278,0.394181,4,0.00000000,0,0.003809,0.005834,0.001785,0.992142,0.988783,0.995501,0.454573,0.514261,0.394884,0.001128,0.000362,0.091806,0.103183,0.050000,0,0,1,0,0
sun_moon,hinge2_restart_importnet,nonorm1p25,375,385.671,0.396933,0.451511,0.505679,0.397343,4,0.00000000,0,0.005652,0.008211,0.003093,0.988224,0.984150,0.992299,0.454202,0.509831,0.398572,0.001523,0.000645,0.092929,0.102828,0.050000,0,0,1,0,0
sun_moon,hinge2_restart_importnet,nonorm1p25,400,434.302,0.397940,0.451547,0.504774,0.398319,4,0.00000000,0,0.006069,0.007022,0.005116,0.986878,0.986373,0.987383,0.454338,0.508319,0.400357,0.001328,0.001076,0.093051,0.102913,0.050000,0,0,1,0,0
sun_moon,hinge2_restart_importnet,nonorm1p25,425,440.075,0.400295,0.452313,0.506605,0.398021,4,0.00000000,0,0.007849,0.005942,0.009756,0.982388,0.988474,0.976301,0.455760,0.509615,0.401904,0.001212,0.001964,0.092769,0.103408,0.050000,0,0,1,0,0
sun_moon,hinge2_restart_importnet,nonorm1p25,450,488.406,0.399015,0.454879,0.506811,0.402946,4,0.00000000,0,0.008378,0.007239,0.009518,0.981577,0.986018,0.977136,0.458631,0.510480,0.406782,0.001374,0.002012,0.092737,0.102537,0.050000,0,0,1,0,0
sun_moon,hinge2_restart_importnet,nonorm1p25,475,494.222,0.400079,0.454587,0.504547,0.404627,4,0.00000000,0,0.008901,0.009831,0.007971,0.980950,0.981069,0.980830,0.458680,0.509507,0.407852,0.001958,0.001631,0.093442,0.102113,0.050000,0,0,1,0,0
sun_moon,hinge2_restart_importnet,nonorm1p25,500,542.794,0.398420,0.453077,0.506177,0.399976,4,0.00000000,0,0.007206,0.005726,0.008685,0.983902,0.988877,0.978926,0.456263,0.509075,0.403450,0.001090,0.001802,0.092802,0.102793,0.050000,0,0,1,0,0
sun_moon,hinge2_restart_importnet,nonorm1p25,525,548.559,0.395736,0.453810,0.503760,0.403860,4,0.00000000,0,0.005248,0.005618,0.004878,0.988577,0.989032,0.988123,0.456210,0.506590,0.405830,0.001129,0.001021,0.093380,0.101801,0.050000,0,0,1,0,0
sun_moon,hinge2_restart_importnet,nonorm1p25,550,596.790,0.395273,0.452353,0.498390,0.406317,4,0.00000182,0,0.004252,0.006482,0.002023,0.991149,0.987242,0.995057,0.454380,0.501621,0.407139,0.001156,0.000458,0.094333,0.101284,0.050000,0,0,1,0,0
sun_moon,hinge2_restart_importnet,nonorm1p25,575,602.538,0.394913,0.451781,0.497049,0.406514,4,0.00000088,0,0.003879,0.006806,0.000952,0.992124,0.986581,0.997666,0.453666,0.500432,0.406901,0.001221,0.000243,0.094555,0.101071,0.050000,0,0,1,0,0
sun_moon,hinge2_restart_importnet,nonorm1p25,600,650.656,0.395807,0.451064,0.493518,0.408610,4,0.00000000,0,0.004397,0.008319,0.000476,0.991197,0.983558,0.998837,0.453214,0.497623,0.408804,0.001349,0.000193,0.095215,0.100760,0.050000,0,0,1,0,0
sun_moon,hinge2_restart_importnet,nonorm1p25,625,656.307,0.397448,0.450770,0.492293,0.409248,4,0.00000000,0,0.005122,0.009291,0.000952,0.989663,0.981644,0.997682,0.453252,0.496867,0.409637,0.001717,0.000262,0.095619,0.100631,0.050000,0,0,1,0,0
sun_moon,hinge2_restart_importnet,nonorm1p25,650,702.797,0.398050,0.450521,0.490269,0.410772,4,0.00000014,0,0.005543,0.010372,0.000714,0.988879,0.979492,0.998266,0.453210,0.495354,0.411065,0.001852,0.000199,0.096040,0.100421,0.050000,0,0,1,0,0
sun_moon,hinge2_restart_importnet,nonorm1p25,675,708.447,0.397325,0.450581,0.490888,0.410275,4,0.00000000,0,0.004127,0.007779,0.000476,0.991681,0.984519,0.998842,0.452588,0.494706,0.410470,0.001623,0.000162,0.095982,0.100450,0.050000,0,0,1,0,0
sun_moon,hinge2_restart_importnet,nonorm1p25,700,756.743,0.400336,0.451912,0.484810,0.419014,4,0.00000000,0,0.007347,0.013505,0.001190,0.985211,0.973251,0.997172,0.455435,0.491357,0.419512,0.002693,0.000292,0.097416,0.099020,0.050000,0,0,1,0,0
sun_moon,hinge2_restart_importnet,nonorm1p25,725,762.539,0.405816,0.466933,0.475399,0.458466,4,0.00000000,0,0.018707,0.027658,0.009756,0.962891,0.946421,0.979361,0.475743,0.488548,0.462939,0.005766,0.001968,0.100439,0.092800,0.050000,0,0,1,0,0
sun_moon,hinge2_restart_importnet,nonorm1p25,750,811.064,0.409729,0.478025,0.464534,0.491515,4,0.00000000,0,0.024968,0.040298,0.009637,0.951990,0.923029,0.980950,0.489753,0.483254,0.496252,0.008876,0.001999,0.103992,0.087279,0.050000,0,0,1,0,0
sun_moon,hinge2_restart_importnet,nonorm1p25,775,816.843,0.408672,0.477494,0.463818,0.491170,4,0.00000000,0,0.024849,0.039110,0.010589,0.952028,0.924943,0.979113,0.489164,0.481958,0.496371,0.008444,0.002139,0.103850,0.087257,0.050000,0,0,1,0,0
sun_moon,hinge2_restart_importnet,nonorm1p25,800,865.246,0.406666,0.478055,0.463899,0.492211,4,0.00000000,0,0.023335,0.038462,0.008209,0.954895,0.926064,0.983726,0.488997,0.481742,0.496252,0.008374,0.001703,0.103777,0.086959,0.050000,0,0,1,0,0
sun_moon,hinge2_restart_importnet,nonorm1p25,825,870.995,0.404002,0.470976,0.465768,0.476185,4,0.00000000,0,0.018882,0.033600,0.004164,0.963063,0.934760,0.991367,0.479793,0.481417,0.478168,0.007107,0.000792,0.102817,0.089310,0.050000,0,0,1,0,0
sun_moon,hinge2_restart_importnet,nonorm1p25,850,918.632,0.405726,0.464575,0.468186,0.460964,4,0.00000000,0,0.016619,0.028954,0.004283,0.967069,0.943304,0.990833,0.472340,0.481742,0.462939,0.006152,0.000915,0.102023,0.092006,0.050000,0,0,1,0,0
sun_moon,hinge2_restart_importnet,nonorm1p25,875,924.058,0.403806,0.465165,0.468937,0.461392,4,0.00000000,0,0.015430,0.027766,0.003093,0.969444,0.945528,0.993361,0.472389,0.481958,0.462820,0.005978,0.000649,0.101798,0.091821,0.050000,0,0,1,0,0
sun_moon,hinge2_restart_importnet,nonorm1p25,900,969.021,0.403965,0.462368,0.470439,0.454297,4,0.00000001,0,0.013717,0.025173,0.002261,0.972727,0.950394,0.995060,0.468803,0.482282,0.455324,0.005473,0.000539,0.101402,0.093064,0.050000,0,0,1,0,0
sun_moon,hinge2_restart_importnet,nonorm1p25,925,974.237,0.405039,0.464522,0.469574,0.459469,4,0.00000094,0,0.015954,0.027982,0.003926,0.968384,0.945208,0.991560,0.471993,0.482714,0.461273,0.006042,0.000755,0.101757,0.092266,0.050000,0,0,1,0,0
sun_moon,hinge2_restart_importnet,nonorm1p25,950,1020.982,0.403769,0.463403,0.468289,0.458516,4,0.00000000,0,0.013938,0.025497,0.002380,0.972216,0.949583,0.994849,0.469918,0.480229,0.459607,0.005630,0.000492,0.101889,0.092344,0.050000,0,0,1,0,0
sun_moon,hinge2_restart_importnet,nonorm1p25,975,1026.412,0.403576,0.463444,0.469109,0.457780,4,0.00000131,0,0.014841,0.026469,0.003212,0.970474,0.947895,0.993054,0.470388,0.481525,0.459250,0.005615,0.000635,0.101602,0.092373,0.050000,0,0,1,0,0
sun_moon,hinge2_restart_importnet,nonorm1p25,1000,1071.182,0.403812,0.463381,0.469876,0.456885,4,0.00000179,0,0.014403,0.025713,0.003093,0.971323,0.949351,0.993296,0.470128,0.481958,0.458299,0.005666,0.000608,0.101531,0.092532,0.050000,0,0,1,0,0
sun_moon,hinge2_restart_importnet,nonorm1p25,1025,1076.529,0.404165,0.459957,0.470899,0.449016,4,0.00000001,0,0.013123,0.022796,0.003450,0.973604,0.954808,0.992400,0.466099,0.481634,0.450565,0.004953,0.000668,0.101069,0.093987,0.050000,0,0,1,0,0
sun_moon,hinge2_restart_importnet,nonorm1p25,1050,1119.528,0.403415,0.459602,0.470793,0.448411,4,0.00000202,0,0.013004,0.022796,0.003212,0.973854,0.954799,0.992910,0.465688,0.481525,0.449851,0.004724,0.000669,0.100885,0.094082,0.050000,0,0,1,0,0
sun_moon,hinge2_restart_importnet,nonorm1p25,1075,1124.486,0.402680,0.460188,0.471136,0.449241,4,0.00000000,0,0.012518,0.021824,0.003212,0.974778,0.956634,0.992923,0.466051,0.481417,0.450684,0.004612,0.000664,0.100785,0.093959,0.050000,0,0,1,0,0
sun_moon,hinge2_restart_importnet,nonorm1p25,1100,1168.300,0.403501,0.459472,0.471297,0.447646,4,0.00000000,0,0.012632,0.021932,0.003331,0.974542,0.956447,0.992637,0.465385,0.481634,0.449137,0.004710,0.000663,0.100889,0.094145,0.050000,0,0,1,0,0
sun_moon,hinge2_restart_importnet,nonorm1p25,1125,1173.509,0.401943,0.459718,0.471840,0.447596,4,0.00000000,0,0.011453,0.020527,0.002380,0.976919,0.959113,0.994724,0.465094,0.481525,0.448662,0.004428,0.000527,0.100624,0.094154,0.050000,0,0,1,0,0
sun_moon,hinge2_restart_importnet,nonorm1p25,1150,1218.699,0.403487,0.460292,0.470644,0.449941,4,0.00000000,0,0.013047,0.023120,0.002974,0.973819,0.954185,0.993452,0.466402,0.481525,0.451279,0.004900,0.000630,0.101012,0.093820,0.050000,0,0,1,0,0
sun_moon,hinge2_restart_importnet,nonorm1p25,1175,1223.895,0.403277,0.458929,0.469394,0.448464,4,0.00000328,0,0.012513,0.021932,0.003093,0.974724,0.956278,0.993170,0.464770,0.479689,0.449851,0.004623,0.000598,0.101159,0.093953,0.050000,0,0,1,0,0
sun_moon,hinge2_restart_importnet,nonorm1p25,1200,1268.480,0.403758,0.459881,0.470532,0.449229,4,0.00000000,0,0.012939,0.022904,0.002974,0.974008,0.954575,0.993442,0.465937,0.481309,0.450565,0.004932,0.000595,0.101076,0.093895,0.050000,0,0,1,0,0
sun_moon,hinge2_restart_importnet,nonorm1p25,1225,1273.642,0.402711,0.462025,0.469644,0.454405,4,0.00000000,0,0.013280,0.023228,0.003331,0.973319,0.953892,0.992746,0.468236,0.480553,0.455919,0.004975,0.000652,0.101264,0.093058,0.050000,0,0,1,0,0
sun_moon,hinge2_restart_importnet,nonorm1p25,1250,1319.353,0.402049,0.463116,0.469465,0.456767,4,0.00000000,0,0.013701,0.024309,0.003093,0.972588,0.951882,0.993294,0.469528,0.480877,0.458180,0.005084,0.000653,0.101221,0.092633,0.050000,0,0,1,0,0
sun_moon,hinge2_restart_importnet,nonorm1p25,1275,1324.496,0.402614,0.463933,0.470012,0.457854,4,0.00000000,0,0.014263,0.024957,0.003569,0.971519,0.950746,0.992292,0.470615,0.481742,0.459488,0.005246,0.000766,0.101259,0.092533,0.050000,0,0,1,0,0
sun_moon,hinge2_restart_importnet,nonorm1p25,1300,1369.035,0.401049,0.464454,0.470955,0.457953,4,0.00000000,0,0.012999,0.022904,0.003093,0.973962,0.954614,0.993311,0.470555,0.481742,0.459369,0.004941,0.000666,0.101030,0.092487,0.050000,0,0,1,0,0
sun_moon,hinge2_restart_importnet,nonorm1p25,1325,1374.111,0.401183,0.464373,0.470911,0.457834,4,0.00000000,0,0.013161,0.023228,0.003093,0.973660,0.954011,0.993309,0.470550,0.481850,0.459250,0.005041,0.000598,0.101074,0.092469,0.050000,0,0,1,0,0
sun_moon,hinge2_restart_importnet,nonorm1p25,1350,1418.478,0.401552,0.463726,0.469508,0.457943,4,0.00000000,0,0.013420,0.023984,0.002855,0.973152,0.952483,0.993821,0.470010,0.480769,0.459250,0.005132,0.000564,0.101319,0.092337,0.050000,0,0,1,0,0
sun_moon,hinge2_restart_importnet,nonorm1p25,1375,1423.649,0.401260,0.464145,0.470402,0.457888,4,0.00000118,0,0.012507,0.022040,0.002974,0.974866,0.956167,0.993565,0.470010,0.480769,0.459250,0.004951,0.000607,0.101225,0.092457,0.050000,0,0,1,0,0
sun_moon,hinge2_restart_importnet,nonorm1p25,1400,1466.857,0.401666,0.464151,0.469949,0.458353,4,0.00000097,0,0.013685,0.024633,0.002736,0.972708,0.951334,0.994081,0.470566,0.481525,0.459607,0.005209,0.000543,0.101262,0.092381,0.050000,0,0,1,0,0
sun_moon,hinge2_restart_importnet,nonorm1p25,1425,1471.938,0.402449,0.463528,0.468895,0.458160,4,0.00000000,0,0.013506,0.024633,0.002380,0.973038,0.951230,0.994845,0.469848,0.480445,0.459250,0.005317,0.000533,0.101558,0.092354,0.050000,0,0,1,0,0
sun_moon,hinge2_restart_importnet,nonorm1p25,1450,1515.167,0.401075,0.464031,0.470129,0.457933,4,0.00000000,0,0.013085,0.023552,0.002617,0.973835,0.953339,0.994331,0.470166,0.481201,0.459131,0.004978,0.000575,0.101152,0.092445,0.050000,0,0,1,0,0
sun_moon,hinge2_restart_importnet,nonorm1p25,1475,1520.161,0.402051,0.463744,0.470129,0.457360,4,0.00000000,0,0.013323,0.023552,0.003093,0.973321,0.953339,0.993302,0.469988,0.481201,0.458775,0.005170,0.000622,0.101289,0.092496,0.050000,0,0,1,0,0
sun_moon,hinge2_restart_importnet,nonorm1p25,1500,1563.944,0.400762,0.463650,0.470594,0.456705,4,0.00000000,0,0.012447,0.023228,0.001666,0.975177,0.953981,0.996372,0.469496,0.481525,0.457466,0.005031,0.000389,0.101095,0.092511,0.050000,0,0,1,0,0
water_fire,hinge2_restart_importnet,nonorm1p25,1,0.683,0.628036,0.142397,0.117786,0.167008,5,0.00028114,0,0.172118,0.133702,0.210534,0.494775,0.499686,0.489865,0.167852,0.133535,0.202169,0.018196,0.031145,0.120900,0.131344,0.050000,0,0,0,0,0
water_fire,hinge2_restart_importnet,nonorm1p25,25,9.870,0.462969,0.209939,0.160319,0.259560,5,0.00000000,0,0.061117,0.052676,0.069558,0.780882,0.762121,0.799643,0.223189,0.168764,0.277614,0.007026,0.010223,0.106698,0.103226,0.050000,0,0,0,0,0
water_fire,hinge2_restart_importnet,nonorm1p25,50,63.999,0.415067,0.272087,0.230831,0.313343,5,0.00000000,0,0.047900,0.039255,0.056545,0.856746,0.859375,0.854117,0.285477,0.239893,0.331061,0.005185,0.008151,0.096433,0.094430,0.050000,0,0,0,0,0
water_fire,hinge2_restart_importnet,nonorm1p25,75,72.789,0.378503,0.323069,0.271917,0.374220,5,0.00005019,1,0.039226,0.035229,0.043222,0.894546,0.888771,0.900322,0.335946,0.281496,0.390395,0.004618,0.006112,0.090976,0.084846,0.050000,0,0,0,0,0
water_fire,hinge2_restart_importnet,nonorm1p25,100,135.747,0.345716,0.379437,0.320421,0.438452,4,0.00000000,0,0.036043,0.035061,0.037026,0.914546,0.904392,0.924701,0.393171,0.331656,0.454686,0.004662,0.005228,0.084811,0.075684,0.050000,0,0,1,0,0
water_fire,hinge2_restart_importnet,nonorm1p25,125,142.976,0.320537,0.432127,0.369241,0.495014,4,0.00000000,0,0.037477,0.034055,0.040899,0.922287,0.918112,0.926462,0.448537,0.381815,0.515259,0.004564,0.005939,0.078772,0.068368,0.050000,0,0,1,0,0
water_fire,hinge2_restart_importnet,nonorm1p25,150,206.063,0.285260,0.496511,0.436538,0.556484,4,0.00000000,0,0.036502,0.034893,0.038110,0.933207,0.928301,0.938113,0.514731,0.451770,0.577692,0.004652,0.005427,0.070306,0.059725,0.050000,0,0,1,0,0
water_fire,hinge2_restart_importnet,nonorm1p25,175,213.542,0.266172,0.534065,0.478933,0.589198,4,0.00015716,0,0.036206,0.031203,0.041208,0.938816,0.940575,0.937056,0.553677,0.493877,0.613478,0.004162,0.006067,0.064682,0.055562,0.050000,0,0,1,0,0
water_fire,hinge2_restart_importnet,nonorm1p25,200,276.591,0.257150,0.558622,0.503511,0.613733,4,0.00013628,0,0.040389,0.027177,0.053602,0.936764,0.950077,0.923451,0.581913,0.517195,0.646631,0.003659,0.007779,0.061552,0.052678,0.050000,0,0,1,0,0
water_fire,hinge2_restart_importnet,nonorm1p25,225,283.994,0.252499,0.577846,0.522649,0.633042,4,0.00021312,0,0.045063,0.025835,0.064291,0.933459,0.954030,0.912888,0.604946,0.536152,0.673741,0.003454,0.009601,0.059043,0.050814,0.050000,0,0,1,0,0
water_fire,hinge2_restart_importnet,nonorm1p25,250,346.144,0.245663,0.597202,0.541973,0.652431,4,0.00004378,0,0.049452,0.025164,0.073741,0.930717,0.956672,0.904762,0.628077,0.555611,0.700542,0.003362,0.010889,0.056570,0.048433,0.050000,0,0,1,0,0
water_fire,hinge2_restart_importnet,nonorm1p25,275,353.555,0.240142,0.609222,0.549812,0.668633,4,0.00007360,0,0.051092,0.025499,0.076685,0.930233,0.956732,0.903734,0.641869,0.563832,0.719907,0.003321,0.011295,0.055546,0.046228,0.050000,0,0,1,0,0
water_fire,hinge2_restart_importnet,nonorm1p25,300,416.374,0.238364,0.615198,0.556792,0.673604,4,0.00007740,0,0.052157,0.024996,0.079318,0.929837,0.958040,0.901633,0.648871,0.570710,0.727033,0.003270,0.011743,0.054752,0.045638,0.050000,0,0,1,0,0
water_fire,hinge2_restart_importnet,nonorm1p25,325,423.820,0.238181,0.616405,0.556774,0.676036,4,0.00007788,0,0.052790,0.025331,0.080248,0.929253,0.957513,0.900994,0.650582,0.570877,0.730287,0.003351,0.011833,0.054826,0.045258,0.050000,0,0,1,0,0
water_fire,hinge2_restart_importnet,nonorm1p25,350,486.336,0.239425,0.617011,0.556865,0.677156,4,0.00020392,0,0.054100,0.025164,0.083036,0.928037,0.957782,0.898292,0.652131,0.570877,0.733385,0.003341,0.012315,0.054796,0.045275,0.050000,0,0,1,0,0
water_fire,hinge2_restart_importnet,nonorm1p25,375,493.780,0.238931,0.616987,0.556865,0.677110,4,0.00018821,0,0.054023,0.025164,0.082881,0.928113,0.957782,0.898443,0.652054,0.570877,0.733230,0.003286,0.012271,0.054647,0.045306,0.050000,0,0,1,0,0
water_fire,hinge2_restart_importnet,nonorm1p25,400,556.387,0.239522,0.616424,0.555192,0.677655,4,0.00018613,0,0.053351,0.025835,0.080868,0.928589,0.956607,0.900571,0.650995,0.569535,0.732455,0.003387,0.012163,0.054967,0.045291,0.050000,0,0,1,0,0
water_fire,hinge2_restart_importnet,nonorm1p25,425,563.826,0.238877,0.618342,0.557444,0.679240,4,0.00016068,0,0.055391,0.026506,0.084276,0.926525,0.955730,0.897320,0.654351,0.572219,0.736483,0.003421,0.012397,0.054673,0.044936,0.050000,0,0,1,0,0
water_fire,hinge2_restart_importnet,nonorm1p25,450,627.133,0.238919,0.618424,0.556465,0.680383,4,0.00016607,0,0.054636,0.024996,0.084276,0.927745,0.958016,0.897475,0.654048,0.570374,0.737723,0.003284,0.012490,0.054808,0.044877,0.050000,0,0,1,0,0
water_fire,hinge2_restart_importnet,nonorm1p25,475,634.580,0.238228,0.620671,0.557900,0.683443,4,0.00012564,0,0.054584,0.025667,0.083501,0.927868,0.957071,0.898665,0.656365,0.572219,0.740511,0.003382,0.012503,0.054681,0.044533,0.050000,0,0,1,0,0
water_fire,hinge2_restart_importnet,nonorm1p25,500,696.608,0.236533,0.624634,0.560242,0.689025,4,0.00012017,0,0.055843,0.026170,0.085515,0.926929,0.956461,0.897398,0.661425,0.574904,0.747947,0.003355,0.012755,0.054279,0.043808,0.050000,0,0,1,0,0
water_fire,hinge2_restart_importnet,nonorm1p25,525,703.931,0.233457,0.629937,0.562827,0.697047,4,0.00012168,0,0.055733,0.025331,0.086135,0.927900,0.957950,0.897850,0.667086,0.577084,0.757088,0.003362,0.012754,0.054010,0.042530,0.050000,0,0,1,0,0
water_fire,hinge2_restart_importnet,nonorm1p25,550,765.900,0.229940,0.634254,0.563696,0.704812,4,0.00015472,1,0.053738,0.025835,0.081642,0.930251,0.957234,0.903267,0.670307,0.578259,0.762355,0.003419,0.012240,0.053930,0.041413,0.050000,0,0,1,0,0
water_fire,hinge2_restart_importnet,nonorm1p25,575,773.260,0.230002,0.633024,0.559300,0.706749,4,0.00013646,0,0.054500,0.025499,0.083501,0.929557,0.957435,0.901678,0.669662,0.573561,0.765763,0.003370,0.012270,0.054414,0.040988,0.050000,0,0,1,0,0
water_fire,hinge2_restart_importnet,nonorm1p25,600,836.523,0.225520,0.644331,0.564337,0.724325,4,0.00024487,1,0.055965,0.027344,0.084586,0.928878,0.954960,0.902795,0.682681,0.579768,0.785593,0.003557,0.012543,0.053897,0.038652,0.050000,0,0,1,0,0
water_fire,hinge2_restart_importnet,nonorm1p25,625,843.966,0.215773,0.658646,0.571195,0.746098,4,0.00006728,0,0.053984,0.026170,0.081797,0.932621,0.957260,0.907982,0.696635,0.586143,0.807126,0.003442,0.012109,0.052984,0.035440,0.050000,0,0,1,0,0
water_fire,hinge2_restart_importnet,nonorm1p25,650,905.866,0.205922,0.675469,0.579961,0.770977,4,0.00000426,0,0.053125,0.028015,0.078234,0.934552,0.955120,0.913984,0.713751,0.596209,0.831294,0.003647,0.011663,0.051949,0.031872,0.050000,0,0,1,0,0
water_fire,hinge2_restart_importnet,nonorm1p25,675,913.217,0.204559,0.679989,0.584681,0.775297,4,0.00000019,0,0.054797,0.027177,0.082417,0.933640,0.956708,0.910573,0.719882,0.600570,0.839194,0.003528,0.012188,0.051295,0.031340,0.050000,0,0,1,0,0
water_fire,hinge2_restart_importnet,nonorm1p25,700,975.212,0.203605,0.681716,0.584573,0.778859,4,0.00000016,0,0.054771,0.026506,0.083036,0.934040,0.957697,0.910383,0.721800,0.600067,0.843532,0.003463,0.012333,0.051269,0.030788,0.050000,0,0,1,0,0
water_fire,hinge2_restart_importnet,nonorm1p25,725,982.537,0.203183,0.682496,0.586275,0.778717,4,0.00000158,0,0.054158,0.026673,0.081642,0.934601,0.957566,0.911636,0.722103,0.601912,0.842293,0.003523,0.012137,0.051138,0.030878,0.050000,0,0,1,0,0
water_fire,hinge2_restart_importnet,nonorm1p25,750,1044.559,0.202962,0.683256,0.587716,0.778795,4,0.00000000,0,0.054868,0.027009,0.082727,0.933913,0.957169,0.910658,0.723406,0.603590,0.843222,0.003525,0.012206,0.050961,0.030856,0.050000,0,0,1,0,0
water_fire,hinge2_restart_importnet,nonorm1p25,775,1051.861,0.202227,0.682699,0.584736,0.780663,4,0.00000382,0,0.053222,0.026506,0.079938,0.935551,0.957709,0.913394,0.721651,0.600235,0.843067,0.003490,0.011885,0.051296,0.030597,0.050000,0,0,1,0,0
water_fire,hinge2_restart_importnet,nonorm1p25,800,1113.689,0.201026,0.686995,0.590330,0.783660,4,0.00000000,0,0.054868,0.027009,0.082727,0.934257,0.957351,0.911163,0.727382,0.606274,0.848490,0.003510,0.012243,0.050593,0.030229,0.050000,0,0,1,0,0
water_fire,hinge2_restart_importnet,nonorm1p25,825,1121.015,0.200346,0.687354,0.589618,0.785090,4,0.00000000,0,0.054119,0.027680,0.080558,0.934795,0.956315,0.913276,0.727137,0.605939,0.848335,0.003551,0.012038,0.050639,0.030048,0.050000,0,0,1,0,0
water_fire,hinge2_restart_importnet,nonorm1p25,850,1182.956,0.199344,0.690358,0.593990,0.786726,4,0.00000000,0,0.055107,0.027177,0.083036,0.934278,0.957357,0.911199,0.731093,0.610133,0.852053,0.003524,0.012327,0.050108,0.029749,0.050000,0,0,1,0,0
water_fire,hinge2_restart_importnet,nonorm1p25,875,1190.272,0.196897,0.696039,0.600686,0.791393,4,0.00000000,0,0.055339,0.027177,0.083501,0.934537,0.957812,0.911261,0.737243,0.617011,0.857475,0.003590,0.012411,0.049299,0.029147,0.050000,0,0,1,0,0
water_fire,hinge2_restart_importnet,nonorm1p25,900,1252.056,0.195531,0.697151,0.603398,0.790904,4,0.00000643,0,0.055100,0.027009,0.083191,0.934862,0.958236,0.911488,0.738197,0.619695,0.856700,0.003480,0.012315,0.048955,0.029064,0.050000,0,0,1,0,0
water_fire,hinge2_restart_importnet,nonorm1p25,925,1259.392,0.197421,0.696156,0.607382,0.784929,4,0.00000000,0,0.056346,0.027177,0.085515,0.933524,0.958258,0.908790,0.737971,0.623889,0.852053,0.003531,0.012670,0.048499,0.029961,0.050000,0,0,1,0,0
water_fire,hinge2_restart_importnet,nonorm1p25,950,1321.251,0.197422,0.697188,0.610349,0.784026,4,0.00000000,0,0.057914,0.027680,0.088149,0.932044,0.957736,0.906353,0.740190,0.627244,0.853137,0.003507,0.013016,0.048007,0.030051,0.050000,0,0,1,0,0
water_fire,hinge2_restart_importnet,nonorm1p25,975,1328.578,0.197215,0.697019,0.609923,0.784115,4,0.00000000,0,0.057146,0.027848,0.086445,0.932672,0.957469,0.907875,0.739403,0.626908,0.851898,0.003577,0.012782,0.048076,0.030082,0.050000,0,0,1,0,0
water_fire,hinge2_restart_importnet,nonorm1p25,1000,1390.525,0.196877,0.698436,0.609334,0.787537,4,0.00000000,0,0.057230,0.028015,0.086445,0.932715,0.957190,0.908239,0.741010,0.626405,0.855616,0.003569,0.012850,0.048187,0.029728,0.050000,0,0,1,0,0
water_fire,hinge2_restart_importnet,nonorm1p25,1025,1397.825,0.196394,0.697314,0.605289,0.789338,4,0.00000000,0,0.055823,0.027680,0.083966,0.934016,0.957397,0.910635,0.738830,0.622043,0.855616,0.003602,0.012489,0.048723,0.029360,0.050000,0,0,1,0,0
water_fire,hinge2_restart_importnet,nonorm1p25,1050,1459.473,0.195173,0.697206,0.601828,0.792585,4,0.00000000,0,0.055139,0.028015,0.082262,0.934586,0.956680,0.912492,0.738236,0.618688,0.857785,0.003604,0.012152,0.049058,0.028834,0.050000,0,0,1,0,0
water_fire,hinge2_restart_importnet,nonorm1p25,1075,1466.805,0.195425,0.699628,0.605285,0.793971,4,0.00000000,0,0.056397,0.028519,0.084276,0.933516,0.956197,0.910834,0.741715,0.622547,0.860883,0.003653,0.012529,0.048782,0.028702,0.050000,0,0,1,0,0
water_fire,hinge2_restart_importnet,nonorm1p25,1100,1528.683,0.197060,0.698219,0.606956,0.789481,4,0.00000160,0,0.057127,0.027344,0.086909,0.933011,0.957990,0.908033,0.740824,0.623553,0.858095,0.003532,0.012870,0.048550,0.029477,0.050000,0,0,1,0,0
water_fire,hinge2_restart_importnet,nonorm1p25,1125,1535.969,0.195320,0.699630,0.609051,0.790210,4,0.00000000,0,0.056178,0.026841,0.085515,0.934096,0.958848,0.909345,0.741592,0.625398,0.857785,0.003545,0.012603,0.048334,0.029142,0.050000,0,0,1,0,0
water_fire,hinge2_restart_importnet,nonorm1p25,1150,1597.545,0.194804,0.700168,0.606298,0.794038,4,0.00000000,0,0.057159,0.028183,0.086135,0.932970,0.956746,0.909195,0.742909,0.623385,0.862432,0.003611,0.012555,0.048615,0.028579,0.050000,0,0,1,0,0
water_fire,hinge2_restart_importnet,nonorm1p25,1175,1604.780,0.195475,0.698512,0.605190,0.791833,4,0.00000025,0,0.056449,0.027848,0.085050,0.933538,0.957150,0.909926,0.740611,0.622043,0.859179,0.003567,0.012512,0.048717,0.028921,0.050000,0,0,1,0,0
water_fire,hinge2_restart_importnet,nonorm1p25,1200,1666.518,0.196470,0.699617,0.608944,0.790290,4,0.00000000,0,0.057998,0.027848,0.088149,0.932215,0.957403,0.907026,0.742928,0.625902,0.859954,0.003612,0.012932,0.048279,0.029276,0.050000,0,0,1,0,0
water_fire,hinge2_restart_importnet,nonorm1p25,1225,1673.803,0.196084,0.700304,0.609987,0.790621,4,0.00000100,0,0.057462,0.028015,0.086909,0.932694,0.957234,0.908153,0.743205,0.627076,0.859334,0.003604,0.012938,0.048034,0.029331,0.050000,0,0,1,0,0
water_fire,hinge2_restart_importnet,nonorm1p25,1250,1735.784,0.194847,0.700978,0.610794,0.791162,4,0.00000000,0,0.057804,0.028854,0.086754,0.932224,0.956100,0.908347,0.744108,0.628418,0.859799,0.003649,0.012753,0.047948,0.028972,0.050000,0,0,1,0,0
water_fire,hinge2_restart_importnet,nonorm1p25,1275,1742.926,0.191197,0.704761,0.621331,0.788191,4,0.00000000,0,0.054854,0.028686,0.081022,0.935106,0.957046,0.913166,0.745604,0.639155,0.852053,0.003707,0.011900,0.046693,0.029396,0.050000,0,0,1,0,0
water_fire,hinge2_restart_importnet,nonorm1p25,1300,1802.961,0.188134,0.707758,0.627202,0.788315,4,0.00000000,0,0.052608,0.028686,0.076530,0.937356,0.957431,0.917281,0.746919,0.645194,0.848644,0.003750,0.011242,0.046095,0.029232,0.050000,0,0,1,0,0
water_fire,hinge2_restart_importnet,nonorm1p25,1325,1810.140,0.185804,0.706932,0.630506,0.783357,4,0.00000000,0,0.049419,0.028351,0.070488,0.940283,0.958106,0.922461,0.743478,0.648381,0.838575,0.003659,0.010399,0.045512,0.029817,0.050000,0,0,1,0,0
water_fire,hinge2_restart_importnet,nonorm1p25,1350,1870.623,0.179830,0.715954,0.645572,0.786336,4,0.00000000,0,0.048264,0.028519,0.068009,0.941952,0.958818,0.925085,0.751898,0.663983,0.839814,0.003651,0.009900,0.043723,0.029254,0.050000,0,0,1,0,0
water_fire,hinge2_restart_importnet,nonorm1p25,1375,1877.832,0.177205,0.716004,0.656439,0.775570,4,0.00000000,0,0.044056,0.027848,0.060263,0.946041,0.960363,0.931718,0.748514,0.674719,0.822308,0.003685,0.008807,0.042488,0.030499,0.050000,0,0,1,0,0
water_fire,hinge2_restart_importnet,nonorm1p25,1400,1939.251,0.176888,0.713684,0.652961,0.774406,4,0.00000000,0,0.042519,0.028183,0.056855,0.947378,0.959712,0.935044,0.744900,0.671364,0.818435,0.003680,0.008280,0.042864,0.030630,0.050000,0,0,1,0,0
water_fire,hinge2_restart_importnet,nonorm1p25,1425,1946.490,0.176453,0.714607,0.651436,0.777778,4,0.00000000,0,0.042435,0.028015,0.056855,0.947577,0.959846,0.935308,0.745842,0.669686,0.821998,0.003679,0.008306,0.043035,0.030210,0.050000,0,0,1,0,0
water_fire,hinge2_restart_importnet,nonorm1p25,1450,2007.778,0.176854,0.715976,0.658787,0.773166,4,0.00000000,0,0.044488,0.029022,0.059954,0.945388,0.958946,0.931830,0.748713,0.677906,0.819520,0.003819,0.008667,0.042095,0.030724,0.050000,0,0,1,0,0
water_fire,hinge2_restart_importnet,nonorm1p25,1475,2015.057,0.175656,0.718374,0.659540,0.777209,4,0.00000000,0,0.043436,0.027848,0.059024,0.946815,0.960542,0.933087,0.750495,0.677906,0.823083,0.003697,0.008620,0.042153,0.030280,0.050000,0,0,1,0,0
water_fire,hinge2_restart_importnet,nonorm1p25,1500,2076.335,0.175819,0.717101,0.656490,0.777713,4,0.00000000,0,0.042726,0.027512,0.057940,0.947513,0.960812,0.934213,0.748662,0.674551,0.822773,0.003702,0.008485,0.042424,0.030252,0.050000,0,0,1,0,0
water_fire,hinge2_restart_importnet,nonorm1p25,1525,2083.600,0.175236,0.718195,0.656612,0.779778,4,0.00000000,0,0.043784,0.028854,0.058714,0.946320,0.959038,0.933602,0.750560,0.675558,0.825562,0.003697,0.008571,0.042365,0.029917,0.050000,0,0,1,0,0
water_fire,hinge2_restart_importnet,nonorm1p25,1550,2145.157,0.175124,0.717778,0.653871,0.781685,4,0.00000000,0,0.042164,0.027009,0.057320,0.948240,0.961335,0.935145,0.749011,0.671532,0.826491,0.003666,0.008427,0.042772,0.029674,0.050000,0,0,1,0,0
water_fire,hinge2_restart_importnet,nonorm1p25,1575,2152.403,0.175012,0.718233,0.655842,0.780623,4,0.00000000,0,0.043287,0.028015,0.058559,0.946964,0.960105,0.933824,0.750276,0.674216,0.826336,0.003638,0.008543,0.042428,0.029852,0.050000,0,0,1,0,0
water_fire,hinge2_restart_importnet,nonorm1p25,1600,2213.644,0.175236,0.717380,0.654801,0.779959,4,0.00000000,0,0.042410,0.027344,0.057475,0.947897,0.960939,0.934855,0.748746,0.672706,0.824787,0.003622,0.008446,0.042607,0.029925,0.050000,0,0,1,0,0
water_fire,hinge2_restart_importnet,nonorm1p25,1625,2220.903,0.174825,0.718248,0.656214,0.780281,4,0.00000000,0,0.043100,0.027177,0.059024,0.947289,0.961244,0.933333,0.750192,0.674048,0.826336,0.003581,0.008555,0.042414,0.029828,0.050000,0,0,1,0,0
water_fire,hinge2_restart_importnet,nonorm1p25,1650,2282.404,0.174907,0.717763,0.655617,0.779909,4,0.00000000,0,0.042642,0.027344,0.057940,0.947686,0.960986,0.934386,0.749321,0.673545,0.825097,0.003607,0.008476,0.042483,0.029867,0.050000,0,0,1,0,0
water_fire,hinge2_restart_importnet,nonorm1p25,1675,2289.652,0.174728,0.717924,0.655403,0.780445,4,0.00000000,0,0.043042,0.027680,0.058404,0.947245,0.960526,0.933964,0.749786,0.673545,0.826026,0.003593,0.008455,0.042505,0.029800,0.050000,0,0,1,0,0
water_fire,hinge2_restart_importnet,nonorm1p25,1700,2351.176,0.175213,0.717559,0.655291,0.779827,4,0.00000000,0,0.042797,0.027344,0.058249,0.947519,0.960967,0.934070,0.749230,0.673209,0.825252,0.003607,0.008515,0.042530,0.029923,0.050000,0,0,1,0,0
water_fire,hinge2_restart_importnet,nonorm1p25,1725,2358.432,0.174459,0.718482,0.655184,0.781781,4,0.00000000,0,0.042648,0.027512,0.057785,0.947712,0.960737,0.934687,0.750083,0.673209,0.826956,0.003609,0.008399,0.042529,0.029689,0.050000,0,0,1,0,0
water_fire,hinge2_restart_importnet,nonorm1p25,1750,2419.684,0.174698,0.718454,0.653714,0.783194,4,0.00000022,0,0.042881,0.027512,0.058249,0.947494,0.960653,0.934335,0.750257,0.671699,0.828815,0.003630,0.008506,0.042740,0.029438,0.050000,0,0,1,0,0
water_fire,hinge2_restart_importnet,nonorm1p25,1775,2426.949,0.174426,0.718492,0.653394,0.783590,4,0.00000010,0,0.042668,0.028015,0.057320,0.947627,0.959962,0.935292,0.750102,0.671699,0.828505,0.003651,0.008390,0.042758,0.029405,0.050000,0,0,1,0,0
water_fire,hinge2_restart_importnet,nonorm1p25,1800,2488.422,0.174695,0.718966,0.655082,0.782850,4,0.00000000,0,0.043449,0.028183,0.058714,0.946841,0.959837,0.933845,0.751180,0.673545,0.828815,0.003666,0.008569,0.042536,0.029519,0.050000,0,0,1,0,0
water_fire,hinge2_restart_importnet,nonorm1p25,1825,2495.675,0.175298,0.718338,0.655842,0.780834,4,0.00000000,0,0.043442,0.028015,0.058869,0.946818,0.960105,0.933532,0.750508,0.674216,0.826801,0.003692,0.008576,0.042523,0.029791,0.050000,0,0,1,0,0
water_fire,hinge2_restart_importnet,nonorm1p25,1850,2557.087,0.175049,0.717898,0.653238,0.782558,4,0.00000000,0,0.043616,0.028519,0.058714,0.946552,0.959281,0.933822,0.750186,0.671867,0.828505,0.003708,0.008520,0.042716,0.029524,0.050000,0,0,1,0,0
water_fire,hinge2_restart_importnet,nonorm1p25,1875,2564.373,0.175066,0.717924,0.653991,0.781858,4,0.00000000,0,0.043358,0.027848,0.058869,0.946917,0.960220,0.933613,0.750044,0.672203,0.827885,0.003660,0.008511,0.042715,0.029604,0.050000,0,0,1,0,0
water_fire,hinge2_restart_importnet,nonorm1p25,1900,2625.854,0.175061,0.718108,0.654537,0.781680,4,0.00000000,0,0.043365,0.028015,0.058714,0.946891,0.960029,0.933753,0.750225,0.672874,0.827576,0.003629,0.008554,0.042644,0.029658,0.050000,0,0,1,0,0
water_fire,hinge2_restart_importnet,nonorm1p25,1925,2633.111,0.175066,0.717604,0.653834,0.781374,4,0.00000000,0,0.043145,0.028351,0.057940,0.947021,0.959540,0.934501,0.749508,0.672370,0.826646,0.003674,0.008461,0.042647,0.029717,0.050000,0,0,1,0,0
water_fire,hinge2_restart_importnet,nonorm1p25,1950,2694.566,0.174635,0.718330,0.653331,0.783328,4,0.00000000,0,0.042410,0.027344,0.057475,0.947986,0.960855,0.935117,0.749773,0.671196,0.828350,0.003619,0.008400,0.042837,0.029456,0.050000,0,0,1,0,0
water_fire,hinge2_restart_importnet,nonorm1p25,1975,2701.805,0.174560,0.718881,0.656714,0.781049,4,0.00000000,0,0.042984,0.028183,0.057785,0.947282,0.959933,0.934630,0.750702,0.675222,0.826181,0.003646,0.008516,0.042286,0.029792,0.050000,0,0,1,0,0
water_fire,hinge2_restart_importnet,nonorm1p25,2000,2763.089,0.174509,0.718073,0.658564,0.777582,4,0.00000000,0,0.042835,0.028351,0.057320,0.947322,0.959819,0.934825,0.749694,0.677235,0.822153,0.003635,0.008382,0.042097,0.030136,0.050000,0,0,1,0,0
water_fire,hinge2_restart_importnet,nonorm1p25,2025,2770.349,0.173140,0.719128,0.657413,0.780842,4,0.00000000,0,0.041712,0.027344,0.056081,0.948706,0.961089,0.936324,0.750011,0.675390,0.824632,0.003567,0.008144,0.042259,0.029673,0.050000,0,0,1,0,0
water_fire,hinge2_restart_importnet,nonorm1p25,2050,2831.865,0.174165,0.718284,0.655954,0.780613,4,0.00000000,0,0.042371,0.028351,0.056390,0.947830,0.959666,0.935994,0.749592,0.674551,0.824632,0.003638,0.008302,0.042370,0.029786,0.050000,0,0,1,0,0
water_fire,hinge2_restart_importnet,nonorm1p25,2075,2839.136,0.172530,0.718964,0.657031,0.780896,4,0.00000001,0,0.040699,0.027177,0.054222,0.949748,0.961290,0.938206,0.749062,0.674887,0.823238,0.003607,0.007855,0.042375,0.029564,0.050000,0,0,1,0,0
water_fire,hinge2_restart_importnet,nonorm1p25,2100,2900.658,0.171552,0.720099,0.658728,0.781471,4,0.00000000,0,0.040899,0.028351,0.053447,0.949432,0.959829,0.939035,0.750320,0.677403,0.823238,0.003659,0.007731,0.042047,0.029492,0.050000,0,0,1,0,0
water_fire,hinge2_restart_importnet,nonorm1p25,2125,2907.876,0.171807,0.718913,0.655858,0.781968,4,0.00000000,0,0.040557,0.029525,0.051588,0.949537,0.958105,0.940968,0.748765,0.675222,0.822308,0.003762,0.007473,0.042403,0.029457,0.050000,0,0,1,0,0
water_fire,hinge2_restart_importnet,nonorm1p25,2150,2969.192,0.172074,0.718195,0.656321,0.780068,4,0.00000000,0,0.039686,0.027009,0.052363,0.950757,0.961474,0.940039,0.747481,0.674048,0.820914,0.003585,0.007608,0.042387,0.029659,0.050000,0,0,1,0,0
water_fire,hinge2_restart_importnet,nonorm1p25,2175,2976.397,0.172423,0.717943,0.657259,0.778627,4,0.00000000,0,0.041131,0.028351,0.053912,0.949048,0.959743,0.938353,0.748249,0.675893,0.820604,0.003637,0.007745,0.042229,0.029755,0.050000,0,0,1,0,0
water_fire,hinge2_restart_importnet,nonorm1p25,2200,3037.560,0.173544,0.716342,0.656816,0.775867,4,0.00000000,0,0.040789,0.027512,0.054067,0.949410,0.960831,0.937989,0.746351,0.674887,0.817816,0.003593,0.007808,0.042291,0.030230,0.050000,0,0,1,0,0
water_fire,hinge2_restart_importnet,nonorm1p25,2225,3044.798,0.172563,0.718360,0.659922,0.776799,4,0.00000000,0,0.041506,0.028015,0.054996,0.948727,0.960342,0.937112,0.748965,0.678410,0.819520,0.003628,0.007835,0.041918,0.030035,0.050000,0,0,1,0,0
water_fire,hinge2_restart_importnet,nonorm1p25,2250,3106.247,0.172427,0.717554,0.656709,0.778399,4,0.00000000,0,0.040254,0.027680,0.052827,0.950022,0.960602,0.939442,0.747203,0.674887,0.819520,0.003636,0.007620,0.042317,0.029827,0.050000,0,0,1,0,0
water_fire,hinge2_restart_importnet,nonorm1p25,2275,3113.498,0.172408,0.717180,0.655240,0.779119,4,0.00000000,0,0.039866,0.027680,0.052053,0.950402,0.960517,0.940288,0.746526,0.673377,0.819675,0.003603,0.007504,0.042519,0.029801,0.050000,0,0,1,0,0
water_fire,hinge2_restart_importnet,nonorm1p25,2300,3174.933,0.173005,0.716937,0.658075,0.775799,4,0.00000000,0,0.040357,0.028351,0.052363,0.949760,0.959791,0.939729,0.746577,0.676732,0.816421,0.003708,0.007600,0.042131,0.030236,0.050000,0,0,1,0,0
water_fire,hinge2_restart_importnet,nonorm1p25,2325,3182.196,0.172059,0.718178,0.656877,0.779479,4,0.00000000,0,0.040273,0.028183,0.052363,0.949970,0.959943,0.939996,0.747842,0.675390,0.820294,0.003650,0.007591,0.042217,0.029761,0.050000,0,0,1,0,0
water_fire,hinge2_restart_importnet,nonorm1p25,2350,3242.613,0.173000,0.716083,0.656219,0.775946,4,0.00000000,0,0.040021,0.027680,0.052363,0.950157,0.960573,0.939740,0.745480,0.674383,0.816576,0.003678,0.007533,0.042344,0.030144,0.050000,0,0,1,0,0
water_fire,hinge2_restart_importnet,nonorm1p25,2375,3249.666,0.172460,0.715617,0.652685,0.778548,4,0.00000000,0,0.038943,0.027848,0.050039,0.951233,0.960144,0.942321,0.744183,0.670861,0.817506,0.003675,0.007212,0.042825,0.029796,0.050000,0,0,1,0,0
water_fire,hinge2_restart_importnet,nonorm1p25,2400,3309.835,0.170744,0.718785,0.658350,0.779221,4,0.00000000,0,0.039208,0.028686,0.049729,0.951026,0.959363,0.942689,0.747603,0.677235,0.817971,0.003701,0.007207,0.042068,0.029669,0.050000,0,0,1,0,0
water_fire,hinge2_restart_importnet,nonorm1p25,2425,3316.985,0.169764,0.719416,0.658019,0.780812,4,0.00000000,0,0.038879,0.028183,0.049574,0.951484,0.960010,0.942959,0.748042,0.676564,0.819520,0.003669,0.007055,0.042133,0.029344,0.050000,0,0,1,0,0
water_fire,hinge2_restart_importnet,nonorm1p25,2450,3378.015,0.169413,0.719025,0.655505,0.782544,4,0.00000000,0,0.037130,0.027009,0.047250,0.953457,0.961428,0.945487,0.746364,0.673209,0.819520,0.003590,0.006824,0.042550,0.029139,0.050000,0,0,1,0,0
water_fire,hinge2_restart_importnet,nonorm1p25,2475,3385.229,0.169939,0.718680,0.657315,0.780044,4,0.00000000,0,0.038272,0.028519,0.048025,0.952019,0.959524,0.944514,0.746783,0.676061,0.817506,0.003674,0.006909,0.042285,0.029455,0.050000,0,0,1,0,0
water_fire,hinge2_restart_importnet,nonorm1p25,2500,3446.413,0.170549,0.716796,0.656061,0.777531,4,0.00000000,0,0.038104,0.028183,0.048025,0.952120,0.959895,0.944345,0.744712,0.674551,0.814872,0.003641,0.006858,0.042386,0.029764,0.050000,0,0,1,0,0
water_fire,hinge2_restart_importnet,nonorm1p25,2525,3453.777,0.171388,0.715304,0.655195,0.775414,4,0.00000000,0,0.038504,0.028519,0.048490,0.951557,0.959398,0.943715,0.743447,0.673880,0.813013,0.003654,0.006906,0.042399,0.030096,0.050000,0,0,1,0,0
water_fire,hinge2_restart_importnet,nonorm1p25,2550,3514.838,0.170989,0.716569,0.654261,0.778877,4,0.00000008,0,0.038240,0.027680,0.048799,0.952045,0.960460,0.943629,0.744628,0.672370,0.816886,0.003599,0.007029,0.042500,0.029710,0.050000,0,0,1,0,0
water_fire,hinge2_restart_importnet,nonorm1p25,2575,3522.086,0.172027,0.716169,0.656984,0.775354,4,0.00000000,0,0.039492,0.028015,0.050968,0.950653,0.960172,0.941134,0.745131,0.675390,0.814872,0.003621,0.007310,0.042180,0.030169,0.050000,0,0,1,0,0
water_fire,hinge2_restart_importnet,nonorm1p25,2600,3583.553,0.172008,0.715580,0.655184,0.775976,4,0.00000000,0,0.039318,0.027512,0.051123,0.950878,0.960737,0.941019,0.744428,0.673209,0.815647,0.003560,0.007283,0.042421,0.030029,0.050000,0,0,1,0,0
water_fire,hinge2_restart_importnet,nonorm1p25,2625,3590.796,0.171560,0.713985,0.651819,0.776150,4,0.00000000,0,0.037639,0.028183,0.047095,0.952435,0.959644,0.945225,0.741446,0.670190,0.812703,0.003617,0.006772,0.042822,0.029972,0.050000,0,0,1,0,0
water_fire,hinge2_restart_importnet,nonorm1p25,2650,3652.144,0.171765,0.713939,0.654418,0.773459,4,0.00000009,0,0.037756,0.027177,0.048335,0.952442,0.961142,0.943743,0.741523,0.672203,0.810844,0.003580,0.006827,0.042617,0.030256,0.050000,0,0,1,0,0
water_fire,hinge2_restart_importnet,nonorm1p25,2675,3659.421,0.171743,0.714210,0.655189,0.773231,4,0.00000000,0,0.038330,0.028015,0.048644,0.951735,0.960067,0.943403,0.742195,0.673545,0.810844,0.003691,0.006815,0.042530,0.030209,0.050000,0,0,1,0,0
water_fire,hinge2_restart_importnet,nonorm1p25,2700,3720.868,0.172042,0.713139,0.653464,0.772815,4,0.00000000,0,0.038297,0.029190,0.047405,0.951539,0.958403,0.944675,0.740994,0.672538,0.809450,0.003716,0.006703,0.042688,0.030309,0.050000,0,0,1,0,0
water_fire,hinge2_restart_importnet,nonorm1p25,2725,3728.112,0.171377,0.713034,0.652735,0.773333,4,0.00000000,0,0.036607,0.027512,0.045701,0.953553,0.960596,0.946510,0.739684,0.670693,0.808675,0.003591,0.006456,0.042859,0.030271,0.050000,0,0,1,0,0
water_fire,hinge2_restart_importnet,nonorm1p25,2750,3789.644,0.171151,0.712444,0.650392,0.774495,4,0.00000000,0,0.035438,0.027344,0.043532,0.954788,0.960685,0.948891,0.738194,0.668176,0.808211,0.003595,0.006230,0.043161,0.030133,0.050000,0,0,1,0,0
cat_face_bass,hinge2_restart_importnet,nonorm1p25,1,0.549,0.903461,0.095947,0.086338,0.105557,5,0.00065412,0,0.105400,0.082233,0.128567,0.506418,0.531891,0.480946,0.106283,0.093437,0.119128,0.020662,0.029324,0.200290,0.188729,0.050000,0,0,0,0,0
cat_face_bass,hinge2_restart_importnet,nonorm1p25,25,7.452,0.796234,0.136676,0.109806,0.163547,5,0.00000000,0,0.066965,0.055922,0.078008,0.683941,0.674622,0.693259,0.146126,0.115946,0.176305,0.013871,0.017558,0.190349,0.168482,0.050000,0,0,0,0,0
cat_face_bass,hinge2_restart_importnet,nonorm1p25,50,48.583,0.721334,0.200256,0.163633,0.236880,5,0.00000000,0,0.054099,0.049720,0.058479,0.793198,0.775519,0.810877,0.211251,0.171769,0.250732,0.012305,0.013234,0.177773,0.150970,0.050000,0,0,0,0,0
cat_face_bass,hinge2_restart_importnet,nonorm1p25,75,55.313,0.612073,0.293995,0.261021,0.326969,5,0.00000000,0,0.036220,0.032513,0.039926,0.893633,0.892348,0.894917,0.304766,0.269508,0.340024,0.007920,0.008872,0.154437,0.130610,0.050000,0,0,0,0,0
cat_face_bass,hinge2_restart_importnet,nonorm1p25,100,97.942,0.521513,0.375696,0.334950,0.416443,5,0.00000000,0,0.020580,0.031613,0.009548,0.946987,0.916180,0.977795,0.382979,0.345538,0.420419,0.007605,0.002001,0.138745,0.110004,0.050000,0,0,0,0,0
cat_face_bass,hinge2_restart_importnet,nonorm1p25,125,104.423,0.473554,0.441059,0.395506,0.486611,5,0.00000000,0,0.022962,0.033013,0.012911,0.949856,0.925238,0.974474,0.450728,0.408563,0.492894,0.008062,0.002774,0.126269,0.096962,0.050000,0,0,0,0,0
cat_face_bass,hinge2_restart_importnet,nonorm1p25,150,143.826,0.441940,0.492294,0.433781,0.550807,5,0.00000000,0,0.028912,0.042417,0.015406,0.943716,0.914239,0.973192,0.505737,0.452181,0.559293,0.010151,0.003304,0.119091,0.085061,0.050000,0,0,0,0,0
cat_face_bass,hinge2_restart_importnet,nonorm1p25,175,150.488,0.405219,0.541695,0.456555,0.626834,5,0.00000000,0,0.030661,0.040816,0.020506,0.944920,0.920900,0.968940,0.557439,0.475190,0.639688,0.009767,0.004481,0.114004,0.070796,0.050000,0,0,0,0,0
cat_face_bass,hinge2_restart_importnet,nonorm1p25,200,191.655,0.370180,0.595778,0.480446,0.711111,5,0.00000000,0,0.035639,0.041116,0.030162,0.942249,0.924044,0.960455,0.616380,0.500200,0.732559,0.009919,0.006764,0.109101,0.055135,0.050000,0,0,0,0,0
cat_face_bass,hinge2_restart_importnet,nonorm1p25,225,198.526,0.344469,0.630248,0.501055,0.759440,5,0.00000000,0,0.037040,0.042617,0.031464,0.942980,0.924575,0.961385,0.652872,0.522409,0.783335,0.010285,0.006977,0.104882,0.045775,0.050000,0,0,0,0,0
cat_face_bass,hinge2_restart_importnet,nonorm1p25,250,240.060,0.330822,0.652955,0.541371,0.764539,5,0.00075470,0,0.039994,0.044618,0.035369,0.942051,0.926873,0.957229,0.678553,0.565526,0.791581,0.010848,0.007991,0.096643,0.044955,0.050000,0,0,0,0,0
cat_face_bass,hinge2_restart_importnet,nonorm1p25,275,247.052,0.317973,0.669012,0.562632,0.775393,5,0.00077489,0,0.040373,0.044618,0.036129,0.943204,0.929442,0.956966,0.695571,0.587735,0.803407,0.010920,0.008007,0.092130,0.042927,0.050000,0,0,0,0,0
cat_face_bass,hinge2_restart_importnet,nonorm1p25,300,289.735,0.311274,0.678869,0.573962,0.783775,5,0.00060228,1,0.041342,0.043517,0.039167,0.943191,0.932264,0.954118,0.706706,0.598940,0.814473,0.010637,0.008784,0.089578,0.041571,0.050000,0,0,0,0,0
cat_face_bass,hinge2_restart_importnet,nonorm1p25,325,296.652,0.310465,0.682884,0.582582,0.783186,5,0.00052411,0,0.044184,0.043017,0.045351,0.940700,0.933887,0.947514,0.713174,0.607643,0.818705,0.010501,0.010062,0.087633,0.041713,0.050000,0,0,0,0,0
cat_face_bass,hinge2_restart_importnet,nonorm1p25,350,339.650,0.306014,0.691416,0.593391,0.789441,5,0.00060398,1,0.045210,0.044418,0.046002,0.940177,0.933122,0.947231,0.722752,0.619748,0.825757,0.010916,0.010375,0.085587,0.040596,0.050000,0,0,0,0,0
cat_face_bass,hinge2_restart_importnet,nonorm1p25,375,346.541,0.303253,0.693166,0.597164,0.789168,5,0.00063113,0,0.044847,0.044018,0.045676,0.940802,0.934053,0.947552,0.724332,0.623449,0.825214,0.010714,0.010158,0.084744,0.040572,0.050000,0,0,0,0,0
cat_face_bass,hinge2_restart_importnet,nonorm1p25,400,387.508,0.298190,0.695084,0.606458,0.783711,5,0.00048411,0,0.042189,0.044018,0.040360,0.943916,0.934998,0.952834,0.724247,0.633153,0.815341,0.010733,0.008981,0.082749,0.041535,0.050000,0,0,0,0,0
cat_face_bass,hinge2_restart_importnet,nonorm1p25,425,394.281,0.288926,0.699312,0.622090,0.776535,5,0.00041686,0,0.038678,0.039816,0.037539,0.948749,0.942016,0.955481,0.726272,0.646859,0.805685,0.009680,0.008312,0.079119,0.042707,0.050000,0,0,0,0,0
cat_face_bass,hinge2_restart_importnet,nonorm1p25,450,434.442,0.281927,0.703679,0.630847,0.776511,5,0.00031703,0,0.036322,0.035214,0.037431,0.952218,0.948837,0.955598,0.729319,0.653061,0.805577,0.008584,0.008334,0.076840,0.042865,0.050000,0,0,0,0,0
cat_face_bass,hinge2_restart_importnet,nonorm1p25,475,441.046,0.276963,0.707233,0.638481,0.775985,5,0.00009484,0,0.035346,0.035214,0.035478,0.953566,0.949418,0.957714,0.732240,0.660964,0.803515,0.008536,0.007755,0.075399,0.042686,0.050000,0,0,0,0,0
cat_face_bass,hinge2_restart_importnet,nonorm1p25,500,483.904,0.250269,0.720981,0.640347,0.801614,5,0.00004548,0,0.022439,0.036415,0.008463,0.968813,0.947985,0.989640,0.736031,0.663665,0.808398,0.008888,0.001668,0.075128,0.036796,0.050000,0,0,0,0,0
cat_face_bass,hinge2_restart_importnet,nonorm1p25,525,490.939,0.243118,0.734134,0.649590,0.818678,5,0.00000000,0,0.024967,0.036915,0.013019,0.966293,0.948043,0.984544,0.751453,0.673569,0.829337,0.008946,0.002716,0.073164,0.033817,0.050000,0,0,0,0,0
cat_face_bass,hinge2_restart_importnet,nonorm1p25,550,531.588,0.226373,0.752405,0.687458,0.817353,5,0.00000000,0,0.023862,0.036114,0.011609,0.968949,0.951744,0.986154,0.769563,0.712285,0.826842,0.008839,0.002390,0.065194,0.033956,0.050000,0,0,0,0,0
cat_face_bass,hinge2_restart_importnet,nonorm1p25,575,538.372,0.216113,0.766159,0.710151,0.822167,5,0.00000000,0,0.024483,0.036815,0.012151,0.968994,0.952381,0.985608,0.784226,0.736295,0.832158,0.009017,0.002545,0.060461,0.033143,0.050000,0,0,0,0,0
cat_face_bass,hinge2_restart_importnet,nonorm1p25,600,579.288,0.211242,0.771705,0.720883,0.822527,5,0.00000041,0,0.024992,0.037615,0.012368,0.968742,0.952120,0.985364,0.790350,0.747999,0.832700,0.009060,0.002544,0.058112,0.033005,0.050000,0,0,0,0,0
cat_face_bass,hinge2_restart_importnet,nonorm1p25,625,585.981,0.207966,0.777584,0.728202,0.826966,5,0.00000043,0,0.025551,0.037215,0.013887,0.968374,0.953042,0.983707,0.796876,0.755302,0.838451,0.009074,0.002924,0.056652,0.032334,0.050000,0,0,0,0,0
cat_face_bass,hinge2_restart_importnet,nonorm1p25,650,627.563,0.202831,0.784017,0.740120,0.827914,5,0.00000000,0,0.026122,0.037815,0.014430,0.968094,0.953078,0.983109,0.803984,0.768107,0.839861,0.009196,0.002964,0.054144,0.032072,0.050000,0,0,0,0,0
cat_face_bass,hinge2_restart_importnet,nonorm1p25,675,634.475,0.197207,0.792002,0.751277,0.832728,5,0.00000195,0,0.026598,0.038115,0.015081,0.967939,0.953406,0.982472,0.812599,0.779912,0.845286,0.009251,0.003189,0.051807,0.031247,0.050000,0,0,0,0,0
cat_face_bass,hinge2_restart_importnet,nonorm1p25,700,675.679,0.195516,0.794327,0.755035,0.833618,5,0.00000356,0,0.027358,0.038115,0.016600,0.967208,0.953627,0.980789,0.815635,0.783814,0.847456,0.009154,0.003525,0.050898,0.031010,0.050000,0,0,0,0,0
cat_face_bass,hinge2_restart_importnet,nonorm1p25,725,682.727,0.191576,0.799170,0.763493,0.834847,5,0.00000286,0,0.026819,0.038015,0.015623,0.968068,0.954228,0.981907,0.820203,0.792517,0.847890,0.009236,0.003375,0.049173,0.030849,0.050000,0,0,0,0,0
cat_face_bass,hinge2_restart_importnet,nonorm1p25,750,725.102,0.187454,0.805854,0.776880,0.834827,5,0.00001441,0,0.028516,0.040216,0.016817,0.966584,0.952594,0.980574,0.828495,0.808123,0.848866,0.009650,0.003603,0.046354,0.030802,0.050000,0,0,0,0,0
cat_face_bass,hinge2_restart_importnet,nonorm1p25,775,732.103,0.184445,0.807959,0.777114,0.838803,5,0.00004754,1,0.026794,0.038615,0.014972,0.968529,0.954341,0.982718,0.829242,0.807123,0.851362,0.009298,0.003327,0.046252,0.030172,0.050000,0,0,0,0,0
cat_face_bass,hinge2_restart_importnet,nonorm1p25,800,775.065,0.181523,0.812247,0.782726,0.841768,5,0.00009935,1,0.026990,0.037815,0.016166,0.968485,0.955519,0.981452,0.833850,0.812325,0.855376,0.009235,0.003528,0.045138,0.029635,0.050000,0,0,0,0,0
cat_face_bass,hinge2_restart_importnet,nonorm1p25,825,782.532,0.179847,0.816474,0.786884,0.846064,5,0.00013802,1,0.028630,0.038816,0.018444,0.966855,0.954668,0.979043,0.839548,0.817427,0.861669,0.009464,0.004079,0.044216,0.028731,0.050000,0,0,0,0,0
cat_face_bass,hinge2_restart_importnet,nonorm1p25,850,826.313,0.177458,0.820802,0.790848,0.850756,5,0.00012250,1,0.028810,0.038415,0.019204,0.966823,0.955312,0.978333,0.844161,0.821228,0.867093,0.009389,0.004323,0.043517,0.028029,0.050000,0,0,0,0,0
cat_face_bass,hinge2_restart_importnet,nonorm1p25,875,833.761,0.173519,0.825809,0.797592,0.854027,5,0.00044772,1,0.029081,0.038415,0.019746,0.966751,0.955674,0.977829,0.849561,0.828231,0.870891,0.009491,0.004324,0.042139,0.027195,0.050000,0,0,0,0,0
cat_face_bass,hinge2_restart_importnet,nonorm1p25,900,878.494,0.175317,0.824083,0.797921,0.850245,5,0.00057630,1,0.029844,0.039616,0.020072,0.965900,0.954420,0.977381,0.848421,0.829532,0.867310,0.009553,0.004399,0.041932,0.028085,0.050000,0,0,0,0,0
cat_face_bass,hinge2_restart_importnet,nonorm1p25,925,885.971,0.176425,0.828199,0.805668,0.850730,5,0.00072534,1,0.033131,0.041417,0.024845,0.962626,0.952960,0.972293,0.855451,0.839036,0.871867,0.010062,0.005531,0.040332,0.028135,0.050000,0,0,0,0,0
cat_face_bass,hinge2_restart_importnet,nonorm1p25,950,929.710,0.179800,0.827783,0.806970,0.848596,5,0.00031991,1,0.035507,0.039116,0.031898,0.960142,0.955431,0.964854,0.857100,0.838535,0.875665,0.009685,0.007122,0.040180,0.028599,0.050000,0,0,0,0,0
cat_face_bass,hinge2_restart_importnet,nonorm1p25,975,937.208,0.176918,0.833586,0.810241,0.856932,5,0.00049627,1,0.036577,0.043317,0.029836,0.959276,0.951255,0.967297,0.863919,0.845338,0.882500,0.010598,0.006728,0.039534,0.027094,0.050000,0,0,0,0,0
cat_face_bass,hinge2_restart_importnet,nonorm1p25,1000,983.647,0.177915,0.833441,0.810099,0.856782,5,0.00049442,2,0.037953,0.044118,0.031789,0.957858,0.950427,0.965288,0.864928,0.845838,0.884019,0.010737,0.007100,0.039473,0.027015,0.050000,0,0,0,0,0
cat_face_bass,hinge2_restart_importnet,nonorm1p25,1025,991.254,0.174941,0.838132,0.814424,0.861841,5,0.00071746,1,0.037887,0.043117,0.032657,0.958151,0.951698,0.964605,0.869763,0.849540,0.889986,0.010586,0.007308,0.038727,0.026125,0.050000,0,0,0,0,0
cat_face_bass,hinge2_restart_importnet,nonorm1p25,1050,1037.456,0.172925,0.840524,0.817641,0.863407,5,0.00049981,1,0.038246,0.042317,0.034176,0.957916,0.952695,0.963136,0.872578,0.852241,0.892915,0.010408,0.007565,0.038049,0.025773,0.050000,0,0,0,0,0
cat_face_bass,hinge2_restart_importnet,nonorm1p25,1075,1045.055,0.171842,0.841604,0.816507,0.866702,5,0.00082746,1,0.037646,0.042417,0.032874,0.958554,0.952530,0.964578,0.873167,0.851140,0.895194,0.010426,0.007352,0.038168,0.025241,0.050000,0,0,0,0,0
cat_face_bass,hinge2_restart_importnet,nonorm1p25,1100,1090.878,0.171759,0.842578,0.818714,0.866443,5,0.00045937,1,0.037862,0.042417,0.033308,0.958392,0.952652,0.964131,0.874372,0.853441,0.895302,0.010527,0.007463,0.037916,0.025315,0.050000,0,0,0,0,0
cat_face_bass,hinge2_restart_importnet,nonorm1p25,1125,1098.491,0.171217,0.845049,0.820697,0.869401,5,0.00087467,2,0.038404,0.045018,0.031789,0.957951,0.950127,0.965775,0.877341,0.857643,0.897038,0.011121,0.007181,0.037583,0.024842,0.050000,0,0,0,0,0
cat_face_bass,hinge2_restart_importnet,nonorm1p25,1150,1144.889,0.170213,0.845848,0.820714,0.870981,5,0.00054540,2,0.038888,0.045118,0.032657,0.957496,0.950028,0.964963,0.878584,0.857743,0.899425,0.011172,0.007271,0.037492,0.024371,0.050000,0,0,0,0,0
cat_face_bass,hinge2_restart_importnet,nonorm1p25,1175,1152.450,0.166301,0.852627,0.829154,0.876101,5,0.00006203,0,0.040131,0.045218,0.035044,0.956602,0.950411,0.962792,0.886725,0.866647,0.906803,0.011179,0.007880,0.035825,0.023480,0.050000,0,0,0,0,0
cat_face_bass,hinge2_restart_importnet,nonorm1p25,1200,1198.774,0.161487,0.858361,0.835757,0.880965,5,0.00002037,1,0.040160,0.045818,0.034501,0.956857,0.950190,0.963524,0.892705,0.874050,0.911359,0.011295,0.007803,0.034344,0.022519,0.050000,0,0,0,0,0
cat_face_bass,hinge2_restart_importnet,nonorm1p25,1225,1206.067,0.159354,0.861413,0.839419,0.883407,5,0.00000825,1,0.041157,0.046619,0.035695,0.956031,0.949611,0.962451,0.896746,0.878551,0.914940,0.011400,0.007917,0.033543,0.021984,0.050000,0,0,0,0,0
cat_face_bass,hinge2_restart_importnet,nonorm1p25,1250,1250.487,0.155181,0.864064,0.842171,0.885958,5,0.00000212,1,0.039671,0.047119,0.032223,0.957621,0.949278,0.965964,0.898179,0.881853,0.914506,0.011535,0.007123,0.032893,0.021374,0.050000,0,0,0,0,0
cat_face_bass,hinge2_restart_importnet,nonorm1p25,1275,1257.889,0.151794,0.866356,0.844058,0.888655,5,0.00000068,0,0.038132,0.046319,0.029945,0.959243,0.950167,0.968320,0.899209,0.883153,0.915265,0.011386,0.006598,0.032530,0.020887,0.050000,0,0,0,0,0
cat_face_bass,hinge2_restart_importnet,nonorm1p25,1300,1302.532,0.151043,0.868509,0.847778,0.889240,5,0.00000145,0,0.038703,0.046919,0.030487,0.958796,0.949791,0.967801,0.901953,0.887555,0.916350,0.011462,0.006868,0.031693,0.020916,0.050000,0,0,0,0,0
cat_face_bass,hinge2_restart_importnet,nonorm1p25,1325,1309.829,0.151025,0.869274,0.847998,0.890549,5,0.00000024,0,0.039020,0.047119,0.030921,0.958513,0.949610,0.967417,0.903021,0.887955,0.918086,0.011612,0.006923,0.031752,0.020593,0.050000,0,0,0,0,0
cat_face_bass,hinge2_restart_importnet,nonorm1p25,1350,1354.757,0.150844,0.868391,0.847425,0.889357,5,0.00000000,0,0.038369,0.047119,0.029619,0.959122,0.949577,0.968668,0.901527,0.887355,0.915699,0.011661,0.006635,0.031883,0.020669,0.050000,0,0,0,0,0
cat_face_bass,hinge2_restart_importnet,nonorm1p25,1375,1361.985,0.150038,0.868283,0.847336,0.889229,5,0.00000000,0,0.037634,0.047819,0.027449,0.959863,0.948893,0.970832,0.900746,0.887855,0.913638,0.011809,0.006147,0.031938,0.020637,0.050000,0,0,0,0,0
cat_face_bass,hinge2_restart_importnet,nonorm1p25,1400,1406.462,0.150057,0.868985,0.847673,0.890297,5,0.00000000,0,0.038189,0.048820,0.027558,0.959352,0.947947,0.970758,0.901943,0.889056,0.914831,0.012004,0.006154,0.031825,0.020505,0.050000,0,0,0,0,0
cat_face_bass,hinge2_restart_importnet,nonorm1p25,1425,1413.822,0.149686,0.868460,0.846822,0.890097,5,0.00000000,0,0.037943,0.048219,0.027666,0.959560,0.948477,0.970642,0.901189,0.887655,0.914723,0.011831,0.006141,0.031935,0.020443,0.050000,0,0,0,0,0
cat_face_bass,hinge2_restart_importnet,nonorm1p25,1450,1458.775,0.149027,0.869627,0.848135,0.891118,5,0.00000000,0,0.038030,0.048719,0.027341,0.959536,0.948070,0.971001,0.902469,0.889456,0.915482,0.011812,0.006149,0.031612,0.020449,0.050000,0,0,0,0,0
cat_face_bass,hinge2_restart_importnet,nonorm1p25,1475,1466.123,0.148889,0.870123,0.849422,0.890825,5,0.00000000,0,0.037638,0.047719,0.027558,0.959942,0.949109,0.970774,0.902665,0.889956,0.915374,0.011773,0.006192,0.031490,0.020498,0.050000,0,0,0,0,0
cat_face_bass,hinge2_restart_importnet,nonorm1p25,1500,1511.072,0.148774,0.869925,0.848826,0.891024,5,0.00000000,0,0.037834,0.048219,0.027449,0.959741,0.948592,0.970889,0.902619,0.889756,0.915482,0.011819,0.006147,0.031515,0.020414,0.050000,0,0,0,0,0
cat_face_bass,hinge2_restart_importnet,nonorm1p25,1525,1518.385,0.149242,0.870071,0.850138,0.890003,5,0.00000000,0,0.038247,0.048719,0.027775,0.959358,0.948186,0.970531,0.903140,0.891557,0.914723,0.011921,0.006230,0.031282,0.020651,0.050000,0,0,0,0,0
cat_face_bass,hinge2_restart_importnet,nonorm1p25,1550,1562.594,0.148240,0.869870,0.850840,0.888901,5,0.00000000,0,0.037480,0.047619,0.027341,0.960109,0.949286,0.970931,0.902280,0.891357,0.913204,0.011650,0.006141,0.031090,0.020791,0.050000,0,0,0,0,0
cat_face_bass,hinge2_restart_importnet,nonorm1p25,1575,1569.981,0.148089,0.870549,0.850788,0.890310,5,0.00000000,0,0.037304,0.047919,0.026690,0.960312,0.948994,0.971630,0.902814,0.891557,0.914072,0.011764,0.006040,0.031170,0.020620,0.050000,0,0,0,0,0
cat_face_bass,hinge2_restart_importnet,nonorm1p25,1600,1615.008,0.148149,0.870838,0.851474,0.890203,5,0.00000000,0,0.038193,0.048719,0.027666,0.959454,0.948263,0.970646,0.903894,0.892957,0.914831,0.011895,0.006099,0.030999,0.020583,0.050000,0,0,0,0,0
cat_face_bass,hinge2_restart_importnet,nonorm1p25,1625,1622.187,0.147752,0.871495,0.852248,0.890742,5,0.00000000,0,0.037947,0.048119,0.027775,0.959719,0.948884,0.970554,0.904370,0.893257,0.915482,0.011808,0.006264,0.030807,0.020478,0.050000,0,0,0,0,0
cat_face_bass,hinge2_restart_importnet,nonorm1p25,1650,1666.954,0.147661,0.871660,0.852930,0.890391,5,0.00000000,0,0.037834,0.048219,0.027449,0.959848,0.948827,0.970869,0.904444,0.894058,0.914831,0.011859,0.006203,0.030783,0.020471,0.050000,0,0,0,0,0
cat_face_bass,hinge2_restart_importnet,nonorm1p25,1675,1674.248,0.148208,0.870494,0.851488,0.889499,5,0.00000000,0,0.037917,0.048820,0.027015,0.959722,0.948168,0.971277,0.903293,0.893057,0.913529,0.011949,0.006045,0.030982,0.020629,0.050000,0,0,0,0,0
cat_face_bass,hinge2_restart_importnet,nonorm1p25,1700,1718.219,0.147800,0.870515,0.851060,0.889969,5,0.00000000,0,0.037146,0.047819,0.026473,0.960472,0.949106,0.971837,0.902643,0.891757,0.913529,0.011726,0.006001,0.031141,0.020600,0.050000,0,0,0,0,0
cat_face_bass,hinge2_restart_importnet,nonorm1p25,1725,1725.578,0.147538,0.870931,0.851495,0.890368,5,0.00000000,0,0.037376,0.047519,0.027232,0.960253,0.949420,0.971086,0.903286,0.891957,0.914614,0.011693,0.006094,0.031080,0.020455,0.050000,0,0,0,0,0
cat_face_bass,hinge2_restart_importnet,nonorm1p25,1750,1770.717,0.147360,0.871588,0.852304,0.890873,5,0.00000000,0,0.037767,0.048519,0.027015,0.959911,0.948503,0.971320,0.904299,0.893657,0.914940,0.011893,0.006080,0.030776,0.020437,0.050000,0,0,0,0,0
cat_face_bass,hinge2_restart_importnet,nonorm1p25,1775,1778.060,0.146818,0.871502,0.852191,0.890813,5,0.00000000,0,0.037584,0.047719,0.027449,0.960074,0.949266,0.970883,0.904061,0.892857,0.915265,0.011694,0.006083,0.030864,0.020323,0.050000,0,0,0,0,0
cat_face_bass,hinge2_restart_importnet,nonorm1p25,1800,1822.733,0.147165,0.871316,0.852630,0.890003,5,0.00000000,0,0.037947,0.048119,0.027775,0.959718,0.948906,0.970531,0.904190,0.893657,0.914723,0.011745,0.006146,0.030748,0.020470,0.050000,0,0,0,0,0
cat_face_bass,hinge2_restart_importnet,nonorm1p25,1825,1830.089,0.147490,0.870757,0.850253,0.891261,5,0.00000000,0,0.037104,0.047519,0.026690,0.960504,0.949350,0.971659,0.902852,0.890656,0.915048,0.011700,0.006041,0.031306,0.020262,0.050000,0,0,0,0,0
cat_face_bass,hinge2_restart_importnet,nonorm1p25,1850,1874.405,0.146651,0.871843,0.852753,0.890932,5,0.00000000,0,0.037450,0.048319,0.026581,0.960239,0.948721,0.971758,0.904286,0.893958,0.914614,0.011805,0.005986,0.030719,0.020368,0.050000,0,0,0,0,0
cat_face_bass,hinge2_restart_importnet,nonorm1p25,1875,1881.679,0.147114,0.871467,0.852484,0.890450,5,0.00000000,0,0.038067,0.049120,0.027015,0.959622,0.947938,0.971307,0.904432,0.894358,0.914506,0.011962,0.006018,0.030715,0.020366,0.050000,0,0,0,0,0
cat_face_bass,hinge2_restart_importnet,nonorm1p25,1900,1926.548,0.146647,0.872268,0.853463,0.891072,5,0.00000000,0,0.037763,0.048619,0.026907,0.959954,0.948473,0.971435,0.905003,0.894958,0.915048,0.011904,0.006025,0.030575,0.020338,0.050000,0,0,0,0,0
cat_face_bass,hinge2_restart_importnet,nonorm1p25,1925,1933.845,0.146759,0.872385,0.853393,0.891378,5,0.00000000,0,0.037459,0.048119,0.026798,0.960251,0.948949,0.971554,0.904862,0.894458,0.915265,0.011865,0.006078,0.030587,0.020364,0.050000,0,0,0,0,0
cat_face_bass,hinge2_restart_importnet,nonorm1p25,1950,1978.428,0.146619,0.872359,0.853517,0.891201,5,0.00000000,0,0.037722,0.048319,0.027124,0.959993,0.948764,0.971221,0.905066,0.894758,0.915374,0.011808,0.006119,0.030498,0.020402,0.050000,0,0,0,0,0
cat_face_bass,hinge2_restart_importnet,nonorm1p25,1975,1985.736,0.146641,0.872053,0.853270,0.890836,5,0.00000000,0,0.037793,0.047919,0.027666,0.959900,0.949135,0.970666,0.904820,0.894158,0.915482,0.011758,0.006163,0.030616,0.020303,0.050000,0,0,0,0,0
cat_face_bass,hinge2_restart_importnet,nonorm1p25,2000,2029.853,0.147002,0.872005,0.852975,0.891036,5,0.00000000,0,0.038389,0.049220,0.027558,0.959326,0.947870,0.970781,0.905274,0.894958,0.915591,0.011962,0.006184,0.030515,0.020304,0.050000,0,0,0,0,0
cat_face_bass,hinge2_restart_importnet,nonorm1p25,2025,2037.212,0.147223,0.871952,0.852633,0.891272,5,0.00000000,0,0.037809,0.048820,0.026798,0.959892,0.948234,0.971550,0.904707,0.894258,0.915157,0.011964,0.006071,0.030703,0.020365,0.050000,0,0,0,0,0
cat_face_bass,hinge2_restart_importnet,nonorm1p25,2050,2082.054,0.146825,0.871979,0.852251,0.891706,5,0.00000000,0,0.037863,0.048820,0.026907,0.959833,0.948212,0.971455,0.904778,0.893858,0.915699,0.011849,0.006038,0.030762,0.020292,0.050000,0,0,0,0,0
cat_face_bass,hinge2_restart_importnet,nonorm1p25,2075,2089.407,0.146862,0.872133,0.852220,0.892046,5,0.00000000,0,0.037521,0.047919,0.027124,0.960161,0.949075,0.971248,0.904649,0.893057,0.916242,0.011785,0.006072,0.030824,0.020287,0.050000,0,0,0,0,0
cat_face_bass,hinge2_restart_importnet,nonorm1p25,2100,2134.369,0.146797,0.871761,0.851944,0.891578,5,0.00000000,0,0.037004,0.047319,0.026690,0.960653,0.949638,0.971669,0.903815,0.892257,0.915374,0.011710,0.006037,0.030952,0.020263,0.050000,0,0,0,0,0
cat_face_bass,hinge2_restart_importnet,nonorm1p25,2125,2141.606,0.147394,0.871959,0.852318,0.891601,5,0.00000000,0,0.037763,0.048619,0.026907,0.959930,0.948408,0.971452,0.904674,0.893758,0.915591,0.012014,0.006000,0.030893,0.020288,0.050000,0,0,0,0,0
cat_face_bass,hinge2_restart_importnet,nonorm1p25,2150,2186.121,0.147191,0.871755,0.851498,0.892012,5,0.00000000,0,0.037509,0.048219,0.026798,0.960159,0.948745,0.971573,0.904237,0.892557,0.915916,0.011873,0.005982,0.031049,0.020227,0.050000,0,0,0,0,0
horse_circle,hinge2_restart_importnet,nonorm1p25,1,0.658,1.048361,0.094012,0.092478,0.095545,5,0.00000000,0,0.037788,0.039900,0.035676,0.720886,0.706767,0.735005,0.097561,0.096168,0.098954,0.011103,0.015577,0.203945,0.286886,0.050000,0,0,0,0,0
horse_circle,hinge2_restart_importnet,nonorm1p25,25,9.747,0.920263,0.143588,0.138726,0.148450,5,0.00000000,0,0.011130,0.016369,0.005891,0.929014,0.895981,0.962047,0.145161,0.140997,0.149325,0.004578,0.002473,0.189044,0.262273,0.050000,0,0,0,0,0
horse_circle,hinge2_restart_importnet,nonorm1p25,50,66.668,0.831266,0.213952,0.213171,0.214734,5,0.00000000,0,0.004845,0.006975,0.002714,0.978040,0.968527,0.987553,0.214987,0.214658,0.215316,0.001887,0.001148,0.170714,0.241125,0.050000,0,0,0,0,0
horse_circle,hinge2_restart_importnet,nonorm1p25,75,76.113,0.744162,0.298346,0.301443,0.295250,5,0.00037135,1,0.006264,0.011998,0.000530,0.980185,0.962159,0.998211,0.300233,0.305060,0.295406,0.003274,0.000223,0.151878,0.215701,0.050000,0,0,0,0,0
horse_circle,hinge2_restart_importnet,nonorm1p25,100,134.075,0.656043,0.382288,0.380022,0.384554,5,0.00004999,1,0.007075,0.013951,0.000199,0.982272,0.965059,0.999484,0.384977,0.385324,0.384631,0.003825,0.000097,0.134863,0.188238,0.050000,0,0,0,0,0
horse_circle,hinge2_restart_importnet,nonorm1p25,125,143.622,0.550363,0.483636,0.470879,0.496394,5,0.00003721,1,0.008835,0.017206,0.000463,0.982196,0.965323,0.999068,0.487802,0.478981,0.496624,0.004730,0.000207,0.115168,0.153829,0.050000,0,0,0,0,0
horse_circle,hinge2_restart_importnet,nonorm1p25,150,201.170,0.425980,0.595932,0.581528,0.610335,5,0.00003188,1,0.006676,0.013021,0.000331,0.988917,0.978375,0.999458,0.599819,0.589100,0.610537,0.003342,0.000154,0.089901,0.118708,0.050000,0,0,0,0,0
horse_circle,hinge2_restart_importnet,nonorm1p25,175,210.806,0.344879,0.675967,0.677108,0.674826,5,0.00010009,0,0.006463,0.012463,0.000463,0.990730,0.982145,0.999314,0.680343,0.685547,0.675139,0.003431,0.000183,0.068957,0.098931,0.050000,0,0,0,0,0
horse_circle,hinge2_restart_importnet,nonorm1p25,200,267.222,0.311614,0.709744,0.713185,0.706302,5,0.00007786,0,0.007266,0.013672,0.000860,0.990112,0.981439,0.998784,0.714923,0.722935,0.706910,0.003838,0.000345,0.061220,0.089332,0.050000,0,0,0,0,0
horse_circle,hinge2_restart_importnet,nonorm1p25,225,276.727,0.293406,0.728691,0.714559,0.742823,5,0.00004056,0,0.010097,0.019531,0.000662,0.986500,0.973890,0.999110,0.735915,0.728516,0.743315,0.005342,0.000400,0.061209,0.078302,0.050000,0,0,0,0,0
horse_circle,hinge2_restart_importnet,nonorm1p25,250,333.102,0.280459,0.741178,0.713935,0.768422,5,0.00004054,0,0.011910,0.023158,0.000662,0.984205,0.969271,0.999140,0.749700,0.730469,0.768930,0.006405,0.000301,0.061397,0.070436,0.050000,0,0,0,0,0
horse_circle,hinge2_restart_importnet,nonorm1p25,275,342.565,0.265415,0.754022,0.718793,0.789251,5,0.00001673,0,0.011486,0.022972,0.000000,0.984852,0.969704,1.000000,0.762278,0.735305,0.789251,0.006447,0.000172,0.060511,0.063918,0.050000,0,0,0,0,0
horse_circle,hinge2_restart_importnet,nonorm1p25,300,398.716,0.250251,0.769393,0.717494,0.821292,5,0.00003740,0,0.013777,0.027158,0.000397,0.981988,0.964460,0.999517,0.779298,0.736979,0.821618,0.007671,0.000243,0.061201,0.054020,0.050000,0,0,0,0,0
horse_circle,hinge2_restart_importnet,nonorm1p25,325,408.233,0.243190,0.779954,0.712797,0.847111,5,0.00001485,0,0.017518,0.034970,0.000066,0.977332,0.954742,0.999922,0.792445,0.737723,0.847167,0.009941,0.000190,0.062808,0.046118,0.050000,0,0,0,0,0
horse_circle,hinge2_restart_importnet,nonorm1p25,350,465.441,0.234496,0.792326,0.711636,0.873015,5,0.00000207,0,0.021663,0.043062,0.000265,0.972433,0.945168,0.999697,0.807763,0.742281,0.873246,0.012209,0.000203,0.063626,0.038106,0.050000,0,0,0,0,0
horse_circle,hinge2_restart_importnet,nonorm1p25,375,475.102,0.226756,0.802473,0.707315,0.897631,5,0.00000004,1,0.025244,0.050223,0.000265,0.968188,0.936672,0.999705,0.820354,0.742839,0.897869,0.014142,0.000224,0.064893,0.030527,0.050000,0,0,0,0,0
horse_circle,hinge2_restart_importnet,nonorm1p25,400,530.751,0.219024,0.814593,0.703512,0.925673,5,0.00000262,1,0.029702,0.059338,0.000066,0.963090,0.926251,0.999929,0.835496,0.745257,0.925735,0.016686,0.000217,0.066343,0.022039,0.050000,0,0,0,0,0
horse_circle,hinge2_restart_importnet,nonorm1p25,425,539.695,0.208339,0.826731,0.702700,0.950761,5,0.00001923,1,0.032200,0.064267,0.000132,0.960363,0.920866,0.999861,0.849374,0.747861,0.950887,0.018053,0.000231,0.067046,0.014261,0.050000,0,0,0,0,0
horse_circle,hinge2_restart_importnet,nonorm1p25,450,592.620,0.201762,0.833883,0.702512,0.965255,5,0.00001905,1,0.033269,0.066406,0.000132,0.959220,0.918577,0.999863,0.857273,0.749163,0.965383,0.018691,0.000226,0.067268,0.009960,0.050000,0,0,0,0,0
horse_circle,hinge2_restart_importnet,nonorm1p25,475,601.570,0.197859,0.836130,0.701117,0.971143,5,0.00001496,1,0.032771,0.065476,0.000066,0.959673,0.919414,0.999932,0.859116,0.747024,0.971207,0.018416,0.000215,0.067503,0.008132,0.050000,0,0,0,0,0
horse_circle,hinge2_restart_importnet,nonorm1p25,500,654.682,0.189231,0.835415,0.692606,0.978223,5,0.00002187,1,0.027669,0.055339,0.000000,0.964810,0.929619,1.000000,0.854579,0.730934,0.978223,0.015711,0.000219,0.068789,0.005907,0.050000,0,0,0,0,0
horse_circle,hinge2_restart_importnet,nonorm1p25,525,663.600,0.183098,0.835378,0.687965,0.982792,5,0.00001492,1,0.024773,0.049479,0.000066,0.967899,0.935865,0.999933,0.852431,0.722005,0.982857,0.013957,0.000190,0.069434,0.004427,0.050000,0,0,0,0,0
horse_circle,hinge2_restart_importnet,nonorm1p25,550,717.614,0.181947,0.837324,0.686958,0.987689,5,0.00001724,1,0.025610,0.051153,0.000066,0.966890,0.933847,0.999933,0.854927,0.722098,0.987755,0.014359,0.000216,0.069758,0.002990,0.050000,0,0,0,0,0
horse_circle,hinge2_restart_importnet,nonorm1p25,575,726.554,0.179247,0.838478,0.686420,0.990536,5,0.00002036,1,0.025038,0.049944,0.000132,0.967529,0.935192,0.999866,0.855685,0.720703,0.990667,0.014070,0.000213,0.069662,0.002101,0.050000,0,0,0,0,0
horse_circle,hinge2_restart_importnet,nonorm1p25,600,781.708,0.177978,0.839830,0.688198,0.991462,5,0.00001332,1,0.024866,0.049665,0.000066,0.967802,0.935670,0.999933,0.856952,0.722377,0.991528,0.014038,0.000200,0.069310,0.001877,0.050000,0,0,0,0,0
horse_circle,hinge2_restart_importnet,nonorm1p25,625,790.926,0.177659,0.839508,0.687555,0.991461,5,0.00000053,0,0.024647,0.049293,0.000000,0.968022,0.936044,1.000000,0.856454,0.721447,0.991461,0.013869,0.000196,0.069346,0.001902,0.050000,0,0,0,0,0
horse_circle,hinge2_restart_importnet,nonorm1p25,650,847.213,0.177555,0.840206,0.689017,0.991395,5,0.00000000,0,0.025019,0.050037,0.000000,0.967657,0.935313,1.000000,0.857444,0.723493,0.991395,0.014011,0.000204,0.069183,0.001825,0.050000,0,0,0,0,0
horse_circle,hinge2_restart_importnet,nonorm1p25,675,856.697,0.177415,0.839594,0.687594,0.991594,5,0.00000692,0,0.024414,0.048828,0.000000,0.968293,0.936587,1.000000,0.856381,0.721168,0.991594,0.013789,0.000205,0.069415,0.001797,0.050000,0,0,0,0,0
horse_circle,hinge2_restart_importnet,nonorm1p25,700,912.860,0.177815,0.839830,0.688464,0.991197,5,0.00000319,0,0.024866,0.049665,0.000066,0.967813,0.935694,0.999933,0.856960,0.722656,0.991263,0.013985,0.000193,0.069278,0.001907,0.050000,0,0,0,0,0
horse_circle,hinge2_restart_importnet,nonorm1p25,725,922.098,0.177903,0.840342,0.689420,0.991263,5,0.00004439,0,0.025284,0.050502,0.000066,0.967374,0.934814,0.999933,0.857783,0.724237,0.991329,0.014191,0.000206,0.069065,0.001875,0.050000,0,0,0,0,0
horse_circle,hinge2_restart_importnet,nonorm1p25,750,977.885,0.177691,0.839894,0.688525,0.991263,5,0.00000363,0,0.024786,0.049572,0.000000,0.967903,0.935806,1.000000,0.856960,0.722656,0.991263,0.014029,0.000185,0.069176,0.001901,0.050000,0,0,0,0,0
horse_circle,hinge2_restart_importnet,nonorm1p25,775,986.722,0.176836,0.840602,0.689609,0.991594,5,0.00000160,0,0.024972,0.049944,0.000000,0.967736,0.935472,1.000000,0.857823,0.724051,0.991594,0.014013,0.000188,0.068841,0.001825,0.050000,0,0,0,0,0
horse_circle,hinge2_restart_importnet,nonorm1p25,800,1041.610,0.176704,0.841022,0.690516,0.991528,5,0.00000219,0,0.025191,0.050316,0.000066,0.967529,0.935124,0.999933,0.858427,0.725260,0.991594,0.014088,0.000190,0.068693,0.001810,0.050000,0,0,0,0,0
horse_circle,hinge2_restart_importnet,nonorm1p25,825,1050.848,0.176374,0.841445,0.691361,0.991529,5,0.00000000,0,0.025457,0.050781,0.000132,0.967266,0.934666,0.999867,0.859065,0.726469,0.991660,0.014127,0.000241,0.068425,0.001802,0.050000,0,0,0,0,0
horse_circle,hinge2_restart_importnet,nonorm1p25,850,1105.852,0.175832,0.841876,0.692424,0.991329,5,0.00001130,0,0.024786,0.049572,0.000000,0.968072,0.936145,1.000000,0.859039,0.726749,0.991329,0.014031,0.000168,0.068304,0.001860,0.050000,0,0,0,0,0
horse_circle,hinge2_restart_importnet,nonorm1p25,875,1115.170,0.176116,0.841772,0.692212,0.991331,5,0.00000664,0,0.024978,0.049758,0.000199,0.967856,0.935913,0.999800,0.859092,0.726656,0.991528,0.014023,0.000249,0.068386,0.001830,0.050000,0,0,0,0,0
horse_circle,hinge2_restart_importnet,nonorm1p25,900,1171.893,0.176455,0.841236,0.690877,0.991594,5,0.00000521,1,0.025052,0.050037,0.000066,0.967705,0.935476,0.999933,0.858553,0.725446,0.991660,0.014057,0.000184,0.068585,0.001839,0.050000,0,0,0,0,0
horse_circle,hinge2_restart_importnet,nonorm1p25,925,1181.460,0.176230,0.842113,0.692764,0.991463,5,0.00003086,1,0.025131,0.050130,0.000132,0.967700,0.935534,0.999867,0.859543,0.727493,0.991594,0.014144,0.000233,0.068341,0.001792,0.050000,0,0,0,0,0
horse_circle,hinge2_restart_importnet,nonorm1p25,950,1238.254,0.176747,0.841223,0.690189,0.992257,5,0.00001406,1,0.025304,0.050409,0.000199,0.967394,0.934989,0.999800,0.858718,0.724981,0.992454,0.014129,0.000258,0.068794,0.001591,0.050000,0,0,0,0,0
horse_circle,hinge2_restart_importnet,nonorm1p25,975,1247.932,0.177153,0.841081,0.689640,0.992522,5,0.00002270,1,0.025689,0.051246,0.000132,0.966924,0.933980,0.999867,0.858817,0.724981,0.992653,0.014287,0.000244,0.068895,0.001511,0.050000,0,0,0,0,0
horse_circle,hinge2_restart_importnet,nonorm1p25,1000,1304.643,0.176668,0.841433,0.690345,0.992522,5,0.00001956,1,0.025085,0.050037,0.000132,0.967648,0.935430,0.999867,0.858771,0.724888,0.992653,0.014093,0.000253,0.068851,0.001544,0.050000,0,0,0,0,0
horse_circle,hinge2_restart_importnet,nonorm1p25,1025,1314.132,0.176770,0.840745,0.689298,0.992192,5,0.00007890,0,0.025510,0.050688,0.000331,0.967128,0.934590,0.999667,0.858379,0.724237,0.992521,0.014064,0.000279,0.068907,0.001521,0.050000,0,0,0,0,0
horse_circle,hinge2_restart_importnet,nonorm1p25,1050,1369.593,0.176626,0.841489,0.690523,0.992456,5,0.00002284,0,0.025151,0.050037,0.000265,0.967589,0.935445,0.999733,0.858897,0.725074,0.992719,0.014068,0.000277,0.068798,0.001576,0.050000,0,0,0,0,0
horse_circle,hinge2_restart_importnet,nonorm1p25,1075,1378.874,0.177236,0.841198,0.690204,0.992192,5,0.00002021,0,0.025663,0.051060,0.000265,0.966988,0.934244,0.999733,0.858950,0.725446,0.992454,0.014255,0.000286,0.068839,0.001596,0.050000,0,0,0,0,0
horse_circle,hinge2_restart_importnet,nonorm1p25,1100,1434.193,0.176473,0.841705,0.690822,0.992588,5,0.00001947,0,0.024992,0.049851,0.000132,0.967776,0.935685,0.999867,0.858990,0.725260,0.992719,0.014060,0.000241,0.068806,0.001547,0.050000,0,0,0,0,0
horse_circle,hinge2_restart_importnet,nonorm1p25,1125,1443.526,0.177128,0.841370,0.690748,0.991992,5,0.00003228,0,0.025317,0.050502,0.000132,0.967399,0.934931,0.999867,0.858878,0.725632,0.992123,0.014227,0.000238,0.068851,0.001622,0.050000,0,0,0,0,0
horse_circle,hinge2_restart_importnet,nonorm1p25,1150,1499.355,0.176568,0.841484,0.691109,0.991860,5,0.00002582,0,0.025211,0.050223,0.000199,0.967541,0.935283,0.999800,0.858938,0.725818,0.992057,0.014109,0.000242,0.068683,0.001654,0.050000,0,0,0,0,0
horse_circle,hinge2_restart_importnet,nonorm1p25,1175,1508.810,0.176446,0.841204,0.690019,0.992390,5,0.00005480,0,0.025197,0.050130,0.000265,0.967514,0.935294,0.999733,0.858631,0.724609,0.992653,0.014020,0.000275,0.068802,0.001532,0.050000,0,0,0,0,0
horse_circle,hinge2_restart_importnet,nonorm1p25,1200,1564.717,0.176292,0.841265,0.690141,0.992390,5,0.00003513,0,0.025104,0.049944,0.000265,0.967626,0.935519,0.999733,0.858631,0.724609,0.992653,0.014025,0.000276,0.068765,0.001492,0.050000,0,0,0,0,0
horse_circle,hinge2_restart_importnet,nonorm1p25,1225,1574.161,0.176658,0.841212,0.689835,0.992588,5,0.00001177,0,0.025271,0.050409,0.000132,0.967412,0.934957,0.999867,0.858664,0.724609,0.992719,0.014114,0.000240,0.068885,0.001497,0.050000,0,0,0,0,0
horse_circle,hinge2_restart_importnet,nonorm1p25,1250,1630.073,0.176373,0.841464,0.690407,0.992522,5,0.00004802,0,0.025038,0.049944,0.000132,0.967704,0.935542,0.999867,0.858771,0.724888,0.992653,0.014087,0.000242,0.068744,0.001515,0.050000,0,0,0,0,0
horse_circle,hinge2_restart_importnet,nonorm1p25,1275,1639.492,0.176795,0.841338,0.690483,0.992193,5,0.00001355,0,0.025450,0.050502,0.000397,0.967254,0.934908,0.999600,0.858970,0.725353,0.992587,0.014153,0.000286,0.068785,0.001558,0.050000,0,0,0,0,0
horse_circle,hinge2_restart_importnet,nonorm1p25,1300,1695.523,0.176070,0.841725,0.691259,0.992192,5,0.00005894,0,0.025197,0.050130,0.000265,0.967568,0.935403,0.999733,0.859183,0.725911,0.992454,0.014087,0.000250,0.068539,0.001554,0.050000,0,0,0,0,0
horse_circle,hinge2_restart_importnet,nonorm1p25,1325,1704.931,0.176265,0.842094,0.691600,0.992588,5,0.00003140,0,0.025443,0.050688,0.000199,0.967297,0.934793,0.999800,0.859720,0.726656,0.992785,0.014249,0.000253,0.068520,0.001474,0.050000,0,0,0,0,0
horse_circle,hinge2_restart_importnet,nonorm1p25,1350,1760.699,0.176028,0.842387,0.692185,0.992588,5,0.00004381,0,0.025536,0.050874,0.000199,0.967216,0.934632,0.999800,0.860092,0.727400,0.992785,0.014244,0.000253,0.068380,0.001498,0.050000,0,0,0,0,0
horse_circle,hinge2_restart_importnet,nonorm1p25,1375,1770.144,0.175701,0.843461,0.694398,0.992525,5,0.00006169,0,0.025735,0.050874,0.000596,0.967114,0.934827,0.999401,0.861420,0.729725,0.993116,0.014362,0.000334,0.068001,0.001457,0.050000,0,0,0,0,0
horse_circle,hinge2_restart_importnet,nonorm1p25,1400,1826.064,0.174931,0.844428,0.696002,0.992853,5,0.00005501,0,0.025862,0.051525,0.000199,0.967014,0.934228,0.999800,0.862457,0.731864,0.993050,0.014439,0.000265,0.067600,0.001467,0.050000,0,0,0,0,0
horse_circle,hinge2_restart_importnet,nonorm1p25,1425,1835.500,0.175064,0.844915,0.696847,0.992984,5,0.00007370,0,0.026493,0.052920,0.000066,0.966330,0.932726,0.999933,0.863387,0.733724,0.993050,0.014725,0.000230,0.067430,0.001383,0.050000,0,0,0,0,0
horse_circle,hinge2_restart_importnet,nonorm1p25,1450,1891.094,0.174354,0.844989,0.697125,0.992852,5,0.00006223,0,0.025749,0.051432,0.000066,0.967183,0.934432,0.999933,0.862949,0.732980,0.992918,0.014492,0.000235,0.067289,0.001458,0.050000,0,0,0,0,0
horse_circle,hinge2_restart_importnet,nonorm1p25,1475,1900.347,0.173977,0.845459,0.698133,0.992786,5,0.00008518,0,0.025656,0.051246,0.000066,0.967332,0.934731,0.999933,0.863381,0.733910,0.992851,0.014416,0.000227,0.067128,0.001527,0.050000,0,0,0,0,0
horse_circle,hinge2_restart_importnet,nonorm1p25,1500,1955.202,0.174633,0.844979,0.697304,0.992654,5,0.00006341,0,0.026247,0.052362,0.000132,0.966632,0.933396,0.999867,0.863301,0.733817,0.992785,0.014590,0.000226,0.067301,0.001474,0.050000,0,0,0,0,0
horse_circle,hinge2_restart_importnet,nonorm1p25,1525,1964.412,0.173963,0.845085,0.697318,0.992852,5,0.00007528,0,0.025470,0.050874,0.000066,0.967508,0.935082,0.999933,0.862856,0.732794,0.992918,0.014310,0.000235,0.067300,0.001474,0.050000,0,0,0,0,0
horse_circle,hinge2_restart_importnet,nonorm1p25,1550,2019.102,0.174460,0.844863,0.696940,0.992786,5,0.00004197,0,0.025922,0.051711,0.000132,0.966983,0.934100,0.999867,0.862949,0.732980,0.992918,0.014517,0.000224,0.067344,0.001445,0.050000,0,0,0,0,0
horse_circle,hinge2_restart_importnet,nonorm1p25,1575,2028.252,0.174810,0.845142,0.697366,0.992919,5,0.00006089,0,0.026201,0.052269,0.000132,0.966687,0.933507,0.999867,0.863434,0.733817,0.993050,0.014661,0.000231,0.067323,0.001446,0.050000,0,0,0,0,0
horse_circle,hinge2_restart_importnet,nonorm1p25,1600,2082.428,0.174218,0.845236,0.697621,0.992852,5,0.00006581,0,0.025842,0.051618,0.000066,0.967099,0.934265,0.999933,0.863274,0.733631,0.992918,0.014481,0.000238,0.067225,0.001463,0.050000,0,0,0,0,0
horse_circle,hinge2_restart_importnet,nonorm1p25,1625,2091.528,0.174353,0.845287,0.697524,0.993050,5,0.00005912,0,0.025982,0.051897,0.000066,0.966937,0.933941,0.999933,0.863420,0.733724,0.993116,0.014531,0.000235,0.067251,0.001448,0.050000,0,0,0,0,0
horse_circle,hinge2_restart_importnet,nonorm1p25,1650,2146.073,0.174340,0.845127,0.697798,0.992455,5,0.00005583,0,0.025875,0.051618,0.000132,0.967074,0.934281,0.999867,0.863202,0.733817,0.992587,0.014481,0.000250,0.067204,0.001532,0.050000,0,0,0,0,0
horse_circle,hinge2_restart_importnet,nonorm1p25,1675,2155.171,0.174242,0.845076,0.697498,0.992654,5,0.00006136,0,0.025968,0.051804,0.000132,0.966955,0.934044,0.999867,0.863208,0.733631,0.992785,0.014499,0.000225,0.067228,0.001467,0.050000,0,0,0,0,0
horse_circle,hinge2_restart_importnet,nonorm1p25,1700,2209.619,0.174252,0.845015,0.697179,0.992852,5,0.00004672,0,0.025842,0.051618,0.000066,0.967080,0.934226,0.999933,0.863042,0.733166,0.992918,0.014476,0.000236,0.067272,0.001449,0.050000,0,0,0,0,0
horse_circle,hinge2_restart_importnet,nonorm1p25,1725,2218.753,0.174261,0.844844,0.697232,0.992455,5,0.00005739,0,0.025935,0.051804,0.000066,0.966977,0.934020,0.999933,0.862936,0.733352,0.992521,0.014477,0.000208,0.067249,0.001504,0.050000,0,0,0,0,0
horse_circle,hinge2_restart_importnet,nonorm1p25,1750,2273.375,0.174203,0.845117,0.697382,0.992852,5,0.00006323,0,0.025889,0.051711,0.000066,0.967036,0.934139,0.999933,0.863181,0.733445,0.992918,0.014477,0.000219,0.067234,0.001476,0.050000,0,0,0,0,0
horse_circle,hinge2_restart_importnet,nonorm1p25,1775,2282.450,0.174122,0.844865,0.697010,0.992720,5,0.00006123,0,0.025703,0.051339,0.000066,0.967230,0.934527,0.999933,0.862790,0.732794,0.992785,0.014397,0.000231,0.067290,0.001464,0.050000,0,0,0,0,0
robot_man,hinge2_restart_importnet,nonorm1p25,1,0.534,0.596176,0.148737,0.062040,0.235434,5,0.00000000,0,0.152616,0.110046,0.195185,0.487680,0.384921,0.590440,0.175128,0.068868,0.281388,0.022399,0.016310,0.178407,0.071296,0.050000,0,0,0,0,0
robot_man,hinge2_restart_importnet,nonorm1p25,25,7.448,0.509927,0.158974,0.075654,0.242295,5,0.00000150,1,0.073046,0.054195,0.091897,0.668800,0.595406,0.742193,0.172158,0.079754,0.264561,0.010988,0.007583,0.167125,0.064624,0.050000,0,0,0,0,0
robot_man,hinge2_restart_importnet,nonorm1p25,50,47.577,0.486629,0.191637,0.097219,0.286054,5,0.00000159,1,0.067248,0.046740,0.087756,0.732636,0.685259,0.780013,0.206460,0.101763,0.311157,0.009357,0.007247,0.161940,0.060619,0.050000,0,0,0,0,0
robot_man,hinge2_restart_importnet,nonorm1p25,75,54.069,0.455451,0.248694,0.144573,0.352815,5,0.00001224,0,0.064770,0.044373,0.085167,0.795448,0.772865,0.818031,0.266926,0.150988,0.382863,0.008995,0.006975,0.153139,0.054619,0.050000,0,0,0,0,0
robot_man,hinge2_restart_importnet,nonorm1p25,100,94.223,0.418453,0.307216,0.209469,0.404963,5,0.00000651,1,0.058398,0.042244,0.074553,0.845804,0.837875,0.853733,0.326736,0.218317,0.435154,0.008534,0.006111,0.141140,0.049778,0.050000,0,0,0,0,0
robot_man,hinge2_restart_importnet,nonorm1p25,125,100.834,0.384580,0.376155,0.288501,0.463810,5,0.00000199,0,0.059478,0.049580,0.069376,0.868295,0.859302,0.877289,0.399396,0.302804,0.495988,0.010033,0.005721,0.127940,0.044657,0.050000,0,0,0,0,0
robot_man,hinge2_restart_importnet,nonorm1p25,150,140.177,0.363293,0.397784,0.318238,0.477329,5,0.00000000,0,0.049142,0.047805,0.050479,0.891574,0.874612,0.908537,0.417438,0.333452,0.501424,0.009328,0.004126,0.122049,0.042781,0.050000,0,0,0,0,0
robot_man,hinge2_restart_importnet,nonorm1p25,175,146.611,0.344393,0.414651,0.342587,0.486715,5,0.00000000,0,0.041225,0.039995,0.042454,0.910931,0.899074,0.922787,0.431833,0.356289,0.507378,0.007603,0.003497,0.116629,0.041692,0.050000,0,0,0,0,0
robot_man,hinge2_restart_importnet,nonorm1p25,200,184.776,0.328134,0.446538,0.379291,0.513786,5,0.00000000,0,0.044572,0.037629,0.051514,0.912841,0.912733,0.912948,0.466908,0.393563,0.540254,0.007151,0.004240,0.109986,0.039843,0.050000,0,0,0,0,0
robot_man,hinge2_restart_importnet,nonorm1p25,225,191.091,0.299972,0.494653,0.434842,0.554463,5,0.00000000,0,0.042615,0.032422,0.052809,0.924842,0.932645,0.917039,0.516342,0.448941,0.583743,0.006552,0.004292,0.100005,0.036425,0.050000,0,0,0,0,0
robot_man,hinge2_restart_importnet,nonorm1p25,250,232.122,0.280178,0.512752,0.504861,0.520643,5,0.00002082,0,0.040833,0.034552,0.047114,0.929203,0.937952,0.920455,0.533739,0.522305,0.545172,0.006887,0.003856,0.087605,0.039048,0.050000,0,0,0,0,0
robot_man,hinge2_restart_importnet,nonorm1p25,275,238.744,0.267055,0.529716,0.540432,0.519000,5,0.00008013,0,0.043045,0.030174,0.055915,0.928002,0.948589,0.907415,0.552379,0.556739,0.548020,0.005958,0.004553,0.080880,0.039480,0.050000,0,0,0,0,0
robot_man,hinge2_restart_importnet,nonorm1p25,300,279.539,0.247034,0.567417,0.589711,0.545123,5,0.00000040,0,0.046181,0.028162,0.064199,0.927988,0.955614,0.900362,0.593219,0.606319,0.580119,0.005729,0.005274,0.072228,0.037535,0.050000,0,0,0,0,0
robot_man,hinge2_restart_importnet,nonorm1p25,325,286.171,0.238484,0.586142,0.615870,0.556413,5,0.00000000,0,0.052094,0.030411,0.073777,0.922180,0.954270,0.890089,0.616031,0.634599,0.597463,0.006018,0.005909,0.067551,0.036782,0.050000,0,0,0,0,0
robot_man,hinge2_restart_importnet,nonorm1p25,350,325.568,0.232326,0.597645,0.628230,0.567060,5,0.00000000,0,0.052682,0.030292,0.075071,0.922825,0.955292,0.890359,0.628445,0.647261,0.609630,0.005854,0.006146,0.065139,0.036025,0.050000,0,0,0,0,0
robot_man,hinge2_restart_importnet,nonorm1p25,375,332.234,0.223288,0.613832,0.645273,0.582391,5,0.00000112,0,0.052430,0.028754,0.076107,0.925098,0.958483,0.891713,0.645271,0.663827,0.626715,0.005599,0.006252,0.062107,0.034723,0.050000,0,0,0,0,0
robot_man,hinge2_restart_importnet,nonorm1p25,400,372.860,0.216884,0.621947,0.649169,0.594725,5,0.00000851,0,0.047786,0.025677,0.069894,0.931947,0.962868,0.901026,0.651066,0.665838,0.636293,0.005146,0.005602,0.061438,0.033565,0.050000,0,0,0,0,0
robot_man,hinge2_restart_importnet,nonorm1p25,425,379.493,0.209811,0.628253,0.652943,0.603562,5,0.00000506,0,0.042142,0.023193,0.061092,0.939682,0.966450,0.912915,0.654261,0.668087,0.640435,0.004607,0.004870,0.060569,0.032488,0.050000,0,0,0,0,0
robot_man,hinge2_restart_importnet,nonorm1p25,450,419.696,0.199116,0.637193,0.656250,0.618137,5,0.00000947,0,0.030257,0.018578,0.041936,0.955913,0.972959,0.938868,0.656250,0.668442,0.644059,0.003753,0.003330,0.059857,0.030844,0.050000,0,0,0,0,0
robot_man,hinge2_restart_importnet,nonorm1p25,475,426.371,0.187860,0.649987,0.663794,0.636180,5,0.00000209,0,0.021766,0.016093,0.027440,0.968204,0.976696,0.959711,0.664057,0.674476,0.653637,0.003157,0.002124,0.058357,0.028971,0.050000,0,0,0,0,0
robot_man,hinge2_restart_importnet,nonorm1p25,500,467.080,0.184759,0.655390,0.663795,0.646984,5,0.00004139,0,0.018967,0.016448,0.021486,0.972358,0.976203,0.968513,0.667799,0.674713,0.660885,0.003246,0.001640,0.058352,0.027905,0.050000,0,0,0,0,0
robot_man,hinge2_restart_importnet,nonorm1p25,525,473.837,0.184270,0.661830,0.668058,0.655601,5,0.00001267,0,0.020860,0.020234,0.021486,0.970041,0.971168,0.968914,0.675631,0.681576,0.669687,0.003984,0.001652,0.057834,0.027253,0.050000,0,0,0,0,0
robot_man,hinge2_restart_importnet,nonorm1p25,550,514.723,0.180258,0.672020,0.677289,0.666751,5,0.00003782,0,0.025216,0.021181,0.029252,0.964701,0.970286,0.959117,0.688944,0.691634,0.686254,0.003975,0.002195,0.056117,0.026287,0.050000,0,0,0,0,0
robot_man,hinge2_restart_importnet,nonorm1p25,575,521.603,0.177760,0.677111,0.671657,0.682564,5,0.00009530,0,0.022705,0.019524,0.025887,0.968314,0.972278,0.964349,0.692502,0.684771,0.700233,0.003627,0.001841,0.057001,0.025011,0.050000,0,0,0,0,0
robot_man,hinge2_restart_importnet,nonorm1p25,600,562.487,0.175599,0.685360,0.671074,0.699647,5,0.00006063,0,0.022931,0.020234,0.025628,0.968406,0.971294,0.965517,0.701115,0.684653,0.717577,0.003714,0.001899,0.057079,0.023683,0.050000,0,0,0,0,0
robot_man,hinge2_restart_importnet,nonorm1p25,625,569.393,0.172854,0.695044,0.675983,0.714106,5,0.00013156,1,0.024026,0.020353,0.027699,0.967484,0.971338,0.963630,0.711813,0.689741,0.733886,0.003823,0.002134,0.056311,0.022624,0.050000,0,0,0,0,0
robot_man,hinge2_restart_importnet,nonorm1p25,650,610.528,0.166023,0.706255,0.692801,0.719710,5,0.00008478,0,0.025990,0.015738,0.036241,0.965891,0.978125,0.953658,0.724749,0.703704,0.745793,0.003102,0.002803,0.053287,0.022314,0.050000,0,0,0,0,0
robot_man,hinge2_restart_importnet,nonorm1p25,675,617.367,0.160211,0.717204,0.711523,0.722886,5,0.00005486,0,0.028131,0.015619,0.040642,0.963793,0.978843,0.948743,0.737451,0.722636,0.752265,0.003071,0.003232,0.050012,0.022195,0.050000,0,0,0,0,0
robot_man,hinge2_restart_importnet,nonorm1p25,700,658.438,0.158909,0.718561,0.712923,0.724198,5,0.00003992,0,0.029088,0.017276,0.040901,0.962634,0.976733,0.948534,0.739529,0.725240,0.753818,0.003155,0.003068,0.049632,0.022029,0.050000,0,0,0,0,0
robot_man,hinge2_restart_importnet,nonorm1p25,725,665.278,0.158566,0.720097,0.713238,0.726957,5,0.00003972,0,0.029133,0.016329,0.041936,0.962754,0.977969,0.947539,0.741164,0.724885,0.757442,0.003163,0.003143,0.049735,0.021652,0.050000,0,0,0,0,0
robot_man,hinge2_restart_importnet,nonorm1p25,750,706.709,0.158379,0.721034,0.713073,0.728995,5,0.00009284,0,0.027853,0.017394,0.038312,0.964204,0.976585,0.951823,0.741200,0.725476,0.756925,0.003189,0.003089,0.049646,0.021663,0.050000,0,0,0,0,0
robot_man,hinge2_restart_importnet,nonorm1p25,775,713.668,0.156790,0.722595,0.714286,0.730904,5,0.00014516,1,0.025845,0.014673,0.037018,0.966796,0.980157,0.953435,0.741363,0.724766,0.757960,0.002968,0.002920,0.049519,0.021466,0.050000,0,0,0,0,0
robot_man,hinge2_restart_importnet,nonorm1p25,800,755.167,0.156560,0.726659,0.716385,0.736933,5,0.00011857,1,0.029858,0.014673,0.045043,0.962479,0.980214,0.944744,0.748512,0.726896,0.770127,0.002898,0.003479,0.049196,0.021071,0.050000,0,0,0,0,0
robot_man,hinge2_restart_importnet,nonorm1p25,825,762.246,0.154798,0.730838,0.715204,0.746472,5,0.00009037,1,0.029052,0.012543,0.045560,0.963910,0.982975,0.944845,0.752328,0.724175,0.780481,0.002466,0.003757,0.049171,0.020417,0.050000,0,0,0,0,0
robot_man,hinge2_restart_importnet,nonorm1p25,850,803.514,0.153042,0.734012,0.712210,0.755814,5,0.00017545,1,0.028079,0.009821,0.046337,0.965589,0.986528,0.944651,0.755020,0.719205,0.790836,0.001864,0.003853,0.049588,0.019725,0.050000,0,0,0,0,0
robot_man,hinge2_restart_importnet,nonorm1p25,875,810.386,0.152428,0.734981,0.712326,0.757635,5,0.00010704,0,0.029995,0.008993,0.050997,0.963726,0.987642,0.939811,0.757502,0.718732,0.796272,0.001766,0.003968,0.049574,0.019436,0.050000,0,0,0,0,0
robot_man,hinge2_restart_importnet,nonorm1p25,900,851.677,0.152814,0.734910,0.709289,0.760532,5,0.00010216,0,0.031108,0.011478,0.050738,0.962276,0.984253,0.940299,0.758275,0.717430,0.799120,0.001882,0.003967,0.049847,0.019213,0.050000,0,0,0,0,0
robot_man,hinge2_restart_importnet,nonorm1p25,925,858.551,0.152003,0.738499,0.710274,0.766724,5,0.00004909,0,0.029954,0.011241,0.048667,0.963758,0.984590,0.942927,0.761148,0.718258,0.804038,0.001887,0.004000,0.049699,0.018926,0.050000,0,0,0,0,0
robot_man,hinge2_restart_importnet,nonorm1p25,950,899.864,0.151260,0.738553,0.710233,0.766873,5,0.00003039,0,0.028290,0.009466,0.047114,0.965774,0.986969,0.944580,0.759980,0.716957,0.803003,0.001711,0.003850,0.049764,0.018904,0.050000,0,0,0,0,0
robot_man,hinge2_restart_importnet,nonorm1p25,975,906.841,0.149895,0.740600,0.712292,0.768908,5,0.00004148,0,0.028124,0.008875,0.047373,0.966123,0.987801,0.944444,0.761973,0.718613,0.805333,0.001668,0.003821,0.049433,0.018639,0.050000,0,0,0,0,0
robot_man,hinge2_restart_importnet,nonorm1p25,1000,948.089,0.149499,0.741464,0.712727,0.770200,5,0.00003692,0,0.028194,0.008756,0.047631,0.966113,0.987967,0.944259,0.762927,0.718968,0.806886,0.001667,0.003806,0.049395,0.018502,0.050000,0,0,0,0,0
robot_man,hinge2_restart_importnet,nonorm1p25,1025,954.643,0.149739,0.741287,0.712544,0.770030,5,0.00003004,0,0.028101,0.009348,0.046855,0.966119,0.987169,0.945068,0.762657,0.719205,0.806109,0.001778,0.003758,0.049446,0.018493,0.050000,0,0,0,0,0
robot_man,hinge2_restart_importnet,nonorm1p25,1050,994.849,0.149539,0.741766,0.711288,0.772243,5,0.00003644,0,0.026996,0.009466,0.044525,0.967338,0.986988,0.947689,0.762324,0.718022,0.806627,0.001694,0.003686,0.049582,0.018450,0.050000,0,0,0,0,0
robot_man,hinge2_restart_importnet,nonorm1p25,1075,1001.375,0.149170,0.742649,0.712493,0.772806,5,0.00005818,0,0.027935,0.008756,0.047114,0.966473,0.987964,0.944982,0.763974,0.718732,0.809216,0.001684,0.003783,0.049421,0.018310,0.050000,0,0,0,0,0
robot_man,hinge2_restart_importnet,nonorm1p25,1100,1042.153,0.148845,0.743481,0.712896,0.774066,5,0.00008125,0,0.027713,0.009348,0.046078,0.966667,0.987175,0.946158,0.764647,0.719560,0.809733,0.001727,0.003741,0.049329,0.018230,0.050000,0,0,0,0,0
robot_man,hinge2_restart_importnet,nonorm1p25,1125,1048.804,0.150806,0.742114,0.711860,0.772368,5,0.00004950,0,0.029011,0.010650,0.047373,0.965046,0.985413,0.944680,0.764199,0.719441,0.808957,0.002132,0.003791,0.049667,0.018314,0.050000,0,0,0,0,0
robot_man,hinge2_restart_importnet,nonorm1p25,1150,1090.124,0.148051,0.740254,0.714756,0.765752,5,0.00007368,0,0.027425,0.007218,0.047631,0.967013,0.990073,0.943954,0.761071,0.719915,0.802226,0.001281,0.003718,0.048955,0.018795,0.050000,0,0,0,0,0
robot_man,hinge2_restart_importnet,nonorm1p25,1175,1097.148,0.148115,0.741431,0.714353,0.768509,5,0.00007656,0,0.028190,0.007455,0.048926,0.966264,0.989748,0.942779,0.762894,0.719678,0.806109,0.001386,0.003818,0.049019,0.018507,0.050000,0,0,0,0,0
robot_man,hinge2_restart_importnet,nonorm1p25,1200,1138.934,0.147411,0.741407,0.715562,0.767252,5,0.00008678,0,0.026670,0.006745,0.046596,0.967940,0.990724,0.945155,0.761695,0.720388,0.803003,0.001293,0.003684,0.048804,0.018650,0.050000,0,0,0,0,0
robot_man,hinge2_restart_importnet,nonorm1p25,1225,1145.945,0.146993,0.744012,0.716164,0.771860,5,0.00008103,0,0.026545,0.008046,0.045043,0.968045,0.988977,0.947112,0.764277,0.721926,0.806627,0.001429,0.003695,0.048659,0.018404,0.050000,0,0,0,0,0
robot_man,hinge2_restart_importnet,nonorm1p25,1250,1188.061,0.146464,0.744692,0.718211,0.771174,5,0.00008180,0,0.026556,0.007810,0.045302,0.968059,0.989326,0.946792,0.764964,0.723820,0.806109,0.001419,0.003706,0.048344,0.018453,0.050000,0,0,0,0,0
robot_man,hinge2_restart_importnet,nonorm1p25,1275,1195.247,0.146819,0.744491,0.716682,0.772299,5,0.00008625,0,0.026711,0.008638,0.044784,0.967804,0.988192,0.947416,0.764879,0.722873,0.806886,0.001504,0.003675,0.048594,0.018311,0.050000,0,0,0,0,0
robot_man,hinge2_restart_importnet,nonorm1p25,1300,1237.119,0.146763,0.744921,0.717521,0.772321,5,0.00009090,0,0.026016,0.008283,0.043748,0.968602,0.988680,0.948523,0.764787,0.723465,0.806109,0.001502,0.003626,0.048480,0.018459,0.050000,0,0,0,0,0
robot_man,hinge2_restart_importnet,nonorm1p25,1325,1244.178,0.146478,0.746036,0.719446,0.772626,5,0.00012414,0,0.029288,0.008875,0.049702,0.965088,0.987921,0.942256,0.768429,0.725831,0.811028,0.001549,0.003899,0.048129,0.018256,0.050000,0,0,0,0,0
robot_man,hinge2_restart_importnet,nonorm1p25,1350,1285.793,0.146200,0.746315,0.721342,0.771287,5,0.00012232,0,0.027170,0.008520,0.045819,0.967337,0.988424,0.946250,0.767057,0.727488,0.806627,0.001685,0.003751,0.047947,0.018315,0.050000,0,0,0,0,0
robot_man,hinge2_restart_importnet,nonorm1p25,1375,1292.845,0.144521,0.751045,0.726485,0.775606,5,0.00018286,0,0.028257,0.010176,0.046337,0.966155,0.986323,0.945987,0.772712,0.733878,0.811545,0.001897,0.003780,0.047021,0.018080,0.050000,0,0,0,0,0
robot_man,hinge2_restart_importnet,nonorm1p25,1400,1334.647,0.140440,0.760212,0.739197,0.781227,5,0.00027777,0,0.030575,0.010413,0.050738,0.964019,0.986250,0.941788,0.783879,0.746894,0.820865,0.001957,0.004114,0.044858,0.017677,0.050000,0,0,0,0,0
robot_man,hinge2_restart_importnet,nonorm1p25,1425,1341.666,0.136798,0.759115,0.754518,0.763712,5,0.00005288,0,0.032805,0.008401,0.057209,0.961455,0.989079,0.933832,0.784130,0.760857,0.807404,0.001254,0.004677,0.041863,0.019103,0.050000,0,0,0,0,0
robot_man,hinge2_restart_importnet,nonorm1p25,1450,1383.191,0.136952,0.762868,0.745972,0.779765,5,0.00005341,0,0.031422,0.006153,0.056692,0.963747,0.991869,0.935626,0.787267,0.750562,0.823971,0.000993,0.004661,0.043399,0.017990,0.050000,0,0,0,0,0
robot_man,hinge2_restart_importnet,nonorm1p25,1475,1390.167,0.135192,0.766073,0.751233,0.780913,5,0.00004869,0,0.031533,0.007928,0.055138,0.963459,0.989638,0.937279,0.790580,0.757188,0.823971,0.001382,0.004498,0.042546,0.017683,0.050000,0,0,0,0,0
robot_man,hinge2_restart_importnet,nonorm1p25,1500,1431.364,0.136886,0.766618,0.751084,0.782152,5,0.00005863,0,0.034469,0.010176,0.058763,0.960254,0.986765,0.933742,0.793420,0.758727,0.828113,0.001873,0.004758,0.042711,0.017422,0.050000,0,0,0,0,0
robot_man,hinge2_restart_importnet,nonorm1p25,1525,1438.363,0.136431,0.770723,0.749707,0.791738,5,0.00006342,0,0.034658,0.010295,0.059021,0.960414,0.986591,0.934237,0.797946,0.757425,0.838468,0.001926,0.004812,0.042957,0.016813,0.050000,0,0,0,0,0
robot_man,hinge2_restart_importnet,nonorm1p25,1550,1480.091,0.136337,0.768320,0.741705,0.794935,5,0.00006576,0,0.031019,0.009230,0.052809,0.964233,0.987820,0.940646,0.792732,0.748550,0.836914,0.001630,0.004307,0.044226,0.016498,0.050000,0,0,0,0,0
robot_man,hinge2_restart_importnet,nonorm1p25,1575,1487.166,0.136695,0.770023,0.745546,0.794500,5,0.00011161,0,0.031973,0.009585,0.054362,0.963243,0.987426,0.939060,0.795191,0.752692,0.837691,0.001855,0.004505,0.043713,0.016644,0.050000,0,0,0,0,0
robot_man,hinge2_restart_importnet,nonorm1p25,1600,1529.075,0.137831,0.769221,0.742921,0.795522,5,0.00028494,0,0.031637,0.011241,0.052032,0.963363,0.985258,0.941468,0.794093,0.751272,0.836914,0.002168,0.004286,0.044270,0.016477,0.050000,0,0,0,0,0
robot_man,hinge2_restart_importnet,nonorm1p25,1625,1536.059,0.137277,0.769345,0.744088,0.794601,5,0.00025894,0,0.032824,0.010768,0.054880,0.962218,0.985885,0.938551,0.795154,0.752100,0.838209,0.002065,0.004394,0.043998,0.016476,0.050000,0,0,0,0,0
robot_man,hinge2_restart_importnet,nonorm1p25,1650,1578.012,0.136782,0.770068,0.744703,0.795432,5,0.00024798,0,0.032495,0.010886,0.054103,0.962565,0.985745,0.939385,0.795639,0.752810,0.838468,0.002084,0.004368,0.043925,0.016315,0.050000,0,0,0,0,0
robot_man,hinge2_restart_importnet,nonorm1p25,1675,1585.132,0.136913,0.770536,0.745495,0.795577,5,0.00025350,0,0.032413,0.011241,0.053585,0.962610,0.985308,0.939913,0.796042,0.753875,0.838209,0.002134,0.004402,0.043738,0.016460,0.050000,0,0,0,0,0
robot_man,hinge2_restart_importnet,nonorm1p25,1700,1627.297,0.135742,0.773345,0.745904,0.800787,5,0.00034081,0,0.031777,0.011005,0.052550,0.963465,0.985617,0.941313,0.798490,0.754112,0.842868,0.002116,0.004311,0.043720,0.015998,0.050000,0,0,0,0,0
robot_man,hinge2_restart_importnet,nonorm1p25,1725,1634.364,0.135544,0.773515,0.748947,0.798084,5,0.00025341,0,0.032424,0.011005,0.053844,0.962753,0.985675,0.939832,0.799122,0.757188,0.841056,0.002112,0.004467,0.043173,0.016286,0.050000,0,0,0,0,0
robot_man,hinge2_restart_importnet,nonorm1p25,1750,1676.176,0.134798,0.775073,0.749064,0.801082,5,0.00031331,0,0.032143,0.011478,0.052809,0.963076,0.985077,0.941075,0.800524,0.757662,0.843386,0.002168,0.004335,0.043164,0.015996,0.050000,0,0,0,0,0
robot_man,hinge2_restart_importnet,nonorm1p25,1775,1683.243,0.133944,0.776343,0.750965,0.801720,5,0.00026049,0,0.032354,0.011123,0.053585,0.962954,0.985563,0.940346,0.801999,0.759318,0.844680,0.002063,0.004403,0.042781,0.016018,0.050000,0,0,0,0,0
robot_man,hinge2_restart_importnet,nonorm1p25,1800,1725.334,0.134838,0.775647,0.750263,0.801030,5,0.00022163,0,0.033604,0.012070,0.055138,0.961556,0.984353,0.938758,0.802258,0.759318,0.845198,0.002246,0.004485,0.042919,0.016008,0.050000,0,0,0,0,0
robot_man,hinge2_restart_importnet,nonorm1p25,1825,1732.446,0.134994,0.775558,0.750234,0.800883,5,0.00033919,0,0.033330,0.011005,0.055656,0.961968,0.985699,0.938236,0.801974,0.758490,0.845457,0.002094,0.004520,0.043009,0.016102,0.050000,0,0,0,0,0
robot_man,hinge2_restart_importnet,nonorm1p25,1850,1774.600,0.134513,0.773578,0.746664,0.800493,5,0.00033874,0,0.030235,0.010768,0.049702,0.965043,0.985933,0.944154,0.797492,0.754704,0.840280,0.001950,0.004108,0.043519,0.016046,0.050000,0,0,0,0,0
robot_man,hinge2_restart_importnet,nonorm1p25,1875,1781.725,0.135030,0.773651,0.746662,0.800639,5,0.00026760,0,0.031681,0.010295,0.053068,0.963661,0.986537,0.940786,0.798738,0.754349,0.843127,0.001927,0.004319,0.043455,0.016159,0.050000,0,0,0,0,0
robot_man,hinge2_restart_importnet,nonorm1p25,1900,1823.543,0.133894,0.776794,0.749268,0.804321,5,0.00032051,0,0.032151,0.009940,0.054362,0.963397,0.987035,0.939759,0.802380,0.756715,0.848046,0.001916,0.004439,0.043109,0.015783,0.050000,0,0,0,0,0
robot_man,hinge2_restart_importnet,nonorm1p25,1925,1830.656,0.134227,0.775247,0.749121,0.801373,5,0.00030824,0,0.032739,0.009821,0.055656,0.962728,0.987183,0.938272,0.801227,0.756479,0.845975,0.001855,0.004513,0.043085,0.015960,0.050000,0,0,0,0,0
robot_man,hinge2_restart_importnet,nonorm1p25,1950,1872.801,0.134310,0.773951,0.749326,0.798577,5,0.00021528,0,0.032184,0.009230,0.055138,0.963262,0.987942,0.938581,0.799426,0.756242,0.842609,0.001726,0.004542,0.043031,0.016214,0.050000,0,0,0,0,0
robot_man,hinge2_restart_importnet,nonorm1p25,1975,1879.902,0.133767,0.776271,0.750088,0.802454,5,0.00027929,0,0.032173,0.009466,0.054880,0.963384,0.987652,0.939115,0.801840,0.757188,0.846492,0.001760,0.004561,0.042938,0.015947,0.050000,0,0,0,0,0
robot_man,hinge2_restart_importnet,nonorm1p25,2000,1921.500,0.134701,0.773735,0.747863,0.799607,5,0.00030746,0,0.031611,0.010413,0.052809,0.963690,0.986407,0.940972,0.798741,0.755650,0.841833,0.001917,0.004391,0.043235,0.016123,0.050000,0,0,0,0,0
robot_man,hinge2_restart_importnet,nonorm1p25,2025,1928.625,0.134862,0.773534,0.747510,0.799557,5,0.00026555,0,0.031245,0.009940,0.052550,0.964116,0.987005,0.941228,0.798257,0.754940,0.841574,0.001825,0.004412,0.043289,0.016252,0.050000,0,0,0,0,0
robot_man,hinge2_restart_importnet,nonorm1p25,2050,1970.640,0.133927,0.774939,0.747420,0.802457,5,0.00026984,0,0.031348,0.009111,0.053585,0.964231,0.988064,0.940397,0.799844,0.754230,0.845457,0.001726,0.004334,0.043388,0.015906,0.050000,0,0,0,0,0
robot_man,hinge2_restart_importnet,nonorm1p25,2075,1977.778,0.133857,0.775938,0.748389,0.803488,5,0.00028157,0,0.031774,0.009703,0.053844,0.963767,0.987322,0.940213,0.801201,0.755650,0.846751,0.001866,0.004350,0.043257,0.015803,0.050000,0,0,0,0,0
