pair,arm,config,step,seconds,loss,mean_iou,view1_iou,view2_iou,patches,overlap,overlap_repaired_pairs,mean_spill,view1_spill,view2_spill,mean_precision,view1_precision,view2_precision,mean_coverage,view1_coverage,view2_coverage,view1_negative_space,view2_negative_space,view1_silhouette,view2_silhouette,lambda_count,total_adds,total_splits,total_deletes,count_active,target_reached
sun_moon,srd_restart,aw0p25,1,1.535,1.469492,0.253556,0.207253,0.299858,20,0.00018595,0,0.119952,0.149957,0.089946,0.698993,0.613801,0.784185,0.282581,0.238332,0.326829,0.033556,0.018169,0.756427,0.669296,0.050000,0,0,0,0,0
sun_moon,srd_restart,aw0p25,25,27.319,1.109901,0.407175,0.376386,0.437964,20,0.00102158,1,0.061962,0.081569,0.042356,0.874086,0.833075,0.915097,0.431801,0.407087,0.456514,0.018131,0.008298,0.587555,0.539159,0.050000,0,0,0,0,0
sun_moon,srd_restart,aw0p25,50,343.309,0.877814,0.524890,0.504909,0.544871,20,0.00142949,2,0.048974,0.078436,0.019512,0.920078,0.874089,0.966067,0.550007,0.544512,0.555503,0.016860,0.003803,0.451126,0.440461,0.050000,0,0,0,0,0
sun_moon,srd_restart,aw0p25,75,370.111,0.716212,0.612218,0.589410,0.635026,20,0.00151638,5,0.053274,0.087511,0.019036,0.925649,0.879875,0.971423,0.644052,0.640990,0.647115,0.019015,0.003656,0.354689,0.349239,0.050000,0,0,0,0,0
sun_moon,srd_restart,aw0p25,100,679.407,0.628870,0.658319,0.610714,0.705924,20,0.00076744,5,0.050678,0.087079,0.014277,0.932248,0.884045,0.980450,0.689948,0.663894,0.716002,0.018749,0.002668,0.331387,0.281091,0.050000,0,0,0,0,0
sun_moon,srd_restart,aw0p25,125,705.945,0.544165,0.704010,0.633765,0.774254,20,0.00022219,4,0.052670,0.092373,0.012968,0.933007,0.882280,0.983734,0.738301,0.692308,0.784295,0.019751,0.002340,0.303770,0.212319,0.050000,0,0,0,0,0
sun_moon,srd_restart,aw0p25,150,1011.975,0.482065,0.737427,0.651296,0.823557,20,0.00066576,2,0.052995,0.091832,0.014158,0.934480,0.885630,0.983331,0.773162,0.711106,0.835217,0.019393,0.002529,0.285578,0.161844,0.050000,0,0,0,0,0
sun_moon,srd_restart,aw0p25,175,1038.385,0.444202,0.756089,0.659257,0.852920,20,0.00013703,4,0.046686,0.078976,0.014396,0.941851,0.900068,0.983633,0.788261,0.711322,0.865199,0.016698,0.002511,0.284992,0.131621,0.050000,0,0,0,0,0
sun_moon,srd_restart,aw0p25,200,1349.690,0.404494,0.779534,0.664863,0.894205,20,0.00009628,2,0.045232,0.078328,0.012136,0.944138,0.901508,0.986769,0.810998,0.716940,0.905057,0.016758,0.002317,0.279926,0.093135,0.050000,0,0,0,0,0
sun_moon,srd_restart,aw0p25,225,1376.212,0.382089,0.790802,0.667868,0.913737,20,0.00007091,1,0.047205,0.079300,0.015110,0.942431,0.900891,0.983971,0.824186,0.720830,0.927543,0.016797,0.002676,0.275603,0.070994,0.050000,0,0,0,0,0
sun_moon,srd_restart,aw0p25,250,1678.624,0.372642,0.796288,0.674732,0.917844,19,0.00004256,1,0.039013,0.067200,0.010827,0.951554,0.914643,0.988465,0.823927,0.720073,0.927781,0.014446,0.002156,0.276648,0.070958,0.050000,0,0,1,0,0
sun_moon,srd_restart,aw0p25,275,1703.828,0.358169,0.803491,0.681070,0.925913,19,0.00003850,1,0.037994,0.062662,0.013325,0.953158,0.920319,0.985996,0.830999,0.723747,0.938251,0.013459,0.002728,0.273006,0.060181,0.050000,0,0,1,0,0
sun_moon,srd_restart,aw0p25,300,1992.579,0.353427,0.806072,0.683071,0.929073,19,0.00011421,1,0.039546,0.062554,0.016538,0.951721,0.920652,0.982791,0.835119,0.725799,0.944438,0.013564,0.003195,0.270907,0.054668,0.050000,0,0,1,0,0
sun_moon,srd_restart,aw0p25,325,2017.680,0.342956,0.810661,0.685610,0.935712,19,0.00004367,1,0.035648,0.060825,0.010470,0.955936,0.922824,0.989048,0.836410,0.727312,0.945509,0.012679,0.002104,0.268947,0.052949,0.050000,0,0,1,0,0
sun_moon,srd_restart,aw0p25,350,2316.973,0.327894,0.818096,0.689282,0.946910,19,0.00005844,1,0.034038,0.057368,0.010708,0.957983,0.927030,0.988935,0.842937,0.728825,0.957049,0.011736,0.002018,0.267539,0.041726,0.050000,0,0,1,0,0
sun_moon,srd_restart,aw0p25,375,2342.104,0.316035,0.824355,0.696245,0.952465,19,0.00007933,1,0.030920,0.053155,0.008685,0.961725,0.932408,0.991041,0.846996,0.733254,0.960738,0.010951,0.001594,0.262771,0.038137,0.050000,0,0,1,0,0
sun_moon,srd_restart,aw0p25,400,2639.681,0.294054,0.836535,0.714697,0.958373,19,0.00006497,1,0.030445,0.051966,0.008923,0.963103,0.935349,0.990856,0.859381,0.751837,0.966924,0.010745,0.001736,0.244334,0.032419,0.050000,0,0,1,0,0
sun_moon,srd_restart,aw0p25,425,2665.018,0.276919,0.845995,0.733087,0.958902,19,0.00005090,1,0.030564,0.050778,0.010351,0.963793,0.938158,0.989429,0.869570,0.770311,0.968828,0.010794,0.002104,0.226245,0.029810,0.050000,0,0,1,0,0
sun_moon,srd_restart,aw0p25,450,2962.835,0.259787,0.854795,0.746858,0.962732,19,0.00004754,1,0.030317,0.048617,0.012017,0.964684,0.941551,0.987817,0.878734,0.783168,0.974301,0.010211,0.002339,0.213704,0.024712,0.050000,0,0,1,0,0
sun_moon,srd_restart,aw0p25,475,2987.924,0.258154,0.855247,0.749255,0.961240,19,0.00005110,1,0.031927,0.050886,0.012968,0.963076,0.939296,0.986856,0.880544,0.787381,0.973706,0.010532,0.002590,0.209434,0.024876,0.050000,0,0,1,0,0
sun_moon,srd_restart,aw0p25,500,3287.355,0.256331,0.856073,0.751519,0.960628,19,0.00003563,1,0.032253,0.049157,0.015348,0.962911,0.941313,0.984508,0.881917,0.788462,0.975372,0.010517,0.002861,0.208211,0.023062,0.050000,0,0,1,0,0
sun_moon,srd_restart,aw0p25,525,3312.509,0.262031,0.853144,0.749512,0.956776,19,0.00006209,1,0.033836,0.051966,0.015705,0.961132,0.938167,0.984096,0.880132,0.788462,0.971802,0.011148,0.002878,0.208646,0.026347,0.050000,0,0,1,0,0
sun_moon,srd_restart,aw0p25,550,3612.295,0.263300,0.852478,0.750256,0.954699,19,0.00005839,1,0.036420,0.053803,0.019036,0.958546,0.936285,0.980808,0.881748,0.790622,0.972873,0.011696,0.003588,0.206286,0.025087,0.050000,0,0,1,0,0
sun_moon,srd_restart,aw0p25,575,3637.517,0.251040,0.858967,0.762615,0.955320,19,0.00006123,1,0.031272,0.042675,0.019869,0.964540,0.949065,0.980014,0.884730,0.795160,0.974301,0.009299,0.003947,0.201946,0.023953,0.050000,0,0,1,0,0
sun_moon,srd_restart,aw0p25,600,3924.368,0.246112,0.861306,0.768712,0.953900,18,0.00004703,1,0.031371,0.040730,0.022011,0.964738,0.951555,0.977921,0.887459,0.800022,0.974896,0.008751,0.004183,0.198016,0.023672,0.050000,0,0,2,0,0
sun_moon,srd_restart,aw0p25,625,3948.421,0.247099,0.860362,0.769870,0.950854,18,0.00001369,1,0.031950,0.039866,0.024033,0.964238,0.952565,0.975912,0.887134,0.800562,0.973706,0.008408,0.004750,0.197328,0.024587,0.050000,0,0,2,0,0
sun_moon,srd_restart,aw0p25,650,4233.229,0.247431,0.860090,0.772708,0.947472,18,0.00002100,0,0.032741,0.037165,0.028316,0.963719,0.955682,0.971757,0.887864,0.801426,0.974301,0.008012,0.005589,0.196327,0.024176,0.050000,0,0,2,0,0
sun_moon,srd_restart,aw0p25,675,4257.062,0.247708,0.859604,0.776664,0.942545,18,0.00001123,0,0.033781,0.034248,0.033314,0.963017,0.959107,0.966927,0.888603,0.803263,0.973944,0.007525,0.006560,0.194544,0.024336,0.050000,0,0,2,0,0
sun_moon,srd_restart,aw0p25,700,4544.819,0.248663,0.858479,0.774187,0.942772,18,0.00001698,2,0.035818,0.036301,0.035336,0.960888,0.956712,0.965063,0.889188,0.802290,0.976086,0.007633,0.007045,0.195149,0.022418,0.050000,0,0,2,0,0
sun_moon,srd_restart,aw0p25,725,4568.882,0.252716,0.856213,0.775005,0.937421,18,0.00002484,0,0.037382,0.034788,0.039976,0.959517,0.958425,0.960610,0.888431,0.801966,0.974896,0.007552,0.007919,0.195820,0.023072,0.050000,0,0,2,0,0
sun_moon,srd_restart,aw0p25,750,4842.078,0.258661,0.853147,0.772149,0.934145,17,0.00002733,1,0.041280,0.036517,0.046044,0.955682,0.956365,0.955000,0.888751,0.800346,0.977156,0.007965,0.009219,0.197105,0.021538,0.050000,0,0,3,0,0
sun_moon,srd_restart,aw0p25,775,4864.633,0.259627,0.852717,0.770517,0.934916,17,0.00001384,2,0.043723,0.039974,0.047472,0.953125,0.952485,0.953766,0.890308,0.801318,0.979298,0.008589,0.009464,0.196463,0.019785,0.050000,0,0,3,0,0
sun_moon,srd_restart,aw0p25,800,5133.821,0.261086,0.852601,0.770384,0.934817,17,0.00000831,3,0.042599,0.037489,0.047710,0.954374,0.955197,0.953550,0.889341,0.799265,0.979417,0.008270,0.009732,0.198461,0.019621,0.050000,0,0,3,0,0
sun_moon,srd_restart,aw0p25,825,5156.286,0.257856,0.854093,0.766646,0.941540,17,0.00002313,1,0.039219,0.038462,0.039976,0.957346,0.953916,0.960775,0.887656,0.796132,0.979179,0.008340,0.007973,0.201894,0.019344,0.050000,0,0,3,0,0
sun_moon,srd_restart,aw0p25,850,5429.670,0.255084,0.855456,0.767582,0.943329,17,0.00004502,2,0.037791,0.038462,0.037121,0.958707,0.953969,0.963445,0.887725,0.797105,0.978346,0.008265,0.007358,0.200807,0.020093,0.050000,0,0,3,0,0
sun_moon,srd_restart,aw0p25,875,5452.429,0.250933,0.858105,0.769127,0.947084,17,0.00002103,3,0.036796,0.039326,0.034265,0.959656,0.953111,0.966201,0.889455,0.799373,0.979536,0.008525,0.006828,0.198271,0.019115,0.050000,0,0,3,0,0
sun_moon,srd_restart,aw0p25,900,5728.502,0.245056,0.860896,0.773404,0.948387,17,0.00001191,2,0.035104,0.037489,0.032719,0.961519,0.955364,0.967674,0.890908,0.802398,0.979417,0.008036,0.006527,0.195405,0.018615,0.050000,0,0,3,0,0
sun_moon,srd_restart,aw0p25,925,5751.869,0.244051,0.861599,0.771437,0.951760,17,0.00004002,1,0.035184,0.039434,0.030934,0.961282,0.953127,0.969437,0.891530,0.801858,0.981202,0.008428,0.006190,0.195456,0.017209,0.050000,0,0,3,0,0
sun_moon,srd_restart,aw0p25,950,6026.284,0.242926,0.862711,0.772490,0.952932,17,0.00003128,1,0.032006,0.035220,0.028792,0.964642,0.957816,0.971469,0.890033,0.799697,0.980369,0.007843,0.005626,0.197606,0.018411,0.050000,0,0,3,0,0
sun_moon,srd_restart,aw0p25,975,6049.320,0.245167,0.861135,0.769191,0.953080,17,0.00005155,3,0.034092,0.038678,0.029506,0.962315,0.953824,0.970806,0.890071,0.798941,0.981202,0.008399,0.005735,0.198480,0.017353,0.050000,0,0,3,0,0
sun_moon,srd_restart,aw0p25,1000,6329.659,0.245448,0.861454,0.770280,0.952629,17,0.00004243,2,0.033617,0.037489,0.029744,0.962881,0.955191,0.970571,0.890061,0.799157,0.980964,0.008237,0.005890,0.198045,0.018137,0.050000,0,0,3,0,0
sun_moon,srd_restart,aw0p25,1025,6353.018,0.244255,0.861803,0.771142,0.952463,17,0.00001101,2,0.032980,0.034788,0.031172,0.963732,0.958225,0.969238,0.890061,0.797969,0.982153,0.007687,0.006110,0.199284,0.016914,0.050000,0,0,3,0,0
sun_moon,srd_restart,aw0p25,1050,6630.824,0.243595,0.862285,0.771727,0.952843,17,0.00004501,3,0.032466,0.035545,0.029387,0.964163,0.957417,0.970910,0.890001,0.799157,0.980845,0.007711,0.005785,0.198281,0.018361,0.050000,0,0,3,0,0
sun_moon,srd_restart,aw0p25,1075,6654.086,0.241208,0.863494,0.771875,0.955113,17,0.00002724,2,0.032800,0.037165,0.028435,0.963751,0.955636,0.971866,0.891417,0.800562,0.982272,0.007953,0.005635,0.196956,0.016677,0.050000,0,0,3,0,0
sun_moon,srd_restart,aw0p25,1100,6930.324,0.238792,0.865244,0.772708,0.957779,17,0.00001503,2,0.031671,0.034788,0.028554,0.965069,0.958306,0.971831,0.892359,0.799589,0.985128,0.007622,0.005700,0.197583,0.014445,0.050000,0,0,3,0,0
sun_moon,srd_restart,aw0p25,1125,6953.288,0.240532,0.864102,0.770727,0.957476,17,0.00002216,3,0.034097,0.038570,0.029625,0.962428,0.954030,0.970826,0.893148,0.800454,0.985842,0.008210,0.005914,0.197150,0.013594,0.050000,0,0,3,0,0
sun_moon,srd_restart,aw0p25,1150,7229.767,0.246410,0.860863,0.771663,0.950063,17,0.00002893,3,0.037488,0.038570,0.036407,0.959214,0.954084,0.964344,0.893039,0.801426,0.984652,0.008346,0.007396,0.195869,0.014928,0.050000,0,0,3,0,0
sun_moon,srd_restart,aw0p25,1175,7252.640,0.245619,0.861524,0.773904,0.949145,17,0.00001432,3,0.035706,0.035004,0.036407,0.961220,0.958129,0.964311,0.892347,0.800994,0.983700,0.007843,0.007343,0.196323,0.015832,0.050000,0,0,3,0,0
sun_moon,srd_restart,aw0p25,1200,7523.732,0.249052,0.858868,0.773500,0.944235,17,0.00002865,3,0.038355,0.035545,0.041166,0.958660,0.957510,0.959810,0.892050,0.800994,0.983105,0.007788,0.008287,0.196385,0.016018,0.050000,0,0,3,0,0
sun_moon,srd_restart,aw0p25,1225,7546.719,0.247549,0.859562,0.773746,0.945378,17,0.00004605,2,0.038679,0.036193,0.041166,0.958332,0.956808,0.959856,0.893023,0.801750,0.984295,0.007858,0.008355,0.195529,0.014636,0.050000,0,0,3,0,0
sun_moon,srd_restart,aw0p25,1250,7823.195,0.244249,0.860767,0.772997,0.948536,17,0.00004024,3,0.038695,0.037057,0.040333,0.958274,0.955816,0.960732,0.894218,0.801642,0.986794,0.007994,0.008036,0.195137,0.012103,0.050000,0,0,3,0,0
sun_moon,srd_restart,aw0p25,1275,7846.226,0.247045,0.860098,0.773988,0.946208,17,0.00003036,2,0.038815,0.035869,0.041761,0.958267,0.957178,0.959356,0.893737,0.801750,0.985723,0.007918,0.008496,0.195260,0.013555,0.050000,0,0,3,0,0
sun_moon,srd_restart,aw0p25,1300,8120.648,0.245181,0.860390,0.775923,0.944857,17,0.00001009,2,0.038885,0.035653,0.042118,0.958249,0.957518,0.958980,0.894119,0.803587,0.984652,0.007624,0.008538,0.193573,0.014196,0.050000,0,0,3,0,0
sun_moon,srd_restart,aw0p25,1325,8143.276,0.246550,0.860079,0.776144,0.944014,17,0.00000282,2,0.039810,0.036193,0.043427,0.957355,0.956935,0.957774,0.894622,0.804235,0.985009,0.008004,0.008680,0.193181,0.014029,0.050000,0,0,3,0,0
sun_moon,srd_restart,aw0p25,1350,8417.178,0.247191,0.859312,0.774812,0.943811,17,0.00002390,0,0.040102,0.036301,0.043902,0.957043,0.956746,0.957341,0.894093,0.802939,0.985247,0.007882,0.008793,0.194276,0.013665,0.050000,0,0,3,0,0
sun_moon,srd_restart,aw0p25,1375,8439.336,0.245164,0.860616,0.775295,0.945937,17,0.00001813,0,0.037804,0.034680,0.040928,0.959326,0.958559,0.960093,0.893417,0.802182,0.984652,0.007540,0.008229,0.194934,0.014380,0.050000,0,0,3,0,0
sun_moon,srd_restart,aw0p25,1400,8705.514,0.244679,0.859958,0.777917,0.941999,17,0.00002638,0,0.040206,0.034248,0.046163,0.957212,0.959171,0.955253,0.895022,0.804559,0.985485,0.007451,0.009071,0.192110,0.013645,0.050000,0,0,3,0,0
sun_moon,srd_restart,aw0p25,1425,8727.480,0.247158,0.858963,0.775880,0.942045,17,0.00002342,0,0.042188,0.037381,0.046996,0.955069,0.955618,0.954519,0.895600,0.804883,0.986318,0.007955,0.009414,0.192187,0.012938,0.050000,0,0,3,0,0
sun_moon,srd_restart,aw0p25,1450,8999.369,0.246949,0.859478,0.776817,0.942139,17,0.00002342,0,0.042010,0.037381,0.046639,0.955254,0.955669,0.954839,0.895968,0.805856,0.986080,0.008010,0.009347,0.191891,0.013049,0.050000,0,0,3,0,0
sun_moon,srd_restart,aw0p25,1475,9021.562,0.243912,0.861387,0.776852,0.945921,17,0.00002539,0,0.039944,0.037057,0.042832,0.957206,0.956026,0.958386,0.896038,0.805640,0.986437,0.008090,0.008515,0.191970,0.012604,0.050000,0,0,3,0,0
sun_moon,srd_restart,aw0p25,1500,9286.779,0.241987,0.862375,0.777189,0.947561,17,0.00003659,0,0.040257,0.039110,0.041404,0.956770,0.953809,0.959732,0.897189,0.807584,0.986794,0.008438,0.008285,0.189777,0.012178,0.050000,0,0,3,0,0
water_fire,srd_restart,aw0p25,1,2.020,1.451074,0.254462,0.294280,0.214643,20,0.00111249,0,0.195230,0.152659,0.237800,0.608662,0.689632,0.527692,0.302445,0.339205,0.265686,0.020498,0.035143,0.658263,0.730614,0.050000,0,0,0,0,0
water_fire,srd_restart,aw0p25,25,37.332,0.969178,0.470862,0.515152,0.426572,20,0.00049668,3,0.112705,0.085053,0.140356,0.822005,0.867934,0.776075,0.522706,0.558967,0.486445,0.011338,0.020422,0.439224,0.510212,0.050000,0,0,0,0,0
water_fire,srd_restart,aw0p25,50,473.131,0.711949,0.599608,0.659784,0.539431,20,0.00076670,2,0.121909,0.088743,0.155074,0.845380,0.890044,0.800717,0.670709,0.718336,0.623083,0.011644,0.022615,0.279474,0.373946,0.050000,0,0,0,0,0
water_fire,srd_restart,aw0p25,75,508.569,0.563782,0.672247,0.741630,0.602865,20,0.00124380,2,0.116426,0.097299,0.135554,0.863962,0.893206,0.834719,0.749188,0.813790,0.684586,0.012634,0.019583,0.184412,0.312177,0.050000,0,0,0,0,0
water_fire,srd_restart,aw0p25,100,915.370,0.447947,0.729813,0.781555,0.678071,19,0.00145772,2,0.113992,0.100486,0.127498,0.876229,0.895389,0.857068,0.812307,0.860091,0.764524,0.013121,0.018274,0.138371,0.232636,0.050000,0,0,1,0,0
water_fire,srd_restart,aw0p25,125,948.968,0.355425,0.776083,0.801855,0.750312,19,0.00172817,4,0.110919,0.103171,0.118668,0.885841,0.895550,0.876132,0.861966,0.884583,0.839349,0.013407,0.017079,0.113958,0.157673,0.050000,0,0,1,0,0
water_fire,srd_restart,aw0p25,150,1312.643,0.279747,0.815475,0.816929,0.814021,18,0.00018468,2,0.104834,0.095957,0.113710,0.895875,0.903199,0.888551,0.900952,0.895320,0.906584,0.012548,0.016226,0.103651,0.091940,0.050000,0,0,2,0,0
water_fire,srd_restart,aw0p25,175,1343.986,0.268012,0.822241,0.826060,0.818422,18,0.00040577,1,0.103434,0.091763,0.115105,0.897825,0.907648,0.888001,0.907244,0.901862,0.912626,0.012019,0.016662,0.097310,0.085442,0.050000,0,0,2,0,0
water_fire,srd_restart,aw0p25,200,1688.414,0.248223,0.832675,0.841714,0.823635,17,0.00044239,0,0.101209,0.084214,0.118203,0.900886,0.915517,0.886255,0.916795,0.912599,0.920991,0.010978,0.016971,0.086221,0.077443,0.050000,0,0,3,0,0
water_fire,srd_restart,aw0p25,225,1717.028,0.238294,0.836729,0.854071,0.819387,17,0.00033230,0,0.107010,0.092099,0.121921,0.896518,0.910133,0.882904,0.926008,0.932729,0.919287,0.011903,0.017914,0.066033,0.079212,0.050000,0,0,3,0,0
water_fire,srd_restart,aw0p25,250,2057.485,0.224568,0.845952,0.868552,0.823351,17,0.00029166,1,0.102429,0.079685,0.125174,0.901324,0.921682,0.880966,0.932088,0.937762,0.926414,0.010486,0.018438,0.061133,0.072464,0.050000,0,0,3,0,0
water_fire,srd_restart,aw0p25,275,2086.378,0.217511,0.848079,0.874380,0.821777,17,0.00019778,1,0.105656,0.083040,0.128273,0.898924,0.919381,0.878468,0.937088,0.946989,0.927188,0.010748,0.018675,0.052217,0.071617,0.050000,0,0,3,0,0
water_fire,srd_restart,aw0p25,300,2431.211,0.206861,0.853662,0.887250,0.820074,17,0.00023275,1,0.105779,0.080188,0.131371,0.899380,0.922791,0.875969,0.943102,0.958396,0.927808,0.010143,0.019195,0.041237,0.071074,0.050000,0,0,3,0,0
water_fire,srd_restart,aw0p25,325,2460.624,0.200729,0.856670,0.892774,0.820565,17,0.00038716,1,0.106993,0.079517,0.134469,0.898782,0.923782,0.873782,0.947335,0.963764,0.930906,0.010317,0.019542,0.035758,0.067534,0.050000,0,0,3,0,0
water_fire,srd_restart,aw0p25,350,2811.055,0.196430,0.858716,0.896685,0.820747,17,0.00040542,1,0.109762,0.083040,0.136483,0.896792,0.921229,0.872356,0.951956,0.971146,0.932765,0.011028,0.019794,0.028486,0.066168,0.050000,0,0,3,0,0
water_fire,srd_restart,aw0p25,375,2840.197,0.184305,0.865514,0.904110,0.826918,17,0.00042524,2,0.106303,0.077672,0.134934,0.900232,0.926168,0.874296,0.956415,0.974333,0.938497,0.010208,0.019534,0.025006,0.060481,0.050000,0,0,3,0,0
water_fire,srd_restart,aw0p25,400,3191.634,0.181942,0.867676,0.908821,0.826531,17,0.00025440,2,0.105646,0.072639,0.138652,0.901123,0.930653,0.871593,0.957984,0.974836,0.941131,0.009463,0.020352,0.024419,0.058278,0.050000,0,0,3,0,0
water_fire,srd_restart,aw0p25,425,3220.537,0.175903,0.872176,0.911774,0.832579,17,0.00026847,2,0.098752,0.068613,0.128892,0.906808,0.934213,0.879403,0.957112,0.974333,0.939892,0.008991,0.018939,0.025048,0.058472,0.050000,0,0,3,0,0
water_fire,srd_restart,aw0p25,450,3560.399,0.174681,0.873166,0.912129,0.834203,17,0.00021733,2,0.098462,0.069116,0.127808,0.907108,0.933815,0.880400,0.957997,0.975172,0.940821,0.009020,0.018752,0.024181,0.058653,0.050000,0,0,3,0,0
water_fire,srd_restart,aw0p25,475,3589.220,0.175150,0.872919,0.911474,0.834364,17,0.00020719,2,0.097907,0.068780,0.127033,0.907519,0.934052,0.880987,0.957261,0.974165,0.940356,0.008779,0.018779,0.025261,0.058957,0.050000,0,0,3,0,0
water_fire,srd_restart,aw0p25,500,3931.836,0.174627,0.872686,0.911191,0.834181,17,0.00013054,2,0.097462,0.067271,0.127653,0.907906,0.935302,0.880510,0.956577,0.972488,0.940666,0.008639,0.018626,0.026106,0.058761,0.050000,0,0,3,0,0
water_fire,srd_restart,aw0p25,525,3960.769,0.173964,0.874238,0.911857,0.836619,17,0.00013177,2,0.093770,0.063915,0.123625,0.910982,0.938189,0.883775,0.955093,0.970139,0.940046,0.008042,0.018155,0.029026,0.059378,0.050000,0,0,3,0,0
water_fire,srd_restart,aw0p25,550,4302.051,0.174363,0.873686,0.913559,0.833814,17,0.00027926,2,0.094765,0.061567,0.127963,0.910272,0.940306,0.880238,0.955157,0.969804,0.940511,0.007819,0.018482,0.029217,0.059099,0.050000,0,0,3,0,0
water_fire,srd_restart,aw0p25,575,4331.090,0.168970,0.877874,0.918209,0.837540,17,0.00039489,1,0.091854,0.060393,0.123315,0.912857,0.941596,0.884117,0.957242,0.973662,0.940821,0.007816,0.017939,0.025675,0.058740,0.050000,0,0,3,0,0
water_fire,srd_restart,aw0p25,600,4668.883,0.171580,0.875664,0.914669,0.836659,17,0.00033315,1,0.094687,0.063580,0.125794,0.910418,0.938653,0.882182,0.957364,0.972823,0.941905,0.008284,0.018326,0.026525,0.057420,0.050000,0,0,3,0,0
water_fire,srd_restart,aw0p25,625,4698.386,0.168718,0.876524,0.915169,0.837879,17,0.00031271,1,0.094312,0.063915,0.124710,0.910765,0.938399,0.883130,0.958016,0.973662,0.942370,0.008029,0.018319,0.024799,0.057029,0.050000,0,0,3,0,0
water_fire,srd_restart,aw0p25,650,5043.905,0.167783,0.876888,0.918403,0.835373,17,0.00034186,1,0.094661,0.062909,0.126414,0.910513,0.939458,0.881567,0.958577,0.976178,0.940976,0.007975,0.018252,0.023091,0.058161,0.050000,0,0,3,0,0
water_fire,srd_restart,aw0p25,675,5073.441,0.165628,0.878488,0.919658,0.837318,17,0.00033240,1,0.094113,0.060728,0.127498,0.911207,0.941395,0.881018,0.959791,0.975507,0.944074,0.007575,0.018578,0.023454,0.055704,0.050000,0,0,3,0,0
water_fire,srd_restart,aw0p25,700,5418.084,0.164702,0.879423,0.920532,0.838314,17,0.00019901,1,0.092293,0.059722,0.124864,0.912690,0.942311,0.883070,0.959249,0.975507,0.942990,0.007507,0.018106,0.023996,0.056398,0.050000,0,0,3,0,0
water_fire,srd_restart,aw0p25,725,5447.225,0.166027,0.879410,0.921261,0.837559,17,0.00032725,1,0.091641,0.058883,0.124400,0.913197,0.943075,0.883319,0.958629,0.975507,0.941751,0.007506,0.018136,0.023998,0.057657,0.050000,0,0,3,0,0
water_fire,srd_restart,aw0p25,750,5767.033,0.165602,0.879634,0.919715,0.839554,16,0.00019902,1,0.092125,0.059386,0.124864,0.912887,0.942551,0.883222,0.959359,0.974333,0.944384,0.007785,0.018110,0.025138,0.055129,0.050000,0,0,4,0,0
water_fire,srd_restart,aw0p25,775,5794.831,0.159900,0.881753,0.918991,0.844515,16,0.00040752,1,0.092163,0.064419,0.119907,0.912849,0.938214,0.887484,0.961985,0.978192,0.945778,0.008100,0.017558,0.020926,0.053790,0.050000,0,0,4,0,0
water_fire,srd_restart,aw0p25,800,6130.755,0.158936,0.883909,0.924175,0.843642,16,0.00033558,1,0.088569,0.057541,0.119597,0.916005,0.944399,0.887611,0.960946,0.977353,0.944539,0.007410,0.017571,0.021867,0.054544,0.050000,0,0,4,0,0
water_fire,srd_restart,aw0p25,825,6158.872,0.156523,0.884715,0.922711,0.846719,16,0.00036611,1,0.088013,0.059218,0.116809,0.916463,0.942871,0.890055,0.961488,0.977353,0.945624,0.007490,0.016947,0.022237,0.053644,0.050000,0,0,4,0,0
water_fire,srd_restart,aw0p25,850,6481.532,0.156464,0.885456,0.923625,0.847286,16,0.00035337,1,0.087297,0.058715,0.115879,0.917088,0.943357,0.890819,0.961662,0.977856,0.945469,0.007606,0.016948,0.021289,0.054069,0.050000,0,0,4,0,0
water_fire,srd_restart,aw0p25,875,6509.144,0.156218,0.885158,0.923296,0.847020,16,0.00038915,1,0.086748,0.058547,0.114950,0.917485,0.943482,0.891489,0.960868,0.977353,0.944384,0.007397,0.016743,0.021950,0.054762,0.050000,0,0,4,0,0
water_fire,srd_restart,aw0p25,900,6834.173,0.156766,0.885816,0.924238,0.847394,16,0.00036598,1,0.085419,0.056199,0.114640,0.918665,0.945564,0.891765,0.960359,0.976178,0.944539,0.007281,0.016780,0.022835,0.054822,0.050000,0,0,4,0,0
water_fire,srd_restart,aw0p25,925,6862.184,0.159014,0.883738,0.921845,0.845631,16,0.00036070,1,0.087588,0.058212,0.116964,0.916750,0.943687,0.889813,0.960023,0.975507,0.944539,0.007633,0.016995,0.023472,0.054418,0.050000,0,0,4,0,0
water_fire,srd_restart,aw0p25,950,7171.530,0.153512,0.888579,0.929346,0.847811,15,0.00042384,1,0.083238,0.051837,0.114640,0.920727,0.949641,0.891813,0.961262,0.977521,0.945004,0.006616,0.016873,0.022179,0.054105,0.050000,0,0,5,0,0
water_fire,srd_restart,aw0p25,975,7198.446,0.153728,0.888124,0.927978,0.848270,15,0.00038176,1,0.082722,0.050495,0.114950,0.921192,0.950753,0.891631,0.960307,0.974836,0.945778,0.006363,0.016770,0.024354,0.053626,0.050000,0,0,5,0,0
water_fire,srd_restart,aw0p25,1000,7521.469,0.151151,0.891640,0.929738,0.853542,15,0.00026733,1,0.074112,0.048146,0.100077,0.928301,0.952920,0.903683,0.956731,0.974501,0.938962,0.006064,0.014667,0.024461,0.060352,0.050000,0,0,5,0,0
water_fire,srd_restart,aw0p25,1025,7548.391,0.149800,0.892226,0.931742,0.852710,15,0.00023073,1,0.075151,0.046972,0.103331,0.927550,0.954061,0.901039,0.958164,0.975507,0.940821,0.006052,0.014935,0.023972,0.058347,0.050000,0,0,5,0,0
water_fire,srd_restart,aw0p25,1050,7864.048,0.155450,0.887169,0.927499,0.846839,15,0.00002109,1,0.081560,0.050495,0.112626,0.921979,0.950728,0.893230,0.958274,0.974333,0.942215,0.006355,0.016386,0.024844,0.056898,0.050000,0,0,5,0,0
water_fire,srd_restart,aw0p25,1075,7891.488,0.147277,0.892315,0.930666,0.853964,15,0.00019154,2,0.076293,0.052508,0.100077,0.926424,0.949122,0.903726,0.959480,0.979534,0.939427,0.006550,0.014604,0.019474,0.059402,0.050000,0,0,5,0,0
water_fire,srd_restart,aw0p25,1100,8210.484,0.150413,0.892096,0.929915,0.854278,15,0.00002589,2,0.074093,0.043617,0.104570,0.928613,0.956989,0.900236,0.957042,0.970475,0.943610,0.005490,0.015195,0.028524,0.055842,0.050000,0,0,5,0,0
water_fire,srd_restart,aw0p25,1125,8237.796,0.144841,0.895398,0.931705,0.859092,15,0.00021811,1,0.072790,0.043952,0.101627,0.929898,0.956766,0.903030,0.959527,0.972656,0.946398,0.005647,0.014748,0.026423,0.052762,0.050000,0,0,5,0,0
water_fire,srd_restart,aw0p25,1150,8549.571,0.147722,0.892766,0.931267,0.854266,15,0.00002020,1,0.076146,0.044623,0.107668,0.926990,0.956142,0.897839,0.959533,0.972823,0.946243,0.005654,0.015566,0.026251,0.052986,0.050000,0,0,5,0,0
water_fire,srd_restart,aw0p25,1175,8576.431,0.142741,0.896474,0.933151,0.859797,15,0.00018010,1,0.072247,0.043952,0.100542,0.930391,0.956830,0.903951,0.960204,0.974165,0.946243,0.005457,0.014586,0.025224,0.053065,0.050000,0,0,5,0,0
water_fire,srd_restart,aw0p25,1200,8885.593,0.149466,0.892208,0.930535,0.853881,15,0.00001649,1,0.074545,0.043281,0.105809,0.928276,0.957320,0.899233,0.957520,0.970810,0.944229,0.005533,0.015298,0.027920,0.054817,0.050000,0,0,5,0,0
water_fire,srd_restart,aw0p25,1225,8912.431,0.144395,0.896528,0.934545,0.858512,15,0.00011067,2,0.071208,0.043114,0.099303,0.931222,0.957647,0.904797,0.959300,0.974836,0.943765,0.005389,0.014508,0.025092,0.055673,0.050000,0,0,5,0,0
water_fire,srd_restart,aw0p25,1250,9228.686,0.146638,0.894175,0.933730,0.854619,15,0.00001538,1,0.073990,0.042946,0.105035,0.928837,0.957763,0.899911,0.959107,0.973830,0.944384,0.005483,0.015185,0.025277,0.054968,0.050000,0,0,5,0,0
water_fire,srd_restart,aw0p25,1275,9255.955,0.141407,0.898067,0.933826,0.862308,15,0.00008054,1,0.070717,0.044456,0.096979,0.931709,0.956407,0.907011,0.960637,0.975340,0.945933,0.005562,0.014233,0.024393,0.053482,0.050000,0,0,5,0,0
water_fire,srd_restart,aw0p25,1300,9576.145,0.146482,0.893907,0.927713,0.860101,15,0.00002571,2,0.073125,0.046636,0.099613,0.929442,0.954171,0.904713,0.958378,0.970978,0.945778,0.005800,0.014533,0.028068,0.053341,0.050000,0,0,5,0,0
water_fire,srd_restart,aw0p25,1325,9603.915,0.148586,0.893260,0.929799,0.856721,15,0.00006328,1,0.073577,0.044288,0.102866,0.929098,0.956378,0.901819,0.957913,0.970978,0.944849,0.005731,0.014910,0.027902,0.054577,0.050000,0,0,5,0,0
water_fire,srd_restart,aw0p25,1350,9925.481,0.148848,0.891501,0.927200,0.855802,15,0.00003601,2,0.076991,0.048482,0.105500,0.926087,0.952498,0.899676,0.959120,0.972152,0.946088,0.006035,0.015384,0.026437,0.053246,0.050000,0,0,5,0,0
water_fire,srd_restart,aw0p25,1375,9952.636,0.149356,0.891627,0.928286,0.854967,15,0.00003995,2,0.079540,0.050327,0.108753,0.923999,0.950916,0.897083,0.961476,0.975004,0.947947,0.006308,0.016040,0.025011,0.051518,0.050000,0,0,5,0,0
water_fire,srd_restart,aw0p25,1400,10264.511,0.146143,0.892916,0.931796,0.854036,15,0.00006586,1,0.079521,0.047811,0.111232,0.924204,0.953317,0.895091,0.962689,0.976346,0.949032,0.006176,0.016048,0.023267,0.050167,0.050000,0,0,5,0,0
water_fire,srd_restart,aw0p25,1425,10291.314,0.148391,0.892110,0.931476,0.852744,15,0.00005533,1,0.079908,0.047811,0.112006,0.923831,0.953302,0.894360,0.962134,0.976011,0.948257,0.006236,0.016317,0.023851,0.050771,0.050000,0,0,5,0,0
water_fire,srd_restart,aw0p25,1450,10595.068,0.144441,0.893488,0.932203,0.854774,15,0.00006916,1,0.080347,0.049153,0.111541,0.923542,0.952148,0.894937,0.964070,0.978024,0.950116,0.006218,0.016224,0.021532,0.049137,0.050000,0,0,5,0,0
water_fire,srd_restart,aw0p25,1475,10621.849,0.143729,0.893849,0.934059,0.853638,15,0.00006198,2,0.079766,0.048146,0.111387,0.924028,0.953128,0.894929,0.963876,0.979030,0.948722,0.006102,0.016277,0.019952,0.050181,0.050000,0,0,5,0,0
water_fire,srd_restart,aw0p25,1500,10927.320,0.144103,0.893919,0.929836,0.858003,15,0.00005867,2,0.079139,0.052005,0.106274,0.924415,0.949520,0.899310,0.963689,0.978192,0.949187,0.006564,0.015565,0.021617,0.049935,0.050000,0,0,5,0,0
water_fire,srd_restart,aw0p25,1525,10954.267,0.144084,0.893761,0.932536,0.854985,15,0.00005407,2,0.079830,0.051837,0.107823,0.923801,0.949805,0.897797,0.964024,0.980876,0.947173,0.006561,0.015785,0.018578,0.052091,0.050000,0,0,5,0,0
water_fire,srd_restart,aw0p25,1550,11237.599,0.142265,0.894251,0.935108,0.853393,14,0.00007821,2,0.080850,0.052172,0.109527,0.922981,0.949644,0.896319,0.965379,0.983895,0.946863,0.006607,0.015899,0.015763,0.052220,0.050000,0,0,6,0,0
water_fire,srd_restart,aw0p25,1575,11262.185,0.141788,0.895260,0.932514,0.858006,14,0.00005815,2,0.077261,0.051501,0.103021,0.925964,0.950098,0.901831,0.963469,0.980540,0.946398,0.006476,0.015108,0.018495,0.052667,0.050000,0,0,6,0,0
cat_face_bass,srd_restart,aw0p25,1,1.544,1.654183,0.171789,0.167068,0.176509,20,0.00068116,0,0.122218,0.079632,0.164804,0.624398,0.693728,0.555067,0.192985,0.180372,0.205598,0.019764,0.037440,0.816881,0.791756,0.050000,0,0,0,0,0
cat_face_bass,srd_restart,aw0p25,25,27.643,1.334450,0.307999,0.272419,0.343578,20,0.00001019,0,0.083470,0.062025,0.104915,0.803469,0.823462,0.783475,0.334470,0.289316,0.379625,0.015222,0.023766,0.708050,0.618709,0.050000,0,0,0,0,0
cat_face_bass,srd_restart,aw0p25,50,349.526,1.061966,0.436712,0.346405,0.527019,20,0.00032203,4,0.061798,0.043417,0.080178,0.884653,0.892760,0.876545,0.465359,0.361445,0.569274,0.010550,0.017988,0.635901,0.429661,0.050000,0,0,0,0,0
cat_face_bass,srd_restart,aw0p25,75,376.162,0.845904,0.548986,0.418848,0.679125,20,0.00036470,5,0.064614,0.043517,0.085711,0.902656,0.909450,0.895861,0.587204,0.437075,0.737333,0.010699,0.018802,0.560285,0.261321,0.050000,0,0,0,0,0
cat_face_bass,srd_restart,aw0p25,100,692.888,0.742945,0.602261,0.442628,0.761895,19,0.00088205,2,0.052132,0.046218,0.058045,0.921041,0.909252,0.932831,0.634602,0.463085,0.806119,0.011361,0.012990,0.534575,0.192832,0.050000,0,0,1,0,0
cat_face_bass,srd_restart,aw0p25,125,718.986,0.664573,0.645192,0.497962,0.792421,19,0.00153362,3,0.048863,0.055522,0.042205,0.927920,0.904459,0.951381,0.675738,0.525610,0.825865,0.013647,0.009237,0.472978,0.172707,0.050000,0,0,1,0,0
cat_face_bass,srd_restart,aw0p25,150,997.818,0.616243,0.672610,0.540644,0.804575,18,0.00017533,3,0.058200,0.068227,0.048172,0.920156,0.894345,0.945966,0.710432,0.577531,0.843333,0.016722,0.010574,0.420563,0.154834,0.050000,0,0,2,0,0
cat_face_bass,srd_restart,aw0p25,175,1022.138,0.541189,0.714129,0.586492,0.841766,18,0.00076660,3,0.059518,0.076831,0.042205,0.922821,0.891541,0.954100,0.754422,0.631553,0.877292,0.019067,0.009130,0.366240,0.121693,0.050000,0,0,2,0,0
cat_face_bass,srd_restart,aw0p25,200,1289.936,0.460170,0.761263,0.664074,0.858452,17,0.00056989,5,0.079982,0.106042,0.053922,0.908796,0.873840,0.943753,0.819618,0.734494,0.904741,0.026519,0.011795,0.263556,0.094045,0.050000,0,0,3,0,0
cat_face_bass,srd_restart,aw0p25,225,1312.612,0.411474,0.787489,0.716661,0.858318,17,0.00101914,2,0.084235,0.113245,0.055224,0.909116,0.875700,0.942531,0.851768,0.797819,0.905718,0.028464,0.012149,0.200876,0.093069,0.050000,0,0,3,0,0
cat_face_bass,srd_restart,aw0p25,250,1586.600,0.370195,0.808559,0.753243,0.863874,17,0.00179721,3,0.087499,0.118147,0.056851,0.909180,0.876979,0.941380,0.877612,0.842237,0.912987,0.029354,0.012559,0.156625,0.085654,0.050000,0,0,3,0,0
cat_face_bass,srd_restart,aw0p25,275,1609.401,0.366787,0.809006,0.762897,0.855116,17,0.00148829,4,0.082180,0.109244,0.055116,0.914048,0.885666,0.942430,0.874242,0.846238,0.902246,0.027285,0.012042,0.152475,0.096601,0.050000,0,0,3,0,0
cat_face_bass,srd_restart,aw0p25,300,1871.511,0.358550,0.813548,0.771382,0.855714,17,0.00125955,3,0.082157,0.112345,0.051969,0.914823,0.884227,0.945419,0.879114,0.858043,0.900184,0.028101,0.011408,0.140886,0.098488,0.050000,0,0,3,0,0
cat_face_bass,srd_restart,aw0p25,325,1894.074,0.349443,0.817476,0.780759,0.854192,17,0.00090597,1,0.082707,0.114746,0.050667,0.915040,0.883518,0.946561,0.883910,0.870348,0.897472,0.028599,0.010760,0.128820,0.101308,0.050000,0,0,3,0,0
cat_face_bass,srd_restart,aw0p25,350,2156.223,0.326252,0.829427,0.796692,0.862162,17,0.00068560,3,0.078384,0.113045,0.043724,0.920297,0.886932,0.953662,0.893307,0.886755,0.899859,0.028331,0.009195,0.112835,0.099031,0.050000,0,0,3,0,0
cat_face_bass,srd_restart,aw0p25,375,2178.097,0.302025,0.841485,0.816929,0.866042,17,0.00056082,2,0.076249,0.110944,0.041554,0.923517,0.891072,0.955962,0.904796,0.907563,0.902029,0.027869,0.008644,0.092201,0.096892,0.050000,0,0,3,0,0
cat_face_bass,srd_restart,aw0p25,400,2420.030,0.292727,0.845077,0.824241,0.865912,16,0.00027039,1,0.076117,0.107643,0.044592,0.923774,0.894530,0.953018,0.908745,0.912965,0.904524,0.026924,0.009115,0.086875,0.094010,0.050000,0,0,4,0,0
cat_face_bass,srd_restart,aw0p25,425,2440.513,0.285687,0.849045,0.830286,0.867805,16,0.00018396,1,0.073778,0.105242,0.042313,0.926213,0.897115,0.955311,0.911096,0.917667,0.904524,0.026276,0.009017,0.081683,0.094432,0.050000,0,0,4,0,0
cat_face_bass,srd_restart,aw0p25,450,2680.334,0.285634,0.849413,0.829872,0.868955,16,0.00012853,0,0.075512,0.107843,0.043181,0.924772,0.895014,0.954530,0.912922,0.919368,0.906477,0.026837,0.009361,0.079993,0.092485,0.050000,0,0,4,0,0
cat_face_bass,srd_restart,aw0p25,475,2700.584,0.284620,0.850051,0.830320,0.869782,16,0.00016692,1,0.074478,0.106643,0.042313,0.925709,0.896010,0.955408,0.912727,0.918868,0.906586,0.026554,0.009252,0.080828,0.092061,0.050000,0,0,4,0,0
cat_face_bass,srd_restart,aw0p25,500,2933.805,0.281424,0.851176,0.832442,0.869909,15,0.00014619,1,0.072802,0.103942,0.041662,0.927215,0.898386,0.956044,0.912560,0.918968,0.906152,0.025964,0.008855,0.080662,0.092641,0.050000,0,0,5,0,0
cat_face_bass,srd_restart,aw0p25,525,2953.232,0.281767,0.850231,0.834030,0.866431,15,0.00012913,2,0.072916,0.101240,0.044592,0.926880,0.900716,0.953045,0.911767,0.918467,0.905067,0.025350,0.009307,0.081094,0.093253,0.050000,0,0,5,0,0
cat_face_bass,srd_restart,aw0p25,550,3164.786,0.281159,0.851064,0.832895,0.869234,14,0.00012261,1,0.070871,0.102141,0.039601,0.928945,0.899873,0.958017,0.910812,0.917967,0.903656,0.025557,0.008437,0.081576,0.094751,0.050000,0,0,6,0,0
cat_face_bass,srd_restart,aw0p25,575,3182.937,0.281851,0.849689,0.831943,0.867436,14,0.00009181,2,0.073274,0.103041,0.043507,0.926595,0.899049,0.954140,0.911421,0.917667,0.905175,0.025525,0.008994,0.081681,0.093339,0.050000,0,0,6,0,0
cat_face_bass,srd_restart,aw0p25,600,3392.579,0.281875,0.851029,0.832955,0.869103,14,0.00010015,1,0.071910,0.101941,0.041879,0.927917,0.900039,0.955795,0.911684,0.917867,0.905501,0.025501,0.009016,0.081851,0.093200,0.050000,0,0,6,0,0
cat_face_bass,srd_restart,aw0p25,625,3410.722,0.280964,0.851342,0.833318,0.869366,14,0.00010871,1,0.072727,0.103141,0.042313,0.927254,0.899119,0.955388,0.912710,0.919268,0.906152,0.025686,0.009112,0.080733,0.092172,0.050000,0,0,6,0,0
cat_face_bass,srd_restart,aw0p25,650,3621.101,0.279048,0.852043,0.832850,0.871237,14,0.00009617,1,0.072543,0.103641,0.041445,0.927494,0.898670,0.956318,0.913256,0.919168,0.907345,0.025692,0.008752,0.080704,0.091497,0.050000,0,0,6,0,0
cat_face_bass,srd_restart,aw0p25,675,3639.157,0.278943,0.851458,0.833318,0.869597,14,0.00010017,1,0.071801,0.101941,0.041662,0.928054,0.900078,0.956029,0.912047,0.918267,0.905826,0.025402,0.008623,0.081509,0.092250,0.050000,0,0,6,0,0
cat_face_bass,srd_restart,aw0p25,700,3850.936,0.277549,0.852479,0.834378,0.870581,14,0.00011212,0,0.071050,0.101741,0.040360,0.928846,0.900353,0.957339,0.912493,0.919268,0.905718,0.025182,0.008526,0.080655,0.092814,0.050000,0,0,6,0,0
cat_face_bass,srd_restart,aw0p25,725,3869.480,0.278351,0.852504,0.835243,0.869765,14,0.00008971,1,0.070788,0.100240,0.041337,0.929001,0.901649,0.956352,0.912343,0.918968,0.905718,0.025033,0.008763,0.081002,0.093022,0.050000,0,0,6,0,0
cat_face_bass,srd_restart,aw0p25,750,4087.493,0.278539,0.852499,0.835061,0.869937,14,0.00009746,1,0.069812,0.100240,0.039384,0.929946,0.901630,0.958261,0.911483,0.918768,0.904199,0.025121,0.008313,0.081264,0.094414,0.050000,0,0,6,0,0
cat_face_bass,srd_restart,aw0p25,775,4105.897,0.279061,0.852098,0.834681,0.869515,14,0.00008943,0,0.069628,0.100740,0.038516,0.930140,0.901187,0.959092,0.910886,0.918768,0.903005,0.025089,0.008269,0.081232,0.095335,0.050000,0,0,6,0,0
cat_face_bass,srd_restart,aw0p25,800,4319.852,0.278723,0.851273,0.835274,0.867271,14,0.00010215,0,0.070209,0.099840,0.040577,0.929473,0.901974,0.956972,0.910565,0.918667,0.902463,0.024809,0.008375,0.080781,0.096094,0.050000,0,0,6,0,0
cat_face_bass,srd_restart,aw0p25,825,4337.703,0.279492,0.851014,0.835501,0.866527,14,0.00011994,0,0.069491,0.100140,0.038841,0.930197,0.901757,0.958637,0.909676,0.919168,0.900184,0.025056,0.008048,0.080197,0.097839,0.050000,0,0,6,0,0
cat_face_bass,srd_restart,aw0p25,850,4536.936,0.278010,0.851566,0.835395,0.867738,13,0.00008605,0,0.070092,0.100040,0.040143,0.929622,0.901826,0.957417,0.910769,0.918968,0.902571,0.024875,0.008309,0.080356,0.095742,0.050000,0,0,7,0,0
cat_face_bass,srd_restart,aw0p25,875,4553.514,0.278879,0.852218,0.837643,0.866792,13,0.00010249,0,0.068144,0.098639,0.037648,0.931507,0.903191,0.959824,0.909847,0.920268,0.899425,0.024819,0.008053,0.079333,0.098965,0.050000,0,0,7,0,0
cat_face_bass,srd_restart,aw0p25,900,4749.592,0.278334,0.852250,0.837353,0.867147,13,0.00009580,0,0.069370,0.099140,0.039601,0.930339,0.902757,0.957920,0.910927,0.920368,0.901486,0.024733,0.008409,0.079271,0.097345,0.050000,0,0,7,0,0
cat_face_bass,srd_restart,aw0p25,925,4766.155,0.278408,0.851305,0.839439,0.863172,13,0.00007874,0,0.069479,0.097839,0.041120,0.930135,0.904024,0.956246,0.910117,0.921569,0.898666,0.024298,0.008694,0.077985,0.099326,0.050000,0,0,7,0,0
cat_face_bass,srd_restart,aw0p25,950,4964.893,0.279516,0.851049,0.841918,0.860179,13,0.00007127,0,0.069338,0.097339,0.041337,0.930285,0.904683,0.955887,0.909803,0.923870,0.895736,0.024377,0.008702,0.075675,0.102526,0.050000,0,0,7,0,0
cat_face_bass,srd_restart,aw0p25,975,4981.467,0.282889,0.849126,0.845403,0.852849,13,0.00007222,0,0.068220,0.096839,0.039601,0.931343,0.905441,0.957245,0.906947,0.927271,0.886623,0.024211,0.008336,0.072569,0.111504,0.050000,0,0,7,0,0
cat_face_bass,srd_restart,aw0p25,1000,5178.092,0.282907,0.848720,0.848063,0.849376,13,0.00007058,0,0.071982,0.100240,0.043724,0.927995,0.902992,0.952997,0.909794,0.933073,0.886514,0.025013,0.009028,0.066775,0.111348,0.050000,0,0,7,0,0
cat_face_bass,srd_restart,aw0p25,1025,5194.549,0.273093,0.854554,0.845708,0.863400,13,0.00007855,0,0.074392,0.103541,0.045242,0.926198,0.900135,0.952261,0.917868,0.933273,0.902463,0.025747,0.009561,0.066697,0.095443,0.050000,0,0,7,0,0
cat_face_bass,srd_restart,aw0p25,1050,5393.866,0.268162,0.857232,0.849986,0.864477,13,0.00007957,0,0.071140,0.098339,0.043941,0.929136,0.904702,0.953571,0.918018,0.933573,0.902463,0.024581,0.009435,0.066517,0.095315,0.050000,0,0,7,0,0
cat_face_bass,srd_restart,aw0p25,1075,5410.523,0.264341,0.858952,0.852659,0.865246,13,0.00009707,0,0.065881,0.093137,0.038624,0.933972,0.909153,0.958792,0.915369,0.932073,0.898666,0.023241,0.008300,0.067606,0.099864,0.050000,0,0,7,0,0
cat_face_bass,srd_restart,aw0p25,1100,5607.629,0.262134,0.859393,0.854291,0.864495,13,0.00009365,0,0.065806,0.092337,0.039275,0.934038,0.909960,0.958116,0.915811,0.933173,0.898449,0.023088,0.008263,0.066541,0.099243,0.050000,0,0,7,0,0
cat_face_bass,srd_restart,aw0p25,1125,5624.444,0.263921,0.858811,0.853967,0.863655,13,0.00006318,0,0.066686,0.093337,0.040035,0.933224,0.909117,0.957331,0.915952,0.933673,0.898232,0.023260,0.008559,0.066084,0.099835,0.050000,0,0,7,0,0
cat_face_bass,srd_restart,aw0p25,1150,5824.612,0.265366,0.857704,0.854045,0.861363,13,0.00008175,0,0.066256,0.093237,0.039275,0.933588,0.909206,0.957971,0.914434,0.933673,0.895194,0.023193,0.008308,0.066404,0.102381,0.050000,0,0,7,0,0
cat_face_bass,srd_restart,aw0p25,1175,5841.194,0.264222,0.858534,0.855193,0.861874,13,0.00008413,0,0.065322,0.092237,0.038407,0.934490,0.910128,0.958852,0.914525,0.934074,0.894977,0.023000,0.008293,0.065742,0.102600,0.050000,0,0,7,0,0
cat_face_bass,srd_restart,aw0p25,1200,6041.013,0.263581,0.858199,0.856304,0.860094,13,0.00005432,0,0.065431,0.090936,0.039926,0.934280,0.911291,0.957269,0.914304,0.934174,0.894434,0.022813,0.008154,0.065724,0.103233,0.050000,0,0,7,0,0
cat_face_bass,srd_restart,aw0p25,1225,6057.649,0.262169,0.859491,0.856253,0.862729,13,0.00006638,0,0.064847,0.091937,0.037756,0.935004,0.910472,0.959535,0.915138,0.934974,0.895302,0.023067,0.007886,0.064989,0.102448,0.050000,0,0,7,0,0
cat_face_bass,srd_restart,aw0p25,1250,6256.406,0.261331,0.859911,0.856567,0.863256,13,0.00006796,0,0.064267,0.091537,0.036997,0.935570,0.910827,0.960312,0.915084,0.934974,0.895194,0.022834,0.007741,0.065048,0.102969,0.050000,0,0,7,0,0
cat_face_bass,srd_restart,aw0p25,1275,6272.985,0.261661,0.860044,0.857287,0.862800,13,0.00006327,0,0.064868,0.091437,0.038299,0.934989,0.910977,0.959001,0.915759,0.935674,0.895845,0.022876,0.008115,0.064636,0.102086,0.050000,0,0,7,0,0
cat_face_bass,srd_restart,aw0p25,1300,6472.401,0.262291,0.859938,0.857916,0.861961,13,0.00007672,0,0.063274,0.090636,0.035912,0.936512,0.911687,0.961336,0.914295,0.935674,0.892915,0.022729,0.007641,0.064771,0.105124,0.050000,0,0,7,0,0
cat_face_bass,srd_restart,aw0p25,1325,6489.131,0.260322,0.860585,0.857248,0.863921,13,0.00006570,0,0.064609,0.091136,0.038082,0.935242,0.911217,0.959267,0.916098,0.935374,0.896821,0.022774,0.007986,0.064801,0.101355,0.050000,0,0,7,0,0
cat_face_bass,srd_restart,aw0p25,1350,6689.621,0.261105,0.860621,0.856907,0.864336,13,0.00007442,0,0.063895,0.091337,0.036454,0.935960,0.911022,0.960898,0.915509,0.935174,0.895845,0.022796,0.007955,0.064615,0.102441,0.050000,0,0,7,0,0
cat_face_bass,srd_restart,aw0p25,1375,6706.275,0.261817,0.859538,0.856855,0.862221,13,0.00006870,0,0.062827,0.090936,0.034718,0.936943,0.911343,0.962542,0.913465,0.934774,0.892156,0.022724,0.007277,0.065135,0.105715,0.050000,0,0,7,0,0
cat_face_bass,srd_restart,aw0p25,1400,6905.712,0.259144,0.861345,0.856959,0.865731,13,0.00006629,0,0.063474,0.091036,0.035912,0.936385,0.911271,0.961498,0.915898,0.934974,0.896821,0.022757,0.007706,0.064498,0.101534,0.050000,0,0,7,0,0
cat_face_bass,srd_restart,aw0p25,1425,6922.267,0.258214,0.861821,0.856619,0.867023,13,0.00006856,0,0.063653,0.091937,0.035369,0.936300,0.910507,0.962093,0.916532,0.935374,0.897689,0.022994,0.007506,0.064591,0.100260,0.050000,0,0,7,0,0
cat_face_bass,srd_restart,aw0p25,1450,7122.200,0.254880,0.863463,0.857901,0.869024,13,0.00006588,0,0.064871,0.092637,0.037105,0.935260,0.910062,0.960458,0.919322,0.937375,0.901269,0.023164,0.007548,0.063050,0.097250,0.050000,0,0,7,0,0
cat_face_bass,srd_restart,aw0p25,1475,7138.779,0.253193,0.864345,0.858581,0.870108,13,0.00007644,0,0.063502,0.092937,0.034067,0.936701,0.909885,0.963518,0.919063,0.938375,0.899750,0.023236,0.007066,0.061675,0.098382,0.050000,0,0,7,0,0
cat_face_bass,srd_restart,aw0p25,1500,7337.113,0.251711,0.865456,0.859481,0.871432,13,0.00009388,0,0.063990,0.094238,0.033742,0.936410,0.908924,0.963896,0.920656,0.940476,0.900835,0.023574,0.007093,0.059738,0.097201,0.050000,0,0,7,0,0
cat_face_bass,srd_restart,aw0p25,1525,7353.559,0.249056,0.866826,0.860516,0.873136,13,0.00006827,0,0.063064,0.093037,0.033091,0.937301,0.909988,0.964613,0.921303,0.940576,0.902029,0.023327,0.007005,0.059251,0.096096,0.050000,0,0,7,0,0
cat_face_bass,srd_restart,aw0p25,1550,7553.500,0.248801,0.866273,0.860495,0.872050,13,0.00007654,0,0.062969,0.091437,0.034501,0.937222,0.911279,0.963165,0.920657,0.939176,0.902137,0.022854,0.007259,0.060369,0.095566,0.050000,0,0,7,0,0
cat_face_bass,srd_restart,aw0p25,1575,7570.024,0.248162,0.866881,0.860297,0.873466,13,0.00008837,0,0.063052,0.092037,0.034067,0.937214,0.910775,0.963653,0.921349,0.939476,0.903222,0.022895,0.007339,0.059942,0.094788,0.050000,0,0,7,0,0
cat_face_bass,srd_restart,aw0p25,1600,7770.449,0.246622,0.868010,0.860337,0.875683,13,0.00008487,0,0.062038,0.091637,0.032440,0.938232,0.911102,0.965361,0.921633,0.939176,0.904090,0.022909,0.006999,0.060306,0.094021,0.050000,0,0,7,0,0
cat_face_bass,srd_restart,aw0p25,1625,7787.144,0.247343,0.867458,0.860544,0.874371,13,0.00007629,0,0.064007,0.092537,0.035478,0.936343,0.910394,0.962292,0.922784,0.940176,0.905392,0.023183,0.007509,0.059333,0.092667,0.050000,0,0,7,0,0
cat_face_bass,srd_restart,aw0p25,1650,7988.785,0.246189,0.868435,0.860493,0.876377,13,0.00009952,0,0.062994,0.092137,0.033850,0.937349,0.910713,0.963985,0.922910,0.939776,0.906043,0.023069,0.007271,0.059701,0.092406,0.050000,0,0,7,0,0
cat_face_bass,srd_restart,aw0p25,1675,8005.453,0.245704,0.868501,0.860702,0.876299,13,0.00006461,0,0.062768,0.092337,0.033200,0.937600,0.910571,0.964628,0.922784,0.940176,0.905392,0.023158,0.007081,0.059453,0.092547,0.050000,0,0,7,0,0
cat_face_bass,srd_restart,aw0p25,1700,8206.849,0.247114,0.867518,0.859656,0.875381,13,0.00008879,0,0.062727,0.092037,0.033417,0.937545,0.910714,0.964377,0.921704,0.938776,0.904633,0.022925,0.007217,0.060761,0.093173,0.050000,0,0,7,0,0
cat_face_bass,srd_restart,aw0p25,1725,8223.448,0.245460,0.868344,0.861058,0.875631,13,0.00007594,0,0.061771,0.091537,0.032006,0.938522,0.911251,0.965793,0.921766,0.939876,0.903656,0.022781,0.006884,0.059705,0.094309,0.050000,0,0,7,0,0
cat_face_bass,srd_restart,aw0p25,1750,8424.818,0.245646,0.868417,0.861886,0.874948,13,0.00010411,0,0.062072,0.090836,0.033308,0.938182,0.911896,0.964468,0.922133,0.940176,0.904090,0.022691,0.007165,0.059294,0.094141,0.050000,0,0,7,0,0
cat_face_bass,srd_restart,aw0p25,1775,8441.658,0.246390,0.867677,0.860367,0.874987,13,0.00007060,0,0.061167,0.090436,0.031898,0.938978,0.912079,0.965877,0.920536,0.938175,0.902897,0.022578,0.006791,0.061274,0.094963,0.050000,0,0,7,0,0
cat_face_bass,srd_restart,aw0p25,1800,8642.531,0.246028,0.868016,0.860770,0.875263,13,0.00008184,0,0.061938,0.091437,0.032440,0.938325,0.911305,0.965345,0.921566,0.939476,0.903656,0.022762,0.007002,0.060074,0.094172,0.050000,0,0,7,0,0
cat_face_bass,srd_restart,aw0p25,1825,8659.540,0.246827,0.867820,0.860233,0.875407,13,0.00007534,0,0.061717,0.091537,0.031898,0.938533,0.911174,0.965893,0.921153,0.938976,0.903331,0.022792,0.006878,0.060830,0.094684,0.050000,0,0,7,0,0
cat_face_bass,srd_restart,aw0p25,1850,8866.626,0.245421,0.868673,0.861098,0.876249,13,0.00009127,0,0.061517,0.091136,0.031898,0.938752,0.911579,0.965925,0.921887,0.939576,0.904199,0.022733,0.006976,0.060110,0.093676,0.050000,0,0,7,0,0
cat_face_bass,srd_restart,aw0p25,1875,8883.990,0.245696,0.868252,0.860783,0.875722,13,0.00009871,0,0.062151,0.091537,0.032766,0.938132,0.911225,0.965038,0.921996,0.939576,0.904416,0.022786,0.007044,0.059992,0.093607,0.050000,0,0,7,0,0
cat_face_bass,srd_restart,aw0p25,1900,9089.779,0.245300,0.868339,0.860363,0.876315,13,0.00008114,0,0.061704,0.091837,0.031572,0.938598,0.910943,0.966253,0.921679,0.939376,0.903982,0.022804,0.006872,0.060238,0.093551,0.050000,0,0,7,0,0
cat_face_bass,srd_restart,aw0p25,1925,9107.125,0.245893,0.867885,0.860152,0.875618,13,0.00006712,0,0.062117,0.092337,0.031898,0.938210,0.910519,0.965901,0.921562,0.939576,0.903548,0.022897,0.006829,0.060152,0.094106,0.050000,0,0,7,0,0
cat_face_bass,srd_restart,aw0p25,1950,9314.990,0.245683,0.868012,0.859762,0.876263,13,0.00007371,0,0.061287,0.091437,0.031138,0.938948,0.911210,0.966686,0.920962,0.938375,0.903548,0.022850,0.006557,0.061199,0.094097,0.050000,0,0,7,0,0
cat_face_bass,srd_restart,aw0p25,1975,9332.380,0.246040,0.867895,0.859263,0.876528,13,0.00007566,0,0.060836,0.091837,0.029836,0.939422,0.910839,0.968005,0.920428,0.938175,0.902680,0.022829,0.006386,0.061589,0.094873,0.050000,0,0,7,0,0
dance_argument,srd_restart,aw0p25,1,2.386,1.678248,0.176943,0.193263,0.160623,20,0.00000000,0,0.194679,0.250413,0.138944,0.529723,0.491104,0.568341,0.212300,0.241658,0.182941,0.034055,0.041490,0.750527,0.812013,0.050000,0,0,0,0,0
dance_argument,srd_restart,aw0p25,25,42.762,1.321632,0.303487,0.338202,0.268771,20,0.00000266,0,0.108328,0.153617,0.063038,0.768372,0.717497,0.819247,0.337935,0.390155,0.285714,0.020551,0.018506,0.602920,0.709328,0.050000,0,0,0,0,0
dance_argument,srd_restart,aw0p25,50,532.502,1.113721,0.403342,0.457246,0.349438,20,0.00006079,0,0.099151,0.145524,0.052778,0.828556,0.782577,0.874535,0.445833,0.523786,0.367881,0.019429,0.015318,0.471116,0.627316,0.050000,0,0,0,0,0
dance_argument,srd_restart,aw0p25,75,573.516,0.914917,0.505560,0.558824,0.452297,20,0.00060875,2,0.107501,0.156921,0.058082,0.848228,0.804688,0.891769,0.562541,0.646515,0.478567,0.020991,0.016791,0.348310,0.516665,0.050000,0,0,0,0,0
dance_argument,srd_restart,aw0p25,100,1040.613,0.761513,0.583633,0.637498,0.529769,19,0.00171927,4,0.112470,0.164685,0.060256,0.860790,0.818463,0.903118,0.652087,0.742484,0.561690,0.021648,0.017716,0.253111,0.434220,0.050000,0,0,1,0,0
dance_argument,srd_restart,aw0p25,125,1080.149,0.651457,0.635433,0.682724,0.588142,19,0.00213155,3,0.107479,0.169310,0.045648,0.877964,0.825026,0.930903,0.706653,0.798315,0.614990,0.022512,0.013263,0.198360,0.380722,0.050000,0,0,1,0,0
dance_argument,srd_restart,aw0p25,150,1547.831,0.572554,0.672893,0.723846,0.621941,19,0.00189949,2,0.103723,0.169970,0.037475,0.888978,0.832846,0.945110,0.746063,0.846878,0.645248,0.022826,0.010504,0.150858,0.350517,0.050000,0,0,1,0,0
dance_argument,srd_restart,aw0p25,175,1587.548,0.524412,0.697950,0.726152,0.669748,19,0.00133054,3,0.100019,0.165345,0.034693,0.894434,0.836545,0.952324,0.769600,0.846217,0.692983,0.022151,0.010055,0.149392,0.303427,0.050000,0,0,1,0,0
dance_argument,srd_restart,aw0p25,200,2058.422,0.480790,0.722974,0.727887,0.718062,19,0.00057802,2,0.109431,0.172778,0.046083,0.886933,0.831670,0.942197,0.802401,0.853650,0.751152,0.023299,0.013156,0.142861,0.245082,0.050000,0,0,1,0,0
dance_argument,srd_restart,aw0p25,225,2098.033,0.440864,0.744083,0.724182,0.763984,19,0.00053855,1,0.112400,0.175586,0.049213,0.885587,0.829017,0.942156,0.826460,0.851338,0.801582,0.023218,0.014075,0.145466,0.194789,0.050000,0,0,1,0,0
dance_argument,srd_restart,aw0p25,250,2575.589,0.399499,0.766537,0.727696,0.805378,19,0.00067973,1,0.108892,0.170135,0.047648,0.890008,0.833468,0.946547,0.847628,0.851503,0.843753,0.022333,0.013955,0.145233,0.152976,0.050000,0,0,1,0,0
dance_argument,srd_restart,aw0p25,275,2615.202,0.370845,0.783505,0.733524,0.833486,19,0.00076546,1,0.102432,0.157912,0.046952,0.896084,0.843227,0.948941,0.860988,0.849356,0.872620,0.021299,0.013408,0.148328,0.124296,0.050000,0,0,1,0,0
dance_argument,srd_restart,aw0p25,300,3093.048,0.359756,0.788082,0.733656,0.842509,19,0.00104440,1,0.101863,0.159729,0.043996,0.897152,0.841942,0.952363,0.865209,0.850842,0.879576,0.021435,0.012337,0.146180,0.117649,0.050000,0,0,1,0,0
dance_argument,srd_restart,aw0p25,325,3132.923,0.346818,0.795834,0.739943,0.851726,19,0.00099129,2,0.097607,0.149653,0.045561,0.900862,0.850396,0.951328,0.870604,0.850677,0.890531,0.020266,0.012516,0.146725,0.106726,0.050000,0,0,1,0,0
dance_argument,srd_restart,aw0p25,350,3571.543,0.338989,0.799356,0.741414,0.857297,18,0.00080021,2,0.095738,0.144698,0.046779,0.902398,0.854340,0.950456,0.873048,0.848695,0.897400,0.018957,0.012920,0.147974,0.100551,0.050000,0,0,2,0,0
dance_argument,srd_restart,aw0p25,375,3608.790,0.334120,0.803691,0.741856,0.865527,18,0.00090395,2,0.091626,0.135778,0.047474,0.905730,0.861219,0.950242,0.874600,0.842583,0.906617,0.018319,0.013149,0.154251,0.090417,0.050000,0,0,2,0,0
dance_argument,srd_restart,aw0p25,400,4030.892,0.333707,0.803129,0.734590,0.871667,18,0.00088448,1,0.092847,0.138916,0.046779,0.904418,0.857602,0.951233,0.874540,0.836637,0.912442,0.018053,0.013159,0.160360,0.084891,0.050000,0,0,2,0,0
dance_argument,srd_restart,aw0p25,425,4066.531,0.337387,0.803065,0.733828,0.872303,18,0.00085589,1,0.092091,0.136274,0.047909,0.904863,0.859527,0.950199,0.873962,0.833829,0.914094,0.018286,0.013569,0.163770,0.083020,0.050000,0,0,2,0,0
dance_argument,srd_restart,aw0p25,450,4495.075,0.330014,0.804688,0.738430,0.870946,18,0.00069387,2,0.093465,0.138586,0.048344,0.904104,0.858492,0.949715,0.876909,0.840766,0.913051,0.017948,0.013540,0.156188,0.084002,0.050000,0,0,2,0,0
dance_argument,srd_restart,aw0p25,475,4532.487,0.323649,0.810447,0.749891,0.871002,18,0.00084361,1,0.091387,0.133300,0.049474,0.906535,0.864415,0.948655,0.881973,0.849851,0.914094,0.018004,0.013936,0.147440,0.083754,0.050000,0,0,2,0,0
dance_argument,srd_restart,aw0p25,500,4962.718,0.316327,0.814545,0.755054,0.874036,18,0.00095273,0,0.088018,0.127519,0.048518,0.909724,0.869727,0.949721,0.883890,0.851338,0.916442,0.017535,0.013567,0.145453,0.080870,0.050000,0,0,2,0,0
dance_argument,srd_restart,aw0p25,525,4998.676,0.315081,0.813492,0.750364,0.876620,18,0.00091576,0,0.090652,0.134787,0.046518,0.907540,0.863339,0.951741,0.884451,0.851503,0.917398,0.017940,0.012965,0.145534,0.080224,0.050000,0,0,2,0,0
dance_argument,srd_restart,aw0p25,550,5426.539,0.310388,0.816324,0.756282,0.876365,18,0.00094840,0,0.093978,0.137265,0.050691,0.905096,0.862372,0.947821,0.890441,0.860093,0.920789,0.018383,0.014283,0.136332,0.077141,0.050000,0,0,2,0,0
dance_argument,srd_restart,aw0p25,575,5461.584,0.309143,0.816681,0.756447,0.876914,18,0.00087402,0,0.095252,0.140073,0.050430,0.904184,0.860274,0.948094,0.891771,0.862405,0.921137,0.018682,0.014066,0.135107,0.076715,0.050000,0,0,2,0,0
dance_argument,srd_restart,aw0p25,600,5888.659,0.302340,0.820291,0.755330,0.885251,18,0.00072333,0,0.092674,0.138916,0.046431,0.906620,0.860969,0.952270,0.893306,0.860258,0.926354,0.018437,0.013434,0.136784,0.071103,0.050000,0,0,2,0,0
dance_argument,srd_restart,aw0p25,625,5924.099,0.302485,0.821042,0.757255,0.884828,18,0.00066755,0,0.095034,0.138421,0.051648,0.904531,0.861648,0.947415,0.896301,0.862075,0.930528,0.018676,0.014543,0.134821,0.067878,0.050000,0,0,2,0,0
dance_argument,srd_restart,aw0p25,650,6346.886,0.303552,0.819137,0.751224,0.887050,18,0.00059035,0,0.098729,0.146680,0.050778,0.901417,0.854498,0.948337,0.896753,0.861414,0.932093,0.019533,0.014183,0.135911,0.066045,0.050000,0,0,2,0,0
dance_argument,srd_restart,aw0p25,675,6381.633,0.300876,0.819492,0.750216,0.888769,18,0.00036343,0,0.098459,0.148662,0.048257,0.901812,0.852869,0.950754,0.896701,0.861744,0.931658,0.019881,0.013430,0.134929,0.065855,0.050000,0,0,2,0,0
dance_argument,srd_restart,aw0p25,700,6791.096,0.293269,0.821819,0.748958,0.894680,18,0.00021104,0,0.097742,0.149488,0.045996,0.902602,0.852052,0.953153,0.898375,0.860918,0.935832,0.019266,0.012648,0.135600,0.062434,0.050000,0,0,2,0,0
dance_argument,srd_restart,aw0p25,725,6824.776,0.288836,0.823883,0.751620,0.896147,18,0.00016934,0,0.096021,0.147175,0.044866,0.904236,0.854197,0.954276,0.899297,0.862240,0.936353,0.018996,0.012179,0.134374,0.061722,0.050000,0,0,2,0,0
dance_argument,srd_restart,aw0p25,750,7232.964,0.291841,0.823518,0.749141,0.897895,18,0.00010909,0,0.099572,0.154278,0.044866,0.901479,0.848598,0.954361,0.901448,0.864718,0.938179,0.020547,0.012398,0.132591,0.059811,0.050000,0,0,2,0,0
dance_argument,srd_restart,aw0p25,775,7266.523,0.292877,0.821633,0.745613,0.897654,18,0.00011005,0,0.101350,0.157747,0.044953,0.899881,0.845494,0.954268,0.900618,0.863231,0.938005,0.020448,0.012485,0.133756,0.059848,0.050000,0,0,2,0,0
dance_argument,srd_restart,aw0p25,800,7676.258,0.291466,0.822751,0.747578,0.897924,18,0.00010398,0,0.103215,0.159564,0.046865,0.898528,0.844545,0.952511,0.903435,0.866865,0.940005,0.021225,0.012724,0.130087,0.057885,0.050000,0,0,2,0,0
dance_argument,srd_restart,aw0p25,825,7709.941,0.290946,0.822597,0.746158,0.899036,18,0.00008916,0,0.103615,0.160885,0.046344,0.898203,0.843358,0.953048,0.903452,0.866204,0.940701,0.021224,0.012655,0.130569,0.057119,0.050000,0,0,2,0,0
dance_argument,srd_restart,aw0p25,850,8119.882,0.288852,0.823110,0.745571,0.900648,18,0.00010664,0,0.105584,0.165345,0.045822,0.896865,0.840121,0.953609,0.905383,0.868847,0.941918,0.021424,0.013016,0.127097,0.056008,0.050000,0,0,2,0,0
dance_argument,srd_restart,aw0p25,875,8153.603,0.283930,0.827365,0.751807,0.902922,18,0.00018679,0,0.104845,0.165345,0.044344,0.898161,0.841237,0.955086,0.909538,0.876115,0.942961,0.022007,0.012763,0.121217,0.055035,0.050000,0,0,2,0,0
dance_argument,srd_restart,aw0p25,900,8559.284,0.282373,0.827120,0.751447,0.902794,18,0.00046919,1,0.107974,0.170301,0.045648,0.895820,0.837766,0.953875,0.911712,0.879419,0.944005,0.022651,0.012770,0.117697,0.054002,0.050000,0,0,2,0,0
dance_argument,srd_restart,aw0p25,925,8593.199,0.280326,0.827887,0.753031,0.902743,18,0.00048611,0,0.108892,0.171787,0.045996,0.895297,0.837042,0.953552,0.913329,0.882392,0.944266,0.022872,0.012732,0.115025,0.053655,0.050000,0,0,2,0,0
dance_argument,srd_restart,aw0p25,950,9009.088,0.283231,0.826070,0.749087,0.903054,18,0.00005336,1,0.110309,0.175752,0.044866,0.894128,0.833646,0.954609,0.912155,0.880740,0.943570,0.023405,0.012459,0.116684,0.054522,0.050000,0,0,2,0,0
dance_argument,srd_restart,aw0p25,975,9043.475,0.274137,0.829628,0.758141,0.901114,18,0.00056606,1,0.111543,0.176743,0.046344,0.893899,0.834647,0.953151,0.917506,0.892137,0.942875,0.023331,0.012687,0.105690,0.054395,0.050000,0,0,2,0,0
dance_argument,srd_restart,aw0p25,1000,9448.506,0.272750,0.829210,0.756241,0.902179,18,0.00055362,1,0.111517,0.177734,0.045300,0.893904,0.833643,0.954166,0.916850,0.890651,0.943048,0.022894,0.012578,0.105812,0.054922,0.050000,0,0,2,0,0
dance_argument,srd_restart,aw0p25,1025,9481.828,0.275428,0.829124,0.755503,0.902745,18,0.00025781,0,0.111678,0.178229,0.045127,0.893766,0.833179,0.954354,0.916819,0.890155,0.943483,0.023611,0.012618,0.106698,0.054215,0.050000,0,0,2,0,0
dance_argument,srd_restart,aw0p25,1050,9891.991,0.274427,0.829954,0.755848,0.904061,18,0.00004559,1,0.112086,0.179220,0.044953,0.893582,0.832588,0.954577,0.918006,0.891312,0.944700,0.023865,0.012501,0.106686,0.052733,0.050000,0,0,2,0,0
dance_argument,srd_restart,aw0p25,1075,9926.051,0.275309,0.829184,0.751766,0.906601,18,0.00013175,1,0.118476,0.192435,0.044518,0.889185,0.823271,0.955100,0.921697,0.896432,0.946961,0.025784,0.012532,0.101659,0.050872,0.050000,0,0,2,0,0
dance_argument,srd_restart,aw0p25,1100,10331.342,0.278438,0.827164,0.748556,0.905772,18,0.00026716,0,0.123167,0.200859,0.045474,0.885771,0.817363,0.954179,0.922935,0.898910,0.946961,0.026852,0.012959,0.098877,0.051047,0.050000,0,0,2,0,0
dance_argument,srd_restart,aw0p25,1125,10364.286,0.277442,0.826379,0.746915,0.905842,18,0.00029998,0,0.125540,0.204823,0.046257,0.884029,0.814593,0.953464,0.923822,0.899901,0.947744,0.027465,0.012594,0.098001,0.049799,0.050000,0,0,2,0,0
dance_argument,srd_restart,aw0p25,1150,10765.953,0.281292,0.825542,0.746295,0.904790,18,0.00026724,0,0.125653,0.203832,0.047474,0.883687,0.815076,0.952298,0.923079,0.898414,0.947744,0.027349,0.013192,0.100154,0.050021,0.050000,0,0,2,0,0
dance_argument,srd_restart,aw0p25,1175,10798.612,0.279495,0.826023,0.747185,0.904861,18,0.00022513,0,0.125549,0.202841,0.048257,0.883726,0.815864,0.951588,0.923635,0.898745,0.948526,0.027158,0.013366,0.098823,0.049459,0.050000,0,0,2,0,0
dance_argument,srd_restart,aw0p25,1200,11193.113,0.279658,0.826352,0.747384,0.905319,18,0.00024798,1,0.123845,0.199868,0.047822,0.884875,0.817744,0.952007,0.922688,0.896762,0.948613,0.026731,0.013371,0.100731,0.049399,0.050000,0,0,2,0,0
dance_argument,srd_restart,aw0p25,1225,11225.734,0.277073,0.827162,0.749622,0.904703,18,0.00037969,0,0.125510,0.202676,0.048344,0.883978,0.816455,0.951500,0.924996,0.901553,0.948439,0.026868,0.013510,0.096650,0.049401,0.050000,0,0,2,0,0
dance_argument,srd_restart,aw0p25,1250,11623.655,0.273764,0.829285,0.752658,0.905912,18,0.00050050,0,0.120163,0.196069,0.044257,0.888231,0.821154,0.955308,0.923118,0.900231,0.946005,0.026156,0.012397,0.097981,0.051596,0.050000,0,0,2,0,0
dance_argument,srd_restart,aw0p25,1275,11656.656,0.274983,0.828336,0.751170,0.905502,18,0.00031782,0,0.123184,0.200198,0.046170,0.885909,0.818291,0.953527,0.924431,0.901553,0.947309,0.026725,0.012858,0.096698,0.050260,0.050000,0,0,2,0,0
dance_argument,srd_restart,aw0p25,1300,12060.565,0.275231,0.827502,0.750000,0.905004,18,0.00025276,1,0.120454,0.196564,0.044344,0.887754,0.820323,0.955185,0.921279,0.897423,0.945135,0.026213,0.012151,0.099773,0.052387,0.050000,0,0,2,0,0
dance_argument,srd_restart,aw0p25,1325,12093.709,0.270380,0.830705,0.756592,0.904817,18,0.00043112,0,0.116751,0.190287,0.043214,0.890892,0.825560,0.956223,0.922240,0.900562,0.943918,0.025451,0.012014,0.096922,0.053306,0.050000,0,0,2,0,0
dance_argument,srd_restart,aw0p25,1350,12500.653,0.273157,0.829192,0.753086,0.905298,18,0.00033425,2,0.116433,0.190783,0.042083,0.890936,0.824575,0.957297,0.920079,0.896762,0.943396,0.025353,0.011686,0.100942,0.054149,0.050000,0,0,2,0,0
dance_argument,srd_restart,aw0p25,1375,12534.010,0.273535,0.829042,0.754005,0.904080,18,0.00032752,0,0.115042,0.185828,0.044257,0.891575,0.827929,0.955221,0.919106,0.894120,0.944092,0.024735,0.012062,0.103388,0.053098,0.050000,0,0,2,0,0
dance_argument,srd_restart,aw0p25,1400,12930.913,0.267580,0.831919,0.759056,0.904782,17,0.00032478,1,0.110074,0.176412,0.043735,0.895385,0.835032,0.955737,0.918658,0.892963,0.944353,0.022890,0.012022,0.104533,0.052876,0.050000,0,0,3,0,0
dance_argument,srd_restart,aw0p25,1425,12963.592,0.267200,0.834680,0.765237,0.904123,17,0.00030769,1,0.107309,0.170796,0.043822,0.897757,0.839889,0.955626,0.919840,0.895937,0.943744,0.023056,0.012172,0.101897,0.053841,0.050000,0,0,3,0,0
dance_argument,srd_restart,aw0p25,1450,13355.344,0.270797,0.831116,0.757584,0.904647,17,0.00033561,1,0.112808,0.181533,0.044083,0.893399,0.831390,0.955409,0.919819,0.895111,0.944527,0.024316,0.012119,0.102111,0.052774,0.050000,0,0,3,0,0
dance_argument,srd_restart,aw0p25,1475,13387.856,0.269044,0.833176,0.760152,0.906200,17,0.00054557,1,0.108748,0.175586,0.041909,0.896639,0.835779,0.957499,0.918901,0.893624,0.944179,0.023659,0.011674,0.104009,0.053174,0.050000,0,0,3,0,0
dance_argument,srd_restart,aw0p25,1500,13784.048,0.270305,0.832279,0.760236,0.904321,17,0.00045461,1,0.108139,0.173935,0.042344,0.896953,0.836896,0.957009,0.917541,0.892468,0.942614,0.023418,0.011708,0.104858,0.054624,0.050000,0,0,3,0,0
dance_argument,srd_restart,aw0p25,1525,13815.899,0.268843,0.832413,0.760163,0.904662,17,0.00042610,0,0.107435,0.174265,0.040605,0.897656,0.836662,0.958651,0.917015,0.892633,0.941396,0.023002,0.011199,0.105420,0.056160,0.050000,0,0,3,0,0
dance_argument,srd_restart,aw0p25,1550,14198.061,0.265946,0.833513,0.763099,0.903926,17,0.00037739,0,0.106779,0.172778,0.040779,0.898318,0.838181,0.958455,0.917867,0.894945,0.940788,0.022727,0.011322,0.102741,0.056261,0.050000,0,0,3,0,0
dance_argument,srd_restart,aw0p25,1575,14228.857,0.270244,0.832660,0.759989,0.905331,17,0.00042877,0,0.107352,0.174100,0.040605,0.897710,0.836741,0.958680,0.917197,0.892303,0.942092,0.023359,0.011582,0.104696,0.055478,0.050000,0,0,3,0,0
dance_argument,srd_restart,aw0p25,1600,14630.578,0.267729,0.833007,0.760326,0.905689,17,0.00037902,0,0.108309,0.175752,0.040866,0.897076,0.835701,0.958451,0.918328,0.893954,0.942701,0.023556,0.011036,0.103478,0.055335,0.050000,0,0,3,0,0
dance_argument,srd_restart,aw0p25,1625,14662.268,0.269437,0.832198,0.758897,0.905498,17,0.00032935,0,0.107435,0.174265,0.040605,0.897561,0.836434,0.958687,0.916706,0.891146,0.942266,0.023300,0.011086,0.106041,0.055533,0.050000,0,0,3,0,0
dance_argument,srd_restart,aw0p25,1650,15061.185,0.268471,0.832055,0.757844,0.906266,17,0.00032186,0,0.107357,0.173935,0.040779,0.897512,0.836465,0.958558,0.916441,0.889660,0.943222,0.022842,0.011143,0.107349,0.054761,0.050000,0,0,3,0,0
dance_argument,srd_restart,aw0p25,1675,15093.562,0.269658,0.831757,0.757508,0.906007,17,0.00021507,0,0.108883,0.177073,0.040692,0.896470,0.834312,0.958628,0.917258,0.891642,0.942875,0.023628,0.011095,0.105681,0.054879,0.050000,0,0,3,0,0
dance_argument,srd_restart,aw0p25,1700,15459.313,0.269914,0.831771,0.757852,0.905690,16,0.00025591,0,0.108552,0.178064,0.039040,0.896943,0.833719,0.960167,0.916923,0.892798,0.941049,0.023745,0.010865,0.104795,0.056474,0.050000,0,0,4,0,0
dance_argument,srd_restart,aw0p25,1725,15489.605,0.267815,0.833747,0.763031,0.904463,16,0.00026068,1,0.103214,0.166171,0.040257,0.900804,0.842640,0.958968,0.915350,0.889825,0.940875,0.022251,0.010868,0.107982,0.056912,0.050000,0,0,4,0,0
dance_argument,srd_restart,aw0p25,1750,15863.449,0.265769,0.835068,0.765680,0.904456,16,0.00025665,0,0.104332,0.166667,0.041996,0.900051,0.842761,0.957340,0.917867,0.893294,0.942440,0.022525,0.011394,0.104465,0.054960,0.050000,0,0,4,0,0
dance_argument,srd_restart,aw0p25,1775,15893.345,0.267468,0.830808,0.756643,0.904973,16,0.00016531,0,0.107635,0.174926,0.040344,0.897247,0.835585,0.958909,0.915241,0.888999,0.941483,0.022444,0.010925,0.107440,0.056140,0.050000,0,0,4,0,0
dance_argument,srd_restart,aw0p25,1800,16277.417,0.265144,0.832651,0.760034,0.905268,16,0.00017963,0,0.106427,0.172944,0.039910,0.898427,0.837523,0.959330,0.916437,0.891477,0.941396,0.022213,0.010966,0.105421,0.056327,0.050000,0,0,4,0,0
dance_argument,srd_restart,aw0p25,1825,16307.499,0.266516,0.831239,0.757840,0.904639,16,0.00016206,0,0.107470,0.174595,0.040344,0.897458,0.836022,0.958894,0.915645,0.890155,0.941136,0.022293,0.011006,0.106769,0.056036,0.050000,0,0,4,0,0
dance_argument,srd_restart,aw0p25,1850,16673.271,0.268042,0.830282,0.757282,0.903282,16,0.00011618,1,0.107487,0.173935,0.041040,0.897273,0.836364,0.958182,0.914676,0.888999,0.940353,0.022211,0.011026,0.107542,0.057246,0.050000,0,0,4,0,0
dance_argument,srd_restart,aw0p25,1875,16703.373,0.265652,0.835471,0.765960,0.904981,16,0.00012201,0,0.101071,0.161711,0.040431,0.902521,0.846214,0.958828,0.915698,0.889825,0.941570,0.021699,0.011243,0.106964,0.056341,0.050000,0,0,4,0,0
dance_argument,srd_restart,aw0p25,1900,17071.829,0.269463,0.831154,0.757674,0.904635,16,0.00010506,0,0.108074,0.173109,0.043040,0.896682,0.836989,0.956376,0.916202,0.888834,0.943570,0.022251,0.011815,0.108517,0.054539,0.050000,0,0,4,0,0
dance_argument,srd_restart,aw0p25,1925,17102.092,0.263858,0.836619,0.766411,0.906827,16,0.00010852,1,0.101528,0.162537,0.040518,0.902273,0.845720,0.958827,0.917276,0.890981,0.943570,0.021996,0.011196,0.106007,0.054318,0.050000,0,0,4,0,0
dance_argument,srd_restart,aw0p25,1950,17470.779,0.263499,0.836391,0.765780,0.907002,16,0.00008992,1,0.103884,0.167162,0.040605,0.900597,0.842441,0.958753,0.918810,0.893789,0.943831,0.022625,0.011186,0.103205,0.054258,0.050000,0,0,4,0,0
dance_argument,srd_restart,aw0p25,1975,17502.097,0.264963,0.834958,0.763439,0.906477,16,0.00010078,2,0.107057,0.173769,0.040344,0.898277,0.837579,0.958974,0.919575,0.896102,0.943048,0.023314,0.011182,0.101670,0.054671,0.050000,0,0,4,0,0
dance_argument,srd_restart,aw0p25,2000,17869.581,0.264909,0.834417,0.763373,0.905462,16,0.00006365,0,0.107283,0.173439,0.041127,0.897992,0.837788,0.958197,0.919236,0.895771,0.942701,0.023319,0.011177,0.101410,0.054900,0.050000,0,0,4,0,0
dance_argument,srd_restart,aw0p25,2025,17900.311,0.266913,0.834298,0.762249,0.906347,16,0.00002044,0,0.103162,0.166501,0.039823,0.900868,0.842278,0.959458,0.915802,0.889164,0.942440,0.022259,0.011039,0.107715,0.055649,0.050000,0,0,4,0,0
dance_argument,srd_restart,aw0p25,2050,18267.954,0.266418,0.835151,0.764831,0.905471,16,0.00002749,0,0.103027,0.166667,0.039388,0.901222,0.842614,0.959830,0.916719,0.892303,0.941136,0.022501,0.011096,0.105240,0.056370,0.050000,0,0,4,0,0
dance_argument,srd_restart,aw0p25,2075,18297.905,0.267828,0.834133,0.760355,0.907911,16,0.00001039,0,0.105527,0.172448,0.038605,0.899292,0.837913,0.960670,0.917219,0.891477,0.942961,0.022968,0.011119,0.106392,0.054838,0.050000,0,0,4,0,0
dance_argument,srd_restart,aw0p25,2100,18670.020,0.271358,0.829798,0.755950,0.903647,16,0.00002625,0,0.106253,0.172944,0.039562,0.898188,0.836789,0.959588,0.913042,0.886686,0.939397,0.022196,0.011050,0.110082,0.058424,0.050000,0,0,4,0,0
dance_argument,srd_restart,aw0p25,2125,18700.182,0.269871,0.830720,0.757670,0.903769,16,0.00000109,1,0.105505,0.168318,0.042692,0.898446,0.840232,0.956660,0.913776,0.885200,0.942353,0.021445,0.011762,0.111892,0.055135,0.050000,0,0,4,0,0
dance_argument,srd_restart,aw0p25,2150,19064.478,0.272742,0.832502,0.762109,0.902895,16,0.00000000,0,0.099176,0.156095,0.042257,0.903262,0.849498,0.957025,0.911059,0.881070,0.941049,0.020932,0.011698,0.115835,0.056693,0.050000,0,0,4,0,0
dance_argument,srd_restart,aw0p25,2175,19093.672,0.269829,0.831272,0.758430,0.904113,16,0.00000072,0,0.102962,0.165841,0.040083,0.900590,0.842064,0.959117,0.912281,0.884209,0.940353,0.021086,0.011309,0.112500,0.057727,0.050000,0,0,4,0,0
dance_argument,srd_restart,aw0p25,2200,19469.688,0.268786,0.832636,0.761398,0.903875,16,0.00000476,0,0.102080,0.163033,0.041127,0.901322,0.844518,0.958127,0.913289,0.885530,0.941049,0.020722,0.011984,0.110765,0.057058,0.050000,0,0,4,0,0
dance_argument,srd_restart,aw0p25,2225,19499.506,0.268759,0.836677,0.769319,0.904034,16,0.00000003,0,0.095512,0.149983,0.041040,0.906630,0.855045,0.958215,0.912920,0.884704,0.941136,0.020147,0.012077,0.112710,0.057011,0.050000,0,0,4,0,0
dance_argument,srd_restart,aw0p25,2250,19869.306,0.264092,0.835211,0.767121,0.903301,16,0.00000412,0,0.102788,0.162537,0.043040,0.901078,0.845841,0.956315,0.916993,0.891807,0.942179,0.020609,0.012396,0.105645,0.055770,0.050000,0,0,4,0,0
horse_circle,srd_restart,aw0p25,1,2.449,1.658976,0.169314,0.178803,0.159825,20,0.00000000,0,0.081019,0.088170,0.073868,0.693634,0.688158,0.699110,0.183100,0.194568,0.171631,0.023898,0.032268,0.792769,0.825872,0.050000,0,0,0,0,0
horse_circle,srd_restart,aw0p25,25,45.245,1.262678,0.317243,0.339675,0.294811,20,0.00046725,1,0.026606,0.031436,0.021777,0.925122,0.917661,0.932582,0.325792,0.350353,0.301231,0.008433,0.009377,0.635902,0.695471,0.050000,0,0,0,0,0
horse_circle,srd_restart,aw0p25,50,581.628,0.987369,0.454973,0.501001,0.408945,21,0.00057429,1,0.015455,0.021577,0.009333,0.968718,0.959547,0.977889,0.462287,0.511812,0.412761,0.005712,0.004039,0.474083,0.583543,0.050000,1,0,0,0,0
horse_circle,srd_restart,aw0p25,75,628.483,0.739840,0.591635,0.617135,0.566136,21,0.00013509,1,0.018026,0.030227,0.005825,0.972245,0.954615,0.989875,0.602611,0.635789,0.569433,0.008138,0.002533,0.351917,0.427340,0.050000,1,0,0,0,0
horse_circle,srd_restart,aw0p25,100,1178.478,0.596734,0.675000,0.679516,0.670485,21,0.00026536,3,0.028676,0.051990,0.005361,0.962155,0.932201,0.992109,0.694462,0.714844,0.674080,0.014165,0.002220,0.274146,0.323149,0.050000,1,0,0,0,0
horse_circle,srd_restart,aw0p25,125,1225.096,0.529518,0.712907,0.702999,0.722815,21,0.00032694,4,0.032504,0.060640,0.004369,0.959404,0.924789,0.994018,0.735801,0.745629,0.725973,0.016525,0.001832,0.243581,0.271090,0.050000,1,0,0,0,0
horse_circle,srd_restart,aw0p25,150,1777.707,0.453536,0.754264,0.729901,0.778626,21,0.00025929,2,0.030144,0.055060,0.005229,0.963318,0.933273,0.993364,0.776394,0.770089,0.782698,0.015124,0.002208,0.219910,0.214489,0.050000,1,0,0,0,0
horse_circle,srd_restart,aw0p25,175,1824.945,0.419860,0.773510,0.742802,0.804217,21,0.00078497,1,0.031979,0.059524,0.004435,0.962113,0.929686,0.994540,0.797400,0.787016,0.807784,0.016254,0.002043,0.203119,0.189592,0.050000,1,0,0,0,0
horse_circle,srd_restart,aw0p25,200,2370.818,0.397223,0.787667,0.751546,0.823789,20,0.00118085,1,0.036211,0.067987,0.004435,0.958290,0.921910,0.994669,0.815042,0.802641,0.827442,0.018736,0.001887,0.187887,0.170060,0.050000,1,0,1,0,0
horse_circle,srd_restart,aw0p25,225,2415.085,0.369976,0.806062,0.756648,0.855476,20,0.00139014,4,0.045805,0.087705,0.003905,0.949585,0.903697,0.995473,0.840913,0.823010,0.858817,0.024250,0.001659,0.167972,0.138396,0.050000,1,0,1,0,0
horse_circle,srd_restart,aw0p25,250,2955.829,0.342424,0.826008,0.753526,0.898491,20,0.00133006,5,0.056028,0.107887,0.004170,0.940478,0.885556,0.995399,0.868529,0.834821,0.902237,0.030024,0.001857,0.157152,0.094760,0.050000,1,0,1,0,0
horse_circle,srd_restart,aw0p25,275,3001.134,0.315526,0.842683,0.766497,0.918869,20,0.00098127,6,0.060807,0.114862,0.006751,0.937133,0.881512,0.992755,0.889806,0.854539,0.925073,0.031926,0.003123,0.137648,0.071977,0.050000,1,0,1,0,0
horse_circle,srd_restart,aw0p25,300,3532.803,0.295097,0.854579,0.773985,0.935174,20,0.00045885,6,0.063225,0.119699,0.006751,0.935761,0.878642,0.992880,0.904059,0.866629,0.941488,0.033065,0.003044,0.126956,0.056134,0.050000,1,0,1,0,0
horse_circle,srd_restart,aw0p25,325,3575.870,0.276179,0.864234,0.782782,0.945686,20,0.00035619,3,0.061857,0.117094,0.006619,0.937500,0.881906,0.993095,0.913194,0.874442,0.951946,0.032517,0.002883,0.119800,0.045189,0.050000,1,0,1,0,0
horse_circle,srd_restart,aw0p25,350,4070.550,0.259027,0.873967,0.791768,0.956167,20,0.00080921,3,0.060574,0.113932,0.007215,0.939082,0.885600,0.992564,0.922521,0.881975,0.963066,0.031720,0.003452,0.111669,0.034824,0.050000,1,0,1,0,0
horse_circle,srd_restart,aw0p25,375,4113.055,0.240044,0.883753,0.804065,0.963440,20,0.00117125,4,0.061531,0.116443,0.006619,0.939201,0.885180,0.993221,0.933755,0.897693,0.969817,0.032484,0.003106,0.095652,0.027794,0.050000,1,0,1,0,0
horse_circle,srd_restart,aw0p25,400,4591.277,0.225190,0.891406,0.817741,0.965072,19,0.00003125,4,0.060741,0.111421,0.010061,0.940289,0.890793,0.989784,0.941818,0.908854,0.974782,0.031184,0.004374,0.085208,0.022745,0.050000,1,0,2,0,0
horse_circle,srd_restart,aw0p25,425,4631.668,0.210215,0.898423,0.825381,0.971464,19,0.00025122,3,0.060025,0.111049,0.009002,0.941442,0.891985,0.990900,0.948624,0.917039,0.980209,0.031083,0.003751,0.076756,0.017283,0.050000,1,0,2,0,0
horse_circle,srd_restart,aw0p25,450,5095.285,0.204487,0.901286,0.830376,0.972197,19,0.00004303,3,0.057666,0.105934,0.009399,0.943545,0.896577,0.990513,0.949838,0.918341,0.981334,0.029609,0.004171,0.075894,0.016157,0.050000,1,0,2,0,1
horse_circle,srd_restart,aw0p25,475,5134.584,0.199849,0.902773,0.829567,0.975980,19,0.00027604,5,0.057887,0.107236,0.008539,0.943429,0.895457,0.991400,0.951420,0.918527,0.984313,0.029733,0.003800,0.074355,0.013353,0.050000,1,0,2,0,1
horse_circle,srd_restart,aw0p25,500,5578.340,0.212136,0.899075,0.826915,0.971235,19,0.00000882,3,0.061649,0.108538,0.014760,0.939687,0.894130,0.985244,0.951119,0.916667,0.985571,0.030279,0.006467,0.076118,0.012598,0.050000,1,0,2,0,1
horse_circle,srd_restart,aw0p25,525,5616.598,0.226121,0.894229,0.821351,0.967108,19,0.00008388,2,0.067698,0.115141,0.020254,0.934107,0.888328,0.979886,0.951309,0.915923,0.986696,0.032014,0.008887,0.076507,0.011067,0.050000,1,0,2,0,1
horse_circle,srd_restart,aw0p25,550,6081.644,0.224124,0.890816,0.802892,0.978739,19,0.00001194,2,0.060651,0.112630,0.008671,0.939665,0.888036,0.991293,0.940274,0.893322,0.987225,0.031295,0.003786,0.098274,0.010420,0.050000,1,0,2,0,1
horse_circle,srd_restart,aw0p25,575,6121.169,0.221388,0.892823,0.803442,0.982205,19,0.00007484,3,0.060692,0.113374,0.008009,0.939745,0.887515,0.991976,0.942301,0.894531,0.990071,0.031648,0.003580,0.097483,0.007534,0.050000,1,0,2,0,1
horse_circle,srd_restart,aw0p25,600,6600.034,0.218042,0.894200,0.805674,0.982727,19,0.00017919,2,0.061243,0.114676,0.007810,0.939471,0.886766,0.992176,0.944234,0.898065,0.990402,0.031985,0.003380,0.093587,0.007083,0.050000,1,0,2,0,1
horse_circle,srd_restart,aw0p25,625,6639.559,0.222149,0.892538,0.802212,0.982865,19,0.00016111,2,0.063442,0.118676,0.008208,0.937495,0.883204,0.991785,0.944173,0.897414,0.990932,0.033082,0.003451,0.093405,0.007168,0.050000,1,0,2,0,1
horse_circle,srd_restart,aw0p25,650,7101.812,0.224478,0.891944,0.800961,0.982926,19,0.00019003,2,0.065402,0.122861,0.007943,0.935929,0.879811,0.992047,0.945050,0.899368,0.990733,0.034230,0.003433,0.091599,0.007019,0.050000,1,0,2,0,1
horse_circle,srd_restart,aw0p25,675,7141.038,0.223974,0.893153,0.801554,0.984752,19,0.00020609,2,0.065948,0.124814,0.007082,0.935654,0.878398,0.992909,0.946663,0.901600,0.991726,0.034899,0.003162,0.090437,0.006018,0.050000,1,0,2,0,1
horse_circle,srd_restart,aw0p25,700,7608.423,0.227053,0.892763,0.800181,0.985344,19,0.00025285,3,0.067469,0.127790,0.007149,0.934404,0.875959,0.992848,0.947412,0.902437,0.992388,0.035817,0.003185,0.090566,0.005508,0.050000,1,0,2,0,1
horse_circle,srd_restart,aw0p25,725,7648.616,0.229165,0.891211,0.798255,0.984167,19,0.00029251,2,0.068704,0.129929,0.007479,0.933300,0.874087,0.992513,0.946750,0.901972,0.991528,0.036279,0.003359,0.089865,0.005984,0.050000,1,0,2,0,1
horse_circle,srd_restart,aw0p25,750,8127.263,0.230685,0.890379,0.797042,0.983716,19,0.00022827,3,0.069979,0.131882,0.008075,0.932191,0.872459,0.991923,0.946909,0.902158,0.991660,0.036620,0.003434,0.089861,0.006061,0.050000,1,0,2,0,1
horse_circle,srd_restart,aw0p25,775,8168.080,0.229495,0.891461,0.798487,0.984435,19,0.00023168,2,0.069288,0.130766,0.007810,0.932841,0.873493,0.992189,0.947513,0.902902,0.992123,0.036541,0.003522,0.088936,0.005626,0.050000,1,0,2,0,1
horse_circle,srd_restart,aw0p25,800,8657.061,0.228230,0.892442,0.799868,0.985015,19,0.00025762,2,0.068878,0.130673,0.007082,0.933332,0.873753,0.992911,0.948190,0.904390,0.991991,0.036579,0.003242,0.088304,0.005800,0.050000,1,0,2,0,1
horse_circle,srd_restart,aw0p25,825,8697.678,0.228534,0.892510,0.800707,0.984313,19,0.00027140,2,0.069619,0.130766,0.008472,0.932668,0.873799,0.991537,0.949033,0.905413,0.992653,0.036688,0.003595,0.087327,0.005258,0.050000,1,0,2,0,1
horse_circle,srd_restart,aw0p25,850,9182.465,0.228134,0.893064,0.800049,0.986078,19,0.00026981,3,0.069355,0.130766,0.007943,0.932890,0.873709,0.992072,0.949290,0.904669,0.993911,0.036659,0.003543,0.088228,0.004236,0.050000,1,0,2,0,1
horse_circle,srd_restart,aw0p25,875,9223.681,0.228702,0.891847,0.798535,0.985159,19,0.00022595,2,0.069029,0.130115,0.007943,0.933026,0.873987,0.992065,0.947710,0.902437,0.992984,0.036325,0.003484,0.089534,0.005167,0.050000,1,0,2,0,1
horse_circle,srd_restart,aw0p25,900,9715.415,0.235190,0.889465,0.794617,0.984312,19,0.00032312,3,0.070935,0.133464,0.008406,0.931272,0.870942,0.991602,0.946628,0.900670,0.992587,0.037367,0.003558,0.091900,0.005473,0.050000,1,0,2,0,1
horse_circle,srd_restart,aw0p25,925,9756.967,0.233544,0.889172,0.793972,0.984371,19,0.00036094,3,0.068704,0.129464,0.007943,0.932951,0.873844,0.992058,0.944476,0.896763,0.992190,0.036258,0.003602,0.094103,0.005671,0.050000,1,0,2,0,1
horse_circle,srd_restart,aw0p25,950,10240.725,0.231437,0.890580,0.796464,0.984695,19,0.00034709,3,0.069315,0.130952,0.007678,0.932697,0.873073,0.992321,0.946509,0.900763,0.992256,0.036625,0.003474,0.091085,0.005402,0.050000,1,0,2,0,1
horse_circle,srd_restart,aw0p25,975,10282.408,0.232916,0.889757,0.795410,0.984104,19,0.00031678,4,0.069129,0.130580,0.007678,0.932761,0.873205,0.992317,0.945467,0.899275,0.991660,0.036453,0.003415,0.092813,0.006264,0.050000,1,0,2,0,1
horse_circle,srd_restart,aw0p25,1000,10763.293,0.232688,0.889464,0.794952,0.983976,19,0.00039556,4,0.069554,0.131231,0.007877,0.932387,0.872653,0.992120,0.945500,0.899275,0.991726,0.036587,0.003396,0.092327,0.005974,0.050000,1,0,2,0,1
horse_circle,srd_restart,aw0p25,1025,10804.871,0.233528,0.889972,0.796552,0.983391,19,0.00034390,4,0.070543,0.132812,0.008274,0.931711,0.871698,0.991725,0.946936,0.902344,0.991528,0.037239,0.003464,0.090024,0.006374,0.050000,1,0,2,0,1
horse_circle,srd_restart,aw0p25,1050,11285.723,0.236945,0.888024,0.794838,0.981210,19,0.00062608,4,0.071309,0.135138,0.007479,0.931112,0.869733,0.992491,0.945400,0.902251,0.988549,0.037874,0.003180,0.090065,0.008503,0.050000,1,0,2,0,1
horse_circle,srd_restart,aw0p25,1075,11326.824,0.232051,0.891051,0.797521,0.984580,19,0.00084619,3,0.070961,0.133185,0.008737,0.931419,0.871558,0.991280,0.948461,0.903739,0.993182,0.037451,0.003600,0.088154,0.004816,0.050000,1,0,2,0,1
horse_circle,srd_restart,aw0p25,1100,11796.745,0.237036,0.888852,0.794832,0.982873,19,0.00148251,4,0.073020,0.137370,0.008671,0.929710,0.868090,0.991330,0.947707,0.904018,0.991395,0.038508,0.003670,0.087832,0.005678,0.050000,1,0,2,0,1
horse_circle,srd_restart,aw0p25,1125,11837.675,0.238470,0.888993,0.794979,0.983006,19,0.00184659,3,0.073040,0.137277,0.008803,0.929690,0.868179,0.991201,0.947885,0.904111,0.991660,0.038440,0.003932,0.087794,0.006249,0.050000,1,0,2,0,1
horse_circle,srd_restart,aw0p25,1150,12331.078,0.239164,0.887630,0.796513,0.978747,19,0.00041602,2,0.074216,0.136254,0.012179,0.928503,0.869150,0.987856,0.947854,0.905041,0.990667,0.038046,0.005080,0.086383,0.006529,0.050000,1,0,2,0,1
horse_circle,srd_restart,aw0p25,1175,12372.002,0.238337,0.888783,0.799836,0.977730,19,0.00023090,2,0.073855,0.134208,0.013503,0.928842,0.871126,0.986557,0.949056,0.907180,0.990932,0.037573,0.005687,0.085073,0.006526,0.050000,1,0,2,0,1
horse_circle,srd_restart,aw0p25,1200,12856.598,0.237798,0.889760,0.799918,0.979603,19,0.00016968,2,0.074256,0.136068,0.012444,0.928690,0.869770,0.987609,0.950277,0.908761,0.991792,0.038040,0.005489,0.084319,0.005652,0.050000,1,0,2,0,1
horse_circle,srd_restart,aw0p25,1225,12897.159,0.235013,0.889512,0.798396,0.980628,19,0.00011167,2,0.074052,0.136719,0.011385,0.928864,0.869077,0.988651,0.949672,0.907552,0.991792,0.038163,0.004635,0.084618,0.005227,0.050000,1,0,2,0,1
horse_circle,srd_restart,aw0p25,1250,13378.840,0.239554,0.888009,0.792341,0.983677,19,0.00012082,2,0.076805,0.143880,0.009730,0.926650,0.863000,0.990299,0.949796,0.906343,0.993249,0.040136,0.003993,0.085673,0.003887,0.050000,1,0,2,0,1
horse_circle,srd_restart,aw0p25,1275,13419.414,0.238852,0.887259,0.791389,0.983130,19,0.00012838,2,0.075506,0.142671,0.008340,0.927693,0.863729,0.991657,0.947813,0.904297,0.991329,0.039893,0.003135,0.087423,0.005758,0.050000,1,0,2,0,1
horse_circle,srd_restart,aw0p25,1300,13903.319,0.235429,0.890511,0.794115,0.986906,19,0.00006798,2,0.075105,0.144252,0.005957,0.928517,0.862998,0.994035,0.950727,0.908668,0.992785,0.040416,0.002524,0.084858,0.004916,0.050000,1,0,2,0,1
horse_circle,srd_restart,aw0p25,1325,13944.741,0.231212,0.892087,0.798517,0.985657,19,0.00004490,1,0.073789,0.141555,0.006023,0.929773,0.865583,0.993962,0.951573,0.911551,0.991594,0.039650,0.002780,0.081406,0.005742,0.050000,1,0,2,0,1
horse_circle,srd_restart,aw0p25,1350,14433.925,0.223192,0.895918,0.804151,0.987684,19,0.00003245,1,0.073804,0.142578,0.005030,0.930313,0.865668,0.994958,0.955729,0.918806,0.992653,0.039937,0.002193,0.073927,0.005520,0.050000,1,0,2,0,1
horse_circle,srd_restart,aw0p25,1375,14475.400,0.217911,0.898260,0.808318,0.988202,19,0.00000627,0,0.073454,0.142671,0.004236,0.930975,0.866201,0.995749,0.958015,0.923642,0.992388,0.039878,0.002215,0.068365,0.005385,0.050000,1,0,2,0,1
horse_circle,srd_restart,aw0p25,1400,14966.283,0.214201,0.900251,0.812825,0.987677,19,0.00000121,0,0.074390,0.144345,0.004435,0.930606,0.865663,0.995550,0.961105,0.930153,0.992057,0.040392,0.002191,0.062427,0.005241,0.050000,1,0,2,0,1
horse_circle,srd_restart,aw0p25,1425,15007.944,0.212676,0.900031,0.813876,0.986185,19,0.00000015,0,0.075483,0.144810,0.006156,0.929660,0.865486,0.993835,0.961995,0.931734,0.992256,0.040414,0.001936,0.061348,0.005556,0.050000,1,0,2,0,1
horse_circle,srd_restart,aw0p25,1450,15481.873,0.209039,0.901729,0.814459,0.988999,19,0.00000035,0,0.073579,0.142392,0.004766,0.931250,0.867274,0.995227,0.962072,0.930432,0.993712,0.040006,0.001588,0.062203,0.003689,0.050000,1,0,2,0,1
horse_circle,srd_restart,aw0p25,1475,15523.615,0.209965,0.901766,0.815719,0.987814,19,0.00000336,0,0.073984,0.143136,0.004832,0.931041,0.866926,0.995156,0.962532,0.932478,0.992587,0.040045,0.001924,0.060423,0.004996,0.050000,1,0,2,0,1
horse_circle,srd_restart,aw0p25,1500,16018.153,0.207058,0.902546,0.817545,0.987547,19,0.00000149,0,0.073201,0.141834,0.004567,0.931760,0.868102,0.995417,0.962779,0.933501,0.992057,0.039585,0.001757,0.059250,0.005445,0.050000,1,0,2,0,1
acm_scf,srd_restart,aw0p25,1,2.458,1.733481,0.163615,0.130374,0.196857,20,0.00000000,0,0.231402,0.101825,0.360980,0.505601,0.585190,0.426012,0.205784,0.143649,0.267918,0.037397,0.050204,0.852074,0.723615,0.050000,0,0,0,0,0
acm_scf,srd_restart,aw0p25,25,44.331,1.352703,0.296093,0.193191,0.398995,20,0.00000000,0,0.132009,0.061405,0.202612,0.736330,0.769551,0.703110,0.342446,0.205054,0.479837,0.022105,0.027900,0.790431,0.512550,0.050000,0,0,0,0,0
acm_scf,srd_restart,aw0p25,50,607.171,1.163866,0.371088,0.252431,0.489745,20,0.00000000,0,0.109872,0.033622,0.186122,0.821597,0.885850,0.757344,0.420908,0.260918,0.580898,0.011297,0.025431,0.734487,0.411786,0.050000,0,0,0,0,0
acm_scf,srd_restart,aw0p25,75,651.510,0.985539,0.457081,0.321375,0.592786,20,0.00003485,0,0.123743,0.029853,0.217633,0.842800,0.917264,0.768335,0.526382,0.330969,0.721796,0.010543,0.029597,0.664315,0.270143,0.050000,0,0,0,0,0
acm_scf,srd_restart,aw0p25,100,1173.642,0.865999,0.510053,0.366543,0.653563,19,0.00007389,0,0.140798,0.019065,0.262531,0.855035,0.951440,0.758631,0.599337,0.373531,0.825143,0.006695,0.035961,0.622513,0.169025,0.050000,0,0,1,0,0
acm_scf,srd_restart,aw0p25,125,1215.391,0.761492,0.557844,0.412022,0.703665,19,0.00055971,1,0.138955,0.012931,0.264980,0.870274,0.969947,0.770601,0.653736,0.417350,0.890122,0.004015,0.036536,0.578627,0.104836,0.050000,0,0,1,0,0
acm_scf,srd_restart,aw0p25,150,1729.428,0.725178,0.575032,0.437432,0.712632,19,0.00036604,2,0.148069,0.012710,0.283429,0.867766,0.972110,0.763423,0.678802,0.442991,0.914612,0.003788,0.038929,0.552689,0.081912,0.050000,0,0,1,0,0
acm_scf,srd_restart,aw0p25,175,1771.965,0.685908,0.594473,0.467782,0.721164,19,0.00028528,1,0.148339,0.011453,0.285224,0.870523,0.976365,0.764682,0.699998,0.473140,0.926857,0.003573,0.039028,0.522069,0.069423,0.050000,0,0,1,0,0
acm_scf,srd_restart,aw0p25,200,2266.266,0.660876,0.610176,0.490423,0.729929,19,0.00021140,1,0.147970,0.010715,0.285224,0.872845,0.978841,0.766849,0.716900,0.495677,0.938122,0.003958,0.039785,0.500200,0.058970,0.050000,0,0,1,0,0
acm_scf,srd_restart,aw0p25,225,2308.865,0.634899,0.624272,0.512974,0.735570,19,0.00023529,1,0.151807,0.013818,0.289796,0.870067,0.974118,0.766016,0.734398,0.520062,0.948735,0.005180,0.040104,0.476056,0.048065,0.050000,0,0,1,0,0
acm_scf,srd_restart,aw0p25,250,2775.072,0.619047,0.633286,0.525143,0.741428,17,0.00021269,2,0.147204,0.018326,0.276082,0.870489,0.966867,0.774112,0.740445,0.534767,0.946122,0.006132,0.037867,0.461337,0.050332,0.050000,0,0,3,0,0
acm_scf,srd_restart,aw0p25,275,2813.098,0.592936,0.648935,0.547999,0.749872,17,0.00024576,1,0.146304,0.019138,0.273469,0.872123,0.966867,0.777379,0.756713,0.558487,0.954939,0.006855,0.038009,0.437763,0.041408,0.050000,0,0,3,0,0
acm_scf,srd_restart,aw0p25,300,3269.393,0.563995,0.666303,0.571501,0.761105,17,0.00023166,1,0.137224,0.021060,0.253388,0.877648,0.965167,0.790128,0.768748,0.583537,0.953959,0.007710,0.035225,0.412527,0.042214,0.050000,0,0,3,0,0
acm_scf,srd_restart,aw0p25,325,3307.351,0.543120,0.677869,0.599698,0.756041,17,0.00028376,2,0.144834,0.026158,0.263510,0.871509,0.959226,0.783791,0.785325,0.615385,0.955265,0.009538,0.035744,0.380706,0.041409,0.050000,0,0,3,0,0
acm_scf,srd_restart,aw0p25,350,3774.014,0.534991,0.684943,0.625688,0.744198,17,0.00028398,2,0.163810,0.033252,0.294367,0.858508,0.951082,0.765935,0.804880,0.646494,0.963265,0.011647,0.040786,0.349862,0.034620,0.050000,0,0,3,0,0
acm_scf,srd_restart,aw0p25,375,3811.467,0.516938,0.695987,0.643751,0.748222,17,0.00025642,1,0.159417,0.032956,0.285878,0.861855,0.952779,0.770931,0.813545,0.664967,0.962122,0.012226,0.039814,0.330758,0.035256,0.050000,0,0,3,0,0
acm_scf,srd_restart,aw0p25,400,4267.899,0.499591,0.706231,0.672887,0.739576,17,0.00027927,1,0.174568,0.041380,0.307755,0.851426,0.944240,0.758612,0.833958,0.700732,0.967184,0.014805,0.042489,0.295650,0.030056,0.050000,0,0,3,0,0
acm_scf,srd_restart,aw0p25,425,4304.759,0.468768,0.723719,0.701446,0.745992,17,0.00026939,1,0.175475,0.047440,0.303510,0.850736,0.939348,0.762124,0.853565,0.734723,0.972408,0.017029,0.041306,0.261322,0.025982,0.050000,0,0,3,0,0
acm_scf,srd_restart,aw0p25,450,4766.061,0.461338,0.728606,0.734458,0.722754,17,0.00026057,2,0.196960,0.047144,0.346776,0.839783,0.942242,0.737324,0.871235,0.769083,0.973388,0.017516,0.047692,0.227031,0.024533,0.050000,0,0,3,0,0
acm_scf,srd_restart,aw0p25,475,4802.965,0.462172,0.729950,0.744880,0.715020,17,0.00021558,2,0.207588,0.049952,0.365224,0.833845,0.939964,0.727726,0.879126,0.782088,0.976163,0.018581,0.050767,0.214181,0.021785,0.050000,0,0,3,0,0
acm_scf,srd_restart,aw0p25,500,5273.248,0.477584,0.721387,0.746448,0.696327,17,0.00024872,2,0.225309,0.050617,0.400000,0.824215,0.939370,0.709061,0.879544,0.784231,0.974857,0.018287,0.055699,0.211971,0.022541,0.050000,0,0,3,0,0
acm_scf,srd_restart,aw0p25,525,5309.650,0.517070,0.702768,0.743206,0.662329,17,0.00015876,2,0.260117,0.052317,0.467918,0.806197,0.937301,0.675094,0.877167,0.782088,0.972245,0.018847,0.065098,0.213253,0.025363,0.050000,0,0,3,0,0
acm_scf,srd_restart,aw0p25,550,5761.922,0.508790,0.704528,0.735868,0.673188,17,0.00016149,1,0.246706,0.049656,0.443755,0.813068,0.939596,0.686541,0.872163,0.772408,0.971918,0.017992,0.061202,0.223019,0.025403,0.050000,0,0,3,0,0
acm_scf,srd_restart,aw0p25,575,5797.596,0.509391,0.704288,0.733070,0.675506,17,0.00012453,1,0.241535,0.048622,0.434449,0.815475,0.940512,0.690437,0.868847,0.768714,0.968980,0.018027,0.059951,0.226925,0.027057,0.050000,0,0,3,0,0
acm_scf,srd_restart,aw0p25,600,6246.986,0.500115,0.708855,0.734517,0.683193,17,0.00032275,1,0.234017,0.048770,0.419265,0.819296,0.940460,0.698131,0.869986,0.770339,0.969633,0.017769,0.057831,0.225883,0.027147,0.050000,0,0,3,0,0
acm_scf,srd_restart,aw0p25,625,6283.262,0.494636,0.710163,0.736467,0.683858,17,0.00013519,1,0.231008,0.046996,0.415020,0.821200,0.942553,0.699846,0.869376,0.771078,0.967673,0.017398,0.056499,0.224494,0.029410,0.050000,0,0,3,0,0
acm_scf,srd_restart,aw0p25,650,6713.916,0.494242,0.708277,0.736104,0.680450,17,0.00007673,1,0.235153,0.048917,0.421388,0.818475,0.940419,0.696531,0.869648,0.772113,0.967184,0.017225,0.056713,0.223664,0.029685,0.050000,0,0,3,0,0
acm_scf,srd_restart,aw0p25,675,6748.593,0.490911,0.709867,0.737061,0.682673,17,0.00006608,1,0.230460,0.046553,0.414367,0.821400,0.943084,0.699716,0.868462,0.771374,0.965551,0.016759,0.055796,0.224131,0.031053,0.050000,0,0,3,0,0
acm_scf,srd_restart,aw0p25,700,7185.707,0.491730,0.709573,0.737165,0.681981,17,0.00007439,1,0.231088,0.047809,0.414367,0.820607,0.941712,0.699503,0.868490,0.772408,0.964571,0.016950,0.055756,0.223253,0.032233,0.050000,0,0,3,0,0
acm_scf,srd_restart,aw0p25,725,7220.919,0.489283,0.711338,0.737507,0.685168,17,0.00006073,1,0.227951,0.046922,0.408980,0.822567,0.942710,0.702423,0.868750,0.772113,0.965388,0.017069,0.055097,0.223648,0.031290,0.050000,0,0,3,0,0
acm_scf,srd_restart,aw0p25,750,7659.168,0.490555,0.710201,0.739186,0.681216,17,0.00007022,1,0.232388,0.047144,0.417633,0.820345,0.942590,0.698100,0.869874,0.774034,0.965714,0.016720,0.056265,0.221959,0.031106,0.050000,0,0,3,0,0
acm_scf,srd_restart,aw0p25,775,7695.329,0.487703,0.712246,0.744400,0.680092,17,0.00009372,1,0.230180,0.045666,0.414694,0.821693,0.944584,0.698802,0.870258,0.778394,0.962122,0.016611,0.055894,0.217566,0.034231,0.050000,0,0,3,0,0
acm_scf,srd_restart,aw0p25,800,8154.458,0.484248,0.714363,0.744229,0.684496,17,0.00011016,1,0.229963,0.046701,0.413224,0.822063,0.943440,0.700686,0.873166,0.778985,0.967347,0.016960,0.055961,0.216564,0.029723,0.050000,0,0,3,0,0
acm_scf,srd_restart,aw0p25,825,8190.626,0.483444,0.714586,0.747779,0.681393,17,0.00007683,1,0.231652,0.047957,0.415347,0.820651,0.942332,0.698971,0.874024,0.783640,0.964408,0.017263,0.055823,0.212506,0.032252,0.050000,0,0,3,0,0
acm_scf,srd_restart,aw0p25,850,8639.195,0.480424,0.717357,0.747867,0.686846,17,0.00008324,1,0.226546,0.048031,0.405061,0.823310,0.942258,0.704361,0.874425,0.783788,0.965061,0.017257,0.054973,0.212695,0.032123,0.050000,0,0,3,0,0
acm_scf,srd_restart,aw0p25,875,8675.765,0.477230,0.718356,0.751622,0.685089,17,0.00009662,2,0.228328,0.047513,0.409143,0.822714,0.943087,0.702340,0.876361,0.787335,0.965388,0.017171,0.055355,0.208863,0.031213,0.050000,0,0,3,0,0
acm_scf,srd_restart,aw0p25,900,9124.334,0.475498,0.719865,0.752042,0.687689,17,0.00008386,1,0.227648,0.049583,0.405714,0.822637,0.940897,0.704378,0.878012,0.789330,0.966694,0.017875,0.054998,0.207051,0.029721,0.050000,0,0,3,0,0
acm_scf,srd_restart,aw0p25,925,9160.474,0.477121,0.720090,0.753361,0.686818,17,0.00008064,1,0.228412,0.049804,0.407020,0.822198,0.940758,0.703638,0.878624,0.790882,0.966367,0.018229,0.055469,0.205108,0.030172,0.050000,0,0,3,0,0
acm_scf,srd_restart,aw0p25,950,9612.944,0.473901,0.720565,0.751972,0.689158,17,0.00009759,1,0.226210,0.048991,0.403429,0.823591,0.941524,0.705658,0.877998,0.788813,0.967184,0.017686,0.054665,0.207320,0.029758,0.050000,0,0,3,0,0
acm_scf,srd_restart,aw0p25,975,9648.968,0.470580,0.721936,0.752571,0.691302,17,0.00009112,1,0.223753,0.049139,0.398367,0.824789,0.941410,0.708169,0.878123,0.789551,0.966694,0.017670,0.053971,0.206499,0.029733,0.050000,0,0,3,0,0
acm_scf,srd_restart,aw0p25,1000,10100.933,0.470859,0.722058,0.752777,0.691339,17,0.00009286,1,0.225931,0.051208,0.400653,0.823278,0.939221,0.707335,0.879826,0.791325,0.968327,0.018152,0.054228,0.205065,0.028518,0.050000,0,0,3,0,0
acm_scf,srd_restart,aw0p25,1025,10136.902,0.470841,0.721854,0.754405,0.689304,17,0.00008530,1,0.228682,0.048548,0.408816,0.822957,0.942176,0.703739,0.881066,0.791029,0.971102,0.017670,0.055506,0.204670,0.025714,0.050000,0,0,3,0,0
acm_scf,srd_restart,aw0p25,1050,10595.314,0.472499,0.721217,0.754450,0.687984,17,0.00008383,1,0.231001,0.050248,0.411755,0.821322,0.940367,0.702278,0.881812,0.792359,0.971265,0.017917,0.055941,0.203559,0.025945,0.050000,0,0,3,0,0
acm_scf,srd_restart,aw0p25,1075,10631.401,0.475955,0.720502,0.755933,0.685070,17,0.00007390,1,0.235910,0.052390,0.419429,0.818432,0.938214,0.698651,0.883972,0.795537,0.972408,0.018578,0.056962,0.200628,0.025996,0.050000,0,0,3,0,0
acm_scf,srd_restart,aw0p25,1100,11098.589,0.472786,0.720816,0.752921,0.688711,17,0.00008564,1,0.228457,0.049730,0.407184,0.822478,0.940804,0.704152,0.879754,0.790364,0.969143,0.017978,0.054751,0.205988,0.028347,0.050000,0,0,3,0,0
acm_scf,srd_restart,aw0p25,1125,11135.145,0.470596,0.722646,0.750686,0.694607,17,0.00009376,1,0.221820,0.050986,0.392653,0.825291,0.939298,0.711285,0.878154,0.788960,0.967347,0.018260,0.053457,0.206522,0.029421,0.050000,0,0,3,0,0
acm_scf,srd_restart,aw0p25,1150,11603.909,0.468654,0.723005,0.748151,0.697858,17,0.00012538,1,0.218158,0.049213,0.387102,0.827671,0.941005,0.714337,0.876485,0.784970,0.968000,0.017696,0.052581,0.210656,0.028862,0.050000,0,0,3,0,0
acm_scf,srd_restart,aw0p25,1175,11640.408,0.463900,0.726294,0.749543,0.703045,17,0.00014109,1,0.214502,0.051208,0.377796,0.829194,0.938975,0.719413,0.878289,0.787926,0.968653,0.018383,0.051348,0.208228,0.028186,0.050000,0,0,3,0,0
acm_scf,srd_restart,aw0p25,1200,12104.845,0.466305,0.724392,0.748170,0.700614,17,0.00011205,1,0.216694,0.049878,0.383510,0.828401,0.940292,0.716510,0.877397,0.785487,0.969306,0.018043,0.052010,0.210603,0.027217,0.050000,0,0,3,0,0
acm_scf,srd_restart,aw0p25,1225,12140.463,0.463697,0.725653,0.749155,0.702150,17,0.00009385,1,0.215730,0.049583,0.381878,0.829131,0.940682,0.717580,0.878293,0.786300,0.970286,0.017909,0.051713,0.209285,0.027373,0.050000,0,0,3,0,0
acm_scf,srd_restart,aw0p25,1250,12594.957,0.463211,0.726306,0.749578,0.703035,17,0.00011271,1,0.216434,0.050174,0.382694,0.828802,0.940081,0.717522,0.879634,0.787187,0.972082,0.018025,0.052016,0.208944,0.025485,0.050000,0,0,3,0,0
acm_scf,srd_restart,aw0p25,1275,12630.122,0.468591,0.724194,0.746210,0.702178,17,0.00016795,1,0.216050,0.052834,0.379265,0.827791,0.936988,0.718595,0.877062,0.785635,0.968490,0.019019,0.051292,0.210595,0.028688,0.050000,0,0,3,0,0
acm_scf,srd_restart,aw0p25,1300,13087.643,0.464613,0.724320,0.751461,0.697180,17,0.00013579,1,0.219596,0.049804,0.389388,0.826945,0.940617,0.713272,0.878770,0.788886,0.968653,0.017807,0.052153,0.207449,0.028839,0.050000,0,0,3,0,0
acm_scf,srd_restart,aw0p25,1325,13123.921,0.464095,0.724398,0.749349,0.699446,17,0.00010447,2,0.217897,0.049509,0.386286,0.827944,0.940776,0.715111,0.878040,0.786448,0.969633,0.017794,0.051747,0.209388,0.028030,0.050000,0,0,3,0,0
acm_scf,srd_restart,aw0p25,1350,13575.943,0.468709,0.722507,0.747501,0.697513,17,0.00012677,2,0.217355,0.049730,0.384980,0.827723,0.940400,0.715045,0.875358,0.784674,0.966041,0.017721,0.052107,0.210871,0.030506,0.050000,0,0,3,0,0
acm_scf,srd_restart,aw0p25,1375,13611.876,0.460074,0.728015,0.750581,0.705449,17,0.00012319,2,0.212420,0.049656,0.375184,0.830913,0.940709,0.721117,0.878987,0.787852,0.970122,0.018049,0.050837,0.208349,0.027204,0.050000,0,0,3,0,0
acm_scf,srd_restart,aw0p25,1400,14075.170,0.466215,0.724339,0.750581,0.698098,17,0.00013811,2,0.220160,0.049952,0.390367,0.826783,0.940393,0.713172,0.879343,0.788074,0.970612,0.018004,0.052787,0.208202,0.026539,0.050000,0,0,3,0,0
acm_scf,srd_restart,aw0p25,1425,14112.451,0.476081,0.719063,0.748839,0.689287,17,0.00012568,2,0.227396,0.049730,0.405061,0.822800,0.940500,0.705099,0.877284,0.786078,0.968490,0.017904,0.054842,0.209737,0.028163,0.050000,0,0,3,0,0
acm_scf,srd_restart,aw0p25,1450,14585.951,0.472597,0.720520,0.750458,0.690581,17,0.00010048,2,0.226610,0.049139,0.404082,0.823551,0.941254,0.705847,0.878484,0.787335,0.969633,0.017564,0.054614,0.209067,0.027251,0.050000,0,0,3,0,0
acm_scf,srd_restart,aw0p25,1475,14623.424,0.467546,0.723780,0.754177,0.693383,17,0.00014651,2,0.224824,0.048179,0.401469,0.825100,0.942555,0.707645,0.881134,0.790512,0.971755,0.017366,0.054530,0.205697,0.026099,0.050000,0,0,3,0,0
acm_scf,srd_restart,aw0p25,1500,15096.238,0.462835,0.725287,0.752845,0.697729,17,0.00015566,2,0.220065,0.045518,0.394612,0.828402,0.945332,0.711472,0.880087,0.787113,0.973061,0.016485,0.053706,0.208918,0.024460,0.050000,0,0,3,0,0
acm_scf,srd_restart,aw0p25,1525,15133.667,0.464081,0.724867,0.753305,0.696429,17,0.00014901,2,0.222114,0.045371,0.398857,0.827518,0.945524,0.709512,0.880843,0.787482,0.974204,0.016454,0.054331,0.208745,0.023646,0.050000,0,0,3,0,0
acm_scf,srd_restart,aw0p25,1550,15612.069,0.463523,0.725228,0.754090,0.696366,17,0.00021113,2,0.220231,0.047809,0.392653,0.827374,0.942945,0.711803,0.879969,0.790143,0.969796,0.016950,0.053403,0.205690,0.027762,0.050000,0,0,3,0,0
acm_scf,srd_restart,aw0p25,1575,15649.082,0.453539,0.729862,0.756783,0.702940,17,0.00018635,2,0.211523,0.045740,0.377306,0.832467,0.945361,0.719573,0.879781,0.791399,0.968163,0.016730,0.050933,0.204361,0.028774,0.050000,0,0,3,0,0
acm_scf,srd_restart,aw0p25,1600,16112.175,0.448177,0.734201,0.758306,0.710097,17,0.00016579,2,0.207465,0.045297,0.369633,0.835276,0.945944,0.724608,0.882613,0.792655,0.972571,0.016407,0.050519,0.203745,0.026397,0.050000,0,0,3,0,0
acm_scf,srd_restart,aw0p25,1625,16149.260,0.448937,0.732921,0.757424,0.708417,17,0.00020681,2,0.210166,0.045149,0.375184,0.834002,0.946044,0.721960,0.882912,0.791620,0.974204,0.016257,0.051243,0.204649,0.024007,0.050000,0,0,3,0,0
acm_scf,srd_restart,aw0p25,1650,16589.488,0.460631,0.726495,0.754794,0.698195,16,0.00029051,2,0.218584,0.044188,0.392980,0.829565,0.946911,0.712219,0.880359,0.788147,0.972571,0.016215,0.053403,0.207945,0.025170,0.050000,0,0,4,0,0
acm_scf,srd_restart,aw0p25,1675,16623.342,0.467665,0.723950,0.749699,0.698200,16,0.00035999,1,0.216038,0.044484,0.387592,0.830248,0.946245,0.714251,0.875933,0.783049,0.968816,0.016116,0.053408,0.212921,0.028331,0.050000,0,0,4,0,0
acm_scf,srd_restart,aw0p25,1700,17071.086,0.474259,0.721869,0.753165,0.690573,16,0.00032859,1,0.228104,0.044779,0.411429,0.824669,0.946157,0.703180,0.880793,0.786891,0.974694,0.016217,0.056671,0.209508,0.025638,0.050000,0,0,4,0,0
acm_scf,srd_restart,aw0p25,1725,17105.810,0.488799,0.714489,0.752849,0.676130,16,0.00034498,1,0.240877,0.044040,0.437714,0.818231,0.946942,0.689519,0.879043,0.786005,0.972082,0.016054,0.060681,0.210336,0.025565,0.050000,0,0,4,0,0
acm_scf,srd_restart,aw0p25,1750,17547.296,0.483789,0.715991,0.734078,0.697903,16,0.00033746,1,0.219583,0.045371,0.393796,0.828002,0.944177,0.711828,0.870059,0.767383,0.972735,0.016362,0.054592,0.228571,0.024894,0.050000,0,0,4,0,0
acm_scf,srd_restart,aw0p25,1775,17581.588,0.483435,0.715929,0.742732,0.689126,16,0.00035477,1,0.225010,0.044632,0.405388,0.825268,0.945605,0.704932,0.872185,0.775881,0.968490,0.016514,0.055784,0.220247,0.027437,0.050000,0,0,4,0,0
acm_scf,srd_restart,aw0p25,1800,18024.528,0.474587,0.719992,0.748938,0.691047,16,0.00047458,1,0.224024,0.043967,0.404082,0.826374,0.946761,0.705987,0.876076,0.781867,0.970286,0.016252,0.055340,0.214653,0.025927,0.050000,0,0,4,0,0
acm_scf,srd_restart,aw0p25,1825,18059.221,0.482726,0.718135,0.747101,0.689169,16,0.00036520,1,0.228779,0.045149,0.412408,0.823871,0.945339,0.702403,0.877110,0.780832,0.973388,0.016497,0.057665,0.215209,0.024223,0.050000,0,0,4,0,0
acm_scf,srd_restart,aw0p25,1850,18502.022,0.480955,0.718078,0.747046,0.689111,16,0.00027123,1,0.225352,0.044336,0.406367,0.825398,0.946227,0.704570,0.874655,0.780167,0.969143,0.016297,0.056521,0.215666,0.027245,0.050000,0,0,4,0,0
acm_scf,srd_restart,aw0p25,1875,18536.836,0.474485,0.721115,0.743428,0.698802,16,0.00027131,1,0.218054,0.045740,0.390367,0.828906,0.944434,0.713378,0.874512,0.777433,0.971592,0.016521,0.054052,0.218816,0.025886,0.050000,0,0,4,0,0
acm_scf,srd_restart,aw0p25,1900,18976.704,0.480970,0.717553,0.744311,0.690795,16,0.00025824,1,0.224266,0.045592,0.402939,0.825495,0.944659,0.706330,0.873694,0.778246,0.969143,0.016385,0.055742,0.218243,0.027461,0.050000,0,0,4,0,0
teapot_droplets,srd_restart,aw0p25,1,1.523,1.380636,0.245684,0.189960,0.301407,20,0.00017629,0,0.412504,0.117331,0.707676,0.532533,0.643997,0.421068,0.363477,0.212249,0.514706,0.027537,0.041313,0.782525,0.475977,0.050000,0,0,0,0,0
teapot_droplets,srd_restart,aw0p25,25,27.456,0.960502,0.409715,0.325714,0.493716,20,0.00002219,0,0.283374,0.054193,0.512554,0.728339,0.863684,0.592993,0.545069,0.343365,0.746772,0.012419,0.029521,0.651033,0.248413,0.050000,0,0,0,0,0
teapot_droplets,srd_restart,aw0p25,50,374.051,0.788118,0.496830,0.418717,0.574944,20,0.00013387,0,0.238304,0.047985,0.428623,0.779264,0.901427,0.657102,0.630093,0.438809,0.821377,0.011001,0.024752,0.556717,0.175855,0.050000,0,0,0,0,0
teapot_droplets,srd_restart,aw0p25,75,400.865,0.683104,0.542420,0.492657,0.592183,20,0.00010808,1,0.249023,0.038935,0.459110,0.791165,0.929308,0.653022,0.687949,0.511838,0.864060,0.008941,0.026204,0.483936,0.134403,0.050000,0,0,0,0,0
teapot_droplets,srd_restart,aw0p25,100,709.052,0.612459,0.579680,0.561880,0.597480,19,0.00022965,1,0.245309,0.039040,0.451578,0.797461,0.937320,0.657601,0.725552,0.583816,0.867288,0.008646,0.025785,0.411993,0.130615,0.050000,0,0,1,0,0
teapot_droplets,srd_restart,aw0p25,125,734.302,0.540059,0.620030,0.635369,0.604692,19,0.00022915,3,0.238083,0.038935,0.437231,0.804798,0.944302,0.665294,0.764595,0.660107,0.869082,0.008972,0.024924,0.335240,0.129063,0.050000,0,0,1,0,0
teapot_droplets,srd_restart,aw0p25,150,1057.774,0.466872,0.665121,0.699615,0.630626,19,0.00059705,2,0.212849,0.039040,0.386657,0.821217,0.949031,0.693402,0.800695,0.726928,0.874462,0.008714,0.022364,0.269480,0.124491,0.050000,0,0,1,0,0
teapot_droplets,srd_restart,aw0p25,175,1083.251,0.399208,0.699183,0.769457,0.628908,19,0.00048597,5,0.218989,0.038409,0.399570,0.820957,0.954134,0.687780,0.839606,0.799011,0.880201,0.008568,0.023138,0.197128,0.119233,0.050000,0,0,1,0,0
teapot_droplets,srd_restart,aw0p25,200,1370.856,0.367841,0.719088,0.805416,0.632760,18,0.00018479,2,0.202427,0.029675,0.375179,0.832093,0.965454,0.698733,0.849737,0.829317,0.870158,0.006550,0.021581,0.167122,0.128923,0.050000,0,0,2,0,0
teapot_droplets,srd_restart,aw0p25,225,1394.990,0.333695,0.737309,0.838515,0.636102,18,0.00019740,2,0.200983,0.028938,0.373027,0.834134,0.967548,0.700719,0.868083,0.862780,0.873386,0.006465,0.021525,0.133249,0.125407,0.050000,0,0,2,0,0
teapot_droplets,srd_restart,aw0p25,250,1662.648,0.317304,0.746714,0.853040,0.640388,17,0.00016630,3,0.199558,0.029675,0.369440,0.835458,0.967320,0.703597,0.877663,0.878354,0.876973,0.006695,0.021124,0.118787,0.122368,0.050000,0,0,3,0,0
teapot_droplets,srd_restart,aw0p25,275,1685.810,0.307067,0.755643,0.859333,0.651953,17,0.00029116,4,0.185053,0.029359,0.340746,0.843696,0.967876,0.719516,0.879333,0.884563,0.874103,0.006482,0.019590,0.112127,0.124544,0.050000,0,0,3,0,0
teapot_droplets,srd_restart,aw0p25,300,1963.550,0.302492,0.758611,0.866146,0.651075,17,0.00011820,4,0.178931,0.023572,0.334290,0.848112,0.974101,0.722123,0.877643,0.886562,0.868723,0.005302,0.019233,0.110063,0.127810,0.050000,0,0,3,0,0
teapot_droplets,srd_restart,aw0p25,325,1986.740,0.298814,0.760519,0.866385,0.654653,17,0.00012636,4,0.177520,0.021467,0.333572,0.849931,0.976318,0.723543,0.879005,0.884984,0.873027,0.004777,0.019218,0.111542,0.124393,0.050000,0,0,3,0,0
teapot_droplets,srd_restart,aw0p25,350,2251.693,0.289155,0.765953,0.873699,0.658207,16,0.00009574,3,0.175009,0.021467,0.328551,0.851702,0.976511,0.726893,0.883458,0.892455,0.874462,0.004768,0.018802,0.104609,0.122319,0.050000,0,0,4,0,0
teapot_droplets,srd_restart,aw0p25,375,2273.543,0.288651,0.770306,0.869082,0.671531,16,0.00010790,3,0.162570,0.022414,0.302726,0.859157,0.975396,0.742918,0.881691,0.888562,0.874821,0.004958,0.017450,0.108104,0.122904,0.050000,0,0,4,0,0
teapot_droplets,srd_restart,aw0p25,400,2534.151,0.288699,0.769735,0.868391,0.671078,16,0.00013376,3,0.160989,0.021046,0.300933,0.860237,0.976814,0.743660,0.879847,0.886667,0.873027,0.004563,0.017079,0.109854,0.124250,0.050000,0,0,4,0,0
teapot_droplets,srd_restart,aw0p25,425,2555.739,0.288903,0.770603,0.870386,0.670819,16,0.00025446,3,0.158036,0.020520,0.295552,0.861824,0.977420,0.746227,0.878664,0.888246,0.869082,0.004365,0.016895,0.108190,0.127577,0.050000,0,0,4,0,0
teapot_droplets,srd_restart,aw0p25,450,2813.524,0.282263,0.774201,0.877785,0.670617,16,0.00033865,5,0.160800,0.020309,0.301291,0.860591,0.977826,0.743355,0.884140,0.895612,0.872669,0.004450,0.017211,0.101174,0.125543,0.050000,0,0,4,0,0
teapot_droplets,srd_restart,aw0p25,475,2834.936,0.281904,0.775142,0.877808,0.672476,16,0.00021999,5,0.158995,0.021362,0.296628,0.861446,0.976728,0.746163,0.884255,0.896559,0.871951,0.004561,0.017034,0.100341,0.126336,0.050000,0,0,4,0,0
teapot_droplets,srd_restart,aw0p25,500,3095.476,0.280792,0.775662,0.872911,0.678413,16,0.00035066,4,0.156391,0.020099,0.292683,0.863848,0.977927,0.749770,0.883714,0.890456,0.876973,0.004349,0.016707,0.106138,0.121355,0.050000,0,0,4,0,0
teapot_droplets,srd_restart,aw0p25,525,3117.129,0.286503,0.772493,0.869152,0.675833,16,0.00027346,4,0.155095,0.018941,0.291248,0.864414,0.979060,0.749769,0.879142,0.885615,0.872669,0.004058,0.016501,0.110963,0.124925,0.050000,0,0,4,0,0
teapot_droplets,srd_restart,aw0p25,550,3377.202,0.287032,0.771668,0.870775,0.672561,16,0.00022321,5,0.159607,0.021151,0.298063,0.861124,0.976766,0.745482,0.881110,0.889193,0.873027,0.004679,0.017044,0.107444,0.124411,0.050000,0,0,4,0,0
teapot_droplets,srd_restart,aw0p25,575,3398.966,0.286754,0.772551,0.869852,0.675249,16,0.00027717,5,0.157563,0.019573,0.295552,0.862939,0.978407,0.747472,0.880849,0.886878,0.874821,0.004333,0.016987,0.109985,0.123137,0.050000,0,0,4,0,0
teapot_droplets,srd_restart,aw0p25,600,3661.465,0.282029,0.773941,0.874137,0.673745,16,0.00007884,4,0.161126,0.021677,0.300574,0.860446,0.976303,0.744590,0.884671,0.893086,0.876255,0.004807,0.017105,0.103485,0.122169,0.050000,0,0,4,0,0
teapot_droplets,srd_restart,aw0p25,625,3683.308,0.283251,0.773983,0.876428,0.671539,16,0.00012124,2,0.161652,0.022730,0.300574,0.859617,0.975269,0.743966,0.884867,0.896349,0.873386,0.005051,0.017346,0.100347,0.124694,0.050000,0,0,4,0,0
teapot_droplets,srd_restart,aw0p25,650,3945.125,0.282049,0.771469,0.880345,0.662592,16,0.00010506,2,0.171989,0.023677,0.320301,0.853196,0.974400,0.731993,0.888005,0.901189,0.874821,0.005056,0.018412,0.095618,0.123815,0.050000,0,0,4,0,0
teapot_droplets,srd_restart,aw0p25,675,3966.775,0.285206,0.770640,0.878061,0.663218,16,0.00013434,2,0.170028,0.022624,0.317432,0.854468,0.975423,0.733514,0.885836,0.897927,0.873745,0.005153,0.018158,0.099113,0.124433,0.050000,0,0,4,0,0
teapot_droplets,srd_restart,aw0p25,700,4229.497,0.287177,0.769935,0.875475,0.664395,16,0.00008845,2,0.169921,0.024203,0.315638,0.854209,0.973717,0.734700,0.885384,0.896664,0.874103,0.005422,0.018277,0.099872,0.124347,0.050000,0,0,4,0,0
teapot_droplets,srd_restart,aw0p25,725,4251.259,0.277999,0.772470,0.883222,0.661717,16,0.00008830,2,0.177008,0.025466,0.328551,0.850300,0.972652,0.727948,0.892419,0.905714,0.879125,0.005785,0.018817,0.091141,0.119267,0.050000,0,0,4,0,0
teapot_droplets,srd_restart,aw0p25,750,4513.772,0.273165,0.774219,0.883747,0.664690,16,0.00008705,2,0.178137,0.025571,0.330703,0.850212,0.972561,0.727863,0.895425,0.906345,0.884505,0.005774,0.019032,0.090340,0.113886,0.050000,0,0,4,0,0
teapot_droplets,srd_restart,aw0p25,775,4535.237,0.270998,0.776416,0.886436,0.666397,16,0.00011308,2,0.176872,0.024834,0.328910,0.851285,0.973390,0.729179,0.897016,0.908450,0.885581,0.005629,0.018928,0.088555,0.114239,0.050000,0,0,4,0,0
teapot_droplets,srd_restart,aw0p25,800,4795.930,0.272034,0.775851,0.883952,0.667749,16,0.00010043,2,0.175626,0.025571,0.325681,0.851805,0.972567,0.731043,0.895889,0.906556,0.885222,0.005728,0.018653,0.090425,0.114235,0.050000,0,0,4,0,0
teapot_droplets,srd_restart,aw0p25,825,4817.482,0.273977,0.775097,0.886231,0.663963,16,0.00008863,2,0.175796,0.024834,0.326758,0.851409,0.973384,0.729433,0.894579,0.908240,0.880918,0.005523,0.018843,0.088859,0.118029,0.050000,0,0,4,0,0
teapot_droplets,srd_restart,aw0p25,850,5080.632,0.277623,0.770428,0.884272,0.656585,16,0.00008052,2,0.182852,0.025676,0.340029,0.846864,0.972470,0.721258,0.893409,0.906977,0.879842,0.005753,0.019480,0.089348,0.118129,0.050000,0,0,4,0,0
teapot_droplets,srd_restart,aw0p25,875,5102.542,0.279654,0.770937,0.883540,0.658333,16,0.00007558,3,0.180825,0.027360,0.334290,0.847541,0.970740,0.724342,0.893060,0.907713,0.878407,0.006096,0.019289,0.089186,0.119941,0.050000,0,0,4,0,0
teapot_droplets,srd_restart,aw0p25,900,5364.882,0.277573,0.771718,0.885542,0.657895,16,0.00006269,2,0.181332,0.026939,0.335725,0.847399,0.971229,0.723568,0.894082,0.909397,0.878766,0.006064,0.019358,0.087586,0.119093,0.050000,0,0,4,0,0
teapot_droplets,srd_restart,aw0p25,925,5386.602,0.277504,0.770365,0.884236,0.656493,16,0.00008435,2,0.182515,0.025360,0.339670,0.847089,0.972790,0.721389,0.893072,0.906661,0.879484,0.005545,0.019520,0.089720,0.118294,0.050000,0,0,4,0,0
teapot_droplets,srd_restart,aw0p25,950,5646.380,0.277212,0.771499,0.883864,0.659134,16,0.00008794,2,0.178550,0.023887,0.333214,0.849675,0.974283,0.725067,0.891872,0.904977,0.878766,0.005404,0.019131,0.091773,0.118033,0.050000,0,0,4,0,0
teapot_droplets,srd_restart,aw0p25,975,5668.072,0.279736,0.769510,0.883072,0.655949,16,0.00011269,2,0.181819,0.025045,0.338594,0.847388,0.973077,0.721698,0.891618,0.905188,0.878049,0.005554,0.019280,0.092335,0.119060,0.050000,0,0,4,0,0
teapot_droplets,srd_restart,aw0p25,1000,5931.044,0.283131,0.770260,0.880337,0.660184,16,0.00008563,2,0.176597,0.025360,0.327834,0.850243,0.972673,0.727814,0.889638,0.902662,0.876614,0.005754,0.018920,0.094289,0.121539,0.050000,0,0,4,0,0
teapot_droplets,srd_restart,aw0p25,1025,5952.668,0.281811,0.770021,0.881991,0.658051,16,0.00007113,2,0.178802,0.025466,0.332138,0.848919,0.972615,0.725223,0.890533,0.904451,0.876614,0.005818,0.019078,0.092401,0.121086,0.050000,0,0,4,0,0
teapot_droplets,srd_restart,aw0p25,1050,6214.263,0.279064,0.769106,0.883618,0.654594,16,0.00006368,2,0.186996,0.027149,0.346844,0.844310,0.970956,0.717664,0.894622,0.907608,0.881636,0.006169,0.019771,0.089225,0.117036,0.050000,0,0,4,0,0
teapot_droplets,srd_restart,aw0p25,1075,6235.928,0.284046,0.764905,0.883604,0.646207,16,0.00008209,2,0.192929,0.024308,0.361549,0.841300,0.973845,0.708755,0.892462,0.905083,0.879842,0.005517,0.020964,0.091510,0.118108,0.050000,0,0,4,0,0
teapot_droplets,srd_restart,aw0p25,1100,6498.174,0.281625,0.765948,0.883860,0.648036,16,0.00007754,2,0.191707,0.022940,0.360473,0.842522,0.975255,0.709789,0.892886,0.904136,0.881636,0.005223,0.020704,0.092413,0.116736,0.050000,0,0,4,0,0
teapot_droplets,srd_restart,aw0p25,1125,6519.895,0.282010,0.766391,0.883654,0.649127,16,0.00007114,2,0.189734,0.022940,0.356528,0.843525,0.975250,0.711801,0.892242,0.903925,0.880560,0.005178,0.020564,0.092851,0.117468,0.050000,0,0,4,0,0
teapot_droplets,srd_restart,aw0p25,1150,6777.188,0.281176,0.767101,0.883248,0.650953,16,0.00005213,2,0.189132,0.023887,0.354376,0.843778,0.974266,0.713291,0.892991,0.904346,0.881636,0.005366,0.020471,0.092347,0.116680,0.050000,0,0,4,0,0
teapot_droplets,srd_restart,aw0p25,1175,6798.641,0.280409,0.766043,0.882033,0.650053,16,0.00003898,2,0.192527,0.024939,0.360115,0.841867,0.973154,0.710579,0.894088,0.904030,0.884146,0.005636,0.020686,0.092261,0.113986,0.050000,0,0,4,0,0
teapot_droplets,srd_restart,aw0p25,1200,7074.999,0.281687,0.766535,0.881138,0.651932,16,0.00004349,1,0.189701,0.024308,0.355093,0.843533,0.973774,0.713293,0.892993,0.902557,0.883429,0.005490,0.020454,0.094069,0.115106,0.050000,0,0,4,0,0
teapot_droplets,srd_restart,aw0p25,1225,7099.076,0.280742,0.766110,0.880952,0.651267,16,0.00003793,2,0.192020,0.025360,0.358680,0.842129,0.972691,0.711566,0.894079,0.903294,0.884864,0.005736,0.020556,0.092970,0.113769,0.050000,0,0,4,0,0
teapot_droplets,srd_restart,aw0p25,1250,7393.730,0.277849,0.766929,0.885394,0.648464,16,0.00002951,2,0.194997,0.023782,0.366212,0.840984,0.974434,0.707534,0.896195,0.906451,0.885940,0.005408,0.020925,0.090218,0.113148,0.050000,0,0,4,0,0
teapot_droplets,srd_restart,aw0p25,1275,7419.474,0.279231,0.766788,0.884430,0.649146,16,0.00001704,2,0.195016,0.025255,0.364778,0.840624,0.972903,0.708345,0.896353,0.906766,0.885940,0.005810,0.020961,0.090072,0.113085,0.050000,0,0,4,0,0
teapot_droplets,srd_restart,aw0p25,1300,7715.836,0.275279,0.769286,0.887396,0.651175,16,0.00003405,2,0.192209,0.026097,0.358321,0.841913,0.972138,0.711688,0.897530,0.910555,0.884505,0.005966,0.020557,0.086254,0.113492,0.050000,0,0,4,0,0
teapot_droplets,srd_restart,aw0p25,1325,7739.556,0.273166,0.769162,0.888127,0.650197,16,0.00002176,3,0.196437,0.028096,0.364778,0.839414,0.970148,0.708679,0.900227,0.913080,0.887374,0.006252,0.020806,0.083884,0.111385,0.050000,0,0,4,0,0
teapot_droplets,srd_restart,aw0p25,1350,8039.994,0.275132,0.769301,0.886978,0.651623,16,0.00004392,2,0.193462,0.027886,0.359039,0.840924,0.970321,0.711527,0.898647,0.911712,0.885581,0.006272,0.020619,0.085079,0.113023,0.050000,0,0,4,0,0
teapot_droplets,srd_restart,aw0p25,1375,8065.043,0.274390,0.769854,0.887122,0.652587,16,0.00002582,3,0.192073,0.025466,0.358680,0.842375,0.972769,0.711982,0.898185,0.909713,0.886657,0.005793,0.020604,0.087417,0.111854,0.050000,0,0,4,0,0
teapot_droplets,srd_restart,aw0p25,1400,8363.106,0.274282,0.770292,0.887247,0.653337,16,0.00002247,2,0.190026,0.025676,0.354376,0.843299,0.972560,0.714038,0.897446,0.910028,0.884864,0.005882,0.020397,0.086613,0.113009,0.050000,0,0,4,0,0
teapot_droplets,srd_restart,aw0p25,1425,8388.812,0.273293,0.771063,0.888147,0.653978,16,0.00002724,3,0.190703,0.024519,0.356887,0.843468,0.973761,0.713174,0.898649,0.909923,0.887374,0.005722,0.020576,0.087171,0.111273,0.050000,0,0,4,0,0
teapot_droplets,srd_restart,aw0p25,1450,8692.228,0.270697,0.772213,0.887487,0.656938,16,0.00002044,2,0.188928,0.025992,0.351865,0.844238,0.972247,0.716228,0.899323,0.910555,0.888092,0.005870,0.020154,0.085996,0.110666,0.050000,0,0,4,0,0
teapot_droplets,srd_restart,aw0p25,1475,8716.069,0.273100,0.771518,0.884169,0.658867,16,0.00003919,3,0.187336,0.025676,0.348996,0.845260,0.972467,0.718053,0.897840,0.906872,0.888809,0.005833,0.020021,0.089786,0.110213,0.050000,0,0,4,0,0
teapot_droplets,srd_restart,aw0p25,1500,9020.064,0.273566,0.771023,0.885547,0.656499,16,0.00001316,2,0.188687,0.025150,0.352224,0.844491,0.973043,0.715939,0.897776,0.907819,0.887733,0.005660,0.020293,0.088973,0.111167,0.050000,0,0,4,0,0
teapot_droplets,srd_restart,aw0p25,1525,9045.784,0.272252,0.771134,0.885155,0.657113,16,0.00002541,2,0.189328,0.027149,0.351506,0.843720,0.971005,0.716435,0.898639,0.909187,0.888092,0.006118,0.020080,0.087868,0.109822,0.050000,0,0,4,0,0
teapot_droplets,srd_restart,aw0p25,1550,9351.072,0.271625,0.772767,0.884821,0.660714,16,0.00003257,2,0.185880,0.025992,0.345768,0.846089,0.972166,0.720012,0.898493,0.907819,0.889168,0.005883,0.019869,0.089164,0.109608,0.050000,0,0,4,0,0
teapot_droplets,srd_restart,aw0p25,1575,9376.240,0.270313,0.772849,0.887544,0.658154,16,0.00002036,3,0.186925,0.025571,0.348278,0.845409,0.972675,0.718142,0.898807,0.910239,0.887374,0.005798,0.019974,0.086586,0.110659,0.050000,0,0,4,0,0
teapot_droplets,srd_restart,aw0p25,1600,9671.464,0.272159,0.772335,0.884943,0.659728,16,0.00006997,2,0.184615,0.025255,0.343974,0.846704,0.972918,0.720490,0.896975,0.907292,0.886657,0.005614,0.019710,0.089313,0.111736,0.050000,0,0,4,0,0
teapot_droplets,srd_restart,aw0p25,1625,9696.739,0.276543,0.770430,0.880070,0.660791,16,0.00015361,3,0.183866,0.024834,0.342898,0.847243,0.973203,0.721283,0.894650,0.901926,0.887374,0.005572,0.019691,0.095333,0.110765,0.050000,0,0,4,0,0
teapot_droplets,srd_restart,aw0p25,1650,10008.133,0.276210,0.770363,0.881168,0.659557,16,0.00020374,3,0.184543,0.023677,0.345409,0.847118,0.974423,0.719814,0.894703,0.902031,0.887374,0.005379,0.019849,0.094867,0.110963,0.050000,0,0,4,0,0
teapot_droplets,srd_restart,aw0p25,1675,10033.087,0.277676,0.767892,0.878573,0.657211,16,0.00017220,3,0.188204,0.023466,0.352941,0.845210,0.974567,0.715853,0.894179,0.899190,0.889168,0.005378,0.019984,0.097631,0.109314,0.050000,0,0,4,0,0
teapot_droplets,srd_restart,aw0p25,1700,10341.995,0.277322,0.771213,0.876119,0.666307,16,0.00004992,2,0.176716,0.022730,0.330703,0.851802,0.975261,0.728344,0.891345,0.896033,0.886657,0.005166,0.019106,0.100621,0.110387,0.050000,0,0,4,0,0
teapot_droplets,srd_restart,aw0p25,1725,10368.292,0.276380,0.771539,0.875874,0.667205,16,0.00006660,3,0.178235,0.023256,0.333214,0.851097,0.974708,0.727486,0.892885,0.896243,0.889527,0.005350,0.019152,0.100214,0.108816,0.050000,0,0,4,0,0
teapot_droplets,srd_restart,aw0p25,1750,10676.575,0.277183,0.770975,0.875822,0.666128,16,0.00008410,2,0.178328,0.024519,0.332138,0.850524,0.973402,0.727647,0.892335,0.897296,0.887374,0.005574,0.019047,0.099313,0.110119,0.050000,0,0,4,0,0
teapot_droplets,srd_restart,aw0p25,1775,10702.807,0.278197,0.770455,0.874782,0.666129,16,0.00006048,3,0.178931,0.023572,0.334290,0.850518,0.974350,0.726686,0.892105,0.895401,0.888809,0.005411,0.019192,0.101092,0.109556,0.050000,0,0,4,0,0
teapot_droplets,srd_restart,aw0p25,1800,11001.580,0.276071,0.770984,0.878162,0.663807,16,0.00006429,2,0.180671,0.023466,0.337877,0.849478,0.974555,0.724400,0.893430,0.898769,0.888092,0.005272,0.019407,0.098146,0.109836,0.050000,0,0,4,0,0
teapot_droplets,srd_restart,aw0p25,1825,11026.200,0.275219,0.771447,0.878106,0.664788,16,0.00006070,2,0.180585,0.024729,0.336442,0.849291,0.973253,0.725329,0.894136,0.899821,0.888451,0.005558,0.019198,0.096844,0.109884,0.050000,0,0,4,0,0
teapot_droplets,srd_restart,aw0p25,1850,11293.340,0.273185,0.772316,0.880556,0.664077,16,0.00001196,1,0.180894,0.022835,0.338953,0.849640,0.975273,0.724007,0.894915,0.900663,0.889168,0.005234,0.019334,0.095838,0.109419,0.050000,0,0,4,0,0
teapot_droplets,srd_restart,aw0p25,1875,11315.581,0.274401,0.772556,0.878445,0.666667,16,0.00000640,1,0.177159,0.023256,0.331062,0.851535,0.974780,0.728290,0.893124,0.898874,0.887374,0.005286,0.018943,0.097543,0.110425,0.050000,0,0,4,0,0
