pair,arm,step,seconds,loss,mean_iou,view1_iou,view2_iou,patches,overlap,overlap_repaired_pairs,mean_spill,view1_spill,view2_spill,mean_precision,view1_precision,view2_precision,mean_coverage,view1_coverage,view2_coverage,view1_negative_space,view2_negative_space,view1_silhouette,view2_silhouette,lambda_count,total_adds,total_splits,total_deletes,count_active,target_reached
sun_moon,l200,1,0.485,1.064388,0.143538,0.108302,0.178775,5,0.00000000,0,0.090714,0.115277,0.066151,0.627012,0.511670,0.742354,0.155694,0.120787,0.190601,0.026144,0.013458,0.186044,0.148951,0.050000,0,0,0,0,0
sun_moon,l200,25,7.331,0.914107,0.209271,0.183600,0.234943,5,0.00018215,0,0.043910,0.052723,0.035098,0.829780,0.785683,0.873878,0.218234,0.193280,0.243189,0.011680,0.007032,0.160668,0.134636,0.050000,0,0,0,0,0
sun_moon,l200,50,53.063,0.847212,0.259978,0.262341,0.257614,5,0.00010893,1,0.037631,0.043971,0.031291,0.878145,0.861659,0.894631,0.269776,0.273876,0.265675,0.009969,0.006260,0.144078,0.130186,0.050000,0,0,0,0,0
sun_moon,l200,75,59.722,0.788580,0.309480,0.342637,0.276323,5,0.00012431,1,0.037718,0.052831,0.022606,0.899091,0.872257,0.925926,0.321654,0.360739,0.282570,0.011486,0.004496,0.128969,0.125870,0.050000,0,0,0,0,0
sun_moon,l200,100,104.167,0.734489,0.349664,0.412730,0.286599,5,0.00000089,1,0.032822,0.047321,0.018322,0.921129,0.901329,0.940928,0.362055,0.432260,0.291850,0.010130,0.003597,0.114406,0.123560,0.050000,0,0,0,0,0
sun_moon,l200,125,110.841,0.691682,0.385949,0.457040,0.314858,5,0.00000266,1,0.031388,0.047429,0.015348,0.932023,0.909856,0.954190,0.399204,0.478717,0.319691,0.010137,0.003030,0.105690,0.118287,0.050000,0,0,0,0,0
sun_moon,l200,150,154.501,0.667910,0.405866,0.482193,0.329540,5,0.00000236,1,0.030361,0.046564,0.014158,0.937441,0.915523,0.959358,0.419426,0.504646,0.334206,0.010091,0.002625,0.100815,0.115463,0.050000,0,0,0,0,0
sun_moon,l200,175,161.191,0.658438,0.411268,0.488143,0.334393,5,0.00001318,0,0.026897,0.043323,0.010470,0.945774,0.921603,0.969945,0.423593,0.509291,0.337894,0.009478,0.001911,0.099517,0.114265,0.050000,0,0,0,0,0
sun_moon,l200,200,207.016,0.643194,0.422318,0.493358,0.351278,5,0.00000000,0,0.025524,0.041054,0.009994,0.949293,0.925984,0.972603,0.434201,0.513613,0.354789,0.008628,0.001829,0.097940,0.111229,0.050000,0,0,0,0,0
sun_moon,l200,225,213.670,0.629787,0.438583,0.500935,0.376231,5,0.00000007,0,0.027542,0.039974,0.015110,0.945339,0.928737,0.961942,0.451437,0.520959,0.381916,0.008630,0.002929,0.096596,0.107553,0.050000,0,0,0,0,0
sun_moon,l200,250,258.315,0.619510,0.450164,0.506545,0.393784,5,0.00000410,0,0.029089,0.039974,0.018203,0.943021,0.929470,0.956571,0.463873,0.526793,0.400952,0.008852,0.003420,0.095622,0.104745,0.050000,0,0,0,0,0
sun_moon,l200,275,265.200,0.601640,0.466732,0.519498,0.413967,5,0.00000240,1,0.029418,0.041703,0.017133,0.944677,0.928452,0.960901,0.481111,0.541162,0.421059,0.008942,0.003427,0.093012,0.101349,0.050000,0,0,0,0,0
sun_moon,l200,300,309.130,0.581413,0.485785,0.534005,0.437565,5,0.00000130,1,0.031441,0.040514,0.022368,0.942211,0.932041,0.952381,0.501496,0.555640,0.447353,0.008608,0.004170,0.089990,0.097426,0.050000,0,0,0,0,0
sun_moon,l200,325,315.952,0.560583,0.503234,0.546589,0.459879,5,0.00000007,1,0.029500,0.038894,0.020107,0.947399,0.935897,0.958901,0.518487,0.567848,0.469126,0.008103,0.003977,0.087320,0.093501,0.050000,0,0,0,0,0
sun_moon,l200,350,361.000,0.556154,0.511105,0.553154,0.469056,5,0.00000000,0,0.033467,0.034572,0.032362,0.940193,0.943030,0.937356,0.528257,0.572277,0.484236,0.007218,0.006283,0.085746,0.092888,0.050000,0,0,0,0,0
sun_moon,l200,375,367.905,0.558085,0.511965,0.556638,0.467292,5,0.00000000,0,0.035670,0.031007,0.040333,0.936065,0.948741,0.923390,0.530019,0.573898,0.486139,0.006187,0.008231,0.084619,0.094200,0.050000,0,0,0,0,0
sun_moon,l200,400,413.265,0.551590,0.515713,0.561127,0.470299,5,0.00000000,0,0.033633,0.027766,0.039500,0.939654,0.954066,0.925242,0.532791,0.576707,0.488876,0.005576,0.007903,0.083627,0.093497,0.050000,0,0,0,0,0
sun_moon,l200,425,420.136,0.547915,0.516644,0.565126,0.468163,5,0.00000000,0,0.032471,0.026037,0.038905,0.941480,0.957026,0.925934,0.533109,0.579840,0.486377,0.005180,0.007621,0.082649,0.093589,0.050000,0,0,0,0,0
sun_moon,l200,450,467.197,0.542571,0.522736,0.571969,0.473503,5,0.00000000,0,0.033903,0.028306,0.039500,0.939897,0.954083,0.925710,0.540183,0.588159,0.492207,0.005701,0.007672,0.081513,0.092657,0.050000,0,0,0,0,0
sun_moon,l200,475,474.203,0.536670,0.527804,0.579390,0.476218,5,0.00000000,0,0.031508,0.027442,0.035574,0.944326,0.955933,0.932718,0.544224,0.595290,0.493159,0.005905,0.007128,0.080340,0.092033,0.050000,0,0,0,0,0
sun_moon,l200,500,520.583,0.532561,0.529181,0.579174,0.479188,5,0.00000000,0,0.031068,0.030251,0.031886,0.945585,0.951749,0.939421,0.545581,0.596694,0.494468,0.005976,0.006403,0.080102,0.091229,0.050000,0,0,0,0,0
sun_moon,l200,525,527.702,0.528554,0.531328,0.584139,0.478517,5,0.00000000,0,0.029312,0.028522,0.030101,0.948563,0.954678,0.942448,0.546860,0.600799,0.492921,0.005867,0.005836,0.079249,0.091084,0.050000,0,0,0,0,0
sun_moon,l200,550,574.964,0.527507,0.532195,0.585591,0.478798,5,0.00000000,0,0.029241,0.028738,0.029744,0.948786,0.954468,0.943104,0.547730,0.602420,0.493040,0.005761,0.005941,0.078901,0.091084,0.050000,0,0,0,0,0
sun_moon,l200,575,582.123,0.534886,0.530510,0.585822,0.475198,5,0.00000000,1,0.032887,0.027226,0.038548,0.942133,0.956716,0.927549,0.547644,0.601772,0.493516,0.005618,0.007826,0.078967,0.092606,0.050000,0,0,0,0,0
sun_moon,l200,600,629.975,0.539395,0.528584,0.583929,0.473240,5,0.00002347,1,0.035558,0.028522,0.042594,0.937598,0.954663,0.920533,0.546990,0.600583,0.493397,0.005851,0.008632,0.079348,0.093203,0.050000,0,0,0,0,0
sun_moon,l200,625,637.173,0.532333,0.529060,0.582659,0.475461,5,0.00010835,1,0.030350,0.027982,0.032719,0.946448,0.955368,0.937528,0.544990,0.598963,0.491017,0.005945,0.006179,0.079723,0.091634,0.050000,0,0,0,0,0
sun_moon,l200,650,683.706,0.523141,0.529348,0.581361,0.477334,5,0.00002841,0,0.021411,0.027118,0.015705,0.962592,0.956559,0.968624,0.540978,0.597126,0.484830,0.005921,0.002955,0.079952,0.089984,0.050000,0,0,0,0,0
sun_moon,l200,675,690.933,0.524554,0.529317,0.583316,0.475318,5,0.00004204,1,0.023261,0.027010,0.019512,0.959076,0.956859,0.961293,0.541832,0.599071,0.484593,0.005713,0.003791,0.079457,0.090633,0.050000,0,0,0,0,0
sun_moon,l200,700,735.976,0.519657,0.533691,0.582336,0.485047,5,0.00010053,1,0.023590,0.028738,0.018441,0.959118,0.954225,0.964012,0.546531,0.599071,0.493992,0.006099,0.003373,0.079776,0.088683,0.050000,0,0,0,0,0
sun_moon,l200,725,742.913,0.518196,0.537159,0.582556,0.491763,5,0.00003132,1,0.024449,0.030575,0.018322,0.958122,0.951541,0.964703,0.550570,0.600367,0.500773,0.006655,0.003510,0.080004,0.087638,0.050000,0,0,0,0,0
sun_moon,l200,750,788.969,0.516068,0.540106,0.582601,0.497610,5,0.00002687,1,0.026870,0.033276,0.020464,0.954440,0.947619,0.961261,0.554890,0.601988,0.507793,0.007133,0.003700,0.080046,0.086554,0.050000,0,0,0,0,0
sun_moon,l200,775,795.996,0.518450,0.537637,0.581449,0.493824,5,0.00003976,1,0.026519,0.031979,0.021059,0.954656,0.949402,0.959909,0.552133,0.600043,0.504224,0.006812,0.003883,0.080121,0.087338,0.050000,0,0,0,0,0
sun_moon,l200,800,843.245,0.521205,0.538041,0.580845,0.495238,5,0.00001816,1,0.027699,0.031007,0.024390,0.952450,0.950772,0.954128,0.553086,0.598855,0.507317,0.006839,0.004823,0.080358,0.087541,0.050000,0,0,0,0,0
sun_moon,l200,825,850.256,0.524558,0.537969,0.579977,0.495961,5,0.00003567,1,0.031894,0.032736,0.031053,0.945465,0.948179,0.942751,0.555163,0.598963,0.511362,0.006830,0.006191,0.080303,0.088031,0.050000,0,0,0,0,0
sun_moon,l200,850,897.012,0.529662,0.537520,0.581790,0.493251,5,0.00003529,1,0.036199,0.032303,0.040095,0.938235,0.948959,0.927511,0.556806,0.600583,0.513028,0.006783,0.007873,0.080093,0.089125,0.050000,0,0,0,0,0
sun_moon,l200,875,904.199,0.524930,0.540304,0.581816,0.498792,5,0.00001432,1,0.033327,0.032627,0.034027,0.943300,0.948491,0.938109,0.558282,0.600799,0.515764,0.007224,0.006674,0.080351,0.087673,0.050000,0,0,0,0,0
sun_moon,l200,900,950.567,0.532748,0.539164,0.580040,0.498288,5,0.00000286,1,0.039345,0.035977,0.042713,0.933774,0.943511,0.924037,0.560240,0.600908,0.519572,0.008007,0.008307,0.081002,0.088424,0.050000,0,0,0,0,0
sun_moon,l200,925,957.325,0.532425,0.538329,0.580595,0.496064,5,0.00001098,1,0.039188,0.035545,0.042832,0.933857,0.944181,0.923534,0.559271,0.601232,0.517311,0.007565,0.008498,0.080444,0.088997,0.050000,0,0,0,0,0
sun_moon,l200,950,1001.622,0.531205,0.539735,0.583803,0.495666,5,0.00000985,1,0.039204,0.035220,0.043189,0.933923,0.944932,0.922914,0.560719,0.604365,0.517073,0.007526,0.008641,0.079924,0.089059,0.050000,0,0,0,0,0
sun_moon,l200,975,1008.215,0.531978,0.538613,0.582881,0.494345,5,0.00000792,0,0.038204,0.035004,0.041404,0.935360,0.945159,0.925561,0.559048,0.603284,0.514813,0.007678,0.008289,0.080194,0.089146,0.050000,0,0,0,0,0
sun_moon,l200,1000,1051.841,0.536528,0.537112,0.581907,0.492316,5,0.00000982,0,0.040324,0.035436,0.045211,0.931844,0.944454,0.919235,0.558551,0.602528,0.514575,0.007771,0.009135,0.080408,0.089979,0.050000,0,0,0,0,0
sun_moon,l200,1025,1058.291,0.535744,0.536962,0.582384,0.491539,5,0.00000000,0,0.040811,0.034032,0.047591,0.930954,0.946510,0.915398,0.558568,0.602204,0.514932,0.007400,0.009401,0.080150,0.090031,0.050000,0,0,0,0,0
sun_moon,l200,1050,1101.500,0.535823,0.537409,0.581701,0.493118,5,0.00000000,0,0.041329,0.036733,0.045925,0.930412,0.942587,0.918238,0.559416,0.603068,0.515764,0.007917,0.009124,0.080396,0.089691,0.050000,0,0,0,0,0
sun_moon,l2000,1,0.477,1.064388,0.143538,0.108302,0.178775,5,0.00000000,0,0.090714,0.115277,0.066151,0.627012,0.511670,0.742354,0.155694,0.120787,0.190601,0.026144,0.013458,0.186044,0.148951,0.050000,0,0,0,0,0
sun_moon,l2000,25,7.193,0.914107,0.209271,0.183600,0.234943,5,0.00018215,0,0.043910,0.052723,0.035098,0.829780,0.785683,0.873878,0.218234,0.193280,0.243189,0.011680,0.007032,0.160668,0.134636,0.050000,0,0,0,0,0
sun_moon,l2000,50,53.064,0.847381,0.260265,0.263065,0.257466,5,0.00010893,1,0.037929,0.043971,0.031886,0.877415,0.861987,0.892843,0.270154,0.274633,0.265675,0.009982,0.006372,0.143979,0.130279,0.050000,0,0,0,0,0
sun_moon,l2000,75,59.710,0.787655,0.310104,0.344045,0.276163,5,0.00012431,1,0.037745,0.052290,0.023200,0.898959,0.873794,0.924125,0.322303,0.362035,0.282570,0.011353,0.004604,0.128584,0.125960,0.050000,0,0,0,0,0
sun_moon,l2000,100,102.712,0.734205,0.350174,0.413882,0.286465,5,0.00000089,1,0.033168,0.047537,0.018798,0.920338,0.901190,0.939487,0.362703,0.433557,0.291850,0.010176,0.003641,0.114230,0.123596,0.050000,0,0,0,0,0
sun_moon,l2000,125,109.206,0.690792,0.387047,0.459309,0.314784,5,0.00000266,1,0.031507,0.047429,0.015586,0.931887,0.910262,0.953513,0.400392,0.481093,0.319691,0.010155,0.003100,0.105291,0.118345,0.050000,0,0,0,0,0
sun_moon,l2000,150,152.833,0.667103,0.406101,0.482545,0.329656,5,0.00000236,1,0.029913,0.046024,0.013801,0.938390,0.916438,0.960342,0.419480,0.504754,0.334206,0.009977,0.002543,0.100711,0.115396,0.050000,0,0,0,0,0
sun_moon,l2000,175,159.424,0.657556,0.411342,0.488133,0.334551,5,0.00001318,0,0.026226,0.042459,0.009994,0.947129,0.922986,0.971272,0.423377,0.508859,0.337894,0.009335,0.001761,0.099494,0.114140,0.050000,0,0,0,0,0
sun_moon,l2000,200,205.338,0.642936,0.422004,0.492730,0.351278,5,0.00000000,0,0.025092,0.040190,0.009994,0.949945,0.927287,0.972603,0.433661,0.512532,0.354789,0.008436,0.001800,0.097989,0.111205,0.050000,0,0,0,0,0
sun_moon,l2000,225,211.982,0.629159,0.438581,0.500988,0.376173,5,0.00000058,0,0.026494,0.038354,0.014634,0.947204,0.931335,0.963074,0.450940,0.520203,0.381678,0.008324,0.002860,0.096528,0.107599,0.050000,0,0,0,0,0
sun_moon,l2000,250,256.363,0.614032,0.453289,0.510802,0.395777,5,0.00000736,0,0.027234,0.040190,0.014277,0.947667,0.929679,0.965655,0.466379,0.531331,0.401428,0.008681,0.002878,0.094678,0.104218,0.050000,0,0,0,0,0
sun_moon,l2000,275,263.094,0.600929,0.466498,0.520253,0.412743,5,0.00000159,0,0.028007,0.040190,0.015824,0.947250,0.930868,0.963631,0.480218,0.541162,0.419274,0.008685,0.003228,0.092881,0.101472,0.050000,0,0,0,0,0
sun_moon,l2000,300,306.941,0.580409,0.485032,0.535952,0.434112,5,0.00000039,1,0.029100,0.039758,0.018441,0.946682,0.933406,0.959959,0.499689,0.557260,0.442118,0.008441,0.003601,0.089612,0.097836,0.050000,0,0,0,0,0
sun_moon,l2000,325,313.752,0.561217,0.501967,0.549167,0.454768,5,0.00000013,1,0.028874,0.037165,0.020583,0.948141,0.938746,0.957536,0.516852,0.569576,0.464128,0.008128,0.003721,0.087011,0.094137,0.050000,0,0,0,0,0
sun_moon,l2000,350,358.599,0.557054,0.509906,0.554731,0.465081,5,0.00000000,0,0.032040,0.033384,0.030696,0.942393,0.944969,0.939818,0.526304,0.573250,0.479358,0.007045,0.006157,0.085475,0.093609,0.050000,0,0,0,0,0
sun_moon,l2000,375,365.508,0.551486,0.514168,0.557312,0.471024,5,0.00000000,0,0.030321,0.032087,0.028554,0.945752,0.947162,0.944341,0.529834,0.575194,0.484474,0.006831,0.005870,0.085023,0.092455,0.050000,0,0,0,0,0
sun_moon,l2000,400,410.809,0.551296,0.519561,0.563193,0.475929,5,0.00000000,0,0.036540,0.032627,0.040452,0.935678,0.946878,0.924478,0.538375,0.581569,0.495181,0.006704,0.008218,0.083702,0.092602,0.050000,0,0,0,0,0
sun_moon,l2000,425,417.764,0.552555,0.519398,0.565627,0.473169,5,0.00000000,0,0.038227,0.032195,0.044259,0.932764,0.947738,0.917790,0.538974,0.583838,0.494111,0.006665,0.008850,0.083098,0.093330,0.050000,0,0,0,0,0
sun_moon,l2000,450,464.124,0.551333,0.523466,0.572312,0.474620,5,0.00000000,0,0.040494,0.030899,0.050089,0.929456,0.950235,0.908677,0.544195,0.589996,0.498394,0.006671,0.010091,0.081867,0.093530,0.050000,0,0,0,0,0
sun_moon,l2000,475,470.990,0.550190,0.524755,0.578184,0.471327,5,0.00000000,0,0.039982,0.028090,0.051874,0.930078,0.954877,0.905279,0.545101,0.594425,0.495776,0.006028,0.010631,0.080626,0.094441,0.050000,0,0,0,0,0
sun_moon,l2000,500,517.420,0.546312,0.525702,0.578627,0.472777,5,0.00000162,0,0.039035,0.029170,0.048899,0.931773,0.953303,0.910242,0.545700,0.595506,0.495895,0.006171,0.009699,0.080499,0.093669,0.050000,0,0,0,0,0
sun_moon,l2000,525,524.543,0.538976,0.530138,0.578274,0.482002,5,0.00001474,0,0.035762,0.030359,0.041166,0.937854,0.951518,0.924189,0.548837,0.595830,0.501844,0.006689,0.008117,0.080878,0.091375,0.050000,0,0,0,0,0
sun_moon,l2000,550,570.655,0.537163,0.527617,0.575894,0.479339,5,0.00007702,1,0.033226,0.029927,0.036526,0.941744,0.951968,0.931519,0.544988,0.593129,0.496847,0.006087,0.007182,0.080927,0.091475,0.050000,0,0,0,0,0
sun_moon,l2000,575,577.461,0.536928,0.526985,0.575554,0.478416,5,0.00010587,0,0.031199,0.028846,0.033551,0.945003,0.953549,0.936458,0.543312,0.592156,0.494468,0.006330,0.006551,0.081228,0.091283,0.050000,0,0,0,0,0
sun_moon,l2000,600,622.835,0.537303,0.527016,0.575431,0.478601,5,0.00008236,1,0.033765,0.033384,0.034146,0.941153,0.946843,0.935462,0.544792,0.594641,0.494943,0.006761,0.006610,0.081190,0.091206,0.050000,0,0,0,0,0
sun_moon,l2000,625,629.717,0.536614,0.529629,0.579929,0.479329,5,0.00009999,1,0.033690,0.031331,0.036050,0.941272,0.950223,0.932321,0.547354,0.598099,0.496609,0.006707,0.007155,0.080438,0.091479,0.050000,0,0,0,0,0
sun_moon,l2000,650,673.566,0.532265,0.529489,0.579163,0.479815,5,0.00019848,1,0.029593,0.027658,0.031529,0.947854,0.955594,0.940113,0.545062,0.595182,0.494943,0.005917,0.006195,0.080390,0.090929,0.050000,0,0,0,0,0
sun_moon,l2000,675,679.937,0.531036,0.529311,0.578325,0.480297,5,0.00009216,1,0.029148,0.031763,0.026532,0.949197,0.949458,0.948935,0.544867,0.596694,0.493040,0.006867,0.005058,0.080776,0.090252,0.050000,0,0,0,0,0
sun_moon,l2000,700,721.993,0.528395,0.530045,0.579108,0.480983,5,0.00029944,1,0.027559,0.029062,0.026056,0.951676,0.953500,0.949851,0.544727,0.595938,0.493516,0.006202,0.004995,0.080442,0.090022,0.050000,0,0,0,0,0
sun_moon,l2000,725,728.541,0.533370,0.530581,0.578649,0.482513,5,0.00018414,1,0.032198,0.030251,0.034146,0.943830,0.951707,0.935952,0.547571,0.596154,0.498989,0.006529,0.006584,0.080648,0.090542,0.050000,0,0,0,0,0
sun_moon,l2000,750,774.521,0.531693,0.530671,0.578345,0.482997,5,0.00021228,1,0.030431,0.028738,0.032124,0.946693,0.953923,0.939462,0.546739,0.594965,0.498513,0.006273,0.006248,0.080627,0.090293,0.050000,0,0,0,0,0
sun_moon,l2000,775,781.282,0.535402,0.528514,0.575824,0.481204,5,0.00014881,1,0.032035,0.032303,0.031767,0.944161,0.948457,0.939865,0.545458,0.594425,0.496490,0.006822,0.006176,0.081230,0.090704,0.050000,0,0,0,0,0
sun_moon,l2000,800,826.352,0.531192,0.530851,0.579008,0.482695,5,0.00016331,1,0.031851,0.032411,0.031291,0.944714,0.948568,0.940859,0.547787,0.597774,0.497799,0.006605,0.006095,0.080392,0.090284,0.050000,0,0,0,0,0
sun_moon,l2000,825,833.202,0.534377,0.531190,0.579482,0.482897,5,0.00013712,1,0.033766,0.031007,0.036526,0.941326,0.950662,0.931989,0.548993,0.597450,0.500535,0.006463,0.007204,0.080396,0.090864,0.050000,0,0,0,0,0
sun_moon,l2000,850,880.470,0.534412,0.529857,0.580422,0.479291,5,0.00012383,1,0.031928,0.029710,0.034146,0.944096,0.952643,0.935549,0.546662,0.597666,0.495657,0.006285,0.006829,0.080233,0.091318,0.050000,0,0,0,0,0
sun_moon,l2000,875,887.394,0.539040,0.528683,0.582146,0.475220,5,0.00023375,1,0.035308,0.031115,0.039500,0.938339,0.950719,0.925959,0.547125,0.600259,0.493992,0.006548,0.007885,0.079937,0.092472,0.050000,0,0,0,0,0
sun_moon,l2000,900,932.343,0.540130,0.528015,0.584006,0.472025,5,0.00019644,1,0.034253,0.030791,0.037716,0.939924,0.951340,0.928507,0.545908,0.601988,0.489827,0.006830,0.007634,0.079825,0.092940,0.050000,0,0,0,0,0
sun_moon,l2000,925,939.360,0.535739,0.528602,0.584485,0.472719,5,0.00006188,1,0.031695,0.031979,0.031410,0.944564,0.949651,0.939477,0.545372,0.603176,0.487567,0.006851,0.006372,0.079618,0.092336,0.050000,0,0,0,0,0
sun_moon,l2000,950,984.977,0.536783,0.528268,0.583987,0.472549,5,0.00004548,1,0.031916,0.032303,0.031529,0.944195,0.949141,0.939248,0.545150,0.602852,0.487448,0.007162,0.006285,0.079846,0.092348,0.050000,0,0,0,0,0
sun_moon,l2000,975,991.759,0.535359,0.528797,0.585560,0.472033,5,0.00004427,1,0.031327,0.031007,0.031648,0.945063,0.951149,0.938977,0.545344,0.603717,0.486972,0.006787,0.006392,0.079397,0.092456,0.050000,0,0,0,0,0
sun_moon,l2000,1000,1036.699,0.538353,0.529365,0.586456,0.472273,5,0.00002485,1,0.035312,0.032195,0.038430,0.938417,0.949500,0.927334,0.547880,0.605337,0.490422,0.006833,0.007634,0.079254,0.092957,0.050000,0,0,0,0,0
sun_moon,l500,1,0.463,1.064388,0.143538,0.108302,0.178775,5,0.00000000,0,0.090714,0.115277,0.066151,0.627012,0.511670,0.742354,0.155694,0.120787,0.190601,0.026144,0.013458,0.186044,0.148951,0.050000,0,0,0,0,0
sun_moon,l500,25,7.192,0.914107,0.209271,0.183600,0.234943,5,0.00018215,0,0.043910,0.052723,0.035098,0.829780,0.785683,0.873878,0.218234,0.193280,0.243189,0.011680,0.007032,0.160668,0.134636,0.050000,0,0,0,0,0
sun_moon,l500,50,53.134,0.847381,0.260265,0.263065,0.257466,5,0.00010893,1,0.037929,0.043971,0.031886,0.877415,0.861987,0.892843,0.270154,0.274633,0.265675,0.009982,0.006372,0.143979,0.130279,0.050000,0,0,0,0,0
sun_moon,l500,75,59.778,0.787655,0.310104,0.344045,0.276163,5,0.00012431,1,0.037745,0.052290,0.023200,0.898959,0.873794,0.924125,0.322303,0.362035,0.282570,0.011353,0.004604,0.128584,0.125960,0.050000,0,0,0,0,0
sun_moon,l500,100,102.824,0.734205,0.350174,0.413882,0.286465,5,0.00000089,1,0.033168,0.047537,0.018798,0.920338,0.901190,0.939487,0.362703,0.433557,0.291850,0.010176,0.003641,0.114230,0.123596,0.050000,0,0,0,0,0
sun_moon,l500,125,109.312,0.690792,0.387047,0.459309,0.314784,5,0.00000266,1,0.031507,0.047429,0.015586,0.931887,0.910262,0.953513,0.400392,0.481093,0.319691,0.010155,0.003100,0.105291,0.118345,0.050000,0,0,0,0,0
sun_moon,l500,150,152.963,0.667103,0.406101,0.482545,0.329656,5,0.00000236,1,0.029913,0.046024,0.013801,0.938390,0.916438,0.960342,0.419480,0.504754,0.334206,0.009977,0.002543,0.100711,0.115396,0.050000,0,0,0,0,0
sun_moon,l500,175,159.554,0.657556,0.411342,0.488133,0.334551,5,0.00001318,0,0.026226,0.042459,0.009994,0.947129,0.922986,0.971272,0.423377,0.508859,0.337894,0.009335,0.001761,0.099494,0.114140,0.050000,0,0,0,0,0
sun_moon,l500,200,205.443,0.642936,0.422004,0.492730,0.351278,5,0.00000000,0,0.025092,0.040190,0.009994,0.949945,0.927287,0.972603,0.433661,0.512532,0.354789,0.008436,0.001800,0.097989,0.111205,0.050000,0,0,0,0,0
sun_moon,l500,225,212.114,0.629316,0.438453,0.500676,0.376231,5,0.00000010,0,0.026840,0.038570,0.015110,0.946445,0.930948,0.961942,0.450951,0.519987,0.381916,0.008327,0.002955,0.096551,0.107580,0.050000,0,0,0,0,0
sun_moon,l500,250,256.583,0.616509,0.452845,0.510862,0.394829,5,0.00000254,0,0.028224,0.039434,0.017014,0.945112,0.930871,0.959352,0.466277,0.531007,0.401547,0.008794,0.003322,0.094876,0.104568,0.050000,0,0,0,0,0
sun_moon,l500,275,263.373,0.600515,0.466897,0.519149,0.414646,5,0.00000955,0,0.028207,0.040946,0.015467,0.947067,0.929567,0.964568,0.480733,0.540406,0.421059,0.008780,0.003182,0.093015,0.101174,0.050000,0,0,0,0,0
sun_moon,l500,300,307.349,0.579298,0.487187,0.536370,0.438004,5,0.00000164,1,0.029623,0.041162,0.018084,0.946188,0.931351,0.961026,0.502187,0.558449,0.445925,0.008838,0.003563,0.089738,0.097160,0.050000,0,0,0,0,0
sun_moon,l500,325,314.138,0.561752,0.502481,0.547686,0.457276,5,0.00000470,1,0.030398,0.038786,0.022011,0.945599,0.936178,0.955021,0.518135,0.568928,0.467341,0.008111,0.004147,0.087137,0.093983,0.050000,0,0,0,0,0
sun_moon,l500,350,359.075,0.560112,0.508810,0.552318,0.465301,5,0.00000000,0,0.034181,0.034572,0.033789,0.938657,0.942949,0.934366,0.526218,0.571413,0.481023,0.007105,0.006763,0.085924,0.093846,0.050000,0,0,0,0,0
sun_moon,l500,375,365.918,0.551757,0.512367,0.555451,0.469284,5,0.00000000,0,0.030997,0.031655,0.030339,0.944305,0.947651,0.940959,0.528278,0.573034,0.483522,0.006435,0.005939,0.085020,0.092712,0.050000,0,0,0,0,0
sun_moon,l500,400,411.584,0.548904,0.514496,0.560105,0.468887,5,0.00000000,0,0.028868,0.029062,0.028673,0.947943,0.951999,0.943888,0.529357,0.576383,0.482332,0.006206,0.005717,0.084277,0.092730,0.050000,0,0,0,0,0
sun_moon,l500,425,418.452,0.545384,0.515923,0.564245,0.467600,5,0.00000000,0,0.028684,0.029170,0.028198,0.948385,0.952170,0.944600,0.530745,0.580704,0.480785,0.005847,0.005701,0.083076,0.092945,0.050000,0,0,0,0,0
sun_moon,l500,450,462.904,0.543539,0.516532,0.566228,0.466836,5,0.00000000,0,0.028263,0.026901,0.029625,0.948863,0.955781,0.941945,0.531063,0.581461,0.480666,0.005276,0.005831,0.082530,0.093097,0.050000,0,0,0,0,0
sun_moon,l500,475,469.352,0.543911,0.516556,0.563086,0.470025,5,0.00000000,0,0.028481,0.024957,0.032005,0.948327,0.958550,0.938104,0.531104,0.577139,0.485068,0.004959,0.006259,0.082992,0.092702,0.050000,0,0,0,0,0
sun_moon,l500,500,513.552,0.538163,0.519822,0.570016,0.469629,5,0.00000000,0,0.027609,0.026901,0.028316,0.950337,0.956061,0.944613,0.534138,0.585350,0.482927,0.005243,0.005483,0.081662,0.092363,0.050000,0,0,0,0,0
sun_moon,l500,525,520.065,0.538876,0.523483,0.574280,0.472685,5,0.00000000,0,0.031405,0.028306,0.034503,0.944175,0.954260,0.934091,0.539765,0.590536,0.488995,0.005679,0.006719,0.081056,0.092370,0.050000,0,0,0,0,0
sun_moon,l500,550,563.829,0.543777,0.521844,0.574123,0.469565,5,0.00000607,1,0.032623,0.025389,0.039857,0.941594,0.958656,0.924533,0.538490,0.588699,0.488281,0.005318,0.007902,0.081116,0.093531,0.050000,0,0,0,0,0
sun_moon,l500,575,570.549,0.536646,0.523594,0.573874,0.473313,5,0.00008948,1,0.029355,0.028846,0.029863,0.947846,0.953419,0.942272,0.538938,0.590428,0.487448,0.005775,0.005733,0.081235,0.091873,0.050000,0,0,0,0,0
sun_moon,l500,600,615.400,0.531568,0.525905,0.571444,0.480367,5,0.00011358,0,0.026607,0.029062,0.024152,0.953055,0.952906,0.953204,0.540010,0.588051,0.491969,0.006038,0.004613,0.081765,0.090072,0.050000,0,0,0,0,0
sun_moon,l500,625,622.132,0.534143,0.523798,0.572360,0.475235,5,0.00010041,1,0.026462,0.027226,0.025699,0.952831,0.955743,0.949919,0.537695,0.587943,0.487448,0.005756,0.004916,0.081575,0.091113,0.050000,0,0,0,0,0
sun_moon,l500,650,666.628,0.532642,0.525555,0.573131,0.477979,5,0.00025156,1,0.029958,0.033384,0.026532,0.947671,0.946641,0.948700,0.541462,0.592264,0.490660,0.006758,0.004698,0.081518,0.090242,0.050000,0,0,0,0,0
sun_moon,l500,675,673.358,0.530136,0.527972,0.573989,0.481956,5,0.00038991,1,0.026455,0.030899,0.022011,0.953799,0.950373,0.957225,0.542144,0.591724,0.492564,0.006727,0.004196,0.081696,0.089464,0.050000,0,0,0,0,0
sun_moon,l500,700,717.454,0.534029,0.527152,0.574953,0.479352,5,0.00032690,1,0.028862,0.029170,0.028554,0.949137,0.953019,0.945255,0.542382,0.591724,0.493040,0.006375,0.005462,0.081379,0.090636,0.050000,0,0,0,0,0
sun_moon,l500,725,724.072,0.537316,0.527585,0.574399,0.480771,5,0.00011036,1,0.035165,0.033924,0.036407,0.938937,0.945965,0.931909,0.546080,0.593885,0.498275,0.006694,0.006970,0.081281,0.090966,0.050000,0,0,0,0,0
sun_moon,l500,750,767.847,0.540366,0.526616,0.575882,0.477351,5,0.00031519,1,0.034741,0.029386,0.040095,0.939023,0.952770,0.925277,0.544647,0.592805,0.496490,0.006207,0.007954,0.080943,0.092025,0.050000,0,0,0,0,0
sun_moon,l500,775,774.468,0.542143,0.525762,0.577629,0.473895,5,0.00025128,1,0.035989,0.030575,0.041404,0.936873,0.951148,0.922598,0.544403,0.595290,0.493516,0.006369,0.008186,0.080588,0.092789,0.050000,0,0,0,0,0
sun_moon,l500,800,818.062,0.546466,0.526574,0.578413,0.474736,5,0.00016729,1,0.039904,0.031979,0.047829,0.930717,0.949150,0.912285,0.547176,0.596910,0.497442,0.006826,0.009493,0.080694,0.093263,0.050000,0,0,0,0,0
sun_moon,l500,825,824.609,0.540636,0.527343,0.578419,0.476267,5,0.00018284,1,0.035496,0.033276,0.037716,0.938179,0.947260,0.929099,0.545948,0.597666,0.494230,0.007080,0.007378,0.080923,0.092017,0.050000,0,0,0,0,0
sun_moon,l500,850,869.701,0.538693,0.525007,0.579317,0.470697,5,0.00012344,1,0.032214,0.031115,0.033314,0.943194,0.950490,0.935897,0.541860,0.597342,0.486377,0.006550,0.006527,0.080476,0.092521,0.050000,0,0,0,0,0
sun_moon,l500,875,876.230,0.539287,0.526433,0.577277,0.475589,5,0.00004703,1,0.035133,0.034572,0.035693,0.938856,0.945280,0.932432,0.544899,0.597234,0.492564,0.007227,0.006877,0.080888,0.091811,0.050000,0,0,0,0,0
sun_moon,l500,900,919.713,0.538839,0.528241,0.578585,0.477896,5,0.00000440,1,0.035695,0.035220,0.036169,0.938197,0.944463,0.931930,0.547072,0.598963,0.495181,0.007380,0.007053,0.080711,0.091684,0.050000,0,0,0,0,0
sun_moon,l500,925,926.283,0.532742,0.529566,0.583281,0.475850,5,0.00000893,1,0.031727,0.031331,0.032124,0.944552,0.950495,0.938608,0.546346,0.601556,0.491136,0.006516,0.006215,0.079585,0.091629,0.050000,0,0,0,0,0
sun_moon,l500,950,968.686,0.533266,0.529206,0.582050,0.476361,5,0.00003282,0,0.031711,0.031655,0.031767,0.944607,0.949923,0.939291,0.545984,0.600475,0.491493,0.006646,0.006156,0.079916,0.091430,0.050000,0,0,0,0,0
sun_moon,l500,975,974.868,0.532809,0.529790,0.584225,0.475355,5,0.00001671,0,0.030365,0.030035,0.030696,0.946752,0.952462,0.941042,0.545859,0.601772,0.489946,0.006591,0.006016,0.079654,0.091642,0.050000,0,0,0,0,0
sun_moon,l500,1000,1016.694,0.526775,0.530655,0.583500,0.477811,5,0.00002568,0,0.026715,0.029278,0.024152,0.953241,0.953516,0.952966,0.544967,0.600583,0.489352,0.006288,0.004666,0.079632,0.090477,0.050000,0,0,0,0,0
sun_moon,l500,1025,1022.918,0.523481,0.533030,0.584015,0.482045,5,0.00000351,0,0.026915,0.030035,0.023795,0.953224,0.952446,0.954002,0.547536,0.601556,0.493516,0.006127,0.004608,0.079288,0.089838,0.050000,0,0,0,0,0
sun_moon,l500,1050,1064.623,0.523298,0.533485,0.583106,0.483863,5,0.00000270,0,0.026038,0.030899,0.021178,0.955006,0.951111,0.958901,0.547617,0.601124,0.494111,0.006642,0.004085,0.079832,0.089237,0.050000,0,0,0,0,0
sun_moon,l500,1075,1070.868,0.520422,0.534659,0.582888,0.486430,5,0.00000273,0,0.025887,0.030359,0.021416,0.955281,0.951884,0.958678,0.548715,0.600583,0.496847,0.006290,0.003988,0.079623,0.088711,0.050000,0,0,0,0,0
sun_moon,l500,1100,1114.527,0.520216,0.533496,0.581849,0.485143,5,0.00000531,0,0.023956,0.030899,0.017014,0.958839,0.951011,0.966667,0.546612,0.599827,0.493397,0.006532,0.003184,0.079941,0.088604,0.050000,0,0,0,0,0
sun_moon,l500,1125,1120.878,0.516090,0.535732,0.583525,0.487939,5,0.00000983,0,0.023480,0.030899,0.016062,0.959882,0.951145,0.968619,0.548666,0.601556,0.495776,0.006362,0.002836,0.079485,0.087944,0.050000,0,0,0,0,0
sun_moon,l500,1150,1164.661,0.519290,0.535751,0.582722,0.488780,5,0.00001233,0,0.024216,0.030467,0.017965,0.958432,0.951712,0.965151,0.549018,0.600475,0.497561,0.006626,0.003458,0.079917,0.088135,0.050000,0,0,0,0,0
sun_moon,l500,1175,1171.159,0.519334,0.537535,0.580723,0.494348,5,0.00000598,0,0.026081,0.031223,0.020940,0.955304,0.950446,0.960163,0.551777,0.598855,0.504700,0.006760,0.004106,0.080232,0.087445,0.050000,0,0,0,0,0
sun_moon,l500,1200,1213.053,0.517834,0.538484,0.581805,0.495164,5,0.00000284,0,0.025865,0.030791,0.020940,0.955696,0.951165,0.960226,0.552626,0.599719,0.505532,0.006668,0.004004,0.080054,0.087220,0.050000,0,0,0,0,0
sun_moon,l500,1225,1219.081,0.518282,0.538202,0.582172,0.494231,5,0.00000421,0,0.026189,0.031439,0.020940,0.955201,0.950248,0.960154,0.552528,0.600475,0.504581,0.006723,0.004033,0.080003,0.087379,0.050000,0,0,0,0,0
sun_moon,l500,1250,1261.640,0.518054,0.538095,0.582075,0.494114,5,0.00000400,0,0.025692,0.030683,0.020702,0.955958,0.951345,0.960571,0.552139,0.599935,0.504343,0.006635,0.003971,0.080057,0.087324,0.050000,0,0,0,0,0
sun_moon,l500,1275,1267.681,0.518687,0.537689,0.582196,0.493183,5,0.00000984,0,0.025055,0.029170,0.020940,0.956824,0.953576,0.960073,0.551344,0.599179,0.503510,0.006428,0.004089,0.079963,0.087672,0.050000,0,0,0,0,0
sun_moon,l500,1300,1309.756,0.517714,0.537662,0.581856,0.493467,5,0.00000226,1,0.025006,0.030143,0.019869,0.957070,0.952119,0.962020,0.551333,0.599395,0.503272,0.006504,0.003829,0.079939,0.087465,0.050000,0,0,0,0,0
sun_moon,l500,1325,1316.013,0.516681,0.537789,0.582172,0.493406,5,0.00000878,0,0.025476,0.031439,0.019512,0.956454,0.950248,0.962659,0.551755,0.600475,0.503034,0.006315,0.003838,0.079648,0.087501,0.050000,0,0,0,0,0
sun_moon,l500,1350,1359.550,0.517697,0.537972,0.579967,0.495977,5,0.00001297,0,0.026211,0.032195,0.020226,0.955264,0.948964,0.961565,0.552324,0.598639,0.506008,0.006795,0.003776,0.080311,0.086966,0.050000,0,0,0,0,0
sun_moon,l500,1375,1365.890,0.515612,0.539293,0.580973,0.497613,5,0.00002543,0,0.025844,0.030035,0.021654,0.955678,0.952209,0.959147,0.553405,0.598423,0.508388,0.006236,0.004073,0.079834,0.086876,0.050000,0,0,0,0,0
sun_moon,l500,1400,1410.001,0.518953,0.538232,0.582267,0.494198,5,0.00001914,0,0.027472,0.029602,0.025342,0.952658,0.952945,0.952370,0.553113,0.599503,0.506722,0.006180,0.004952,0.079645,0.087769,0.050000,0,0,0,0,0
sun_moon,l500,1425,1416.403,0.519259,0.540036,0.583080,0.496993,5,0.00000186,0,0.028976,0.029278,0.028673,0.950189,0.953484,0.946893,0.555697,0.600151,0.511243,0.006202,0.005513,0.079621,0.087607,0.050000,0,0,0,0,0
water_fire,l200,1,0.491,0.830884,0.142461,0.117786,0.167136,5,0.00028114,0,0.172118,0.133702,0.210534,0.494871,0.499686,0.490056,0.167929,0.133535,0.202324,0.018194,0.031145,0.120898,0.131328,0.050000,0,0,0,0,0
water_fire,l200,25,7.290,0.651124,0.218045,0.166826,0.269264,5,0.00000000,0,0.063215,0.052843,0.073586,0.782909,0.768722,0.797095,0.232360,0.175642,0.289078,0.007042,0.010708,0.105920,0.102246,0.050000,0,0,0,0,0
water_fire,l200,50,51.122,0.589426,0.285496,0.242259,0.328733,5,0.00000000,0,0.056045,0.045630,0.066460,0.844001,0.847363,0.840639,0.301947,0.253313,0.350581,0.005991,0.009562,0.095581,0.093118,0.050000,0,0,0,0,0
water_fire,l200,75,57.436,0.549314,0.328268,0.279904,0.376633,5,0.00003617,0,0.049455,0.043449,0.055461,0.874032,0.870500,0.877565,0.344793,0.292065,0.397521,0.005669,0.008066,0.090602,0.085627,0.050000,0,0,0,0,0
water_fire,l200,100,100.482,0.496077,0.396119,0.340119,0.452119,5,0.00000166,0,0.051513,0.046636,0.056390,0.889284,0.884167,0.894401,0.416797,0.355981,0.477614,0.006085,0.008082,0.083197,0.075078,0.050000,0,0,0,0,0
water_fire,l200,125,106.656,0.439661,0.463988,0.405999,0.521976,5,0.00000000,0,0.048073,0.045798,0.050349,0.909265,0.902639,0.915890,0.486425,0.424593,0.548257,0.006035,0.007237,0.074726,0.065192,0.050000,0,0,0,0,0
water_fire,l200,150,151.592,0.386871,0.529503,0.466538,0.592467,5,0.00004014,0,0.047047,0.045294,0.048799,0.921099,0.915014,0.927184,0.554524,0.487670,0.621379,0.006063,0.006928,0.067187,0.055265,0.050000,0,0,0,0,0
water_fire,l200,175,158.082,0.360196,0.568281,0.508808,0.627753,5,0.00000645,0,0.051236,0.047475,0.054996,0.920767,0.918208,0.923326,0.597621,0.532964,0.662277,0.006342,0.008024,0.061972,0.050909,0.050000,0,0,0,0,0
water_fire,l200,200,203.328,0.341796,0.594137,0.537845,0.650429,5,0.00002390,0,0.055754,0.046133,0.065376,0.919006,0.924222,0.913790,0.627804,0.562657,0.692951,0.006082,0.009440,0.058119,0.048046,0.050000,0,0,0,0,0
water_fire,l200,225,209.742,0.326182,0.616232,0.566522,0.665941,5,0.00000000,0,0.056419,0.045294,0.067545,0.921091,0.928947,0.913234,0.651552,0.592183,0.710922,0.006015,0.009957,0.054501,0.046241,0.050000,0,0,0,0,0
water_fire,l200,250,253.465,0.308121,0.637565,0.592652,0.682478,5,0.00000000,0,0.056820,0.045630,0.068009,0.923037,0.931417,0.914658,0.674294,0.619695,0.728892,0.006001,0.009796,0.051120,0.043688,0.050000,0,0,0,0,0
water_fire,l200,275,259.873,0.291746,0.657861,0.594864,0.720859,5,0.00000000,0,0.056181,0.045127,0.067235,0.925978,0.932327,0.919630,0.695517,0.621708,0.769326,0.005982,0.009913,0.050885,0.038416,0.050000,0,0,0,0,0
water_fire,l200,300,302.704,0.282724,0.671128,0.605939,0.736318,5,0.00000000,0,0.058969,0.045127,0.072812,0.924543,0.933482,0.915604,0.711607,0.633283,0.789930,0.006019,0.010633,0.049530,0.036386,0.050000,0,0,0,0,0
water_fire,l200,325,309.209,0.280720,0.672640,0.603144,0.742137,5,0.00000000,0,0.057291,0.045798,0.068784,0.926255,0.932308,0.920201,0.711975,0.630767,0.793184,0.006137,0.010090,0.049903,0.035557,0.050000,0,0,0,0,0
water_fire,l200,350,354.064,0.280597,0.675123,0.604173,0.746073,5,0.00000000,0,0.060054,0.045127,0.074981,0.923902,0.933300,0.914503,0.716726,0.631438,0.802014,0.006071,0.011102,0.049718,0.035228,0.050000,0,0,0,0,0
water_fire,l200,375,360.769,0.278033,0.678615,0.603601,0.753629,5,0.00000000,0,0.060693,0.043617,0.077769,0.923931,0.935243,0.912620,0.721083,0.629928,0.812239,0.005785,0.011475,0.049783,0.034264,0.050000,0,0,0,0,0
water_fire,l200,400,406.009,0.278550,0.681701,0.605861,0.757541,5,0.00001596,0,0.065354,0.041939,0.088768,0.920267,0.937702,0.902832,0.728028,0.631270,0.824787,0.005616,0.013128,0.049448,0.034026,0.050000,0,0,0,0,0
water_fire,l200,425,412.754,0.276814,0.686495,0.603509,0.769481,5,0.00011486,0,0.068768,0.042107,0.095430,0.917775,0.937250,0.898299,0.735917,0.628921,0.842912,0.005650,0.014176,0.049787,0.032544,0.050000,0,0,0,0,0
water_fire,l200,450,458.119,0.277904,0.689907,0.608870,0.770944,5,0.00033323,0,0.074881,0.043952,0.105809,0.912457,0.935325,0.889589,0.744075,0.635632,0.852517,0.005839,0.015684,0.049125,0.032671,0.050000,0,0,0,0,0
water_fire,l200,475,464.900,0.276815,0.689886,0.608052,0.771721,5,0.00036525,0,0.073636,0.041772,0.105500,0.914042,0.938137,0.889948,0.743294,0.633451,0.853137,0.005566,0.015615,0.049115,0.032481,0.050000,0,0,0,0,0
water_fire,l200,500,510.201,0.276611,0.691719,0.612353,0.771084,5,0.00030056,0,0.074378,0.042946,0.105809,0.913300,0.936992,0.889607,0.745662,0.638651,0.852672,0.005730,0.015789,0.048644,0.032730,0.050000,0,0,0,0,0
water_fire,l200,525,516.898,0.274138,0.693735,0.618542,0.768929,5,0.00027261,0,0.073577,0.042275,0.104880,0.914288,0.938462,0.890115,0.747132,0.644690,0.849574,0.005645,0.015447,0.047895,0.032875,0.050000,0,0,0,0,0
water_fire,l200,550,561.492,0.273766,0.696569,0.622004,0.771133,5,0.00038892,0,0.075849,0.042946,0.108753,0.912533,0.937909,0.887156,0.751856,0.648717,0.854996,0.005693,0.016246,0.047378,0.032817,0.050000,0,0,0,0,0
water_fire,l200,575,568.252,0.273574,0.697850,0.625462,0.770238,5,0.00038058,0,0.077734,0.043617,0.111851,0.910922,0.937364,0.884480,0.754567,0.652743,0.856390,0.005751,0.016583,0.046963,0.032972,0.050000,0,0,0,0,0
water_fire,l200,600,613.195,0.271816,0.698225,0.628249,0.768201,5,0.00031292,0,0.075011,0.039255,0.110767,0.914195,0.943286,0.885104,0.753101,0.652911,0.853292,0.005203,0.016522,0.046382,0.033288,0.050000,0,0,0,0,0
water_fire,l200,625,619.624,0.272410,0.698493,0.631273,0.765712,5,0.00025600,0,0.076883,0.039591,0.114175,0.912536,0.943105,0.881967,0.754701,0.656266,0.853137,0.005096,0.017093,0.045914,0.033736,0.050000,0,0,0,0,0
water_fire,l200,650,664.485,0.273478,0.699012,0.637524,0.760499,5,0.00020199,0,0.077910,0.038081,0.117738,0.911966,0.945590,0.878342,0.755920,0.661802,0.850039,0.005024,0.017647,0.045124,0.034653,0.050000,0,0,0,0,0
water_fire,l200,675,671.070,0.273956,0.698640,0.639548,0.757731,5,0.00012263,0,0.078187,0.039255,0.117119,0.911345,0.944233,0.878457,0.755565,0.664654,0.846476,0.005173,0.017454,0.044979,0.034997,0.050000,0,0,0,0,0
water_fire,l200,700,714.356,0.273736,0.698301,0.641576,0.755026,5,0.00014638,0,0.078006,0.038584,0.117428,0.911542,0.945264,0.877821,0.755009,0.666331,0.843687,0.005048,0.017481,0.044592,0.035354,0.050000,0,0,0,0,0
water_fire,l200,725,720.919,0.272305,0.696096,0.633220,0.758972,5,0.00012336,1,0.073811,0.038249,0.109373,0.915028,0.945020,0.885035,0.749711,0.657440,0.841983,0.005024,0.016168,0.045718,0.034426,0.050000,0,0,0,0,0
water_fire,l200,750,764.477,0.272570,0.697829,0.635497,0.760161,5,0.00018564,0,0.075844,0.038752,0.112936,0.913390,0.944551,0.882229,0.753067,0.660124,0.846011,0.005073,0.016803,0.045429,0.034446,0.050000,0,0,0,0,0
water_fire,l200,775,771.042,0.273796,0.697687,0.636716,0.758659,5,0.00012743,0,0.076818,0.039926,0.113710,0.912257,0.943130,0.881383,0.753532,0.662137,0.844926,0.005173,0.017107,0.045242,0.034853,0.050000,0,0,0,0,0
water_fire,l200,800,815.093,0.272178,0.697618,0.635353,0.759883,5,0.00012743,0,0.077018,0.041100,0.112936,0.911845,0.941500,0.882191,0.753584,0.661466,0.845701,0.005220,0.016717,0.045347,0.034381,0.050000,0,0,0,0,0
water_fire,l200,825,821.644,0.271697,0.699445,0.638150,0.760740,5,0.00012457,0,0.077799,0.041268,0.114330,0.911343,0.941526,0.881159,0.756100,0.664486,0.847715,0.005284,0.016908,0.045092,0.034349,0.050000,0,0,0,0,0
water_fire,l200,850,866.157,0.275268,0.700490,0.645431,0.755549,5,0.00011601,0,0.083202,0.042778,0.123625,0.906564,0.940239,0.872889,0.760998,0.673041,0.848954,0.005627,0.018345,0.044356,0.035387,0.050000,0,0,0,0,0
water_fire,l200,875,872.603,0.275943,0.701932,0.648636,0.755228,5,0.00005840,0,0.085538,0.045127,0.125949,0.904290,0.937587,0.870993,0.764127,0.677906,0.850349,0.005966,0.018692,0.044088,0.035551,0.050000,0,0,0,0,0
water_fire,l200,900,917.194,0.273727,0.704483,0.647962,0.761005,5,0.00005045,0,0.086008,0.049321,0.122696,0.903396,0.932367,0.874425,0.767148,0.679919,0.854376,0.006496,0.018250,0.044260,0.034598,0.050000,0,0,0,0,0
water_fire,l200,925,923.736,0.272244,0.708429,0.649897,0.766961,5,0.00006748,0,0.088576,0.053682,0.123470,0.900986,0.927306,0.874666,0.773221,0.684784,0.861658,0.007167,0.018328,0.044261,0.033724,0.050000,0,0,0,0,0
water_fire,l200,950,967.732,0.272981,0.712157,0.656206,0.768108,5,0.00001957,0,0.094384,0.063748,0.125019,0.894964,0.916318,0.873610,0.781087,0.698037,0.864136,0.008541,0.018523,0.043863,0.033594,0.050000,0,0,0,0,0
water_fire,l200,975,974.287,0.273067,0.716434,0.663551,0.769316,5,0.00000001,0,0.098919,0.077001,0.120837,0.889911,0.902734,0.877088,0.788461,0.714645,0.862277,0.010423,0.017915,0.043564,0.033289,0.050000,0,0,0,0,0
water_fire,l200,1000,1017.462,0.272671,0.729506,0.685749,0.773263,5,0.00000000,0,0.115345,0.113572,0.117119,0.875568,0.870530,0.880606,0.813728,0.763630,0.863826,0.015474,0.017357,0.041949,0.032526,0.050000,0,0,0,0,0
water_fire,l200,1025,1023.905,0.272500,0.739145,0.703537,0.774754,5,0.00000000,0,0.126020,0.119275,0.132765,0.868527,0.868455,0.868599,0.832533,0.787452,0.877614,0.016305,0.019765,0.039912,0.032887,0.050000,0,0,0,0,0
water_fire,l200,1050,1067.187,0.274529,0.743014,0.711760,0.774267,5,0.00000145,0,0.136032,0.119779,0.152285,0.861774,0.869350,0.854198,0.844595,0.797014,0.892177,0.016236,0.022658,0.038594,0.033468,0.050000,0,0,0,0,0
water_fire,l200,1075,1073.597,0.277665,0.741371,0.721561,0.761180,5,0.00005016,0,0.136950,0.113404,0.160496,0.861274,0.876304,0.846245,0.843367,0.803389,0.883346,0.015417,0.023952,0.037158,0.035701,0.050000,0,0,0,0,0
water_fire,l200,1100,1116.577,0.277559,0.742665,0.721605,0.763726,5,0.00003684,0,0.139550,0.116591,0.162510,0.859435,0.873590,0.845280,0.846788,0.805737,0.887839,0.015739,0.024223,0.037127,0.035403,0.050000,0,0,0,0,0
water_fire,l200,1125,1123.012,0.276319,0.741982,0.720427,0.763537,5,0.00002753,0,0.138834,0.116088,0.161580,0.859865,0.873838,0.845892,0.845485,0.804060,0.886909,0.015462,0.024027,0.037012,0.035344,0.050000,0,0,0,0,0
water_fire,l200,1150,1169.045,0.277208,0.741291,0.720354,0.762228,5,0.00001390,0,0.139976,0.117598,0.162355,0.858838,0.872545,0.845131,0.845523,0.805066,0.885980,0.015588,0.024057,0.037031,0.035546,0.050000,0,0,0,0,0
water_fire,l200,1175,1175.575,0.277282,0.741579,0.721730,0.761429,5,0.00002792,0,0.139725,0.117094,0.162355,0.859088,0.873183,0.844993,0.845645,0.806241,0.885050,0.015655,0.024039,0.037001,0.035573,0.050000,0,0,0,0,0
water_fire,l200,1200,1220.848,0.277986,0.741410,0.720204,0.762617,5,0.00003317,0,0.138969,0.117598,0.160341,0.859560,0.872522,0.846598,0.844897,0.804899,0.884895,0.015922,0.023839,0.037347,0.035427,0.050000,0,0,0,0,0
water_fire,l200,1225,1227.277,0.278469,0.741818,0.721597,0.762038,5,0.00003115,0,0.139595,0.117765,0.161425,0.859170,0.872595,0.845744,0.845813,0.806576,0.885050,0.016022,0.023994,0.037218,0.035590,0.050000,0,0,0,0,0
water_fire,l200,1250,1273.094,0.278666,0.740785,0.718652,0.762918,5,0.00001224,0,0.138511,0.119779,0.157242,0.859632,0.870441,0.848823,0.843806,0.804731,0.882881,0.016259,0.023419,0.037654,0.035394,0.050000,0,0,0,0,0
water_fire,l200,1275,1279.588,0.279432,0.740505,0.717274,0.763736,5,0.00001774,0,0.139317,0.122630,0.156003,0.858836,0.867836,0.849836,0.844058,0.805234,0.882881,0.016601,0.023253,0.037931,0.035282,0.050000,0,0,0,0,0
water_fire,l200,1300,1324.483,0.279497,0.740600,0.723633,0.757568,5,0.00000080,0,0.139794,0.122966,0.156623,0.858462,0.868567,0.848358,0.844418,0.812615,0.876220,0.016795,0.023129,0.037229,0.035975,0.050000,0,0,0,0,0
water_fire,l200,1325,1331.009,0.279221,0.739422,0.723045,0.755800,5,0.00000000,0,0.138510,0.121792,0.155229,0.859249,0.869448,0.849051,0.842114,0.811106,0.873122,0.016549,0.022923,0.037153,0.036185,0.050000,0,0,0,0,0
water_fire,l200,1350,1375.179,0.278145,0.735234,0.709910,0.760558,5,0.00000000,0,0.130901,0.117262,0.144539,0.864400,0.871200,0.857601,0.831822,0.793156,0.870488,0.015934,0.021433,0.038773,0.035259,0.050000,0,0,0,0,0
water_fire,l2000,1,0.482,0.830884,0.142461,0.117786,0.167136,5,0.00028114,0,0.172118,0.133702,0.210534,0.494871,0.499686,0.490056,0.167929,0.133535,0.202324,0.018194,0.031145,0.120898,0.131328,0.050000,0,0,0,0,0
water_fire,l2000,25,7.361,0.651124,0.218045,0.166826,0.269264,5,0.00000000,0,0.063215,0.052843,0.073586,0.782909,0.768722,0.797095,0.232360,0.175642,0.289078,0.007042,0.010708,0.105920,0.102246,0.050000,0,0,0,0,0
water_fire,l2000,50,51.916,0.589426,0.285496,0.242259,0.328733,5,0.00000000,0,0.056045,0.045630,0.066460,0.844001,0.847363,0.840639,0.301947,0.253313,0.350581,0.005991,0.009562,0.095581,0.093118,0.050000,0,0,0,0,0
water_fire,l2000,75,58.380,0.549314,0.328268,0.279904,0.376633,5,0.00003617,0,0.049455,0.043449,0.055461,0.874032,0.870500,0.877565,0.344793,0.292065,0.397521,0.005669,0.008066,0.090602,0.085627,0.050000,0,0,0,0,0
water_fire,l2000,100,101.707,0.496012,0.396247,0.340228,0.452266,5,0.00000169,0,0.051346,0.046301,0.056390,0.889668,0.884904,0.894432,0.416875,0.355981,0.477769,0.006082,0.008074,0.083209,0.075050,0.050000,0,0,0,0,0
water_fire,l2000,125,107.974,0.441457,0.461146,0.404532,0.517760,5,0.00000000,0,0.047454,0.043785,0.051123,0.910089,0.906048,0.914130,0.483237,0.422245,0.544229,0.005832,0.007302,0.074877,0.065708,0.050000,0,0,0,0,0
water_fire,l2000,150,153.444,0.389792,0.525605,0.465426,0.585784,5,0.00001081,0,0.046982,0.045630,0.048335,0.920656,0.914277,0.927035,0.550380,0.486663,0.614098,0.006090,0.006878,0.067292,0.056152,0.050000,0,0,0,0,0
water_fire,l2000,175,160.000,0.362189,0.562798,0.509939,0.615656,5,0.00000720,0,0.049648,0.046469,0.052827,0.922268,0.919896,0.924641,0.590908,0.533635,0.648180,0.006006,0.007698,0.061465,0.052412,0.050000,0,0,0,0,0
water_fire,l2000,200,204.084,0.347397,0.586981,0.540857,0.633105,5,0.00000812,0,0.054083,0.044959,0.063207,0.920236,0.926313,0.914159,0.619148,0.565174,0.673122,0.006000,0.009145,0.057717,0.050508,0.050000,0,0,0,0,0
water_fire,l2000,225,210.497,0.328757,0.615807,0.572438,0.659176,5,0.00001754,0,0.059951,0.044456,0.075445,0.917302,0.930791,0.903812,0.653397,0.597886,0.708908,0.005875,0.011084,0.053613,0.047489,0.050000,0,0,0,0,0
water_fire,l2000,250,252.752,0.320700,0.623927,0.578102,0.669751,5,0.00000000,0,0.058188,0.044959,0.071418,0.920108,0.930731,0.909484,0.660838,0.604093,0.717583,0.005892,0.010460,0.052969,0.045755,0.050000,0,0,0,0,0
water_fire,l2000,275,258.915,0.312082,0.633927,0.587773,0.680081,5,0.00000000,0,0.057820,0.045462,0.070178,0.921585,0.931113,0.912056,0.671151,0.614494,0.727808,0.005908,0.010239,0.051718,0.044236,0.050000,0,0,0,0,0
water_fire,l2000,300,301.011,0.302097,0.644747,0.592872,0.696623,5,0.00000000,0,0.056871,0.044959,0.068784,0.923884,0.932340,0.915429,0.682033,0.619527,0.744539,0.005712,0.009994,0.050940,0.041906,0.050000,0,0,0,0,0
water_fire,l2000,325,307.346,0.295658,0.659827,0.599070,0.720584,5,0.00000000,0,0.064365,0.046469,0.082262,0.917787,0.930992,0.904582,0.703384,0.626908,0.779861,0.006115,0.012044,0.050465,0.039008,0.050000,0,0,0,0,0
water_fire,l2000,350,351.185,0.289031,0.665859,0.592302,0.739417,5,0.00000000,0,0.062797,0.045965,0.079628,0.920115,0.930930,0.909299,0.708911,0.619527,0.798296,0.006022,0.011724,0.051206,0.036265,0.050000,0,0,0,0,0
water_fire,l2000,375,357.794,0.287804,0.673162,0.597915,0.748410,5,0.00007457,0,0.071008,0.045965,0.096050,0.913358,0.931534,0.895182,0.722846,0.625398,0.820294,0.005858,0.014173,0.050362,0.035540,0.050000,0,0,0,0,0
water_fire,l2000,400,402.356,0.284157,0.678428,0.597082,0.759774,5,0.00018930,0,0.071950,0.046301,0.097599,0.913114,0.931000,0.895227,0.729327,0.624727,0.833927,0.005803,0.014531,0.050378,0.034130,0.050000,0,0,0,0,0
water_fire,l2000,425,409.134,0.282733,0.684600,0.603777,0.765423,5,0.00017734,0,0.076597,0.048314,0.104880,0.909375,0.929082,0.889668,0.739324,0.632947,0.845701,0.006155,0.015644,0.049758,0.033545,0.050000,0,0,0,0,0
water_fire,l2000,450,453.060,0.278070,0.691631,0.611557,0.771704,5,0.00036376,0,0.076630,0.045127,0.108133,0.910899,0.934052,0.887745,0.747153,0.639155,0.855151,0.005980,0.016042,0.048879,0.032715,0.050000,0,0,0,0,0
water_fire,l2000,475,459.559,0.277408,0.691267,0.611710,0.770825,5,0.00034764,0,0.074765,0.042946,0.106584,0.912928,0.936930,0.888925,0.745481,0.637980,0.852982,0.005759,0.015862,0.048807,0.032771,0.050000,0,0,0,0,0
water_fire,l2000,500,504.331,0.276975,0.692222,0.616040,0.768405,5,0.00027667,0,0.077431,0.043785,0.111077,0.910561,0.936248,0.884875,0.748385,0.643013,0.853757,0.005648,0.016435,0.048056,0.033163,0.050000,0,0,0,0,0
water_fire,l2000,525,511.235,0.275812,0.694388,0.621622,0.767154,5,0.00029497,0,0.077934,0.042778,0.113091,0.910571,0.938092,0.883050,0.751063,0.648213,0.853912,0.005713,0.016666,0.047411,0.033268,0.050000,0,0,0,0,0
water_fire,l2000,550,556.150,0.278564,0.697965,0.630554,0.765376,5,0.00024680,0,0.085267,0.042107,0.128428,0.905164,0.939779,0.870550,0.760388,0.657105,0.863672,0.005577,0.019121,0.046245,0.034204,0.050000,0,0,0,0,0
water_fire,l2000,575,562.932,0.277518,0.698455,0.632850,0.764059,5,0.00019537,0,0.084247,0.041772,0.126723,0.906051,0.940416,0.871686,0.760084,0.659285,0.860883,0.005594,0.018915,0.045951,0.034255,0.050000,0,0,0,0,0
water_fire,l2000,600,609.182,0.279670,0.701266,0.641145,0.761387,5,0.00029078,0,0.091186,0.042946,0.139427,0.900595,0.939651,0.861538,0.768112,0.668680,0.867545,0.005704,0.020703,0.044938,0.035014,0.050000,0,0,0,0,0
water_fire,l2000,625,615.956,0.280444,0.701913,0.643375,0.760451,5,0.00029269,0,0.091690,0.041939,0.141441,0.900502,0.941121,0.859883,0.769183,0.670357,0.868009,0.005581,0.021179,0.044603,0.035430,0.050000,0,0,0,0,0
water_fire,l2000,650,661.747,0.279421,0.701646,0.640720,0.762571,5,0.00021089,0,0.091503,0.043114,0.139892,0.900388,0.939401,0.861375,0.768796,0.668344,0.869249,0.005728,0.020684,0.045028,0.034857,0.050000,0,0,0,0,0
water_fire,l2000,675,668.512,0.282301,0.699670,0.640457,0.758883,5,0.00021480,0,0.092826,0.043281,0.142370,0.899053,0.939165,0.858941,0.767551,0.668176,0.866925,0.005763,0.021160,0.045054,0.035534,0.050000,0,0,0,0,0
water_fire,l2000,700,713.636,0.280169,0.700879,0.641594,0.760163,5,0.00023880,0,0.091606,0.043785,0.139427,0.899989,0.938632,0.861346,0.767918,0.669686,0.866150,0.005808,0.020666,0.044911,0.035187,0.050000,0,0,0,0,0
water_fire,l2000,725,720.447,0.279549,0.700602,0.640328,0.760875,5,0.00025588,0,0.091012,0.042443,0.139582,0.900780,0.940217,0.861342,0.767293,0.667505,0.867080,0.005631,0.020612,0.045033,0.034969,0.050000,0,0,0,0,0
water_fire,l2000,750,765.209,0.279814,0.700012,0.639305,0.760719,5,0.00022550,0,0.090231,0.042275,0.138187,0.901354,0.940341,0.862367,0.766086,0.666331,0.865840,0.005664,0.020443,0.045141,0.035025,0.050000,0,0,0,0,0
water_fire,l2000,775,772.050,0.281677,0.699722,0.641707,0.757736,5,0.00024486,0,0.091606,0.041772,0.141441,0.900321,0.941190,0.859452,0.766711,0.668512,0.864911,0.005529,0.021007,0.044900,0.035667,0.050000,0,0,0,0,0
water_fire,l2000,800,816.918,0.281779,0.700158,0.644122,0.756193,5,0.00027939,0,0.093078,0.041772,0.144384,0.899205,0.941398,0.857011,0.768202,0.671028,0.865376,0.005546,0.021316,0.044566,0.035863,0.050000,0,0,0,0,0
water_fire,l2000,825,823.670,0.281825,0.700024,0.643501,0.756548,5,0.00026443,0,0.092187,0.042778,0.141596,0.899608,0.940071,0.859146,0.767350,0.671028,0.863672,0.005672,0.021032,0.044680,0.035848,0.050000,0,0,0,0,0
water_fire,l2000,850,869.175,0.281539,0.700579,0.645874,0.755285,5,0.00024683,0,0.092032,0.040765,0.143300,0.900247,0.942824,0.857670,0.767860,0.672203,0.863517,0.005415,0.021306,0.044303,0.036125,0.050000,0,0,0,0,0
water_fire,l2000,875,875.951,0.281327,0.701403,0.647627,0.755179,5,0.00026522,0,0.093342,0.042610,0.144074,0.898859,0.940640,0.857077,0.769602,0.675222,0.863981,0.005594,0.021338,0.044135,0.036113,0.050000,0,0,0,0,0
water_fire,l2000,900,921.516,0.282735,0.700331,0.644166,0.756497,5,0.00030378,0,0.094162,0.043785,0.144539,0.897904,0.938862,0.856946,0.769105,0.672370,0.865840,0.005873,0.021376,0.044721,0.035829,0.050000,0,0,0,0,0
water_fire,l2000,925,928.220,0.281359,0.700659,0.643800,0.757518,5,0.00027696,0,0.092691,0.041772,0.143610,0.899585,0.941370,0.857800,0.768499,0.670693,0.866305,0.005604,0.021292,0.044558,0.035716,0.050000,0,0,0,0,0
water_fire,l2000,950,973.756,0.281276,0.701101,0.644716,0.757485,5,0.00027635,0,0.093955,0.044456,0.143455,0.897990,0.938070,0.857910,0.769764,0.673377,0.866150,0.005651,0.021324,0.044388,0.035819,0.050000,0,0,0,0,0
water_fire,l2000,975,980.440,0.280424,0.701272,0.644964,0.757580,5,0.00026321,0,0.092736,0.040933,0.144539,0.899828,0.942534,0.857121,0.769222,0.671364,0.867080,0.005408,0.021326,0.044353,0.035694,0.050000,0,0,0,0,0
water_fire,l2000,1000,1024.903,0.282205,0.700649,0.643615,0.757682,5,0.00027668,0,0.093749,0.043114,0.144384,0.898455,0.939657,0.857252,0.769222,0.671364,0.867080,0.005715,0.021440,0.044638,0.035789,0.050000,0,0,0,0,0
water_fire,l500,1,0.524,0.830884,0.142461,0.117786,0.167136,5,0.00028114,0,0.172118,0.133702,0.210534,0.494871,0.499686,0.490056,0.167929,0.133535,0.202324,0.018194,0.031145,0.120898,0.131328,0.050000,0,0,0,0,0
water_fire,l500,25,6.966,0.651124,0.218045,0.166826,0.269264,5,0.00000000,0,0.063215,0.052843,0.073586,0.782909,0.768722,0.797095,0.232360,0.175642,0.289078,0.007042,0.010708,0.105920,0.102246,0.050000,0,0,0,0,0
water_fire,l500,50,48.485,0.589426,0.285496,0.242259,0.328733,5,0.00000000,0,0.056045,0.045630,0.066460,0.844001,0.847363,0.840639,0.301947,0.253313,0.350581,0.005991,0.009562,0.095581,0.093118,0.050000,0,0,0,0,0
water_fire,l500,75,54.485,0.549314,0.328268,0.279904,0.376633,5,0.00003617,0,0.049455,0.043449,0.055461,0.874032,0.870500,0.877565,0.344793,0.292065,0.397521,0.005669,0.008066,0.090602,0.085627,0.050000,0,0,0,0,0
water_fire,l500,100,94.899,0.496145,0.396247,0.340228,0.452266,5,0.00000153,0,0.051346,0.046301,0.056390,0.889668,0.884904,0.894432,0.416875,0.355981,0.477769,0.006080,0.008082,0.083204,0.075096,0.050000,0,0,0,0,0
water_fire,l500,125,100.743,0.439335,0.463907,0.406074,0.521739,5,0.00000000,0,0.047538,0.043952,0.051123,0.910394,0.906060,0.914729,0.486167,0.423922,0.548412,0.005849,0.007307,0.074695,0.065171,0.050000,0,0,0,0,0
water_fire,l500,150,143.777,0.391796,0.523245,0.464068,0.582422,5,0.00000598,0,0.047299,0.045798,0.048799,0.919896,0.913771,0.926022,0.548083,0.485321,0.610844,0.006084,0.006971,0.067394,0.056676,0.050000,0,0,0,0,0
water_fire,l500,175,149.893,0.359924,0.564033,0.511161,0.616905,5,0.00000719,0,0.047409,0.044623,0.050194,0.925486,0.922876,0.928096,0.590920,0.533971,0.647870,0.005926,0.007186,0.061363,0.052054,0.050000,0,0,0,0,0
water_fire,l500,200,192.178,0.348014,0.583146,0.537498,0.628793,5,0.00000000,0,0.050662,0.044623,0.056700,0.923876,0.926377,0.921375,0.612965,0.561483,0.664446,0.005831,0.008235,0.058100,0.050872,0.050000,0,0,0,0,0
water_fire,l500,225,198.267,0.328394,0.609927,0.574871,0.644982,5,0.00000000,0,0.053121,0.044120,0.062122,0.924192,0.931528,0.916857,0.642643,0.600235,0.685050,0.005794,0.008953,0.053366,0.048725,0.050000,0,0,0,0,0
water_fire,l500,250,239.137,0.320643,0.618408,0.584566,0.652250,5,0.00000000,0,0.051856,0.043449,0.060263,0.926674,0.933504,0.919843,0.650761,0.609965,0.691557,0.005663,0.008768,0.051998,0.047667,0.050000,0,0,0,0,0
water_fire,l500,275,245.227,0.309083,0.631931,0.605812,0.658049,5,0.00000000,0,0.049739,0.044791,0.054686,0.930436,0.933911,0.926960,0.663492,0.632947,0.694036,0.005872,0.007903,0.049427,0.046714,0.050000,0,0,0,0,0
water_fire,l500,300,287.123,0.307248,0.636324,0.607739,0.664909,5,0.00000000,0,0.051288,0.044791,0.057785,0.929093,0.934107,0.924079,0.669146,0.634961,0.703331,0.005937,0.008493,0.049212,0.045989,0.050000,0,0,0,0,0
water_fire,l500,325,293.363,0.304825,0.642852,0.613655,0.672050,5,0.00000000,0,0.054522,0.044288,0.064756,0.926186,0.935357,0.917014,0.678201,0.640832,0.715569,0.005944,0.009478,0.048611,0.045286,0.050000,0,0,0,0,0
water_fire,l500,350,335.078,0.302117,0.645918,0.615856,0.675981,5,0.00000000,0,0.055562,0.041100,0.070023,0.925748,0.939759,0.911736,0.682241,0.641168,0.723315,0.005441,0.010191,0.048045,0.044845,0.050000,0,0,0,0,0
water_fire,l500,375,341.383,0.297447,0.649314,0.616116,0.682512,5,0.00000000,0,0.053309,0.040933,0.065686,0.928588,0.940005,0.917171,0.684339,0.641335,0.727343,0.005276,0.009596,0.047915,0.043798,0.050000,0,0,0,0,0
water_fire,l500,400,384.044,0.296513,0.653720,0.619787,0.687653,5,0.00000000,0,0.056518,0.037745,0.075290,0.926077,0.944568,0.907587,0.691304,0.643181,0.739427,0.005012,0.010979,0.047460,0.043382,0.050000,0,0,0,0,0
water_fire,l500,425,390.381,0.292793,0.657673,0.616877,0.698470,5,0.00000000,0,0.055511,0.037745,0.073277,0.927639,0.944321,0.910956,0.694906,0.640161,0.749651,0.004992,0.010737,0.047849,0.041884,0.050000,0,0,0,0,0
water_fire,l500,450,432.880,0.287163,0.664442,0.618099,0.710784,5,0.00000000,0,0.055376,0.036236,0.074516,0.928781,0.946455,0.911107,0.702123,0.640497,0.763749,0.004857,0.010931,0.047722,0.040105,0.050000,0,0,0,0,0
water_fire,l500,475,439.148,0.284033,0.667239,0.617366,0.717112,5,0.00000000,0,0.054188,0.035565,0.072812,0.930421,0.947303,0.913539,0.704324,0.639322,0.769326,0.004794,0.010702,0.047685,0.039245,0.050000,0,0,0,0,0
water_fire,l500,500,481.408,0.283930,0.669359,0.618223,0.720495,5,0.00000000,0,0.056473,0.036571,0.076375,0.928180,0.946013,0.910347,0.708177,0.640832,0.775523,0.004855,0.011319,0.047585,0.038972,0.050000,0,0,0,0,0
water_fire,l500,525,487.668,0.283062,0.669873,0.619032,0.720713,5,0.00000000,0,0.057170,0.036571,0.077769,0.927536,0.946080,0.908992,0.709217,0.641671,0.776762,0.004826,0.011344,0.047499,0.038770,0.050000,0,0,0,0,0
water_fire,l500,550,529.567,0.282453,0.670983,0.620181,0.721784,5,0.00000000,0,0.057990,0.035732,0.080248,0.926993,0.947303,0.906683,0.711024,0.642342,0.779706,0.004729,0.011641,0.047298,0.038668,0.050000,0,0,0,0,0
water_fire,l500,575,535.970,0.281257,0.672346,0.621832,0.722859,5,0.00000000,0,0.057177,0.032713,0.081642,0.928491,0.951529,0.905454,0.712024,0.642174,0.781875,0.004299,0.011937,0.046945,0.038690,0.050000,0,0,0,0,0
water_fire,l500,600,578.971,0.280724,0.672913,0.620471,0.725355,5,0.00000000,0,0.056087,0.032545,0.079628,0.929680,0.951657,0.907703,0.711889,0.640664,0.783114,0.004342,0.011742,0.047156,0.038377,0.050000,0,0,0,0,0
water_fire,l500,625,585.324,0.280008,0.673424,0.622442,0.724405,5,0.00000000,0,0.056725,0.033048,0.080403,0.928978,0.951117,0.906839,0.712831,0.643013,0.782649,0.004361,0.011829,0.046827,0.038414,0.050000,0,0,0,0,0
water_fire,l500,650,627.726,0.280590,0.673972,0.621569,0.726375,5,0.00000000,0,0.057416,0.032880,0.081952,0.928425,0.951280,0.905569,0.713954,0.642006,0.785902,0.004374,0.012034,0.047033,0.038294,0.050000,0,0,0,0,0
water_fire,l500,675,634.178,0.280534,0.673508,0.621411,0.725605,5,0.00000000,0,0.057700,0.034222,0.081177,0.927835,0.949442,0.906228,0.713593,0.642677,0.784508,0.004477,0.011935,0.047049,0.038256,0.050000,0,0,0,0,0
water_fire,l500,700,677.574,0.275640,0.678387,0.619433,0.737342,5,0.00000000,0,0.056447,0.035900,0.076995,0.929315,0.947017,0.911613,0.717892,0.641671,0.794113,0.004680,0.011303,0.047327,0.036562,0.050000,0,0,0,0,0
water_fire,l500,725,683.924,0.270132,0.685322,0.624048,0.746596,5,0.00000000,0,0.058048,0.035229,0.080868,0.928603,0.948289,0.908916,0.726502,0.646033,0.806971,0.004590,0.011752,0.046704,0.035170,0.050000,0,0,0,0,0
water_fire,l500,750,728.245,0.268471,0.688232,0.624636,0.751829,5,0.00000000,0,0.058171,0.036403,0.079938,0.928566,0.946762,0.910370,0.729652,0.647375,0.811929,0.004771,0.011724,0.046762,0.034481,0.050000,0,0,0,0,0
water_fire,l500,775,734.574,0.259115,0.697287,0.619919,0.774654,5,0.00000000,0,0.055208,0.035900,0.074516,0.932445,0.947056,0.917834,0.737276,0.642174,0.832378,0.004878,0.010896,0.047417,0.031067,0.050000,0,0,0,0,0
water_fire,l500,800,778.106,0.253703,0.700893,0.605850,0.795936,5,0.00000000,0,0.052735,0.038081,0.067390,0.934708,0.942907,0.926508,0.739248,0.628921,0.849574,0.005090,0.009843,0.049219,0.027882,0.050000,0,0,0,0,0
water_fire,l500,825,784.312,0.255510,0.700048,0.604516,0.795580,5,0.00000000,0,0.052812,0.040094,0.065531,0.934150,0.940055,0.928244,0.738234,0.628754,0.847715,0.005461,0.009616,0.049614,0.028018,0.050000,0,0,0,0,0
water_fire,l500,850,826.838,0.254139,0.701131,0.606359,0.795904,5,0.00001495,0,0.052942,0.039423,0.066460,0.934259,0.941132,0.927387,0.739531,0.630263,0.848799,0.005238,0.009747,0.049288,0.027929,0.050000,0,0,0,0,0
water_fire,l500,875,833.042,0.255489,0.698904,0.603554,0.794254,5,0.00000254,0,0.053058,0.038416,0.067699,0.934157,0.942245,0.926070,0.737383,0.626740,0.848025,0.005240,0.009918,0.049549,0.028034,0.050000,0,0,0,0,0
water_fire,l500,900,874.691,0.254926,0.701611,0.609650,0.793573,5,0.00000000,0,0.054884,0.039591,0.070178,0.932439,0.941206,0.923673,0.741525,0.633786,0.849264,0.005304,0.010325,0.048867,0.028294,0.050000,0,0,0,0,0
water_fire,l500,925,880.903,0.257199,0.700093,0.608500,0.791685,5,0.00000000,0,0.059544,0.045965,0.073122,0.926699,0.932645,0.920752,0.743022,0.636470,0.849574,0.005735,0.010700,0.048918,0.028598,0.050000,0,0,0,0,0
water_fire,l500,950,922.838,0.251122,0.705663,0.611093,0.800232,5,0.00000086,0,0.054142,0.040429,0.067854,0.933325,0.940213,0.926436,0.745165,0.635799,0.854531,0.005346,0.009994,0.048697,0.027340,0.050000,0,0,0,0,0
water_fire,l500,975,929.092,0.253760,0.702820,0.610582,0.795057,5,0.00000122,0,0.055904,0.039926,0.071882,0.931527,0.940840,0.922213,0.743584,0.634961,0.852208,0.005268,0.010503,0.048598,0.028103,0.050000,0,0,0,0,0
water_fire,l500,1000,971.269,0.248727,0.710382,0.614714,0.806050,5,0.00000063,0,0.055046,0.039758,0.070333,0.933030,0.941438,0.924622,0.750948,0.639155,0.862742,0.005393,0.010401,0.048310,0.026702,0.050000,0,0,0,0,0
water_fire,l500,1025,977.493,0.246602,0.713444,0.615769,0.811119,5,0.00000216,0,0.056621,0.040429,0.072812,0.931713,0.940640,0.922786,0.755421,0.640664,0.870178,0.005386,0.010770,0.048148,0.025974,0.050000,0,0,0,0,0
water_fire,l500,1050,1019.522,0.250651,0.709576,0.611846,0.807305,5,0.00002902,0,0.058364,0.039423,0.077304,0.930000,0.941629,0.918371,0.752840,0.635967,0.869713,0.005257,0.011513,0.048531,0.026628,0.050000,0,0,0,0,0
water_fire,l500,1075,1025.709,0.254661,0.707321,0.609623,0.805018,5,0.00002813,0,0.063262,0.045965,0.080558,0.924001,0.932761,0.915240,0.753757,0.637645,0.869868,0.006037,0.011834,0.049003,0.026942,0.050000,0,0,0,0,0
water_fire,l500,1100,1067.322,0.255826,0.706808,0.608947,0.804668,5,0.00005231,0,0.064049,0.046301,0.081797,0.923179,0.932253,0.914104,0.753815,0.637141,0.870488,0.006108,0.012001,0.049149,0.027060,0.050000,0,0,0,0,0
water_fire,l500,1125,1073.570,0.253002,0.709760,0.610577,0.808944,5,0.00002688,0,0.063836,0.046804,0.080868,0.923555,0.931768,0.915342,0.756758,0.639155,0.874361,0.006233,0.011799,0.049003,0.026309,0.050000,0,0,0,0,0
water_fire,l500,1150,1114.865,0.249343,0.710486,0.611004,0.809968,5,0.00001981,0,0.059151,0.039758,0.078544,0.929305,0.941103,0.917507,0.754441,0.635296,0.873586,0.005298,0.011398,0.048651,0.026111,0.050000,0,0,0,0,0
water_fire,l500,1175,1121.101,0.251197,0.708959,0.609944,0.807974,5,0.00003602,1,0.063107,0.045965,0.080248,0.924297,0.932794,0.915800,0.755396,0.637980,0.872812,0.005530,0.011757,0.048590,0.026490,0.050000,0,0,0,0,0
water_fire,l500,1200,1163.161,0.250421,0.709446,0.609135,0.809757,5,0.00003739,0,0.061667,0.046804,0.076530,0.925456,0.931618,0.919294,0.754686,0.637645,0.871727,0.005852,0.011152,0.048895,0.026068,0.050000,0,0,0,0,0
water_fire,l500,1225,1169.466,0.248083,0.711249,0.611030,0.811467,5,0.00018115,0,0.059170,0.040262,0.078079,0.929247,0.940432,0.918062,0.755229,0.635632,0.874826,0.005283,0.011318,0.048590,0.025761,0.050000,0,0,0,0,0
water_fire,l500,1250,1211.595,0.247080,0.713651,0.613947,0.813354,5,0.00025040,0,0.059067,0.041604,0.076530,0.929269,0.938916,0.919623,0.757545,0.639490,0.875600,0.005523,0.011186,0.048352,0.025596,0.050000,0,0,0,0,0
water_fire,l500,1275,1217.903,0.249582,0.714579,0.617775,0.811383,5,0.00021823,0,0.062643,0.041939,0.083346,0.926112,0.938830,0.913393,0.761346,0.643684,0.879009,0.005601,0.012339,0.047963,0.026210,0.050000,0,0,0,0,0
water_fire,l500,1300,1260.247,0.258447,0.711891,0.624034,0.799748,5,0.00023484,0,0.073081,0.041436,0.104725,0.917045,0.940063,0.894027,0.766696,0.649891,0.883501,0.005532,0.015545,0.047171,0.028385,0.050000,0,0,0,0,0
water_fire,l500,1325,1266.642,0.249562,0.719509,0.624919,0.814098,5,0.00006397,0,0.068717,0.040765,0.096669,0.921660,0.941019,0.902302,0.771595,0.650394,0.892796,0.005507,0.014344,0.047082,0.026165,0.050000,0,0,0,0,0
water_fire,l500,1350,1309.420,0.246809,0.720264,0.622179,0.818350,5,0.00011566,1,0.065774,0.040765,0.090782,0.924231,0.940775,0.907687,0.770092,0.647542,0.892641,0.005492,0.013386,0.047445,0.025359,0.050000,0,0,0,0,0
water_fire,l500,1375,1315.790,0.243145,0.721202,0.618073,0.824330,5,0.00005652,1,0.061307,0.041436,0.081177,0.928020,0.939520,0.916521,0.767466,0.643684,0.891247,0.005593,0.011989,0.047942,0.024301,0.050000,0,0,0,0,0
water_fire,l500,1400,1359.209,0.242895,0.719889,0.615335,0.824443,5,0.00006334,0,0.059448,0.041436,0.077459,0.929531,0.939267,0.919795,0.764568,0.640832,0.888304,0.005604,0.011353,0.048273,0.024198,0.050000,0,0,0,0,0
water_fire,l500,1425,1365.540,0.243076,0.720017,0.617467,0.822567,5,0.00003961,0,0.060132,0.041100,0.079163,0.929014,0.939907,0.918122,0.765265,0.642845,0.887684,0.005511,0.011635,0.047996,0.024447,0.050000,0,0,0,0,0
water_fire,l500,1450,1408.363,0.242237,0.719474,0.617344,0.821604,5,0.00005149,1,0.057486,0.040765,0.074206,0.931390,0.940339,0.922442,0.762541,0.642510,0.882572,0.005431,0.011034,0.047951,0.024549,0.050000,0,0,0,0,0
water_fire,l500,1475,1414.916,0.243979,0.715594,0.614927,0.816262,5,0.00000666,1,0.056872,0.042946,0.070798,0.931155,0.937240,0.925070,0.757693,0.641335,0.874051,0.005642,0.010374,0.048276,0.025041,0.050000,0,0,0,0,0
water_fire,l500,1500,1457.828,0.244543,0.714551,0.609328,0.819774,5,0.00000139,0,0.060253,0.050327,0.070178,0.926514,0.927096,0.925932,0.758649,0.639993,0.877304,0.005983,0.010254,0.048742,0.024654,0.050000,0,0,0,0,0
water_fire,l500,1525,1464.120,0.243149,0.717708,0.616077,0.819338,5,0.00000000,0,0.057666,0.043449,0.071882,0.930517,0.936690,0.924344,0.760540,0.642845,0.878234,0.005711,0.010560,0.048143,0.024771,0.050000,0,0,0,0,0
water_fire,l500,1550,1507.547,0.244084,0.716833,0.614592,0.819074,5,0.00001128,0,0.057673,0.041604,0.073741,0.930808,0.938976,0.922639,0.759817,0.640161,0.879473,0.005625,0.010793,0.048349,0.024801,0.050000,0,0,0,0,0
water_fire,l500,1575,1513.892,0.249604,0.713919,0.611005,0.816832,5,0.00000063,1,0.063409,0.051837,0.074981,0.923344,0.925362,0.921326,0.760378,0.642677,0.878079,0.006898,0.010889,0.049241,0.025066,0.050000,0,0,0,0,0
water_fire,l500,1600,1558.172,0.244972,0.716394,0.613376,0.819412,5,0.00000001,1,0.058344,0.040933,0.075755,0.930307,0.939753,0.920861,0.759985,0.638483,0.881487,0.005537,0.011039,0.048583,0.024787,0.050000,0,0,0,0,0
water_fire,l500,1625,1564.547,0.246057,0.717030,0.613230,0.820829,5,0.00000555,1,0.061106,0.042275,0.079938,0.927621,0.937962,0.917281,0.762800,0.639155,0.886445,0.005662,0.011771,0.048526,0.024775,0.050000,0,0,0,0,0
water_fire,l500,1650,1609.078,0.249379,0.715325,0.615100,0.815549,5,0.00005069,1,0.064043,0.042107,0.085980,0.924936,0.938360,0.911511,0.763335,0.641000,0.885670,0.005664,0.012665,0.048367,0.025582,0.050000,0,0,0,0,0
water_fire,l500,1675,1615.473,0.247544,0.716219,0.614270,0.818169,5,0.00003314,1,0.063095,0.041604,0.084586,0.925960,0.938946,0.912974,0.763600,0.639826,0.887374,0.005534,0.012419,0.048351,0.025179,0.050000,0,0,0,0,0
water_fire,l500,1700,1658.779,0.249428,0.714833,0.613132,0.816533,5,0.00004569,1,0.063746,0.042443,0.085050,0.925071,0.937731,0.912412,0.762567,0.639155,0.885980,0.005624,0.012551,0.048549,0.025495,0.050000,0,0,0,0,0
water_fire,l500,1725,1665.160,0.253725,0.714398,0.609542,0.819255,5,0.00002538,1,0.070361,0.051334,0.089388,0.917399,0.925836,0.908962,0.766659,0.640832,0.892486,0.006810,0.013190,0.049359,0.025210,0.050000,0,0,0,0,0
water_fire,l500,1750,1708.774,0.253069,0.713901,0.609063,0.818739,5,0.00001763,1,0.068812,0.051334,0.086290,0.918671,0.925782,0.911559,0.764858,0.640329,0.889388,0.006809,0.012666,0.049503,0.025111,0.050000,0,0,0,0,0
cat_face_bass,l200,1,0.512,1.242181,0.096416,0.086784,0.106047,5,0.00065412,0,0.105446,0.082433,0.128458,0.507453,0.532615,0.482291,0.106804,0.093938,0.119670,0.020725,0.029324,0.200262,0.188621,0.050000,0,0,0,0,0
cat_face_bass,l200,25,7.005,1.114654,0.152492,0.124859,0.180126,5,0.00000000,0,0.073309,0.062425,0.084192,0.689379,0.680000,0.698758,0.163972,0.132653,0.195291,0.015546,0.019051,0.188206,0.166047,0.050000,0,0,0,0,0
cat_face_bass,l200,50,50.779,0.980088,0.237854,0.199695,0.276013,5,0.00000000,0,0.056007,0.049520,0.062493,0.816608,0.808880,0.824337,0.251423,0.209584,0.293262,0.012191,0.013986,0.170017,0.143590,0.050000,0,0,0,0,0
cat_face_bass,l200,75,56.875,0.837734,0.340162,0.308031,0.372293,5,0.00000000,0,0.045452,0.043818,0.047087,0.886147,0.880066,0.892227,0.355676,0.321529,0.389823,0.010876,0.010433,0.145986,0.122604,0.050000,0,0,0,0,0
cat_face_bass,l200,100,97.784,0.714835,0.438833,0.416904,0.460763,5,0.00000000,0,0.043694,0.054622,0.032766,0.912538,0.889496,0.935580,0.457768,0.439676,0.475860,0.013444,0.007097,0.124274,0.103735,0.050000,0,0,0,0,0
cat_face_bass,l200,125,103.771,0.621290,0.520979,0.475302,0.566656,5,0.00000000,0,0.048622,0.061224,0.036020,0.916974,0.891758,0.942190,0.545735,0.504402,0.587067,0.014978,0.007735,0.112291,0.083450,0.050000,0,0,0,0,0
cat_face_bass,l200,150,144.361,0.511873,0.622358,0.544488,0.700228,5,0.00003638,1,0.060021,0.072629,0.047412,0.914338,0.889397,0.939280,0.658730,0.584034,0.733427,0.017795,0.010618,0.098288,0.058121,0.050000,0,0,0,0,0
cat_face_bass,l200,175,150.373,0.453930,0.675629,0.592699,0.758560,5,0.00107907,1,0.067201,0.082433,0.051969,0.912498,0.886141,0.938856,0.719769,0.641557,0.797982,0.020186,0.011446,0.088435,0.046807,0.050000,0,0,0,0,0
cat_face_bass,l200,200,192.459,0.420529,0.703005,0.611075,0.794935,5,0.00181123,1,0.066812,0.083934,0.049691,0.915665,0.887534,0.943797,0.748401,0.662365,0.834436,0.020456,0.011022,0.084482,0.039533,0.050000,0,0,0,0,0
cat_face_bass,l200,225,198.657,0.396526,0.726787,0.643519,0.810056,5,0.00299475,1,0.069625,0.090536,0.048714,0.915749,0.885732,0.945766,0.775649,0.701781,0.849517,0.022527,0.010766,0.078221,0.036609,0.050000,0,0,0,0,0
cat_face_bass,l200,250,239.974,0.356104,0.760009,0.701564,0.818454,5,0.00387955,0,0.074928,0.099840,0.050016,0.915217,0.885432,0.945001,0.815499,0.771609,0.859390,0.024113,0.011081,0.065191,0.035008,0.050000,0,0,0,0,0
cat_face_bass,l200,275,246.053,0.338623,0.778546,0.733309,0.823783,5,0.00501195,1,0.079684,0.102841,0.056526,0.913098,0.887182,0.939014,0.839536,0.808723,0.870348,0.025425,0.012510,0.058677,0.034061,0.050000,0,0,0,0,0
cat_face_bass,l200,300,286.695,0.338393,0.777736,0.742717,0.812755,5,0.00370753,1,0.082797,0.102341,0.063253,0.910343,0.888889,0.931797,0.841446,0.818727,0.864164,0.025113,0.013832,0.056328,0.036132,0.050000,0,0,0,0,0
cat_face_bass,l200,325,292.728,0.339054,0.778164,0.751410,0.804918,5,0.00386046,1,0.083625,0.099440,0.067809,0.909719,0.892564,0.926875,0.842815,0.826130,0.859499,0.024429,0.015057,0.054308,0.038067,0.050000,0,0,0,0,0
cat_face_bass,l200,350,334.813,0.341568,0.776525,0.757355,0.795695,5,0.00406696,1,0.083400,0.098339,0.068460,0.909877,0.894278,0.925475,0.841000,0.831833,0.850168,0.024371,0.015283,0.053067,0.040014,0.050000,0,0,0,0,0
cat_face_bass,l200,375,340.931,0.346126,0.774730,0.760802,0.788658,5,0.00437459,1,0.086715,0.102041,0.071390,0.906797,0.891501,0.922093,0.841698,0.838435,0.844960,0.025003,0.015927,0.052285,0.041604,0.050000,0,0,0,0,0
cat_face_bass,l200,400,382.175,0.345854,0.774179,0.767482,0.780876,5,0.00446675,1,0.085060,0.100140,0.069979,0.908345,0.893973,0.922717,0.839930,0.844338,0.835521,0.024918,0.015594,0.050967,0.043020,0.050000,0,0,0,0,0
cat_face_bass,l200,425,388.288,0.330652,0.780375,0.780328,0.780421,5,0.00436410,1,0.078475,0.085234,0.071715,0.914791,0.908554,0.921027,0.841614,0.846839,0.836389,0.021174,0.015979,0.047389,0.043234,0.050000,0,0,0,0,0
cat_face_bass,l200,450,430.895,0.323111,0.783365,0.784885,0.781844,5,0.00449123,1,0.075383,0.077531,0.073234,0.917877,0.916026,0.919729,0.842420,0.845738,0.839102,0.018989,0.016296,0.045854,0.043160,0.050000,0,0,0,0,0
cat_face_bass,l200,475,437.105,0.321468,0.785252,0.786867,0.783636,5,0.00429231,1,0.076367,0.078631,0.074102,0.917148,0.915210,0.919085,0.845223,0.848739,0.841706,0.019284,0.016640,0.045457,0.042735,0.050000,0,0,0,0,0
cat_face_bass,l200,500,479.871,0.318836,0.788063,0.788913,0.787213,5,0.00431072,1,0.077485,0.079132,0.075838,0.916384,0.914955,0.917813,0.849127,0.851341,0.846913,0.019398,0.016889,0.045201,0.041929,0.050000,0,0,0,0,0
cat_face_bass,l200,525,486.135,0.321099,0.785480,0.787542,0.783418,5,0.00429983,1,0.076124,0.079232,0.073017,0.917405,0.914729,0.920081,0.845280,0.849940,0.840621,0.019431,0.016489,0.045320,0.042750,0.050000,0,0,0,0,0
cat_face_bass,l200,550,528.704,0.317750,0.789536,0.789078,0.789994,5,0.00421886,1,0.077326,0.079032,0.075621,0.916671,0.915063,0.918279,0.850587,0.851441,0.849734,0.019494,0.016911,0.045198,0.041532,0.050000,0,0,0,0,0
cat_face_bass,l200,575,534.852,0.317729,0.788153,0.790397,0.785909,5,0.00437945,1,0.076046,0.077231,0.074862,0.917715,0.916837,0.918594,0.848092,0.851441,0.844743,0.018908,0.016779,0.044703,0.042342,0.050000,0,0,0,0,0
cat_face_bass,l200,600,576.838,0.316970,0.788676,0.790296,0.787056,5,0.00434352,1,0.075383,0.076230,0.074536,0.918376,0.917746,0.919005,0.848130,0.850540,0.845720,0.018856,0.016722,0.044843,0.042011,0.050000,0,0,0,0,0
cat_face_bass,l200,625,582.948,0.318151,0.788635,0.789439,0.787830,5,0.00419851,1,0.075687,0.078031,0.073343,0.918100,0.916012,0.920189,0.848326,0.851040,0.845611,0.019274,0.016654,0.044977,0.042130,0.050000,0,0,0,0,0
cat_face_bass,l200,650,624.644,0.317244,0.788868,0.789435,0.788302,5,0.00435643,1,0.074840,0.077531,0.072149,0.918909,0.916469,0.921348,0.847909,0.850640,0.845177,0.019154,0.016432,0.044962,0.041977,0.050000,0,0,0,0,0
cat_face_bass,l200,675,630.870,0.317464,0.788761,0.790804,0.786718,5,0.00447052,1,0.075137,0.076931,0.073343,0.918618,0.917151,0.920085,0.848029,0.851641,0.844418,0.019024,0.016564,0.044736,0.042249,0.050000,0,0,0,0,0
cat_face_bass,l200,700,672.715,0.317294,0.788293,0.789875,0.786711,5,0.00444870,1,0.074866,0.076931,0.072800,0.918827,0.917062,0.920592,0.847312,0.850640,0.843984,0.018864,0.016435,0.044758,0.042319,0.050000,0,0,0,0,0
cat_face_bass,l200,725,678.829,0.317562,0.788140,0.790183,0.786097,5,0.00449862,1,0.074194,0.076130,0.072258,0.919435,0.917827,0.921043,0.846620,0.850340,0.842899,0.018796,0.016384,0.044802,0.042412,0.050000,0,0,0,0,0
cat_face_bass,l200,750,721.051,0.319182,0.787101,0.789860,0.784341,5,0.00414252,1,0.074957,0.077331,0.072583,0.918634,0.916694,0.920575,0.846106,0.850940,0.841272,0.019075,0.016371,0.045025,0.042680,0.050000,0,0,0,0,0
cat_face_bass,l200,775,727.236,0.318146,0.787013,0.790598,0.783428,5,0.00438235,1,0.073948,0.076831,0.071064,0.919573,0.917224,0.921922,0.845221,0.851341,0.839102,0.018975,0.016016,0.044729,0.042801,0.050000,0,0,0,0,0
cat_face_bass,l200,800,768.688,0.317865,0.788210,0.789889,0.786532,5,0.00419690,1,0.074911,0.078431,0.071390,0.918794,0.915690,0.921899,0.847261,0.851841,0.842682,0.019269,0.016216,0.044918,0.042315,0.050000,0,0,0,0,0
cat_face_bass,l200,825,774.885,0.318071,0.787518,0.790788,0.784248,5,0.00438861,1,0.075228,0.077331,0.073126,0.918420,0.916783,0.920057,0.846769,0.851941,0.841597,0.018976,0.016355,0.044690,0.042644,0.050000,0,0,0,0,0
cat_face_bass,l200,850,816.623,0.319056,0.784907,0.794779,0.775035,5,0.00107568,1,0.074707,0.076831,0.072583,0.918660,0.917623,0.919698,0.843566,0.855842,0.831290,0.018857,0.016497,0.043845,0.044579,0.050000,0,0,0,0,0
cat_face_bass,l200,875,822.718,0.318010,0.786893,0.798030,0.775756,5,0.00040411,1,0.077874,0.076331,0.079418,0.915880,0.918387,0.913373,0.848155,0.858944,0.837366,0.018600,0.017849,0.043127,0.044557,0.050000,0,0,0,0,0
cat_face_bass,l200,900,864.034,0.316060,0.788879,0.796656,0.781103,5,0.00046227,1,0.078717,0.076931,0.080503,0.915316,0.917710,0.912921,0.850964,0.857943,0.843984,0.018575,0.018140,0.043310,0.043578,0.050000,0,0,0,0,0
cat_face_bass,l200,925,870.161,0.313139,0.791289,0.796324,0.786253,5,0.00055997,1,0.077874,0.077631,0.078117,0.916331,0.917041,0.915622,0.852908,0.858143,0.847673,0.018786,0.017710,0.043409,0.042592,0.050000,0,0,0,0,0
cat_face_bass,l200,950,912.456,0.311303,0.793677,0.796845,0.790509,5,0.00063195,1,0.079651,0.077931,0.081371,0.914951,0.916818,0.913084,0.856889,0.858944,0.854833,0.018935,0.018284,0.043364,0.041647,0.050000,0,0,0,0,0
cat_face_bass,l200,975,918.581,0.310023,0.795009,0.796565,0.793453,5,0.00077094,1,0.078967,0.077431,0.080503,0.915703,0.917246,0.914160,0.857786,0.858243,0.857329,0.018869,0.018173,0.043513,0.041127,0.050000,0,0,0,0,0
cat_face_bass,l200,1000,960.721,0.308792,0.795630,0.795687,0.795573,5,0.00133290,1,0.077336,0.076230,0.078442,0.917245,0.918258,0.916232,0.857161,0.856343,0.857980,0.018635,0.017830,0.043657,0.040730,0.050000,0,0,0,0,0
cat_face_bass,l200,1025,966.947,0.307536,0.795463,0.795801,0.795125,5,0.00089493,1,0.076985,0.076831,0.077140,0.917547,0.917720,0.917374,0.856702,0.856943,0.856461,0.018658,0.017528,0.043602,0.040609,0.050000,0,0,0,0,0
cat_face_bass,l200,1050,1009.898,0.304547,0.797219,0.796840,0.797599,5,0.00101534,1,0.075863,0.076431,0.075296,0.918738,0.918184,0.919293,0.857699,0.857743,0.857654,0.018718,0.016981,0.043382,0.040047,0.050000,0,0,0,0,0
cat_face_bass,l200,1075,1016.036,0.302443,0.797617,0.796449,0.798784,5,0.00097723,1,0.073589,0.076331,0.070847,0.920874,0.918238,0.923509,0.856309,0.857243,0.855376,0.018648,0.016105,0.043417,0.039792,0.050000,0,0,0,0,0
cat_face_bass,l200,1100,1060.210,0.299817,0.798448,0.795518,0.801379,5,0.00117264,1,0.072959,0.075830,0.070088,0.921526,0.918608,0.924444,0.856694,0.855842,0.857546,0.018371,0.015809,0.043525,0.039050,0.050000,0,0,0,0,0
cat_face_bass,l200,1125,1066.411,0.298750,0.799125,0.796541,0.801708,5,0.00082005,1,0.071386,0.075830,0.066942,0.923062,0.918704,0.927420,0.856159,0.856943,0.855376,0.018605,0.015267,0.043477,0.038979,0.050000,0,0,0,0,0
cat_face_bass,l200,1150,1108.305,0.298599,0.798644,0.795315,0.801972,5,0.00085240,1,0.071749,0.076230,0.067267,0.922679,0.918223,0.927136,0.855930,0.855942,0.855918,0.018553,0.015186,0.043624,0.038841,0.050000,0,0,0,0,0
cat_face_bass,l200,1175,1114.465,0.297100,0.799952,0.796855,0.803049,5,0.00103231,1,0.071311,0.075030,0.067592,0.923194,0.919467,0.926921,0.856986,0.856643,0.857329,0.018224,0.015267,0.043298,0.038749,0.050000,0,0,0,0,0
cat_face_bass,l200,1200,1156.942,0.297544,0.798299,0.796721,0.799878,5,0.00078502,1,0.070114,0.073830,0.066399,0.924169,0.920560,0.927779,0.854266,0.855542,0.852989,0.017929,0.015037,0.043265,0.039250,0.050000,0,0,0,0,0
cat_face_bass,l200,1225,1163.283,0.296116,0.799632,0.797635,0.801630,5,0.00066505,1,0.069555,0.074230,0.064880,0.924820,0.920275,0.929365,0.855241,0.856843,0.853640,0.018082,0.014705,0.043150,0.039007,0.050000,0,0,0,0,0
cat_face_bass,l200,1250,1205.466,0.295481,0.800552,0.796910,0.804195,5,0.00084373,1,0.070181,0.074830,0.065531,0.924307,0.919656,0.928958,0.856719,0.856543,0.856895,0.018238,0.014776,0.043301,0.038489,0.050000,0,0,0,0,0
cat_face_bass,l200,1275,1211.914,0.294402,0.800788,0.797319,0.804257,5,0.00092568,1,0.069922,0.074530,0.065314,0.924569,0.919970,0.929168,0.856765,0.856743,0.856786,0.018154,0.014697,0.043218,0.038274,0.050000,0,0,0,0,0
cat_face_bass,l200,1300,1256.622,0.294688,0.799989,0.797672,0.802307,5,0.00093255,1,0.068733,0.074430,0.063036,0.925636,0.920095,0.931177,0.854962,0.857043,0.852881,0.018070,0.014330,0.043133,0.038679,0.050000,0,0,0,0,0
cat_face_bass,l200,1325,1263.269,0.294150,0.800962,0.797615,0.804310,5,0.00129898,1,0.067953,0.073629,0.062276,0.926445,0.920826,0.932063,0.855371,0.856343,0.854399,0.018062,0.014198,0.043257,0.038360,0.050000,0,0,0,0,0
cat_face_bass,l200,1350,1307.955,0.293906,0.799948,0.797297,0.802598,5,0.00100835,1,0.067093,0.073429,0.060757,0.927185,0.920982,0.933389,0.853602,0.855842,0.851362,0.017938,0.013737,0.043248,0.038648,0.050000,0,0,0,0,0
cat_face_bass,l200,1375,1314.659,0.292826,0.800835,0.797912,0.803757,5,0.00106535,1,0.067916,0.073229,0.062602,0.926465,0.921223,0.931708,0.855208,0.856343,0.854074,0.017867,0.014118,0.043058,0.038310,0.050000,0,0,0,0,0
cat_face_bass,l200,1400,1359.444,0.292381,0.801066,0.798453,0.803679,5,0.00107701,1,0.067377,0.073129,0.061625,0.927001,0.921364,0.932638,0.855024,0.856843,0.853206,0.017866,0.013906,0.042980,0.038343,0.050000,0,0,0,0,0
cat_face_bass,l200,1425,1366.117,0.293009,0.800411,0.798061,0.802761,5,0.00107453,1,0.067056,0.073029,0.061083,0.927254,0.921421,0.933088,0.854069,0.856343,0.851796,0.017787,0.013838,0.043034,0.038572,0.050000,0,0,0,0,0
cat_face_bass,l200,1450,1411.007,0.292679,0.800532,0.798098,0.802965,5,0.00103605,1,0.067156,0.073229,0.061083,0.927172,0.921240,0.933104,0.854278,0.856543,0.852013,0.017830,0.013774,0.043004,0.038513,0.050000,0,0,0,0,0
cat_face_bass,l200,1475,1417.596,0.292542,0.800343,0.798825,0.801860,5,0.00103120,1,0.067432,0.073129,0.061734,0.926894,0.921398,0.932391,0.854302,0.857243,0.851362,0.017796,0.013796,0.042869,0.038608,0.050000,0,0,0,0,0
cat_face_bass,l200,1500,1462.411,0.292027,0.800923,0.798265,0.803581,5,0.00107524,1,0.066585,0.072629,0.060540,0.927742,0.921809,0.933674,0.854236,0.856242,0.852230,0.017710,0.013714,0.042998,0.038382,0.050000,0,0,0,0,0
cat_face_bass,l200,1525,1469.008,0.292208,0.801445,0.798098,0.804791,5,0.00110151,1,0.066559,0.073229,0.059889,0.927817,0.921240,0.934395,0.854766,0.856543,0.852989,0.017919,0.013563,0.043108,0.038297,0.050000,0,0,0,0,0
cat_face_bass,l200,1550,1513.440,0.293245,0.800993,0.798063,0.803924,5,0.00124016,1,0.067936,0.074030,0.061842,0.926473,0.920498,0.932448,0.855391,0.857143,0.853640,0.018069,0.013968,0.043101,0.038339,0.050000,0,0,0,0,0
cat_face_bass,l200,1575,1520.027,0.291906,0.800969,0.798771,0.803168,5,0.00089374,1,0.067977,0.074330,0.061625,0.926443,0.920288,0.932598,0.855403,0.858143,0.852664,0.018071,0.013756,0.042825,0.038355,0.050000,0,0,0,0,0
cat_face_bass,l200,1600,1564.505,0.292055,0.801203,0.798192,0.804214,5,0.00124174,1,0.067189,0.073729,0.060649,0.927203,0.920787,0.933618,0.855016,0.857043,0.852989,0.017980,0.013749,0.042955,0.038243,0.050000,0,0,0,0,0
cat_face_bass,l200,1625,1571.101,0.291256,0.801324,0.799516,0.803133,5,0.00083160,1,0.066805,0.073830,0.059781,0.927594,0.920815,0.934374,0.854844,0.858543,0.851145,0.017962,0.013517,0.042743,0.038408,0.050000,0,0,0,0,0
cat_face_bass,l200,1650,1615.953,0.291828,0.799282,0.798154,0.800411,5,0.00079517,1,0.064886,0.073029,0.056743,0.929281,0.921429,0.937132,0.851135,0.856443,0.845828,0.017828,0.012755,0.043021,0.038778,0.050000,0,0,0,0,0
cat_face_bass,l200,1675,1622.572,0.290865,0.799946,0.798004,0.801887,5,0.00080562,1,0.065387,0.072729,0.058045,0.928830,0.921693,0.935966,0.852237,0.856042,0.848432,0.017686,0.012942,0.042980,0.038473,0.050000,0,0,0,0,0
cat_face_bass,l200,1700,1667.507,0.291347,0.799385,0.798544,0.800226,5,0.00078101,1,0.064219,0.072129,0.056309,0.929921,0.922298,0.937545,0.850714,0.856142,0.845286,0.017598,0.012688,0.042905,0.038886,0.050000,0,0,0,0,0
cat_face_bass,l200,1725,1674.084,0.291258,0.799996,0.798843,0.801150,5,0.00078247,1,0.064290,0.071729,0.056851,0.929888,0.922695,0.937080,0.851419,0.856142,0.846696,0.017573,0.012823,0.042925,0.038780,0.050000,0,0,0,0,0
cat_face_bass,l200,1750,1717.835,0.291141,0.799648,0.797817,0.801480,5,0.00065575,1,0.064052,0.072229,0.055875,0.930102,0.922140,0.938064,0.850852,0.855442,0.846262,0.017563,0.012677,0.043080,0.038694,0.050000,0,0,0,0,0
cat_face_bass,l200,1775,1724.466,0.291769,0.799196,0.797222,0.801170,5,0.00073083,1,0.064995,0.073029,0.056960,0.929160,0.921345,0.936975,0.851123,0.855442,0.846805,0.017744,0.012802,0.043166,0.038647,0.050000,0,0,0,0,0
cat_face_bass,l200,1800,1769.133,0.291214,0.799627,0.797631,0.801623,5,0.00068039,1,0.064411,0.072729,0.056092,0.929760,0.921659,0.937861,0.851115,0.855642,0.846588,0.017702,0.012717,0.043071,0.038632,0.050000,0,0,0,0,0
cat_face_bass,l200,1825,1775.709,0.291231,0.799776,0.798526,0.801027,5,0.00076291,1,0.064115,0.072029,0.056200,0.930050,0.922389,0.937710,0.851044,0.856042,0.846045,0.017611,0.012747,0.042984,0.038736,0.050000,0,0,0,0,0
cat_face_bass,l200,1850,1820.676,0.292125,0.798522,0.797537,0.799507,5,0.00084943,1,0.063998,0.072229,0.055767,0.930071,0.922114,0.938027,0.849617,0.855142,0.844092,0.017538,0.012618,0.043063,0.039036,0.050000,0,0,0,0,0
cat_face_bass,l200,1875,1827.261,0.291067,0.800386,0.796662,0.804109,5,0.00090135,1,0.064615,0.073029,0.056200,0.929614,0.921294,0.937934,0.852071,0.854842,0.849300,0.017719,0.012755,0.043294,0.038281,0.050000,0,0,0,0,0
cat_face_bass,l200,1900,1872.245,0.290489,0.799470,0.797666,0.801273,5,0.00093231,1,0.063923,0.071429,0.056417,0.930192,0.922869,0.937515,0.850561,0.854642,0.846479,0.017332,0.012745,0.042965,0.038609,0.050000,0,0,0,0,0
cat_face_bass,l200,1925,1878.967,0.291014,0.799583,0.798282,0.800885,5,0.00078428,1,0.063314,0.071729,0.054899,0.930815,0.922645,0.938985,0.850197,0.855542,0.844852,0.017486,0.012456,0.042960,0.038890,0.050000,0,0,0,0,0
cat_face_bass,l200,1950,1924.280,0.290024,0.800069,0.796792,0.803346,5,0.00070647,1,0.064899,0.072729,0.057068,0.929306,0.921583,0.937029,0.851967,0.854742,0.849192,0.017490,0.012927,0.043001,0.038301,0.050000,0,0,0,0,0
cat_face_bass,l200,1975,1930.954,0.290693,0.799277,0.796602,0.801952,5,0.00047382,1,0.063965,0.071729,0.056200,0.930136,0.922495,0.937778,0.850382,0.853741,0.847022,0.017407,0.012610,0.043207,0.038572,0.050000,0,0,0,0,0
cat_face_bass,l200,2000,1976.467,0.291029,0.799497,0.796452,0.802541,5,0.00079954,1,0.065116,0.071429,0.058804,0.929018,0.922761,0.935276,0.851538,0.853341,0.849734,0.017265,0.013241,0.043184,0.038386,0.050000,0,0,0,0,0
cat_face_bass,l200,2025,1983.168,0.290447,0.799339,0.796768,0.801910,5,0.00070121,1,0.063827,0.071128,0.056526,0.930262,0.923069,0.937455,0.850340,0.853441,0.847239,0.017213,0.012743,0.043131,0.038543,0.050000,0,0,0,0,0
cat_face_bass,l200,2050,2027.735,0.290644,0.799099,0.796656,0.801542,5,0.00079813,1,0.063343,0.071028,0.055658,0.930717,0.923152,0.938282,0.849698,0.853241,0.846154,0.017190,0.012603,0.043130,0.038669,0.050000,0,0,0,0,0
cat_face_bass,l200,2075,2034.366,0.288682,0.799694,0.799739,0.799650,5,0.00065933,1,0.063171,0.072529,0.053814,0.931004,0.922035,0.939973,0.850213,0.857743,0.842682,0.017603,0.012100,0.042549,0.038673,0.050000,0,0,0,0,0
cat_face_bass,l200,2100,2079.430,0.285919,0.803546,0.803985,0.803107,5,0.00072169,1,0.064506,0.074330,0.054682,0.930061,0.920764,0.939357,0.855384,0.863745,0.847022,0.018150,0.012272,0.041748,0.038179,0.050000,0,0,0,0,0
cat_face_bass,l200,2125,2085.844,0.286809,0.802825,0.805175,0.800474,5,0.00076859,1,0.064272,0.074730,0.053814,0.930269,0.920507,0.940031,0.854448,0.865346,0.843550,0.018330,0.012078,0.041626,0.038593,0.050000,0,0,0,0,0
cat_face_bass,l200,2150,2129.482,0.286900,0.802650,0.804374,0.800926,5,0.00076047,1,0.064480,0.074930,0.054031,0.930050,0.920251,0.939848,0.854423,0.864646,0.844201,0.018340,0.012065,0.041772,0.038482,0.050000,0,0,0,0,0
cat_face_bass,l200,2175,2136.170,0.286203,0.802916,0.804411,0.801421,5,0.00060266,1,0.064255,0.075130,0.053380,0.930301,0.920072,0.940529,0.854523,0.864846,0.844201,0.018355,0.012020,0.041634,0.038439,0.050000,0,0,0,0,0
cat_face_bass,l200,2200,2181.778,0.285731,0.803284,0.804653,0.801915,5,0.00061795,1,0.064372,0.074930,0.053814,0.930205,0.920277,0.940133,0.855007,0.864946,0.845069,0.018309,0.012006,0.041740,0.038203,0.050000,0,0,0,0,0
cat_face_bass,l200,2225,2188.257,0.284412,0.804876,0.804131,0.805621,5,0.00100708,1,0.064472,0.075130,0.053814,0.930219,0.920047,0.940392,0.856760,0.864546,0.848975,0.018318,0.012067,0.041750,0.037626,0.050000,0,0,0,0,0
cat_face_bass,l200,2250,2231.807,0.284406,0.804903,0.804633,0.805172,5,0.00082606,1,0.064192,0.075330,0.053054,0.930512,0.919911,0.941113,0.856568,0.865246,0.847890,0.018458,0.011850,0.041732,0.037723,0.050000,0,0,0,0,0
cat_face_bass,l200,2275,2238.278,0.285139,0.804186,0.803610,0.804762,5,0.00089484,1,0.063921,0.075330,0.052512,0.930720,0.919817,0.941623,0.855584,0.864146,0.847022,0.018439,0.011827,0.041943,0.037762,0.050000,0,0,0,0,0
cat_face_bass,l200,2300,2281.523,0.284579,0.804688,0.805339,0.804037,5,0.00079511,1,0.064613,0.075630,0.053597,0.930099,0.919703,0.940496,0.856688,0.866246,0.847130,0.018519,0.011918,0.041629,0.037827,0.050000,0,0,0,0,0
cat_face_bass,l200,2325,2288.007,0.283672,0.805320,0.805491,0.805149,5,0.00079369,1,0.064209,0.074930,0.053488,0.930517,0.920353,0.940681,0.857031,0.865846,0.848215,0.018412,0.011946,0.041580,0.037613,0.050000,0,0,0,0,0
cat_face_bass,l200,2350,2331.622,0.283983,0.804758,0.803889,0.805627,5,0.00090656,1,0.064029,0.075330,0.052729,0.930655,0.919842,0.941467,0.856276,0.864446,0.848107,0.018389,0.011757,0.041807,0.037569,0.050000,0,0,0,0,0
cat_face_bass,l200,2375,2338.144,0.283773,0.805143,0.804597,0.805690,5,0.00096339,1,0.063821,0.075130,0.052512,0.930888,0.920089,0.941687,0.856522,0.865046,0.847998,0.018409,0.011840,0.041694,0.037548,0.050000,0,0,0,0,0
cat_face_bass,l200,2400,2383.087,0.283885,0.805027,0.805830,0.804225,5,0.00104580,1,0.063588,0.074230,0.052946,0.931089,0.921022,0.941155,0.856226,0.865646,0.846805,0.018231,0.011816,0.041558,0.037803,0.050000,0,0,0,0,0
cat_face_bass,l200,2425,2389.787,0.284018,0.804461,0.805289,0.803632,5,0.00095989,1,0.062878,0.074330,0.051427,0.931755,0.920882,0.942629,0.855053,0.865146,0.844960,0.018315,0.011491,0.041657,0.037888,0.050000,0,0,0,0,0
cat_face_bass,l200,2450,2434.597,0.283178,0.805251,0.805362,0.805140,5,0.00081115,1,0.062970,0.074730,0.051210,0.931735,0.920523,0.942947,0.855959,0.865546,0.846371,0.018363,0.011372,0.041656,0.037679,0.050000,0,0,0,0,0
cat_face_bass,l200,2475,2441.353,0.283099,0.805231,0.805509,0.804954,5,0.00071213,1,0.063174,0.075030,0.051318,0.931545,0.920264,0.942826,0.856104,0.865946,0.846262,0.018345,0.011500,0.041460,0.037817,0.050000,0,0,0,0,0
cat_face_bass,l200,2500,2486.376,0.283406,0.804947,0.804358,0.805535,5,0.00066543,1,0.062444,0.074330,0.050559,0.932211,0.920797,0.943624,0.855204,0.864146,0.846262,0.018270,0.011385,0.041798,0.037688,0.050000,0,0,0,0,0
cat_face_bass,l200,2525,2493.006,0.283518,0.803704,0.804431,0.802977,5,0.00045242,1,0.062156,0.074730,0.049582,0.932438,0.920439,0.944438,0.853668,0.864546,0.842790,0.018372,0.011156,0.041731,0.037906,0.050000,0,0,0,0,0
cat_face_bass,l200,2550,2536.481,0.282946,0.804801,0.804431,0.805171,5,0.00056606,1,0.061939,0.074730,0.049148,0.932728,0.920439,0.945018,0.854645,0.864546,0.844743,0.018309,0.011091,0.041751,0.037732,0.050000,0,0,0,0,0
cat_face_bass,l200,2575,2543.059,0.282195,0.805226,0.804688,0.805765,5,0.00062778,1,0.062878,0.075630,0.050125,0.931859,0.919643,0.944075,0.855850,0.865546,0.846154,0.018424,0.011175,0.041552,0.037567,0.050000,0,0,0,0,0
cat_face_bass,l200,2600,2587.943,0.281316,0.805750,0.805879,0.805622,5,0.00055257,1,0.062719,0.075530,0.049908,0.932063,0.919843,0.944283,0.856288,0.866747,0.845828,0.018483,0.011196,0.041340,0.037463,0.050000,0,0,0,0,0
cat_face_bass,l200,2625,2594.604,0.281000,0.804991,0.806434,0.803549,5,0.00055816,1,0.060745,0.076030,0.045459,0.934052,0.919440,0.948665,0.853913,0.867747,0.840078,0.018608,0.010293,0.041331,0.037755,0.050000,0,0,0,0,0
cat_face_bass,l200,2650,2639.342,0.280666,0.805047,0.806713,0.803381,5,0.00055166,1,0.061125,0.076030,0.046219,0.933672,0.919466,0.947877,0.854280,0.868047,0.840512,0.018630,0.010354,0.041274,0.037660,0.050000,0,0,0,0,0
cat_face_bass,l200,2675,2645.965,0.280614,0.805025,0.806673,0.803377,5,0.00054477,1,0.061817,0.076331,0.047304,0.932981,0.919191,0.946771,0.854814,0.868247,0.841380,0.018580,0.010470,0.041219,0.037667,0.050000,0,0,0,0,0
cat_face_bass,l200,2700,2690.757,0.280618,0.805135,0.806995,0.803275,5,0.00054633,1,0.061146,0.075530,0.046761,0.933631,0.919945,0.947317,0.854392,0.867947,0.840838,0.018491,0.010403,0.041229,0.037736,0.050000,0,0,0,0,0
cat_face_bass,l200,2725,2697.351,0.280850,0.805682,0.806719,0.804645,5,0.00057825,1,0.060679,0.075030,0.046327,0.934109,0.920374,0.947844,0.854585,0.867247,0.841923,0.018469,0.010396,0.041354,0.037695,0.050000,0,0,0,0,0
cat_face_bass,l200,2750,2741.096,0.280329,0.805860,0.806830,0.804891,5,0.00056486,1,0.061108,0.075130,0.047087,0.933690,0.920293,0.947086,0.855119,0.867447,0.842790,0.018394,0.010549,0.041265,0.037576,0.050000,0,0,0,0,0
cat_face_bass,l200,2775,2747.515,0.280783,0.805570,0.806434,0.804706,5,0.00061009,1,0.061342,0.076030,0.046653,0.933478,0.919440,0.947516,0.854998,0.867747,0.842248,0.018468,0.010495,0.041219,0.037752,0.050000,0,0,0,0,0
cat_face_bass,l200,2800,2792.087,0.280071,0.806020,0.806716,0.805325,5,0.00065674,1,0.061363,0.075530,0.047195,0.933461,0.919919,0.947003,0.855490,0.867647,0.843333,0.018498,0.010481,0.041236,0.037478,0.050000,0,0,0,0,0
cat_face_bass,l200,2825,2798.736,0.280352,0.804896,0.805915,0.803877,5,0.00058099,1,0.061192,0.075730,0.046653,0.933565,0.919665,0.947465,0.854163,0.866947,0.841380,0.018443,0.010313,0.041306,0.037631,0.050000,0,0,0,0,0
cat_face_bass,l200,2850,2843.592,0.280336,0.805601,0.806659,0.804544,5,0.00059494,1,0.060758,0.075730,0.045785,0.934062,0.919733,0.948392,0.854564,0.867747,0.841380,0.018480,0.010291,0.041208,0.037713,0.050000,0,0,0,0,0
cat_face_bass,l200,2875,2850.177,0.280067,0.805449,0.806605,0.804294,5,0.00061047,1,0.060770,0.075430,0.046110,0.934022,0.920000,0.948044,0.854414,0.867447,0.841380,0.018408,0.010376,0.041159,0.037662,0.050000,0,0,0,0,0
cat_face_bass,l200,2900,2895.502,0.279902,0.805562,0.806458,0.804666,5,0.00059815,1,0.060783,0.075130,0.046436,0.933997,0.920259,0.947735,0.854539,0.867047,0.842031,0.018363,0.010370,0.041169,0.037626,0.050000,0,0,0,0,0
cat_face_bass,l200,2925,2902.089,0.280521,0.805158,0.806770,0.803546,5,0.00056657,1,0.061187,0.075830,0.046544,0.933604,0.919652,0.947555,0.854447,0.867947,0.840946,0.018450,0.010363,0.041130,0.037839,0.050000,0,0,0,0,0
cat_face_bass,l200,2950,2946.434,0.280017,0.805614,0.806416,0.804812,5,0.00063743,1,0.061020,0.075930,0.046110,0.933803,0.919529,0.948076,0.854785,0.867647,0.841923,0.018453,0.010327,0.041164,0.037636,0.050000,0,0,0,0,0
cat_face_bass,l200,2975,2953.157,0.279765,0.805989,0.807066,0.804911,5,0.00059787,1,0.061563,0.075930,0.047195,0.933283,0.919589,0.946977,0.855623,0.868347,0.842899,0.018547,0.010427,0.041133,0.037496,0.050000,0,0,0,0,0
cat_face_bass,l200,3000,2997.942,0.279924,0.805888,0.806938,0.804838,5,0.00058817,1,0.060432,0.075730,0.045134,0.934417,0.919758,0.949076,0.854605,0.868047,0.841163,0.018470,0.010232,0.041087,0.037733,0.050000,0,0,0,0,0
cat_face_bass,l2000,1,0.455,1.242181,0.096416,0.086784,0.106047,5,0.00065412,0,0.105446,0.082433,0.128458,0.507453,0.532615,0.482291,0.106804,0.093938,0.119670,0.020725,0.029324,0.200262,0.188621,0.050000,0,0,0,0,0
cat_face_bass,l2000,25,7.228,1.114654,0.152492,0.124859,0.180126,5,0.00000000,0,0.073309,0.062425,0.084192,0.689379,0.680000,0.698758,0.163972,0.132653,0.195291,0.015546,0.019051,0.188206,0.166047,0.050000,0,0,0,0,0
cat_face_bass,l2000,50,52.623,0.980088,0.237854,0.199695,0.276013,5,0.00000000,0,0.056007,0.049520,0.062493,0.816608,0.808880,0.824337,0.251423,0.209584,0.293262,0.012191,0.013986,0.170017,0.143590,0.050000,0,0,0,0,0
cat_face_bass,l2000,75,59.065,0.837734,0.340162,0.308031,0.372293,5,0.00000000,0,0.045452,0.043818,0.047087,0.886147,0.880066,0.892227,0.355676,0.321529,0.389823,0.010876,0.010433,0.145986,0.122604,0.050000,0,0,0,0,0
cat_face_bass,l2000,100,102.371,0.714835,0.438833,0.416904,0.460763,5,0.00000000,0,0.043694,0.054622,0.032766,0.912538,0.889496,0.935580,0.457768,0.439676,0.475860,0.013444,0.007097,0.124274,0.103735,0.050000,0,0,0,0,0
cat_face_bass,l2000,125,108.732,0.621203,0.521021,0.475490,0.566551,5,0.00000000,0,0.048622,0.061224,0.036020,0.916988,0.891796,0.942180,0.545780,0.504602,0.586959,0.014971,0.007717,0.112264,0.083460,0.050000,0,0,0,0,0
cat_face_bass,l2000,150,152.113,0.512965,0.620292,0.535464,0.705120,5,0.00003521,1,0.058645,0.070528,0.046761,0.915432,0.890443,0.940420,0.655661,0.573229,0.738093,0.017179,0.010448,0.099954,0.057213,0.050000,0,0,0,0,0
cat_face_bass,l2000,175,158.425,0.453626,0.676007,0.592397,0.759616,5,0.00126392,1,0.066855,0.081633,0.052078,0.912909,0.886996,0.938822,0.719966,0.640756,0.799175,0.020135,0.011449,0.088610,0.046512,0.050000,0,0,0,0,0
cat_face_bass,l2000,200,201.885,0.415011,0.709776,0.623358,0.796195,5,0.00211854,1,0.068996,0.088735,0.049257,0.914346,0.884370,0.944322,0.757042,0.678671,0.835413,0.021747,0.010969,0.082166,0.039319,0.050000,0,0,0,0,0
cat_face_bass,l2000,225,208.211,0.396483,0.725823,0.640302,0.811344,5,0.00308851,1,0.068930,0.087735,0.050125,0.916281,0.888123,0.944438,0.774246,0.696479,0.852013,0.021824,0.011096,0.078566,0.036415,0.050000,0,0,0,0,0
cat_face_bass,l2000,250,251.338,0.375494,0.742183,0.665808,0.818557,5,0.00408306,1,0.070119,0.087835,0.052403,0.917251,0.891845,0.942657,0.792871,0.724290,0.861452,0.021641,0.011441,0.072864,0.034807,0.050000,0,0,0,0,0
cat_face_bass,l2000,275,257.704,0.353789,0.762017,0.705909,0.818126,5,0.00424963,1,0.074160,0.093637,0.054682,0.916117,0.891829,0.940404,0.817435,0.772009,0.862862,0.023168,0.012070,0.064256,0.035063,0.050000,0,0,0,0,0
cat_face_bass,l2000,300,299.912,0.340836,0.776135,0.744065,0.808204,5,0.00482875,1,0.080294,0.099940,0.060649,0.912550,0.891176,0.933924,0.837824,0.818427,0.857220,0.024826,0.013344,0.056270,0.037130,0.050000,0,0,0,0,0
cat_face_bass,l2000,325,306.296,0.342357,0.776365,0.753993,0.798736,5,0.00445445,1,0.083552,0.102441,0.064663,0.909808,0.890282,0.929334,0.840809,0.831232,0.850385,0.025255,0.014430,0.053911,0.039326,0.050000,0,0,0,0,0
cat_face_bass,l2000,350,350.763,0.344766,0.772036,0.756387,0.787684,5,0.00436913,1,0.081202,0.096439,0.065965,0.911494,0.895829,0.927159,0.834488,0.829332,0.839644,0.023876,0.014649,0.053116,0.041524,0.050000,0,0,0,0,0
cat_face_bass,l2000,375,357.122,0.344716,0.773743,0.758492,0.788994,5,0.00443946,1,0.084531,0.098539,0.070522,0.908593,0.894245,0.922940,0.838934,0.833233,0.844635,0.024271,0.015603,0.052682,0.041251,0.050000,0,0,0,0,0
cat_face_bass,l2000,400,400.289,0.341974,0.775563,0.767171,0.783956,5,0.00428651,1,0.084706,0.098239,0.071173,0.908722,0.895576,0.921868,0.841145,0.842537,0.839753,0.024268,0.015700,0.050769,0.042238,0.050000,0,0,0,0,0
cat_face_bass,l2000,425,406.539,0.335070,0.779152,0.774833,0.783472,5,0.00423399,1,0.081009,0.090736,0.071281,0.912383,0.903046,0.921720,0.842228,0.845138,0.839319,0.022446,0.016043,0.048805,0.042653,0.050000,0,0,0,0,0
cat_face_bass,l2000,450,450.273,0.321827,0.783648,0.783992,0.783305,5,0.00447771,1,0.074794,0.078631,0.070956,0.918469,0.914926,0.922013,0.842261,0.845638,0.838885,0.019243,0.015839,0.046140,0.042550,0.050000,0,0,0,0,0
cat_face_bass,l2000,475,456.643,0.321046,0.783107,0.785355,0.780858,5,0.00430408,1,0.073798,0.075230,0.072366,0.919326,0.918199,0.920453,0.840902,0.844438,0.837366,0.018428,0.016114,0.045684,0.043057,0.050000,0,0,0,0,0
cat_face_bass,l2000,500,501.550,0.317364,0.786355,0.789621,0.783089,5,0.00443640,1,0.073510,0.075630,0.071390,0.919909,0.918235,0.921583,0.844166,0.849340,0.838993,0.018580,0.015958,0.044829,0.042655,0.050000,0,0,0,0,0
cat_face_bass,l2000,525,508.015,0.315920,0.787278,0.792031,0.782525,5,0.00523706,0,0.071871,0.074630,0.069111,0.921540,0.919386,0.923694,0.843873,0.851140,0.836606,0.018309,0.015539,0.044399,0.042762,0.050000,0,0,0,0,0
cat_face_bass,l2000,550,551.192,0.313165,0.789426,0.791733,0.787120,5,0.00482279,0,0.072146,0.074530,0.069762,0.921470,0.919451,0.923489,0.846386,0.850740,0.842031,0.018198,0.015606,0.044382,0.041979,0.050000,0,0,0,0,0
cat_face_bass,l2000,575,557.530,0.308774,0.791051,0.791884,0.790219,5,0.00474045,0,0.069855,0.074830,0.064880,0.923803,0.919188,0.928418,0.846315,0.851140,0.841489,0.018318,0.014470,0.044377,0.041047,0.050000,0,0,0,0,0
cat_face_bass,l2000,600,601.902,0.305098,0.792930,0.791899,0.793961,5,0.00485062,0,0.067214,0.074430,0.059998,0.926506,0.919559,0.933454,0.846219,0.850840,0.841597,0.018266,0.013481,0.044431,0.040264,0.050000,0,0,0,0,0
cat_face_bass,l2000,625,608.407,0.304601,0.792469,0.791577,0.793361,5,0.00487295,0,0.066375,0.073729,0.059021,0.927270,0.920178,0.934363,0.845063,0.849940,0.840187,0.018050,0.013329,0.044369,0.040338,0.050000,0,0,0,0,0
cat_face_bass,l2000,650,652.210,0.303638,0.793420,0.792412,0.794428,5,0.00496044,0,0.066234,0.073229,0.059238,0.927476,0.920719,0.934233,0.845964,0.850440,0.841489,0.018074,0.013235,0.044327,0.040074,0.050000,0,0,0,0,0
cat_face_bass,l2000,675,658.783,0.303216,0.793855,0.792731,0.794980,5,0.00509973,0,0.066171,0.073429,0.058913,0.927578,0.920563,0.934594,0.846377,0.850940,0.841814,0.018077,0.013276,0.044187,0.040018,0.050000,0,0,0,0,0
cat_face_bass,l2000,700,705.258,0.303424,0.793276,0.793046,0.793506,5,0.00523499,0,0.066184,0.073129,0.059238,0.927516,0.920870,0.934161,0.845776,0.851040,0.840512,0.017935,0.013281,0.044079,0.040233,0.050000,0,0,0,0,0
cat_face_bass,l2000,725,712.119,0.303867,0.793386,0.793181,0.793591,5,0.00526976,0,0.066751,0.073830,0.059672,0.926988,0.920233,0.933743,0.846343,0.851741,0.840946,0.018132,0.013291,0.044138,0.040210,0.050000,0,0,0,0,0
cat_face_bass,l2000,750,757.447,0.303079,0.794001,0.793457,0.794546,5,0.00525764,0,0.065796,0.073329,0.058262,0.927961,0.920722,0.935200,0.846239,0.851641,0.840838,0.017967,0.013166,0.044043,0.040190,0.050000,0,0,0,0,0
cat_face_bass,l2000,775,764.254,0.303517,0.793410,0.793116,0.793705,5,0.00515008,0,0.065341,0.072529,0.058153,0.928339,0.921435,0.935242,0.845251,0.850640,0.839861,0.017920,0.013140,0.044124,0.040316,0.050000,0,0,0,0,0
cat_face_bass,l2000,800,810.450,0.303023,0.793774,0.794515,0.793033,5,0.00523877,0,0.065721,0.072529,0.058913,0.928003,0.921562,0.934444,0.845947,0.852141,0.839753,0.017802,0.013229,0.043834,0.040436,0.050000,0,0,0,0,0
cat_face_bass,l2000,825,817.344,0.302376,0.794214,0.794848,0.793581,5,0.00522023,0,0.064937,0.071829,0.058045,0.928792,0.922244,0.935340,0.845792,0.851941,0.839644,0.017628,0.013194,0.043789,0.040373,0.050000,0,0,0,0,0
cat_face_bass,l2000,850,864.013,0.302595,0.793947,0.795838,0.792055,5,0.00528427,0,0.065901,0.072129,0.059672,0.927839,0.922054,0.933623,0.846280,0.853241,0.839319,0.017758,0.013327,0.043589,0.040500,0.050000,0,0,0,0,0
cat_face_bass,l2000,875,870.888,0.302860,0.793678,0.795673,0.791684,5,0.00525600,0,0.066038,0.072729,0.059347,0.927698,0.921482,0.933913,0.846105,0.853541,0.838668,0.017860,0.013284,0.043554,0.040601,0.050000,0,0,0,0,0
cat_face_bass,l2000,900,917.266,0.302492,0.793495,0.795200,0.791790,5,0.00523013,0,0.065559,0.071228,0.059889,0.928112,0.922835,0.933390,0.845525,0.851841,0.839210,0.017517,0.013317,0.043593,0.040600,0.050000,0,0,0,0,0
cat_face_bass,l2000,925,924.071,0.302462,0.793753,0.795575,0.791931,5,0.00523504,0,0.065646,0.071729,0.059564,0.928061,0.922403,0.933720,0.845871,0.852641,0.839102,0.017564,0.013345,0.043532,0.040613,0.050000,0,0,0,0,0
cat_face_bass,l2000,950,970.919,0.302729,0.793366,0.795257,0.791475,5,0.00531949,0,0.065166,0.071529,0.058804,0.928495,0.922560,0.934430,0.845079,0.852141,0.838017,0.017546,0.013220,0.043592,0.040693,0.050000,0,0,0,0,0
cat_face_bass,l2000,975,977.863,0.302685,0.793754,0.796805,0.790702,5,0.00527896,0,0.065196,0.070828,0.059564,0.928488,0.923352,0.933624,0.845521,0.853241,0.837800,0.017469,0.013371,0.043295,0.040948,0.050000,0,0,0,0,0
cat_face_bass,l2000,1000,1023.718,0.301824,0.793557,0.796096,0.791019,5,0.00513821,0,0.065839,0.071028,0.060649,0.927844,0.923102,0.932586,0.845817,0.852641,0.838993,0.017388,0.013413,0.043341,0.040667,0.050000,0,0,0,0,0
cat_face_bass,l2000,1025,1030.636,0.302207,0.793674,0.796544,0.790805,5,0.00520119,0,0.065246,0.070928,0.059564,0.928433,0.923235,0.933632,0.845475,0.853041,0.837908,0.017437,0.013315,0.043361,0.040785,0.050000,0,0,0,0,0
cat_face_bass,l2000,1050,1076.532,0.300981,0.794634,0.796659,0.792609,5,0.00525308,0,0.065959,0.072029,0.059889,0.927837,0.922221,0.933454,0.847060,0.854042,0.840078,0.017552,0.013424,0.043170,0.040443,0.050000,0,0,0,0,0
cat_face_bass,l2000,1075,1083.383,0.301454,0.794655,0.796620,0.792690,5,0.00535962,0,0.065555,0.071329,0.059781,0.928218,0.922869,0.933566,0.846760,0.853441,0.840078,0.017461,0.013516,0.043246,0.040500,0.050000,0,0,0,0,0
cat_face_bass,l2000,1100,1128.204,0.300987,0.795288,0.796862,0.793714,5,0.00538506,0,0.065455,0.071128,0.059781,0.928362,0.923077,0.933646,0.847352,0.853541,0.841163,0.017406,0.013531,0.043221,0.040383,0.050000,0,0,0,0,0
cat_face_bass,l2000,1125,1134.976,0.302484,0.793728,0.797141,0.790314,5,0.00532567,0,0.065150,0.070628,0.059672,0.928527,0.923568,0.933487,0.845458,0.853441,0.837474,0.017366,0.013458,0.043145,0.041028,0.050000,0,0,0,0,0
cat_face_bass,l2000,1150,1180.676,0.301582,0.793758,0.797009,0.790507,5,0.00527875,0,0.065538,0.070428,0.060649,0.928144,0.923744,0.932545,0.845796,0.853141,0.838451,0.017286,0.013483,0.043173,0.040738,0.050000,0,0,0,0,0
cat_face_bass,l2000,1175,1187.575,0.302474,0.793595,0.797215,0.789974,5,0.00539071,0,0.065534,0.070528,0.060540,0.928138,0.923668,0.932609,0.845621,0.853441,0.837800,0.017261,0.013535,0.043110,0.041059,0.050000,0,0,0,0,0
cat_face_bass,l2000,1200,1233.811,0.302339,0.793725,0.797345,0.790104,5,0.00545616,0,0.064679,0.070228,0.059130,0.928982,0.923960,0.934003,0.845082,0.853341,0.836823,0.017250,0.013381,0.043135,0.041056,0.050000,0,0,0,0,0
cat_face_bass,l2000,1225,1240.689,0.301765,0.794043,0.797307,0.790779,5,0.00546670,0,0.064470,0.070028,0.058913,0.929207,0.924144,0.934269,0.845253,0.853141,0.837366,0.017139,0.013362,0.043067,0.040995,0.050000,0,0,0,0,0
cat_face_bass,l2000,1250,1289.283,0.302311,0.793625,0.796876,0.790374,5,0.00532860,0,0.064592,0.069728,0.059455,0.929046,0.924387,0.933704,0.844903,0.852441,0.837366,0.017155,0.013469,0.043256,0.040959,0.050000,0,0,0,0,0
cat_face_bass,l2000,1275,1296.189,0.302947,0.792801,0.796371,0.789231,5,0.00528808,0,0.064709,0.069528,0.059889,0.928859,0.924530,0.933188,0.844119,0.851741,0.836498,0.017112,0.013425,0.043298,0.041182,0.050000,0,0,0,0,0
cat_face_bass,l2000,1300,1344.143,0.300930,0.794300,0.796689,0.791910,5,0.00530586,0,0.064592,0.069728,0.059455,0.929098,0.924371,0.933824,0.845617,0.852241,0.838993,0.017076,0.013405,0.043196,0.040636,0.050000,0,0,0,0,0
cat_face_bass,l2000,1325,1351.070,0.301659,0.793673,0.796073,0.791274,5,0.00521456,0,0.064637,0.069928,0.059347,0.929005,0.924129,0.933881,0.844987,0.851741,0.838234,0.017106,0.013408,0.043308,0.040771,0.050000,0,0,0,0,0
cat_face_bass,l2000,1350,1398.841,0.302089,0.793906,0.797438,0.790374,5,0.00546776,0,0.064592,0.069728,0.059455,0.929070,0.924436,0.933704,0.845203,0.853041,0.837366,0.017151,0.013399,0.043133,0.041012,0.050000,0,0,0,0,0
cat_face_bass,l500,1,0.486,1.242181,0.096416,0.086784,0.106047,5,0.00065412,0,0.105446,0.082433,0.128458,0.507453,0.532615,0.482291,0.106804,0.093938,0.119670,0.020725,0.029324,0.200262,0.188621,0.050000,0,0,0,0,0
cat_face_bass,l500,25,7.353,1.114654,0.152492,0.124859,0.180126,5,0.00000000,0,0.073309,0.062425,0.084192,0.689379,0.680000,0.698758,0.163972,0.132653,0.195291,0.015546,0.019051,0.188206,0.166047,0.050000,0,0,0,0,0
cat_face_bass,l500,50,53.481,0.980088,0.237854,0.199695,0.276013,5,0.00000000,0,0.056007,0.049520,0.062493,0.816608,0.808880,0.824337,0.251423,0.209584,0.293262,0.012191,0.013986,0.170017,0.143590,0.050000,0,0,0,0,0
cat_face_bass,l500,75,60.012,0.837734,0.340162,0.308031,0.372293,5,0.00000000,0,0.045452,0.043818,0.047087,0.886147,0.880066,0.892227,0.355676,0.321529,0.389823,0.010876,0.010433,0.145986,0.122604,0.050000,0,0,0,0,0
cat_face_bass,l500,100,103.921,0.714835,0.438833,0.416904,0.460763,5,0.00000000,0,0.043694,0.054622,0.032766,0.912538,0.889496,0.935580,0.457768,0.439676,0.475860,0.013444,0.007097,0.124274,0.103735,0.050000,0,0,0,0,0
cat_face_bass,l500,125,110.285,0.621261,0.521043,0.475535,0.566551,5,0.00000000,0,0.048572,0.061124,0.036020,0.917067,0.891954,0.942180,0.545780,0.504602,0.586959,0.014971,0.007735,0.112263,0.083471,0.050000,0,0,0,0,0
cat_face_bass,l500,150,153.986,0.513890,0.620269,0.537470,0.703068,5,0.00002395,1,0.060377,0.070628,0.050125,0.913552,0.890678,0.936425,0.656870,0.575430,0.738310,0.017270,0.011031,0.099574,0.057567,0.050000,0,0,0,0,0
cat_face_bass,l500,175,160.389,0.450490,0.677767,0.597206,0.758329,5,0.00102102,1,0.066497,0.081132,0.051861,0.913661,0.888369,0.938953,0.721657,0.645658,0.797657,0.020146,0.011330,0.087577,0.046610,0.050000,0,0,0,0,0
cat_face_bass,l500,200,204.802,0.415733,0.710519,0.624908,0.796130,5,0.00200934,1,0.070013,0.091637,0.048389,0.913390,0.881577,0.945202,0.758413,0.682173,0.834653,0.022542,0.010805,0.082118,0.039318,0.050000,0,0,0,0,0
cat_face_bass,l500,225,211.233,0.396150,0.728252,0.644306,0.812197,5,0.00269476,1,0.073032,0.094638,0.051427,0.912445,0.881691,0.943200,0.779624,0.705282,0.853965,0.023345,0.011268,0.078077,0.036038,0.050000,0,0,0,0,0
cat_face_bass,l500,250,255.172,0.379329,0.740604,0.664864,0.816343,5,0.00410034,1,0.071586,0.091637,0.051535,0.915630,0.887896,0.943365,0.792102,0.725790,0.858414,0.022520,0.011418,0.073145,0.035372,0.050000,0,0,0,0,0
cat_face_bass,l500,275,261.502,0.357540,0.759968,0.698452,0.821484,5,0.00406709,1,0.074933,0.098439,0.051427,0.915044,0.886282,0.943806,0.815468,0.767207,0.863730,0.024063,0.011400,0.066094,0.034406,0.050000,0,0,0,0,0
cat_face_bass,l500,300,303.582,0.337304,0.778097,0.733979,0.822215,5,0.00373189,1,0.079582,0.105242,0.053922,0.913292,0.885165,0.941419,0.838888,0.811224,0.866551,0.025758,0.011925,0.058483,0.034240,0.050000,0,0,0,0,0
cat_face_bass,l500,325,309.913,0.332701,0.783675,0.749932,0.817417,5,0.00441917,1,0.081731,0.105742,0.057719,0.912161,0.886903,0.937419,0.846915,0.829232,0.864598,0.026248,0.012756,0.055148,0.035219,0.050000,0,0,0,0,0
cat_face_bass,l500,350,354.718,0.334648,0.781735,0.755111,0.808358,5,0.00443994,1,0.082540,0.105842,0.059238,0.911400,0.887507,0.935293,0.845639,0.835034,0.856244,0.026056,0.013183,0.053725,0.037169,0.050000,0,0,0,0,0
cat_face_bass,l500,375,361.142,0.326250,0.786957,0.764488,0.809426,5,0.00471754,1,0.079599,0.104842,0.054356,0.914851,0.889580,0.940122,0.849030,0.844638,0.853423,0.025905,0.012153,0.051736,0.036884,0.050000,0,0,0,0,0
cat_face_bass,l500,400,406.257,0.314495,0.791168,0.770004,0.812332,5,0.00442067,1,0.073712,0.095238,0.052186,0.920493,0.898529,0.942457,0.849031,0.843337,0.854725,0.023587,0.011582,0.050073,0.036143,0.050000,0,0,0,0,0
cat_face_bass,l500,425,413.087,0.303983,0.797014,0.784233,0.809794,5,0.00491132,0,0.070080,0.090036,0.050125,0.924524,0.904711,0.944337,0.852614,0.854842,0.850385,0.022223,0.011174,0.046835,0.036648,0.050000,0,0,0,0,0
cat_face_bass,l500,450,458.090,0.297111,0.800545,0.790599,0.810491,5,0.00495333,0,0.069136,0.085434,0.052837,0.925574,0.909457,0.941691,0.855729,0.858143,0.853315,0.020880,0.011855,0.044933,0.036581,0.050000,0,0,0,0,0
cat_face_bass,l500,475,464.771,0.299320,0.798902,0.791206,0.806598,5,0.00419984,1,0.068819,0.085234,0.052403,0.925777,0.909698,0.941856,0.853755,0.858643,0.848866,0.021042,0.011768,0.045020,0.037368,0.050000,0,0,0,0,0
cat_face_bass,l500,500,509.807,0.304316,0.796143,0.792409,0.799876,5,0.00500114,0,0.071279,0.088635,0.053922,0.923353,0.906825,0.939881,0.852826,0.862645,0.843007,0.021702,0.011997,0.044779,0.038643,0.050000,0,0,0,0,0
cat_face_bass,l500,525,516.357,0.307101,0.795460,0.790222,0.800698,5,0.00460607,1,0.074178,0.090636,0.057719,0.920519,0.904842,0.936196,0.854379,0.861845,0.846913,0.022175,0.012760,0.045251,0.038574,0.050000,0,0,0,0,0
cat_face_bass,l500,550,560.982,0.312294,0.793581,0.787491,0.799672,5,0.00457150,1,0.076150,0.094038,0.058262,0.918590,0.901591,0.935588,0.853903,0.861545,0.846262,0.023104,0.013045,0.046058,0.038899,0.050000,0,0,0,0,0
cat_face_bass,l500,575,567.531,0.317310,0.791443,0.787246,0.795641,5,0.00493142,0,0.078377,0.096539,0.060215,0.916395,0.899416,0.933373,0.853398,0.863245,0.843550,0.023798,0.013354,0.046330,0.039713,0.050000,0,0,0,0,0
cat_face_bass,l500,600,611.072,0.326348,0.786756,0.782668,0.790845,5,0.00478857,0,0.082142,0.102441,0.061842,0.912641,0.893875,0.931408,0.851299,0.862845,0.839753,0.025236,0.013713,0.047471,0.040720,0.050000,0,0,0,0,0
cat_face_bass,l500,625,617.402,0.328409,0.785311,0.782459,0.788163,5,0.00475161,0,0.082547,0.101841,0.063253,0.912086,0.894355,0.929818,0.850081,0.862145,0.838017,0.025015,0.014059,0.047450,0.041374,0.050000,0,0,0,0,0
cat_face_bass,l500,650,659.311,0.331673,0.781986,0.786953,0.777020,5,0.00466220,0,0.081256,0.096439,0.066074,0.912798,0.899468,0.926128,0.845603,0.862845,0.828361,0.023906,0.014760,0.046410,0.043727,0.050000,0,0,0,0,0
cat_face_bass,l500,675,665.253,0.325315,0.785068,0.793890,0.776245,5,0.00468745,0,0.078444,0.087235,0.069654,0.915407,0.908211,0.922604,0.846729,0.863145,0.830314,0.021707,0.015653,0.044633,0.044031,0.050000,0,0,0,0,0
cat_face_bass,l500,700,707.799,0.322624,0.786018,0.795139,0.776896,5,0.00494759,0,0.076738,0.086535,0.066942,0.917116,0.908957,0.925276,0.846424,0.863946,0.828903,0.021481,0.015007,0.044309,0.043834,0.050000,0,0,0,0,0
cat_face_bass,l500,725,713.831,0.322641,0.785879,0.794862,0.776896,5,0.00491285,0,0.076250,0.086535,0.065965,0.917575,0.908928,0.926223,0.845895,0.863645,0.828144,0.021562,0.014813,0.044418,0.043795,0.050000,0,0,0,0,0
cat_face_bass,l500,750,755.809,0.323117,0.785498,0.794112,0.776884,5,0.00505719,0,0.076429,0.087435,0.065423,0.917404,0.908058,0.926749,0.845628,0.863545,0.827710,0.021721,0.014686,0.044620,0.043703,0.050000,0,0,0,0,0
cat_face_bass,l500,775,761.765,0.322425,0.785453,0.792278,0.778628,5,0.00509425,0,0.077424,0.090836,0.064012,0.916584,0.904892,0.928276,0.846357,0.864246,0.828469,0.022024,0.014413,0.044659,0.043409,0.050000,0,0,0,0,0
cat_face_bass,l500,800,802.393,0.321380,0.786121,0.793024,0.779218,5,0.00504212,0,0.076432,0.089936,0.062927,0.917572,0.905755,0.929389,0.846299,0.864346,0.828252,0.021917,0.014263,0.044576,0.043284,0.050000,0,0,0,0,0
cat_face_bass,l500,825,808.312,0.319648,0.786244,0.793078,0.779410,5,0.00503849,0,0.076549,0.089736,0.063361,0.917458,0.905935,0.928980,0.846520,0.864246,0.828795,0.021473,0.014287,0.044303,0.043190,0.050000,0,0,0,0,0
cat_face_bass,l500,850,850.801,0.318997,0.786424,0.793607,0.779241,5,0.00507432,0,0.076086,0.089136,0.063036,0.917900,0.906516,0.929284,0.846353,0.864346,0.828361,0.021424,0.014142,0.044215,0.043150,0.050000,0,0,0,0,0
cat_face_bass,l500,875,856.805,0.318348,0.787657,0.795687,0.779626,5,0.00490666,0,0.074231,0.085534,0.062927,0.919659,0.909896,0.929423,0.846216,0.863745,0.828686,0.021247,0.014102,0.044179,0.043118,0.050000,0,0,0,0,0
cat_face_bass,l500,900,898.476,0.319877,0.786801,0.793861,0.779741,5,0.00511677,0,0.075514,0.088535,0.062493,0.918463,0.907067,0.929859,0.846307,0.864146,0.828469,0.021845,0.013957,0.044566,0.042964,0.050000,0,0,0,0,0
cat_face_bass,l500,925,904.523,0.316978,0.788145,0.795890,0.780401,5,0.00510279,0,0.073684,0.085634,0.061734,0.920244,0.909828,0.930660,0.846312,0.864046,0.828578,0.021241,0.013764,0.044147,0.042819,0.050000,0,0,0,0,0
cat_face_bass,l500,950,946.876,0.316478,0.788077,0.796073,0.780082,5,0.00502410,0,0.073651,0.085134,0.062168,0.920248,0.910289,0.930207,0.846212,0.863846,0.828578,0.021100,0.013804,0.044050,0.042819,0.050000,0,0,0,0,0
cat_face_bass,l500,975,952.867,0.316626,0.788576,0.796114,0.781039,5,0.00494849,0,0.073600,0.086335,0.060866,0.920402,0.909234,0.931569,0.846712,0.864846,0.828578,0.021386,0.013737,0.044071,0.042755,0.050000,0,0,0,0,0
cat_face_bass,l500,1000,995.276,0.316469,0.788555,0.795547,0.781563,5,0.00501156,0,0.073833,0.087235,0.060432,0.920212,0.908384,0.932040,0.846870,0.864946,0.828795,0.021425,0.013637,0.044086,0.042703,0.050000,0,0,0,0,0
dance_argument,l200,1,0.478,1.161969,0.086139,0.083513,0.088765,5,0.00767766,0,0.122140,0.149158,0.095122,0.448467,0.391509,0.505425,0.096589,0.095970,0.097209,0.020352,0.028825,0.128487,0.232457,0.050000,0,0,0,0,0
dance_argument,l200,25,7.189,1.033518,0.110628,0.103031,0.118225,5,0.00000404,0,0.061650,0.078956,0.044344,0.660230,0.584709,0.735751,0.117317,0.111166,0.123468,0.010721,0.013232,0.118142,0.214386,0.050000,0,0,0,0,0
dance_argument,l200,50,52.262,0.992859,0.127517,0.112948,0.142086,5,0.00015635,0,0.050086,0.069045,0.031128,0.730486,0.636205,0.824767,0.133628,0.120747,0.146509,0.009247,0.009228,0.115713,0.205966,0.050000,0,0,0,0,0
dance_argument,l200,75,58.913,0.961255,0.147639,0.122818,0.172461,5,0.00042249,0,0.047343,0.069210,0.025476,0.764473,0.654860,0.874087,0.154086,0.131318,0.176854,0.009254,0.007505,0.114459,0.197481,0.050000,0,0,0,0,0
dance_argument,l200,100,105.169,0.910265,0.177995,0.123562,0.232427,5,0.00045231,1,0.041644,0.062768,0.020520,0.798487,0.676596,0.920378,0.184257,0.131318,0.237197,0.008538,0.006030,0.113813,0.182220,0.050000,0,0,0,0,0
dance_argument,l200,125,111.964,0.869743,0.210490,0.122823,0.298156,5,0.00048377,1,0.047578,0.071853,0.023302,0.787980,0.646916,0.929044,0.218376,0.131648,0.305104,0.009615,0.006775,0.114640,0.166966,0.050000,0,0,0,0,0
dance_argument,l200,150,159.528,0.816097,0.252655,0.135426,0.369883,5,0.00019886,1,0.048539,0.073340,0.023737,0.802832,0.664653,0.941011,0.262011,0.145358,0.378663,0.010143,0.006993,0.113494,0.149924,0.050000,0,0,0,0,0
dance_argument,l200,175,166.433,0.770326,0.288951,0.145872,0.432030,5,0.00026720,1,0.053746,0.080278,0.027215,0.802359,0.662500,0.942219,0.300685,0.157582,0.443787,0.010368,0.007876,0.112181,0.135410,0.050000,0,0,0,0,0
dance_argument,l200,200,212.186,0.745683,0.308229,0.158757,0.457700,5,0.00096974,0,0.051825,0.078956,0.024694,0.817235,0.684488,0.949982,0.320147,0.171292,0.469003,0.010499,0.007093,0.110637,0.128902,0.050000,0,0,0,0,0
dance_argument,l200,225,218.894,0.725623,0.318198,0.164212,0.472184,5,0.00097379,1,0.043709,0.065246,0.022172,0.842208,0.728336,0.956080,0.328790,0.174926,0.482654,0.008897,0.006397,0.108847,0.125152,0.050000,0,0,0,0,0
dance_argument,l200,250,266.596,0.721938,0.320614,0.153211,0.488017,5,0.00061550,1,0.049877,0.080278,0.019477,0.817857,0.673387,0.962328,0.331516,0.165510,0.497522,0.010438,0.005687,0.111347,0.121093,0.050000,0,0,0,0,0
dance_argument,l200,275,273.447,0.699971,0.333382,0.155979,0.510785,5,0.00058913,1,0.043113,0.066402,0.019824,0.839015,0.714691,0.963338,0.343624,0.166336,0.520911,0.009066,0.005780,0.110033,0.115730,0.050000,0,0,0,0,0
dance_argument,l200,300,321.405,0.687432,0.343658,0.159414,0.527903,5,0.00069271,1,0.045443,0.070367,0.020520,0.835664,0.708019,0.963308,0.354683,0.170631,0.538736,0.009504,0.005764,0.109845,0.111504,0.050000,0,0,0,0,0
dance_argument,l200,325,328.212,0.669798,0.358855,0.156446,0.561264,5,0.00091348,1,0.050273,0.080112,0.020433,0.821967,0.678382,0.965553,0.370856,0.168979,0.572733,0.010879,0.005674,0.111209,0.103568,0.050000,0,0,0,0,0
dance_argument,l200,350,372.966,0.647768,0.376850,0.158062,0.595638,5,0.00055627,1,0.055767,0.091014,0.020520,0.810945,0.654545,0.967345,0.390154,0.172448,0.607860,0.011726,0.005867,0.111585,0.095411,0.050000,0,0,0,0,0
dance_argument,l200,375,379.747,0.630952,0.388882,0.159788,0.617976,5,0.00101910,1,0.056158,0.092666,0.019650,0.811517,0.653276,0.969758,0.402357,0.174595,0.630119,0.011636,0.005702,0.111205,0.090206,0.050000,0,0,0,0,0
dance_argument,l200,400,424.905,0.637310,0.396082,0.155823,0.636340,5,0.00132408,1,0.072224,0.124711,0.019737,0.777366,0.584251,0.970481,0.412078,0.175256,0.648900,0.016327,0.005793,0.115227,0.085841,0.050000,0,0,0,0,0
dance_argument,l200,425,431.726,0.663783,0.399572,0.149784,0.649361,5,0.00155427,1,0.102704,0.185497,0.019911,0.729947,0.489081,0.970813,0.419929,0.177569,0.662290,0.025088,0.005796,0.122661,0.082794,0.050000,0,0,0,0,0
dance_argument,l200,450,476.889,0.690377,0.387107,0.144616,0.629598,5,0.00015109,1,0.113041,0.207301,0.018781,0.714366,0.457180,0.971553,0.408009,0.174595,0.641422,0.028335,0.005425,0.125895,0.087316,0.050000,0,0,0,0,0
dance_argument,l200,475,483.687,0.720745,0.368037,0.145358,0.590715,5,0.00000000,0,0.117001,0.217047,0.016955,0.710804,0.449057,0.972551,0.388819,0.176908,0.600730,0.029528,0.005033,0.126582,0.096385,0.050000,0,0,0,0,0
dance_argument,l200,500,532.551,0.727115,0.352380,0.150999,0.553761,5,0.00001447,0,0.099913,0.182524,0.017303,0.732356,0.494511,0.970201,0.370951,0.178560,0.563342,0.024664,0.005169,0.122096,0.105356,0.050000,0,0,0,0,0
dance_argument,l200,525,539.515,0.753672,0.339593,0.151465,0.527721,5,0.00000000,0,0.107316,0.195243,0.019390,0.723167,0.481124,0.965211,0.359495,0.181037,0.537953,0.026582,0.005724,0.123463,0.111608,0.050000,0,0,0,0,0
dance_argument,l200,550,587.331,0.768157,0.338834,0.149213,0.528455,5,0.00000000,0,0.119157,0.217707,0.020607,0.709060,0.454921,0.963199,0.360521,0.181698,0.539344,0.029936,0.006099,0.126394,0.111640,0.050000,0,0,0,0,0
dance_argument,l200,575,594.098,0.774400,0.339383,0.142284,0.536482,5,0.00000000,0,0.129433,0.235216,0.023650,0.693183,0.427653,0.958713,0.362461,0.175752,0.549170,0.032136,0.006755,0.128975,0.109713,0.050000,0,0,0,0,0
dance_argument,l200,600,641.052,0.776122,0.339086,0.141161,0.537010,5,0.00000000,0,0.130576,0.238024,0.023128,0.691487,0.423369,0.959605,0.362095,0.174760,0.549430,0.032641,0.006551,0.129584,0.109527,0.050000,0,0,0,0,0
dance_argument,l200,625,647.736,0.776090,0.340089,0.141017,0.539161,5,0.00000000,0,0.133767,0.243971,0.023563,0.688663,0.418275,0.959051,0.363643,0.175421,0.551865,0.032750,0.006851,0.129636,0.109261,0.050000,0,0,0,0,0
dance_argument,l200,650,693.741,0.770275,0.341821,0.141290,0.542351,5,0.00000000,0,0.127973,0.234556,0.021389,0.694659,0.426494,0.962823,0.364191,0.174430,0.553952,0.032250,0.006110,0.129340,0.108238,0.050000,0,0,0,0,0
dance_argument,l200,675,700.237,0.766666,0.344240,0.141805,0.546676,5,0.00000000,0,0.128129,0.233565,0.022694,0.694609,0.428225,0.960992,0.367004,0.174926,0.559082,0.032050,0.006423,0.129084,0.107235,0.050000,0,0,0,0,0
dance_argument,l200,700,745.239,0.773258,0.344964,0.138177,0.551751,5,0.00000000,0,0.135553,0.250413,0.020694,0.686416,0.408275,0.964557,0.367973,0.172778,0.563168,0.034514,0.006041,0.131511,0.105964,0.050000,0,0,0,0,0
dance_argument,l200,725,751.776,0.775663,0.347422,0.137936,0.556909,5,0.00007916,0,0.143191,0.265775,0.020607,0.680744,0.396474,0.965013,0.371490,0.174595,0.568385,0.036295,0.005897,0.132814,0.104626,0.050000,0,0,0,0,0
dance_argument,l200,750,798.533,0.790285,0.348687,0.132883,0.564491,5,0.00017246,0,0.158553,0.296498,0.020607,0.666490,0.367512,0.965467,0.374203,0.172283,0.576124,0.040817,0.006017,0.137067,0.102904,0.050000,0,0,0,0,0
dance_argument,l200,775,805.167,0.783130,0.355664,0.132919,0.578410,5,0.00002550,1,0.161213,0.301123,0.021302,0.665001,0.364808,0.965194,0.381837,0.172944,0.590731,0.041488,0.006243,0.137600,0.099572,0.050000,0,0,0,0,0
dance_argument,l200,800,850.035,0.778636,0.360129,0.134464,0.585793,5,0.00000000,0,0.163339,0.304592,0.022085,0.664938,0.365451,0.964426,0.387076,0.175421,0.598731,0.041948,0.006209,0.137713,0.097754,0.050000,0,0,0,0,0
dance_argument,l200,825,856.630,0.782109,0.361415,0.133660,0.589170,5,0.00001065,0,0.168272,0.313677,0.022868,0.661160,0.358879,0.963442,0.389115,0.175586,0.602643,0.043226,0.006517,0.138815,0.097013,0.050000,0,0,0,0,0
dance_argument,l200,850,901.969,0.783803,0.361377,0.132757,0.589997,5,0.00000000,0,0.169907,0.317641,0.022172,0.659835,0.355131,0.964539,0.389002,0.174926,0.603078,0.043781,0.006392,0.139369,0.096812,0.050000,0,0,0,0,0
dance_argument,l200,875,908.575,0.795964,0.358696,0.130112,0.587279,5,0.00000000,0,0.178965,0.336802,0.021129,0.653261,0.340556,0.965966,0.386811,0.173935,0.599687,0.046316,0.006198,0.141726,0.097339,0.050000,0,0,0,0,0
dance_argument,l200,900,954.601,0.794276,0.357895,0.131749,0.584041,5,0.00001616,0,0.175466,0.327717,0.023215,0.655308,0.348012,0.962605,0.386263,0.174926,0.597600,0.045167,0.006611,0.140594,0.098273,0.050000,0,0,0,0,0
dance_argument,l200,925,961.205,0.800455,0.356922,0.131728,0.582116,5,0.00000000,0,0.180935,0.337958,0.023911,0.652093,0.342756,0.961431,0.386141,0.176247,0.596035,0.046352,0.006830,0.141461,0.098766,0.050000,0,0,0,0,0
dance_argument,l200,950,1007.966,0.796776,0.354327,0.132968,0.575685,5,0.00006402,1,0.174014,0.326726,0.021302,0.657829,0.350624,0.965035,0.382181,0.176412,0.587949,0.044938,0.005987,0.140215,0.099899,0.050000,0,0,0,0,0
dance_argument,l200,975,1014.622,0.792947,0.351985,0.133686,0.570285,5,0.00000000,0,0.166399,0.312190,0.020607,0.662781,0.359756,0.965806,0.378729,0.175421,0.582036,0.042828,0.005948,0.138445,0.101483,0.050000,0,0,0,0,0
dance_argument,l200,1000,1062.187,0.790826,0.349950,0.135546,0.564354,5,0.00000000,0,0.162008,0.303931,0.020085,0.666992,0.367698,0.966287,0.376216,0.176743,0.575689,0.041607,0.005665,0.137221,0.102751,0.050000,0,0,0,0,0
dance_argument,l2000,1,0.464,1.161969,0.086139,0.083513,0.088765,5,0.00767766,0,0.122140,0.149158,0.095122,0.448467,0.391509,0.505425,0.096589,0.095970,0.097209,0.020352,0.028825,0.128487,0.232457,0.050000,0,0,0,0,0
dance_argument,l2000,25,7.262,1.033518,0.110628,0.103031,0.118225,5,0.00000404,0,0.061650,0.078956,0.044344,0.660230,0.584709,0.735751,0.117317,0.111166,0.123468,0.010721,0.013232,0.118142,0.214386,0.050000,0,0,0,0,0
dance_argument,l2000,50,52.858,0.992859,0.127517,0.112948,0.142086,5,0.00015635,0,0.050086,0.069045,0.031128,0.730486,0.636205,0.824767,0.133628,0.120747,0.146509,0.009247,0.009228,0.115713,0.205966,0.050000,0,0,0,0,0
dance_argument,l2000,75,59.588,0.961255,0.147639,0.122818,0.172461,5,0.00042249,0,0.047343,0.069210,0.025476,0.764473,0.654860,0.874087,0.154086,0.131318,0.176854,0.009254,0.007505,0.114459,0.197481,0.050000,0,0,0,0,0
dance_argument,l2000,100,106.309,0.910265,0.177995,0.123562,0.232427,5,0.00045231,1,0.041644,0.062768,0.020520,0.798487,0.676596,0.920378,0.184257,0.131318,0.237197,0.008538,0.006030,0.113813,0.182220,0.050000,0,0,0,0,0
dance_argument,l2000,125,113.159,0.869726,0.210490,0.122823,0.298156,5,0.00048377,1,0.047578,0.071853,0.023302,0.787980,0.646916,0.929044,0.218376,0.131648,0.305104,0.009615,0.006764,0.114649,0.166958,0.050000,0,0,0,0,0
dance_argument,l2000,150,161.238,0.815860,0.252977,0.135867,0.370087,5,0.00019886,1,0.048925,0.073505,0.024346,0.802282,0.664910,0.939655,0.262476,0.145854,0.379097,0.010132,0.007110,0.113411,0.149875,0.050000,0,0,0,0,0
dance_argument,l2000,175,168.235,0.770654,0.288976,0.146069,0.431884,5,0.00026720,1,0.053755,0.079947,0.027563,0.802590,0.663655,0.941524,0.300767,0.157747,0.443787,0.010452,0.007931,0.112228,0.135403,0.050000,0,0,0,0,0
dance_argument,l2000,200,214.464,0.742634,0.308252,0.159534,0.456971,5,0.00096974,0,0.050142,0.076809,0.023476,0.821617,0.691030,0.952204,0.319743,0.171787,0.467698,0.009779,0.006819,0.109960,0.129059,0.050000,0,0,0,0,0
dance_argument,l2000,225,221.273,0.727082,0.318548,0.163403,0.473693,5,0.00097379,1,0.050460,0.079617,0.021302,0.823428,0.689032,0.957824,0.330098,0.176412,0.483784,0.009784,0.006188,0.109411,0.124736,0.050000,0,0,0,0,0
dance_argument,l2000,250,269.258,0.714122,0.324297,0.156009,0.492586,5,0.00061550,1,0.044817,0.069376,0.020259,0.833772,0.706294,0.961251,0.334698,0.166832,0.502565,0.009310,0.005966,0.110100,0.120159,0.050000,0,0,0,0,0
dance_argument,l2000,275,276.133,0.701418,0.333278,0.156496,0.510060,5,0.00058913,1,0.044561,0.069210,0.019911,0.835269,0.707402,0.963136,0.343772,0.167327,0.520216,0.009483,0.005688,0.110244,0.115839,0.050000,0,0,0,0,0
dance_argument,l2000,300,324.459,0.686621,0.344171,0.159291,0.529050,5,0.00069270,1,0.045161,0.071193,0.019129,0.835669,0.705601,0.965737,0.354901,0.170631,0.539171,0.009563,0.005462,0.109933,0.111266,0.050000,0,0,0,0,0
dance_argument,l2000,325,331.280,0.668618,0.360276,0.158941,0.561610,5,0.00092113,1,0.049716,0.079782,0.019650,0.824739,0.682654,0.966823,0.372134,0.171622,0.572646,0.010796,0.005669,0.110867,0.103558,0.050000,0,0,0,0,0
dance_argument,l2000,350,376.352,0.647727,0.376898,0.155515,0.598282,5,0.00054590,1,0.055480,0.088702,0.022259,0.810547,0.656210,0.964883,0.390454,0.169310,0.611599,0.011588,0.006379,0.111832,0.094966,0.050000,0,0,0,0,0
dance_argument,l2000,375,383.171,0.632901,0.386097,0.156750,0.615444,5,0.00075752,1,0.055302,0.093822,0.016781,0.810105,0.646326,0.973884,0.398614,0.171457,0.625772,0.011855,0.004946,0.111775,0.090614,0.050000,0,0,0,0,0
dance_argument,l2000,400,428.701,0.644015,0.392883,0.153553,0.632212,5,0.00147201,1,0.073024,0.127354,0.018694,0.773966,0.576141,0.971792,0.408570,0.173109,0.644031,0.017302,0.005435,0.116316,0.086644,0.050000,0,0,0,0,0
dance_argument,l2000,425,435.525,0.670099,0.394283,0.146161,0.642406,5,0.00095673,1,0.101661,0.185497,0.017825,0.728214,0.482965,0.973463,0.413565,0.173274,0.653856,0.025529,0.005141,0.123587,0.084222,0.050000,0,0,0,0,0
dance_argument,l2000,450,481.002,0.696755,0.382900,0.144807,0.620993,5,0.00008086,1,0.113745,0.210274,0.017216,0.714027,0.454584,0.973469,0.403470,0.175256,0.631684,0.028753,0.005012,0.126165,0.089186,0.050000,0,0,0,0,0
dance_argument,l2000,475,487.772,0.727891,0.363843,0.143263,0.584423,5,0.00000876,1,0.119026,0.221011,0.017042,0.706965,0.441802,0.972127,0.384654,0.174926,0.594383,0.029962,0.004905,0.127246,0.097949,0.050000,0,0,0,0,0
dance_argument,l2000,500,536.535,0.739886,0.349251,0.145157,0.553344,5,0.00002278,1,0.109220,0.200529,0.017911,0.717071,0.464963,0.969180,0.368760,0.174265,0.563255,0.027352,0.005195,0.125023,0.105327,0.050000,0,0,0,0,0
dance_argument,l2000,525,543.315,0.742118,0.341358,0.147675,0.535041,5,0.00003019,0,0.097097,0.175586,0.018607,0.732074,0.497162,0.966985,0.359300,0.173604,0.544996,0.024444,0.005423,0.122557,0.109876,0.050000,0,0,0,0,0
dance_argument,l2000,550,591.545,0.753927,0.339915,0.146486,0.533345,5,0.00000000,0,0.108633,0.196399,0.020868,0.717322,0.471556,0.963088,0.359865,0.175256,0.544474,0.026825,0.006115,0.124441,0.110399,0.050000,0,0,0,0,0
dance_argument,l2000,575,598.204,0.747883,0.346397,0.146167,0.546628,5,0.00000000,0,0.110811,0.197886,0.023737,0.714375,0.469442,0.959308,0.367347,0.175091,0.559604,0.027154,0.006908,0.124763,0.107500,0.050000,0,0,0,0,0
dance_argument,l2000,600,644.015,0.737454,0.349675,0.148675,0.550674,5,0.00000000,0,0.104778,0.184341,0.025215,0.722894,0.488543,0.957246,0.370321,0.176082,0.564560,0.025380,0.007193,0.123072,0.106460,0.050000,0,0,0,0,0
dance_argument,l2000,625,650.263,0.735461,0.350694,0.148560,0.552828,5,0.00001665,0,0.105608,0.187479,0.023737,0.722270,0.484793,0.959746,0.371182,0.176412,0.565951,0.025233,0.007037,0.122899,0.106115,0.050000,0,0,0,0,0
dance_argument,l2000,650,693.794,0.744870,0.348536,0.146880,0.550191,5,0.00000000,0,0.110629,0.196564,0.024694,0.715044,0.472050,0.958038,0.369764,0.175752,0.563777,0.026940,0.007118,0.124481,0.106781,0.050000,0,0,0,0,0
dance_argument,l2000,675,699.760,0.752486,0.347804,0.146601,0.549006,5,0.00000000,0,0.116923,0.210109,0.023737,0.708639,0.457801,0.959478,0.369721,0.177403,0.562038,0.028979,0.006840,0.126084,0.106835,0.050000,0,0,0,0,0
dance_argument,l2000,700,743.662,0.755304,0.346794,0.146315,0.547274,5,0.00000000,0,0.120062,0.214734,0.025389,0.704789,0.452862,0.956715,0.369451,0.177734,0.561169,0.029318,0.007199,0.126331,0.107179,0.050000,0,0,0,0,0
dance_argument,l2000,725,749.924,0.753420,0.348794,0.150851,0.546737,5,0.00000000,0,0.118231,0.213247,0.023215,0.711007,0.461859,0.960155,0.371225,0.183019,0.559430,0.029409,0.006615,0.125756,0.107372,0.050000,0,0,0,0,0
dance_argument,l2000,750,794.932,0.773004,0.344520,0.149143,0.539898,5,0.00000000,0,0.133454,0.242649,0.024259,0.695507,0.433037,0.957976,0.369164,0.185332,0.552995,0.033159,0.006825,0.128760,0.108916,0.050000,0,0,0,0,0
dance_argument,l2000,775,801.000,0.775182,0.350100,0.152188,0.548013,5,0.00000000,0,0.141383,0.256855,0.025911,0.691388,0.426834,0.955943,0.376745,0.191278,0.562212,0.035176,0.007464,0.129786,0.107288,0.050000,0,0,0,0,0
dance_argument,l2000,800,845.513,0.773918,0.350573,0.152373,0.548773,5,0.00000200,0,0.141917,0.259663,0.024172,0.691892,0.425018,0.958766,0.376989,0.191939,0.562038,0.035490,0.006871,0.129985,0.106807,0.050000,0,0,0,0,0
dance_argument,l2000,825,851.465,0.779631,0.349641,0.149355,0.549928,5,0.00000000,0,0.146147,0.267426,0.024867,0.686104,0.414467,0.957742,0.376450,0.189296,0.563603,0.036526,0.007378,0.131164,0.106761,0.050000,0,0,0,0,0
dance_argument,l2000,850,895.565,0.789681,0.351319,0.147901,0.554737,5,0.00000026,0,0.156771,0.286587,0.026954,0.676927,0.399030,0.954824,0.379989,0.190287,0.569690,0.039407,0.007917,0.133638,0.105928,0.050000,0,0,0,0,0
dance_argument,l2000,875,901.710,0.781389,0.354463,0.148479,0.560446,5,0.00000000,0,0.152615,0.276016,0.029215,0.679410,0.407026,0.951793,0.383140,0.189462,0.576819,0.037966,0.008579,0.132410,0.104780,0.050000,0,0,0,0,0
dance_argument,l2000,900,943.428,0.788702,0.354418,0.147131,0.561705,5,0.00000000,0,0.159379,0.286587,0.032171,0.672603,0.397779,0.947428,0.384536,0.189296,0.579776,0.039321,0.009474,0.133648,0.104855,0.050000,0,0,0,0,0
dance_argument,l2000,925,949.482,0.778827,0.362056,0.147678,0.576434,5,0.00000908,0,0.159879,0.287413,0.032345,0.673290,0.398132,0.948448,0.392600,0.190122,0.595079,0.039606,0.009469,0.133827,0.101242,0.050000,0,0,0,0,0
dance_argument,l2000,950,991.747,0.773357,0.366628,0.145343,0.587913,5,0.00012910,1,0.162044,0.291047,0.033041,0.670200,0.391994,0.948405,0.397492,0.187645,0.607338,0.039997,0.009696,0.134440,0.098469,0.050000,0,0,0,0,0
dance_argument,l2000,975,997.846,0.763798,0.371732,0.145215,0.598248,5,0.00011422,0,0.161696,0.291047,0.032345,0.671009,0.391785,0.950234,0.402539,0.187479,0.617598,0.039597,0.009520,0.134137,0.095878,0.050000,0,0,0,0,0
dance_argument,l2000,1000,1041.054,0.760149,0.375130,0.145994,0.604266,5,0.00008809,1,0.160862,0.286422,0.035301,0.671308,0.396029,0.946586,0.406704,0.187810,0.625598,0.039357,0.010319,0.133924,0.094601,0.050000,0,0,0,0,0
dance_argument,l500,1,0.490,1.161969,0.086139,0.083513,0.088765,5,0.00767766,0,0.122140,0.149158,0.095122,0.448467,0.391509,0.505425,0.096589,0.095970,0.097209,0.020352,0.028825,0.128487,0.232457,0.050000,0,0,0,0,0
dance_argument,l500,25,7.257,1.033518,0.110628,0.103031,0.118225,5,0.00000404,0,0.061650,0.078956,0.044344,0.660230,0.584709,0.735751,0.117317,0.111166,0.123468,0.010721,0.013232,0.118142,0.214386,0.050000,0,0,0,0,0
dance_argument,l500,50,52.657,0.992859,0.127517,0.112948,0.142086,5,0.00015635,0,0.050086,0.069045,0.031128,0.730486,0.636205,0.824767,0.133628,0.120747,0.146509,0.009247,0.009228,0.115713,0.205966,0.050000,0,0,0,0,0
dance_argument,l500,75,59.379,0.961255,0.147639,0.122818,0.172461,5,0.00042249,0,0.047343,0.069210,0.025476,0.764473,0.654860,0.874087,0.154086,0.131318,0.176854,0.009254,0.007505,0.114459,0.197481,0.050000,0,0,0,0,0
dance_argument,l500,100,105.890,0.910265,0.177995,0.123562,0.232427,5,0.00045231,1,0.041644,0.062768,0.020520,0.798487,0.676596,0.920378,0.184257,0.131318,0.237197,0.008538,0.006030,0.113813,0.182220,0.050000,0,0,0,0,0
dance_argument,l500,125,112.730,0.869726,0.210490,0.122823,0.298156,5,0.00048377,1,0.047578,0.071853,0.023302,0.787980,0.646916,0.929044,0.218376,0.131648,0.305104,0.009615,0.006764,0.114649,0.166958,0.050000,0,0,0,0,0
dance_argument,l500,150,160.652,0.815860,0.252977,0.135867,0.370087,5,0.00019886,1,0.048925,0.073505,0.024346,0.802282,0.664910,0.939655,0.262476,0.145854,0.379097,0.010132,0.007110,0.113411,0.149875,0.050000,0,0,0,0,0
dance_argument,l500,175,167.616,0.770654,0.288976,0.146069,0.431884,5,0.00026720,1,0.053755,0.079947,0.027563,0.802590,0.663655,0.941524,0.300767,0.157747,0.443787,0.010452,0.007931,0.112228,0.135403,0.050000,0,0,0,0,0
dance_argument,l500,200,213.635,0.742750,0.307994,0.158903,0.457085,5,0.00096974,0,0.051068,0.077965,0.024172,0.819055,0.687210,0.950901,0.319712,0.171292,0.468133,0.009801,0.006955,0.109998,0.128982,0.050000,0,0,0,0,0
dance_argument,l500,225,220.405,0.725345,0.320179,0.162638,0.477721,5,0.00097379,1,0.051068,0.079617,0.022520,0.821978,0.688026,0.955930,0.332033,0.175586,0.488479,0.009785,0.006534,0.109517,0.123878,0.050000,0,0,0,0,0
dance_argument,l500,250,268.686,0.717168,0.324167,0.154555,0.493779,5,0.00061550,1,0.047708,0.075157,0.020259,0.824955,0.688569,0.961341,0.334977,0.166171,0.503782,0.010250,0.005855,0.111042,0.119817,0.050000,0,0,0,0,0
dance_argument,l500,275,275.612,0.702181,0.335786,0.154891,0.516681,5,0.00058913,1,0.052038,0.082425,0.021650,0.815505,0.670410,0.960601,0.347762,0.167658,0.527867,0.010524,0.006208,0.111131,0.114426,0.050000,0,0,0,0,0
dance_argument,l500,300,324.157,0.689959,0.345723,0.157574,0.533873,5,0.00069270,1,0.052129,0.083911,0.020346,0.817276,0.670558,0.963994,0.357766,0.170796,0.544735,0.010922,0.005941,0.111072,0.110321,0.050000,0,0,0,0,0
dance_argument,l500,325,331.065,0.668994,0.359454,0.156621,0.562287,5,0.00091348,1,0.052137,0.085233,0.019042,0.816928,0.666019,0.967837,0.371482,0.169970,0.572994,0.011027,0.005397,0.111239,0.103334,0.050000,0,0,0,0,0
dance_argument,l500,350,376.316,0.647564,0.377913,0.158229,0.597596,5,0.00055627,1,0.056541,0.092996,0.020085,0.809207,0.650311,0.968103,0.391271,0.172944,0.609599,0.012098,0.005713,0.111876,0.094943,0.050000,0,0,0,0,0
dance_argument,l500,375,383.182,0.630968,0.389687,0.160484,0.618889,5,0.00102958,1,0.055071,0.091014,0.019129,0.814271,0.657976,0.970565,0.402909,0.175091,0.630728,0.011918,0.005509,0.111436,0.089933,0.050000,0,0,0,0,0
dance_argument,l500,400,428.893,0.636943,0.395574,0.154932,0.636216,5,0.00120324,1,0.071555,0.123720,0.019390,0.777776,0.584581,0.970971,0.411326,0.174100,0.648552,0.016305,0.005601,0.115381,0.085700,0.050000,0,0,0,0,0
dance_argument,l500,425,435.753,0.663527,0.397935,0.148776,0.647094,5,0.00125262,1,0.103378,0.187975,0.018781,0.728451,0.484601,0.972301,0.417995,0.176743,0.659247,0.024865,0.005485,0.122555,0.083153,0.050000,0,0,0,0,0
dance_argument,l500,450,481.965,0.687635,0.383308,0.145130,0.621485,5,0.00023776,1,0.105656,0.193921,0.017390,0.722559,0.471885,0.973233,0.402783,0.173274,0.632293,0.026441,0.004949,0.124389,0.089073,0.050000,0,0,0,0,0
dance_argument,l500,475,488.828,0.714972,0.371100,0.145073,0.597126,5,0.00000630,0,0.115132,0.213743,0.016520,0.712600,0.451695,0.973504,0.391536,0.176082,0.606991,0.029145,0.004926,0.126376,0.094911,0.050000,0,0,0,0,0
dance_argument,l500,500,537.114,0.729758,0.355517,0.148742,0.562292,5,0.00001164,1,0.105890,0.194912,0.016868,0.724147,0.476950,0.971344,0.374755,0.177734,0.571776,0.026854,0.004927,0.124142,0.103217,0.050000,0,0,0,0,0
dance_argument,l500,525,544.046,0.747435,0.345501,0.150323,0.540679,5,0.00000000,0,0.108685,0.201024,0.016346,0.722136,0.473160,0.971112,0.365030,0.180542,0.549517,0.027730,0.004847,0.124579,0.108277,0.050000,0,0,0,0,0
dance_argument,l500,550,593.014,0.758010,0.342147,0.149488,0.534806,5,0.00000000,0,0.114580,0.209944,0.019216,0.714377,0.462806,0.965948,0.362978,0.180872,0.545083,0.028804,0.005624,0.125553,0.109903,0.050000,0,0,0,0,0
dance_argument,l500,575,599.708,0.766651,0.345624,0.147279,0.543970,5,0.00000000,0,0.130268,0.238190,0.022346,0.697496,0.433621,0.961371,0.369242,0.182359,0.556126,0.032098,0.006424,0.128247,0.108042,0.050000,0,0,0,0,0
dance_argument,l500,600,645.805,0.768935,0.346896,0.148539,0.545253,5,0.00000000,0,0.129933,0.237694,0.022172,0.698934,0.436129,0.961740,0.370594,0.183845,0.557343,0.033178,0.006377,0.128935,0.107598,0.050000,0,0,0,0,0
dance_argument,l500,625,652.447,0.766557,0.351761,0.148231,0.555291,5,0.00000000,0,0.137179,0.251404,0.022955,0.692867,0.424575,0.961159,0.376767,0.185497,0.568038,0.034532,0.006535,0.129839,0.105146,0.050000,0,0,0,0,0
dance_argument,l500,650,698.184,0.764843,0.354612,0.148310,0.560913,5,0.00000000,0,0.137458,0.250743,0.024172,0.692420,0.425218,0.959622,0.379984,0.185497,0.574472,0.034771,0.006911,0.130153,0.103954,0.050000,0,0,0,0,0
dance_argument,l500,675,704.789,0.756146,0.360138,0.145476,0.574800,5,0.00000000,0,0.138240,0.252395,0.024085,0.689962,0.419232,0.960692,0.385419,0.182194,0.588644,0.034909,0.006902,0.130605,0.100538,0.050000,0,0,0,0,0
dance_argument,l500,700,750.730,0.737814,0.372579,0.148790,0.596368,5,0.00007318,1,0.136723,0.248926,0.024520,0.694425,0.427432,0.961417,0.398409,0.185828,0.610990,0.034420,0.007065,0.129788,0.095391,0.050000,0,0,0,0,0
dance_argument,l500,725,757.238,0.734281,0.378579,0.151277,0.605881,5,0.00000211,0,0.143617,0.261150,0.026085,0.690940,0.422149,0.959732,0.406234,0.190783,0.621685,0.035297,0.007508,0.129993,0.093365,0.050000,0,0,0,0,0
dance_argument,l500,750,804.447,0.741555,0.378707,0.154627,0.602787,5,0.00000000,0,0.149277,0.269078,0.029476,0.688190,0.421725,0.954655,0.408394,0.196234,0.620555,0.036807,0.008139,0.130590,0.094123,0.050000,0,0,0,0,0
dance_argument,l500,775,811.123,0.738266,0.378939,0.152863,0.605016,5,0.00000000,0,0.146347,0.266435,0.026259,0.690125,0.420826,0.959425,0.407247,0.193591,0.620903,0.036434,0.007514,0.130575,0.093539,0.050000,0,0,0,0,0
dance_argument,l500,800,856.312,0.735189,0.381101,0.154672,0.607531,5,0.00000005,0,0.143804,0.262306,0.025302,0.693840,0.426715,0.960966,0.409073,0.195243,0.622902,0.036269,0.007381,0.130230,0.093009,0.050000,0,0,0,0,0
dance_argument,l500,825,862.976,0.749114,0.378851,0.152269,0.605433,5,0.00000000,0,0.156497,0.288735,0.024259,0.683493,0.404632,0.962353,0.408177,0.196234,0.620120,0.039524,0.007012,0.133013,0.093424,0.050000,0,0,0,0,0
dance_argument,l500,850,908.305,0.753965,0.377797,0.152229,0.603365,5,0.00000000,0,0.159983,0.296663,0.023302,0.681582,0.399532,0.963631,0.407407,0.197390,0.617425,0.040721,0.006735,0.133911,0.093682,0.050000,0,0,0,0,0
dance_argument,l500,875,914.935,0.752887,0.378810,0.152083,0.605538,5,0.00000000,0,0.160239,0.296829,0.023650,0.681223,0.399198,0.963248,0.408542,0.197225,0.619859,0.040874,0.006757,0.133989,0.093158,0.050000,0,0,0,0,0
dance_argument,l500,900,960.721,0.752973,0.378622,0.151936,0.605308,5,0.00000000,0,0.159583,0.296994,0.022172,0.682134,0.398863,0.965405,0.407894,0.197060,0.618729,0.040894,0.006466,0.134103,0.093208,0.050000,0,0,0,0,0
dance_argument,l500,925,967.357,0.753357,0.379179,0.154228,0.604129,5,0.00000000,0,0.160148,0.296994,0.023302,0.683068,0.402459,0.963676,0.409120,0.200033,0.618207,0.040943,0.006699,0.133791,0.093507,0.050000,0,0,0,0,0
dance_argument,l500,950,1012.766,0.756434,0.378483,0.152832,0.604133,5,0.00000000,0,0.162934,0.303436,0.022433,0.680637,0.396319,0.964955,0.408446,0.199207,0.617685,0.041679,0.006560,0.134533,0.093493,0.050000,0,0,0,0,0
dance_argument,l500,975,1019.422,0.754216,0.380151,0.156072,0.604230,5,0.00000000,0,0.162674,0.301784,0.023563,0.682827,0.402355,0.963299,0.410820,0.203171,0.618468,0.041257,0.006876,0.133671,0.093668,0.050000,0,0,0,0,0
dance_argument,l500,1000,1066.503,0.754453,0.379596,0.156322,0.602871,5,0.00000016,0,0.161104,0.298646,0.023563,0.683947,0.404676,0.963219,0.410042,0.203006,0.617077,0.041189,0.006878,0.133582,0.093869,0.050000,0,0,0,0,0
horse_circle,l200,1,0.475,1.512066,0.094492,0.093298,0.095686,5,0.00000000,0,0.038140,0.040737,0.035544,0.720221,0.704453,0.735988,0.098092,0.097098,0.099087,0.011185,0.015561,0.203796,0.286852,0.050000,0,0,0,0,0
horse_circle,l200,25,7.167,1.353010,0.153966,0.154930,0.153003,5,0.00000000,0,0.012667,0.016927,0.008406,0.925659,0.902985,0.948332,0.155921,0.157552,0.154289,0.004684,0.003436,0.185429,0.261514,0.050000,0,0,0,0,0
horse_circle,l200,50,55.798,1.202675,0.243049,0.245498,0.240601,5,0.00000000,0,0.008753,0.012277,0.005229,0.965881,0.952924,0.978837,0.245185,0.248512,0.241859,0.003379,0.002200,0.164472,0.233630,0.050000,0,0,0,0,0
horse_circle,l200,75,62.820,1.035421,0.350257,0.352765,0.347749,5,0.00000000,0,0.012604,0.022693,0.002515,0.966828,0.940820,0.992837,0.354697,0.360770,0.348623,0.005969,0.000961,0.141870,0.199806,0.050000,0,0,0,0,0
horse_circle,l200,100,109.368,0.890549,0.436837,0.419814,0.453861,5,0.00001127,0,0.010792,0.019531,0.002052,0.975934,0.956359,0.995509,0.441403,0.428013,0.454792,0.005168,0.000930,0.126488,0.167310,0.050000,0,0,0,0,0
horse_circle,l200,125,116.511,0.762739,0.513093,0.455833,0.570353,5,0.00006137,1,0.013455,0.024461,0.002449,0.972981,0.950227,0.995735,0.519366,0.466983,0.571750,0.006445,0.000973,0.119182,0.131341,0.050000,0,0,0,0,0
horse_circle,l200,150,163.709,0.673961,0.563066,0.468137,0.657994,5,0.00059120,1,0.013435,0.024554,0.002317,0.973900,0.951300,0.996500,0.569575,0.479632,0.659518,0.006405,0.000968,0.116412,0.104418,0.050000,0,0,0,0,0
horse_circle,l200,175,170.952,0.623029,0.595670,0.490032,0.701308,5,0.00082005,1,0.016412,0.030971,0.001853,0.969803,0.942238,0.997369,0.603908,0.505208,0.702608,0.008063,0.000821,0.112010,0.091033,0.050000,0,0,0,0,0
horse_circle,l200,200,218.036,0.569976,0.633475,0.528575,0.738375,5,0.00076266,1,0.021009,0.039900,0.002118,0.964735,0.932324,0.997146,0.644802,0.549665,0.739939,0.010734,0.000835,0.104407,0.079622,0.050000,0,0,0,0,0
horse_circle,l200,225,225.260,0.505023,0.682361,0.588546,0.776177,5,0.00052116,1,0.029261,0.057199,0.001324,0.957055,0.915811,0.998300,0.699707,0.622210,0.777204,0.015574,0.000522,0.092328,0.067843,0.050000,0,0,0,0,0
horse_circle,l200,250,272.317,0.421398,0.734977,0.652331,0.817623,5,0.00016935,1,0.027967,0.055339,0.000596,0.962435,0.925597,0.999272,0.753270,0.688430,0.818110,0.015111,0.000386,0.077468,0.055210,0.050000,0,0,0,0,0
horse_circle,l200,275,279.517,0.352951,0.774938,0.684201,0.865675,5,0.00010290,1,0.028159,0.055525,0.000794,0.963845,0.928606,0.999084,0.794277,0.722191,0.866362,0.014525,0.000504,0.069636,0.040475,0.050000,0,0,0,0,0
horse_circle,l200,300,325.693,0.309343,0.796894,0.692096,0.901691,5,0.00070935,1,0.024550,0.047247,0.001853,0.968378,0.938803,0.997953,0.814079,0.724795,0.903362,0.011942,0.000842,0.067176,0.029382,0.050000,0,0,0,0,0
horse_circle,l200,325,332.813,0.284541,0.809968,0.690203,0.929732,5,0.00004627,0,0.024702,0.047154,0.002250,0.968172,0.938753,0.997591,0.827287,0.722749,0.931824,0.011963,0.000939,0.067567,0.020818,0.050000,0,0,0,0,0
horse_circle,l200,350,378.756,0.285221,0.810098,0.694239,0.925958,5,0.00003605,0,0.023334,0.044550,0.002118,0.969922,0.942122,0.997723,0.826543,0.725167,0.927919,0.011628,0.000958,0.066708,0.022065,0.050000,0,0,0,0,0
horse_circle,l200,375,385.836,0.281373,0.812774,0.699072,0.926475,5,0.00002519,0,0.023278,0.042783,0.003773,0.970262,0.944565,0.995959,0.829476,0.728981,0.929971,0.011218,0.001580,0.065586,0.021800,0.050000,0,0,0,0,0
horse_circle,l200,400,431.943,0.275590,0.817865,0.705846,0.929883,5,0.00003547,0,0.024537,0.043713,0.005361,0.969143,0.943988,0.994298,0.835785,0.736700,0.934869,0.011565,0.002338,0.064008,0.020895,0.050000,0,0,0,0,0
horse_circle,l200,425,439.031,0.268093,0.823631,0.715506,0.931755,5,0.00003160,0,0.026116,0.045480,0.006751,0.967770,0.942686,0.992854,0.843046,0.748047,0.938046,0.011831,0.002972,0.061760,0.020195,0.050000,0,0,0,0,0
horse_circle,l200,450,487.174,0.262169,0.827988,0.720740,0.935236,5,0.00005294,1,0.027248,0.045759,0.008737,0.966794,0.942764,0.990824,0.848564,0.753720,0.943407,0.011736,0.003817,0.060429,0.019172,0.050000,0,0,0,0,0
horse_circle,l200,475,494.392,0.257651,0.830967,0.724982,0.936951,5,0.00017084,1,0.027286,0.044643,0.009929,0.966976,0.944335,0.989617,0.851801,0.757347,0.946254,0.011475,0.004307,0.059426,0.018527,0.050000,0,0,0,0,0
horse_circle,l200,500,543.191,0.256758,0.832917,0.728662,0.937172,5,0.00024466,1,0.028740,0.047154,0.010326,0.965505,0.941798,0.989212,0.854935,0.763021,0.946849,0.012166,0.004547,0.058711,0.018461,0.050000,0,0,0,0,0
horse_circle,l200,525,550.408,0.256722,0.833169,0.728969,0.937369,5,0.00020669,1,0.028647,0.046968,0.010326,0.965621,0.942027,0.989215,0.855127,0.763207,0.947048,0.012165,0.004396,0.058865,0.018380,0.050000,0,0,0,0,0
horse_circle,l200,550,598.302,0.255828,0.835041,0.731543,0.938539,5,0.00041312,1,0.030319,0.049386,0.011252,0.963920,0.939556,0.988283,0.858385,0.767671,0.949100,0.012825,0.004884,0.058303,0.018022,0.050000,0,0,0,0,0
horse_circle,l200,575,605.522,0.281135,0.830077,0.727839,0.932314,5,0.00080112,1,0.042762,0.059710,0.025814,0.950933,0.928148,0.973718,0.863840,0.771298,0.956381,0.015859,0.011104,0.059836,0.020207,0.050000,0,0,0,0,0
horse_circle,l200,600,653.528,0.318161,0.812729,0.719300,0.906158,5,0.00094968,0,0.047248,0.062593,0.031904,0.945656,0.924305,0.967007,0.849695,0.764323,0.935068,0.016645,0.013843,0.061851,0.028736,0.050000,0,0,0,0,0
horse_circle,l200,625,660.382,0.285120,0.825442,0.728876,0.922008,5,0.00054455,0,0.039430,0.054501,0.024358,0.954322,0.933785,0.974858,0.856534,0.768601,0.944467,0.014551,0.009884,0.059540,0.023156,0.050000,0,0,0,0,0
horse_circle,l200,650,704.875,0.268735,0.831781,0.732320,0.931241,5,0.00042214,0,0.033356,0.052083,0.014628,0.960717,0.936680,0.984754,0.857662,0.770461,0.944864,0.013800,0.006562,0.058564,0.020735,0.050000,0,0,0,0,0
horse_circle,l200,675,711.397,0.262750,0.830787,0.731686,0.929888,5,0.00040380,0,0.031459,0.049944,0.012973,0.962685,0.938956,0.986414,0.855090,0.768229,0.941951,0.013291,0.004333,0.058729,0.019948,0.050000,0,0,0,0,0
horse_circle,l200,700,755.477,0.254836,0.837721,0.732774,0.942668,5,0.00078519,0,0.030352,0.052827,0.007877,0.963846,0.935913,0.991778,0.860789,0.771484,0.950093,0.014015,0.003935,0.058521,0.017266,0.050000,0,0,0,0,0
horse_circle,l200,725,761.954,0.253520,0.837851,0.734034,0.941667,5,0.00048427,0,0.030266,0.052920,0.007612,0.963979,0.935916,0.992042,0.860857,0.772879,0.948835,0.013835,0.003800,0.058034,0.017542,0.050000,0,0,0,0,0
horse_circle,l200,750,806.794,0.255394,0.834903,0.734761,0.935045,5,0.00052615,0,0.032077,0.051246,0.012907,0.962169,0.937782,0.986555,0.859764,0.772414,0.947114,0.013494,0.004105,0.057904,0.018305,0.050000,0,0,0,0,0
horse_circle,l200,775,813.223,0.255117,0.837515,0.735836,0.939195,5,0.00056473,0,0.029302,0.050595,0.008009,0.965092,0.938573,0.991611,0.859891,0.773065,0.946717,0.013458,0.004204,0.057650,0.018427,0.050000,0,0,0,0,0
horse_circle,l200,800,858.994,0.253933,0.838612,0.737447,0.939778,5,0.00051014,0,0.029980,0.052083,0.007877,0.964423,0.937093,0.991753,0.861518,0.775856,0.947180,0.013907,0.003894,0.057543,0.018083,0.050000,0,0,0,0,0
horse_circle,l200,825,865.466,0.253276,0.839001,0.737908,0.940095,5,0.00057484,0,0.029741,0.051804,0.007678,0.964695,0.937430,0.991960,0.861724,0.776135,0.947313,0.013756,0.003865,0.057421,0.018059,0.050000,0,0,0,0,0
horse_circle,l200,850,911.661,0.251369,0.841205,0.740545,0.941864,5,0.00052986,0,0.031289,0.054967,0.007612,0.963155,0.934268,0.992043,0.865142,0.781250,0.949034,0.014605,0.003810,0.056979,0.017480,0.050000,0,0,0,0,0
horse_circle,l200,875,918.057,0.251986,0.840857,0.740839,0.940875,5,0.00056486,0,0.031675,0.055804,0.007546,0.962755,0.933407,0.992103,0.865077,0.782180,0.947975,0.014797,0.003813,0.056835,0.017724,0.050000,0,0,0,0,0
horse_circle,l200,900,962.805,0.252173,0.839998,0.740639,0.939356,5,0.00055957,0,0.030306,0.053199,0.007413,0.964190,0.936154,0.992227,0.863180,0.780041,0.946320,0.014089,0.003798,0.056777,0.018207,0.050000,0,0,0,0,0
horse_circle,l200,925,969.143,0.253596,0.839097,0.740554,0.937639,5,0.00058289,0,0.031485,0.053571,0.009399,0.962959,0.935750,0.990167,0.863340,0.780227,0.946452,0.014317,0.003983,0.056890,0.018356,0.050000,0,0,0,0,0
horse_circle,l200,950,1014.280,0.252872,0.839891,0.740816,0.938966,5,0.00056908,0,0.030339,0.053199,0.007479,0.964162,0.936168,0.992156,0.863108,0.780227,0.945989,0.014263,0.003794,0.056804,0.018326,0.050000,0,0,0,0,0
horse_circle,l200,975,1020.602,0.252700,0.840106,0.740849,0.939364,5,0.00058017,0,0.030977,0.054408,0.007546,0.963487,0.934884,0.992090,0.863805,0.781157,0.946452,0.014452,0.003778,0.056829,0.018154,0.050000,0,0,0,0,0
horse_circle,l200,1000,1065.358,0.250193,0.841012,0.741745,0.940280,5,0.00048257,0,0.030432,0.053385,0.007479,0.964105,0.936045,0.992166,0.864328,0.781343,0.947313,0.014059,0.003770,0.056475,0.017895,0.050000,0,0,0,0,0
horse_circle,l200,1025,1071.643,0.250894,0.840997,0.741719,0.940276,5,0.00047973,0,0.030167,0.052920,0.007413,0.964386,0.936538,0.992235,0.864109,0.780971,0.947246,0.014068,0.003811,0.056553,0.018027,0.050000,0,0,0,0,0
horse_circle,l200,1050,1116.737,0.250982,0.840928,0.741375,0.940481,5,0.00049219,0,0.030791,0.054036,0.007546,0.963711,0.935322,0.992100,0.864507,0.781436,0.947577,0.014284,0.003806,0.056631,0.017870,0.050000,0,0,0,0,0
horse_circle,l200,1075,1122.994,0.250025,0.841851,0.741250,0.942452,5,0.00047696,0,0.031256,0.054967,0.007546,0.963221,0.934326,0.992116,0.865779,0.781994,0.949563,0.014638,0.003817,0.056741,0.017262,0.050000,0,0,0,0,0
horse_circle,l200,1100,1167.980,0.250826,0.841483,0.740444,0.942521,5,0.00047630,0,0.031801,0.055990,0.007612,0.962613,0.933178,0.992049,0.865798,0.781901,0.949696,0.014835,0.003822,0.056955,0.017214,0.050000,0,0,0,0,0
horse_circle,l200,1125,1174.264,0.249647,0.842577,0.741256,0.943897,5,0.00047676,0,0.031628,0.055711,0.007546,0.962834,0.933540,0.992128,0.866786,0.782552,0.951019,0.014906,0.003809,0.056909,0.016838,0.050000,0,0,0,0,0
horse_circle,l200,1150,1219.068,0.249518,0.842691,0.741354,0.944028,5,0.00048554,0,0.032186,0.056827,0.007546,0.962252,0.932374,0.992129,0.867317,0.783482,0.951152,0.014979,0.003839,0.056857,0.016794,0.050000,0,0,0,0,0
horse_circle,l200,1175,1225.333,0.250552,0.843009,0.742311,0.943707,5,0.00048403,0,0.031508,0.055339,0.007678,0.963006,0.934021,0.991991,0.867171,0.783389,0.950953,0.014889,0.004154,0.056795,0.017087,0.050000,0,0,0,0,0
horse_circle,l200,1200,1269.419,0.249252,0.843343,0.741938,0.944747,5,0.00048799,0,0.031549,0.055618,0.007479,0.962949,0.933696,0.992203,0.867508,0.783203,0.951814,0.014903,0.003987,0.056819,0.016706,0.050000,0,0,0,0,0
horse_circle,l200,1225,1275.720,0.249674,0.842742,0.740865,0.944620,5,0.00047856,0,0.031907,0.056269,0.007546,0.962527,0.932919,0.992134,0.867150,0.782552,0.951747,0.015014,0.003810,0.057058,0.016644,0.050000,0,0,0,0,0
horse_circle,l200,1250,1319.837,0.249823,0.842214,0.740731,0.943696,5,0.00048477,0,0.031781,0.056083,0.007479,0.962649,0.933104,0.992195,0.866514,0.782273,0.950755,0.014875,0.003789,0.056949,0.016880,0.050000,0,0,0,0,0
horse_circle,l200,1275,1326.132,0.248897,0.843233,0.741847,0.944620,5,0.00048188,0,0.031396,0.055246,0.007546,0.963107,0.934081,0.992134,0.867289,0.782831,0.951747,0.014905,0.003828,0.056855,0.016631,0.050000,0,0,0,0,0
horse_circle,l200,1300,1371.380,0.250380,0.841467,0.742532,0.940402,5,0.00048475,0,0.033091,0.055525,0.010657,0.961377,0.933843,0.988912,0.867092,0.783761,0.950424,0.014839,0.004144,0.056624,0.017232,0.050000,0,0,0,0,0
horse_circle,l200,1325,1377.662,0.250167,0.842616,0.741856,0.943375,5,0.00046921,0,0.031987,0.056362,0.007612,0.962481,0.932905,0.992056,0.867112,0.783668,0.950556,0.014836,0.004141,0.056568,0.017223,0.050000,0,0,0,0,0
horse_circle,l200,1350,1423.339,0.249770,0.841353,0.742373,0.940333,5,0.00049119,0,0.032732,0.054874,0.010590,0.961748,0.934517,0.988978,0.866701,0.783110,0.950291,0.014650,0.004053,0.056560,0.017231,0.050000,0,0,0,0,0
horse_circle,l200,1375,1429.677,0.248928,0.843065,0.742955,0.943174,5,0.00048819,0,0.031861,0.056176,0.007546,0.962658,0.933193,0.992122,0.867491,0.784691,0.950291,0.014988,0.003809,0.056406,0.017057,0.050000,0,0,0,0,0
horse_circle,l200,1400,1475.113,0.248910,0.843351,0.743330,0.943371,5,0.00047982,0,0.031907,0.056269,0.007546,0.962625,0.933127,0.992124,0.867823,0.785156,0.950490,0.015008,0.003803,0.056447,0.017006,0.050000,0,0,0,0,0
horse_circle,l200,1425,1481.409,0.250414,0.840873,0.743308,0.938439,5,0.00047711,0,0.034508,0.056176,0.012841,0.959947,0.933223,0.986670,0.867777,0.785063,0.950490,0.015036,0.004233,0.056409,0.017317,0.050000,0,0,0,0,0
horse_circle,l200,1450,1525.875,0.248710,0.842478,0.741522,0.943433,5,0.00047870,0,0.030339,0.053199,0.007479,0.964209,0.936225,0.992192,0.865730,0.780971,0.950490,0.014251,0.003815,0.056747,0.017012,0.050000,0,0,0,0,0
horse_circle,l200,1475,1532.229,0.249666,0.842279,0.741449,0.943109,5,0.00049362,0,0.031303,0.055060,0.007546,0.963183,0.934244,0.992122,0.866249,0.782273,0.950225,0.014724,0.003804,0.056781,0.017062,0.050000,0,0,0,0,0
horse_circle,l200,1500,1578.783,0.251882,0.839538,0.740035,0.939041,5,0.00049346,0,0.033334,0.054688,0.011980,0.961036,0.934521,0.987550,0.865399,0.780506,0.950291,0.014641,0.004167,0.057133,0.017309,0.050000,0,0,0,0,0
horse_circle,l200,1525,1585.163,0.249672,0.843291,0.743206,0.943375,5,0.00049993,0,0.032591,0.057571,0.007612,0.961904,0.931753,0.992056,0.868275,0.785993,0.950556,0.015311,0.003854,0.056483,0.017041,0.050000,0,0,0,0,0
horse_circle,l200,1550,1630.737,0.249304,0.843031,0.742759,0.943302,5,0.00048162,0,0.031967,0.056455,0.007479,0.962537,0.932884,0.992191,0.867524,0.784691,0.950357,0.015008,0.003814,0.056523,0.017055,0.050000,0,0,0,0,0
horse_circle,l200,1575,1637.057,0.249573,0.842931,0.742422,0.943441,5,0.00047326,0,0.031522,0.055432,0.007612,0.962994,0.933932,0.992056,0.867099,0.783575,0.950622,0.014857,0.003823,0.056691,0.017049,0.050000,0,0,0,0,0
horse_circle,l2000,1,0.751,1.512066,0.094492,0.093298,0.095686,5,0.00000000,0,0.038140,0.040737,0.035544,0.720221,0.704453,0.735988,0.098092,0.097098,0.099087,0.011185,0.015561,0.203796,0.286852,0.050000,0,0,0,0,0
horse_circle,l2000,25,11.483,1.353010,0.153966,0.154930,0.153003,5,0.00000000,0,0.012667,0.016927,0.008406,0.925659,0.902985,0.948332,0.155921,0.157552,0.154289,0.004684,0.003436,0.185429,0.261514,0.050000,0,0,0,0,0
horse_circle,l2000,50,89.533,1.202675,0.243049,0.245498,0.240601,5,0.00000000,0,0.008753,0.012277,0.005229,0.965881,0.952924,0.978837,0.245185,0.248512,0.241859,0.003379,0.002200,0.164472,0.233630,0.050000,0,0,0,0,0
horse_circle,l2000,75,100.747,1.035421,0.350257,0.352765,0.347749,5,0.00000000,0,0.012604,0.022693,0.002515,0.966828,0.940820,0.992837,0.354697,0.360770,0.348623,0.005969,0.000961,0.141870,0.199806,0.050000,0,0,0,0,0
horse_circle,l2000,100,175.465,0.890549,0.436837,0.419814,0.453861,5,0.00001127,0,0.010792,0.019531,0.002052,0.975934,0.956359,0.995509,0.441403,0.428013,0.454792,0.005168,0.000930,0.126488,0.167310,0.050000,0,0,0,0,0
horse_circle,l2000,125,186.946,0.765211,0.510122,0.451824,0.568419,5,0.00006993,1,0.012239,0.022228,0.002250,0.975074,0.954083,0.996065,0.515783,0.461868,0.569698,0.005839,0.000890,0.119777,0.131912,0.050000,0,0,0,0,0
horse_circle,l2000,150,262.743,0.679085,0.559784,0.469369,0.650198,5,0.00042167,1,0.012685,0.023251,0.002118,0.975292,0.953823,0.996760,0.565929,0.480283,0.651575,0.006104,0.000871,0.115929,0.106847,0.050000,0,0,0,0,0
horse_circle,l2000,175,274.249,0.626757,0.594258,0.492870,0.695646,5,0.00059424,1,0.016213,0.030506,0.001920,0.970297,0.943341,0.997254,0.602444,0.507906,0.696982,0.008129,0.000810,0.111520,0.092790,0.050000,0,0,0,0,0
horse_circle,l2000,200,349.760,0.576163,0.627671,0.526410,0.728931,5,0.00072033,1,0.019250,0.037109,0.001390,0.967226,0.936353,0.998099,0.637945,0.545945,0.729944,0.009635,0.000519,0.104278,0.082531,0.050000,0,0,0,0,0
horse_circle,l2000,225,361.287,0.514532,0.676471,0.589832,0.763111,5,0.00048492,1,0.028193,0.055525,0.000860,0.958496,0.918118,0.998875,0.693175,0.622582,0.763768,0.014905,0.000475,0.091644,0.072063,0.050000,0,0,0,0,0
horse_circle,l2000,250,436.637,0.432086,0.726187,0.651739,0.800635,5,0.00025496,1,0.025934,0.050874,0.000993,0.964809,0.930856,0.998763,0.743163,0.684896,0.801430,0.013079,0.000467,0.076666,0.060530,0.050000,0,0,0,0,0
horse_circle,l2000,275,448.182,0.365912,0.767669,0.685252,0.850086,5,0.00014497,1,0.026738,0.052548,0.000927,0.965502,0.932091,0.998912,0.786067,0.721261,0.850874,0.013940,0.000562,0.069273,0.045413,0.050000,0,0,0,0,0
horse_circle,l2000,300,522.398,0.316711,0.794834,0.699832,0.889837,5,0.00067181,0,0.025376,0.049758,0.000993,0.967726,0.936566,0.998887,0.812687,0.734654,0.890720,0.012889,0.000450,0.065619,0.033126,0.050000,0,0,0,0,0
horse_circle,l2000,325,533.939,0.289485,0.805289,0.691241,0.919337,5,0.00007416,1,0.020724,0.039528,0.001920,0.972890,0.947859,0.997920,0.819833,0.718564,0.921101,0.010141,0.000815,0.067123,0.023877,0.050000,0,0,0,0,0
horse_circle,l2000,350,607.556,0.276321,0.813851,0.694320,0.933382,5,0.00006137,0,0.021998,0.041481,0.002515,0.971534,0.945749,0.997319,0.829425,0.723121,0.935729,0.010697,0.001122,0.066465,0.019718,0.050000,0,0,0,0,0
horse_circle,l2000,375,618.883,0.268046,0.819952,0.700348,0.939556,5,0.00005935,0,0.023058,0.041946,0.004170,0.970621,0.945643,0.995600,0.836599,0.729725,0.943474,0.011042,0.001746,0.065099,0.017842,0.050000,0,0,0,0,0
horse_circle,l2000,400,697.038,0.261374,0.825592,0.709470,0.941714,5,0.00005632,0,0.024562,0.042969,0.006156,0.969331,0.945118,0.993545,0.843733,0.739955,0.947511,0.011188,0.002757,0.063110,0.017029,0.050000,0,0,0,0,0
horse_circle,l2000,425,708.522,0.261351,0.826475,0.714617,0.938333,5,0.00017100,1,0.025376,0.042876,0.007877,0.968669,0.945598,0.991740,0.845490,0.745257,0.945724,0.010947,0.003443,0.061744,0.018138,0.050000,0,0,0,0,0
horse_circle,l2000,450,786.965,0.260839,0.828149,0.717577,0.938722,5,0.00025694,1,0.027221,0.045573,0.008869,0.966729,0.942737,0.990722,0.848663,0.750279,0.947048,0.011671,0.003833,0.061201,0.017934,0.050000,0,0,0,0,0
horse_circle,l2000,475,798.464,0.258413,0.830610,0.723453,0.937766,5,0.00024821,1,0.027127,0.044922,0.009333,0.967073,0.943909,0.990236,0.851235,0.755952,0.946518,0.011538,0.004069,0.059899,0.018377,0.050000,0,0,0,0,0
horse_circle,l2000,500,876.767,0.253727,0.834539,0.730742,0.938336,5,0.00054240,1,0.027817,0.045573,0.010061,0.966603,0.943711,0.989496,0.855910,0.764044,0.947776,0.011804,0.004365,0.058343,0.018022,0.050000,0,0,0,0,0
horse_circle,l2000,525,888.295,0.252716,0.837552,0.730885,0.944219,5,0.00331632,1,0.028559,0.046131,0.010988,0.965860,0.943100,0.988621,0.859598,0.764602,0.954594,0.012166,0.004869,0.058522,0.016425,0.050000,0,0,0,0,0
horse_circle,l2000,550,967.188,0.292715,0.821804,0.724739,0.918868,5,0.00241759,1,0.039316,0.061291,0.017342,0.953991,0.926196,0.981787,0.851981,0.769159,0.934803,0.016401,0.007264,0.060931,0.024244,0.050000,0,0,0,0,0
horse_circle,l2000,575,978.631,0.290466,0.826092,0.730881,0.921303,5,0.00050850,1,0.042313,0.056827,0.027800,0.951475,0.931472,0.971479,0.859665,0.772414,0.946916,0.015047,0.012140,0.059133,0.023976,0.050000,0,0,0,0,0
horse_circle,l2000,600,1054.109,0.269261,0.836798,0.734188,0.939408,5,0.00069346,0,0.043356,0.058780,0.027932,0.950793,0.929700,0.971887,0.871496,0.777344,0.965647,0.015637,0.011301,0.058559,0.017563,0.050000,0,0,0,0,0
horse_circle,l2000,625,1063.906,0.251839,0.845012,0.737877,0.952146,5,0.00074159,0,0.042618,0.064453,0.020784,0.951613,0.924163,0.979064,0.878685,0.785435,0.971935,0.017138,0.007874,0.057990,0.013277,0.050000,0,0,0,0,0
horse_circle,l2000,650,1132.243,0.245532,0.849147,0.738526,0.959767,5,0.00056446,0,0.041689,0.069940,0.013437,0.952530,0.918685,0.986374,0.881421,0.790179,0.972663,0.018612,0.005626,0.058098,0.011495,0.050000,0,0,0,0,0
horse_circle,l2000,675,1141.988,0.241253,0.846684,0.735682,0.957685,5,0.00054185,0,0.037878,0.063709,0.012047,0.956220,0.924717,0.987723,0.875887,0.782552,0.969222,0.016990,0.004042,0.058509,0.011267,0.050000,0,0,0,0,0
horse_circle,l2000,700,1210.231,0.236032,0.851300,0.737553,0.965048,5,0.00055641,0,0.034246,0.061012,0.007479,0.960020,0.927674,0.992366,0.877409,0.782552,0.972266,0.016310,0.003823,0.058003,0.010478,0.050000,0,0,0,0,0
horse_circle,l2000,725,1220.206,0.237792,0.849059,0.733743,0.964375,5,0.00038356,0,0.034336,0.059803,0.008869,0.959777,0.928587,0.990966,0.875276,0.777623,0.972928,0.016027,0.004038,0.058911,0.010231,0.050000,0,0,0,0,0
horse_circle,l2000,750,1288.852,0.234692,0.852396,0.736212,0.968580,5,0.00034595,0,0.035516,0.064081,0.006950,0.958655,0.924385,0.992925,0.879350,0.783389,0.975311,0.017175,0.003668,0.058489,0.009239,0.050000,0,0,0,0,0
horse_circle,l2000,775,1298.975,0.233086,0.851785,0.734140,0.969430,5,0.00036442,0,0.034101,0.061384,0.006818,0.960019,0.926975,0.993064,0.877622,0.779204,0.976039,0.016435,0.003610,0.058514,0.009073,0.050000,0,0,0,0,0
horse_circle,l2000,800,1368.359,0.234138,0.851519,0.734461,0.968577,5,0.00023786,0,0.033901,0.060919,0.006884,0.960240,0.927488,0.992991,0.877224,0.779204,0.975245,0.016299,0.003618,0.058717,0.009315,0.050000,0,0,0,0,0
horse_circle,l2000,825,1378.471,0.235620,0.851729,0.735005,0.968452,5,0.00021193,0,0.033861,0.060640,0.007082,0.960309,0.927828,0.992791,0.877443,0.779576,0.975311,0.016336,0.004079,0.058697,0.009586,0.050000,0,0,0,0,0
horse_circle,l2000,850,1451.497,0.234182,0.853522,0.738068,0.968976,5,0.00079302,0,0.036479,0.065941,0.007016,0.957763,0.922666,0.992861,0.881256,0.786737,0.975774,0.017598,0.003688,0.058068,0.009165,0.050000,0,0,0,0,0
horse_circle,l2000,875,1461.828,0.231654,0.853543,0.737718,0.969368,5,0.00092400,0,0.034492,0.062035,0.006950,0.959780,0.926631,0.992930,0.879794,0.783482,0.976105,0.016477,0.003680,0.057902,0.009022,0.050000,0,0,0,0,0
horse_circle,l2000,900,1534.470,0.229955,0.854221,0.738281,0.970161,5,0.00092778,0,0.034280,0.061477,0.007082,0.960031,0.927259,0.992803,0.880350,0.783668,0.977032,0.016318,0.003713,0.057620,0.008801,0.050000,0,0,0,0,0
horse_circle,l2000,925,1544.711,0.229851,0.853274,0.736717,0.969830,5,0.00100795,0,0.033037,0.059059,0.007016,0.961250,0.929632,0.992867,0.878431,0.780227,0.976635,0.015638,0.003709,0.057792,0.008917,0.050000,0,0,0,0,0
horse_circle,l2000,950,1618.242,0.230029,0.853062,0.736754,0.969370,5,0.00096753,0,0.032758,0.058501,0.007016,0.961542,0.930220,0.992864,0.878013,0.779855,0.976172,0.015520,0.003707,0.057799,0.009039,0.050000,0,0,0,0,0
horse_circle,l2000,975,1628.502,0.229413,0.853401,0.736579,0.970223,5,0.00093766,0,0.032725,0.058501,0.006950,0.961570,0.930204,0.992936,0.878317,0.779669,0.976966,0.015515,0.003682,0.057892,0.008761,0.050000,0,0,0,0,0
horse_circle,l2000,1000,1701.721,0.229563,0.852736,0.735444,0.970028,5,0.00094199,0,0.032247,0.057478,0.007016,0.962025,0.931180,0.992869,0.877275,0.777716,0.976833,0.015157,0.003670,0.058094,0.008794,0.050000,0,0,0,0,0
horse_circle,l2000,1025,1712.063,0.230477,0.852409,0.735778,0.969040,5,0.00094543,0,0.032353,0.057757,0.006950,0.961922,0.930916,0.992928,0.877024,0.778274,0.975774,0.015295,0.003666,0.057993,0.009132,0.050000,0,0,0,0,0
horse_circle,l2000,1050,1785.728,0.230706,0.851441,0.733251,0.969631,5,0.00099193,0,0.031005,0.055060,0.006950,0.963245,0.933558,0.992932,0.874997,0.773624,0.976370,0.014655,0.003698,0.058545,0.008950,0.050000,0,0,0,0,0
horse_circle,l2000,1075,1796.045,0.230192,0.851390,0.733216,0.969564,5,0.00097718,0,0.030553,0.054222,0.006884,0.963724,0.934450,0.992998,0.874605,0.772972,0.976238,0.014391,0.003634,0.058520,0.008970,0.050000,0,0,0,0,0
horse_circle,l2000,1100,1868.365,0.230316,0.851099,0.732568,0.969629,5,0.00096934,0,0.030321,0.053757,0.006884,0.963947,0.934895,0.992999,0.874127,0.771949,0.976304,0.014285,0.003663,0.058590,0.008982,0.050000,0,0,0,0,0
horse_circle,l2000,1125,1878.623,0.231213,0.851413,0.732799,0.970028,5,0.00092674,0,0.031363,0.055711,0.007016,0.962847,0.932825,0.992869,0.875228,0.773624,0.976833,0.014824,0.003676,0.058761,0.008844,0.050000,0,0,0,0,0
horse_circle,l2000,1150,1949.591,0.231649,0.850750,0.731542,0.969958,5,0.00092217,0,0.031251,0.055618,0.006884,0.962909,0.932817,0.993001,0.874432,0.772228,0.976635,0.014749,0.003640,0.058893,0.008913,0.050000,0,0,0,0,0
horse_circle,l2000,1175,1959.932,0.231470,0.851041,0.731993,0.970089,5,0.00097834,0,0.030925,0.054967,0.006884,0.963276,0.933551,0.993002,0.874498,0.772228,0.976767,0.014655,0.003663,0.058868,0.008902,0.050000,0,0,0,0,0
horse_circle,l2000,1200,2031.744,0.232071,0.850306,0.731705,0.968906,5,0.00093103,0,0.030879,0.054874,0.006884,0.963310,0.933626,0.992993,0.873716,0.771856,0.975576,0.014572,0.003628,0.058856,0.009184,0.050000,0,0,0,0,0
horse_circle,l2000,1225,2042.032,0.232708,0.850258,0.730820,0.969695,5,0.00095023,0,0.031390,0.055897,0.006884,0.962728,0.932457,0.992999,0.874020,0.771670,0.976370,0.014764,0.003643,0.059090,0.009054,0.050000,0,0,0,0,0
horse_circle,l2000,1250,2114.873,0.232218,0.850767,0.732429,0.969105,5,0.00096125,0,0.031470,0.055990,0.006950,0.962712,0.932496,0.992928,0.874639,0.773438,0.975841,0.014797,0.003693,0.058786,0.009151,0.050000,0,0,0,0,0
horse_circle,l2000,1275,2125.155,0.231526,0.851219,0.733463,0.968976,5,0.00099411,0,0.031456,0.055897,0.007016,0.962772,0.932684,0.992861,0.875117,0.774461,0.975774,0.014765,0.003650,0.058538,0.009198,0.050000,0,0,0,0,0
horse_circle,l500,1,0.473,1.512066,0.094492,0.093298,0.095686,5,0.00000000,0,0.038140,0.040737,0.035544,0.720221,0.704453,0.735988,0.098092,0.097098,0.099087,0.011185,0.015561,0.203796,0.286852,0.050000,0,0,0,0,0
horse_circle,l500,25,7.221,1.353010,0.153966,0.154930,0.153003,5,0.00000000,0,0.012667,0.016927,0.008406,0.925659,0.902985,0.948332,0.155921,0.157552,0.154289,0.004684,0.003436,0.185429,0.261514,0.050000,0,0,0,0,0
horse_circle,l500,50,56.253,1.202675,0.243049,0.245498,0.240601,5,0.00000000,0,0.008753,0.012277,0.005229,0.965881,0.952924,0.978837,0.245185,0.248512,0.241859,0.003379,0.002200,0.164472,0.233630,0.050000,0,0,0,0,0
horse_circle,l500,75,63.322,1.035421,0.350257,0.352765,0.347749,5,0.00000000,0,0.012604,0.022693,0.002515,0.966828,0.940820,0.992837,0.354697,0.360770,0.348623,0.005969,0.000961,0.141870,0.199806,0.050000,0,0,0,0,0
horse_circle,l500,100,110.251,0.890549,0.436837,0.419814,0.453861,5,0.00001127,0,0.010792,0.019531,0.002052,0.975934,0.956359,0.995509,0.441403,0.428013,0.454792,0.005168,0.000930,0.126488,0.167310,0.050000,0,0,0,0,0
horse_circle,l500,125,117.461,0.765211,0.510122,0.451824,0.568419,5,0.00006993,1,0.012239,0.022228,0.002250,0.975074,0.954083,0.996065,0.515783,0.461868,0.569698,0.005839,0.000890,0.119777,0.131912,0.050000,0,0,0,0,0
horse_circle,l500,150,165.023,0.674385,0.565003,0.475953,0.654052,5,0.00048947,1,0.014531,0.026879,0.002184,0.972275,0.947872,0.996679,0.572113,0.488746,0.655481,0.007164,0.000941,0.115000,0.105628,0.050000,0,0,0,0,0
horse_circle,l500,175,172.261,0.614123,0.603952,0.509279,0.698626,5,0.00104432,1,0.017044,0.032366,0.001721,0.969778,0.942010,0.997547,0.612795,0.525763,0.699828,0.008486,0.000790,0.107874,0.091952,0.050000,0,0,0,0,0
horse_circle,l500,200,219.642,0.556093,0.645930,0.559085,0.732774,5,0.00067446,1,0.023560,0.045201,0.001920,0.962797,0.928202,0.997392,0.659268,0.584356,0.734181,0.011958,0.000714,0.097684,0.081188,0.050000,0,0,0,0,0
horse_circle,l500,225,226.835,0.478079,0.700280,0.626775,0.773786,5,0.00046763,1,0.027496,0.054594,0.000397,0.961597,0.923707,0.999487,0.717543,0.660993,0.774093,0.014570,0.000370,0.083020,0.068761,0.050000,0,0,0,0,0
horse_circle,l500,250,274.150,0.405460,0.744174,0.671969,0.816379,5,0.00032008,1,0.026923,0.052455,0.001390,0.964626,0.930950,0.998303,0.762366,0.707217,0.817514,0.013580,0.000637,0.072106,0.055864,0.050000,0,0,0,0,0
horse_circle,l500,275,281.384,0.345818,0.779941,0.695529,0.864352,5,0.00009390,1,0.027787,0.054781,0.000794,0.964800,0.930518,0.999083,0.799335,0.733631,0.865038,0.014241,0.000521,0.066945,0.040924,0.050000,0,0,0,0,0
horse_circle,l500,300,327.902,0.307606,0.799202,0.697241,0.901163,5,0.00039544,1,0.025155,0.048456,0.001853,0.967893,0.937836,0.997951,0.816930,0.731027,0.902833,0.012610,0.000702,0.066353,0.029434,0.050000,0,0,0,0,0
horse_circle,l500,325,335.084,0.281978,0.810004,0.690619,0.929388,5,0.00011253,0,0.021535,0.041946,0.001125,0.971856,0.944919,0.998792,0.825011,0.719587,0.930434,0.010945,0.000542,0.067416,0.020807,0.050000,0,0,0,0,0
horse_circle,l500,350,381.355,0.275142,0.815440,0.695540,0.935341,5,0.00007005,0,0.022390,0.042597,0.002184,0.971097,0.944518,0.997675,0.831276,0.725167,0.937384,0.011233,0.000983,0.066504,0.019086,0.050000,0,0,0,0,0
horse_circle,l500,375,388.469,0.268671,0.819811,0.699777,0.939846,5,0.00003247,0,0.023285,0.043062,0.003508,0.970292,0.944291,0.996294,0.836527,0.729911,0.943143,0.011319,0.001550,0.065324,0.017791,0.050000,0,0,0,0,0
horse_circle,l500,400,435.377,0.266984,0.823373,0.710315,0.936431,5,0.00003232,0,0.024955,0.044085,0.005825,0.968873,0.943892,0.993854,0.841757,0.741629,0.941885,0.011611,0.002573,0.063145,0.018751,0.050000,0,0,0,0,0
horse_circle,l500,425,442.497,0.261686,0.826190,0.713331,0.939049,5,0.00007474,0,0.025199,0.043713,0.006685,0.968760,0.944543,0.992978,0.844920,0.744513,0.945327,0.011274,0.003047,0.061996,0.018055,0.050000,0,0,0,0,0
horse_circle,l500,450,491.624,0.263188,0.825488,0.713661,0.937315,5,0.00022216,1,0.025036,0.041667,0.008406,0.969055,0.946926,0.991185,0.844296,0.743397,0.945195,0.010840,0.003672,0.062028,0.018394,0.050000,0,0,0,0,0
horse_circle,l500,475,498.864,0.261909,0.827573,0.720660,0.934486,5,0.00020429,1,0.026229,0.042132,0.010326,0.968031,0.946881,0.989182,0.847579,0.751023,0.944136,0.010818,0.004437,0.060367,0.019260,0.050000,0,0,0,0,0
horse_circle,l500,500,547.961,0.260624,0.829959,0.725677,0.934242,5,0.00020731,1,0.027245,0.043899,0.010590,0.967066,0.945225,0.988907,0.850835,0.757533,0.944136,0.011373,0.004661,0.059439,0.019370,0.050000,0,0,0,0,0
horse_circle,l500,525,555.157,0.260675,0.831389,0.728459,0.934320,5,0.00017663,1,0.029437,0.048084,0.010789,0.964728,0.940752,0.988705,0.853943,0.763486,0.944400,0.012479,0.004660,0.058920,0.019361,0.050000,0,0,0,0,0
horse_circle,l500,550,604.451,0.273991,0.826219,0.719240,0.933198,5,0.00129668,1,0.033695,0.056734,0.010657,0.959683,0.930540,0.988827,0.851594,0.760045,0.943143,0.014800,0.004748,0.061480,0.019774,0.050000,0,0,0,0,0
horse_circle,l500,575,611.676,0.288515,0.818161,0.714035,0.922286,5,0.00099062,1,0.034977,0.058966,0.010988,0.958006,0.927659,0.988353,0.844279,0.756138,0.932420,0.015500,0.004689,0.062903,0.022944,0.050000,0,0,0,0,0
horse_circle,l500,600,658.816,0.275970,0.824827,0.722836,0.926818,5,0.00090749,1,0.031588,0.051990,0.011186,0.962105,0.936005,0.988205,0.848801,0.760417,0.937186,0.013815,0.004846,0.060665,0.021783,0.050000,0,0,0,0,0
horse_circle,l500,625,665.636,0.259357,0.834581,0.728901,0.940260,5,0.00372711,1,0.030345,0.049107,0.011583,0.963813,0.939657,0.987968,0.857923,0.764695,0.951152,0.012972,0.004984,0.059218,0.017386,0.050000,0,0,0,0,0
horse_circle,l500,650,712.724,0.270806,0.830490,0.729169,0.931811,5,0.00142882,1,0.034136,0.048084,0.020188,0.960006,0.940806,0.979205,0.857426,0.764230,0.950622,0.012660,0.008441,0.059101,0.020284,0.050000,0,0,0,0,0
horse_circle,l500,675,719.220,0.276904,0.830501,0.732197,0.928805,5,0.00020242,0,0.039701,0.047433,0.031970,0.954738,0.941754,0.967723,0.862713,0.766927,0.958499,0.012393,0.013239,0.058352,0.021087,0.050000,0,0,0,0,0
horse_circle,l500,700,763.385,0.254282,0.836949,0.731608,0.942290,5,0.00019235,0,0.033132,0.045480,0.020784,0.961363,0.943877,0.978850,0.863378,0.764881,0.961875,0.011867,0.007817,0.058381,0.016493,0.050000,0,0,0,0,0
horse_circle,l500,725,769.765,0.242130,0.842892,0.735203,0.950582,5,0.00019536,0,0.027649,0.048084,0.007215,0.966892,0.941263,0.992521,0.863997,0.770554,0.957440,0.012545,0.003641,0.057763,0.014808,0.050000,0,0,0,0,0
horse_circle,l500,750,814.460,0.237355,0.843167,0.732716,0.953617,5,0.00015002,0,0.026387,0.045294,0.007479,0.968220,0.944164,0.992275,0.863327,0.765904,0.960749,0.011690,0.003706,0.057698,0.013687,0.050000,0,0,0,0,0
horse_circle,l500,775,820.927,0.234193,0.848268,0.737504,0.959031,5,0.00017469,0,0.028810,0.049479,0.008141,0.965782,0.939914,0.991650,0.870417,0.773996,0.966839,0.013084,0.004011,0.057126,0.012349,0.050000,0,0,0,0,0
horse_circle,l500,800,865.675,0.233164,0.849823,0.740695,0.958952,5,0.00017507,0,0.029900,0.051990,0.007810,0.964717,0.937451,0.991983,0.872823,0.779204,0.966442,0.013774,0.003811,0.056689,0.012199,0.050000,0,0,0,0,0
horse_circle,l500,825,872.118,0.232395,0.851074,0.742345,0.959803,5,0.00018243,0,0.030890,0.054036,0.007744,0.963729,0.935401,0.992057,0.874847,0.782459,0.967236,0.014343,0.003861,0.056425,0.011895,0.050000,0,0,0,0,0
horse_circle,l500,850,916.264,0.234045,0.849300,0.742547,0.956053,5,0.00017456,0,0.033307,0.054501,0.012113,0.961281,0.934925,0.987637,0.875325,0.783017,0.967633,0.014568,0.004330,0.056374,0.012151,0.050000,0,0,0,0,0
horse_circle,l500,875,922.662,0.235466,0.850024,0.742271,0.957778,5,0.00020038,0,0.031953,0.055897,0.008009,0.962601,0.933429,0.991773,0.874605,0.783761,0.965449,0.014732,0.003941,0.056519,0.012586,0.050000,0,0,0,0,0
horse_circle,l500,900,966.136,0.235155,0.850282,0.742530,0.958035,5,0.00022586,0,0.031515,0.055153,0.007877,0.963072,0.934235,0.991909,0.874532,0.783482,0.965581,0.014749,0.003904,0.056531,0.012474,0.050000,0,0,0,0,0
horse_circle,l500,925,972.546,0.235538,0.848210,0.742943,0.953476,5,0.00034673,0,0.033644,0.054315,0.012973,0.960950,0.935154,0.986746,0.874571,0.783296,0.965846,0.014492,0.004396,0.056279,0.012709,0.050000,0,0,0,0,0
horse_circle,l500,950,1017.453,0.236312,0.848702,0.741499,0.955905,5,0.00046260,0,0.035869,0.058501,0.013238,0.958576,0.930635,0.986517,0.876718,0.784877,0.968560,0.015638,0.004315,0.056896,0.011790,0.050000,0,0,0,0,0
horse_circle,l500,975,1023.899,0.234508,0.850284,0.741473,0.959095,5,0.00052124,0,0.033883,0.058036,0.009730,0.960586,0.931118,0.990053,0.876466,0.784505,0.968427,0.015367,0.004020,0.056676,0.011678,0.050000,0,0,0,0,0
horse_circle,l500,1000,1068.523,0.234259,0.851695,0.744037,0.959354,5,0.00050727,0,0.032325,0.056641,0.008009,0.962291,0.932796,0.991786,0.876608,0.786179,0.967037,0.015134,0.003923,0.056344,0.012095,0.050000,0,0,0,0,0
horse_circle,l500,1025,1074.941,0.241486,0.848749,0.738408,0.959091,5,0.00052528,0,0.035534,0.063058,0.008009,0.958713,0.925642,0.991784,0.875871,0.784970,0.966773,0.016896,0.003886,0.057835,0.012147,0.050000,0,0,0,0,0
horse_circle,l500,1050,1120.072,0.248361,0.845696,0.738671,0.952722,5,0.00055267,0,0.036603,0.065197,0.008009,0.957605,0.923480,0.991729,0.873591,0.786830,0.960352,0.017403,0.003887,0.057879,0.014134,0.050000,0,0,0,0,0
horse_circle,l500,1075,1126.542,0.255303,0.842361,0.738899,0.945823,5,0.00086469,0,0.037035,0.066127,0.007943,0.957147,0.922557,0.991737,0.870548,0.787760,0.953336,0.017668,0.003895,0.057884,0.016234,0.050000,0,0,0,0,0
horse_circle,l500,1100,1170.764,0.253369,0.842525,0.737261,0.947790,5,0.00088063,0,0.035979,0.064081,0.007877,0.958153,0.924485,0.991822,0.869880,0.784505,0.955255,0.017071,0.003902,0.058142,0.015622,0.050000,0,0,0,0,0
horse_circle,l500,1125,1177.305,0.251336,0.843819,0.737683,0.949954,5,0.00088665,0,0.036271,0.064732,0.007810,0.957884,0.923860,0.991908,0.871404,0.785435,0.957374,0.017352,0.003886,0.058042,0.014912,0.050000,0,0,0,0,0
acm_scf,l200,1,0.477,1.293429,0.096720,0.041825,0.151616,5,0.00072083,0,0.126505,0.070642,0.182367,0.441838,0.387964,0.495711,0.112022,0.044779,0.179265,0.026414,0.025576,0.281308,0.123672,0.050000,0,0,0,0,0
acm_scf,l200,25,7.253,1.185100,0.107316,0.038222,0.176409,5,0.00012451,0,0.059021,0.034287,0.083755,0.615452,0.535536,0.695368,0.115358,0.039533,0.191184,0.012835,0.011518,0.272936,0.109892,0.050000,0,0,0,0,0
acm_scf,l200,50,54.402,1.157448,0.118515,0.044809,0.192220,5,0.00037486,1,0.050082,0.025715,0.074449,0.688137,0.641237,0.735038,0.126246,0.045962,0.206531,0.009659,0.010258,0.268871,0.106899,0.050000,0,0,0,0,0
acm_scf,l200,75,61.220,1.141238,0.135295,0.057472,0.213117,5,0.00035925,1,0.051944,0.026010,0.077878,0.720364,0.693913,0.746815,0.144341,0.058967,0.229714,0.009861,0.010866,0.265425,0.104540,0.050000,0,0,0,0,0
acm_scf,l200,100,108.989,1.127224,0.152016,0.070869,0.233163,5,0.00028485,1,0.057060,0.028080,0.086041,0.734103,0.721816,0.746391,0.163042,0.072859,0.253224,0.010487,0.011844,0.262102,0.102407,0.050000,0,0,0,0,0
acm_scf,l200,125,115.800,1.111290,0.167798,0.082824,0.252772,5,0.00027370,1,0.058708,0.027784,0.089633,0.754199,0.753927,0.754472,0.180277,0.085125,0.275429,0.010469,0.012471,0.258667,0.100229,0.050000,0,0,0,0,0
acm_scf,l200,150,159.980,1.090365,0.186967,0.098627,0.275306,5,0.00002967,1,0.060741,0.027932,0.093551,0.773465,0.784000,0.762929,0.201222,0.101382,0.301061,0.010539,0.012904,0.254252,0.097475,0.050000,0,0,0,0,0
acm_scf,l200,175,166.500,1.083703,0.192321,0.098200,0.286441,5,0.00003064,0,0.058659,0.026380,0.090939,0.783574,0.792562,0.774585,0.206640,0.100791,0.312490,0.009938,0.012714,0.254024,0.095878,0.050000,0,0,0,0,0
acm_scf,l200,200,208.688,1.072607,0.199532,0.100757,0.298306,5,0.00000000,0,0.056838,0.024533,0.089143,0.796341,0.807981,0.784700,0.214064,0.103229,0.324898,0.009101,0.012460,0.252711,0.094044,0.050000,0,0,0,0,0
acm_scf,l200,225,215.021,1.050218,0.210703,0.110885,0.310521,5,0.00000000,0,0.052712,0.017587,0.087837,0.829394,0.865156,0.793633,0.225316,0.112835,0.337796,0.006541,0.012335,0.248240,0.092395,0.050000,0,0,0,0,0
acm_scf,l200,250,260.758,1.030114,0.228819,0.122462,0.335176,5,0.00000000,0,0.054289,0.015518,0.093061,0.843253,0.889065,0.797441,0.245365,0.124363,0.366367,0.005752,0.013060,0.244526,0.089439,0.050000,0,0,0,0,0
acm_scf,l200,275,267.612,1.008344,0.238756,0.131926,0.345585,5,0.00000000,0,0.050468,0.008202,0.092735,0.872381,0.941915,0.802846,0.255320,0.133008,0.377633,0.003030,0.012987,0.240128,0.087978,0.050000,0,0,0,0,0
acm_scf,l200,300,313.792,0.999138,0.248801,0.135814,0.361788,5,0.00000000,0,0.050401,0.008719,0.092082,0.875577,0.940162,0.810992,0.266050,0.136998,0.395102,0.003283,0.012848,0.239196,0.085785,0.050000,0,0,0,0,0
acm_scf,l200,325,320.830,0.998442,0.254360,0.141561,0.367160,5,0.00000000,0,0.056603,0.009532,0.103673,0.866874,0.937470,0.796278,0.274067,0.142910,0.405224,0.003546,0.014520,0.237811,0.085969,0.050000,0,0,0,0,0
acm_scf,l200,350,366.641,1.001380,0.255710,0.147624,0.363796,5,0.00000000,0,0.064345,0.012119,0.116571,0.850996,0.924977,0.777014,0.277808,0.149413,0.406204,0.003966,0.016284,0.236248,0.087420,0.050000,0,0,0,0,0
acm_scf,l200,375,373.609,0.990807,0.261944,0.157471,0.366418,5,0.00000000,0,0.062547,0.009828,0.115265,0.860894,0.941794,0.779994,0.283836,0.159019,0.408653,0.003753,0.016079,0.233450,0.086902,0.050000,0,0,0,0,0
acm_scf,l200,400,419.454,0.976356,0.269428,0.172924,0.365932,5,0.00000000,0,0.060795,0.009754,0.111837,0.865741,0.947094,0.784388,0.290734,0.174610,0.406857,0.003703,0.015538,0.229196,0.086636,0.050000,0,0,0,0,0
acm_scf,l200,425,426.412,0.954629,0.285883,0.201358,0.370408,5,0.00000000,0,0.063855,0.012119,0.115592,0.862644,0.943874,0.781414,0.308511,0.203798,0.413224,0.004512,0.015994,0.221718,0.086238,0.050000,0,0,0,0,0
acm_scf,l200,450,472.151,0.946346,0.294640,0.217398,0.371881,5,0.00000000,0,0.065075,0.017661,0.112490,0.856149,0.926075,0.786224,0.317476,0.221237,0.413714,0.006548,0.015704,0.218358,0.085965,0.050000,0,0,0,0,0
acm_scf,l200,475,479.122,0.936073,0.300832,0.234566,0.367098,5,0.00000000,0,0.065758,0.020986,0.110531,0.853069,0.919433,0.786704,0.323581,0.239489,0.407673,0.007689,0.015340,0.214119,0.086391,0.050000,0,0,0,0,0
acm_scf,l200,500,525.314,0.929053,0.307672,0.246005,0.369339,5,0.00000000,0,0.067916,0.021872,0.113959,0.851526,0.919957,0.783095,0.331407,0.251386,0.411429,0.008189,0.015808,0.211347,0.086339,0.050000,0,0,0,0,0
acm_scf,l200,525,532.236,0.929099,0.305622,0.238030,0.373213,5,0.00000000,0,0.064090,0.020099,0.108082,0.858177,0.923553,0.792801,0.328182,0.242814,0.413551,0.007409,0.015025,0.213118,0.085364,0.050000,0,0,0,0,0
acm_scf,l200,550,578.067,0.926854,0.307606,0.237470,0.377742,5,0.00000000,0,0.063915,0.018769,0.109061,0.860725,0.928005,0.793445,0.330433,0.241927,0.418939,0.007058,0.015127,0.213107,0.084751,0.050000,0,0,0,0,0
acm_scf,l200,575,585.009,0.924017,0.310921,0.238678,0.383164,5,0.00000000,0,0.063616,0.019803,0.107429,0.861367,0.924761,0.797974,0.333866,0.243405,0.424327,0.007477,0.014895,0.212939,0.083880,0.050000,0,0,0,0,0
acm_scf,l200,600,631.262,0.920994,0.313568,0.240130,0.387006,5,0.00000000,0,0.064172,0.020099,0.108245,0.861325,0.924171,0.798480,0.336927,0.244957,0.428898,0.007395,0.014899,0.212480,0.083371,0.050000,0,0,0,0,0
acm_scf,l200,625,638.262,0.915555,0.320325,0.243592,0.397059,5,0.00000000,0,0.065336,0.020468,0.110204,0.861961,0.923922,0.800000,0.344697,0.248578,0.440816,0.007582,0.015229,0.211628,0.082152,0.050000,0,0,0,0,0
acm_scf,l200,650,684.093,0.905735,0.330099,0.248079,0.412119,5,0.00000000,0,0.066199,0.019582,0.112816,0.865358,0.928145,0.802571,0.355775,0.252937,0.458612,0.007246,0.015576,0.210217,0.080283,0.050000,0,0,0,0,0
acm_scf,l200,675,690.965,0.893948,0.337327,0.250617,0.424037,5,0.00000000,0,0.062098,0.018399,0.105796,0.874333,0.932757,0.815909,0.362063,0.255228,0.468898,0.006785,0.014562,0.209153,0.078156,0.050000,0,0,0,0,0
acm_scf,l200,700,735.750,0.888317,0.340274,0.252505,0.428042,5,0.00000000,0,0.059532,0.017513,0.101551,0.879490,0.936187,0.822792,0.364219,0.256928,0.471510,0.006402,0.014103,0.208407,0.077446,0.050000,0,0,0,0,0
acm_scf,l200,725,742.511,0.882569,0.342637,0.252056,0.433219,5,0.00000000,0,0.054779,0.015518,0.094041,0.888638,0.942842,0.834435,0.364963,0.255967,0.473959,0.005949,0.013077,0.208425,0.076252,0.050000,0,0,0,0,0
acm_scf,l200,750,786.762,0.880215,0.344303,0.251219,0.437388,5,0.00000000,0,0.054118,0.015665,0.092571,0.889939,0.942156,0.837722,0.366516,0.255154,0.477878,0.005899,0.012755,0.208558,0.075520,0.050000,0,0,0,0,0
acm_scf,l200,775,793.524,0.876200,0.345911,0.252822,0.438999,5,0.00000000,0,0.051895,0.014483,0.089306,0.894593,0.946550,0.842635,0.367344,0.256484,0.478204,0.005630,0.012357,0.207972,0.075101,0.050000,0,0,0,0,0
acm_scf,l200,800,836.939,0.875983,0.345776,0.249545,0.442007,5,0.00000000,0,0.050884,0.015074,0.086694,0.895469,0.943833,0.847106,0.366817,0.253307,0.480327,0.005638,0.011832,0.208878,0.074381,0.050000,0,0,0,0,0
acm_scf,l200,825,843.412,0.876564,0.345232,0.247980,0.442485,5,0.00000000,0,0.048933,0.014926,0.082939,0.898234,0.944013,0.852454,0.365432,0.251681,0.479184,0.005702,0.011488,0.209373,0.074220,0.050000,0,0,0,0,0
acm_scf,l200,850,886.797,0.874918,0.345712,0.248890,0.442534,5,0.00000000,0,0.048614,0.014779,0.082449,0.898938,0.944721,0.853155,0.365794,0.252568,0.479020,0.005593,0.011344,0.209016,0.074155,0.050000,0,0,0,0,0
acm_scf,l200,875,893.328,0.864360,0.351011,0.250710,0.451313,5,0.00000000,0,0.042099,0.014483,0.069714,0.909971,0.946124,0.873818,0.368558,0.254341,0.482776,0.005461,0.009563,0.208533,0.072075,0.050000,0,0,0,0,0
acm_scf,l200,900,939.590,0.856672,0.355956,0.260787,0.451124,5,0.00000000,0,0.041391,0.015518,0.067265,0.911033,0.944649,0.877417,0.373152,0.264834,0.481469,0.005865,0.009278,0.206015,0.071971,0.050000,0,0,0,0,0
acm_scf,l200,925,946.652,0.851219,0.360598,0.269138,0.452057,5,0.00000000,0,0.041998,0.016404,0.067592,0.910288,0.943425,0.877151,0.378083,0.273554,0.482612,0.006295,0.009456,0.203867,0.071997,0.050000,0,0,0,0,0
acm_scf,l200,950,993.070,0.842401,0.365175,0.278432,0.451919,5,0.00000000,0,0.042051,0.016183,0.067918,0.911265,0.945899,0.876631,0.382775,0.282938,0.482612,0.006053,0.009401,0.201110,0.071963,0.050000,0,0,0,0,0
acm_scf,l200,975,1000.093,0.832825,0.371827,0.289414,0.454240,5,0.00000000,0,0.043016,0.015665,0.070367,0.911487,0.949403,0.873570,0.390076,0.293948,0.486204,0.005880,0.009751,0.197930,0.071863,0.050000,0,0,0,0,0
acm_scf,l200,1000,1047.082,0.821850,0.380285,0.302111,0.458460,5,0.00000000,0,0.044138,0.015296,0.072980,0.911655,0.952501,0.870809,0.399325,0.306732,0.491918,0.005846,0.010212,0.194427,0.071494,0.050000,0,0,0,0,0
acm_scf,l200,1025,1054.083,0.805116,0.390554,0.314533,0.466575,5,0.00000000,0,0.041318,0.015370,0.067265,0.917539,0.954084,0.880994,0.408663,0.319367,0.497959,0.005747,0.009258,0.190922,0.069947,0.050000,0,0,0,0,0
acm_scf,l200,1050,1100.874,0.793747,0.399208,0.327323,0.471092,5,0.00000000,0,0.041880,0.016330,0.067429,0.917486,0.953208,0.881764,0.417763,0.332668,0.502857,0.006125,0.009307,0.187518,0.069348,0.050000,0,0,0,0,0
acm_scf,l200,1075,1107.901,0.789015,0.404452,0.337887,0.471017,5,0.00000000,0,0.046420,0.016922,0.075918,0.911388,0.953064,0.869711,0.425190,0.343605,0.506776,0.006340,0.010471,0.184655,0.069945,0.050000,0,0,0,0,0
acm_scf,l200,1100,1154.533,0.786691,0.404736,0.338446,0.471027,5,0.00000000,0,0.045011,0.016552,0.073469,0.913615,0.954098,0.873132,0.424840,0.344048,0.505633,0.006108,0.010119,0.184378,0.069739,0.050000,0,0,0,0,0
acm_scf,l200,1125,1161.558,0.784431,0.405059,0.339636,0.470481,5,0.00000000,0,0.044507,0.016035,0.072980,0.914645,0.955596,0.873693,0.424949,0.345082,0.504816,0.005973,0.009899,0.183890,0.069651,0.050000,0,0,0,0,0
acm_scf,l200,1150,1208.314,0.782305,0.406975,0.344050,0.469900,5,0.00000000,0,0.044923,0.015887,0.073959,0.914350,0.956522,0.872178,0.427085,0.349516,0.504653,0.006066,0.010213,0.182695,0.069933,0.050000,0,0,0,0,0
acm_scf,l200,1175,1215.359,0.782742,0.406672,0.346707,0.466636,5,0.00000000,0,0.046599,0.016626,0.076571,0.911347,0.954955,0.867738,0.427420,0.352472,0.502367,0.006166,0.010584,0.182012,0.070527,0.050000,0,0,0,0,0
acm_scf,l200,1200,1262.674,0.785540,0.405138,0.347112,0.463164,5,0.00000000,0,0.049306,0.017143,0.081469,0.906900,0.953693,0.860107,0.426980,0.353063,0.500898,0.006201,0.011183,0.181902,0.071252,0.050000,0,0,0,0,0
acm_scf,l200,1225,1269.670,0.785994,0.404687,0.346394,0.462980,5,0.00000000,0,0.048484,0.016478,0.080490,0.908346,0.955293,0.861400,0.426174,0.352102,0.500245,0.006158,0.011170,0.182045,0.071289,0.050000,0,0,0,0,0
acm_scf,l200,1250,1316.490,0.784327,0.405924,0.348543,0.463304,5,0.00000000,0,0.049069,0.016995,0.081143,0.907418,0.954247,0.860589,0.427682,0.354467,0.500898,0.006246,0.011185,0.181510,0.071217,0.050000,0,0,0,0,0
acm_scf,l200,1275,1323.511,0.785480,0.405619,0.349284,0.461955,5,0.00000000,0,0.050912,0.016109,0.085714,0.905314,0.956582,0.854045,0.428231,0.354910,0.501551,0.006124,0.011847,0.181203,0.071637,0.050000,0,0,0,0,0
acm_scf,l200,1300,1369.694,0.782114,0.407154,0.350222,0.464086,5,0.00000000,0,0.048113,0.016552,0.079673,0.909189,0.955573,0.862806,0.428540,0.356019,0.501061,0.006134,0.011149,0.180912,0.071150,0.050000,0,0,0,0,0
acm_scf,l200,1325,1376.730,0.784526,0.406543,0.350218,0.462868,5,0.00000000,0,0.051407,0.016774,0.086041,0.904434,0.955014,0.853855,0.429393,0.356093,0.502694,0.006214,0.011792,0.181011,0.071494,0.050000,0,0,0,0,0
acm_scf,l200,1350,1423.249,0.781485,0.408320,0.349833,0.466807,5,0.00000000,0,0.049374,0.016626,0.082122,0.907750,0.955339,0.860161,0.430396,0.355649,0.505143,0.006123,0.011244,0.181079,0.070733,0.050000,0,0,0,0,0
acm_scf,l200,1375,1430.250,0.779865,0.409386,0.351127,0.467644,5,0.00000000,0,0.047936,0.016035,0.079837,0.910236,0.956987,0.863484,0.430869,0.356758,0.504980,0.006052,0.011066,0.180804,0.070592,0.050000,0,0,0,0,0
acm_scf,l200,1400,1475.202,0.777256,0.410907,0.356925,0.464888,5,0.00000000,0,0.049658,0.015887,0.083429,0.907961,0.958024,0.857898,0.433134,0.362595,0.503673,0.006027,0.011539,0.179147,0.071155,0.050000,0,0,0,0,0
acm_scf,l200,1425,1481.720,0.765097,0.421281,0.373420,0.469143,5,0.00000000,0,0.053440,0.016922,0.089959,0.903867,0.957340,0.850394,0.445543,0.379738,0.511347,0.006197,0.012549,0.174570,0.071089,0.050000,0,0,0,0,0
acm_scf,l200,1450,1527.717,0.763850,0.423259,0.376942,0.469577,5,0.00000000,0,0.054945,0.017808,0.092082,0.901707,0.955641,0.847773,0.448236,0.383655,0.512816,0.006562,0.012837,0.173759,0.071159,0.050000,0,0,0,0,0
acm_scf,l200,1475,1534.166,0.764344,0.421089,0.374646,0.467532,5,0.00000000,0,0.055429,0.017143,0.093714,0.901033,0.956949,0.845116,0.446208,0.381068,0.511347,0.006189,0.012632,0.174126,0.071245,0.050000,0,0,0,0,0
acm_scf,l200,1500,1577.856,0.763863,0.421255,0.375145,0.467365,5,0.00000000,0,0.053397,0.016183,0.090612,0.904170,0.959279,0.849062,0.445465,0.381216,0.509714,0.006106,0.012445,0.174052,0.071294,0.050000,0,0,0,0,0
acm_scf,l200,1525,1584.238,0.763984,0.421191,0.375845,0.466537,5,0.00000000,0,0.054577,0.016257,0.092898,0.902530,0.959176,0.845883,0.445916,0.381955,0.509878,0.006050,0.012636,0.173906,0.071413,0.050000,0,0,0,0,0
acm_scf,l200,1550,1627.500,0.764568,0.420760,0.375500,0.466019,5,0.00000000,0,0.054733,0.016404,0.093061,0.902159,0.958790,0.845528,0.445524,0.381660,0.509388,0.006139,0.012616,0.173996,0.071483,0.050000,0,0,0,0,0
acm_scf,l200,1575,1633.963,0.764596,0.420680,0.375618,0.465741,5,0.00000000,0,0.054801,0.015887,0.093714,0.902321,0.960030,0.844613,0.445487,0.381586,0.509388,0.006014,0.012710,0.173928,0.071575,0.050000,0,0,0,0,0
acm_scf,l200,1600,1676.691,0.763930,0.420415,0.375091,0.465739,5,0.00000000,0,0.053502,0.015739,0.091265,0.904047,0.960328,0.847767,0.444620,0.380995,0.508245,0.005944,0.012472,0.173997,0.071438,0.050000,0,0,0,0,0
acm_scf,l200,1625,1683.413,0.764893,0.420359,0.375254,0.465463,5,0.00000000,0,0.055423,0.016478,0.094367,0.901144,0.958589,0.843699,0.445413,0.381438,0.509388,0.006150,0.012671,0.174025,0.071528,0.050000,0,0,0,0,0
acm_scf,l200,1650,1727.981,0.763509,0.421109,0.375909,0.466308,5,0.00000000,0,0.054311,0.015887,0.092735,0.903044,0.960059,0.846029,0.445716,0.381881,0.509551,0.005981,0.012593,0.173804,0.071413,0.050000,0,0,0,0,0
acm_scf,l200,1675,1734.670,0.764561,0.420193,0.375636,0.464749,5,0.00000000,0,0.055691,0.016035,0.095347,0.900964,0.959680,0.842247,0.445360,0.381660,0.509061,0.005994,0.012831,0.173812,0.071630,0.050000,0,0,0,0,0
acm_scf,l200,1700,1778.940,0.763350,0.421027,0.376273,0.465782,5,0.00000000,0,0.055454,0.015887,0.095020,0.901527,0.960097,0.842957,0.446146,0.382251,0.510041,0.005920,0.012746,0.173655,0.071462,0.050000,0,0,0,0,0
acm_scf,l200,1725,1785.855,0.764396,0.420721,0.375809,0.465633,5,0.00000000,0,0.055491,0.015961,0.095020,0.901394,0.959874,0.842915,0.445842,0.381807,0.509878,0.006013,0.012830,0.173776,0.071601,0.050000,0,0,0,0,0
acm_scf,l200,1750,1830.947,0.763544,0.421544,0.375754,0.467334,5,0.00000000,0,0.054095,0.016109,0.092082,0.903336,0.959517,0.847154,0.446087,0.381807,0.510367,0.006079,0.012602,0.173863,0.071311,0.050000,0,0,0,0,0
acm_scf,l2000,1,0.476,1.293429,0.096720,0.041825,0.151616,5,0.00072083,0,0.126505,0.070642,0.182367,0.441838,0.387964,0.495711,0.112022,0.044779,0.179265,0.026414,0.025576,0.281308,0.123672,0.050000,0,0,0,0,0
acm_scf,l2000,25,7.228,1.185100,0.107316,0.038222,0.176409,5,0.00012451,0,0.059021,0.034287,0.083755,0.615452,0.535536,0.695368,0.115358,0.039533,0.191184,0.012835,0.011518,0.272936,0.109892,0.050000,0,0,0,0,0
acm_scf,l2000,50,54.312,1.157448,0.118515,0.044809,0.192220,5,0.00037486,1,0.050082,0.025715,0.074449,0.688137,0.641237,0.735038,0.126246,0.045962,0.206531,0.009659,0.010258,0.268871,0.106899,0.050000,0,0,0,0,0
acm_scf,l2000,75,61.141,1.141238,0.135295,0.057472,0.213117,5,0.00035925,1,0.051944,0.026010,0.077878,0.720364,0.693913,0.746815,0.144341,0.058967,0.229714,0.009861,0.010866,0.265425,0.104540,0.050000,0,0,0,0,0
acm_scf,l2000,100,108.837,1.127159,0.152016,0.070869,0.233163,5,0.00028517,1,0.057060,0.028080,0.086041,0.734103,0.721816,0.746391,0.163042,0.072859,0.253224,0.010489,0.011827,0.262103,0.102392,0.050000,0,0,0,0,0
acm_scf,l2000,125,115.666,1.112648,0.166315,0.082105,0.250525,5,0.00026811,1,0.058055,0.027784,0.088327,0.753810,0.752306,0.755314,0.178520,0.084386,0.272653,0.010491,0.012355,0.258910,0.100487,0.050000,0,0,0,0,0
acm_scf,l2000,150,163.304,1.094762,0.179490,0.094851,0.264128,5,0.00003474,1,0.058353,0.027562,0.089143,0.771491,0.779551,0.763432,0.192569,0.097465,0.287673,0.010250,0.012283,0.255136,0.098510,0.050000,0,0,0,0,0
acm_scf,l2000,175,169.920,1.089354,0.187158,0.095324,0.278993,5,0.00003536,0,0.058376,0.027119,0.089633,0.777695,0.783097,0.772294,0.200954,0.097909,0.304000,0.010257,0.012491,0.255025,0.096711,0.050000,0,0,0,0,0
acm_scf,l2000,200,213.269,1.075743,0.197962,0.101190,0.294734,5,0.00000000,0,0.057899,0.024533,0.091265,0.793805,0.808646,0.778964,0.212653,0.103673,0.321633,0.009390,0.012753,0.252819,0.094690,0.050000,0,0,0,0,0
acm_scf,l2000,225,219.879,1.053313,0.209163,0.110934,0.307393,5,0.00000000,0,0.054374,0.017808,0.090939,0.825218,0.863765,0.786672,0.224128,0.112909,0.335347,0.006617,0.012811,0.248262,0.093128,0.050000,0,0,0,0,0
acm_scf,l2000,250,266.561,1.036389,0.224704,0.120099,0.329308,5,0.00000000,0,0.055498,0.015813,0.095184,0.838222,0.885255,0.791189,0.241326,0.121998,0.360653,0.005971,0.013386,0.245343,0.090442,0.050000,0,0,0,0,0
acm_scf,l2000,275,273.612,1.011959,0.236754,0.131286,0.342223,5,0.00000000,0,0.051946,0.008054,0.095837,0.869547,0.942632,0.796463,0.253682,0.132343,0.375020,0.003023,0.013455,0.240293,0.088788,0.050000,0,0,0,0,0
acm_scf,l2000,300,320.491,1.001611,0.246945,0.134452,0.359438,5,0.00000000,0,0.050453,0.008498,0.092408,0.875259,0.941026,0.809492,0.264124,0.135594,0.392653,0.003170,0.013041,0.239546,0.086219,0.050000,0,0,0,0,0
acm_scf,l2000,325,327.683,1.000942,0.252859,0.140374,0.365345,5,0.00000000,0,0.057548,0.011749,0.103347,0.859766,0.923594,0.795938,0.272563,0.142023,0.403102,0.003832,0.014500,0.238300,0.086181,0.050000,0,0,0,0,0
acm_scf,l2000,350,373.937,1.002670,0.253466,0.145544,0.361388,5,0.00000000,0,0.062628,0.009828,0.115429,0.857358,0.937323,0.777393,0.275038,0.146974,0.403102,0.003650,0.016117,0.236722,0.087618,0.050000,0,0,0,0,0
acm_scf,l2000,375,381.010,0.998096,0.256789,0.150527,0.363051,5,0.00000000,0,0.062768,0.010271,0.115265,0.857569,0.936732,0.778406,0.278485,0.152073,0.404898,0.003789,0.016060,0.235454,0.087319,0.050000,0,0,0,0,0
acm_scf,l2000,400,427.332,0.985218,0.264325,0.162864,0.365786,5,0.00000000,0,0.061128,0.010419,0.111837,0.862388,0.940456,0.784320,0.285627,0.164561,0.406694,0.003847,0.015540,0.232059,0.086654,0.050000,0,0,0,0,0
acm_scf,l2000,425,434.409,0.965306,0.278415,0.187121,0.369709,5,0.00000000,0,0.062774,0.010936,0.114612,0.863870,0.945347,0.782393,0.300624,0.189167,0.412082,0.004170,0.015848,0.225469,0.086290,0.050000,0,0,0,0,0
acm_scf,l2000,450,480.756,0.954620,0.287907,0.203988,0.371827,5,0.00000000,0,0.064011,0.015370,0.112653,0.858450,0.930920,0.785980,0.310419,0.207123,0.413714,0.005737,0.015671,0.221589,0.085914,0.050000,0,0,0,0,0
acm_scf,l2000,475,487.793,0.950474,0.289842,0.207805,0.371878,5,0.00000000,0,0.063018,0.014853,0.111184,0.861094,0.934206,0.787983,0.312058,0.210892,0.413224,0.005590,0.015447,0.220514,0.085792,0.050000,0,0,0,0,0
acm_scf,l2000,500,534.575,0.948258,0.292705,0.211967,0.373443,5,0.00000000,0,0.064554,0.015148,0.113959,0.859599,0.934232,0.784966,0.315589,0.215178,0.416000,0.005737,0.015847,0.219471,0.085824,0.050000,0,0,0,0,0
acm_scf,l2000,525,541.627,0.948602,0.292243,0.211043,0.373443,5,0.00000000,0,0.064849,0.015739,0.113959,0.858283,0.931599,0.784966,0.315182,0.214365,0.416000,0.005882,0.015641,0.219831,0.085607,0.050000,0,0,0,0,0
acm_scf,l2000,550,588.034,0.946442,0.294630,0.211380,0.377879,5,0.00000000,0,0.064249,0.015518,0.112980,0.860417,0.932584,0.788250,0.317616,0.214660,0.420571,0.005800,0.015685,0.219667,0.085071,0.050000,0,0,0,0,0
acm_scf,l2000,575,595.086,0.949870,0.294762,0.211466,0.378058,5,0.00000000,0,0.066432,0.018252,0.114612,0.854016,0.921860,0.786171,0.318357,0.215326,0.421388,0.006710,0.015885,0.220151,0.085175,0.050000,0,0,0,0,0
acm_scf,l2000,600,641.413,0.942753,0.297714,0.212743,0.382685,5,0.00000000,0,0.064307,0.015961,0.112653,0.861007,0.931232,0.790782,0.320967,0.216138,0.425796,0.005799,0.015577,0.219278,0.084285,0.050000,0,0,0,0,0
acm_scf,l2000,625,648.506,0.942545,0.299130,0.212945,0.385314,5,0.00000000,0,0.064997,0.016035,0.113959,0.860601,0.931002,0.790201,0.322792,0.216360,0.429224,0.005852,0.015809,0.219252,0.084099,0.050000,0,0,0,0,0
acm_scf,l2000,650,695.236,0.938375,0.303675,0.215288,0.392062,5,0.00000000,0,0.065368,0.015961,0.114776,0.862001,0.931990,0.792012,0.327893,0.218725,0.437061,0.005905,0.015890,0.218673,0.083221,0.050000,0,0,0,0,0
acm_scf,l2000,675,702.345,0.933475,0.309575,0.217689,0.401462,5,0.00000000,0,0.066348,0.015961,0.116735,0.863051,0.932689,0.793412,0.334745,0.221163,0.448327,0.005946,0.016266,0.217983,0.082070,0.050000,0,0,0,0,0
acm_scf,l2000,700,748.919,0.927982,0.317848,0.220396,0.415300,5,0.00000000,0,0.070311,0.015887,0.124735,0.861493,0.933744,0.789241,0.345500,0.223897,0.467102,0.005720,0.017303,0.217057,0.080759,0.050000,0,0,0,0,0
acm_scf,l2000,725,755.843,0.926353,0.320092,0.221826,0.418358,5,0.00000000,0,0.070771,0.015665,0.125878,0.862052,0.934989,0.789114,0.348161,0.225301,0.471020,0.005748,0.017505,0.216686,0.080472,0.050000,0,0,0,0,0
acm_scf,l2000,750,801.410,0.924394,0.320203,0.221470,0.418937,5,0.00000000,0,0.067724,0.014631,0.120816,0.867112,0.938870,0.795354,0.347130,0.224710,0.469551,0.005680,0.016928,0.216667,0.080161,0.050000,0,0,0,0,0
acm_scf,l2000,775,808.379,0.921608,0.321218,0.221268,0.421168,5,0.00000000,0,0.065244,0.015222,0.115265,0.869748,0.936537,0.802958,0.347175,0.224636,0.469714,0.005866,0.015987,0.216976,0.079300,0.050000,0,0,0,0,0
acm_scf,l2000,800,854.320,0.922090,0.322475,0.221068,0.423883,5,0.00000000,0,0.065714,0.017143,0.114286,0.867169,0.929160,0.805177,0.348592,0.224858,0.472327,0.006412,0.015935,0.217262,0.078928,0.050000,0,0,0,0,0
acm_scf,l2000,825,861.265,0.917358,0.323661,0.221971,0.425351,5,0.00000000,0,0.064882,0.014335,0.115429,0.872230,0.940142,0.804318,0.349801,0.225153,0.474449,0.005324,0.016014,0.216383,0.078734,0.050000,0,0,0,0,0
acm_scf,l2000,850,907.369,0.917165,0.323547,0.221242,0.425853,5,0.00000000,0,0.064468,0.013670,0.115265,0.873625,0.942547,0.804703,0.349603,0.224267,0.474939,0.005154,0.015988,0.216495,0.078655,0.050000,0,0,0,0,0
acm_scf,l2000,875,914.177,0.916947,0.324191,0.222797,0.425585,5,0.00000000,0,0.065313,0.013892,0.116735,0.872439,0.942065,0.802813,0.350579,0.225892,0.475265,0.005203,0.016232,0.216056,0.078875,0.050000,0,0,0,0,0
acm_scf,l2000,900,959.028,0.917014,0.324822,0.224286,0.425358,5,0.00000000,0,0.066062,0.014409,0.117714,0.870991,0.940440,0.801541,0.351473,0.227518,0.475429,0.005439,0.016377,0.215823,0.078941,0.050000,0,0,0,0,0
acm_scf,l2000,925,965.745,0.915509,0.325082,0.223664,0.426501,5,0.00000000,0,0.064349,0.013596,0.115102,0.874280,0.943419,0.805141,0.351148,0.226705,0.475592,0.005110,0.016106,0.215883,0.078679,0.050000,0,0,0,0,0
acm_scf,l2000,950,1011.064,0.916616,0.324409,0.222586,0.426232,5,0.00000000,0,0.066045,0.015518,0.116571,0.869506,0.935760,0.803252,0.350979,0.226040,0.475918,0.005249,0.016213,0.216093,0.078715,0.050000,0,0,0,0,0
acm_scf,l2000,975,1018.013,0.915987,0.325786,0.224439,0.427133,5,0.00000000,0,0.066944,0.014705,0.119184,0.869893,0.939348,0.800437,0.352890,0.227740,0.478041,0.005233,0.016595,0.215615,0.078800,0.050000,0,0,0,0,0
acm_scf,l2000,1000,1063.908,0.916218,0.325259,0.224858,0.425659,5,0.00000000,0,0.068293,0.015444,0.121143,0.867096,0.936647,0.797544,0.352778,0.228331,0.477224,0.005176,0.016789,0.215393,0.079030,0.050000,0,0,0,0,0
acm_scf,l2000,1025,1070.727,0.914456,0.325633,0.225091,0.426174,5,0.00000000,0,0.066050,0.013079,0.119020,0.873015,0.945755,0.800274,0.352467,0.228035,0.476898,0.004848,0.016556,0.215192,0.078925,0.050000,0,0,0,0,0
acm_scf,l2000,1050,1115.384,0.914066,0.327464,0.225586,0.429342,5,0.00000000,0,0.067477,0.015444,0.119510,0.868855,0.936839,0.800871,0.354861,0.229070,0.480653,0.005100,0.016661,0.215180,0.078629,0.050000,0,0,0,0,0
acm_scf,l2000,1075,1122.102,0.913530,0.326916,0.224696,0.429135,5,0.00000000,0,0.066453,0.015518,0.117388,0.869831,0.936325,0.803337,0.353847,0.228183,0.479510,0.005096,0.016358,0.215343,0.078440,0.050000,0,0,0,0,0
acm_scf,l2000,1100,1166.353,0.911777,0.329600,0.226152,0.433047,5,0.00000000,0,0.066858,0.013227,0.120490,0.873252,0.945427,0.801078,0.357184,0.229144,0.485224,0.005032,0.016727,0.214995,0.078051,0.050000,0,0,0,0,0
acm_scf,l2000,1125,1173.029,0.910605,0.331679,0.227677,0.435681,5,0.00000000,0,0.067445,0.012931,0.121959,0.873613,0.946905,0.800321,0.359719,0.230621,0.488816,0.005014,0.017025,0.214700,0.077815,0.050000,0,0,0,0,0
acm_scf,l2000,1150,1218.376,0.908789,0.332966,0.228267,0.437664,5,0.00000000,0,0.067103,0.013227,0.120980,0.874047,0.945905,0.802189,0.360949,0.231286,0.490612,0.005026,0.016860,0.214464,0.077523,0.050000,0,0,0,0,0
acm_scf,l2000,1175,1225.030,0.908092,0.332311,0.227058,0.437564,5,0.00000000,0,0.066624,0.015370,0.117878,0.871655,0.937500,0.805810,0.359845,0.230548,0.489143,0.005066,0.016382,0.214722,0.077251,0.050000,0,0,0,0,0
acm_scf,l2000,1200,1269.337,0.904674,0.334609,0.227757,0.441461,5,0.00000000,0,0.063022,0.013227,0.112816,0.879517,0.945790,0.813243,0.361017,0.230769,0.491265,0.005035,0.015778,0.214732,0.076419,0.050000,0,0,0,0,0
acm_scf,l2000,1225,1276.014,0.904212,0.334978,0.227326,0.442630,5,0.00000000,0,0.062513,0.015148,0.109878,0.877810,0.938401,0.817219,0.361017,0.230769,0.491265,0.005585,0.015245,0.215028,0.075961,0.050000,0,0,0,0,0
acm_scf,l2000,1250,1320.226,0.900670,0.335550,0.226591,0.444510,5,0.00000000,0,0.060569,0.014853,0.106286,0.880803,0.939330,0.822277,0.360856,0.229956,0.491755,0.004969,0.014772,0.214787,0.075566,0.050000,0,0,0,0,0
acm_scf,l2000,1275,1326.921,0.900733,0.335193,0.226892,0.443495,5,0.00000000,0,0.061282,0.014483,0.108082,0.880260,0.940803,0.819717,0.360803,0.230178,0.491429,0.004901,0.014958,0.214610,0.075705,0.050000,0,0,0,0,0
acm_scf,l2000,1300,1371.915,0.901923,0.334876,0.226210,0.443542,5,0.00000000,0,0.060524,0.014926,0.106122,0.880558,0.938954,0.822161,0.360100,0.229587,0.490612,0.005066,0.014842,0.214970,0.075717,0.050000,0,0,0,0,0
acm_scf,l2000,1325,1378.624,0.901210,0.334546,0.226356,0.442737,5,0.00000000,0,0.059871,0.014926,0.104816,0.881260,0.938991,0.823529,0.359439,0.229735,0.489143,0.004995,0.014577,0.214887,0.075730,0.050000,0,0,0,0,0
acm_scf,l2000,1350,1423.935,0.903440,0.333792,0.224043,0.443542,5,0.00000000,0,0.060488,0.014853,0.106122,0.880422,0.938682,0.822161,0.358991,0.227370,0.490612,0.005028,0.014806,0.215524,0.075705,0.050000,0,0,0,0,0
acm_scf,l2000,1375,1430.614,0.902916,0.334388,0.224528,0.444248,5,0.00000000,0,0.060785,0.014631,0.106939,0.880516,0.939653,0.821380,0.359784,0.227813,0.491755,0.004938,0.014920,0.215400,0.075643,0.050000,0,0,0,0,0
acm_scf,l2000,1400,1475.628,0.900675,0.335418,0.226770,0.444067,5,0.00000000,0,0.060495,0.014705,0.106286,0.881032,0.939934,0.822131,0.360685,0.230104,0.491265,0.004911,0.014905,0.214632,0.075685,0.050000,0,0,0,0,0
acm_scf,l2000,1425,1482.261,0.901729,0.335542,0.226836,0.444249,5,0.00000000,0,0.062878,0.014409,0.111347,0.878522,0.941070,0.815974,0.361909,0.230104,0.493714,0.004851,0.015432,0.214571,0.075864,0.050000,0,0,0,0,0
acm_scf,l2000,1450,1526.858,0.900157,0.336262,0.226786,0.445739,5,0.00000000,0,0.060948,0.014631,0.107265,0.880842,0.940217,0.821467,0.361828,0.230104,0.493551,0.004916,0.014995,0.214607,0.075490,0.050000,0,0,0,0,0
acm_scf,l2000,1475,1533.539,0.900301,0.335650,0.226495,0.444805,5,0.00000000,0,0.060458,0.014631,0.106286,0.881259,0.940145,0.822374,0.360945,0.229809,0.492082,0.004855,0.014792,0.214729,0.075547,0.050000,0,0,0,0,0
acm_scf,l2000,1500,1577.750,0.901046,0.335345,0.226065,0.444625,5,0.00000000,0,0.061014,0.014926,0.107102,0.880110,0.938917,0.821302,0.360842,0.229439,0.492245,0.004968,0.014895,0.214852,0.075565,0.050000,0,0,0,0,0
acm_scf,l2000,1525,1584.418,0.900067,0.335690,0.225950,0.445430,5,0.00000000,0,0.058577,0.013153,0.104000,0.885549,0.945665,0.825432,0.360338,0.228922,0.491755,0.004833,0.014584,0.214968,0.075346,0.050000,0,0,0,0,0
acm_scf,l2000,1550,1629.090,0.901777,0.335150,0.226656,0.443643,5,0.00000000,0,0.061241,0.012931,0.109551,0.882319,0.946679,0.817960,0.360916,0.229587,0.492245,0.004750,0.015302,0.214661,0.075905,0.050000,0,0,0,0,0
acm_scf,l500,1,0.522,1.293429,0.096720,0.041825,0.151616,5,0.00072083,0,0.126505,0.070642,0.182367,0.441838,0.387964,0.495711,0.112022,0.044779,0.179265,0.026414,0.025576,0.281308,0.123672,0.050000,0,0,0,0,0
acm_scf,l500,25,6.871,1.185100,0.107316,0.038222,0.176409,5,0.00012451,0,0.059021,0.034287,0.083755,0.615452,0.535536,0.695368,0.115358,0.039533,0.191184,0.012835,0.011518,0.272936,0.109892,0.050000,0,0,0,0,0
acm_scf,l500,50,51.710,1.157448,0.118515,0.044809,0.192220,5,0.00037486,1,0.050082,0.025715,0.074449,0.688137,0.641237,0.735038,0.126246,0.045962,0.206531,0.009659,0.010258,0.268871,0.106899,0.050000,0,0,0,0,0
acm_scf,l500,75,58.223,1.141238,0.135295,0.057472,0.213117,5,0.00035925,1,0.051944,0.026010,0.077878,0.720364,0.693913,0.746815,0.144341,0.058967,0.229714,0.009861,0.010866,0.265425,0.104540,0.050000,0,0,0,0,0
acm_scf,l500,100,103.695,1.127159,0.152016,0.070869,0.233163,5,0.00028517,1,0.057060,0.028080,0.086041,0.734103,0.721816,0.746391,0.163042,0.072859,0.253224,0.010489,0.011827,0.262103,0.102392,0.050000,0,0,0,0,0
acm_scf,l500,125,110.240,1.112648,0.166315,0.082105,0.250525,5,0.00026811,1,0.058055,0.027784,0.088327,0.753810,0.752306,0.755314,0.178520,0.084386,0.272653,0.010491,0.012355,0.258910,0.100487,0.050000,0,0,0,0,0
acm_scf,l500,150,155.709,1.094762,0.179490,0.094851,0.264128,5,0.00003474,1,0.058353,0.027562,0.089143,0.771491,0.779551,0.763432,0.192569,0.097465,0.287673,0.010250,0.012283,0.255136,0.098510,0.050000,0,0,0,0,0
acm_scf,l500,175,162.046,1.089354,0.187158,0.095324,0.278993,5,0.00003536,0,0.058376,0.027119,0.089633,0.777695,0.783097,0.772294,0.200954,0.097909,0.304000,0.010257,0.012491,0.255025,0.096711,0.050000,0,0,0,0,0
acm_scf,l500,200,203.483,1.076362,0.197641,0.100829,0.294452,5,0.00000000,0,0.058144,0.024533,0.091755,0.793023,0.808092,0.777953,0.212386,0.103303,0.321469,0.009391,0.012814,0.252886,0.094799,0.050000,0,0,0,0,0
acm_scf,l500,225,209.832,1.054604,0.207807,0.110498,0.305115,5,0.00000000,0,0.054700,0.017808,0.091592,0.823807,0.863301,0.784314,0.222764,0.112466,0.333061,0.006616,0.012861,0.248395,0.093402,0.050000,0,0,0,0,0
acm_scf,l500,250,254.103,1.039531,0.223421,0.119022,0.327820,5,0.00000000,0,0.056926,0.018178,0.095673,0.829614,0.869565,0.789663,0.240184,0.121185,0.359184,0.006380,0.013515,0.245821,0.090742,0.050000,0,0,0,0,0
acm_scf,l500,275,260.838,1.013933,0.233883,0.129912,0.337854,5,0.00000000,0,0.051708,0.007907,0.095510,0.868968,0.943055,0.794881,0.250531,0.130939,0.370122,0.002923,0.013373,0.240589,0.089240,0.050000,0,0,0,0,0
acm_scf,l500,300,305.631,1.001272,0.247486,0.135761,0.359212,5,0.00000000,0,0.051061,0.008572,0.093551,0.874370,0.941087,0.807654,0.264870,0.136925,0.392816,0.003263,0.013129,0.239229,0.086332,0.050000,0,0,0,0,0
acm_scf,l500,325,312.274,0.997792,0.253824,0.143380,0.364269,5,0.00000000,0,0.056313,0.009606,0.103020,0.866847,0.937769,0.795925,0.273277,0.144757,0.401796,0.003527,0.014438,0.237285,0.086330,0.050000,0,0,0,0,0
acm_scf,l500,350,356.834,0.997594,0.257486,0.151708,0.363264,5,0.00000000,0,0.062405,0.010197,0.114612,0.858499,0.937613,0.779384,0.279076,0.153255,0.404898,0.003869,0.016092,0.235197,0.087354,0.050000,0,0,0,0,0
acm_scf,l500,375,363.456,0.989110,0.263241,0.159380,0.367102,5,0.00000000,0,0.062174,0.010715,0.113633,0.860067,0.937634,0.782500,0.284952,0.161088,0.408816,0.004055,0.015828,0.233114,0.086648,0.050000,0,0,0,0,0
acm_scf,l500,400,407.306,0.974487,0.270919,0.176600,0.365238,5,0.00000000,0,0.061328,0.010493,0.112163,0.864044,0.944466,0.783622,0.292328,0.178453,0.406204,0.004009,0.015602,0.228281,0.086742,0.050000,0,0,0,0,0
acm_scf,l500,425,414.033,0.959396,0.285569,0.201586,0.369553,5,0.00000000,0,0.065889,0.015370,0.116408,0.855046,0.930154,0.779938,0.308628,0.204685,0.412571,0.005775,0.016135,0.222358,0.086486,0.050000,0,0,0,0,0
acm_scf,l500,450,457.786,0.953778,0.286088,0.203276,0.368899,5,0.00000000,0,0.064443,0.014926,0.113959,0.857712,0.932532,0.782893,0.308625,0.206311,0.410939,0.004853,0.015766,0.221264,0.086353,0.050000,0,0,0,0,0
acm_scf,l500,475,464.512,0.949970,0.287205,0.203898,0.370512,5,0.00000000,0,0.060872,0.012192,0.109551,0.866904,0.944219,0.789589,0.308743,0.206384,0.411102,0.004513,0.015227,0.220931,0.085856,0.050000,0,0,0,0,0
acm_scf,l500,500,508.802,0.952577,0.287629,0.202535,0.372722,5,0.00000000,0,0.062559,0.014261,0.110857,0.861942,0.935082,0.788802,0.309732,0.205424,0.414041,0.005118,0.015386,0.221650,0.085623,0.050000,0,0,0,0,0
acm_scf,l500,525,515.472,0.950661,0.288526,0.202218,0.374834,5,0.00000000,0,0.061160,0.012931,0.109388,0.866175,0.940618,0.791731,0.310335,0.204833,0.415837,0.004858,0.015115,0.221737,0.085163,0.050000,0,0,0,0,0
acm_scf,l500,550,559.346,0.948517,0.290903,0.202729,0.379077,5,0.00000000,0,0.061873,0.012562,0.111184,0.866751,0.942334,0.791168,0.313250,0.205276,0.421224,0.004748,0.015283,0.221513,0.084644,0.050000,0,0,0,0,0
acm_scf,l500,575,566.049,0.949212,0.291056,0.202407,0.379706,5,0.00000000,0,0.061642,0.013079,0.110204,0.866397,0.940041,0.792754,0.313303,0.205054,0.421551,0.004972,0.015241,0.221722,0.084576,0.050000,0,0,0,0,0
acm_scf,l500,600,610.037,0.950789,0.291948,0.202853,0.381043,5,0.00000000,0,0.063121,0.015222,0.111020,0.861706,0.931173,0.792240,0.314644,0.205941,0.423347,0.005544,0.015414,0.221903,0.084548,0.050000,0,0,0,0,0
acm_scf,l500,625,616.651,0.945680,0.295590,0.204683,0.386497,5,0.00000000,0,0.063890,0.013005,0.114776,0.865313,0.940979,0.789647,0.319101,0.207345,0.430857,0.004781,0.015902,0.220913,0.083972,0.050000,0,0,0,0,0
acm_scf,l500,650,660.625,0.938000,0.300763,0.205981,0.395544,5,0.00000000,0,0.059846,0.013079,0.106612,0.872579,0.941020,0.804139,0.323195,0.208675,0.437714,0.004880,0.014833,0.220591,0.082219,0.050000,0,0,0,0,0
acm_scf,l500,675,667.314,0.934385,0.307453,0.208206,0.406700,5,0.00000000,0,0.063461,0.015739,0.111184,0.866642,0.930732,0.802551,0.331701,0.211483,0.451918,0.005206,0.015463,0.220097,0.081031,0.050000,0,0,0,0,0
acm_scf,l500,700,711.686,0.931631,0.311667,0.211114,0.412220,5,0.00000000,0,0.065099,0.013301,0.116898,0.869487,0.941463,0.797511,0.337165,0.213922,0.460408,0.005007,0.016244,0.219264,0.080654,0.050000,0,0,0,0,0
acm_scf,l500,725,718.469,0.925482,0.319193,0.214275,0.424110,5,0.00000000,0,0.066108,0.013523,0.118694,0.870637,0.941384,0.799890,0.345811,0.217173,0.474449,0.005059,0.016562,0.218447,0.079236,0.050000,0,0,0,0,0
acm_scf,l500,750,762.607,0.923477,0.322391,0.215546,0.429236,5,0.00000000,0,0.067912,0.013375,0.122449,0.869827,0.942302,0.797352,0.350112,0.218429,0.481796,0.005041,0.017129,0.217998,0.078743,0.050000,0,0,0,0,0
acm_scf,l500,775,769.294,0.922441,0.321437,0.214697,0.428176,5,0.00000000,0,0.067125,0.013596,0.120653,0.870135,0.941195,0.799076,0.348726,0.217616,0.479837,0.005080,0.016521,0.218221,0.078459,0.050000,0,0,0,0,0
acm_scf,l500,800,813.677,0.922855,0.321047,0.214900,0.427194,5,0.00000000,0,0.065774,0.013670,0.117878,0.871490,0.940951,0.802029,0.347694,0.217838,0.477551,0.004969,0.016484,0.218156,0.078736,0.050000,0,0,0,0,0
acm_scf,l500,825,820.448,0.920638,0.322217,0.216656,0.427778,5,0.00000000,0,0.065018,0.013301,0.116735,0.873250,0.942875,0.803625,0.348626,0.219537,0.477714,0.004976,0.016279,0.217667,0.078584,0.050000,0,0,0,0,0
acm_scf,l500,850,864.985,0.920414,0.322947,0.216218,0.429675,5,0.00000000,0,0.066732,0.013301,0.120163,0.871492,0.942766,0.800217,0.350200,0.219094,0.481306,0.004925,0.016482,0.217749,0.078352,0.050000,0,0,0,0,0
acm_scf,l500,875,871.692,0.920862,0.322461,0.214884,0.430037,5,0.00000000,0,0.064015,0.013744,0.114286,0.874039,0.940651,0.807428,0.348511,0.217838,0.479184,0.005057,0.016058,0.218225,0.078171,0.050000,0,0,0,0,0
acm_scf,l500,900,915.634,0.919119,0.324137,0.215312,0.432963,5,0.00000000,0,0.064439,0.013449,0.115429,0.874520,0.941946,0.807094,0.350573,0.218207,0.482939,0.004975,0.016095,0.218047,0.077791,0.050000,0,0,0,0,0
acm_scf,l500,925,922.379,0.919549,0.324084,0.214795,0.433372,5,0.00000000,0,0.064188,0.015887,0.112490,0.871476,0.932134,0.810818,0.350165,0.218207,0.482122,0.005347,0.015800,0.218336,0.077606,0.050000,0,0,0,0,0
acm_scf,l500,950,966.103,0.919442,0.323752,0.215522,0.431981,5,0.00000000,0,0.065413,0.015887,0.114939,0.869841,0.932347,0.807334,0.350289,0.218946,0.481633,0.005331,0.015953,0.218078,0.077760,0.050000,0,0,0,0,0
acm_scf,l500,975,972.700,0.916265,0.325546,0.216181,0.434910,5,0.00000000,0,0.062501,0.013818,0.111184,0.876827,0.940691,0.812963,0.351217,0.219168,0.483265,0.005094,0.015529,0.217914,0.077196,0.050000,0,0,0,0,0
acm_scf,l500,1000,1017.230,0.916243,0.326682,0.216571,0.436793,5,0.00000000,0,0.063020,0.014040,0.112000,0.876265,0.939911,0.812620,0.352663,0.219611,0.485714,0.005217,0.015609,0.217959,0.077043,0.050000,0,0,0,0,0
acm_scf,l500,1025,1023.921,0.916215,0.326591,0.216285,0.436896,5,0.00000000,0,0.064386,0.013670,0.115102,0.875099,0.941307,0.808891,0.353213,0.219242,0.487184,0.005062,0.015887,0.217815,0.077115,0.050000,0,0,0,0,0
acm_scf,l500,1050,1067.980,0.915216,0.328618,0.217680,0.439556,5,0.00000000,0,0.065432,0.013966,0.116898,0.874087,0.940491,0.807682,0.355829,0.220720,0.490939,0.005226,0.016126,0.217564,0.076832,0.050000,0,0,0,0,0
acm_scf,l500,1075,1074.578,0.912517,0.332766,0.221364,0.444169,5,0.00000000,0,0.066322,0.014114,0.118531,0.874112,0.940849,0.807376,0.360652,0.224488,0.496816,0.005282,0.016695,0.216567,0.076616,0.050000,0,0,0,0,0
acm_scf,l500,1100,1118.448,0.914239,0.329729,0.217629,0.441830,5,0.00000000,0,0.065292,0.013523,0.117061,0.875262,0.942235,0.808289,0.357061,0.220572,0.493551,0.005064,0.016152,0.217554,0.076585,0.050000,0,0,0,0,0
acm_scf,l500,1125,1125.190,0.911820,0.330346,0.215661,0.445032,5,0.00000000,0,0.062190,0.013523,0.110857,0.879286,0.941738,0.816833,0.356472,0.218577,0.494367,0.005038,0.015344,0.218019,0.075730,0.050000,0,0,0,0,0
acm_scf,l500,1150,1169.573,0.907486,0.332502,0.217686,0.447318,5,0.00000000,0,0.059206,0.013596,0.104816,0.883488,0.941956,0.825020,0.357425,0.220646,0.494204,0.005075,0.014719,0.217414,0.075184,0.050000,0,0,0,0,0
acm_scf,l500,1175,1176.232,0.907899,0.333281,0.218149,0.448413,5,0.00000000,0,0.059970,0.013818,0.106122,0.882474,0.941195,0.823753,0.358582,0.221163,0.496000,0.005159,0.014960,0.217419,0.075155,0.050000,0,0,0,0,0
acm_scf,l500,1200,1219.929,0.906246,0.333547,0.218390,0.448705,5,0.00000000,0,0.058116,0.013375,0.102857,0.885463,0.943010,0.827916,0.358084,0.221311,0.494857,0.005084,0.014519,0.217359,0.074922,0.050000,0,0,0,0,0
acm_scf,l500,1225,1226.582,0.906597,0.333593,0.218212,0.448974,5,0.00000000,0,0.059496,0.013523,0.105469,0.883561,0.942380,0.824742,0.358745,0.221163,0.496327,0.005098,0.014703,0.217371,0.074927,0.050000,0,0,0,0,0
acm_scf,l500,1250,1270.432,0.907040,0.333041,0.218431,0.447651,5,0.00000000,0,0.061129,0.013523,0.108735,0.881363,0.942435,0.820291,0.358856,0.221385,0.496327,0.005058,0.014904,0.217273,0.075093,0.050000,0,0,0,0,0
acm_scf,l500,1275,1277.079,0.905919,0.333714,0.217613,0.449815,5,0.00000000,0,0.059043,0.013596,0.104490,0.884083,0.941938,0.826229,0.358694,0.220572,0.496816,0.005008,0.014489,0.217499,0.074726,0.050000,0,0,0,0,0
acm_scf,l500,1300,1320.862,0.906875,0.333553,0.218051,0.449055,5,0.00000000,0,0.059615,0.013596,0.105633,0.883307,0.942047,0.824566,0.358753,0.221015,0.496490,0.005064,0.014787,0.217392,0.074975,0.050000,0,0,0,0,0
acm_scf,l500,1325,1327.562,0.907995,0.333035,0.217423,0.448648,5,0.00000000,0,0.060499,0.016183,0.104816,0.878602,0.931754,0.825449,0.358307,0.220941,0.495673,0.005386,0.014720,0.217607,0.075005,0.050000,0,0,0,0,0
acm_scf,l500,1350,1371.837,0.908569,0.332016,0.216811,0.447221,5,0.00000000,0,0.058961,0.013596,0.104327,0.883668,0.941735,0.825600,0.356818,0.219759,0.493878,0.005087,0.014661,0.217693,0.075289,0.050000,0,0,0,0,0
acm_scf,l500,1375,1378.549,0.906623,0.333142,0.217461,0.448822,5,0.00000000,0,0.058085,0.013966,0.102204,0.884605,0.940435,0.828775,0.357596,0.220498,0.494694,0.005137,0.014402,0.217604,0.074835,0.050000,0,0,0,0,0
acm_scf,l500,1400,1422.734,0.909720,0.332930,0.217761,0.448098,5,0.00000000,0,0.061613,0.015961,0.107265,0.877475,0.932710,0.822240,0.358700,0.221237,0.496163,0.005943,0.014717,0.217997,0.074913,0.050000,0,0,0,0,0
acm_scf,l500,1425,1429.453,0.905343,0.333769,0.217670,0.449867,5,0.00000000,0,0.058835,0.013670,0.104000,0.884257,0.941659,0.826855,0.358649,0.220646,0.496653,0.005041,0.014435,0.217431,0.074612,0.050000,0,0,0,0,0
acm_scf,l500,1450,1473.418,0.906222,0.333404,0.217502,0.449305,5,0.00000000,0,0.059383,0.014114,0.104653,0.882862,0.939861,0.825863,0.358449,0.220572,0.496327,0.005222,0.014432,0.217576,0.074671,0.050000,0,0,0,0,0
acm_scf,l500,1475,1480.093,0.906226,0.333468,0.217978,0.448958,5,0.00000000,0,0.059370,0.013596,0.105143,0.883586,0.942029,0.825143,0.358552,0.220941,0.496163,0.005055,0.014578,0.217437,0.074821,0.050000,0,0,0,0,0
acm_scf,l500,1500,1524.055,0.906330,0.333351,0.217493,0.449209,5,0.00000000,0,0.058991,0.013818,0.104163,0.883735,0.941028,0.826442,0.358249,0.220498,0.496000,0.005141,0.014447,0.217580,0.074736,0.050000,0,0,0,0,0
teapot_droplets,l200,1,0.494,0.896057,0.098179,0.087198,0.109160,5,0.00000000,0,0.378731,0.061980,0.695481,0.404615,0.599047,0.210183,0.138841,0.092602,0.185079,0.014558,0.041177,0.186359,0.084460,0.050000,0,0,0,0,0
teapot_droplets,l200,25,7.016,0.767164,0.134994,0.088723,0.181265,5,0.00000000,0,0.191879,0.028307,0.355452,0.585958,0.763204,0.408711,0.168465,0.091234,0.245696,0.006600,0.020798,0.180189,0.061833,0.050000,0,0,0,0,0
teapot_droplets,l200,50,49.228,0.739443,0.158738,0.094137,0.223339,5,0.00000000,0,0.156602,0.028412,0.284792,0.637496,0.773109,0.501882,0.191878,0.096812,0.286944,0.006720,0.016701,0.179156,0.055614,0.050000,0,0,0,0,0
teapot_droplets,l200,75,55.116,0.725997,0.176129,0.102830,0.249429,5,0.00000007,0,0.144474,0.033568,0.255380,0.655379,0.759970,0.550789,0.209705,0.106282,0.313128,0.007742,0.014966,0.178220,0.052425,0.050000,0,0,0,0,0
teapot_droplets,l200,100,98.154,0.709495,0.197899,0.124034,0.271764,5,0.00007594,0,0.143776,0.035042,0.252511,0.679842,0.785576,0.574108,0.234384,0.128381,0.340387,0.008259,0.014702,0.174366,0.050634,0.050000,0,0,0,0,0
teapot_droplets,l200,125,104.319,0.689424,0.221517,0.161847,0.281188,5,0.00001064,0,0.152487,0.037041,0.267934,0.695073,0.819209,0.570936,0.262185,0.167842,0.356528,0.008633,0.015654,0.167058,0.050604,0.050000,0,0,0,0,0
teapot_droplets,l200,150,145.252,0.664937,0.229837,0.198684,0.260991,5,0.00000000,0,0.156439,0.023782,0.289096,0.716583,0.895322,0.537844,0.269926,0.203409,0.336442,0.005399,0.016912,0.157461,0.053028,0.050000,0,0,0,0,0
teapot_droplets,l200,175,151.421,0.640098,0.250206,0.221672,0.278740,5,0.00000000,0,0.142127,0.020625,0.263630,0.744191,0.916454,0.571928,0.289234,0.226244,0.352224,0.004634,0.015543,0.152436,0.050842,0.050000,0,0,0,0,0
teapot_droplets,l200,200,195.198,0.631674,0.258941,0.228695,0.289188,5,0.00000000,0,0.138180,0.022414,0.253945,0.750329,0.912526,0.588133,0.298223,0.233821,0.362626,0.004718,0.014941,0.151063,0.049666,0.050000,0,0,0,0,0
teapot_droplets,l200,225,201.460,0.621994,0.273376,0.236022,0.310730,5,0.00000000,0,0.136843,0.020099,0.253587,0.764321,0.922953,0.605689,0.315146,0.240766,0.389527,0.004537,0.014835,0.149614,0.048031,0.050000,0,0,0,0,0
teapot_droplets,l200,250,242.760,0.618252,0.278249,0.246447,0.310051,5,0.00000000,0,0.142527,0.021783,0.263271,0.759207,0.920385,0.598028,0.321747,0.251815,0.391679,0.004666,0.015438,0.147545,0.048487,0.050000,0,0,0,0,0
teapot_droplets,l200,275,248.861,0.610213,0.286722,0.256683,0.316761,5,0.00000000,0,0.141063,0.019573,0.262554,0.767048,0.930415,0.603682,0.330818,0.261707,0.399928,0.004442,0.015390,0.145505,0.047983,0.050000,0,0,0,0,0
teapot_droplets,l200,300,290.763,0.593845,0.303872,0.264672,0.343072,5,0.00000000,0,0.128292,0.016626,0.239957,0.790579,0.941805,0.639353,0.347234,0.269073,0.425395,0.003802,0.014141,0.143615,0.045362,0.050000,0,0,0,0,0
teapot_droplets,l200,325,297.270,0.566684,0.329645,0.290686,0.368604,5,0.00000000,0,0.125336,0.009997,0.240674,0.811131,0.967071,0.655190,0.375454,0.293591,0.457317,0.001937,0.014126,0.137314,0.043549,0.050000,0,0,0,0,0
teapot_droplets,l200,350,341.062,0.564636,0.329340,0.298991,0.359689,5,0.00000000,0,0.129322,0.011154,0.247489,0.804465,0.964418,0.644513,0.375517,0.302326,0.448709,0.002049,0.014464,0.135653,0.044303,0.050000,0,0,0,0,0
teapot_droplets,l200,375,347.538,0.563388,0.333766,0.304000,0.363532,5,0.00000000,0,0.131957,0.012838,0.251076,0.802141,0.959974,0.644309,0.381355,0.307903,0.454806,0.002335,0.014786,0.134914,0.044321,0.050000,0,0,0,0,0
teapot_droplets,l200,400,391.109,0.559907,0.334620,0.305524,0.363715,5,0.00000000,0,0.125587,0.011575,0.239598,0.808443,0.963899,0.652987,0.379961,0.309060,0.450861,0.002295,0.014089,0.134611,0.043833,0.050000,0,0,0,0,0
teapot_droplets,l200,425,397.681,0.559939,0.335368,0.305206,0.365529,5,0.00000000,0,0.126472,0.012628,0.240316,0.807157,0.960746,0.653568,0.381216,0.309060,0.453372,0.002389,0.014093,0.134696,0.043709,0.050000,0,0,0,0,0
teapot_droplets,l200,450,442.029,0.562080,0.333050,0.295653,0.370446,5,0.00000000,0,0.121261,0.011891,0.230631,0.812914,0.961773,0.664054,0.377526,0.299169,0.455882,0.002333,0.013444,0.136521,0.042950,0.050000,0,0,0,0,0
teapot_droplets,l200,475,448.542,0.560537,0.334061,0.299303,0.368819,5,0.00000000,0,0.122674,0.012207,0.233142,0.811187,0.961269,0.661105,0.378882,0.302957,0.454806,0.002294,0.013600,0.135787,0.043111,0.050000,0,0,0,0,0
teapot_droplets,l200,500,493.203,0.560020,0.334554,0.298273,0.370836,5,0.00000000,0,0.119437,0.011470,0.227403,0.815108,0.963374,0.666842,0.378430,0.301694,0.455165,0.002208,0.013368,0.135959,0.042926,0.050000,0,0,0,0,0
teapot_droplets,l200,525,499.800,0.559877,0.333051,0.292942,0.373161,5,0.00000000,0,0.114817,0.010839,0.218795,0.819938,0.964690,0.675186,0.375462,0.296117,0.454806,0.002024,0.012768,0.136915,0.042315,0.050000,0,0,0,0,0
teapot_droplets,l200,550,543.388,0.557663,0.334562,0.294161,0.374963,5,0.00000000,0,0.112897,0.010944,0.214849,0.822006,0.964505,0.679508,0.376452,0.297380,0.455524,0.002018,0.012524,0.136565,0.042051,0.050000,0,0,0,0,0
teapot_droplets,l200,575,549.779,0.556308,0.336457,0.296439,0.376474,5,0.00000000,0,0.113635,0.010628,0.216643,0.822317,0.965739,0.678894,0.378812,0.299590,0.458034,0.001982,0.012613,0.136171,0.041967,0.050000,0,0,0,0,0
teapot_droplets,l200,600,593.463,0.555718,0.338130,0.299865,0.376395,5,0.00000000,0,0.116515,0.011365,0.221664,0.819308,0.963880,0.674737,0.381550,0.303273,0.459828,0.002013,0.012982,0.135465,0.042277,0.050000,0,0,0,0,0
teapot_droplets,l200,625,600.016,0.554681,0.338356,0.302115,0.374597,5,0.00000000,0,0.116421,0.010102,0.222740,0.820385,0.967957,0.672813,0.381601,0.305167,0.458034,0.001927,0.013023,0.135011,0.042408,0.050000,0,0,0,0,0
teapot_droplets,l200,650,643.798,0.552506,0.340788,0.304815,0.376761,5,0.00000000,0,0.116084,0.009786,0.222382,0.821777,0.969185,0.674370,0.384171,0.307798,0.460545,0.001902,0.012958,0.134538,0.042200,0.050000,0,0,0,0,0
teapot_droplets,l200,675,650.092,0.551599,0.340743,0.306082,0.375404,5,0.00000000,0,0.116220,0.010418,0.222023,0.820640,0.967413,0.673867,0.384011,0.309271,0.458752,0.001912,0.012941,0.134162,0.042278,0.050000,0,0,0,0,0
teapot_droplets,l200,700,693.289,0.551803,0.341464,0.306499,0.376429,5,0.00000000,0,0.116938,0.010418,0.223458,0.820382,0.967456,0.673309,0.385118,0.309692,0.460545,0.001883,0.013054,0.134133,0.042333,0.050000,0,0,0,0,0
teapot_droplets,l200,725,699.434,0.551374,0.341683,0.307044,0.376322,5,0.00000000,0,0.116156,0.011365,0.220947,0.819986,0.964694,0.675277,0.385001,0.310534,0.459469,0.002124,0.012940,0.133953,0.042306,0.050000,0,0,0,0,0
teapot_droplets,l200,750,740.961,0.551322,0.342246,0.309125,0.375367,5,0.00000000,0,0.115797,0.011365,0.220230,0.820114,0.964924,0.675304,0.385336,0.312638,0.458034,0.002153,0.012982,0.133827,0.042379,0.050000,0,0,0,0,0
teapot_droplets,l200,775,747.051,0.551526,0.342227,0.307284,0.377170,5,0.00000000,0,0.115207,0.011260,0.219154,0.821132,0.965033,0.677232,0.385286,0.310744,0.459828,0.002097,0.012912,0.134128,0.042210,0.050000,0,0,0,0,0
teapot_droplets,l200,800,790.095,0.550515,0.342426,0.308606,0.376246,5,0.00000000,0,0.116548,0.009997,0.223099,0.821207,0.968924,0.673491,0.385939,0.311691,0.460187,0.001943,0.012999,0.133809,0.042225,0.050000,0,0,0,0,0
teapot_droplets,l200,825,796.110,0.550766,0.341962,0.308924,0.375000,5,0.00000000,0,0.115596,0.011681,0.219512,0.819824,0.963973,0.675676,0.384925,0.312533,0.457317,0.002082,0.012862,0.133790,0.042327,0.050000,0,0,0,0,0
teapot_droplets,l200,850,837.297,0.550995,0.342137,0.309053,0.375220,5,0.00000000,0,0.116462,0.011260,0.221664,0.819638,0.965226,0.674051,0.385463,0.312533,0.458393,0.002172,0.012921,0.133823,0.042295,0.050000,0,0,0,0,0
teapot_droplets,l200,875,843.373,0.551497,0.342325,0.309100,0.375550,5,0.00000000,0,0.117622,0.011786,0.223458,0.818239,0.963684,0.672794,0.386106,0.312743,0.459469,0.002232,0.013072,0.133831,0.042350,0.050000,0,0,0,0,0
teapot_droplets,l200,900,886.532,0.550572,0.343173,0.310614,0.375733,5,0.00000000,0,0.117538,0.011260,0.223816,0.819004,0.965395,0.672613,0.386970,0.314111,0.459828,0.002117,0.013102,0.133517,0.042397,0.050000,0,0,0,0,0
teapot_droplets,l200,925,892.575,0.550217,0.343267,0.310470,0.376063,5,0.00000000,0,0.116895,0.011049,0.222740,0.819835,0.965997,0.673673,0.386864,0.313901,0.459828,0.002087,0.013062,0.133506,0.042326,0.050000,0,0,0,0,0
teapot_droplets,l200,950,934.579,0.551320,0.342064,0.307916,0.376211,5,0.00000000,0,0.116440,0.011575,0.221306,0.819545,0.964169,0.674921,0.385475,0.311481,0.459469,0.002115,0.012928,0.133998,0.042254,0.050000,0,0,0,0,0
teapot_droplets,l200,975,940.586,0.550379,0.341948,0.308012,0.375884,5,0.00000000,0,0.113951,0.011260,0.216643,0.821832,0.965112,0.678552,0.384399,0.311481,0.457317,0.002077,0.012682,0.133996,0.042084,0.050000,0,0,0,0,0
teapot_droplets,l200,1000,983.362,0.550466,0.342243,0.309375,0.375110,5,0.00000000,0,0.116115,0.010207,0.222023,0.821034,0.968373,0.673695,0.385463,0.312533,0.458393,0.001923,0.012971,0.133677,0.042364,0.050000,0,0,0,0,0
teapot_droplets,l200,1025,989.432,0.550991,0.341557,0.308629,0.374486,5,0.00000000,0,0.115587,0.010944,0.220230,0.820450,0.966113,0.674788,0.384483,0.312007,0.456958,0.002085,0.012835,0.133903,0.042301,0.050000,0,0,0,0,0
teapot_droplets,l200,1050,1032.028,0.552057,0.340826,0.306651,0.375000,5,0.00000000,0,0.115228,0.010944,0.219512,0.820789,0.965902,0.675676,0.383662,0.310007,0.457317,0.002073,0.012845,0.134253,0.042307,0.050000,0,0,0,0,0
teapot_droplets,l200,1075,1038.111,0.550479,0.341662,0.308213,0.375110,5,0.00000000,0,0.115049,0.010944,0.219154,0.821051,0.966069,0.676034,0.384451,0.311586,0.457317,0.002026,0.012742,0.133936,0.042173,0.050000,0,0,0,0,0
teapot_droplets,l200,1100,1080.865,0.550290,0.343385,0.310413,0.376357,5,0.00000000,0,0.115632,0.008524,0.222740,0.823670,0.973495,0.673845,0.386623,0.313059,0.460187,0.001962,0.013030,0.133600,0.042334,0.050000,0,0,0,0,0
teapot_droplets,l2000,1,0.533,0.896057,0.098179,0.087198,0.109160,5,0.00000000,0,0.378731,0.061980,0.695481,0.404615,0.599047,0.210183,0.138841,0.092602,0.185079,0.014558,0.041177,0.186359,0.084460,0.050000,0,0,0,0,0
teapot_droplets,l2000,25,6.933,0.767164,0.134994,0.088723,0.181265,5,0.00000000,0,0.191879,0.028307,0.355452,0.585958,0.763204,0.408711,0.168465,0.091234,0.245696,0.006600,0.020798,0.180189,0.061833,0.050000,0,0,0,0,0
teapot_droplets,l2000,50,48.254,0.739443,0.158738,0.094137,0.223339,5,0.00000000,0,0.156602,0.028412,0.284792,0.637496,0.773109,0.501882,0.191878,0.096812,0.286944,0.006720,0.016701,0.179156,0.055614,0.050000,0,0,0,0,0
teapot_droplets,l2000,75,53.936,0.725997,0.176129,0.102830,0.249429,5,0.00000007,0,0.144474,0.033568,0.255380,0.655379,0.759970,0.550789,0.209705,0.106282,0.313128,0.007742,0.014966,0.178220,0.052425,0.050000,0,0,0,0,0
teapot_droplets,l2000,100,95.314,0.709495,0.197899,0.124034,0.271764,5,0.00007594,0,0.143776,0.035042,0.252511,0.679842,0.785576,0.574108,0.234384,0.128381,0.340387,0.008259,0.014702,0.174366,0.050634,0.050000,0,0,0,0,0
teapot_droplets,l2000,125,101.251,0.689410,0.221517,0.161847,0.281188,5,0.00001064,0,0.152487,0.037041,0.267934,0.695073,0.819209,0.570936,0.262185,0.167842,0.356528,0.008633,0.015654,0.167053,0.050604,0.050000,0,0,0,0,0
teapot_droplets,l2000,150,141.172,0.665946,0.227829,0.198293,0.257365,5,0.00000000,0,0.156841,0.023151,0.290531,0.715495,0.897579,0.533410,0.267511,0.202883,0.332138,0.005262,0.017025,0.157529,0.053310,0.050000,0,0,0,0,0
teapot_droplets,l2000,175,147.072,0.639926,0.250742,0.220047,0.281437,5,0.00000000,0,0.139679,0.021467,0.257891,0.745683,0.912821,0.578546,0.289394,0.224771,0.354017,0.004803,0.015213,0.152928,0.050373,0.050000,0,0,0,0,0
teapot_droplets,l2000,200,188.372,0.627567,0.260687,0.230176,0.291198,5,0.00000000,0,0.132988,0.023151,0.242826,0.754477,0.910496,0.598458,0.298706,0.235505,0.361908,0.004824,0.014143,0.150734,0.048972,0.050000,0,0,0,0,0
teapot_droplets,l2000,225,194.339,0.620985,0.270633,0.236113,0.305153,5,0.00000000,0,0.129963,0.021046,0.238881,0.766251,0.919711,0.612791,0.309565,0.241082,0.378049,0.004723,0.014010,0.149706,0.047923,0.050000,0,0,0,0,0
teapot_droplets,l2000,250,233.469,0.617594,0.273899,0.242259,0.305540,5,0.00000000,0,0.133063,0.022940,0.243185,0.762473,0.915274,0.609672,0.313829,0.247816,0.379842,0.004771,0.014190,0.148477,0.047907,0.050000,0,0,0,0,0
teapot_droplets,l2000,275,239.082,0.615879,0.274367,0.247757,0.300976,5,0.00000000,0,0.134564,0.020204,0.248924,0.763795,0.925983,0.601607,0.314329,0.252762,0.375897,0.004515,0.014553,0.147281,0.048477,0.050000,0,0,0,0,0
teapot_droplets,l2000,300,279.213,0.602350,0.290678,0.246948,0.334409,5,0.00000000,0,0.119946,0.017152,0.222740,0.791719,0.936078,0.647359,0.330040,0.251184,0.408895,0.003881,0.013067,0.147069,0.045240,0.050000,0,0,0,0,0
teapot_droplets,l2000,325,285.036,0.574190,0.317138,0.270318,0.363959,5,0.00000000,0,0.111380,0.008629,0.214132,0.821457,0.969323,0.673592,0.357272,0.272651,0.441894,0.001817,0.012596,0.141200,0.042991,0.050000,0,0,0,0,0
teapot_droplets,l2000,350,326.297,0.571051,0.320508,0.281377,0.359639,5,0.00000000,0,0.120168,0.008629,0.231707,0.813529,0.970493,0.656566,0.363387,0.283805,0.442970,0.001847,0.013455,0.138992,0.043708,0.050000,0,0,0,0,0
teapot_droplets,l2000,375,332.197,0.570730,0.321543,0.285402,0.357683,5,0.00000000,0,0.121158,0.009892,0.232425,0.810794,0.966820,0.654768,0.364521,0.288225,0.440818,0.002070,0.013642,0.138440,0.043948,0.050000,0,0,0,0,0
teapot_droplets,l2000,400,373.128,0.571314,0.323180,0.288289,0.358071,5,0.00000000,0,0.126053,0.009997,0.242109,0.807163,0.966806,0.647520,0.367967,0.291171,0.444763,0.002210,0.014172,0.137976,0.044271,0.050000,0,0,0,0,0
teapot_droplets,l2000,425,379.023,0.571449,0.321271,0.288411,0.354131,5,0.00000000,0,0.125295,0.008839,0.241750,0.807890,0.970516,0.645263,0.365351,0.290961,0.439742,0.001998,0.014203,0.137856,0.044527,0.050000,0,0,0,0,0
teapot_droplets,l2000,450,420.987,0.572667,0.320420,0.282930,0.357910,5,0.00000000,0,0.122720,0.009786,0.235653,0.809631,0.966880,0.652381,0.363976,0.285699,0.442253,0.002117,0.013733,0.138959,0.044005,0.050000,0,0,0,0,0
teapot_droplets,l2000,475,426.946,0.569577,0.322886,0.285714,0.360058,5,0.00000000,0,0.119714,0.009155,0.230273,0.813595,0.969225,0.657965,0.365650,0.288330,0.442970,0.001976,0.013551,0.138300,0.043795,0.050000,0,0,0,0,0
teapot_droplets,l2000,500,468.158,0.568660,0.323903,0.285208,0.362599,5,0.00000000,0,0.117540,0.009471,0.225610,0.815715,0.968153,0.663276,0.366157,0.287909,0.444405,0.002039,0.013261,0.138477,0.043427,0.050000,0,0,0,0,0
teapot_droplets,l2000,525,474.090,0.568131,0.321148,0.278526,0.363771,5,0.00000000,0,0.110885,0.007997,0.213773,0.823043,0.972303,0.673782,0.361144,0.280753,0.441535,0.001680,0.012402,0.139571,0.042765,0.050000,0,0,0,0,0
teapot_droplets,l2000,550,515.804,0.566018,0.321419,0.277436,0.365402,5,0.00000000,0,0.104145,0.007787,0.200502,0.829606,0.972904,0.686308,0.359131,0.279596,0.438666,0.001612,0.011666,0.139822,0.042212,0.050000,0,0,0,0,0
teapot_droplets,l2000,575,521.626,0.564523,0.324117,0.278195,0.370039,5,0.00000000,0,0.104809,0.007682,0.201937,0.830536,0.973328,0.687743,0.362548,0.280333,0.444763,0.001672,0.011651,0.139658,0.041855,0.050000,0,0,0,0,0
teapot_droplets,l2000,600,561.366,0.565164,0.323819,0.278195,0.369442,5,0.00000000,0,0.104809,0.007682,0.201937,0.830362,0.973328,0.687396,0.362189,0.280333,0.444046,0.001632,0.011808,0.139602,0.042066,0.050000,0,0,0,0,0
teapot_droplets,l2000,625,567.144,0.565906,0.321551,0.277204,0.365898,5,0.00000000,0,0.102772,0.008629,0.196915,0.829946,0.970062,0.689831,0.358772,0.279596,0.437948,0.001777,0.011532,0.139863,0.042118,0.050000,0,0,0,0,0
teapot_droplets,l2000,650,607.195,0.564445,0.324910,0.281351,0.368468,5,0.00000000,0,0.105345,0.009471,0.201220,0.827598,0.967730,0.687465,0.363313,0.284016,0.442611,0.001952,0.011777,0.139174,0.042109,0.050000,0,0,0,0,0
teapot_droplets,l2000,675,612.978,0.563742,0.325355,0.283198,0.367511,5,0.00000000,0,0.106474,0.009576,0.203372,0.826296,0.967593,0.685000,0.364081,0.285910,0.442253,0.002017,0.011828,0.138834,0.042157,0.050000,0,0,0,0,0
teapot_droplets,l2000,700,653.759,0.564952,0.324317,0.282156,0.366478,5,0.00000000,0,0.107191,0.009576,0.204806,0.825303,0.967477,0.683130,0.363196,0.284857,0.441535,0.002019,0.011938,0.139040,0.042298,0.050000,0,0,0,0,0
teapot_droplets,l2000,725,659.526,0.565239,0.324254,0.281514,0.366994,5,0.00000000,0,0.106675,0.009260,0.204089,0.826250,0.968436,0.684064,0.363007,0.284121,0.441894,0.002071,0.011869,0.139234,0.042209,0.050000,0,0,0,0,0
teapot_droplets,l2000,750,698.858,0.564995,0.324905,0.283094,0.366716,5,0.00000000,0,0.108267,0.009576,0.206958,0.824486,0.967581,0.681391,0.364208,0.285804,0.442611,0.002093,0.012072,0.138915,0.042334,0.050000,0,0,0,0,0
teapot_droplets,l2000,775,704.663,0.563552,0.324586,0.284268,0.364905,5,0.00000000,0,0.108016,0.007997,0.208034,0.826114,0.972847,0.679381,0.363679,0.286541,0.440818,0.001713,0.012153,0.138419,0.042499,0.050000,0,0,0,0,0
teapot_droplets,l2000,800,745.858,0.562811,0.325115,0.285028,0.365202,5,0.00000000,0,0.107963,0.007892,0.208034,0.826410,0.973262,0.679558,0.364227,0.287278,0.441176,0.001669,0.012082,0.138268,0.042460,0.050000,0,0,0,0,0
teapot_droplets,l2000,825,751.685,0.562603,0.326066,0.285357,0.366776,5,0.00000000,0,0.106875,0.008945,0.204806,0.826587,0.969869,0.683306,0.364901,0.287909,0.441894,0.001816,0.011989,0.138285,0.042346,0.050000,0,0,0,0,0
teapot_droplets,l2000,850,790.812,0.562215,0.326018,0.286102,0.365933,5,0.00000000,0,0.107562,0.008524,0.206600,0.826273,0.971307,0.681240,0.365038,0.288540,0.441535,0.001780,0.012073,0.138082,0.042396,0.050000,0,0,0,0,0
teapot_droplets,l2000,875,796.563,0.562354,0.326348,0.286981,0.365716,5,0.00000000,0,0.108026,0.008734,0.207317,0.825600,0.970713,0.680486,0.365511,0.289488,0.441535,0.001861,0.012132,0.138010,0.042445,0.050000,0,0,0,0,0
teapot_droplets,l2000,900,836.630,0.562453,0.328160,0.288678,0.367643,5,0.00000000,0,0.111031,0.009365,0.212697,0.822937,0.968859,0.677015,0.368610,0.291382,0.445839,0.001981,0.012404,0.137765,0.042526,0.050000,0,0,0,0,0
teapot_droplets,l2000,925,842.335,0.562419,0.327166,0.289216,0.365117,5,0.00000000,0,0.110104,0.008945,0.211263,0.823494,0.970259,0.676729,0.367028,0.291803,0.442253,0.001928,0.012350,0.137668,0.042666,0.050000,0,0,0,0,0
teapot_droplets,l2000,950,882.512,0.564898,0.325420,0.284776,0.366063,5,0.00000000,0,0.109501,0.009892,0.209110,0.822945,0.966749,0.679141,0.365102,0.287593,0.442611,0.002123,0.012241,0.138649,0.042469,0.050000,0,0,0,0,0
teapot_droplets,l2000,975,888.260,0.564974,0.326259,0.285208,0.367311,5,0.00000000,0,0.108583,0.010207,0.206958,0.823764,0.965785,0.681743,0.365724,0.288120,0.443329,0.002312,0.012157,0.138708,0.042381,0.050000,0,0,0,0,0
teapot_droplets,l2000,1000,928.821,0.561975,0.325736,0.287593,0.363880,5,0.00000000,0,0.106971,0.008418,0.205524,0.826374,0.971791,0.680958,0.364340,0.290014,0.438666,0.001810,0.012003,0.137910,0.042508,0.050000,0,0,0,0,0
teapot_droplets,l2000,1025,934.525,0.559767,0.327405,0.288877,0.365933,5,0.00000000,0,0.107088,0.007577,0.206600,0.827935,0.974630,0.681240,0.366301,0.291066,0.441535,0.001578,0.011967,0.137518,0.042298,0.050000,0,0,0,0,0
teapot_droplets,l2000,1050,974.041,0.559515,0.333544,0.288734,0.378354,5,0.00000000,0,0.106821,0.010628,0.203013,0.828205,0.964857,0.691553,0.373484,0.291803,0.455165,0.002303,0.011868,0.137942,0.041477,0.050000,0,0,0,0,0
teapot_droplets,l2000,1075,979.802,0.555722,0.335660,0.292990,0.378330,5,0.00000000,0,0.104331,0.010313,0.198350,0.830993,0.966335,0.695652,0.374692,0.296012,0.453372,0.002264,0.011580,0.137035,0.041284,0.050000,0,0,0,0,0
teapot_droplets,l2000,1100,1019.499,0.553432,0.336572,0.292292,0.380852,5,0.00000000,0,0.098898,0.010207,0.187590,0.836712,0.966586,0.706839,0.373785,0.295275,0.452296,0.002195,0.010875,0.137238,0.040704,0.050000,0,0,0,0,0
teapot_droplets,l2000,1125,1025.218,0.554148,0.333168,0.292922,0.373414,5,0.00000000,0,0.098351,0.009471,0.187231,0.836019,0.968966,0.703072,0.369512,0.295696,0.443329,0.002087,0.010906,0.137020,0.041199,0.050000,0,0,0,0,0
teapot_droplets,l2000,1150,1064.373,0.555063,0.332420,0.290977,0.373863,5,0.00000000,0,0.097041,0.011154,0.182927,0.835437,0.963473,0.707401,0.368238,0.294223,0.442253,0.002515,0.010548,0.137587,0.040902,0.050000,0,0,0,0,0
teapot_droplets,l2000,1175,1070.081,0.555217,0.333515,0.289638,0.377393,5,0.00000000,0,0.095943,0.011470,0.180416,0.837035,0.962323,0.711748,0.369220,0.292960,0.445481,0.002548,0.010491,0.137845,0.040708,0.050000,0,0,0,0,0
teapot_droplets,l2000,1200,1110.056,0.554224,0.333686,0.291801,0.375571,5,0.00000000,0,0.095087,0.012628,0.177547,0.836279,0.959016,0.713542,0.368869,0.295486,0.442253,0.002750,0.010300,0.137550,0.040667,0.050000,0,0,0,0,0
teapot_droplets,l2000,1225,1115.792,0.553789,0.335040,0.291991,0.378090,5,0.00000000,0,0.094222,0.013049,0.175395,0.837383,0.957751,0.717014,0.370103,0.295801,0.444405,0.002894,0.010154,0.137616,0.040457,0.050000,0,0,0,0,0
teapot_droplets,l2000,1250,1155.614,0.553795,0.335065,0.294673,0.375456,5,0.00000000,0,0.097122,0.013469,0.180775,0.833595,0.956844,0.710345,0.370986,0.298643,0.443329,0.002966,0.010385,0.137156,0.040767,0.050000,0,0,0,0,0
teapot_droplets,l2000,1275,1161.409,0.550738,0.336102,0.298233,0.373971,5,0.00000000,0,0.094571,0.012312,0.176829,0.837095,0.960817,0.713372,0.371003,0.301905,0.440100,0.002743,0.010218,0.136336,0.040763,0.050000,0,0,0,0,0
teapot_droplets,l2000,1300,1200.290,0.546833,0.339337,0.300427,0.378246,5,0.00000000,0,0.092241,0.010523,0.173960,0.842507,0.966499,0.718514,0.373817,0.303588,0.444046,0.002341,0.010079,0.135645,0.040423,0.050000,0,0,0,0,0
teapot_droplets,l2000,1325,1206.023,0.543755,0.341421,0.302898,0.379945,5,0.00000000,0,0.089616,0.009576,0.169656,0.846676,0.969636,0.723715,0.375101,0.305798,0.444405,0.002091,0.009836,0.135128,0.040160,0.050000,0,0,0,0,0
teapot_droplets,l2000,1350,1246.175,0.535793,0.349504,0.311711,0.387296,5,0.00000000,0,0.086125,0.009050,0.163199,0.853053,0.972033,0.734074,0.382517,0.314532,0.450502,0.002036,0.009476,0.133347,0.039494,0.050000,0,0,0,0,0
teapot_droplets,l2000,1375,1252.174,0.521546,0.362527,0.339774,0.385281,5,0.00000000,0,0.086510,0.013049,0.159971,0.849941,0.963476,0.736407,0.395561,0.344207,0.446915,0.002978,0.009264,0.128274,0.039454,0.050000,0,0,0,0,0
teapot_droplets,l2000,1400,1293.349,0.514323,0.371820,0.361010,0.382630,5,0.00000000,0,0.096881,0.012628,0.181133,0.840246,0.966611,0.713881,0.408753,0.365569,0.451937,0.002919,0.010584,0.124192,0.040498,0.050000,0,0,0,0,0
teapot_droplets,l2000,1425,1299.350,0.502826,0.378031,0.383207,0.372856,5,0.00000000,0,0.101629,0.011365,0.191894,0.834967,0.971511,0.698422,0.415983,0.387562,0.444405,0.002504,0.011041,0.119599,0.041237,0.050000,0,0,0,0,0
teapot_droplets,l2000,1450,1340.827,0.483528,0.395207,0.420620,0.369793,5,0.00000000,0,0.104193,0.011470,0.196915,0.832920,0.973748,0.692092,0.434028,0.425445,0.442611,0.002583,0.011507,0.112356,0.041775,0.050000,0,0,0,0,0
teapot_droplets,l2000,1475,1346.792,0.478880,0.402666,0.435359,0.369973,5,0.00000000,0,0.110358,0.016626,0.204089,0.824802,0.963795,0.685809,0.444039,0.442597,0.445481,0.003803,0.011807,0.110008,0.041814,0.050000,0,0,0,0,0
teapot_droplets,l2000,1500,1387.754,0.482052,0.415986,0.426056,0.405917,5,0.00000000,0,0.117061,0.021783,0.212339,0.825461,0.952348,0.698574,0.463723,0.435336,0.492109,0.004984,0.012207,0.112405,0.039684,0.050000,0,0,0,0,0
teapot_droplets,l2000,1525,1393.753,0.488785,0.420018,0.416273,0.423764,5,0.00000000,0,0.125590,0.025571,0.225610,0.820324,0.943488,0.697159,0.473143,0.426918,0.519369,0.005933,0.012960,0.114718,0.038764,0.050000,0,0,0,0,0
teapot_droplets,l2000,1550,1435.830,0.492352,0.416649,0.408680,0.424617,5,0.00000000,0,0.121824,0.025571,0.218077,0.822957,0.942499,0.703415,0.468174,0.419131,0.517217,0.005950,0.012626,0.116215,0.038615,0.050000,0,0,0,0,0
teapot_droplets,l2000,1575,1441.817,0.492939,0.406879,0.397562,0.416195,5,0.00000000,0,0.111663,0.018520,0.204806,0.833134,0.956262,0.710005,0.453180,0.404925,0.501435,0.004192,0.011809,0.117648,0.038665,0.050000,0,0,0,0,0
teapot_droplets,l2000,1600,1482.439,0.496062,0.406353,0.388172,0.424534,5,0.00000000,0,0.106271,0.019573,0.192970,0.838489,0.952876,0.724103,0.451113,0.395770,0.506456,0.004472,0.011202,0.119633,0.037884,0.050000,0,0,0,0,0
teapot_droplets,l2000,1625,1488.236,0.496045,0.403006,0.388222,0.417790,5,0.00000000,0,0.107182,0.016732,0.197633,0.838095,0.959335,0.716855,0.447538,0.394717,0.500359,0.003847,0.011449,0.119271,0.038430,0.050000,0,0,0,0,0
teapot_droplets,l2000,1650,1527.539,0.492889,0.406640,0.397456,0.415824,5,0.00000000,0,0.111675,0.017468,0.205882,0.833759,0.958593,0.708925,0.452917,0.404399,0.501435,0.003948,0.011885,0.117529,0.038851,0.050000,0,0,0,0,0
teapot_droplets,l2000,1675,1533.334,0.492114,0.405656,0.397684,0.413628,5,0.00000000,0,0.108911,0.017679,0.200143,0.835407,0.958146,0.712667,0.450564,0.404714,0.496413,0.004019,0.011601,0.117427,0.038802,0.050000,0,0,0,0,0
teapot_droplets,l2000,1700,1574.963,0.491577,0.405468,0.401261,0.409675,5,0.00000000,0,0.109765,0.018310,0.201220,0.833444,0.957111,0.709778,0.450358,0.408608,0.492109,0.004157,0.011668,0.116789,0.039157,0.050000,0,0,0,0,0
teapot_droplets,l2000,1725,1580.927,0.489903,0.406308,0.402505,0.410111,5,0.00000000,0,0.107899,0.016732,0.199067,0.836280,0.960721,0.711838,0.450495,0.409239,0.491750,0.003921,0.011526,0.116530,0.039048,0.050000,0,0,0,0,0
teapot_droplets,l2000,1750,1622.620,0.489300,0.407486,0.402150,0.412822,5,0.00000000,0,0.107582,0.017889,0.197274,0.836429,0.958128,0.714730,0.451803,0.409344,0.494261,0.004068,0.011370,0.116675,0.038706,0.050000,0,0,0,0,0
teapot_droplets,l2000,1775,1628.599,0.488656,0.409349,0.403001,0.415697,5,0.00000000,0,0.109492,0.017047,0.201937,0.836118,0.960069,0.712168,0.454756,0.409871,0.499641,0.003904,0.011706,0.116376,0.038704,0.050000,0,0,0,0,0
teapot_droplets,l2000,1800,1670.305,0.486424,0.413296,0.411850,0.414742,5,0.00000000,0,0.114650,0.017679,0.211621,0.831597,0.959528,0.703666,0.460821,0.419131,0.502511,0.004096,0.012261,0.114857,0.039105,0.050000,0,0,0,0,0
teapot_droplets,l2000,1825,1676.253,0.483402,0.412493,0.413922,0.411065,5,0.00000000,0,0.110886,0.015890,0.205882,0.835066,0.963588,0.706544,0.458097,0.420499,0.495696,0.003589,0.011954,0.114175,0.039187,0.050000,0,0,0,0,0
teapot_droplets,l500,1,0.474,0.896057,0.098179,0.087198,0.109160,5,0.00000000,0,0.378731,0.061980,0.695481,0.404615,0.599047,0.210183,0.138841,0.092602,0.185079,0.014558,0.041177,0.186359,0.084460,0.050000,0,0,0,0,0
teapot_droplets,l500,25,7.064,0.767164,0.134994,0.088723,0.181265,5,0.00000000,0,0.191879,0.028307,0.355452,0.585958,0.763204,0.408711,0.168465,0.091234,0.245696,0.006600,0.020798,0.180189,0.061833,0.050000,0,0,0,0,0
teapot_droplets,l500,50,49.743,0.739443,0.158738,0.094137,0.223339,5,0.00000000,0,0.156602,0.028412,0.284792,0.637496,0.773109,0.501882,0.191878,0.096812,0.286944,0.006720,0.016701,0.179156,0.055614,0.050000,0,0,0,0,0
teapot_droplets,l500,75,55.686,0.725997,0.176129,0.102830,0.249429,5,0.00000007,0,0.144474,0.033568,0.255380,0.655379,0.759970,0.550789,0.209705,0.106282,0.313128,0.007742,0.014966,0.178220,0.052425,0.050000,0,0,0,0,0
teapot_droplets,l500,100,99.087,0.709495,0.197899,0.124034,0.271764,5,0.00007594,0,0.143776,0.035042,0.252511,0.679842,0.785576,0.574108,0.234384,0.128381,0.340387,0.008259,0.014702,0.174366,0.050634,0.050000,0,0,0,0,0
teapot_droplets,l500,125,105.335,0.689410,0.221517,0.161847,0.281188,5,0.00001064,0,0.152487,0.037041,0.267934,0.695073,0.819209,0.570936,0.262185,0.167842,0.356528,0.008633,0.015654,0.167053,0.050604,0.050000,0,0,0,0,0
teapot_droplets,l500,150,147.038,0.665946,0.227829,0.198293,0.257365,5,0.00000000,0,0.156841,0.023151,0.290531,0.715495,0.897579,0.533410,0.267511,0.202883,0.332138,0.005262,0.017025,0.157529,0.053310,0.050000,0,0,0,0,0
teapot_droplets,l500,175,153.226,0.639926,0.250742,0.220047,0.281437,5,0.00000000,0,0.139679,0.021467,0.257891,0.745683,0.912821,0.578546,0.289394,0.224771,0.354017,0.004803,0.015213,0.152928,0.050373,0.050000,0,0,0,0,0
teapot_droplets,l500,200,196.404,0.627567,0.260687,0.230176,0.291198,5,0.00000000,0,0.132988,0.023151,0.242826,0.754477,0.910496,0.598458,0.298706,0.235505,0.361908,0.004824,0.014143,0.150734,0.048972,0.050000,0,0,0,0,0
teapot_droplets,l500,225,202.637,0.620985,0.270633,0.236113,0.305153,5,0.00000000,0,0.129963,0.021046,0.238881,0.766251,0.919711,0.612791,0.309565,0.241082,0.378049,0.004723,0.014010,0.149706,0.047923,0.050000,0,0,0,0,0
teapot_droplets,l500,250,243.392,0.617571,0.274232,0.242259,0.306205,5,0.00000000,0,0.132883,0.022940,0.242826,0.762873,0.915274,0.610472,0.314188,0.247816,0.380560,0.004768,0.014215,0.148455,0.047911,0.050000,0,0,0,0,0
teapot_droplets,l500,275,249.204,0.616193,0.274025,0.247447,0.300603,5,0.00000000,0,0.134743,0.020204,0.249283,0.763465,0.925897,0.601033,0.313992,0.252447,0.375538,0.004502,0.014587,0.147331,0.048522,0.050000,0,0,0,0,0
teapot_droplets,l500,300,290.937,0.601901,0.290819,0.247620,0.334018,5,0.00000000,0,0.120021,0.016942,0.223099,0.791877,0.936962,0.646792,0.330176,0.251815,0.408537,0.003855,0.013063,0.146940,0.045235,0.050000,0,0,0,0,0
teapot_droplets,l500,325,297.000,0.573227,0.317823,0.273030,0.362615,5,0.00000000,0,0.111242,0.009786,0.212697,0.819859,0.965721,0.673997,0.357722,0.275702,0.439742,0.002055,0.012475,0.140830,0.042981,0.050000,0,0,0,0,0
teapot_droplets,l500,350,340.573,0.571129,0.319985,0.282182,0.357787,5,0.00000000,0,0.120400,0.008734,0.232066,0.812673,0.970230,0.655117,0.362732,0.284647,0.440818,0.001895,0.013475,0.138883,0.043808,0.050000,0,0,0,0,0
teapot_droplets,l500,375,346.745,0.570657,0.322824,0.286101,0.359547,5,0.00000000,0,0.123004,0.009997,0.236011,0.809849,0.966561,0.653137,0.366683,0.288961,0.444405,0.002080,0.013816,0.138324,0.043947,0.050000,0,0,0,0,0
teapot_droplets,l500,400,389.000,0.572565,0.319948,0.289391,0.350504,5,0.00000000,0,0.128100,0.009786,0.246413,0.803483,0.967596,0.639370,0.364548,0.292224,0.436872,0.002107,0.014396,0.137722,0.044882,0.050000,0,0,0,0,0
teapot_droplets,l500,425,395.167,0.570563,0.322117,0.291106,0.353128,5,0.00000000,0,0.126761,0.009260,0.244261,0.806076,0.969444,0.642707,0.366593,0.293802,0.439383,0.002087,0.014279,0.137382,0.044623,0.050000,0,0,0,0,0
teapot_droplets,l500,450,439.009,0.571877,0.320179,0.286324,0.354034,5,0.00000000,0,0.123162,0.010313,0.236011,0.807603,0.965578,0.649627,0.363433,0.289277,0.437590,0.002323,0.013757,0.138371,0.044215,0.050000,0,0,0,0,0
teapot_droplets,l500,475,445.132,0.571097,0.319600,0.286191,0.353010,5,0.00000000,0,0.121223,0.008945,0.233501,0.810446,0.969954,0.650938,0.362094,0.288751,0.435438,0.002085,0.013620,0.138265,0.044248,0.050000,0,0,0,0,0
teapot_droplets,l500,500,488.364,0.571035,0.321189,0.283839,0.358540,5,0.00000000,0,0.119185,0.009892,0.228479,0.812544,0.966643,0.658445,0.363553,0.286646,0.440459,0.002159,0.013363,0.138852,0.043731,0.050000,0,0,0,0,0
teapot_droplets,l500,525,494.573,0.568045,0.319905,0.282940,0.356870,5,0.00000000,0,0.113523,0.007892,0.219154,0.819046,0.973070,0.665022,0.360126,0.285173,0.435079,0.001720,0.012761,0.138726,0.043382,0.050000,0,0,0,0,0
teapot_droplets,l500,550,537.985,0.567913,0.319051,0.278601,0.359500,5,0.00000000,0,0.107172,0.008103,0.206241,0.824825,0.971959,0.677691,0.357251,0.280859,0.433644,0.001788,0.012025,0.139635,0.042763,0.050000,0,0,0,0,0
teapot_droplets,l500,575,544.106,0.566055,0.322783,0.279257,0.366310,5,0.00000000,0,0.107657,0.007997,0.207317,0.826606,0.972374,0.680839,0.361871,0.281490,0.442253,0.001729,0.012064,0.139441,0.042347,0.050000,0,0,0,0,0
teapot_droplets,l500,600,586.343,0.564734,0.326226,0.282300,0.370151,5,0.00000000,0,0.109788,0.008313,0.211263,0.825670,0.971624,0.679717,0.366499,0.284647,0.448350,0.001809,0.012366,0.138860,0.042297,0.050000,0,0,0,0,0
teapot_droplets,l500,625,592.410,0.565754,0.325642,0.280288,0.370996,5,0.00000000,0,0.108944,0.008418,0.209469,0.826411,0.971077,0.681744,0.365678,0.282648,0.448709,0.001843,0.012275,0.139322,0.042203,0.050000,0,0,0,0,0
teapot_droplets,l500,650,634.585,0.564478,0.325613,0.283837,0.367389,5,0.00000000,0,0.108415,0.009155,0.207676,0.825098,0.969028,0.681167,0.365062,0.286436,0.443687,0.001930,0.012206,0.138684,0.042407,0.050000,0,0,0,0,0
teapot_droplets,l500,675,640.652,0.565830,0.324381,0.282006,0.366755,5,0.00000000,0,0.111031,0.009365,0.212697,0.822316,0.968146,0.676487,0.364705,0.284647,0.444763,0.001935,0.012344,0.139010,0.042461,0.050000,0,0,0,0,0
teapot_droplets,l500,700,683.514,0.565803,0.325412,0.281498,0.369327,5,0.00000000,0,0.109028,0.008945,0.209110,0.825270,0.969468,0.681072,0.365286,0.284016,0.446557,0.001963,0.012280,0.139130,0.042349,0.050000,0,0,0,0,0
teapot_droplets,l500,725,689.597,0.565797,0.326792,0.282722,0.370863,5,0.00000000,0,0.111780,0.009786,0.213773,0.822434,0.966857,0.678012,0.367816,0.285489,0.450143,0.002101,0.012467,0.138991,0.042324,0.050000,0,0,0,0,0
teapot_droplets,l500,750,731.201,0.565538,0.326470,0.283882,0.369058,5,0.00000000,0,0.112107,0.009365,0.214849,0.822196,0.968350,0.676041,0.367446,0.286541,0.448350,0.002077,0.012512,0.138758,0.042460,0.050000,0,0,0,0,0
teapot_droplets,l500,775,737.311,0.563582,0.326638,0.285088,0.368187,5,0.00000000,0,0.109661,0.008418,0.210904,0.825207,0.971550,0.678864,0.366664,0.287488,0.445839,0.001778,0.012332,0.138381,0.042425,0.050000,0,0,0,0,0
teapot_droplets,l500,800,780.706,0.563921,0.326165,0.285014,0.367317,5,0.00000000,0,0.111043,0.008313,0.213773,0.823898,0.971886,0.675911,0.366611,0.287383,0.445839,0.001793,0.012432,0.138335,0.042527,0.050000,0,0,0,0,0
teapot_droplets,l500,825,786.824,0.564031,0.326269,0.284895,0.367643,5,0.00000000,0,0.110716,0.008734,0.212697,0.823760,0.970505,0.677015,0.366611,0.287383,0.445839,0.001882,0.012364,0.138473,0.042415,0.050000,0,0,0,0,0
teapot_droplets,l500,850,827.982,0.563711,0.326822,0.284149,0.369495,5,0.00000000,0,0.110917,0.008418,0.213415,0.824483,0.971459,0.677507,0.367446,0.286541,0.448350,0.001814,0.012371,0.138506,0.042305,0.050000,0,0,0,0,0
teapot_droplets,l500,875,834.051,0.564246,0.327332,0.284030,0.370634,5,0.00000000,0,0.110230,0.008839,0.211621,0.824885,0.970075,0.679696,0.367804,0.286541,0.449067,0.001960,0.012346,0.138657,0.042272,0.050000,0,0,0,0,0
teapot_droplets,l500,900,877.009,0.564304,0.326592,0.283985,0.369199,5,0.00000000,0,0.111022,0.008629,0.213415,0.824044,0.970756,0.677332,0.367214,0.286436,0.447991,0.001917,0.012393,0.138617,0.042329,0.050000,0,0,0,0,0
teapot_droplets,l500,925,883.066,0.564287,0.327441,0.283733,0.371149,5,0.00000000,0,0.110029,0.009155,0.210904,0.824813,0.969017,0.680608,0.367878,0.286331,0.449426,0.001974,0.012328,0.138745,0.042199,0.050000,0,0,0,0,0
teapot_droplets,l500,950,925.669,0.564865,0.327542,0.283052,0.372031,5,0.00000000,0,0.109437,0.010839,0.208034,0.823540,0.963501,0.683579,0.367773,0.286120,0.449426,0.002266,0.012168,0.139003,0.042068,0.050000,0,0,0,0,0
teapot_droplets,l500,975,931.754,0.564365,0.326028,0.279817,0.372239,5,0.00000000,0,0.105472,0.009365,0.201578,0.828618,0.967905,0.689331,0.364856,0.282437,0.447274,0.002072,0.011648,0.139585,0.041677,0.050000,0,0,0,0,0
teapot_droplets,l500,1000,975.348,0.562042,0.327563,0.283629,0.371497,5,0.00000000,0,0.106084,0.009155,0.203013,0.828322,0.969006,0.687638,0.366570,0.286225,0.446915,0.001944,0.011694,0.138740,0.041789,0.050000,0,0,0,0,0
teapot_droplets,l500,1025,981.394,0.560223,0.328531,0.284566,0.372496,5,0.00000000,0,0.104102,0.008418,0.199785,0.831285,0.971500,0.691070,0.366939,0.286962,0.446915,0.001801,0.011563,0.138467,0.041592,0.050000,0,0,0,0,0
teapot_droplets,l500,1050,1023.199,0.558867,0.329709,0.285729,0.373689,5,0.00000000,0,0.102825,0.008734,0.196915,0.832454,0.970588,0.694321,0.367749,0.288225,0.447274,0.001833,0.011346,0.138288,0.041411,0.050000,0,0,0,0,0
teapot_droplets,l500,1075,1029.313,0.558297,0.328837,0.285237,0.372437,5,0.00000000,0,0.099006,0.008629,0.189383,0.835696,0.970881,0.700510,0.365334,0.287699,0.442970,0.001868,0.011042,0.138328,0.041317,0.050000,0,0,0,0,0
teapot_droplets,l500,1100,1071.241,0.555535,0.330873,0.284432,0.377313,5,0.00000000,0,0.095546,0.008524,0.182568,0.840392,0.971144,0.709641,0.366527,0.286857,0.446198,0.001799,0.010454,0.138456,0.040596,0.050000,0,0,0,0,0
teapot_droplets,l500,1125,1077.307,0.557315,0.329622,0.282538,0.376706,5,0.00000000,0,0.095388,0.008208,0.182568,0.840651,0.971993,0.709309,0.365169,0.284857,0.445481,0.001777,0.010549,0.138840,0.040768,0.050000,0,0,0,0,0
teapot_droplets,l500,1150,1118.570,0.557342,0.330408,0.281485,0.379331,5,0.00000000,0,0.094711,0.009365,0.180057,0.840616,0.968089,0.713143,0.365877,0.284121,0.447633,0.002022,0.010316,0.139200,0.040411,0.050000,0,0,0,0,0
teapot_droplets,l500,1175,1124.635,0.556926,0.330131,0.284464,0.375798,5,0.00000000,0,0.094795,0.009892,0.179699,0.839143,0.966714,0.711572,0.365303,0.287278,0.443329,0.002181,0.010355,0.138753,0.040621,0.050000,0,0,0,0,0
teapot_droplets,l500,1200,1166.899,0.558270,0.329421,0.284107,0.374734,5,0.00000000,0,0.095776,0.010418,0.181133,0.837292,0.964981,0.709603,0.364839,0.287067,0.442611,0.002263,0.010519,0.138816,0.040882,0.050000,0,0,0,0,0
teapot_droplets,l500,1225,1172.987,0.558145,0.329747,0.284494,0.375000,5,0.00000000,0,0.096366,0.010523,0.182209,0.836702,0.964689,0.708716,0.365408,0.287488,0.443329,0.002326,0.010498,0.138788,0.040848,0.050000,0,0,0,0,0
teapot_droplets,l500,1250,1215.013,0.559889,0.332299,0.281334,0.383263,5,0.00000000,0,0.097725,0.012522,0.182927,0.835203,0.957891,0.712514,0.369115,0.284857,0.453372,0.002758,0.010576,0.139620,0.040343,0.050000,0,0,0,0,0
teapot_droplets,l500,1275,1221.167,0.558643,0.332940,0.282552,0.383328,5,0.00000000,0,0.095804,0.012628,0.178981,0.837024,0.957732,0.716316,0.369029,0.286120,0.451937,0.002844,0.010288,0.139473,0.040175,0.050000,0,0,0,0,0
teapot_droplets,l500,1300,1262.168,0.557798,0.332607,0.284407,0.380808,5,0.00000000,0,0.096354,0.011575,0.181133,0.837114,0.961322,0.712905,0.368742,0.287699,0.449785,0.002603,0.010473,0.138948,0.040447,0.050000,0,0,0,0,0
teapot_droplets,l500,1325,1268.231,0.555766,0.333784,0.286353,0.381214,5,0.00000000,0,0.093896,0.011681,0.176112,0.839611,0.961243,0.717978,0.369024,0.289698,0.448350,0.002610,0.010208,0.138614,0.040233,0.050000,0,0,0,0,0
teapot_droplets,l500,1350,1310.460,0.551382,0.336939,0.286354,0.387523,5,0.00000000,0,0.088676,0.010207,0.167145,0.848042,0.965917,0.730168,0.370786,0.289277,0.452296,0.002219,0.009684,0.138298,0.039544,0.050000,0,0,0,0,0
teapot_droplets,l500,1375,1316.859,0.540169,0.344281,0.302544,0.386019,5,0.00000000,0,0.084489,0.009365,0.159613,0.853699,0.970244,0.737153,0.376505,0.305377,0.447633,0.001995,0.009285,0.135017,0.039399,0.050000,0,0,0,0,0
teapot_droplets,l500,1400,1360.126,0.531262,0.352844,0.327770,0.377919,5,0.00000000,0,0.095651,0.008734,0.182568,0.842118,0.974264,0.709972,0.388774,0.330632,0.446915,0.001838,0.010655,0.130087,0.040754,0.050000,0,0,0,0,0
teapot_droplets,l500,1425,1366.473,0.513143,0.373323,0.367264,0.379382,5,0.00000000,0,0.108657,0.009997,0.207317,0.831083,0.973757,0.688410,0.414485,0.370935,0.458034,0.002115,0.012021,0.122531,0.041448,0.050000,0,0,0,0,0
teapot_droplets,l500,1450,1410.422,0.501023,0.383446,0.390157,0.376735,5,0.00000000,0,0.112055,0.009260,0.214849,0.828778,0.977023,0.680533,0.425723,0.393770,0.457676,0.001909,0.012502,0.117933,0.041869,0.050000,0,0,0,0,0
teapot_droplets,l500,1475,1416.782,0.492931,0.393145,0.409971,0.376319,5,0.00000000,0,0.117433,0.011049,0.223816,0.823496,0.974036,0.672956,0.437523,0.414501,0.460545,0.002430,0.013092,0.114245,0.042304,0.050000,0,0,0,0,0
teapot_droplets,l500,1500,1459.659,0.488554,0.399147,0.415096,0.383197,5,0.00000000,0,0.117992,0.010733,0.225251,0.825421,0.975055,0.675787,0.444532,0.419552,0.469512,0.002350,0.013153,0.113251,0.041849,0.050000,0,0,0,0,0
teapot_droplets,l500,1525,1466.017,0.487567,0.406909,0.414114,0.399705,5,0.00000000,0,0.115537,0.016942,0.214132,0.827586,0.961326,0.693846,0.453212,0.421130,0.485294,0.003826,0.012457,0.114048,0.040333,0.050000,0,0,0,0,0
teapot_droplets,l500,1550,1508.893,0.484059,0.419839,0.421421,0.418257,5,0.00000000,0,0.121903,0.021783,0.222023,0.824506,0.951849,0.697162,0.470860,0.430601,0.511119,0.005009,0.012862,0.113199,0.039219,0.050000,0,0,0,0,0
teapot_droplets,l500,1575,1515.095,0.483027,0.418398,0.421112,0.415684,5,0.00000000,0,0.118213,0.019783,0.216643,0.828030,0.955962,0.700099,0.467591,0.429443,0.505739,0.004562,0.012596,0.113131,0.039299,0.050000,0,0,0,0,0
teapot_droplets,l500,1600,1555.676,0.483531,0.420246,0.419518,0.420975,5,0.00000000,0,0.117642,0.021151,0.214132,0.828849,0.952949,0.704748,0.469755,0.428391,0.511119,0.004867,0.012521,0.113587,0.038895,0.050000,0,0,0,0,0
teapot_droplets,l500,1625,1561.622,0.483503,0.417032,0.422229,0.411834,5,0.00000000,0,0.116955,0.021572,0.212339,0.826991,0.952370,0.701613,0.465310,0.431337,0.499283,0.004940,0.012345,0.113132,0.039393,0.050000,0,0,0,0,0
teapot_droplets,l500,1650,1603.134,0.484266,0.420774,0.422145,0.419403,5,0.00000000,0,0.118608,0.024519,0.212697,0.825736,0.946350,0.705122,0.470552,0.432495,0.508608,0.005690,0.012354,0.113511,0.038889,0.050000,0,0,0,0,0
teapot_droplets,l500,1675,1608.935,0.488133,0.419853,0.413588,0.426118,5,0.00000000,0,0.118311,0.025360,0.211263,0.826570,0.943573,0.709566,0.470109,0.424077,0.516141,0.005911,0.012209,0.115353,0.038298,0.050000,0,0,0,0,0
teapot_droplets,l500,1700,1648.818,0.484756,0.422951,0.420739,0.425162,5,0.00000000,0,0.121150,0.024939,0.217360,0.824787,0.945329,0.704246,0.474404,0.431232,0.517575,0.005806,0.012546,0.113823,0.038587,0.050000,0,0,0,0,0
teapot_droplets,l500,1725,1654.564,0.481691,0.425477,0.424311,0.426643,5,0.00000000,0,0.122819,0.023256,0.222382,0.825111,0.949160,0.701061,0.477850,0.434179,0.521521,0.005295,0.012894,0.112779,0.038690,0.050000,0,0,0,0,0
teapot_droplets,l500,1750,1694.908,0.482637,0.424059,0.425414,0.422705,5,0.00000000,0,0.123156,0.023572,0.222740,0.823742,0.948647,0.698836,0.476150,0.435441,0.516858,0.005405,0.012999,0.112612,0.039066,0.050000,0,0,0,0,0
teapot_droplets,l500,1775,1700.792,0.479193,0.427831,0.429980,0.425682,5,0.00000000,0,0.123830,0.024203,0.223458,0.823832,0.947905,0.699759,0.480595,0.440387,0.520803,0.005496,0.012915,0.111781,0.038745,0.050000,0,0,0,0,0
teapot_droplets,l500,1800,1741.558,0.475647,0.432070,0.437481,0.426659,5,0.00000000,0,0.127472,0.022519,0.232425,0.822772,0.952072,0.693472,0.486579,0.447332,0.525825,0.005193,0.013474,0.110246,0.038970,0.050000,0,0,0,0,0
teapot_droplets,l500,1825,1747.404,0.473869,0.433792,0.444284,0.423299,5,0.00000000,0,0.133316,0.022730,0.243902,0.817893,0.952360,0.683426,0.490463,0.454383,0.526542,0.005217,0.014109,0.108837,0.039456,0.050000,0,0,0,0,0
teapot_droplets,l500,1850,1787.479,0.474270,0.434455,0.446981,0.421929,5,0.00000000,0,0.136396,0.023151,0.249641,0.815244,0.951818,0.678670,0.492294,0.457329,0.527260,0.005343,0.014429,0.108444,0.039760,0.050000,0,0,0,0,0
teapot_droplets,l500,1875,1793.215,0.474067,0.435450,0.449456,0.421445,5,0.00000000,0,0.137692,0.024308,0.251076,0.813634,0.949848,0.677419,0.493820,0.460381,0.527260,0.005643,0.014546,0.108053,0.039875,0.050000,0,0,0,0,0
teapot_droplets,l500,1900,1832.384,0.473490,0.434643,0.448520,0.420765,5,0.00000000,0,0.135614,0.024098,0.247131,0.814993,0.950152,0.679833,0.492039,0.459329,0.524749,0.005504,0.014321,0.108112,0.039805,0.050000,0,0,0,0,0
teapot_droplets,l500,1925,1838.100,0.474893,0.433679,0.451765,0.415592,5,0.00000000,0,0.138398,0.025360,0.251435,0.811099,0.948094,0.674105,0.491654,0.463222,0.520086,0.005913,0.014578,0.107756,0.040296,0.050000,0,0,0,0,0
teapot_droplets,l500,1950,1878.607,0.471699,0.433676,0.447363,0.419988,5,0.00000000,0,0.131661,0.021572,0.241750,0.819098,0.954925,0.683271,0.489267,0.457014,0.521521,0.005006,0.013924,0.108191,0.039576,0.050000,0,0,0,0,0
teapot_droplets,l500,1975,1884.363,0.470957,0.435816,0.448187,0.423444,5,0.00000000,0,0.130406,0.021572,0.239240,0.820929,0.955004,0.686854,0.491302,0.457855,0.524749,0.005016,0.013945,0.108067,0.039439,0.050000,0,0,0,0,0
teapot_droplets,l500,2000,1923.884,0.471806,0.434509,0.449532,0.419485,5,0.00000000,0,0.131702,0.022730,0.240674,0.818339,0.952890,0.683789,0.490097,0.459750,0.520445,0.005218,0.014045,0.107856,0.039781,0.050000,0,0,0,0,0
teapot_droplets,l500,2025,1929.614,0.469597,0.433825,0.448567,0.419084,5,0.00000000,0,0.128835,0.020941,0.236729,0.821367,0.956273,0.686461,0.488127,0.457961,0.518293,0.004782,0.013646,0.107805,0.039513,0.050000,0,0,0,0,0
teapot_droplets,l500,2050,1969.312,0.471201,0.434667,0.447672,0.421662,5,0.00000000,0,0.130047,0.021572,0.238522,0.820712,0.954955,0.686469,0.489784,0.457329,0.522238,0.004970,0.013832,0.108147,0.039519,0.050000,0,0,0,0,0
teapot_droplets,l500,2075,1975.044,0.470990,0.435397,0.446403,0.424392,5,0.00000000,0,0.129552,0.020941,0.238164,0.822094,0.956071,0.688116,0.490609,0.455751,0.525466,0.004790,0.013838,0.108296,0.039387,0.050000,0,0,0,0,0
teapot_droplets,l500,2100,2014.605,0.470707,0.436060,0.450582,0.421538,5,0.00000000,0,0.133371,0.021046,0.245696,0.818751,0.956255,0.681247,0.492586,0.460065,0.525108,0.004866,0.014344,0.107516,0.039782,0.050000,0,0,0,0,0
teapot_droplets,l500,2125,2020.314,0.469829,0.436498,0.452972,0.420023,5,0.00000000,0,0.134119,0.021467,0.246772,0.817682,0.955662,0.679702,0.493184,0.462696,0.523673,0.004979,0.014359,0.107054,0.039887,0.050000,0,0,0,0,0
teapot_droplets,l500,2150,2060.469,0.468415,0.437070,0.452499,0.421642,5,0.00000000,0,0.134344,0.019047,0.249641,0.819428,0.960333,0.678522,0.494009,0.461118,0.526901,0.004401,0.014430,0.106950,0.039772,0.050000,0,0,0,0,0
teapot_droplets,l500,2175,2066.198,0.470071,0.436537,0.451114,0.421960,5,0.00000000,0,0.134079,0.020309,0.247848,0.818842,0.957740,0.679944,0.493409,0.460276,0.526542,0.004721,0.014429,0.107338,0.039778,0.050000,0,0,0,0,0
teapot_droplets,l500,2200,2106.945,0.467606,0.438274,0.453438,0.423110,5,0.00000000,0,0.133552,0.019257,0.247848,0.820268,0.960000,0.680536,0.495073,0.462170,0.527977,0.004477,0.014362,0.106806,0.039643,0.050000,0,0,0,0,0
teapot_droplets,l500,2225,2112.733,0.467314,0.438134,0.452583,0.423685,5,0.00000000,0,0.133237,0.018626,0.247848,0.820999,0.961167,0.680831,0.494853,0.461012,0.528694,0.004266,0.014373,0.106821,0.039630,0.050000,0,0,0,0,0
teapot_droplets,l500,2250,2152.600,0.467107,0.438331,0.453353,0.423309,5,0.00000000,0,0.132467,0.018520,0.246413,0.821544,0.961437,0.681650,0.494684,0.461749,0.527618,0.004290,0.014326,0.106755,0.039639,0.050000,0,0,0,0,0
teapot_droplets,l500,2275,2158.333,0.467240,0.437883,0.453672,0.422095,5,0.00000000,0,0.134365,0.018731,0.250000,0.819778,0.961050,0.678506,0.494894,0.462170,0.527618,0.004297,0.014427,0.106619,0.039766,0.050000,0,0,0,0,0
teapot_droplets,l500,2300,2197.753,0.467245,0.438213,0.454574,0.421853,5,0.00000000,0,0.134987,0.019257,0.250717,0.818988,0.960096,0.677880,0.495473,0.463327,0.527618,0.004465,0.014430,0.106573,0.039728,0.050000,0,0,0,0,0
teapot_droplets,l500,2325,2203.475,0.466348,0.439778,0.452386,0.427170,5,0.00000000,0,0.131190,0.018836,0.243544,0.823193,0.960737,0.685648,0.496056,0.460907,0.531205,0.004309,0.014182,0.106895,0.039309,0.050000,0,0,0,0,0
teapot_droplets,l500,2350,2242.833,0.466084,0.441074,0.454480,0.427668,5,0.00000000,0,0.133299,0.019468,0.247131,0.821521,0.959677,0.683364,0.498342,0.463327,0.533357,0.004497,0.014371,0.106566,0.039361,0.050000,0,0,0,0,0
teapot_droplets,l500,2375,2248.554,0.468463,0.438267,0.452361,0.424173,5,0.00000000,0,0.133467,0.020520,0.246413,0.819767,0.957442,0.682092,0.495169,0.461644,0.528694,0.004685,0.014333,0.107040,0.039606,0.050000,0,0,0,0,0
teapot_droplets,l500,2400,2288.892,0.466650,0.437564,0.453954,0.421174,5,0.00000000,0,0.133014,0.019257,0.246772,0.820171,0.960044,0.680297,0.493902,0.462696,0.525108,0.004387,0.014194,0.106649,0.039611,0.050000,0,0,0,0,0
teapot_droplets,l500,2425,2294.659,0.466256,0.437147,0.453577,0.420718,5,0.00000000,0,0.128691,0.017784,0.239598,0.824054,0.962906,0.685203,0.491582,0.461644,0.521521,0.004064,0.014079,0.106595,0.039752,0.050000,0,0,0,0,0
teapot_droplets,l500,2450,2336.361,0.466292,0.434336,0.450745,0.417928,5,0.00000000,0,0.124683,0.016942,0.232425,0.826708,0.964357,0.689060,0.486723,0.458382,0.515065,0.003908,0.013591,0.107046,0.039635,0.050000,0,0,0,0,0
teapot_droplets,l500,2475,2342.368,0.467792,0.433230,0.450883,0.415577,5,0.00000000,0,0.126475,0.018731,0.234218,0.823664,0.960819,0.686510,0.486121,0.459329,0.512912,0.004203,0.013710,0.107076,0.039898,0.050000,0,0,0,0,0
teapot_droplets,l500,2500,2383.290,0.467521,0.435707,0.452386,0.419028,5,0.00000000,0,0.129576,0.018836,0.240316,0.822275,0.960737,0.683813,0.490317,0.460907,0.519727,0.004234,0.014095,0.106841,0.039835,0.050000,0,0,0,0,0
teapot_droplets,l500,2525,2389.027,0.464968,0.438906,0.456396,0.421416,5,0.00000000,0,0.132235,0.018415,0.246055,0.821410,0.961890,0.680930,0.494954,0.464801,0.525108,0.004199,0.014377,0.105948,0.039754,0.050000,0,0,0,0,0
teapot_droplets,l500,2550,2431.362,0.465217,0.440311,0.458737,0.421884,5,0.00000000,0,0.134511,0.020099,0.248924,0.818984,0.958818,0.679149,0.497429,0.467957,0.526901,0.004546,0.014483,0.105725,0.039833,0.050000,0,0,0,0,0
teapot_droplets,l500,2575,2437.026,0.464387,0.440408,0.460157,0.420660,5,0.00000000,0,0.134734,0.019468,0.250000,0.818959,0.960155,0.677762,0.497470,0.469115,0.525825,0.004369,0.014553,0.105390,0.039945,0.050000,0,0,0,0,0
teapot_droplets,l500,2600,2477.122,0.462863,0.441839,0.462309,0.421369,5,0.00000000,0,0.135599,0.019047,0.252152,0.818888,0.961142,0.676633,0.499366,0.471114,0.527618,0.004323,0.014630,0.104894,0.039917,0.050000,0,0,0,0,0
teapot_droplets,l500,2625,2482.815,0.463332,0.440675,0.461022,0.420327,5,0.00000000,0,0.134217,0.019152,0.249283,0.819463,0.960835,0.678092,0.497480,0.469852,0.525108,0.004320,0.014544,0.105057,0.039955,0.050000,0,0,0,0,0
teapot_droplets,l500,2650,2523.598,0.463675,0.440686,0.460712,0.420660,5,0.00000000,0,0.134576,0.019152,0.250000,0.819286,0.960810,0.677762,0.497680,0.469536,0.525825,0.004384,0.014499,0.105233,0.039884,0.050000,0,0,0,0,0
teapot_droplets,l500,2675,2529.311,0.464153,0.441570,0.462330,0.420811,5,0.00000000,0,0.135131,0.022414,0.247848,0.817040,0.954729,0.679350,0.498900,0.472693,0.525108,0.005105,0.014371,0.105131,0.039848,0.050000,0,0,0,0,0
teapot_droplets,l500,2700,2571.269,0.464727,0.442285,0.466112,0.418458,5,0.00000000,0,0.138082,0.024729,0.251435,0.813194,0.950775,0.675613,0.500656,0.477639,0.523673,0.005596,0.014665,0.104587,0.040191,0.050000,0,0,0,0,0
teapot_droplets,l500,2725,2577.024,0.463068,0.441268,0.460895,0.421642,5,0.00000000,0,0.134081,0.018520,0.249641,0.820283,0.962044,0.678522,0.498166,0.469431,0.526901,0.004240,0.014500,0.105192,0.039794,0.050000,0,0,0,0,0
teapot_droplets,l500,2750,2616.484,0.461601,0.442140,0.462818,0.421461,5,0.00000000,0,0.132804,0.018836,0.246772,0.821017,0.961588,0.680446,0.498501,0.471535,0.525466,0.004320,0.014307,0.104820,0.039733,0.050000,0,0,0,0,0
teapot_droplets,l500,2775,2622.243,0.463941,0.437917,0.459794,0.416039,5,0.00000000,0,0.129806,0.020730,0.238881,0.820504,0.957698,0.683310,0.492374,0.469325,0.515423,0.004708,0.013840,0.105533,0.039840,0.050000,0,0,0,0,0
teapot_droplets,l500,2800,2662.814,0.463127,0.439671,0.461134,0.418208,5,0.00000000,0,0.130882,0.020730,0.241033,0.820343,0.957816,0.682869,0.494852,0.470693,0.519010,0.004669,0.014031,0.105205,0.039822,0.050000,0,0,0,0,0
teapot_droplets,l500,2825,2668.531,0.463859,0.439654,0.460817,0.418491,5,0.00000000,0,0.132928,0.020520,0.245337,0.819058,0.958190,0.679925,0.495717,0.470273,0.521162,0.004627,0.014206,0.105292,0.039911,0.050000,0,0,0,0,0
teapot_droplets,l500,2850,2710.239,0.462207,0.440077,0.460165,0.419988,5,0.00000000,0,0.130714,0.019678,0.241750,0.821510,0.959750,0.683271,0.495371,0.469220,0.521521,0.004370,0.013957,0.105270,0.039635,0.050000,0,0,0,0,0
teapot_droplets,l500,2875,2716.080,0.460365,0.441931,0.462230,0.421631,5,0.00000000,0,0.129313,0.018310,0.240316,0.823853,0.962556,0.685150,0.496824,0.470693,0.522956,0.004165,0.013984,0.104818,0.039563,0.050000,0,0,0,0,0
teapot_droplets,l500,2900,2756.588,0.461320,0.442702,0.463457,0.421947,5,0.00000000,0,0.133086,0.020836,0.245337,0.819765,0.957818,0.681712,0.499290,0.473114,0.525466,0.004726,0.014100,0.104833,0.039527,0.050000,0,0,0,0,0
teapot_droplets,l500,2925,2762.372,0.458529,0.447757,0.466206,0.429309,5,0.00000000,0,0.135250,0.019783,0.250717,0.820872,0.960051,0.681694,0.506186,0.475429,0.536944,0.004546,0.014387,0.104172,0.039205,0.050000,0,0,0,0,0
teapot_droplets,l500,2950,2802.511,0.456352,0.448136,0.470048,0.426225,5,0.00000000,0,0.131728,0.018836,0.244620,0.823281,0.962156,0.684405,0.504695,0.478901,0.530488,0.004306,0.014283,0.103404,0.039418,0.050000,0,0,0,0,0
teapot_droplets,l500,2975,2808.246,0.454209,0.450082,0.472656,0.427507,5,0.00000000,0,0.134841,0.017889,0.251793,0.822093,0.964150,0.680036,0.508131,0.481111,0.535151,0.004096,0.014470,0.102776,0.039344,0.050000,0,0,0,0,0
teapot_droplets,l500,3000,2848.096,0.453812,0.450576,0.473439,0.427713,5,0.00000000,0,0.135537,0.018205,0.252869,0.821505,0.963610,0.679400,0.508963,0.482058,0.535868,0.004154,0.014554,0.102548,0.039369,0.050000,0,0,0,0,0
