pair,arm,config,step,seconds,loss,mean_iou,view1_iou,view2_iou,patches,overlap,overlap_repaired_pairs,mean_spill,view1_spill,view2_spill,mean_precision,view1_precision,view2_precision,mean_coverage,view1_coverage,view2_coverage,view1_negative_space,view2_negative_space,view1_silhouette,view2_silhouette,lambda_count,total_adds,total_splits,total_deletes,count_active,target_reached
axe_shield,basic,aw0p1875,1,0.869,1.261228,0.192643,0.246120,0.139165,10,0.00000000,0,0.109120,0.127903,0.090338,0.655700,0.684581,0.626819,0.214668,0.277599,0.151737,0.015899,0.023968,0.717529,0.844909,0.000000,0,0,0,0,0
axe_shield,basic,aw0p1875,25,13.951,1.034644,0.309315,0.389094,0.229536,10,0.00000000,0,0.060891,0.064666,0.057116,0.837220,0.864976,0.809463,0.328451,0.414255,0.242646,0.007879,0.014991,0.580695,0.753498,0.000000,0,0,0,0,0
axe_shield,basic,aw0p1875,50,27.455,0.827952,0.444528,0.532263,0.356793,10,0.00000000,0,0.070171,0.090747,0.049595,0.873937,0.864822,0.883053,0.477526,0.580564,0.374488,0.011139,0.012928,0.415183,0.621728,0.000000,0,0,0,0,0
axe_shield,basic,aw0p1875,75,40.548,0.644180,0.563185,0.619154,0.507216,10,0.00000000,0,0.078784,0.115398,0.042170,0.891472,0.856826,0.926117,0.609605,0.690604,0.528605,0.013943,0.010973,0.305556,0.468182,0.000000,0,0,0,0,0
axe_shield,basic,aw0p1875,100,53.864,0.525660,0.639083,0.665045,0.613121,10,0.00009393,0,0.084892,0.138085,0.031699,0.898994,0.845709,0.952279,0.694717,0.756877,0.632556,0.017044,0.008205,0.240677,0.364388,0.000000,0,0,0,0,0
axe_shield,basic,aw0p1875,125,67.107,0.426683,0.704180,0.700251,0.708110,10,0.00028148,0,0.084161,0.140050,0.028272,0.906687,0.850752,0.962623,0.763225,0.798321,0.728129,0.017573,0.007360,0.198533,0.268731,0.000000,0,0,0,0,0
axe_shield,basic,aw0p1875,150,80.201,0.353189,0.752199,0.741790,0.762607,10,0.00030664,0,0.090144,0.147731,0.032556,0.906217,0.852137,0.960297,0.819405,0.851375,0.787435,0.018090,0.008367,0.146052,0.209625,0.000000,0,0,0,0,0
axe_shield,basic,aw0p1875,175,93.751,0.325925,0.769547,0.783203,0.755891,10,0.00052643,2,0.078627,0.123080,0.034174,0.917682,0.877249,0.958115,0.830661,0.879600,0.781723,0.014739,0.008886,0.117131,0.215060,0.000000,0,0,0,0,0
axe_shield,basic,aw0p1875,200,107.163,0.304746,0.782643,0.805241,0.760044,10,0.00041756,2,0.066298,0.104323,0.028272,0.930045,0.895002,0.965088,0.835389,0.889246,0.781533,0.012418,0.007384,0.107021,0.215858,0.000000,0,0,0,0,0
axe_shield,basic,aw0p1875,225,120.254,0.262303,0.811428,0.846066,0.776791,10,0.00050796,3,0.060325,0.091997,0.028653,0.937412,0.909443,0.965382,0.861475,0.923901,0.799048,0.011001,0.007421,0.072821,0.197594,0.000000,0,0,0,0,0
axe_shield,basic,aw0p1875,250,133.675,0.234791,0.829143,0.878238,0.780048,10,0.00048593,2,0.053777,0.082708,0.024845,0.944919,0.919979,0.969858,0.875152,0.950875,0.799429,0.009910,0.006239,0.046154,0.197685,0.000000,0,0,0,0,0
axe_shield,basic,aw0p1875,275,146.968,0.224911,0.835049,0.890690,0.779409,10,0.00030783,2,0.049099,0.080207,0.017991,0.950439,0.923051,0.977827,0.877781,0.962129,0.793432,0.009604,0.004773,0.035731,0.203828,0.000000,0,0,0,0,0
axe_shield,basic,aw0p1875,300,160.206,0.219954,0.838105,0.899818,0.776393,10,0.00026820,2,0.050205,0.076992,0.023417,0.948886,0.926400,0.971372,0.881835,0.969096,0.794574,0.009117,0.005599,0.028289,0.202526,0.000000,0,0,0,0,0
axe_shield,basic,aw0p1875,325,173.703,0.220154,0.838799,0.902172,0.775426,10,0.00019890,2,0.049241,0.077349,0.021133,0.950145,0.926285,0.974005,0.881884,0.971954,0.791813,0.009279,0.005302,0.026617,0.205264,0.000000,0,0,0,0,0
axe_shield,basic,aw0p1875,350,187.003,0.211444,0.844290,0.908594,0.779985,10,0.00018785,2,0.049717,0.078778,0.020657,0.950158,0.925607,0.974709,0.888134,0.980171,0.796097,0.009174,0.005442,0.018819,0.200631,0.000000,0,0,0,0,0
axe_shield,basic,aw0p1875,375,200.166,0.192915,0.856835,0.913296,0.800373,10,0.00034682,2,0.048759,0.077528,0.019990,0.951536,0.926973,0.976098,0.900237,0.984101,0.816373,0.009245,0.005126,0.014338,0.180186,0.000000,0,0,0,0,0
axe_shield,basic,aw0p1875,400,213.643,0.177595,0.868106,0.909825,0.826386,10,0.00036247,2,0.053367,0.083601,0.023132,0.947600,0.921831,0.973370,0.915695,0.985888,0.845502,0.009715,0.006185,0.012531,0.152259,0.000000,0,0,0,0,0
axe_shield,basic,aw0p1875,425,226.993,0.172752,0.871973,0.907808,0.836138,10,0.00024952,2,0.059187,0.088960,0.029415,0.942198,0.917440,0.966955,0.924650,0.988567,0.860733,0.010391,0.007727,0.010419,0.135836,0.000000,0,0,0,0,0
axe_shield,basic,aw0p1875,450,240.086,0.157555,0.882043,0.906347,0.857738,10,0.00029174,2,0.058801,0.089139,0.028463,0.942961,0.917178,0.968743,0.934645,0.987138,0.882151,0.010445,0.007467,0.011545,0.114377,0.000000,0,0,0,0,0
axe_shield,basic,aw0p1875,475,253.450,0.137617,0.894246,0.901174,0.887319,10,0.00035086,2,0.059642,0.095391,0.023893,0.943128,0.911881,0.974375,0.947829,0.987138,0.908520,0.011354,0.006116,0.011360,0.088803,0.000000,0,0,0,0,0
axe_shield,basic,aw0p1875,500,266.833,0.129905,0.898714,0.896580,0.900849,10,0.00030529,2,0.061281,0.102001,0.020562,0.942274,0.906424,0.978124,0.953702,0.988031,0.919372,0.012120,0.005408,0.010729,0.078314,0.000000,0,0,0,0,0
axe_shield,basic,aw0p1875,525,280.090,0.122343,0.903232,0.893631,0.912832,10,0.00040350,2,0.062514,0.105038,0.019990,0.941420,0.903859,0.978981,0.959288,0.987496,0.931080,0.012489,0.005255,0.010814,0.066343,0.000000,0,0,0,0,0
axe_shield,basic,aw0p1875,550,293.391,0.130790,0.896555,0.877302,0.915809,10,0.00027520,2,0.071506,0.125402,0.017611,0.934377,0.887301,0.981454,0.959627,0.987317,0.931937,0.015322,0.004642,0.011579,0.065749,0.000000,0,0,0,0,0
axe_shield,basic,aw0p1875,575,306.722,0.128827,0.896741,0.879535,0.913947,10,0.00023195,2,0.071791,0.122544,0.021038,0.933770,0.889586,0.977953,0.960246,0.987317,0.933175,0.014803,0.005135,0.010579,0.064173,0.000000,0,0,0,0,0
axe_shield,basic,aw0p1875,600,319.625,0.118066,0.906556,0.892702,0.920411,10,0.00027977,2,0.063914,0.108789,0.019039,0.940541,0.900976,0.980105,0.963876,0.989818,0.937934,0.013414,0.004803,0.009050,0.059681,0.000000,0,0,0,0,0
axe_shield,basic,aw0p1875,625,332.838,0.123477,0.900882,0.878091,0.923673,10,0.00015566,1,0.072887,0.126831,0.018943,0.933326,0.886382,0.980270,0.965316,0.989461,0.941171,0.015418,0.004861,0.008982,0.056496,0.000000,0,0,0,0,0
axe_shield,basic,aw0p1875,650,346.062,0.109336,0.912092,0.895547,0.928638,10,0.00014993,2,0.060437,0.103073,0.017801,0.943516,0.905518,0.981514,0.966511,0.987853,0.945169,0.012388,0.004694,0.010189,0.052439,0.000000,0,0,0,0,0
axe_shield,basic,aw0p1875,675,359.084,0.107080,0.913427,0.894456,0.932398,10,0.00007235,2,0.061651,0.105216,0.018087,0.942554,0.903805,0.981303,0.968915,0.988567,0.949262,0.012622,0.004880,0.009714,0.047575,0.000000,0,0,0,0,0
axe_shield,basic,aw0p1875,700,372.162,0.103380,0.918100,0.906481,0.929720,10,0.00014776,1,0.053672,0.088782,0.018563,0.949122,0.917469,0.980775,0.966969,0.986960,0.946978,0.010883,0.004920,0.010536,0.050532,0.000000,0,0,0,0,0
axe_shield,basic,aw0p1875,725,385.125,0.104821,0.916049,0.901874,0.930224,10,0.00017911,0,0.058197,0.095927,0.020466,0.945213,0.911532,0.978895,0.968825,0.988389,0.949262,0.011459,0.005202,0.009967,0.048523,0.000000,0,0,0,0,0
axe_shield,basic,aw0p1875,750,397.936,0.110539,0.912047,0.895477,0.928618,10,0.00008291,1,0.063633,0.105752,0.021514,0.940664,0.903504,0.977824,0.969385,0.990175,0.948596,0.012505,0.005761,0.009052,0.049020,0.000000,0,0,0,0,0
axe_shield,basic,aw0p1875,775,410.715,0.119115,0.906505,0.890839,0.922172,10,0.00004740,2,0.068459,0.109503,0.027416,0.936069,0.900260,0.971878,0.967921,0.988389,0.947454,0.013140,0.007001,0.009978,0.050199,0.000000,0,0,0,0,0
axe_shield,basic,aw0p1875,800,423.470,0.114803,0.910481,0.893260,0.927702,10,0.00003590,1,0.066133,0.107896,0.024369,0.938345,0.901693,0.974998,0.969974,0.989639,0.950309,0.012954,0.006563,0.009466,0.047984,0.000000,0,0,0,0,0
axe_shield,basic,aw0p1875,825,436.293,0.112206,0.911456,0.894380,0.928532,10,0.00002901,2,0.064525,0.106109,0.022941,0.939774,0.903131,0.976416,0.969558,0.989282,0.949833,0.012774,0.006038,0.009395,0.048166,0.000000,0,0,0,0,0
axe_shield,basic,aw0p1875,850,449.411,0.111243,0.911308,0.892236,0.930380,10,0.00002738,2,0.065859,0.108967,0.022751,0.938723,0.900797,0.976649,0.970504,0.989461,0.951547,0.013036,0.005854,0.009178,0.046612,0.000000,0,0,0,0,0
axe_shield,basic,aw0p1875,875,462.257,0.114437,0.910023,0.891661,0.928385,10,0.00010831,2,0.066597,0.109682,0.023513,0.938032,0.900211,0.975853,0.969837,0.989461,0.950214,0.013298,0.006259,0.009378,0.047268,0.000000,0,0,0,0,0
axe_shield,basic,aw0p1875,900,475.086,0.112505,0.910856,0.893473,0.928239,10,0.00001645,2,0.064925,0.108432,0.021418,0.939613,0.901317,0.977909,0.969237,0.990354,0.948120,0.013064,0.005761,0.008444,0.049484,0.000000,0,0,0,0,0
axe_shield,basic,aw0p1875,925,487.844,0.113336,0.910657,0.896847,0.924467,10,0.00001299,2,0.063472,0.104859,0.022085,0.940732,0.904304,0.977161,0.967886,0.990890,0.944883,0.012591,0.005916,0.008110,0.052684,0.000000,0,0,0,0,0
axe_shield,basic,aw0p1875,950,500.518,0.114023,0.910603,0.896926,0.924281,10,0.00000949,2,0.063025,0.103966,0.022085,0.941068,0.904980,0.977156,0.967434,0.990175,0.944693,0.012627,0.005841,0.009034,0.052938,0.000000,0,0,0,0,0
axe_shield,basic,aw0p1875,975,513.673,0.113741,0.909975,0.898234,0.921716,10,0.00001071,1,0.062507,0.102358,0.022656,0.941420,0.906311,0.976529,0.966387,0.990175,0.942599,0.012209,0.006041,0.008008,0.054729,0.000000,0,0,0,0,0
axe_shield,basic,aw0p1875,1000,526.688,0.112235,0.912628,0.905602,0.919654,10,0.00000957,1,0.058124,0.093783,0.022465,0.945088,0.913509,0.976666,0.965423,0.990532,0.940314,0.011360,0.005955,0.008418,0.057184,0.000000,0,0,0,0,0
axe_shield,basic,aw0p1875,1025,539.481,0.113528,0.911304,0.904606,0.918001,10,0.00005743,0,0.058178,0.093605,0.022751,0.944951,0.913560,0.976341,0.964084,0.989282,0.938886,0.011322,0.006017,0.009086,0.058166,0.000000,0,0,0,0,0
axe_shield,basic,aw0p1875,1050,552.060,0.111713,0.912554,0.905975,0.919133,10,0.00004602,0,0.058630,0.094319,0.022941,0.944655,0.913129,0.976181,0.965822,0.991426,0.940219,0.011370,0.006025,0.007154,0.057255,0.000000,0,0,0,0,0
axe_shield,basic,aw0p1875,1075,564.600,0.112180,0.913016,0.907186,0.918846,10,0.00004354,0,0.057064,0.091283,0.022846,0.945924,0.915579,0.976268,0.964917,0.989996,0.939838,0.011151,0.005981,0.008702,0.057766,0.000000,0,0,0,0,0
axe_shield,basic,aw0p1875,1100,577.224,0.111910,0.912095,0.905485,0.918705,10,0.00002355,0,0.058868,0.094319,0.023417,0.944393,0.913086,0.975699,0.965554,0.990890,0.940219,0.011400,0.006082,0.007006,0.057232,0.000000,0,0,0,0,0
axe_shield,basic,aw0p1875,1125,590.301,0.111506,0.912942,0.906643,0.919241,10,0.00001110,1,0.058815,0.094498,0.023132,0.944523,0.913051,0.975995,0.966412,0.992319,0.940505,0.011434,0.006232,0.005750,0.056954,0.000000,0,0,0,0,0
axe_shield,basic,aw0p1875,1150,603.131,0.113909,0.911096,0.903899,0.918293,10,0.00005476,0,0.059470,0.094855,0.024084,0.943782,0.912535,0.975030,0.965024,0.989639,0.940409,0.011434,0.006395,0.007779,0.057396,0.000000,0,0,0,0,0
axe_shield,basic,aw0p1875,1175,616.306,0.122522,0.906583,0.901156,0.912010,10,0.00002065,1,0.062921,0.096999,0.028843,0.940412,0.910647,0.970177,0.963441,0.988567,0.938315,0.011667,0.007779,0.008965,0.059742,0.000000,0,0,0,0,0
axe_shield,basic,aw0p1875,1200,629.436,0.137045,0.897735,0.890136,0.905334,10,0.00001961,1,0.076267,0.113791,0.038743,0.928737,0.897042,0.960432,0.965917,0.991426,0.940409,0.013600,0.010500,0.006889,0.057439,0.000000,0,0,0,0,0
axe_shield,basic,aw0p1875,1225,642.437,0.134471,0.903096,0.903577,0.902615,10,0.00003734,1,0.071769,0.098607,0.044931,0.932085,0.909642,0.954528,0.967923,0.992676,0.943170,0.011956,0.012020,0.006178,0.055167,0.000000,0,0,0,0,0
axe_shield,basic,aw0p1875,1250,655.639,0.143489,0.898253,0.903089,0.893417,10,0.00003840,1,0.074910,0.098607,0.051214,0.928943,0.909597,0.948289,0.965656,0.992140,0.939172,0.011931,0.013760,0.006455,0.058435,0.000000,0,0,0,0,0
axe_shield,basic,aw0p1875,1275,668.712,0.144840,0.897913,0.900713,0.895113,10,0.00009691,1,0.077387,0.102894,0.051880,0.926960,0.906143,0.947777,0.967471,0.993390,0.941552,0.012558,0.013981,0.006188,0.056024,0.000000,0,0,0,0,0
axe_shield,basic,aw0p1875,1300,681.690,0.137494,0.902663,0.907413,0.897913,10,0.00016357,1,0.071493,0.093962,0.049024,0.932029,0.913530,0.950528,0.967304,0.992676,0.941932,0.011356,0.013098,0.006681,0.056245,0.000000,0,0,0,0,0
axe_shield,basic,aw0p1875,1325,694.787,0.135805,0.904172,0.909835,0.898510,10,0.00011238,1,0.069666,0.091640,0.047692,0.933654,0.915528,0.951781,0.967287,0.993212,0.941361,0.011129,0.012849,0.006393,0.056746,0.000000,0,0,0,0,0
axe_shield,basic,aw0p1875,1350,707.695,0.140537,0.900688,0.906658,0.894718,10,0.00008680,1,0.072660,0.094677,0.050643,0.930898,0.912915,0.948881,0.966263,0.992497,0.940029,0.011520,0.013618,0.005822,0.057817,0.000000,0,0,0,0,0
axe_shield,basic,aw0p1875,1375,720.735,0.134645,0.905071,0.909688,0.900454,10,0.00024500,0,0.068456,0.087889,0.049024,0.934548,0.918435,0.950661,0.967118,0.989639,0.944598,0.010663,0.013254,0.008417,0.053287,0.000000,0,0,0,0,0
axe_shield,basic,aw0p1875,1400,733.843,0.136679,0.905228,0.915223,0.895233,10,0.00011712,1,0.066711,0.083065,0.050357,0.935925,0.922680,0.949169,0.965781,0.991247,0.940314,0.010218,0.013603,0.007439,0.057765,0.000000,0,0,0,0,0
axe_shield,basic,aw0p1875,1425,746.854,0.134350,0.905972,0.911745,0.900199,10,0.00018569,1,0.067003,0.082887,0.051119,0.935648,0.922550,0.948745,0.966766,0.987317,0.946216,0.010073,0.013724,0.010342,0.051644,0.000000,0,0,0,0,0
axe_shield,basic,aw0p1875,1450,759.819,0.128652,0.909755,0.912800,0.906709,10,0.00000000,0,0.067861,0.085745,0.049976,0.935248,0.920372,0.950124,0.971546,0.991068,0.952023,0.010383,0.013453,0.007961,0.045977,0.000000,0,0,0,0,0
axe_shield,basic,aw0p1875,1475,772.843,0.120246,0.915629,0.914417,0.916840,10,0.00000000,0,0.067539,0.085388,0.049691,0.935843,0.920782,0.950903,0.977448,0.992497,0.962399,0.010367,0.013465,0.006643,0.035491,0.000000,0,0,0,0,0
axe_shield,basic,aw0p1875,1500,785.841,0.118587,0.916422,0.908972,0.923872,10,0.00000000,0,0.071713,0.093069,0.050357,0.932509,0.914351,0.950667,0.981982,0.993569,0.970395,0.011447,0.013453,0.006291,0.027809,0.000000,0,0,0,0,0
axe_tree,basic,aw0p1875,1,0.832,1.321621,0.164437,0.168419,0.160455,10,0.00000000,0,0.143366,0.188996,0.097736,0.578796,0.514456,0.643136,0.188194,0.200250,0.176138,0.023715,0.022491,0.794554,0.819072,0.000000,0,0,0,0,0
axe_tree,basic,aw0p1875,25,13.552,1.089191,0.273499,0.263603,0.283395,10,0.00000000,0,0.082719,0.119507,0.045930,0.788798,0.711762,0.865835,0.295758,0.295105,0.296411,0.014736,0.010473,0.700184,0.698305,0.000000,0,0,0,0,0
axe_tree,basic,aw0p1875,50,25.995,0.906603,0.386761,0.370174,0.403347,10,0.00017470,2,0.072128,0.110397,0.033860,0.856591,0.788284,0.924899,0.414022,0.411040,0.417005,0.013514,0.007630,0.584516,0.578505,0.000000,0,0,0,0,0
axe_tree,basic,aw0p1875,75,38.737,0.737950,0.496560,0.470298,0.522822,10,0.00203411,1,0.073323,0.121651,0.024995,0.884020,0.812603,0.955437,0.531700,0.527510,0.535890,0.014868,0.005462,0.468591,0.459575,0.000000,0,0,0,0,0
axe_tree,basic,aw0p1875,100,51.627,0.578356,0.602568,0.592587,0.612549,10,0.00002014,1,0.079671,0.127724,0.031617,0.895946,0.839542,0.952350,0.650095,0.668274,0.631916,0.015618,0.007127,0.328289,0.364368,0.000000,0,0,0,0,0
axe_tree,basic,aw0p1875,125,64.172,0.484978,0.664840,0.654844,0.674837,10,0.00003779,0,0.088029,0.143265,0.032792,0.897220,0.839375,0.955064,0.722813,0.748660,0.696966,0.017851,0.007561,0.248509,0.298483,0.000000,0,0,0,0,0
axe_tree,basic,aw0p1875,150,76.763,0.418108,0.708575,0.698557,0.718592,10,0.00000057,1,0.086847,0.138978,0.034715,0.903347,0.851300,0.955394,0.769590,0.795641,0.743538,0.017226,0.007902,0.202225,0.252206,0.000000,0,0,0,0,0
axe_tree,basic,aw0p1875,175,89.455,0.337800,0.760385,0.761702,0.759068,10,0.00000203,0,0.084986,0.133441,0.036531,0.910880,0.866129,0.955631,0.825071,0.863344,0.786798,0.016378,0.008234,0.134689,0.209466,0.000000,0,0,0,0,0
axe_tree,basic,aw0p1875,200,102.198,0.300915,0.784333,0.787021,0.781645,10,0.00000359,1,0.101074,0.161665,0.040483,0.901163,0.849743,0.952584,0.863771,0.914255,0.813288,0.020110,0.009146,0.084196,0.183281,0.000000,0,0,0,0,0
axe_tree,basic,aw0p1875,225,115.269,0.286136,0.795106,0.809488,0.780724,10,0.00001899,0,0.111101,0.174884,0.047319,0.894986,0.844677,0.945295,0.884361,0.951054,0.817667,0.021888,0.010944,0.048305,0.179281,0.000000,0,0,0,0,0
axe_tree,basic,aw0p1875,250,128.159,0.285041,0.793290,0.806877,0.779703,10,0.00002953,0,0.110664,0.179350,0.041978,0.896142,0.841415,0.950869,0.882012,0.951590,0.812433,0.022389,0.009531,0.046869,0.184028,0.000000,0,0,0,0,0
axe_tree,basic,aw0p1875,275,141.271,0.285860,0.792399,0.803696,0.781103,10,0.00000363,1,0.110824,0.179350,0.042299,0.895749,0.840887,0.950611,0.880990,0.947839,0.814142,0.022411,0.009583,0.049978,0.181704,0.000000,0,0,0,0,0
axe_tree,basic,aw0p1875,300,154.353,0.283117,0.794661,0.796249,0.793072,10,0.00000643,0,0.122770,0.200250,0.045289,0.887482,0.826766,0.948198,0.892344,0.955698,0.828990,0.024766,0.010428,0.043727,0.167022,0.000000,0,0,0,0,0
axe_tree,basic,aw0p1875,325,167.434,0.281884,0.794670,0.788402,0.800938,10,0.00000896,0,0.133663,0.219900,0.047426,0.880200,0.813908,0.946493,0.900348,0.961772,0.838923,0.027094,0.010814,0.037749,0.156793,0.000000,0,0,0,0,0
axe_tree,basic,aw0p1875,350,180.629,0.279936,0.796093,0.786723,0.805462,10,0.00016536,0,0.137609,0.227045,0.048173,0.877804,0.809588,0.946020,0.904804,0.965345,0.844264,0.028247,0.010942,0.033487,0.151323,0.000000,0,0,0,0,0
axe_tree,basic,aw0p1875,375,193.146,0.272129,0.803141,0.786921,0.819360,10,0.00016021,0,0.140706,0.226509,0.054903,0.875099,0.809924,0.940274,0.914756,0.965166,0.864345,0.028343,0.012494,0.033302,0.131740,0.000000,0,0,0,0,0
axe_tree,basic,aw0p1875,400,205.255,0.261729,0.812527,0.787712,0.837342,10,0.00000546,0,0.149280,0.232762,0.065798,0.868991,0.806648,0.931334,0.931749,0.971061,0.892438,0.029166,0.015087,0.028127,0.104211,0.000000,0,0,0,0,0
axe_tree,basic,aw0p1875,425,216.880,0.281338,0.802685,0.783655,0.821714,10,0.00000269,1,0.161290,0.239371,0.083209,0.858390,0.802272,0.914508,0.930664,0.971240,0.890088,0.030009,0.019290,0.027432,0.105595,0.000000,0,0,0,0,0
axe_tree,basic,aw0p1875,450,228.131,0.305817,0.790195,0.770112,0.810278,10,0.00000645,0,0.181519,0.263487,0.099551,0.843202,0.786911,0.899493,0.931984,0.973026,0.890942,0.033177,0.023056,0.025227,0.105269,0.000000,0,0,0,0,0
axe_tree,basic,aw0p1875,475,239.533,0.346116,0.770814,0.753671,0.787956,10,0.00000628,0,0.209638,0.289389,0.129887,0.821611,0.770538,0.872683,0.931038,0.971776,0.890301,0.036142,0.030107,0.027147,0.106647,0.000000,0,0,0,0,0
axe_tree,basic,aw0p1875,500,250.982,0.364305,0.762024,0.747312,0.776736,10,0.00000496,1,0.217713,0.295820,0.139607,0.814886,0.766003,0.863769,0.926778,0.968382,0.885174,0.037189,0.032363,0.030314,0.111468,0.000000,0,0,0,0,0
axe_tree,basic,aw0p1875,525,262.570,0.308136,0.783806,0.746927,0.820685,10,0.00000399,1,0.172947,0.279028,0.066866,0.851500,0.773951,0.929049,0.915451,0.955341,0.875561,0.035106,0.015385,0.043533,0.120855,0.000000,0,0,0,0,0
axe_tree,basic,aw0p1875,550,274.408,0.235942,0.827454,0.811383,0.843525,10,0.00000503,0,0.121416,0.189532,0.053301,0.889632,0.835860,0.943405,0.926826,0.965166,0.888485,0.023585,0.012083,0.033672,0.108158,0.000000,0,0,0,0,0
axe_tree,basic,aw0p1875,575,285.772,0.221962,0.836583,0.825902,0.847265,10,0.00000067,0,0.112114,0.173812,0.050417,0.897178,0.847969,0.946388,0.929717,0.969453,0.889981,0.021533,0.011445,0.029464,0.107043,0.000000,0,0,0,0,0
axe_tree,basic,aw0p1875,600,297.366,0.212596,0.844393,0.837216,0.851570,10,0.00000019,0,0.105998,0.157735,0.054262,0.901523,0.860041,0.943005,0.933526,0.969275,0.897778,0.019704,0.012405,0.029047,0.098915,0.000000,0,0,0,0,0
axe_tree,basic,aw0p1875,625,308.767,0.201745,0.851348,0.840595,0.862101,10,0.00000614,0,0.100790,0.152019,0.049562,0.906193,0.864318,0.948069,0.936605,0.968382,0.904828,0.018831,0.011371,0.030997,0.091856,0.000000,0,0,0,0,0
axe_tree,basic,aw0p1875,650,320.474,0.193077,0.857419,0.842359,0.872479,10,0.00000478,0,0.098309,0.147910,0.048708,0.908393,0.867329,0.949457,0.940964,0.966952,0.914975,0.018313,0.011239,0.032252,0.081871,0.000000,0,0,0,0,0
axe_tree,basic,aw0p1875,675,331.837,0.189611,0.860465,0.842154,0.878776,10,0.00000191,0,0.098931,0.147553,0.050310,0.907927,0.867543,0.948310,0.944702,0.966417,0.922987,0.018415,0.011599,0.032584,0.074199,0.000000,0,0,0,0,0
axe_tree,basic,aw0p1875,700,343.370,0.184940,0.863116,0.843867,0.882365,10,0.00000088,0,0.100427,0.147553,0.053301,0.906769,0.867777,0.945761,0.948888,0.968382,0.929395,0.018386,0.012039,0.030460,0.067561,0.000000,0,0,0,0,0
axe_tree,basic,aw0p1875,725,354.992,0.182542,0.864882,0.843428,0.886336,10,0.00000006,0,0.097484,0.144337,0.050630,0.909171,0.869908,0.948433,0.948189,0.965166,0.931211,0.017871,0.011581,0.033893,0.065937,0.000000,0,0,0,0,0
axe_tree,basic,aw0p1875,750,366.737,0.179569,0.867176,0.848622,0.885729,10,0.00000000,0,0.096357,0.141122,0.051592,0.910162,0.872806,0.947517,0.949903,0.968382,0.931425,0.017529,0.011789,0.030663,0.065704,0.000000,0,0,0,0,0
axe_tree,basic,aw0p1875,775,378.602,0.176250,0.868920,0.850573,0.887268,10,0.00000000,0,0.092542,0.138085,0.046999,0.913503,0.875161,0.951844,0.948496,0.968024,0.928968,0.017169,0.010882,0.030459,0.067992,0.000000,0,0,0,0,0
axe_tree,basic,aw0p1875,800,390.733,0.171569,0.872313,0.856962,0.887663,10,0.00000000,0,0.088703,0.131476,0.045930,0.916729,0.880597,0.952861,0.949033,0.969632,0.928434,0.016455,0.010469,0.029213,0.068662,0.000000,0,0,0,0,0
axe_tree,basic,aw0p1875,825,402.781,0.167743,0.874220,0.857552,0.890889,10,0.00000000,0,0.081141,0.123616,0.038667,0.923093,0.886296,0.959889,0.944447,0.963558,0.925336,0.015409,0.008817,0.035118,0.071761,0.000000,0,0,0,0,0
axe_tree,basic,aw0p1875,850,414.910,0.164174,0.877628,0.874597,0.880658,10,0.00000389,0,0.076825,0.108253,0.045396,0.926272,0.899536,0.953008,0.944956,0.969275,0.920637,0.013228,0.010361,0.029527,0.075721,0.000000,0,0,0,0,0
axe_tree,basic,aw0p1875,875,427.093,0.162415,0.880426,0.878013,0.882839,10,0.00001051,0,0.075838,0.104144,0.047533,0.927055,0.902995,0.951115,0.947128,0.969453,0.924802,0.012931,0.011044,0.028802,0.071908,0.000000,0,0,0,0,0
axe_tree,basic,aw0p1875,900,439.210,0.159308,0.881162,0.878092,0.884231,10,0.00000817,0,0.076036,0.104859,0.047212,0.926973,0.902459,0.951487,0.948073,0.970168,0.925977,0.012847,0.010621,0.028336,0.070705,0.000000,0,0,0,0,0
axe_tree,basic,aw0p1875,925,451.331,0.161424,0.880946,0.882010,0.879882,10,0.00000168,0,0.076191,0.102179,0.050203,0.926680,0.904889,0.948471,0.948094,0.972133,0.924055,0.012645,0.011511,0.026160,0.072197,0.000000,0,0,0,0,0
axe_tree,basic,aw0p1875,950,463.407,0.158777,0.881987,0.879559,0.884415,10,0.00000263,0,0.073592,0.102001,0.045183,0.929092,0.904786,0.953399,0.946825,0.969275,0.924375,0.012569,0.010335,0.029336,0.071966,0.000000,0,0,0,0,0
axe_tree,basic,aw0p1875,975,475.490,0.158848,0.881634,0.873890,0.889378,10,0.00000123,0,0.074560,0.106288,0.042833,0.928403,0.900949,0.955856,0.947123,0.966774,0.927473,0.013124,0.009880,0.031993,0.068882,0.000000,0,0,0,0,0
axe_tree,basic,aw0p1875,1000,487.577,0.157564,0.881488,0.872213,0.890763,10,0.00000071,0,0.072103,0.105752,0.038453,0.930637,0.901185,0.960089,0.944734,0.964452,0.925016,0.013057,0.008779,0.033747,0.071555,0.000000,0,0,0,0,0
axe_tree,basic,aw0p1875,1025,499.661,0.156913,0.882397,0.874960,0.889835,10,0.00000235,0,0.072116,0.102894,0.041337,0.930470,0.903647,0.957294,0.945803,0.964987,0.926618,0.012699,0.009388,0.033140,0.069900,0.000000,0,0,0,0,0
axe_tree,basic,aw0p1875,1050,511.726,0.157661,0.882306,0.877250,0.887363,10,0.00000000,0,0.071918,0.101643,0.042192,0.930601,0.904834,0.956368,0.945609,0.966417,0.924802,0.012575,0.009695,0.031566,0.071552,0.000000,0,0,0,0,0
axe_tree,basic,aw0p1875,1075,523.773,0.159453,0.881479,0.878758,0.884199,10,0.00000488,0,0.072109,0.099143,0.045076,0.930199,0.906910,0.953488,0.944968,0.965881,0.924055,0.012286,0.010354,0.031514,0.072151,0.000000,0,0,0,0,0
axe_tree,basic,aw0p1875,1100,535.858,0.159765,0.881264,0.875609,0.886918,10,0.00000423,0,0.070954,0.100036,0.041871,0.931283,0.905914,0.956652,0.943628,0.963201,0.924055,0.012369,0.009560,0.035640,0.072253,0.000000,0,0,0,0,0
axe_tree,basic,aw0p1875,1125,547.933,0.157271,0.882501,0.874331,0.890670,10,0.00000386,0,0.070582,0.101643,0.039521,0.931804,0.904546,0.959062,0.944536,0.963201,0.925871,0.012543,0.009061,0.035357,0.070762,0.000000,0,0,0,0,0
axe_tree,basic,aw0p1875,1150,560.012,0.159367,0.881233,0.871683,0.890782,10,0.00001279,0,0.072278,0.103966,0.040590,0.930272,0.902496,0.958048,0.944623,0.962308,0.926939,0.012824,0.009426,0.036081,0.069537,0.000000,0,0,0,0,0
axe_tree,basic,aw0p1875,1175,572.188,0.160628,0.880348,0.872874,0.887822,10,0.00000397,0,0.074288,0.103073,0.045503,0.928285,0.903301,0.953269,0.945532,0.962844,0.928220,0.012632,0.010377,0.035232,0.068117,0.000000,0,0,0,0,0
axe_tree,basic,aw0p1875,1200,584.533,0.158399,0.882195,0.875831,0.888559,10,0.00000041,0,0.072897,0.102001,0.043794,0.929665,0.904419,0.954910,0.946319,0.965166,0.927473,0.012534,0.010087,0.033334,0.068952,0.000000,0,0,0,0,0
axe_tree,basic,aw0p1875,1225,596.813,0.161532,0.880233,0.875365,0.885102,10,0.00000035,0,0.074482,0.102179,0.046785,0.928084,0.904236,0.951932,0.945660,0.964809,0.926511,0.012623,0.010689,0.033233,0.069777,0.000000,0,0,0,0,0
axe_tree,basic,aw0p1875,1250,608.783,0.161783,0.880034,0.877498,0.882569,10,0.00000003,0,0.072768,0.099500,0.046037,0.929507,0.906512,0.952502,0.944005,0.964809,0.923200,0.012211,0.010616,0.033292,0.072658,0.000000,0,0,0,0,0
axe_tree,basic,aw0p1875,1275,621.161,0.160723,0.881052,0.878291,0.883814,10,0.00000002,0,0.072305,0.099321,0.045289,0.929997,0.906727,0.953268,0.944682,0.965523,0.923841,0.012329,0.010435,0.032848,0.071950,0.000000,0,0,0,0,0
axe_tree,basic,aw0p1875,1300,633.404,0.161363,0.879163,0.872392,0.885934,10,0.00000003,0,0.074308,0.104502,0.044115,0.928319,0.902158,0.954480,0.944287,0.963558,0.925016,0.012621,0.010128,0.034491,0.071287,0.000000,0,0,0,0,0
axe_tree,basic,aw0p1875,1325,645.602,0.161175,0.880448,0.877070,0.883825,10,0.00000000,0,0.072716,0.100036,0.045396,0.929612,0.906056,0.953168,0.944378,0.964809,0.923948,0.012373,0.010364,0.032891,0.072681,0.000000,0,0,0,0,0
axe_tree,basic,aw0p1875,1350,657.851,0.159576,0.881285,0.875871,0.886698,10,0.00000258,0,0.073931,0.102358,0.045503,0.928681,0.904149,0.953213,0.946284,0.965523,0.927046,0.012678,0.010351,0.032369,0.069393,0.000000,0,0,0,0,0
axe_tree,basic,aw0p1875,1375,670.099,0.157678,0.882983,0.880313,0.885653,10,0.00000043,0,0.071144,0.096999,0.045289,0.931042,0.908724,0.953360,0.945733,0.965702,0.925764,0.011984,0.010364,0.032488,0.070239,0.000000,0,0,0,0,0
axe_tree,basic,aw0p1875,1400,682.319,0.157036,0.883030,0.879182,0.886879,10,0.00000032,0,0.072663,0.100036,0.045289,0.929841,0.906260,0.953422,0.947088,0.967131,0.927046,0.012334,0.010198,0.031612,0.069230,0.000000,0,0,0,0,0
axe_tree,basic,aw0p1875,1425,694.719,0.156363,0.883297,0.880182,0.886412,10,0.00000063,0,0.071770,0.098785,0.044755,0.930612,0.907324,0.953900,0.946608,0.967131,0.926084,0.012124,0.010071,0.031846,0.069848,0.000000,0,0,0,0,0
axe_tree,basic,aw0p1875,1450,707.186,0.157678,0.883512,0.881138,0.885886,10,0.00000030,0,0.073016,0.098607,0.047426,0.929464,0.907553,0.951374,0.947962,0.968024,0.927900,0.012164,0.010833,0.030894,0.068376,0.000000,0,0,0,0,0
axe_tree,basic,aw0p1875,1475,719.548,0.156510,0.883339,0.878901,0.887776,10,0.00000060,0,0.072020,0.098964,0.045076,0.930365,0.907063,0.953667,0.946837,0.965881,0.927793,0.012102,0.010317,0.032838,0.067863,0.000000,0,0,0,0,0
axe_tree,basic,aw0p1875,1500,731.847,0.156338,0.883522,0.878473,0.888571,10,0.00000003,0,0.071700,0.099500,0.043901,0.930708,0.906606,0.954810,0.946730,0.965881,0.927580,0.012150,0.010129,0.032766,0.068444,0.000000,0,0,0,0,0
axe_tree,basic,aw0p1875,1525,744.140,0.155361,0.884148,0.878862,0.889435,10,0.00000018,0,0.070987,0.098607,0.043367,0.931346,0.907336,0.955355,0.946765,0.965523,0.928007,0.012188,0.009972,0.032472,0.067996,0.000000,0,0,0,0,0
axe_tree,basic,aw0p1875,1550,756.497,0.155674,0.884227,0.879792,0.888662,10,0.00000008,0,0.072217,0.099678,0.044755,0.930303,0.906595,0.954012,0.947961,0.967488,0.928434,0.012193,0.010356,0.031075,0.067763,0.000000,0,0,0,0,0
axe_tree,basic,aw0p1875,1575,768.865,0.155768,0.884366,0.880410,0.888321,10,0.00000067,0,0.071644,0.097892,0.045396,0.930716,0.908038,0.953394,0.947621,0.966595,0.928648,0.012063,0.010463,0.031554,0.067538,0.000000,0,0,0,0,0
axe_tree,basic,aw0p1875,1600,781.225,0.156865,0.882975,0.878719,0.887232,10,0.00000013,0,0.072251,0.098785,0.045717,0.930111,0.907184,0.953039,0.946658,0.965523,0.927793,0.012164,0.010367,0.032245,0.068360,0.000000,0,0,0,0,0
axe_tree,basic,aw0p1875,1625,793.679,0.157256,0.883452,0.880306,0.886598,10,0.00000081,0,0.072446,0.098428,0.046464,0.929960,0.907612,0.952308,0.947373,0.966952,0.927793,0.012112,0.010680,0.031506,0.068261,0.000000,0,0,0,0,0
axe_tree,basic,aw0p1875,1650,806.057,0.157394,0.882904,0.877783,0.888025,10,0.00000046,0,0.071842,0.099143,0.044542,0.930499,0.906817,0.954181,0.946194,0.964809,0.927580,0.012100,0.010230,0.033433,0.068989,0.000000,0,0,0,0,0
axe_tree,basic,aw0p1875,1675,818.422,0.156585,0.883316,0.879434,0.887197,10,0.00000021,0,0.071644,0.097892,0.045396,0.930642,0.907946,0.953338,0.946498,0.965523,0.927473,0.011979,0.010393,0.032649,0.068416,0.000000,0,0,0,0,0
axe_tree,basic,aw0p1875,1700,830.803,0.156939,0.883793,0.883437,0.884149,10,0.00000000,0,0.072495,0.095748,0.049242,0.929794,0.909992,0.949595,0.947855,0.968024,0.927686,0.011667,0.011225,0.030304,0.068484,0.000000,0,0,0,0,0
axe_tree,basic,aw0p1875,1725,843.195,0.154572,0.885062,0.883140,0.886983,10,0.00000000,0,0.070374,0.094498,0.046251,0.931735,0.910943,0.952527,0.947301,0.966595,0.928007,0.011531,0.010551,0.031825,0.067952,0.000000,0,0,0,0,0
axe_tree,basic,aw0p1875,1750,855.570,0.154031,0.885367,0.882209,0.888525,10,0.00000075,0,0.068931,0.093426,0.044435,0.933003,0.911700,0.954306,0.946319,0.964630,0.928007,0.011336,0.010194,0.033858,0.068099,0.000000,0,0,0,0,0
axe_tree,basic,aw0p1875,1775,867.938,0.152039,0.886465,0.880952,0.891978,10,0.00000043,0,0.070287,0.095391,0.045183,0.931908,0.910040,0.953776,0.948633,0.964987,0.932279,0.011609,0.010349,0.033214,0.063658,0.000000,0,0,0,0,0
axe_tree,basic,aw0p1875,1800,880.322,0.152199,0.886257,0.878611,0.893902,10,0.00000259,0,0.072379,0.100750,0.044008,0.930311,0.905654,0.954968,0.950186,0.967131,0.933241,0.012310,0.010135,0.031699,0.062794,0.000000,0,0,0,0,0
axe_tree,basic,aw0p1875,1825,892.714,0.151775,0.886512,0.878148,0.894877,10,0.00000000,0,0.071006,0.099500,0.042512,0.931496,0.906575,0.956417,0.949222,0.965523,0.932920,0.012105,0.009796,0.033365,0.063440,0.000000,0,0,0,0,0
axe_tree,basic,aw0p1875,1850,905.091,0.157813,0.883709,0.885789,0.881628,10,0.00000411,0,0.072155,0.094855,0.049455,0.930083,0.910906,0.949260,0.947520,0.969811,0.925230,0.011512,0.011423,0.028442,0.071344,0.000000,0,0,0,0,0
axe_tree,basic,aw0p1875,1875,917.475,0.157348,0.883119,0.883072,0.883165,10,0.00000137,0,0.070180,0.095391,0.044969,0.931887,0.910237,0.953537,0.945095,0.967310,0.922880,0.011587,0.010240,0.031310,0.073731,0.000000,0,0,0,0,0
axe_tree,basic,aw0p1875,1900,929.839,0.157359,0.883100,0.883937,0.882263,10,0.00000000,0,0.069270,0.094319,0.044221,0.932677,0.911156,0.954198,0.944294,0.967310,0.921278,0.011422,0.010230,0.031270,0.074723,0.000000,0,0,0,0,0
axe_tree,basic,aw0p1875,1925,942.292,0.159684,0.881327,0.882286,0.880369,10,0.00001158,0,0.066541,0.091104,0.041978,0.934893,0.913545,0.956241,0.939995,0.962665,0.917325,0.011127,0.009585,0.035229,0.079034,0.000000,0,0,0,0,0
axe_tree,basic,aw0p1875,1950,954.684,0.156585,0.883716,0.883873,0.883559,10,0.00000153,0,0.067130,0.092176,0.042085,0.934564,0.912838,0.956290,0.943044,0.965345,0.920743,0.011207,0.009699,0.033357,0.075520,0.000000,0,0,0,0,0
axe_tree,basic,aw0p1875,1975,967.071,0.156163,0.883771,0.884200,0.883342,10,0.00000097,0,0.067077,0.092176,0.041978,0.934625,0.912867,0.956382,0.943063,0.965702,0.920423,0.011233,0.009575,0.032649,0.076162,0.000000,0,0,0,0,0
axe_tree,basic,aw0p1875,2000,979.443,0.155901,0.884306,0.886055,0.882557,10,0.00000945,0,0.069321,0.092712,0.045930,0.932606,0.912612,0.952601,0.945648,0.968203,0.923093,0.011197,0.010584,0.029938,0.073301,0.000000,0,0,0,0,0
axe_tree,basic,aw0p1875,2025,991.832,0.154278,0.885475,0.885780,0.885170,10,0.00000251,0,0.067664,0.091640,0.043687,0.934139,0.913432,0.954847,0.945397,0.966952,0.923841,0.011152,0.010075,0.031567,0.072353,0.000000,0,0,0,0,0
axe_tree,basic,aw0p1875,2050,1004.199,0.153083,0.886061,0.886687,0.885434,10,0.00000307,0,0.067573,0.090925,0.044221,0.934217,0.914078,0.954355,0.945949,0.967310,0.924589,0.010992,0.010190,0.031313,0.071160,0.000000,0,0,0,0,0
axe_tree,basic,aw0p1875,2075,1016.556,0.150950,0.887122,0.885195,0.889048,10,0.00000000,0,0.066683,0.090747,0.042619,0.935065,0.914088,0.956043,0.946231,0.965523,0.926939,0.011023,0.009712,0.032774,0.069085,0.000000,0,0,0,0,0
axe_tree,basic,aw0p1875,2100,1028.930,0.150951,0.888189,0.886219,0.890159,10,0.00000000,0,0.069535,0.092712,0.046358,0.932608,0.912626,0.952589,0.949903,0.968382,0.931425,0.011358,0.010642,0.030008,0.065111,0.000000,0,0,0,0,0
axe_tree,basic,aw0p1875,2125,1041.305,0.147886,0.888862,0.880646,0.897078,10,0.00000301,0,0.068774,0.095570,0.041978,0.933446,0.909872,0.957021,0.949773,0.964809,0.934736,0.011631,0.009581,0.033564,0.061435,0.000000,0,0,0,0,0
axe_tree,basic,aw0p1875,2150,1053.691,0.147858,0.890192,0.884703,0.895681,10,0.00000615,0,0.071943,0.095391,0.048494,0.930643,0.910388,0.950898,0.954106,0.969096,0.939116,0.011662,0.011070,0.029574,0.057277,0.000000,0,0,0,0,0
axe_tree,basic,aw0p1875,2175,1066.105,0.145109,0.890718,0.881232,0.900205,10,0.00000126,0,0.070022,0.096463,0.043580,0.932448,0.909228,0.955667,0.952837,0.966238,0.939436,0.011762,0.009926,0.031844,0.056713,0.000000,0,0,0,0,0
axe_tree,basic,aw0p1875,2200,1078.485,0.145770,0.890945,0.882219,0.899672,10,0.00000039,0,0.069200,0.095034,0.043367,0.933139,0.910438,0.955841,0.952374,0.966059,0.938688,0.011618,0.009880,0.032671,0.057833,0.000000,0,0,0,0,0
axe_tree,basic,aw0p1875,2225,1090.940,0.144387,0.890809,0.878704,0.902915,10,0.00000192,0,0.068990,0.097178,0.040803,0.933410,0.908433,0.958388,0.951925,0.964094,0.939756,0.011797,0.009340,0.034208,0.056274,0.000000,0,0,0,0,0
axe_tree,basic,aw0p1875,2250,1103.316,0.144736,0.890906,0.880697,0.901116,10,0.00000248,0,0.070504,0.097535,0.043474,0.932076,0.908343,0.955809,0.953443,0.966595,0.940291,0.011859,0.009892,0.031822,0.055874,0.000000,0,0,0,0,0
axe_tree,basic,aw0p1875,2275,1115.701,0.145553,0.890917,0.882171,0.899662,10,0.00000553,0,0.070217,0.096106,0.044328,0.932270,0.909595,0.954945,0.953248,0.966952,0.939543,0.011729,0.010118,0.031627,0.056705,0.000000,0,0,0,0,0
axe_tree,basic,aw0p1875,2300,1128.085,0.146420,0.889941,0.882219,0.897664,10,0.00000127,0,0.072481,0.098071,0.046892,0.930272,0.908071,0.952474,0.954248,0.968739,0.939756,0.011899,0.010732,0.029414,0.055959,0.000000,0,0,0,0,0
axe_tree,basic,aw0p1875,2325,1140.471,0.150348,0.886977,0.875673,0.898281,10,0.00000637,0,0.066174,0.094855,0.037492,0.935648,0.909969,0.961327,0.945347,0.958735,0.931959,0.011618,0.008690,0.039348,0.063939,0.000000,0,0,0,0,0
axe_tree,basic,aw0p1875,2350,1152.827,0.145914,0.890403,0.878462,0.902344,10,0.00000254,0,0.067779,0.096463,0.039094,0.934471,0.908968,0.959974,0.950411,0.963201,0.937620,0.011798,0.009091,0.035238,0.058710,0.000000,0,0,0,0,0
axe_tree,basic,aw0p1875,2375,1165.193,0.145280,0.891374,0.880098,0.902649,10,0.00000094,0,0.067598,0.095034,0.040162,0.934610,0.910241,0.958979,0.951319,0.963737,0.938902,0.011689,0.009269,0.034936,0.057753,0.000000,0,0,0,0,0
axe_tree,basic,aw0p1875,2400,1177.602,0.146344,0.890405,0.880840,0.899969,10,0.00000311,0,0.070308,0.097356,0.043260,0.932225,0.908496,0.955954,0.952749,0.966595,0.938902,0.011913,0.010001,0.031535,0.057553,0.000000,0,0,0,0,0
axe_tree,basic,aw0p1875,2425,1190.045,0.146361,0.890143,0.880359,0.899928,10,0.00000579,0,0.068846,0.095927,0.041765,0.933459,0.909566,0.957352,0.951161,0.964809,0.937513,0.011790,0.009601,0.033267,0.058632,0.000000,0,0,0,0,0
axe_tree,basic,aw0p1875,2450,1202.551,0.144520,0.891101,0.880548,0.901653,10,0.00000073,0,0.067580,0.094677,0.040483,0.934599,0.910564,0.958633,0.951035,0.963916,0.938154,0.011574,0.009278,0.033904,0.058284,0.000000,0,0,0,0,0
axe_tree,basic,aw0p1875,2475,1214.985,0.145452,0.890922,0.881710,0.900133,10,0.00000086,0,0.068310,0.094855,0.041765,0.933946,0.910531,0.957361,0.951536,0.965345,0.937727,0.011605,0.009531,0.032864,0.059120,0.000000,0,0,0,0,0
axe_tree,basic,aw0p1875,2500,1227.925,0.145574,0.890060,0.880274,0.899846,10,0.00000006,0,0.069310,0.096642,0.041978,0.933073,0.908999,0.957148,0.951482,0.965345,0.937620,0.011748,0.009574,0.032553,0.058611,0.000000,0,0,0,0,0
axe_tree,basic,aw0p1875,2525,1240.686,0.146782,0.889923,0.881422,0.898423,10,0.00000000,0,0.069183,0.095213,0.043153,0.933103,0.910224,0.955982,0.951269,0.965345,0.937193,0.011612,0.009803,0.033405,0.058964,0.000000,0,0,0,0,0
dance_sitting,basic,aw0p1875,1,0.827,1.292082,0.177314,0.153791,0.200838,10,0.00192236,0,0.137341,0.152461,0.122221,0.592983,0.537575,0.648392,0.201311,0.177238,0.225384,0.020803,0.022812,0.813312,0.770672,0.000000,0,0,0,0,0
dance_sitting,basic,aw0p1875,25,13.761,1.007788,0.316789,0.282416,0.351162,10,0.00001375,0,0.065104,0.080278,0.049930,0.836206,0.791685,0.880728,0.336891,0.305088,0.368695,0.010881,0.009062,0.685406,0.626586,0.000000,0,0,0,0,0
dance_sitting,basic,aw0p1875,50,26.464,0.850485,0.424301,0.324231,0.524371,10,0.00000000,0,0.070021,0.094813,0.045229,0.856486,0.789203,0.923769,0.451530,0.354972,0.548088,0.012632,0.008367,0.637219,0.447769,0.000000,0,0,0,0,0
dance_sitting,basic,aw0p1875,75,38.671,0.743317,0.495241,0.343380,0.647102,10,0.00015736,0,0.067055,0.101586,0.032524,0.870939,0.788296,0.953581,0.523206,0.378262,0.668149,0.013549,0.005844,0.614037,0.328531,0.000000,0,0,0,0,0
dance_sitting,basic,aw0p1875,100,51.546,0.679220,0.537514,0.353752,0.721277,10,0.00031271,1,0.062888,0.102907,0.022869,0.880612,0.791290,0.969935,0.563963,0.390155,0.737772,0.013755,0.004070,0.601957,0.258605,0.000000,0,0,0,0,0
dance_sitting,basic,aw0p1875,125,65.002,0.642220,0.564589,0.370519,0.758659,10,0.00021855,1,0.067329,0.114965,0.019693,0.878736,0.782296,0.975176,0.593357,0.413115,0.773599,0.015310,0.003500,0.580446,0.222887,0.000000,0,0,0,0,0
dance_sitting,basic,aw0p1875,150,78.141,0.611587,0.583643,0.374926,0.792361,10,0.00052174,0,0.061916,0.109349,0.014484,0.887062,0.791824,0.982301,0.609880,0.415923,0.803837,0.014436,0.002444,0.577434,0.192780,0.000000,0,0,0,0,0
dance_sitting,basic,aw0p1875,175,91.178,0.596687,0.593773,0.377695,0.809851,10,0.00037287,3,0.063549,0.110836,0.016262,0.885827,0.791031,0.980624,0.621289,0.419557,0.823021,0.014323,0.002673,0.574739,0.174028,0.000000,0,0,0,0,0
dance_sitting,basic,aw0p1875,200,104.373,0.584492,0.601769,0.378071,0.825466,10,0.00073138,2,0.058740,0.102742,0.014738,0.892499,0.802289,0.982710,0.627273,0.416914,0.837632,0.013502,0.002536,0.576350,0.160008,0.000000,0,0,0,0,0
dance_sitting,basic,aw0p1875,225,117.809,0.578278,0.604632,0.370939,0.838326,10,0.00031931,2,0.055919,0.098117,0.013721,0.894996,0.805882,0.984111,0.628581,0.407334,0.849828,0.012621,0.002357,0.586648,0.147026,0.000000,0,0,0,0,0
dance_sitting,basic,aw0p1875,250,131.243,0.567853,0.611070,0.370769,0.851370,10,0.00028068,2,0.051936,0.088371,0.015500,0.901368,0.820349,0.982388,0.634050,0.403535,0.864566,0.011592,0.002754,0.589795,0.132615,0.000000,0,0,0,0,0
dance_sitting,basic,aw0p1875,275,144.735,0.558919,0.618019,0.376950,0.859088,10,0.00027014,3,0.053854,0.090684,0.017025,0.900088,0.819289,0.980887,0.642423,0.411133,0.873714,0.012040,0.003054,0.582425,0.123433,0.000000,0,0,0,0,0
dance_sitting,basic,aw0p1875,300,158.301,0.550323,0.623214,0.380728,0.865700,10,0.00030505,3,0.050538,0.085068,0.016008,0.905685,0.829244,0.982125,0.646337,0.413115,0.879558,0.011399,0.002747,0.580638,0.118144,0.000000,0,0,0,0,0
dance_sitting,basic,aw0p1875,325,171.907,0.546556,0.625042,0.382335,0.867750,10,0.00024332,3,0.048664,0.080938,0.016389,0.908993,0.836230,0.981756,0.647626,0.413280,0.881972,0.010833,0.002858,0.580390,0.115576,0.000000,0,0,0,0,0
dance_sitting,basic,aw0p1875,350,185.480,0.548440,0.624633,0.381236,0.868030,10,0.00026559,4,0.050652,0.082755,0.018549,0.906226,0.833000,0.979451,0.648458,0.412785,0.884132,0.011178,0.003252,0.581197,0.113458,0.000000,0,0,0,0,0
dance_sitting,basic,aw0p1875,375,199.114,0.545960,0.626061,0.381840,0.870282,10,0.00022997,3,0.048626,0.080608,0.016643,0.909053,0.836571,0.981536,0.648693,0.412620,0.884767,0.010936,0.002975,0.581318,0.112654,0.000000,0,0,0,0,0
dance_sitting,basic,aw0p1875,400,212.640,0.544209,0.626205,0.380631,0.871779,10,0.00022002,3,0.046796,0.077965,0.015627,0.911491,0.840325,0.982657,0.647855,0.410307,0.885402,0.010544,0.002684,0.583017,0.112139,0.000000,0,0,0,0,0
dance_sitting,basic,aw0p1875,425,226.227,0.541568,0.626876,0.381983,0.871769,10,0.00035356,3,0.046923,0.076313,0.017533,0.912030,0.843443,0.980618,0.649093,0.411133,0.887054,0.010041,0.002986,0.582410,0.109969,0.000000,0,0,0,0,0
dance_sitting,basic,aw0p1875,450,239.838,0.536869,0.629688,0.383549,0.875827,10,0.00054813,2,0.045195,0.072349,0.018041,0.915289,0.850410,0.980168,0.651463,0.411298,0.891627,0.009520,0.003071,0.582337,0.105565,0.000000,0,0,0,0,0
dance_sitting,basic,aw0p1875,475,253.436,0.534598,0.630776,0.381776,0.879775,10,0.00062380,2,0.043600,0.069541,0.017660,0.917567,0.854476,0.980657,0.651818,0.408325,0.895312,0.009156,0.003034,0.584970,0.101799,0.000000,0,0,0,0,0
dance_sitting,basic,aw0p1875,500,267.129,0.531939,0.632824,0.382026,0.883622,10,0.00072236,3,0.044128,0.069706,0.018549,0.917044,0.854282,0.979806,0.654334,0.408655,0.900013,0.009190,0.003236,0.584836,0.096835,0.000000,0,0,0,0,0
dance_sitting,basic,aw0p1875,525,280.876,0.528779,0.635787,0.383572,0.888002,10,0.00068636,3,0.045265,0.071853,0.018676,0.915501,0.851231,0.979772,0.657860,0.411133,0.904586,0.009395,0.003348,0.582238,0.093332,0.000000,0,0,0,0,0
dance_sitting,basic,aw0p1875,550,294.484,0.523314,0.638351,0.386065,0.890637,10,0.00085666,3,0.043435,0.069210,0.017660,0.918648,0.856408,0.980888,0.659575,0.412785,0.906365,0.009059,0.003073,0.580532,0.090435,0.000000,0,0,0,0,0
dance_sitting,basic,aw0p1875,575,308.017,0.523401,0.640193,0.386468,0.893919,10,0.00099524,2,0.049121,0.076644,0.021598,0.910674,0.844452,0.976896,0.664657,0.416089,0.913226,0.010113,0.003809,0.577392,0.084015,0.000000,0,0,0,0,0
dance_sitting,basic,aw0p1875,600,321.773,0.514477,0.645884,0.396933,0.894835,10,0.00076093,3,0.048905,0.076974,0.020836,0.912556,0.847413,0.977699,0.670483,0.427486,0.913480,0.010093,0.003603,0.566639,0.083645,0.000000,0,0,0,0,0
dance_sitting,basic,aw0p1875,625,335.437,0.512940,0.647985,0.394368,0.901602,10,0.00075409,2,0.050049,0.085233,0.014865,0.908969,0.833923,0.984014,0.671493,0.427981,0.915004,0.011321,0.002470,0.565643,0.081979,0.000000,0,0,0,0,0
dance_sitting,basic,aw0p1875,650,348.777,0.509735,0.649864,0.396192,0.903536,10,0.00098475,2,0.050589,0.084407,0.016770,0.908935,0.835797,0.982073,0.674161,0.429633,0.918689,0.011135,0.002793,0.563915,0.078237,0.000000,0,0,0,0,0
dance_sitting,basic,aw0p1875,675,362.062,0.510015,0.650739,0.396657,0.904821,10,0.00103070,2,0.052018,0.086885,0.017152,0.906988,0.832270,0.981705,0.675730,0.431120,0.920340,0.011564,0.002866,0.562957,0.076862,0.000000,0,0,0,0,0
dance_sitting,basic,aw0p1875,700,375.168,0.510269,0.650258,0.395843,0.904673,10,0.00100090,2,0.052800,0.088702,0.016897,0.905635,0.829307,0.981964,0.675457,0.430955,0.919959,0.011617,0.002843,0.563019,0.077028,0.000000,0,0,0,0,0
dance_sitting,basic,aw0p1875,725,388.263,0.508990,0.650239,0.397616,0.902863,10,0.00108366,1,0.048600,0.080938,0.016262,0.912056,0.841527,0.982585,0.673672,0.429798,0.917545,0.010677,0.002744,0.563833,0.079880,0.000000,0,0,0,0,0
dance_sitting,basic,aw0p1875,750,401.251,0.512429,0.649379,0.395045,0.903714,10,0.00113850,2,0.051364,0.086720,0.016008,0.907405,0.831946,0.982864,0.673742,0.429303,0.918181,0.011697,0.002677,0.564257,0.079157,0.000000,0,0,0,0,0
dance_sitting,basic,aw0p1875,775,414.337,0.510021,0.650793,0.399211,0.902375,10,0.00136790,2,0.052711,0.089032,0.016389,0.906233,0.830022,0.982444,0.675959,0.434754,0.917164,0.011830,0.002727,0.558957,0.079870,0.000000,0,0,0,0,0
dance_sitting,basic,aw0p1875,800,427.575,0.506037,0.654073,0.405905,0.902241,10,0.00206348,2,0.053003,0.091014,0.014992,0.906705,0.829517,0.983893,0.679307,0.442848,0.915767,0.011887,0.002537,0.551694,0.081543,0.000000,0,0,0,0,0
dance_sitting,basic,aw0p1875,825,440.414,0.508753,0.653349,0.403472,0.903226,10,0.00173190,2,0.055226,0.094318,0.016135,0.903353,0.823983,0.982723,0.679663,0.441526,0.917800,0.012640,0.002812,0.552381,0.079526,0.000000,0,0,0,0,0
dance_sitting,basic,aw0p1875,850,453.189,0.507793,0.653654,0.406075,0.901233,10,0.00200514,1,0.056535,0.092996,0.020074,0.902700,0.826769,0.978631,0.681581,0.443839,0.919324,0.012318,0.003492,0.549980,0.078398,0.000000,0,0,0,0,0
dance_sitting,basic,aw0p1875,875,465.923,0.507062,0.652974,0.408946,0.897002,10,0.00213870,1,0.055353,0.089362,0.021344,0.905077,0.832922,0.977233,0.680819,0.445491,0.916148,0.011580,0.003743,0.548404,0.081412,0.000000,0,0,0,0,0
dance_sitting,basic,aw0p1875,900,478.629,0.508028,0.653228,0.410633,0.895823,10,0.00260618,1,0.056249,0.090519,0.021979,0.904203,0.831850,0.976555,0.681658,0.447803,0.915513,0.012038,0.003862,0.545966,0.081668,0.000000,0,0,0,0,0
dance_sitting,basic,aw0p1875,925,491.326,0.506438,0.653784,0.414879,0.892688,10,0.00219177,1,0.053727,0.085728,0.021725,0.908423,0.840111,0.976735,0.681264,0.450446,0.912082,0.011362,0.003905,0.543722,0.085457,0.000000,0,0,0,0,0
dance_sitting,basic,aw0p1875,950,504.007,0.505272,0.654198,0.417602,0.890794,10,0.00198989,1,0.055576,0.088537,0.022615,0.906379,0.836983,0.975776,0.682757,0.454575,0.910939,0.011723,0.003896,0.539474,0.086389,0.000000,0,0,0,0,0
dance_sitting,basic,aw0p1875,975,516.735,0.503043,0.656135,0.421100,0.891169,10,0.00215946,1,0.057151,0.092831,0.021471,0.904548,0.832139,0.976957,0.685248,0.460192,0.910304,0.012138,0.003781,0.533918,0.087039,0.000000,0,0,0,0,0
dance_sitting,basic,aw0p1875,1000,529.489,0.502931,0.655881,0.423054,0.888709,10,0.00225802,1,0.056122,0.090519,0.021725,0.906305,0.835977,0.976633,0.684682,0.461348,0.908017,0.011874,0.003819,0.532849,0.089063,0.000000,0,0,0,0,0
dance_sitting,basic,aw0p1875,1025,542.151,0.504087,0.655629,0.422618,0.888640,10,0.00270023,1,0.056967,0.093987,0.019947,0.904762,0.831057,0.978467,0.684352,0.462339,0.906365,0.012257,0.003513,0.531724,0.090968,0.000000,0,0,0,0,0
dance_sitting,basic,aw0p1875,1050,554.837,0.506207,0.654734,0.421934,0.887534,10,0.00267854,1,0.058098,0.094979,0.021217,0.903302,0.829478,0.977126,0.684187,0.462009,0.906365,0.012634,0.003633,0.531643,0.091397,0.000000,0,0,0,0,0
dance_sitting,basic,aw0p1875,1075,567.506,0.507522,0.653663,0.419350,0.887975,10,0.00245266,1,0.058676,0.097787,0.019565,0.901823,0.824800,0.978846,0.682853,0.460357,0.905349,0.012836,0.003378,0.533578,0.091822,0.000000,0,0,0,0,0
dance_sitting,basic,aw0p1875,1100,580.218,0.509434,0.652716,0.419000,0.886432,10,0.00229236,1,0.057012,0.097126,0.016897,0.903585,0.825571,0.981599,0.680553,0.459696,0.901410,0.013007,0.002885,0.534642,0.095323,0.000000,0,0,0,0,0
dance_sitting,basic,aw0p1875,1125,592.920,0.508517,0.654467,0.418667,0.890267,10,0.00235727,1,0.057495,0.100760,0.014229,0.902537,0.820588,0.984485,0.681894,0.460852,0.902935,0.013581,0.002474,0.533314,0.094429,0.000000,0,0,0,0,0
dance_sitting,basic,aw0p1875,1150,605.674,0.509749,0.653220,0.417189,0.889251,10,0.00257487,2,0.060570,0.107037,0.014102,0.898225,0.811847,0.984603,0.681817,0.461843,0.901791,0.014095,0.002406,0.531842,0.095045,0.000000,0,0,0,0,0
dance_sitting,basic,aw0p1875,1175,618.448,0.507032,0.655498,0.418434,0.892562,10,0.00280499,2,0.060163,0.105715,0.014611,0.899065,0.814008,0.984123,0.684136,0.462669,0.905603,0.013886,0.002522,0.531761,0.091568,0.000000,0,0,0,0,0
dance_sitting,basic,aw0p1875,1200,631.226,0.506388,0.655064,0.419209,0.890918,10,0.00256236,2,0.057285,0.098943,0.015627,0.903111,0.823200,0.983023,0.682764,0.460687,0.904841,0.013108,0.002659,0.533648,0.092431,0.000000,0,0,0,0,0
dance_sitting,basic,aw0p1875,1225,644.384,0.505618,0.656052,0.417577,0.894526,10,0.00266680,1,0.058733,0.103238,0.014229,0.900744,0.816930,0.984558,0.683971,0.460687,0.907254,0.013536,0.002473,0.533594,0.090006,0.000000,0,0,0,0,0
dance_sitting,basic,aw0p1875,1250,657.574,0.507242,0.654552,0.413530,0.895573,10,0.00225650,2,0.060963,0.106046,0.015881,0.897315,0.811785,0.982844,0.683589,0.457384,0.909795,0.013727,0.002773,0.536380,0.087294,0.000000,0,0,0,0,0
dance_sitting,basic,aw0p1875,1275,670.760,0.506388,0.656343,0.415385,0.897301,10,0.00230281,2,0.061389,0.105880,0.016897,0.897250,0.812683,0.981818,0.685915,0.459366,0.912463,0.014242,0.002929,0.534758,0.084090,0.000000,0,0,0,0,0
dance_sitting,basic,aw0p1875,1300,683.975,0.508115,0.655898,0.413655,0.898142,10,0.00209593,2,0.064781,0.110505,0.019057,0.892845,0.806087,0.979603,0.687312,0.459366,0.915259,0.014705,0.003378,0.534895,0.081721,0.000000,0,0,0,0,0
dance_sitting,basic,aw0p1875,1325,697.163,0.508239,0.655350,0.412720,0.897980,10,0.00215058,2,0.063847,0.109019,0.018676,0.893814,0.807636,0.979992,0.686232,0.457714,0.914750,0.014610,0.003235,0.536162,0.081844,0.000000,0,0,0,0,0
dance_sitting,basic,aw0p1875,1350,710.362,0.506200,0.656834,0.413942,0.899725,10,0.00203500,2,0.061973,0.106541,0.017406,0.896317,0.811293,0.981340,0.686715,0.458044,0.915386,0.014340,0.003082,0.536070,0.081435,0.000000,0,0,0,0,0
dance_sitting,basic,aw0p1875,1375,723.533,0.508784,0.654543,0.410272,0.898815,10,0.00193036,2,0.065556,0.112818,0.018295,0.891130,0.801857,0.980403,0.685908,0.456558,0.915259,0.014737,0.003142,0.537547,0.081262,0.000000,0,0,0,0,0
dance_sitting,basic,aw0p1875,1400,736.717,0.508280,0.655470,0.412975,0.897964,10,0.00218857,2,0.062405,0.107532,0.017279,0.895543,0.809649,0.981436,0.685432,0.457384,0.913480,0.014461,0.003076,0.536010,0.083659,0.000000,0,0,0,0,0
dance_sitting,basic,aw0p1875,1425,749.921,0.505325,0.656392,0.415495,0.897289,10,0.00237154,3,0.060582,0.104394,0.016770,0.898306,0.814663,0.981950,0.685603,0.458870,0.912336,0.013905,0.002867,0.534845,0.084567,0.000000,0,0,0,0,0
dance_sitting,basic,aw0p1875,1450,763.137,0.504648,0.656916,0.418108,0.895724,10,0.00234760,2,0.057209,0.098282,0.016135,0.903142,0.823704,0.982581,0.684689,0.459201,0.910177,0.013286,0.002863,0.534791,0.087014,0.000000,0,0,0,0,0
dance_sitting,basic,aw0p1875,1475,776.417,0.504280,0.655525,0.417018,0.894032,10,0.00194284,2,0.056148,0.096796,0.015500,0.904275,0.825335,0.983214,0.682637,0.457384,0.907890,0.012789,0.002740,0.536241,0.088748,0.000000,0,0,0,0,0
dance_sitting,basic,aw0p1875,1500,789.619,0.505151,0.655074,0.417733,0.892415,10,0.00215485,2,0.057031,0.097291,0.016770,0.903382,0.824911,0.981853,0.682878,0.458375,0.907382,0.012785,0.002893,0.535573,0.089643,0.000000,0,0,0,0,0
guitar_dance,basic,aw0p1875,1,0.832,1.399953,0.131209,0.129043,0.133375,10,0.00224480,0,0.214978,0.123381,0.306574,0.451316,0.540214,0.362418,0.159614,0.144964,0.174265,0.015443,0.042171,0.842601,0.818219,0.000000,0,0,0,0,0
guitar_dance,basic,aw0p1875,25,13.855,1.208152,0.196756,0.195968,0.197545,10,0.00006000,0,0.111664,0.052698,0.170631,0.685975,0.796528,0.575421,0.218774,0.206295,0.231252,0.006507,0.023255,0.781014,0.760556,0.000000,0,0,0,0,0
guitar_dance,basic,aw0p1875,50,26.499,1.071333,0.277263,0.264069,0.290456,10,0.00098388,0,0.096556,0.038669,0.154443,0.780546,0.876437,0.684654,0.304798,0.274281,0.335315,0.004692,0.020823,0.714250,0.656506,0.000000,0,0,0,0,0
guitar_dance,basic,aw0p1875,75,39.901,0.893915,0.383097,0.364976,0.401218,10,0.00137554,0,0.068496,0.025000,0.111992,0.868354,0.937359,0.799349,0.410126,0.374101,0.446151,0.003028,0.014815,0.614989,0.546600,0.000000,0,0,0,0,0
guitar_dance,basic,aw0p1875,100,53.294,0.752346,0.480345,0.470669,0.490021,10,0.00023220,0,0.083991,0.042446,0.125537,0.867483,0.920378,0.814589,0.521092,0.490647,0.551536,0.005175,0.016846,0.498567,0.442618,0.000000,0,0,0,0,0
guitar_dance,basic,aw0p1875,125,66.423,0.656078,0.545019,0.564241,0.525797,10,0.00077035,0,0.094504,0.065288,0.123720,0.864443,0.902024,0.826861,0.595964,0.601079,0.590849,0.007824,0.016778,0.388739,0.402658,0.000000,0,0,0,0,0
guitar_dance,basic,aw0p1875,150,79.610,0.600249,0.584024,0.603044,0.565003,10,0.00093930,0,0.106800,0.075180,0.138421,0.859503,0.896097,0.822908,0.645796,0.648381,0.643211,0.009190,0.018710,0.342796,0.352274,0.000000,0,0,0,0,0
guitar_dance,basic,aw0p1875,175,93.287,0.570411,0.603128,0.621984,0.584271,10,0.00036848,1,0.109040,0.073381,0.144698,0.861551,0.900971,0.822132,0.668220,0.667626,0.668814,0.008977,0.019546,0.323742,0.326575,0.000000,0,0,0,0,0
guitar_dance,basic,aw0p1875,200,106.239,0.557159,0.611665,0.633035,0.590294,10,0.00040731,1,0.106509,0.066007,0.147010,0.866254,0.910901,0.821608,0.675947,0.674820,0.677073,0.007948,0.019914,0.317128,0.318024,0.000000,0,0,0,0,0
guitar_dance,basic,aw0p1875,225,119.311,0.549362,0.619185,0.636595,0.601775,10,0.00039300,2,0.116612,0.060612,0.172613,0.860542,0.917624,0.803461,0.690415,0.675180,0.705649,0.007369,0.023547,0.317770,0.290135,0.000000,0,0,0,0,0
guitar_dance,basic,aw0p1875,250,131.949,0.520086,0.637402,0.647187,0.627618,10,0.00039339,1,0.128560,0.074101,0.183019,0.852960,0.903671,0.802249,0.718814,0.695144,0.742484,0.009046,0.024932,0.296452,0.253916,0.000000,0,0,0,0,0
guitar_dance,basic,aw0p1875,275,144.850,0.472033,0.667036,0.683628,0.650444,10,0.00037973,2,0.129815,0.088669,0.170961,0.855114,0.893544,0.816684,0.752945,0.744245,0.761645,0.010630,0.023081,0.248829,0.235351,0.000000,0,0,0,0,0
guitar_dance,basic,aw0p1875,300,157.915,0.460770,0.675195,0.694175,0.656215,10,0.00043306,2,0.127253,0.074460,0.180046,0.860292,0.909230,0.811353,0.760114,0.745863,0.774364,0.009017,0.024324,0.247029,0.223217,0.000000,0,0,0,0,0
guitar_dance,basic,aw0p1875,325,171.013,0.452911,0.679968,0.702276,0.657659,10,0.00046034,2,0.131135,0.082554,0.179716,0.856988,0.902049,0.811927,0.768051,0.760252,0.775851,0.009945,0.024317,0.233449,0.220799,0.000000,0,0,0,0,0
guitar_dance,basic,aw0p1875,350,183.789,0.428637,0.694889,0.733531,0.656246,10,0.00039108,2,0.128523,0.089388,0.167658,0.859937,0.899393,0.820481,0.782685,0.799101,0.766270,0.010641,0.022801,0.194932,0.229593,0.000000,0,0,0,0,0
guitar_dance,basic,aw0p1875,375,196.936,0.413203,0.704212,0.742469,0.665955,10,0.00032623,2,0.129558,0.098561,0.160555,0.860092,0.892190,0.827995,0.794262,0.815647,0.772877,0.011655,0.021593,0.179931,0.223967,0.000000,0,0,0,0,0
guitar_dance,basic,aw0p1875,400,209.797,0.405973,0.708345,0.738566,0.678123,10,0.00026264,2,0.133618,0.108993,0.158242,0.857435,0.882558,0.832312,0.802248,0.819065,0.785431,0.012979,0.021429,0.176303,0.211301,0.000000,0,0,0,0,0
guitar_dance,basic,aw0p1875,425,222.525,0.393595,0.716022,0.751018,0.681026,10,0.00057610,2,0.125506,0.104496,0.146515,0.865060,0.888119,0.842002,0.805151,0.829496,0.780806,0.012757,0.019615,0.165180,0.215550,0.000000,0,0,0,0,0
guitar_dance,basic,aw0p1875,450,235.001,0.388255,0.719743,0.754514,0.684971,10,0.00057017,2,0.124311,0.105576,0.143046,0.866589,0.887656,0.845523,0.808563,0.834173,0.782953,0.012892,0.019206,0.161381,0.213301,0.000000,0,0,0,0,0
guitar_dance,basic,aw0p1875,475,247.620,0.381479,0.721922,0.757012,0.686831,10,0.00032613,2,0.131758,0.122122,0.141394,0.860752,0.874306,0.847197,0.816702,0.849460,0.783944,0.014550,0.019036,0.146005,0.211442,0.000000,0,0,0,0,0
guitar_dance,basic,aw0p1875,500,260.126,0.372938,0.727808,0.767084,0.688532,10,0.00043233,2,0.147619,0.134353,0.160885,0.849347,0.866249,0.832445,0.834725,0.870144,0.799306,0.016141,0.021583,0.126108,0.197146,0.000000,0,0,0,0,0
guitar_dance,basic,aw0p1875,525,272.705,0.366793,0.732503,0.771052,0.693954,10,0.00035545,2,0.137035,0.132014,0.142055,0.858313,0.868624,0.848003,0.832688,0.872842,0.792534,0.016248,0.019045,0.123520,0.204127,0.000000,0,0,0,0,0
guitar_dance,basic,aw0p1875,550,285.320,0.363651,0.734129,0.777689,0.690570,10,0.00083494,1,0.128521,0.123741,0.133300,0.865216,0.875969,0.854463,0.828272,0.873921,0.782623,0.015169,0.017834,0.122928,0.212042,0.000000,0,0,0,0,0
guitar_dance,basic,aw0p1875,575,297.849,0.364633,0.734374,0.780252,0.688496,10,0.00065042,2,0.122372,0.114748,0.129997,0.870140,0.883449,0.856831,0.823891,0.869784,0.777998,0.014177,0.017411,0.126778,0.217300,0.000000,0,0,0,0,0
guitar_dance,basic,aw0p1875,600,310.646,0.363632,0.734666,0.777669,0.691663,10,0.00096600,1,0.114213,0.105036,0.123389,0.877023,0.891085,0.862961,0.818180,0.859353,0.777007,0.012804,0.016412,0.135946,0.219064,0.000000,0,0,0,0,0
guitar_dance,basic,aw0p1875,625,323.437,0.361798,0.735056,0.777760,0.692353,10,0.00110645,1,0.118261,0.111151,0.125372,0.873718,0.886041,0.861395,0.821681,0.864209,0.779154,0.013034,0.016807,0.131919,0.217037,0.000000,0,0,0,0,0
guitar_dance,basic,aw0p1875,650,336.101,0.361062,0.734678,0.780448,0.688909,10,0.00112816,2,0.114481,0.107554,0.121407,0.876766,0.889341,0.864191,0.818468,0.864388,0.772547,0.012693,0.016079,0.131117,0.222484,0.000000,0,0,0,0,0
guitar_dance,basic,aw0p1875,675,348.858,0.359940,0.735492,0.782305,0.688679,10,0.00135948,1,0.114248,0.107914,0.120581,0.877072,0.889278,0.864865,0.819224,0.866727,0.771721,0.012656,0.016040,0.128293,0.223906,0.000000,0,0,0,0,0
guitar_dance,basic,aw0p1875,700,361.359,0.358482,0.737287,0.779424,0.695150,10,0.00070874,2,0.117839,0.104856,0.130823,0.874389,0.891454,0.857323,0.823621,0.861151,0.786092,0.012496,0.017318,0.135160,0.209663,0.000000,0,0,0,0,0
guitar_dance,basic,aw0p1875,725,373.963,0.362333,0.736047,0.771918,0.700176,10,0.00041122,2,0.115230,0.101619,0.128840,0.876547,0.893255,0.859838,0.820373,0.850360,0.790387,0.012459,0.017136,0.145916,0.205789,0.000000,0,0,0,0,0
guitar_dance,basic,aw0p1875,750,386.291,0.365075,0.732081,0.766504,0.697658,10,0.00066425,2,0.120699,0.106115,0.135282,0.871439,0.888763,0.854115,0.819940,0.847842,0.792038,0.012496,0.017894,0.147611,0.203464,0.000000,0,0,0,0,0
guitar_dance,basic,aw0p1875,775,398.843,0.356240,0.738438,0.776204,0.700672,10,0.00064176,2,0.117599,0.105036,0.130162,0.874867,0.890902,0.858832,0.824803,0.857734,0.791873,0.012479,0.017247,0.138151,0.204053,0.000000,0,0,0,0,0
guitar_dance,basic,aw0p1875,800,411.588,0.351951,0.742144,0.784448,0.699840,10,0.00053479,1,0.119603,0.105576,0.133631,0.873661,0.891477,0.855845,0.830313,0.867266,0.793360,0.012662,0.017888,0.129076,0.202799,0.000000,0,0,0,0,0
guitar_dance,basic,aw0p1875,825,424.415,0.351905,0.742921,0.785318,0.700525,10,0.00066554,1,0.117992,0.102518,0.133465,0.875115,0.894131,0.856100,0.829924,0.865827,0.794020,0.012581,0.017906,0.129290,0.202732,0.000000,0,0,0,0,0
guitar_dance,basic,aw0p1875,850,437.149,0.344219,0.747290,0.782446,0.712135,10,0.00070877,1,0.111713,0.104496,0.118930,0.881129,0.892128,0.870130,0.830519,0.864209,0.796829,0.012873,0.015731,0.132163,0.199043,0.000000,0,0,0,0,0
guitar_dance,basic,aw0p1875,875,449.799,0.344266,0.747134,0.780214,0.714053,10,0.00062549,1,0.112484,0.107194,0.117773,0.880512,0.889609,0.871416,0.830999,0.863849,0.798150,0.013077,0.015660,0.132561,0.198080,0.000000,0,0,0,0,0
guitar_dance,basic,aw0p1875,900,462.425,0.342567,0.747110,0.777150,0.717070,10,0.00048409,1,0.116584,0.114568,0.118599,0.877186,0.883184,0.871188,0.834151,0.866187,0.802114,0.013543,0.015886,0.130334,0.194369,0.000000,0,0,0,0,0
guitar_dance,basic,aw0p1875,925,475.119,0.342557,0.746543,0.779409,0.713676,10,0.00046512,1,0.118896,0.114568,0.123224,0.875122,0.883483,0.866762,0.835162,0.868705,0.801619,0.013476,0.016451,0.127250,0.194797,0.000000,0,0,0,0,0
guitar_dance,basic,aw0p1875,950,487.712,0.342294,0.747303,0.777885,0.716721,10,0.00034551,1,0.120831,0.117446,0.124215,0.873700,0.880970,0.866430,0.837496,0.869245,0.805748,0.014200,0.016621,0.126409,0.190619,0.000000,0,0,0,0,0
guitar_dance,basic,aw0p1875,975,500.201,0.342542,0.746581,0.775513,0.717649,10,0.00035010,1,0.125265,0.120863,0.129666,0.870020,0.877929,0.862111,0.839974,0.869245,0.810704,0.014333,0.017262,0.127087,0.186154,0.000000,0,0,0,0,0
guitar_dance,basic,aw0p1875,1000,512.512,0.342228,0.747607,0.778995,0.716220,10,0.00028259,1,0.125502,0.116547,0.134457,0.869927,0.881838,0.858015,0.841152,0.869784,0.812521,0.014187,0.018046,0.125652,0.183815,0.000000,0,0,0,0,0
guitar_dance,basic,aw0p1875,1025,524.651,0.340684,0.749589,0.780957,0.718222,10,0.00029598,1,0.122863,0.112590,0.133135,0.872348,0.885285,0.859410,0.841363,0.868885,0.813842,0.013925,0.017952,0.126729,0.182450,0.000000,0,0,0,0,0
guitar_dance,basic,aw0p1875,1050,536.823,0.339095,0.750299,0.782440,0.718158,10,0.00038473,1,0.123927,0.114388,0.133465,0.871581,0.884026,0.859135,0.842975,0.871942,0.814007,0.014015,0.017970,0.124050,0.182230,0.000000,0,0,0,0,0
guitar_dance,basic,aw0p1875,1075,548.915,0.340358,0.749601,0.781669,0.717534,10,0.00028584,1,0.123934,0.114568,0.133300,0.871471,0.883780,0.859162,0.842202,0.871223,0.813181,0.014096,0.017826,0.125375,0.183117,0.000000,0,0,0,0,0
guitar_dance,basic,aw0p1875,1100,560.740,0.340055,0.750363,0.782658,0.718068,10,0.00032061,1,0.124648,0.113849,0.135448,0.871015,0.884489,0.857540,0.843546,0.871763,0.815329,0.014193,0.018102,0.124774,0.181269,0.000000,0,0,0,0,0
guitar_dance,basic,aw0p1875,1125,572.778,0.339440,0.750301,0.782665,0.717938,10,0.00019210,1,0.124747,0.112230,0.137265,0.870938,0.885798,0.856079,0.843494,0.870504,0.816485,0.013816,0.018381,0.125726,0.180098,0.000000,0,0,0,0,0
guitar_dance,basic,aw0p1875,1150,584.849,0.339956,0.750061,0.782975,0.717148,10,0.00027268,1,0.124463,0.111331,0.137595,0.871125,0.886568,0.855683,0.842984,0.870144,0.815824,0.013808,0.018415,0.125370,0.180963,0.000000,0,0,0,0,0
guitar_dance,basic,aw0p1875,1175,596.969,0.339849,0.749042,0.781068,0.717017,10,0.00030224,1,0.126040,0.111511,0.140568,0.869751,0.886176,0.853326,0.842986,0.868165,0.817806,0.013701,0.018598,0.126941,0.178806,0.000000,0,0,0,0,0
guitar_dance,basic,aw0p1875,1200,609.022,0.338800,0.750988,0.782109,0.719866,10,0.00032365,1,0.124650,0.111871,0.137430,0.871149,0.886018,0.856279,0.844201,0.869604,0.818797,0.013794,0.018549,0.126128,0.177886,0.000000,0,0,0,0,0
guitar_dance,basic,aw0p1875,1225,621.031,0.339539,0.750573,0.782651,0.718496,10,0.00035022,1,0.124546,0.111331,0.137760,0.871155,0.886526,0.855784,0.843630,0.869784,0.817476,0.013804,0.018580,0.125731,0.179081,0.000000,0,0,0,0,0
guitar_dance,basic,aw0p1875,1250,633.027,0.341044,0.749459,0.781871,0.717047,10,0.00034073,1,0.124867,0.113129,0.136604,0.870708,0.884967,0.856449,0.842661,0.870324,0.814998,0.013960,0.018459,0.125409,0.181341,0.000000,0,0,0,0,0
guitar_dance,basic,aw0p1875,1275,645.086,0.339259,0.750204,0.782932,0.717476,10,0.00032818,1,0.125843,0.112770,0.138916,0.870048,0.885396,0.854699,0.844184,0.871223,0.817146,0.013879,0.018560,0.124793,0.179353,0.000000,0,0,0,0,0
guitar_dance,basic,aw0p1875,1300,657.068,0.341133,0.749610,0.781815,0.717404,10,0.00030451,1,0.124393,0.113669,0.135117,0.871107,0.884524,0.857690,0.842511,0.870683,0.814338,0.013964,0.018307,0.125337,0.182363,0.000000,0,0,0,0,0
guitar_dance,basic,aw0p1875,1325,669.086,0.339099,0.749110,0.781886,0.716334,10,0.00025087,1,0.127381,0.114029,0.140733,0.868661,0.884243,0.853078,0.844094,0.871043,0.817146,0.013927,0.018698,0.123771,0.179236,0.000000,0,0,0,0,0
guitar_dance,basic,aw0p1875,1350,681.076,0.339017,0.750793,0.783898,0.717688,10,0.00026724,1,0.123841,0.110252,0.137430,0.871735,0.887564,0.855906,0.843322,0.870324,0.816320,0.013708,0.018350,0.125443,0.180453,0.000000,0,0,0,0,0
guitar_dance,basic,aw0p1875,1375,693.081,0.338337,0.750860,0.783845,0.717874,10,0.00025160,1,0.125452,0.113309,0.137595,0.870443,0.885078,0.855808,0.844656,0.872662,0.816650,0.013892,0.018520,0.122976,0.180091,0.000000,0,0,0,0,0
guitar_dance,basic,aw0p1875,1400,705.213,0.336416,0.752496,0.783981,0.721011,10,0.00045215,1,0.124140,0.111511,0.136769,0.871773,0.886551,0.856995,0.845513,0.871403,0.819623,0.013742,0.018391,0.124464,0.177188,0.000000,0,0,0,0,0
guitar_dance,basic,aw0p1875,1425,717.283,0.335569,0.752360,0.783906,0.720815,10,0.00036813,1,0.125037,0.115288,0.134787,0.871013,0.883497,0.858530,0.846126,0.874281,0.817972,0.014114,0.018050,0.122307,0.178071,0.000000,0,0,0,0,0
guitar_dance,basic,aw0p1875,1450,729.388,0.337223,0.750774,0.785334,0.716214,10,0.00032372,1,0.125707,0.113489,0.137925,0.870194,0.885127,0.855261,0.844729,0.874460,0.814998,0.013974,0.018080,0.122205,0.181128,0.000000,0,0,0,0,0
guitar_dance,basic,aw0p1875,1475,741.558,0.335656,0.752737,0.784352,0.721123,10,0.00031885,1,0.124019,0.112590,0.135448,0.871891,0.885725,0.858058,0.845730,0.872662,0.818797,0.013980,0.018100,0.123565,0.177430,0.000000,0,0,0,0,0
guitar_dance,basic,aw0p1875,1500,753.609,0.336595,0.752246,0.779395,0.725098,10,0.00060044,2,0.125649,0.112050,0.139247,0.870635,0.885520,0.855749,0.846396,0.866727,0.826065,0.013851,0.018728,0.128868,0.170512,0.000000,0,0,0,0,0
guitar_dance,basic,aw0p1875,1525,765.609,0.341441,0.749045,0.776360,0.721730,10,0.00038858,2,0.125887,0.113849,0.137925,0.869935,0.883661,0.856208,0.843012,0.864748,0.821275,0.014082,0.018405,0.131715,0.175182,0.000000,0,0,0,0,0
guitar_dance,basic,aw0p1875,1550,778.187,0.345626,0.746031,0.766914,0.725149,10,0.00049329,2,0.127401,0.116547,0.138256,0.868365,0.880200,0.856531,0.840850,0.856295,0.825405,0.014419,0.018533,0.139604,0.170606,0.000000,0,0,0,0,0
guitar_dance,basic,aw0p1875,1575,790.285,0.343649,0.748110,0.771032,0.725188,10,0.00044072,2,0.129439,0.113849,0.145028,0.867132,0.882951,0.851312,0.844587,0.858813,0.830360,0.014013,0.019467,0.137544,0.167117,0.000000,0,0,0,0,0
guitar_dance,basic,aw0p1875,1600,802.572,0.345386,0.746490,0.770487,0.722494,10,0.00039870,2,0.129890,0.112770,0.147010,0.866546,0.883760,0.849331,0.843041,0.857374,0.828708,0.013883,0.019629,0.138577,0.168401,0.000000,0,0,0,0,0
guitar_dance,basic,aw0p1875,1625,814.804,0.340441,0.749469,0.771415,0.727522,10,0.00023303,2,0.128822,0.114928,0.142716,0.867805,0.882125,0.853485,0.845712,0.860072,0.831351,0.014249,0.019117,0.135663,0.165297,0.000000,0,0,0,0,0
guitar_dance,basic,aw0p1875,1650,827.326,0.347355,0.745769,0.768795,0.722742,10,0.00040471,2,0.129628,0.112410,0.146845,0.866665,0.883829,0.849501,0.842045,0.855216,0.828873,0.014052,0.019759,0.140108,0.168037,0.000000,0,0,0,0,0
guitar_dance,basic,aw0p1875,1675,839.733,0.344974,0.746779,0.771240,0.722318,10,0.00021084,1,0.130668,0.115647,0.145689,0.865912,0.881518,0.850305,0.843992,0.860432,0.827552,0.014285,0.019559,0.135864,0.168946,0.000000,0,0,0,0,0
guitar_dance,basic,aw0p1875,1700,852.409,0.348254,0.744455,0.764886,0.724023,10,0.00046751,2,0.127981,0.114568,0.141394,0.867716,0.881532,0.853900,0.839457,0.852518,0.826396,0.014220,0.018963,0.142767,0.169930,0.000000,0,0,0,0,0
guitar_dance,basic,aw0p1875,1725,864.947,0.344638,0.747414,0.770102,0.724726,10,0.00028310,2,0.127699,0.111691,0.143707,0.868418,0.884594,0.852242,0.842494,0.856115,0.828873,0.013923,0.019253,0.140250,0.167579,0.000000,0,0,0,0,0
happy_sad,basic,aw0p1875,1,0.853,1.440824,0.102295,0.081176,0.123413,10,0.00000000,0,0.051057,0.052587,0.049528,0.671207,0.619023,0.723390,0.107485,0.085445,0.129526,0.020594,0.026404,0.910199,0.866973,0.000000,0,0,0,0,0
happy_sad,basic,aw0p1875,25,14.005,1.258493,0.161553,0.127820,0.195287,10,0.00000000,0,0.022789,0.025477,0.020101,0.872804,0.837262,0.908347,0.165144,0.131077,0.199212,0.009818,0.010697,0.864780,0.797015,0.000000,0,0,0,0,0
happy_sad,basic,aw0p1875,50,27.016,1.116065,0.256936,0.207422,0.306451,10,0.00000000,0,0.022142,0.025051,0.019232,0.918297,0.894595,0.941999,0.262481,0.212618,0.312344,0.009379,0.010173,0.783123,0.683357,0.000000,0,0,0,0,0
happy_sad,basic,aw0p1875,75,39.788,0.979833,0.358655,0.278940,0.438370,10,0.00041234,1,0.025840,0.028103,0.023576,0.930415,0.910751,0.950080,0.367742,0.286779,0.448705,0.010680,0.012370,0.708964,0.546720,0.000000,0,0,0,0,0
happy_sad,basic,aw0p1875,100,52.597,0.845613,0.452895,0.328120,0.577671,10,0.00009229,1,0.027342,0.029948,0.024735,0.939243,0.918596,0.959891,0.464953,0.337946,0.591960,0.011476,0.012651,0.658126,0.403227,0.000000,0,0,0,0,0
happy_sad,basic,aw0p1875,125,65.599,0.776044,0.495660,0.348031,0.643289,10,0.00001290,2,0.024739,0.025264,0.024214,0.949215,0.933878,0.964552,0.507845,0.356824,0.658866,0.009600,0.012230,0.639245,0.336524,0.000000,0,0,0,0,0
happy_sad,basic,aw0p1875,150,78.319,0.728934,0.529067,0.371020,0.687114,10,0.00004037,0,0.025121,0.027535,0.022708,0.950668,0.932639,0.968698,0.541977,0.381236,0.702717,0.010219,0.011906,0.614917,0.292953,0.000000,0,0,0,0,0
happy_sad,basic,aw0p1875,175,90.947,0.687935,0.552950,0.401898,0.704002,10,0.00000040,0,0.022544,0.024697,0.020390,0.957911,0.943424,0.972399,0.565090,0.411823,0.718357,0.009157,0.010741,0.584477,0.277608,0.000000,0,0,0,0,0
happy_sad,basic,aw0p1875,200,103.811,0.641503,0.573286,0.436380,0.710191,10,0.00058967,1,0.016194,0.021787,0.010601,0.969430,0.953414,0.985445,0.581804,0.445887,0.717720,0.008184,0.005596,0.550207,0.278577,0.000000,0,0,0,0,0
happy_sad,basic,aw0p1875,225,116.720,0.607407,0.592989,0.462673,0.723305,10,0.00270927,1,0.013714,0.020013,0.007415,0.974623,0.959319,0.989927,0.600300,0.471932,0.728668,0.007678,0.003693,0.523851,0.267708,0.000000,0,0,0,0,0
happy_sad,basic,aw0p1875,250,129.900,0.578629,0.611037,0.494655,0.727420,10,0.00385796,1,0.013031,0.022355,0.003707,0.976307,0.957667,0.994948,0.617915,0.505713,0.730116,0.008558,0.001663,0.490423,0.265628,0.000000,0,0,0,0,0
happy_sad,basic,aw0p1875,275,142.834,0.557602,0.625533,0.511723,0.739344,10,0.00192064,1,0.013675,0.023064,0.004287,0.976032,0.957803,0.994260,0.633019,0.523526,0.742513,0.008575,0.001981,0.473372,0.253211,0.000000,0,0,0,0,0
happy_sad,basic,aw0p1875,300,155.640,0.551008,0.628005,0.514158,0.741852,10,0.00172607,1,0.012092,0.020013,0.004171,0.978838,0.963243,0.994432,0.634697,0.524448,0.744946,0.007508,0.001990,0.472033,0.251103,0.000000,0,0,0,0,0
happy_sad,basic,aw0p1875,325,168.431,0.551964,0.628589,0.516082,0.741095,10,0.00142111,1,0.013307,0.021574,0.005040,0.976984,0.960688,0.993279,0.636023,0.527216,0.744830,0.008098,0.002403,0.468479,0.250953,0.000000,0,0,0,0,0
happy_sad,basic,aw0p1875,350,181.217,0.548156,0.635481,0.528039,0.742923,10,0.00149081,1,0.015914,0.025051,0.006778,0.973392,0.955764,0.991020,0.644613,0.541267,0.747958,0.009257,0.003253,0.455131,0.248163,0.000000,0,0,0,0,0
happy_sad,basic,aw0p1875,375,194.223,0.546760,0.637237,0.531590,0.742885,10,0.00149656,1,0.016539,0.025548,0.007531,0.972637,0.955235,0.990039,0.646825,0.545171,0.748479,0.009409,0.003710,0.450805,0.247269,0.000000,0,0,0,0,0
happy_sad,basic,aw0p1875,400,207.232,0.543824,0.639581,0.537870,0.741292,10,0.00181107,1,0.016436,0.025051,0.007820,0.973089,0.956538,0.989641,0.649217,0.551345,0.747089,0.009443,0.003909,0.443862,0.248526,0.000000,0,0,0,0,0
happy_sad,basic,aw0p1875,425,220.251,0.543241,0.641792,0.543603,0.739981,10,0.00148225,1,0.017433,0.024555,0.010311,0.972085,0.957774,0.986396,0.652281,0.556951,0.747610,0.009006,0.005119,0.439064,0.248705,0.000000,0,0,0,0,0
happy_sad,basic,aw0p1875,450,232.686,0.541480,0.648696,0.558038,0.739354,10,0.00149092,1,0.020531,0.028955,0.012107,0.968036,0.951994,0.984079,0.661251,0.574196,0.748306,0.010937,0.006159,0.421588,0.247846,0.000000,0,0,0,0,0
happy_sad,basic,aw0p1875,475,245.092,0.536964,0.665585,0.588481,0.742690,10,0.00208437,1,0.027859,0.037471,0.018247,0.959307,0.942175,0.976440,0.683387,0.610532,0.756242,0.014347,0.009653,0.385741,0.239932,0.000000,0,0,0,0,0
happy_sad,basic,aw0p1875,500,257.370,0.527599,0.671665,0.601962,0.741368,10,0.00180671,1,0.027308,0.034632,0.019985,0.960787,0.947323,0.974252,0.689496,0.622809,0.756184,0.013375,0.010440,0.373458,0.240295,0.000000,0,0,0,0,0
happy_sad,basic,aw0p1875,525,269.730,0.507331,0.688751,0.626324,0.751178,10,0.00300815,0,0.029427,0.038464,0.020390,0.959126,0.944164,0.974087,0.708455,0.650415,0.766495,0.014684,0.010716,0.346092,0.229499,0.000000,0,0,0,0,0
happy_sad,basic,aw0p1875,550,282.199,0.511445,0.695209,0.642071,0.748348,10,0.00174686,1,0.034992,0.044496,0.025488,0.952817,0.937779,0.967855,0.719031,0.670641,0.767422,0.017282,0.013514,0.325403,0.228442,0.000000,0,0,0,0,0
happy_sad,basic,aw0p1875,575,294.867,0.492254,0.713286,0.667952,0.758619,10,0.00360639,1,0.037701,0.048755,0.026647,0.950925,0.934931,0.966918,0.739676,0.700518,0.778833,0.019085,0.014034,0.295558,0.217055,0.000000,0,0,0,0,0
happy_sad,basic,aw0p1875,600,307.515,0.470478,0.726533,0.689470,0.763596,10,0.00351650,1,0.036208,0.046696,0.025720,0.953716,0.939226,0.968206,0.752451,0.721666,0.783236,0.018216,0.013725,0.274842,0.213497,0.000000,0,0,0,0,0
happy_sad,basic,aw0p1875,625,319.913,0.466170,0.728121,0.689601,0.766640,10,0.00334746,1,0.036054,0.046909,0.025198,0.953962,0.938988,0.968935,0.753954,0.721950,0.785958,0.018275,0.013322,0.274523,0.209753,0.000000,0,0,0,0,0
happy_sad,basic,aw0p1875,650,332.155,0.463532,0.733444,0.694771,0.772116,10,0.00319699,2,0.037944,0.050458,0.025430,0.952107,0.935334,0.968881,0.760789,0.729828,0.791751,0.019749,0.013463,0.266862,0.205233,0.000000,0,0,0,0,0
happy_sad,basic,aw0p1875,675,344.294,0.456732,0.737534,0.696794,0.778274,10,0.00272747,1,0.037884,0.051380,0.024387,0.952390,0.934462,0.970319,0.764925,0.732595,0.797254,0.020152,0.012911,0.264346,0.199441,0.000000,0,0,0,0,0
happy_sad,basic,aw0p1875,700,356.487,0.453354,0.737990,0.698020,0.777960,10,0.00265774,1,0.036853,0.050245,0.023461,0.953618,0.935858,0.971378,0.764652,0.733092,0.796212,0.019615,0.012430,0.264319,0.200207,0.000000,0,0,0,0,0
happy_sad,basic,aw0p1875,725,368.678,0.448217,0.741753,0.698705,0.784800,10,0.00260688,2,0.037521,0.052161,0.022881,0.953017,0.933748,0.972287,0.768954,0.735150,0.802757,0.020307,0.012157,0.261541,0.193575,0.000000,0,0,0,0,0
happy_sad,basic,aw0p1875,750,380.749,0.446037,0.742319,0.697418,0.787221,10,0.00227024,2,0.035877,0.050032,0.021723,0.954876,0.936049,0.973703,0.768316,0.732311,0.804321,0.019976,0.011625,0.264899,0.192083,0.000000,0,0,0,0,0
happy_sad,basic,aw0p1875,775,392.894,0.437394,0.745102,0.700446,0.789758,10,0.00192291,2,0.034656,0.049038,0.020275,0.956447,0.937438,0.975456,0.770282,0.734795,0.805770,0.019406,0.010741,0.262318,0.190595,0.000000,0,0,0,0,0
happy_sad,basic,aw0p1875,800,405.515,0.434893,0.744558,0.700360,0.788756,10,0.00161334,2,0.033115,0.046129,0.020101,0.958198,0.940769,0.975627,0.768639,0.732666,0.804611,0.018106,0.010758,0.264521,0.192024,0.000000,0,0,0,0,0
happy_sad,basic,aw0p1875,825,418.033,0.428584,0.748748,0.707099,0.790397,10,0.00191079,1,0.033659,0.046696,0.020622,0.957862,0.940651,0.975074,0.773407,0.740118,0.806696,0.018103,0.010926,0.257343,0.189145,0.000000,0,0,0,0,0
happy_sad,basic,aw0p1875,850,430.260,0.426256,0.749676,0.708906,0.790447,10,0.00178867,1,0.032536,0.043929,0.021143,0.959220,0.943967,0.974474,0.773603,0.740047,0.807160,0.017272,0.011225,0.256512,0.189659,0.000000,0,0,0,0,0
happy_sad,basic,aw0p1875,875,442.375,0.419949,0.753638,0.715724,0.791553,10,0.00205818,0,0.032671,0.043503,0.021839,0.959334,0.944958,0.973710,0.777850,0.746860,0.808840,0.016885,0.011429,0.250727,0.187275,0.000000,0,0,0,0,0
happy_sad,basic,aw0p1875,900,454.551,0.423007,0.750882,0.711966,0.789799,10,0.00187362,0,0.032727,0.044426,0.021028,0.959105,0.943624,0.974587,0.775001,0.743595,0.806407,0.017095,0.011169,0.252996,0.189761,0.000000,0,0,0,0,0
happy_sad,basic,aw0p1875,925,466.409,0.423682,0.751272,0.713121,0.789423,10,0.00196153,0,0.032640,0.044426,0.020854,0.959243,0.943710,0.974776,0.775344,0.744802,0.805885,0.017445,0.010966,0.252407,0.190427,0.000000,0,0,0,0,0
happy_sad,basic,aw0p1875,950,478.724,0.425430,0.751020,0.714121,0.787918,10,0.00170979,1,0.033304,0.045348,0.021259,0.958496,0.942732,0.974260,0.775587,0.746505,0.804669,0.017728,0.011223,0.250985,0.191682,0.000000,0,0,0,0,0
happy_sad,basic,aw0p1875,975,491.106,0.421291,0.754116,0.715981,0.792251,10,0.00197314,1,0.033891,0.046696,0.021086,0.957971,0.941344,0.974597,0.779185,0.749415,0.808956,0.018226,0.011005,0.248032,0.187056,0.000000,0,0,0,0,0
happy_sad,basic,aw0p1875,1000,503.735,0.419064,0.754973,0.716480,0.793465,10,0.00192391,0,0.032742,0.044284,0.021201,0.959311,0.944121,0.974502,0.779248,0.748208,0.810288,0.017489,0.011105,0.249166,0.186232,0.000000,0,0,0,0,0
happy_sad,basic,aw0p1875,1025,516.380,0.415598,0.755922,0.717034,0.794811,10,0.00197699,0,0.032173,0.044071,0.020275,0.960006,0.944405,0.975608,0.779779,0.748634,0.810925,0.017296,0.010686,0.248437,0.185295,0.000000,0,0,0,0,0
happy_sad,basic,aw0p1875,1050,529.039,0.414791,0.756978,0.717625,0.796331,10,0.00186623,1,0.032212,0.044496,0.019927,0.960008,0.943963,0.976053,0.780878,0.749556,0.812200,0.017390,0.010641,0.247826,0.184616,0.000000,0,0,0,0,0
happy_sad,basic,aw0p1875,1075,541.828,0.413432,0.756124,0.717122,0.795125,10,0.00199369,0,0.031612,0.043645,0.019579,0.960658,0.944897,0.976418,0.779557,0.748421,0.810693,0.017083,0.010262,0.248694,0.185373,0.000000,0,0,0,0,0
happy_sad,basic,aw0p1875,1100,554.595,0.413603,0.757003,0.718140,0.795865,10,0.00195898,0,0.032005,0.044142,0.019869,0.960255,0.944405,0.976106,0.780759,0.749840,0.811678,0.017215,0.010525,0.247648,0.184588,0.000000,0,0,0,0,0
happy_sad,basic,aw0p1875,1125,567.492,0.412338,0.757586,0.717227,0.797944,10,0.00186541,0,0.032163,0.044284,0.020043,0.960072,0.944176,0.975967,0.781463,0.748989,0.813937,0.017127,0.010602,0.248040,0.182563,0.000000,0,0,0,0,0
happy_sad,basic,aw0p1875,1150,580.506,0.412849,0.757955,0.717956,0.797955,10,0.00157838,1,0.032012,0.044213,0.019811,0.960272,0.944310,0.976233,0.781731,0.749698,0.813764,0.017372,0.010526,0.247740,0.182963,0.000000,0,0,0,0,0
happy_sad,basic,aw0p1875,1175,593.610,0.413232,0.756747,0.716256,0.797237,10,0.00183623,0,0.031884,0.044709,0.019058,0.960349,0.943619,0.977080,0.780355,0.748279,0.812431,0.017477,0.010082,0.248900,0.183898,0.000000,0,0,0,0,0
happy_sad,basic,aw0p1875,1200,606.960,0.412790,0.757265,0.716110,0.798420,10,0.00196453,1,0.032106,0.044922,0.019290,0.960106,0.943366,0.976846,0.781050,0.748279,0.813821,0.017419,0.010273,0.248692,0.182651,0.000000,0,0,0,0,0
happy_sad,basic,aw0p1875,1225,620.353,0.411186,0.758180,0.717257,0.799102,10,0.00180074,0,0.031861,0.044142,0.019579,0.960436,0.944340,0.976533,0.781833,0.748918,0.814748,0.017246,0.010301,0.248325,0.181687,0.000000,0,0,0,0,0
happy_sad,basic,aw0p1875,1250,634.014,0.410698,0.758202,0.717609,0.798795,10,0.00162770,3,0.031448,0.043432,0.019464,0.960916,0.945176,0.976657,0.781559,0.748776,0.814343,0.016991,0.010250,0.248778,0.182355,0.000000,0,0,0,0,0
happy_sad,basic,aw0p1875,1275,647.637,0.407413,0.760637,0.721410,0.799864,10,0.00181228,0,0.031567,0.043148,0.019985,0.960931,0.945772,0.976090,0.784193,0.752537,0.815849,0.016723,0.010648,0.244786,0.180846,0.000000,0,0,0,0,0
happy_sad,basic,aw0p1875,1300,661.247,0.404752,0.761715,0.722396,0.801034,10,0.00179479,0,0.031044,0.042509,0.019579,0.961579,0.946570,0.976588,0.784911,0.753105,0.816718,0.016632,0.010364,0.244230,0.179677,0.000000,0,0,0,0,0
happy_sad,basic,aw0p1875,1325,674.643,0.404106,0.761693,0.722271,0.801114,10,0.00179553,0,0.030851,0.042297,0.019406,0.961797,0.946805,0.976789,0.784740,0.752821,0.816660,0.016504,0.010275,0.244645,0.179506,0.000000,0,0,0,0,0
happy_sad,basic,aw0p1875,1350,687.913,0.402889,0.761482,0.722726,0.800239,10,0.00168468,1,0.030078,0.041445,0.018711,0.962687,0.947811,0.977563,0.783945,0.752679,0.815212,0.016329,0.009903,0.245006,0.180464,0.000000,0,0,0,0,0
happy_sad,basic,aw0p1875,1375,701.454,0.399985,0.762978,0.724216,0.801740,10,0.00181867,0,0.029459,0.040380,0.018537,0.963468,0.949133,0.977804,0.785031,0.753460,0.816602,0.015857,0.009900,0.243852,0.179928,0.000000,0,0,0,0,0
happy_sad,basic,aw0p1875,1400,714.701,0.397844,0.763773,0.725747,0.801798,10,0.00183897,0,0.029098,0.040238,0.017957,0.963935,0.949398,0.978472,0.785573,0.754950,0.816196,0.015820,0.009611,0.242482,0.180006,0.000000,0,0,0,0,0
happy_sad,basic,aw0p1875,1425,728.341,0.394684,0.766477,0.729838,0.803116,10,0.00169648,1,0.029807,0.041019,0.018595,0.963276,0.948777,0.977775,0.788913,0.759776,0.818050,0.015960,0.009786,0.237654,0.178842,0.000000,0,0,0,0,0
happy_sad,basic,aw0p1875,1450,741.888,0.394815,0.765254,0.728414,0.802094,10,0.00176308,0,0.028879,0.039742,0.018015,0.964278,0.950142,0.978413,0.786953,0.757363,0.816544,0.015526,0.009635,0.239526,0.180209,0.000000,0,0,0,0,0
happy_sad,basic,aw0p1875,1475,755.372,0.392830,0.765333,0.729049,0.801617,10,0.00167563,0,0.028321,0.039032,0.017610,0.964933,0.950998,0.978868,0.786619,0.757505,0.815733,0.015152,0.009456,0.239501,0.180477,0.000000,0,0,0,0,0
happy_sad,basic,aw0p1875,1500,768.974,0.392776,0.766054,0.730811,0.801297,10,0.00180110,0,0.028775,0.039245,0.018305,0.964462,0.950866,0.978059,0.787728,0.759492,0.815965,0.015152,0.009704,0.237510,0.180948,0.000000,0,0,0,0,0
happy_sad,basic,aw0p1875,1525,782.599,0.391574,0.766459,0.731597,0.801320,10,0.00181669,0,0.028082,0.038322,0.017842,0.965284,0.951974,0.978593,0.787626,0.759634,0.815617,0.014978,0.009557,0.237624,0.180838,0.000000,0,0,0,0,0
happy_sad,basic,aw0p1875,1550,796.166,0.390891,0.768026,0.734061,0.801990,10,0.00174804,1,0.029306,0.039671,0.018942,0.963966,0.950588,0.977345,0.790182,0.763182,0.817181,0.015195,0.010116,0.233958,0.179471,0.000000,0,0,0,0,0
happy_sad,basic,aw0p1875,1575,809.710,0.388575,0.767933,0.735320,0.800546,10,0.00171457,0,0.028069,0.038180,0.017957,0.965404,0.952368,0.978439,0.789159,0.763395,0.814922,0.014895,0.009582,0.233228,0.181426,0.000000,0,0,0,0,0
happy_sad,basic,aw0p1875,1600,823.556,0.387717,0.770161,0.736943,0.803378,10,0.00169351,0,0.028968,0.039458,0.018479,0.964464,0.951013,0.977915,0.792122,0.766021,0.818224,0.015319,0.009898,0.230851,0.178666,0.000000,0,0,0,0,0
happy_sad,basic,aw0p1875,1625,837.109,0.386094,0.772801,0.739110,0.806492,10,0.00180508,0,0.030010,0.041019,0.019000,0.963395,0.949387,0.977403,0.795621,0.769427,0.821815,0.015905,0.010222,0.227383,0.174885,0.000000,0,0,0,0,0
happy_sad,basic,aw0p1875,1650,850.675,0.382609,0.774583,0.741469,0.807697,10,0.00167277,0,0.029435,0.039813,0.019058,0.964133,0.950897,0.977370,0.797039,0.770989,0.823090,0.015552,0.010130,0.225930,0.173939,0.000000,0,0,0,0,0
happy_sad,basic,aw0p1875,1675,864.050,0.380225,0.774934,0.744692,0.805176,10,0.00156275,0,0.028981,0.039600,0.018363,0.964717,0.951339,0.978096,0.797072,0.774182,0.819962,0.015345,0.009819,0.222649,0.176737,0.000000,0,0,0,0,0
happy_sad,basic,aw0p1875,1700,877.286,0.378363,0.776981,0.747390,0.806573,10,0.00139982,0,0.029426,0.040026,0.018826,0.964316,0.951029,0.977603,0.799531,0.777305,0.821758,0.015542,0.010009,0.219562,0.175300,0.000000,0,0,0,0,0
happy_sad,basic,aw0p1875,1725,890.549,0.377394,0.777149,0.748499,0.805799,10,0.00140692,0,0.029661,0.040380,0.018942,0.964076,0.950702,0.977450,0.799893,0.778724,0.821062,0.015608,0.009984,0.218141,0.175129,0.000000,0,0,0,0,0
happy_sad,basic,aw0p1875,1750,903.946,0.377256,0.777298,0.748567,0.806028,10,0.00140837,0,0.029375,0.040097,0.018653,0.964405,0.951023,0.977787,0.799822,0.778582,0.821062,0.015522,0.009920,0.218351,0.175526,0.000000,0,0,0,0,0
happy_sad,basic,aw0p1875,1775,917.528,0.377057,0.777255,0.748891,0.805619,10,0.00140703,0,0.029310,0.040026,0.018595,0.964482,0.951122,0.977842,0.799732,0.778866,0.820599,0.015502,0.009919,0.218110,0.175594,0.000000,0,0,0,0,0
happy_sad,basic,aw0p1875,1800,931.026,0.376990,0.777616,0.748635,0.806597,10,0.00144545,0,0.029375,0.040097,0.018653,0.964415,0.951027,0.977802,0.800147,0.778653,0.821642,0.015525,0.009937,0.218170,0.175188,0.000000,0,0,0,0,0
happy_sad,basic,aw0p1875,1825,944.510,0.377626,0.777130,0.748516,0.805744,10,0.00144362,0,0.029552,0.040451,0.018653,0.964202,0.950624,0.977779,0.799784,0.778795,0.820773,0.015646,0.009948,0.217981,0.175566,0.000000,0,0,0,0,0
happy_sad,basic,aw0p1875,1850,958.029,0.376311,0.778273,0.749710,0.806835,10,0.00143692,0,0.029510,0.040309,0.018711,0.964300,0.950857,0.977743,0.800931,0.779930,0.821931,0.015652,0.009966,0.216952,0.174624,0.000000,0,0,0,0,0
happy_sad,basic,aw0p1875,1875,971.537,0.376450,0.778116,0.750000,0.806232,10,0.00142991,0,0.029887,0.040948,0.018826,0.963879,0.950164,0.977594,0.801061,0.780711,0.821410,0.015790,0.009954,0.216140,0.174965,0.000000,0,0,0,0,0
happy_sad,basic,aw0p1875,1900,985.039,0.377040,0.777878,0.749284,0.806472,10,0.00143429,0,0.029700,0.040806,0.018595,0.964071,0.950277,0.977865,0.800664,0.779859,0.821468,0.015800,0.009873,0.217086,0.175223,0.000000,0,0,0,0,0
happy_sad,basic,aw0p1875,1925,998.382,0.377268,0.778073,0.749574,0.806573,10,0.00147134,0,0.029994,0.041161,0.018826,0.963752,0.949901,0.977603,0.801092,0.780427,0.821758,0.015919,0.009907,0.216697,0.175079,0.000000,0,0,0,0,0
happy_sad,basic,aw0p1875,1950,1011.573,0.375673,0.779536,0.751329,0.807743,10,0.00158348,0,0.030045,0.041090,0.019000,0.963764,0.950091,0.977437,0.802646,0.782201,0.823090,0.015895,0.010097,0.214688,0.173853,0.000000,0,0,0,0,0
happy_sad,basic,aw0p1875,1975,1025.089,0.375339,0.779174,0.750733,0.807616,10,0.00156043,0,0.029913,0.040593,0.019232,0.963887,0.950604,0.977170,0.802178,0.781208,0.823148,0.015664,0.010121,0.215513,0.173686,0.000000,0,0,0,0,0
happy_sad,basic,aw0p1875,2000,1038.548,0.377888,0.777220,0.750426,0.804014,10,0.00141706,0,0.029639,0.040451,0.018826,0.964138,0.950743,0.977534,0.799966,0.780782,0.819151,0.015650,0.009993,0.216209,0.177471,0.000000,0,0,0,0,0
happy_sad,basic,aw0p1875,2025,1051.781,0.375963,0.778259,0.749420,0.807097,10,0.00135811,0,0.029559,0.040522,0.018595,0.964242,0.950601,0.977882,0.800947,0.779789,0.822105,0.015704,0.009829,0.217000,0.174617,0.000000,0,0,0,0,0
happy_sad,basic,aw0p1875,2050,1065.027,0.376603,0.778911,0.750102,0.807721,10,0.00136607,0,0.030271,0.041658,0.018884,0.963476,0.949383,0.977568,0.802162,0.781350,0.822974,0.016134,0.009931,0.215830,0.173847,0.000000,0,0,0,0,0
happy_sad,basic,aw0p1875,2075,1078.549,0.375982,0.779085,0.750222,0.807948,10,0.00135984,0,0.029952,0.041019,0.018884,0.963837,0.950099,0.977574,0.802100,0.780995,0.823206,0.015950,0.009994,0.216026,0.173425,0.000000,0,0,0,0,0
happy_sad,basic,aw0p1875,2100,1091.862,0.374749,0.780433,0.751567,0.809299,10,0.00140359,0,0.030458,0.041800,0.019116,0.963334,0.949320,0.977348,0.803876,0.782982,0.824770,0.016158,0.010091,0.214117,0.171929,0.000000,0,0,0,0,0
happy_sad,basic,aw0p1875,2125,1105.163,0.376101,0.779335,0.750801,0.807869,10,0.00139269,0,0.030107,0.041445,0.018768,0.963684,0.949664,0.977704,0.802475,0.781918,0.823032,0.016103,0.009976,0.215172,0.173698,0.000000,0,0,0,0,0
happy_sad,basic,aw0p1875,2150,1118.676,0.375354,0.779651,0.750954,0.808348,10,0.00142190,0,0.030055,0.041516,0.018595,0.963755,0.949595,0.977915,0.802755,0.782130,0.823379,0.016092,0.009884,0.214967,0.173371,0.000000,0,0,0,0,0
happy_sad,basic,aw0p1875,2175,1132.279,0.374898,0.780133,0.750630,0.809635,10,0.00136165,0,0.030033,0.041587,0.018479,0.963789,0.949496,0.978082,0.803221,0.781847,0.824596,0.016037,0.009986,0.215071,0.172431,0.000000,0,0,0,0,0
happy_sad,basic,aw0p1875,2200,1145.812,0.375668,0.778855,0.749097,0.808614,10,0.00135497,0,0.029675,0.041161,0.018189,0.964128,0.949870,0.978385,0.801626,0.779930,0.823322,0.015964,0.009755,0.216919,0.173298,0.000000,0,0,0,0,0
happy_sad,basic,aw0p1875,2225,1159.384,0.374234,0.779822,0.749864,0.809781,10,0.00155314,0,0.029942,0.041232,0.018653,0.963864,0.949840,0.977888,0.802834,0.780782,0.824886,0.015924,0.009823,0.216105,0.171747,0.000000,0,0,0,0,0
happy_sad,basic,aw0p1875,2250,1172.962,0.377246,0.777444,0.749574,0.805314,10,0.00160351,0,0.029533,0.040877,0.018189,0.964257,0.950216,0.978298,0.800088,0.780214,0.819962,0.015818,0.009717,0.216489,0.176684,0.000000,0,0,0,0,0
happy_sad,basic,aw0p1875,2275,1186.579,0.375291,0.779155,0.749642,0.808668,10,0.00159057,0,0.029820,0.041161,0.018479,0.963980,0.949905,0.978056,0.802055,0.780498,0.823611,0.015926,0.009816,0.216353,0.172976,0.000000,0,0,0,0,0
happy_sad,basic,aw0p1875,2300,1200.105,0.377482,0.777957,0.749557,0.806358,10,0.00148711,0,0.029842,0.041090,0.018595,0.963920,0.949978,0.977862,0.800854,0.780356,0.821352,0.015961,0.009896,0.216524,0.175377,0.000000,0,0,0,0,0
happy_sad,basic,aw0p1875,2325,1213.744,0.377401,0.778024,0.749778,0.806270,10,0.00149377,0,0.029646,0.041161,0.018131,0.964152,0.949914,0.978390,0.800764,0.780640,0.820889,0.016067,0.009736,0.216237,0.175835,0.000000,0,0,0,0,0
happy_sad,basic,aw0p1875,2350,1227.290,0.377389,0.778113,0.750119,0.806107,10,0.00156865,0,0.029965,0.041161,0.018768,0.963796,0.949935,0.977657,0.801116,0.780995,0.821236,0.015975,0.009934,0.215902,0.175514,0.000000,0,0,0,0,0
happy_sad,basic,aw0p1875,2375,1240.761,0.376417,0.778313,0.750187,0.806439,10,0.00154323,0,0.029791,0.041161,0.018421,0.964001,0.949940,0.978063,0.801180,0.781066,0.821294,0.015933,0.009745,0.215706,0.175594,0.000000,0,0,0,0,0
happy_sad,basic,aw0p1875,2400,1254.332,0.377033,0.778529,0.749881,0.807178,10,0.00154798,0,0.029720,0.041019,0.018421,0.964080,0.950078,0.978083,0.801344,0.780640,0.822047,0.015987,0.009903,0.216134,0.174900,0.000000,0,0,0,0,0
happy_sad,basic,aw0p1875,2425,1267.924,0.377121,0.778539,0.750239,0.806839,10,0.00153292,0,0.029753,0.041374,0.018131,0.964056,0.949707,0.978405,0.801373,0.781279,0.821468,0.016122,0.009747,0.215628,0.175654,0.000000,0,0,0,0,0
happy_sad,basic,aw0p1875,2450,1281.610,0.376673,0.778148,0.750187,0.806109,10,0.00158136,0,0.029678,0.040877,0.018479,0.964121,0.950255,0.977988,0.800929,0.780853,0.821004,0.015881,0.009765,0.216168,0.175628,0.000000,0,0,0,0,0
happy_sad,basic,aw0p1875,2475,1295.185,0.377202,0.778097,0.749710,0.806483,10,0.00153817,0,0.029907,0.041161,0.018653,0.963854,0.949909,0.977799,0.801047,0.780569,0.821526,0.015981,0.009864,0.216352,0.175169,0.000000,0,0,0,0,0
happy_sad,basic,aw0p1875,2500,1308.785,0.377360,0.777992,0.749216,0.806767,10,0.00153644,0,0.030013,0.041374,0.018653,0.963724,0.949642,0.977807,0.801015,0.780214,0.821815,0.016085,0.009824,0.216487,0.174920,0.000000,0,0,0,0,0
happy_sad,basic,aw0p1875,2525,1322.504,0.376743,0.778421,0.750392,0.806450,10,0.00154596,0,0.029820,0.041161,0.018479,0.963975,0.949953,0.977997,0.801315,0.781279,0.821352,0.015954,0.009874,0.215595,0.175363,0.000000,0,0,0,0,0
tshirt_pants,basic,aw0p1875,1,0.842,1.311859,0.160692,0.141401,0.179983,10,0.00095517,0,0.087190,0.058547,0.115833,0.676519,0.718830,0.634209,0.175255,0.149679,0.200832,0.013422,0.024344,0.847882,0.796081,0.000000,0,0,0,0,0
tshirt_pants,basic,aw0p1875,25,14.393,1.072257,0.281159,0.235458,0.326860,10,0.00022580,2,0.045130,0.037714,0.052546,0.866895,0.866288,0.867501,0.294186,0.244338,0.344035,0.008562,0.010838,0.752936,0.652478,0.000000,0,0,0,0,0
tshirt_pants,basic,aw0p1875,50,27.701,0.786460,0.471427,0.394621,0.548233,10,0.00002758,2,0.043748,0.044765,0.042730,0.916254,0.902057,0.930451,0.491973,0.412286,0.571660,0.009918,0.008600,0.583932,0.424150,0.000000,0,0,0,0,0
tshirt_pants,basic,aw0p1875,75,41.004,0.497822,0.667714,0.569124,0.766303,10,0.00142002,2,0.042066,0.046368,0.037764,0.941214,0.927763,0.954665,0.695377,0.595513,0.795242,0.010613,0.007565,0.400899,0.201390,0.000000,0,0,0,0,0
tshirt_pants,basic,aw0p1875,100,54.023,0.290759,0.809576,0.759013,0.860140,10,0.00142897,2,0.046225,0.052030,0.040420,0.947806,0.938827,0.956785,0.846706,0.798504,0.894907,0.011873,0.008057,0.198917,0.102593,0.000000,0,0,0,0,0
tshirt_pants,basic,aw0p1875,125,67.336,0.207941,0.864418,0.840334,0.888503,10,0.00113230,1,0.046926,0.063248,0.030604,0.950775,0.933892,0.967659,0.904589,0.893483,0.915695,0.013522,0.006091,0.104267,0.082671,0.000000,0,0,0,0,0
tshirt_pants,basic,aw0p1875,150,80.302,0.154802,0.898528,0.891069,0.905987,10,0.00164233,1,0.042241,0.056303,0.028179,0.957098,0.943558,0.970638,0.936378,0.941239,0.931516,0.011914,0.005427,0.057147,0.066616,0.000000,0,0,0,0,0
tshirt_pants,basic,aw0p1875,175,93.114,0.134187,0.914011,0.907541,0.920481,10,0.00156148,1,0.039732,0.052671,0.026793,0.960091,0.947748,0.972433,0.950243,0.955342,0.945144,0.011666,0.005449,0.042913,0.053124,0.000000,0,0,0,0,0
tshirt_pants,basic,aw0p1875,200,106.209,0.115155,0.925619,0.923045,0.928194,10,0.00142980,1,0.033670,0.041239,0.026100,0.966092,0.958857,0.973327,0.956765,0.961111,0.952419,0.009090,0.005400,0.037248,0.046132,0.000000,0,0,0,0,0
tshirt_pants,basic,aw0p1875,225,119.392,0.107185,0.928746,0.927174,0.930319,10,0.00082469,2,0.036137,0.043056,0.029218,0.963883,0.957377,0.970389,0.962297,0.967094,0.957501,0.008791,0.005818,0.031333,0.040791,0.000000,0,0,0,0,0
tshirt_pants,basic,aw0p1875,250,132.598,0.101627,0.933297,0.933141,0.933453,10,0.00059777,2,0.033023,0.038675,0.027370,0.966940,0.961628,0.972251,0.964116,0.969231,0.959002,0.008381,0.005399,0.028831,0.040118,0.000000,0,0,0,0,0
tshirt_pants,basic,aw0p1875,275,145.799,0.097790,0.935343,0.935427,0.935259,10,0.00033531,2,0.030784,0.034081,0.027486,0.969080,0.965966,0.972193,0.964137,0.967308,0.960965,0.007502,0.005486,0.030376,0.037651,0.000000,0,0,0,0,0
tshirt_pants,basic,aw0p1875,300,159.005,0.094843,0.937350,0.939249,0.935451,10,0.00014952,2,0.029656,0.030556,0.028756,0.970192,0.969399,0.970986,0.965150,0.967949,0.962351,0.006813,0.005653,0.030101,0.036748,0.000000,0,0,0,0,0
tshirt_pants,basic,aw0p1875,325,172.217,0.090466,0.938807,0.937455,0.940160,10,0.00013213,1,0.026444,0.030021,0.022866,0.973310,0.969847,0.976774,0.963628,0.965598,0.961658,0.006294,0.004566,0.032079,0.037197,0.000000,0,0,0,0,0
tshirt_pants,basic,aw0p1875,350,185.359,0.082392,0.943846,0.938510,0.949181,10,0.00019368,1,0.020464,0.025107,0.015822,0.979211,0.974567,0.983856,0.963136,0.962073,0.964199,0.005326,0.003090,0.036073,0.034808,0.000000,0,0,0,0,0
tshirt_pants,basic,aw0p1875,375,198.646,0.071059,0.951183,0.943957,0.958410,10,0.00025905,1,0.014882,0.021795,0.007969,0.984861,0.977903,0.991819,0.965288,0.964530,0.966047,0.004733,0.001564,0.033857,0.032311,0.000000,0,0,0,0,0
tshirt_pants,basic,aw0p1875,400,212.483,0.067558,0.953628,0.943787,0.963469,10,0.00033435,3,0.012966,0.020620,0.005312,0.986794,0.979042,0.994545,0.965918,0.963248,0.968588,0.004522,0.000937,0.035371,0.030269,0.000000,0,0,0,0,0
tshirt_pants,basic,aw0p1875,425,226.543,0.061763,0.957395,0.949523,0.965267,10,0.00051388,3,0.011107,0.018056,0.004158,0.988697,0.981664,0.995729,0.967974,0.966667,0.969281,0.003911,0.000645,0.032379,0.029744,0.000000,0,0,0,0,0
tshirt_pants,basic,aw0p1875,450,240.685,0.056450,0.960028,0.952537,0.967519,10,0.00035183,2,0.007792,0.012927,0.002656,0.992024,0.986779,0.997269,0.967470,0.964850,0.970089,0.002642,0.000569,0.033373,0.028599,0.000000,0,0,0,0,0
tshirt_pants,basic,aw0p1875,475,254.825,0.056832,0.960222,0.949229,0.971215,10,0.00011097,3,0.010743,0.018483,0.003003,0.989084,0.981241,0.996927,0.970452,0.966774,0.974131,0.003957,0.000513,0.031349,0.024686,0.000000,0,0,0,0,0
tshirt_pants,basic,aw0p1875,500,268.763,0.053614,0.962010,0.952431,0.971590,10,0.00011454,2,0.011850,0.019658,0.004042,0.988017,0.980160,0.995874,0.973335,0.971154,0.975517,0.004085,0.000738,0.026905,0.022714,0.000000,0,0,0,0,0
tshirt_pants,basic,aw0p1875,525,282.412,0.059840,0.959067,0.944919,0.973215,10,0.00014115,1,0.015344,0.026068,0.004619,0.984557,0.973817,0.995297,0.973631,0.969551,0.977711,0.005604,0.000837,0.028808,0.020919,0.000000,0,0,0,0,0
tshirt_pants,basic,aw0p1875,550,296.089,0.059829,0.959676,0.946143,0.973209,10,0.00022733,1,0.015976,0.027564,0.004388,0.983980,0.972430,0.995530,0.974851,0.972222,0.977480,0.005936,0.000848,0.026529,0.021272,0.000000,0,0,0,0,0
tshirt_pants,basic,aw0p1875,575,309.700,0.060222,0.958869,0.944991,0.972746,10,0.00016224,1,0.017788,0.031303,0.004273,0.982262,0.968879,0.995645,0.975738,0.974573,0.976903,0.006485,0.000748,0.024361,0.021661,0.000000,0,0,0,0,0
tshirt_pants,basic,aw0p1875,600,323.288,0.060060,0.960042,0.946545,0.973539,10,0.00015625,2,0.017557,0.031303,0.003811,0.982522,0.968929,0.996115,0.976712,0.976175,0.977249,0.006633,0.000768,0.023269,0.021634,0.000000,0,0,0,0,0
tshirt_pants,basic,aw0p1875,625,336.872,0.059103,0.960938,0.944870,0.977006,10,0.00012990,1,0.018705,0.032906,0.004504,0.981407,0.967383,0.995432,0.978684,0.975962,0.981407,0.007185,0.000761,0.023104,0.017572,0.000000,0,0,0,0,0
tshirt_pants,basic,aw0p1875,650,350.331,0.061819,0.959469,0.943412,0.975526,10,0.00019700,1,0.019848,0.034615,0.005081,0.980297,0.965751,0.994844,0.978276,0.976068,0.980483,0.007576,0.000889,0.023142,0.018522,0.000000,0,0,0,0,0
tshirt_pants,basic,aw0p1875,675,363.750,0.061719,0.959682,0.943463,0.975901,10,0.00015480,1,0.020003,0.033654,0.006352,0.980108,0.966642,0.993574,0.978657,0.975214,0.982100,0.007433,0.001177,0.023911,0.016877,0.000000,0,0,0,0,0
tshirt_pants,basic,aw0p1875,700,377.203,0.064165,0.958105,0.942045,0.974165,10,0.00023863,1,0.019981,0.034188,0.005774,0.980120,0.966098,0.994141,0.977021,0.974252,0.979790,0.007503,0.001122,0.025097,0.018978,0.000000,0,0,0,0,0
tshirt_pants,basic,aw0p1875,725,390.662,0.068711,0.955449,0.935660,0.975238,10,0.00014248,2,0.022606,0.037821,0.007391,0.977522,0.962512,0.992533,0.976747,0.971047,0.982446,0.008404,0.001400,0.028235,0.016041,0.000000,0,0,0,0,0
tshirt_pants,basic,aw0p1875,750,404.107,0.071096,0.954069,0.934863,0.973275,10,0.00010663,1,0.024725,0.038248,0.011202,0.975417,0.962088,0.988746,0.977399,0.970620,0.984178,0.008557,0.002089,0.028444,0.014733,0.000000,0,0,0,0,0
tshirt_pants,basic,aw0p1875,775,417.567,0.071227,0.954008,0.934143,0.973873,10,0.00011157,1,0.025245,0.038248,0.012242,0.974897,0.962060,0.987734,0.977833,0.969872,0.985795,0.008424,0.002376,0.029197,0.013341,0.000000,0,0,0,0,0
tshirt_pants,basic,aw0p1875,800,431.030,0.072685,0.953193,0.934604,0.971783,10,0.00006302,1,0.026203,0.037393,0.015013,0.973936,0.962865,0.985007,0.977962,0.969551,0.986373,0.008342,0.002919,0.029266,0.012912,0.000000,0,0,0,0,0
tshirt_pants,basic,aw0p1875,825,444.493,0.071363,0.953362,0.940450,0.966273,10,0.00004633,2,0.023392,0.029808,0.016977,0.976579,0.970141,0.983018,0.975580,0.968483,0.982677,0.006589,0.003398,0.030696,0.016433,0.000000,0,0,0,0,0
tshirt_pants,basic,aw0p1875,850,458.048,0.072851,0.952379,0.945191,0.959568,10,0.00005522,2,0.025364,0.025321,0.025407,0.974683,0.974538,0.974828,0.976536,0.969124,0.983947,0.005589,0.005168,0.030121,0.014987,0.000000,0,0,0,0,0
tshirt_pants,basic,aw0p1875,875,471.498,0.075682,0.950011,0.950519,0.949504,10,0.00003999,2,0.027578,0.019124,0.036032,0.972653,0.980640,0.964666,0.976206,0.968697,0.983716,0.004260,0.007133,0.030605,0.015111,0.000000,0,0,0,0,0
tshirt_pants,basic,aw0p1875,900,484.967,0.076548,0.949702,0.951831,0.947573,10,0.00004707,2,0.027794,0.018056,0.037533,0.972467,0.981708,0.963227,0.976078,0.969017,0.983139,0.003917,0.007625,0.030154,0.015979,0.000000,0,0,0,0,0
tshirt_pants,basic,aw0p1875,925,498.413,0.072272,0.952184,0.954947,0.949421,10,0.00007206,2,0.025783,0.014957,0.036609,0.974469,0.984802,0.964136,0.976705,0.969231,0.984178,0.003170,0.007440,0.030242,0.014816,0.000000,0,0,0,0,0
tshirt_pants,basic,aw0p1875,950,511.875,0.071717,0.952914,0.956742,0.949086,10,0.00005008,2,0.024608,0.012607,0.036609,0.975639,0.987154,0.964124,0.976318,0.968803,0.983832,0.002832,0.007517,0.030232,0.015457,0.000000,0,0,0,0,0
tshirt_pants,basic,aw0p1875,975,525.331,0.070365,0.953055,0.955054,0.951056,10,0.00004260,2,0.023049,0.012607,0.033491,0.977091,0.987132,0.967049,0.975001,0.967094,0.982908,0.002836,0.006742,0.031783,0.016124,0.000000,0,0,0,0,0
tshirt_pants,basic,aw0p1875,1000,538.766,0.068043,0.955089,0.956453,0.953725,10,0.00007259,2,0.021984,0.013248,0.030719,0.978106,0.986514,0.969697,0.976074,0.969124,0.983023,0.002905,0.006387,0.030230,0.015901,0.000000,0,0,0,0,0
tshirt_pants,basic,aw0p1875,1025,552.153,0.064524,0.956877,0.957031,0.956722,10,0.00005074,1,0.019668,0.011966,0.027370,0.980352,0.987796,0.972908,0.975695,0.968483,0.982908,0.002636,0.005617,0.030588,0.016154,0.000000,0,0,0,0,0
tshirt_pants,basic,aw0p1875,1050,565.518,0.059773,0.959861,0.957265,0.962456,10,0.00007100,1,0.016875,0.012500,0.021250,0.983053,0.987267,0.978838,0.976069,0.969231,0.982908,0.002747,0.004387,0.029986,0.016020,0.000000,0,0,0,0,0
tshirt_pants,basic,aw0p1875,1075,578.950,0.052839,0.963908,0.955628,0.972187,10,0.00005013,1,0.013420,0.013675,0.013165,0.986445,0.986079,0.986810,0.976842,0.968697,0.984987,0.003030,0.002471,0.030455,0.014518,0.000000,0,0,0,0,0
tshirt_pants,basic,aw0p1875,1100,592.424,0.045998,0.968211,0.956659,0.979763,10,0.00006418,2,0.008765,0.013141,0.004388,0.991092,0.986623,0.995560,0.976647,0.969231,0.984063,0.002850,0.000854,0.030074,0.014847,0.000000,0,0,0,0,0
tshirt_pants,basic,aw0p1875,1125,605.844,0.045680,0.968001,0.957049,0.978953,10,0.00003852,1,0.008275,0.012393,0.004158,0.991580,0.987371,0.995788,0.975967,0.968910,0.983023,0.002770,0.000667,0.030060,0.015857,0.000000,0,0,0,0,0
tshirt_pants,basic,aw0p1875,1150,619.344,0.044651,0.969138,0.956467,0.981810,10,0.00003249,0,0.008343,0.013568,0.003118,0.991521,0.986197,0.996844,0.977158,0.969444,0.984871,0.003045,0.000498,0.029953,0.013958,0.000000,0,0,0,0,0
tshirt_pants,basic,aw0p1875,1175,633.185,0.044710,0.968880,0.957564,0.980196,10,0.00004004,0,0.007538,0.012073,0.003003,0.992326,0.987696,0.996955,0.976131,0.969124,0.983139,0.002689,0.000542,0.029996,0.015657,0.000000,0,0,0,0,0
tshirt_pants,basic,aw0p1875,1200,647.149,0.043919,0.969235,0.957480,0.980989,10,0.00005059,1,0.007458,0.012607,0.002310,0.992410,0.987164,0.997656,0.976403,0.969551,0.983254,0.002732,0.000410,0.029616,0.015388,0.000000,0,0,0,0,0
tshirt_pants,basic,aw0p1875,1225,661.134,0.044076,0.969503,0.957550,0.981456,10,0.00004607,1,0.007204,0.011752,0.002656,0.992661,0.988015,0.997308,0.976433,0.968803,0.984063,0.002636,0.000492,0.030247,0.015055,0.000000,0,0,0,0,0
tshirt_pants,basic,aw0p1875,1250,675.037,0.043620,0.969320,0.957761,0.980878,10,0.00004952,1,0.007146,0.011752,0.002541,0.992720,0.988017,0.997423,0.976193,0.969017,0.983370,0.002568,0.000447,0.030067,0.015198,0.000000,0,0,0,0,0
tshirt_pants,basic,aw0p1875,1275,689.011,0.043791,0.969414,0.956921,0.981906,10,0.00004444,1,0.006969,0.011859,0.002079,0.992896,0.987901,0.997892,0.976108,0.968269,0.983947,0.002580,0.000422,0.030712,0.014865,0.000000,0,0,0,0,0
tshirt_pants,basic,aw0p1875,1300,702.887,0.045464,0.968516,0.957537,0.979495,10,0.00003983,1,0.006986,0.011432,0.002541,0.992877,0.988334,0.997419,0.975233,0.968483,0.981984,0.002597,0.000413,0.030847,0.017043,0.000000,0,0,0,0,0
tshirt_pants,basic,aw0p1875,1325,716.882,0.045311,0.968673,0.956825,0.980521,10,0.00004897,1,0.007018,0.012073,0.001963,0.992846,0.987687,0.998006,0.975411,0.968376,0.982446,0.002665,0.000403,0.030964,0.016395,0.000000,0,0,0,0,0
tshirt_pants,basic,aw0p1875,1350,730.768,0.045244,0.968669,0.956705,0.980632,10,0.00003766,1,0.006742,0.011752,0.001732,0.993122,0.988004,0.998240,0.975140,0.967949,0.982331,0.002608,0.000368,0.031440,0.016325,0.000000,0,0,0,0,0
tshirt_pants,basic,aw0p1875,1375,744.726,0.044503,0.969530,0.957849,0.981210,10,0.00003831,1,0.006586,0.011325,0.001848,0.993284,0.988444,0.998124,0.975860,0.968697,0.983023,0.002611,0.000386,0.030815,0.015801,0.000000,0,0,0,0,0
tshirt_pants,basic,aw0p1875,1400,758.695,0.045101,0.968757,0.956421,0.981093,10,0.00003443,1,0.007116,0.012500,0.001732,0.992748,0.987256,0.998240,0.975584,0.968376,0.982792,0.002739,0.000388,0.030747,0.016016,0.000000,0,0,0,0,0
tshirt_pants,basic,aw0p1875,1425,772.595,0.045000,0.968715,0.957128,0.980302,10,0.00003674,1,0.007146,0.011752,0.002541,0.992716,0.988010,0.997421,0.975584,0.968376,0.982792,0.002645,0.000491,0.030720,0.015851,0.000000,0,0,0,0,0
tshirt_pants,basic,aw0p1875,1450,786.559,0.042843,0.970449,0.959451,0.981447,10,0.00007302,1,0.006973,0.011752,0.002194,0.992906,0.988038,0.997774,0.977164,0.970726,0.983601,0.002629,0.000424,0.028682,0.015264,0.000000,0,0,0,0,0
tshirt_pants,basic,aw0p1875,1475,800.483,0.041747,0.970996,0.962380,0.979613,10,0.00005380,1,0.006830,0.011004,0.002656,0.993060,0.988817,0.997303,0.977593,0.972970,0.982215,0.002514,0.000447,0.026420,0.016487,0.000000,0,0,0,0,0
tshirt_pants,basic,aw0p1875,1500,814.438,0.042426,0.971110,0.962055,0.980166,10,0.00004349,1,0.006146,0.010791,0.001501,0.993749,0.989025,0.998473,0.977037,0.972436,0.981638,0.002490,0.000403,0.026865,0.017374,0.000000,0,0,0,0,0
tshirt_pants,basic,aw0p1875,1525,828.381,0.042857,0.970493,0.962290,0.978696,10,0.00004244,1,0.007159,0.011432,0.002887,0.992729,0.988391,0.997067,0.977406,0.973291,0.981522,0.002578,0.000472,0.026347,0.017660,0.000000,0,0,0,0,0
tshirt_pants,basic,aw0p1875,1550,842.361,0.043189,0.970162,0.960836,0.979488,10,0.00004975,1,0.007133,0.012073,0.002194,0.992754,0.987737,0.997770,0.977037,0.972436,0.981638,0.002626,0.000443,0.026728,0.017637,0.000000,0,0,0,0,0
tshirt_pants,basic,aw0p1875,1575,856.258,0.041443,0.971463,0.961124,0.981801,10,0.00004806,1,0.006990,0.011325,0.002656,0.992896,0.988483,0.997309,0.978209,0.972009,0.984409,0.002564,0.000501,0.027153,0.014779,0.000000,0,0,0,0,0
tshirt_pants,basic,aw0p1875,1600,870.166,0.041236,0.971048,0.961648,0.980449,10,0.00004806,1,0.007688,0.011218,0.004158,0.992195,0.988596,0.995795,0.978480,0.972436,0.984525,0.002463,0.000629,0.026696,0.014799,0.000000,0,0,0,0,0
tshirt_pants,basic,aw0p1875,1625,884.133,0.042563,0.970298,0.960528,0.980069,10,0.00004482,1,0.007356,0.012286,0.002425,0.992530,0.987522,0.997538,0.977388,0.972329,0.982446,0.002690,0.000428,0.026578,0.016653,0.000000,0,0,0,0,0
tshirt_pants,basic,aw0p1875,1650,898.064,0.042477,0.970439,0.960824,0.980055,10,0.00004318,1,0.006742,0.011752,0.001732,0.993147,0.988055,0.998239,0.976934,0.972115,0.981753,0.002552,0.000391,0.026849,0.017195,0.000000,0,0,0,0,0
tshirt_pants,basic,aw0p1875,1675,911.965,0.041842,0.971186,0.961157,0.981215,10,0.00004855,1,0.007129,0.012179,0.002079,0.992763,0.987636,0.997890,0.978059,0.972863,0.983254,0.002644,0.000421,0.026772,0.015725,0.000000,0,0,0,0,0
tshirt_pants,basic,aw0p1875,1700,925.936,0.043102,0.970543,0.961035,0.980051,10,0.00005473,1,0.006627,0.011752,0.001501,0.993265,0.988058,0.998473,0.976926,0.972329,0.981522,0.002665,0.000376,0.026947,0.017443,0.000000,0,0,0,0,0
tshirt_pants,basic,aw0p1875,1725,939.872,0.042768,0.970410,0.962372,0.978449,10,0.00005088,1,0.006435,0.010791,0.002079,0.993457,0.989029,0.997884,0.976620,0.972756,0.980483,0.002372,0.000427,0.026744,0.018471,0.000000,0,0,0,0,0
tshirt_pants,basic,aw0p1875,1750,953.890,0.041864,0.971112,0.962047,0.980177,10,0.00005160,1,0.006328,0.010577,0.002079,0.993563,0.989238,0.997888,0.977219,0.972222,0.982215,0.002333,0.000422,0.027051,0.017128,0.000000,0,0,0,0,0
tshirt_pants,basic,aw0p1875,1775,967.844,0.042514,0.970696,0.962254,0.979138,10,0.00004462,1,0.006217,0.010470,0.001963,0.993675,0.989347,0.998003,0.976695,0.972329,0.981060,0.002363,0.000445,0.026958,0.017856,0.000000,0,0,0,0,0
tshirt_pants,basic,aw0p1875,1800,981.771,0.043971,0.969692,0.961343,0.978041,10,0.00004476,1,0.008021,0.011538,0.004504,0.991855,0.988274,0.995436,0.977441,0.972436,0.982446,0.002507,0.000929,0.026781,0.016736,0.000000,0,0,0,0,0
tshirt_pants,basic,aw0p1875,1825,995.715,0.041600,0.971464,0.962059,0.980869,10,0.00003714,1,0.006488,0.010897,0.002079,0.993404,0.988919,0.997890,0.977725,0.972543,0.982908,0.002470,0.000430,0.026765,0.016280,0.000000,0,0,0,0,0
tshirt_pants,basic,aw0p1875,1850,1009.707,0.042055,0.970848,0.962548,0.979147,10,0.00004109,1,0.006127,0.009829,0.002425,0.993762,0.989989,0.997535,0.976765,0.972009,0.981522,0.002199,0.000438,0.027307,0.017779,0.000000,0,0,0,0,0
tshirt_pants,basic,aw0p1875,1875,1023.699,0.041948,0.970828,0.961128,0.980528,10,0.00003571,1,0.006871,0.011432,0.002310,0.993016,0.988377,0.997655,0.977454,0.972115,0.982792,0.002467,0.000418,0.027034,0.016582,0.000000,0,0,0,0,0
tshirt_pants,basic,aw0p1875,1900,1037.759,0.041483,0.971197,0.961640,0.980754,10,0.00004509,1,0.006542,0.011004,0.002079,0.993349,0.988808,0.997889,0.977507,0.972222,0.982792,0.002390,0.000409,0.027187,0.016225,0.000000,0,0,0,0,0
