pair,arm,step,seconds,loss,mean_iou,view1_iou,view2_iou,patches,overlap,overlap_repaired_pairs,mean_spill,view1_spill,view2_spill,mean_precision,view1_precision,view2_precision,mean_coverage,view1_coverage,view2_coverage,view1_negative_space,view2_negative_space,view1_silhouette,view2_silhouette,lambda_count
sun_moon,nopen,1,1.341,1.095125,0.222408,0.192544,0.252272,20,0.00000000,0,0.178780,0.179451,0.178108,0.591939,0.558597,0.625282,0.262150,0.227096,0.297204,0.040569,0.035884,0.177669,0.149146,0.000000
sun_moon,nopen,25,24.552,0.797285,0.364217,0.354434,0.374001,20,0.00000003,0,0.090185,0.093993,0.086377,0.814785,0.804889,0.824680,0.397027,0.387748,0.406306,0.020869,0.017323,0.131327,0.115338,0.000000
sun_moon,nopen,50,176.541,0.626574,0.490699,0.510178,0.471219,23,0.00006061,1,0.073621,0.082757,0.064485,0.877896,0.869706,0.886087,0.527002,0.552398,0.501606,0.018183,0.012747,0.098284,0.095094,0.000000
sun_moon,nopen,75,203.946,0.530465,0.565963,0.594744,0.537182,23,0.00009606,0,0.064096,0.077031,0.051160,0.904789,0.892653,0.916924,0.602611,0.640557,0.564664,0.017164,0.010165,0.080900,0.082236,0.000000
sun_moon,nopen,100,383.209,0.473428,0.613413,0.621519,0.605308,26,0.00089572,3,0.061466,0.078436,0.044497,0.914743,0.895238,0.934248,0.651255,0.670268,0.632243,0.017165,0.008713,0.075168,0.069493,0.000000
sun_moon,nopen,125,414.988,0.432199,0.651457,0.635791,0.667123,26,0.00189212,1,0.061503,0.080056,0.042951,0.918724,0.895590,0.941859,0.691233,0.686690,0.695776,0.017635,0.008267,0.072560,0.058114,0.000000
sun_moon,nopen,150,611.629,0.393649,0.689407,0.642068,0.736746,28,0.00139573,2,0.063047,0.084810,0.041285,0.920194,0.891455,0.948933,0.731842,0.696521,0.767162,0.018724,0.008015,0.071634,0.045887,0.000000
sun_moon,nopen,175,645.331,0.351583,0.724956,0.672606,0.777305,28,0.00066328,3,0.060105,0.085350,0.034860,0.926893,0.895323,0.958463,0.767208,0.730013,0.804402,0.019053,0.006702,0.065628,0.038535,0.000000
sun_moon,nopen,200,860.269,0.332426,0.740790,0.696765,0.784814,31,0.00021924,4,0.062074,0.085242,0.038905,0.926574,0.898690,0.954457,0.785753,0.756158,0.815348,0.018756,0.007365,0.060537,0.037161,0.000000
sun_moon,nopen,225,897.728,0.301893,0.764673,0.724110,0.805235,31,0.00051900,2,0.057856,0.083946,0.031767,0.933277,0.903382,0.963172,0.807856,0.784896,0.830815,0.018461,0.006084,0.054713,0.033525,0.000000
sun_moon,nopen,250,1135.596,0.268627,0.795447,0.750472,0.840422,33,0.00051661,2,0.057135,0.087619,0.026651,0.936549,0.903060,0.970037,0.839524,0.816227,0.862820,0.019445,0.005227,0.049800,0.027286,0.000000
sun_moon,nopen,275,1175.870,0.236637,0.819596,0.780004,0.859188,33,0.00026158,3,0.053103,0.083838,0.022368,0.942473,0.909778,0.975168,0.861902,0.845398,0.878406,0.018678,0.004260,0.043532,0.023817,0.000000
sun_moon,nopen,300,1437.036,0.202719,0.846937,0.803289,0.890585,36,0.00037235,2,0.049315,0.077571,0.021059,0.947560,0.917755,0.977366,0.887470,0.865601,0.909340,0.017053,0.004100,0.038478,0.018432,0.000000
sun_moon,nopen,325,1481.028,0.179678,0.864986,0.818109,0.911864,36,0.00058944,2,0.045278,0.072710,0.017847,0.952311,0.923488,0.981134,0.902865,0.877593,0.928138,0.015975,0.003453,0.035385,0.014656,0.000000
sun_moon,nopen,350,1766.431,0.167235,0.879674,0.839175,0.920172,39,0.00045201,4,0.049904,0.078868,0.020940,0.949032,0.919868,0.978196,0.922400,0.905359,0.939441,0.017489,0.004198,0.031431,0.013365,0.000000
sun_moon,nopen,375,1813.946,0.152015,0.893458,0.853403,0.933513,39,0.00045608,3,0.049670,0.081137,0.018203,0.950189,0.919169,0.981209,0.936575,0.922645,0.950506,0.018200,0.003566,0.028626,0.011056,0.000000
sun_moon,nopen,400,2119.021,0.144452,0.901873,0.862363,0.941383,38,0.00040954,2,0.052419,0.087943,0.016895,0.948478,0.914298,0.982658,0.947745,0.938202,0.957287,0.019552,0.003397,0.026901,0.009680,0.000000
sun_moon,nopen,425,2165.445,0.144757,0.903051,0.872769,0.933333,38,0.00041061,2,0.055138,0.089455,0.020821,0.946312,0.914010,0.978614,0.951804,0.950843,0.952766,0.020259,0.003933,0.025197,0.010863,0.000000
sun_moon,nopen,450,2465.479,0.141687,0.906741,0.876714,0.936768,38,0.00035876,4,0.055730,0.095398,0.016062,0.946522,0.909640,0.983405,0.956082,0.960350,0.951814,0.021397,0.003239,0.024324,0.010503,0.000000
sun_moon,nopen,475,2511.746,0.141819,0.901707,0.888014,0.915399,38,0.00039449,3,0.050577,0.084378,0.016776,0.950865,0.919435,0.982295,0.946849,0.962943,0.930756,0.019020,0.003325,0.021858,0.014151,0.000000
sun_moon,nopen,500,2816.235,0.133625,0.907636,0.893702,0.921571,38,0.00042444,2,0.048653,0.082433,0.014872,0.952913,0.921478,0.984348,0.951325,0.967373,0.935277,0.018531,0.002914,0.020697,0.013023,0.000000
sun_moon,nopen,525,2863.137,0.131187,0.907664,0.896196,0.919131,38,0.00045139,1,0.046491,0.079300,0.013682,0.954878,0.924228,0.985527,0.949486,0.967264,0.931707,0.017663,0.002769,0.019883,0.013525,0.000000
sun_moon,nopen,550,3167.019,0.135859,0.904461,0.899980,0.908942,38,0.00032740,1,0.049120,0.079084,0.019155,0.952220,0.924699,0.979741,0.948754,0.971154,0.926353,0.017820,0.003696,0.019365,0.015088,0.000000
sun_moon,nopen,575,3214.039,0.137167,0.903667,0.906306,0.901027,38,0.00033766,2,0.049347,0.079300,0.019393,0.952166,0.925010,0.979323,0.948339,0.978176,0.918501,0.017696,0.003983,0.017991,0.016813,0.000000
sun_moon,nopen,600,3508.002,0.141622,0.899490,0.907870,0.891110,37,0.00036054,1,0.050737,0.077679,0.023795,0.950513,0.926445,0.974581,0.945353,0.978392,0.912314,0.017315,0.004817,0.017538,0.018519,0.000000
sun_moon,nopen,625,3553.354,0.150294,0.894207,0.909655,0.878760,37,0.00040340,1,0.056101,0.079840,0.032362,0.945193,0.924830,0.965557,0.944740,0.982282,0.907198,0.017798,0.006268,0.017357,0.020614,0.000000
sun_moon,nopen,650,3845.222,0.145100,0.899967,0.913209,0.886725,36,0.00038526,2,0.055242,0.078003,0.032481,0.946160,0.926581,0.965738,0.949984,0.984443,0.915526,0.017609,0.006538,0.016767,0.019437,0.000000
sun_moon,nopen,675,3889.441,0.138200,0.904406,0.912712,0.896101,36,0.00033406,1,0.052566,0.076815,0.028316,0.948847,0.927508,0.970187,0.952149,0.982822,0.921475,0.017310,0.005692,0.016807,0.017681,0.000000
sun_moon,nopen,700,4172.268,0.131728,0.908920,0.914297,0.903542,36,0.00026706,1,0.053237,0.075303,0.031172,0.948241,0.928856,0.967626,0.957427,0.983146,0.931707,0.016691,0.006005,0.016324,0.016175,0.000000
sun_moon,nopen,725,4215.973,0.127788,0.914535,0.914526,0.914543,36,0.00024417,0,0.054285,0.076923,0.031648,0.947550,0.927554,0.967545,0.964180,0.984875,0.943486,0.017241,0.006343,0.016376,0.014371,0.000000
sun_moon,nopen,750,4500.695,0.121798,0.917447,0.916163,0.918731,36,0.00022302,2,0.050594,0.073466,0.027722,0.950985,0.930492,0.971478,0.963835,0.983470,0.944200,0.016394,0.005496,0.015973,0.013629,0.000000
sun_moon,nopen,775,4544.588,0.124156,0.914884,0.915608,0.914160,36,0.00016271,1,0.049978,0.071521,0.028435,0.951348,0.932054,0.970642,0.960624,0.981093,0.940155,0.015983,0.005603,0.016087,0.014468,0.000000
sun_moon,nopen,800,4828.831,0.130202,0.912223,0.913166,0.911280,36,0.00018838,3,0.053789,0.074978,0.032600,0.947777,0.929039,0.966516,0.961311,0.981634,0.940988,0.016772,0.006565,0.016591,0.015097,0.000000
sun_moon,nopen,825,4872.693,0.128123,0.912628,0.919903,0.905353,36,0.00017164,2,0.053397,0.070981,0.035812,0.948006,0.932795,0.963216,0.961487,0.985199,0.937775,0.015834,0.007023,0.015153,0.016087,0.000000
sun_moon,nopen,850,5156.555,0.108486,0.925729,0.925584,0.925874,36,0.00015450,1,0.045710,0.064175,0.027246,0.955492,0.938832,0.972151,0.968042,0.984983,0.951101,0.014220,0.005374,0.013862,0.012467,0.000000
sun_moon,nopen,875,5200.131,0.104062,0.928061,0.921085,0.935038,36,0.00014390,1,0.043769,0.063742,0.023795,0.957331,0.938917,0.975746,0.968542,0.979797,0.957287,0.013880,0.004771,0.014514,0.010814,0.000000
sun_moon,nopen,900,5482.677,0.101445,0.930721,0.924225,0.937217,36,0.00011710,1,0.044429,0.063634,0.025223,0.956812,0.939203,0.974421,0.971947,0.983038,0.960857,0.013807,0.005047,0.013877,0.010484,0.000000
sun_moon,nopen,925,5526.074,0.100674,0.931809,0.925046,0.938572,36,0.00011062,1,0.045137,0.063742,0.026532,0.956182,0.939163,0.973200,0.973742,0.984010,0.963474,0.013759,0.005371,0.013703,0.010264,0.000000
sun_moon,nopen,950,5802.651,0.100314,0.932077,0.925794,0.938360,36,0.00009328,1,0.046538,0.064283,0.028792,0.954897,0.938755,0.971039,0.975342,0.985307,0.965378,0.013922,0.005607,0.013488,0.010164,0.000000
sun_moon,nopen,975,5846.163,0.099424,0.932727,0.929437,0.936018,36,0.00011289,1,0.044679,0.061041,0.028316,0.956566,0.941711,0.971422,0.974347,0.986171,0.962522,0.013316,0.005664,0.012960,0.010665,0.000000
sun_moon,nopen,1000,6127.147,0.099478,0.933465,0.930259,0.936671,36,0.00011686,0,0.046280,0.061150,0.031410,0.955089,0.941668,0.968511,0.976618,0.987143,0.966092,0.013264,0.006266,0.012694,0.010673,0.000000
sun_moon,nopen,1025,6170.159,0.100005,0.932294,0.930686,0.933901,36,0.00013910,0,0.045768,0.058341,0.033195,0.955412,0.944082,0.966742,0.974942,0.984983,0.964902,0.012757,0.006571,0.012605,0.011033,0.000000
sun_moon,nopen,1050,6447.089,0.100551,0.930715,0.928695,0.932734,36,0.00015227,1,0.046027,0.059097,0.032957,0.955124,0.943322,0.966925,0.973526,0.983578,0.963474,0.012618,0.006428,0.012776,0.011182,0.000000
sun_moon,nopen,1075,6489.677,0.101272,0.931364,0.930332,0.932397,36,0.00007746,0,0.046896,0.060717,0.033076,0.954420,0.942038,0.966802,0.975028,0.986819,0.963236,0.013274,0.006372,0.012677,0.011239,0.000000
sun_moon,nopen,1100,6760.824,0.101547,0.932071,0.930686,0.933456,35,0.00006878,0,0.045887,0.058341,0.033432,0.955293,0.944082,0.966504,0.974823,0.984983,0.964664,0.012956,0.006638,0.012856,0.011180,0.000000
sun_moon,nopen,1125,6802.111,0.097891,0.933585,0.932482,0.934687,35,0.00007912,0,0.044373,0.057692,0.031053,0.956761,0.944738,0.968784,0.974996,0.986279,0.963712,0.012647,0.006129,0.012278,0.010946,0.000000
sun_moon,nopen,1150,7071.550,0.095314,0.935313,0.934465,0.936160,35,0.00006212,0,0.044600,0.056720,0.032481,0.956584,0.945680,0.967488,0.977018,0.987468,0.966568,0.012315,0.006278,0.011898,0.010562,0.000000
sun_moon,nopen,1175,7112.833,0.091535,0.937666,0.937730,0.937601,35,0.00005493,0,0.041302,0.054883,0.027722,0.959735,0.947434,0.972036,0.976395,0.989196,0.963593,0.011928,0.005572,0.011298,0.010451,0.000000
sun_moon,nopen,1200,7383.828,0.089483,0.939024,0.938397,0.939650,35,0.00020531,1,0.040573,0.054019,0.027127,0.960438,0.948213,0.972662,0.977114,0.989088,0.965140,0.011761,0.005376,0.011125,0.010086,0.000000
sun_moon,nopen,1225,7425.532,0.089026,0.938996,0.937898,0.940095,35,0.00015286,1,0.040649,0.052506,0.028792,0.960293,0.949496,0.971091,0.977153,0.987143,0.967162,0.011475,0.005619,0.011244,0.009850,0.000000
sun_moon,nopen,1250,7697.076,0.088191,0.940027,0.937244,0.942811,35,0.00009820,1,0.040654,0.053587,0.027722,0.960356,0.948526,0.972186,0.978207,0.987468,0.968947,0.011594,0.005491,0.011272,0.009560,0.000000
sun_moon,nopen,1275,7738.775,0.087878,0.939520,0.937481,0.941558,35,0.00012846,1,0.040091,0.054127,0.026056,0.960905,0.948072,0.973738,0.977158,0.988224,0.966092,0.011798,0.005070,0.011201,0.009627,0.000000
sun_moon,nopen,1300,8007.982,0.090084,0.938291,0.935828,0.940754,35,0.00014611,1,0.041054,0.053911,0.028198,0.959923,0.948172,0.971674,0.976780,0.986279,0.967281,0.011796,0.005416,0.011694,0.009694,0.000000
sun_moon,nopen,1325,8049.299,0.087517,0.940335,0.937776,0.942894,35,0.00009461,1,0.039655,0.052182,0.027127,0.961262,0.949771,0.972753,0.977591,0.986711,0.968471,0.011456,0.005252,0.011316,0.009480,0.000000
sun_moon,nopen,1350,8321.485,0.086122,0.941651,0.938354,0.944948,35,0.00012985,2,0.037962,0.051534,0.024390,0.962893,0.950364,0.975423,0.977353,0.986711,0.967995,0.011319,0.004998,0.011244,0.009275,0.000000
sun_moon,nopen,1375,8363.592,0.086483,0.940647,0.937918,0.943377,35,0.00010884,1,0.039293,0.051102,0.027484,0.961573,0.950719,0.972428,0.977576,0.985847,0.969304,0.011247,0.005321,0.011182,0.009337,0.000000
sun_moon,nopen,1400,8629.938,0.084560,0.941964,0.937012,0.946916,35,0.00013130,1,0.037849,0.051426,0.024271,0.962989,0.950391,0.975586,0.977549,0.985199,0.969899,0.011155,0.004831,0.011283,0.008880,0.000000
sun_moon,nopen,1425,8672.288,0.084991,0.942009,0.937737,0.946281,35,0.00011132,1,0.039362,0.053263,0.025461,0.961632,0.948832,0.974432,0.979029,0.987684,0.970375,0.011580,0.004976,0.011232,0.008794,0.000000
sun_moon,nopen,1450,8938.132,0.084431,0.941875,0.936627,0.947124,35,0.00010221,2,0.037827,0.051858,0.023795,0.963021,0.949995,0.976048,0.977430,0.985199,0.969661,0.011204,0.004812,0.011336,0.008776,0.000000
sun_moon,nopen,1475,8980.429,0.085917,0.941151,0.936679,0.945623,35,0.00009333,1,0.039449,0.052723,0.026175,0.961490,0.949246,0.973734,0.978219,0.986063,0.970375,0.011452,0.005101,0.011419,0.008922,0.000000
sun_moon,nopen,1500,9245.905,0.080668,0.943855,0.940861,0.946849,35,0.00011822,1,0.036920,0.048617,0.025223,0.963856,0.953037,0.974674,0.978667,0.986603,0.970732,0.010571,0.004793,0.010606,0.008575,0.000000
sun_moon,nopen,1525,9287.914,0.080925,0.944540,0.940056,0.949025,35,0.00016245,1,0.036785,0.048941,0.024628,0.964006,0.952714,0.975298,0.979230,0.986063,0.972397,0.010688,0.004837,0.010769,0.008406,0.000000
sun_moon,nopen,1550,9546.260,0.080710,0.944383,0.938626,0.950139,35,0.00012383,2,0.036417,0.049157,0.023676,0.964346,0.952456,0.976236,0.978701,0.984767,0.972635,0.010587,0.004688,0.010952,0.008285,0.000000
sun_moon,nopen,1575,9588.333,0.078197,0.946374,0.939840,0.952908,35,0.00015549,2,0.035632,0.050562,0.020702,0.965222,0.951286,0.979159,0.979997,0.987360,0.972635,0.011142,0.003956,0.010857,0.007623,0.000000
sun_moon,nopen,1600,9855.433,0.069325,0.950958,0.939319,0.962596,35,0.00015610,2,0.029391,0.050454,0.008328,0.971423,0.951354,0.991492,0.978662,0.986711,0.970613,0.011017,0.001453,0.010918,0.005919,0.000000
sun_moon,nopen,1625,9897.405,0.069658,0.950860,0.939195,0.962525,35,0.00014234,2,0.029142,0.051858,0.006425,0.971768,0.950125,0.993411,0.978304,0.987900,0.968709,0.011267,0.001212,0.010962,0.005985,0.000000
sun_moon,nopen,1650,10171.207,0.068071,0.951143,0.941479,0.960807,35,0.00009414,2,0.028235,0.048617,0.007852,0.972511,0.953066,0.991956,0.977802,0.987252,0.968352,0.010642,0.001355,0.010522,0.006148,0.000000
sun_moon,nopen,1675,10213.158,0.067748,0.951707,0.942116,0.961298,35,0.00013440,2,0.028635,0.048941,0.008328,0.972147,0.952812,0.991481,0.978764,0.988224,0.969304,0.010692,0.001430,0.010438,0.006052,0.000000
sun_moon,nopen,1700,10487.363,0.065954,0.953933,0.941086,0.966781,35,0.00018385,2,0.027683,0.048941,0.006425,0.973102,0.952763,0.993440,0.980068,0.987143,0.972992,0.010780,0.001195,0.010687,0.005268,0.000000
sun_moon,nopen,1725,10529.585,0.066266,0.953091,0.940783,0.965399,35,0.00017481,2,0.028272,0.049049,0.007496,0.972503,0.952654,0.992353,0.979781,0.986927,0.972635,0.010698,0.001400,0.010566,0.005433,0.000000
sun_moon,nopen,1750,10786.490,0.067189,0.954022,0.940214,0.967830,34,0.00015582,2,0.027931,0.049914,0.005949,0.972898,0.951870,0.993927,0.980365,0.987143,0.973587,0.011261,0.001176,0.011095,0.005047,0.000000
sun_moon,nopen,1775,10827.637,0.067526,0.952724,0.938400,0.967049,34,0.00018742,3,0.028969,0.050562,0.007377,0.971850,0.951214,0.992485,0.980015,0.985847,0.974182,0.011145,0.001311,0.011182,0.005055,0.000000
sun_moon,nopen,1800,11089.257,0.066167,0.954623,0.940504,0.968743,34,0.00026676,2,0.027234,0.049589,0.004878,0.973591,0.952168,0.995014,0.980306,0.987143,0.973468,0.011085,0.001007,0.011000,0.004947,0.000000
sun_moon,nopen,1825,11130.427,0.065922,0.954761,0.940553,0.968968,34,0.00025089,2,0.027487,0.050454,0.004521,0.973396,0.951415,0.995377,0.980678,0.988008,0.973349,0.011172,0.000994,0.010858,0.004975,0.000000
sun_moon,nopen,1850,11377.480,0.067378,0.952610,0.939478,0.965741,34,0.00021521,2,0.029282,0.051426,0.007139,0.971614,0.950515,0.992714,0.980214,0.987792,0.972635,0.011225,0.001278,0.010868,0.005290,0.000000
sun_moon,nopen,1875,11418.768,0.067734,0.952570,0.939537,0.965603,34,0.00022872,3,0.028607,0.050670,0.006544,0.972244,0.951176,0.993312,0.979532,0.987143,0.971921,0.011176,0.001220,0.010961,0.005366,0.000000
sun_moon,nopen,1900,11681.163,0.064616,0.955365,0.941837,0.968894,34,0.00024206,2,0.027715,0.049481,0.005949,0.973130,0.952326,0.993934,0.981549,0.988440,0.974658,0.010968,0.001137,0.010569,0.004860,0.000000
sun_moon,nopen,1925,11722.338,0.065303,0.954964,0.940594,0.969335,34,0.00022570,2,0.026207,0.047537,0.004878,0.974496,0.953975,0.995017,0.979685,0.985307,0.974063,0.010651,0.000998,0.011004,0.004887,0.000000
sun_moon,nopen,1950,11978.802,0.068086,0.952871,0.938008,0.967734,34,0.00029209,3,0.030618,0.050886,0.010351,0.970218,0.950912,0.989524,0.981745,0.985739,0.977751,0.011186,0.001772,0.011304,0.004844,0.000000
sun_moon,nopen,1975,12019.931,0.064422,0.955841,0.940977,0.970706,34,0.00022530,3,0.028045,0.048833,0.007258,0.972742,0.952853,0.992632,0.982339,0.986927,0.977751,0.010775,0.001402,0.010731,0.004602,0.000000
sun_moon,nopen,2000,12285.328,0.066354,0.955214,0.938433,0.971996,34,0.00029073,3,0.028137,0.049373,0.006901,0.972628,0.952257,0.992999,0.981735,0.984767,0.978703,0.011007,0.001410,0.011414,0.004428,0.000000
sun_moon,nopen,2025,12326.619,0.065911,0.955263,0.936289,0.974238,34,0.00028905,2,0.027375,0.047969,0.006782,0.973262,0.953391,0.993133,0.981023,0.981201,0.980845,0.010742,0.001327,0.011841,0.004027,0.000000
sun_moon,nopen,2050,12573.756,0.068564,0.952759,0.937327,0.968190,34,0.00025102,3,0.031569,0.053263,0.009875,0.969406,0.948811,0.990001,0.982501,0.987252,0.977751,0.011732,0.001655,0.011413,0.004689,0.000000
sun_moon,nopen,2075,12614.786,0.068156,0.954079,0.938643,0.969514,34,0.00036598,2,0.029055,0.051210,0.006901,0.971821,0.950661,0.992981,0.981458,0.986711,0.976205,0.011427,0.001424,0.011305,0.004902,0.000000
sun_moon,nopen,2100,12854.100,0.068190,0.953253,0.938700,0.967807,34,0.00028471,2,0.030553,0.052182,0.008923,0.970381,0.949818,0.990944,0.982063,0.987684,0.976443,0.011588,0.001611,0.011172,0.004893,0.000000
sun_moon,nopen,2125,12895.135,0.069909,0.952811,0.937365,0.968256,34,0.00034595,3,0.030196,0.052182,0.008209,0.970705,0.949750,0.991661,0.981242,0.986279,0.976205,0.011504,0.001711,0.011480,0.005134,0.000000
sun_moon,nopen,2150,13149.870,0.070662,0.952243,0.936323,0.968164,34,0.00020512,2,0.032179,0.055315,0.009042,0.968908,0.946987,0.990829,0.982517,0.988116,0.976919,0.012189,0.001630,0.011620,0.004977,0.000000
sun_moon,nopen,2175,13191.079,0.066794,0.955240,0.940572,0.969908,34,0.00043277,2,0.029494,0.050778,0.008209,0.971404,0.951133,0.991675,0.983101,0.988332,0.977870,0.011348,0.001575,0.011013,0.004689,0.000000
sun_moon,nopen,2200,13439.241,0.069256,0.953322,0.940664,0.965980,34,0.00023917,3,0.032472,0.054235,0.010708,0.968649,0.948146,0.989151,0.984002,0.991681,0.976324,0.012080,0.001848,0.010853,0.005213,0.000000
sun_moon,nopen,2225,13480.285,0.065541,0.954729,0.943957,0.965501,34,0.00022235,2,0.028625,0.046780,0.010470,0.972090,0.954797,0.989382,0.981863,0.988116,0.975610,0.010508,0.001908,0.010279,0.005307,0.000000
sun_moon,nopen,2250,13743.530,0.066466,0.953702,0.940831,0.966573,34,0.00008952,3,0.030370,0.049914,0.010827,0.970470,0.951900,0.989040,0.982415,0.987792,0.977037,0.010969,0.001794,0.010697,0.005055,0.000000
sun_moon,nopen,2275,13784.535,0.065573,0.953495,0.942526,0.964463,34,0.00017786,3,0.026447,0.045160,0.007733,0.974136,0.956166,0.992106,0.978506,0.985091,0.971921,0.009881,0.001576,0.010261,0.005827,0.000000
sun_moon,penalty,1,1.422,1.095125,0.222408,0.192544,0.252272,20,0.00000000,0,0.178780,0.179451,0.178108,0.591939,0.558597,0.625282,0.262150,0.227096,0.297204,0.040569,0.035884,0.177669,0.149146,0.010000
sun_moon,penalty,25,27.086,0.797285,0.364217,0.354434,0.374001,20,0.00000003,0,0.090185,0.093993,0.086377,0.814785,0.804889,0.824680,0.397027,0.387748,0.406306,0.020869,0.017323,0.131327,0.115338,0.010000
sun_moon,penalty,50,194.620,0.626771,0.490555,0.509778,0.471331,23,0.00006175,1,0.073621,0.082757,0.064485,0.877864,0.869617,0.886111,0.526846,0.551966,0.501725,0.018183,0.012747,0.098370,0.095074,0.010000
sun_moon,penalty,75,224.720,0.530292,0.565756,0.592047,0.539465,23,0.00009536,0,0.063895,0.078652,0.049137,0.905230,0.890345,0.920116,0.602293,0.638613,0.565973,0.017430,0.009787,0.081489,0.081645,0.010000
sun_moon,penalty,100,414.594,0.468837,0.618791,0.616856,0.620725,25,0.00065190,3,0.062350,0.084486,0.040214,0.914620,0.887869,0.941370,0.657329,0.668971,0.645687,0.018478,0.007840,0.076544,0.066423,0.010000
sun_moon,penalty,125,448.054,0.413773,0.664732,0.638425,0.691039,25,0.00205300,2,0.056500,0.081353,0.031648,0.926038,0.894582,0.957494,0.701636,0.690363,0.712909,0.017783,0.006167,0.071963,0.053507,0.010000
sun_moon,penalty,150,662.412,0.369414,0.706336,0.654111,0.758561,25,0.00213672,5,0.056299,0.084162,0.028435,0.929372,0.893913,0.964832,0.744646,0.709162,0.780131,0.018483,0.005558,0.068990,0.041629,0.010000
sun_moon,penalty,175,695.703,0.332558,0.738325,0.679632,0.797018,25,0.00144374,4,0.054878,0.080488,0.029268,0.933385,0.901220,0.965551,0.777340,0.734334,0.820345,0.017785,0.005740,0.063807,0.034946,0.010000
sun_moon,penalty,200,908.621,0.307075,0.761920,0.701300,0.822540,25,0.00135930,5,0.056430,0.080380,0.032481,0.933625,0.904087,0.963163,0.803464,0.757671,0.849256,0.017800,0.006397,0.059450,0.030493,0.010000
sun_moon,penalty,225,941.573,0.284785,0.780066,0.709481,0.850651,25,0.00138681,3,0.053109,0.082541,0.023676,0.938245,0.902959,0.973530,0.819417,0.768042,0.870791,0.018221,0.004695,0.057713,0.025434,0.010000
sun_moon,penalty,250,1154.313,0.261522,0.800498,0.719960,0.881036,25,0.00142822,1,0.049974,0.079840,0.020107,0.942493,0.906868,0.978117,0.838096,0.777442,0.898751,0.017866,0.003958,0.055813,0.020116,0.010000
sun_moon,penalty,275,1187.543,0.242561,0.812176,0.727776,0.896576,25,0.00139059,1,0.045613,0.073142,0.018084,0.947471,0.914369,0.980573,0.846898,0.781007,0.912790,0.015847,0.003474,0.053525,0.017344,0.010000
sun_moon,penalty,300,1402.004,0.237020,0.817596,0.731950,0.903241,25,0.00103128,2,0.044910,0.072926,0.016895,0.948484,0.915030,0.981938,0.851915,0.785328,0.918501,0.016082,0.003219,0.052929,0.016187,0.010000
sun_moon,penalty,325,1435.449,0.233946,0.820584,0.736279,0.904890,25,0.00100825,2,0.045193,0.070873,0.019512,0.948407,0.917526,0.979288,0.855504,0.788462,0.922546,0.015657,0.003835,0.052016,0.015985,0.010000
sun_moon,penalty,350,1646.925,0.234206,0.820918,0.732755,0.909080,25,0.00072682,3,0.044695,0.071305,0.018084,0.948782,0.916730,0.980835,0.855262,0.785004,0.925521,0.015894,0.003569,0.052843,0.015324,0.010000
sun_moon,penalty,375,1679.935,0.231202,0.823876,0.738258,0.909493,25,0.00043663,2,0.046685,0.071953,0.021416,0.947061,0.916656,0.977466,0.860175,0.791379,0.928971,0.016141,0.004130,0.051704,0.015126,0.010000
sun_moon,penalty,400,1895.882,0.225730,0.826735,0.744146,0.909325,25,0.00027381,2,0.044322,0.070441,0.018203,0.949736,0.918754,0.980718,0.861221,0.796564,0.925877,0.015768,0.003544,0.050423,0.015101,0.010000
sun_moon,penalty,425,1929.071,0.221072,0.833163,0.752206,0.914119,25,0.00025703,2,0.048493,0.077355,0.019631,0.946118,0.912864,0.979372,0.871229,0.810393,0.932064,0.017194,0.003747,0.048940,0.014220,0.010000
sun_moon,penalty,450,2144.154,0.215684,0.836114,0.764114,0.908114,25,0.00028396,2,0.046305,0.073574,0.019036,0.948769,0.917694,0.979844,0.872867,0.820333,0.925402,0.016331,0.003648,0.046457,0.015383,0.010000
sun_moon,penalty,475,2177.293,0.206889,0.841266,0.770926,0.911606,25,0.00021546,2,0.041792,0.068712,0.014872,0.953600,0.923021,0.984179,0.874531,0.823898,0.925164,0.015502,0.002802,0.045155,0.014606,0.010000
sun_moon,penalty,500,2393.214,0.202704,0.843165,0.773035,0.913294,25,0.00021218,2,0.039737,0.068172,0.011303,0.955824,0.923737,0.987910,0.874676,0.825735,0.923617,0.015182,0.002197,0.044375,0.014454,0.010000
sun_moon,penalty,525,2427.023,0.205303,0.844741,0.772325,0.917157,25,0.00024514,2,0.042698,0.074330,0.011065,0.952995,0.917782,0.988208,0.878519,0.829732,0.927305,0.016719,0.002246,0.045037,0.013858,0.010000
sun_moon,penalty,550,2635.139,0.203561,0.845335,0.773221,0.917450,24,0.00006358,2,0.043984,0.074762,0.013206,0.951727,0.917462,0.985992,0.880297,0.831029,0.929566,0.016717,0.002493,0.044652,0.013582,0.010000
sun_moon,penalty,575,2667.668,0.207672,0.843923,0.773038,0.914809,24,0.00007774,2,0.047894,0.076275,0.019512,0.947765,0.916022,0.979508,0.882330,0.832001,0.932659,0.017046,0.003617,0.044868,0.014006,0.010000
sun_moon,penalty,600,2870.817,0.207671,0.845341,0.774465,0.916218,24,0.00004039,2,0.048254,0.079732,0.016776,0.947631,0.912951,0.982311,0.883901,0.836214,0.931588,0.017966,0.003194,0.044788,0.013846,0.010000
sun_moon,penalty,625,2902.773,0.206412,0.846559,0.776043,0.917075,24,0.00011643,4,0.049152,0.079624,0.018679,0.946805,0.913212,0.980397,0.886020,0.837835,0.934206,0.017747,0.003634,0.044322,0.013765,0.010000
sun_moon,penalty,650,3105.412,0.208493,0.846246,0.775855,0.916638,24,0.00005843,3,0.050314,0.080164,0.020464,0.945643,0.912696,0.978591,0.886723,0.838051,0.935396,0.018089,0.004017,0.044581,0.013850,0.010000
sun_moon,penalty,675,3137.434,0.203813,0.848602,0.781237,0.915967,24,0.00015452,2,0.048224,0.075627,0.020821,0.947825,0.917433,0.978218,0.887679,0.840320,0.935039,0.017174,0.003931,0.043451,0.013898,0.010000
sun_moon,penalty,700,3339.134,0.206670,0.846290,0.777377,0.915203,24,0.00004994,2,0.050586,0.078328,0.022844,0.945362,0.914545,0.976179,0.887188,0.838267,0.936109,0.017503,0.004302,0.043951,0.014025,0.010000
sun_moon,penalty,725,3370.909,0.200703,0.851339,0.783385,0.919293,24,0.00005677,2,0.049948,0.076815,0.023081,0.946293,0.916539,0.976046,0.892036,0.843561,0.940512,0.017046,0.004440,0.042768,0.013377,0.010000
sun_moon,penalty,750,3575.038,0.197699,0.853390,0.781539,0.925241,24,0.00003897,1,0.049473,0.075627,0.023319,0.946713,0.917463,0.975963,0.893731,0.840644,0.946817,0.016816,0.004463,0.043050,0.012200,0.010000
sun_moon,penalty,775,3607.374,0.194085,0.855858,0.782286,0.929430,24,0.00012511,1,0.047915,0.075843,0.019988,0.948342,0.917334,0.979351,0.894812,0.841616,0.948007,0.016862,0.003854,0.042844,0.011464,0.010000
sun_moon,penalty,800,3810.300,0.198468,0.851474,0.780694,0.922253,24,0.00005670,1,0.048343,0.074438,0.022249,0.947718,0.918490,0.976945,0.890790,0.838807,0.942772,0.016497,0.004143,0.043124,0.012699,0.010000
sun_moon,penalty,825,3842.359,0.179961,0.864277,0.788968,0.939586,24,0.00018847,2,0.041798,0.067416,0.016181,0.954609,0.925882,0.983335,0.898473,0.842156,0.954789,0.014935,0.003012,0.041264,0.009705,0.010000
sun_moon,penalty,850,4045.131,0.183581,0.861130,0.789292,0.932968,24,0.00010239,3,0.043027,0.065471,0.020583,0.953306,0.927771,0.978841,0.896570,0.840968,0.952171,0.014600,0.003863,0.041133,0.010805,0.010000
sun_moon,penalty,875,4076.803,0.176952,0.865779,0.791113,0.940445,24,0.00024589,4,0.039901,0.064931,0.014872,0.956550,0.928444,0.984657,0.898456,0.842481,0.954432,0.014439,0.002729,0.040755,0.009588,0.010000
sun_moon,penalty,900,4279.363,0.180498,0.864349,0.788761,0.939937,24,0.00025740,3,0.042555,0.068928,0.016181,0.953883,0.924425,0.983341,0.899137,0.843129,0.955146,0.015247,0.003007,0.041347,0.009632,0.010000
sun_moon,penalty,925,4311.160,0.177820,0.865490,0.791405,0.939575,24,0.00032884,3,0.039971,0.065903,0.014039,0.956507,0.927536,0.985479,0.898164,0.843561,0.952766,0.014573,0.002720,0.040653,0.009897,0.010000
sun_moon,penalty,950,4513.375,0.179944,0.864022,0.789681,0.938363,24,0.00026679,3,0.042604,0.067956,0.017252,0.953839,0.925430,0.982248,0.898948,0.843345,0.954551,0.014840,0.003241,0.040935,0.009944,0.010000
sun_moon,penalty,975,4544.952,0.171971,0.869642,0.792380,0.946904,24,0.00035034,3,0.038408,0.066227,0.010589,0.958182,0.927309,0.989056,0.900894,0.844857,0.956930,0.014592,0.002007,0.040359,0.008583,0.010000
sun_moon,penalty,1000,4747.830,0.176732,0.868041,0.789675,0.946408,24,0.00024750,2,0.040817,0.071521,0.010113,0.955797,0.922063,0.989532,0.901066,0.846154,0.955979,0.015878,0.001888,0.041306,0.008664,0.010000
sun_moon,penalty,1025,4779.905,0.173670,0.866485,0.792098,0.940871,24,0.00020739,3,0.035916,0.063742,0.008090,0.960606,0.929670,0.991542,0.895536,0.842589,0.948483,0.014223,0.001349,0.040634,0.009421,0.010000
sun_moon,penalty,1050,4983.899,0.166297,0.869200,0.797816,0.940585,24,0.00019945,2,0.031896,0.058557,0.005235,0.964827,0.935160,0.994494,0.895021,0.844533,0.945509,0.012548,0.000922,0.038923,0.009728,0.010000
sun_moon,penalty,1075,5015.577,0.162484,0.871100,0.801308,0.940891,24,0.00029928,3,0.031734,0.057044,0.006425,0.965082,0.936902,0.993261,0.896977,0.847018,0.946936,0.012220,0.001037,0.038094,0.009369,0.010000
sun_moon,penalty,1100,5215.116,0.164349,0.870378,0.801513,0.939243,23,0.00032318,3,0.031524,0.056504,0.006544,0.965287,0.937448,0.993126,0.896096,0.846802,0.945390,0.012400,0.001032,0.038360,0.009631,0.010000
sun_moon,penalty,1125,5245.547,0.162278,0.871785,0.805715,0.937855,23,0.00039222,2,0.030000,0.054883,0.005116,0.966973,0.939343,0.994602,0.896294,0.849935,0.942653,0.012085,0.000835,0.037599,0.009942,0.010000
sun_moon,penalty,1150,5444.627,0.154646,0.878089,0.815552,0.940627,23,0.00047426,2,0.029552,0.053155,0.005949,0.967736,0.941720,0.993752,0.902562,0.858902,0.946222,0.011707,0.001054,0.035600,0.009457,0.010000
sun_moon,penalty,1175,5475.405,0.143628,0.886037,0.829487,0.942587,23,0.00060802,2,0.027878,0.048617,0.007139,0.969801,0.947065,0.992536,0.909565,0.869814,0.949316,0.010711,0.001180,0.032670,0.009118,0.010000
sun_moon,penalty,1200,5670.999,0.136513,0.892417,0.845584,0.939251,23,0.00072010,1,0.028072,0.049481,0.006663,0.970094,0.947186,0.993003,0.916466,0.887424,0.945509,0.010842,0.001330,0.029399,0.009851,0.010000
sun_moon,penalty,1225,5701.934,0.137612,0.892641,0.847031,0.938251,23,0.00091815,1,0.030640,0.051642,0.009637,0.967566,0.945202,0.989929,0.919033,0.890774,0.947293,0.011278,0.001771,0.029138,0.009994,0.010000
sun_moon,penalty,1250,5901.852,0.142389,0.892234,0.843027,0.941440,23,0.00104610,1,0.034171,0.060609,0.007733,0.964216,0.936517,0.991914,0.921422,0.894123,0.948721,0.013336,0.001506,0.030263,0.009535,0.010000
sun_moon,penalty,1275,5932.912,0.140427,0.895068,0.851288,0.938848,23,0.00081277,1,0.037397,0.065039,0.009756,0.961440,0.933066,0.989814,0.927331,0.906655,0.948007,0.014375,0.001865,0.028609,0.009890,0.010000
sun_moon,penalty,1300,6129.868,0.131358,0.902053,0.857128,0.946977,23,0.00056407,1,0.034971,0.062446,0.007496,0.964016,0.935828,0.992205,0.932364,0.910653,0.954075,0.013840,0.001438,0.027522,0.008494,0.010000
sun_moon,penalty,1325,6160.800,0.130289,0.902646,0.857390,0.947902,23,0.00045418,1,0.035761,0.062122,0.009399,0.963206,0.936139,0.990272,0.933732,0.910653,0.956811,0.013692,0.001691,0.027419,0.008214,0.010000
sun_moon,penalty,1350,6357.142,0.132304,0.901560,0.854186,0.948935,23,0.00045826,2,0.035356,0.059529,0.011184,0.963382,0.938284,0.988479,0.932291,0.905035,0.959548,0.013300,0.002085,0.028169,0.008133,0.010000
sun_moon,penalty,1375,6388.149,0.133449,0.901850,0.853405,0.950294,23,0.00035316,0,0.036875,0.061258,0.012493,0.961915,0.936648,0.987183,0.933924,0.905683,0.962165,0.013673,0.002468,0.028361,0.007969,0.010000
sun_moon,penalty,1400,6588.053,0.127811,0.905079,0.852875,0.957283,23,0.00055767,0,0.032555,0.059637,0.005473,0.966221,0.938096,0.994346,0.933130,0.903738,0.962522,0.013363,0.001033,0.028492,0.006784,0.010000
sun_moon,penalty,1425,6619.481,0.124367,0.908255,0.855934,0.960576,23,0.00033576,2,0.033804,0.059637,0.007971,0.965069,0.938303,0.991834,0.937606,0.906979,0.968233,0.013195,0.001578,0.027744,0.006247,0.010000
sun_moon,penalty,1450,6820.565,0.122845,0.909365,0.857055,0.961675,23,0.00029840,1,0.034280,0.059637,0.008923,0.964633,0.938379,0.990887,0.939212,0.908168,0.970256,0.013220,0.001661,0.027455,0.005983,0.010000
sun_moon,penalty,1475,6851.762,0.119503,0.912505,0.860995,0.964016,23,0.00030907,1,0.033124,0.057800,0.008447,0.965855,0.940323,0.991386,0.941460,0.910761,0.972159,0.012983,0.001661,0.026830,0.005610,0.010000
sun_moon,penalty,1500,7051.484,0.119318,0.913316,0.859694,0.966938,23,0.00039042,2,0.033194,0.058773,0.007615,0.965796,0.939347,0.992245,0.942261,0.910220,0.974301,0.013203,0.001533,0.027093,0.005221,0.010000
sun_moon,penalty,1525,7082.779,0.119531,0.912804,0.860779,0.964829,23,0.00037614,1,0.032513,0.056936,0.008090,0.966427,0.941104,0.991751,0.941212,0.909788,0.972635,0.012899,0.001565,0.026982,0.005542,0.010000
sun_moon,penalty,1550,7283.314,0.118336,0.912038,0.863627,0.960449,23,0.00031345,1,0.031092,0.054451,0.007733,0.967827,0.943580,0.992073,0.939264,0.910653,0.967876,0.012250,0.001466,0.026300,0.006215,0.010000
sun_moon,penalty,1575,7314.698,0.119234,0.910105,0.863371,0.956840,23,0.00032630,2,0.031093,0.053263,0.008923,0.967755,0.944669,0.990841,0.937367,0.909356,0.965378,0.011839,0.001646,0.026151,0.006775,0.010000
sun_moon,penalty,1600,7517.423,0.118825,0.910857,0.864457,0.957256,23,0.00033850,1,0.030277,0.052939,0.007615,0.968602,0.945036,0.992167,0.937383,0.910220,0.964545,0.011862,0.001483,0.026032,0.006825,0.010000
sun_moon,penalty,1625,7548.616,0.116665,0.911098,0.866824,0.955372,23,0.00036003,1,0.029148,0.050562,0.007733,0.969715,0.947398,0.992031,0.936706,0.910653,0.962760,0.011167,0.001530,0.025355,0.007101,0.010000
sun_moon,penalty,1650,7749.104,0.115977,0.912287,0.867071,0.957502,23,0.00034424,1,0.029369,0.050886,0.007852,0.969518,0.947108,0.991929,0.938107,0.911193,0.965021,0.011296,0.001456,0.025447,0.006756,0.010000
sun_moon,penalty,1675,7780.306,0.118301,0.909949,0.869243,0.950655,23,0.00039502,1,0.029423,0.050994,0.007852,0.969502,0.947133,0.991871,0.935845,0.913570,0.958120,0.011278,0.001609,0.024929,0.007969,0.010000
sun_moon,penalty,1700,7977.147,0.117895,0.908795,0.871024,0.946566,23,0.00042142,1,0.028007,0.049589,0.006425,0.970925,0.948548,0.993301,0.933433,0.914218,0.952647,0.010988,0.001311,0.024540,0.008511,0.010000
sun_moon,penalty,1725,8007.887,0.116990,0.911775,0.872688,0.950862,23,0.00036781,1,0.029342,0.051426,0.007258,0.969704,0.946928,0.992479,0.937665,0.917567,0.957763,0.011517,0.001419,0.024430,0.008013,0.010000
sun_moon,penalty,1750,8208.966,0.116716,0.910452,0.876106,0.944798,23,0.00035622,0,0.029299,0.049914,0.008685,0.969749,0.948529,0.990969,0.936420,0.919836,0.953004,0.010946,0.001682,0.023574,0.008934,0.010000
sun_moon,penalty,1775,8240.078,0.114298,0.912739,0.879204,0.946275,23,0.00032427,1,0.027468,0.047321,0.007615,0.971599,0.951122,0.992077,0.937144,0.920808,0.953480,0.010675,0.001464,0.023162,0.008792,0.010000
sun_moon,penalty,1800,8441.392,0.116576,0.909551,0.879955,0.939147,23,0.00033955,1,0.026787,0.046672,0.006901,0.972262,0.951770,0.992755,0.933326,0.921024,0.945628,0.010403,0.001362,0.022833,0.010063,0.010000
sun_moon,penalty,1825,8472.543,0.115460,0.910840,0.880045,0.941635,23,0.00036174,1,0.026792,0.046564,0.007020,0.972264,0.951876,0.992652,0.934635,0.921024,0.948245,0.010434,0.001421,0.022883,0.009592,0.010000
sun_moon,penalty,1850,8672.009,0.114392,0.910466,0.879880,0.941051,23,0.00035646,1,0.026581,0.046024,0.007139,0.972450,0.952376,0.992524,0.934073,0.920376,0.947769,0.010145,0.001391,0.022658,0.009621,0.010000
sun_moon,penalty,1875,8702.981,0.116029,0.909741,0.880277,0.939204,23,0.00038395,1,0.025966,0.044080,0.007852,0.973004,0.954234,0.991773,0.932829,0.919080,0.946579,0.010098,0.001495,0.022909,0.009882,0.010000
sun_moon,penalty,1900,8902.327,0.115378,0.909821,0.880782,0.938860,23,0.00037493,1,0.025020,0.043971,0.006068,0.973989,0.954362,0.993617,0.932034,0.919512,0.944557,0.009973,0.001245,0.022805,0.009958,0.010000
sun_moon,penalty,1925,8933.326,0.114861,0.909651,0.882975,0.936326,23,0.00038349,1,0.024259,0.041379,0.007139,0.974712,0.956937,0.992487,0.931261,0.919512,0.943010,0.009461,0.001328,0.022399,0.010404,0.010000
sun_moon,penalty,1950,9131.375,0.114885,0.910836,0.881337,0.940336,23,0.00041581,1,0.025658,0.044296,0.007020,0.973362,0.954082,0.992642,0.933656,0.920376,0.946936,0.009955,0.001458,0.022595,0.009896,0.010000
sun_moon,penalty,1975,9162.417,0.116372,0.909376,0.879232,0.939519,23,0.00042375,1,0.027917,0.046672,0.009161,0.971081,0.951732,0.990430,0.934197,0.920268,0.948126,0.010269,0.001677,0.022842,0.009876,0.010000
sun_moon,penalty,2000,9362.759,0.116496,0.909769,0.880599,0.938939,23,0.00037107,1,0.027133,0.046889,0.007377,0.971931,0.951600,0.992262,0.933877,0.921889,0.945866,0.010397,0.001534,0.022696,0.010085,0.010000
sun_moon,penalty,2025,9393.870,0.115420,0.910020,0.881412,0.938629,23,0.00039424,1,0.027435,0.046780,0.008090,0.971633,0.951744,0.991522,0.934434,0.922645,0.946222,0.010334,0.001496,0.022577,0.009889,0.010000
sun_moon,penalty,2050,9595.275,0.116338,0.909830,0.881149,0.938511,23,0.00035225,1,0.026733,0.045376,0.008090,0.972286,0.953052,0.991521,0.933618,0.921132,0.946104,0.010237,0.001513,0.022783,0.010039,0.010000
sun_moon,penalty,2075,9626.416,0.118740,0.907200,0.880753,0.933648,23,0.00034643,1,0.027069,0.044620,0.009518,0.971874,0.953746,0.990002,0.931293,0.920052,0.942534,0.010070,0.001782,0.022782,0.010791,0.010000
sun_moon,prune,1,1.372,1.095125,0.222408,0.192544,0.252272,20,0.00000000,0,0.178780,0.179451,0.178108,0.591939,0.558597,0.625282,0.262150,0.227096,0.297204,0.040569,0.035884,0.177669,0.149146,0.000100
sun_moon,prune,25,24.717,0.797285,0.364217,0.354434,0.374001,20,0.00000003,0,0.090185,0.093993,0.086377,0.814785,0.804889,0.824680,0.397027,0.387748,0.406306,0.020869,0.017323,0.131327,0.115338,0.000100
sun_moon,prune,50,177.672,0.626745,0.490525,0.510277,0.470772,23,0.00002545,1,0.073621,0.082757,0.064485,0.877859,0.869728,0.885991,0.526818,0.552506,0.501130,0.018183,0.012747,0.098261,0.095183,0.000100
sun_moon,prune,75,205.068,0.527458,0.566846,0.596936,0.536757,23,0.00010804,0,0.062991,0.078868,0.047115,0.906777,0.890898,0.922656,0.603031,0.644015,0.562046,0.017452,0.009307,0.080424,0.081991,0.000100
sun_moon,prune,100,384.932,0.467444,0.621669,0.623868,0.619471,26,0.00070060,3,0.064561,0.085458,0.043664,0.912340,0.887944,0.936735,0.661851,0.677182,0.646520,0.018943,0.008389,0.075217,0.066768,0.000100
sun_moon,prune,125,416.584,0.404427,0.679505,0.643317,0.715692,26,0.00162115,3,0.064964,0.090428,0.039500,0.917697,0.885812,0.949582,0.722726,0.701491,0.743962,0.019831,0.007523,0.071494,0.049260,0.000100
sun_moon,prune,150,620.862,0.353749,0.727749,0.660967,0.794532,29,0.00158099,1,0.066498,0.093021,0.039976,0.919891,0.885930,0.953852,0.774372,0.722450,0.826294,0.020409,0.007687,0.067956,0.035543,0.000100
sun_moon,prune,175,656.111,0.322003,0.757837,0.686877,0.828797,29,0.00070812,3,0.067217,0.094101,0.040333,0.922015,0.888719,0.955312,0.806869,0.751513,0.862225,0.021089,0.007950,0.063095,0.029555,0.000100
sun_moon,prune,200,868.771,0.280196,0.791904,0.734013,0.849795,30,0.00030722,4,0.067294,0.091400,0.043189,0.925568,0.897591,0.953545,0.843799,0.801102,0.886496,0.020235,0.008341,0.053183,0.025856,0.000100
sun_moon,prune,225,905.376,0.254134,0.808261,0.746720,0.869802,30,0.00032079,6,0.056995,0.086863,0.027127,0.936925,0.903319,0.970531,0.852489,0.811582,0.893397,0.019261,0.005198,0.050371,0.022036,0.000100
sun_moon,prune,250,1116.750,0.229024,0.824832,0.760711,0.888954,29,0.00018649,5,0.050351,0.081785,0.018917,0.944572,0.909601,0.979542,0.864348,0.822926,0.905770,0.017941,0.003360,0.047193,0.018454,0.000100
sun_moon,prune,275,1151.854,0.212052,0.840558,0.772378,0.908738,29,0.00041527,6,0.047154,0.082649,0.011660,0.948764,0.910053,0.987476,0.877774,0.836214,0.919334,0.018264,0.002248,0.045035,0.015297,0.000100
sun_moon,prune,300,1374.729,0.182261,0.865799,0.805655,0.925943,31,0.00031437,5,0.048635,0.085134,0.012136,0.949239,0.911261,0.987216,0.905712,0.874244,0.937180,0.018617,0.002280,0.038109,0.012122,0.000100
sun_moon,prune,325,1412.336,0.159794,0.886156,0.838022,0.934290,31,0.00040722,4,0.049293,0.079192,0.019393,0.949765,0.919486,0.980044,0.928398,0.904386,0.952409,0.017864,0.003505,0.031835,0.010651,0.000100
sun_moon,prune,350,1652.448,0.153327,0.893855,0.844369,0.943341,31,0.00015365,3,0.051734,0.085026,0.018441,0.948121,0.915075,0.981166,0.938450,0.916162,0.960738,0.018979,0.003555,0.030560,0.009246,0.000100
sun_moon,prune,375,1689.880,0.144151,0.899933,0.850030,0.949836,31,0.00025691,1,0.048934,0.082757,0.015110,0.951036,0.917501,0.984571,0.942282,0.920376,0.964188,0.018523,0.002731,0.029388,0.007975,0.000100
sun_moon,prune,400,1929.901,0.144096,0.901276,0.853161,0.949391,31,0.00022600,2,0.050414,0.085242,0.015586,0.949894,0.915696,0.984092,0.945037,0.925886,0.964188,0.019031,0.002956,0.028838,0.008148,0.000100
sun_moon,prune,425,1967.622,0.143953,0.902275,0.855209,0.949340,31,0.00020432,3,0.052474,0.085674,0.019274,0.947996,0.915521,0.980470,0.948059,0.928479,0.967638,0.019192,0.003616,0.028419,0.008113,0.000100
sun_moon,prune,450,2207.281,0.140365,0.904224,0.856972,0.951476,30,0.00021625,2,0.052723,0.085458,0.019988,0.947840,0.915860,0.979820,0.950351,0.930207,0.970494,0.018721,0.003864,0.027613,0.007833,0.000100
sun_moon,prune,475,2243.712,0.139413,0.905674,0.860951,0.950398,30,0.00020342,1,0.051614,0.086214,0.017014,0.949147,0.915591,0.982702,0.950872,0.935177,0.966568,0.019181,0.003233,0.027201,0.008016,0.000100
sun_moon,prune,500,2474.959,0.138316,0.905911,0.858751,0.953072,29,0.00028891,2,0.050625,0.084594,0.016657,0.949919,0.916738,0.983100,0.950171,0.931396,0.968947,0.018716,0.003258,0.027490,0.007561,0.000100
sun_moon,prune,525,2510.030,0.140523,0.907003,0.860115,0.953891,29,0.00031581,1,0.053596,0.090536,0.016657,0.947545,0.911975,0.983114,0.953883,0.937986,0.969780,0.020225,0.003285,0.027519,0.007493,0.000100
sun_moon,prune,550,2734.794,0.136275,0.909140,0.862914,0.955366,29,0.00019384,1,0.051981,0.088375,0.015586,0.949092,0.913994,0.984190,0.954715,0.939175,0.970256,0.019651,0.003031,0.026819,0.007219,0.000100
sun_moon,prune,575,2769.443,0.137008,0.909392,0.865712,0.953072,29,0.00017255,2,0.051382,0.086106,0.016657,0.949603,0.916105,0.983100,0.954601,0.940255,0.968947,0.019496,0.003273,0.026524,0.007721,0.000100
sun_moon,prune,600,2995.159,0.138793,0.908301,0.863302,0.953301,29,0.00012573,1,0.052024,0.087511,0.016538,0.948979,0.914737,0.983221,0.953958,0.938850,0.969066,0.019878,0.003214,0.027183,0.007506,0.000100
sun_moon,prune,625,3030.002,0.137953,0.909540,0.864720,0.954360,29,0.00017404,2,0.053501,0.087727,0.019274,0.947629,0.914688,0.980571,0.956667,0.940579,0.972754,0.019829,0.003752,0.026768,0.007386,0.000100
sun_moon,prune,650,3255.750,0.138312,0.909228,0.863289,0.955166,29,0.00024032,1,0.054408,0.089780,0.019036,0.946851,0.912884,0.980818,0.957072,0.940795,0.973349,0.020144,0.003675,0.026968,0.007170,0.000100
sun_moon,prune,675,3290.466,0.140242,0.907631,0.860638,0.954625,29,0.00020046,1,0.055370,0.090752,0.019988,0.945867,0.911848,0.979885,0.956224,0.938742,0.973706,0.020303,0.003747,0.027473,0.007202,0.000100
sun_moon,prune,700,3504.880,0.140500,0.907852,0.860465,0.955240,27,0.00016685,2,0.056213,0.091724,0.020702,0.945126,0.911044,0.979209,0.957203,0.939391,0.975015,0.020291,0.004060,0.027370,0.007248,0.000100
sun_moon,prune,725,3537.302,0.143633,0.905317,0.859299,0.951334,27,0.00012967,1,0.055990,0.094965,0.017014,0.945521,0.908323,0.982719,0.954211,0.940903,0.967519,0.021149,0.003300,0.027738,0.007885,0.000100
sun_moon,prune,750,3744.856,0.144364,0.906018,0.857522,0.954514,27,0.00013128,1,0.058118,0.098747,0.017490,0.943724,0.905138,0.982310,0.956704,0.942200,0.971208,0.021893,0.003484,0.028037,0.007365,0.000100
sun_moon,prune,775,3777.238,0.144055,0.902521,0.862209,0.942834,27,0.00029588,1,0.054186,0.090644,0.017728,0.946971,0.912082,0.981860,0.949955,0.940363,0.959548,0.019980,0.003430,0.026920,0.009325,0.000100
sun_moon,prune,800,3984.522,0.142623,0.895282,0.875580,0.914983,27,0.00020688,0,0.044728,0.070657,0.018798,0.955072,0.929911,0.980233,0.934815,0.937446,0.932183,0.015464,0.003675,0.023803,0.014121,0.000100
sun_moon,prune,825,4016.172,0.146178,0.893359,0.880276,0.906442,27,0.00017624,0,0.044904,0.064823,0.024985,0.954565,0.935317,0.973812,0.933214,0.937338,0.929090,0.014485,0.004988,0.023088,0.015860,0.000100
sun_moon,prune,850,4223.991,0.167916,0.876172,0.871309,0.881035,27,0.00020958,1,0.051081,0.072061,0.030101,0.948139,0.928380,0.967897,0.920826,0.934097,0.907555,0.015707,0.006062,0.024633,0.020406,0.000100
sun_moon,prune,875,4256.424,0.177274,0.868765,0.873262,0.864267,27,0.00038281,1,0.055110,0.072385,0.037835,0.943888,0.928250,0.959527,0.916720,0.936474,0.896966,0.015638,0.007551,0.023979,0.023429,0.000100
sun_moon,prune,900,4466.483,0.189251,0.862020,0.876773,0.847266,27,0.00039148,1,0.059651,0.066119,0.053183,0.938845,0.933938,0.943752,0.913536,0.934745,0.892326,0.014693,0.010531,0.023667,0.026713,0.000100
sun_moon,prune,925,4499.283,0.191871,0.861385,0.866179,0.856591,27,0.00053200,2,0.062808,0.077787,0.047829,0.936247,0.923085,0.949409,0.915559,0.933557,0.897561,0.016942,0.009411,0.025754,0.024902,0.000100
sun_moon,prune,950,4708.943,0.170345,0.872977,0.872174,0.873781,27,0.00054158,2,0.049857,0.075086,0.024628,0.949543,0.925859,0.973228,0.916481,0.937662,0.895300,0.016376,0.004885,0.024492,0.021533,0.000100
sun_moon,prune,975,4741.417,0.162341,0.877821,0.871643,0.883999,27,0.00048780,2,0.045212,0.074006,0.016419,0.954396,0.926738,0.982055,0.917331,0.936150,0.898513,0.016321,0.003188,0.024680,0.019565,0.000100
sun_moon,prune,1000,4952.124,0.161003,0.878213,0.874458,0.881968,27,0.00037790,3,0.045181,0.072277,0.018084,0.954346,0.928434,0.980257,0.917790,0.937662,0.897918,0.015991,0.003424,0.024186,0.019686,0.000100
horse_circle,nopen,1,1.394,1.489770,0.161199,0.164435,0.157964,20,0.00000000,0,0.076986,0.090495,0.063476,0.695182,0.664598,0.725765,0.173653,0.179315,0.167990,0.024774,0.027771,0.196353,0.273964,0.000000
horse_circle,nopen,25,27.125,1.182863,0.290809,0.296457,0.285161,20,0.00000000,0,0.037297,0.050037,0.024557,0.891992,0.861519,0.922466,0.301727,0.311291,0.292163,0.013400,0.010479,0.158564,0.223785,0.000000
horse_circle,nopen,50,200.637,0.921692,0.441259,0.433435,0.449083,23,0.00000849,0,0.029624,0.038132,0.021115,0.938928,0.921875,0.955982,0.454264,0.449963,0.458565,0.010215,0.009006,0.125870,0.171748,0.000000
horse_circle,nopen,75,231.560,0.721139,0.557126,0.534412,0.579840,23,0.00007628,0,0.025157,0.035156,0.015158,0.957571,0.940247,0.974896,0.570914,0.553199,0.588629,0.009348,0.006325,0.102635,0.129890,0.000000
horse_circle,nopen,100,433.378,0.603720,0.627459,0.606645,0.648273,26,0.00069729,1,0.020456,0.027344,0.013569,0.968869,0.957970,0.979767,0.640151,0.623233,0.657069,0.007534,0.005795,0.085939,0.108474,0.000000
horse_circle,nopen,125,468.667,0.516131,0.682287,0.663861,0.700712,26,0.00067898,1,0.020265,0.027623,0.012907,0.971612,0.961085,0.982140,0.695978,0.682199,0.709756,0.007560,0.005491,0.073088,0.092273,0.000000
horse_circle,nopen,150,682.362,0.443517,0.728757,0.715404,0.742111,27,0.00038794,2,0.022328,0.033668,0.010988,0.971010,0.956454,0.985566,0.744878,0.739490,0.750265,0.008983,0.004674,0.061779,0.079141,0.000000
horse_circle,nopen,175,719.294,0.391443,0.763644,0.736575,0.790713,27,0.00003225,1,0.028205,0.044364,0.012047,0.965321,0.945473,0.985169,0.784745,0.769252,0.800238,0.012208,0.004945,0.057814,0.064082,0.000000
horse_circle,nopen,200,951.917,0.341247,0.795899,0.771040,0.820758,30,0.00002803,2,0.031767,0.052083,0.011451,0.963031,0.939668,0.986394,0.820677,0.811198,0.830156,0.013910,0.004702,0.049805,0.054631,0.000000
horse_circle,nopen,225,992.596,0.314949,0.814133,0.786911,0.841354,30,0.00000849,1,0.032711,0.054501,0.010921,0.962845,0.938368,0.987322,0.840171,0.829799,0.850543,0.015174,0.004526,0.046825,0.048306,0.000000
horse_circle,nopen,250,1232.208,0.282965,0.838211,0.815166,0.861256,30,0.00000317,0,0.037930,0.059710,0.016150,0.958614,0.935347,0.981880,0.869502,0.863839,0.875165,0.016474,0.006740,0.040367,0.042347,0.000000
horse_circle,nopen,275,1272.602,0.265561,0.853135,0.821091,0.885180,30,0.00000221,1,0.045823,0.072452,0.019195,0.951572,0.923978,0.979167,0.891376,0.880580,0.902171,0.019744,0.008401,0.039208,0.035240,0.000000
horse_circle,nopen,300,1518.592,0.252751,0.862832,0.813171,0.912493,29,0.00003141,0,0.051052,0.083240,0.018864,0.946887,0.913660,0.980113,0.905283,0.880859,0.929706,0.023158,0.008260,0.041915,0.026619,0.000000
horse_circle,nopen,325,1558.382,0.236665,0.876182,0.794598,0.957766,29,0.00033460,2,0.062768,0.105283,0.020254,0.936324,0.892955,0.979693,0.927710,0.878255,0.977164,0.029356,0.008725,0.047354,0.012416,0.000000
horse_circle,nopen,350,1814.973,0.232466,0.878245,0.792840,0.963651,29,0.00055657,3,0.064550,0.109375,0.019725,0.934862,0.889401,0.980322,0.931108,0.879557,0.982658,0.029925,0.008645,0.047585,0.010489,0.000000
horse_circle,nopen,375,1854.899,0.232484,0.880221,0.790578,0.969864,29,0.00046112,4,0.068251,0.117374,0.019129,0.931864,0.882714,0.981014,0.935894,0.883371,0.988417,0.032223,0.008485,0.048373,0.008661,0.000000
horse_circle,nopen,400,2110.867,0.228606,0.884571,0.789500,0.979642,29,0.00046159,3,0.071435,0.128441,0.014429,0.929842,0.873996,0.985688,0.942341,0.890904,0.993778,0.035488,0.006502,0.049292,0.005807,0.000000
horse_circle,nopen,425,2151.100,0.229787,0.886292,0.793033,0.979551,29,0.00030831,3,0.075511,0.134673,0.016349,0.926831,0.869819,0.983844,0.947699,0.899833,0.995565,0.037085,0.007201,0.048569,0.005811,0.000000
horse_circle,nopen,450,2408.284,0.231702,0.887784,0.797684,0.977885,31,0.00034743,3,0.079069,0.140532,0.017607,0.924407,0.866200,0.982614,0.952443,0.909784,0.995102,0.038817,0.007579,0.047858,0.006097,0.000000
horse_circle,nopen,475,2450.833,0.227172,0.890335,0.801750,0.978921,31,0.00015502,3,0.077528,0.137649,0.017408,0.925849,0.868876,0.982822,0.954036,0.912109,0.995962,0.038110,0.007766,0.046750,0.006000,0.000000
horse_circle,nopen,500,2715.490,0.229945,0.889047,0.798663,0.979431,30,0.00013335,2,0.078938,0.140997,0.016878,0.924671,0.866007,0.983336,0.953617,0.911272,0.995962,0.039151,0.007290,0.047768,0.005629,0.000000
horse_circle,nopen,525,2756.148,0.232339,0.888089,0.796362,0.979816,30,0.00016043,2,0.081038,0.145461,0.016614,0.923032,0.862469,0.983595,0.954149,0.912202,0.996095,0.040381,0.006783,0.048516,0.005311,0.000000
horse_circle,nopen,550,3014.461,0.228787,0.888826,0.794766,0.982887,30,0.00014997,2,0.078811,0.144252,0.013370,0.924924,0.863095,0.986754,0.952720,0.909412,0.996029,0.040043,0.005745,0.048748,0.004585,0.000000
horse_circle,nopen,575,3054.550,0.229100,0.889921,0.800553,0.979289,30,0.00018615,3,0.079616,0.142950,0.016283,0.924391,0.864879,0.983903,0.955113,0.914993,0.995234,0.039844,0.006879,0.047415,0.005547,0.000000
horse_circle,nopen,600,3312.129,0.227238,0.891085,0.802585,0.979585,30,0.00019997,3,0.079586,0.144345,0.014827,0.924743,0.864181,0.985305,0.956271,0.918434,0.994109,0.039981,0.006479,0.046861,0.005609,0.000000
horse_circle,nopen,625,3352.512,0.228248,0.891513,0.801556,0.981469,30,0.00015954,3,0.081108,0.147786,0.014429,0.923656,0.861597,0.985714,0.957823,0.920015,0.995631,0.041126,0.006212,0.047357,0.005019,0.000000
horse_circle,nopen,650,3604.765,0.225415,0.893587,0.806729,0.980446,29,0.00012374,2,0.081358,0.147228,0.015488,0.923718,0.862754,0.984682,0.960567,0.925502,0.995631,0.040998,0.006475,0.046180,0.005194,0.000000
horse_circle,nopen,675,3643.155,0.234588,0.891824,0.806376,0.977273,29,0.00029155,2,0.085836,0.152344,0.019328,0.920056,0.859145,0.980967,0.962692,0.929222,0.996161,0.042370,0.008384,0.046436,0.006315,0.000000
horse_circle,nopen,700,3883.925,0.230981,0.893244,0.808358,0.978131,29,0.00017086,3,0.083807,0.150670,0.016945,0.921924,0.860597,0.983250,0.962429,0.930153,0.994705,0.041955,0.007604,0.045917,0.006257,0.000000
horse_circle,nopen,725,3922.721,0.229660,0.893974,0.810693,0.977255,29,0.00018462,3,0.085066,0.151600,0.018533,0.921011,0.860302,0.981721,0.964480,0.933594,0.995367,0.042166,0.007769,0.045410,0.006132,0.000000
horse_circle,nopen,750,4171.857,0.230236,0.892614,0.808691,0.976536,32,0.00009856,2,0.083805,0.149275,0.018335,0.921755,0.861614,0.981897,0.961924,0.929408,0.994440,0.041455,0.007860,0.045584,0.006480,0.000000
horse_circle,nopen,775,4214.123,0.233236,0.890655,0.803879,0.977431,32,0.00014621,3,0.084311,0.150949,0.017673,0.921139,0.859736,0.982543,0.959964,0.925223,0.994705,0.042163,0.007330,0.047144,0.005821,0.000000
horse_circle,nopen,800,4475.752,0.232176,0.893891,0.815203,0.972579,32,0.00003739,3,0.086789,0.152530,0.021048,0.919787,0.860330,0.979244,0.966298,0.939546,0.993050,0.042613,0.008901,0.044281,0.007346,0.000000
horse_circle,nopen,825,4517.962,0.225142,0.897544,0.818520,0.976568,32,0.00007897,2,0.084360,0.148996,0.019725,0.921909,0.863241,0.980577,0.968153,0.940476,0.995830,0.041698,0.008602,0.043396,0.006483,0.000000
horse_circle,nopen,850,4787.603,0.228610,0.895564,0.816793,0.974336,31,0.00006406,2,0.086084,0.150856,0.021313,0.920371,0.861710,0.979031,0.967557,0.940011,0.995102,0.042171,0.008798,0.043892,0.006812,0.000000
horse_circle,nopen,875,4828.760,0.225985,0.896848,0.817969,0.975727,31,0.00003646,2,0.084984,0.150112,0.019857,0.921414,0.862392,0.980436,0.967929,0.940755,0.995102,0.041908,0.008625,0.043403,0.006650,0.000000
horse_circle,nopen,900,5083.250,0.228963,0.895033,0.813253,0.976814,31,0.00008144,3,0.085039,0.150949,0.019129,0.921137,0.861128,0.981147,0.965755,0.936012,0.995499,0.042066,0.008401,0.044652,0.006417,0.000000
horse_circle,nopen,925,5123.427,0.229622,0.893658,0.809524,0.977792,31,0.00006566,2,0.083883,0.148438,0.019328,0.921648,0.862319,0.980977,0.963189,0.929688,0.996690,0.041640,0.008059,0.045834,0.005841,0.000000
horse_circle,nopen,950,5390.318,0.228730,0.893894,0.808483,0.979305,34,0.00010087,2,0.083036,0.148996,0.017077,0.922461,0.861777,0.983144,0.962486,0.928943,0.996029,0.041599,0.007538,0.045948,0.005703,0.000000
horse_circle,nopen,975,5434.897,0.219500,0.899409,0.819841,0.978977,34,0.00004330,2,0.081761,0.146577,0.016945,0.924184,0.865103,0.983265,0.967788,0.940011,0.995565,0.041044,0.007452,0.043142,0.005767,0.000000
horse_circle,nopen,1000,5704.788,0.215736,0.902640,0.824100,0.981180,34,0.00005613,2,0.083217,0.150019,0.016415,0.923573,0.863340,0.983807,0.972508,0.947731,0.997286,0.041800,0.007380,0.041954,0.005355,0.000000
horse_circle,nopen,1025,5749.192,0.215831,0.902450,0.826685,0.978214,34,0.00005996,2,0.083633,0.149461,0.017805,0.923260,0.864090,0.982431,0.972937,0.950242,0.995631,0.041825,0.007438,0.041613,0.005685,0.000000
horse_circle,nopen,1050,6022.770,0.211793,0.905265,0.830204,0.980327,34,0.00002425,2,0.082633,0.149182,0.016084,0.924444,0.864778,0.984109,0.975075,0.954055,0.996095,0.041628,0.007327,0.040533,0.005582,0.000000
horse_circle,nopen,1075,6067.395,0.214860,0.904615,0.832158,0.977072,34,0.00006438,4,0.083332,0.147600,0.019063,0.923673,0.866132,0.981215,0.975341,0.954985,0.995698,0.041352,0.008505,0.040205,0.006472,0.000000
horse_circle,nopen,1100,6347.568,0.211960,0.905439,0.832792,0.978086,34,0.00003390,3,0.081852,0.145833,0.017871,0.924899,0.867433,0.982366,0.974903,0.954241,0.995565,0.040833,0.008117,0.039871,0.006300,0.000000
horse_circle,nopen,1125,6391.861,0.217567,0.903729,0.830570,0.976888,34,0.00009054,3,0.084772,0.150019,0.019526,0.922516,0.864260,0.980772,0.975567,0.955171,0.995962,0.041923,0.008785,0.040560,0.006587,0.000000
horse_circle,nopen,1150,6660.352,0.213171,0.905427,0.833455,0.977398,34,0.00005618,3,0.083365,0.147600,0.019129,0.923735,0.866313,0.981158,0.976284,0.956473,0.996095,0.041346,0.008523,0.039808,0.006301,0.000000
horse_circle,nopen,1175,6704.677,0.213700,0.904609,0.832077,0.977141,34,0.00004761,3,0.083152,0.147042,0.019261,0.923765,0.866503,0.981028,0.975195,0.954427,0.995962,0.041171,0.008468,0.040140,0.006263,0.000000
horse_circle,nopen,1200,6959.445,0.214187,0.905244,0.833077,0.977411,34,0.00004853,3,0.083756,0.147786,0.019725,0.923364,0.866133,0.980594,0.976442,0.956194,0.996690,0.041430,0.008774,0.039911,0.006371,0.000000
horse_circle,nopen,1225,7004.096,0.212219,0.905611,0.832753,0.978469,34,0.00007451,3,0.083221,0.148903,0.017540,0.924007,0.865326,0.982688,0.976192,0.956752,0.995631,0.041702,0.007826,0.040045,0.005913,0.000000
horse_circle,nopen,1250,7274.080,0.213101,0.905084,0.832428,0.977740,34,0.00008386,3,0.083855,0.147786,0.019923,0.923228,0.866043,0.980413,0.976335,0.955450,0.997220,0.041228,0.008607,0.039948,0.006149,0.000000
horse_circle,nopen,1275,7318.050,0.208004,0.907042,0.834768,0.979317,34,0.00005625,3,0.081567,0.145461,0.017673,0.925269,0.867961,0.982576,0.976409,0.956194,0.996624,0.040647,0.007887,0.039319,0.005736,0.000000
horse_circle,nopen,1300,7575.154,0.214125,0.904647,0.832146,0.977147,34,0.00005743,3,0.084075,0.148624,0.019526,0.923104,0.865432,0.980777,0.976025,0.955822,0.996227,0.041506,0.008670,0.039921,0.006352,0.000000
horse_circle,nopen,1325,7618.385,0.206233,0.907298,0.830666,0.983930,34,0.00007265,3,0.081954,0.150670,0.013238,0.925363,0.863831,0.986896,0.976389,0.955822,0.996955,0.042068,0.005890,0.040477,0.004271,0.000000
horse_circle,nopen,1350,7893.101,0.203804,0.908115,0.831151,0.985079,34,0.00007312,3,0.081027,0.150670,0.011385,0.926301,0.863900,0.988702,0.976337,0.956380,0.996293,0.042069,0.005179,0.040352,0.003941,0.000000
horse_circle,nopen,1375,7936.873,0.199931,0.909643,0.832591,0.986695,34,0.00011277,3,0.078824,0.147786,0.009862,0.928132,0.866065,0.990199,0.976031,0.955636,0.996426,0.041418,0.004587,0.040106,0.003509,0.000000
horse_circle,nopen,1400,8219.600,0.199699,0.909487,0.832929,0.986046,34,0.00009190,3,0.079661,0.148996,0.010326,0.927515,0.865288,0.989742,0.976629,0.957031,0.996227,0.041578,0.004745,0.039731,0.003652,0.000000
horse_circle,nopen,1425,8263.147,0.202869,0.908690,0.831651,0.985729,34,0.00013297,3,0.081499,0.151879,0.011120,0.926059,0.863153,0.988966,0.977326,0.957961,0.996690,0.042379,0.004912,0.040280,0.003666,0.000000
horse_circle,nopen,1450,8539.082,0.200136,0.909896,0.834453,0.985339,34,0.00009168,3,0.080111,0.148903,0.011319,0.927167,0.865564,0.988769,0.977599,0.958705,0.996492,0.041548,0.005089,0.039512,0.003860,0.000000
horse_circle,nopen,1475,8582.671,0.199776,0.909383,0.833752,0.985015,34,0.00006472,3,0.080303,0.149089,0.011517,0.926956,0.865339,0.988573,0.977207,0.958054,0.996360,0.041532,0.004955,0.039610,0.003723,0.000000
horse_circle,nopen,1500,8831.863,0.199943,0.909821,0.834305,0.985336,35,0.00008806,3,0.080058,0.148996,0.011120,0.927221,0.865480,0.988962,0.977453,0.958612,0.996293,0.041636,0.004929,0.039537,0.003808,0.000000
horse_circle,nopen,1525,8876.958,0.195374,0.911908,0.836996,0.986820,35,0.00007915,2,0.078128,0.146856,0.009399,0.928982,0.867311,0.990652,0.978005,0.959914,0.996095,0.041103,0.004299,0.038989,0.003416,0.000000
horse_circle,nopen,1550,9157.207,0.198971,0.910334,0.837264,0.983404,36,0.00003820,3,0.080320,0.147600,0.013039,0.926960,0.866840,0.987080,0.978536,0.960844,0.996227,0.041397,0.005336,0.038879,0.004069,0.000000
horse_circle,nopen,1575,9203.744,0.197409,0.910583,0.836208,0.984957,36,0.00005747,2,0.080382,0.148717,0.012047,0.926997,0.865934,0.988059,0.978694,0.960565,0.996823,0.041449,0.004836,0.038988,0.003660,0.000000
horse_circle,nopen,1600,9473.377,0.195229,0.911652,0.836928,0.986375,34,0.00003645,2,0.078704,0.146949,0.010458,0.928427,0.867238,0.989616,0.978302,0.959914,0.996690,0.041118,0.004479,0.038818,0.003451,0.000000
horse_circle,nopen,1625,9517.113,0.196951,0.910992,0.834885,0.987099,34,0.00004892,2,0.079906,0.149089,0.010723,0.927432,0.865498,0.989367,0.978520,0.959356,0.997683,0.041542,0.004585,0.039318,0.003258,0.000000
horse_circle,nopen,1650,9793.429,0.200320,0.909903,0.835181,0.984625,34,0.00004320,2,0.080588,0.149461,0.011716,0.926831,0.865286,0.988376,0.978084,0.960007,0.996161,0.041836,0.004955,0.039468,0.003900,0.000000
horse_circle,nopen,1675,9836.838,0.196759,0.911266,0.835385,0.987148,34,0.00004907,2,0.079044,0.148624,0.009465,0.928237,0.865883,0.990591,0.978017,0.959542,0.996492,0.041526,0.004317,0.039278,0.003375,0.000000
horse_circle,nopen,1700,10106.814,0.197210,0.910705,0.836917,0.984493,33,0.00006788,2,0.078941,0.146298,0.011583,0.928092,0.867682,0.988503,0.977626,0.959356,0.995896,0.041051,0.004768,0.038976,0.003835,0.000000
horse_circle,nopen,1725,10149.536,0.195580,0.911170,0.835913,0.986428,33,0.00012445,2,0.078659,0.147786,0.009531,0.928523,0.866527,0.990519,0.977640,0.959449,0.995830,0.041359,0.004137,0.039088,0.003328,0.000000
horse_circle,nopen,1750,10418.989,0.197297,0.911224,0.835494,0.986953,32,0.00011983,2,0.078646,0.147693,0.009598,0.928496,0.866532,0.990460,0.977659,0.958891,0.996426,0.041470,0.004434,0.039353,0.003433,0.000000
horse_circle,nopen,1775,10459.905,0.196282,0.911461,0.836872,0.986049,32,0.00007198,2,0.079142,0.147693,0.010590,0.928103,0.866723,0.989484,0.978482,0.960472,0.996492,0.041106,0.004788,0.038771,0.003693,0.000000
horse_circle,nopen,1800,10712.355,0.194641,0.912630,0.838822,0.986437,32,0.00013536,2,0.078385,0.146577,0.010193,0.928813,0.867752,0.989874,0.979133,0.961775,0.996492,0.041055,0.004622,0.038441,0.003569,0.000000
horse_circle,nopen,1825,10753.874,0.196090,0.912281,0.838446,0.986116,32,0.00016698,2,0.079873,0.149089,0.010657,0.927706,0.865992,0.989420,0.980036,0.963449,0.996624,0.041502,0.004826,0.038529,0.003631,0.000000
horse_circle,nopen,1850,10997.609,0.193590,0.914000,0.840126,0.987873,32,0.00019488,2,0.078758,0.147786,0.009730,0.928723,0.867107,0.990340,0.980885,0.964286,0.997485,0.041348,0.004484,0.038244,0.003324,0.000000
horse_circle,nopen,1875,11039.491,0.199531,0.910609,0.837177,0.984041,32,0.00017179,2,0.080627,0.149275,0.011980,0.926901,0.865690,0.988112,0.978988,0.962147,0.995830,0.041812,0.005210,0.038823,0.004137,0.000000
horse_circle,nopen,1900,11283.247,0.192886,0.912609,0.840276,0.984942,32,0.00017209,2,0.078178,0.145368,0.010988,0.928931,0.868777,0.989086,0.979095,0.962426,0.995764,0.040800,0.004413,0.038061,0.003588,0.000000
horse_circle,nopen,1925,11323.723,0.195535,0.911901,0.838208,0.985594,32,0.00016782,2,0.079381,0.147972,0.010789,0.928002,0.866717,0.989286,0.979233,0.962240,0.996227,0.041359,0.004656,0.038532,0.003600,0.000000
horse_circle,nopen,1950,11572.664,0.194302,0.913371,0.839647,0.987095,32,0.00017804,2,0.079694,0.148996,0.010392,0.927955,0.866221,0.989688,0.981052,0.964751,0.997352,0.041818,0.004394,0.038367,0.003253,0.000000
horse_circle,nopen,1975,11613.851,0.194966,0.912853,0.839776,0.985929,32,0.00016992,2,0.079493,0.147600,0.011385,0.927949,0.867186,0.988712,0.980441,0.963728,0.997154,0.041338,0.004912,0.038202,0.003622,0.000000
horse_circle,nopen,2000,11838.406,0.193619,0.913276,0.840237,0.986315,32,0.00018090,2,0.079135,0.147414,0.010855,0.928302,0.867375,0.989230,0.980561,0.964100,0.997021,0.041313,0.004655,0.038101,0.003412,0.000000
horse_circle,nopen,2025,11879.009,0.194224,0.912768,0.840382,0.985154,32,0.00016937,2,0.079963,0.147879,0.012047,0.927570,0.867079,0.988062,0.980840,0.964658,0.997021,0.041370,0.004856,0.038016,0.003573,0.000000
horse_circle,nopen,2050,12118.669,0.195234,0.912914,0.841640,0.984188,32,0.00017766,2,0.080320,0.147600,0.013039,0.927266,0.867441,0.987090,0.981444,0.965867,0.997021,0.041403,0.005261,0.037783,0.003921,0.000000
horse_circle,nopen,2075,12159.015,0.194180,0.913573,0.841023,0.986124,32,0.00018026,2,0.080124,0.148996,0.011252,0.927627,0.866411,0.988842,0.981776,0.966332,0.997220,0.041662,0.004890,0.037839,0.003570,0.000000
horse_circle,nopen,2100,12408.614,0.200646,0.911653,0.839784,0.983523,32,0.00016601,2,0.082886,0.153460,0.012311,0.925513,0.863241,0.987786,0.982144,0.968657,0.995631,0.042911,0.005450,0.038308,0.004355,0.000000
horse_circle,nopen,2125,12448.955,0.197529,0.913321,0.840971,0.985671,32,0.00013949,2,0.082183,0.152716,0.011649,0.926178,0.863904,0.988452,0.983277,0.969401,0.997154,0.042884,0.004987,0.038230,0.003646,0.000000
horse_circle,nopen,2150,12703.064,0.195016,0.913942,0.842016,0.985868,32,0.00008770,2,0.080728,0.149740,0.011716,0.927218,0.866045,0.988390,0.982759,0.968099,0.997419,0.042028,0.005077,0.037810,0.003623,0.000000
horse_circle,nopen,2175,12743.322,0.198037,0.912804,0.840333,0.985276,32,0.00011827,2,0.081525,0.151600,0.011451,0.926601,0.864562,0.988640,0.982143,0.967727,0.996558,0.042520,0.005188,0.038183,0.003948,0.000000
horse_circle,nopen,2200,12982.714,0.197576,0.913445,0.841217,0.985673,32,0.00012970,2,0.081970,0.152158,0.011782,0.926318,0.864311,0.988324,0.983251,0.969215,0.997286,0.042688,0.005209,0.038116,0.003764,0.000000
horse_circle,penalty,1,2.188,1.489770,0.161199,0.164435,0.157964,20,0.00000000,0,0.076986,0.090495,0.063476,0.695182,0.664598,0.725765,0.173653,0.179315,0.167990,0.024774,0.027771,0.196353,0.273964,0.010000
horse_circle,penalty,25,43.842,1.182863,0.290809,0.296457,0.285161,20,0.00000000,0,0.037297,0.050037,0.024557,0.891992,0.861519,0.922466,0.301727,0.311291,0.292163,0.013400,0.010479,0.158564,0.223785,0.010000
horse_circle,penalty,50,325.362,0.922396,0.440639,0.432001,0.449277,23,0.00000849,0,0.029624,0.038132,0.021115,0.938818,0.921636,0.956000,0.453619,0.448475,0.458764,0.010215,0.009006,0.126169,0.171683,0.010000
horse_circle,penalty,75,374.810,0.719833,0.557089,0.530486,0.583692,23,0.00002959,0,0.024857,0.034226,0.015488,0.957907,0.941280,0.974535,0.570687,0.548642,0.592732,0.009123,0.006293,0.103541,0.128688,0.010000
horse_circle,penalty,100,701.759,0.610546,0.624912,0.600884,0.648940,26,0.00054711,1,0.022760,0.031157,0.014363,0.965384,0.952122,0.978646,0.638933,0.619606,0.658261,0.008565,0.006101,0.087616,0.108439,0.010000
horse_circle,penalty,125,759.033,0.524819,0.678492,0.660573,0.696411,26,0.00044374,1,0.022624,0.032738,0.012510,0.968388,0.954208,0.982568,0.693661,0.682199,0.705123,0.008967,0.005451,0.074131,0.093496,0.010000
horse_circle,penalty,150,1128.128,0.450191,0.724913,0.706732,0.743093,26,0.00054438,3,0.023537,0.036086,0.010988,0.969309,0.953032,0.985585,0.741747,0.732236,0.751258,0.009702,0.004589,0.063912,0.078879,0.010000
horse_circle,penalty,175,1185.410,0.399972,0.757729,0.729017,0.786440,26,0.00003748,1,0.028310,0.047154,0.009465,0.965021,0.941824,0.988218,0.778638,0.763393,0.793884,0.012832,0.003976,0.059554,0.065358,0.010000
horse_circle,penalty,200,1554.729,0.364287,0.780085,0.736188,0.823981,26,0.00001860,1,0.032032,0.055525,0.008539,0.961570,0.933311,0.989830,0.804041,0.777065,0.831017,0.015349,0.003438,0.058509,0.053521,0.010000
horse_circle,penalty,225,1612.135,0.323495,0.804771,0.741763,0.867778,26,0.00012739,1,0.034796,0.061384,0.008208,0.959189,0.927671,0.990706,0.831098,0.787295,0.874901,0.016886,0.003421,0.057563,0.040085,0.010000
horse_circle,penalty,250,1958.312,0.300665,0.824228,0.731987,0.916470,24,0.00001064,2,0.047405,0.086868,0.007943,0.946517,0.901560,0.991475,0.859661,0.795573,0.923749,0.024053,0.003599,0.061191,0.025202,0.010000
horse_circle,penalty,275,2011.650,0.280121,0.840611,0.728942,0.952281,24,0.00005929,1,0.056286,0.104167,0.008406,0.938366,0.885410,0.991322,0.882580,0.804874,0.960286,0.028880,0.003617,0.063027,0.014084,0.010000
horse_circle,penalty,300,2348.597,0.270507,0.846624,0.727769,0.965479,24,0.00005089,1,0.058073,0.107608,0.008539,0.936767,0.882227,0.991307,0.889903,0.806083,0.973723,0.029894,0.003687,0.063467,0.009899,0.010000
horse_circle,penalty,325,2401.775,0.266343,0.851786,0.730149,0.973422,24,0.00037192,1,0.061269,0.113932,0.008605,0.934222,0.877131,0.991312,0.897567,0.813337,0.981798,0.031725,0.003717,0.063449,0.007524,0.010000
horse_circle,penalty,350,2735.829,0.275470,0.849512,0.722898,0.976126,24,0.00011059,1,0.066961,0.124721,0.009200,0.928875,0.867004,0.990747,0.899083,0.813058,0.985107,0.034728,0.003939,0.065852,0.006612,0.010000
horse_circle,penalty,375,2788.896,0.267008,0.852802,0.727446,0.978158,24,0.00050545,1,0.064370,0.119606,0.009134,0.931391,0.871951,0.990831,0.900773,0.814453,0.987093,0.033399,0.003730,0.064455,0.005865,0.010000
horse_circle,penalty,400,3123.629,0.266122,0.855394,0.731335,0.979454,24,0.00008461,2,0.067228,0.126116,0.008340,0.929414,0.867202,0.991626,0.905595,0.823568,0.987622,0.034865,0.003766,0.063576,0.005796,0.010000
horse_circle,penalty,425,3175.932,0.256176,0.860327,0.740793,0.979861,24,0.00005830,2,0.065141,0.121280,0.009002,0.931786,0.872594,0.990977,0.909659,0.830636,0.988681,0.033845,0.003828,0.061083,0.005458,0.010000
horse_circle,penalty,450,3509.255,0.259932,0.862035,0.740808,0.983262,24,0.00003618,1,0.070795,0.133185,0.008406,0.927332,0.863071,0.991593,0.915500,0.839472,0.991528,0.037070,0.003732,0.061646,0.004589,0.010000
horse_circle,penalty,475,3561.898,0.255384,0.866461,0.752172,0.980750,24,0.00005758,0,0.072704,0.134487,0.010921,0.926480,0.863855,0.989105,0.922396,0.853330,0.991461,0.037392,0.004661,0.058955,0.005133,0.010000
horse_circle,penalty,500,3892.666,0.256277,0.869654,0.760376,0.978932,24,0.00006663,1,0.076577,0.138393,0.014760,0.923759,0.862158,0.985359,0.929494,0.865606,0.993381,0.038503,0.006471,0.057025,0.005898,0.010000
horse_circle,penalty,525,3944.749,0.254882,0.873848,0.768694,0.979002,24,0.00004010,0,0.080290,0.145554,0.015025,0.921629,0.858153,0.985105,0.937146,0.880580,0.993712,0.040636,0.006639,0.055483,0.005831,0.010000
horse_circle,penalty,550,4273.726,0.254669,0.877612,0.780375,0.974849,24,0.00000768,1,0.084103,0.149740,0.018467,0.919359,0.856978,0.981740,0.945040,0.897228,0.992851,0.041771,0.008123,0.052790,0.007150,0.010000
horse_circle,penalty,575,4325.518,0.252180,0.881766,0.792212,0.971319,24,0.00001226,0,0.086800,0.151228,0.022372,0.917868,0.857768,0.977968,0.952533,0.912016,0.993050,0.042157,0.009840,0.049764,0.008295,0.010000
horse_circle,penalty,600,4651.967,0.249171,0.884343,0.797237,0.971449,24,0.00014404,0,0.086846,0.151321,0.022372,0.918221,0.858473,0.977970,0.955529,0.917876,0.993182,0.042233,0.009815,0.048768,0.008231,0.010000
horse_circle,penalty,625,4702.585,0.243763,0.886576,0.799370,0.973782,24,0.00077555,1,0.085482,0.151042,0.019923,0.919663,0.858991,0.980335,0.956645,0.920108,0.993182,0.042004,0.008802,0.048093,0.007578,0.010000
horse_circle,penalty,650,5016.831,0.251905,0.885908,0.799440,0.972377,24,0.00135317,2,0.091447,0.162109,0.020784,0.915461,0.851432,0.979491,0.960812,0.929036,0.992587,0.044970,0.009250,0.048432,0.008111,0.010000
horse_circle,penalty,675,5068.255,0.246256,0.888721,0.804041,0.973401,24,0.00000010,0,0.090112,0.159970,0.020254,0.916803,0.853592,0.980013,0.962890,0.932664,0.993116,0.044495,0.009156,0.047375,0.007884,0.010000
horse_circle,penalty,700,5393.121,0.248747,0.888663,0.805653,0.971672,24,0.00000068,0,0.092445,0.161458,0.023431,0.914912,0.852844,0.976980,0.965086,0.935733,0.994440,0.045056,0.010229,0.047131,0.008142,0.010000
horse_circle,penalty,725,5443.293,0.261381,0.885688,0.804115,0.967262,24,0.00000142,0,0.098962,0.170852,0.027072,0.909939,0.846405,0.973473,0.967473,0.941499,0.993447,0.047528,0.011883,0.047785,0.009636,0.010000
horse_circle,penalty,750,5757.481,0.276338,0.880814,0.799477,0.962150,24,0.00000042,0,0.103079,0.174386,0.031771,0.906173,0.843358,0.968988,0.965807,0.938895,0.992719,0.048709,0.014053,0.049303,0.011429,0.010000
horse_circle,penalty,775,5807.724,0.287235,0.876297,0.794641,0.957952,24,0.00000254,1,0.107233,0.180246,0.034220,0.902704,0.838796,0.966613,0.964303,0.937872,0.990733,0.050218,0.014752,0.050787,0.012472,0.010000
horse_circle,penalty,800,6125.292,0.278984,0.879902,0.798141,0.961662,23,0.00000074,0,0.105804,0.180897,0.030712,0.904461,0.838977,0.969946,0.966860,0.942522,0.991197,0.050486,0.013223,0.049899,0.011241,0.010000
horse_circle,penalty,825,6174.428,0.280036,0.879746,0.795727,0.963765,23,0.00000000,0,0.104968,0.179688,0.030249,0.904885,0.839335,0.970436,0.965813,0.938709,0.992918,0.050305,0.013507,0.050514,0.010925,0.010000
horse_circle,penalty,850,6486.257,0.281178,0.879605,0.795465,0.963744,23,0.00000000,0,0.107554,0.185454,0.029653,0.903320,0.835655,0.970984,0.967655,0.942987,0.992322,0.051694,0.012933,0.050661,0.010752,0.010000
horse_circle,penalty,875,6535.054,0.285609,0.878914,0.795218,0.962611,23,0.00000003,0,0.109197,0.186291,0.032102,0.901895,0.835090,0.968700,0.968436,0.943359,0.993513,0.052136,0.014100,0.050893,0.011192,0.010000
horse_circle,penalty,900,6845.456,0.280620,0.880715,0.800677,0.960753,23,0.00000014,0,0.107871,0.181920,0.033823,0.902914,0.838760,0.967068,0.969792,0.946336,0.993249,0.050649,0.014878,0.049087,0.011689,0.010000
horse_circle,penalty,925,6894.553,0.282014,0.880565,0.804399,0.956730,23,0.00000253,0,0.106271,0.175409,0.037133,0.903719,0.843511,0.963927,0.968877,0.945499,0.992256,0.049185,0.016380,0.048174,0.013048,0.010000
horse_circle,penalty,950,7196.941,0.281459,0.880739,0.807549,0.953929,23,0.00000447,0,0.105810,0.172898,0.038721,0.904014,0.845636,0.962392,0.969019,0.947173,0.990866,0.048243,0.017230,0.047059,0.014023,0.010000
horse_circle,penalty,975,7245.540,0.274204,0.883280,0.809963,0.956597,23,0.00000000,0,0.103833,0.170666,0.037000,0.905753,0.847465,0.964042,0.970093,0.948196,0.991991,0.047825,0.016114,0.046503,0.012929,0.010000
horse_circle,penalty,1000,7557.835,0.275464,0.883234,0.810285,0.956183,23,0.00000009,0,0.103998,0.170201,0.037795,0.905564,0.847817,0.963310,0.970259,0.948196,0.992322,0.047570,0.016842,0.046257,0.013358,0.010000
horse_circle,prune,1,1.404,1.489770,0.161199,0.164435,0.157964,20,0.00000000,0,0.076986,0.090495,0.063476,0.695182,0.664598,0.725765,0.173653,0.179315,0.167990,0.024774,0.027771,0.196353,0.273964,0.000100
horse_circle,prune,25,27.400,1.182863,0.290809,0.296457,0.285161,20,0.00000000,0,0.037297,0.050037,0.024557,0.891992,0.861519,0.922466,0.301727,0.311291,0.292163,0.013400,0.010479,0.158564,0.223785,0.000100
horse_circle,prune,50,202.678,0.921502,0.441406,0.433793,0.449018,23,0.00000849,0,0.029624,0.038132,0.021115,0.938955,0.921935,0.955976,0.454417,0.450335,0.458499,0.010215,0.009006,0.125786,0.171768,0.000100
horse_circle,prune,75,233.863,0.722179,0.556588,0.532477,0.580700,23,0.00006980,0,0.025534,0.035249,0.015819,0.956891,0.939899,0.973883,0.570566,0.551246,0.589886,0.009390,0.006466,0.103152,0.129630,0.000100
horse_circle,prune,100,435.353,0.604573,0.629756,0.610640,0.648871,26,0.00061629,1,0.022800,0.031436,0.014165,0.965695,0.952461,0.978929,0.643949,0.629836,0.658062,0.008803,0.006021,0.085598,0.108371,0.000100
horse_circle,prune,125,470.999,0.513737,0.686331,0.671708,0.700955,26,0.00087997,0,0.022691,0.033203,0.012179,0.968733,0.954342,0.983124,0.701751,0.694010,0.709492,0.009058,0.005298,0.071682,0.092180,0.000100
horse_circle,prune,150,694.640,0.453793,0.723689,0.703876,0.743502,28,0.00017779,1,0.026267,0.041481,0.011054,0.965977,0.946446,0.985509,0.742397,0.733073,0.751721,0.010987,0.004709,0.064585,0.078790,0.000100
horse_circle,prune,175,733.606,0.399404,0.758832,0.728021,0.789643,28,0.00001126,3,0.030116,0.050502,0.009730,0.963000,0.938056,0.987944,0.781057,0.764788,0.797326,0.013889,0.003972,0.060022,0.064179,0.000100
horse_circle,prune,200,979.204,0.367413,0.780476,0.741494,0.819458,31,0.00003128,2,0.034788,0.060640,0.008936,0.958861,0.928415,0.989308,0.806619,0.786458,0.826781,0.016540,0.003658,0.057422,0.054943,0.000100
horse_circle,prune,225,1022.141,0.350739,0.797446,0.743391,0.851500,31,0.00005032,0,0.045268,0.080078,0.010458,0.948651,0.909311,0.987991,0.831663,0.802920,0.860405,0.022401,0.004345,0.058322,0.045207,0.000100
horse_circle,prune,250,1293.323,0.326530,0.818423,0.748125,0.888722,33,0.00005670,2,0.058040,0.103702,0.012378,0.937426,0.888422,0.986430,0.862714,0.825707,0.899722,0.028653,0.005291,0.058210,0.033648,0.000100
horse_circle,prune,275,1339.310,0.301719,0.838755,0.763351,0.914159,33,0.00004607,1,0.065433,0.114583,0.016283,0.932043,0.881310,0.982776,0.889931,0.850818,0.929044,0.031889,0.006979,0.055273,0.025855,0.000100
horse_circle,prune,300,1631.528,0.281130,0.852100,0.773667,0.930534,36,0.00001970,1,0.066376,0.116071,0.016680,0.932089,0.881504,0.982674,0.904761,0.863467,0.946055,0.032295,0.007367,0.052870,0.021004,0.000100
horse_circle,prune,325,1680.882,0.255790,0.867053,0.786007,0.948100,36,0.00012296,1,0.066464,0.113932,0.018997,0.932787,0.884858,0.980716,0.920834,0.875558,0.966111,0.031736,0.008335,0.049809,0.015390,0.000100
horse_circle,prune,350,2003.017,0.232536,0.882932,0.796178,0.969685,36,0.00052989,2,0.070912,0.124349,0.017474,0.930315,0.878033,0.982597,0.940906,0.895182,0.986630,0.034436,0.007506,0.047807,0.008611,0.000100
horse_circle,prune,375,2053.160,0.234304,0.882993,0.790464,0.975521,36,0.00041208,1,0.074049,0.131417,0.016680,0.927672,0.871883,0.983460,0.943069,0.894345,0.991792,0.036421,0.007093,0.049449,0.006800,0.000100
horse_circle,prune,400,2374.884,0.232047,0.886273,0.795130,0.977416,36,0.00009380,2,0.075749,0.134487,0.017011,0.926715,0.870256,0.983175,0.948054,0.902065,0.994043,0.037342,0.007535,0.048536,0.006353,0.000100
horse_circle,prune,425,2424.621,0.225196,0.890398,0.802308,0.978488,36,0.00004189,2,0.075758,0.136161,0.015356,0.927409,0.870040,0.984779,0.952532,0.911551,0.993513,0.037864,0.006769,0.046734,0.006005,0.000100
horse_circle,prune,450,2741.992,0.223968,0.892029,0.804023,0.980035,36,0.00001054,1,0.076026,0.137556,0.014496,0.927448,0.869265,0.985630,0.954431,0.914621,0.994241,0.038411,0.006555,0.046525,0.005645,0.000100
horse_circle,prune,475,2791.536,0.226123,0.892284,0.804005,0.980564,36,0.00000481,0,0.078749,0.142671,0.014827,0.925450,0.865580,0.985319,0.956907,0.918713,0.995102,0.039724,0.006515,0.046797,0.005457,0.000100
horse_circle,prune,500,3106.116,0.227923,0.890380,0.800212,0.980548,36,0.00000719,1,0.078212,0.142392,0.014032,0.925656,0.865229,0.986084,0.954232,0.914156,0.994308,0.039678,0.006006,0.047832,0.005298,0.000100
horse_circle,prune,525,3154.898,0.224100,0.893951,0.807789,0.980112,36,0.00001289,2,0.079486,0.143880,0.015091,0.925163,0.865267,0.985058,0.959459,0.924014,0.994903,0.039906,0.006619,0.045810,0.005624,0.000100
horse_circle,prune,550,3456.629,0.223501,0.897801,0.820455,0.975148,36,0.00002730,2,0.082944,0.145833,0.020056,0.922972,0.865707,0.980236,0.967404,0.940104,0.994705,0.040612,0.008730,0.042747,0.007076,0.000100
horse_circle,prune,575,3505.066,0.221935,0.899500,0.824026,0.974974,36,0.00000493,2,0.083375,0.145833,0.020916,0.922815,0.866212,0.979419,0.969782,0.944196,0.995367,0.040778,0.009000,0.042002,0.007086,0.000100
horse_circle,prune,600,3810.848,0.218363,0.901181,0.825854,0.976507,36,0.00000511,2,0.083018,0.146112,0.019923,0.923332,0.866275,0.980388,0.971242,0.946522,0.995962,0.040699,0.008641,0.041470,0.006646,0.000100
horse_circle,prune,625,3858.968,0.217806,0.901499,0.826879,0.976118,36,0.00000691,0,0.081576,0.143229,0.019923,0.924401,0.868421,0.980381,0.970439,0.945312,0.995565,0.040348,0.008625,0.041348,0.006766,0.000100
horse_circle,prune,650,4172.478,0.209911,0.904209,0.830759,0.977659,36,0.00001252,1,0.078654,0.138114,0.019195,0.926822,0.872543,0.981100,0.970962,0.945499,0.996426,0.038777,0.008361,0.040101,0.006297,0.000100
horse_circle,prune,675,4220.759,0.205072,0.906997,0.834479,0.979515,36,0.00006590,1,0.076983,0.136161,0.017805,0.928437,0.874421,0.982454,0.972529,0.948103,0.996955,0.038442,0.007999,0.039288,0.005833,0.000100
horse_circle,prune,700,4506.146,0.202190,0.907741,0.833538,0.981944,36,0.00008359,2,0.076489,0.137556,0.015422,0.929038,0.873308,0.984768,0.972642,0.948196,0.997088,0.038642,0.006931,0.039453,0.005137,0.000100
horse_circle,prune,725,4554.521,0.201219,0.908880,0.835881,0.981880,36,0.00001558,1,0.076708,0.137928,0.015488,0.929030,0.873356,0.984704,0.974130,0.951172,0.997088,0.038931,0.006892,0.039066,0.005092,0.000100
horse_circle,prune,750,4835.211,0.200291,0.909218,0.836870,0.981566,36,0.00000445,0,0.077923,0.139695,0.016150,0.928156,0.872246,0.984066,0.975597,0.953776,0.997419,0.039179,0.006984,0.038651,0.005030,0.000100
horse_circle,prune,775,4883.276,0.199605,0.910139,0.836976,0.983303,36,0.00000531,2,0.077633,0.140439,0.014827,0.928550,0.871740,0.985359,0.976201,0.954520,0.997882,0.039258,0.006708,0.038688,0.004863,0.000100
horse_circle,prune,800,5180.591,0.199469,0.909547,0.836630,0.982465,36,0.00000778,1,0.076722,0.138021,0.015422,0.929083,0.873390,0.984776,0.974860,0.952102,0.997617,0.038750,0.006906,0.038724,0.004936,0.000100
horse_circle,prune,825,5228.865,0.200507,0.909870,0.837858,0.981882,36,0.00000686,1,0.078262,0.140904,0.015621,0.928056,0.871534,0.984577,0.976568,0.955915,0.997220,0.039645,0.006964,0.038514,0.005016,0.000100
horse_circle,prune,850,5510.184,0.197724,0.911273,0.838923,0.983623,36,0.00000632,2,0.077109,0.139788,0.014429,0.929100,0.872454,0.985745,0.977005,0.956194,0.997816,0.039282,0.006557,0.038307,0.004680,0.000100
horse_circle,prune,875,5558.005,0.196663,0.911821,0.841117,0.982526,36,0.00001151,2,0.077147,0.139137,0.015158,0.929115,0.873199,0.985031,0.977783,0.958147,0.997419,0.039100,0.006860,0.037613,0.004959,0.000100
horse_circle,prune,900,5847.344,0.195620,0.912389,0.842054,0.982724,36,0.00000842,1,0.077353,0.139416,0.015290,0.929017,0.873127,0.984907,0.978599,0.959449,0.997750,0.039341,0.006506,0.037621,0.004660,0.000100
horse_circle,prune,925,5894.396,0.194568,0.912760,0.843315,0.982205,36,0.00000828,1,0.076071,0.136719,0.015422,0.929976,0.875180,0.984772,0.977982,0.958612,0.997352,0.038419,0.007048,0.036996,0.005125,0.000100
horse_circle,prune,950,6191.733,0.193708,0.912404,0.842019,0.982788,36,0.00000748,1,0.076901,0.138579,0.015224,0.929339,0.873707,0.984971,0.978227,0.958705,0.997750,0.038638,0.006655,0.037168,0.004753,0.000100
horse_circle,prune,975,6238.801,0.194625,0.913011,0.842397,0.983625,36,0.00000412,2,0.077640,0.140718,0.014562,0.928942,0.872267,0.985618,0.979443,0.960938,0.997948,0.039316,0.006643,0.037204,0.004691,0.000100
horse_circle,prune,1000,6513.779,0.194756,0.913149,0.843707,0.982592,36,0.00000165,1,0.077692,0.140160,0.015224,0.928898,0.872827,0.984968,0.979756,0.961961,0.997551,0.039292,0.006761,0.037121,0.004771,0.000100
horse_circle,prune,1025,6560.640,0.194781,0.911917,0.840542,0.983292,36,0.00000194,0,0.076930,0.139695,0.014165,0.929364,0.872733,0.985995,0.977591,0.957961,0.997220,0.038920,0.006506,0.037518,0.004695,0.000100
horse_circle,prune,1050,6837.866,0.196491,0.911497,0.840144,0.982851,35,0.00000041,0,0.077719,0.140346,0.015091,0.928663,0.872227,0.985099,0.977869,0.958054,0.997683,0.039207,0.006811,0.037663,0.004825,0.000100
horse_circle,prune,1075,6883.643,0.193446,0.913053,0.844684,0.981422,35,0.00000160,1,0.077187,0.138951,0.015422,0.929278,0.873796,0.984760,0.979306,0.962054,0.996558,0.039025,0.006581,0.036797,0.004881,0.000100
horse_circle,prune,1100,7178.988,0.191512,0.914497,0.845708,0.983287,35,0.00000000,1,0.076857,0.139881,0.013834,0.929798,0.873283,0.986313,0.980448,0.964007,0.996889,0.039227,0.006214,0.036474,0.004643,0.000100
horse_circle,prune,1125,7224.324,0.191404,0.914331,0.845174,0.983489,35,0.00000085,1,0.076591,0.138951,0.014231,0.929897,0.873860,0.985934,0.980048,0.962612,0.997485,0.038978,0.006396,0.036493,0.004621,0.000100
horse_circle,prune,1150,7476.050,0.194508,0.913509,0.845846,0.981173,35,0.00000002,2,0.077856,0.139695,0.016018,0.928808,0.873431,0.984186,0.980448,0.964007,0.996889,0.039259,0.007070,0.036508,0.005164,0.000100
horse_circle,prune,1175,7521.994,0.191552,0.914042,0.845959,0.982125,35,0.00000010,2,0.076371,0.138114,0.014628,0.930039,0.874546,0.985533,0.979645,0.962798,0.996492,0.038762,0.006484,0.036378,0.004849,0.000100
horse_circle,prune,1200,7800.773,0.190279,0.914848,0.846606,0.983091,35,0.00000099,1,0.076253,0.138672,0.013834,0.930276,0.874241,0.986310,0.980349,0.964007,0.996690,0.038930,0.006256,0.036222,0.004611,0.000100
horse_circle,prune,1225,7847.050,0.195080,0.913191,0.845859,0.980524,35,0.00000164,1,0.077969,0.139788,0.016150,0.928708,0.873368,0.984049,0.980230,0.964100,0.996360,0.039159,0.007216,0.036385,0.005454,0.000100
horse_circle,prune,1250,8127.506,0.195362,0.913135,0.844698,0.981572,35,0.00000041,2,0.078367,0.140253,0.016481,0.928321,0.872893,0.983750,0.980460,0.963170,0.997750,0.039227,0.007342,0.036607,0.005229,0.000100
horse_circle,prune,1275,8173.594,0.195115,0.913663,0.846920,0.980406,35,0.00000027,1,0.077696,0.138579,0.016812,0.928881,0.874346,0.983415,0.980587,0.964286,0.996889,0.038977,0.007506,0.036264,0.005532,0.000100
horse_circle,prune,1300,8448.440,0.192341,0.913922,0.846367,0.981477,35,0.00000098,0,0.077075,0.139323,0.014827,0.929545,0.873757,0.985333,0.980157,0.964286,0.996029,0.038950,0.006636,0.036257,0.005064,0.000100
horse_circle,prune,1325,8493.480,0.191657,0.914368,0.846160,0.982575,35,0.00000227,0,0.076916,0.139602,0.014231,0.929729,0.873536,0.985921,0.980422,0.964286,0.996558,0.039024,0.006469,0.036232,0.004906,0.000100
horse_circle,prune,1350,8754.214,0.190389,0.914556,0.846141,0.982970,35,0.00000070,0,0.076039,0.137649,0.014429,0.930315,0.874894,0.985736,0.979883,0.962612,0.997154,0.038647,0.006340,0.036301,0.004668,0.000100
horse_circle,prune,1375,8800.191,0.192267,0.914167,0.846587,0.981747,35,0.00000055,1,0.077247,0.139137,0.015356,0.929372,0.873915,0.984829,0.980601,0.964379,0.996823,0.039075,0.006696,0.036225,0.004978,0.000100
horse_circle,prune,1400,9088.153,0.189615,0.915624,0.849052,0.982195,34,0.00000043,1,0.076457,0.138021,0.014893,0.930145,0.875011,0.985280,0.981531,0.966239,0.996823,0.038721,0.006700,0.035521,0.004973,0.000100
horse_circle,prune,1425,9133.437,0.192666,0.914705,0.847340,0.982071,34,0.00000169,1,0.077552,0.139881,0.015224,0.929228,0.873497,0.984960,0.981444,0.965867,0.997021,0.039221,0.006966,0.036049,0.005079,0.000100
horse_circle,prune,1450,9390.518,0.192974,0.914318,0.846812,0.981823,34,0.00000200,0,0.078381,0.140811,0.015952,0.928522,0.872784,0.984260,0.981769,0.966053,0.997485,0.039445,0.006985,0.036125,0.004985,0.000100
horse_circle,prune,1475,9434.403,0.192261,0.914342,0.847069,0.981615,34,0.00000182,0,0.078097,0.140904,0.015290,0.928822,0.872753,0.984890,0.981525,0.966425,0.996624,0.039572,0.006604,0.036122,0.004876,0.000100
horse_circle,prune,1500,9706.370,0.191081,0.915114,0.847709,0.982518,34,0.00000598,0,0.077753,0.140811,0.014694,0.929188,0.872901,0.985475,0.982016,0.967076,0.996955,0.039556,0.006393,0.036036,0.004681,0.000100
horse_circle,prune,1525,9750.567,0.192360,0.914660,0.848284,0.981035,34,0.00000111,1,0.077007,0.138393,0.015621,0.929608,0.874653,0.984564,0.981020,0.965681,0.996360,0.038984,0.006959,0.035988,0.005161,0.000100
horse_circle,prune,1550,10033.646,0.191503,0.914199,0.846920,0.981477,34,0.00000107,0,0.076703,0.138579,0.014827,0.929840,0.874346,0.985333,0.980157,0.964286,0.996029,0.038966,0.006366,0.036266,0.004902,0.000100
horse_circle,prune,1575,10077.810,0.194117,0.913826,0.846480,0.981173,34,0.00000053,0,0.078089,0.140160,0.016018,0.928688,0.873191,0.984186,0.981006,0.965123,0.996889,0.039310,0.007092,0.036340,0.005164,0.000100
horse_circle,prune,1600,10355.941,0.191413,0.914428,0.846789,0.982067,34,0.00000183,1,0.076616,0.138207,0.015025,0.929870,0.874589,0.985151,0.980322,0.963821,0.996823,0.038894,0.006622,0.036189,0.004858,0.000100
horse_circle,prune,1625,10399.918,0.191964,0.913861,0.845991,0.981732,34,0.00000450,0,0.076723,0.138951,0.014496,0.929810,0.873967,0.985654,0.979752,0.963542,0.995962,0.039017,0.006335,0.036444,0.004867,0.000100
horse_circle,prune,1650,10681.331,0.191612,0.914192,0.846254,0.982130,34,0.00000006,1,0.076085,0.137277,0.014893,0.930224,0.875169,0.985279,0.979591,0.962426,0.996757,0.038582,0.006547,0.036397,0.004909,0.000100
horse_circle,prune,1675,10725.606,0.191793,0.914527,0.847568,0.981486,34,0.00000003,1,0.076642,0.137928,0.015356,0.929854,0.874884,0.984825,0.980515,0.964472,0.996558,0.038713,0.006832,0.036049,0.005109,0.000100
horse_circle,prune,1700,11010.933,0.192342,0.914574,0.848356,0.980792,34,0.00000164,0,0.076819,0.137091,0.016548,0.929622,0.875570,0.983674,0.980840,0.964658,0.997021,0.038545,0.007317,0.035881,0.005302,0.000100
cat_face_bass,nopen,1,1.382,1.255568,0.156907,0.189697,0.124116,20,0.00019250,0,0.162589,0.112745,0.212434,0.533243,0.651838,0.414649,0.180784,0.211084,0.150483,0.027994,0.048116,0.182323,0.198100,0.000000
cat_face_bass,nopen,25,25.613,0.981256,0.272606,0.298704,0.246508,20,0.00000069,1,0.087846,0.057323,0.118368,0.772998,0.846381,0.699615,0.295756,0.315826,0.275686,0.014034,0.026551,0.149813,0.156980,0.000000
cat_face_bass,nopen,50,178.205,0.755948,0.431298,0.438051,0.424545,23,0.00039799,0,0.070961,0.044818,0.097103,0.869148,0.910810,0.827487,0.461726,0.457683,0.465770,0.010747,0.021644,0.118319,0.117375,0.000000
cat_face_bass,nopen,75,206.447,0.567053,0.573186,0.551992,0.594380,23,0.00000674,0,0.060979,0.044818,0.077140,0.910181,0.927893,0.892468,0.608480,0.576731,0.640230,0.010742,0.017137,0.094019,0.081058,0.000000
cat_face_bass,nopen,100,374.868,0.421961,0.684483,0.648561,0.720405,24,0.00011874,0,0.053709,0.046118,0.061300,0.931064,0.936352,0.925775,0.721518,0.678471,0.764565,0.011125,0.013399,0.073851,0.054513,0.000000
cat_face_bass,nopen,125,404.506,0.343007,0.746694,0.698102,0.795286,24,0.00019183,1,0.048978,0.043818,0.054139,0.941309,0.943279,0.939339,0.783517,0.728691,0.838342,0.010654,0.011967,0.063242,0.039738,0.000000
cat_face_bass,nopen,150,585.661,0.286946,0.789700,0.742909,0.836490,25,0.00013548,1,0.044970,0.047519,0.042422,0.948030,0.942452,0.953607,0.825093,0.778211,0.871976,0.011630,0.009403,0.053927,0.031174,0.000000
cat_face_bass,nopen,175,616.944,0.249880,0.816285,0.781268,0.851302,25,0.00011919,1,0.041079,0.044618,0.037539,0.953698,0.948164,0.959232,0.849693,0.816126,0.883259,0.010839,0.008153,0.045602,0.028167,0.000000
cat_face_bass,nopen,200,800.493,0.225070,0.839243,0.813775,0.864712,25,0.00021073,1,0.045325,0.054522,0.036129,0.950750,0.940261,0.961239,0.877048,0.858143,0.895953,0.013321,0.007760,0.039102,0.025332,0.000000
cat_face_bass,nopen,225,831.545,0.198873,0.860653,0.853811,0.867495,25,0.00005724,2,0.047140,0.055222,0.039058,0.950358,0.942247,0.958468,0.901169,0.900960,0.901378,0.013436,0.008293,0.030615,0.024798,0.000000
cat_face_bass,nopen,250,1023.883,0.185123,0.870527,0.871017,0.870038,24,0.00014740,2,0.045118,0.051721,0.038516,0.952837,0.946558,0.959116,0.909807,0.916066,0.903548,0.012552,0.008346,0.026720,0.024505,0.000000
cat_face_bass,nopen,275,1053.677,0.172706,0.881476,0.883590,0.879362,24,0.00015922,3,0.046233,0.051020,0.041445,0.952313,0.947922,0.956704,0.922240,0.928671,0.915808,0.012362,0.009050,0.024026,0.022800,0.000000
cat_face_bass,nopen,300,1243.328,0.164209,0.890415,0.891319,0.889511,26,0.00027892,2,0.048953,0.052121,0.045785,0.950219,0.947347,0.953090,0.934006,0.937775,0.930238,0.012658,0.010128,0.022337,0.020941,0.000000
cat_face_bass,nopen,325,1275.998,0.146975,0.902534,0.900361,0.904707,26,0.00052581,1,0.045857,0.052221,0.039492,0.953729,0.947758,0.959699,0.943908,0.947379,0.940436,0.012642,0.008588,0.020329,0.017925,0.000000
cat_face_bass,nopen,350,1464.342,0.139164,0.908972,0.900989,0.916954,26,0.00052640,2,0.044572,0.051821,0.037322,0.955198,0.948153,0.962243,0.949428,0.947679,0.951177,0.012609,0.008211,0.020366,0.015489,0.000000
cat_face_bass,nopen,375,1496.960,0.128386,0.915769,0.907920,0.923618,26,0.00049474,2,0.041243,0.048419,0.034067,0.958577,0.951595,0.965559,0.953482,0.951881,0.955083,0.011730,0.007608,0.018787,0.014224,0.000000
cat_face_bass,nopen,400,1697.072,0.127712,0.917368,0.911111,0.923624,25,0.00052526,3,0.042958,0.048920,0.036997,0.957057,0.951305,0.962809,0.956739,0.955682,0.957795,0.011832,0.008138,0.018186,0.014278,0.000000
cat_face_bass,nopen,425,1728.715,0.122796,0.920056,0.913876,0.926236,25,0.00038102,3,0.040448,0.045418,0.035478,0.959473,0.954618,0.964329,0.957240,0.955382,0.959097,0.011086,0.007836,0.017640,0.013743,0.000000
cat_face_bass,nopen,450,1930.071,0.119521,0.922155,0.919142,0.925168,25,0.00038969,6,0.038980,0.044218,0.033742,0.960940,0.955959,0.965922,0.958084,0.959784,0.956385,0.010820,0.007545,0.016505,0.014062,0.000000
cat_face_bass,nopen,475,1961.471,0.119714,0.922233,0.920115,0.924350,25,0.00040507,6,0.041198,0.046919,0.035478,0.958907,0.953555,0.964258,0.960215,0.963285,0.957144,0.011230,0.007863,0.016138,0.014125,0.000000
cat_face_bass,nopen,500,2163.133,0.116618,0.925837,0.923268,0.928407,27,0.00041997,3,0.041632,0.048219,0.035044,0.958678,0.952540,0.964815,0.964364,0.967787,0.960942,0.011756,0.007813,0.015630,0.013361,0.000000
cat_face_bass,nopen,525,2196.956,0.116428,0.925299,0.925289,0.925309,27,0.00041473,5,0.041407,0.047119,0.035695,0.958857,0.953623,0.964091,0.963613,0.968888,0.958338,0.011248,0.008138,0.014951,0.014069,0.000000
cat_face_bass,nopen,550,2387.904,0.120468,0.923048,0.922424,0.923671,28,0.00033434,5,0.044389,0.049720,0.039058,0.956027,0.951160,0.960895,0.964018,0.968287,0.959748,0.011901,0.008576,0.015606,0.014233,0.000000
cat_face_bass,nopen,575,2422.778,0.108402,0.930555,0.929846,0.931263,28,0.00046236,6,0.039412,0.048119,0.030704,0.960976,0.952949,0.969003,0.967223,0.974590,0.959857,0.011472,0.006848,0.014058,0.012808,0.000000
cat_face_bass,nopen,600,2639.021,0.107668,0.931497,0.930348,0.932647,27,0.00043427,5,0.041234,0.049920,0.032549,0.959342,0.951379,0.967306,0.969897,0.976791,0.963003,0.011863,0.007076,0.013861,0.012458,0.000000
cat_face_bass,nopen,625,2673.087,0.105230,0.934378,0.938385,0.930372,27,0.00049659,4,0.039355,0.045618,0.033091,0.961145,0.955573,0.966718,0.971176,0.981192,0.961159,0.011362,0.007309,0.012631,0.012994,0.000000
cat_face_bass,nopen,650,2891.597,0.102524,0.936245,0.940744,0.931747,27,0.00050324,7,0.040773,0.046719,0.034827,0.959922,0.954704,0.965139,0.974445,0.984694,0.964197,0.011418,0.007620,0.011933,0.012605,0.000000
cat_face_bass,nopen,675,2925.557,0.098544,0.938493,0.941328,0.935657,27,0.00040876,5,0.037744,0.045218,0.030270,0.962808,0.956061,0.969555,0.973937,0.983894,0.963980,0.011126,0.006696,0.011889,0.011953,0.000000
cat_face_bass,nopen,700,3139.123,0.104465,0.934884,0.935468,0.934299,27,0.00055563,6,0.040080,0.046419,0.033742,0.960485,0.954727,0.966243,0.972358,0.978892,0.965824,0.011393,0.007440,0.013064,0.012211,0.000000
cat_face_bass,nopen,725,3173.755,0.105309,0.934258,0.931888,0.936628,27,0.00052017,4,0.040643,0.047219,0.034067,0.959934,0.953848,0.966021,0.972213,0.975890,0.968536,0.011526,0.007449,0.013782,0.011712,0.000000
cat_face_bass,nopen,750,3379.010,0.100499,0.937708,0.937088,0.938327,27,0.00060050,4,0.039488,0.046319,0.032657,0.961143,0.954891,0.967396,0.974731,0.980492,0.968970,0.011249,0.007188,0.012710,0.011431,0.000000
cat_face_bass,nopen,775,3413.334,0.095046,0.940424,0.942118,0.938730,27,0.00051941,4,0.037257,0.043918,0.030596,0.963299,0.957254,0.969344,0.975472,0.983493,0.967451,0.010533,0.006770,0.011576,0.011333,0.000000
cat_face_bass,nopen,800,3627.100,0.094885,0.940063,0.942402,0.937723,27,0.00044466,4,0.037604,0.042117,0.033091,0.962924,0.958879,0.966970,0.975423,0.982093,0.968753,0.009911,0.007326,0.011359,0.011547,0.000000
cat_face_bass,nopen,825,3661.526,0.097917,0.938524,0.943079,0.933969,27,0.00032634,4,0.038685,0.042217,0.035152,0.961867,0.958817,0.964916,0.974847,0.982893,0.966800,0.010106,0.007821,0.011255,0.012344,0.000000
cat_face_bass,nopen,850,3882.483,0.097524,0.937655,0.942454,0.932857,27,0.00030236,2,0.036933,0.041317,0.032549,0.963457,0.959601,0.967313,0.972306,0.981393,0.963220,0.009833,0.007157,0.011416,0.012527,0.000000
cat_face_bass,nopen,875,3917.093,0.108200,0.932478,0.940544,0.924413,27,0.00020707,4,0.042512,0.041517,0.043507,0.958093,0.959342,0.956845,0.972111,0.979592,0.964631,0.010001,0.009671,0.011912,0.014271,0.000000
cat_face_bass,nopen,900,4115.528,0.110836,0.931484,0.939461,0.923506,26,0.00026306,3,0.044499,0.039416,0.049582,0.956269,0.961201,0.951336,0.972893,0.976491,0.969296,0.009773,0.010787,0.012354,0.014250,0.000000
cat_face_bass,nopen,925,4148.238,0.112596,0.929750,0.935738,0.923762,26,0.00025223,3,0.043664,0.039916,0.047412,0.956942,0.960596,0.953287,0.970325,0.973089,0.967560,0.009780,0.010457,0.013047,0.014308,0.000000
cat_face_bass,nopen,950,4353.606,0.109944,0.931437,0.935279,0.927595,26,0.00026346,2,0.043064,0.038715,0.047412,0.957573,0.961676,0.953471,0.971531,0.971489,0.971574,0.009489,0.010396,0.013135,0.013509,0.000000
cat_face_bass,nopen,975,4386.471,0.111703,0.930383,0.933699,0.927067,26,0.00024806,2,0.042700,0.039616,0.045785,0.957847,0.960788,0.954905,0.970101,0.970688,0.969513,0.009795,0.010154,0.013530,0.013672,0.000000
cat_face_bass,nopen,1000,4596.864,0.112250,0.930052,0.933340,0.926763,26,0.00026438,2,0.042204,0.038515,0.045893,0.958288,0.961783,0.954793,0.969292,0.969288,0.969296,0.009550,0.010212,0.013694,0.013780,0.000000
cat_face_bass,nopen,1025,4629.691,0.112151,0.929671,0.933244,0.926099,26,0.00025499,2,0.043389,0.040016,0.046761,0.957193,0.960404,0.953982,0.969996,0.970588,0.969404,0.009719,0.010284,0.013538,0.013785,0.000000
cat_face_bass,nopen,1050,4840.353,0.109402,0.930729,0.934335,0.927123,26,0.00029367,2,0.041315,0.039016,0.043615,0.959115,0.961363,0.956867,0.969174,0.970788,0.967560,0.009506,0.009585,0.013268,0.013585,0.000000
cat_face_bass,nopen,1075,4872.949,0.110292,0.930429,0.933052,0.927806,26,0.00026610,3,0.042240,0.041517,0.042964,0.958258,0.959029,0.957488,0.969729,0.971789,0.967668,0.009924,0.009443,0.013493,0.013525,0.000000
cat_face_bass,nopen,1100,5082.610,0.111743,0.929851,0.931508,0.928193,26,0.00027584,3,0.043492,0.041417,0.045568,0.957103,0.959054,0.955152,0.970289,0.970088,0.970489,0.010240,0.009712,0.013959,0.013248,0.000000
cat_face_bass,penalty,1,1.367,1.255568,0.156907,0.189697,0.124116,20,0.00019250,0,0.162589,0.112745,0.212434,0.533243,0.651838,0.414649,0.180784,0.211084,0.150483,0.027994,0.048116,0.182323,0.198100,0.010000
cat_face_bass,penalty,25,27.180,0.981256,0.272606,0.298704,0.246508,20,0.00000069,1,0.087846,0.057323,0.118368,0.772998,0.846381,0.699615,0.295756,0.315826,0.275686,0.014034,0.026551,0.149813,0.156980,0.010000
cat_face_bass,penalty,50,187.878,0.756162,0.431051,0.438051,0.424051,23,0.00041848,0,0.070961,0.044818,0.097103,0.869065,0.910810,0.827320,0.461455,0.457683,0.465227,0.010747,0.021644,0.118319,0.117442,0.010000
cat_face_bass,penalty,75,217.574,0.568904,0.568518,0.550159,0.586878,23,0.00001236,0,0.058303,0.040116,0.076489,0.913246,0.934488,0.892004,0.601998,0.572229,0.631767,0.009508,0.016877,0.094009,0.082430,0.010000
cat_face_bass,penalty,100,384.760,0.416491,0.687536,0.653396,0.721677,23,0.00008992,0,0.051950,0.042817,0.061083,0.933500,0.940876,0.926125,0.723566,0.681373,0.765759,0.010197,0.013452,0.072519,0.054466,0.010000
cat_face_bass,penalty,125,414.513,0.327032,0.755940,0.712872,0.799008,23,0.00023356,1,0.045933,0.041417,0.050450,0.945230,0.947160,0.943300,0.790858,0.742397,0.839319,0.010058,0.010921,0.059895,0.038572,0.010000
cat_face_bass,penalty,150,607.154,0.273533,0.794215,0.751541,0.836888,23,0.00043024,1,0.038232,0.038816,0.037648,0.955542,0.952637,0.958448,0.824554,0.780712,0.868395,0.009294,0.008009,0.051650,0.030776,0.010000
cat_face_bass,penalty,175,637.268,0.246058,0.816722,0.788001,0.845443,23,0.00027970,1,0.036912,0.040516,0.033308,0.958093,0.952912,0.963273,0.846766,0.819928,0.873603,0.009784,0.007300,0.044151,0.029262,0.010000
cat_face_bass,penalty,200,818.767,0.228072,0.830917,0.803068,0.858767,21,0.00009753,1,0.037169,0.043417,0.030921,0.958495,0.950738,0.966252,0.861628,0.837935,0.885321,0.010475,0.006575,0.040992,0.026484,0.010000
cat_face_bass,penalty,225,846.544,0.208962,0.845659,0.818907,0.872410,21,0.00044418,3,0.035840,0.040216,0.031464,0.960567,0.954918,0.966216,0.875850,0.851841,0.899859,0.009604,0.006813,0.037445,0.023897,0.010000
cat_face_bass,penalty,250,1016.659,0.191195,0.859078,0.832529,0.885627,20,0.00125323,2,0.034076,0.037015,0.031138,0.962958,0.958889,0.967027,0.888275,0.863345,0.913204,0.008899,0.006591,0.034539,0.021155,0.010000
cat_face_bass,penalty,275,1043.034,0.174900,0.870276,0.846779,0.893773,20,0.00078276,1,0.029313,0.034214,0.024411,0.968216,0.962401,0.974030,0.895671,0.875750,0.915591,0.008315,0.005260,0.031569,0.019761,0.010000
cat_face_bass,penalty,300,1212.271,0.168847,0.873874,0.848385,0.899362,20,0.00028744,2,0.027777,0.034614,0.020940,0.969882,0.962061,0.977703,0.897973,0.877751,0.918195,0.008419,0.004360,0.031338,0.018488,0.010000
cat_face_bass,penalty,325,1238.742,0.154821,0.885928,0.859200,0.912656,20,0.00049302,2,0.029379,0.035214,0.023543,0.968667,0.961917,0.975416,0.911800,0.889456,0.934143,0.008282,0.005046,0.028820,0.016008,0.010000
cat_face_bass,penalty,350,1405.226,0.139451,0.898028,0.874576,0.921479,20,0.00040034,1,0.028391,0.032913,0.023869,0.970086,0.964847,0.975325,0.923418,0.903361,0.943474,0.007784,0.005110,0.025554,0.014389,0.010000
cat_face_bass,penalty,375,1431.798,0.133845,0.902181,0.879365,0.924997,20,0.00046714,2,0.027689,0.034114,0.021265,0.970914,0.963843,0.977985,0.927016,0.909364,0.944667,0.008019,0.004605,0.024532,0.013662,0.010000
cat_face_bass,penalty,400,1601.055,0.129765,0.905821,0.882768,0.928875,20,0.00045428,2,0.028569,0.035114,0.022025,0.970160,0.962994,0.977326,0.931549,0.913766,0.949333,0.008176,0.004669,0.023765,0.012962,0.010000
cat_face_bass,penalty,425,1627.587,0.125927,0.910427,0.893678,0.927176,20,0.00038369,2,0.030870,0.039716,0.022025,0.968147,0.959009,0.977285,0.938384,0.929172,0.947597,0.009373,0.004663,0.021616,0.013253,0.010000
cat_face_bass,penalty,450,1787.427,0.124745,0.912473,0.898619,0.926327,19,0.00033826,2,0.032521,0.043017,0.022025,0.966692,0.956118,0.977265,0.942002,0.937275,0.946729,0.010304,0.004719,0.020530,0.013461,0.010000
cat_face_bass,penalty,475,1812.346,0.120703,0.915229,0.900337,0.930121,19,0.00024616,1,0.029994,0.039916,0.020072,0.969197,0.959110,0.979283,0.942532,0.936275,0.948790,0.009587,0.004350,0.020394,0.012814,0.010000
cat_face_bass,penalty,500,1971.916,0.115972,0.914883,0.902449,0.927317,19,0.00027028,3,0.024570,0.029612,0.019529,0.974438,0.969115,0.979762,0.937299,0.929172,0.945427,0.007022,0.004119,0.019803,0.013220,0.010000
cat_face_bass,penalty,525,1996.924,0.111775,0.918400,0.908677,0.928123,19,0.00025673,1,0.025395,0.031913,0.018878,0.973757,0.967086,0.980427,0.941659,0.937675,0.945644,0.007406,0.004045,0.018330,0.013143,0.010000
cat_face_bass,penalty,550,2159.051,0.108925,0.921746,0.914875,0.928617,19,0.00018830,1,0.026434,0.033013,0.019855,0.972857,0.966247,0.979466,0.946066,0.945078,0.947054,0.007722,0.004387,0.017053,0.013157,0.010000
cat_face_bass,penalty,575,2184.384,0.108635,0.922003,0.916844,0.927163,19,0.00014667,0,0.028970,0.034614,0.023326,0.970399,0.964794,0.976004,0.948685,0.948579,0.948790,0.007943,0.004858,0.016564,0.013213,0.010000
cat_face_bass,penalty,600,2345.923,0.110964,0.920759,0.915530,0.925989,19,0.00037836,2,0.028566,0.033914,0.023218,0.970747,0.965412,0.976081,0.947033,0.946579,0.947488,0.007867,0.005078,0.016880,0.013547,0.010000
cat_face_bass,penalty,625,2371.108,0.109000,0.922159,0.917893,0.926425,19,0.00066311,3,0.027565,0.033213,0.021916,0.971769,0.966164,0.977375,0.947554,0.948379,0.946729,0.007758,0.004770,0.016423,0.013492,0.010000
cat_face_bass,penalty,650,2529.338,0.111210,0.920620,0.920105,0.921136,19,0.00107386,3,0.028278,0.033013,0.023543,0.971035,0.966433,0.975637,0.946652,0.950480,0.942823,0.007814,0.004913,0.016100,0.014356,0.010000
cat_face_bass,penalty,675,2554.042,0.112913,0.919300,0.919016,0.919584,19,0.00108319,3,0.027694,0.032713,0.022675,0.971568,0.966680,0.976456,0.944758,0.949080,0.940436,0.007703,0.004854,0.016270,0.014836,0.010000
cat_face_bass,penalty,700,2707.239,0.116508,0.917430,0.913660,0.921201,19,0.00072992,4,0.030008,0.037015,0.023001,0.969288,0.962402,0.976174,0.944934,0.947479,0.942389,0.008965,0.004859,0.017290,0.014464,0.010000
cat_face_bass,penalty,725,2731.752,0.107857,0.921553,0.919210,0.923896,19,0.00071990,5,0.026013,0.032713,0.019312,0.973296,0.966687,0.979905,0.945509,0.949280,0.941738,0.007687,0.004117,0.015881,0.014001,0.010000
cat_face_bass,penalty,750,2888.872,0.102214,0.926141,0.921643,0.930638,19,0.00063007,3,0.025083,0.030312,0.019855,0.974288,0.969066,0.979510,0.949348,0.949580,0.949116,0.007139,0.004093,0.015718,0.012590,0.010000
cat_face_bass,penalty,775,2913.285,0.104581,0.924189,0.920019,0.928359,19,0.00050071,4,0.026318,0.031913,0.020723,0.973039,0.967479,0.978599,0.948488,0.949380,0.947597,0.007191,0.004405,0.015768,0.013178,0.010000
cat_face_bass,penalty,800,3068.619,0.100793,0.927456,0.925389,0.929522,19,0.00075936,3,0.023753,0.028411,0.019095,0.975626,0.971012,0.980240,0.949476,0.951681,0.947271,0.006795,0.004104,0.015014,0.012957,0.010000
cat_face_bass,penalty,825,3093.083,0.101935,0.927078,0.925121,0.929036,19,0.00054256,2,0.024820,0.031413,0.018227,0.974612,0.968128,0.981096,0.950076,0.954182,0.945969,0.007553,0.003910,0.015082,0.013038,0.010000
cat_face_bass,penalty,850,3249.359,0.101821,0.927347,0.922496,0.932198,19,0.00024342,3,0.026613,0.033914,0.019312,0.972872,0.965664,0.980081,0.951991,0.953782,0.950201,0.007787,0.004158,0.015420,0.012491,0.010000
cat_face_bass,penalty,875,3273.773,0.099362,0.928690,0.925196,0.932184,19,0.00054888,1,0.025104,0.031112,0.019095,0.974356,0.968417,0.980296,0.951983,0.953982,0.949984,0.007145,0.004154,0.014835,0.012508,0.010000
cat_face_bass,penalty,900,3427.191,0.098968,0.928989,0.925595,0.932382,19,0.00034337,2,0.024395,0.029912,0.018878,0.975046,0.969577,0.980515,0.951633,0.953281,0.949984,0.007056,0.004098,0.014952,0.012380,0.010000
cat_face_bass,penalty,925,3451.829,0.100783,0.928074,0.923412,0.932736,19,0.00012233,2,0.025503,0.033213,0.017793,0.973981,0.966359,0.981602,0.951707,0.954082,0.949333,0.007902,0.003798,0.015379,0.012337,0.010000
cat_face_bass,penalty,950,3610.324,0.097930,0.930428,0.927274,0.933582,19,0.00014192,1,0.023998,0.030312,0.017685,0.975487,0.969248,0.981726,0.952737,0.955382,0.950092,0.007397,0.003704,0.014924,0.012137,0.010000
cat_face_bass,penalty,975,3634.803,0.096969,0.930841,0.928079,0.933603,19,0.00023684,1,0.023661,0.029312,0.018010,0.975816,0.970230,0.981403,0.952850,0.955282,0.950418,0.007107,0.003847,0.014672,0.012119,0.010000
cat_face_bass,penalty,1000,3790.596,0.095904,0.930497,0.927967,0.933028,19,0.00012260,1,0.023235,0.029112,0.017359,0.976229,0.970418,0.982041,0.952103,0.954982,0.949224,0.006905,0.003554,0.014539,0.012171,0.010000
cat_face_bass,penalty,1025,3815.149,0.095698,0.930556,0.928676,0.932435,19,0.00019612,2,0.021488,0.028111,0.014864,0.977967,0.971399,0.984536,0.950538,0.954782,0.946295,0.006845,0.003226,0.014488,0.012330,0.010000
cat_face_bass,penalty,1050,3970.687,0.095416,0.931248,0.928592,0.933903,19,0.00015999,2,0.022184,0.028311,0.016057,0.977282,0.971205,0.983360,0.951890,0.954882,0.948899,0.006861,0.003450,0.014506,0.012107,0.010000
cat_face_bass,penalty,1075,3995.185,0.096585,0.930202,0.926391,0.934014,19,0.00016176,2,0.024116,0.028812,0.019421,0.975334,0.970657,0.980011,0.952617,0.953081,0.952154,0.006871,0.003994,0.014837,0.011888,0.010000
cat_face_bass,penalty,1100,4154.292,0.095134,0.931130,0.928238,0.934021,19,0.00013895,2,0.023470,0.027411,0.019529,0.975982,0.972061,0.979904,0.952972,0.953681,0.952262,0.006525,0.004127,0.014414,0.011939,0.010000
cat_face_bass,penalty,1125,4178.513,0.094143,0.931349,0.927050,0.935649,19,0.00010330,1,0.023424,0.028511,0.018336,0.976043,0.970966,0.981119,0.953143,0.953481,0.952805,0.006680,0.003777,0.014516,0.011611,0.010000
cat_face_bass,penalty,1150,4332.697,0.095317,0.932609,0.926386,0.938832,19,0.00007801,1,0.024115,0.030112,0.018119,0.975404,0.969411,0.981397,0.955062,0.954282,0.955842,0.007413,0.003834,0.015020,0.011111,0.010000
cat_face_bass,penalty,1175,4357.533,0.097503,0.931517,0.926033,0.937001,19,0.00002450,1,0.026421,0.033313,0.019529,0.973162,0.966357,0.979967,0.956091,0.956883,0.955300,0.008007,0.004142,0.014987,0.011433,0.010000
cat_face_bass,penalty,1200,4510.694,0.099191,0.931384,0.925833,0.936936,19,0.00002047,1,0.028915,0.035914,0.021916,0.970764,0.963905,0.977623,0.958277,0.959084,0.957470,0.008670,0.004617,0.015055,0.011360,0.010000
cat_face_bass,penalty,1225,4534.921,0.100136,0.931139,0.924877,0.937400,19,0.00001084,0,0.029773,0.038715,0.020831,0.969978,0.961261,0.978695,0.958806,0.960684,0.956927,0.009273,0.004445,0.015198,0.011319,0.010000
cat_face_bass,penalty,1250,4679.814,0.101873,0.931338,0.925573,0.937102,18,0.00003058,0,0.030954,0.039016,0.022892,0.968843,0.961012,0.976675,0.960120,0.961685,0.958555,0.009673,0.004856,0.015318,0.011368,0.010000
cat_face_bass,penalty,1275,4703.034,0.100093,0.931137,0.923845,0.938429,18,0.00004231,0,0.031871,0.041717,0.022025,0.968003,0.958454,0.977552,0.960741,0.962385,0.959097,0.009871,0.004492,0.015270,0.010903,0.010000
cat_face_bass,penalty,1300,4850.250,0.102408,0.929975,0.922044,0.937905,18,0.00002198,0,0.031857,0.043317,0.020397,0.968022,0.956911,0.979132,0.959510,0.961985,0.957036,0.010173,0.004419,0.015557,0.011278,0.010000
cat_face_bass,penalty,1325,4872.822,0.098650,0.932415,0.924599,0.940230,18,0.00003269,0,0.029926,0.041517,0.018336,0.969940,0.958669,0.981210,0.960228,0.962985,0.957470,0.010014,0.003841,0.015280,0.010668,0.010000
cat_face_bass,penalty,1350,5009.445,0.092274,0.935709,0.925555,0.945862,17,0.00002807,0,0.026080,0.040116,0.012043,0.973786,0.959996,0.987576,0.959969,0.962685,0.957253,0.009615,0.002462,0.015046,0.009667,0.010000
cat_face_bass,penalty,1375,5030.939,0.096992,0.932814,0.922759,0.942869,17,0.00001158,0,0.027710,0.041317,0.014104,0.972119,0.958774,0.985463,0.958526,0.960884,0.956168,0.010041,0.002802,0.015744,0.010162,0.010000
cat_face_bass,penalty,1400,5166.400,0.095513,0.933776,0.922715,0.944837,17,0.00002687,0,0.026814,0.040716,0.012911,0.973007,0.959324,0.986689,0.958660,0.960284,0.957036,0.009904,0.002652,0.015667,0.009887,0.010000
cat_face_bass,penalty,1425,5188.152,0.094093,0.935255,0.924031,0.946478,17,0.00003530,0,0.026939,0.040316,0.013562,0.972904,0.959748,0.986060,0.960299,0.961285,0.959314,0.009824,0.002806,0.015430,0.009611,0.010000
cat_face_bass,penalty,1450,5327.012,0.094816,0.934758,0.924030,0.945486,17,0.00002762,0,0.027318,0.041617,0.013019,0.972571,0.958553,0.986589,0.960140,0.962485,0.957795,0.010031,0.002742,0.015369,0.009844,0.010000
cat_face_bass,penalty,1475,5348.879,0.095083,0.934301,0.922951,0.945651,17,0.00001479,0,0.027060,0.040016,0.014104,0.972743,0.959980,0.985506,0.959436,0.959884,0.958989,0.009609,0.002970,0.015595,0.009806,0.010000
cat_face_bass,penalty,1500,5484.318,0.096353,0.933351,0.923624,0.943077,17,0.00003916,1,0.027006,0.040016,0.013996,0.972792,0.960008,0.985575,0.958430,0.960584,0.956276,0.009729,0.002926,0.015524,0.010257,0.010000
cat_face_bass,penalty,1525,5506.740,0.099914,0.931258,0.921616,0.940900,17,0.00005538,1,0.029875,0.042717,0.017034,0.969976,0.957440,0.982511,0.958956,0.960984,0.956927,0.010234,0.003496,0.015780,0.010647,0.010000
cat_face_bass,penalty,1550,5643.679,0.099218,0.932224,0.922870,0.941579,17,0.00005809,1,0.029329,0.042817,0.015840,0.970557,0.957404,0.983709,0.959439,0.962385,0.956493,0.010312,0.003301,0.015610,0.010643,0.010000
cat_face_bass,penalty,1575,5666.377,0.094785,0.934765,0.922620,0.946911,17,0.00002722,1,0.027463,0.043317,0.011609,0.972481,0.956937,0.988026,0.960244,0.962585,0.957904,0.010534,0.002288,0.015735,0.009443,0.010000
cat_face_bass,penalty,1600,5807.445,0.098675,0.930723,0.919885,0.941561,17,0.00002971,1,0.029122,0.046419,0.011826,0.970867,0.953996,0.987739,0.957641,0.962585,0.952696,0.010773,0.002252,0.015985,0.010387,0.010000
cat_face_bass,penalty,1625,5829.608,0.093598,0.934933,0.924215,0.945652,17,0.00003018,1,0.024827,0.041517,0.008137,0.975095,0.958653,0.991537,0.957966,0.962585,0.953347,0.010186,0.001656,0.015517,0.009754,0.010000
cat_face_bass,penalty,1650,5964.841,0.093433,0.934395,0.923800,0.944989,16,0.00003113,1,0.025114,0.042417,0.007812,0.974838,0.957811,0.991864,0.957678,0.962985,0.952371,0.010193,0.001544,0.015415,0.009854,0.010000
cat_face_bass,prune,1,1.403,1.255568,0.156907,0.189697,0.124116,20,0.00019250,0,0.162589,0.112745,0.212434,0.533243,0.651838,0.414649,0.180784,0.211084,0.150483,0.027994,0.048116,0.182323,0.198100,0.000100
cat_face_bass,prune,25,27.497,0.981256,0.272606,0.298704,0.246508,20,0.00000069,1,0.087846,0.057323,0.118368,0.772998,0.846381,0.699615,0.295756,0.315826,0.275686,0.014034,0.026551,0.149813,0.156980,0.000100
cat_face_bass,prune,50,190.665,0.755903,0.431298,0.438051,0.424545,23,0.00040822,0,0.070961,0.044818,0.097103,0.869148,0.910810,0.827487,0.461726,0.457683,0.465770,0.010747,0.021644,0.118319,0.117357,0.000100
cat_face_bass,prune,75,220.951,0.565438,0.574230,0.552831,0.595629,23,0.00000902,1,0.060783,0.044318,0.077249,0.910627,0.928709,0.892545,0.609486,0.577331,0.641640,0.010615,0.017115,0.093809,0.080804,0.000100
cat_face_bass,prune,100,400.980,0.422828,0.686173,0.646403,0.725943,24,0.00011141,0,0.055447,0.049920,0.060974,0.929063,0.931484,0.926641,0.724439,0.678671,0.770207,0.012136,0.013443,0.074528,0.053599,0.000100
cat_face_bass,prune,125,432.921,0.337103,0.751172,0.701520,0.800824,24,0.00018394,1,0.049832,0.046719,0.052946,0.940551,0.940182,0.940920,0.788759,0.734294,0.843224,0.011338,0.011546,0.062613,0.038270,0.000100
cat_face_bass,prune,150,630.310,0.277561,0.797109,0.752667,0.841552,26,0.00007043,1,0.046638,0.050420,0.042856,0.946746,0.940050,0.953442,0.834117,0.790616,0.877617,0.012128,0.009179,0.051929,0.029921,0.000100
cat_face_bass,prune,175,665.100,0.233746,0.829438,0.794581,0.864295,26,0.00008611,3,0.041131,0.048519,0.033742,0.954288,0.944968,0.963609,0.863295,0.833133,0.893458,0.011824,0.007114,0.043035,0.025391,0.000100
cat_face_bass,prune,200,877.491,0.215302,0.846636,0.818364,0.874909,27,0.00025171,3,0.043705,0.049220,0.038190,0.952718,0.945785,0.959652,0.883483,0.858643,0.908322,0.012061,0.008224,0.037986,0.023580,0.000100
cat_face_bass,prune,225,913.887,0.196570,0.857981,0.835136,0.880825,27,0.00049883,1,0.038191,0.044918,0.031464,0.958787,0.951047,0.966528,0.890594,0.872649,0.908539,0.010923,0.006778,0.034264,0.022293,0.000100
cat_face_bass,prune,250,1128.113,0.174262,0.875168,0.856446,0.893891,27,0.00076110,1,0.035950,0.045318,0.026581,0.961834,0.951819,0.971849,0.906455,0.895258,0.917652,0.011088,0.005681,0.029846,0.019679,0.000100
cat_face_bass,prune,275,1164.287,0.152879,0.891353,0.869465,0.913242,27,0.00063068,5,0.034006,0.043818,0.024194,0.964364,0.953943,0.974785,0.921450,0.907563,0.935337,0.010770,0.005058,0.027108,0.015791,0.000100
cat_face_bass,prune,300,1378.030,0.139869,0.903841,0.876564,0.931118,28,0.00045280,3,0.036253,0.047119,0.025388,0.962635,0.951171,0.974098,0.936312,0.917867,0.954758,0.011452,0.005445,0.025491,0.012578,0.000100
cat_face_bass,prune,325,1414.798,0.127896,0.912578,0.889665,0.935491,28,0.00059257,3,0.033993,0.045418,0.022567,0.965197,0.953441,0.976953,0.943337,0.930072,0.956602,0.011010,0.004840,0.022776,0.011792,0.000100
cat_face_bass,prune,350,1640.507,0.127274,0.913350,0.894958,0.931741,26,0.00012545,5,0.036258,0.045718,0.026798,0.963088,0.953424,0.972752,0.946292,0.935874,0.956710,0.011068,0.005681,0.021622,0.012399,0.000100
cat_face_bass,prune,375,1675.347,0.124798,0.916219,0.896018,0.936420,26,0.00025743,4,0.035794,0.047719,0.023869,0.963669,0.951628,0.975709,0.948774,0.938776,0.958772,0.011783,0.005150,0.021502,0.011570,0.000100
cat_face_bass,prune,400,1895.820,0.120610,0.919859,0.903260,0.936458,26,0.00009101,4,0.035650,0.043417,0.027883,0.963905,0.955961,0.971848,0.952523,0.942477,0.962569,0.010685,0.006198,0.019938,0.011803,0.000100
cat_face_bass,prune,425,1930.804,0.115938,0.922600,0.909248,0.935953,26,0.00014572,6,0.036931,0.043918,0.029945,0.962825,0.955777,0.969872,0.956580,0.949180,0.963980,0.010498,0.006533,0.018330,0.011767,0.000100
cat_face_bass,prune,450,2153.805,0.114704,0.923241,0.911933,0.934549,26,0.00005390,6,0.037810,0.046218,0.029402,0.962069,0.953795,0.970344,0.958054,0.954082,0.962027,0.010999,0.006328,0.017663,0.011895,0.000100
cat_face_bass,prune,475,2188.829,0.107287,0.927715,0.918755,0.936675,26,0.00015006,5,0.034854,0.041717,0.027992,0.964992,0.958233,0.971751,0.959989,0.957083,0.962895,0.009756,0.006248,0.016077,0.011649,0.000100
cat_face_bass,prune,500,2407.194,0.105642,0.928819,0.921847,0.935790,25,0.00022804,5,0.035929,0.044518,0.027341,0.964078,0.955809,0.972347,0.962130,0.962885,0.961376,0.010290,0.005859,0.015460,0.011626,0.000100
cat_face_bass,prune,525,2441.030,0.104112,0.931538,0.925648,0.937428,25,0.00023546,4,0.035681,0.041417,0.029945,0.964362,0.958806,0.969918,0.964742,0.963986,0.965499,0.009966,0.006600,0.014905,0.011460,0.000100
cat_face_bass,prune,550,2661.010,0.103395,0.931808,0.926386,0.937230,25,0.00021961,4,0.034889,0.039616,0.030162,0.965099,0.960491,0.969707,0.964292,0.963085,0.965499,0.009653,0.006548,0.014850,0.011463,0.000100
cat_face_bass,prune,575,2695.849,0.100846,0.933591,0.928482,0.938700,25,0.00021832,3,0.033816,0.039316,0.028317,0.966177,0.960853,0.971500,0.965134,0.964986,0.965282,0.009668,0.006109,0.014483,0.011193,0.000100
cat_face_bass,prune,600,2901.096,0.101280,0.932369,0.924599,0.940139,24,0.00027737,2,0.034591,0.041517,0.027666,0.965416,0.958669,0.972162,0.964567,0.962985,0.966150,0.009843,0.005922,0.015014,0.010799,0.000100
cat_face_bass,prune,625,2935.050,0.107174,0.928943,0.919313,0.938573,24,0.00027533,3,0.036222,0.042717,0.029728,0.963749,0.957338,0.970159,0.962529,0.958583,0.966475,0.010229,0.006324,0.016294,0.011090,0.000100
cat_face_bass,prune,650,3148.880,0.113210,0.926846,0.913173,0.940519,24,0.00023555,4,0.036885,0.045018,0.028751,0.963046,0.954950,0.971142,0.960921,0.954282,0.967560,0.011206,0.006337,0.017971,0.010939,0.000100
cat_face_bass,prune,675,3182.008,0.112000,0.927083,0.915916,0.938250,24,0.00019945,6,0.037986,0.044618,0.031355,0.962029,0.955445,0.968614,0.962226,0.956783,0.967668,0.010901,0.006833,0.017112,0.011308,0.000100
cat_face_bass,prune,700,3390.152,0.108607,0.929405,0.919605,0.939206,23,0.00027752,5,0.036873,0.044018,0.029728,0.963170,0.956162,0.970178,0.963605,0.960084,0.967126,0.010555,0.006588,0.016262,0.011303,0.000100
cat_face_bass,prune,725,3421.998,0.110402,0.927385,0.918991,0.935779,23,0.00027473,5,0.037870,0.043517,0.032223,0.962154,0.956591,0.967717,0.962458,0.958984,0.965933,0.010341,0.007012,0.016245,0.011815,0.000100
cat_face_bass,prune,750,3625.575,0.109184,0.928206,0.920154,0.936257,23,0.00036696,5,0.036940,0.042417,0.031464,0.963049,0.957651,0.968447,0.962450,0.959184,0.965716,0.010014,0.006982,0.015918,0.011893,0.000100
cat_face_bass,prune,775,3657.395,0.108254,0.928908,0.922552,0.935264,23,0.00045498,4,0.037592,0.041116,0.034067,0.962461,0.958949,0.965973,0.963805,0.960484,0.967126,0.009527,0.007581,0.015382,0.012042,0.000100
cat_face_bass,prune,800,3854.878,0.111208,0.927381,0.922566,0.932196,23,0.00033389,4,0.037802,0.038715,0.036888,0.962204,0.961168,0.963239,0.962433,0.958283,0.966583,0.009303,0.008091,0.015742,0.012552,0.000100
cat_face_bass,prune,825,3886.321,0.116214,0.923790,0.919538,0.928043,23,0.00029995,4,0.039888,0.039416,0.040360,0.960134,0.960394,0.959875,0.960640,0.955782,0.965499,0.009350,0.008837,0.016165,0.013409,0.000100
cat_face_bass,prune,850,4085.402,0.129384,0.915674,0.913709,0.917639,23,0.00051309,5,0.045563,0.039916,0.051210,0.954637,0.959685,0.949589,0.957405,0.950180,0.964631,0.009277,0.011298,0.017189,0.015531,0.000100
cat_face_bass,prune,875,4115.855,0.133149,0.913301,0.912002,0.914600,23,0.00044569,5,0.047340,0.040216,0.054465,0.952938,0.959332,0.946545,0.956547,0.948679,0.964414,0.009300,0.011868,0.017570,0.016125,0.000100
cat_face_bass,prune,900,4314.479,0.136714,0.911696,0.908592,0.914800,23,0.00036062,5,0.047687,0.039716,0.055658,0.952581,0.959654,0.945507,0.955197,0.944678,0.965716,0.009362,0.012385,0.018340,0.016274,0.000100
cat_face_bass,prune,925,4344.928,0.140448,0.910751,0.913207,0.908294,23,0.00040157,3,0.051644,0.038515,0.064772,0.949102,0.960973,0.937231,0.957753,0.948379,0.967126,0.009234,0.014254,0.017510,0.017468,0.000100
cat_face_bass,prune,950,4534.701,0.144527,0.909038,0.912705,0.905371,23,0.00035041,5,0.053992,0.039416,0.068569,0.946962,0.960109,0.933815,0.958065,0.948679,0.967451,0.009388,0.015244,0.017555,0.018223,0.000100
cat_face_bass,prune,975,4565.324,0.146397,0.908838,0.914541,0.903134,23,0.00039595,4,0.056267,0.039516,0.073017,0.945013,0.960093,0.929932,0.959880,0.950680,0.969079,0.009266,0.016377,0.017132,0.018753,0.000100
cat_face_bass,prune,1000,4759.811,0.145563,0.908431,0.915566,0.901296,23,0.00038310,5,0.054815,0.037915,0.071715,0.946259,0.961632,0.930887,0.958106,0.950280,0.965933,0.008857,0.016011,0.016869,0.019128,0.000100
water_fire,nopen,1,1.859,0.721905,0.285406,0.264819,0.305994,20,0.00017358,0,0.193571,0.180171,0.206971,0.637590,0.634321,0.640860,0.340929,0.312531,0.369326,0.024248,0.030491,0.104397,0.108828,0.000000
water_fire,nopen,25,37.150,0.468361,0.470978,0.457935,0.484020,20,0.00014587,1,0.087992,0.070793,0.105190,0.854757,0.873842,0.835673,0.512644,0.490354,0.534934,0.009351,0.015447,0.069589,0.074098,0.000000
water_fire,nopen,50,258.855,0.299636,0.668093,0.675854,0.660332,23,0.00007477,1,0.078711,0.065090,0.092332,0.901798,0.917076,0.886519,0.720573,0.719846,0.721301,0.008439,0.013488,0.040990,0.047908,0.000000
water_fire,nopen,75,298.610,0.218562,0.760760,0.769547,0.751974,23,0.00030282,1,0.070694,0.062070,0.079318,0.920194,0.929416,0.910972,0.814466,0.817313,0.811619,0.007919,0.011558,0.028717,0.034328,0.000000
water_fire,nopen,100,556.232,0.178789,0.808866,0.816469,0.801263,26,0.00014904,2,0.069507,0.059386,0.079628,0.925732,0.935753,0.915710,0.865011,0.864956,0.865066,0.007658,0.011465,0.022776,0.027224,0.000000
water_fire,nopen,125,602.054,0.155571,0.834569,0.848692,0.820446,26,0.00055161,1,0.063788,0.057708,0.069868,0.932934,0.939596,0.926271,0.887719,0.897668,0.877769,0.007409,0.010058,0.018631,0.024364,0.000000
water_fire,nopen,150,861.858,0.134059,0.854107,0.868243,0.839971,22,0.00004864,1,0.052373,0.042778,0.061967,0.944964,0.954883,0.935044,0.898703,0.905385,0.892022,0.005412,0.008867,0.016023,0.021513,0.000000
water_fire,nopen,175,900.958,0.127477,0.859709,0.877013,0.842406,22,0.00001302,1,0.044958,0.031203,0.058714,0.952441,0.966649,0.938233,0.898123,0.904378,0.891867,0.003965,0.008582,0.014950,0.021266,0.000000
water_fire,nopen,200,1149.886,0.125069,0.864114,0.881759,0.846468,22,0.00002691,1,0.045766,0.030029,0.061503,0.951966,0.967996,0.935937,0.903383,0.908237,0.898528,0.003916,0.009053,0.014406,0.020793,0.000000
water_fire,nopen,225,1189.446,0.115878,0.873208,0.886590,0.859827,22,0.00004757,1,0.042493,0.029525,0.055461,0.955537,0.968667,0.942407,0.910140,0.912766,0.907514,0.003721,0.008211,0.013733,0.018916,0.000000
water_fire,nopen,250,1440.956,0.111645,0.877215,0.888164,0.866265,22,0.00013228,1,0.042164,0.029022,0.055306,0.956088,0.969223,0.942953,0.914058,0.913941,0.914175,0.003612,0.008029,0.013412,0.017951,0.000000
water_fire,nopen,275,1480.558,0.108384,0.879846,0.886774,0.872918,22,0.00015711,2,0.041008,0.031203,0.050813,0.957258,0.967004,0.947512,0.915859,0.914444,0.917273,0.003891,0.007243,0.013669,0.016855,0.000000
water_fire,nopen,300,1732.031,0.101277,0.886816,0.887514,0.886117,25,0.00010337,1,0.036955,0.030532,0.043377,0.961441,0.967696,0.955186,0.919583,0.914612,0.924555,0.003667,0.006433,0.013422,0.015263,0.000000
water_fire,nopen,325,1777.373,0.097268,0.892196,0.893409,0.890982,25,0.00004121,4,0.037664,0.030867,0.044462,0.960986,0.967571,0.954401,0.925791,0.920986,0.930596,0.003788,0.006567,0.012788,0.014447,0.000000
water_fire,nopen,350,2069.789,0.094428,0.894906,0.895216,0.894597,25,0.00001281,2,0.038755,0.031035,0.046476,0.960087,0.967470,0.952704,0.929587,0.922999,0.936174,0.003584,0.006755,0.012377,0.013927,0.000000
water_fire,nopen,375,2115.399,0.091079,0.900211,0.895199,0.905222,25,0.00000936,2,0.036038,0.030867,0.041208,0.962872,0.967634,0.958110,0.932678,0.922832,0.942525,0.003925,0.006173,0.012668,0.012640,0.000000
water_fire,nopen,400,2395.847,0.085255,0.906815,0.902730,0.910900,25,0.00006843,2,0.034696,0.026170,0.043222,0.964510,0.972526,0.956495,0.938313,0.926355,0.950271,0.003278,0.006404,0.011733,0.011828,0.000000
water_fire,nopen,425,2440.695,0.080165,0.911638,0.907389,0.915886,25,0.00003634,2,0.032044,0.021641,0.042448,0.967311,0.977188,0.957434,0.940895,0.927026,0.954764,0.002721,0.006266,0.011108,0.011112,0.000000
water_fire,nopen,450,2702.242,0.073255,0.920448,0.928148,0.912748,25,0.00001747,1,0.032755,0.017950,0.047560,0.966986,0.981356,0.952616,0.950483,0.944808,0.956158,0.002215,0.006850,0.008441,0.011440,0.000000
water_fire,nopen,475,2747.409,0.072261,0.921792,0.931561,0.912023,25,0.00003508,2,0.032296,0.022144,0.042448,0.967267,0.977273,0.957261,0.951463,0.952189,0.950736,0.002743,0.006249,0.008103,0.011480,0.000000
water_fire,nopen,500,3032.817,0.069493,0.925842,0.938156,0.913527,25,0.00002255,2,0.033554,0.022647,0.044462,0.966208,0.976939,0.955476,0.956773,0.959403,0.954144,0.002745,0.006542,0.007174,0.011341,0.000000
water_fire,nopen,525,3077.552,0.066022,0.929992,0.939573,0.920411,25,0.00001211,2,0.031502,0.021641,0.041363,0.968291,0.977952,0.958630,0.959194,0.959906,0.958482,0.002708,0.006130,0.007108,0.010477,0.000000
water_fire,nopen,550,3347.298,0.062962,0.933009,0.946528,0.919489,25,0.00000618,0,0.031270,0.019628,0.042912,0.968618,0.980068,0.957167,0.962027,0.965107,0.958947,0.002397,0.006205,0.006173,0.010512,0.000000
water_fire,nopen,575,3391.891,0.059895,0.937711,0.951910,0.923511,25,0.00000776,0,0.030844,0.018621,0.043067,0.969181,0.981158,0.957204,0.966460,0.969636,0.963284,0.002259,0.006341,0.005627,0.010036,0.000000
water_fire,nopen,600,3675.605,0.057948,0.939276,0.953511,0.925041,25,0.00000894,0,0.030651,0.017614,0.043687,0.969439,0.982170,0.956709,0.967880,0.970307,0.965453,0.002026,0.006397,0.005281,0.009821,0.000000
water_fire,nopen,625,3720.193,0.054574,0.942565,0.959782,0.925349,25,0.00000495,2,0.028715,0.013588,0.043842,0.971403,0.986224,0.956582,0.969371,0.972823,0.965918,0.001529,0.006375,0.004523,0.009716,0.000000
water_fire,nopen,650,4002.144,0.052408,0.944670,0.961151,0.928189,25,0.00000648,0,0.028373,0.014763,0.041983,0.971744,0.985090,0.958397,0.971248,0.975340,0.967157,0.001590,0.006145,0.004278,0.009323,0.000000
water_fire,nopen,675,4046.092,0.054183,0.944888,0.962211,0.927564,25,0.00000582,1,0.030148,0.016608,0.043687,0.970063,0.983305,0.956821,0.973139,0.978192,0.968087,0.001973,0.006474,0.004324,0.009513,0.000000
water_fire,nopen,700,4330.138,0.055591,0.944272,0.963036,0.925508,25,0.00000329,0,0.030302,0.016608,0.043997,0.969884,0.983319,0.956448,0.972629,0.979030,0.966228,0.002171,0.006522,0.004358,0.009825,0.000000
water_fire,nopen,725,4373.992,0.055575,0.944078,0.962109,0.926047,25,0.00000027,0,0.030754,0.018286,0.043222,0.969427,0.981678,0.957176,0.972887,0.979701,0.966073,0.002307,0.006404,0.004383,0.009786,0.000000
water_fire,nopen,750,4649.049,0.055965,0.944157,0.961033,0.927281,25,0.00000832,1,0.033155,0.020299,0.046011,0.967215,0.979718,0.954712,0.975243,0.980540,0.969946,0.002485,0.006795,0.004421,0.009593,0.000000
water_fire,nopen,775,4693.445,0.057022,0.944044,0.963499,0.924590,25,0.00000438,1,0.034007,0.020299,0.047715,0.966413,0.979769,0.953056,0.975881,0.983057,0.968706,0.002517,0.007149,0.004185,0.009988,0.000000
water_fire,nopen,800,4961.606,0.058914,0.941597,0.963565,0.919630,25,0.00000093,2,0.038260,0.022144,0.054376,0.962455,0.978011,0.946899,0.977269,0.984902,0.969636,0.002692,0.007677,0.004108,0.010345,0.000000
water_fire,nopen,825,5006.128,0.061632,0.940499,0.965160,0.915837,25,0.00000283,2,0.039603,0.020802,0.058404,0.961247,0.979323,0.943172,0.977282,0.985237,0.969326,0.002505,0.008523,0.003909,0.011121,0.000000
water_fire,nopen,850,5274.569,0.064129,0.938964,0.965347,0.912580,25,0.00000366,1,0.041488,0.021473,0.061503,0.959494,0.978688,0.940301,0.977391,0.986076,0.968706,0.002609,0.009007,0.003886,0.011681,0.000000
water_fire,nopen,875,5319.229,0.068657,0.935663,0.965784,0.905543,25,0.00000070,1,0.043747,0.019795,0.067699,0.957429,0.980297,0.934561,0.975875,0.984902,0.966847,0.002520,0.009882,0.003996,0.012688,0.000000
water_fire,nopen,900,5586.091,0.069393,0.935438,0.966892,0.903985,25,0.00000147,1,0.045710,0.018453,0.072967,0.955821,0.981605,0.930036,0.977340,0.984734,0.969946,0.002143,0.010805,0.003652,0.013005,0.000000
water_fire,nopen,925,5631.070,0.063461,0.940549,0.974104,0.906994,25,0.00000064,0,0.039134,0.010569,0.067699,0.962018,0.989378,0.934659,0.976398,0.984399,0.968397,0.001258,0.010058,0.002895,0.012600,0.000000
water_fire,nopen,950,5909.968,0.062460,0.940150,0.975890,0.904410,25,0.00000176,0,0.038450,0.008891,0.068009,0.962636,0.991050,0.934222,0.975242,0.984566,0.965918,0.001048,0.009765,0.002701,0.012712,0.000000
water_fire,nopen,975,5954.968,0.063833,0.941689,0.977390,0.905988,25,0.00000259,1,0.040083,0.009059,0.071108,0.961313,0.990898,0.931727,0.978327,0.986244,0.970411,0.001095,0.010627,0.002520,0.012896,0.000000
water_fire,nopen,1000,6215.643,0.059804,0.944299,0.977567,0.911030,25,0.00000567,1,0.038476,0.009562,0.067390,0.962797,0.990404,0.935191,0.979670,0.986915,0.972424,0.001069,0.009949,0.002448,0.011976,0.000000
water_fire,penalty,1,1.349,0.721905,0.285406,0.264819,0.305994,20,0.00017358,0,0.193571,0.180171,0.206971,0.637590,0.634321,0.640860,0.340929,0.312531,0.369326,0.024248,0.030491,0.104397,0.108828,0.010000
water_fire,penalty,25,25.287,0.468361,0.470978,0.457935,0.484020,20,0.00014587,1,0.087992,0.070793,0.105190,0.854757,0.873842,0.835673,0.512644,0.490354,0.534934,0.009351,0.015447,0.069589,0.074098,0.010000
water_fire,penalty,50,177.496,0.299011,0.669046,0.678847,0.659246,23,0.00007477,1,0.078788,0.065090,0.092486,0.901805,0.917412,0.886199,0.721625,0.723033,0.720217,0.008439,0.013512,0.040594,0.048084,0.010000
water_fire,penalty,75,204.531,0.220513,0.759155,0.767666,0.750645,23,0.00011726,0,0.072301,0.063580,0.081022,0.918486,0.927754,0.909217,0.813969,0.816474,0.811464,0.008011,0.011904,0.028960,0.034560,0.010000
water_fire,penalty,100,368.879,0.181241,0.807909,0.824311,0.791506,21,0.00035362,1,0.071618,0.059889,0.083346,0.923630,0.935849,0.911411,0.865577,0.873679,0.857475,0.007729,0.012007,0.021772,0.028691,0.010000
water_fire,penalty,125,393.686,0.160348,0.830217,0.852294,0.808140,21,0.00057137,1,0.064996,0.052843,0.077149,0.931487,0.944386,0.918588,0.883910,0.897333,0.870488,0.006742,0.011096,0.018124,0.026273,0.010000
water_fire,penalty,150,548.354,0.148365,0.837347,0.856433,0.818262,20,0.00023206,1,0.053695,0.046972,0.060418,0.942562,0.950222,0.934902,0.882181,0.896662,0.867699,0.006013,0.008649,0.017609,0.024461,0.010000
water_fire,penalty,175,572.439,0.138474,0.846712,0.866527,0.826898,20,0.00022045,1,0.047287,0.039423,0.055151,0.949307,0.958066,0.940548,0.886595,0.900688,0.872502,0.004995,0.008031,0.016272,0.023322,0.010000
water_fire,penalty,200,722.088,0.122413,0.863938,0.886171,0.841704,19,0.00030730,1,0.043313,0.028686,0.057940,0.954200,0.969492,0.938909,0.901032,0.911592,0.890473,0.003520,0.008118,0.013756,0.021157,0.010000
water_fire,penalty,225,745.024,0.115654,0.871505,0.888090,0.854919,19,0.00020265,1,0.040919,0.026841,0.054996,0.956968,0.971408,0.942529,0.906932,0.911928,0.901936,0.003378,0.007881,0.013464,0.019410,0.010000
water_fire,penalty,250,895.117,0.109975,0.877437,0.891848,0.863026,19,0.00050932,1,0.038208,0.026841,0.049574,0.959818,0.971525,0.948111,0.910798,0.915786,0.905809,0.003479,0.007063,0.013095,0.018174,0.010000
water_fire,penalty,275,918.185,0.101141,0.886917,0.898239,0.875596,19,0.00092900,0,0.034250,0.028686,0.039814,0.963996,0.969889,0.958102,0.917232,0.924006,0.910457,0.003593,0.005814,0.012277,0.016517,0.010000
water_fire,penalty,300,1063.758,0.092826,0.895317,0.913397,0.877237,19,0.00028967,1,0.034553,0.030532,0.038575,0.963981,0.968583,0.959380,0.926181,0.941285,0.911077,0.003792,0.005330,0.010324,0.015989,0.010000
water_fire,penalty,325,1087.162,0.087533,0.901409,0.919688,0.883131,19,0.00011949,1,0.031584,0.031874,0.031294,0.967143,0.967505,0.966782,0.929884,0.949002,0.910767,0.004075,0.004381,0.009677,0.015245,0.010000
water_fire,penalty,350,1238.635,0.080833,0.906936,0.927671,0.886200,19,0.00006030,1,0.027841,0.025164,0.030519,0.970942,0.974222,0.967663,0.932130,0.951015,0.913246,0.003218,0.004137,0.008653,0.014600,0.010000
water_fire,penalty,375,1262.254,0.077800,0.911156,0.928466,0.893845,19,0.00005528,1,0.025827,0.027177,0.024477,0.973130,0.972293,0.973966,0.934712,0.953699,0.915724,0.003484,0.003544,0.008554,0.013853,0.010000
water_fire,penalty,400,1413.500,0.072248,0.917973,0.940284,0.895663,19,0.00006664,1,0.024858,0.028183,0.021534,0.974340,0.971674,0.977006,0.940867,0.966784,0.914950,0.003654,0.003107,0.007121,0.013565,0.010000
water_fire,penalty,425,1437.169,0.070176,0.919898,0.944118,0.895679,19,0.00006587,1,0.024181,0.026673,0.021689,0.975033,0.973219,0.976848,0.942203,0.969300,0.915105,0.003395,0.003060,0.006661,0.013488,0.010000
water_fire,penalty,450,1590.929,0.069013,0.920969,0.945924,0.896013,19,0.00008978,1,0.024420,0.026841,0.021998,0.974825,0.973109,0.976541,0.943519,0.971314,0.915724,0.003431,0.002906,0.006408,0.013408,0.010000
water_fire,penalty,475,1614.769,0.067284,0.922726,0.949533,0.895919,19,0.00010747,1,0.022445,0.023822,0.021069,0.976785,0.976082,0.977487,0.943474,0.972152,0.914795,0.003156,0.002778,0.006093,0.013343,0.010000
water_fire,penalty,500,1761.067,0.067793,0.921959,0.949836,0.894082,18,0.00011717,1,0.022116,0.023318,0.020914,0.977086,0.976572,0.977601,0.942383,0.971985,0.912781,0.003038,0.002778,0.006004,0.013659,0.010000
water_fire,penalty,525,1783.684,0.066689,0.922971,0.948861,0.897081,18,0.00011956,1,0.021270,0.023486,0.019055,0.977984,0.976387,0.979582,0.942660,0.971146,0.914175,0.003029,0.002621,0.006114,0.013262,0.010000
water_fire,penalty,550,1929.275,0.065225,0.924644,0.948878,0.900411,18,0.00012408,1,0.020586,0.023822,0.017351,0.978738,0.976066,0.981411,0.943758,0.971481,0.916034,0.003102,0.002442,0.006112,0.012829,0.010000
water_fire,penalty,575,1951.852,0.064996,0.924304,0.948592,0.900015,18,0.00011264,1,0.021315,0.024660,0.017971,0.978010,0.975257,0.980763,0.944087,0.971985,0.916189,0.003108,0.002364,0.006059,0.012844,0.010000
water_fire,penalty,600,2094.797,0.065208,0.924689,0.948722,0.900655,18,0.00011733,0,0.020360,0.023989,0.016731,0.978979,0.975902,0.982057,0.943603,0.971481,0.915724,0.003064,0.002406,0.006088,0.012885,0.010000
water_fire,penalty,625,2117.239,0.064576,0.924415,0.949943,0.898888,18,0.00009306,1,0.019747,0.022144,0.017351,0.979541,0.977703,0.981380,0.942731,0.970978,0.914485,0.002866,0.002371,0.005878,0.013006,0.010000
water_fire,penalty,650,2259.308,0.062265,0.927032,0.950263,0.903802,18,0.00011032,0,0.018269,0.021976,0.014562,0.981119,0.977872,0.984367,0.944055,0.971146,0.916964,0.002802,0.002020,0.005899,0.012419,0.010000
water_fire,penalty,675,2281.580,0.063785,0.925815,0.947835,0.903796,18,0.00011375,1,0.019379,0.022647,0.016112,0.979964,0.977169,0.982759,0.943829,0.969300,0.918358,0.002884,0.002342,0.006131,0.012491,0.010000
water_fire,penalty,700,2426.123,0.064482,0.925151,0.949631,0.900670,18,0.00016082,1,0.019683,0.022479,0.016886,0.979635,0.977373,0.981897,0.943429,0.970978,0.915879,0.002916,0.002370,0.005994,0.012820,0.010000
water_fire,penalty,725,2448.578,0.062405,0.927161,0.950427,0.903896,18,0.00012168,2,0.017959,0.021976,0.013943,0.981445,0.977875,0.985015,0.943906,0.971314,0.916499,0.002914,0.001989,0.005937,0.012385,0.010000
water_fire,penalty,750,2591.454,0.062539,0.926793,0.950098,0.903487,18,0.00010470,1,0.017417,0.021976,0.012858,0.982006,0.977868,0.986144,0.943041,0.970978,0.915105,0.002857,0.001885,0.005910,0.012541,0.010000
water_fire,penalty,775,2613.656,0.064608,0.923634,0.948789,0.898478,18,0.00009728,1,0.021573,0.025331,0.017816,0.977756,0.974622,0.980891,0.943654,0.972823,0.914485,0.003180,0.002220,0.005959,0.012855,0.010000
water_fire,penalty,800,2758.984,0.065267,0.924995,0.949533,0.900457,18,0.00022075,1,0.020819,0.023822,0.017816,0.978507,0.976082,0.980932,0.944326,0.972152,0.916499,0.003030,0.002580,0.005944,0.012955,0.010000
water_fire,penalty,825,2781.458,0.067187,0.922050,0.943719,0.900381,18,0.00020639,2,0.022696,0.028351,0.017041,0.976673,0.971616,0.981731,0.943099,0.970475,0.915724,0.003470,0.002369,0.006537,0.012891,0.010000
water_fire,penalty,850,2926.341,0.064702,0.924977,0.949894,0.900061,18,0.00033539,1,0.021464,0.024493,0.018435,0.977867,0.975450,0.980285,0.944906,0.973159,0.916654,0.003183,0.002371,0.005988,0.012725,0.010000
water_fire,penalty,875,2948.827,0.063333,0.926478,0.950777,0.902179,18,0.00021491,1,0.021283,0.025835,0.016731,0.978141,0.974196,0.982087,0.946307,0.975340,0.917273,0.003227,0.002257,0.005758,0.012561,0.010000
water_fire,penalty,900,3093.900,0.063702,0.926563,0.950613,0.902513,18,0.00017566,1,0.021438,0.025835,0.017041,0.977982,0.974191,0.981773,0.946533,0.975172,0.917893,0.003228,0.002402,0.005752,0.012626,0.010000
water_fire,penalty,925,3116.361,0.063610,0.927785,0.952693,0.902877,18,0.00022281,1,0.021244,0.024828,0.017661,0.978171,0.975201,0.981141,0.947584,0.976346,0.918823,0.003201,0.002557,0.005624,0.012648,0.010000
water_fire,penalty,950,3259.935,0.067408,0.923530,0.950466,0.896593,18,0.00029217,1,0.024704,0.026170,0.023238,0.974583,0.973869,0.975296,0.946384,0.975340,0.917428,0.003260,0.003237,0.005735,0.013417,0.010000
water_fire,penalty,975,3282.352,0.063034,0.927871,0.952256,0.903486,18,0.00026124,1,0.021832,0.026002,0.017661,0.977615,0.974076,0.981154,0.948230,0.977017,0.919442,0.003375,0.002408,0.005628,0.012430,0.010000
water_fire,penalty,1000,3427.938,0.061936,0.928604,0.952280,0.904929,18,0.00021361,1,0.020844,0.026506,0.015182,0.978672,0.973601,0.983743,0.948094,0.977521,0.918668,0.003368,0.002109,0.005583,0.012274,0.010000
water_fire,penalty,1025,3450.373,0.063594,0.926976,0.951774,0.902179,18,0.00021475,1,0.021451,0.026170,0.016731,0.977995,0.973904,0.982087,0.946978,0.976682,0.917273,0.003342,0.002389,0.005596,0.012686,0.010000
water_fire,penalty,1050,3595.979,0.064910,0.925860,0.952918,0.898801,18,0.00022459,1,0.023620,0.026170,0.021069,0.975746,0.973935,0.977558,0.947797,0.977856,0.917738,0.003290,0.002886,0.005468,0.013028,0.010000
water_fire,penalty,1075,3618.424,0.064093,0.926711,0.952693,0.900730,18,0.00047136,1,0.021942,0.024828,0.019055,0.977432,0.975201,0.979663,0.947120,0.976346,0.917893,0.003228,0.002609,0.005551,0.012786,0.010000
water_fire,penalty,1100,3758.328,0.067193,0.924149,0.951626,0.896672,18,0.00042046,1,0.023013,0.026506,0.019520,0.976339,0.973583,0.979094,0.945512,0.976850,0.914175,0.003338,0.002909,0.005598,0.013577,0.010000
water_fire,penalty,1125,3780.728,0.067311,0.924507,0.952809,0.896206,18,0.00028653,1,0.024129,0.027344,0.020914,0.975238,0.972824,0.977653,0.946906,0.978863,0.914950,0.003478,0.003002,0.005567,0.013563,0.010000
water_fire,penalty,1150,3925.723,0.063446,0.927239,0.951626,0.902852,18,0.00055288,1,0.021154,0.026506,0.015802,0.978323,0.973583,0.983062,0.946984,0.976850,0.917119,0.003390,0.002205,0.005662,0.012560,0.010000
water_fire,penalty,1175,3948.129,0.065421,0.925677,0.951339,0.900015,18,0.00050267,1,0.022657,0.027344,0.017971,0.976773,0.972783,0.980763,0.946771,0.977353,0.916189,0.003511,0.002501,0.005729,0.012954,0.010000
water_fire,penalty,1200,4092.100,0.063815,0.926083,0.951526,0.900639,18,0.00045527,1,0.022987,0.027848,0.018125,0.976466,0.972315,0.980616,0.947494,0.978024,0.916964,0.003416,0.002412,0.005499,0.012752,0.010000
water_fire,penalty,1225,4114.479,0.062081,0.928092,0.953682,0.902502,18,0.00031778,1,0.020166,0.024996,0.015337,0.979303,0.975067,0.983538,0.946932,0.977521,0.916344,0.003200,0.002132,0.005402,0.012552,0.010000
water_fire,penalty,1250,4254.633,0.063942,0.925979,0.952171,0.899787,18,0.00039501,1,0.023213,0.027680,0.018745,0.976226,0.972491,0.979960,0.947590,0.978527,0.916654,0.003423,0.002449,0.005444,0.012841,0.010000
water_fire,penalty,1275,4276.896,0.064002,0.926939,0.951945,0.901934,18,0.00086318,1,0.021844,0.026338,0.017351,0.977596,0.973750,0.981442,0.947300,0.977017,0.917583,0.003310,0.002393,0.005624,0.012657,0.010000
water_fire,penalty,1300,4421.398,0.062848,0.926953,0.951255,0.902651,18,0.00061446,1,0.022954,0.029022,0.016886,0.976570,0.971205,0.981936,0.948378,0.978863,0.917893,0.003528,0.002187,0.005524,0.012424,0.010000
water_fire,prune,1,2.205,0.721905,0.285406,0.264819,0.305994,20,0.00017358,0,0.193571,0.180171,0.206971,0.637590,0.634321,0.640860,0.340929,0.312531,0.369326,0.024248,0.030491,0.104397,0.108828,0.000100
water_fire,prune,25,43.717,0.468361,0.470978,0.457935,0.484020,20,0.00014587,1,0.087992,0.070793,0.105190,0.854757,0.873842,0.835673,0.512644,0.490354,0.534934,0.009351,0.015447,0.069589,0.074098,0.000100
water_fire,prune,50,305.175,0.298903,0.668968,0.675854,0.662082,23,0.00007477,1,0.078788,0.065090,0.092486,0.901854,0.917076,0.886631,0.721580,0.719846,0.723315,0.008430,0.013512,0.040975,0.047671,0.000100
water_fire,prune,75,351.917,0.223652,0.755086,0.763682,0.746489,23,0.00012005,1,0.070791,0.060560,0.081022,0.919594,0.930430,0.908758,0.808451,0.809931,0.806971,0.007818,0.011775,0.029530,0.035196,0.000100
water_fire,prune,100,639.697,0.179592,0.805010,0.826880,0.783139,24,0.00015431,0,0.063590,0.048482,0.078699,0.930910,0.947040,0.914779,0.855870,0.866969,0.844771,0.006183,0.011382,0.021257,0.029789,0.000100
water_fire,prune,125,690.218,0.149156,0.838950,0.869206,0.808694,24,0.00010610,1,0.055641,0.035061,0.076220,0.940984,0.962491,0.919476,0.885007,0.899681,0.870333,0.004432,0.010984,0.015901,0.026085,0.000100
water_fire,prune,150,964.894,0.130471,0.857410,0.885827,0.828993,23,0.00008269,1,0.046723,0.022647,0.070798,0.950873,0.975610,0.926135,0.896786,0.905888,0.887684,0.002777,0.010243,0.013651,0.023310,0.000100
water_fire,prune,175,1012.337,0.117441,0.871331,0.898353,0.844309,23,0.00002843,1,0.041986,0.018286,0.065686,0.956183,0.980403,0.931964,0.907274,0.914779,0.899768,0.002245,0.009586,0.012068,0.021157,0.000100
water_fire,prune,200,1320.935,0.103676,0.889517,0.913890,0.865144,26,0.00003625,2,0.040927,0.016943,0.064911,0.958138,0.982095,0.934182,0.925338,0.929374,0.921301,0.002102,0.009608,0.010289,0.018406,0.000100
water_fire,prune,225,1375.224,0.096918,0.898491,0.923217,0.873765,26,0.00003438,1,0.041199,0.015937,0.066460,0.958359,0.983292,0.933426,0.934883,0.937930,0.931836,0.001981,0.009785,0.009192,0.017223,0.000100
water_fire,prune,250,1718.049,0.089367,0.905222,0.925050,0.885394,28,0.00020749,1,0.038875,0.013924,0.063826,0.960955,0.985372,0.936537,0.939918,0.937930,0.941905,0.001631,0.009345,0.008730,0.015523,0.000100
water_fire,prune,275,1776.396,0.080221,0.913496,0.927886,0.899107,28,0.00002144,1,0.036099,0.014259,0.057940,0.963830,0.985075,0.942585,0.946159,0.941117,0.951201,0.001642,0.008257,0.008452,0.013333,0.000100
water_fire,prune,300,2122.006,0.070818,0.922589,0.935819,0.909358,28,0.00003353,0,0.034801,0.016776,0.052827,0.965191,0.982675,0.947707,0.954458,0.951518,0.957397,0.001832,0.007285,0.007337,0.011703,0.000100
water_fire,prune,325,2181.101,0.062922,0.930854,0.939504,0.922204,28,0.00001462,1,0.026210,0.014930,0.037490,0.973438,0.984583,0.962294,0.955154,0.953531,0.956778,0.001712,0.005573,0.007008,0.010320,0.000100
water_fire,prune,350,2554.262,0.059427,0.938179,0.951485,0.924874,27,0.00001867,1,0.028986,0.016608,0.041363,0.970971,0.983120,0.958822,0.965208,0.967287,0.963129,0.002050,0.006178,0.005680,0.010011,0.000100
water_fire,prune,375,2612.326,0.055315,0.940422,0.955897,0.924948,27,0.00001716,0,0.026933,0.015601,0.038265,0.972933,0.984184,0.961682,0.965576,0.970810,0.960341,0.001677,0.005699,0.004808,0.009939,0.000100
water_fire,prune,400,2980.447,0.049509,0.944886,0.960291,0.929480,27,0.00001349,0,0.024313,0.013924,0.034702,0.975538,0.985901,0.965174,0.967699,0.973662,0.961735,0.001617,0.004703,0.004513,0.008827,0.000100
water_fire,prune,425,3037.298,0.048744,0.948540,0.965757,0.931324,27,0.00002425,0,0.023622,0.014092,0.033153,0.976254,0.985816,0.966693,0.970783,0.979366,0.962200,0.001809,0.004820,0.004010,0.008918,0.000100
water_fire,prune,450,3410.558,0.046521,0.949292,0.964227,0.934357,27,0.00005651,1,0.020944,0.012917,0.028970,0.978848,0.986947,0.970749,0.969054,0.976682,0.961425,0.001564,0.004238,0.004085,0.008508,0.000100
water_fire,prune,475,3468.206,0.045865,0.950387,0.965843,0.934930,27,0.00001708,1,0.020124,0.011743,0.028505,0.979668,0.988126,0.971210,0.969383,0.977185,0.961580,0.001471,0.004220,0.004007,0.008432,0.000100
water_fire,prune,500,3819.122,0.046276,0.948957,0.963528,0.934387,26,0.00008766,1,0.020673,0.011911,0.029435,0.979120,0.987931,0.970308,0.968447,0.975004,0.961890,0.001383,0.004245,0.004224,0.008367,0.000100
water_fire,prune,525,3874.941,0.045448,0.950124,0.966124,0.934124,26,0.00003616,1,0.021306,0.010233,0.032378,0.978570,0.989624,0.967516,0.970190,0.976011,0.964369,0.001224,0.004521,0.003915,0.008353,0.000100
water_fire,prune,550,4208.433,0.043547,0.952836,0.970290,0.935382,26,0.00003360,2,0.022022,0.010736,0.033308,0.977929,0.989171,0.966687,0.973623,0.980708,0.966538,0.001249,0.004687,0.003373,0.008166,0.000100
water_fire,prune,575,4263.275,0.041916,0.954032,0.968615,0.939449,26,0.00000472,0,0.019369,0.010233,0.028505,0.980497,0.989650,0.971344,0.972377,0.978527,0.966228,0.001173,0.004127,0.003525,0.007796,0.000100
water_fire,prune,600,4599.471,0.040211,0.955869,0.968937,0.942801,25,0.00000265,0,0.018194,0.009898,0.026491,0.981671,0.989986,0.973356,0.973152,0.978527,0.967777,0.001145,0.003930,0.003525,0.007341,0.000100
water_fire,prune,625,4652.049,0.040306,0.955707,0.967833,0.943581,25,0.00000424,0,0.019349,0.011743,0.026956,0.980542,0.988150,0.972935,0.974107,0.979198,0.969016,0.001468,0.003693,0.003764,0.007090,0.000100
water_fire,prune,650,4960.720,0.038182,0.958022,0.969637,0.946407,25,0.00000155,0,0.018627,0.011072,0.026181,0.981291,0.988832,0.973750,0.975779,0.980372,0.971185,0.001287,0.003689,0.003411,0.006829,0.000100
water_fire,prune,675,5012.588,0.037256,0.957916,0.970246,0.945586,25,0.00000144,0,0.017084,0.009227,0.024942,0.982788,0.990665,0.974910,0.974185,0.979198,0.969171,0.001025,0.003500,0.003333,0.006823,0.000100
water_fire,prune,700,5347.108,0.034238,0.960790,0.971770,0.949810,25,0.00000631,0,0.015961,0.010233,0.021689,0.983911,0.989684,0.978139,0.976063,0.981714,0.970411,0.001155,0.002952,0.003147,0.006211,0.000100
water_fire,prune,725,5399.213,0.033483,0.961234,0.971808,0.950660,25,0.00000659,0,0.016012,0.011575,0.020449,0.983859,0.988362,0.979356,0.976579,0.983057,0.970101,0.001219,0.002845,0.002989,0.006138,0.000100
water_fire,prune,750,5734.580,0.034906,0.960263,0.971443,0.949083,25,0.00000279,0,0.016355,0.010401,0.022308,0.983520,0.989515,0.977525,0.975901,0.981547,0.970256,0.001166,0.003089,0.003129,0.006378,0.000100
water_fire,prune,775,5786.725,0.036744,0.959205,0.971106,0.947305,25,0.00000105,0,0.018130,0.010233,0.026026,0.981799,0.989677,0.973921,0.976502,0.981043,0.971960,0.001241,0.003588,0.003320,0.006513,0.000100
water_fire,prune,800,6082.239,0.036922,0.958521,0.968138,0.948904,21,0.00000739,0,0.017846,0.010904,0.024787,0.982062,0.988981,0.975144,0.975560,0.978695,0.972424,0.001221,0.003412,0.003572,0.006416,0.000100
water_fire,prune,825,6126.786,0.034541,0.960224,0.970593,0.949856,21,0.00000601,0,0.014625,0.009730,0.019520,0.985205,0.990169,0.980241,0.974217,0.980037,0.968397,0.001136,0.002729,0.003349,0.006231,0.000100
water_fire,prune,850,6403.754,0.033125,0.961262,0.967667,0.954857,21,0.00000599,0,0.013772,0.011743,0.015802,0.986059,0.988148,0.983970,0.974488,0.979030,0.969946,0.001382,0.002251,0.003597,0.005627,0.000100
water_fire,prune,875,6447.855,0.031457,0.962913,0.969973,0.955853,21,0.00000149,0,0.014450,0.011240,0.017661,0.985419,0.988671,0.982168,0.976805,0.980876,0.972734,0.001300,0.002335,0.003372,0.005296,0.000100
water_fire,prune,900,6727.598,0.034352,0.961044,0.969511,0.952576,21,0.00000389,0,0.015812,0.012414,0.019210,0.984054,0.987511,0.980598,0.976211,0.981547,0.970875,0.001478,0.002701,0.003488,0.005872,0.000100
water_fire,prune,925,6771.896,0.030891,0.964493,0.970798,0.958187,21,0.00000259,0,0.013127,0.011072,0.015182,0.986739,0.988846,0.984632,0.977141,0.981547,0.972734,0.001349,0.002146,0.003388,0.005160,0.000100
water_fire,prune,950,7060.172,0.029470,0.965754,0.970169,0.961339,21,0.00000190,0,0.013017,0.012246,0.013788,0.986867,0.987683,0.986050,0.978322,0.982050,0.974593,0.001437,0.001896,0.003337,0.004819,0.000100
water_fire,prune,975,7104.827,0.030596,0.964521,0.969476,0.959567,21,0.00000070,0,0.013288,0.011240,0.015337,0.986584,0.988665,0.984502,0.977328,0.980372,0.974284,0.001390,0.002123,0.003450,0.004992,0.000100
water_fire,prune,1000,7364.501,0.032224,0.963796,0.970139,0.957453,21,0.00000042,0,0.015380,0.011240,0.019520,0.984534,0.988673,0.980395,0.978593,0.981043,0.976143,0.001400,0.002653,0.003464,0.005252,0.000100
water_fire,prune,1025,7408.913,0.029040,0.965904,0.971509,0.960298,21,0.00000068,0,0.015592,0.012750,0.018435,0.984353,0.987208,0.981499,0.980948,0.983895,0.978002,0.001302,0.002431,0.003076,0.004737,0.000100
water_fire,prune,1050,7696.401,0.030810,0.964029,0.971154,0.956904,21,0.00000318,0,0.016412,0.011911,0.020914,0.983533,0.988025,0.979041,0.979819,0.982721,0.976917,0.001251,0.002715,0.003147,0.005139,0.000100
water_fire,prune,1075,7740.758,0.028678,0.967742,0.971765,0.963720,21,0.00000116,0,0.013166,0.010065,0.016266,0.986756,0.989849,0.983663,0.980471,0.981547,0.979396,0.001252,0.002292,0.003285,0.004502,0.000100
water_fire,prune,1100,8028.155,0.026837,0.968713,0.970618,0.966809,21,0.00000086,0,0.011713,0.010569,0.012858,0.988190,0.989340,0.987039,0.980058,0.980876,0.979241,0.001239,0.001781,0.003328,0.004107,0.000100
water_fire,prune,1125,8072.821,0.026748,0.969001,0.969777,0.968225,21,0.00000095,0,0.012165,0.010233,0.014098,0.987754,0.989663,0.985845,0.980788,0.979701,0.981875,0.001217,0.002000,0.003448,0.003859,0.000100
water_fire,prune,1150,8342.879,0.025658,0.970055,0.969345,0.970764,21,0.00003653,1,0.012249,0.012414,0.012084,0.987679,0.987508,0.987850,0.981937,0.981379,0.982494,0.001330,0.001772,0.003366,0.003627,0.000100
water_fire,prune,1175,8388.039,0.026743,0.968600,0.969843,0.967358,21,0.00001104,0,0.014030,0.012414,0.015647,0.985919,0.987515,0.984324,0.982188,0.981882,0.982494,0.001341,0.002132,0.003297,0.003878,0.000100
water_fire,prune,1200,8657.680,0.026575,0.970126,0.970930,0.969322,21,0.00000243,0,0.012462,0.009898,0.015027,0.987482,0.990007,0.984957,0.982214,0.980540,0.983888,0.001292,0.002145,0.003400,0.003740,0.000100
water_fire,prune,1225,8702.455,0.024330,0.971421,0.972915,0.969928,21,0.00000220,0,0.012217,0.009562,0.014872,0.987737,0.990359,0.985116,0.983285,0.982218,0.984353,0.001099,0.002008,0.003013,0.003542,0.000100
water_fire,prune,1250,8979.039,0.025398,0.970885,0.973601,0.968169,21,0.00000541,0,0.013798,0.010401,0.017196,0.986188,0.989538,0.982839,0.984273,0.983728,0.984818,0.001224,0.002301,0.002973,0.003730,0.000100
water_fire,prune,1275,9023.425,0.027387,0.969798,0.973759,0.965837,21,0.00000009,0,0.015180,0.010065,0.020294,0.984846,0.989870,0.979821,0.984499,0.983560,0.985438,0.001128,0.002898,0.002919,0.004196,0.000100
water_fire,prune,1300,9298.989,0.026467,0.969903,0.971932,0.967875,21,0.00000069,0,0.013786,0.010065,0.017506,0.986193,0.989851,0.982535,0.983266,0.981714,0.984818,0.001161,0.002453,0.003166,0.003849,0.000100
water_fire,prune,1325,9343.710,0.025281,0.970823,0.972434,0.969212,21,0.00000059,0,0.013327,0.010233,0.016421,0.986647,0.989691,0.983604,0.983757,0.982386,0.985128,0.001091,0.002288,0.003028,0.003709,0.000100
water_fire,prune,1350,9618.153,0.025690,0.970159,0.972610,0.967708,21,0.00000071,0,0.013805,0.010569,0.017041,0.986171,0.989362,0.982980,0.983544,0.982889,0.984198,0.001234,0.002239,0.003065,0.003762,0.000100
water_fire,prune,1375,9662.469,0.025809,0.970164,0.972951,0.967378,21,0.00000145,0,0.013585,0.010904,0.016266,0.986379,0.989035,0.983723,0.983337,0.983560,0.983114,0.001217,0.002252,0.002987,0.003881,0.000100
water_fire,prune,1400,9922.583,0.027432,0.968408,0.970695,0.966120,21,0.00000070,0,0.016464,0.013253,0.019675,0.983562,0.986705,0.980419,0.984344,0.983560,0.985128,0.001610,0.002412,0.003335,0.003798,0.000100
water_fire,prune,1425,9967.096,0.026496,0.969668,0.971339,0.967998,21,0.00000108,0,0.014579,0.012582,0.016576,0.985402,0.987369,0.983434,0.983802,0.983560,0.984043,0.001433,0.002242,0.003190,0.003804,0.000100
water_fire,prune,1450,10242.524,0.025968,0.970380,0.971216,0.969545,21,0.00000153,0,0.015721,0.014092,0.017351,0.984304,0.985894,0.982713,0.985635,0.984902,0.986367,0.001564,0.002367,0.003110,0.003581,0.000100
water_fire,prune,1475,10287.348,0.027752,0.968307,0.971065,0.965549,21,0.00000793,0,0.017677,0.014595,0.020759,0.982387,0.985403,0.979372,0.985415,0.985237,0.985593,0.001718,0.002551,0.003243,0.003871,0.000100
water_fire,prune,1500,10539.720,0.024945,0.972752,0.972857,0.972647,21,0.00000342,0,0.013688,0.013588,0.013788,0.986309,0.986407,0.986210,0.986067,0.986076,0.986057,0.001678,0.001992,0.003139,0.003340,0.000100
water_fire,prune,1525,10584.343,0.024433,0.972826,0.971211,0.974441,21,0.00000109,0,0.013081,0.013924,0.012239,0.986901,0.986057,0.987744,0.985551,0.984734,0.986367,0.001733,0.001753,0.003313,0.003088,0.000100
acm_scf,nopen,1,1.404,1.260056,0.190821,0.151570,0.230071,20,0.00000000,0,0.212629,0.093992,0.331265,0.559317,0.638225,0.480410,0.236051,0.165817,0.306286,0.034612,0.046126,0.253811,0.125838,0.000000
acm_scf,nopen,25,25.032,1.004623,0.285657,0.223962,0.347352,20,0.00000000,0,0.110991,0.037981,0.184000,0.775228,0.859563,0.690894,0.321867,0.232469,0.411265,0.013871,0.025420,0.220435,0.094794,0.000000
acm_scf,nopen,50,185.510,0.907228,0.361505,0.281078,0.441931,23,0.00006835,1,0.106357,0.036060,0.176653,0.818122,0.889817,0.746426,0.405607,0.291214,0.520000,0.012892,0.024257,0.203657,0.080161,0.000000
acm_scf,nopen,75,213.637,0.826690,0.417476,0.330587,0.504365,23,0.00017391,2,0.095421,0.031331,0.159510,0.850769,0.915840,0.785699,0.462880,0.340944,0.584816,0.011515,0.021877,0.188936,0.069891,0.000000
acm_scf,nopen,100,396.524,0.760096,0.466234,0.382925,0.549543,26,0.00036628,2,0.095373,0.029114,0.161633,0.864581,0.931203,0.797959,0.516221,0.394074,0.638367,0.010235,0.022323,0.173373,0.063628,0.000000
acm_scf,nopen,125,428.706,0.708440,0.503617,0.427771,0.579463,26,0.00043135,3,0.097587,0.028153,0.167020,0.870888,0.939839,0.801936,0.558029,0.439814,0.676245,0.009774,0.022709,0.160560,0.059245,0.000000
acm_scf,nopen,150,639.485,0.657920,0.549255,0.481247,0.617264,29,0.00055150,3,0.109082,0.028449,0.189714,0.870172,0.945645,0.794700,0.614653,0.494938,0.734367,0.010525,0.026086,0.145996,0.054877,0.000000
acm_scf,nopen,175,676.065,0.598381,0.590568,0.525324,0.655813,29,0.00091635,1,0.102702,0.027119,0.178286,0.882339,0.952145,0.812532,0.656152,0.539570,0.772735,0.009825,0.024603,0.133133,0.048900,0.000000
acm_scf,nopen,200,900.742,0.552218,0.626131,0.574918,0.677344,28,0.00122832,1,0.107115,0.031700,0.182531,0.881838,0.949267,0.814409,0.697061,0.593143,0.800980,0.011222,0.025458,0.119403,0.046043,0.000000
acm_scf,nopen,225,935.479,0.510774,0.653659,0.614082,0.693236,28,0.00106023,1,0.109799,0.029557,0.190041,0.884054,0.955337,0.812771,0.728606,0.632232,0.824980,0.010147,0.026350,0.107887,0.043875,0.000000
acm_scf,nopen,250,1157.315,0.487233,0.670110,0.633632,0.706588,31,0.00074749,1,0.107549,0.030444,0.184653,0.887361,0.955450,0.819271,0.744992,0.652922,0.837061,0.010375,0.025831,0.102334,0.041800,0.000000
acm_scf,nopen,275,1195.900,0.452482,0.694582,0.667409,0.721756,31,0.00084712,1,0.107449,0.028449,0.186449,0.890701,0.960203,0.821199,0.771361,0.686396,0.856327,0.010013,0.025994,0.092833,0.039793,0.000000
acm_scf,nopen,300,1436.171,0.424836,0.714394,0.691620,0.737167,30,0.00085456,1,0.107559,0.025567,0.189551,0.893734,0.965209,0.822260,0.793101,0.709303,0.876898,0.009470,0.026292,0.086105,0.037427,0.000000
acm_scf,nopen,325,1472.597,0.416180,0.723606,0.701633,0.745578,30,0.00081115,0,0.113523,0.027045,0.200000,0.890564,0.963827,0.817301,0.807651,0.720609,0.894694,0.009861,0.027603,0.083318,0.036487,0.000000
acm_scf,nopen,350,1708.241,0.409229,0.726347,0.702284,0.750411,30,0.00071525,0,0.108702,0.025567,0.191837,0.894553,0.965719,0.823388,0.807303,0.720239,0.894367,0.009315,0.026486,0.082888,0.035454,0.000000
acm_scf,nopen,375,1744.900,0.401138,0.732065,0.705106,0.759025,30,0.00068884,1,0.104793,0.024607,0.184980,0.898241,0.967062,0.829419,0.810942,0.722456,0.899429,0.009065,0.025604,0.082162,0.034056,0.000000
acm_scf,nopen,400,1981.354,0.390260,0.738915,0.715305,0.762524,30,0.00059789,0,0.102366,0.024976,0.179755,0.900258,0.967057,0.833459,0.816381,0.733171,0.899592,0.009136,0.025023,0.079285,0.033583,0.000000
acm_scf,nopen,425,2017.815,0.385923,0.741449,0.718085,0.764812,30,0.00068062,0,0.100888,0.025124,0.176653,0.901454,0.966997,0.835911,0.818022,0.736127,0.899918,0.009139,0.024769,0.078318,0.033211,0.000000
acm_scf,nopen,450,2254.450,0.378691,0.747261,0.723614,0.770909,30,0.00068164,0,0.100782,0.026380,0.175184,0.901832,0.965699,0.837964,0.824331,0.742703,0.905959,0.009534,0.024297,0.077057,0.032099,0.000000
acm_scf,nopen,475,2290.753,0.370641,0.752160,0.727934,0.776385,30,0.00067182,0,0.099069,0.025567,0.172571,0.903766,0.966887,0.840645,0.828456,0.746545,0.910367,0.009425,0.023811,0.075681,0.031091,0.000000
acm_scf,nopen,500,2526.084,0.375304,0.750876,0.717941,0.783810,32,0.00064074,0,0.095880,0.028006,0.163755,0.905621,0.963442,0.847800,0.825106,0.738048,0.912163,0.010224,0.022502,0.078846,0.029743,0.000000
acm_scf,nopen,525,2565.038,0.373705,0.753688,0.724961,0.782415,32,0.00075913,0,0.102478,0.031405,0.173551,0.900364,0.959693,0.841035,0.832966,0.747728,0.918204,0.011576,0.023466,0.077118,0.029752,0.000000
acm_scf,nopen,550,2816.554,0.359022,0.763967,0.731831,0.796103,32,0.00064245,0,0.094638,0.033030,0.156245,0.906514,0.958138,0.854890,0.838247,0.756004,0.920490,0.012090,0.021339,0.075219,0.027591,0.000000
acm_scf,nopen,575,2854.839,0.347834,0.771125,0.744693,0.797556,32,0.00064749,0,0.091534,0.033843,0.149224,0.908940,0.957893,0.859988,0.843234,0.769896,0.916571,0.012551,0.020558,0.071738,0.027501,0.000000
acm_scf,nopen,600,3104.585,0.336525,0.780319,0.758989,0.801649,32,0.00048691,0,0.093039,0.037833,0.148245,0.907730,0.954171,0.861289,0.854097,0.787704,0.920490,0.014135,0.020307,0.068032,0.026808,0.000000
acm_scf,nopen,625,3143.370,0.322138,0.791797,0.774695,0.808899,32,0.00049607,0,0.093061,0.041306,0.144816,0.908028,0.951290,0.864766,0.866368,0.806695,0.926041,0.015233,0.020179,0.063538,0.026020,0.000000
acm_scf,nopen,650,3390.419,0.316851,0.794713,0.781794,0.807632,32,0.00048305,0,0.093627,0.040641,0.146612,0.907870,0.952422,0.863318,0.869804,0.813567,0.926041,0.015149,0.020285,0.061675,0.026112,0.000000
acm_scf,nopen,675,3428.868,0.318301,0.793898,0.782421,0.805375,32,0.00040217,0,0.097944,0.041602,0.154286,0.904546,0.951432,0.857659,0.872302,0.814971,0.929633,0.015383,0.021093,0.061380,0.026388,0.000000
acm_scf,nopen,700,3672.019,0.313792,0.797981,0.787778,0.808184,31,0.00030510,0,0.097511,0.045962,0.149061,0.904427,0.947167,0.861688,0.876319,0.823986,0.928653,0.016657,0.020574,0.059932,0.025979,0.000000
acm_scf,nopen,725,3708.972,0.318922,0.794875,0.785105,0.804645,31,0.00031746,0,0.097283,0.048770,0.145796,0.903769,0.944082,0.863456,0.872677,0.823395,0.921959,0.018028,0.019948,0.060990,0.026255,0.000000
acm_scf,nopen,750,3956.634,0.318739,0.794222,0.787533,0.800910,31,0.00035048,1,0.099202,0.050321,0.148082,0.901973,0.942653,0.861294,0.873337,0.827163,0.919510,0.018826,0.019667,0.060485,0.026433,0.000000
acm_scf,nopen,775,3994.497,0.315933,0.797463,0.788864,0.806062,31,0.00018789,1,0.094440,0.052390,0.136490,0.905483,0.940640,0.870327,0.873137,0.830193,0.916082,0.019419,0.018835,0.060062,0.026078,0.000000
acm_scf,nopen,800,4236.810,0.309373,0.800990,0.791041,0.810940,31,0.00017034,1,0.088807,0.052390,0.125224,0.910060,0.940793,0.879327,0.872487,0.832484,0.912490,0.019519,0.017241,0.059541,0.025164,0.000000
acm_scf,nopen,825,4274.328,0.310273,0.803440,0.790045,0.816836,31,0.00013922,1,0.090196,0.055494,0.124898,0.908971,0.937604,0.880338,0.876372,0.833888,0.918857,0.020667,0.017326,0.059891,0.024504,0.000000
acm_scf,nopen,850,4513.515,0.308513,0.804206,0.790877,0.817536,31,0.00016330,1,0.091345,0.056159,0.126531,0.908105,0.937003,0.879208,0.878136,0.835292,0.920980,0.020819,0.017344,0.059545,0.024173,0.000000
acm_scf,nopen,875,4549.556,0.309645,0.803998,0.793892,0.814104,31,0.00011562,1,0.094675,0.057267,0.132082,0.905391,0.936130,0.874651,0.880494,0.839356,0.921633,0.021086,0.018154,0.058757,0.024811,0.000000
acm_scf,nopen,900,4783.976,0.308290,0.806215,0.799651,0.812779,31,0.00009247,1,0.096158,0.057785,0.134531,0.904368,0.936054,0.872682,0.883990,0.845858,0.922122,0.021597,0.018632,0.057379,0.025248,0.000000
acm_scf,nopen,925,4819.928,0.306823,0.805066,0.799398,0.810733,31,0.00008291,1,0.094105,0.056455,0.131755,0.905889,0.937341,0.874436,0.881040,0.844528,0.917551,0.020872,0.018334,0.057164,0.025488,0.000000
acm_scf,nopen,950,5061.033,0.312333,0.803438,0.798909,0.807967,31,0.00007578,1,0.100167,0.056824,0.143510,0.901248,0.936941,0.865555,0.884112,0.844307,0.923918,0.021273,0.019877,0.057513,0.026006,0.000000
acm_scf,nopen,975,5097.904,0.304407,0.808696,0.800322,0.817070,31,0.00007037,1,0.094524,0.054681,0.134367,0.906272,0.939160,0.873385,0.885471,0.844085,0.926857,0.020436,0.018832,0.056965,0.024854,0.000000
acm_scf,nopen,1000,5340.772,0.304439,0.807817,0.802731,0.812903,31,0.00006399,1,0.096987,0.055198,0.138776,0.904226,0.938821,0.869632,0.886377,0.847041,0.925714,0.020491,0.019291,0.056213,0.025361,0.000000
acm_scf,nopen,1025,5377.914,0.306985,0.806294,0.802315,0.810273,31,0.00006812,0,0.100384,0.059706,0.141061,0.901005,0.934384,0.867627,0.887395,0.850218,0.924571,0.021178,0.019793,0.055860,0.025967,0.000000
acm_scf,nopen,1050,5616.405,0.305032,0.807897,0.808649,0.807145,31,0.00001873,0,0.102406,0.057711,0.147102,0.899848,0.936792,0.862903,0.890597,0.855317,0.925878,0.021256,0.020476,0.054423,0.026385,0.000000
acm_scf,nopen,1075,5652.360,0.303097,0.806259,0.815274,0.797244,31,0.00002241,0,0.102351,0.055642,0.149061,0.899665,0.939274,0.860055,0.888359,0.860637,0.916082,0.020622,0.020668,0.052663,0.027719,0.000000
acm_scf,nopen,1100,5891.972,0.309081,0.800492,0.809761,0.791223,31,0.00001536,0,0.102449,0.055346,0.149551,0.898985,0.939175,0.858795,0.882064,0.854578,0.909551,0.020407,0.020553,0.054082,0.028461,0.000000
acm_scf,nopen,1125,5928.666,0.308158,0.802505,0.811278,0.793731,31,0.00000120,0,0.103660,0.050913,0.156408,0.899028,0.943649,0.854407,0.885230,0.852583,0.917878,0.018989,0.021980,0.053606,0.028628,0.000000
acm_scf,nopen,1150,6169.322,0.299824,0.807497,0.813503,0.801491,32,0.00003292,0,0.105036,0.049583,0.160490,0.898981,0.945117,0.852844,0.891981,0.853839,0.930122,0.018377,0.021795,0.052864,0.026983,0.000000
acm_scf,nopen,1175,6207.518,0.300355,0.808038,0.817836,0.798241,32,0.00000317,0,0.109555,0.049804,0.169306,0.895817,0.945172,0.846461,0.895978,0.858568,0.933388,0.018449,0.023148,0.051555,0.027764,0.000000
acm_scf,nopen,1200,6443.005,0.293261,0.812888,0.820672,0.805104,30,0.00000190,0,0.105517,0.046627,0.164408,0.899652,0.948511,0.850793,0.898203,0.858937,0.937469,0.017375,0.022829,0.050714,0.026937,0.000000
acm_scf,nopen,1225,6478.228,0.295556,0.811516,0.822948,0.800083,30,0.00000478,0,0.110756,0.047144,0.174367,0.895800,0.948130,0.843471,0.900669,0.861745,0.939592,0.017424,0.024151,0.049904,0.027826,0.000000
acm_scf,nopen,1250,6704.754,0.281748,0.816578,0.832010,0.801147,30,0.00000007,0,0.104999,0.042489,0.167510,0.900707,0.953301,0.848113,0.901354,0.867361,0.935347,0.015775,0.022936,0.047266,0.027295,0.000000
acm_scf,nopen,1275,6740.921,0.281820,0.818936,0.835327,0.802545,30,0.00001018,0,0.105849,0.044188,0.167510,0.900059,0.951782,0.848337,0.904609,0.872238,0.936980,0.016530,0.023424,0.046439,0.027522,0.000000
acm_scf,nopen,1300,6973.061,0.280141,0.819159,0.838874,0.799444,30,0.00001118,0,0.109292,0.044706,0.173878,0.897573,0.951464,0.843681,0.907413,0.876376,0.938449,0.016736,0.023804,0.045427,0.027681,0.000000
acm_scf,nopen,1325,7008.787,0.276009,0.821184,0.841251,0.801117,30,0.00006532,0,0.107914,0.046848,0.168980,0.898316,0.949490,0.847142,0.908576,0.880662,0.936490,0.017235,0.023060,0.044583,0.027257,0.000000
acm_scf,nopen,1350,7238.877,0.273267,0.823431,0.840637,0.806225,30,0.00002429,0,0.106626,0.048844,0.164408,0.899240,0.947511,0.850969,0.910236,0.881697,0.938776,0.017945,0.022278,0.044758,0.026214,0.000000
acm_scf,nopen,1375,7274.339,0.269064,0.828050,0.842603,0.813497,30,0.00002046,0,0.101665,0.046922,0.156408,0.903468,0.949495,0.857440,0.911437,0.882140,0.940735,0.017620,0.021766,0.044370,0.025620,0.000000
acm_scf,nopen,1400,7505.250,0.265180,0.829123,0.845959,0.812288,30,0.00001190,0,0.101790,0.047661,0.155918,0.903279,0.948967,0.857590,0.912608,0.886278,0.938939,0.017487,0.021607,0.043237,0.025606,0.000000
acm_scf,nopen,1425,7540.835,0.264223,0.830353,0.848295,0.812412,30,0.00001445,0,0.101817,0.048696,0.154939,0.903188,0.948102,0.858274,0.913944,0.889603,0.938286,0.018188,0.021513,0.042777,0.025443,0.000000
acm_scf,nopen,1450,7770.051,0.264549,0.830275,0.850591,0.809959,30,0.00001352,0,0.105561,0.050469,0.160653,0.900293,0.946536,0.854049,0.916801,0.893520,0.940082,0.018845,0.021838,0.042123,0.025715,0.000000
acm_scf,nopen,1475,7804.845,0.259704,0.832752,0.854995,0.810508,30,0.00001442,0,0.102308,0.051799,0.152816,0.902487,0.945536,0.859438,0.916825,0.899283,0.934367,0.019095,0.021026,0.040835,0.025669,0.000000
acm_scf,nopen,1500,8030.634,0.259767,0.833825,0.859307,0.808343,30,0.00000972,0,0.106052,0.053573,0.158531,0.899679,0.944132,0.855226,0.920916,0.905342,0.936490,0.019689,0.021819,0.039665,0.026168,0.000000
acm_scf,nopen,1525,8065.958,0.260100,0.832641,0.864722,0.800559,30,0.00001060,0,0.110242,0.051504,0.168980,0.896722,0.946393,0.847052,0.922548,0.909259,0.935837,0.019194,0.023105,0.038223,0.027325,0.000000
acm_scf,nopen,1550,8294.132,0.270133,0.827604,0.867869,0.787339,30,0.00001237,0,0.122283,0.053055,0.191510,0.887800,0.945132,0.830467,0.926018,0.913914,0.938122,0.019887,0.026007,0.037538,0.029557,0.000000
acm_scf,nopen,1575,8328.868,0.274526,0.823558,0.866535,0.780581,30,0.00000742,0,0.123477,0.049730,0.197224,0.886949,0.948163,0.825736,0.922079,0.909628,0.934531,0.018576,0.027142,0.037673,0.030974,0.000000
acm_scf,nopen,1600,8555.951,0.277020,0.821389,0.866563,0.776214,30,0.00000680,0,0.128323,0.049952,0.206694,0.883588,0.947956,0.819220,0.923252,0.909850,0.936653,0.018726,0.027869,0.037681,0.031360,0.000000
acm_scf,nopen,1625,8590.854,0.281589,0.818906,0.863936,0.773875,30,0.00000967,0,0.130300,0.051947,0.208653,0.881771,0.945931,0.817611,0.922081,0.908815,0.935347,0.019182,0.028227,0.038370,0.031786,0.000000
acm_scf,nopen,1650,8818.088,0.280906,0.822034,0.861885,0.782182,30,0.00002192,0,0.125719,0.052908,0.198531,0.885074,0.944910,0.825237,0.922477,0.907485,0.937469,0.019890,0.027298,0.039213,0.030823,0.000000
acm_scf,nopen,1675,8852.907,0.282138,0.820508,0.857273,0.783743,30,0.00002655,0,0.125113,0.055125,0.195102,0.885085,0.942558,0.827611,0.920591,0.904530,0.936653,0.020418,0.026514,0.040381,0.030193,0.000000
acm_scf,nopen,1700,9082.310,0.282076,0.820180,0.859542,0.780818,32,0.00002671,0,0.124585,0.055863,0.193306,0.885099,0.942016,0.828182,0.919657,0.907559,0.931755,0.020767,0.026251,0.039914,0.030596,0.000000
acm_scf,nopen,1725,9119.791,0.278135,0.822403,0.869047,0.775759,32,0.00004920,1,0.128872,0.053499,0.204245,0.882693,0.944792,0.820594,0.924872,0.915540,0.934204,0.020107,0.027694,0.037166,0.031633,0.000000
acm_scf,nopen,1750,9368.482,0.265980,0.829000,0.877719,0.780281,32,0.00000552,1,0.124435,0.053277,0.195592,0.886095,0.945511,0.826678,0.928689,0.924481,0.932898,0.019753,0.026886,0.034363,0.030976,0.000000
acm_scf,nopen,1775,9406.232,0.266564,0.828130,0.878482,0.777778,32,0.00000766,1,0.126596,0.055642,0.197551,0.884207,0.943396,0.825018,0.929396,0.927363,0.931429,0.020546,0.026804,0.034064,0.031113,0.000000
acm_scf,penalty,1,1.410,1.260056,0.190821,0.151570,0.230071,20,0.00000000,0,0.212629,0.093992,0.331265,0.559317,0.638225,0.480410,0.236051,0.165817,0.306286,0.034612,0.046126,0.253811,0.125838,0.010000
acm_scf,penalty,25,26.625,1.004623,0.285657,0.223962,0.347352,20,0.00000000,0,0.110991,0.037981,0.184000,0.775228,0.859563,0.690894,0.321867,0.232469,0.411265,0.013871,0.025420,0.220435,0.094794,0.010000
acm_scf,penalty,50,197.446,0.907322,0.361348,0.281181,0.441515,23,0.00006835,1,0.106430,0.036208,0.176653,0.817857,0.889465,0.746248,0.405436,0.291362,0.519510,0.012928,0.024257,0.203647,0.080185,0.010000
acm_scf,penalty,75,227.372,0.825970,0.416313,0.331994,0.500633,23,0.00017764,2,0.095305,0.029631,0.160980,0.851668,0.920231,0.783106,0.461528,0.341831,0.581224,0.010918,0.022065,0.188260,0.070530,0.010000
acm_scf,penalty,100,418.501,0.763685,0.463648,0.382224,0.545072,23,0.00034856,1,0.096019,0.029262,0.162776,0.863212,0.930769,0.795655,0.513602,0.393409,0.633796,0.010549,0.022412,0.173722,0.064278,0.010000
acm_scf,penalty,125,448.520,0.711258,0.502841,0.425532,0.580151,23,0.00054871,3,0.099635,0.028006,0.171265,0.869263,0.939832,0.798695,0.558480,0.437449,0.679510,0.009721,0.023284,0.161111,0.059344,0.010000
acm_scf,penalty,150,643.247,0.671623,0.540881,0.459827,0.621936,23,0.00052900,3,0.105874,0.032809,0.178939,0.869605,0.935381,0.803830,0.604069,0.474913,0.733224,0.011839,0.024091,0.152481,0.053305,0.010000
acm_scf,penalty,175,673.347,0.638888,0.565013,0.489287,0.640739,23,0.00038794,2,0.105773,0.027710,0.183837,0.876346,0.947772,0.804920,0.630688,0.502845,0.758531,0.009979,0.025607,0.143390,0.051689,0.010000
acm_scf,penalty,200,866.991,0.624782,0.576320,0.508087,0.644554,23,0.00004344,1,0.112007,0.027932,0.196082,0.873233,0.949234,0.797231,0.646609,0.522279,0.770939,0.010107,0.027329,0.137972,0.051560,0.010000
acm_scf,penalty,225,896.692,0.598298,0.596936,0.540103,0.653768,23,0.00006793,2,0.117424,0.028153,0.206694,0.872069,0.951748,0.792391,0.672104,0.555309,0.788898,0.010455,0.028699,0.129295,0.050545,0.010000
acm_scf,penalty,250,1087.056,0.578223,0.609992,0.559062,0.660921,23,0.00012279,1,0.120096,0.027784,0.212408,0.872171,0.953876,0.790465,0.687951,0.574595,0.801306,0.010217,0.029014,0.123800,0.049297,0.010000
acm_scf,penalty,275,1116.987,0.563309,0.618487,0.567509,0.669464,23,0.00045766,1,0.116181,0.026158,0.206204,0.876799,0.957013,0.796586,0.694932,0.582354,0.807510,0.009449,0.028126,0.121092,0.047784,0.010000
acm_scf,penalty,300,1310.395,0.557322,0.623718,0.570688,0.676747,23,0.00048847,1,0.112529,0.026528,0.198531,0.880021,0.956679,0.803364,0.698465,0.585827,0.811102,0.009567,0.027641,0.120172,0.046884,0.010000
acm_scf,penalty,325,1340.177,0.553639,0.629382,0.572404,0.686360,23,0.00055319,1,0.113528,0.027710,0.199347,0.880030,0.955014,0.805046,0.705725,0.588266,0.823184,0.010361,0.027547,0.120190,0.045274,0.010000
acm_scf,penalty,350,1535.894,0.547595,0.636953,0.579549,0.694357,23,0.00075775,1,0.114871,0.034804,0.194939,0.877451,0.945150,0.809751,0.714717,0.599719,0.829714,0.012433,0.027132,0.118275,0.044297,0.010000
acm_scf,penalty,375,1565.875,0.535289,0.644134,0.575059,0.713210,23,0.00087845,1,0.101333,0.032218,0.170449,0.889478,0.948518,0.830437,0.714181,0.593586,0.834776,0.011884,0.023769,0.119790,0.040608,0.010000
acm_scf,penalty,400,1758.623,0.523421,0.652108,0.586399,0.717816,23,0.00093513,2,0.101870,0.034434,0.169306,0.889214,0.946282,0.832146,0.722969,0.606591,0.839347,0.012450,0.023375,0.116660,0.039683,0.010000
acm_scf,penalty,425,1788.510,0.516369,0.657159,0.600371,0.713948,23,0.00080684,2,0.104940,0.035838,0.174041,0.886788,0.945512,0.828065,0.730046,0.621887,0.838204,0.012826,0.024265,0.112645,0.040744,0.010000
acm_scf,penalty,450,1975.998,0.525764,0.648608,0.604688,0.692529,23,0.00002204,1,0.113604,0.034065,0.193143,0.879437,0.948336,0.810538,0.725786,0.625286,0.826286,0.012461,0.026813,0.111386,0.044227,0.010000
acm_scf,penalty,475,2005.494,0.529822,0.646194,0.608428,0.683960,23,0.00010131,1,0.115915,0.032809,0.199020,0.877545,0.950380,0.804710,0.724236,0.628390,0.820082,0.012299,0.027909,0.110385,0.046095,0.010000
acm_scf,penalty,500,2197.278,0.511694,0.656792,0.614533,0.699051,23,0.00027494,1,0.110331,0.034213,0.186449,0.882688,0.948919,0.816458,0.732473,0.635558,0.829388,0.012138,0.025936,0.108264,0.043199,0.010000
acm_scf,penalty,525,2226.832,0.513431,0.658361,0.625894,0.690828,23,0.00036391,1,0.119341,0.033622,0.205061,0.876479,0.950597,0.802360,0.739713,0.646937,0.832490,0.012610,0.028405,0.105599,0.044953,0.010000
acm_scf,penalty,550,2420.433,0.521197,0.656925,0.631436,0.682414,23,0.00026364,1,0.128026,0.036134,0.219918,0.869347,0.947661,0.791033,0.743371,0.654253,0.832490,0.013524,0.030867,0.104384,0.047091,0.010000
acm_scf,penalty,575,2449.864,0.522585,0.656647,0.634306,0.678989,23,0.00030734,1,0.134494,0.041233,0.227755,0.863328,0.941238,0.785418,0.747046,0.660460,0.833633,0.015342,0.031098,0.103830,0.047073,0.010000
acm_scf,penalty,600,2642.226,0.517166,0.659317,0.639457,0.679177,23,0.00017619,1,0.131246,0.040124,0.222367,0.865922,0.943106,0.788739,0.747659,0.665115,0.830204,0.014617,0.031013,0.102006,0.047527,0.010000
acm_scf,penalty,625,2671.780,0.512085,0.662894,0.645175,0.680613,23,0.00027259,1,0.132974,0.040641,0.225306,0.865111,0.942922,0.787300,0.752678,0.671396,0.833959,0.015022,0.031011,0.100556,0.047059,0.010000
acm_scf,penalty,650,2864.042,0.509856,0.666107,0.649436,0.682777,23,0.00024912,1,0.132488,0.042119,0.222857,0.865366,0.941412,0.789319,0.755864,0.676790,0.834939,0.015544,0.031074,0.099574,0.047011,0.010000
acm_scf,penalty,675,2893.720,0.504509,0.671591,0.655148,0.688034,23,0.00022233,1,0.133027,0.043523,0.222531,0.865469,0.940148,0.790790,0.762403,0.683662,0.841143,0.016137,0.031103,0.098199,0.046299,0.010000
acm_scf,penalty,700,3086.191,0.507858,0.670755,0.657698,0.683813,23,0.00033535,1,0.138921,0.046331,0.231510,0.860644,0.936922,0.784367,0.765146,0.688170,0.842122,0.016999,0.032149,0.097633,0.047001,0.010000
acm_scf,penalty,725,3115.873,0.501953,0.671831,0.660764,0.682898,23,0.00011510,1,0.133495,0.043154,0.223837,0.864917,0.941082,0.788752,0.762517,0.689278,0.835755,0.015974,0.031241,0.096632,0.047051,0.010000
acm_scf,penalty,750,3307.552,0.493692,0.674950,0.660086,0.689814,23,0.00013475,1,0.126413,0.044336,0.208490,0.869754,0.939571,0.799937,0.761492,0.689352,0.833633,0.016161,0.029134,0.096484,0.045400,0.010000
acm_scf,penalty,775,3337.071,0.494199,0.674011,0.665607,0.682414,23,0.00010771,1,0.133014,0.046110,0.219918,0.864463,0.937892,0.791033,0.764394,0.696298,0.832490,0.017007,0.029812,0.095219,0.046079,0.010000
acm_scf,penalty,800,3529.487,0.489833,0.678861,0.669111,0.688611,23,0.00015026,1,0.130383,0.048031,0.212735,0.866437,0.935897,0.796977,0.768175,0.701249,0.835102,0.017519,0.029527,0.094134,0.045586,0.010000
acm_scf,penalty,825,3559.275,0.485737,0.678787,0.675653,0.681922,23,0.00010048,1,0.128617,0.044336,0.212898,0.868086,0.940881,0.795290,0.766355,0.705609,0.827102,0.016536,0.029572,0.092315,0.046520,0.010000
acm_scf,penalty,850,3749.579,0.491079,0.678598,0.679140,0.678057,23,0.00001370,1,0.135866,0.048548,0.223184,0.862070,0.936176,0.787963,0.770749,0.712111,0.829388,0.018194,0.030788,0.091870,0.047329,0.010000
acm_scf,penalty,875,3778.984,0.492829,0.680169,0.686313,0.674025,23,0.00004115,1,0.142860,0.050617,0.235102,0.857094,0.934406,0.779783,0.776771,0.721052,0.832490,0.018883,0.032716,0.089789,0.048678,0.010000
acm_scf,penalty,900,3969.224,0.499818,0.679499,0.686855,0.672142,23,0.00001042,1,0.152658,0.052908,0.252408,0.850576,0.931829,0.769323,0.782496,0.723195,0.841796,0.019858,0.034898,0.089907,0.049318,0.010000
acm_scf,penalty,925,3997.736,0.517686,0.671156,0.676848,0.665464,23,0.00000549,0,0.160884,0.054829,0.266939,0.844102,0.928681,0.759523,0.778530,0.713958,0.843102,0.020383,0.037035,0.092711,0.051141,0.010000
acm_scf,penalty,950,4183.328,0.521958,0.669899,0.665756,0.674042,23,0.00001368,0,0.158456,0.055198,0.261714,0.845915,0.927150,0.764680,0.776477,0.702505,0.850449,0.020369,0.036394,0.095871,0.049729,0.010000
acm_scf,penalty,975,4211.538,0.521738,0.668830,0.662520,0.675139,23,0.00003506,1,0.155184,0.051430,0.258939,0.848868,0.931246,0.766490,0.773276,0.696594,0.849959,0.019442,0.035849,0.096965,0.049294,0.010000
acm_scf,penalty,1000,4398.888,0.526089,0.666672,0.665216,0.668127,23,0.00002428,1,0.159694,0.052612,0.266776,0.845227,0.930114,0.760340,0.773291,0.700214,0.846367,0.019807,0.036981,0.096242,0.050721,0.010000
acm_scf,penalty,1025,4427.295,0.526535,0.666762,0.659817,0.673706,23,0.00002967,1,0.154801,0.057194,0.252408,0.846978,0.924222,0.769735,0.770655,0.697554,0.843755,0.021110,0.035223,0.097856,0.049483,0.010000
acm_scf,penalty,1050,4613.078,0.526346,0.669353,0.665484,0.673222,23,0.00004004,1,0.157811,0.062070,0.253551,0.844119,0.919270,0.768968,0.775355,0.706791,0.843918,0.022963,0.035265,0.096811,0.049515,0.010000
acm_scf,penalty,1075,4641.846,0.522470,0.674328,0.668730,0.679927,23,0.00002554,1,0.159249,0.062662,0.255837,0.844213,0.918968,0.769457,0.782255,0.710633,0.853878,0.023477,0.035548,0.096150,0.048488,0.010000
acm_scf,penalty,1100,4827.190,0.521659,0.674203,0.668961,0.679444,23,0.00002496,1,0.166091,0.062957,0.269224,0.840373,0.918663,0.762083,0.786722,0.711077,0.862367,0.023575,0.036162,0.096028,0.047984,0.010000
acm_scf,penalty,1125,4855.574,0.520320,0.678495,0.668931,0.688059,23,0.00003428,1,0.162737,0.066209,0.259265,0.842372,0.915055,0.769688,0.789834,0.713220,0.866449,0.024615,0.035771,0.096167,0.047072,0.010000
acm_scf,prune,1,1.421,1.260056,0.190821,0.151570,0.230071,20,0.00000000,0,0.212629,0.093992,0.331265,0.559317,0.638225,0.480410,0.236051,0.165817,0.306286,0.034612,0.046126,0.253811,0.125838,0.000100
acm_scf,prune,25,27.140,1.004623,0.285657,0.223962,0.347352,20,0.00000000,0,0.110991,0.037981,0.184000,0.775228,0.859563,0.690894,0.321867,0.232469,0.411265,0.013871,0.025420,0.220435,0.094794,0.000100
acm_scf,prune,50,201.061,0.907498,0.361549,0.281090,0.442009,23,0.00006835,1,0.106549,0.036282,0.176816,0.817775,0.889240,0.746311,0.405726,0.291288,0.520163,0.012970,0.024281,0.203691,0.080167,0.000100
acm_scf,prune,75,231.653,0.828225,0.416359,0.329199,0.503518,23,0.00018135,2,0.095451,0.030740,0.160163,0.850877,0.916933,0.784821,0.461741,0.339319,0.584163,0.011337,0.021990,0.189275,0.070094,0.000100
acm_scf,prune,100,429.929,0.757402,0.466839,0.379124,0.554554,26,0.00053769,1,0.092731,0.025789,0.159673,0.869455,0.937812,0.801098,0.516002,0.388901,0.643102,0.009438,0.021872,0.174077,0.062610,0.000100
acm_scf,prune,125,464.759,0.702817,0.507284,0.426110,0.588458,26,0.00040417,3,0.095300,0.025050,0.165551,0.875660,0.945760,0.805561,0.561331,0.436784,0.685878,0.008918,0.022410,0.160723,0.057791,0.000100
acm_scf,prune,150,677.596,0.650136,0.551496,0.477715,0.625277,27,0.00032746,2,0.102671,0.024607,0.180735,0.877737,0.952135,0.803340,0.613878,0.489470,0.738286,0.009108,0.024763,0.146391,0.053309,0.000100
acm_scf,prune,175,714.472,0.609253,0.586181,0.522061,0.650300,27,0.00098238,2,0.111831,0.026602,0.197061,0.875352,0.952712,0.797992,0.657199,0.535949,0.778449,0.009815,0.027000,0.134077,0.050370,0.000100
acm_scf,prune,200,948.040,0.583004,0.604692,0.549842,0.659543,27,0.00091958,1,0.113381,0.027414,0.199347,0.876216,0.953718,0.798714,0.677968,0.564915,0.791020,0.009895,0.027638,0.126159,0.049195,0.000100
acm_scf,prune,225,984.209,0.559754,0.621093,0.559406,0.682779,27,0.00103078,1,0.107233,0.025567,0.188898,0.884281,0.957337,0.811225,0.692732,0.573709,0.811755,0.009164,0.026213,0.123284,0.045371,0.000100
acm_scf,prune,250,1206.577,0.547522,0.631040,0.563140,0.698940,27,0.00087404,1,0.105334,0.025198,0.185469,0.887639,0.958180,0.817099,0.702950,0.577329,0.828571,0.009074,0.025565,0.122153,0.042831,0.000100
acm_scf,prune,275,1241.978,0.524904,0.645958,0.579837,0.712079,27,0.00063559,1,0.103601,0.023203,0.184000,0.891609,0.962364,0.820855,0.718196,0.593290,0.843102,0.008097,0.025391,0.117126,0.040950,0.000100
acm_scf,prune,300,1459.605,0.514214,0.654998,0.587704,0.722291,26,0.00069323,1,0.104314,0.022833,0.185796,0.892574,0.963406,0.821742,0.728806,0.601123,0.856490,0.007933,0.025692,0.114914,0.039517,0.000100
acm_scf,prune,325,1493.453,0.511882,0.658203,0.583701,0.732706,26,0.00038224,1,0.101420,0.022759,0.180082,0.895453,0.963276,0.827629,0.730819,0.596985,0.864653,0.008194,0.024940,0.116240,0.037731,0.000100
acm_scf,prune,350,1713.740,0.501411,0.668718,0.591854,0.745583,26,0.00030911,1,0.102985,0.023276,0.182694,0.895682,0.962989,0.828374,0.743713,0.605631,0.881796,0.008520,0.025446,0.113960,0.036121,0.000100
acm_scf,prune,375,1747.971,0.494570,0.675647,0.589968,0.761326,26,0.00029181,1,0.102917,0.023794,0.182041,0.896924,0.962100,0.831749,0.751962,0.604005,0.899918,0.008580,0.025112,0.114491,0.033451,0.000100
acm_scf,prune,400,1964.810,0.484448,0.680297,0.599624,0.760971,29,0.00011433,1,0.106128,0.021725,0.190531,0.895995,0.965754,0.826236,0.759305,0.612651,0.905959,0.007928,0.025598,0.111466,0.033227,0.000100
acm_scf,prune,425,2002.361,0.459209,0.698725,0.624033,0.773417,29,0.00005300,0,0.097541,0.022020,0.173061,0.903216,0.966626,0.839807,0.772520,0.637774,0.907265,0.008053,0.024246,0.104912,0.031996,0.000100
acm_scf,prune,450,2245.353,0.423639,0.717216,0.664017,0.770415,32,0.00004655,1,0.100159,0.022685,0.177633,0.901971,0.967674,0.836268,0.793173,0.679081,0.907265,0.008281,0.023941,0.093385,0.031706,0.000100
acm_scf,prune,475,2287.330,0.393881,0.738017,0.701577,0.774457,32,0.00008132,1,0.102891,0.025863,0.179918,0.900405,0.965312,0.835498,0.816759,0.719722,0.913796,0.008869,0.024917,0.082643,0.031739,0.000100
acm_scf,prune,500,2549.922,0.376740,0.750805,0.722186,0.779424,32,0.00008101,0,0.102630,0.026158,0.179102,0.901404,0.965906,0.836902,0.830049,0.741077,0.919020,0.009462,0.024813,0.077362,0.031062,0.000100
acm_scf,prune,525,2591.560,0.369113,0.755383,0.736842,0.773924,32,0.00003097,1,0.108582,0.026306,0.190857,0.897412,0.966383,0.828441,0.838929,0.756226,0.921633,0.009153,0.026481,0.073067,0.032147,0.000100
acm_scf,prune,550,2856.518,0.357919,0.764492,0.745842,0.783143,31,0.00005221,1,0.104908,0.026306,0.183510,0.900753,0.966776,0.834730,0.846160,0.765462,0.926857,0.009648,0.025707,0.070833,0.030783,0.000100
acm_scf,prune,575,2897.139,0.358731,0.765221,0.747953,0.782489,31,0.00008953,1,0.105474,0.028745,0.182204,0.899717,0.963988,0.835447,0.847257,0.769452,0.925061,0.010541,0.025667,0.070426,0.031027,0.000100
acm_scf,prune,600,3158.388,0.352692,0.771351,0.755412,0.787290,31,0.00011047,2,0.107570,0.030814,0.184327,0.898438,0.961935,0.834942,0.855549,0.778689,0.932408,0.011219,0.026028,0.068434,0.030481,0.000100
acm_scf,prune,625,3198.786,0.347044,0.773649,0.762860,0.784438,31,0.00012559,2,0.109498,0.031405,0.187592,0.897002,0.961618,0.832385,0.859205,0.786817,0.931592,0.011338,0.026170,0.066159,0.030739,0.000100
acm_scf,prune,650,3465.413,0.336486,0.780802,0.776038,0.785566,31,0.00008120,3,0.108440,0.033695,0.183184,0.897526,0.959689,0.835363,0.865828,0.802187,0.929469,0.012370,0.025682,0.062600,0.030517,0.000100
acm_scf,prune,675,3506.579,0.331693,0.783916,0.784597,0.783235,31,0.00012566,1,0.112164,0.034287,0.190041,0.895052,0.959462,0.830642,0.871790,0.811498,0.932082,0.012586,0.026394,0.060279,0.030766,0.000100
acm_scf,prune,700,3773.500,0.320147,0.792382,0.800486,0.784279,34,0.00007494,2,0.109827,0.033695,0.185959,0.897127,0.960872,0.833382,0.878791,0.827459,0.930122,0.012633,0.026462,0.056062,0.031089,0.000100
acm_scf,prune,725,3818.822,0.312672,0.794396,0.813422,0.775371,34,0.00011910,1,0.117886,0.037242,0.198531,0.890849,0.957725,0.823972,0.886511,0.843715,0.929306,0.013736,0.026836,0.052468,0.031442,0.000100
acm_scf,prune,750,4106.486,0.304498,0.800819,0.827314,0.774325,34,0.00002273,1,0.121244,0.039385,0.203102,0.888605,0.956204,0.821007,0.895745,0.859898,0.931592,0.014632,0.027634,0.048501,0.031861,0.000100
acm_scf,prune,775,4151.545,0.289261,0.812360,0.840906,0.783813,34,0.00006748,1,0.115534,0.040863,0.190204,0.893020,0.955396,0.830644,0.904083,0.875268,0.932898,0.015180,0.026572,0.044699,0.030830,0.000100
acm_scf,prune,800,4437.753,0.285465,0.817068,0.849156,0.784980,34,0.00005402,2,0.119098,0.046848,0.191347,0.890041,0.949937,0.830145,0.912061,0.888938,0.935184,0.017255,0.026765,0.042429,0.030703,0.000100
acm_scf,prune,825,4482.592,0.283531,0.818576,0.852601,0.784550,34,0.00007524,2,0.120126,0.048252,0.192000,0.889220,0.948776,0.829664,0.914462,0.893741,0.935184,0.017794,0.026796,0.041445,0.030752,0.000100
acm_scf,prune,850,4771.032,0.274914,0.825030,0.860833,0.789227,35,0.00008835,1,0.115886,0.049730,0.182041,0.892282,0.947838,0.836726,0.918270,0.903643,0.932898,0.018511,0.025872,0.039214,0.030212,0.000100
acm_scf,prune,875,4818.084,0.261853,0.831630,0.873996,0.789264,35,0.00008220,2,0.117631,0.049139,0.186122,0.891647,0.949136,0.834158,0.926554,0.916944,0.936163,0.018254,0.025872,0.035427,0.029776,0.000100
acm_scf,prune,900,5114.333,0.260059,0.834175,0.878052,0.790298,34,0.00007347,2,0.119091,0.050100,0.188082,0.890790,0.948465,0.833116,0.930491,0.922042,0.938939,0.018593,0.026452,0.034211,0.029936,0.000100
acm_scf,prune,925,5159.825,0.260593,0.832822,0.880175,0.785469,34,0.00009629,2,0.118016,0.049583,0.186449,0.891174,0.949062,0.833285,0.927867,0.923816,0.931918,0.018487,0.026368,0.033642,0.030772,0.000100
acm_scf,prune,950,5454.295,0.261744,0.830535,0.878426,0.782645,34,0.00011897,1,0.120282,0.051504,0.189061,0.889166,0.947185,0.831146,0.927140,0.923668,0.930612,0.018971,0.026074,0.034023,0.030675,0.000100
acm_scf,prune,975,5500.257,0.262239,0.831205,0.883754,0.778657,34,0.00013658,1,0.124215,0.052021,0.196408,0.886446,0.947012,0.825879,0.930660,0.929727,0.931592,0.019101,0.027386,0.032480,0.031657,0.000100
acm_scf,prune,1000,5790.322,0.253147,0.833783,0.891062,0.776504,33,0.00013094,2,0.121599,0.046627,0.196571,0.888883,0.952385,0.825381,0.930876,0.932609,0.929143,0.017083,0.027285,0.030217,0.031950,0.000100
acm_scf,prune,1025,5834.806,0.258057,0.830274,0.890859,0.769689,33,0.00028690,2,0.126283,0.046036,0.206531,0.885494,0.952924,0.818064,0.930262,0.931870,0.928653,0.017109,0.028268,0.030478,0.032785,0.000100
acm_scf,prune,1050,6122.062,0.252958,0.834830,0.895001,0.774659,33,0.00061257,2,0.122423,0.046479,0.198367,0.888330,0.952721,0.823939,0.932463,0.936599,0.928327,0.017352,0.027656,0.029354,0.032318,0.000100
acm_scf,prune,1075,6166.475,0.254241,0.834758,0.895275,0.774242,33,0.00032574,2,0.124149,0.047809,0.200490,0.887038,0.951507,0.822569,0.933773,0.938077,0.929469,0.017660,0.028121,0.029201,0.032580,0.000100
acm_scf,prune,1100,6453.462,0.263503,0.828957,0.892441,0.765474,33,0.00021151,2,0.130192,0.046996,0.213388,0.882645,0.952112,0.813179,0.931599,0.934383,0.928816,0.017484,0.029754,0.030029,0.034137,0.000100
acm_scf,prune,1125,6497.463,0.265911,0.827089,0.892145,0.762032,33,0.00019834,2,0.133357,0.048917,0.217796,0.880120,0.950323,0.809917,0.931893,0.935787,0.928000,0.017820,0.030266,0.029916,0.034632,0.000100
acm_scf,prune,1150,6777.965,0.270881,0.824839,0.891047,0.758630,36,0.00027144,1,0.142164,0.049878,0.234449,0.874579,0.949381,0.799777,0.935990,0.935491,0.936490,0.018420,0.031636,0.030409,0.034793,0.000100
acm_scf,prune,1175,6825.652,0.276745,0.823870,0.893801,0.753940,36,0.00019259,1,0.142086,0.051356,0.232816,0.873936,0.948181,0.799691,0.934586,0.939703,0.929469,0.019057,0.032644,0.029781,0.036572,0.000100
acm_scf,prune,1200,7139.228,0.274861,0.824022,0.895898,0.752146,36,0.00023604,2,0.144178,0.051947,0.236408,0.872536,0.947760,0.797312,0.936198,0.942437,0.929959,0.019110,0.032675,0.029028,0.036645,0.000100
acm_scf,prune,1225,7187.876,0.272749,0.825321,0.895589,0.755054,36,0.00023835,2,0.144775,0.053794,0.235755,0.872185,0.946074,0.798296,0.938414,0.943767,0.933061,0.019785,0.032054,0.029235,0.035705,0.000100
acm_scf,prune,1250,7500.431,0.269071,0.828480,0.896917,0.760043,36,0.00026165,2,0.140944,0.054459,0.227429,0.874774,0.945553,0.803996,0.939330,0.945762,0.932898,0.019954,0.031553,0.028620,0.035256,0.000100
acm_scf,prune,1275,7548.770,0.273100,0.825765,0.893401,0.758129,36,0.00030624,2,0.139395,0.053647,0.225143,0.875489,0.946082,0.804895,0.935072,0.941329,0.928816,0.019664,0.031478,0.029743,0.035648,0.000100
acm_scf,prune,1300,7859.218,0.284461,0.817566,0.886631,0.748501,36,0.00031583,2,0.140120,0.054607,0.225633,0.873711,0.944822,0.802600,0.926218,0.935048,0.917388,0.020246,0.031421,0.031912,0.037001,0.000100
siggraph_sigchi,nopen,1,1.370,1.012011,0.150333,0.126963,0.173704,20,0.00016185,0,0.466056,0.203275,0.728837,0.360439,0.429077,0.291802,0.226538,0.152771,0.300305,0.042887,0.056541,0.185008,0.102577,0.000000
siggraph_sigchi,nopen,25,26.597,0.779154,0.204872,0.156126,0.253619,20,0.00001391,1,0.229354,0.097343,0.361366,0.563145,0.637681,0.488610,0.258296,0.171324,0.345268,0.020354,0.027551,0.163319,0.072443,0.000000
siggraph_sigchi,nopen,50,184.890,0.696101,0.255314,0.201001,0.309628,23,0.00011704,1,0.172043,0.075699,0.268387,0.667361,0.740683,0.594039,0.304472,0.216216,0.392728,0.015702,0.020397,0.151549,0.062408,0.000000
siggraph_sigchi,nopen,75,213.453,0.606538,0.344058,0.277563,0.410553,23,0.00001488,1,0.145690,0.065735,0.225645,0.754293,0.818182,0.690404,0.399500,0.295809,0.503192,0.013482,0.017089,0.135660,0.051230,0.000000
siggraph_sigchi,nopen,100,393.956,0.510605,0.443625,0.389529,0.497721,25,0.00008895,0,0.136079,0.054283,0.217874,0.809426,0.883251,0.735601,0.508417,0.410673,0.606162,0.011207,0.016536,0.113206,0.043103,0.000000
siggraph_sigchi,nopen,125,425.221,0.446214,0.503381,0.472195,0.534568,25,0.00006867,3,0.118314,0.052336,0.184291,0.839623,0.904712,0.774533,0.564996,0.496908,0.633084,0.010740,0.013884,0.097664,0.038746,0.000000
siggraph_sigchi,nopen,150,595.641,0.404553,0.538414,0.523506,0.553322,24,0.00011891,0,0.108173,0.042602,0.173744,0.858270,0.927598,0.788941,0.597634,0.545809,0.649459,0.008755,0.013021,0.087253,0.036683,0.000000
siggraph_sigchi,nopen,175,626.192,0.366651,0.571698,0.574697,0.568699,24,0.00008960,3,0.094188,0.040999,0.147377,0.875809,0.935865,0.815753,0.625386,0.598259,0.652512,0.008441,0.011162,0.077693,0.034701,0.000000
siggraph_sigchi,nopen,200,806.942,0.332044,0.606278,0.627173,0.585384,23,0.00021011,2,0.092475,0.034242,0.150708,0.883515,0.949857,0.817172,0.661127,0.648649,0.673605,0.007213,0.011447,0.067757,0.033546,0.000000
siggraph_sigchi,nopen,225,837.146,0.304829,0.633216,0.668514,0.597918,23,0.00007704,2,0.089935,0.033326,0.146545,0.888930,0.953978,0.823883,0.688166,0.690792,0.685540,0.007073,0.011057,0.060202,0.032325,0.000000
siggraph_sigchi,nopen,250,1028.855,0.283988,0.652017,0.698778,0.605257,25,0.00013665,2,0.090838,0.030692,0.150985,0.890500,0.959128,0.821873,0.708433,0.720224,0.696642,0.006240,0.011224,0.054301,0.031598,0.000000
siggraph_sigchi,nopen,275,1062.330,0.269675,0.667671,0.726939,0.608403,25,0.00009389,4,0.091962,0.027943,0.155981,0.891214,0.963953,0.818475,0.725277,0.747251,0.703303,0.005863,0.011846,0.049324,0.031691,0.000000
siggraph_sigchi,nopen,300,1273.593,0.261026,0.676030,0.739164,0.612895,25,0.00005549,4,0.092876,0.027829,0.157924,0.891322,0.964665,0.817978,0.734710,0.759734,0.709686,0.005521,0.012085,0.046780,0.031413,0.000000
siggraph_sigchi,nopen,325,1306.708,0.253496,0.688542,0.755929,0.621155,25,0.00007112,4,0.100714,0.028516,0.172911,0.886405,0.964621,0.808190,0.753022,0.777485,0.728560,0.005846,0.013159,0.043967,0.031013,0.000000
siggraph_sigchi,nopen,350,1512.457,0.244972,0.697163,0.768441,0.625884,24,0.00008729,4,0.101789,0.026225,0.177352,0.886913,0.967814,0.806011,0.762740,0.788594,0.736886,0.005319,0.013569,0.041418,0.030775,0.000000
siggraph_sigchi,nopen,375,1543.926,0.237387,0.705779,0.783356,0.628202,24,0.00013134,5,0.103765,0.026569,0.180960,0.885964,0.968018,0.803910,0.773025,0.804169,0.741882,0.005318,0.013963,0.038686,0.030772,0.000000
siggraph_sigchi,nopen,400,1748.908,0.234300,0.715585,0.796239,0.634932,24,0.00021994,4,0.113628,0.029088,0.198168,0.879530,0.965717,0.793343,0.790077,0.819400,0.760755,0.005876,0.015588,0.036368,0.030948,0.000000
siggraph_sigchi,nopen,425,1780.741,0.230702,0.720891,0.799599,0.642183,24,0.00017414,4,0.117007,0.028630,0.205384,0.878335,0.966362,0.790309,0.798285,0.822492,0.774077,0.005718,0.015972,0.035700,0.030315,0.000000
siggraph_sigchi,nopen,450,1988.564,0.222114,0.732430,0.812757,0.652104,24,0.00026388,5,0.118813,0.030577,0.207050,0.878258,0.964780,0.791736,0.812365,0.837609,0.787122,0.006220,0.016013,0.033381,0.029479,0.000000
siggraph_sigchi,nopen,475,2020.677,0.217389,0.741349,0.819481,0.663216,24,0.00053352,3,0.119967,0.033440,0.206495,0.878443,0.962014,0.794872,0.823526,0.846885,0.800167,0.006718,0.016123,0.032295,0.028623,0.000000
siggraph_sigchi,nopen,500,2227.291,0.221028,0.737163,0.824608,0.649718,24,0.00031280,4,0.129246,0.030348,0.228143,0.871585,0.965513,0.777658,0.823790,0.849634,0.797946,0.006264,0.017673,0.031378,0.030257,0.000000
siggraph_sigchi,nopen,525,2259.632,0.218691,0.736318,0.827459,0.645176,24,0.00032887,4,0.128997,0.026798,0.231196,0.871992,0.969424,0.774560,0.821986,0.849634,0.794338,0.005356,0.017772,0.030724,0.030533,0.000000
siggraph_sigchi,nopen,550,2464.758,0.216578,0.735340,0.835396,0.635284,24,0.00028764,3,0.132524,0.026913,0.238135,0.868594,0.969583,0.767606,0.822223,0.857879,0.786567,0.004952,0.018412,0.028714,0.031730,0.000000
siggraph_sigchi,nopen,575,2496.706,0.214184,0.739119,0.844623,0.633615,24,0.00011390,3,0.136456,0.024508,0.248404,0.866736,0.972458,0.761015,0.828165,0.865323,0.791007,0.004893,0.018972,0.027488,0.031948,0.000000
siggraph_sigchi,nopen,600,2693.762,0.213061,0.739753,0.850745,0.628761,23,0.00019260,5,0.138650,0.022790,0.254510,0.865265,0.974477,0.756052,0.829460,0.870133,0.788787,0.004535,0.019600,0.026199,0.032709,0.000000
siggraph_sigchi,nopen,625,2724.243,0.210602,0.748920,0.846429,0.651411,23,0.00026201,4,0.137674,0.026111,0.249237,0.868175,0.970814,0.765535,0.841148,0.868530,0.813766,0.005265,0.019337,0.027169,0.030670,0.000000
siggraph_sigchi,nopen,650,2919.540,0.206848,0.753663,0.850821,0.656505,23,0.00010532,2,0.140652,0.024851,0.256453,0.867562,0.972290,0.762834,0.848417,0.871965,0.824868,0.004849,0.019929,0.026174,0.030362,0.000000
siggraph_sigchi,nopen,675,2949.863,0.203591,0.756167,0.852204,0.660129,23,0.00014916,2,0.134471,0.023591,0.245351,0.871909,0.973667,0.770151,0.847201,0.872309,0.822093,0.004817,0.019022,0.026197,0.029712,0.000000
siggraph_sigchi,nopen,700,3143.169,0.198361,0.761269,0.855796,0.666741,23,0.00024770,3,0.130289,0.020499,0.240078,0.876020,0.977066,0.774974,0.850075,0.873339,0.826811,0.004262,0.018613,0.025665,0.028960,0.000000
siggraph_sigchi,nopen,725,3172.848,0.193531,0.767992,0.856056,0.679928,23,0.00019192,4,0.128969,0.023133,0.234804,0.877860,0.974268,0.781452,0.857719,0.875859,0.839578,0.004590,0.018164,0.025468,0.027621,0.000000
siggraph_sigchi,nopen,750,3362.530,0.187317,0.774686,0.853195,0.696177,23,0.00017387,3,0.121508,0.023477,0.219539,0.884182,0.973819,0.794545,0.861120,0.873225,0.849015,0.004602,0.016991,0.025817,0.025785,0.000000
siggraph_sigchi,nopen,775,3391.950,0.188263,0.773844,0.854279,0.693409,23,0.00022237,2,0.121825,0.022446,0.221205,0.883913,0.974946,0.792879,0.860124,0.873454,0.846794,0.004499,0.017183,0.025807,0.026054,0.000000
siggraph_sigchi,nopen,800,3585.873,0.190400,0.777690,0.853724,0.701656,23,0.00018865,2,0.132064,0.024049,0.240078,0.878489,0.973228,0.783750,0.872182,0.874256,0.870108,0.004960,0.018465,0.026065,0.025645,0.000000
siggraph_sigchi,nopen,825,3615.219,0.185320,0.784980,0.855001,0.714960,23,0.00017437,2,0.129614,0.023591,0.235637,0.881593,0.973751,0.789435,0.879301,0.875172,0.883430,0.004797,0.018321,0.025694,0.024480,0.000000
siggraph_sigchi,nopen,850,3808.783,0.181042,0.790823,0.856044,0.725601,23,0.00017732,2,0.124948,0.027027,0.222870,0.884713,0.970176,0.799250,0.883248,0.879180,0.887316,0.005468,0.017308,0.025612,0.023305,0.000000
siggraph_sigchi,nopen,875,3838.616,0.175270,0.796538,0.860730,0.732346,23,0.00016088,2,0.122327,0.026225,0.218429,0.887257,0.971166,0.803348,0.887807,0.883303,0.892312,0.005269,0.016993,0.024605,0.022650,0.000000
siggraph_sigchi,nopen,900,4033.971,0.174967,0.799368,0.858130,0.740606,23,0.00009599,1,0.123153,0.027600,0.218707,0.887301,0.969651,0.804950,0.892198,0.881814,0.902581,0.005549,0.016990,0.025077,0.021954,0.000000
siggraph_sigchi,nopen,925,4064.211,0.175661,0.798514,0.857987,0.739042,23,0.00007186,1,0.124704,0.027371,0.222037,0.886274,0.969884,0.802664,0.892303,0.881470,0.903136,0.005557,0.017143,0.025163,0.022023,0.000000
siggraph_sigchi,nopen,950,4259.402,0.176196,0.797944,0.856649,0.739238,23,0.00008611,1,0.129021,0.026569,0.231474,0.883976,0.970674,0.797278,0.894881,0.879409,0.910352,0.005230,0.017604,0.025370,0.021925,0.000000
siggraph_sigchi,nopen,975,4289.591,0.172178,0.803971,0.855361,0.752580,23,0.00010626,1,0.119448,0.028516,0.210380,0.890490,0.968604,0.812376,0.895330,0.879753,0.910908,0.005617,0.016458,0.025461,0.020869,0.000000
siggraph_sigchi,nopen,1000,4483.306,0.171090,0.804624,0.854311,0.754938,23,0.00005144,1,0.118305,0.028172,0.208437,0.891470,0.968924,0.814017,0.895337,0.878378,0.912295,0.005633,0.016061,0.025743,0.020429,0.000000
siggraph_sigchi,nopen,1025,4513.448,0.170272,0.805915,0.856569,0.755261,23,0.00003743,1,0.119715,0.025996,0.213433,0.891186,0.971269,0.811103,0.897647,0.878836,0.916459,0.005322,0.016486,0.025499,0.020345,0.000000
siggraph_sigchi,nopen,1050,4707.714,0.170192,0.806807,0.851480,0.762135,23,0.00007887,1,0.116016,0.025538,0.206495,0.894099,0.971585,0.816613,0.896368,0.873225,0.919512,0.005119,0.016050,0.026301,0.019827,0.000000
siggraph_sigchi,nopen,1075,4737.784,0.170114,0.807475,0.855547,0.759404,23,0.00005648,2,0.117591,0.025080,0.210103,0.893056,0.972198,0.813913,0.897980,0.877004,0.918956,0.005285,0.016368,0.025765,0.020100,0.000000
siggraph_sigchi,nopen,1100,4930.044,0.165282,0.810723,0.853918,0.767528,23,0.00007340,1,0.114032,0.024622,0.203442,0.896066,0.972629,0.819503,0.899309,0.874943,0.923675,0.004763,0.015825,0.025552,0.019230,0.000000
siggraph_sigchi,nopen,1125,4959.896,0.166577,0.809005,0.858036,0.759973,23,0.00006794,2,0.121453,0.025309,0.217596,0.890826,0.972036,0.809616,0.902546,0.879753,0.925340,0.005027,0.016427,0.025037,0.019746,0.000000
siggraph_sigchi,nopen,1150,5153.286,0.166332,0.811328,0.852285,0.770370,23,0.00005389,2,0.113128,0.027256,0.199001,0.896276,0.969808,0.822744,0.899595,0.875515,0.923675,0.005475,0.015402,0.026075,0.018918,0.000000
siggraph_sigchi,nopen,1175,5182.949,0.163708,0.814419,0.857812,0.771026,23,0.00010325,2,0.113666,0.026111,0.201221,0.896353,0.971190,0.821516,0.903192,0.880211,0.926173,0.005324,0.015478,0.025338,0.018807,0.000000
siggraph_sigchi,nopen,1200,5378.869,0.164603,0.813791,0.855389,0.772193,23,0.00011885,1,0.115030,0.026340,0.203719,0.895551,0.970871,0.820230,0.903712,0.877920,0.929503,0.005335,0.015640,0.025668,0.018685,0.000000
siggraph_sigchi,nopen,1225,5408.400,0.165155,0.816245,0.856142,0.776349,23,0.00019189,1,0.119016,0.029317,0.208715,0.892926,0.967803,0.818050,0.909813,0.881241,0.938385,0.005777,0.016274,0.025334,0.018648,0.000000
siggraph_sigchi,nopen,1250,5603.796,0.164891,0.815183,0.853436,0.776930,23,0.00014006,1,0.114476,0.028287,0.200666,0.895871,0.968774,0.822968,0.905205,0.877577,0.932834,0.005767,0.015470,0.025996,0.018317,0.000000
siggraph_sigchi,nopen,1275,5633.566,0.164907,0.814251,0.853593,0.774908,23,0.00011697,1,0.115635,0.027829,0.203442,0.895085,0.969256,0.820914,0.904952,0.877348,0.932556,0.005559,0.015630,0.025893,0.018454,0.000000
siggraph_sigchi,nopen,1300,5827.098,0.167083,0.812079,0.857095,0.767064,23,0.00009033,1,0.120772,0.029776,0.211768,0.890905,0.967365,0.814446,0.906059,0.882616,0.929503,0.005863,0.016385,0.025245,0.019305,0.000000
siggraph_sigchi,nopen,1325,5856.851,0.161433,0.819286,0.856873,0.781700,23,0.00008564,1,0.112445,0.029776,0.195115,0.897294,0.967357,0.827230,0.908304,0.882387,0.934221,0.005844,0.015172,0.025300,0.017983,0.000000
siggraph_sigchi,nopen,1350,6047.872,0.165174,0.813678,0.854566,0.772790,23,0.00009813,2,0.117032,0.028401,0.205662,0.893937,0.968695,0.819180,0.905280,0.878836,0.931724,0.005687,0.015836,0.025719,0.018555,0.000000
siggraph_sigchi,nopen,1375,6076.350,0.163006,0.817385,0.855810,0.778960,23,0.00013691,1,0.115655,0.030921,0.200389,0.894827,0.966140,0.823515,0.908663,0.882272,0.935054,0.006071,0.015492,0.025417,0.018105,0.000000
siggraph_sigchi,nopen,1400,6269.685,0.158208,0.823106,0.856443,0.789769,23,0.00008876,1,0.108232,0.028287,0.188177,0.900922,0.968880,0.832964,0.909527,0.880669,0.938385,0.005748,0.014553,0.025486,0.017078,0.000000
siggraph_sigchi,nopen,1425,6299.197,0.157218,0.823885,0.856190,0.791579,23,0.00014504,1,0.108487,0.030463,0.186511,0.900472,0.966625,0.834320,0.910745,0.882272,0.939217,0.006053,0.014234,0.025497,0.016732,0.000000
siggraph_sigchi,nopen,1450,6490.509,0.156346,0.824783,0.852587,0.796978,23,0.00017450,1,0.101357,0.027027,0.175687,0.906082,0.970058,0.842105,0.906313,0.875630,0.936997,0.005515,0.013620,0.026204,0.016303,0.000000
siggraph_sigchi,nopen,1475,6519.820,0.158123,0.823122,0.846719,0.799526,23,0.00027500,1,0.098958,0.028058,0.169858,0.907541,0.968774,0.846308,0.902904,0.870476,0.935332,0.005571,0.013248,0.027129,0.016106,0.000000
siggraph_sigchi,nopen,1500,6711.158,0.155199,0.824738,0.850140,0.799337,23,0.00029063,2,0.098531,0.025538,0.171524,0.908366,0.971542,0.845190,0.904146,0.871851,0.936442,0.004973,0.013275,0.026463,0.016078,0.000000
siggraph_sigchi,nopen,1525,6740.967,0.154241,0.824887,0.850106,0.799668,23,0.00029418,2,0.096161,0.023019,0.169303,0.910455,0.974214,0.846695,0.902364,0.869675,0.935054,0.004545,0.013232,0.026379,0.016078,0.000000
siggraph_sigchi,nopen,1550,6932.717,0.154221,0.825893,0.853631,0.798154,23,0.00082498,2,0.098939,0.024966,0.172911,0.908176,0.972258,0.844094,0.905554,0.874943,0.936164,0.005008,0.013392,0.025824,0.016191,0.000000
siggraph_sigchi,nopen,1575,6962.757,0.156996,0.822492,0.857382,0.787602,23,0.00070175,2,0.105967,0.025424,0.186511,0.902759,0.971895,0.833622,0.906840,0.879180,0.934499,0.005081,0.014324,0.025275,0.017191,0.000000
siggraph_sigchi,nopen,1600,7156.822,0.157753,0.824443,0.855646,0.793241,23,0.00139209,2,0.104998,0.027371,0.182626,0.903426,0.969804,0.837048,0.908586,0.879066,0.938107,0.005334,0.014318,0.025428,0.017006,0.000000
siggraph_sigchi,nopen,1625,7186.662,0.163093,0.814266,0.856952,0.771581,23,0.00035967,2,0.114813,0.030348,0.199278,0.894787,0.966771,0.822804,0.904150,0.882959,0.925340,0.006002,0.015021,0.025281,0.018489,0.000000
siggraph_sigchi,nopen,1650,7376.495,0.159784,0.815016,0.862704,0.767329,23,0.00022544,2,0.114010,0.026798,0.201221,0.895723,0.970636,0.820811,0.903777,0.885822,0.921732,0.005376,0.015083,0.024219,0.018760,0.000000
siggraph_sigchi,nopen,1675,7406.117,0.150674,0.825340,0.870198,0.780482,23,0.00018001,2,0.104258,0.022561,0.185956,0.903991,0.975273,0.832709,0.907724,0.889831,0.925618,0.004480,0.014501,0.022697,0.017995,0.000000
siggraph_sigchi,nopen,1700,7600.228,0.145496,0.829917,0.881204,0.778631,23,0.00015878,2,0.106133,0.019927,0.192340,0.903345,0.978310,0.828380,0.913578,0.898763,0.928393,0.003927,0.014974,0.020851,0.018160,0.000000
siggraph_sigchi,nopen,1725,7629.961,0.147532,0.828965,0.875056,0.782873,23,0.00014130,1,0.104569,0.022904,0.186234,0.904005,0.975050,0.832960,0.911885,0.895098,0.928671,0.004453,0.014541,0.021866,0.017781,0.000000
siggraph_sigchi,nopen,1750,7821.887,0.148930,0.824605,0.877901,0.771310,23,0.00018667,1,0.111457,0.021415,0.201499,0.899038,0.976675,0.821402,0.911715,0.896702,0.926728,0.004247,0.015102,0.021406,0.018519,0.000000
siggraph_sigchi,nopen,1775,7851.628,0.148900,0.825673,0.876975,0.774372,23,0.00028272,1,0.113188,0.022103,0.204274,0.898124,0.975935,0.820312,0.914457,0.896358,0.932556,0.004525,0.015196,0.021657,0.018049,0.000000
siggraph_sigchi,nopen,1800,8044.310,0.148626,0.824768,0.876527,0.773010,23,0.00028513,1,0.112633,0.022103,0.203164,0.898322,0.975923,0.820720,0.912979,0.895900,0.930058,0.004289,0.015192,0.021446,0.018289,0.000000
siggraph_sigchi,nopen,1825,8073.866,0.148456,0.826772,0.878218,0.775325,23,0.00032536,1,0.108847,0.023133,0.194560,0.900650,0.974901,0.826399,0.912353,0.898534,0.926173,0.004443,0.015063,0.021254,0.018402,0.000000
siggraph_sigchi,nopen,1850,8264.110,0.148390,0.827890,0.877615,0.778165,23,0.00033530,1,0.109272,0.023706,0.194838,0.900522,0.974292,0.826752,0.914100,0.898420,0.929781,0.004511,0.015178,0.021305,0.018235,0.000000
siggraph_sigchi,nopen,1875,8293.719,0.150403,0.824740,0.875533,0.773947,23,0.00040710,1,0.110428,0.021301,0.199556,0.899907,0.976733,0.823081,0.911288,0.894182,0.928393,0.004255,0.015250,0.021903,0.018384,0.000000
siggraph_sigchi,nopen,1900,8484.759,0.148940,0.827297,0.873148,0.781446,23,0.00044501,1,0.106942,0.020156,0.193727,0.902955,0.977873,0.828036,0.911790,0.890747,0.932834,0.003760,0.015163,0.022091,0.017991,0.000000
siggraph_sigchi,nopen,1925,8513.905,0.150466,0.822837,0.874088,0.771586,23,0.00052512,1,0.112942,0.020499,0.205384,0.898325,0.977535,0.819115,0.911032,0.892006,0.930058,0.003820,0.015407,0.022026,0.018393,0.000000
siggraph_sigchi,nopen,1950,8702.361,0.149146,0.827660,0.869521,0.785798,23,0.00055047,1,0.104911,0.021645,0.188177,0.904238,0.976214,0.832261,0.911004,0.888342,0.933666,0.003892,0.014753,0.022620,0.017644,0.000000
siggraph_sigchi,nopen,1975,8731.571,0.146049,0.830869,0.871893,0.789845,23,0.00044752,1,0.099446,0.018209,0.180683,0.908799,0.979901,0.837696,0.910163,0.887769,0.932556,0.003675,0.014146,0.022519,0.017149,0.000000
siggraph_sigchi,nopen,2000,8922.570,0.143045,0.829196,0.872711,0.785681,23,0.00043479,1,0.098908,0.019354,0.178462,0.908554,0.978707,0.838402,0.907748,0.889601,0.925895,0.003764,0.013303,0.022224,0.016822,0.000000
siggraph_sigchi,nopen,2025,8951.655,0.146034,0.827607,0.872813,0.782402,23,0.00041505,1,0.094077,0.021072,0.167083,0.911113,0.976902,0.845324,0.902166,0.891205,0.913128,0.004185,0.013101,0.022399,0.017538,0.000000
siggraph_sigchi,nopen,2050,9143.815,0.152226,0.820949,0.870834,0.771064,23,0.00051926,1,0.100007,0.024049,0.175964,0.905609,0.973740,0.837478,0.899261,0.891777,0.906744,0.004860,0.013711,0.022692,0.018643,0.000000
siggraph_sigchi,nopen,2075,9173.137,0.152169,0.820513,0.869163,0.771863,23,0.00048607,1,0.097758,0.027600,0.167916,0.906502,0.970025,0.842979,0.897311,0.893152,0.901471,0.005464,0.013102,0.022930,0.018397,0.000000
siggraph_sigchi,nopen,2100,9361.730,0.152056,0.823744,0.866941,0.780546,23,0.00061805,2,0.094356,0.030234,0.158479,0.909066,0.967258,0.850875,0.898699,0.893152,0.904246,0.006008,0.012544,0.023499,0.017766,0.000000
siggraph_sigchi,nopen,2125,9390.769,0.152904,0.827217,0.856970,0.797465,23,0.00070563,2,0.088626,0.038479,0.138773,0.912999,0.958554,0.867444,0.899039,0.889945,0.908132,0.007885,0.010803,0.025614,0.015846,0.000000
siggraph_sigchi,nopen,2150,9581.394,0.158336,0.814856,0.856433,0.773279,23,0.00035553,2,0.101204,0.036990,0.165418,0.902464,0.960015,0.844913,0.894653,0.888113,0.901193,0.007365,0.012148,0.025437,0.017502,0.000000
siggraph_sigchi,nopen,2175,9610.513,0.159440,0.815826,0.859449,0.772204,23,0.00023217,1,0.095937,0.035616,0.156259,0.906291,0.961524,0.851058,0.891463,0.890060,0.892867,0.007368,0.012278,0.025107,0.018162,0.000000
siggraph_sigchi,nopen,2200,9801.352,0.159333,0.811921,0.864279,0.759563,23,0.00041777,1,0.102191,0.036189,0.168193,0.900906,0.961160,0.840652,0.891436,0.895557,0.887316,0.007064,0.012907,0.023885,0.019143,0.000000
siggraph_sigchi,nopen,2225,9830.452,0.157536,0.814837,0.866195,0.763480,23,0.00029024,0,0.096909,0.035616,0.158201,0.905028,0.961812,0.848243,0.890654,0.897045,0.884263,0.007223,0.012288,0.023861,0.018828,0.000000
siggraph_sigchi,nopen,2250,10022.634,0.159811,0.813858,0.862225,0.765491,23,0.00039341,2,0.100559,0.036532,0.164585,0.902441,0.960729,0.844152,0.892602,0.893724,0.891479,0.007306,0.012794,0.024318,0.018810,0.000000
siggraph_sigchi,nopen,2275,10052.377,0.152566,0.820190,0.861772,0.778609,23,0.00044654,1,0.092607,0.035616,0.149598,0.909213,0.961624,0.856801,0.893776,0.892464,0.895087,0.006709,0.011529,0.024186,0.017446,0.000000
siggraph_sigchi,nopen,2300,10241.971,0.149210,0.822986,0.860607,0.785365,23,0.00043166,0,0.084206,0.034356,0.134055,0.916008,0.962839,0.869177,0.890410,0.890174,0.890647,0.006871,0.010188,0.024692,0.016415,0.000000
siggraph_sigchi,penalty,1,1.392,1.012011,0.150333,0.126963,0.173704,20,0.00016185,0,0.466056,0.203275,0.728837,0.360439,0.429077,0.291802,0.226538,0.152771,0.300305,0.042887,0.056541,0.185008,0.102577,0.010000
siggraph_sigchi,penalty,25,26.610,0.779154,0.204872,0.156126,0.253619,20,0.00001391,1,0.229354,0.097343,0.361366,0.563145,0.637681,0.488610,0.258296,0.171324,0.345268,0.020354,0.027551,0.163319,0.072443,0.010000
siggraph_sigchi,penalty,50,184.426,0.696059,0.255371,0.200894,0.309847,23,0.00011704,1,0.172043,0.075699,0.268387,0.667395,0.740581,0.594209,0.304554,0.216102,0.393006,0.015702,0.020397,0.151573,0.062370,0.010000
siggraph_sigchi,penalty,75,212.646,0.604637,0.346508,0.279067,0.413949,23,0.00001488,1,0.145690,0.065735,0.225645,0.755573,0.818985,0.692162,0.402383,0.297412,0.507355,0.013492,0.017091,0.135317,0.050934,0.010000
siggraph_sigchi,penalty,100,392.286,0.510336,0.443071,0.390122,0.496020,25,0.00008895,0,0.136526,0.052680,0.220372,0.809708,0.886307,0.733109,0.508001,0.410673,0.605329,0.010872,0.016711,0.112978,0.043322,0.010000
siggraph_sigchi,penalty,125,423.211,0.453259,0.493988,0.461673,0.526303,25,0.00001392,2,0.117926,0.048786,0.187066,0.839019,0.908466,0.769573,0.554477,0.484196,0.624757,0.010136,0.014247,0.099316,0.039576,0.010000
siggraph_sigchi,penalty,150,588.830,0.407783,0.537795,0.527887,0.547703,24,0.00017206,1,0.112684,0.047183,0.178185,0.852489,0.921359,0.783620,0.599045,0.552794,0.645296,0.009708,0.013526,0.086767,0.037504,0.010000
siggraph_sigchi,penalty,175,618.033,0.363574,0.574519,0.586988,0.562051,24,0.00011859,0,0.100254,0.042029,0.158479,0.869978,0.935704,0.804251,0.631391,0.611658,0.651124,0.008377,0.012077,0.075254,0.035682,0.010000
siggraph_sigchi,penalty,200,817.472,0.335010,0.602598,0.632777,0.572419,24,0.00019198,2,0.098779,0.036303,0.161255,0.876157,0.947543,0.804772,0.660236,0.655749,0.664724,0.007556,0.012244,0.066794,0.034931,0.010000
siggraph_sigchi,penalty,225,847.595,0.306566,0.625488,0.672055,0.578922,24,0.00008557,1,0.088646,0.034356,0.142936,0.887628,0.952904,0.822353,0.678408,0.695144,0.661671,0.007136,0.010751,0.059467,0.033758,0.010000
siggraph_sigchi,penalty,250,1038.675,0.288009,0.638014,0.696194,0.579834,23,0.00004862,3,0.082959,0.029088,0.136830,0.894543,0.960983,0.828103,0.687809,0.716445,0.659173,0.005666,0.010276,0.054497,0.033524,0.010000
siggraph_sigchi,penalty,275,1067.765,0.268233,0.658707,0.718196,0.599218,23,0.00002459,2,0.078282,0.020843,0.135720,0.903044,0.972357,0.833730,0.706855,0.733165,0.680544,0.004220,0.010309,0.050292,0.031849,0.010000
siggraph_sigchi,penalty,300,1256.485,0.254068,0.674552,0.738170,0.610935,23,0.00003248,1,0.079204,0.021301,0.137108,0.903845,0.972522,0.835169,0.724296,0.753894,0.694699,0.003999,0.010440,0.046514,0.030948,0.010000
siggraph_sigchi,penalty,325,1285.077,0.248476,0.684236,0.755289,0.613183,23,0.00004898,1,0.088390,0.023019,0.153761,0.896267,0.971071,0.821463,0.740071,0.772675,0.707466,0.004465,0.011673,0.043631,0.031113,0.010000
siggraph_sigchi,penalty,350,1467.402,0.240521,0.700002,0.774618,0.625386,23,0.00004921,1,0.097275,0.026913,0.167638,0.890283,0.967275,0.813292,0.762845,0.795465,0.730225,0.005286,0.012990,0.040243,0.030781,0.010000
siggraph_sigchi,penalty,375,1496.088,0.235769,0.708844,0.788936,0.628752,23,0.00004584,2,0.107189,0.030921,0.183458,0.882795,0.963375,0.802214,0.778716,0.813330,0.744102,0.006174,0.014052,0.037780,0.030686,0.010000
siggraph_sigchi,penalty,400,1683.777,0.234315,0.715159,0.795641,0.634678,23,0.00011126,0,0.116190,0.035044,0.197336,0.876518,0.959184,0.793853,0.791722,0.823523,0.759922,0.006806,0.015171,0.036467,0.030624,0.010000
siggraph_sigchi,penalty,425,1712.458,0.233959,0.719772,0.806720,0.632825,23,0.00009420,1,0.126007,0.032753,0.219262,0.870443,0.962174,0.778711,0.802361,0.833142,0.771579,0.006697,0.016957,0.034671,0.031467,0.010000
siggraph_sigchi,penalty,450,1900.687,0.227372,0.726052,0.816195,0.635908,23,0.00006865,1,0.125281,0.032410,0.218152,0.871613,0.962963,0.780263,0.808640,0.842648,0.774632,0.006590,0.016900,0.032934,0.031095,0.010000
siggraph_sigchi,penalty,475,1929.253,0.227213,0.727633,0.819621,0.635645,23,0.00012595,1,0.131470,0.034242,0.228698,0.867338,0.961174,0.773502,0.814351,0.847687,0.781016,0.006946,0.017502,0.032294,0.031190,0.010000
siggraph_sigchi,penalty,500,2112.512,0.231154,0.726483,0.820245,0.632722,23,0.00006795,2,0.139908,0.039739,0.240078,0.860594,0.955479,0.765710,0.818732,0.852840,0.784624,0.008008,0.018291,0.032174,0.031712,0.010000
siggraph_sigchi,penalty,525,2141.393,0.230614,0.724042,0.836875,0.611209,23,0.00006055,1,0.146328,0.034814,0.257841,0.855102,0.961353,0.748851,0.817407,0.866010,0.768804,0.006994,0.019871,0.029071,0.034354,0.010000
siggraph_sigchi,penalty,550,2323.798,0.223184,0.729146,0.846728,0.611565,22,0.00006883,1,0.143211,0.028859,0.257563,0.858528,0.967935,0.749121,0.820122,0.871164,0.769081,0.005854,0.019905,0.027266,0.034233,0.010000
siggraph_sigchi,penalty,575,2352.224,0.221624,0.731583,0.851457,0.611710,22,0.00006096,1,0.145449,0.030005,0.260894,0.857082,0.966919,0.747244,0.824153,0.877004,0.771302,0.005882,0.020203,0.026312,0.034506,0.010000
siggraph_sigchi,penalty,600,2534.003,0.220159,0.734503,0.853013,0.615993,22,0.00008195,1,0.146698,0.030005,0.263392,0.857057,0.966978,0.747136,0.828424,0.878607,0.778240,0.005919,0.020443,0.026037,0.034149,0.010000
siggraph_sigchi,penalty,625,2561.737,0.217246,0.738598,0.856333,0.620863,22,0.00010285,1,0.148167,0.029890,0.266445,0.857061,0.967219,0.746902,0.834109,0.881929,0.786289,0.005956,0.020548,0.025413,0.033726,0.010000
siggraph_sigchi,penalty,650,2745.759,0.217542,0.737410,0.855636,0.619183,22,0.00010338,1,0.147883,0.031264,0.264502,0.856632,0.965781,0.747483,0.832673,0.882387,0.782959,0.006166,0.020321,0.025560,0.033687,0.010000
siggraph_sigchi,penalty,675,2773.359,0.215654,0.740443,0.856078,0.624808,22,0.00006670,2,0.145832,0.029661,0.262004,0.859020,0.967446,0.750594,0.834990,0.881470,0.788510,0.005760,0.020367,0.025341,0.033464,0.010000
siggraph_sigchi,penalty,700,2951.890,0.220348,0.734301,0.857381,0.611220,21,0.00004421,2,0.150436,0.029432,0.271440,0.854431,0.967730,0.741133,0.829873,0.882616,0.777130,0.005797,0.021040,0.025129,0.034891,0.010000
siggraph_sigchi,penalty,725,2979.432,0.217982,0.735355,0.863342,0.607369,21,0.00006612,1,0.149837,0.026569,0.273106,0.854943,0.970894,0.738992,0.829762,0.886280,0.773245,0.005410,0.021145,0.024145,0.035222,0.010000
siggraph_sigchi,penalty,750,3151.575,0.217586,0.735751,0.861950,0.609553,21,0.00004340,2,0.147275,0.027829,0.266722,0.856400,0.969545,0.743254,0.829036,0.885937,0.772134,0.005475,0.020776,0.024385,0.035008,0.010000
siggraph_sigchi,penalty,775,3178.743,0.215000,0.735396,0.858147,0.612645,21,0.00004908,1,0.136425,0.026111,0.246739,0.863519,0.971201,0.755836,0.822181,0.880554,0.763808,0.005255,0.019344,0.025125,0.034230,0.010000
siggraph_sigchi,penalty,800,3353.687,0.214594,0.735673,0.865132,0.606214,21,0.00005464,1,0.144755,0.030005,0.259506,0.856881,0.967425,0.746337,0.827310,0.891090,0.763530,0.005693,0.020205,0.023484,0.035086,0.010000
siggraph_sigchi,penalty,825,3380.909,0.218707,0.729106,0.862725,0.595486,21,0.00004144,1,0.141431,0.028630,0.254233,0.857398,0.968746,0.746049,0.817152,0.887426,0.746878,0.005659,0.019816,0.024237,0.035919,0.010000
siggraph_sigchi,penalty,850,3554.847,0.222935,0.722222,0.846771,0.597673,21,0.00021771,1,0.133634,0.026913,0.240355,0.862570,0.969980,0.755160,0.805443,0.869560,0.741327,0.005507,0.018405,0.027318,0.034986,0.010000
siggraph_sigchi,penalty,875,3581.651,0.228228,0.718330,0.825990,0.610670,21,0.00010584,2,0.125955,0.029317,0.222592,0.868499,0.966667,0.770332,0.798403,0.850206,0.746600,0.006055,0.017062,0.031171,0.033322,0.010000
siggraph_sigchi,penalty,900,3753.882,0.233155,0.715251,0.815152,0.615350,21,0.00013568,2,0.124814,0.030921,0.218707,0.869362,0.964511,0.774212,0.795144,0.840357,0.749931,0.006319,0.016857,0.033169,0.032930,0.010000
siggraph_sigchi,penalty,925,3779.849,0.236743,0.710501,0.807598,0.613403,21,0.00004257,1,0.124259,0.030921,0.217596,0.869290,0.964191,0.774388,0.789724,0.832570,0.746878,0.006228,0.016757,0.034346,0.033066,0.010000
siggraph_sigchi,penalty,950,3947.483,0.243251,0.708315,0.811625,0.605004,21,0.00010861,2,0.136380,0.030463,0.242298,0.860535,0.964857,0.756213,0.793972,0.836349,0.751596,0.006413,0.018754,0.033905,0.034570,0.010000
siggraph_sigchi,penalty,975,3973.589,0.247952,0.706512,0.817326,0.595698,21,0.00012525,2,0.149143,0.033784,0.264502,0.850834,0.961553,0.740115,0.799100,0.844938,0.753261,0.007017,0.020492,0.032795,0.036072,0.010000
siggraph_sigchi,penalty,1000,4143.123,0.244886,0.708468,0.816715,0.600222,21,0.00011194,2,0.142459,0.035960,0.248959,0.854963,0.959231,0.750695,0.797868,0.846083,0.749653,0.007517,0.019242,0.033010,0.035212,0.010000
siggraph_sigchi,penalty,1025,4169.139,0.242332,0.713123,0.815856,0.610390,21,0.00009100,2,0.139058,0.038594,0.239523,0.857990,0.956437,0.759543,0.801967,0.847343,0.756592,0.008024,0.018612,0.033301,0.034137,0.010000
siggraph_sigchi,penalty,1050,4339.672,0.231948,0.723389,0.821835,0.624943,21,0.00005267,0,0.129604,0.037448,0.221760,0.866428,0.957926,0.774930,0.808071,0.852611,0.763530,0.007946,0.017265,0.032375,0.032323,0.010000
siggraph_sigchi,penalty,1075,4365.639,0.225451,0.730979,0.820963,0.640996,21,0.00014423,0,0.118722,0.044549,0.192895,0.874583,0.950616,0.798551,0.811088,0.857536,0.764641,0.009397,0.015005,0.032729,0.030187,0.010000
siggraph_sigchi,penalty,1100,4533.670,0.228029,0.729198,0.816727,0.641669,21,0.00015279,0,0.117970,0.051649,0.184291,0.874049,0.943278,0.804821,0.809416,0.858910,0.759922,0.010907,0.014224,0.033647,0.029761,0.010000
siggraph_sigchi,prune,1,2.257,1.012011,0.150333,0.126963,0.173704,20,0.00016185,0,0.466056,0.203275,0.728837,0.360439,0.429077,0.291802,0.226538,0.152771,0.300305,0.042887,0.056541,0.185008,0.102577,0.000100
siggraph_sigchi,prune,25,43.047,0.779154,0.204872,0.156126,0.253619,20,0.00001391,1,0.229354,0.097343,0.361366,0.563145,0.637681,0.488610,0.258296,0.171324,0.345268,0.020354,0.027551,0.163319,0.072443,0.000100
siggraph_sigchi,prune,50,298.834,0.695952,0.255586,0.201107,0.310066,23,0.00011704,1,0.172043,0.075699,0.268387,0.667582,0.740784,0.594379,0.304807,0.216331,0.393283,0.015702,0.020397,0.151536,0.062371,0.000100
siggraph_sigchi,prune,75,344.866,0.605963,0.346050,0.276566,0.415534,23,0.00001488,1,0.145748,0.065850,0.225645,0.755189,0.817402,0.692976,0.402038,0.294778,0.509298,0.013521,0.017094,0.135870,0.050806,0.000100
siggraph_sigchi,prune,100,640.461,0.511852,0.443407,0.388176,0.498638,25,0.00008895,0,0.138070,0.053825,0.222315,0.808227,0.883721,0.732733,0.509281,0.409070,0.609492,0.011148,0.016818,0.113513,0.043101,0.000100
siggraph_sigchi,prune,125,690.729,0.458737,0.486222,0.462393,0.510051,25,0.00000961,2,0.119726,0.052107,0.187344,0.833496,0.903253,0.763738,0.546046,0.486486,0.605606,0.010691,0.014261,0.099420,0.041013,0.000100
siggraph_sigchi,prune,150,964.397,0.413787,0.528267,0.515125,0.541409,24,0.00010470,2,0.105571,0.044892,0.166250,0.857298,0.923016,0.791580,0.584834,0.538250,0.631418,0.009411,0.012541,0.089244,0.037685,0.000100
siggraph_sigchi,prune,175,1012.511,0.368292,0.573435,0.568920,0.577950,24,0.00010057,0,0.093227,0.043518,0.142936,0.876905,0.931704,0.822107,0.627120,0.593678,0.660561,0.008912,0.010876,0.078961,0.033885,0.000100
siggraph_sigchi,prune,200,1338.560,0.331424,0.611030,0.632761,0.589299,27,0.00009172,1,0.095926,0.040311,0.151540,0.879874,0.942295,0.817452,0.668435,0.658268,0.678601,0.008400,0.011621,0.067151,0.033293,0.000100
siggraph_sigchi,prune,225,1394.966,0.308827,0.629830,0.670787,0.588873,27,0.00014985,2,0.095025,0.037678,0.152373,0.882642,0.948650,0.816633,0.687331,0.696060,0.678601,0.007821,0.011559,0.059920,0.033297,0.000100
siggraph_sigchi,prune,250,1743.377,0.290469,0.645304,0.706388,0.584221,26,0.00027374,1,0.093338,0.039853,0.146822,0.884394,0.948536,0.820251,0.702268,0.734540,0.669997,0.008225,0.011181,0.053481,0.033574,0.000100
siggraph_sigchi,prune,275,1798.325,0.272093,0.660962,0.733774,0.588150,26,0.00029013,1,0.091109,0.039281,0.142936,0.887833,0.951014,0.824651,0.717407,0.762597,0.672218,0.008030,0.010715,0.048282,0.032976,0.000100
siggraph_sigchi,prune,300,2148.287,0.259862,0.672614,0.753773,0.591455,28,0.00031059,1,0.094162,0.032066,0.156259,0.887210,0.960413,0.814007,0.730909,0.777943,0.683875,0.006665,0.011613,0.044523,0.032887,0.000100
siggraph_sigchi,prune,325,2207.164,0.255362,0.680878,0.755127,0.606628,28,0.00020514,0,0.094400,0.033097,0.155704,0.888786,0.959302,0.818270,0.740601,0.780119,0.701082,0.006761,0.011658,0.044223,0.031641,0.000100
siggraph_sigchi,prune,350,2580.158,0.242965,0.697184,0.773359,0.621010,27,0.00017098,2,0.097973,0.030806,0.165140,0.888486,0.962794,0.814179,0.760373,0.797183,0.723564,0.006282,0.012433,0.040835,0.030757,0.000100
siggraph_sigchi,prune,375,2637.761,0.231221,0.705782,0.793031,0.618534,27,0.00019938,0,0.093832,0.028630,0.159034,0.892267,0.966092,0.818441,0.766319,0.815735,0.716903,0.005719,0.012278,0.036994,0.031035,0.000100
siggraph_sigchi,prune,400,3004.297,0.222647,0.718928,0.808797,0.629059,27,0.00018144,0,0.099685,0.028401,0.170969,0.889301,0.966982,0.811621,0.784188,0.831768,0.736608,0.005847,0.013119,0.034240,0.030450,0.000100
siggraph_sigchi,prune,425,3061.469,0.226840,0.718810,0.819011,0.618609,27,0.00009639,1,0.117613,0.030119,0.205107,0.874882,0.965531,0.784234,0.794584,0.843678,0.745490,0.006159,0.015816,0.032267,0.032337,0.000100
siggraph_sigchi,prune,450,3430.759,0.225579,0.725059,0.823080,0.627037,27,0.00009565,0,0.122157,0.035044,0.209270,0.872098,0.960491,0.783706,0.805090,0.851924,0.758257,0.007201,0.016176,0.031748,0.031735,0.000100
siggraph_sigchi,prune,475,3486.409,0.226988,0.729262,0.825833,0.632690,27,0.00020416,0,0.131738,0.040884,0.222592,0.865568,0.954597,0.776539,0.816559,0.859597,0.773522,0.008428,0.017071,0.031426,0.031440,0.000100
siggraph_sigchi,prune,500,3850.035,0.223224,0.734358,0.821589,0.647127,27,0.00017119,0,0.123808,0.045007,0.202609,0.871813,0.950190,0.793435,0.818403,0.858566,0.778240,0.009313,0.015520,0.032283,0.029669,0.000100
siggraph_sigchi,prune,525,3907.189,0.224434,0.735921,0.825225,0.646618,27,0.00016783,1,0.133996,0.045121,0.222870,0.865202,0.950284,0.780120,0.826595,0.862460,0.790730,0.009240,0.016950,0.031609,0.030067,0.000100
siggraph_sigchi,prune,550,4272.203,0.220134,0.739321,0.840268,0.638375,27,0.00012491,0,0.136353,0.043175,0.229531,0.863396,0.953057,0.773735,0.830724,0.876546,0.784901,0.009031,0.017707,0.028820,0.031161,0.000100
siggraph_sigchi,prune,575,4329.071,0.217515,0.739451,0.843812,0.635089,27,0.00022544,0,0.134751,0.041915,0.227588,0.864269,0.954495,0.774042,0.829404,0.879180,0.779628,0.008616,0.017501,0.028108,0.031287,0.000100
siggraph_sigchi,prune,600,4696.589,0.212575,0.736946,0.861847,0.612044,27,0.00022493,0,0.136334,0.032868,0.239800,0.862129,0.964392,0.759867,0.824493,0.890174,0.758812,0.006602,0.018566,0.024414,0.033808,0.000100
siggraph_sigchi,prune,625,4752.133,0.217741,0.734260,0.867772,0.600747,27,0.00021555,0,0.149480,0.035845,0.263114,0.852091,0.961652,0.742531,0.828845,0.898878,0.758812,0.006933,0.020356,0.023274,0.035611,0.000100
siggraph_sigchi,prune,650,5109.757,0.216954,0.734640,0.878681,0.590600,27,0.00017643,0,0.151017,0.038365,0.263669,0.849294,0.959648,0.738939,0.829357,0.912391,0.746323,0.007810,0.020502,0.021564,0.036556,0.000100
siggraph_sigchi,prune,675,5165.317,0.222065,0.732387,0.883940,0.580833,27,0.00013991,0,0.164925,0.043976,0.285873,0.838853,0.954513,0.723193,0.834845,0.922813,0.746878,0.008725,0.022136,0.020473,0.038086,0.000100
siggraph_sigchi,prune,700,5526.789,0.229618,0.729234,0.885764,0.572704,27,0.00019369,1,0.176094,0.046610,0.305579,0.831005,0.952129,0.709881,0.837380,0.927050,0.747710,0.009600,0.023681,0.020451,0.039403,0.000100
siggraph_sigchi,prune,725,5582.439,0.231795,0.725161,0.879560,0.570762,27,0.00008896,0,0.175110,0.042144,0.308077,0.831969,0.956044,0.707895,0.831614,0.916628,0.746600,0.008644,0.023787,0.021489,0.039540,0.000100
siggraph_sigchi,prune,750,5944.855,0.231186,0.719720,0.886797,0.552643,27,0.00008611,0,0.173347,0.033898,0.312795,0.831545,0.964346,0.698744,0.821182,0.916858,0.725507,0.006805,0.024204,0.020027,0.041511,0.000100
siggraph_sigchi,prune,775,6000.902,0.234309,0.717084,0.881099,0.553069,27,0.00008091,0,0.172196,0.042144,0.302248,0.830257,0.956117,0.704397,0.819232,0.918232,0.720233,0.008357,0.023437,0.020966,0.041221,0.000100
siggraph_sigchi,prune,800,6364.880,0.233695,0.721960,0.885203,0.558717,27,0.00001371,0,0.173502,0.049473,0.297530,0.829225,0.949438,0.709012,0.826974,0.928997,0.724951,0.010238,0.023101,0.020657,0.040569,0.000100
siggraph_sigchi,prune,825,6421.410,0.230635,0.725953,0.886849,0.565057,27,0.00002920,0,0.171342,0.060696,0.281987,0.829594,0.939387,0.719801,0.832537,0.940678,0.724396,0.012523,0.021787,0.020362,0.039355,0.000100
siggraph_sigchi,prune,850,6794.626,0.216945,0.739911,0.880639,0.599184,28,0.00031455,1,0.146542,0.068827,0.224258,0.848862,0.931859,0.765865,0.837403,0.941251,0.733555,0.014212,0.017601,0.021535,0.034801,0.000100
siggraph_sigchi,prune,875,6852.902,0.204007,0.748475,0.880634,0.616317,28,0.00045243,0,0.130209,0.069743,0.190674,0.862413,0.931070,0.793756,0.837943,0.942052,0.733833,0.014567,0.014274,0.021810,0.031666,0.000100
siggraph_sigchi,prune,900,7233.029,0.190342,0.756821,0.887540,0.626101,28,0.00031602,0,0.115806,0.066193,0.165418,0.874908,0.934623,0.815194,0.837980,0.946290,0.729670,0.013732,0.012131,0.020414,0.030029,0.000100
siggraph_sigchi,prune,925,7292.602,0.196184,0.748213,0.887052,0.609375,28,0.00018942,1,0.110622,0.066651,0.154593,0.877025,0.934193,0.819858,0.824878,0.946175,0.703580,0.013850,0.011981,0.020544,0.031891,0.000100
siggraph_sigchi,prune,950,7663.445,0.198711,0.744114,0.890551,0.597677,30,0.00010426,1,0.117412,0.064132,0.170691,0.870253,0.936616,0.803890,0.823679,0.947664,0.699695,0.013096,0.013211,0.019764,0.033294,0.000100
siggraph_sigchi,prune,975,7726.539,0.181660,0.762348,0.894372,0.630324,30,0.00008911,2,0.099308,0.058177,0.140439,0.889326,0.942088,0.836563,0.832625,0.946404,0.718845,0.012139,0.011027,0.019113,0.029837,0.000100
siggraph_sigchi,prune,1000,8115.004,0.169871,0.780074,0.897700,0.662448,29,0.00005566,1,0.098048,0.055657,0.140439,0.893887,0.944527,0.843247,0.851573,0.947664,0.755482,0.011195,0.011162,0.018111,0.027321,0.000100
siggraph_sigchi,prune,1025,8175.218,0.158040,0.795144,0.899392,0.690896,29,0.00005757,3,0.101687,0.054054,0.149320,0.893888,0.946057,0.841718,0.871034,0.948007,0.794061,0.010663,0.010959,0.017592,0.024263,0.000100
siggraph_sigchi,prune,1050,8559.232,0.144836,0.816933,0.905685,0.728181,29,0.00006820,2,0.091980,0.045465,0.138496,0.905520,0.954183,0.856856,0.887947,0.946862,0.829031,0.009054,0.010918,0.016587,0.021690,0.000100
siggraph_sigchi,prune,1075,8619.831,0.135337,0.820423,0.911327,0.729518,29,0.00006612,4,0.086626,0.038365,0.134888,0.910470,0.961037,0.859902,0.887105,0.946290,0.827921,0.007588,0.009918,0.015444,0.020899,0.000100
siggraph_sigchi,prune,1100,8996.609,0.130682,0.829406,0.913250,0.745562,29,0.00012649,3,0.081016,0.036303,0.125729,0.916387,0.963058,0.869715,0.892852,0.946404,0.839301,0.007211,0.009885,0.015020,0.019963,0.000100
siggraph_sigchi,prune,1125,9055.244,0.136336,0.817281,0.915541,0.719020,29,0.00006823,2,0.095145,0.034585,0.155704,0.903484,0.964773,0.842194,0.889090,0.947206,0.830974,0.006761,0.011312,0.014517,0.021875,0.000100
siggraph_sigchi,prune,1150,9427.555,0.131644,0.825879,0.916833,0.734925,28,0.00016969,3,0.093105,0.035502,0.150708,0.906350,0.963953,0.848747,0.897533,0.949382,0.845684,0.006978,0.010941,0.014369,0.020513,0.000100
siggraph_sigchi,prune,1175,9484.992,0.128784,0.831968,0.917900,0.746036,28,0.00010644,3,0.083548,0.029432,0.137663,0.915116,0.969793,0.860439,0.896826,0.944915,0.848737,0.005874,0.010935,0.014213,0.020286,0.000100
siggraph_sigchi,prune,1200,9858.768,0.129475,0.832612,0.916380,0.748845,27,0.00026249,2,0.086407,0.031264,0.141549,0.912958,0.967977,0.857939,0.899936,0.945030,0.854843,0.006299,0.011005,0.014564,0.019881,0.000100
siggraph_sigchi,prune,1225,9915.841,0.116441,0.847872,0.915823,0.779920,27,0.00010858,4,0.069205,0.029890,0.108521,0.928880,0.969283,0.888477,0.903877,0.943197,0.864557,0.005970,0.008554,0.014550,0.016976,0.000100
siggraph_sigchi,prune,1250,10280.589,0.112262,0.848546,0.916518,0.780573,27,0.00014331,4,0.072291,0.030234,0.114349,0.926393,0.968974,0.883813,0.907029,0.944228,0.869831,0.005923,0.008017,0.014351,0.016066,0.000100
siggraph_sigchi,prune,1275,10336.474,0.114373,0.849157,0.916369,0.781944,27,0.00012851,3,0.076100,0.027027,0.125173,0.923766,0.972084,0.875449,0.910479,0.941136,0.879822,0.005419,0.009066,0.014470,0.016381,0.000100
siggraph_sigchi,prune,1300,10696.367,0.112060,0.853530,0.917585,0.789474,27,0.00009376,1,0.078395,0.028287,0.128504,0.922419,0.970893,0.873945,0.917233,0.943541,0.890924,0.005701,0.009199,0.014246,0.015635,0.000100
siggraph_sigchi,prune,1325,10751.509,0.110903,0.858856,0.918208,0.799503,27,0.00009802,2,0.072419,0.027714,0.117125,0.927767,0.971469,0.884066,0.918400,0.943656,0.893145,0.005646,0.009077,0.014224,0.015359,0.000100
siggraph_sigchi,prune,1350,11112.494,0.115170,0.856781,0.914010,0.799552,27,0.00013451,1,0.073410,0.030806,0.116014,0.926641,0.968338,0.884944,0.917239,0.942167,0.892312,0.006049,0.009449,0.014840,0.015770,0.000100
siggraph_sigchi,prune,1375,11167.530,0.114775,0.853125,0.915194,0.791056,27,0.00010823,3,0.083034,0.030348,0.135720,0.918790,0.968820,0.868760,0.920693,0.942968,0.898418,0.006055,0.009754,0.014691,0.015637,0.000100
siggraph_sigchi,prune,1400,11520.247,0.109605,0.858492,0.917723,0.799260,29,0.00011239,3,0.077728,0.030005,0.125451,0.923420,0.969234,0.877606,0.922393,0.945259,0.899528,0.005987,0.008943,0.014180,0.014863,0.000100
siggraph_sigchi,prune,1425,11580.141,0.105000,0.867623,0.916881,0.818365,29,0.00011700,2,0.063324,0.026454,0.100194,0.936260,0.972659,0.899861,0.920748,0.941136,0.900361,0.005259,0.008098,0.014304,0.013991,0.000100
siggraph_sigchi,prune,1450,11956.172,0.108441,0.862672,0.915869,0.809476,28,0.00010548,3,0.065196,0.029088,0.101304,0.934010,0.970061,0.897959,0.916995,0.942510,0.891479,0.005947,0.008041,0.014578,0.014550,0.000100
siggraph_sigchi,prune,1475,12014.690,0.107298,0.863528,0.918044,0.809011,28,0.00011317,3,0.067225,0.025653,0.108798,0.932655,0.973479,0.891832,0.919312,0.941594,0.897030,0.005111,0.008646,0.014242,0.014619,0.000100
siggraph_sigchi,prune,1500,12379.999,0.109843,0.857472,0.915292,0.799652,28,0.00015308,2,0.072721,0.027485,0.117957,0.927519,0.971604,0.883434,0.917213,0.940449,0.893977,0.005503,0.008513,0.014734,0.014836,0.000100
siggraph_sigchi,prune,1525,12437.716,0.106647,0.861786,0.917056,0.806516,28,0.00015668,4,0.073010,0.030005,0.116014,0.927518,0.969213,0.885824,0.922327,0.944572,0.900083,0.005746,0.008366,0.014179,0.014277,0.000100
siggraph_sigchi,prune,1550,12814.256,0.116998,0.854374,0.906877,0.801871,28,0.00011011,3,0.083419,0.039166,0.127671,0.918188,0.960098,0.876278,0.923321,0.942396,0.904246,0.007718,0.009043,0.016058,0.014535,0.000100
siggraph_sigchi,prune,1575,12872.737,0.105216,0.866861,0.915424,0.818297,28,0.00015655,4,0.060617,0.029088,0.092145,0.938289,0.970047,0.906532,0.917876,0.942052,0.893700,0.005832,0.007363,0.014667,0.013771,0.000100
siggraph_sigchi,prune,1600,13249.097,0.107483,0.865476,0.913598,0.817354,28,0.00014023,3,0.064833,0.032524,0.097141,0.934466,0.966671,0.902262,0.920032,0.943312,0.896753,0.006275,0.007840,0.014725,0.014013,0.000100
siggraph_sigchi,prune,1625,13306.937,0.103881,0.869757,0.913072,0.826442,28,0.00015861,3,0.060147,0.032868,0.087427,0.938832,0.966322,0.911343,0.920889,0.943083,0.898696,0.006380,0.006881,0.014934,0.013026,0.000100
siggraph_sigchi,prune,1650,13677.764,0.106820,0.865628,0.911241,0.820015,27,0.00013241,3,0.061612,0.036074,0.087150,0.937072,0.963197,0.910947,0.917796,0.944114,0.891479,0.007076,0.006747,0.015267,0.013397,0.000100
siggraph_sigchi,prune,1675,13735.301,0.109672,0.865374,0.908277,0.822470,27,0.00010502,1,0.065335,0.036303,0.094366,0.933985,0.962863,0.905107,0.920667,0.941251,0.900083,0.007178,0.007382,0.015866,0.013387,0.000100
siggraph_sigchi,prune,1700,14093.109,0.110430,0.866147,0.909733,0.822560,26,0.00012575,1,0.066356,0.037792,0.094921,0.933084,0.961512,0.904656,0.922376,0.944114,0.900638,0.007668,0.007447,0.015883,0.013340,0.000100
siggraph_sigchi,prune,1725,14148.572,0.113899,0.857530,0.910629,0.804431,26,0.00013767,1,0.062656,0.035387,0.089925,0.935401,0.963826,0.906977,0.909812,0.942854,0.876769,0.007138,0.007412,0.015479,0.015180,0.000100
siggraph_sigchi,prune,1750,14503.584,0.108608,0.863384,0.911482,0.815287,26,0.00011128,2,0.062837,0.036303,0.089370,0.935782,0.962989,0.908575,0.916360,0.944572,0.888149,0.007133,0.006948,0.015265,0.013871,0.000100
siggraph_sigchi,prune,1775,14558.717,0.111060,0.860710,0.911667,0.809752,26,0.00012153,0,0.066557,0.034585,0.098529,0.932455,0.964629,0.900281,0.916367,0.943197,0.889536,0.006746,0.007764,0.015210,0.014527,0.000100
siggraph_sigchi,prune,1800,14910.555,0.105910,0.867013,0.912981,0.821045,26,0.00007417,0,0.058597,0.033097,0.084097,0.939887,0.966100,0.913675,0.916645,0.943197,0.890092,0.006576,0.006785,0.015015,0.013590,0.000100
siggraph_sigchi,prune,1825,14964.839,0.110623,0.856234,0.909252,0.803217,26,0.00006452,0,0.069586,0.034814,0.104357,0.929528,0.964319,0.894737,0.913973,0.940907,0.887039,0.006835,0.007296,0.015547,0.014246,0.000100
siggraph_sigchi,prune,1850,15318.342,0.107947,0.863962,0.911732,0.816191,26,0.00011325,1,0.061478,0.032753,0.090203,0.937171,0.966385,0.907958,0.915704,0.941594,0.889814,0.006367,0.007235,0.015177,0.013978,0.000100
siggraph_sigchi,prune,1875,15372.995,0.111101,0.858284,0.911948,0.804621,26,0.00017989,1,0.068284,0.031379,0.105190,0.930969,0.967715,0.894223,0.914911,0.940563,0.889259,0.005924,0.008192,0.015018,0.014916,0.000100
siggraph_sigchi,prune,1900,15725.190,0.111090,0.855258,0.909262,0.801253,26,0.00012414,2,0.069910,0.032410,0.107410,0.929324,0.966627,0.892020,0.913024,0.938731,0.887316,0.006220,0.007624,0.015534,0.014544,0.000100
siggraph_sigchi,prune,1925,15780.066,0.113560,0.857944,0.904340,0.811547,26,0.00018160,0,0.072410,0.034356,0.110464,0.927691,0.964573,0.890809,0.918302,0.935410,0.901193,0.006712,0.007963,0.016523,0.013950,0.000100
crane_crab,nopen,1,2.192,0.840068,0.239231,0.292745,0.185717,20,0.00081343,0,0.352688,0.531514,0.173861,0.506943,0.457560,0.556326,0.333174,0.448343,0.218006,0.034668,0.039119,0.066064,0.176875,0.000000
crane_crab,nopen,25,43.710,0.595248,0.370269,0.432316,0.308222,20,0.00003567,1,0.175316,0.276803,0.073828,0.741817,0.666013,0.817620,0.441480,0.551982,0.330977,0.017985,0.016481,0.043959,0.137216,0.000000
crane_crab,nopen,50,311.324,0.475384,0.478694,0.517548,0.439839,23,0.00044189,2,0.147499,0.240416,0.054583,0.811128,0.727541,0.894715,0.552911,0.641975,0.463847,0.015407,0.011905,0.035940,0.108762,0.000000
crane_crab,nopen,75,359.008,0.407797,0.552586,0.587766,0.517406,23,0.00042271,3,0.135523,0.221572,0.049473,0.840338,0.764177,0.916498,0.630501,0.717999,0.543003,0.014304,0.010937,0.030085,0.093129,0.000000
crane_crab,nopen,100,662.167,0.356172,0.606584,0.640785,0.572383,26,0.00044541,3,0.125490,0.209227,0.041753,0.860974,0.787389,0.934560,0.685568,0.774854,0.596281,0.013362,0.009061,0.025692,0.081717,0.000000
crane_crab,nopen,125,716.241,0.334604,0.627983,0.661660,0.594306,26,0.00019277,2,0.114275,0.189734,0.038817,0.873316,0.805786,0.940845,0.702287,0.787199,0.617375,0.012173,0.008601,0.023701,0.077402,0.000000
crane_crab,nopen,150,1032.866,0.323229,0.640520,0.676325,0.604715,26,0.00008034,1,0.107613,0.177388,0.037838,0.880478,0.817818,0.943137,0.711946,0.796296,0.627596,0.011404,0.008356,0.022477,0.075367,0.000000
crane_crab,nopen,175,1086.221,0.312396,0.654178,0.687842,0.620513,26,0.00022941,0,0.112705,0.186485,0.038926,0.878528,0.813999,0.943057,0.730391,0.816114,0.644667,0.012111,0.008383,0.021887,0.071945,0.000000
crane_crab,nopen,200,1400.368,0.303604,0.664982,0.692495,0.637469,23,0.00025871,0,0.120554,0.203379,0.037730,0.874933,0.803823,0.946043,0.747427,0.833333,0.661520,0.013141,0.008140,0.021759,0.068741,0.000000
crane_crab,nopen,225,1448.022,0.297289,0.670489,0.691308,0.649670,23,0.00012593,0,0.119148,0.199805,0.038491,0.875950,0.805871,0.946028,0.752056,0.829435,0.674677,0.012913,0.008552,0.021795,0.066539,0.000000
crane_crab,nopen,250,1763.727,0.275368,0.694546,0.726661,0.662432,26,0.00010330,1,0.097212,0.158869,0.035555,0.896004,0.841285,0.950723,0.764045,0.842105,0.685985,0.010358,0.007897,0.018618,0.064020,0.000000
crane_crab,nopen,275,1819.544,0.261161,0.707023,0.729481,0.684565,26,0.00003819,0,0.098235,0.163743,0.032728,0.897030,0.838306,0.955755,0.777949,0.848928,0.706970,0.010583,0.007314,0.018438,0.059658,0.000000
crane_crab,nopen,300,2151.704,0.246275,0.719306,0.734936,0.703676,27,0.00009676,1,0.090329,0.148473,0.032184,0.903989,0.850409,0.957569,0.785189,0.844055,0.726324,0.009648,0.007185,0.017824,0.055829,0.000000
crane_crab,nopen,325,2210.476,0.238081,0.728176,0.736469,0.719882,27,0.00005480,2,0.090876,0.146524,0.035229,0.903497,0.852131,0.954862,0.794811,0.844379,0.745243,0.009626,0.007696,0.017833,0.052854,0.000000
crane_crab,nopen,350,2563.294,0.228037,0.735299,0.734088,0.736511,25,0.00005776,2,0.092123,0.148473,0.035773,0.902735,0.850262,0.955208,0.802969,0.843080,0.762857,0.009556,0.007896,0.017798,0.049475,0.000000
crane_crab,nopen,375,2617.178,0.218651,0.746121,0.739858,0.752383,25,0.00003251,0,0.091640,0.145224,0.038056,0.903610,0.853682,0.953538,0.814159,0.847303,0.781016,0.009404,0.008330,0.017447,0.046562,0.000000
crane_crab,nopen,400,2966.990,0.209399,0.753442,0.739254,0.767629,28,0.00001557,0,0.090289,0.141326,0.039252,0.904818,0.856530,0.953105,0.820745,0.843730,0.797760,0.009096,0.008584,0.017341,0.043615,0.000000
crane_crab,nopen,425,3027.513,0.201010,0.759356,0.742398,0.776313,28,0.00001854,1,0.085903,0.132554,0.039252,0.908712,0.863818,0.953605,0.823795,0.840806,0.806785,0.008489,0.008298,0.016991,0.041614,0.000000
crane_crab,nopen,450,3407.505,0.195446,0.763714,0.741563,0.785864,30,0.00000589,0,0.080859,0.126381,0.035338,0.913479,0.868581,0.958376,0.824459,0.835283,0.813635,0.008127,0.008031,0.016929,0.040139,0.000000
crane_crab,nopen,475,3472.698,0.195765,0.764933,0.743177,0.786689,30,0.00000852,0,0.083351,0.130929,0.035773,0.911581,0.865217,0.957945,0.827656,0.840481,0.814831,0.008490,0.007998,0.017033,0.039976,0.000000
crane_crab,nopen,500,3881.664,0.195167,0.765705,0.747688,0.783721,30,0.00005971,1,0.080374,0.124107,0.036642,0.914091,0.871337,0.956845,0.826460,0.840481,0.812439,0.007982,0.008089,0.016563,0.040443,0.000000
crane_crab,nopen,525,3946.767,0.189231,0.769400,0.745109,0.793691,30,0.00000563,2,0.081669,0.129305,0.034033,0.913492,0.866801,0.960183,0.831079,0.841455,0.820702,0.008239,0.007564,0.016696,0.038479,0.000000
crane_crab,nopen,550,4348.490,0.188434,0.770535,0.746828,0.794241,29,0.00001463,0,0.080695,0.126706,0.034685,0.914315,0.869128,0.959502,0.831623,0.841455,0.821790,0.008082,0.007692,0.016548,0.038373,0.000000
crane_crab,nopen,575,4410.205,0.191234,0.767071,0.744005,0.790138,29,0.00000094,2,0.079287,0.124431,0.034142,0.915207,0.870521,0.959893,0.826848,0.836582,0.817114,0.008021,0.007642,0.016756,0.039156,0.000000
crane_crab,nopen,600,4802.729,0.186773,0.769094,0.739868,0.798319,28,0.00000732,1,0.082700,0.130279,0.035120,0.912221,0.865210,0.959233,0.831307,0.836257,0.826356,0.008371,0.007359,0.017177,0.037215,0.000000
crane_crab,nopen,625,4863.531,0.185039,0.771331,0.745930,0.796732,28,0.00000171,1,0.074462,0.117609,0.031315,0.919827,0.876366,0.963289,0.827670,0.833658,0.821681,0.007633,0.006923,0.016598,0.037803,0.000000
crane_crab,nopen,650,5255.200,0.184962,0.772088,0.745439,0.798738,28,0.00000393,2,0.077661,0.121832,0.033489,0.916925,0.872838,0.961013,0.830872,0.836257,0.825487,0.007859,0.007356,0.016671,0.037375,0.000000
crane_crab,nopen,675,5316.315,0.186226,0.772441,0.744945,0.799937,28,0.00000835,3,0.078960,0.124756,0.033163,0.915912,0.870402,0.961422,0.832173,0.837882,0.826465,0.008043,0.007563,0.016833,0.037437,0.000000
crane_crab,nopen,700,5707.750,0.185789,0.772079,0.743169,0.800989,28,0.00001329,1,0.081396,0.129630,0.033163,0.913856,0.866242,0.961470,0.833529,0.839506,0.827552,0.008297,0.007493,0.016898,0.037134,0.000000
crane_crab,nopen,725,5768.764,0.185040,0.773401,0.746191,0.800611,28,0.00000803,2,0.081558,0.130279,0.032837,0.914003,0.866200,0.961806,0.835152,0.843405,0.826900,0.008416,0.007229,0.016776,0.037079,0.000000
crane_crab,nopen,750,6153.229,0.185312,0.774840,0.747914,0.801766,27,0.00010192,1,0.081724,0.128980,0.034468,0.913795,0.867490,0.960101,0.836890,0.844379,0.829401,0.008419,0.007710,0.016754,0.036928,0.000000
crane_crab,nopen,775,6212.347,0.186623,0.769710,0.737504,0.801917,27,0.00011598,1,0.084969,0.137427,0.032511,0.910727,0.859235,0.962219,0.833422,0.838856,0.827987,0.008779,0.007268,0.017353,0.036805,0.000000
crane_crab,nopen,800,6588.736,0.186251,0.770717,0.738883,0.802551,27,0.00005043,1,0.085562,0.139701,0.031423,0.910569,0.857710,0.963427,0.834938,0.842105,0.827770,0.008975,0.007078,0.017276,0.036769,0.000000
crane_crab,nopen,825,6647.108,0.184210,0.772662,0.740189,0.805135,27,0.00003968,0,0.083779,0.134178,0.033380,0.911811,0.862196,0.961427,0.835758,0.839506,0.832010,0.008568,0.007461,0.017157,0.036222,0.000000
crane_crab,nopen,850,7022.394,0.184784,0.773194,0.742898,0.803491,27,0.00004271,1,0.083185,0.132229,0.034142,0.912343,0.864152,0.960533,0.836027,0.841131,0.830923,0.008585,0.007548,0.017076,0.036442,0.000000
crane_crab,nopen,875,7080.468,0.185335,0.771957,0.738197,0.805716,27,0.00005600,1,0.085136,0.135478,0.034794,0.910400,0.860861,0.959940,0.835978,0.838207,0.833750,0.008675,0.007816,0.017319,0.036201,0.000000
crane_crab,nopen,900,7456.072,0.182510,0.773981,0.740476,0.807486,27,0.00004506,2,0.084160,0.134178,0.034142,0.911481,0.862241,0.960721,0.837443,0.839831,0.835055,0.008605,0.007540,0.017110,0.035643,0.000000
crane_crab,nopen,925,7514.361,0.183373,0.773805,0.740666,0.806944,27,0.00003866,2,0.082372,0.131254,0.033489,0.912980,0.864566,0.961394,0.835925,0.837882,0.833968,0.008481,0.007582,0.017161,0.035923,0.000000
crane_crab,nopen,950,7876.160,0.181406,0.776969,0.745622,0.808316,26,0.00003348,1,0.082262,0.131579,0.032946,0.913565,0.865090,0.962040,0.839338,0.843730,0.834946,0.008503,0.007395,0.016843,0.035669,0.000000
crane_crab,nopen,975,7932.611,0.182358,0.776378,0.747553,0.805203,26,0.00005545,1,0.082594,0.128655,0.036534,0.912877,0.867691,0.958063,0.839175,0.843730,0.834620,0.008353,0.007702,0.016688,0.036058,0.000000
crane_crab,nopen,1000,8292.599,0.180061,0.777423,0.747405,0.807441,26,0.00007066,1,0.079173,0.126706,0.031641,0.916310,0.869215,0.963405,0.837547,0.842105,0.832989,0.008274,0.006929,0.016739,0.035664,0.000000
crane_crab,nopen,1025,8349.113,0.178095,0.778400,0.745250,0.811550,26,0.00003740,1,0.079278,0.128655,0.029901,0.916399,0.867337,0.965461,0.838473,0.841131,0.835816,0.008399,0.006683,0.016909,0.034907,0.000000
crane_crab,nopen,1050,8706.052,0.178332,0.777147,0.743597,0.810697,26,0.00005172,1,0.080854,0.128980,0.032728,0.914601,0.866823,0.962380,0.838368,0.839506,0.837230,0.008430,0.006906,0.016915,0.034849,0.000000
crane_crab,nopen,1075,8762.695,0.178468,0.777899,0.745481,0.810318,26,0.00005094,0,0.081445,0.132229,0.030662,0.914573,0.864559,0.964586,0.839609,0.844055,0.835164,0.008527,0.006722,0.016806,0.035046,0.000000
crane_crab,nopen,1100,9113.811,0.177835,0.778708,0.743274,0.814142,25,0.00011204,1,0.082690,0.135153,0.030227,0.913573,0.861932,0.965215,0.841241,0.843730,0.838752,0.008710,0.006770,0.017059,0.034453,0.000000
crane_crab,nopen,1125,9168.203,0.179568,0.775404,0.740561,0.810248,25,0.00012084,2,0.082471,0.135802,0.029140,0.913613,0.860991,0.966234,0.837495,0.841131,0.833859,0.008631,0.006538,0.017103,0.035140,0.000000
crane_crab,nopen,1150,9514.695,0.179291,0.777426,0.743773,0.811078,25,0.00009628,0,0.083669,0.134828,0.032511,0.912447,0.862264,0.962630,0.840751,0.844055,0.837447,0.008652,0.007109,0.016978,0.034882,0.000000
crane_crab,nopen,1175,9568.579,0.180185,0.778041,0.743509,0.812572,25,0.00005022,2,0.085673,0.138726,0.032619,0.910897,0.859215,0.962580,0.842866,0.846654,0.839078,0.008977,0.007295,0.017137,0.034776,0.000000
crane_crab,nopen,1200,9912.005,0.180485,0.777900,0.745855,0.809945,25,0.00004552,2,0.084264,0.136452,0.032076,0.912193,0.861340,0.963046,0.841777,0.847628,0.835925,0.008837,0.007060,0.016915,0.035287,0.000000
crane_crab,nopen,1225,9965.670,0.178231,0.777978,0.742000,0.813956,25,0.00004268,1,0.084317,0.137102,0.031532,0.912011,0.860219,0.963804,0.841676,0.843730,0.839622,0.008803,0.007023,0.017028,0.034459,0.000000
crane_crab,nopen,1250,10311.041,0.181252,0.778169,0.747074,0.809264,28,0.00008636,0,0.086653,0.138077,0.035229,0.909968,0.860289,0.959646,0.844000,0.850227,0.837773,0.008856,0.007730,0.016781,0.035323,0.000000
crane_crab,nopen,1275,10371.453,0.179278,0.778877,0.744080,0.813675,28,0.00008855,1,0.086978,0.138726,0.035229,0.909582,0.859308,0.959856,0.844822,0.847303,0.842340,0.008892,0.007670,0.016944,0.034514,0.000000
crane_crab,nopen,1300,10754.421,0.175335,0.782276,0.746226,0.818325,28,0.00013713,1,0.086539,0.140676,0.032402,0.910618,0.858172,0.963064,0.848021,0.851202,0.844841,0.009090,0.007030,0.016869,0.033484,0.000000
crane_crab,nopen,1325,10814.437,0.177846,0.781303,0.745227,0.817379,28,0.00008650,2,0.087410,0.140026,0.034794,0.909496,0.858503,0.960489,0.847698,0.849578,0.845819,0.009138,0.007763,0.016980,0.033831,0.000000
crane_crab,nopen,1350,11194.174,0.173203,0.786775,0.749644,0.823907,28,0.00005765,1,0.087463,0.140676,0.034250,0.910043,0.858728,0.961359,0.853613,0.855101,0.852126,0.009109,0.007594,0.016701,0.032668,0.000000
crane_crab,nopen,1375,11253.884,0.173836,0.785847,0.750356,0.821338,28,0.00006455,2,0.087353,0.141326,0.033380,0.910256,0.858352,0.962159,0.852578,0.856400,0.848755,0.009135,0.007409,0.016641,0.033017,0.000000
crane_crab,nopen,1400,11641.861,0.169754,0.786733,0.744898,0.828568,28,0.00004875,2,0.090333,0.146199,0.034468,0.907571,0.853801,0.961341,0.855464,0.853801,0.857127,0.009480,0.007107,0.017097,0.031183,0.000000
crane_crab,nopen,1425,11702.665,0.169528,0.787172,0.745221,0.829122,28,0.00005520,2,0.085727,0.138726,0.032728,0.911339,0.859493,0.963185,0.852430,0.848603,0.856257,0.008956,0.007175,0.016927,0.031504,0.000000
crane_crab,nopen,1450,12095.019,0.168030,0.786789,0.743340,0.830238,28,0.00004898,1,0.082366,0.134178,0.030553,0.914110,0.862699,0.965521,0.849343,0.843080,0.855605,0.008668,0.006778,0.017029,0.031247,0.000000
crane_crab,nopen,1475,12155.964,0.166821,0.790404,0.749145,0.831663,28,0.00005162,1,0.085290,0.139701,0.030880,0.912310,0.859385,0.965234,0.855573,0.853801,0.857345,0.008971,0.006938,0.016604,0.031036,0.000000
crane_crab,nopen,1500,12547.110,0.167229,0.790723,0.747587,0.833860,28,0.00007058,1,0.088163,0.144250,0.032076,0.909886,0.855704,0.964068,0.858016,0.855426,0.860607,0.009290,0.007171,0.016874,0.030622,0.000000
crane_crab,nopen,1525,12607.323,0.165849,0.792370,0.752583,0.832156,28,0.00007271,2,0.081609,0.131904,0.031315,0.915357,0.865918,0.964796,0.855033,0.851852,0.858215,0.008648,0.006951,0.016487,0.030980,0.000000
crane_crab,nopen,1550,12996.865,0.166642,0.790435,0.747432,0.833439,28,0.00004669,1,0.085565,0.138402,0.032728,0.911734,0.860099,0.963369,0.855796,0.850877,0.860715,0.008836,0.007310,0.016739,0.030724,0.000000
crane_crab,nopen,1575,13057.364,0.166287,0.791606,0.752867,0.830346,28,0.00005734,1,0.082205,0.133203,0.031206,0.914895,0.864954,0.964837,0.854704,0.853151,0.856257,0.008684,0.006827,0.016460,0.031200,0.000000
crane_crab,nopen,1600,13445.077,0.167007,0.790634,0.749430,0.831839,28,0.00003930,1,0.085182,0.139701,0.030662,0.912451,0.859431,0.965471,0.855735,0.854126,0.857345,0.009179,0.006747,0.016782,0.030915,0.000000
crane_crab,nopen,1625,13506.354,0.167395,0.791880,0.751498,0.832261,28,0.00003589,1,0.085021,0.138726,0.031315,0.912652,0.860503,0.964801,0.857037,0.855750,0.858323,0.009048,0.007062,0.016592,0.031143,0.000000
crane_crab,nopen,1650,13896.202,0.167133,0.792337,0.753146,0.831528,28,0.00004262,0,0.084863,0.135802,0.033924,0.912517,0.862996,0.962039,0.857581,0.855426,0.859737,0.008864,0.007493,0.016403,0.031120,0.000000
crane_crab,nopen,1675,13956.292,0.163518,0.794718,0.756385,0.833052,28,0.00003393,0,0.080956,0.132229,0.029684,0.916401,0.866250,0.966552,0.857090,0.856400,0.857780,0.008637,0.006625,0.016114,0.030753,0.000000
crane_crab,nopen,1700,14340.333,0.168184,0.792276,0.755581,0.828971,28,0.00004209,2,0.084756,0.135153,0.034359,0.912674,0.863874,0.961473,0.857577,0.857700,0.857454,0.008760,0.007625,0.016206,0.031653,0.000000
crane_crab,nopen,1725,14400.714,0.165870,0.792362,0.752076,0.832648,28,0.00003870,1,0.082962,0.134828,0.031097,0.914311,0.863577,0.965045,0.856009,0.853476,0.858541,0.008802,0.006884,0.016519,0.030919,0.000000
crane_crab,nopen,1750,14788.303,0.165473,0.793494,0.755887,0.831100,28,0.00003205,0,0.080958,0.131254,0.030662,0.916186,0.866930,0.965441,0.855842,0.855101,0.856584,0.008563,0.006893,0.016208,0.031214,0.000000
crane_crab,nopen,1775,14848.769,0.169594,0.789389,0.750999,0.827779,28,0.00003102,2,0.084370,0.137752,0.030988,0.913064,0.861166,0.964962,0.853941,0.854451,0.853430,0.008986,0.006974,0.016635,0.031908,0.000000
crane_crab,nopen,1800,15241.352,0.168008,0.790364,0.755020,0.825707,28,0.00001106,1,0.083130,0.132554,0.033707,0.913900,0.865789,0.962010,0.854320,0.855101,0.853539,0.008565,0.007164,0.016151,0.031984,0.000000
crane_crab,nopen,1825,15302.570,0.165662,0.794141,0.757846,0.830435,28,0.00004287,2,0.080040,0.128330,0.031749,0.916888,0.869508,0.964268,0.855951,0.855101,0.856801,0.008454,0.007111,0.016063,0.031365,0.000000
crane_crab,nopen,1850,15695.062,0.167621,0.792415,0.756168,0.828662,28,0.00003580,1,0.082206,0.132554,0.031858,0.915023,0.865966,0.964080,0.855731,0.856400,0.855061,0.008765,0.007043,0.016339,0.031622,0.000000
crane_crab,nopen,1875,15755.900,0.167046,0.792673,0.755454,0.829893,28,0.00005482,1,0.082098,0.131904,0.032293,0.915017,0.866359,0.963674,0.855897,0.855101,0.856692,0.008671,0.007210,0.016298,0.031430,0.000000
crane_crab,nopen,1900,16147.483,0.165980,0.793992,0.755581,0.832404,28,0.00004623,1,0.084321,0.135153,0.033489,0.913202,0.863874,0.962530,0.858990,0.857700,0.860281,0.008755,0.007499,0.016186,0.031003,0.000000
crane_crab,nopen,1925,16208.098,0.165720,0.794049,0.757323,0.830774,28,0.00006016,0,0.082535,0.131254,0.033815,0.914634,0.867149,0.962119,0.857796,0.856725,0.858867,0.008550,0.007379,0.016083,0.031178,0.000000
crane_crab,nopen,1950,16586.828,0.169581,0.790512,0.753846,0.827179,28,0.00017873,1,0.085452,0.140351,0.030553,0.912524,0.859649,0.965398,0.856051,0.859649,0.852452,0.009185,0.006948,0.016441,0.031978,0.000000
crane_crab,nopen,1975,16645.246,0.172151,0.787077,0.748517,0.825638,28,0.00021799,0,0.090598,0.149773,0.031423,0.908091,0.851768,0.964413,0.856103,0.860624,0.851582,0.009718,0.006845,0.016927,0.032124,0.000000
crane_crab,penalty,1,1.408,0.840068,0.239231,0.292745,0.185717,20,0.00081343,0,0.352688,0.531514,0.173861,0.506943,0.457560,0.556326,0.333174,0.448343,0.218006,0.034668,0.039119,0.066064,0.176875,0.010000
crane_crab,penalty,25,27.249,0.595248,0.370269,0.432316,0.308222,20,0.00003567,1,0.175316,0.276803,0.073828,0.741817,0.666013,0.817620,0.441480,0.551982,0.330977,0.017985,0.016481,0.043959,0.137216,0.010000
crane_crab,penalty,50,193.469,0.475193,0.477478,0.513365,0.441592,23,0.00043444,2,0.147175,0.239766,0.054583,0.810726,0.726363,0.895089,0.551074,0.636452,0.465695,0.015361,0.011916,0.036246,0.108411,0.010000
crane_crab,penalty,75,223.165,0.408353,0.548093,0.572564,0.523622,23,0.00053294,3,0.138122,0.226771,0.049473,0.836676,0.755944,0.917408,0.625966,0.702404,0.549527,0.014604,0.010913,0.031362,0.091872,0.010000
crane_crab,penalty,100,412.119,0.363030,0.594825,0.620773,0.568877,24,0.00032805,3,0.125813,0.210526,0.041100,0.858131,0.781155,0.935107,0.671860,0.751462,0.592258,0.013501,0.009053,0.027194,0.082462,0.010000
crane_crab,penalty,125,443.041,0.343439,0.617500,0.652709,0.582290,24,0.00007541,1,0.114824,0.187135,0.042514,0.870010,0.805471,0.934550,0.690950,0.774854,0.607046,0.011968,0.009046,0.024333,0.079622,0.010000
crane_crab,penalty,150,624.664,0.322067,0.641716,0.684859,0.598573,22,0.00001141,0,0.098567,0.160819,0.036316,0.888220,0.831747,0.944693,0.707654,0.794997,0.620311,0.010325,0.008224,0.021433,0.076645,0.010000
crane_crab,penalty,175,652.878,0.317486,0.648180,0.682653,0.613708,22,0.00009663,0,0.111511,0.185510,0.037512,0.878942,0.813521,0.944364,0.723011,0.809292,0.636729,0.012007,0.008366,0.022129,0.073490,0.010000
crane_crab,penalty,200,826.845,0.310102,0.658468,0.690179,0.626756,21,0.00011169,1,0.117304,0.197531,0.037077,0.876571,0.807107,0.946036,0.738253,0.826511,0.649995,0.012873,0.008200,0.021898,0.070907,0.010000
crane_crab,penalty,225,853.814,0.305438,0.663697,0.683916,0.643478,21,0.00003381,2,0.127919,0.217999,0.037838,0.869480,0.792581,0.946379,0.750417,0.833008,0.667826,0.014181,0.008311,0.022752,0.067808,0.010000
crane_crab,penalty,250,1024.417,0.301183,0.664408,0.672244,0.656571,21,0.00004116,0,0.130355,0.223197,0.037512,0.867160,0.786513,0.947806,0.751744,0.822287,0.681200,0.014594,0.008358,0.023715,0.065193,0.010000
crane_crab,penalty,275,1050.992,0.307590,0.654621,0.660633,0.648609,21,0.00000741,2,0.128131,0.220598,0.035664,0.867390,0.785195,0.949585,0.739054,0.806368,0.671741,0.014346,0.008096,0.024528,0.066780,0.010000
crane_crab,penalty,300,1218.607,0.281190,0.683355,0.709276,0.657434,20,0.00001329,2,0.092557,0.148798,0.036316,0.897489,0.845583,0.949394,0.748062,0.814815,0.681309,0.009611,0.008289,0.019623,0.065154,0.010000
crane_crab,penalty,325,1244.761,0.274317,0.694041,0.716992,0.671090,20,0.00002479,0,0.094894,0.149123,0.040665,0.895860,0.846745,0.944976,0.761146,0.823912,0.698380,0.009672,0.009234,0.019153,0.062827,0.010000
crane_crab,penalty,350,1410.623,0.265027,0.700437,0.719184,0.681690,19,0.00004086,1,0.091964,0.146524,0.037404,0.899440,0.849113,0.949766,0.765874,0.824561,0.707187,0.009557,0.008358,0.018959,0.060417,0.010000
crane_crab,penalty,375,1436.006,0.258023,0.706502,0.725294,0.687710,19,0.00002543,0,0.085519,0.134178,0.036860,0.905305,0.859762,0.950848,0.767835,0.822612,0.713059,0.008649,0.008396,0.018265,0.059215,0.010000
crane_crab,penalty,400,1598.007,0.253209,0.709543,0.723771,0.695315,19,0.00001670,0,0.083841,0.130279,0.037404,0.906663,0.862624,0.950702,0.769693,0.818064,0.721322,0.008470,0.008241,0.018390,0.057653,0.010000
crane_crab,penalty,425,1623.161,0.249016,0.712385,0.718314,0.706457,19,0.00002233,0,0.088170,0.140676,0.035664,0.903495,0.853469,0.953521,0.775507,0.819363,0.731652,0.009168,0.007947,0.019002,0.055441,0.010000
crane_crab,penalty,450,1787.450,0.247594,0.717094,0.723002,0.711185,19,0.00000858,0,0.088128,0.134178,0.042079,0.902826,0.859380,0.946272,0.780562,0.820013,0.741111,0.008690,0.009532,0.018495,0.054923,0.010000
crane_crab,penalty,475,1813.085,0.245562,0.717928,0.719544,0.716312,19,0.00005271,1,0.090620,0.138726,0.042514,0.900670,0.855205,0.946136,0.783064,0.819363,0.746765,0.009073,0.009447,0.018861,0.053721,0.010000
crane_crab,penalty,500,1977.908,0.247480,0.718667,0.722885,0.714449,19,0.00000978,0,0.094360,0.144250,0.044471,0.897631,0.851505,0.943757,0.786691,0.827160,0.746222,0.009335,0.009896,0.018644,0.054231,0.010000
crane_crab,penalty,525,2003.288,0.242220,0.720782,0.724197,0.717366,19,0.00000973,0,0.085956,0.133203,0.038708,0.905486,0.860354,0.950617,0.782899,0.820663,0.745134,0.008675,0.008754,0.018451,0.053572,0.010000
crane_crab,penalty,550,2166.401,0.242554,0.719383,0.722699,0.716067,19,0.00002223,1,0.086928,0.136452,0.037404,0.904796,0.857531,0.952062,0.782082,0.821313,0.742851,0.008775,0.008415,0.018553,0.053697,0.010000
crane_crab,penalty,575,2191.418,0.237481,0.723109,0.724247,0.721972,19,0.00001094,0,0.084490,0.132229,0.036751,0.907169,0.861140,0.953199,0.784259,0.820013,0.748505,0.008585,0.008186,0.018341,0.052431,0.010000
crane_crab,penalty,600,2352.777,0.237313,0.726125,0.723265,0.728986,19,0.00000306,0,0.090504,0.142300,0.038708,0.902218,0.853069,0.951366,0.791695,0.826186,0.757203,0.009292,0.008833,0.018651,0.051391,0.010000
crane_crab,penalty,625,2377.770,0.236049,0.728002,0.721404,0.734600,19,0.00001253,0,0.094462,0.147498,0.041427,0.898700,0.848767,0.948632,0.796421,0.827810,0.765032,0.009641,0.009305,0.018868,0.050339,0.010000
crane_crab,penalty,650,2538.324,0.235356,0.728301,0.721023,0.735579,19,0.00001664,0,0.093002,0.143600,0.042405,0.899636,0.851678,0.947595,0.795667,0.824561,0.766772,0.009477,0.009468,0.018882,0.050094,0.010000
crane_crab,penalty,675,2563.274,0.231571,0.728849,0.717927,0.739772,19,0.00000304,0,0.093158,0.147173,0.039143,0.899971,0.848394,0.951548,0.796158,0.823587,0.768729,0.009500,0.008639,0.019004,0.049116,0.010000
crane_crab,penalty,700,2725.579,0.231834,0.729605,0.715578,0.743633,19,0.00000690,1,0.095383,0.149123,0.041644,0.897735,0.846488,0.948981,0.798444,0.822287,0.774600,0.009731,0.009227,0.019307,0.048491,0.010000
crane_crab,penalty,725,2750.487,0.232964,0.728934,0.718732,0.739135,19,0.00000271,0,0.094461,0.148148,0.040774,0.898731,0.847797,0.949664,0.797242,0.825211,0.769273,0.009618,0.009023,0.019003,0.049331,0.010000
crane_crab,penalty,750,2912.850,0.230506,0.731172,0.721544,0.740799,19,0.00000025,0,0.090771,0.144574,0.036969,0.902553,0.851021,0.954085,0.797023,0.825861,0.768185,0.009426,0.008403,0.018861,0.049060,0.010000
crane_crab,penalty,775,2937.608,0.232200,0.727981,0.718502,0.737459,19,0.00000682,0,0.091586,0.144899,0.038273,0.901314,0.850235,0.952394,0.794148,0.822612,0.765684,0.009380,0.008554,0.018892,0.049539,0.010000
crane_crab,penalty,800,3098.485,0.229743,0.729800,0.721162,0.738437,19,0.00000362,0,0.088713,0.140676,0.036751,0.904079,0.853963,0.954194,0.794094,0.822612,0.765576,0.009113,0.008212,0.018634,0.049284,0.010000
crane_crab,penalty,825,3123.110,0.228053,0.733516,0.725300,0.741733,19,0.00000954,0,0.088393,0.137752,0.039034,0.904371,0.856950,0.951793,0.797949,0.825211,0.770686,0.008940,0.008738,0.018400,0.048777,0.010000
crane_crab,penalty,850,3282.139,0.227456,0.732592,0.720864,0.744320,19,0.00000127,0,0.090720,0.142950,0.038491,0.902358,0.852151,0.952566,0.798441,0.823912,0.772969,0.009161,0.008593,0.018702,0.048239,0.010000
crane_crab,penalty,875,3306.617,0.229058,0.731685,0.719841,0.743528,19,0.00000396,1,0.093109,0.144574,0.041644,0.899848,0.850721,0.948974,0.799202,0.823912,0.774492,0.009301,0.009124,0.018795,0.048344,0.010000
crane_crab,penalty,900,3465.854,0.227540,0.732358,0.721321,0.743394,19,0.00001301,0,0.091213,0.141326,0.041100,0.901530,0.853486,0.949573,0.798605,0.823262,0.773948,0.009143,0.008812,0.018664,0.048203,0.010000
crane_crab,penalty,925,3490.646,0.226108,0.734279,0.723489,0.745069,19,0.00001373,0,0.090836,0.139701,0.041970,0.901916,0.855121,0.948711,0.800451,0.824561,0.776340,0.009079,0.008856,0.018542,0.047857,0.010000
crane_crab,penalty,950,3650.855,0.226602,0.733095,0.719592,0.746598,19,0.00000605,0,0.092345,0.145874,0.038817,0.901009,0.849682,0.952336,0.800070,0.824561,0.775579,0.009306,0.008679,0.018698,0.047842,0.010000
crane_crab,penalty,975,3675.652,0.228399,0.731221,0.717992,0.744449,19,0.00000739,0,0.095106,0.152047,0.038165,0.898834,0.844725,0.952943,0.800011,0.827160,0.772861,0.009731,0.008457,0.018953,0.048084,0.010000
crane_crab,penalty,1000,3829.110,0.228499,0.729218,0.716832,0.741604,18,0.00000729,0,0.092232,0.148473,0.035990,0.901230,0.847208,0.955252,0.795778,0.823262,0.768294,0.009413,0.007956,0.018878,0.048602,0.010000
crane_crab,penalty,1025,3852.661,0.231559,0.727290,0.714407,0.740174,18,0.00000415,0,0.094888,0.152372,0.037404,0.898687,0.843823,0.953551,0.795560,0.823262,0.767859,0.009873,0.008256,0.019312,0.048809,0.010000
crane_crab,penalty,1050,4002.145,0.230485,0.727852,0.714970,0.740733,18,0.00000632,0,0.093909,0.152372,0.035446,0.899877,0.843927,0.955827,0.795450,0.823912,0.766989,0.009805,0.007834,0.019227,0.048780,0.010000
crane_crab,penalty,1075,4024.837,0.229965,0.728486,0.716827,0.740145,18,0.00001184,0,0.092553,0.150747,0.034359,0.901268,0.845488,0.957048,0.795231,0.824886,0.765576,0.009792,0.007564,0.019205,0.048769,0.010000
crane_crab,penalty,1100,4175.385,0.227260,0.732320,0.721311,0.743328,18,0.00001913,0,0.092175,0.149448,0.034903,0.901938,0.847278,0.956598,0.799191,0.829110,0.769273,0.009726,0.007723,0.018857,0.048167,0.010000
crane_crab,penalty,1125,4198.601,0.225893,0.732274,0.718670,0.745878,18,0.00001889,0,0.089361,0.143275,0.035446,0.903817,0.851515,0.956118,0.796977,0.821637,0.772317,0.009196,0.008023,0.018821,0.047863,0.010000
crane_crab,penalty,1150,4347.431,0.222398,0.738789,0.728678,0.748901,18,0.00000481,0,0.086767,0.135153,0.038382,0.906260,0.859554,0.952965,0.802403,0.827160,0.777645,0.008787,0.008563,0.018175,0.047282,0.010000
crane_crab,penalty,1175,4370.667,0.223606,0.739191,0.731100,0.747281,18,0.00000568,0,0.087204,0.134503,0.039904,0.905811,0.860465,0.951158,0.803268,0.829435,0.777101,0.008662,0.009020,0.017906,0.047787,0.010000
crane_crab,penalty,1200,4520.404,0.223241,0.740058,0.731791,0.748326,18,0.00000996,0,0.088231,0.137427,0.039034,0.905244,0.858291,0.952197,0.804947,0.832359,0.777536,0.008781,0.008994,0.017820,0.047703,0.010000
crane_crab,penalty,1225,4543.162,0.221892,0.740544,0.732685,0.748404,18,0.00002773,0,0.087039,0.135153,0.038926,0.906269,0.860215,0.952324,0.804623,0.831709,0.777536,0.008643,0.008806,0.017704,0.047528,0.010000
crane_crab,penalty,1250,4685.007,0.221775,0.740922,0.731373,0.750471,17,0.00002887,0,0.088447,0.138077,0.038817,0.905144,0.857717,0.952571,0.805980,0.832359,0.779602,0.008937,0.008673,0.017973,0.047140,0.010000
crane_crab,penalty,1275,4706.613,0.224028,0.740357,0.730244,0.750469,17,0.00000864,0,0.092623,0.142950,0.042296,0.901237,0.853772,0.948701,0.808422,0.834633,0.782212,0.009363,0.009341,0.018229,0.047092,0.010000
crane_crab,penalty,1300,4844.339,0.218225,0.743136,0.732290,0.753982,17,0.00001264,0,0.089853,0.141975,0.037730,0.904431,0.854865,0.953997,0.809343,0.836257,0.782429,0.008952,0.008412,0.017723,0.046333,0.010000
crane_crab,penalty,1325,4865.882,0.220660,0.741643,0.728761,0.754525,17,0.00001253,1,0.095108,0.151072,0.039143,0.899921,0.847391,0.952450,0.811458,0.838856,0.784060,0.009694,0.008602,0.018210,0.046192,0.010000
crane_crab,penalty,1350,5006.663,0.223135,0.740884,0.724321,0.757446,17,0.00003018,0,0.100633,0.160819,0.040448,0.895312,0.839442,0.951181,0.814444,0.840806,0.788083,0.010449,0.009039,0.018833,0.045794,0.010000
crane_crab,penalty,1375,5028.311,0.223198,0.738627,0.721256,0.755998,17,0.00001677,0,0.100420,0.158545,0.042296,0.894790,0.840523,0.949057,0.811791,0.835608,0.787974,0.010098,0.009254,0.018809,0.045911,0.010000
crane_crab,penalty,1400,5168.028,0.223235,0.740051,0.723142,0.756960,17,0.00005489,0,0.100530,0.158220,0.042840,0.894816,0.841109,0.948524,0.813472,0.837557,0.789388,0.010088,0.009460,0.018703,0.045922,0.010000
crane_crab,penalty,1425,5189.632,0.223795,0.739622,0.723740,0.755505,17,0.00008424,0,0.097821,0.153671,0.041970,0.896972,0.844561,0.949384,0.811085,0.834958,0.787213,0.009980,0.009361,0.018720,0.046188,0.010000
crane_crab,penalty,1450,5326.906,0.221774,0.742236,0.722284,0.762188,17,0.00011163,0,0.102156,0.160494,0.043819,0.893548,0.839297,0.947798,0.816896,0.838207,0.795586,0.010312,0.009744,0.018870,0.045001,0.010000
crane_crab,penalty,1475,5348.651,0.222734,0.741943,0.723548,0.760337,17,0.00006807,0,0.100749,0.157570,0.043927,0.894609,0.841659,0.947560,0.815647,0.837557,0.793737,0.010211,0.009855,0.018827,0.045368,0.010000
crane_crab,penalty,1500,5486.338,0.222293,0.741189,0.721243,0.761135,17,0.00007997,0,0.101612,0.160819,0.042405,0.894066,0.838867,0.949265,0.815321,0.837232,0.793411,0.010381,0.009534,0.018941,0.045180,0.010000
crane_crab,penalty,1525,5507.802,0.221477,0.742633,0.724691,0.760575,17,0.00012423,0,0.099448,0.155296,0.043601,0.895732,0.843535,0.947929,0.815485,0.837232,0.793737,0.009978,0.009698,0.018636,0.045323,0.010000
crane_crab,penalty,1550,5648.801,0.219035,0.744823,0.727042,0.762604,17,0.00010704,0,0.098582,0.153346,0.043819,0.896611,0.845398,0.947825,0.817276,0.838532,0.796020,0.009874,0.009649,0.018427,0.044798,0.010000
crane_crab,penalty,1575,5670.189,0.218958,0.743905,0.723345,0.764466,17,0.00009897,0,0.099443,0.157895,0.040992,0.896199,0.841384,0.951014,0.816680,0.837557,0.795803,0.010240,0.009087,0.018851,0.044448,0.010000
crane_crab,penalty,1600,5809.640,0.217260,0.743267,0.721042,0.765493,17,0.00008820,0,0.093811,0.147173,0.040448,0.900310,0.848950,0.951669,0.811808,0.827160,0.796455,0.009483,0.009089,0.018807,0.044306,0.010000
crane_crab,penalty,1625,5830.778,0.218824,0.741297,0.718274,0.764320,17,0.00005870,0,0.098041,0.152047,0.044036,0.896239,0.844776,0.947701,0.812731,0.827485,0.797978,0.009869,0.009326,0.019166,0.044164,0.010000
crane_crab,penalty,1650,5969.477,0.216210,0.741465,0.714810,0.768120,17,0.00009465,0,0.095650,0.151722,0.039578,0.898581,0.844385,0.952776,0.810892,0.823262,0.798521,0.009591,0.008849,0.019158,0.043670,0.010000
crane_crab,penalty,1675,5990.878,0.216920,0.742231,0.718724,0.765738,17,0.00010154,0,0.095979,0.150422,0.041535,0.898288,0.846077,0.950499,0.812189,0.826836,0.797543,0.009677,0.008980,0.018981,0.043973,0.010000
crane_crab,penalty,1700,6128.837,0.218480,0.742803,0.718028,0.767578,17,0.00014113,0,0.097821,0.153346,0.042296,0.896774,0.843760,0.949787,0.814089,0.828135,0.800043,0.009996,0.009473,0.019147,0.043912,0.010000
crane_crab,penalty,1725,6150.237,0.218219,0.743191,0.717630,0.768751,17,0.00014955,0,0.098477,0.151722,0.045232,0.895805,0.844902,0.946708,0.815017,0.826511,0.803523,0.009832,0.009932,0.019159,0.043664,0.010000
crane_crab,penalty,1750,6287.522,0.217702,0.742235,0.715736,0.768734,17,0.00015961,0,0.097661,0.152047,0.043275,0.896558,0.844311,0.948804,0.813281,0.824561,0.802001,0.009821,0.009631,0.019179,0.043625,0.010000
crane_crab,penalty,1775,6308.572,0.214129,0.744995,0.721779,0.768211,17,0.00006834,0,0.090781,0.139701,0.041861,0.902562,0.854828,0.950297,0.811491,0.822612,0.800370,0.008925,0.009284,0.018548,0.043708,0.010000
crane_crab,penalty,1800,6446.671,0.212324,0.747377,0.725843,0.768910,17,0.00007424,0,0.089320,0.136452,0.042188,0.904024,0.858060,0.949987,0.813117,0.824886,0.801348,0.008656,0.009393,0.018164,0.043569,0.010000
crane_crab,penalty,1825,6467.677,0.216073,0.744340,0.724059,0.764620,17,0.00003020,0,0.092304,0.139701,0.044906,0.901002,0.855219,0.946785,0.812084,0.825211,0.798956,0.008958,0.009631,0.018395,0.044328,0.010000
crane_crab,penalty,1850,6605.764,0.214057,0.747240,0.727454,0.767025,17,0.00008990,0,0.090512,0.138402,0.042623,0.903103,0.856807,0.949400,0.813926,0.828135,0.799717,0.008883,0.009453,0.018145,0.044018,0.010000
crane_crab,penalty,1875,6627.193,0.214974,0.746206,0.723628,0.768784,17,0.00010555,0,0.095179,0.142625,0.047733,0.898469,0.852882,0.944055,0.816158,0.826836,0.805480,0.009100,0.010143,0.018490,0.043522,0.010000
crane_crab,penalty,1900,6767.781,0.214237,0.747149,0.722191,0.772107,17,0.00008790,1,0.094413,0.144899,0.043927,0.899602,0.850886,0.948318,0.816430,0.826836,0.806024,0.009257,0.009882,0.018609,0.043213,0.010000
crane_crab,penalty,1925,6789.523,0.212238,0.747336,0.722603,0.772069,17,0.00006565,0,0.090838,0.138402,0.043275,0.902499,0.855984,0.949014,0.814046,0.822612,0.805480,0.008870,0.009566,0.018515,0.042998,0.010000
crane_crab,penalty,1950,6929.293,0.211451,0.747087,0.720479,0.773695,17,0.00003381,0,0.090348,0.139051,0.041644,0.902989,0.855112,0.950866,0.813289,0.820663,0.805915,0.008905,0.009298,0.018611,0.042763,0.010000
crane_crab,penalty,1975,6950.536,0.215000,0.744396,0.715534,0.773258,17,0.00006261,0,0.097443,0.152372,0.042514,0.896967,0.844031,0.949904,0.815347,0.824561,0.806132,0.009818,0.009480,0.019205,0.042798,0.010000
crane_crab,penalty,2000,7092.237,0.215449,0.744372,0.716182,0.772561,17,0.00015888,1,0.096305,0.150422,0.042188,0.897913,0.845615,0.950212,0.814533,0.823912,0.805154,0.009771,0.009484,0.019143,0.043009,0.010000
crane_crab,penalty,2025,7113.881,0.218231,0.741464,0.712913,0.770016,17,0.00007780,2,0.097067,0.149773,0.044362,0.896614,0.845509,0.947719,0.811932,0.819688,0.804175,0.009753,0.009808,0.019471,0.043475,0.010000
crane_crab,penalty,2050,7246.885,0.218813,0.740234,0.707684,0.772784,16,0.00004228,1,0.104861,0.166992,0.042731,0.890724,0.831806,0.949641,0.815834,0.825861,0.805806,0.010811,0.009435,0.020018,0.042786,0.010000
crane_crab,penalty,2075,7267.240,0.218469,0.738078,0.704013,0.772143,16,0.00002961,0,0.102744,0.165692,0.039796,0.892395,0.832016,0.952774,0.811767,0.820663,0.802871,0.010613,0.008885,0.020119,0.042949,0.010000
crane_crab,penalty,2100,7400.841,0.219273,0.739059,0.702523,0.775595,16,0.00004672,0,0.106320,0.171865,0.040774,0.889605,0.827294,0.951917,0.815241,0.823262,0.807220,0.011168,0.009174,0.020636,0.042274,0.010000
crane_crab,penalty,2125,7421.486,0.215794,0.744027,0.715165,0.772888,16,0.00004684,0,0.103134,0.161144,0.045123,0.892288,0.837484,0.947093,0.819086,0.830409,0.807763,0.010343,0.009684,0.019318,0.042589,0.010000
crane_crab,penalty,2150,7554.194,0.215262,0.741741,0.704241,0.779241,16,0.00006331,0,0.102311,0.164392,0.040231,0.892859,0.833003,0.952716,0.815302,0.820013,0.810590,0.010556,0.009175,0.020179,0.041695,0.010000
crane_crab,penalty,2175,7574.945,0.216577,0.743452,0.707216,0.779687,16,0.00005195,1,0.109466,0.175114,0.043819,0.887435,0.825961,0.948910,0.822456,0.831059,0.813852,0.011215,0.009749,0.020117,0.041581,0.010000
crane_crab,penalty,2200,7705.099,0.215390,0.741731,0.705325,0.778137,16,0.00007333,0,0.104375,0.165367,0.043384,0.890893,0.832511,0.949275,0.816929,0.821962,0.811895,0.010536,0.009712,0.020002,0.041654,0.010000
crane_crab,penalty,2225,7725.432,0.213497,0.744266,0.709315,0.779217,16,0.00004086,1,0.099498,0.157895,0.041100,0.895266,0.838752,0.951780,0.816278,0.821313,0.811243,0.010169,0.009304,0.019671,0.041749,0.010000
crane_crab,penalty,2250,7857.913,0.214112,0.742924,0.705619,0.780229,16,0.00004113,2,0.103512,0.162118,0.044906,0.891363,0.834932,0.947794,0.817639,0.820013,0.815266,0.010249,0.010028,0.019824,0.041399,0.010000
crane_crab,prune,1,1.377,0.840068,0.239231,0.292745,0.185717,20,0.00081343,0,0.352688,0.531514,0.173861,0.506943,0.457560,0.556326,0.333174,0.448343,0.218006,0.034668,0.039119,0.066064,0.176875,0.000100
crane_crab,prune,25,26.887,0.595248,0.370269,0.432316,0.308222,20,0.00003567,1,0.175316,0.276803,0.073828,0.741817,0.666013,0.817620,0.441480,0.551982,0.330977,0.017985,0.016481,0.043959,0.137216,0.000100
crane_crab,prune,50,191.051,0.475470,0.477324,0.513365,0.441283,23,0.00043427,2,0.147175,0.239766,0.054583,0.810693,0.726363,0.895023,0.550911,0.636452,0.465369,0.015361,0.011917,0.036246,0.108503,0.000100
crane_crab,prune,75,220.481,0.405886,0.549766,0.577242,0.522289,23,0.00052192,3,0.131135,0.213450,0.048820,0.842306,0.766442,0.918170,0.624121,0.700455,0.547787,0.013749,0.010816,0.030739,0.092152,0.000100
crane_crab,prune,100,411.498,0.362764,0.602525,0.633637,0.571414,26,0.00032677,2,0.130701,0.213125,0.048277,0.854170,0.782925,0.925416,0.683840,0.768681,0.599000,0.013750,0.010507,0.026414,0.082302,0.000100
crane_crab,prune,125,444.932,0.346375,0.624515,0.663155,0.585874,26,0.00009744,2,0.125557,0.202729,0.048385,0.862157,0.797337,0.926977,0.705909,0.797596,0.614222,0.013022,0.010724,0.023895,0.079667,0.000100
crane_crab,prune,150,642.215,0.330644,0.635804,0.662162,0.609447,27,0.00015350,0,0.123601,0.202079,0.045123,0.865685,0.797526,0.933843,0.716459,0.795971,0.636947,0.012932,0.009903,0.023935,0.074826,0.000100
crane_crab,prune,175,676.702,0.317562,0.648707,0.676060,0.621354,27,0.00020899,3,0.115639,0.187459,0.043819,0.873705,0.810696,0.936715,0.725688,0.802794,0.648581,0.011898,0.009715,0.022595,0.072404,0.000100
crane_crab,prune,200,870.465,0.299802,0.664775,0.691395,0.638155,26,0.00030838,1,0.107666,0.178038,0.037295,0.883643,0.820622,0.946665,0.738222,0.814490,0.661955,0.011364,0.008267,0.021379,0.068667,0.000100
crane_crab,prune,225,903.821,0.290179,0.673863,0.695784,0.651941,26,0.00013785,1,0.107610,0.179012,0.036207,0.885000,0.820871,0.949129,0.747942,0.820338,0.675546,0.011502,0.007932,0.021035,0.065942,0.000100
crane_crab,prune,250,1102.756,0.280667,0.684548,0.706389,0.662708,26,0.00028713,2,0.102029,0.169591,0.034468,0.890910,0.829690,0.952129,0.755868,0.826186,0.685550,0.010933,0.007743,0.020190,0.063961,0.000100
crane_crab,prune,275,1136.704,0.274859,0.687016,0.699142,0.674890,26,0.00013568,1,0.106968,0.173814,0.040122,0.885577,0.825221,0.945934,0.761315,0.820663,0.701968,0.011210,0.008305,0.020662,0.061168,0.000100
crane_crab,prune,300,1350.589,0.262404,0.702269,0.711197,0.693340,29,0.00014904,0,0.104470,0.172190,0.036751,0.890086,0.828811,0.951360,0.776240,0.833658,0.718821,0.010987,0.008195,0.019806,0.058036,0.000100
crane_crab,prune,325,1388.365,0.255996,0.708513,0.716273,0.700753,29,0.00010881,2,0.103935,0.167966,0.039904,0.890439,0.832794,0.948083,0.782649,0.836582,0.728716,0.010952,0.008327,0.019491,0.056176,0.000100
crane_crab,prune,350,1627.288,0.244706,0.721661,0.722315,0.721008,31,0.00003142,0,0.104305,0.173489,0.035120,0.892578,0.830099,0.955058,0.796979,0.847628,0.746330,0.011330,0.007910,0.019242,0.052700,0.000100
crane_crab,prune,375,1668.421,0.235966,0.724843,0.715551,0.734135,31,0.00005452,1,0.102781,0.174139,0.031423,0.894235,0.828315,0.960154,0.798680,0.840156,0.757203,0.011270,0.006992,0.019640,0.049872,0.000100
crane_crab,prune,400,1936.057,0.226414,0.735520,0.733371,0.737669,33,0.00015949,1,0.092169,0.152697,0.031641,0.903544,0.847005,0.960082,0.803182,0.845354,0.761009,0.009903,0.006850,0.018005,0.049053,0.000100
crane_crab,prune,425,1980.570,0.216275,0.745700,0.736827,0.754573,33,0.00057101,1,0.090646,0.153021,0.028270,0.906111,0.847375,0.964846,0.812741,0.849578,0.775905,0.009924,0.006415,0.017759,0.046029,0.000100
crane_crab,prune,450,2244.700,0.210023,0.753248,0.736650,0.769845,30,0.00078766,1,0.095043,0.155945,0.034142,0.902045,0.845211,0.958879,0.823828,0.851527,0.796129,0.010125,0.007596,0.017887,0.043077,0.000100
crane_crab,prune,475,2285.015,0.202468,0.759337,0.742291,0.776382,30,0.00079286,1,0.089405,0.148473,0.030336,0.907567,0.851672,0.963463,0.826218,0.852502,0.799935,0.009722,0.006707,0.017392,0.041698,0.000100
crane_crab,prune,500,2536.562,0.195869,0.764388,0.738289,0.790487,29,0.00071998,1,0.095746,0.158220,0.033272,0.902360,0.843860,0.960860,0.835944,0.855101,0.816788,0.010307,0.006995,0.017771,0.038700,0.000100
crane_crab,prune,525,2574.815,0.193998,0.769807,0.749648,0.789966,29,0.00030845,2,0.093743,0.153671,0.033815,0.904682,0.849123,0.960240,0.840763,0.864847,0.816679,0.009974,0.007255,0.016985,0.038994,0.000100
crane_crab,prune,550,2808.062,0.201158,0.758490,0.741217,0.775764,27,0.00019655,2,0.084643,0.137427,0.031858,0.910783,0.859841,0.961724,0.821779,0.843080,0.800478,0.008966,0.006882,0.017299,0.041784,0.000100
crane_crab,prune,575,2843.150,0.200710,0.760689,0.742128,0.779251,27,0.00020696,0,0.089302,0.145224,0.033380,0.907131,0.854065,0.960197,0.827583,0.849903,0.805263,0.009446,0.007346,0.017273,0.041186,0.000100
crane_crab,prune,600,3069.261,0.198364,0.763752,0.745475,0.782028,27,0.00014554,0,0.091687,0.148798,0.034576,0.905493,0.851972,0.959015,0.832734,0.856400,0.809068,0.009597,0.007267,0.017123,0.040532,0.000100
crane_crab,prune,625,3104.004,0.193481,0.768282,0.745743,0.790820,27,0.00020165,0,0.088868,0.144899,0.032837,0.908132,0.854912,0.961351,0.835295,0.853801,0.816788,0.009374,0.007330,0.017026,0.039069,0.000100
crane_crab,prune,650,3328.303,0.191625,0.771555,0.750497,0.792614,27,0.00015598,2,0.088977,0.144574,0.033380,0.908391,0.855940,0.960842,0.839035,0.858999,0.819071,0.009382,0.007486,0.016629,0.038776,0.000100
crane_crab,prune,675,3363.031,0.191442,0.771383,0.752127,0.790639,27,0.00015487,1,0.088486,0.145549,0.031423,0.909190,0.855484,0.962896,0.838541,0.861598,0.815483,0.009335,0.007018,0.016480,0.039121,0.000100
crane_crab,prune,700,3585.450,0.191843,0.769830,0.748295,0.791365,27,0.00013705,0,0.089306,0.143600,0.035011,0.907657,0.856307,0.959007,0.837411,0.855750,0.819071,0.009226,0.007430,0.016734,0.038853,0.000100
crane_crab,prune,725,3620.358,0.191920,0.771694,0.750636,0.792751,27,0.00011362,0,0.090545,0.149123,0.031967,0.907498,0.852601,0.962394,0.840333,0.862573,0.818093,0.009687,0.007168,0.016751,0.038768,0.000100
crane_crab,prune,750,3845.651,0.192398,0.771061,0.747535,0.794588,27,0.00011364,1,0.092875,0.153021,0.032728,0.905439,0.849232,0.961646,0.841258,0.861923,0.820594,0.009893,0.007445,0.017010,0.038427,0.000100
crane_crab,prune,775,3880.488,0.190943,0.772817,0.750425,0.795209,27,0.00009267,0,0.090172,0.145549,0.034794,0.907318,0.855204,0.959432,0.841263,0.859649,0.822877,0.009482,0.007722,0.016653,0.038371,0.000100
crane_crab,prune,800,4098.457,0.188216,0.774661,0.751489,0.797832,26,0.00007883,0,0.089194,0.145224,0.033163,0.908472,0.855620,0.961324,0.842457,0.860624,0.824291,0.009350,0.007383,0.016576,0.037778,0.000100
crane_crab,prune,825,4132.126,0.187416,0.775724,0.750774,0.800675,26,0.00001096,0,0.093251,0.154971,0.031532,0.905802,0.848379,0.963226,0.846522,0.867122,0.825921,0.009951,0.007107,0.016741,0.037199,0.000100
crane_crab,prune,850,4349.919,0.189163,0.776214,0.752595,0.799832,29,0.00002391,0,0.098410,0.158220,0.038600,0.900985,0.846372,0.955597,0.851188,0.871670,0.830706,0.010160,0.008155,0.016683,0.037209,0.000100
crane_crab,prune,875,4387.456,0.188798,0.775395,0.755280,0.795510,29,0.00001235,0,0.092602,0.153671,0.031532,0.906538,0.850079,0.962996,0.845969,0.871345,0.820594,0.010087,0.006831,0.016595,0.037876,0.000100
crane_crab,prune,900,4623.857,0.185938,0.777156,0.751825,0.802487,28,0.00001951,0,0.094443,0.157245,0.031641,0.905060,0.846932,0.963188,0.848962,0.870045,0.827879,0.010207,0.006940,0.016778,0.036624,0.000100
crane_crab,prune,925,4660.186,0.184131,0.780610,0.760611,0.800609,28,0.00001012,1,0.091580,0.148148,0.035011,0.907211,0.854962,0.959461,0.850967,0.873294,0.828640,0.009610,0.007342,0.016044,0.036854,0.000100
crane_crab,prune,950,4890.789,0.182087,0.782023,0.756657,0.807389,28,0.00000968,0,0.089951,0.146849,0.033054,0.908574,0.855267,0.961881,0.850924,0.867771,0.834076,0.009457,0.007475,0.016182,0.036046,0.000100
crane_crab,prune,975,4926.737,0.181578,0.782207,0.756810,0.807603,28,0.00000759,0,0.088705,0.144899,0.032511,0.909602,0.856730,0.962475,0.850165,0.866472,0.833859,0.009305,0.007415,0.016118,0.036046,0.000100
crane_crab,prune,1000,5158.454,0.183496,0.779736,0.755758,0.803714,28,0.00002350,2,0.089525,0.142625,0.036425,0.908177,0.858250,0.958104,0.848268,0.863548,0.832989,0.009321,0.007621,0.016348,0.036341,0.000100
crane_crab,prune,1025,5194.793,0.180603,0.783488,0.756596,0.810381,28,0.00001672,1,0.088976,0.145224,0.032728,0.909410,0.856455,0.962366,0.851688,0.866472,0.836903,0.009397,0.007466,0.016241,0.035525,0.000100
crane_crab,prune,1050,5432.707,0.178492,0.785862,0.759375,0.812349,28,0.00001266,1,0.087783,0.143600,0.031967,0.910687,0.858106,0.963268,0.853369,0.868421,0.838317,0.009371,0.007273,0.016105,0.035067,0.000100
crane_crab,prune,1075,5469.265,0.179217,0.785025,0.757524,0.812526,28,0.00000885,0,0.089467,0.144250,0.034685,0.908852,0.857326,0.960378,0.853753,0.866797,0.840709,0.009314,0.007837,0.016042,0.035119,0.000100
crane_crab,prune,1100,5702.464,0.175069,0.789244,0.760659,0.817829,28,0.00001396,0,0.089851,0.142950,0.036751,0.908625,0.858793,0.958456,0.858640,0.869396,0.847885,0.009341,0.007901,0.015964,0.033768,0.000100
crane_crab,prune,1125,5738.797,0.174919,0.791393,0.761541,0.821245,28,0.00000421,0,0.093050,0.147173,0.038926,0.906096,0.855824,0.956368,0.863416,0.873619,0.853213,0.009638,0.008520,0.015966,0.033261,0.000100
crane_crab,prune,1150,5976.072,0.168446,0.795624,0.763001,0.828247,28,0.00000617,0,0.088219,0.143275,0.033163,0.910808,0.858925,0.962691,0.864017,0.872320,0.855714,0.009299,0.007528,0.015728,0.032005,0.000100
crane_crab,prune,1175,6012.752,0.169420,0.796229,0.762514,0.829943,28,0.00000897,0,0.089689,0.142300,0.037077,0.909136,0.859570,0.958702,0.865868,0.871020,0.860715,0.009249,0.008503,0.015754,0.031841,0.000100
crane_crab,prune,1200,6251.859,0.165604,0.799735,0.763307,0.836164,28,0.00000678,2,0.092397,0.147498,0.037295,0.907324,0.855873,0.958774,0.871621,0.875893,0.867348,0.009538,0.008361,0.015759,0.030491,0.000100
crane_crab,prune,1225,6288.816,0.161830,0.801479,0.760080,0.842878,28,0.00000048,2,0.090446,0.144250,0.036642,0.908745,0.857738,0.959752,0.871742,0.869721,0.873763,0.009255,0.008365,0.015831,0.029303,0.000100
crane_crab,prune,1250,6522.825,0.162181,0.801947,0.761661,0.842232,28,0.00000496,1,0.089417,0.142300,0.036534,0.909634,0.859435,0.959833,0.871524,0.870045,0.873002,0.009241,0.008312,0.015844,0.029439,0.000100
crane_crab,prune,1275,6559.473,0.161718,0.802437,0.761973,0.842901,28,0.00000681,0,0.087900,0.139701,0.036099,0.910865,0.861424,0.960306,0.870875,0.868421,0.873328,0.009031,0.008346,0.015781,0.029435,0.000100
crane_crab,prune,1300,6798.603,0.162604,0.802666,0.763150,0.842182,29,0.00001149,1,0.092515,0.142625,0.042405,0.906676,0.859430,0.953922,0.874945,0.871995,0.877895,0.009312,0.009207,0.015759,0.029180,0.000100
crane_crab,prune,1325,6836.775,0.162123,0.802168,0.763337,0.840999,29,0.00001821,1,0.092511,0.144899,0.040122,0.906963,0.857781,0.956145,0.874343,0.873944,0.874742,0.009468,0.008575,0.015861,0.029154,0.000100
crane_crab,prune,1350,7076.016,0.165070,0.799433,0.753919,0.844947,28,0.00003107,1,0.099873,0.160494,0.039252,0.901104,0.844995,0.957212,0.876516,0.874919,0.878112,0.010429,0.008821,0.016574,0.028817,0.000100
crane_crab,prune,1375,7113.176,0.164480,0.799779,0.754632,0.844926,28,0.00005185,1,0.099934,0.157245,0.042623,0.900632,0.847415,0.953850,0.877117,0.873294,0.880939,0.010116,0.009342,0.016351,0.028735,0.000100
crane_crab,prune,1400,7350.753,0.162248,0.803961,0.761102,0.846821,28,0.00003153,1,0.098632,0.155945,0.041318,0.902338,0.849435,0.955241,0.880801,0.879792,0.881809,0.010060,0.009295,0.016005,0.028393,0.000100
crane_crab,prune,1425,7387.530,0.159648,0.804357,0.759358,0.849355,28,0.00001945,1,0.095754,0.154321,0.037186,0.904899,0.850299,0.959498,0.878741,0.876543,0.880939,0.010069,0.008279,0.016232,0.027806,0.000100
crane_crab,prune,1450,7625.074,0.166009,0.802216,0.760766,0.843665,28,0.00001876,1,0.099831,0.154321,0.045341,0.900819,0.850535,0.951102,0.880043,0.878168,0.881918,0.009960,0.010182,0.016039,0.029222,0.000100
crane_crab,prune,1475,7661.885,0.159840,0.805929,0.762549,0.849309,28,0.00005268,1,0.095541,0.152047,0.039034,0.905050,0.852459,0.957640,0.880477,0.878493,0.882462,0.009887,0.008828,0.015909,0.028001,0.000100
crane_crab,prune,1500,7898.845,0.163965,0.802495,0.762468,0.842522,28,0.00004590,0,0.098148,0.153021,0.043275,0.902412,0.851747,0.953077,0.879062,0.879142,0.878982,0.009928,0.009478,0.015895,0.029046,0.000100
crane_crab,prune,1525,7935.940,0.162868,0.806482,0.768445,0.844519,28,0.00002075,0,0.094141,0.144899,0.043384,0.905834,0.858592,0.953075,0.880474,0.879792,0.881157,0.009454,0.009949,0.015483,0.029100,0.000100
crane_crab,prune,1550,8170.424,0.162442,0.804633,0.764756,0.844509,28,0.00000506,0,0.096522,0.150422,0.042623,0.903909,0.853989,0.953828,0.880148,0.879792,0.880505,0.009845,0.009380,0.015747,0.028786,0.000100
crane_crab,prune,1575,8207.257,0.162784,0.805748,0.767882,0.843613,28,0.00001329,0,0.096362,0.149123,0.043601,0.904123,0.855433,0.952812,0.881393,0.882391,0.880396,0.009686,0.009565,0.015542,0.029091,0.000100
crane_crab,prune,1600,8439.401,0.165293,0.802688,0.761743,0.843633,28,0.00001932,0,0.096636,0.148148,0.045123,0.903230,0.855146,0.951314,0.878147,0.874594,0.881701,0.009675,0.010122,0.015979,0.029216,0.000100
crane_crab,prune,1625,8475.586,0.164544,0.801863,0.758347,0.845378,28,0.00000432,0,0.096908,0.148148,0.045667,0.902735,0.854592,0.950877,0.877340,0.870695,0.883984,0.009636,0.010134,0.016134,0.028828,0.000100
crane_crab,prune,1650,8706.159,0.167054,0.800097,0.755775,0.844419,28,0.00000856,0,0.099779,0.153346,0.046211,0.900344,0.850396,0.950292,0.877555,0.871670,0.883440,0.010019,0.010246,0.016513,0.029037,0.000100
crane_crab,prune,1675,8742.186,0.162655,0.804143,0.763367,0.844919,28,0.00001419,0,0.092788,0.142300,0.043275,0.906455,0.859705,0.953204,0.876739,0.871995,0.881483,0.009286,0.009714,0.015853,0.028862,0.000100
crane_crab,prune,1700,8973.449,0.158474,0.805717,0.762379,0.849055,28,0.00002128,0,0.091267,0.141650,0.040883,0.907909,0.860032,0.955786,0.877068,0.870370,0.883766,0.009163,0.009058,0.015766,0.027943,0.000100
crane_crab,prune,1725,9009.298,0.162756,0.798093,0.746893,0.849294,28,0.00002636,0,0.094512,0.150097,0.038926,0.904502,0.851256,0.957748,0.870676,0.858999,0.882353,0.009752,0.008757,0.017042,0.027949,0.000100
crane_crab,prune,1750,9238.312,0.153795,0.803690,0.751500,0.855881,28,0.00003154,0,0.085893,0.137427,0.034359,0.912066,0.861493,0.962639,0.870032,0.854776,0.885289,0.008783,0.007793,0.016374,0.026596,0.000100
crane_crab,prune,1775,9274.552,0.153519,0.807477,0.761769,0.853185,28,0.00003556,0,0.087413,0.138726,0.036099,0.911445,0.862125,0.960766,0.875715,0.867446,0.883984,0.008891,0.007951,0.015746,0.026998,0.000100
crane_crab,prune,1800,9506.469,0.151743,0.810925,0.766734,0.855117,27,0.00002534,0,0.082916,0.130929,0.034903,0.915436,0.868815,0.962057,0.876042,0.867122,0.884962,0.008550,0.007934,0.015478,0.026856,0.000100
crane_crab,prune,1825,9542.308,0.150875,0.810972,0.768479,0.853466,27,0.00002978,0,0.082375,0.129630,0.035120,0.915920,0.870075,0.961766,0.875768,0.868096,0.883440,0.008425,0.007736,0.015239,0.026965,0.000100
crane_crab,prune,1850,9767.466,0.150625,0.813632,0.774388,0.852876,26,0.00001429,0,0.081452,0.128980,0.033924,0.917196,0.871438,0.962954,0.878039,0.874269,0.881809,0.008385,0.007688,0.014878,0.027291,0.000100
crane_crab,prune,1875,9801.961,0.153408,0.809784,0.766791,0.852777,26,0.00001198,0,0.086112,0.136777,0.035446,0.912887,0.864369,0.961406,0.877338,0.871670,0.883005,0.008867,0.008039,0.015335,0.027345,0.000100
crane_crab,prune,1900,10023.262,0.152652,0.813101,0.775615,0.850587,26,0.00000483,0,0.086441,0.135153,0.037730,0.912965,0.866923,0.959008,0.881560,0.880442,0.882679,0.008725,0.008346,0.014799,0.027548,0.000100
crane_crab,prune,1925,10057.115,0.151322,0.813062,0.773092,0.853031,26,0.00000697,0,0.083783,0.132554,0.035011,0.915186,0.868514,0.961857,0.879233,0.875569,0.882897,0.008576,0.007936,0.014934,0.027249,0.000100
crane_crab,prune,1950,10276.814,0.151560,0.813882,0.773963,0.853802,26,0.00000839,0,0.086114,0.135478,0.036751,0.913284,0.866432,0.960137,0.881999,0.878817,0.885180,0.008826,0.008274,0.014979,0.026989,0.000100
crane_crab,prune,1975,10310.831,0.151148,0.814549,0.777331,0.851766,26,0.00000776,0,0.084707,0.132229,0.037186,0.914496,0.869384,0.959608,0.881779,0.880117,0.883440,0.008570,0.008257,0.014614,0.027354,0.000100
crane_crab,prune,2000,10524.267,0.151311,0.815177,0.776855,0.853500,26,0.00001030,0,0.085138,0.134178,0.036099,0.914310,0.867840,0.960780,0.882701,0.881092,0.884310,0.008760,0.008101,0.014821,0.027184,0.000100
crane_crab,prune,2025,10557.540,0.152290,0.814479,0.777522,0.851436,26,0.00001640,0,0.083678,0.130279,0.037077,0.915299,0.870895,0.959702,0.880911,0.878817,0.883005,0.008470,0.008439,0.014662,0.027643,0.000100
crane_crab,prune,2050,10776.826,0.152120,0.813031,0.775610,0.850452,26,0.00001889,0,0.083783,0.132229,0.035338,0.915274,0.869132,0.961415,0.879336,0.878168,0.880505,0.008606,0.007905,0.014815,0.027632,0.000100
crane_crab,prune,2075,10810.561,0.153354,0.811951,0.776657,0.847244,26,0.00001838,0,0.081510,0.127355,0.035664,0.916979,0.873016,0.960943,0.876514,0.875569,0.877460,0.008279,0.008037,0.014654,0.028302,0.000100
crane_crab,prune,2100,11030.769,0.154114,0.810870,0.777330,0.844409,26,0.00001794,1,0.082484,0.129305,0.035664,0.916215,0.871613,0.960817,0.876184,0.877843,0.874524,0.008301,0.007937,0.014538,0.028710,0.000100
crane_crab,prune,2125,11064.685,0.153519,0.813406,0.781844,0.844969,26,0.00004161,1,0.082325,0.127355,0.037295,0.916469,0.873752,0.959186,0.878949,0.881417,0.876481,0.008223,0.008201,0.014251,0.028700,0.000100
crane_crab,prune,2150,11281.950,0.152050,0.816900,0.786559,0.847241,26,0.00002108,1,0.082436,0.126381,0.038491,0.916624,0.875160,0.958087,0.882909,0.885965,0.879852,0.008237,0.008517,0.014002,0.028299,0.000100
teapot_droplets,nopen,1,1.372,0.883136,0.184212,0.187488,0.180936,20,0.00009523,0,0.477185,0.106808,0.847561,0.471523,0.660194,0.282853,0.270902,0.207513,0.334290,0.025029,0.049990,0.172524,0.084323,0.000000
teapot_droplets,nopen,25,27.025,0.652818,0.305707,0.270881,0.340532,20,0.00003389,2,0.240124,0.051984,0.428264,0.688743,0.845721,0.531765,0.385666,0.284963,0.486370,0.011983,0.024973,0.147048,0.052072,0.000000
teapot_droplets,nopen,50,192.629,0.545083,0.409508,0.386915,0.432102,23,0.00033081,2,0.212113,0.045459,0.378766,0.755154,0.898971,0.611336,0.500136,0.404504,0.595768,0.010598,0.021625,0.122800,0.042706,0.000000
teapot_droplets,nopen,75,222.126,0.480911,0.460303,0.477547,0.443058,23,0.00026607,4,0.198146,0.045144,0.351148,0.773670,0.917053,0.630287,0.548871,0.499106,0.598637,0.010075,0.020012,0.104179,0.041019,0.000000
teapot_droplets,nopen,100,383.300,0.414420,0.511860,0.563073,0.460647,22,0.00036685,3,0.181715,0.032727,0.330703,0.798141,0.946719,0.649563,0.597242,0.581501,0.612984,0.007580,0.018574,0.086208,0.038769,0.000000
teapot_droplets,nopen,125,411.739,0.372497,0.546665,0.610039,0.483292,22,0.00021913,2,0.161965,0.025150,0.298780,0.819423,0.961339,0.677507,0.626536,0.625381,0.627690,0.005691,0.017005,0.076304,0.036463,0.000000
teapot_droplets,nopen,150,577.963,0.338035,0.579274,0.648760,0.509787,23,0.00001167,3,0.152580,0.022519,0.282640,0.832684,0.967168,0.698200,0.658622,0.663369,0.653874,0.004992,0.015898,0.068313,0.033918,0.000000
teapot_droplets,nopen,175,608.458,0.306081,0.612856,0.688580,0.537132,23,0.00003852,1,0.144129,0.022835,0.265423,0.843881,0.968596,0.719165,0.692001,0.704304,0.679699,0.005148,0.014821,0.060472,0.031561,0.000000
teapot_droplets,nopen,200,804.377,0.289576,0.633391,0.725000,0.541783,26,0.00000788,1,0.157353,0.027044,0.287661,0.836499,0.964953,0.708045,0.721120,0.744607,0.697633,0.006167,0.016152,0.053582,0.031782,0.000000
teapot_droplets,nopen,225,838.647,0.277567,0.647129,0.750128,0.544130,26,0.00004803,1,0.166255,0.027991,0.304519,0.832380,0.964972,0.699788,0.740476,0.771125,0.709828,0.006361,0.017224,0.048631,0.032088,0.000000
teapot_droplets,nopen,250,1054.441,0.256514,0.675924,0.782096,0.569752,28,0.00006034,1,0.174128,0.034410,0.313845,0.831896,0.959201,0.704591,0.778786,0.809008,0.748565,0.007765,0.017746,0.042376,0.030359,0.000000
teapot_droplets,nopen,275,1091.719,0.249707,0.685303,0.789318,0.581288,28,0.00016381,3,0.173666,0.032411,0.314921,0.834979,0.961749,0.708209,0.789624,0.814901,0.764347,0.007272,0.018034,0.040780,0.029764,0.000000
teapot_droplets,nopen,300,1331.587,0.226952,0.705879,0.817096,0.594662,31,0.00007311,5,0.160292,0.030411,0.290172,0.845358,0.965139,0.725577,0.804581,0.841945,0.767217,0.007003,0.016722,0.035419,0.028353,0.000000
teapot_droplets,nopen,325,1372.502,0.212311,0.720597,0.836776,0.604417,31,0.00004247,5,0.158547,0.034094,0.282999,0.847362,0.962092,0.732633,0.820386,0.865306,0.775466,0.007783,0.016142,0.031449,0.027349,0.000000
teapot_droplets,nopen,350,1627.923,0.202993,0.732352,0.853043,0.611661,33,0.00011555,4,0.167286,0.030411,0.304161,0.845259,0.966559,0.723958,0.838345,0.878986,0.797704,0.006978,0.017264,0.028318,0.027198,0.000000
teapot_droplets,nopen,375,1671.240,0.191465,0.744208,0.854497,0.633918,33,0.00010279,5,0.147635,0.028412,0.266858,0.859634,0.968681,0.750587,0.840930,0.878775,0.803085,0.006488,0.015198,0.028027,0.024928,0.000000
teapot_droplets,nopen,400,1950.804,0.179362,0.758596,0.859485,0.657707,33,0.00006575,3,0.137517,0.020730,0.254304,0.870645,0.976916,0.764374,0.851133,0.877302,0.824964,0.004851,0.014585,0.026926,0.023128,0.000000
teapot_droplets,nopen,425,1993.695,0.167322,0.768871,0.878612,0.659129,33,0.00006419,5,0.142502,0.015995,0.269010,0.869524,0.982397,0.756652,0.864554,0.892665,0.836442,0.003633,0.015346,0.023085,0.023185,0.000000
teapot_droplets,nopen,450,2269.412,0.165376,0.770084,0.883909,0.656259,34,0.00011114,5,0.144709,0.014311,0.275108,0.868435,0.984288,0.752581,0.866680,0.896559,0.836801,0.003258,0.015930,0.021859,0.023647,0.000000
teapot_droplets,nopen,475,2314.376,0.162524,0.771620,0.888416,0.654825,34,0.00009542,6,0.147560,0.012838,0.282281,0.867167,0.985933,0.748402,0.869746,0.899821,0.839670,0.002704,0.016266,0.020835,0.023833,0.000000
teapot_droplets,nopen,500,2587.306,0.157248,0.777681,0.891808,0.663554,31,0.00006258,4,0.140522,0.013469,0.267575,0.871985,0.985316,0.758654,0.872462,0.903820,0.841105,0.002870,0.015420,0.020270,0.022987,0.000000
teapot_droplets,nopen,525,2628.256,0.155011,0.779000,0.894080,0.663920,31,0.00006282,4,0.136959,0.011365,0.262554,0.874537,0.987588,0.761486,0.871238,0.904241,0.838235,0.002488,0.015249,0.019820,0.022967,0.000000
teapot_droplets,nopen,550,2894.595,0.150337,0.784293,0.893285,0.675302,31,0.00006029,4,0.128394,0.010733,0.246055,0.880999,0.988252,0.773747,0.872168,0.902873,0.841463,0.002393,0.014216,0.019924,0.021870,0.000000
teapot_droplets,nopen,575,2935.788,0.147991,0.786438,0.898270,0.674605,31,0.00006021,3,0.129788,0.009576,0.250000,0.880438,0.989551,0.771325,0.875064,0.906872,0.843257,0.002143,0.014453,0.019036,0.021982,0.000000
teapot_droplets,nopen,600,3202.113,0.145721,0.790102,0.896131,0.684074,31,0.00004762,4,0.126117,0.009050,0.243185,0.883862,0.990091,0.777632,0.877336,0.904241,0.850430,0.002027,0.013920,0.019485,0.021104,0.000000
teapot_droplets,nopen,625,3243.497,0.144061,0.791430,0.898146,0.684713,31,0.00003538,3,0.124649,0.010418,0.238881,0.884461,0.988651,0.780271,0.877891,0.907503,0.848278,0.002099,0.013841,0.018882,0.021160,0.000000
teapot_droplets,nopen,650,3510.212,0.143071,0.790947,0.902757,0.679137,31,0.00004629,2,0.126942,0.007471,0.246413,0.883192,0.991852,0.774532,0.877994,0.909502,0.846485,0.001645,0.014277,0.018150,0.021569,0.000000
teapot_droplets,nopen,675,3551.361,0.143877,0.792477,0.900803,0.684150,31,0.00004466,1,0.126730,0.008839,0.244620,0.883600,0.990367,0.776832,0.880136,0.908766,0.851506,0.001960,0.014215,0.018551,0.021310,0.000000
teapot_droplets,nopen,700,3817.593,0.141513,0.794936,0.900990,0.688882,31,0.00003802,1,0.121053,0.009681,0.232425,0.887272,0.989470,0.785075,0.879354,0.909713,0.848996,0.002182,0.013567,0.018543,0.020745,0.000000
teapot_droplets,nopen,725,3858.458,0.141096,0.794502,0.903728,0.685276,31,0.00003490,1,0.123872,0.007787,0.239957,0.885656,0.991523,0.779789,0.880239,0.910765,0.849713,0.001695,0.014108,0.017883,0.021240,0.000000
teapot_droplets,nopen,750,4122.295,0.142296,0.790527,0.901634,0.679420,31,0.00002597,1,0.124195,0.010944,0.237446,0.883955,0.988136,0.779774,0.876124,0.911502,0.840746,0.002412,0.013504,0.018308,0.021160,0.000000
teapot_droplets,nopen,775,4162.825,0.139360,0.795384,0.905733,0.685035,31,0.00007987,3,0.124047,0.011365,0.236729,0.884673,0.987745,0.781602,0.881614,0.916027,0.847202,0.002487,0.013615,0.017510,0.020873,0.000000
teapot_droplets,nopen,800,4428.741,0.137804,0.798485,0.907694,0.689275,34,0.00003225,1,0.125458,0.013469,0.237446,0.883903,0.985569,0.782237,0.886431,0.919920,0.852941,0.002826,0.013652,0.017042,0.020647,0.000000
teapot_droplets,nopen,825,4473.903,0.130567,0.804949,0.912128,0.697770,34,0.00007010,1,0.118346,0.014311,0.222382,0.888981,0.984767,0.793195,0.889061,0.925182,0.852941,0.003021,0.012500,0.016263,0.019482,0.000000
teapot_droplets,nopen,850,4759.583,0.125778,0.813518,0.914220,0.712816,33,0.00004381,1,0.115534,0.010839,0.220230,0.893184,0.988407,0.797960,0.896964,0.924129,0.869799,0.002264,0.012609,0.015779,0.018700,0.000000
teapot_droplets,nopen,875,4803.554,0.118968,0.824225,0.919596,0.728854,33,0.00007461,1,0.114341,0.011681,0.217001,0.895522,0.987601,0.803444,0.908677,0.930338,0.887016,0.002533,0.012267,0.014859,0.017380,0.000000
teapot_droplets,nopen,900,5088.656,0.116021,0.834023,0.916710,0.751337,33,0.00005490,2,0.110288,0.013259,0.207317,0.899947,0.985927,0.813968,0.917983,0.928865,0.907102,0.002954,0.011852,0.015416,0.015842,0.000000
teapot_droplets,nopen,925,5132.467,0.109094,0.843028,0.917031,0.769024,33,0.00009077,2,0.106388,0.010839,0.201937,0.904572,0.988443,0.820701,0.925644,0.926970,0.924319,0.002150,0.011440,0.015155,0.014394,0.000000
teapot_droplets,nopen,950,5418.049,0.109083,0.843889,0.920736,0.767042,33,0.00004414,2,0.111565,0.012943,0.210187,0.900843,0.986312,0.815375,0.930458,0.932653,0.928264,0.002511,0.011949,0.014352,0.014768,0.000000
teapot_droplets,nopen,975,5462.064,0.108758,0.844229,0.922621,0.765838,33,0.00003435,1,0.111703,0.011786,0.211621,0.900911,0.987532,0.814290,0.930700,0.933495,0.927905,0.002405,0.012023,0.014105,0.014926,0.000000
teapot_droplets,nopen,1000,5747.825,0.108033,0.846876,0.923541,0.770210,33,0.00002911,1,0.111419,0.011575,0.211263,0.901561,0.987761,0.815361,0.933579,0.934231,0.932927,0.002560,0.012011,0.014098,0.014621,0.000000
teapot_droplets,nopen,1025,5791.928,0.109632,0.845286,0.923357,0.767216,33,0.00003264,1,0.116027,0.013259,0.218795,0.898204,0.986026,0.810382,0.935339,0.935599,0.935079,0.002690,0.012535,0.013869,0.015055,0.000000
teapot_droplets,nopen,1050,6073.961,0.109505,0.846515,0.923301,0.769729,33,0.00001716,1,0.115300,0.012522,0.218077,0.899040,0.986782,0.811297,0.936226,0.934863,0.937590,0.002751,0.012451,0.014129,0.014768,0.000000
teapot_droplets,nopen,1075,6117.491,0.108931,0.847388,0.924685,0.770091,33,0.00001950,1,0.115006,0.011575,0.218436,0.899470,0.987776,0.811163,0.936848,0.935389,0.938307,0.002577,0.012522,0.013893,0.014864,0.000000
teapot_droplets,nopen,1100,6388.749,0.107332,0.849265,0.929299,0.769231,32,0.00002200,0,0.116883,0.012101,0.221664,0.898219,0.987297,0.809141,0.940143,0.940545,0.939742,0.002879,0.012679,0.013108,0.014885,0.000000
teapot_droplets,nopen,1125,6430.288,0.110979,0.844036,0.925707,0.762365,32,0.00001500,1,0.119171,0.012733,0.225610,0.896052,0.986600,0.805504,0.935927,0.937493,0.934362,0.002880,0.012895,0.013748,0.015354,0.000000
teapot_droplets,nopen,1150,6699.781,0.110038,0.844306,0.926034,0.762577,32,0.00002949,0,0.114628,0.010102,0.219154,0.899278,0.989316,0.809241,0.932544,0.935389,0.929699,0.002298,0.012720,0.013698,0.015466,0.000000
teapot_droplets,nopen,1175,6741.501,0.107664,0.846908,0.928177,0.765639,32,0.00001116,1,0.116125,0.010944,0.221306,0.898547,0.988471,0.808623,0.936707,0.938335,0.935079,0.002356,0.012726,0.013184,0.015161,0.000000
teapot_droplets,nopen,1200,7016.396,0.106358,0.849768,0.930191,0.769344,32,0.00002166,1,0.115312,0.011470,0.219154,0.899279,0.987956,0.810601,0.939405,0.940861,0.937948,0.002546,0.012672,0.012850,0.014989,0.000000
teapot_droplets,nopen,1225,7058.158,0.108399,0.847635,0.928973,0.766298,32,0.00001064,1,0.122158,0.011891,0.232425,0.895004,0.987508,0.802499,0.942212,0.940019,0.944405,0.002474,0.013329,0.012975,0.015254,0.000000
teapot_droplets,nopen,1250,7327.222,0.107752,0.850016,0.925648,0.774383,32,0.00010238,1,0.115735,0.010523,0.220947,0.899727,0.988875,0.810578,0.940435,0.935389,0.945481,0.002347,0.012749,0.013704,0.014642,0.000000
teapot_droplets,nopen,1275,7369.048,0.106925,0.851324,0.926705,0.775943,32,0.00012470,1,0.113688,0.010733,0.216643,0.901010,0.988670,0.813350,0.940349,0.936652,0.944046,0.002377,0.012667,0.013410,0.014680,0.000000
teapot_droplets,nopen,1300,7641.080,0.106418,0.850706,0.928765,0.772647,32,0.00014708,2,0.114965,0.010418,0.219512,0.900037,0.989021,0.811053,0.940347,0.938440,0.942253,0.002345,0.012794,0.013080,0.014788,0.000000
teapot_droplets,nopen,1325,7683.021,0.110539,0.845445,0.926647,0.764244,32,0.00012600,2,0.122612,0.011365,0.233859,0.894649,0.988019,0.801280,0.940074,0.937178,0.942970,0.002356,0.013612,0.013291,0.015542,0.000000
teapot_droplets,nopen,1350,7954.338,0.111250,0.844125,0.929270,0.758980,32,0.00014425,2,0.124922,0.011681,0.238164,0.892768,0.987728,0.797808,0.939933,0.940124,0.939742,0.002354,0.013975,0.012819,0.016066,0.000000
teapot_droplets,nopen,1375,7996.580,0.113203,0.842294,0.928118,0.756469,32,0.00015115,2,0.129532,0.011575,0.247489,0.890026,0.987821,0.792231,0.941274,0.938861,0.943687,0.002465,0.014312,0.013092,0.016219,0.000000
teapot_droplets,nopen,1400,8265.625,0.113779,0.840896,0.926385,0.755408,32,0.00011487,3,0.127086,0.010628,0.243544,0.891446,0.988775,0.794118,0.937807,0.936231,0.939383,0.002200,0.014249,0.013352,0.016323,0.000000
teapot_droplets,nopen,1425,8307.667,0.112735,0.844744,0.930155,0.759334,32,0.00014440,2,0.129934,0.010944,0.248924,0.890293,0.988496,0.792091,0.944342,0.940335,0.948350,0.002463,0.014515,0.012822,0.016234,0.000000
teapot_droplets,nopen,1450,8579.492,0.117118,0.841325,0.926064,0.756586,32,0.00013461,2,0.132937,0.013364,0.252511,0.887779,0.985959,0.789600,0.943037,0.938440,0.947633,0.002980,0.014812,0.013586,0.016526,0.000000
teapot_droplets,nopen,1475,8620.948,0.119187,0.836758,0.929651,0.743865,32,0.00014700,1,0.140601,0.009681,0.271521,0.883375,0.989791,0.776959,0.942245,0.938651,0.945839,0.002206,0.015925,0.012953,0.017676,0.000000
teapot_droplets,nopen,1500,8892.684,0.127357,0.827519,0.921648,0.733389,32,0.00026373,4,0.149394,0.013996,0.284792,0.876575,0.985245,0.767904,0.938400,0.934547,0.942253,0.002967,0.016477,0.014334,0.018334,0.000000
teapot_droplets,penalty,1,1.386,0.883136,0.184212,0.187488,0.180936,20,0.00009523,0,0.477185,0.106808,0.847561,0.471523,0.660194,0.282853,0.270902,0.207513,0.334290,0.025029,0.049990,0.172524,0.084323,0.010000
teapot_droplets,penalty,25,26.734,0.652818,0.305707,0.270881,0.340532,20,0.00003389,2,0.240124,0.051984,0.428264,0.688743,0.845721,0.531765,0.385666,0.284963,0.486370,0.011983,0.024973,0.147048,0.052072,0.010000
teapot_droplets,penalty,50,190.469,0.544945,0.409659,0.387217,0.432102,23,0.00033081,2,0.212113,0.045459,0.378766,0.755189,0.899042,0.611336,0.500294,0.404820,0.595768,0.010598,0.021625,0.122754,0.042706,0.010000
teapot_droplets,penalty,75,219.625,0.480107,0.460991,0.479158,0.442823,23,0.00026607,4,0.198504,0.045144,0.351865,0.773560,0.917309,0.629811,0.549713,0.500789,0.598637,0.010075,0.020055,0.103852,0.041057,0.010000
teapot_droplets,penalty,100,378.792,0.414782,0.511390,0.561366,0.461414,22,0.00036476,3,0.180787,0.032306,0.329268,0.798941,0.947196,0.650685,0.596422,0.579501,0.613343,0.007480,0.018510,0.086522,0.038659,0.010000
teapot_droplets,penalty,125,407.006,0.373164,0.545548,0.605525,0.485572,22,0.00028196,2,0.158653,0.024624,0.292683,0.821911,0.961827,0.681995,0.624063,0.620436,0.627690,0.005630,0.016583,0.077082,0.036134,0.010000
teapot_droplets,penalty,150,571.264,0.332536,0.584923,0.650288,0.519558,20,0.00001982,2,0.143498,0.021572,0.265423,0.840473,0.968549,0.712398,0.660889,0.664317,0.657461,0.004888,0.014950,0.068005,0.032917,0.010000
teapot_droplets,penalty,175,597.030,0.312293,0.605079,0.675665,0.534493,20,0.00000354,1,0.139806,0.021362,0.258250,0.846259,0.969975,0.722543,0.681311,0.690098,0.672525,0.004723,0.014511,0.062843,0.031636,0.010000
teapot_droplets,penalty,200,763.569,0.297010,0.620254,0.707081,0.533428,20,0.00000139,1,0.144277,0.022414,0.266141,0.843631,0.969928,0.717333,0.699162,0.722930,0.675395,0.005081,0.015031,0.056936,0.032011,0.010000
teapot_droplets,penalty,225,789.762,0.286545,0.628535,0.732132,0.524937,20,0.00001768,0,0.154543,0.021783,0.287303,0.836691,0.971706,0.701676,0.711916,0.748080,0.675753,0.004815,0.016189,0.051873,0.033135,0.010000
teapot_droplets,penalty,250,955.799,0.271820,0.641736,0.758312,0.525160,20,0.00002629,1,0.156240,0.022309,0.290172,0.836088,0.972028,0.700148,0.726388,0.775229,0.677547,0.004942,0.016359,0.046786,0.033164,0.010000
teapot_droplets,penalty,275,981.959,0.262910,0.651652,0.764191,0.539113,20,0.00002959,0,0.145776,0.021467,0.270086,0.845183,0.973235,0.717130,0.732658,0.780596,0.684720,0.004829,0.015378,0.045717,0.031809,0.010000
teapot_droplets,penalty,300,1150.676,0.249062,0.662226,0.773036,0.551415,20,0.00002678,1,0.131346,0.020941,0.241750,0.856608,0.974152,0.739063,0.736972,0.789224,0.684720,0.004491,0.013687,0.043728,0.030197,0.010000
teapot_droplets,penalty,325,1177.284,0.244457,0.667037,0.782528,0.551546,20,0.00003772,2,0.136989,0.021467,0.252511,0.853083,0.973846,0.732319,0.745072,0.799327,0.690818,0.004706,0.014102,0.041845,0.030227,0.010000
teapot_droplets,penalty,350,1344.889,0.241490,0.671151,0.790558,0.551744,20,0.00002567,0,0.140740,0.016416,0.265065,0.852373,0.979979,0.724767,0.750764,0.803536,0.697991,0.003487,0.015247,0.040149,0.030975,0.010000
teapot_droplets,penalty,375,1370.462,0.233792,0.678770,0.795325,0.562215,20,0.00001729,1,0.134826,0.012838,0.256815,0.858873,0.984313,0.733433,0.756067,0.805535,0.706600,0.002808,0.014718,0.039166,0.029998,0.010000
teapot_droplets,penalty,400,1529.667,0.224642,0.688619,0.800686,0.576553,20,0.00001307,0,0.121534,0.013154,0.229914,0.869600,0.984044,0.755157,0.760164,0.811218,0.709110,0.002930,0.013346,0.038188,0.028551,0.010000
teapot_droplets,penalty,425,1554.472,0.225138,0.689316,0.803381,0.575252,20,0.00003764,0,0.130573,0.014732,0.246413,0.863239,0.982249,0.744229,0.766109,0.815216,0.717001,0.003217,0.014144,0.037495,0.028862,0.010000
teapot_droplets,penalty,450,1716.358,0.219823,0.697422,0.805336,0.589507,20,0.00001787,0,0.128918,0.013575,0.244261,0.866913,0.983642,0.750183,0.774885,0.816269,0.733501,0.002861,0.014008,0.037156,0.027680,0.010000
teapot_droplets,penalty,475,1741.038,0.212374,0.708500,0.809326,0.607675,20,0.00000463,0,0.131780,0.011049,0.252511,0.868781,0.986677,0.750885,0.789693,0.818268,0.761119,0.002189,0.014253,0.036204,0.026365,0.010000
teapot_droplets,penalty,500,1899.309,0.207904,0.714422,0.810898,0.617945,20,0.00000674,0,0.124618,0.009997,0.239240,0.874948,0.987941,0.761956,0.792393,0.819005,0.765782,0.001974,0.013673,0.035883,0.025594,0.010000
teapot_droplets,penalty,525,1924.161,0.202390,0.720028,0.817081,0.622975,20,0.00000946,0,0.123745,0.007892,0.239598,0.876856,0.990508,0.763205,0.797884,0.823529,0.772238,0.001640,0.013618,0.034714,0.025118,0.010000
teapot_droplets,penalty,550,2084.647,0.197943,0.723190,0.820832,0.625548,20,0.00001975,0,0.117153,0.007261,0.227044,0.881511,0.991294,0.771727,0.797183,0.826792,0.767575,0.001516,0.012926,0.033978,0.024778,0.010000
teapot_droplets,penalty,575,2109.998,0.195844,0.726951,0.833924,0.619977,20,0.00003767,0,0.129503,0.009365,0.249641,0.872649,0.988996,0.756303,0.808242,0.841734,0.774749,0.002004,0.014412,0.031380,0.025685,0.010000
teapot_droplets,penalty,600,2275.790,0.194140,0.731564,0.840911,0.622216,20,0.00001673,1,0.133731,0.011365,0.256098,0.870005,0.986813,0.753197,0.816016,0.850468,0.781564,0.002583,0.014766,0.030360,0.025675,0.010000
teapot_droplets,penalty,625,2301.509,0.193600,0.732554,0.842494,0.622615,20,0.00002631,1,0.136082,0.012838,0.259326,0.868319,0.985178,0.751461,0.818692,0.853309,0.784075,0.002806,0.014947,0.029899,0.025752,0.010000
teapot_droplets,penalty,650,2466.680,0.190593,0.735196,0.841656,0.628736,20,0.00001255,1,0.129838,0.011470,0.248207,0.873214,0.986706,0.759722,0.818051,0.851310,0.784792,0.002648,0.014198,0.030058,0.025047,0.010000
teapot_droplets,penalty,675,2491.985,0.192399,0.733335,0.839049,0.627620,20,0.00003965,0,0.129377,0.009471,0.249283,0.873853,0.988942,0.758764,0.815535,0.846996,0.784075,0.002171,0.014394,0.030545,0.025296,0.010000
teapot_droplets,penalty,700,2656.640,0.193315,0.731222,0.837979,0.624465,20,0.00003418,0,0.132944,0.007997,0.257891,0.871728,0.990621,0.752836,0.815095,0.844681,0.785509,0.001744,0.014750,0.030692,0.025491,0.010000
teapot_droplets,penalty,725,2682.136,0.192398,0.734292,0.841238,0.627345,20,0.00003396,0,0.135654,0.009471,0.261836,0.870209,0.988971,0.751447,0.820406,0.849206,0.791607,0.002130,0.014934,0.030152,0.025441,0.010000
teapot_droplets,penalty,750,2844.822,0.194427,0.732736,0.843919,0.621553,20,0.00003306,0,0.142689,0.010628,0.274749,0.865106,0.987692,0.742521,0.822606,0.852889,0.792324,0.002240,0.015914,0.029425,0.026300,0.010000
teapot_droplets,penalty,775,2870.283,0.199295,0.725965,0.846892,0.605037,20,0.00014299,1,0.152428,0.008945,0.295911,0.857823,0.989640,0.726005,0.819271,0.854467,0.784075,0.002008,0.017072,0.029093,0.027765,0.010000
teapot_droplets,penalty,800,3035.238,0.201356,0.725268,0.836511,0.614025,20,0.00004488,1,0.144293,0.009892,0.278694,0.863229,0.988426,0.738031,0.814968,0.844786,0.785151,0.002163,0.016161,0.031118,0.026828,0.010000
teapot_droplets,penalty,825,3060.957,0.198655,0.731247,0.826622,0.635871,20,0.00004874,0,0.133313,0.008734,0.257891,0.872911,0.989634,0.756189,0.816849,0.833842,0.799857,0.001930,0.014938,0.032921,0.024852,0.010000
teapot_droplets,penalty,850,3227.584,0.212640,0.719798,0.830853,0.608743,20,0.00001181,2,0.165981,0.010944,0.321019,0.850917,0.987138,0.714696,0.822053,0.839945,0.804161,0.002342,0.018754,0.032127,0.028202,0.010000
teapot_droplets,penalty,875,3253.763,0.215647,0.716348,0.839954,0.592741,20,0.00005490,1,0.177933,0.011891,0.343974,0.842315,0.986203,0.698428,0.823285,0.849942,0.796628,0.002551,0.020204,0.030408,0.030084,0.010000
teapot_droplets,penalty,900,3419.844,0.213459,0.716962,0.844657,0.589267,20,0.00004355,1,0.180718,0.011365,0.350072,0.840649,0.986871,0.694427,0.824904,0.854257,0.795552,0.002437,0.020383,0.029394,0.030339,0.010000
teapot_droplets,penalty,925,3445.713,0.242637,0.706593,0.820747,0.592438,20,0.00005379,1,0.206132,0.036725,0.375538,0.821584,0.958625,0.684544,0.832905,0.850889,0.814921,0.008500,0.021936,0.035022,0.030627,0.010000
teapot_droplets,penalty,950,3608.793,0.219889,0.723665,0.817097,0.630234,21,0.00008926,1,0.171083,0.022940,0.319225,0.847928,0.973288,0.722569,0.833631,0.835841,0.831420,0.005156,0.018484,0.034968,0.026488,0.010000
teapot_droplets,penalty,975,3635.928,0.201123,0.736578,0.838930,0.634226,21,0.00000431,0,0.163655,0.015258,0.312052,0.854837,0.982401,0.727273,0.841934,0.851731,0.832138,0.003416,0.017774,0.030635,0.025809,0.010000
teapot_droplets,penalty,1000,3809.409,0.201643,0.737527,0.847619,0.627435,21,0.00001513,0,0.171101,0.016521,0.325681,0.849905,0.981186,0.718624,0.846701,0.861623,0.831779,0.003520,0.019056,0.028905,0.027018,0.010000
teapot_droplets,prune,1,1.369,0.883136,0.184212,0.187488,0.180936,20,0.00009523,0,0.477185,0.106808,0.847561,0.471523,0.660194,0.282853,0.270902,0.207513,0.334290,0.025029,0.049990,0.172524,0.084323,0.000100
teapot_droplets,prune,25,25.141,0.652818,0.305707,0.270881,0.340532,20,0.00003389,2,0.240124,0.051984,0.428264,0.688743,0.845721,0.531765,0.385666,0.284963,0.486370,0.011983,0.024973,0.147048,0.052072,0.000100
teapot_droplets,prune,50,179.907,0.545036,0.409559,0.387016,0.432102,23,0.00033081,2,0.212113,0.045459,0.378766,0.755165,0.898995,0.611336,0.500188,0.404609,0.595768,0.010598,0.021625,0.122784,0.042706,0.000100
teapot_droplets,prune,75,207.348,0.480000,0.461142,0.479460,0.442823,23,0.00026607,4,0.198504,0.045144,0.351865,0.773584,0.917357,0.629811,0.549871,0.501105,0.598637,0.010075,0.020039,0.103838,0.041043,0.000100
teapot_droplets,prune,100,357.016,0.413445,0.511646,0.565240,0.458052,22,0.00036476,3,0.180966,0.032306,0.329627,0.798187,0.947539,0.648835,0.596269,0.583500,0.609039,0.007500,0.018522,0.085773,0.038946,0.000100
teapot_droplets,prune,125,383.405,0.375475,0.540111,0.605090,0.475132,22,0.00024007,2,0.158125,0.025360,0.290890,0.819516,0.960730,0.678302,0.616889,0.620436,0.613343,0.005736,0.016401,0.077324,0.036710,0.000100
teapot_droplets,prune,150,540.954,0.334332,0.572694,0.656298,0.489090,23,0.00009036,3,0.143730,0.021677,0.265782,0.834159,0.968683,0.699635,0.644803,0.670525,0.619082,0.004758,0.014850,0.066650,0.034969,0.000100
teapot_droplets,prune,175,569.083,0.310746,0.594126,0.706234,0.482018,23,0.00003129,2,0.153921,0.021256,0.286585,0.827656,0.971372,0.683940,0.670702,0.721246,0.620158,0.004792,0.016199,0.056837,0.036242,0.000100
teapot_droplets,prune,200,752.967,0.299103,0.609284,0.728953,0.489615,26,0.00001226,1,0.160067,0.024939,0.295194,0.825030,0.967698,0.682362,0.690639,0.747132,0.634146,0.005674,0.016598,0.052735,0.035827,0.000100
teapot_droplets,prune,225,785.027,0.279985,0.639170,0.763363,0.514978,26,0.00003755,1,0.172374,0.027675,0.317073,0.823683,0.965924,0.681441,0.731377,0.784489,0.678264,0.006458,0.018217,0.046184,0.034798,0.000100
teapot_droplets,prune,250,993.987,0.281710,0.653641,0.765450,0.541832,26,0.00002114,1,0.195462,0.031885,0.359039,0.816716,0.961199,0.672233,0.763113,0.789856,0.736370,0.007289,0.020874,0.045777,0.034040,0.000100
teapot_droplets,prune,275,1025.703,0.271046,0.679683,0.774568,0.584798,26,0.00005703,2,0.210892,0.034410,0.387374,0.817831,0.958821,0.676840,0.806277,0.801221,0.811334,0.007811,0.022420,0.044115,0.031105,0.000100
teapot_droplets,prune,300,1226.559,0.251866,0.696854,0.785336,0.608371,28,0.00002619,1,0.189383,0.033358,0.345409,0.831877,0.960518,0.703236,0.815021,0.811533,0.818508,0.007551,0.019930,0.041688,0.028521,0.000100
teapot_droplets,prune,325,1261.067,0.224374,0.722850,0.839431,0.606268,28,0.00007716,2,0.198685,0.035462,0.361908,0.828029,0.960800,0.695258,0.847440,0.869199,0.825681,0.008086,0.021144,0.031013,0.029145,0.000100
teapot_droplets,prune,350,1479.424,0.212720,0.735384,0.853393,0.617375,30,0.00010063,1,0.196313,0.034305,0.358321,0.831609,0.962589,0.700629,0.860631,0.882669,0.838594,0.007826,0.020770,0.028381,0.028205,0.000100
teapot_droplets,prune,375,1516.817,0.196448,0.748248,0.861404,0.635091,30,0.00000982,2,0.179687,0.026518,0.332855,0.844323,0.970884,0.717762,0.865366,0.884247,0.846485,0.005988,0.019347,0.026507,0.026305,0.000100
teapot_droplets,prune,400,1737.987,0.180685,0.759518,0.869951,0.649084,27,0.00000314,2,0.165571,0.018731,0.312410,0.855486,0.979302,0.731670,0.869056,0.886246,0.851865,0.004138,0.017818,0.024673,0.024576,0.000100
teapot_droplets,prune,425,1771.315,0.174393,0.767630,0.867303,0.667956,27,0.00008829,3,0.155946,0.013469,0.298422,0.864454,0.984907,0.744000,0.873137,0.878986,0.867288,0.002871,0.017074,0.025066,0.023072,0.000100
teapot_droplets,prune,450,1986.578,0.168192,0.773342,0.874636,0.672049,30,0.00015712,2,0.149503,0.010628,0.288379,0.869137,0.988119,0.750155,0.874893,0.883931,0.865854,0.002237,0.016827,0.023644,0.022852,0.000100
teapot_droplets,prune,475,2024.014,0.155238,0.786330,0.897059,0.675601,30,0.00009598,3,0.153504,0.008945,0.298063,0.868276,0.990214,0.746337,0.891028,0.905083,0.876973,0.001924,0.017318,0.019351,0.022751,0.000100
teapot_droplets,prune,500,2259.457,0.156158,0.784566,0.905182,0.663950,29,0.00008119,5,0.166780,0.013259,0.320301,0.859072,0.985750,0.732394,0.896899,0.917184,0.876614,0.002841,0.018446,0.017615,0.023775,0.000100
teapot_droplets,prune,525,2295.355,0.162444,0.781737,0.893494,0.669981,29,0.00014884,4,0.159703,0.020625,0.298780,0.861142,0.977883,0.744400,0.891040,0.911923,0.870158,0.004741,0.017178,0.020215,0.022939,0.000100
teapot_droplets,prune,550,2526.465,0.170749,0.776577,0.884363,0.668790,29,0.00014158,3,0.161750,0.028307,0.295194,0.857822,0.969813,0.745831,0.887805,0.909397,0.866212,0.006440,0.016903,0.022181,0.023030,0.000100
teapot_droplets,prune,575,2562.151,0.172752,0.777807,0.883669,0.671944,29,0.00010438,2,0.163040,0.034831,0.291248,0.855996,0.963308,0.748685,0.891048,0.914448,0.867647,0.008087,0.016765,0.022321,0.022813,0.000100
teapot_droplets,prune,600,2784.103,0.155874,0.791347,0.899253,0.683441,31,0.00003668,4,0.151803,0.027781,0.275825,0.865253,0.970819,0.759687,0.898093,0.924234,0.871951,0.006359,0.015919,0.019084,0.021727,0.000100
teapot_droplets,prune,625,2822.557,0.146060,0.794890,0.909769,0.680011,31,0.00012833,2,0.152978,0.015784,0.290172,0.867333,0.983206,0.751459,0.900730,0.924129,0.877331,0.003461,0.016575,0.016699,0.021939,0.000100
teapot_droplets,prune,650,3058.907,0.140527,0.801915,0.920348,0.683481,29,0.00022006,1,0.154372,0.014627,0.294118,0.867517,0.984578,0.750456,0.909158,0.933810,0.884505,0.003293,0.016917,0.014757,0.021929,0.000100
teapot_droplets,prune,675,3094.661,0.151338,0.796938,0.910917,0.682960,29,0.00020840,2,0.167634,0.021783,0.313486,0.859085,0.977132,0.741037,0.913909,0.930759,0.897059,0.004854,0.018131,0.016538,0.022367,0.000100
teapot_droplets,prune,700,3314.571,0.145874,0.801586,0.910313,0.692859,28,0.00006509,0,0.159095,0.017258,0.300933,0.865703,0.981705,0.749702,0.913693,0.926023,0.901363,0.003670,0.017309,0.016707,0.021413,0.000100
teapot_droplets,prune,725,3347.712,0.151847,0.799277,0.903783,0.694771,28,0.00000204,0,0.164232,0.018205,0.310258,0.863207,0.980601,0.745813,0.915283,0.920236,0.910330,0.004155,0.017900,0.018083,0.021505,0.000100
teapot_droplets,prune,750,3565.745,0.146781,0.804091,0.907358,0.700824,28,0.00000275,0,0.160532,0.015469,0.305595,0.866561,0.983489,0.749633,0.918193,0.921393,0.914993,0.003523,0.017583,0.017407,0.020966,0.000100
teapot_droplets,prune,775,3599.307,0.141618,0.810303,0.901540,0.719066,28,0.00000421,0,0.143258,0.011049,0.275466,0.878523,0.988023,0.769023,0.914323,0.911502,0.917145,0.002449,0.016097,0.018486,0.019446,0.000100
teapot_droplets,prune,800,3818.211,0.133659,0.816053,0.910835,0.721270,28,0.00000898,0,0.142796,0.009050,0.276542,0.879636,0.990249,0.769023,0.919905,0.919078,0.920732,0.001930,0.015952,0.016595,0.019014,0.000100
teapot_droplets,prune,825,3851.697,0.129393,0.821108,0.913062,0.729155,28,0.00000263,0,0.137088,0.009471,0.264706,0.883401,0.989829,0.776972,0.921938,0.921709,0.922166,0.002083,0.015250,0.016193,0.018271,0.000100
teapot_droplets,prune,850,4069.425,0.131112,0.819692,0.917162,0.722222,28,0.00000367,0,0.147342,0.009892,0.284792,0.877296,0.989433,0.765158,0.927070,0.926234,0.927905,0.002125,0.016424,0.015331,0.019098,0.000100
teapot_droplets,prune,875,4102.683,0.129518,0.822192,0.918542,0.725843,28,0.00000105,0,0.143554,0.010207,0.276901,0.879542,0.989119,0.769964,0.927373,0.927917,0.926829,0.002254,0.016134,0.015117,0.018861,0.000100
teapot_droplets,prune,900,4319.328,0.128824,0.822005,0.924255,0.719756,28,0.00000244,0,0.151340,0.009997,0.292683,0.875054,0.989404,0.760704,0.931955,0.933495,0.930416,0.002215,0.016905,0.014069,0.019311,0.000100
teapot_droplets,prune,925,4352.675,0.126008,0.824059,0.927252,0.720866,28,0.00000114,0,0.150445,0.008208,0.292683,0.876140,0.991297,0.760984,0.933357,0.934863,0.931851,0.001796,0.016923,0.013371,0.019272,0.000100
teapot_droplets,prune,950,4568.006,0.123716,0.828108,0.930427,0.725789,28,0.00000261,0,0.152555,0.008839,0.296270,0.875591,0.990671,0.760510,0.939734,0.938651,0.940818,0.001946,0.017073,0.012819,0.018909,0.000100
teapot_droplets,prune,975,4601.292,0.132935,0.822587,0.921599,0.723575,28,0.00000184,1,0.157500,0.018731,0.296270,0.870197,0.980440,0.759954,0.938405,0.938861,0.937948,0.004116,0.017169,0.014456,0.019213,0.000100
teapot_droplets,prune,1000,4817.506,0.136530,0.820984,0.919531,0.722437,28,0.00000013,1,0.161958,0.022624,0.301291,0.866900,0.976505,0.757296,0.940218,0.940335,0.940100,0.005061,0.017373,0.014986,0.019307,0.000100
teapot_droplets,prune,1025,4851.504,0.136625,0.821356,0.919038,0.723673,28,0.00000329,0,0.164361,0.024203,0.304519,0.865518,0.974932,0.756105,0.942664,0.941282,0.944046,0.005251,0.017485,0.014946,0.019227,0.000100
teapot_droplets,prune,1050,5062.130,0.137363,0.821567,0.918824,0.724309,28,0.00000096,0,0.161260,0.024098,0.298422,0.867075,0.975030,0.759120,0.940713,0.940966,0.940459,0.005335,0.017421,0.015050,0.019359,0.000100
teapot_droplets,prune,1075,5096.027,0.135577,0.820128,0.921454,0.718802,28,0.00000200,0,0.163541,0.022204,0.304878,0.865830,0.976970,0.754690,0.939931,0.941913,0.937948,0.004837,0.017573,0.014412,0.019575,0.000100
teapot_droplets,prune,1100,5313.969,0.133138,0.822439,0.926970,0.717907,31,0.00000000,0,0.167364,0.018731,0.315997,0.864955,0.980551,0.749360,0.944548,0.944333,0.944763,0.004083,0.018236,0.013346,0.019874,0.000100
teapot_droplets,prune,1125,5351.408,0.124439,0.829164,0.930626,0.727701,31,0.00000922,1,0.154047,0.013259,0.294835,0.873902,0.986134,0.761670,0.942609,0.942965,0.942253,0.002889,0.017098,0.012566,0.018918,0.000100
teapot_droplets,prune,1150,5580.941,0.120540,0.833985,0.932494,0.735475,29,0.00000790,1,0.147878,0.011681,0.284075,0.878265,0.987770,0.768759,0.943895,0.943386,0.944405,0.002642,0.016472,0.012433,0.018188,0.000100
teapot_droplets,prune,1175,5616.021,0.120399,0.831725,0.930973,0.732477,29,0.00000896,1,0.147583,0.010733,0.284433,0.878289,0.988722,0.767857,0.940892,0.940966,0.940818,0.002269,0.016338,0.012602,0.018225,0.000100
teapot_droplets,prune,1200,5837.384,0.116252,0.836729,0.932979,0.740480,30,0.00000326,0,0.140548,0.009576,0.271521,0.883052,0.989936,0.776168,0.941724,0.941913,0.941535,0.001994,0.015776,0.012146,0.017719,0.000100
teapot_droplets,prune,1225,5873.076,0.118247,0.832508,0.935521,0.729494,30,0.00000717,0,0.143554,0.010207,0.276901,0.880083,0.989315,0.770852,0.938281,0.945070,0.931492,0.002226,0.016122,0.011655,0.018585,0.000100
teapot_droplets,prune,1250,6105.584,0.116652,0.833732,0.934168,0.733296,30,0.00006092,0,0.137743,0.008629,0.266858,0.883885,0.990925,0.776845,0.935605,0.942229,0.928981,0.001768,0.015658,0.011851,0.018306,0.000100
teapot_droplets,prune,1275,6141.326,0.118110,0.830085,0.939410,0.720761,30,0.00002325,1,0.145486,0.009050,0.281923,0.878377,0.990543,0.766211,0.935936,0.947911,0.923960,0.001953,0.016385,0.011014,0.019182,0.000100
teapot_droplets,prune,1300,6379.418,0.127073,0.821337,0.939536,0.703138,30,0.00000732,0,0.161122,0.007682,0.314562,0.869021,0.991951,0.746091,0.935536,0.946754,0.924319,0.001726,0.018496,0.011060,0.021186,0.000100
teapot_droplets,prune,1325,6416.167,0.124128,0.825801,0.919854,0.731749,30,0.00000215,1,0.137313,0.007050,0.267575,0.884278,0.992446,0.776110,0.926943,0.926339,0.927547,0.001467,0.015399,0.014849,0.018094,0.000100
teapot_droplets,prune,1350,6652.503,0.114980,0.835595,0.925810,0.745381,30,0.00000037,1,0.124759,0.007050,0.242468,0.892503,0.992495,0.792511,0.929225,0.932337,0.926112,0.001463,0.014056,0.013634,0.016934,0.000100
teapot_droplets,prune,1375,6688.770,0.114002,0.835634,0.933166,0.738102,30,0.00000686,1,0.132356,0.006103,0.258608,0.887891,0.993541,0.782241,0.933921,0.938861,0.928981,0.001304,0.014975,0.012219,0.017641,0.000100
teapot_droplets,prune,1400,6916.962,0.119242,0.829336,0.934099,0.724573,29,0.00000062,1,0.143853,0.007577,0.280129,0.880028,0.992014,0.768043,0.934362,0.941176,0.927547,0.001645,0.016082,0.012169,0.018715,0.000100
teapot_droplets,prune,1425,6951.826,0.130532,0.817212,0.919102,0.715322,29,0.00000070,1,0.146627,0.008103,0.285151,0.877291,0.991331,0.763252,0.922923,0.926550,0.919297,0.001673,0.016476,0.014871,0.019565,0.000100
teapot_droplets,prune,1450,7177.523,0.136989,0.810928,0.912957,0.708899,29,0.00000058,0,0.150405,0.007050,0.293759,0.874898,0.992390,0.757405,0.918269,0.919394,0.917145,0.001547,0.017023,0.016183,0.020195,0.000100
teapot_droplets,prune,1475,7212.365,0.134278,0.814492,0.911556,0.717428,29,0.00000149,0,0.140412,0.008945,0.271879,0.880405,0.990368,0.770442,0.916096,0.919710,0.912482,0.002051,0.015770,0.016551,0.019298,0.000100
teapot_droplets,prune,1500,7440.440,0.130168,0.817367,0.924977,0.709758,29,0.00000674,0,0.150032,0.009892,0.290172,0.874446,0.989522,0.759369,0.924918,0.934126,0.915710,0.002251,0.016744,0.013869,0.020021,0.000100
teapot_droplets,prune,1525,7475.958,0.130641,0.816133,0.923606,0.708659,29,0.00000664,1,0.146878,0.009681,0.284075,0.875908,0.989725,0.762091,0.921259,0.932548,0.909971,0.002159,0.016476,0.014123,0.020104,0.000100
teapot_droplets,prune,1550,7705.080,0.132911,0.812382,0.920597,0.704167,29,0.00000271,0,0.149886,0.008524,0.291248,0.874149,0.990903,0.757395,0.918849,0.928444,0.909254,0.001778,0.016851,0.014547,0.020441,0.000100
teapot_droplets,prune,1575,7740.180,0.138969,0.806687,0.915912,0.697463,29,0.00000132,1,0.155864,0.011154,0.300574,0.869606,0.988099,0.751114,0.916615,0.926129,0.907102,0.002372,0.017350,0.015460,0.021002,0.000100
teapot_droplets,prune,1600,7968.596,0.143481,0.803471,0.911111,0.695831,29,0.00000134,1,0.160556,0.013364,0.307747,0.866504,0.985732,0.747275,0.916629,0.923287,0.909971,0.002730,0.017738,0.016233,0.021360,0.000100
teapot_droplets,prune,1625,8003.764,0.143814,0.801232,0.912705,0.689759,29,0.00000000,0,0.161842,0.013785,0.309900,0.864963,0.985320,0.744605,0.914401,0.925287,0.903515,0.002924,0.017677,0.016098,0.021540,0.000100
teapot_droplets,prune,1650,8229.931,0.147545,0.799468,0.909440,0.689495,29,0.00000068,1,0.164489,0.014417,0.314562,0.863488,0.984614,0.742362,0.914468,0.922551,0.906385,0.003010,0.018136,0.016700,0.021908,0.000100
teapot_droplets,prune,1675,8265.365,0.146236,0.800396,0.910316,0.690476,29,0.00003131,1,0.162780,0.014943,0.310617,0.864276,0.984084,0.744467,0.914434,0.923919,0.904950,0.003180,0.017876,0.016558,0.021652,0.000100
dancer_guitar,nopen,1,1.574,0.742229,0.217108,0.245244,0.188971,20,0.00096609,0,0.284969,0.187025,0.382914,0.507242,0.608845,0.405639,0.276221,0.291111,0.261331,0.020082,0.048054,0.087845,0.125271,0.000000
dancer_guitar,nopen,25,27.083,0.481334,0.372694,0.370740,0.374647,20,0.00014238,0,0.119086,0.090331,0.147842,0.780758,0.817352,0.744164,0.417133,0.404229,0.430036,0.009597,0.018114,0.067040,0.079516,0.000000
dancer_guitar,nopen,50,188.454,0.380470,0.485607,0.472118,0.499096,23,0.00023460,1,0.091890,0.089715,0.094065,0.852280,0.851512,0.853049,0.530258,0.514473,0.546043,0.009399,0.011333,0.056004,0.060399,0.000000
dancer_guitar,nopen,75,217.412,0.326531,0.559942,0.527249,0.592636,23,0.00010579,0,0.087310,0.099979,0.074640,0.874027,0.852959,0.895096,0.608417,0.579963,0.636871,0.010537,0.009164,0.050594,0.048375,0.000000
dancer_guitar,nopen,100,406.773,0.287012,0.611991,0.582345,0.641636,26,0.00003120,0,0.081881,0.090741,0.073022,0.889555,0.875000,0.904110,0.661839,0.635188,0.688489,0.009534,0.008905,0.044150,0.042294,0.000000
dancer_guitar,nopen,125,440.002,0.252703,0.658464,0.625850,0.691077,26,0.00004602,0,0.077388,0.086430,0.068345,0.901248,0.887222,0.915273,0.709126,0.679943,0.738309,0.009257,0.008201,0.039584,0.035911,0.000000
dancer_guitar,nopen,150,639.563,0.224973,0.700477,0.665977,0.734976,27,0.00004700,0,0.078207,0.090946,0.065468,0.905799,0.888749,0.922849,0.754819,0.726545,0.783094,0.009719,0.007994,0.035305,0.030818,0.000000
dancer_guitar,nopen,175,673.929,0.199957,0.736418,0.705960,0.766875,27,0.00001990,0,0.077551,0.091973,0.063129,0.910771,0.893409,0.928133,0.793088,0.770889,0.815288,0.009721,0.007674,0.030984,0.026966,0.000000
dancer_guitar,nopen,200,875.239,0.169073,0.781316,0.760603,0.802029,27,0.00003705,0,0.076474,0.089099,0.063849,0.916633,0.902887,0.930379,0.840805,0.828372,0.853237,0.009429,0.007777,0.024989,0.022757,0.000000
dancer_guitar,nopen,225,909.811,0.148647,0.813969,0.798905,0.829034,27,0.00028630,1,0.076989,0.087251,0.066727,0.919281,0.908720,0.929841,0.876481,0.868610,0.884353,0.009389,0.008176,0.021013,0.019687,0.000000
dancer_guitar,nopen,250,1125.863,0.140921,0.826183,0.799141,0.853225,26,0.00016831,1,0.080579,0.098748,0.062410,0.917246,0.898907,0.935586,0.892264,0.878054,0.906475,0.010535,0.007681,0.021071,0.016755,0.000000
dancer_guitar,nopen,275,1158.951,0.137261,0.830810,0.806265,0.855354,26,0.00034567,2,0.082068,0.101006,0.063129,0.916462,0.897841,0.935084,0.898528,0.887703,0.909353,0.010609,0.007713,0.020187,0.016325,0.000000
dancer_guitar,nopen,300,1365.411,0.123301,0.845724,0.815408,0.876040,25,0.00016402,2,0.074546,0.089920,0.059173,0.924085,0.908118,0.940051,0.908303,0.888729,0.927878,0.009446,0.007143,0.019037,0.013731,0.000000
dancer_guitar,nopen,325,1397.109,0.126973,0.842957,0.809872,0.876041,25,0.00018060,2,0.075777,0.093821,0.057734,0.922791,0.904233,0.941348,0.906237,0.885855,0.926619,0.010019,0.007108,0.019868,0.013851,0.000000
dancer_guitar,nopen,350,1603.476,0.123876,0.847885,0.811502,0.884268,25,0.00016060,1,0.073800,0.092383,0.055216,0.924876,0.905621,0.944131,0.909782,0.886471,0.933094,0.009992,0.006910,0.019783,0.013021,0.000000
dancer_guitar,nopen,375,1635.449,0.121510,0.851336,0.810720,0.891952,25,0.00014516,1,0.076709,0.103059,0.050360,0.922827,0.896665,0.948989,0.915571,0.894272,0.936871,0.011026,0.006195,0.019922,0.011936,0.000000
dancer_guitar,nopen,400,1843.690,0.119234,0.854212,0.815946,0.892477,25,0.00005761,1,0.074577,0.102032,0.047122,0.925045,0.898093,0.951997,0.916866,0.899199,0.934532,0.010886,0.005890,0.019311,0.012032,0.000000
dancer_guitar,nopen,425,1875.767,0.118836,0.854474,0.814904,0.894043,25,0.00009801,1,0.077710,0.104701,0.050719,0.922293,0.895812,0.948774,0.919807,0.900226,0.939388,0.011041,0.006140,0.019378,0.011621,0.000000
dancer_guitar,nopen,450,2084.571,0.120958,0.851899,0.810971,0.892827,25,0.00009332,1,0.079160,0.107781,0.050540,0.920875,0.892879,0.948872,0.918164,0.898378,0.937950,0.011275,0.006140,0.019787,0.011803,0.000000
dancer_guitar,nopen,475,2116.856,0.124177,0.849425,0.808436,0.890413,25,0.00011087,2,0.081648,0.114556,0.048741,0.918799,0.887204,0.950394,0.917430,0.901047,0.933813,0.011955,0.005985,0.020137,0.012259,0.000000
dancer_guitar,nopen,500,2325.744,0.126075,0.845434,0.803427,0.887442,25,0.00013732,1,0.082085,0.114350,0.049820,0.917991,0.886743,0.949240,0.913477,0.895299,0.931655,0.012100,0.005871,0.020815,0.012193,0.000000
dancer_guitar,nopen,525,2358.044,0.130272,0.839266,0.800332,0.878200,25,0.00008084,2,0.079723,0.112503,0.046942,0.919622,0.887820,0.951424,0.904898,0.890372,0.919424,0.011885,0.005738,0.021050,0.013543,0.000000
dancer_guitar,nopen,550,2565.764,0.132345,0.835369,0.796491,0.874247,25,0.00003171,1,0.078592,0.111681,0.045504,0.920287,0.887997,0.952577,0.899737,0.885444,0.914029,0.011635,0.005661,0.021324,0.014136,0.000000
dancer_guitar,nopen,575,2598.073,0.130811,0.837974,0.801441,0.874506,25,0.00006133,1,0.079569,0.111476,0.047662,0.919663,0.888775,0.950550,0.903485,0.890782,0.916187,0.011586,0.005847,0.020829,0.014044,0.000000
dancer_guitar,nopen,600,2803.819,0.123531,0.845000,0.807486,0.882515,28,0.00003220,0,0.076025,0.107986,0.044065,0.923330,0.892301,0.954359,0.908043,0.894683,0.921403,0.011325,0.005238,0.020088,0.012800,0.000000
dancer_guitar,nopen,625,2840.381,0.115631,0.855528,0.817524,0.893532,28,0.00004025,2,0.071582,0.105933,0.037230,0.928251,0.895122,0.961381,0.915463,0.904126,0.926799,0.011270,0.004384,0.019186,0.011521,0.000000
dancer_guitar,nopen,650,3052.625,0.109221,0.862142,0.820283,0.904000,27,0.00001720,1,0.067692,0.101211,0.034173,0.931990,0.899244,0.964736,0.919099,0.903305,0.934892,0.010719,0.004093,0.018738,0.010259,0.000000
dancer_guitar,nopen,675,3087.721,0.104705,0.867481,0.825397,0.909565,27,0.00001608,0,0.066768,0.099364,0.034173,0.933125,0.901305,0.964945,0.924029,0.907411,0.940647,0.010482,0.003988,0.018150,0.009513,0.000000
dancer_guitar,nopen,700,3306.284,0.106027,0.866870,0.829391,0.904349,26,0.00001284,2,0.070094,0.102238,0.037950,0.930278,0.899414,0.961142,0.926428,0.914186,0.938669,0.010776,0.004290,0.017771,0.010036,0.000000
dancer_guitar,nopen,725,3340.102,0.104472,0.868552,0.830941,0.906163,26,0.00004131,4,0.067255,0.101417,0.033094,0.933049,0.900242,0.965856,0.925682,0.915212,0.936151,0.010573,0.003968,0.017434,0.010109,0.000000
dancer_guitar,nopen,750,3553.954,0.102026,0.871592,0.830784,0.912400,26,0.00001861,2,0.066562,0.100390,0.032734,0.933740,0.901052,0.966427,0.928226,0.914186,0.942266,0.010526,0.003819,0.017495,0.009337,0.000000
dancer_guitar,nopen,775,3587.905,0.101114,0.871831,0.830852,0.912809,26,0.00001976,1,0.068359,0.103264,0.033453,0.932252,0.898752,0.965752,0.929997,0.916650,0.943345,0.010605,0.003870,0.017358,0.009104,0.000000
dancer_guitar,nopen,800,3803.855,0.096751,0.878378,0.835079,0.921678,25,0.00001539,3,0.063352,0.097927,0.028777,0.937022,0.903500,0.970545,0.932528,0.916855,0.948201,0.010274,0.003562,0.017036,0.008292,0.000000
dancer_guitar,nopen,825,3836.985,0.097668,0.876858,0.834052,0.919665,25,0.00002115,2,0.062352,0.094847,0.029856,0.937673,0.905906,0.969440,0.930141,0.913160,0.947122,0.010011,0.003618,0.017166,0.008571,0.000000
dancer_guitar,nopen,850,4050.258,0.096629,0.878402,0.831176,0.925628,25,0.00005953,1,0.062326,0.094436,0.030216,0.937618,0.905950,0.969287,0.931633,0.909669,0.953597,0.010135,0.003603,0.017617,0.007710,0.000000
dancer_guitar,nopen,875,4083.445,0.096981,0.878265,0.827160,0.929369,25,0.00003680,1,0.064405,0.097516,0.031295,0.935691,0.903002,0.968381,0.933138,0.907822,0.958453,0.010172,0.003852,0.017857,0.007449,0.000000
dancer_guitar,nopen,900,4295.355,0.095587,0.880560,0.825388,0.935732,25,0.00004665,2,0.063994,0.098132,0.029856,0.936129,0.902309,0.969949,0.935027,0.906385,0.963669,0.010320,0.003606,0.018121,0.006767,0.000000
dancer_guitar,nopen,925,4328.378,0.094050,0.881820,0.826632,0.937008,25,0.00006295,1,0.062799,0.097721,0.027878,0.937324,0.902778,0.971869,0.935270,0.907411,0.963129,0.010234,0.003412,0.017942,0.006571,0.000000
dancer_guitar,nopen,950,4541.690,0.097064,0.878352,0.824949,0.931755,25,0.00005376,1,0.065407,0.097721,0.033094,0.934681,0.902599,0.966763,0.934077,0.905564,0.962590,0.010223,0.003955,0.018147,0.007106,0.000000
dancer_guitar,nopen,975,4575.081,0.099099,0.872036,0.828046,0.916027,25,0.00005083,1,0.061916,0.093615,0.030216,0.937641,0.906308,0.968975,0.924634,0.905564,0.943705,0.009595,0.003577,0.017580,0.008855,0.000000
dancer_guitar,nopen,1000,4790.917,0.099583,0.873492,0.833584,0.913400,25,0.00007757,1,0.061365,0.090536,0.032194,0.938204,0.909427,0.966980,0.925930,0.909054,0.942806,0.009505,0.003908,0.017144,0.009326,0.000000
dancer_guitar,nopen,1025,4824.434,0.100721,0.872016,0.825061,0.918971,25,0.00010511,2,0.065216,0.096079,0.034353,0.934541,0.903961,0.965121,0.927436,0.904332,0.950540,0.009972,0.004109,0.017977,0.008532,0.000000
dancer_guitar,nopen,1050,5038.331,0.100907,0.871921,0.831522,0.912320,25,0.00008269,1,0.066706,0.095463,0.037950,0.933304,0.905141,0.961468,0.928922,0.910901,0.946942,0.009821,0.004508,0.017143,0.009308,0.000000
dancer_guitar,nopen,1075,5071.676,0.101521,0.868622,0.832706,0.904538,25,0.00011395,2,0.062649,0.090946,0.034353,0.936791,0.908998,0.964584,0.922025,0.908438,0.935612,0.009410,0.003950,0.017063,0.010071,0.000000
dancer_guitar,nopen,1100,5286.260,0.104086,0.866914,0.833051,0.900778,25,0.00009683,2,0.065604,0.090741,0.040468,0.933906,0.909203,0.958609,0.922937,0.908643,0.937230,0.009386,0.004780,0.017010,0.010580,0.000000
dancer_guitar,nopen,1125,5319.297,0.102032,0.868851,0.837684,0.900017,25,0.00003838,1,0.062473,0.085198,0.039748,0.936782,0.914309,0.959255,0.922422,0.909054,0.935791,0.008830,0.004716,0.016481,0.010748,0.000000
dancer_guitar,nopen,1150,5520.317,0.102641,0.864495,0.843119,0.885872,23,0.00000686,2,0.058547,0.076986,0.040108,0.940065,0.921842,0.958287,0.914715,0.908027,0.921403,0.007896,0.004585,0.015693,0.012278,0.000000
dancer_guitar,nopen,1175,5550.928,0.102973,0.866480,0.843339,0.889621,23,0.00001754,3,0.057571,0.077192,0.037950,0.941103,0.921683,0.960524,0.915909,0.908438,0.923381,0.007970,0.004671,0.015808,0.012192,0.000000
dancer_guitar,nopen,1200,5741.246,0.102883,0.866626,0.844805,0.888447,22,0.00002662,3,0.058355,0.076781,0.039928,0.940369,0.922164,0.958574,0.916795,0.909669,0.923921,0.008042,0.004809,0.015710,0.012153,0.000000
dancer_guitar,nopen,1225,5770.255,0.103099,0.866731,0.845494,0.887967,22,0.00002676,2,0.058945,0.077602,0.040288,0.939860,0.921512,0.958209,0.917424,0.911107,0.923741,0.008117,0.004814,0.015653,0.012241,0.000000
dancer_guitar,penalty,1,1.403,0.742229,0.217108,0.245244,0.188971,20,0.00096609,0,0.284969,0.187025,0.382914,0.507242,0.608845,0.405639,0.276221,0.291111,0.261331,0.020082,0.048054,0.087845,0.125271,0.010000
dancer_guitar,penalty,25,26.979,0.481334,0.372694,0.370740,0.374647,20,0.00014238,0,0.119086,0.090331,0.147842,0.780758,0.817352,0.744164,0.417133,0.404229,0.430036,0.009597,0.018114,0.067040,0.079516,0.010000
dancer_guitar,penalty,50,190.900,0.380860,0.485007,0.471741,0.498274,23,0.00022505,1,0.091890,0.089715,0.094065,0.852126,0.851411,0.852842,0.529603,0.514063,0.545144,0.009399,0.011333,0.056063,0.060473,0.010000
dancer_guitar,penalty,75,220.672,0.329713,0.554218,0.519335,0.589101,23,0.00002061,1,0.087426,0.098953,0.075899,0.872647,0.852238,0.893056,0.602269,0.570725,0.633813,0.010436,0.009204,0.051356,0.048723,0.010000
dancer_guitar,penalty,100,406.529,0.307220,0.584918,0.544040,0.625795,22,0.00002215,0,0.085321,0.095463,0.075180,0.880715,0.861936,0.899495,0.634409,0.595976,0.672842,0.010064,0.009203,0.048536,0.044232,0.010000
dancer_guitar,penalty,125,435.225,0.284438,0.614339,0.566842,0.661837,22,0.00002380,1,0.080428,0.093410,0.067446,0.890939,0.869027,0.912851,0.663133,0.619791,0.706475,0.009929,0.008250,0.046064,0.039653,0.010000
dancer_guitar,penalty,150,615.588,0.262971,0.639890,0.582738,0.697042,22,0.00003223,1,0.074841,0.091768,0.057914,0.900562,0.873942,0.927182,0.686812,0.636214,0.737410,0.009685,0.007053,0.044203,0.035077,0.010000
dancer_guitar,penalty,175,643.499,0.247161,0.662632,0.603600,0.721664,22,0.00004711,1,0.075031,0.094847,0.055216,0.903442,0.874491,0.932394,0.711180,0.660850,0.761511,0.009993,0.006623,0.042010,0.032058,0.010000
dancer_guitar,penalty,200,823.541,0.236958,0.678600,0.622027,0.735174,22,0.00003865,1,0.075737,0.096079,0.055396,0.904923,0.876485,0.933362,0.728845,0.681790,0.775899,0.010060,0.006745,0.040020,0.030555,0.010000
dancer_guitar,penalty,225,851.433,0.224329,0.698353,0.644752,0.751955,22,0.00010642,3,0.078536,0.099158,0.057914,0.904697,0.877255,0.932139,0.752094,0.708684,0.795504,0.010292,0.006981,0.037609,0.028506,0.010000
dancer_guitar,penalty,250,1025.639,0.212277,0.714739,0.664169,0.765308,21,0.00013298,4,0.075288,0.096079,0.054496,0.910076,0.883408,0.936743,0.767498,0.727982,0.807014,0.010225,0.006447,0.035711,0.026680,0.010000
dancer_guitar,penalty,275,1052.360,0.208131,0.720239,0.669663,0.770816,21,0.00007534,3,0.076290,0.096284,0.056295,0.909692,0.884054,0.935331,0.774175,0.734141,0.814209,0.010221,0.006476,0.035007,0.026004,0.010000
dancer_guitar,penalty,300,1227.097,0.204525,0.724259,0.672162,0.776356,21,0.00004553,2,0.075095,0.095874,0.054317,0.911302,0.884834,0.937770,0.777565,0.736604,0.818525,0.010114,0.006354,0.034609,0.025321,0.010000
dancer_guitar,penalty,325,1253.973,0.199939,0.729411,0.671479,0.787344,21,0.00004996,2,0.071794,0.094847,0.048741,0.914995,0.885728,0.944262,0.780443,0.735167,0.825719,0.009819,0.005890,0.034556,0.024225,0.010000
dancer_guitar,penalty,350,1425.892,0.197961,0.733660,0.671773,0.795548,21,0.00013910,2,0.074656,0.098953,0.050360,0.912482,0.881805,0.943159,0.786929,0.738247,0.835612,0.010308,0.005952,0.034732,0.023093,0.010000
dancer_guitar,penalty,375,1452.832,0.192567,0.742852,0.678431,0.807272,21,0.00005943,3,0.076480,0.099364,0.053597,0.911579,0.882439,0.940720,0.798191,0.745843,0.850540,0.010459,0.006278,0.034083,0.021724,0.010000
dancer_guitar,penalty,400,1624.785,0.193189,0.743055,0.680483,0.805627,21,0.00009355,4,0.076439,0.104496,0.048381,0.911879,0.877938,0.945821,0.798098,0.751591,0.844604,0.010896,0.005862,0.033888,0.022108,0.010000
dancer_guitar,penalty,425,1651.141,0.193078,0.748026,0.692624,0.803429,21,0.00003605,2,0.079448,0.099364,0.059532,0.909603,0.884570,0.934637,0.806352,0.761445,0.851259,0.010793,0.007183,0.032909,0.022453,0.010000
dancer_guitar,penalty,450,1821.378,0.191488,0.748149,0.693121,0.803178,21,0.00006231,3,0.079931,0.107165,0.052698,0.909397,0.877465,0.941330,0.806451,0.767399,0.845504,0.011262,0.006374,0.032683,0.022314,0.010000
dancer_guitar,penalty,475,1847.516,0.195249,0.746247,0.689956,0.802538,21,0.00005357,2,0.085365,0.107781,0.062950,0.903845,0.876412,0.931278,0.808688,0.764319,0.853058,0.011219,0.007637,0.033023,0.022620,0.010000
dancer_guitar,penalty,500,2011.259,0.193961,0.752266,0.696021,0.808511,20,0.00000751,4,0.089729,0.114350,0.065108,0.900610,0.871511,0.929709,0.818381,0.775611,0.861151,0.012177,0.007799,0.032749,0.021915,0.010000
dancer_guitar,penalty,525,2036.176,0.193362,0.752106,0.696780,0.807432,20,0.00002663,4,0.090268,0.115787,0.064748,0.900168,0.870375,0.929961,0.818585,0.777458,0.859712,0.012185,0.007644,0.032595,0.021938,0.010000
dancer_guitar,penalty,550,2196.162,0.190449,0.754108,0.696172,0.812043,20,0.00002647,1,0.086478,0.115582,0.057374,0.903910,0.870456,0.937365,0.817635,0.776637,0.858633,0.012191,0.006824,0.032646,0.021323,0.010000
dancer_guitar,penalty,575,2220.818,0.190377,0.754618,0.698182,0.811054,20,0.00006683,2,0.087902,0.118251,0.057554,0.902791,0.868463,0.937119,0.819238,0.780743,0.857734,0.012400,0.006859,0.032391,0.021423,0.010000
dancer_guitar,penalty,600,2376.006,0.180901,0.760898,0.706419,0.815377,19,0.00001724,2,0.079253,0.103470,0.055036,0.911344,0.882818,0.939870,0.819882,0.779511,0.860252,0.010696,0.006467,0.030992,0.020723,0.010000
dancer_guitar,penalty,625,2400.218,0.175223,0.767183,0.713060,0.821306,19,0.00002613,2,0.073576,0.100390,0.046763,0.917491,0.886569,0.948413,0.822178,0.784644,0.859712,0.010456,0.005605,0.030219,0.020152,0.010000
dancer_guitar,penalty,650,2549.270,0.174256,0.769072,0.712873,0.825271,18,0.00001946,2,0.072587,0.100390,0.044784,0.918584,0.886543,0.950625,0.823334,0.784439,0.862230,0.010509,0.005481,0.030341,0.019745,0.010000
dancer_guitar,penalty,675,2572.116,0.175180,0.766389,0.713752,0.819026,18,0.00001832,2,0.072126,0.098748,0.045504,0.918853,0.888166,0.949541,0.820264,0.784233,0.856295,0.010214,0.005552,0.030087,0.020419,0.010000
dancer_guitar,penalty,700,2716.067,0.174753,0.769707,0.714789,0.824625,18,0.00000692,3,0.074665,0.106344,0.042986,0.916932,0.881465,0.952400,0.825437,0.790803,0.860072,0.011085,0.005308,0.030238,0.019815,0.010000
dancer_guitar,penalty,725,2739.053,0.170938,0.773640,0.718738,0.828542,18,0.00002370,1,0.072382,0.099979,0.044784,0.919273,0.887736,0.950810,0.828122,0.790597,0.865647,0.010565,0.005394,0.029754,0.019240,0.010000
dancer_guitar,penalty,750,2883.409,0.168655,0.779803,0.728492,0.831113,18,0.00001135,1,0.077840,0.102443,0.053237,0.914771,0.886874,0.942669,0.839240,0.803121,0.875360,0.010715,0.006375,0.028681,0.018990,0.010000
dancer_guitar,penalty,775,2905.397,0.165551,0.787879,0.742170,0.833588,18,0.00000077,1,0.079652,0.101211,0.058094,0.914007,0.889808,0.938205,0.849650,0.817286,0.882014,0.010714,0.007193,0.027291,0.018940,0.010000
dancer_guitar,penalty,800,3047.136,0.157279,0.803010,0.762750,0.843270,18,0.00003553,0,0.081941,0.098953,0.064928,0.913494,0.894414,0.932574,0.868124,0.838226,0.898022,0.010646,0.008036,0.025172,0.017904,0.010000
dancer_guitar,penalty,825,3069.210,0.154661,0.809791,0.768819,0.850764,18,0.00000805,0,0.092055,0.112708,0.071403,0.905472,0.883588,0.927356,0.883491,0.855471,0.911511,0.011650,0.008698,0.024312,0.017066,0.010000
dancer_guitar,penalty,850,3216.790,0.148949,0.817436,0.783014,0.851858,18,0.00031809,1,0.085921,0.102238,0.069604,0.911559,0.894088,0.929030,0.887109,0.863067,0.911151,0.010870,0.008645,0.022814,0.017004,0.010000
dancer_guitar,penalty,875,3239.032,0.153714,0.811504,0.780275,0.842732,18,0.00005859,0,0.088450,0.105317,0.071583,0.908865,0.891175,0.926555,0.882754,0.862451,0.903058,0.011140,0.008946,0.023009,0.018173,0.010000
dancer_guitar,penalty,900,3387.878,0.156433,0.805160,0.783925,0.826395,18,0.00005431,2,0.082712,0.098337,0.067086,0.913399,0.897496,0.929303,0.871424,0.861014,0.881835,0.010448,0.008375,0.022689,0.020031,0.010000
dancer_guitar,penalty,925,3410.661,0.159359,0.802277,0.778891,0.825663,18,0.00014525,4,0.088809,0.106754,0.070863,0.907804,0.889807,0.925800,0.873107,0.862041,0.884173,0.010976,0.008786,0.023028,0.020177,0.010000
dancer_guitar,penalty,950,3554.837,0.152603,0.809118,0.786248,0.831988,18,0.00031498,1,0.084086,0.098748,0.069424,0.912520,0.897419,0.927620,0.876818,0.863888,0.889748,0.010216,0.008510,0.022145,0.019286,0.010000
dancer_guitar,penalty,975,3577.000,0.148453,0.816494,0.783638,0.849350,18,0.00011730,1,0.083275,0.101622,0.064928,0.913852,0.894681,0.933024,0.883884,0.863272,0.904496,0.010710,0.008145,0.022711,0.017318,0.010000
dancer_guitar,penalty,1000,3722.493,0.146547,0.818138,0.783572,0.852703,18,0.00006233,2,0.083493,0.102238,0.064748,0.913794,0.894155,0.933432,0.885798,0.863683,0.907914,0.010679,0.008037,0.022586,0.016891,0.010000
dancer_guitar,penalty,1025,3744.906,0.145485,0.820030,0.786487,0.853572,18,0.00006236,1,0.082454,0.099979,0.064928,0.914869,0.896405,0.933333,0.887056,0.865120,0.908993,0.010520,0.008113,0.022330,0.016834,0.010000
dancer_guitar,penalty,1050,3889.663,0.145331,0.818658,0.782828,0.854487,18,0.00006511,1,0.080862,0.097516,0.064209,0.916058,0.898069,0.934048,0.884260,0.859166,0.909353,0.010261,0.008002,0.022661,0.016636,0.010000
dancer_guitar,penalty,1075,3911.986,0.144167,0.816349,0.781705,0.850992,18,0.00009753,2,0.077825,0.086225,0.069424,0.918468,0.907814,0.929122,0.879589,0.849107,0.910072,0.009071,0.008318,0.022624,0.016714,0.010000
dancer_guitar,penalty,1100,4059.858,0.140749,0.820328,0.782642,0.858015,18,0.00015040,1,0.074162,0.088072,0.060252,0.922076,0.906270,0.937882,0.880641,0.851571,0.909712,0.009090,0.007493,0.022472,0.016118,0.010000
dancer_guitar,penalty,1125,4082.192,0.137142,0.821959,0.781096,0.862822,18,0.00011368,1,0.070078,0.086019,0.054137,0.925877,0.907932,0.943822,0.878909,0.848286,0.909532,0.008808,0.006706,0.022500,0.015431,0.010000
dancer_guitar,penalty,1150,4226.798,0.135059,0.824908,0.785660,0.864155,18,0.00012523,2,0.068770,0.082324,0.055216,0.927319,0.911732,0.942905,0.881105,0.850339,0.911871,0.008608,0.006673,0.022172,0.015179,0.010000
dancer_guitar,penalty,1175,4248.766,0.133918,0.825915,0.785552,0.866279,18,0.00009861,2,0.067267,0.082735,0.051799,0.928780,0.911351,0.946208,0.880848,0.850544,0.911151,0.008592,0.006373,0.022158,0.014976,0.010000
dancer_guitar,penalty,1200,4390.594,0.134671,0.824388,0.781687,0.867089,18,0.00014097,3,0.068318,0.085198,0.051439,0.927662,0.908731,0.946592,0.879988,0.848286,0.911691,0.008695,0.006405,0.022449,0.014859,0.010000
dancer_guitar,penalty,1225,4411.903,0.131532,0.827421,0.789054,0.865789,18,0.00017659,2,0.066125,0.080271,0.051978,0.929973,0.913934,0.946012,0.881592,0.852392,0.910791,0.008207,0.006397,0.021544,0.014957,0.010000
dancer_guitar,penalty,1250,4554.248,0.129767,0.830935,0.792134,0.869736,18,0.00016401,1,0.065598,0.080476,0.050719,0.930736,0.914054,0.947417,0.884865,0.855882,0.913849,0.008323,0.006272,0.021319,0.014600,0.010000
dancer_guitar,penalty,1275,4576.053,0.130653,0.830153,0.791367,0.868940,18,0.00008847,1,0.067099,0.084377,0.049820,0.929346,0.910477,0.948215,0.885185,0.858140,0.912230,0.008665,0.006197,0.021454,0.014645,0.010000
dancer_guitar,penalty,1300,4720.773,0.129709,0.832751,0.795721,0.869781,18,0.00011809,2,0.067728,0.084377,0.051079,0.929004,0.910923,0.947084,0.888535,0.862862,0.914209,0.008795,0.006275,0.021135,0.014539,0.010000
dancer_guitar,penalty,1325,4743.036,0.128546,0.831894,0.795042,0.868746,18,0.00013548,2,0.067214,0.084788,0.049640,0.929431,0.910490,0.948373,0.887161,0.862451,0.911871,0.008627,0.006010,0.020958,0.014541,0.010000
dancer_guitar,penalty,1350,4887.996,0.125985,0.833417,0.796745,0.870090,18,0.00017824,4,0.064336,0.084788,0.043885,0.932287,0.910664,0.953910,0.886286,0.864299,0.908273,0.008706,0.005235,0.020754,0.014229,0.010000
dancer_guitar,penalty,1375,4909.794,0.122327,0.837176,0.796745,0.877608,18,0.00016289,2,0.059660,0.084788,0.034532,0.937011,0.910664,0.963359,0.886106,0.864299,0.907914,0.008808,0.004167,0.020853,0.013397,0.010000
dancer_guitar,penalty,1400,5053.067,0.124480,0.834778,0.792271,0.877285,18,0.00017105,3,0.061186,0.089099,0.033273,0.935499,0.906405,0.964593,0.884668,0.862862,0.906475,0.009199,0.004040,0.021425,0.013409,0.010000
dancer_guitar,penalty,1425,5074.914,0.120464,0.838138,0.796331,0.879944,18,0.00016231,2,0.058901,0.085609,0.032194,0.937832,0.909896,0.965768,0.886389,0.864504,0.908273,0.008606,0.003856,0.020834,0.013052,0.010000
dancer_guitar,penalty,1450,5218.771,0.120551,0.838538,0.798710,0.878367,18,0.00017406,2,0.058595,0.082119,0.035072,0.938045,0.913232,0.962857,0.886736,0.864299,0.909173,0.008447,0.004188,0.020609,0.013217,0.010000
dancer_guitar,penalty,1475,5240.747,0.122256,0.836792,0.799278,0.874306,18,0.00019772,3,0.058532,0.081092,0.035971,0.938004,0.914205,0.961803,0.884925,0.864094,0.905755,0.008421,0.004282,0.020676,0.013678,0.010000
dancer_guitar,penalty,1500,5385.720,0.117847,0.841887,0.805857,0.877917,18,0.00018925,3,0.056194,0.079655,0.032734,0.940640,0.916126,0.965154,0.888351,0.870047,0.906655,0.008290,0.003874,0.019922,0.013234,0.010000
dancer_guitar,penalty,1525,5407.859,0.117576,0.840971,0.800607,0.881335,18,0.00015616,4,0.055628,0.082119,0.029137,0.941148,0.913420,0.968876,0.886683,0.866352,0.907014,0.008457,0.003465,0.020401,0.012794,0.010000
dancer_guitar,penalty,1550,5550.032,0.119365,0.840411,0.802467,0.878355,18,0.00012969,2,0.056964,0.081913,0.032014,0.939836,0.913786,0.965887,0.887337,0.868200,0.906475,0.008492,0.003883,0.020262,0.013308,0.010000
dancer_guitar,penalty,1575,5572.046,0.116502,0.842975,0.804869,0.881081,18,0.00012732,1,0.055462,0.079450,0.031475,0.941371,0.916216,0.966526,0.888814,0.868815,0.908813,0.008244,0.003683,0.019956,0.012884,0.010000
dancer_guitar,penalty,1600,5718.073,0.112698,0.846134,0.811864,0.880404,18,0.00012351,3,0.050522,0.069390,0.031655,0.946157,0.925991,0.966322,0.888236,0.868200,0.908273,0.007229,0.003719,0.019090,0.012973,0.010000
dancer_guitar,penalty,1625,5740.597,0.113321,0.846305,0.811661,0.880948,18,0.00013623,1,0.051126,0.070417,0.031835,0.945595,0.925027,0.966163,0.888904,0.868815,0.908993,0.007370,0.003829,0.019189,0.012953,0.010000
dancer_guitar,penalty,1650,5885.201,0.115028,0.845962,0.811708,0.880216,18,0.00018750,3,0.052064,0.069596,0.034532,0.944626,0.925788,0.963463,0.889406,0.868200,0.910612,0.007437,0.004274,0.019263,0.013180,0.010000
dancer_guitar,penalty,1675,5907.769,0.111971,0.849026,0.812955,0.885097,18,0.00017375,2,0.052166,0.071238,0.033094,0.944728,0.924384,0.965072,0.892628,0.870868,0.914388,0.007422,0.003997,0.019019,0.012554,0.010000
dancer_guitar,penalty,1700,6050.949,0.111917,0.848542,0.815754,0.881329,18,0.00019098,3,0.051101,0.068569,0.033633,0.945734,0.927074,0.964395,0.891330,0.871690,0.910971,0.007157,0.004069,0.018675,0.012973,0.010000
dancer_guitar,penalty,1725,6073.715,0.113005,0.848457,0.814417,0.882497,18,0.00022829,1,0.051241,0.070827,0.031655,0.945643,0.924886,0.966399,0.891266,0.872100,0.910432,0.007457,0.003926,0.018965,0.012959,0.010000
dancer_guitar,penalty,1750,6222.140,0.114399,0.847363,0.817083,0.877643,18,0.00019826,1,0.053683,0.069596,0.037770,0.943211,0.926240,0.960182,0.892370,0.873948,0.910791,0.007375,0.004580,0.018712,0.013397,0.010000
dancer_guitar,penalty,1775,6244.778,0.112039,0.849722,0.818042,0.881403,18,0.00017307,0,0.051564,0.067337,0.035791,0.945337,0.928400,0.962275,0.893038,0.873127,0.912950,0.007219,0.004285,0.018659,0.012894,0.010000
dancer_guitar,penalty,1800,6386.898,0.112675,0.848600,0.813589,0.883612,17,0.00014377,1,0.053244,0.072675,0.033813,0.943717,0.923127,0.964306,0.893103,0.872716,0.913489,0.007441,0.004210,0.018872,0.012827,0.010000
dancer_guitar,penalty,1825,6408.385,0.113645,0.847583,0.813170,0.881995,17,0.00016924,1,0.053681,0.072470,0.034892,0.943229,0.923278,0.963181,0.892435,0.872100,0.912770,0.007633,0.004237,0.019101,0.012806,0.010000
dancer_guitar,penalty,1850,6539.662,0.114530,0.847813,0.811807,0.883818,16,0.00015440,1,0.053538,0.074523,0.032554,0.943424,0.921292,0.965557,0.892448,0.872305,0.912590,0.007876,0.004074,0.019308,0.012857,0.010000
dancer_guitar,penalty,1875,6559.492,0.117982,0.843764,0.808050,0.879478,16,0.00024693,0,0.057735,0.081297,0.034173,0.939332,0.914875,0.963789,0.891637,0.873743,0.909532,0.008580,0.004183,0.019738,0.013150,0.010000
dancer_guitar,penalty,1900,6693.193,0.123006,0.837807,0.803944,0.871670,16,0.00043882,3,0.057824,0.082735,0.032914,0.938968,0.913203,0.964733,0.885409,0.870458,0.900360,0.008727,0.004103,0.020348,0.014137,0.010000
dancer_guitar,penalty,1925,6713.256,0.130138,0.827048,0.804600,0.849496,16,0.00065000,4,0.057479,0.080066,0.034892,0.938733,0.915639,0.961826,0.874079,0.869021,0.879137,0.008437,0.004281,0.020104,0.016765,0.010000
dancer_guitar,penalty,1950,6843.493,0.128078,0.828274,0.812165,0.844382,16,0.00128064,3,0.052113,0.073291,0.030935,0.944062,0.922442,0.965682,0.871097,0.871690,0.870504,0.007677,0.003883,0.019204,0.017410,0.010000
dancer_guitar,penalty,1975,6863.153,0.127033,0.831263,0.809333,0.853192,16,0.00102479,1,0.055900,0.077807,0.033993,0.940502,0.918107,0.962898,0.877250,0.872305,0.882194,0.008232,0.004172,0.019575,0.016328,0.010000
dancer_guitar,prune,1,1.409,0.742229,0.217108,0.245244,0.188971,20,0.00096609,0,0.284969,0.187025,0.382914,0.507242,0.608845,0.405639,0.276221,0.291111,0.261331,0.020082,0.048054,0.087845,0.125271,0.000100
dancer_guitar,prune,25,26.546,0.481334,0.372694,0.370740,0.374647,20,0.00014238,0,0.119086,0.090331,0.147842,0.780758,0.817352,0.744164,0.417133,0.404229,0.430036,0.009597,0.018114,0.067040,0.079516,0.000100
dancer_guitar,prune,50,186.945,0.381179,0.484631,0.470987,0.498274,23,0.00022937,1,0.091890,0.089715,0.094065,0.852025,0.851209,0.852842,0.529193,0.513242,0.545144,0.009399,0.011333,0.056134,0.060506,0.000100
dancer_guitar,prune,75,215.923,0.329750,0.555084,0.518782,0.591387,23,0.00001429,1,0.088030,0.098542,0.077518,0.872062,0.852580,0.891545,0.603567,0.569904,0.637230,0.010398,0.009463,0.051410,0.048573,0.000100
dancer_guitar,prune,100,397.030,0.303766,0.590253,0.544142,0.636364,25,0.00002409,1,0.085758,0.095258,0.076259,0.881001,0.862192,0.899811,0.640434,0.595976,0.684892,0.010106,0.009241,0.048661,0.042915,0.000100
dancer_guitar,prune,125,428.926,0.278533,0.619722,0.569242,0.670202,25,0.00015313,3,0.077490,0.086635,0.068345,0.895006,0.877147,0.912864,0.667283,0.618559,0.716007,0.009220,0.008193,0.045551,0.038551,0.000100
dancer_guitar,prune,150,621.962,0.259748,0.647682,0.586694,0.708669,27,0.00002395,2,0.079904,0.089304,0.070504,0.896182,0.877396,0.914967,0.698861,0.639088,0.758633,0.009341,0.008552,0.043609,0.034022,0.000100
dancer_guitar,prune,175,656.062,0.241454,0.676346,0.619236,0.733456,27,0.00005232,2,0.080802,0.090741,0.070863,0.899405,0.881565,0.917244,0.730429,0.675426,0.785432,0.009618,0.008683,0.040253,0.031069,0.000100
dancer_guitar,prune,200,853.812,0.227615,0.695439,0.643366,0.747512,24,0.00003669,0,0.080915,0.095463,0.066367,0.901925,0.880708,0.923141,0.750953,0.704783,0.797122,0.009806,0.008176,0.037530,0.029342,0.000100
dancer_guitar,prune,225,883.327,0.211500,0.723738,0.673594,0.773882,24,0.00001710,0,0.084107,0.106344,0.061871,0.902551,0.875121,0.929982,0.783495,0.745227,0.821763,0.011219,0.007666,0.034858,0.026195,0.000100
dancer_guitar,prune,250,1082.329,0.187803,0.756330,0.711606,0.801053,27,0.00004144,1,0.082078,0.105522,0.058633,0.908530,0.881730,0.935330,0.817359,0.786697,0.848022,0.011054,0.007130,0.030683,0.022816,0.000100
dancer_guitar,prune,275,1117.013,0.166306,0.789097,0.746615,0.831579,27,0.00005251,2,0.083053,0.106754,0.059353,0.911233,0.885589,0.936878,0.853627,0.826319,0.880935,0.011190,0.007346,0.026777,0.019378,0.000100
dancer_guitar,prune,300,1343.777,0.154454,0.805493,0.773026,0.837961,29,0.00009575,2,0.081661,0.094436,0.068885,0.914085,0.899585,0.928585,0.870855,0.846028,0.895683,0.009929,0.008415,0.023715,0.018576,0.000100
dancer_guitar,prune,325,1381.899,0.138857,0.826720,0.798832,0.854607,29,0.00000785,3,0.076884,0.089920,0.063849,0.920386,0.906390,0.934381,0.889918,0.870663,0.909173,0.009625,0.007841,0.021030,0.016521,0.000100
dancer_guitar,prune,350,1602.308,0.120563,0.848206,0.816976,0.879436,29,0.00003023,5,0.071364,0.083556,0.059173,0.927011,0.913753,0.940269,0.908357,0.885239,0.931475,0.008777,0.007142,0.018861,0.013360,0.000100
dancer_guitar,prune,375,1639.364,0.117103,0.853516,0.818011,0.889022,29,0.00010198,2,0.071566,0.089715,0.053417,0.927299,0.908558,0.946039,0.913954,0.891398,0.936511,0.009504,0.006440,0.018887,0.012152,0.000100
dancer_guitar,prune,400,1861.632,0.114734,0.858261,0.822956,0.893566,26,0.00014475,2,0.072860,0.094642,0.051079,0.926674,0.904929,0.948420,0.920025,0.900842,0.939209,0.010013,0.006240,0.018398,0.011686,0.000100
dancer_guitar,prune,425,1895.495,0.115576,0.859433,0.821948,0.896918,26,0.00007174,2,0.075170,0.099979,0.050360,0.924843,0.900429,0.949257,0.923106,0.904126,0.942086,0.010720,0.006138,0.018743,0.011337,0.000100
dancer_guitar,prune,450,2108.708,0.116692,0.856825,0.819858,0.893792,26,0.00010316,3,0.076826,0.102032,0.051619,0.923236,0.898530,0.947941,0.921719,0.903511,0.939928,0.010632,0.006356,0.018692,0.011687,0.000100
dancer_guitar,prune,475,2141.809,0.111291,0.865061,0.825876,0.904246,26,0.00013882,2,0.073717,0.101211,0.046223,0.926637,0.899858,0.953417,0.927754,0.909464,0.946043,0.010733,0.005799,0.018198,0.010601,0.000100
dancer_guitar,prune,500,2351.343,0.116079,0.859486,0.828433,0.890540,26,0.00008583,2,0.078251,0.103264,0.053237,0.922388,0.898486,0.946289,0.925965,0.913981,0.937950,0.010937,0.006451,0.017992,0.011987,0.000100
dancer_guitar,prune,525,2383.885,0.116704,0.858556,0.827009,0.890102,26,0.00005745,1,0.078816,0.103675,0.053957,0.921807,0.898000,0.945613,0.925439,0.912749,0.938129,0.011070,0.006416,0.018146,0.011999,0.000100
dancer_guitar,prune,550,2596.978,0.117045,0.858759,0.828270,0.889249,27,0.00002043,1,0.081883,0.108191,0.055576,0.919330,0.894558,0.944103,0.928275,0.917881,0.938669,0.011395,0.006607,0.017923,0.012086,0.000100
dancer_guitar,prune,575,2631.541,0.111923,0.865362,0.837305,0.893420,27,0.00001482,2,0.076247,0.102854,0.049640,0.924753,0.899780,0.949727,0.930597,0.923424,0.937770,0.010927,0.006131,0.016966,0.011809,0.000100
dancer_guitar,prune,600,2854.992,0.104725,0.873983,0.848655,0.899312,27,0.00001392,1,0.071856,0.098748,0.044964,0.929289,0.904240,0.954338,0.936103,0.932457,0.939748,0.010617,0.005489,0.015828,0.011024,0.000100
dancer_guitar,prune,625,2889.931,0.104852,0.872203,0.847230,0.897175,27,0.00001618,1,0.072420,0.100595,0.044245,0.928763,0.902623,0.954904,0.934664,0.932457,0.936871,0.010724,0.005201,0.015915,0.011070,0.000100
dancer_guitar,prune,650,3115.546,0.103512,0.872160,0.848400,0.895920,27,0.00003271,1,0.068594,0.096900,0.040288,0.932129,0.905694,0.958565,0.931312,0.930610,0.932014,0.010209,0.004845,0.015660,0.011309,0.000100
dancer_guitar,prune,675,3150.327,0.102279,0.874306,0.849374,0.899238,27,0.00000909,0,0.068696,0.098542,0.038849,0.932276,0.904478,0.960074,0.933623,0.933073,0.934173,0.010395,0.004748,0.015604,0.010915,0.000100
dancer_guitar,prune,700,3368.783,0.101021,0.873633,0.852985,0.894281,26,0.00000926,2,0.065590,0.093410,0.037770,0.934929,0.908964,0.960894,0.930360,0.932663,0.928058,0.009970,0.004434,0.015191,0.011278,0.000100
dancer_guitar,prune,725,3402.587,0.101871,0.873052,0.847131,0.898972,26,0.00002955,2,0.065548,0.098542,0.032554,0.935183,0.904249,0.966118,0.929424,0.930610,0.928237,0.010491,0.003862,0.015893,0.010881,0.000100
dancer_guitar,prune,750,3609.555,0.090246,0.886283,0.860522,0.912044,24,0.00001890,2,0.059038,0.093615,0.024460,0.942006,0.909524,0.974489,0.937716,0.941080,0.934353,0.009943,0.002903,0.014335,0.009320,0.000100
dancer_guitar,prune,775,3641.120,0.088486,0.888668,0.861226,0.916110,24,0.00003623,1,0.057215,0.091768,0.022662,0.943731,0.911080,0.976382,0.938565,0.940259,0.936871,0.009750,0.002750,0.014355,0.008882,0.000100
dancer_guitar,prune,800,3845.383,0.089914,0.888119,0.858400,0.917837,24,0.00000948,1,0.060270,0.096079,0.024460,0.940995,0.907345,0.974646,0.940581,0.940875,0.940288,0.010172,0.002953,0.014647,0.008759,0.000100
dancer_guitar,prune,825,3877.376,0.089352,0.889409,0.858157,0.920660,24,0.00005906,2,0.061591,0.098542,0.024640,0.939954,0.905363,0.974545,0.943034,0.942722,0.943345,0.010565,0.002922,0.014808,0.008219,0.000100
dancer_guitar,prune,850,4078.648,0.087617,0.891485,0.860326,0.922645,24,0.00004275,2,0.060925,0.096489,0.025360,0.940550,0.907206,0.973894,0.944691,0.943338,0.946043,0.010275,0.003038,0.014455,0.008085,0.000100
dancer_guitar,prune,875,4110.673,0.087557,0.891723,0.858859,0.924588,24,0.00003339,3,0.059680,0.093821,0.025540,0.941485,0.909199,0.973772,0.943819,0.939437,0.948201,0.010076,0.003096,0.014641,0.007951,0.000100
dancer_guitar,prune,900,4313.924,0.088610,0.890512,0.858191,0.922834,24,0.00003264,1,0.058551,0.091562,0.025540,0.942342,0.910960,0.973723,0.941586,0.936769,0.946403,0.009929,0.003173,0.014785,0.008193,0.000100
dancer_guitar,prune,925,4345.528,0.088754,0.890897,0.857732,0.924062,24,0.00003908,1,0.060399,0.095258,0.025540,0.940847,0.907937,0.973757,0.943550,0.939437,0.947662,0.010231,0.003056,0.014883,0.008049,0.000100
dancer_guitar,prune,950,4545.666,0.090229,0.887594,0.854556,0.920632,24,0.00002518,1,0.061925,0.099569,0.024281,0.939543,0.904188,0.974898,0.941314,0.939643,0.942986,0.010435,0.002954,0.014924,0.008452,0.000100
dancer_guitar,prune,975,4576.591,0.092331,0.884959,0.856044,0.913875,24,0.00004326,1,0.059590,0.093821,0.025360,0.941289,0.908928,0.973650,0.936704,0.936358,0.937050,0.010126,0.002988,0.015105,0.009105,0.000100
dancer_guitar,prune,1000,4773.404,0.092671,0.883533,0.858565,0.908500,24,0.00004118,0,0.058550,0.092999,0.024101,0.942292,0.909833,0.974750,0.934403,0.938411,0.930396,0.010080,0.002858,0.014754,0.009658,0.000100
dancer_guitar,prune,1025,4804.473,0.092757,0.881685,0.859646,0.903725,24,0.00002338,1,0.056728,0.089715,0.023741,0.943791,0.912600,0.974981,0.930974,0.936769,0.925180,0.009471,0.002788,0.014462,0.010322,0.000100
dancer_guitar,prune,1050,4998.863,0.087466,0.887232,0.870649,0.903816,24,0.00003346,1,0.051043,0.079245,0.022842,0.949056,0.922224,0.975888,0.932052,0.939643,0.924460,0.008566,0.002649,0.013328,0.010212,0.000100
dancer_guitar,prune,1075,5030.258,0.087615,0.887234,0.866819,0.907649,24,0.00006055,1,0.049771,0.079039,0.020504,0.950212,0.922081,0.978343,0.930795,0.935332,0.926259,0.008493,0.002572,0.013636,0.010023,0.000100
dancer_guitar,prune,1100,5232.856,0.086461,0.888667,0.868436,0.908899,24,0.00005106,2,0.051812,0.082940,0.020683,0.948574,0.918957,0.978191,0.934081,0.940464,0.927698,0.008724,0.002565,0.013365,0.009799,0.000100
dancer_guitar,prune,1125,5264.449,0.086521,0.889169,0.869359,0.908979,24,0.00006759,2,0.051169,0.082735,0.019604,0.949246,0.919206,0.979285,0.934042,0.941285,0.926799,0.008903,0.002411,0.013451,0.009717,0.000100
dancer_guitar,prune,1150,5468.804,0.085042,0.888641,0.868962,0.908320,24,0.00007949,2,0.048808,0.079450,0.018165,0.951325,0.921913,0.980736,0.931410,0.938000,0.924820,0.008285,0.002264,0.013169,0.009885,0.000100
dancer_guitar,prune,1175,5500.519,0.083173,0.891901,0.873119,0.910683,24,0.00007692,1,0.047254,0.077602,0.016906,0.952939,0.923806,0.982071,0.933477,0.940875,0.926079,0.008363,0.002063,0.013006,0.009488,0.000100
dancer_guitar,prune,1200,5696.512,0.084890,0.887637,0.869590,0.905684,23,0.00001366,2,0.049452,0.076781,0.022122,0.950438,0.924215,0.976660,0.931039,0.936358,0.925719,0.008159,0.002363,0.013252,0.009781,0.000100
dancer_guitar,prune,1225,5727.087,0.084983,0.888275,0.866591,0.909959,23,0.00003071,1,0.048499,0.080271,0.016727,0.951634,0.921026,0.982242,0.930666,0.936153,0.925180,0.008483,0.002011,0.013558,0.009515,0.000100
dancer_guitar,prune,1250,5920.390,0.084751,0.889508,0.871048,0.907969,23,0.00001972,3,0.048976,0.077807,0.020144,0.951090,0.923465,0.978715,0.932540,0.938822,0.926259,0.008268,0.002441,0.013141,0.009751,0.000100
dancer_guitar,prune,1275,5950.763,0.083680,0.891209,0.871771,0.910648,23,0.00000894,3,0.049603,0.080682,0.018525,0.950767,0.921116,0.980418,0.934812,0.942106,0.927518,0.008507,0.002221,0.013028,0.009499,0.000100
dancer_guitar,prune,1300,6144.321,0.084132,0.889564,0.869284,0.909845,23,0.00001231,3,0.048411,0.077397,0.019424,0.951578,0.923669,0.979487,0.932041,0.936563,0.927518,0.008304,0.002265,0.013311,0.009446,0.000100
dancer_guitar,prune,1325,6174.769,0.085985,0.888292,0.867060,0.909524,23,0.00002167,3,0.049617,0.079450,0.019784,0.950435,0.921755,0.979115,0.931733,0.935947,0.927518,0.008625,0.002329,0.013646,0.009534,0.000100
dancer_guitar,prune,1350,6363.826,0.086351,0.885918,0.865359,0.906476,22,0.00001499,4,0.048629,0.078013,0.019245,0.951211,0.922827,0.979596,0.928394,0.932868,0.923921,0.008252,0.002332,0.013551,0.009937,0.000100
dancer_guitar,prune,1375,6392.879,0.084717,0.888588,0.866895,0.910281,22,0.00006330,2,0.048011,0.079655,0.016367,0.952093,0.921569,0.982617,0.930564,0.935947,0.925180,0.008440,0.002016,0.013481,0.009515,0.000100
dancer_guitar,prune,1400,6579.716,0.084131,0.888417,0.870063,0.906771,22,0.00005696,2,0.045354,0.075960,0.014748,0.954587,0.924949,0.984225,0.928148,0.936153,0.920144,0.008096,0.001790,0.013218,0.009869,0.000100
dancer_guitar,prune,1425,6608.678,0.082925,0.890781,0.871472,0.910090,22,0.00003373,2,0.045392,0.076576,0.014209,0.954690,0.924540,0.984840,0.930614,0.938206,0.923022,0.008129,0.001714,0.013086,0.009626,0.000100
dancer_guitar,prune,1450,6796.325,0.083863,0.890229,0.870741,0.909717,22,0.00002323,2,0.048204,0.078423,0.017986,0.951935,0.922922,0.980949,0.932553,0.939027,0.926079,0.008296,0.002121,0.013122,0.009618,0.000100
dancer_guitar,prune,1475,6825.510,0.086332,0.884422,0.862167,0.906676,22,0.00009012,1,0.047754,0.079860,0.015647,0.952145,0.920999,0.983292,0.925942,0.931020,0.920863,0.008233,0.001894,0.013811,0.009882,0.000100
dancer_guitar,prune,1500,7013.035,0.086504,0.885708,0.862003,0.909413,22,0.00003973,2,0.048306,0.080066,0.016547,0.951614,0.920812,0.982416,0.927740,0.931020,0.924460,0.008442,0.001959,0.013980,0.009645,0.000100
dancer_guitar,prune,1525,7042.220,0.084061,0.888758,0.865601,0.911916,22,0.00003588,2,0.045597,0.078423,0.012770,0.954431,0.922499,0.986362,0.928523,0.933484,0.923561,0.008316,0.001547,0.013689,0.009392,0.000100
dancer_guitar,prune,1550,7229.044,0.085399,0.889294,0.866730,0.911858,22,0.00003276,1,0.049563,0.082940,0.016187,0.950821,0.918810,0.982831,0.932618,0.938616,0.926619,0.008892,0.002018,0.013681,0.009323,0.000100
dancer_guitar,prune,1575,7258.359,0.084239,0.891349,0.869292,0.913405,22,0.00001222,1,0.047343,0.079039,0.015647,0.952849,0.922285,0.983413,0.932849,0.938000,0.927698,0.008615,0.001940,0.013516,0.009283,0.000100
dancer_guitar,prune,1600,7444.833,0.083805,0.890299,0.868140,0.912458,22,0.00003125,1,0.046162,0.077397,0.014928,0.953856,0.923576,0.984136,0.930705,0.935332,0.926079,0.008353,0.001856,0.013528,0.009296,0.000100
dancer_guitar,prune,1625,7474.138,0.084884,0.889126,0.865779,0.912473,22,0.00002174,1,0.047484,0.079860,0.015108,0.952627,0.921303,0.983951,0.930590,0.934921,0.926259,0.008565,0.001889,0.013717,0.009346,0.000100
dancer_guitar,prune,1650,7662.437,0.086198,0.888117,0.864803,0.911431,22,0.00006373,1,0.046482,0.079655,0.013309,0.953594,0.921394,0.985794,0.928625,0.933689,0.923561,0.008644,0.001719,0.013985,0.009551,0.000100
dancer_guitar,prune,1675,7691.565,0.086028,0.887808,0.866717,0.908898,22,0.00001772,1,0.047472,0.078218,0.016727,0.952493,0.922765,0.982221,0.929306,0.934510,0.924101,0.008492,0.002052,0.013723,0.009676,0.000100
dancer_guitar,prune,1700,7878.672,0.083798,0.890639,0.871800,0.909477,22,0.00001756,1,0.044905,0.074523,0.015288,0.955011,0.926309,0.983713,0.930075,0.936769,0.923381,0.008201,0.001812,0.013296,0.009626,0.000100
dancer_guitar,prune,1725,7907.853,0.083573,0.891014,0.870857,0.911170,22,0.00002641,1,0.046098,0.077807,0.014388,0.954061,0.923450,0.984671,0.931448,0.938616,0.924281,0.008423,0.001781,0.013233,0.009517,0.000100
dance_argument,nopen,1,1.399,1.152610,0.188629,0.206117,0.171142,20,0.00000464,0,0.208281,0.263793,0.152769,0.530218,0.496849,0.563587,0.228888,0.260489,0.197287,0.036081,0.045266,0.122050,0.221479,0.000000
dance_argument,nopen,25,26.892,0.871730,0.307010,0.359446,0.254574,20,0.00005177,0,0.095561,0.121738,0.069385,0.782494,0.768093,0.796895,0.337721,0.403204,0.272237,0.016410,0.020540,0.087104,0.184987,0.000000
dance_argument,nopen,50,193.144,0.716763,0.428573,0.484038,0.373109,23,0.00000153,0,0.087454,0.117608,0.057299,0.847296,0.821420,0.873172,0.467726,0.540965,0.394487,0.015536,0.016570,0.069429,0.153439,0.000000
dance_argument,nopen,75,223.232,0.574062,0.548807,0.600590,0.497023,23,0.00015619,2,0.085328,0.119095,0.051561,0.879842,0.849478,0.910206,0.597384,0.672118,0.522650,0.015924,0.015057,0.053539,0.122288,0.000000
dance_argument,nopen,100,419.090,0.467528,0.631779,0.661455,0.602102,26,0.00008683,2,0.086418,0.130492,0.042344,0.894107,0.851420,0.936794,0.687684,0.747770,0.627598,0.017253,0.012239,0.045401,0.095675,0.000000
dance_argument,nopen,125,453.767,0.389936,0.689769,0.688172,0.691365,26,0.00034412,4,0.086470,0.136769,0.036171,0.901561,0.851186,0.951935,0.749333,0.782293,0.716372,0.018168,0.010444,0.041987,0.073606,0.000000
dance_argument,nopen,150,672.741,0.329456,0.733784,0.716053,0.751516,27,0.00017762,5,0.083779,0.134952,0.032606,0.908634,0.857591,0.959677,0.794353,0.812686,0.776019,0.017470,0.009264,0.037648,0.058762,0.000000
dance_argument,nopen,175,708.949,0.286801,0.765339,0.735696,0.794982,27,0.00022933,4,0.077876,0.123059,0.032693,0.916035,0.870367,0.961703,0.823601,0.826231,0.820972,0.016221,0.009165,0.034831,0.048022,0.000000
dance_argument,nopen,200,934.585,0.258872,0.786575,0.740464,0.832687,28,0.00005205,2,0.078715,0.125867,0.031562,0.916691,0.868824,0.964558,0.846316,0.833664,0.858969,0.016525,0.009185,0.034147,0.039276,0.000000
dance_argument,nopen,225,971.697,0.233285,0.804459,0.748156,0.860763,28,0.00014793,2,0.076229,0.119590,0.032867,0.919707,0.875065,0.964350,0.863341,0.837628,0.889053,0.015556,0.009368,0.032863,0.032402,0.000000
dance_argument,nopen,250,1209.113,0.208550,0.821136,0.754849,0.887423,31,0.00009088,1,0.067517,0.107037,0.027998,0.928340,0.886455,0.970224,0.873957,0.835646,0.912268,0.014576,0.008009,0.032212,0.025991,0.000000
dance_argument,nopen,275,1250.398,0.194145,0.831134,0.764370,0.897897,31,0.00008228,2,0.065079,0.100595,0.029563,0.931104,0.893195,0.969012,0.882852,0.841262,0.924441,0.013083,0.008642,0.030265,0.023568,0.000000
dance_argument,nopen,300,1490.271,0.183236,0.840357,0.774951,0.905763,28,0.00012629,1,0.061644,0.097291,0.025998,0.935060,0.897333,0.972786,0.889829,0.850347,0.929310,0.013089,0.007572,0.028990,0.021729,0.000000
dance_argument,nopen,325,1526.769,0.172804,0.847956,0.784169,0.911742,28,0.00001619,0,0.061188,0.099769,0.022607,0.936318,0.896309,0.976327,0.897379,0.862405,0.932354,0.013063,0.006688,0.027549,0.020173,0.000000
dance_argument,nopen,350,1766.173,0.164007,0.854969,0.795921,0.914017,28,0.00006864,1,0.055394,0.085398,0.025389,0.941832,0.910040,0.973625,0.900557,0.863892,0.937223,0.011340,0.007269,0.025816,0.019532,0.000000
dance_argument,nopen,375,1803.065,0.161737,0.856726,0.798267,0.915185,28,0.00004069,2,0.056885,0.086554,0.027215,0.940565,0.909264,0.971865,0.903726,0.867360,0.940092,0.011127,0.007703,0.025309,0.019178,0.000000
dance_argument,nopen,400,2041.496,0.160728,0.859528,0.800882,0.918174,28,0.00016776,2,0.057250,0.085894,0.028606,0.940357,0.910112,0.970601,0.907056,0.869673,0.944440,0.011376,0.008318,0.025256,0.018434,0.000000
dance_argument,nopen,425,2078.416,0.157748,0.861455,0.803859,0.919051,28,0.00014604,3,0.058650,0.087215,0.030084,0.939232,0.909263,0.969201,0.910334,0.873968,0.946700,0.011106,0.008557,0.024454,0.018263,0.000000
dance_argument,nopen,450,2317.809,0.154752,0.865289,0.809706,0.920872,28,0.00017482,3,0.053738,0.078956,0.028519,0.943942,0.917115,0.970769,0.910386,0.873637,0.947135,0.010440,0.008454,0.024012,0.018085,0.000000
dance_argument,nopen,475,2354.809,0.158034,0.863988,0.806515,0.921461,28,0.00018728,3,0.057880,0.085068,0.030693,0.940050,0.911405,0.968695,0.912434,0.875124,0.949744,0.011290,0.009101,0.024480,0.017958,0.000000
dance_argument,nopen,500,2592.310,0.154939,0.865235,0.807692,0.922777,28,0.00004336,2,0.056711,0.086554,0.026867,0.941328,0.910228,0.972428,0.912586,0.877602,0.947570,0.011263,0.008020,0.024320,0.017674,0.000000
dance_argument,nopen,525,2629.111,0.152513,0.869533,0.816463,0.922602,28,0.00014134,1,0.056311,0.083581,0.029041,0.942000,0.913681,0.970319,0.917050,0.884704,0.949396,0.011201,0.008422,0.023424,0.017569,0.000000
dance_argument,nopen,550,2867.984,0.153804,0.869105,0.816361,0.921849,28,0.00012965,1,0.058750,0.088371,0.029128,0.939874,0.909537,0.970212,0.918602,0.888503,0.948700,0.011677,0.008550,0.023286,0.017839,0.000000
dance_argument,nopen,575,2905.199,0.152937,0.868612,0.814558,0.922667,28,0.00013942,1,0.061301,0.093822,0.028780,0.937651,0.904730,0.970573,0.920101,0.890981,0.949222,0.012045,0.008354,0.023255,0.017492,0.000000
dance_argument,nopen,600,3144.691,0.149241,0.873639,0.824441,0.922837,28,0.00013365,1,0.058315,0.086720,0.029910,0.940620,0.911750,0.969490,0.923188,0.895937,0.950439,0.011638,0.008490,0.022310,0.017342,0.000000
dance_argument,nopen,625,3181.872,0.148693,0.875058,0.824189,0.925926,28,0.00011055,1,0.060232,0.089858,0.030606,0.938992,0.909061,0.968924,0.926257,0.898249,0.954265,0.011732,0.009114,0.022083,0.017033,0.000000
dance_argument,nopen,650,3423.297,0.149034,0.873412,0.822071,0.924754,28,0.00011937,1,0.062853,0.092666,0.033041,0.936527,0.906484,0.966570,0.926779,0.898249,0.955308,0.011497,0.009757,0.021882,0.017141,0.000000
dance_argument,nopen,675,3460.697,0.143880,0.876384,0.825231,0.927536,28,0.00012224,1,0.061297,0.090684,0.031910,0.938103,0.908469,0.967736,0.928600,0.900066,0.957134,0.011244,0.009145,0.021421,0.016316,0.000000
dance_argument,nopen,700,3700.938,0.145287,0.875570,0.821192,0.929948,28,0.00012197,1,0.063205,0.097456,0.028954,0.936522,0.902415,0.970630,0.929048,0.901222,0.956873,0.012228,0.008529,0.022141,0.015881,0.000000
dance_argument,nopen,725,3738.132,0.148166,0.872893,0.816280,0.929506,28,0.00010870,1,0.063849,0.097787,0.029910,0.935657,0.901612,0.969702,0.926705,0.896102,0.957308,0.012618,0.008475,0.023075,0.015742,0.000000
dance_argument,nopen,750,3980.260,0.143404,0.877909,0.824947,0.930871,28,0.00012619,1,0.059363,0.089858,0.028867,0.939939,0.909136,0.970741,0.928409,0.899075,0.957743,0.011757,0.008399,0.022058,0.015636,0.000000
dance_argument,nopen,775,4017.940,0.140285,0.879917,0.826614,0.933220,28,0.00011361,1,0.058580,0.089858,0.027302,0.940807,0.909303,0.972310,0.929796,0.900892,0.958699,0.011508,0.008158,0.021599,0.015303,0.000000
dance_argument,nopen,800,4261.460,0.142789,0.879952,0.830049,0.929856,28,0.00011349,1,0.057328,0.089528,0.025128,0.942119,0.909922,0.974316,0.928791,0.904361,0.953221,0.012048,0.007494,0.021677,0.016122,0.000000
dance_argument,nopen,825,4299.151,0.141527,0.879965,0.828071,0.931859,28,0.00010885,1,0.059619,0.093327,0.025911,0.940081,0.906550,0.973612,0.930678,0.905352,0.956004,0.012422,0.007513,0.021818,0.015365,0.000000
dance_argument,nopen,850,4542.400,0.141367,0.879340,0.829080,0.929600,28,0.00010526,1,0.060166,0.093987,0.026346,0.939617,0.906106,0.973129,0.930547,0.907004,0.954091,0.012201,0.007582,0.021452,0.015755,0.000000
dance_argument,nopen,875,4580.213,0.138046,0.882487,0.832855,0.932119,28,0.00020782,1,0.059993,0.093987,0.025998,0.940013,0.906491,0.973535,0.933742,0.911133,0.956352,0.012014,0.007628,0.020816,0.015330,0.000000
dance_argument,nopen,900,4825.751,0.140009,0.883205,0.836562,0.929848,28,0.00014173,1,0.058884,0.091510,0.026259,0.941066,0.908912,0.973220,0.933690,0.913115,0.954265,0.012300,0.007652,0.020833,0.015828,0.000000
dance_argument,nopen,925,4863.567,0.140117,0.883707,0.838710,0.928704,28,0.00015447,1,0.062553,0.095804,0.029302,0.937929,0.905599,0.970259,0.937489,0.919062,0.955917,0.012407,0.008414,0.020173,0.016086,0.000000
dance_argument,nopen,950,5109.222,0.140769,0.884166,0.840724,0.927609,28,0.00013310,1,0.060440,0.095144,0.025737,0.940002,0.906341,0.973663,0.936098,0.920714,0.951482,0.012807,0.007538,0.020296,0.016424,0.000000
dance_argument,nopen,975,5147.261,0.140170,0.884039,0.837911,0.930168,28,0.00017176,1,0.063905,0.100595,0.027215,0.936977,0.901647,0.972306,0.938841,0.922200,0.955482,0.013039,0.007948,0.020359,0.015830,0.000000
dance_argument,nopen,1000,5392.536,0.140202,0.885923,0.842949,0.928898,28,0.00007390,1,0.065339,0.102246,0.028432,0.935981,0.900865,0.971098,0.942223,0.929138,0.955308,0.013488,0.008196,0.019814,0.016060,0.000000
dance_argument,nopen,1025,5429.970,0.137890,0.888450,0.847011,0.929890,28,0.00004671,1,0.061914,0.096961,0.026867,0.939069,0.905505,0.972633,0.942006,0.929138,0.954873,0.012940,0.008008,0.019460,0.016019,0.000000
dance_argument,nopen,1050,5672.124,0.140156,0.885537,0.845586,0.925489,28,0.00001576,1,0.064014,0.096465,0.031562,0.936879,0.905761,0.967998,0.940928,0.927156,0.954700,0.012447,0.009006,0.019193,0.016795,0.000000
dance_argument,nopen,1075,5709.983,0.137736,0.887896,0.845367,0.930425,28,0.00001942,2,0.063318,0.098117,0.028519,0.937735,0.904409,0.971061,0.942636,0.928312,0.956960,0.012870,0.008460,0.019379,0.015863,0.000000
dance_argument,nopen,1100,5954.060,0.139995,0.886284,0.845251,0.927317,28,0.00000788,1,0.063644,0.097291,0.029997,0.937306,0.905061,0.969550,0.941310,0.927486,0.955134,0.013030,0.008558,0.019658,0.016211,0.000000
dance_argument,nopen,1125,5991.804,0.138134,0.888510,0.845159,0.931861,28,0.00001057,1,0.062996,0.098778,0.027215,0.938107,0.903859,0.972355,0.942932,0.928642,0.957221,0.013267,0.008112,0.019776,0.015576,0.000000
dance_argument,nopen,1150,6235.792,0.138619,0.887524,0.843665,0.931382,28,0.00001896,2,0.062718,0.097787,0.027650,0.938212,0.904501,0.971923,0.941649,0.926165,0.957134,0.013185,0.008092,0.020041,0.015522,0.000000
dance_argument,nopen,1175,6273.393,0.139549,0.888588,0.846674,0.930502,28,0.00000971,2,0.064792,0.099934,0.029650,0.936537,0.903091,0.969982,0.944688,0.931285,0.958091,0.013561,0.008676,0.019736,0.015659,0.000000
dance_argument,nopen,1200,6512.330,0.141935,0.886119,0.841436,0.930802,28,0.00001876,2,0.067287,0.104229,0.030345,0.934233,0.899137,0.969329,0.944092,0.929138,0.959047,0.014117,0.008759,0.020430,0.015439,0.000000
dance_argument,nopen,1225,6549.493,0.141364,0.887571,0.843750,0.931392,28,0.00000313,1,0.067535,0.104724,0.030345,0.934172,0.898996,0.969348,0.945883,0.932111,0.959656,0.014053,0.008938,0.020009,0.015616,0.000000
dance_argument,nopen,1250,6792.527,0.136683,0.887391,0.840495,0.934287,28,0.00000696,1,0.066908,0.107037,0.026780,0.934837,0.896832,0.972842,0.944884,0.930459,0.959308,0.013770,0.007856,0.019895,0.014851,0.000000
dance_argument,nopen,1275,6829.959,0.137816,0.888185,0.843178,0.933192,28,0.00001436,2,0.064309,0.101751,0.026867,0.937005,0.901282,0.972727,0.943619,0.928973,0.958264,0.013709,0.007866,0.020086,0.015061,0.000000
dance_argument,nopen,1300,7068.064,0.136734,0.888403,0.843455,0.933350,28,0.00001560,2,0.064792,0.101586,0.027998,0.936545,0.901442,0.971647,0.944310,0.929138,0.959482,0.013572,0.007918,0.019963,0.014866,0.000000
dance_argument,nopen,1325,7105.347,0.136860,0.889433,0.844794,0.934072,28,0.00001167,2,0.064983,0.102577,0.027389,0.936525,0.900799,0.972252,0.945553,0.931450,0.959656,0.013825,0.007970,0.019890,0.014829,0.000000
dance_argument,nopen,1350,7347.082,0.136241,0.890004,0.844428,0.935579,28,0.00000845,2,0.065678,0.104229,0.027128,0.936002,0.899458,0.972545,0.946701,0.932441,0.960960,0.014013,0.007851,0.020004,0.014476,0.000000
dance_argument,nopen,1375,7384.071,0.139313,0.888167,0.841414,0.934919,28,0.00000455,1,0.067295,0.107202,0.027389,0.934540,0.896804,0.972276,0.946070,0.931615,0.960525,0.014436,0.008076,0.020414,0.014767,0.000000
dance_argument,nopen,1400,7626.791,0.134994,0.890922,0.845888,0.935956,28,0.00001596,1,0.064248,0.100760,0.027737,0.937163,0.902353,0.971973,0.946518,0.931120,0.961916,0.013715,0.007925,0.019835,0.014340,0.000000
dance_argument,nopen,1425,7663.994,0.133711,0.891476,0.846928,0.936024,28,0.00001746,1,0.063540,0.099604,0.027476,0.937803,0.903381,0.972225,0.946514,0.931285,0.961742,0.013536,0.007904,0.019598,0.014248,0.000000
dance_argument,nopen,1450,7904.054,0.132942,0.892318,0.847147,0.937489,28,0.00001617,1,0.063309,0.100099,0.026519,0.938096,0.903009,0.973182,0.947148,0.931946,0.962351,0.013617,0.007705,0.019666,0.013982,0.000000
dance_argument,nopen,1475,7941.055,0.134202,0.892160,0.847122,0.937198,28,0.00001875,2,0.064692,0.102081,0.027302,0.936930,0.901435,0.972425,0.948192,0.933598,0.962786,0.013775,0.007986,0.019627,0.014222,0.000000
dance_argument,nopen,1500,8181.619,0.132929,0.889860,0.842844,0.936876,28,0.00001156,1,0.066639,0.105715,0.027563,0.935144,0.898122,0.972166,0.947322,0.931946,0.962699,0.013375,0.008041,0.019300,0.014298,0.000000
dance_argument,nopen,1525,8218.807,0.135333,0.890637,0.843503,0.937770,28,0.00001396,2,0.066382,0.107202,0.025563,0.935571,0.897033,0.974108,0.947835,0.933928,0.961742,0.014411,0.007512,0.020074,0.014072,0.000000
dance_argument,nopen,1550,8460.600,0.138011,0.889180,0.844750,0.933609,28,0.00001032,2,0.066891,0.104394,0.029389,0.934845,0.899363,0.970327,0.946992,0.932937,0.961047,0.013943,0.008553,0.019709,0.015044,0.000000
dance_argument,nopen,1575,8497.401,0.134742,0.890402,0.846845,0.933959,28,0.00000849,1,0.065252,0.102246,0.028258,0.936346,0.901276,0.971416,0.946892,0.933432,0.960351,0.013231,0.008368,0.019079,0.015034,0.000000
dance_argument,nopen,1600,8735.520,0.142471,0.886698,0.838839,0.934557,28,0.00000723,1,0.069178,0.110010,0.028345,0.932843,0.894336,0.971351,0.946083,0.931120,0.961047,0.014976,0.008368,0.020905,0.014911,0.000000
dance_argument,nopen,1625,8772.832,0.134888,0.891254,0.847008,0.935500,28,0.00000798,1,0.064235,0.101255,0.027215,0.937268,0.902077,0.972459,0.946866,0.932772,0.960960,0.013664,0.007968,0.019534,0.014611,0.000000
dance_argument,nopen,1650,9016.289,0.132101,0.891656,0.847353,0.935959,28,0.00000857,1,0.064009,0.101586,0.026432,0.937537,0.901851,0.973223,0.947066,0.933432,0.960699,0.013178,0.007744,0.019072,0.014499,0.000000
dance_argument,nopen,1675,9053.598,0.134907,0.891953,0.848739,0.935167,28,0.00000980,1,0.064031,0.100760,0.027302,0.937508,0.902649,0.972366,0.947479,0.934258,0.960699,0.013638,0.008056,0.019450,0.014670,0.000000
dance_argument,nopen,1700,9295.830,0.134848,0.889912,0.843637,0.936186,28,0.00001456,1,0.063379,0.100760,0.025998,0.937883,0.902118,0.973647,0.944584,0.928642,0.960525,0.013644,0.007595,0.019987,0.014339,0.000000
dance_argument,nopen,1725,9333.539,0.131920,0.891127,0.846823,0.935432,28,0.00001803,1,0.064779,0.102081,0.027476,0.936806,0.901404,0.972208,0.947201,0.933267,0.961134,0.013167,0.007827,0.019044,0.014428,0.000000
dance_argument,nopen,1750,9577.271,0.132780,0.891272,0.846119,0.936425,28,0.00002244,1,0.064074,0.102412,0.025737,0.937487,0.901069,0.973905,0.946648,0.932772,0.960525,0.013613,0.007363,0.019508,0.014259,0.000000
dance_argument,nopen,1775,9614.815,0.131957,0.893144,0.848867,0.937421,28,0.00000770,1,0.062992,0.100595,0.025389,0.938530,0.902793,0.974266,0.947740,0.934258,0.961221,0.013596,0.007365,0.019433,0.014071,0.000000
dance_argument,nopen,1800,9855.262,0.131280,0.893139,0.849096,0.937182,28,0.00001154,1,0.061223,0.096796,0.025650,0.939929,0.905848,0.974009,0.946253,0.931285,0.961221,0.013243,0.007322,0.019448,0.014027,0.000000
dance_argument,nopen,1825,9892.346,0.131065,0.891577,0.848058,0.935096,28,0.00000928,1,0.063714,0.101255,0.026172,0.937818,0.902186,0.973450,0.946748,0.933928,0.959569,0.013131,0.007494,0.019028,0.014346,0.000000
dance_argument,nopen,1850,10133.495,0.132340,0.890135,0.842207,0.938062,28,0.00002275,1,0.067726,0.110671,0.024780,0.934537,0.894205,0.974870,0.948361,0.935415,0.961308,0.014021,0.007308,0.019550,0.013893,0.000000
dance_argument,nopen,1875,10170.232,0.134647,0.890901,0.843666,0.938136,28,0.00001647,1,0.067178,0.108358,0.025998,0.934927,0.896153,0.973700,0.948805,0.935084,0.962525,0.014513,0.007515,0.020030,0.013835,0.000000
dance_argument,nopen,1900,10407.145,0.134937,0.890498,0.843172,0.937823,28,0.00001771,1,0.067230,0.108028,0.026432,0.934815,0.896355,0.973275,0.948435,0.934258,0.962612,0.014317,0.007765,0.020006,0.013928,0.000000
dance_argument,nopen,1925,10443.720,0.133519,0.891179,0.846085,0.936273,28,0.00001340,1,0.066387,0.105385,0.027389,0.935523,0.898730,0.972315,0.948583,0.935249,0.961916,0.013808,0.007937,0.019401,0.014230,0.000000
dance_argument,nopen,1950,10680.936,0.131778,0.892670,0.847389,0.937950,28,0.00002735,1,0.063248,0.100760,0.025737,0.938228,0.902509,0.973946,0.947431,0.932772,0.962090,0.013531,0.007536,0.019425,0.013961,0.000000
dance_argument,nopen,1975,10717.160,0.133078,0.891596,0.846349,0.936843,28,0.00001626,1,0.064857,0.104063,0.025650,0.936896,0.899793,0.974000,0.947648,0.934424,0.960873,0.013834,0.007502,0.019529,0.014159,0.000000
dance_argument,nopen,2000,10956.126,0.132571,0.893072,0.849110,0.937035,28,0.00001973,1,0.065974,0.104559,0.027389,0.936018,0.899699,0.972337,0.950296,0.937892,0.962699,0.013761,0.008003,0.019051,0.014253,0.000000
dance_argument,nopen,2025,10993.161,0.132309,0.890476,0.844501,0.936451,28,0.00001887,1,0.066522,0.106871,0.026172,0.935443,0.897399,0.973487,0.947857,0.934754,0.960960,0.013647,0.007659,0.019266,0.014179,0.000000
dance_argument,nopen,2050,11230.713,0.130789,0.893761,0.849550,0.937972,28,0.00002526,1,0.062396,0.100099,0.024694,0.939104,0.903257,0.974951,0.947861,0.934589,0.961134,0.013491,0.007333,0.019103,0.014075,0.000000
dance_argument,nopen,2075,11267.666,0.130044,0.893284,0.849196,0.937373,28,0.00001340,1,0.063001,0.098612,0.027389,0.938375,0.904404,0.972347,0.947992,0.932937,0.963047,0.012932,0.007952,0.018875,0.014028,0.000000
dance_argument,nopen,2100,11505.215,0.130927,0.892111,0.844737,0.939484,28,0.00002366,2,0.063835,0.103238,0.024433,0.937757,0.900271,0.975242,0.947192,0.931946,0.962438,0.013429,0.007334,0.019443,0.013812,0.000000
dance_argument,nopen,2125,11542.143,0.132029,0.893127,0.849295,0.936959,28,0.00002538,0,0.062605,0.100429,0.024780,0.938905,0.902968,0.974841,0.947383,0.934589,0.960177,0.013622,0.007252,0.019350,0.014217,0.000000
dance_argument,nopen,2150,11779.006,0.131262,0.893639,0.850811,0.936468,28,0.00001113,2,0.062935,0.099438,0.026432,0.938574,0.903911,0.973237,0.948318,0.935415,0.961221,0.013310,0.007648,0.018956,0.014317,0.000000
dance_argument,nopen,2175,11815.655,0.133191,0.892725,0.847738,0.937712,28,0.00002312,2,0.066269,0.106541,0.025998,0.935848,0.898008,0.973689,0.950074,0.938057,0.962090,0.014150,0.007609,0.019396,0.014116,0.000000
dance_argument,nopen,2200,12055.763,0.133169,0.892957,0.848154,0.937760,28,0.00006491,3,0.065304,0.105220,0.025389,0.936678,0.899081,0.974275,0.949483,0.937397,0.961569,0.014247,0.007370,0.019519,0.014047,0.000000
dance_argument,nopen,2225,12092.339,0.131314,0.895747,0.854344,0.937151,28,0.00008127,3,0.065539,0.104559,0.026519,0.936712,0.900252,0.973173,0.952838,0.943674,0.962003,0.014195,0.007656,0.018759,0.014068,0.000000
dance_argument,nopen,2250,12333.141,0.132465,0.894146,0.852139,0.936152,28,0.00004753,3,0.068182,0.108193,0.028171,0.934385,0.897207,0.971564,0.953430,0.944334,0.962525,0.014086,0.008301,0.018453,0.014498,0.000000
dance_argument,nopen,2275,12370.176,0.136958,0.892706,0.851714,0.933698,28,0.00003372,4,0.070221,0.108358,0.032084,0.932406,0.897033,0.967779,0.953830,0.944004,0.963655,0.014453,0.009268,0.018832,0.014953,0.000000
dance_argument,nopen,2300,12610.323,0.134234,0.891702,0.847939,0.935465,28,0.00004648,3,0.069086,0.110175,0.027998,0.933467,0.895225,0.971710,0.951508,0.941361,0.961656,0.014325,0.008083,0.018985,0.014546,0.000000
dance_argument,nopen,2325,12647.394,0.134930,0.890001,0.846691,0.933311,28,0.00003422,2,0.069764,0.110836,0.028693,0.932781,0.894580,0.970981,0.950313,0.940535,0.960090,0.014033,0.008165,0.018959,0.014910,0.000000
dance_argument,nopen,2350,12889.014,0.135586,0.892572,0.850157,0.934988,28,0.00004893,2,0.068843,0.107863,0.029823,0.933602,0.897246,0.969957,0.952365,0.941857,0.962873,0.014478,0.008620,0.019022,0.014613,0.000000
dance_argument,nopen,2375,12925.980,0.134874,0.892229,0.849538,0.934920,28,0.00003455,2,0.068891,0.107697,0.030084,0.933507,0.897307,0.969708,0.952039,0.941031,0.963047,0.014140,0.008605,0.018967,0.014610,0.000000
dance_argument,penalty,1,1.386,1.152610,0.188629,0.206117,0.171142,20,0.00000464,0,0.208281,0.263793,0.152769,0.530218,0.496849,0.563587,0.228888,0.260489,0.197287,0.036081,0.045266,0.122050,0.221479,0.010000
dance_argument,penalty,25,26.617,0.871730,0.307010,0.359446,0.254574,20,0.00005177,0,0.095561,0.121738,0.069385,0.782494,0.768093,0.796895,0.337721,0.403204,0.272237,0.016410,0.020540,0.087104,0.184987,0.010000
dance_argument,penalty,50,192.240,0.717421,0.427911,0.482056,0.373766,23,0.00000153,0,0.087867,0.118434,0.057299,0.846631,0.819894,0.873367,0.467165,0.539148,0.395183,0.015642,0.016570,0.069751,0.153283,0.010000
dance_argument,penalty,75,222.444,0.576544,0.546407,0.595998,0.496815,23,0.00015363,3,0.086927,0.122729,0.051126,0.877921,0.845015,0.910828,0.595680,0.669144,0.522215,0.016359,0.014932,0.054163,0.122337,0.010000
dance_argument,penalty,100,416.493,0.473187,0.625652,0.645536,0.605768,26,0.00002799,4,0.089661,0.136108,0.043214,0.889730,0.843465,0.935995,0.682672,0.733399,0.631945,0.018180,0.012260,0.047966,0.094536,0.010000
dance_argument,penalty,125,450.877,0.394981,0.688191,0.686677,0.689704,26,0.00021698,2,0.091160,0.141890,0.040431,0.896717,0.846771,0.946662,0.750850,0.784110,0.717590,0.018704,0.011591,0.042247,0.074215,0.010000
dance_argument,penalty,150,663.625,0.344368,0.726436,0.720808,0.732065,25,0.00032234,2,0.083158,0.128840,0.037475,0.908140,0.863302,0.952978,0.786588,0.813677,0.759499,0.017026,0.010658,0.037166,0.063707,0.010000
dance_argument,penalty,175,696.363,0.314184,0.750187,0.738046,0.762327,25,0.00045405,2,0.078933,0.119260,0.038605,0.913675,0.873842,0.953508,0.808911,0.826065,0.791757,0.015765,0.011145,0.034612,0.056555,0.010000
dance_argument,penalty,200,910.135,0.292477,0.767185,0.746344,0.788026,25,0.00030129,2,0.078963,0.118104,0.039823,0.914836,0.876019,0.953653,0.826948,0.834490,0.819407,0.015910,0.011359,0.033639,0.050149,0.010000
dance_argument,penalty,225,943.418,0.268701,0.785917,0.759246,0.812589,25,0.00024484,3,0.076164,0.112157,0.040170,0.918690,0.882749,0.954630,0.844816,0.844400,0.845231,0.015019,0.011709,0.031637,0.044509,0.010000
dance_argument,penalty,250,1157.321,0.252428,0.798723,0.763263,0.834183,25,0.00009979,2,0.078798,0.117773,0.039823,0.917403,0.878700,0.956105,0.860279,0.853155,0.867403,0.015694,0.011751,0.031157,0.039240,0.010000
dance_argument,penalty,275,1190.471,0.238043,0.808054,0.780528,0.835581,25,0.00008067,2,0.069587,0.101090,0.038084,0.926348,0.894755,0.957941,0.863417,0.859432,0.867403,0.013419,0.011139,0.028285,0.038764,0.010000
dance_argument,penalty,300,1405.555,0.242920,0.804641,0.771500,0.837781,25,0.00004614,2,0.077920,0.119756,0.036084,0.919171,0.878254,0.960088,0.865952,0.863892,0.868011,0.015678,0.010467,0.029724,0.038166,0.010000
dance_argument,penalty,325,1439.007,0.234407,0.810535,0.785554,0.835515,25,0.00003522,2,0.071478,0.106871,0.036084,0.925264,0.890543,0.959985,0.867586,0.869508,0.865664,0.014012,0.010131,0.027719,0.038338,0.010000
dance_argument,penalty,350,1652.008,0.229817,0.814084,0.786448,0.841721,25,0.00004397,2,0.072069,0.109184,0.034953,0.925091,0.888758,0.961424,0.871729,0.872316,0.871142,0.014061,0.010157,0.027336,0.037151,0.010000
dance_argument,penalty,375,1685.184,0.229318,0.814648,0.784848,0.844448,25,0.00000961,1,0.069226,0.103238,0.035214,0.927375,0.893472,0.961277,0.870029,0.865874,0.874185,0.013889,0.010201,0.027933,0.036459,0.010000
dance_argument,penalty,400,1897.104,0.216539,0.825010,0.785661,0.864358,25,0.00000632,0,0.072556,0.110505,0.034606,0.925163,0.887582,0.962745,0.883376,0.872481,0.894270,0.014813,0.010147,0.027967,0.031731,0.010000
dance_argument,penalty,425,1929.487,0.198105,0.836505,0.787380,0.885630,25,0.00012370,2,0.069708,0.104724,0.034693,0.928032,0.892542,0.963522,0.893097,0.869838,0.916355,0.014231,0.009697,0.027829,0.026213,0.010000
dance_argument,penalty,450,2142.362,0.189138,0.843135,0.790005,0.896266,25,0.00034274,2,0.067905,0.097291,0.038518,0.929677,0.899092,0.960262,0.898827,0.866865,0.930789,0.013149,0.010796,0.027234,0.023760,0.010000
dance_argument,penalty,475,2174.807,0.182532,0.846853,0.793119,0.900587,25,0.00025967,1,0.063145,0.089858,0.036432,0.934134,0.905833,0.962435,0.898892,0.864387,0.933397,0.012104,0.010450,0.026638,0.022868,0.010000
dance_argument,penalty,500,2386.061,0.182212,0.847619,0.796263,0.898975,25,0.00024178,1,0.060867,0.087215,0.034519,0.936344,0.908476,0.964212,0.897857,0.865709,0.930006,0.011714,0.010270,0.026138,0.023551,0.010000
dance_argument,penalty,525,2418.415,0.183102,0.846113,0.790950,0.901276,25,0.00017268,1,0.065440,0.095144,0.035736,0.932080,0.901031,0.963129,0.899844,0.866204,0.933484,0.012685,0.010213,0.026922,0.022623,0.010000
dance_argument,penalty,550,2627.167,0.180487,0.849559,0.797397,0.901721,25,0.00004147,1,0.063836,0.091675,0.035997,0.933809,0.904721,0.962897,0.902339,0.870499,0.934180,0.012457,0.010377,0.026197,0.022538,0.010000
dance_argument,penalty,575,2659.390,0.176825,0.851229,0.801400,0.901058,25,0.00002713,1,0.060306,0.085398,0.035214,0.937111,0.910600,0.963622,0.901313,0.869838,0.932788,0.011245,0.010437,0.025191,0.022903,0.010000
dance_argument,penalty,600,2870.547,0.181278,0.849442,0.795489,0.903396,25,0.00001919,2,0.067657,0.098447,0.036866,0.930438,0.898743,0.962133,0.905252,0.873802,0.936701,0.012928,0.010736,0.026221,0.022369,0.010000
dance_argument,penalty,625,2902.649,0.174034,0.852571,0.799423,0.905719,25,0.00000971,1,0.060849,0.087876,0.033823,0.936683,0.908228,0.965137,0.903013,0.869673,0.936353,0.011591,0.009861,0.025558,0.021725,0.010000
dance_argument,penalty,650,3110.743,0.173900,0.853083,0.801397,0.904770,25,0.00001449,2,0.061632,0.087876,0.035388,0.936016,0.908434,0.963599,0.904304,0.871820,0.936788,0.011495,0.010302,0.025141,0.021923,0.010000
dance_argument,penalty,675,3142.595,0.171927,0.854143,0.800702,0.907585,25,0.00000889,1,0.058211,0.082425,0.033997,0.939098,0.913157,0.965039,0.902570,0.866700,0.938440,0.011185,0.009916,0.025447,0.021310,0.010000
dance_argument,penalty,700,3349.605,0.169822,0.856307,0.803760,0.908854,25,0.00001989,1,0.058385,0.080773,0.035997,0.939052,0.914927,0.963177,0.905126,0.868682,0.941570,0.010670,0.010558,0.024827,0.021162,0.010000
dance_argument,penalty,725,3381.711,0.172441,0.856126,0.805064,0.907187,25,0.00003009,1,0.060459,0.082920,0.037997,0.937181,0.913149,0.961214,0.906739,0.871820,0.941657,0.011362,0.010871,0.025143,0.021214,0.010000
dance_argument,penalty,750,3590.703,0.174986,0.851927,0.794206,0.909648,25,0.00005242,1,0.065144,0.094813,0.035475,0.932691,0.901679,0.963704,0.905713,0.869508,0.941918,0.012131,0.010504,0.026038,0.020961,0.010000
dance_argument,penalty,775,3622.891,0.168740,0.857983,0.804364,0.911602,25,0.00004451,1,0.059080,0.082425,0.035736,0.938525,0.913518,0.963531,0.907421,0.870664,0.944179,0.011001,0.010626,0.024872,0.020551,0.010000
dance_argument,penalty,800,3829.841,0.168679,0.856729,0.800790,0.912668,25,0.00006978,1,0.061741,0.087050,0.036432,0.936002,0.909091,0.962914,0.908208,0.870499,0.945918,0.011352,0.010566,0.025264,0.019987,0.010000
dance_argument,penalty,825,3861.631,0.163276,0.859273,0.803028,0.915518,25,0.00003917,1,0.057229,0.080112,0.034345,0.940224,0.915446,0.965001,0.907161,0.867360,0.946961,0.010499,0.009990,0.024844,0.019327,0.010000
dance_argument,penalty,850,4070.113,0.166034,0.857771,0.801714,0.913828,25,0.00003311,1,0.057937,0.079617,0.036258,0.939444,0.915764,0.963123,0.906252,0.865543,0.946961,0.010514,0.010447,0.025133,0.019723,0.010000
dance_argument,penalty,875,4101.729,0.167253,0.856035,0.796894,0.915176,25,0.00003398,1,0.060102,0.084903,0.035301,0.937329,0.910578,0.964080,0.906018,0.864552,0.947483,0.011013,0.010343,0.025575,0.019490,0.010000
dance_argument,penalty,900,4311.586,0.170396,0.854052,0.792159,0.915945,25,0.00001277,1,0.062806,0.091179,0.034432,0.934757,0.904581,0.964934,0.905935,0.864387,0.947483,0.011959,0.009998,0.026520,0.019297,0.010000
dance_argument,penalty,925,4343.497,0.166229,0.858306,0.803316,0.913295,25,0.00002531,2,0.056864,0.075818,0.037910,0.940446,0.919346,0.961545,0.906070,0.864222,0.947918,0.010088,0.011009,0.024874,0.019981,0.010000
dance_argument,penalty,950,4551.928,0.167585,0.858141,0.800824,0.915459,25,0.00003559,3,0.060411,0.083086,0.037736,0.937189,0.912583,0.961796,0.908682,0.867360,0.950004,0.011031,0.011093,0.025371,0.019420,0.010000
dance_argument,penalty,975,4583.885,0.166735,0.856656,0.800214,0.913098,25,0.00003888,1,0.059672,0.079782,0.039562,0.937730,0.915471,0.959989,0.906639,0.864057,0.949222,0.010079,0.011447,0.024889,0.019917,0.010000
dance_argument,penalty,1000,4794.208,0.172446,0.853135,0.794327,0.911942,25,0.00002308,2,0.062906,0.089032,0.036779,0.934620,0.906683,0.962556,0.905265,0.865048,0.945483,0.011668,0.010676,0.026135,0.020170,0.010000
dance_argument,penalty,1025,4826.578,0.170753,0.853666,0.797252,0.910080,25,0.00002655,2,0.060224,0.081929,0.038518,0.937049,0.913256,0.960842,0.903853,0.862570,0.945135,0.010523,0.011253,0.025360,0.020663,0.010000
dance_argument,penalty,1050,5038.905,0.170842,0.854759,0.796949,0.912569,25,0.00005096,2,0.059506,0.082755,0.036258,0.937782,0.912489,0.963074,0.904279,0.862901,0.945657,0.011194,0.010606,0.025890,0.020145,0.010000
dance_argument,penalty,1075,5071.276,0.173605,0.852555,0.793943,0.911167,25,0.00005491,2,0.060480,0.085398,0.035562,0.936758,0.909836,0.963680,0.902657,0.861744,0.943570,0.011335,0.010581,0.026237,0.020661,0.010000
dance_argument,penalty,1100,5281.501,0.168831,0.856062,0.798779,0.913346,25,0.00003782,2,0.059224,0.081929,0.036519,0.938133,0.913408,0.962858,0.905461,0.864222,0.946700,0.010752,0.010710,0.025502,0.020035,0.010000
dance_argument,penalty,1125,5313.707,0.169359,0.853184,0.791711,0.914658,25,0.00003290,2,0.059602,0.084077,0.035127,0.937503,0.910780,0.964226,0.902531,0.858276,0.946787,0.010826,0.010465,0.026076,0.019724,0.010000
dance_argument,prune,1,1.388,1.152610,0.188629,0.206117,0.171142,20,0.00000464,0,0.208281,0.263793,0.152769,0.530218,0.496849,0.563587,0.228888,0.260489,0.197287,0.036081,0.045266,0.122050,0.221479,0.000100
dance_argument,prune,25,26.141,0.871730,0.307010,0.359446,0.254574,20,0.00005177,0,0.095561,0.121738,0.069385,0.782494,0.768093,0.796895,0.337721,0.403204,0.272237,0.016410,0.020540,0.087104,0.184987,0.000100
dance_argument,prune,50,188.772,0.717615,0.427656,0.482204,0.373109,23,0.00000153,0,0.087867,0.118434,0.057299,0.846556,0.819940,0.873172,0.466900,0.539313,0.394487,0.015642,0.016570,0.069726,0.153373,0.000100
dance_argument,prune,75,218.376,0.575964,0.546287,0.595469,0.497105,23,0.00015531,2,0.086966,0.122894,0.051039,0.877874,0.844741,0.911007,0.595563,0.668649,0.522476,0.016345,0.014817,0.054241,0.122130,0.000100
dance_argument,prune,100,409.581,0.477402,0.620800,0.644159,0.597441,26,0.00015105,1,0.086101,0.132640,0.039562,0.893142,0.846169,0.940116,0.675338,0.729600,0.621076,0.017693,0.011404,0.048049,0.096501,0.000100
dance_argument,prune,125,443.723,0.393489,0.685726,0.688246,0.683207,26,0.00030731,4,0.085505,0.135448,0.035562,0.902210,0.852279,0.952141,0.744485,0.781467,0.707504,0.017884,0.010100,0.041685,0.075414,0.000100
dance_argument,prune,150,649.113,0.338008,0.729382,0.722644,0.736120,27,0.00023708,2,0.082897,0.132144,0.033649,0.909296,0.860942,0.957649,0.789514,0.818137,0.760890,0.017349,0.009493,0.036789,0.062404,0.000100
dance_argument,prune,175,683.796,0.309497,0.753371,0.743790,0.762953,27,0.00018327,2,0.081250,0.123720,0.038779,0.912207,0.871062,0.953352,0.814175,0.835811,0.792540,0.016091,0.010844,0.033620,0.056036,0.000100
dance_argument,prune,200,905.038,0.291261,0.766775,0.754823,0.778727,26,0.00022079,3,0.075577,0.112983,0.038171,0.918185,0.881456,0.954914,0.824279,0.840106,0.808451,0.015020,0.010714,0.031997,0.052172,0.000100
dance_argument,prune,225,939.337,0.267577,0.784571,0.762480,0.806662,26,0.00020795,2,0.073695,0.108523,0.038866,0.920945,0.886214,0.955677,0.841620,0.845226,0.838014,0.014126,0.011305,0.030744,0.045684,0.000100
dance_argument,prune,250,1157.908,0.246290,0.800201,0.770768,0.829635,26,0.00015650,2,0.070887,0.099604,0.042170,0.924166,0.894838,0.953495,0.856080,0.847539,0.864620,0.013045,0.011916,0.029445,0.040135,0.000100
dance_argument,prune,275,1192.256,0.234614,0.810386,0.781335,0.839436,26,0.00012063,2,0.068127,0.093822,0.042431,0.927416,0.901080,0.953753,0.864848,0.854642,0.875054,0.012370,0.012209,0.027972,0.037914,0.000100
dance_argument,prune,300,1413.174,0.231276,0.812516,0.781687,0.843345,26,0.00005536,2,0.069652,0.098612,0.040692,0.926344,0.896998,0.955690,0.868217,0.858771,0.877663,0.012922,0.011701,0.027839,0.036929,0.000100
dance_argument,prune,325,1447.105,0.231053,0.813180,0.781115,0.845246,26,0.00004580,2,0.072208,0.105550,0.038866,0.924350,0.891086,0.957614,0.870829,0.863561,0.878098,0.013681,0.011400,0.028011,0.036455,0.000100
dance_argument,prune,350,1668.794,0.223373,0.819688,0.788401,0.850975,26,0.00002372,2,0.070687,0.102246,0.039127,0.926178,0.894728,0.957627,0.876642,0.869012,0.884271,0.013456,0.011154,0.027279,0.034868,0.000100
dance_argument,prune,375,1703.244,0.219848,0.820441,0.789505,0.851377,26,0.00005598,2,0.066953,0.095474,0.038431,0.929463,0.900585,0.958341,0.874490,0.864883,0.884097,0.012288,0.011268,0.026556,0.034935,0.000100
dance_argument,prune,400,1921.406,0.219845,0.821453,0.789757,0.853148,26,0.00004652,2,0.070795,0.103072,0.038518,0.926269,0.894201,0.958337,0.878585,0.871160,0.886010,0.013127,0.011249,0.026577,0.034506,0.000100
dance_argument,prune,425,1955.500,0.216861,0.824915,0.795034,0.854795,26,0.00005224,2,0.067374,0.097621,0.037127,0.929596,0.899387,0.959804,0.879589,0.872646,0.886532,0.012970,0.010814,0.026396,0.033987,0.000100
dance_argument,prune,450,2174.805,0.216325,0.823693,0.793842,0.853544,26,0.00006225,1,0.066718,0.094483,0.038953,0.929921,0.901920,0.957922,0.877820,0.868847,0.886792,0.012187,0.011331,0.026014,0.034321,0.000100
dance_argument,prune,475,2208.877,0.216198,0.825924,0.793758,0.858089,26,0.00007976,1,0.066166,0.095639,0.036692,0.930655,0.900924,0.960387,0.879624,0.869673,0.889575,0.012777,0.011035,0.026549,0.033592,0.000100
dance_argument,prune,500,2428.800,0.214678,0.823908,0.789632,0.858183,29,0.00013844,2,0.067370,0.096135,0.038605,0.929260,0.900034,0.958485,0.878429,0.865543,0.891314,0.012177,0.011234,0.026598,0.033224,0.000100
dance_argument,prune,525,2466.904,0.218077,0.823435,0.790122,0.856748,29,0.00013330,2,0.069087,0.100264,0.037910,0.927852,0.896593,0.959111,0.879285,0.869343,0.889227,0.013216,0.011127,0.026892,0.033597,0.000100
dance_argument,prune,550,2713.066,0.218665,0.823662,0.787584,0.859740,29,0.00013893,2,0.070982,0.104229,0.037736,0.926199,0.892978,0.959420,0.880928,0.869673,0.892183,0.013906,0.011091,0.027480,0.032878,0.000100
dance_argument,prune,575,2750.613,0.222349,0.821547,0.783788,0.859306,29,0.00012841,1,0.073999,0.108523,0.039475,0.923320,0.888964,0.957677,0.881037,0.868847,0.893227,0.014354,0.011710,0.027924,0.033131,0.000100
dance_argument,prune,600,2986.794,0.213626,0.827342,0.796572,0.858112,31,0.00011143,1,0.068348,0.098612,0.038084,0.928864,0.898728,0.959000,0.882958,0.875124,0.890792,0.012766,0.011287,0.025792,0.033364,0.000100
dance_argument,prune,625,3026.629,0.211940,0.829713,0.800908,0.858517,31,0.00003164,0,0.065114,0.091014,0.039214,0.931782,0.905667,0.957898,0.882993,0.873802,0.892183,0.012496,0.011203,0.025766,0.033024,0.000100
dance_argument,prune,650,3268.067,0.210447,0.830765,0.800422,0.861109,29,0.00005750,0,0.066248,0.095804,0.036692,0.931024,0.901528,0.960520,0.884906,0.877106,0.892705,0.013073,0.010686,0.025856,0.032400,0.000100
dance_argument,prune,675,3305.458,0.202367,0.837570,0.807797,0.867343,29,0.00009143,0,0.063214,0.088867,0.037562,0.934086,0.908238,0.959933,0.889753,0.879584,0.899922,0.012128,0.011051,0.024727,0.031118,0.000100
dance_argument,prune,700,3542.686,0.200450,0.837165,0.807366,0.866963,29,0.00007804,0,0.062884,0.089858,0.035910,0.934447,0.907341,0.961553,0.889005,0.879914,0.898096,0.012049,0.010413,0.024517,0.031051,0.000100
dance_argument,prune,725,3580.251,0.195783,0.839718,0.807744,0.871691,29,0.00010554,1,0.063844,0.096300,0.031389,0.934091,0.901918,0.966265,0.892291,0.885530,0.899052,0.012577,0.009259,0.024338,0.029980,0.000100
dance_argument,prune,750,3821.567,0.189031,0.842484,0.809062,0.875906,29,0.00012281,1,0.060706,0.090023,0.031389,0.936899,0.907376,0.966422,0.892648,0.881896,0.903400,0.011617,0.008986,0.023926,0.028755,0.000100
dance_argument,prune,775,3859.087,0.187836,0.845744,0.810526,0.880962,29,0.00012003,1,0.064179,0.098447,0.029910,0.934260,0.900434,0.968086,0.898816,0.890320,0.907312,0.012738,0.008912,0.023974,0.027785,0.000100
dance_argument,prune,800,4097.674,0.184688,0.848526,0.812528,0.884524,32,0.00014727,1,0.064644,0.102246,0.027041,0.934314,0.897534,0.971094,0.902024,0.895606,0.908443,0.013705,0.007884,0.024022,0.026712,0.000100
dance_argument,prune,825,4138.428,0.170737,0.860387,0.828735,0.892038,32,0.00011588,0,0.061645,0.095639,0.027650,0.937714,0.904707,0.970721,0.912349,0.907995,0.916703,0.012630,0.008047,0.021708,0.024839,0.000100
dance_argument,prune,850,4395.743,0.172735,0.860222,0.828678,0.891766,31,0.00011531,0,0.068287,0.105880,0.030693,0.932057,0.896429,0.967686,0.917778,0.916419,0.919137,0.013774,0.008653,0.021543,0.024795,0.000100
dance_argument,prune,875,4434.948,0.160161,0.868672,0.840205,0.897139,31,0.00012344,0,0.060349,0.093657,0.027041,0.939496,0.907504,0.971489,0.920147,0.918897,0.921398,0.011834,0.007969,0.019626,0.023830,0.000100
dance_argument,prune,900,4692.826,0.160394,0.870729,0.844588,0.896870,33,0.00008866,0,0.061771,0.095804,0.027737,0.938491,0.906194,0.970788,0.923625,0.925504,0.921746,0.012678,0.007869,0.019628,0.023542,0.000100
dance_argument,prune,925,4734.745,0.158971,0.872305,0.844575,0.900034,33,0.00011653,0,0.060932,0.094648,0.027215,0.939268,0.907131,0.971405,0.924521,0.924513,0.924528,0.012656,0.007924,0.019705,0.022968,0.000100
dance_argument,prune,950,5008.549,0.159968,0.872379,0.843656,0.901102,36,0.00005985,1,0.065031,0.104063,0.025998,0.936077,0.899506,0.972649,0.927989,0.931450,0.924528,0.013764,0.007678,0.019877,0.022711,0.000100
dance_argument,prune,975,5054.489,0.154585,0.877020,0.857165,0.896875,36,0.00009575,0,0.059419,0.089362,0.029476,0.940861,0.912657,0.969064,0.928537,0.933763,0.923311,0.011861,0.008462,0.017824,0.023521,0.000100
dance_argument,prune,1000,5340.393,0.157911,0.874279,0.848954,0.899603,36,0.00013660,0,0.063844,0.097952,0.029737,0.936902,0.904907,0.968898,0.929233,0.932111,0.926354,0.012887,0.008502,0.018981,0.022929,0.000100
dance_argument,prune,1025,5386.795,0.155104,0.877095,0.855692,0.898498,36,0.00011172,1,0.060106,0.089693,0.030519,0.940170,0.912250,0.968091,0.929180,0.932441,0.925919,0.011716,0.008946,0.017852,0.023492,0.000100
dance_argument,prune,1050,5680.845,0.167241,0.869892,0.845068,0.894715,38,0.00008373,1,0.067522,0.100264,0.034780,0.933228,0.902662,0.963794,0.927816,0.929798,0.925833,0.013282,0.010093,0.019597,0.024443,0.000100
dance_argument,prune,1075,5729.188,0.164890,0.869720,0.841900,0.897540,38,0.00008794,0,0.065509,0.099108,0.031910,0.934975,0.903257,0.966694,0.925759,0.925339,0.926180,0.013404,0.009134,0.020231,0.023443,0.000100
dance_argument,prune,1100,6040.577,0.162722,0.871734,0.843502,0.899966,37,0.00008411,0,0.067261,0.101916,0.032606,0.933644,0.901185,0.966103,0.929389,0.929468,0.929310,0.013662,0.009271,0.019854,0.022900,0.000100
dance_argument,prune,1125,6087.763,0.171658,0.865792,0.835248,0.896335,37,0.00007588,0,0.073043,0.106871,0.039214,0.927991,0.896381,0.959602,0.927998,0.924513,0.931484,0.013892,0.011239,0.020720,0.023916,0.000100
dance_argument,prune,1150,6393.954,0.166643,0.869180,0.838167,0.900193,37,0.00009588,0,0.073164,0.110505,0.035823,0.928440,0.893877,0.963003,0.931615,0.930790,0.932441,0.014101,0.010500,0.020106,0.023119,0.000100
dance_argument,prune,1175,6440.195,0.160055,0.874403,0.845506,0.903299,37,0.00009551,0,0.067465,0.099108,0.035823,0.933378,0.903630,0.963125,0.932480,0.929303,0.935658,0.013137,0.010227,0.019501,0.022147,0.000100
dance_argument,prune,1200,6746.674,0.161980,0.876476,0.850480,0.902472,37,0.00014929,1,0.069578,0.101421,0.037736,0.931787,0.902307,0.961267,0.936632,0.936736,0.936527,0.013617,0.011083,0.019004,0.022605,0.000100
dance_argument,prune,1225,6793.312,0.185615,0.859131,0.819834,0.898427,37,0.00010456,0,0.087579,0.135943,0.039214,0.916156,0.872620,0.959693,0.932472,0.931285,0.933658,0.018007,0.011415,0.023585,0.023552,0.000100
dance_argument,prune,1250,7099.814,0.176123,0.864458,0.828706,0.900210,37,0.00010966,0,0.080623,0.124381,0.036866,0.922119,0.882233,0.962004,0.932589,0.931781,0.933397,0.016324,0.010788,0.021992,0.023134,0.000100
dance_argument,prune,1275,7146.145,0.170661,0.865795,0.825146,0.906445,37,0.00008765,0,0.081653,0.129832,0.033475,0.921630,0.877760,0.965499,0.934532,0.932276,0.936788,0.016944,0.009444,0.022446,0.021226,0.000100
