pair,arm,config,step,seconds,loss,mean_iou,view1_iou,view2_iou,patches,overlap,overlap_repaired_pairs,mean_spill,view1_spill,view2_spill,mean_precision,view1_precision,view2_precision,mean_coverage,view1_coverage,view2_coverage,view1_negative_space,view2_negative_space,view1_silhouette,view2_silhouette,lambda_count,total_adds,total_splits,total_deletes,count_active,target_reached
sun_moon,noswept_restart,nonorm1p25,1,1.510,0.728044,0.250937,0.206351,0.295524,20,0.00021183,0,0.118218,0.146608,0.089827,0.699671,0.617423,0.781918,0.279337,0.236603,0.322070,0.032918,0.018148,0.169675,0.130441,0.000000,0,0,0,0,0
sun_moon,noswept_restart,nonorm1p25,25,27.585,0.525467,0.368221,0.354986,0.381456,20,0.00052488,3,0.048518,0.062770,0.034265,0.888721,0.857353,0.920089,0.385898,0.377269,0.394527,0.013946,0.006873,0.127910,0.108617,0.000000,0,0,0,0,0
sun_moon,noswept_restart,nonorm1p25,50,195.236,0.438262,0.471667,0.472399,0.470934,21,0.00117070,2,0.042234,0.052939,0.031529,0.921430,0.903808,0.939052,0.491595,0.497407,0.485782,0.011718,0.006340,0.103509,0.092640,0.000000,0,1,0,0,0
sun_moon,noswept_restart,nonorm1p25,75,223.248,0.360770,0.577246,0.573295,0.581197,21,0.00097573,4,0.044221,0.058341,0.030101,0.932205,0.912281,0.952129,0.602716,0.606742,0.598691,0.012809,0.005894,0.083732,0.072934,0.000000,0,1,0,0,0
sun_moon,noswept_restart,nonorm1p25,100,401.290,0.324989,0.617607,0.593568,0.641647,24,0.00051628,4,0.040178,0.054775,0.025580,0.941066,0.919549,0.962583,0.642071,0.626080,0.658061,0.011785,0.005004,0.079268,0.062060,0.000000,2,2,0,0,0
sun_moon,noswept_restart,nonorm1p25,125,433.222,0.302910,0.641630,0.609919,0.673341,24,0.00064437,4,0.037097,0.052182,0.022011,0.946904,0.924801,0.969007,0.664954,0.641746,0.688162,0.010989,0.004370,0.075701,0.056330,0.000000,2,2,0,0,0
sun_moon,noswept_restart,nonorm1p25,150,611.722,0.286318,0.665240,0.620429,0.710050,21,0.00091240,3,0.038483,0.057692,0.019274,0.946624,0.919189,0.974059,0.689979,0.656223,0.723736,0.011835,0.003702,0.073652,0.049766,0.000000,2,2,3,0,0
sun_moon,noswept_restart,nonorm1p25,175,638.855,0.266520,0.694320,0.631235,0.757405,21,0.00105267,5,0.036612,0.057044,0.016181,0.950325,0.921241,0.979410,0.718452,0.667243,0.769661,0.012353,0.003206,0.071977,0.041465,0.000000,2,2,3,0,0
sun_moon,noswept_restart,nonorm1p25,200,811.536,0.256931,0.713417,0.628900,0.797934,23,0.00029812,3,0.038264,0.063202,0.013325,0.948714,0.913640,0.983787,0.738607,0.668647,0.808566,0.014170,0.002513,0.073210,0.034297,0.000000,4,2,3,0,0
sun_moon,noswept_restart,nonorm1p25,225,841.368,0.236585,0.732727,0.630621,0.834834,23,0.00014901,4,0.033089,0.062014,0.004164,0.955154,0.915252,0.995057,0.754019,0.669728,0.838311,0.013449,0.000870,0.072455,0.027886,0.000000,4,2,3,0,0
sun_moon,noswept_restart,nonorm1p25,250,1026.935,0.225785,0.748267,0.640167,0.856368,24,0.00016729,3,0.035144,0.061366,0.008923,0.953471,0.917165,0.989778,0.771730,0.679451,0.864010,0.013035,0.001708,0.070235,0.024171,0.000000,6,2,4,0,0
sun_moon,noswept_restart,nonorm1p25,275,1058.114,0.211073,0.769398,0.662652,0.876144,24,0.00023106,3,0.036422,0.058449,0.014396,0.953568,0.923077,0.984060,0.795070,0.701383,0.888757,0.012704,0.002585,0.065785,0.020560,0.000000,6,2,4,0,0
sun_moon,noswept_restart,nonorm1p25,300,1257.010,0.203231,0.780022,0.667860,0.892183,25,0.00007764,3,0.035704,0.056180,0.015229,0.954848,0.926231,0.983465,0.805575,0.705380,0.905770,0.012181,0.002912,0.064673,0.018048,0.000000,6,3,4,0,0
sun_moon,noswept_restart,nonorm1p25,325,1289.330,0.196829,0.788739,0.671426,0.906052,25,0.00006632,4,0.036909,0.059421,0.014396,0.953741,0.922904,0.984578,0.815209,0.711322,0.919096,0.012590,0.002580,0.063897,0.015532,0.000000,6,3,4,0,0
sun_moon,noswept_restart,nonorm1p25,350,1472.070,0.186393,0.797982,0.679454,0.916510,22,0.00008681,3,0.033235,0.053263,0.013206,0.958354,0.930729,0.985978,0.822129,0.715644,0.928614,0.011392,0.002406,0.062176,0.013742,0.000000,6,3,7,0,0
sun_moon,noswept_restart,nonorm1p25,375,1500.156,0.183465,0.803440,0.683110,0.923770,22,0.00005466,3,0.032556,0.049049,0.016062,0.959557,0.935939,0.983175,0.827612,0.716616,0.938608,0.010879,0.003146,0.061549,0.012633,0.000000,6,3,7,0,0
sun_moon,noswept_restart,nonorm1p25,400,1670.169,0.168444,0.810903,0.688028,0.933778,21,0.00005873,4,0.026868,0.036841,0.016895,0.966706,0.950893,0.982519,0.831464,0.713375,0.949554,0.007842,0.003129,0.059685,0.010803,0.000000,6,3,8,0,0
sun_moon,noswept_restart,nonorm1p25,425,1697.111,0.167320,0.813445,0.686785,0.940106,21,0.00007584,4,0.025666,0.038245,0.013087,0.967769,0.949094,0.986445,0.832730,0.713051,0.952409,0.008451,0.002455,0.060238,0.009764,0.000000,6,3,8,0,0
sun_moon,noswept_restart,nonorm1p25,450,1857.748,0.162269,0.817253,0.689053,0.945452,19,0.00012790,3,0.024546,0.039218,0.009875,0.968920,0.948076,0.989763,0.835432,0.716076,0.954789,0.008217,0.001915,0.059422,0.009002,0.000000,6,3,10,0,0
sun_moon,noswept_restart,nonorm1p25,475,1882.023,0.163881,0.817920,0.687331,0.948509,19,0.00015996,3,0.025081,0.040406,0.009756,0.968217,0.946518,0.989916,0.836433,0.715104,0.957763,0.008975,0.001769,0.060236,0.008218,0.000000,6,3,10,0,0
sun_moon,noswept_restart,nonorm1p25,500,2037.627,0.161780,0.820244,0.690182,0.950307,19,0.00017814,3,0.023919,0.039866,0.007971,0.969561,0.947376,0.991747,0.837789,0.717697,0.957882,0.008814,0.001603,0.059651,0.008155,0.000000,6,3,10,0,0
sun_moon,noswept_restart,nonorm1p25,525,2061.954,0.167598,0.818307,0.687642,0.948971,19,0.00012006,2,0.027881,0.043863,0.011898,0.965086,0.942411,0.987762,0.839033,0.717805,0.960262,0.009855,0.002195,0.060462,0.008232,0.000000,6,3,10,0,0
sun_moon,noswept_restart,nonorm1p25,550,2213.626,0.171860,0.815892,0.686062,0.945721,19,0.00010434,2,0.031042,0.047213,0.014872,0.961540,0.938338,0.984741,0.839119,0.718453,0.959786,0.010319,0.002860,0.060656,0.008763,0.000000,6,3,10,0,0
sun_moon,noswept_restart,nonorm1p25,575,2237.850,0.178366,0.815834,0.686112,0.945557,19,0.00005703,2,0.035910,0.055640,0.016181,0.956050,0.928660,0.983439,0.842572,0.724287,0.960857,0.012154,0.003228,0.061057,0.008879,0.000000,6,3,10,0,0
sun_moon,noswept_restart,nonorm1p25,600,2390.037,0.185187,0.809401,0.688650,0.930151,19,0.00016826,4,0.036753,0.056612,0.016895,0.955133,0.927814,0.982452,0.836751,0.727636,0.945866,0.012708,0.003290,0.060958,0.011578,0.000000,6,3,10,0,0
sun_moon,noswept_restart,nonorm1p25,625,2414.051,0.189957,0.800806,0.691069,0.910544,19,0.00012182,4,0.036901,0.053695,0.020107,0.955068,0.931325,0.978811,0.828514,0.728176,0.928852,0.011970,0.003908,0.060153,0.014936,0.000000,6,3,10,0,0
sun_moon,noswept_restart,nonorm1p25,650,2568.963,0.193141,0.796448,0.693572,0.899325,20,0.00007421,3,0.037161,0.052074,0.022249,0.954880,0.933389,0.976371,0.824511,0.729689,0.919334,0.011576,0.004423,0.059678,0.016868,0.000000,7,3,10,0,0
sun_moon,noswept_restart,nonorm1p25,675,2594.619,0.182192,0.800759,0.697356,0.904162,20,0.00009640,2,0.031245,0.042027,0.020464,0.961814,0.945327,0.978302,0.824664,0.726664,0.922665,0.009341,0.003916,0.058483,0.016009,0.000000,7,3,10,0,0
sun_moon,noswept_restart,nonorm1p25,700,2742.817,0.178894,0.804071,0.697010,0.911132,18,0.00008397,2,0.030947,0.044404,0.017490,0.961997,0.942509,0.981484,0.827514,0.727960,0.927067,0.009932,0.003092,0.058607,0.014531,0.000000,7,3,12,0,0
sun_moon,noswept_restart,nonorm1p25,725,2765.846,0.176629,0.804144,0.698963,0.909325,18,0.00010120,1,0.028536,0.041487,0.015586,0.964743,0.946083,0.983403,0.825729,0.727960,0.923498,0.009317,0.002821,0.058206,0.014900,0.000000,7,3,12,0,0
sun_moon,noswept_restart,nonorm1p25,750,2908.285,0.173908,0.809007,0.700124,0.917890,18,0.00006982,1,0.028465,0.044080,0.012849,0.964748,0.943128,0.986367,0.830335,0.730985,0.929685,0.010009,0.002283,0.058139,0.013425,0.000000,7,3,12,0,0
sun_moon,noswept_restart,nonorm1p25,775,2931.017,0.171131,0.812195,0.704376,0.920014,18,0.00009851,1,0.028931,0.041919,0.015943,0.964599,0.945969,0.983229,0.834292,0.733902,0.934682,0.009474,0.002847,0.057186,0.012945,0.000000,7,3,12,0,0
sun_moon,noswept_restart,nonorm1p25,800,3072.236,0.167358,0.814318,0.706768,0.921868,18,0.00013932,2,0.027498,0.040838,0.014158,0.966244,0.947405,0.985082,0.835275,0.735631,0.934920,0.009068,0.002563,0.056475,0.012616,0.000000,7,3,12,0,0
sun_moon,noswept_restart,nonorm1p25,825,3095.116,0.165799,0.817947,0.708532,0.927362,18,0.00014299,2,0.027843,0.043431,0.012255,0.965814,0.944513,0.987114,0.839016,0.739304,0.938727,0.009714,0.002180,0.056266,0.011716,0.000000,7,3,12,0,0
sun_moon,noswept_restart,nonorm1p25,850,3240.748,0.174833,0.813715,0.709525,0.917904,18,0.00014617,3,0.033858,0.050346,0.017371,0.959229,0.936719,0.981739,0.839548,0.745246,0.933849,0.011221,0.003043,0.056380,0.013155,0.000000,7,3,12,0,0
sun_moon,noswept_restart,nonorm1p25,875,3263.588,0.166854,0.819747,0.714286,0.925208,18,0.00012628,3,0.030755,0.048185,0.013325,0.962760,0.939534,0.985986,0.843120,0.748704,0.937537,0.010685,0.002258,0.055293,0.011911,0.000000,7,3,12,0,0
sun_moon,noswept_restart,nonorm1p25,900,3407.073,0.172875,0.819305,0.716497,0.922113,18,0.00006444,3,0.034759,0.053695,0.015824,0.958494,0.933601,0.983387,0.845837,0.754970,0.936704,0.012122,0.002856,0.055304,0.012388,0.000000,7,3,12,0,0
sun_moon,noswept_restart,nonorm1p25,925,3430.282,0.161705,0.826835,0.722446,0.931225,18,0.00009802,2,0.029939,0.047861,0.012017,0.963973,0.940537,0.987410,0.849719,0.757022,0.942415,0.010802,0.002062,0.053847,0.010892,0.000000,7,3,12,0,0
sun_moon,noswept_restart,nonorm1p25,950,3574.229,0.162907,0.830589,0.721295,0.939882,17,0.00009428,3,0.033039,0.054775,0.011303,0.960544,0.932839,0.988248,0.855655,0.760804,0.950506,0.012156,0.002012,0.054201,0.009510,0.000000,7,3,13,0,0
sun_moon,noswept_restart,nonorm1p25,975,3596.595,0.162192,0.829625,0.720985,0.938264,17,0.00009392,3,0.032305,0.052831,0.011779,0.961337,0.934930,0.987744,0.854196,0.759075,0.949316,0.011691,0.002049,0.054087,0.009801,0.000000,7,3,13,0,0
sun_moon,noswept_restart,nonorm1p25,1000,3737.833,0.160495,0.831618,0.722759,0.940478,17,0.00007758,2,0.031208,0.050994,0.011422,0.962613,0.937092,0.988135,0.855417,0.759615,0.951220,0.011417,0.002112,0.053801,0.009507,0.000000,7,3,13,0,0
sun_moon,noswept_restart,nonorm1p25,1025,3759.975,0.161965,0.831840,0.723756,0.939925,17,0.00012068,2,0.032424,0.052831,0.012017,0.961344,0.935163,0.987525,0.856606,0.761992,0.951220,0.011926,0.002151,0.053757,0.009586,0.000000,7,3,13,0,0
sun_moon,noswept_restart,nonorm1p25,1050,3900.342,0.165398,0.828416,0.719185,0.937647,17,0.00007791,3,0.033309,0.055315,0.011303,0.960145,0.932068,0.988221,0.853606,0.758967,0.948245,0.012320,0.002099,0.054711,0.009938,0.000000,7,3,13,0,0
sun_moon,noswept_restart,nonorm1p25,1075,3922.405,0.167649,0.830113,0.718268,0.941957,17,0.00011822,3,0.035314,0.058016,0.012612,0.958011,0.929071,0.986951,0.856888,0.759939,0.953837,0.013103,0.002356,0.055153,0.009307,0.000000,7,3,13,0,0
sun_moon,noswept_restart,nonorm1p25,1100,4062.731,0.170525,0.829525,0.712529,0.946521,17,0.00011500,3,0.037728,0.063202,0.012255,0.955184,0.922996,0.987371,0.857841,0.757563,0.958120,0.014163,0.002258,0.056323,0.008373,0.000000,7,3,13,0,0
sun_moon,noswept_restart,nonorm1p25,1125,4084.560,0.170787,0.831318,0.711954,0.950683,17,0.00010132,3,0.038203,0.065579,0.010827,0.954647,0.920435,0.988859,0.859809,0.758643,0.960976,0.014746,0.001998,0.056726,0.007703,0.000000,7,3,13,0,0
sun_moon,noswept_restart,nonorm1p25,1150,4225.129,0.170477,0.834118,0.711037,0.957198,17,0.00007548,3,0.038985,0.068928,0.009042,0.953788,0.916851,0.990725,0.862951,0.760048,0.965854,0.015561,0.001644,0.057067,0.006638,0.000000,7,3,13,0,0
sun_moon,noswept_restart,nonorm1p25,1175,4246.937,0.167695,0.835433,0.713924,0.956942,17,0.00007431,3,0.038099,0.067632,0.008566,0.954851,0.918500,0.991202,0.863674,0.762208,0.965140,0.015200,0.001443,0.056432,0.006586,0.000000,7,3,13,0,0
sun_moon,noswept_restart,nonorm1p25,1200,4387.267,0.170800,0.831222,0.710457,0.951988,17,0.00010107,3,0.038423,0.068280,0.008566,0.954309,0.917461,0.991157,0.859555,0.758967,0.960143,0.015306,0.001467,0.057167,0.007231,0.000000,7,3,13,0,0
sun_moon,noswept_restart,nonorm1p25,1225,4408.872,0.167503,0.835291,0.712248,0.958333,17,0.00012294,3,0.038072,0.068172,0.007971,0.954789,0.917764,0.991815,0.863388,0.760804,0.965973,0.015269,0.001324,0.056661,0.006306,0.000000,7,3,13,0,0
sun_moon,noswept_restart,nonorm1p25,1250,4549.445,0.168696,0.836028,0.710622,0.961434,17,0.00013331,3,0.039406,0.070009,0.008804,0.953347,0.915691,0.991004,0.865135,0.760372,0.969899,0.015716,0.001482,0.057195,0.005608,0.000000,7,3,13,0,0
sun_moon,noswept_restart,nonorm1p25,1275,4571.308,0.164995,0.838993,0.712826,0.965159,17,0.00011630,3,0.037720,0.068064,0.007377,0.955203,0.917937,0.992470,0.866811,0.761344,0.972278,0.015219,0.001306,0.056597,0.005204,0.000000,7,3,13,0,0
sun_moon,noswept_restart,nonorm1p25,1300,4711.395,0.165540,0.841858,0.716129,0.967586,17,0.00008516,4,0.040568,0.071737,0.009399,0.952495,0.914521,0.990468,0.872091,0.767502,0.976681,0.016105,0.001491,0.056094,0.004652,0.000000,7,3,13,0,0
sun_moon,noswept_restart,nonorm1p25,1325,4733.309,0.165343,0.843404,0.718989,0.967818,17,0.00014733,4,0.041157,0.073034,0.009280,0.952055,0.913522,0.990589,0.874150,0.771500,0.976800,0.016332,0.001554,0.055607,0.004656,0.000000,7,3,13,0,0
sun_moon,noswept_restart,nonorm1p25,1350,4873.953,0.164798,0.843880,0.718328,0.969432,17,0.00013842,4,0.040454,0.072818,0.008090,0.952728,0.913667,0.991789,0.873955,0.770635,0.977275,0.016304,0.001419,0.055711,0.004486,0.000000,7,3,13,0,0
sun_moon,noswept_restart,nonorm1p25,1375,4896.007,0.170416,0.841494,0.711893,0.971095,17,0.00008884,4,0.042901,0.077355,0.008447,0.949915,0.908381,0.991448,0.873130,0.766962,0.979298,0.017488,0.001497,0.057368,0.004078,0.000000,7,3,13,0,0
sun_moon,noswept_restart,nonorm1p25,1400,5037.802,0.171106,0.828548,0.689760,0.967335,18,0.00019472,3,0.036225,0.063526,0.008923,0.955622,0.920304,0.990940,0.854772,0.733578,0.975967,0.014253,0.001692,0.060870,0.004684,0.000000,7,4,13,0,0
sun_moon,noswept_restart,nonorm1p25,1425,5061.783,0.164079,0.835297,0.702191,0.968404,18,0.00005206,1,0.034777,0.060393,0.009161,0.957845,0.924977,0.990713,0.860937,0.744598,0.977275,0.013640,0.001579,0.058261,0.004737,0.000000,7,4,13,0,0
sun_moon,noswept_restart,nonorm1p25,1450,5212.900,0.159289,0.840080,0.708950,0.971209,18,0.00007361,2,0.033497,0.058665,0.008328,0.959535,0.927503,0.991567,0.864919,0.750540,0.979298,0.013252,0.001422,0.057039,0.004237,0.000000,7,4,13,0,0
sun_moon,noswept_restart,nonorm1p25,1475,5236.751,0.143120,0.848124,0.724705,0.971543,18,0.00038061,2,0.025955,0.044296,0.007615,0.968494,0.944707,0.992282,0.867874,0.756806,0.978941,0.009844,0.001397,0.053075,0.004300,0.000000,7,4,13,0,0
sun_moon,noswept_restart,nonorm1p25,1500,5389.068,0.129767,0.859076,0.748723,0.969429,18,0.00037587,4,0.022082,0.036193,0.007971,0.973668,0.955428,0.991908,0.876489,0.775821,0.977156,0.008042,0.001468,0.048150,0.004715,0.000000,7,4,13,0,0
sun_moon,noswept_restart,nonorm1p25,1525,5412.658,0.142103,0.857215,0.743574,0.970855,18,0.00126577,2,0.029553,0.050778,0.008328,0.965271,0.938977,0.991564,0.880136,0.781331,0.978941,0.011509,0.001492,0.049853,0.004503,0.000000,7,4,13,0,0
sun_moon,noswept_restart,nonorm1p25,1550,5560.595,0.147878,0.859861,0.749492,0.970230,17,0.00089898,3,0.035332,0.063526,0.007139,0.959467,0.926186,0.992747,0.887131,0.797105,0.977156,0.014519,0.001306,0.049299,0.004545,0.000000,7,4,14,0,0
sun_moon,noswept_restart,nonorm1p25,1575,5583.375,0.141306,0.858237,0.742790,0.973684,17,0.00006611,2,0.030412,0.052615,0.008209,0.964328,0.936950,0.991707,0.881774,0.781871,0.981678,0.011938,0.001481,0.050145,0.003712,0.000000,7,4,14,0,0
sun_moon,noswept_restart,nonorm1p25,1600,5727.450,0.138863,0.860812,0.745481,0.976143,17,0.00002572,1,0.029617,0.051858,0.007377,0.965261,0.937968,0.992554,0.883742,0.784140,0.983343,0.011789,0.001305,0.049657,0.003398,0.000000,7,4,14,0,0
sun_moon,noswept_restart,nonorm1p25,1625,5750.014,0.137895,0.863335,0.749692,0.976978,17,0.00002797,1,0.030228,0.052723,0.007733,0.964793,0.937380,0.992206,0.886875,0.789218,0.984533,0.012065,0.001391,0.048856,0.003262,0.000000,7,4,14,0,0
sun_moon,noswept_restart,nonorm1p25,1650,5893.835,0.137420,0.864061,0.751384,0.976739,17,0.00003471,2,0.030709,0.053803,0.007615,0.964348,0.936374,0.992322,0.887993,0.791811,0.984176,0.012192,0.001385,0.048421,0.003305,0.000000,7,4,14,0,0
sun_moon,noswept_restart,nonorm1p25,1675,5916.366,0.137924,0.864330,0.752871,0.975788,17,0.00006019,2,0.030482,0.053587,0.007377,0.964635,0.936719,0.992552,0.888101,0.793215,0.982986,0.012263,0.001413,0.048335,0.003510,0.000000,7,4,14,0,0
sun_moon,noswept_restart,nonorm1p25,1700,6061.436,0.138026,0.864665,0.753303,0.976027,17,0.00011014,2,0.031243,0.054991,0.007496,0.963859,0.935283,0.992435,0.889035,0.794728,0.983343,0.012496,0.001395,0.048193,0.003416,0.000000,7,4,14,0,0
sun_moon,noswept_restart,nonorm1p25,1725,6084.070,0.137048,0.865484,0.755745,0.975224,17,0.00010188,1,0.030801,0.053155,0.008447,0.964440,0.937397,0.991484,0.889689,0.795916,0.983462,0.012187,0.001544,0.047776,0.003548,0.000000,7,4,14,0,0
sun_moon,noswept_restart,nonorm1p25,1750,6228.287,0.136937,0.865276,0.755100,0.975451,17,0.00012709,2,0.031001,0.053911,0.008090,0.964197,0.936554,0.991840,0.889576,0.795808,0.983343,0.012262,0.001487,0.047727,0.003511,0.000000,7,4,14,0,0
sun_moon,noswept_restart,nonorm1p25,1775,6250.812,0.138570,0.865312,0.756345,0.974280,17,0.00007276,1,0.032097,0.055748,0.008447,0.963108,0.934741,0.991476,0.890510,0.798509,0.982510,0.012681,0.001521,0.047713,0.003794,0.000000,7,4,14,0,0
sun_moon,noswept_restart,nonorm1p25,1800,6394.054,0.138428,0.864068,0.755508,0.972629,17,0.00007775,1,0.031395,0.054343,0.008447,0.963798,0.936135,0.991461,0.888705,0.796564,0.980845,0.012414,0.001527,0.047820,0.003940,0.000000,7,4,14,0,0
sun_moon,noswept_restart,nonorm1p25,1825,6416.664,0.136705,0.866847,0.756255,0.977439,17,0.00012224,1,0.030422,0.053587,0.007258,0.964833,0.936984,0.992682,0.890657,0.796780,0.984533,0.012368,0.001364,0.047774,0.003370,0.000000,7,4,14,0,0
sun_moon,noswept_restart,nonorm1p25,1850,6561.984,0.138090,0.865290,0.755501,0.975080,17,0.00013440,2,0.031508,0.055640,0.007377,0.963666,0.934785,0.992546,0.889905,0.797537,0.982272,0.012626,0.001390,0.047760,0.003718,0.000000,7,4,14,0,0
sun_moon,noswept_restart,nonorm1p25,1875,6584.627,0.143629,0.865795,0.756732,0.974858,17,0.00003770,1,0.035587,0.063202,0.007971,0.959560,0.927166,0.991953,0.893594,0.804559,0.982629,0.014530,0.001465,0.048049,0.003758,0.000000,7,4,14,0,0
sun_moon,noswept_restart,nonorm1p25,1900,6727.698,0.147515,0.866241,0.758332,0.974150,17,0.00019313,1,0.038882,0.069793,0.007971,0.956366,0.920785,0.991947,0.896587,0.811258,0.981916,0.016012,0.001448,0.047926,0.003939,0.000000,7,4,14,0,0
sun_moon,noswept_restart,nonorm1p25,1925,6750.315,0.151112,0.863186,0.757887,0.968484,17,0.00009148,1,0.039908,0.071845,0.007971,0.955322,0.918744,0.991900,0.894271,0.812338,0.976205,0.016437,0.001602,0.047988,0.004987,0.000000,7,4,14,0,0
water_fire,noswept_restart,nonorm1p25,1,1.586,0.586623,0.252892,0.290647,0.215137,20,0.00095750,0,0.192861,0.151485,0.234237,0.609857,0.688406,0.531308,0.300103,0.334675,0.265531,0.020337,0.034608,0.098217,0.126078,0.000000,0,0,0,0,0
water_fire,noswept_restart,nonorm1p25,25,27.185,0.369915,0.421061,0.446912,0.395210,20,0.00039367,1,0.079092,0.064922,0.093261,0.851217,0.879963,0.822471,0.453998,0.475927,0.432068,0.008597,0.013662,0.070953,0.086042,0.000000,0,0,0,0,0
water_fire,noswept_restart,nonorm1p25,50,193.751,0.289734,0.557114,0.597690,0.516538,23,0.00040840,1,0.073496,0.060393,0.086600,0.889667,0.913001,0.866332,0.597528,0.633786,0.561270,0.007903,0.012466,0.051208,0.068054,0.000000,3,0,0,0,0
water_fire,noswept_restart,nonorm1p25,75,223.860,0.252834,0.614542,0.648537,0.580548,23,0.00060953,1,0.067397,0.054857,0.079938,0.906341,0.925766,0.886917,0.655535,0.684113,0.626956,0.007111,0.011496,0.044264,0.058681,0.000000,3,0,0,0,0
water_fire,noswept_restart,nonorm1p25,100,402.684,0.214858,0.675748,0.708113,0.643382,24,0.00024501,1,0.061957,0.048314,0.075600,0.920203,0.938892,0.901514,0.717173,0.742325,0.692022,0.006201,0.010917,0.036471,0.049473,0.000000,4,2,2,0,0
water_fire,noswept_restart,nonorm1p25,125,433.297,0.192202,0.697169,0.705390,0.688948,24,0.00020155,2,0.049733,0.042610,0.056855,0.936403,0.945235,0.927571,0.731782,0.735447,0.728118,0.005529,0.008062,0.036653,0.042388,0.000000,4,2,2,0,0
water_fire,noswept_restart,nonorm1p25,150,595.621,0.171375,0.723470,0.732019,0.714921,19,0.00020144,1,0.041187,0.037913,0.044462,0.948137,0.952471,0.943803,0.753240,0.759772,0.746708,0.004897,0.006342,0.033145,0.038425,0.000000,4,2,7,0,0
water_fire,noswept_restart,nonorm1p25,175,619.872,0.157259,0.758086,0.763188,0.752985,19,0.00016915,0,0.045525,0.039926,0.051123,0.945715,0.952103,0.939327,0.792569,0.793659,0.791479,0.005102,0.007465,0.029292,0.033570,0.000000,4,2,7,0,0
water_fire,noswept_restart,nonorm1p25,200,775.315,0.140425,0.794987,0.821475,0.768500,19,0.00018895,1,0.048372,0.037410,0.059334,0.945008,0.957948,0.932068,0.833152,0.852206,0.814098,0.004801,0.008614,0.021901,0.031475,0.000000,4,2,7,0,0
water_fire,noswept_restart,nonorm1p25,225,799.907,0.133474,0.806768,0.840388,0.773147,19,0.00013916,0,0.047094,0.038416,0.055771,0.946940,0.957835,0.936045,0.844469,0.872672,0.816266,0.004876,0.008176,0.019500,0.030872,0.000000,4,2,7,0,0
water_fire,noswept_restart,nonorm1p25,250,955.100,0.128787,0.823003,0.846916,0.799091,19,0.00014621,0,0.053107,0.049824,0.056390,0.942159,0.946936,0.937382,0.866632,0.889113,0.844152,0.006517,0.008161,0.018863,0.027132,0.000000,4,2,7,0,0
water_fire,noswept_restart,nonorm1p25,275,979.450,0.130473,0.824402,0.841672,0.807131,19,0.00015285,0,0.055493,0.059554,0.051433,0.940129,0.937401,0.942857,0.870221,0.891797,0.848644,0.007790,0.007594,0.019770,0.026182,0.000000,4,2,7,0,0
water_fire,noswept_restart,nonorm1p25,300,1130.128,0.135353,0.822896,0.841024,0.804767,19,0.00013764,0,0.060450,0.061567,0.059334,0.935210,0.935490,0.934930,0.872660,0.892803,0.852517,0.008096,0.008751,0.019934,0.026636,0.000000,4,2,7,0,0
water_fire,noswept_restart,nonorm1p25,325,1153.863,0.130510,0.826823,0.845382,0.808263,19,0.00017433,0,0.059213,0.053515,0.064911,0.936597,0.943319,0.929874,0.875675,0.890622,0.860728,0.007001,0.009123,0.019191,0.025848,0.000000,4,2,7,0,0
water_fire,noswept_restart,nonorm1p25,350,1308.134,0.127494,0.832089,0.849968,0.814211,21,0.00018465,0,0.056399,0.048817,0.063981,0.939653,0.948082,0.931224,0.878883,0.891461,0.866305,0.006402,0.009385,0.018491,0.025457,0.000000,5,3,7,0,0
water_fire,noswept_restart,nonorm1p25,375,1334.826,0.111874,0.844869,0.860780,0.828959,21,0.00012096,0,0.045879,0.041100,0.050658,0.950590,0.956148,0.945033,0.883556,0.896158,0.870953,0.005245,0.007400,0.017053,0.023036,0.000000,5,3,7,0,0
water_fire,noswept_restart,nonorm1p25,400,1487.143,0.099478,0.853002,0.868778,0.837227,19,0.00012078,0,0.034528,0.027848,0.041208,0.962310,0.969758,0.954862,0.882349,0.892971,0.871727,0.003625,0.005933,0.015982,0.021768,0.000000,5,3,9,0,0
water_fire,noswept_restart,nonorm1p25,425,1510.785,0.095797,0.855255,0.871005,0.839506,19,0.00011635,0,0.032502,0.023486,0.041518,0.964500,0.974331,0.954668,0.882911,0.891461,0.874361,0.003031,0.005704,0.015735,0.021205,0.000000,5,3,9,0,0
water_fire,noswept_restart,nonorm1p25,450,1662.430,0.091041,0.859477,0.874261,0.844694,19,0.00011923,0,0.029191,0.021976,0.036406,0.968034,0.975994,0.960075,0.884460,0.893474,0.875445,0.002828,0.005050,0.015193,0.020438,0.000000,5,3,9,0,0
water_fire,noswept_restart,nonorm1p25,475,1686.228,0.084976,0.865140,0.879276,0.851003,19,0.00009427,0,0.023614,0.019963,0.027266,0.973990,0.978225,0.969754,0.885518,0.896829,0.874206,0.002506,0.004039,0.014525,0.019748,0.000000,5,3,9,0,0
water_fire,noswept_restart,nonorm1p25,500,1840.512,0.083773,0.866024,0.879816,0.852232,19,0.00009321,0,0.023189,0.018957,0.027421,0.974464,0.979293,0.969635,0.886047,0.896494,0.875600,0.002427,0.003908,0.014511,0.019424,0.000000,5,3,9,0,0
water_fire,noswept_restart,nonorm1p25,525,1865.077,0.082417,0.867831,0.881219,0.854444,19,0.00007028,0,0.021614,0.018286,0.024942,0.976169,0.980029,0.972308,0.886544,0.897333,0.875755,0.002422,0.003627,0.014473,0.019151,0.000000,5,3,9,0,0
water_fire,noswept_restart,nonorm1p25,550,2006.157,0.081532,0.870424,0.882692,0.858157,17,0.00010451,0,0.022595,0.019628,0.025562,0.975216,0.978657,0.971776,0.890055,0.900017,0.880093,0.002571,0.003675,0.014241,0.018681,0.000000,5,3,11,0,0
water_fire,noswept_restart,nonorm1p25,575,2027.923,0.081301,0.867297,0.882731,0.851863,17,0.00006075,0,0.019942,0.017111,0.022773,0.977913,0.981298,0.974528,0.884549,0.897836,0.871263,0.002160,0.003389,0.014147,0.019545,0.000000,5,3,11,0,0
water_fire,noswept_restart,nonorm1p25,600,2163.447,0.080433,0.866553,0.888631,0.844475,17,0.00003889,0,0.017877,0.013756,0.021998,0.980052,0.984960,0.975144,0.881954,0.900856,0.863052,0.001852,0.003191,0.013436,0.020463,0.000000,5,3,11,0,0
water_fire,noswept_restart,nonorm1p25,625,2184.821,0.080617,0.864401,0.889790,0.839013,17,0.00005248,0,0.018342,0.013756,0.022928,0.979480,0.984979,0.973980,0.880140,0.902030,0.858249,0.001803,0.003033,0.013267,0.020978,0.000000,5,3,11,0,0
water_fire,noswept_restart,nonorm1p25,650,2323.271,0.080425,0.866578,0.890804,0.842352,17,0.00008632,0,0.018678,0.012414,0.024942,0.979172,0.986422,0.971922,0.882612,0.901862,0.863362,0.001483,0.003614,0.013044,0.020767,0.000000,5,3,11,0,0
water_fire,noswept_restart,nonorm1p25,675,2344.660,0.077957,0.869364,0.890454,0.848274,17,0.00007366,0,0.017665,0.012246,0.023083,0.980344,0.986596,0.974091,0.884607,0.901359,0.867854,0.001551,0.003261,0.013193,0.019746,0.000000,5,3,11,0,0
water_fire,noswept_restart,nonorm1p25,700,2481.737,0.079004,0.871902,0.891548,0.852256,17,0.00006878,0,0.019833,0.016272,0.023393,0.978119,0.982357,0.973880,0.889124,0.906056,0.872192,0.002043,0.003475,0.013029,0.019551,0.000000,5,3,11,0,0
water_fire,noswept_restart,nonorm1p25,725,2503.407,0.076185,0.873477,0.893857,0.853097,17,0.00006976,0,0.018007,0.013085,0.022928,0.980077,0.985756,0.974399,0.889105,0.905553,0.872657,0.001653,0.003232,0.012741,0.019221,0.000000,5,3,11,0,0
water_fire,noswept_restart,nonorm1p25,750,2642.630,0.078048,0.871723,0.892662,0.850785,17,0.00008357,0,0.019775,0.012750,0.026801,0.978164,0.986093,0.970234,0.888815,0.904043,0.873586,0.001602,0.003689,0.012888,0.019492,0.000000,5,3,11,0,0
water_fire,noswept_restart,nonorm1p25,775,2663.930,0.079365,0.872782,0.894433,0.851131,17,0.00003772,0,0.021272,0.015434,0.027111,0.976606,0.983291,0.969921,0.891221,0.908237,0.874206,0.001921,0.004007,0.012656,0.019604,0.000000,5,3,11,0,0
water_fire,noswept_restart,nonorm1p25,800,2801.132,0.080351,0.872033,0.894780,0.849286,18,0.00001865,0,0.023293,0.015601,0.030984,0.974473,0.983122,0.965824,0.892170,0.908740,0.875600,0.001941,0.004289,0.012613,0.019769,0.000000,6,3,11,0,0
water_fire,noswept_restart,nonorm1p25,825,2824.591,0.078112,0.874562,0.897088,0.852036,18,0.00002438,1,0.020517,0.013924,0.027111,0.977437,0.984923,0.969952,0.892357,0.909579,0.875136,0.001839,0.003875,0.012419,0.019486,0.000000,6,3,11,0,0
water_fire,noswept_restart,nonorm1p25,850,2948.996,0.073929,0.878424,0.898841,0.858008,15,0.00005687,1,0.018323,0.013253,0.023393,0.979854,0.985657,0.974051,0.894416,0.910753,0.878079,0.001595,0.003416,0.012058,0.018624,0.000000,6,3,14,0,0
water_fire,noswept_restart,nonorm1p25,875,2967.661,0.076457,0.875853,0.896181,0.855525,15,0.00006205,0,0.020472,0.014763,0.026181,0.977534,0.984026,0.971042,0.893668,0.909411,0.877924,0.001851,0.003663,0.012402,0.018911,0.000000,6,3,14,0,0
water_fire,noswept_restart,nonorm1p25,900,3090.584,0.073922,0.877654,0.893494,0.861813,15,0.00011019,0,0.019742,0.015937,0.023548,0.978373,0.982746,0.973999,0.894920,0.907734,0.882107,0.001910,0.003197,0.012646,0.017892,0.000000,6,3,14,0,0
water_fire,noswept_restart,nonorm1p25,925,3109.766,0.074865,0.877643,0.892420,0.862867,15,0.00008119,2,0.019110,0.013588,0.024632,0.979047,0.985200,0.972895,0.894334,0.904546,0.884121,0.001738,0.003582,0.012887,0.017867,0.000000,6,3,14,0,0
water_fire,noswept_restart,nonorm1p25,950,3235.772,0.066907,0.885915,0.902937,0.868892,15,0.00009018,2,0.015993,0.011072,0.020914,0.982492,0.988017,0.976966,0.899999,0.912934,0.887064,0.001405,0.002658,0.011642,0.016701,0.000000,6,3,14,0,0
water_fire,noswept_restart,nonorm1p25,975,3255.721,0.066960,0.886479,0.907567,0.865390,15,0.00014503,1,0.015289,0.010904,0.019675,0.983222,0.988254,0.978190,0.899940,0.917464,0.882417,0.001377,0.002691,0.011022,0.017323,0.000000,6,3,14,0,0
water_fire,noswept_restart,nonorm1p25,1000,3376.961,0.066306,0.885946,0.911804,0.860088,14,0.00005062,2,0.014103,0.006207,0.021998,0.984432,0.993280,0.975585,0.898236,0.917464,0.879009,0.000652,0.003009,0.010396,0.018163,0.000000,6,3,15,0,0
water_fire,noswept_restart,nonorm1p25,1025,3395.883,0.061911,0.891951,0.916597,0.867305,14,0.00003899,1,0.012457,0.005704,0.019210,0.986291,0.993851,0.978731,0.902896,0.921825,0.883966,0.000588,0.002633,0.009719,0.017197,0.000000,6,3,15,0,0
water_fire,noswept_restart,nonorm1p25,1050,3515.145,0.058353,0.902788,0.927134,0.878442,14,0.00004857,1,0.013334,0.008388,0.018280,0.985540,0.991108,0.979973,0.914705,0.934910,0.894500,0.000972,0.002719,0.008691,0.015854,0.000000,6,3,15,0,1
water_fire,noswept_restart,nonorm1p25,1075,3534.013,0.051120,0.911862,0.938616,0.885108,14,0.00008625,0,0.010520,0.005704,0.015337,0.988607,0.993994,0.983220,0.921326,0.943969,0.898683,0.000646,0.002148,0.007224,0.014813,0.000000,6,3,15,0,1
water_fire,noswept_restart,nonorm1p25,1100,3651.456,0.053826,0.911458,0.938167,0.884749,14,0.00002909,1,0.014735,0.006543,0.022928,0.984206,0.993119,0.975292,0.924670,0.944305,0.905035,0.000684,0.003185,0.007170,0.014895,0.000000,6,3,15,0,1
water_fire,noswept_restart,nonorm1p25,1125,3670.350,0.050809,0.913661,0.936216,0.891106,14,0.00008813,0,0.010947,0.004697,0.017196,0.988207,0.995031,0.981382,0.923522,0.940614,0.906429,0.000460,0.002514,0.007471,0.014185,0.000000,6,3,15,0,1
water_fire,noswept_restart,nonorm1p25,1150,3790.291,0.051138,0.915658,0.943286,0.888029,14,0.00001750,1,0.013386,0.005704,0.021069,0.985658,0.994024,0.977292,0.927703,0.948666,0.906739,0.000493,0.003070,0.006571,0.014538,0.000000,6,3,15,0,1
water_fire,noswept_restart,nonorm1p25,1175,3809.212,0.048668,0.920650,0.945527,0.895773,14,0.00003435,1,0.014832,0.007046,0.022618,0.984279,0.992655,0.975904,0.934112,0.952189,0.916034,0.000776,0.002892,0.006407,0.013330,0.000000,6,3,15,0,1
water_fire,noswept_restart,nonorm1p25,1200,3927.607,0.048132,0.920753,0.944222,0.897284,14,0.00005170,1,0.014309,0.007549,0.021069,0.984824,0.992127,0.977521,0.933770,0.951350,0.916189,0.000903,0.002678,0.006559,0.013013,0.000000,6,3,15,0,1
water_fire,noswept_restart,nonorm1p25,1225,3946.465,0.045333,0.925942,0.945388,0.906497,14,0.00008366,1,0.014077,0.007549,0.020604,0.985176,0.992137,0.978215,0.938850,0.952525,0.925174,0.000784,0.002733,0.006290,0.011951,0.000000,6,3,15,0,1
water_fire,noswept_restart,nonorm1p25,1250,4067.127,0.044194,0.934922,0.952887,0.916957,15,0.00012929,1,0.017704,0.011240,0.024167,0.981691,0.988470,0.974912,0.951357,0.963597,0.939117,0.001240,0.003484,0.005402,0.010744,0.000000,6,4,15,0,1
water_fire,noswept_restart,nonorm1p25,1275,4087.359,0.039001,0.938996,0.952786,0.925205,15,0.00002343,2,0.012295,0.005536,0.019055,0.987222,0.994255,0.980190,0.950448,0.958061,0.942835,0.000638,0.002827,0.005576,0.009585,0.000000,6,4,15,0,1
water_fire,noswept_restart,nonorm1p25,1300,4206.229,0.040750,0.937288,0.950125,0.924451,14,0.00002890,2,0.014471,0.005704,0.023238,0.985045,0.994066,0.976023,0.950739,0.955544,0.945933,0.000555,0.003366,0.005768,0.009697,0.000000,6,4,16,0,1
water_fire,noswept_restart,nonorm1p25,1325,4224.946,0.036482,0.943566,0.959320,0.927812,14,0.00003098,0,0.012786,0.006207,0.019365,0.986773,0.993611,0.979936,0.955526,0.965274,0.945778,0.000644,0.002805,0.004677,0.009242,0.000000,6,4,16,0,1
water_fire,noswept_restart,nonorm1p25,1350,4343.989,0.034216,0.944921,0.961076,0.928767,14,0.00002298,0,0.012089,0.004194,0.019985,0.987507,0.995673,0.979340,0.956217,0.965107,0.947328,0.000359,0.002678,0.004434,0.008869,0.000000,6,4,16,0,1
water_fire,noswept_restart,nonorm1p25,1375,4362.620,0.034643,0.947227,0.963378,0.931076,14,0.00000702,0,0.011818,0.003187,0.020449,0.987822,0.996713,0.978931,0.958282,0.966449,0.950116,0.000293,0.003027,0.004218,0.008952,0.000000,6,4,16,0,1
water_fire,noswept_restart,nonorm1p25,1400,4480.664,0.034232,0.947655,0.964745,0.930564,14,0.00000828,0,0.012935,0.004026,0.021844,0.986702,0.995861,0.977544,0.959760,0.968629,0.950891,0.000312,0.003135,0.003951,0.008853,0.000000,6,4,16,0,1
water_fire,noswept_restart,nonorm1p25,1425,4499.163,0.033371,0.948682,0.965021,0.932342,14,0.00000122,0,0.011786,0.002349,0.021224,0.987886,0.997578,0.978195,0.959709,0.967287,0.952130,0.000244,0.002974,0.004093,0.008571,0.000000,6,4,16,0,1
water_fire,noswept_restart,nonorm1p25,1450,4617.136,0.030942,0.951602,0.967046,0.936157,14,0.00000523,0,0.009792,0.002852,0.016731,0.989897,0.997068,0.982726,0.960812,0.969804,0.951820,0.000271,0.002534,0.003769,0.008194,0.000000,6,4,16,0,1
water_fire,noswept_restart,nonorm1p25,1475,4635.302,0.032298,0.950900,0.967101,0.934700,14,0.00001997,0,0.012334,0.004529,0.020139,0.987338,0.995359,0.979316,0.962503,0.971481,0.953524,0.000350,0.002970,0.003591,0.008401,0.000000,6,4,16,0,1
water_fire,noswept_restart,nonorm1p25,1500,4754.161,0.033378,0.951242,0.967968,0.934516,14,0.00002117,0,0.013767,0.005536,0.021998,0.985915,0.994344,0.977485,0.964200,0.973327,0.955074,0.000509,0.003244,0.003512,0.008478,0.000000,6,4,16,0,1
water_fire,noswept_restart,nonorm1p25,1525,4773.184,0.031226,0.950940,0.971577,0.930303,14,0.00006911,1,0.012909,0.003355,0.022463,0.986750,0.996570,0.976929,0.963019,0.974836,0.951201,0.000341,0.002729,0.003245,0.008506,0.000000,6,4,16,0,1
water_fire,noswept_restart,nonorm1p25,1550,4889.064,0.033414,0.949696,0.968776,0.930617,14,0.00002202,2,0.013658,0.004697,0.022618,0.985991,0.995197,0.976785,0.962496,0.973327,0.951665,0.000315,0.003279,0.003316,0.008891,0.000000,6,4,16,0,1
water_fire,noswept_restart,nonorm1p25,1575,4907.563,0.035005,0.948046,0.966450,0.929641,14,0.00003100,2,0.014445,0.005033,0.023857,0.985197,0.994845,0.975548,0.961567,0.971314,0.951820,0.000398,0.003479,0.003601,0.009044,0.000000,6,4,16,0,1
water_fire,noswept_restart,nonorm1p25,1600,5025.069,0.035682,0.948646,0.967049,0.930243,14,0.00002676,2,0.017039,0.008052,0.026026,0.982631,0.991807,0.973456,0.964645,0.974836,0.954454,0.000650,0.003717,0.003493,0.008881,0.000000,6,4,16,0,1
water_fire,noswept_restart,nonorm1p25,1625,5043.658,0.030843,0.952268,0.968719,0.935817,14,0.00005828,1,0.010721,0.002852,0.018590,0.988972,0.997073,0.980870,0.962348,0.971481,0.953215,0.000232,0.002748,0.003517,0.008159,0.000000,6,4,16,0,1
water_fire,noswept_restart,nonorm1p25,1650,5160.578,0.039023,0.946184,0.964636,0.927733,14,0.00001115,1,0.019685,0.010401,0.028970,0.979994,0.989441,0.970547,0.964639,0.974669,0.954609,0.001044,0.004075,0.003823,0.009285,0.000000,6,4,16,0,1
water_fire,noswept_restart,nonorm1p25,1675,5178.970,0.031087,0.952214,0.969910,0.934518,14,0.00010598,1,0.011599,0.003523,0.019675,0.988082,0.996394,0.979771,0.963116,0.973327,0.952905,0.000316,0.002853,0.003303,0.008241,0.000000,6,4,16,0,1
water_fire,noswept_restart,nonorm1p25,1700,5296.297,0.031973,0.952091,0.972703,0.931480,14,0.00016491,3,0.013780,0.007885,0.019675,0.985864,0.992022,0.979706,0.965089,0.980372,0.949806,0.000704,0.002849,0.002706,0.008782,0.000000,6,4,16,0,1
water_fire,noswept_restart,nonorm1p25,1725,5314.783,0.033525,0.951655,0.973398,0.929912,14,0.00016004,1,0.013038,0.002684,0.023393,0.986633,0.997257,0.976009,0.963838,0.976011,0.951665,0.000264,0.003443,0.003040,0.009033,0.000000,6,4,16,0,1
water_fire,noswept_restart,nonorm1p25,1750,5432.270,0.031722,0.950789,0.972616,0.928961,14,0.00009159,1,0.013735,0.004697,0.022773,0.985904,0.995216,0.976592,0.963651,0.977185,0.950116,0.000468,0.002819,0.003045,0.008674,0.000000,6,4,16,0,1
water_fire,noswept_restart,nonorm1p25,1775,5451.038,0.031110,0.951477,0.969925,0.933029,14,0.00016167,1,0.010921,0.004026,0.017816,0.988734,0.995883,0.981585,0.961741,0.973830,0.949651,0.000365,0.002557,0.003333,0.008513,0.000000,6,4,16,0,1
water_fire,noswept_restart,nonorm1p25,1800,5570.714,0.030481,0.952819,0.974770,0.930867,14,0.00014791,1,0.012935,0.004026,0.021844,0.986727,0.995903,0.977551,0.964948,0.978695,0.951201,0.000360,0.002783,0.002772,0.008488,0.000000,6,4,16,0,1
water_fire,noswept_restart,nonorm1p25,1825,5589.574,0.029671,0.952827,0.974741,0.930914,14,0.00013363,1,0.011573,0.002852,0.020294,0.988086,0.997091,0.979080,0.963663,0.977521,0.949806,0.000241,0.002561,0.002858,0.008429,0.000000,6,4,16,0,1
water_fire,noswept_restart,nonorm1p25,1850,5709.606,0.028791,0.954302,0.975067,0.933537,14,0.00013505,1,0.009391,0.002516,0.016266,0.990288,0.997432,0.983143,0.963121,0.977521,0.948722,0.000256,0.002295,0.002831,0.008329,0.000000,6,4,16,0,1
water_fire,noswept_restart,nonorm1p25,1875,5728.114,0.031814,0.952252,0.974102,0.930402,14,0.00013419,1,0.012857,0.004026,0.021689,0.986797,0.995900,0.977693,0.964302,0.978024,0.950581,0.000327,0.003107,0.002761,0.008807,0.000000,6,4,16,0,1
water_fire,noswept_restart,nonorm1p25,1900,5846.104,0.031738,0.953341,0.973298,0.933384,14,0.00012218,2,0.013057,0.005200,0.020914,0.986618,0.994713,0.978524,0.965632,0.978359,0.952905,0.000452,0.003049,0.002902,0.008548,0.000000,6,4,16,0,1
water_fire,noswept_restart,nonorm1p25,1925,5864.873,0.030820,0.952429,0.975104,0.929753,14,0.00012198,1,0.012548,0.004026,0.021069,0.987097,0.995904,0.978289,0.964186,0.979030,0.949342,0.000344,0.002817,0.002644,0.008771,0.000000,6,4,16,0,1
water_fire,noswept_restart,nonorm1p25,1950,5982.302,0.030581,0.953743,0.977106,0.930381,14,0.00012399,1,0.012619,0.003858,0.021379,0.987040,0.996082,0.977997,0.965573,0.980876,0.950271,0.000294,0.002973,0.002481,0.008683,0.000000,6,4,16,0,1
water_fire,noswept_restart,nonorm1p25,1975,6000.540,0.030879,0.953277,0.977603,0.928950,14,0.00010707,1,0.013154,0.003691,0.022618,0.986498,0.996253,0.976744,0.965586,0.981211,0.949961,0.000316,0.003040,0.002420,0.008787,0.000000,6,4,16,0,1
water_fire,noswept_restart,nonorm1p25,2000,6116.057,0.029014,0.954793,0.976262,0.933323,14,0.00010737,1,0.010592,0.003523,0.017661,0.989081,0.996417,0.981745,0.964754,0.979701,0.949806,0.000287,0.002495,0.002586,0.008407,0.000000,6,4,16,0,1
water_fire,noswept_restart,nonorm1p25,2025,6134.318,0.031836,0.953485,0.978930,0.928041,14,0.00012796,1,0.012903,0.003187,0.022618,0.986743,0.996765,0.976722,0.965541,0.982050,0.949032,0.000283,0.003243,0.002327,0.009139,0.000000,6,4,16,0,1
water_fire,noswept_restart,nonorm1p25,2050,6251.925,0.031911,0.953120,0.977592,0.928647,14,0.00011896,1,0.012903,0.003187,0.022618,0.986749,0.996760,0.976737,0.965180,0.980708,0.949651,0.000234,0.003241,0.002433,0.009137,0.000000,6,4,16,0,1
water_fire,noswept_restart,nonorm1p25,2075,6270.421,0.028666,0.956554,0.978254,0.934855,14,0.00013405,1,0.010334,0.002852,0.017816,0.989361,0.997101,0.981621,0.966277,0.981043,0.951510,0.000247,0.002592,0.002425,0.008313,0.000000,6,4,16,0,1
water_fire,noswept_restart,nonorm1p25,2100,6388.215,0.031578,0.954295,0.978428,0.930162,14,0.00013460,2,0.012903,0.003187,0.022618,0.986768,0.996763,0.976774,0.966374,0.981547,0.951201,0.000257,0.003319,0.002370,0.008901,0.000000,6,4,16,0,1
water_fire,noswept_restart,nonorm1p25,2125,6406.736,0.032176,0.953806,0.977417,0.930194,14,0.00009547,2,0.012967,0.002852,0.023083,0.986709,0.997099,0.976319,0.965935,0.980205,0.951665,0.000284,0.003405,0.002521,0.008922,0.000000,6,4,16,0,1
water_fire,noswept_restart,nonorm1p25,2150,6523.651,0.029101,0.954925,0.975765,0.934084,14,0.00011600,3,0.010676,0.003691,0.017661,0.989003,0.996246,0.981760,0.964973,0.979366,0.950581,0.000360,0.002482,0.002664,0.008294,0.000000,6,4,16,0,1
water_fire,noswept_restart,nonorm1p25,2175,6542.007,0.032203,0.953535,0.976402,0.930669,14,0.00010095,1,0.012871,0.002349,0.023393,0.986817,0.997606,0.976028,0.965567,0.978695,0.952440,0.000193,0.003464,0.002598,0.008897,0.000000,6,4,16,0,1
water_fire,noswept_restart,nonorm1p25,2200,6660.006,0.031461,0.954532,0.978588,0.930476,14,0.00010411,1,0.012812,0.002852,0.022773,0.986866,0.997102,0.976630,0.966522,0.981379,0.951665,0.000252,0.003347,0.002276,0.008919,0.000000,6,4,16,0,1
water_fire,noswept_restart,nonorm1p25,2225,6678.322,0.028645,0.955932,0.977425,0.934439,14,0.00010311,1,0.010811,0.003187,0.018435,0.988878,0.996760,0.980996,0.966103,0.980540,0.951665,0.000262,0.002656,0.002440,0.008200,0.000000,6,4,16,0,1
water_fire,noswept_restart,nonorm1p25,2250,6796.187,0.032000,0.953884,0.977109,0.930659,14,0.00014336,1,0.013632,0.004026,0.023238,0.986046,0.995913,0.976179,0.966664,0.981043,0.952285,0.000299,0.003394,0.002416,0.008918,0.000000,6,4,16,0,1
water_fire,noswept_restart,nonorm1p25,2275,6814.570,0.030534,0.955040,0.978261,0.931818,14,0.00011190,1,0.012825,0.003187,0.022463,0.986864,0.996763,0.976966,0.967064,0.981379,0.952750,0.000227,0.003160,0.002296,0.008699,0.000000,6,4,16,0,1
water_fire,noswept_restart,nonorm1p25,2300,6933.383,0.030519,0.955799,0.978577,0.933020,14,0.00011225,1,0.012328,0.002349,0.022308,0.987379,0.997611,0.977146,0.967355,0.980876,0.953834,0.000209,0.003214,0.002400,0.008542,0.000000,6,4,16,0,1
water_fire,noswept_restart,nonorm1p25,2325,6951.913,0.031087,0.954569,0.976593,0.932545,14,0.00010569,1,0.012677,0.003355,0.021998,0.987013,0.996588,0.977439,0.966464,0.979869,0.953060,0.000267,0.003223,0.002529,0.008615,0.000000,6,4,16,0,1
water_fire,noswept_restart,nonorm1p25,2350,7068.830,0.031221,0.954978,0.978592,0.931364,14,0.00013684,1,0.012741,0.003020,0.022463,0.986944,0.996933,0.976955,0.966916,0.981547,0.952285,0.000223,0.003287,0.002378,0.008797,0.000000,6,4,16,0,1
water_fire,noswept_restart,nonorm1p25,2375,7087.299,0.031547,0.952279,0.976095,0.928463,14,0.00012810,1,0.013923,0.003523,0.024322,0.985740,0.996416,0.975064,0.965290,0.979534,0.951046,0.000220,0.003190,0.002547,0.008919,0.000000,6,4,16,0,1
cat_face_bass,noswept_restart,nonorm1p25,1,1.550,0.864984,0.170768,0.165060,0.176476,20,0.00068116,0,0.121304,0.079432,0.163177,0.624388,0.691650,0.557126,0.191722,0.178171,0.205273,0.019702,0.037132,0.182349,0.178862,0.000000,0,0,0,0,0
cat_face_bass,noswept_restart,nonorm1p25,25,27.298,0.686705,0.266082,0.243552,0.288613,20,0.00003830,1,0.067118,0.043317,0.090919,0.815146,0.854356,0.775936,0.284477,0.254102,0.314853,0.010693,0.020477,0.159750,0.144627,0.000000,0,0,0,0,0
cat_face_bass,noswept_restart,nonorm1p25,50,192.469,0.568890,0.380614,0.308138,0.453090,23,0.00017049,5,0.053581,0.036315,0.070847,0.885238,0.897890,0.872585,0.402259,0.319328,0.485190,0.008590,0.015818,0.144811,0.109065,0.000000,2,1,0,0,0
cat_face_bass,noswept_restart,nonorm1p25,75,222.365,0.474893,0.491800,0.386268,0.597332,23,0.00002186,3,0.050251,0.043217,0.057285,0.909988,0.903139,0.916837,0.517256,0.402961,0.631550,0.010514,0.012778,0.129389,0.078936,0.000000,2,1,0,0,0
cat_face_bass,noswept_restart,nonorm1p25,100,401.303,0.409165,0.563081,0.411534,0.714628,25,0.00023162,1,0.043587,0.044318,0.042856,0.926071,0.906520,0.945622,0.587513,0.429772,0.745253,0.010808,0.009519,0.123982,0.055111,0.000000,4,2,1,0,0
cat_face_bass,noswept_restart,nonorm1p25,125,433.742,0.367191,0.604508,0.436418,0.772598,25,0.00020183,3,0.035887,0.045518,0.026256,0.938619,0.909290,0.967947,0.624583,0.456283,0.792883,0.011201,0.005859,0.119002,0.043198,0.000000,4,2,1,0,0
cat_face_bass,noswept_restart,nonorm1p25,150,610.258,0.348211,0.626211,0.456491,0.795931,21,0.00018366,3,0.035648,0.047319,0.023977,0.940680,0.909939,0.971421,0.646553,0.478091,0.815016,0.011507,0.005161,0.114819,0.038387,0.000000,4,2,5,0,0
cat_face_bass,noswept_restart,nonorm1p25,175,637.039,0.334308,0.644569,0.485373,0.803766,21,0.00075445,3,0.036012,0.046419,0.025605,0.943068,0.916261,0.969875,0.666125,0.507903,0.824346,0.011442,0.005595,0.108761,0.036833,0.000000,4,2,5,0,0
cat_face_bass,noswept_restart,nonorm1p25,200,804.726,0.298313,0.681485,0.522198,0.840772,22,0.00153519,2,0.033376,0.043317,0.023435,0.949918,0.926348,0.973487,0.702647,0.544818,0.860475,0.010421,0.004764,0.100273,0.029364,0.000000,6,2,6,0,0
cat_face_bass,noswept_restart,nonorm1p25,225,832.826,0.285607,0.700595,0.533766,0.867424,22,0.00264109,2,0.035476,0.048820,0.022133,0.947717,0.919790,0.975645,0.723223,0.559824,0.886623,0.011300,0.004356,0.098075,0.024234,0.000000,6,2,6,0,0
cat_face_bass,noswept_restart,nonorm1p25,250,1000.844,0.273861,0.723149,0.551406,0.894893,21,0.00327907,2,0.039430,0.052821,0.026039,0.944512,0.916601,0.972423,0.749363,0.580532,0.918195,0.012421,0.005266,0.094594,0.019079,0.000000,7,2,8,0,0
cat_face_bass,noswept_restart,nonorm1p25,275,1027.305,0.265777,0.741846,0.580627,0.903066,21,0.00316297,1,0.042994,0.059624,0.026364,0.941997,0.911651,0.972342,0.771060,0.615246,0.926874,0.014473,0.005449,0.089218,0.017660,0.000000,7,2,8,0,0
cat_face_bass,noswept_restart,nonorm1p25,300,1192.715,0.264144,0.755378,0.598742,0.912015,20,0.00403389,0,0.048720,0.065326,0.032115,0.937054,0.907099,0.967008,0.789580,0.637855,0.941304,0.016157,0.006675,0.086050,0.016071,0.000000,7,2,9,0,0
cat_face_bass,noswept_restart,nonorm1p25,325,1217.828,0.255054,0.767333,0.617903,0.916763,20,0.00506217,1,0.048326,0.069528,0.027124,0.938404,0.904808,0.972001,0.801247,0.660864,0.941630,0.017097,0.005762,0.082037,0.015145,0.000000,7,2,9,0,0
cat_face_bass,noswept_restart,nonorm1p25,350,1372.444,0.241462,0.790009,0.656892,0.923125,19,0.00556123,1,0.051455,0.071228,0.031681,0.937944,0.908082,0.967806,0.828026,0.703681,0.952371,0.017491,0.007177,0.073655,0.014295,0.000000,7,2,10,0,0
cat_face_bass,noswept_restart,nonorm1p25,375,1396.184,0.225233,0.818050,0.704702,0.931398,19,0.00459815,1,0.057844,0.076631,0.039058,0.934735,0.908263,0.961207,0.863240,0.758703,0.967777,0.018833,0.008920,0.063370,0.012947,0.000000,7,2,10,0,0
cat_face_bass,noswept_restart,nonorm1p25,400,1546.337,0.223534,0.827447,0.725032,0.929861,19,0.00620545,2,0.062754,0.079832,0.045676,0.931300,0.907468,0.955132,0.877623,0.782913,0.972334,0.019710,0.010079,0.059281,0.013078,0.000000,7,2,10,0,0
cat_face_bass,noswept_restart,nonorm1p25,425,1570.016,0.222332,0.829802,0.730840,0.928764,19,0.00677576,3,0.063580,0.080832,0.046327,0.930833,0.907169,0.954497,0.880854,0.789916,0.971791,0.019999,0.010026,0.058214,0.013049,0.000000,7,2,10,0,0
cat_face_bass,noswept_restart,nonorm1p25,450,1720.700,0.213281,0.835571,0.740290,0.930852,19,0.00687268,4,0.060014,0.076631,0.043398,0.934758,0.912287,0.957228,0.884134,0.797019,0.971249,0.018944,0.009670,0.055826,0.012641,0.000000,7,2,10,0,0
cat_face_bass,noswept_restart,nonorm1p25,475,1744.405,0.209927,0.835043,0.735981,0.934105,19,0.00475825,2,0.058154,0.075730,0.040577,0.936312,0.912697,0.959927,0.881862,0.791717,0.972008,0.018415,0.009167,0.056554,0.012267,0.000000,7,2,10,0,0
cat_face_bass,noswept_restart,nonorm1p25,500,1897.471,0.208555,0.834242,0.730605,0.937879,19,0.00289634,1,0.056431,0.075430,0.037431,0.937681,0.912407,0.962955,0.879349,0.785714,0.972985,0.018625,0.008404,0.057874,0.011603,0.000000,7,2,10,0,0
cat_face_bass,noswept_restart,nonorm1p25,525,1921.432,0.204889,0.832096,0.724334,0.939858,19,0.00214136,1,0.054654,0.073830,0.035478,0.939068,0.913309,0.964827,0.875506,0.777811,0.973202,0.017883,0.007617,0.058953,0.010868,0.000000,7,2,10,0,0
cat_face_bass,noswept_restart,nonorm1p25,550,2074.707,0.204500,0.834443,0.729438,0.939448,19,0.00118363,2,0.056330,0.075230,0.037431,0.937746,0.912477,0.963015,0.879463,0.784314,0.974612,0.018211,0.008169,0.057847,0.011014,0.000000,7,2,10,0,0
cat_face_bass,noswept_restart,nonorm1p25,575,2098.564,0.201875,0.837916,0.734933,0.940900,19,0.00066099,2,0.056422,0.075630,0.037214,0.937975,0.912682,0.963268,0.883215,0.790516,0.975914,0.018050,0.008428,0.056523,0.011086,0.000000,7,2,10,0,0
cat_face_bass,noswept_restart,nonorm1p25,600,2245.986,0.195318,0.840533,0.738592,0.942473,19,0.00005128,2,0.053877,0.074230,0.033525,0.940587,0.914447,0.966728,0.883744,0.793417,0.974070,0.017660,0.007401,0.055725,0.010589,0.000000,8,2,11,0,0
cat_face_bass,noswept_restart,nonorm1p25,625,2269.797,0.198208,0.842428,0.747723,0.937134,19,0.00001081,0,0.056722,0.076230,0.037214,0.938297,0.913468,0.963126,0.888365,0.804722,0.972008,0.018369,0.008452,0.053870,0.011704,0.000000,8,2,11,0,0
cat_face_bass,noswept_restart,nonorm1p25,650,2425.995,0.195083,0.845414,0.754724,0.936104,19,0.00000070,0,0.056948,0.074730,0.039167,0.938468,0.915641,0.961295,0.891946,0.811124,0.972768,0.018186,0.008561,0.052421,0.011687,0.000000,8,2,11,0,0
cat_face_bass,noswept_restart,nonorm1p25,675,2449.968,0.190763,0.849495,0.759903,0.939087,19,0.00000291,0,0.055868,0.073329,0.038407,0.939809,0.917511,0.962107,0.895390,0.815626,0.975155,0.017812,0.008484,0.051277,0.011233,0.000000,8,2,11,0,0
cat_face_bass,noswept_restart,nonorm1p25,700,2602.758,0.185249,0.856464,0.773159,0.939768,19,0.00000736,0,0.055484,0.073429,0.037539,0.940821,0.918715,0.962927,0.902489,0.829932,0.975046,0.018039,0.008291,0.048531,0.011178,0.000000,8,2,11,0,0
cat_face_bass,noswept_restart,nonorm1p25,725,2626.719,0.186041,0.859883,0.782117,0.937650,19,0.00000508,0,0.059554,0.078531,0.040577,0.937452,0.914831,0.960073,0.909617,0.843537,0.975697,0.018934,0.009072,0.046423,0.011588,0.000000,8,2,11,0,0
cat_face_bass,noswept_restart,nonorm1p25,750,2782.272,0.182878,0.863916,0.792526,0.935306,19,0.00001035,1,0.061489,0.081533,0.041445,0.936164,0.913141,0.959188,0.915606,0.857143,0.974070,0.019461,0.008981,0.044060,0.011823,0.000000,8,2,11,0,0
cat_face_bass,noswept_restart,nonorm1p25,775,2806.310,0.177368,0.874019,0.807491,0.940547,19,0.00000597,0,0.060927,0.087135,0.034718,0.937629,0.909704,0.965554,0.925526,0.877851,0.973202,0.021080,0.008085,0.040951,0.011274,0.000000,8,2,11,0,0
cat_face_bass,noswept_restart,nonorm1p25,800,2959.782,0.173065,0.881278,0.824998,0.937559,19,0.00000467,0,0.062596,0.086134,0.039058,0.936878,0.912304,0.961452,0.935118,0.896058,0.974178,0.021016,0.008901,0.037386,0.011747,0.000000,8,2,11,0,0
cat_face_bass,noswept_restart,nonorm1p25,825,2983.471,0.165358,0.887278,0.834131,0.940425,19,0.00000700,0,0.061536,0.086835,0.036237,0.938368,0.912588,0.964148,0.940533,0.906563,0.974504,0.021011,0.008136,0.035170,0.011073,0.000000,8,2,11,0,0
cat_face_bass,noswept_restart,nonorm1p25,850,3135.478,0.161425,0.889459,0.840321,0.938596,19,0.00000602,0,0.062342,0.085734,0.038950,0.937847,0.914102,0.961592,0.943760,0.912365,0.975155,0.020698,0.008138,0.033738,0.010927,0.000000,8,2,11,0,0
cat_face_bass,noswept_restart,nonorm1p25,875,3159.129,0.159733,0.892221,0.846047,0.938396,19,0.00000777,0,0.060928,0.084534,0.037322,0.939359,0.915643,0.963074,0.945493,0.917567,0.973419,0.020373,0.008371,0.032431,0.011504,0.000000,8,2,11,0,0
cat_face_bass,noswept_restart,nonorm1p25,900,3311.614,0.158201,0.895762,0.852637,0.938887,19,0.00000556,0,0.060807,0.084834,0.036780,0.939791,0.915990,0.963591,0.949194,0.924970,0.973419,0.020511,0.008555,0.031165,0.011602,0.000000,8,2,11,0,0
cat_face_bass,noswept_restart,nonorm1p25,925,3335.384,0.155528,0.898169,0.860944,0.935393,19,0.00001622,0,0.062794,0.082733,0.042856,0.938199,0.918482,0.957916,0.953826,0.932173,0.975480,0.020017,0.009395,0.029128,0.011866,0.000000,8,2,11,0,0
cat_face_bass,noswept_restart,nonorm1p25,950,3489.260,0.148631,0.904736,0.872506,0.936966,19,0.00003168,0,0.059734,0.078131,0.041337,0.941333,0.923311,0.959356,0.958187,0.940676,0.975697,0.019187,0.009371,0.026837,0.011770,0.000000,8,2,11,0,1
cat_face_bass,noswept_restart,nonorm1p25,975,3513.207,0.135642,0.908337,0.872994,0.943681,19,0.00002835,0,0.053265,0.072029,0.034501,0.947201,0.928536,0.965865,0.956057,0.935874,0.976240,0.017461,0.007518,0.026347,0.010240,0.000000,8,2,11,0,1
cat_face_bass,noswept_restart,nonorm1p25,1000,3665.784,0.133320,0.910289,0.877173,0.943404,22,0.00003677,0,0.053667,0.070228,0.037105,0.946930,0.930399,0.963462,0.958592,0.938776,0.978409,0.016889,0.008010,0.025295,0.010228,0.000000,11,2,11,0,1
cat_face_bass,noswept_restart,nonorm1p25,1025,3693.112,0.137443,0.910681,0.877157,0.944206,22,0.00001936,0,0.054492,0.072529,0.036454,0.946255,0.928423,0.964087,0.959701,0.940776,0.978626,0.017931,0.008113,0.025927,0.010232,0.000000,11,2,11,0,1
cat_face_bass,noswept_restart,nonorm1p25,1050,3850.581,0.127440,0.914163,0.882083,0.946243,19,0.00005791,0,0.050898,0.066427,0.035369,0.949599,0.934042,0.965156,0.960194,0.940676,0.979711,0.016265,0.007491,0.024538,0.009466,0.000000,11,2,14,0,1
cat_face_bass,noswept_restart,nonorm1p25,1075,3874.078,0.133368,0.912180,0.882023,0.942338,19,0.00005240,0,0.054376,0.070128,0.038624,0.946438,0.930841,0.962035,0.961306,0.943878,0.978735,0.016673,0.008787,0.024215,0.010626,0.000000,11,2,14,0,1
cat_face_bass,noswept_restart,nonorm1p25,1100,4022.937,0.129263,0.914290,0.884479,0.944102,19,0.00005469,0,0.053517,0.068627,0.038407,0.947304,0.932307,0.962300,0.962770,0.945178,0.980362,0.016475,0.008170,0.023888,0.009917,0.000000,11,2,14,0,1
cat_face_bass,noswept_restart,nonorm1p25,1125,4046.186,0.129438,0.915524,0.885551,0.945496,19,0.00007037,0,0.053066,0.069028,0.037105,0.947790,0.932040,0.963539,0.963629,0.946679,0.980579,0.016681,0.008194,0.023675,0.009926,0.000000,11,2,14,0,1
cat_face_bass,noswept_restart,nonorm1p25,1150,4195.611,0.127985,0.915390,0.885893,0.944886,19,0.00009348,0,0.053079,0.068727,0.037431,0.947771,0.932322,0.963220,0.963516,0.946779,0.980254,0.016470,0.008000,0.023481,0.009892,0.000000,11,2,14,0,1
cat_face_bass,noswept_restart,nonorm1p25,1175,4219.372,0.126913,0.916389,0.887828,0.944950,19,0.00004663,1,0.052549,0.068427,0.036671,0.948316,0.932717,0.963916,0.964091,0.948579,0.979603,0.016474,0.007913,0.023071,0.009886,0.000000,11,2,14,0,1
cat_face_bass,noswept_restart,nonorm1p25,1200,4371.314,0.128141,0.915886,0.887902,0.943870,19,0.00006226,1,0.054001,0.070028,0.037973,0.947019,0.931352,0.962687,0.964896,0.950080,0.979711,0.016655,0.008138,0.022975,0.010083,0.000000,11,2,14,0,1
cat_face_bass,noswept_restart,nonorm1p25,1225,4395.547,0.127965,0.918519,0.887830,0.949208,19,0.00001160,1,0.052489,0.071128,0.033850,0.948533,0.930410,0.966656,0.966160,0.950980,0.981339,0.017004,0.007952,0.023066,0.009717,0.000000,11,2,14,0,1
cat_face_bass,noswept_restart,nonorm1p25,1250,4550.406,0.125658,0.918351,0.891211,0.945491,19,0.00000385,1,0.052312,0.067627,0.036997,0.948640,0.933641,0.963638,0.965976,0.951481,0.980471,0.016283,0.008078,0.022413,0.009963,0.000000,11,2,14,0,1
cat_face_bass,noswept_restart,nonorm1p25,1275,4574.649,0.128047,0.917912,0.888930,0.946894,19,0.00000446,1,0.052466,0.069128,0.035803,0.948488,0.932195,0.964781,0.965588,0.950380,0.980796,0.016700,0.008189,0.022922,0.009989,0.000000,11,2,14,0,1
cat_face_bass,noswept_restart,nonorm1p25,1300,4729.781,0.124844,0.919791,0.891894,0.947688,19,0.00001210,1,0.051881,0.068828,0.034935,0.949133,0.932661,0.965606,0.967039,0.953281,0.980796,0.016575,0.007772,0.022288,0.009696,0.000000,11,2,14,0,1
cat_face_bass,noswept_restart,nonorm1p25,1325,4754.022,0.125647,0.920191,0.890986,0.949396,19,0.00001328,1,0.052172,0.070928,0.033417,0.948936,0.930809,0.967062,0.967652,0.954182,0.981122,0.017139,0.007558,0.022553,0.009395,0.000000,11,2,14,0,1
cat_face_bass,noswept_restart,nonorm1p25,1350,4906.770,0.124653,0.919060,0.890635,0.947485,19,0.00002655,0,0.051155,0.069328,0.032983,0.949772,0.932145,0.967399,0.965558,0.952381,0.978735,0.016727,0.007325,0.022670,0.009583,0.000000,11,2,14,0,1
cat_face_bass,noswept_restart,nonorm1p25,1375,4930.651,0.121079,0.920190,0.895563,0.944817,19,0.00003027,0,0.050177,0.064226,0.036129,0.950637,0.936867,0.964408,0.966017,0.953081,0.978952,0.015465,0.007794,0.021468,0.009987,0.000000,11,2,14,0,1
cat_face_bass,noswept_restart,nonorm1p25,1400,5082.497,0.121673,0.919747,0.893307,0.946187,19,0.00012437,0,0.049255,0.064226,0.034284,0.951435,0.936718,0.966153,0.964653,0.950680,0.978626,0.015521,0.007594,0.022035,0.009863,0.000000,11,2,14,0,1
cat_face_bass,noswept_restart,nonorm1p25,1425,5106.099,0.125936,0.916901,0.890602,0.943201,19,0.00014762,0,0.050820,0.064426,0.037214,0.949859,0.936364,0.963355,0.963140,0.947979,0.978301,0.015461,0.008407,0.022560,0.010522,0.000000,11,2,14,0,1
cat_face_bass,noswept_restart,nonorm1p25,1450,5260.103,0.124907,0.917111,0.890906,0.943317,19,0.00012954,0,0.050578,0.063725,0.037431,0.950077,0.936993,0.963161,0.963153,0.947679,0.978626,0.015228,0.008434,0.022424,0.010406,0.000000,11,2,14,0,1
cat_face_bass,noswept_restart,nonorm1p25,1475,5283.901,0.124347,0.916729,0.888565,0.944893,19,0.00014256,0,0.049256,0.062925,0.035586,0.951223,0.937537,0.964909,0.961498,0.944478,0.978518,0.015246,0.007942,0.023118,0.010020,0.000000,11,2,14,0,1
cat_face_bass,noswept_restart,nonorm1p25,1500,5435.472,0.124847,0.916286,0.887059,0.945513,19,0.00006190,0,0.050178,0.062925,0.037431,0.950340,0.937438,0.963243,0.961891,0.942877,0.980905,0.015140,0.008231,0.023248,0.009941,0.000000,11,2,14,0,1
cat_face_bass,noswept_restart,nonorm1p25,1525,5459.368,0.129524,0.911741,0.885163,0.938319,19,0.00005817,0,0.052499,0.061925,0.043073,0.948020,0.938193,0.957847,0.959355,0.939976,0.978735,0.014871,0.009132,0.023732,0.011006,0.000000,11,2,14,0,1
cat_face_bass,noswept_restart,nonorm1p25,1550,5612.435,0.128513,0.914180,0.886853,0.941508,19,0.00003320,1,0.052552,0.064526,0.040577,0.948127,0.936025,0.960230,0.961895,0.944078,0.979711,0.015509,0.008772,0.023349,0.010545,0.000000,11,2,14,0,1
cat_face_bass,noswept_restart,nonorm1p25,1575,5636.575,0.131505,0.912657,0.884933,0.940381,19,0.00002427,0,0.053887,0.065026,0.042747,0.946843,0.935458,0.958227,0.961528,0.942477,0.980579,0.015575,0.009301,0.023743,0.010907,0.000000,11,2,14,0,1
cat_face_bass,noswept_restart,nonorm1p25,1600,5790.435,0.131000,0.912385,0.884727,0.940042,19,0.00000500,1,0.053097,0.065726,0.040469,0.947551,0.934834,0.960268,0.960481,0.942877,0.978084,0.015654,0.008968,0.023736,0.010985,0.000000,11,2,14,0,1
cat_face_bass,noswept_restart,nonorm1p25,1625,5814.248,0.133112,0.912646,0.885261,0.940031,19,0.00000882,0,0.054211,0.066327,0.042096,0.946574,0.934350,0.958798,0.961790,0.943978,0.979603,0.016084,0.009257,0.023788,0.011089,0.000000,11,2,14,0,1
cat_face_bass,noswept_restart,nonorm1p25,1650,5968.651,0.136139,0.911729,0.882226,0.941232,19,0.00001778,0,0.055328,0.069428,0.041228,0.945544,0.931457,0.959630,0.961757,0.943477,0.980037,0.016821,0.009203,0.024553,0.010981,0.000000,11,2,14,0,1
cat_face_bass,noswept_restart,nonorm1p25,1675,5992.334,0.138104,0.910529,0.880995,0.940062,19,0.00001656,0,0.056383,0.070128,0.042639,0.944538,0.930765,0.958311,0.961461,0.942777,0.980145,0.016968,0.009467,0.024830,0.011173,0.000000,11,2,14,0,1
horse_circle,noswept_restart,nonorm1p25,1,1.510,1.077145,0.168668,0.178312,0.159024,20,0.00000000,0,0.080693,0.087519,0.073868,0.693540,0.689028,0.698052,0.182344,0.193917,0.170770,0.023642,0.032249,0.192346,0.276363,0.000000,0,0,0,0,0
horse_circle,noswept_restart,nonorm1p25,25,26.840,0.799073,0.293410,0.302428,0.284391,20,0.00025154,1,0.025869,0.030227,0.021512,0.921311,0.911565,0.931056,0.301039,0.311570,0.290508,0.008031,0.009320,0.154321,0.223438,0.000000,0,0,0,0,0
horse_circle,noswept_restart,nonorm1p25,50,195.478,0.613332,0.445891,0.445980,0.445801,22,0.00020222,1,0.018859,0.029576,0.008141,0.960847,0.939486,0.982207,0.454301,0.459170,0.449431,0.007755,0.003542,0.121742,0.170732,0.000000,2,0,0,0,0
horse_circle,noswept_restart,nonorm1p25,75,224.450,0.463280,0.581912,0.572876,0.590948,22,0.00001718,0,0.017075,0.027995,0.006156,0.972187,0.954621,0.989753,0.591750,0.588914,0.594586,0.007563,0.002623,0.093376,0.125526,0.000000,2,0,0,0,0
horse_circle,noswept_restart,nonorm1p25,100,405.327,0.390858,0.653901,0.647392,0.660410,21,0.00000770,0,0.019595,0.034226,0.004964,0.971972,0.951368,0.992576,0.666619,0.669550,0.663688,0.009396,0.002118,0.077030,0.104003,0.000000,2,0,1,0,0
horse_circle,noswept_restart,nonorm1p25,125,433.322,0.350916,0.690236,0.689270,0.691203,21,0.00007614,2,0.017935,0.031436,0.004435,0.975654,0.957655,0.993653,0.702603,0.710938,0.694268,0.008630,0.002022,0.067598,0.094519,0.000000,2,0,1,0,0
horse_circle,noswept_restart,nonorm1p25,150,612.123,0.332217,0.707716,0.694549,0.720883,22,0.00000546,0,0.019403,0.034040,0.004766,0.974106,0.954748,0.993463,0.721255,0.718192,0.724318,0.009366,0.002036,0.066545,0.085309,0.000000,3,0,1,0,0
horse_circle,noswept_restart,nonorm1p25,175,640.831,0.304798,0.730301,0.703517,0.757084,22,0.00011376,0,0.019158,0.033947,0.004369,0.974850,0.955412,0.994288,0.743896,0.727400,0.760392,0.009237,0.001860,0.064463,0.074025,0.000000,3,0,1,0,0
horse_circle,noswept_restart,nonorm1p25,200,821.975,0.275622,0.757376,0.716269,0.798483,22,0.00014726,0,0.020953,0.038132,0.003773,0.973267,0.951220,0.995315,0.772539,0.743583,0.801496,0.010269,0.001589,0.061738,0.061199,0.000000,3,0,1,0,0
horse_circle,noswept_restart,nonorm1p25,225,850.831,0.259684,0.772784,0.736283,0.809285,22,0.00009314,1,0.018685,0.032273,0.005097,0.976520,0.959268,0.993773,0.786727,0.760045,0.813410,0.009103,0.002332,0.057335,0.058180,0.000000,3,0,1,0,0
horse_circle,noswept_restart,nonorm1p25,250,1037.488,0.246618,0.783595,0.748763,0.818427,24,0.00005185,0,0.018939,0.033575,0.004302,0.976606,0.958420,0.994793,0.797926,0.773903,0.821949,0.009211,0.001822,0.054293,0.055207,0.000000,5,0,1,0,0
horse_circle,noswept_restart,nonorm1p25,275,1069.392,0.232929,0.791169,0.757499,0.824838,24,0.00003195,1,0.015953,0.029390,0.002515,0.980323,0.963678,0.996968,0.803337,0.779762,0.826913,0.007953,0.001113,0.051975,0.053145,0.000000,5,0,1,0,0
horse_circle,noswept_restart,nonorm1p25,300,1265.456,0.219262,0.803773,0.768189,0.839358,26,0.00010855,0,0.015987,0.030320,0.001655,0.980571,0.963105,0.998036,0.816114,0.791481,0.840747,0.008142,0.000867,0.049612,0.048719,0.000000,7,1,2,0,0
horse_circle,noswept_restart,nonorm1p25,325,1300.581,0.211973,0.814409,0.775380,0.853438,26,0.00004357,1,0.018682,0.034319,0.003045,0.977710,0.958964,0.996456,0.829013,0.801990,0.856037,0.009433,0.001266,0.048321,0.044277,0.000000,7,1,2,0,0
horse_circle,noswept_restart,nonorm1p25,350,1513.468,0.200731,0.824598,0.786879,0.862317,25,0.00001088,1,0.017698,0.032087,0.003310,0.979091,0.961992,0.996189,0.838649,0.812128,0.865171,0.008719,0.001562,0.045674,0.041837,0.000000,7,1,3,0,0
horse_circle,noswept_restart,nonorm1p25,375,1546.638,0.201377,0.826042,0.790809,0.861276,25,0.00002974,0,0.019251,0.034133,0.004369,0.977455,0.959934,0.994975,0.841420,0.817801,0.865038,0.009449,0.001782,0.044771,0.041869,0.000000,7,1,3,0,0
horse_circle,noswept_restart,nonorm1p25,400,1740.736,0.197187,0.830424,0.793956,0.866891,23,0.00002708,0,0.019052,0.034133,0.003971,0.977772,0.960087,0.995458,0.845695,0.821057,0.870334,0.009509,0.001702,0.044282,0.040288,0.000000,7,1,5,0,0
horse_circle,noswept_restart,nonorm1p25,425,1770.684,0.192110,0.832720,0.794865,0.870574,23,0.00000615,0,0.018136,0.032366,0.003905,0.978803,0.962054,0.995552,0.847283,0.820592,0.873974,0.008810,0.001600,0.043915,0.039125,0.000000,7,1,5,0,0
horse_circle,noswept_restart,nonorm1p25,450,1962.924,0.183496,0.843078,0.800612,0.885545,23,0.00000467,0,0.019382,0.033668,0.005097,0.977607,0.960907,0.994306,0.858813,0.827567,0.890058,0.009269,0.002170,0.042893,0.034555,0.000000,7,1,5,0,0
horse_circle,noswept_restart,nonorm1p25,475,1992.906,0.173829,0.849119,0.799838,0.898399,23,0.00001322,0,0.019676,0.034784,0.004567,0.977316,0.959668,0.994965,0.865081,0.827660,0.902502,0.009350,0.001795,0.042608,0.030370,0.000000,7,1,5,0,0
horse_circle,noswept_restart,nonorm1p25,500,2183.433,0.164753,0.859345,0.804399,0.914291,23,0.00000540,0,0.020790,0.036086,0.005494,0.976279,0.958498,0.994060,0.876370,0.833426,0.919314,0.009685,0.002414,0.041747,0.025505,0.000000,7,1,5,0,0
horse_circle,noswept_restart,nonorm1p25,525,2213.469,0.154656,0.869366,0.807592,0.931139,23,0.00003304,1,0.022106,0.038783,0.005428,0.975024,0.955812,0.994236,0.887553,0.838914,0.936193,0.010464,0.002214,0.041174,0.020295,0.000000,7,1,5,0,0
horse_circle,noswept_restart,nonorm1p25,550,2395.653,0.146932,0.876246,0.806270,0.946222,21,0.00003037,1,0.021986,0.038411,0.005560,0.975162,0.956134,0.994190,0.894361,0.837240,0.951483,0.010466,0.002447,0.041502,0.015811,0.000000,7,1,7,0,0
horse_circle,noswept_restart,nonorm1p25,575,2423.832,0.144186,0.879051,0.807397,0.950704,21,0.00022172,1,0.023400,0.041109,0.005692,0.973729,0.953376,0.994082,0.898352,0.840588,0.956116,0.010932,0.002401,0.041051,0.014299,0.000000,7,1,7,0,0
horse_circle,noswept_restart,nonorm1p25,600,2601.033,0.134395,0.884108,0.812573,0.955642,21,0.00009671,1,0.019185,0.034133,0.004236,0.978286,0.960966,0.995605,0.900000,0.840309,0.959690,0.009578,0.001797,0.040122,0.012823,0.000000,7,1,7,0,0
horse_circle,noswept_restart,nonorm1p25,625,2628.576,0.131976,0.887916,0.811454,0.964377,21,0.00014567,0,0.022285,0.039342,0.005229,0.975033,0.955431,0.994635,0.906399,0.843378,0.969420,0.010392,0.002158,0.040169,0.010081,0.000000,7,1,7,0,0
horse_circle,noswept_restart,nonorm1p25,650,2801.405,0.127703,0.892992,0.816131,0.969853,21,0.00002372,1,0.022265,0.038969,0.005560,0.975196,0.956061,0.994331,0.911590,0.847935,0.975245,0.010556,0.002385,0.039281,0.008386,0.000000,7,1,7,0,0
horse_circle,noswept_restart,nonorm1p25,675,2828.448,0.127214,0.893738,0.816166,0.971310,21,0.00004321,1,0.023035,0.040179,0.005891,0.974409,0.954812,0.994007,0.912995,0.848958,0.977032,0.010676,0.002509,0.039044,0.008067,0.000000,7,1,7,0,0
horse_circle,noswept_restart,nonorm1p25,700,3001.877,0.123794,0.895801,0.817653,0.973949,21,0.00002112,1,0.022563,0.038969,0.006156,0.974948,0.956139,0.993758,0.914730,0.849516,0.979944,0.010238,0.002578,0.038719,0.007151,0.000000,7,1,7,0,0
horse_circle,noswept_restart,nonorm1p25,725,3029.441,0.146168,0.888876,0.806213,0.971539,21,0.00002587,1,0.031921,0.056827,0.007016,0.965177,0.937474,0.992880,0.915192,0.852028,0.978356,0.015451,0.002976,0.042228,0.007813,0.000000,7,1,7,0,0
horse_circle,noswept_restart,nonorm1p25,750,3205.561,0.159242,0.881390,0.805221,0.957560,21,0.00004300,1,0.033598,0.058129,0.009068,0.963418,0.936133,0.990702,0.909135,0.852028,0.966243,0.015909,0.003929,0.042561,0.012247,0.000000,7,1,7,0,0
horse_circle,noswept_restart,nonorm1p25,775,3233.190,0.178294,0.869789,0.802500,0.937078,21,0.00013291,1,0.036832,0.063802,0.009862,0.960073,0.930461,0.989686,0.900011,0.853702,0.946320,0.017455,0.004258,0.043451,0.018509,0.000000,7,1,7,0,0
horse_circle,noswept_restart,nonorm1p25,800,3410.312,0.188529,0.857003,0.799543,0.914464,21,0.00022179,1,0.033924,0.058780,0.009068,0.962671,0.935073,0.990269,0.884648,0.846540,0.922756,0.015938,0.003937,0.043814,0.025531,0.000000,7,1,7,0,0
horse_circle,noswept_restart,nonorm1p25,825,3437.730,0.199945,0.852847,0.785708,0.919987,21,0.00002252,1,0.039127,0.069847,0.008406,0.957151,0.923281,0.991020,0.884154,0.840588,0.927720,0.019244,0.003525,0.047640,0.023863,0.000000,7,1,7,0,0
horse_circle,noswept_restart,nonorm1p25,850,3610.375,0.200310,0.854227,0.784675,0.923779,22,0.00001363,1,0.041213,0.074219,0.008208,0.955170,0.919075,0.991265,0.887137,0.842913,0.931361,0.020321,0.003277,0.048015,0.022638,0.000000,8,1,7,0,0
horse_circle,noswept_restart,nonorm1p25,875,3638.869,0.186309,0.860514,0.794827,0.926201,22,0.00001456,1,0.035787,0.064360,0.007215,0.960813,0.929301,0.992326,0.889433,0.845982,0.932883,0.017581,0.003171,0.045204,0.022006,0.000000,8,1,7,0,0
horse_circle,noswept_restart,nonorm1p25,900,3812.399,0.190652,0.860343,0.792068,0.928618,23,0.00000080,0,0.039362,0.071708,0.007016,0.957329,0.922105,0.992553,0.892000,0.848865,0.935134,0.019647,0.002860,0.046117,0.021075,0.000000,10,1,8,0,0
horse_circle,noswept_restart,nonorm1p25,925,3842.183,0.188481,0.864022,0.797052,0.930991,23,0.00000364,1,0.040449,0.072824,0.008075,0.956494,0.921519,0.991469,0.896803,0.855097,0.938509,0.019882,0.003281,0.044887,0.020398,0.000000,10,1,8,0,0
horse_circle,noswept_restart,nonorm1p25,950,4026.321,0.180538,0.867998,0.802036,0.933960,22,0.00001301,0,0.037556,0.068824,0.006288,0.959517,0.925680,0.993354,0.898535,0.857236,0.939833,0.018867,0.002751,0.043650,0.019593,0.000000,10,1,9,0,0
horse_circle,noswept_restart,nonorm1p25,975,4054.520,0.176416,0.870081,0.801498,0.938664,22,0.00002632,1,0.036780,0.067801,0.005759,0.960265,0.926593,0.993937,0.899955,0.855841,0.944069,0.018611,0.002451,0.043756,0.018115,0.000000,10,1,9,0,0
horse_circle,noswept_restart,nonorm1p25,1000,4233.495,0.186925,0.866703,0.795545,0.937862,25,0.00012511,0,0.041907,0.077195,0.006619,0.955201,0.917364,0.993038,0.900513,0.856957,0.944069,0.021071,0.002638,0.045462,0.018320,0.000000,12,2,9,0,0
horse_circle,noswept_restart,nonorm1p25,1025,4266.117,0.185136,0.867264,0.798945,0.935584,25,0.00015557,0,0.040506,0.075056,0.005957,0.956674,0.919638,0.993710,0.900033,0.858910,0.941157,0.020500,0.002558,0.044624,0.019067,0.000000,12,2,9,0,0
horse_circle,noswept_restart,nonorm1p25,1050,4456.607,0.193928,0.862845,0.793726,0.931963,24,0.00029905,1,0.043544,0.082124,0.004964,0.953729,0.912730,0.994728,0.897750,0.858910,0.936590,0.022320,0.002244,0.045904,0.020250,0.000000,13,3,12,0,0
horse_circle,noswept_restart,nonorm1p25,1075,4487.929,0.191126,0.862078,0.798893,0.925263,24,0.00011890,1,0.040666,0.075242,0.006089,0.956482,0.919462,0.993501,0.894950,0.859003,0.930898,0.020415,0.002551,0.044495,0.022319,0.000000,13,3,12,0,0
horse_circle,noswept_restart,nonorm1p25,1100,4681.301,0.193078,0.859435,0.799827,0.919044,23,0.00039992,1,0.039525,0.074219,0.004832,0.957641,0.920486,0.994795,0.891337,0.859189,0.923484,0.020132,0.002124,0.044308,0.024271,0.000000,13,3,13,0,0
horse_circle,noswept_restart,nonorm1p25,1125,4710.994,0.193855,0.857288,0.803337,0.911240,23,0.00035988,1,0.037724,0.070219,0.005229,0.959408,0.924492,0.994324,0.887876,0.859747,0.916005,0.019228,0.002183,0.043480,0.026558,0.000000,13,3,13,0,0
horse_circle,noswept_restart,nonorm1p25,1150,4887.076,0.194379,0.857170,0.805655,0.908685,21,0.00025435,2,0.037961,0.069103,0.006818,0.959166,0.925730,0.992603,0.888104,0.861328,0.914880,0.018914,0.002710,0.042760,0.027310,0.000000,13,3,15,0,0
horse_circle,noswept_restart,nonorm1p25,1175,4914.216,0.209340,0.851498,0.795955,0.907041,21,0.00020646,1,0.043773,0.080729,0.006818,0.953397,0.914204,0.992590,0.886718,0.860212,0.913225,0.022087,0.002832,0.045560,0.027889,0.000000,13,3,15,0,0
horse_circle,noswept_restart,nonorm1p25,1200,5084.818,0.199275,0.854905,0.802289,0.907521,21,0.00015217,1,0.040144,0.072545,0.007744,0.956926,0.922249,0.991603,0.887520,0.860491,0.914549,0.019674,0.003088,0.043540,0.027591,0.000000,13,3,15,0,0
horse_circle,noswept_restart,nonorm1p25,1225,5111.458,0.210861,0.851126,0.797571,0.904681,21,0.00015539,1,0.043990,0.079706,0.008274,0.953147,0.915283,0.991011,0.886654,0.861142,0.912166,0.021761,0.003471,0.045224,0.028612,0.000000,13,3,15,0,0
horse_circle,noswept_restart,nonorm1p25,1250,5284.298,0.209438,0.852505,0.799016,0.905994,21,0.00005863,1,0.043013,0.077753,0.008274,0.954105,0.917187,0.991024,0.887316,0.861142,0.913490,0.021591,0.003463,0.045019,0.028363,0.000000,13,3,15,0,0
horse_circle,noswept_restart,nonorm1p25,1275,5311.032,0.198749,0.857456,0.802270,0.912641,21,0.00006748,0,0.040927,0.073382,0.008472,0.956178,0.921477,0.990879,0.890758,0.861142,0.920373,0.020072,0.003435,0.043786,0.026181,0.000000,13,3,15,0,0
horse_circle,noswept_restart,nonorm1p25,1300,5483.467,0.200227,0.857056,0.802407,0.911705,21,0.00003762,1,0.041200,0.074126,0.008274,0.955943,0.920807,0.991080,0.890567,0.861886,0.919248,0.020442,0.003358,0.043924,0.026426,0.000000,13,3,15,0,0
horse_circle,noswept_restart,nonorm1p25,1325,5510.529,0.202096,0.856705,0.802249,0.911161,21,0.00004549,0,0.041976,0.075149,0.008803,0.955185,0.919857,0.990514,0.890860,0.862537,0.919182,0.020641,0.003648,0.043983,0.026688,0.000000,13,3,15,0,0
horse_circle,noswept_restart,nonorm1p25,1350,5676.156,0.199676,0.857676,0.802041,0.913312,21,0.00006258,0,0.041652,0.075428,0.007877,0.955550,0.919584,0.991516,0.891521,0.862537,0.920506,0.020698,0.003243,0.043924,0.025966,0.000000,14,3,16,0,0
horse_circle,noswept_restart,nonorm1p25,1375,5703.028,0.187675,0.865597,0.804489,0.926704,21,0.00006405,0,0.040503,0.073196,0.007810,0.956777,0.921847,0.991706,0.898658,0.863374,0.933942,0.019949,0.003147,0.043133,0.021812,0.000000,14,3,16,0,0
horse_circle,noswept_restart,nonorm1p25,1400,5874.197,0.187650,0.867381,0.803046,0.931717,24,0.00020179,0,0.040963,0.074777,0.007149,0.956355,0.920270,0.992440,0.900736,0.863095,0.938377,0.020651,0.003052,0.043760,0.020367,0.000000,17,3,16,0,0
horse_circle,noswept_restart,nonorm1p25,1425,5904.912,0.168855,0.878150,0.813785,0.942515,24,0.00013169,0,0.036845,0.067336,0.006354,0.960699,0.928053,0.993345,0.908543,0.868583,0.948504,0.018337,0.002819,0.040795,0.017142,0.000000,17,3,16,0,0
horse_circle,noswept_restart,nonorm1p25,1450,6086.213,0.173149,0.878665,0.812251,0.945079,22,0.00007542,0,0.040510,0.073475,0.007546,0.957210,0.922282,0.992138,0.912071,0.871931,0.952211,0.020324,0.002876,0.041522,0.016027,0.000000,17,3,18,0,0
horse_circle,noswept_restart,nonorm1p25,1475,6114.057,0.164513,0.883456,0.813645,0.953267,22,0.00003267,0,0.039269,0.071522,0.007016,0.958464,0.924184,0.992744,0.915896,0.871838,0.959955,0.019634,0.002664,0.041079,0.013293,0.000000,17,3,18,0,0
horse_circle,noswept_restart,nonorm1p25,1500,6291.976,0.170937,0.883559,0.808459,0.958659,24,0.00013543,0,0.044464,0.081845,0.007082,0.953574,0.914430,0.992718,0.920038,0.874628,0.965449,0.022393,0.002629,0.042494,0.011649,0.000000,19,3,18,0,0
acm_scf,noswept_restart,nonorm1p25,1,1.544,1.007982,0.161058,0.129646,0.192470,20,0.00000000,0,0.228343,0.099461,0.357224,0.505697,0.589008,0.422386,0.201882,0.142540,0.261224,0.036401,0.049872,0.261455,0.134695,0.000000,0,0,0,0,0
acm_scf,noswept_restart,nonorm1p25,25,27.436,0.773896,0.228725,0.165084,0.292366,20,0.00000000,0,0.105081,0.042489,0.167673,0.736310,0.801997,0.670622,0.256743,0.172098,0.341388,0.015295,0.022917,0.238096,0.101088,0.000000,0,0,0,0,0
acm_scf,noswept_restart,nonorm1p25,50,187.153,0.704963,0.294590,0.207429,0.381750,22,0.00000000,0,0.089090,0.038425,0.139755,0.802752,0.848617,0.756887,0.325251,0.215399,0.435102,0.013869,0.019153,0.225040,0.086164,0.000000,2,0,0,0,0
acm_scf,noswept_restart,nonorm1p25,75,214.938,0.654372,0.348611,0.239828,0.457395,22,0.00000000,0,0.081924,0.033400,0.130449,0.839889,0.881240,0.798538,0.382450,0.247839,0.517061,0.012115,0.017889,0.214838,0.074844,0.000000,2,0,0,0,0
acm_scf,noswept_restart,nonorm1p25,100,391.124,0.599604,0.398601,0.284098,0.513104,23,0.00003086,0,0.073437,0.025567,0.121306,0.872601,0.919329,0.825873,0.433354,0.291362,0.575347,0.009284,0.016663,0.200892,0.066465,0.000000,3,1,1,0,0
acm_scf,noswept_restart,nonorm1p25,125,421.637,0.553452,0.439869,0.318063,0.561676,23,0.00007318,0,0.066129,0.017808,0.114449,0.896641,0.947858,0.845424,0.474843,0.323727,0.625959,0.006311,0.015642,0.189904,0.059354,0.000000,3,1,1,0,0
acm_scf,noswept_restart,nonorm1p25,150,613.176,0.537232,0.460276,0.334083,0.586468,22,0.00003077,1,0.068778,0.017882,0.119673,0.897944,0.950041,0.845846,0.498355,0.340058,0.656653,0.005886,0.016170,0.184990,0.056045,0.000000,3,1,2,0,0
acm_scf,noswept_restart,nonorm1p25,175,643.043,0.526535,0.477875,0.354011,0.601739,22,0.00006620,1,0.073093,0.019656,0.126531,0.895532,0.948360,0.842703,0.519424,0.360969,0.677878,0.006598,0.017026,0.179797,0.053918,0.000000,3,1,2,0,0
acm_scf,noswept_restart,nonorm1p25,200,830.761,0.507792,0.499086,0.376064,0.622107,23,0.00009897,1,0.075751,0.015665,0.135837,0.899681,0.960602,0.838760,0.544284,0.381955,0.706612,0.004754,0.018636,0.172746,0.051879,0.000000,4,1,2,0,0
acm_scf,noswept_restart,nonorm1p25,225,861.169,0.500222,0.505688,0.394468,0.616909,23,0.00005374,1,0.078815,0.012488,0.145143,0.899622,0.969681,0.829563,0.552922,0.399394,0.706449,0.004271,0.019488,0.167581,0.052812,0.000000,4,1,2,0,0
acm_scf,noswept_restart,nonorm1p25,250,1054.370,0.481080,0.522718,0.416624,0.628813,24,0.00007835,1,0.076322,0.012562,0.140082,0.903812,0.971084,0.836540,0.569378,0.421858,0.716898,0.003708,0.019194,0.160912,0.050973,0.000000,4,2,2,0,0
acm_scf,noswept_restart,nonorm1p25,275,1086.084,0.474564,0.531627,0.442774,0.620479,24,0.00002128,1,0.081762,0.012340,0.151184,0.899262,0.973207,0.825316,0.581262,0.448238,0.714286,0.004183,0.020501,0.153949,0.052470,0.000000,4,2,2,0,0
acm_scf,noswept_restart,nonorm1p25,300,1286.994,0.447431,0.553953,0.477230,0.630677,23,0.00000413,1,0.077836,0.012488,0.143184,0.904558,0.974806,0.834309,0.602084,0.483189,0.720980,0.003625,0.019470,0.143996,0.050848,0.000000,4,2,3,0,0
acm_scf,noswept_restart,nonorm1p25,325,1318.041,0.435095,0.578245,0.516040,0.640449,23,0.00000070,1,0.087986,0.013523,0.162449,0.897839,0.974797,0.820882,0.633754,0.523018,0.744490,0.004475,0.022365,0.133623,0.050373,0.000000,4,2,3,0,0
acm_scf,noswept_restart,nonorm1p25,350,1514.151,0.423730,0.596660,0.544312,0.649008,23,0.00000040,1,0.092609,0.017217,0.168000,0.894212,0.969842,0.818583,0.655862,0.553684,0.758041,0.005746,0.023151,0.126333,0.049410,0.000000,4,2,3,0,0
acm_scf,noswept_restart,nonorm1p25,375,1545.582,0.408575,0.610864,0.559450,0.662278,23,0.00000624,0,0.090830,0.016109,0.165551,0.897925,0.972443,0.823406,0.670190,0.568462,0.771918,0.005231,0.022905,0.121645,0.047470,0.000000,4,2,3,0,0
acm_scf,noswept_restart,nonorm1p25,400,1745.430,0.396334,0.627336,0.583370,0.671303,24,0.00000016,1,0.096057,0.018399,0.173714,0.894658,0.969960,0.819355,0.691011,0.594103,0.787918,0.005726,0.023851,0.114890,0.046306,0.000000,5,2,3,0,0
acm_scf,noswept_restart,nonorm1p25,425,1778.132,0.378447,0.652288,0.596486,0.708090,24,0.00000366,0,0.096169,0.017808,0.174531,0.899024,0.971503,0.826546,0.719391,0.607109,0.831673,0.005726,0.023851,0.111393,0.040859,0.000000,5,2,3,0,0
acm_scf,noswept_restart,nonorm1p25,450,1978.708,0.368238,0.665567,0.609772,0.721362,24,0.00000000,0,0.095480,0.020838,0.170122,0.899934,0.967609,0.832260,0.733280,0.622478,0.844082,0.006520,0.023479,0.107678,0.038941,0.000000,6,2,4,0,0
acm_scf,noswept_restart,nonorm1p25,475,2010.668,0.359653,0.677482,0.610753,0.744212,24,0.00000007,0,0.091698,0.019803,0.163592,0.905144,0.969185,0.841104,0.744404,0.622848,0.865959,0.006497,0.022765,0.107460,0.035788,0.000000,6,2,4,0,0
acm_scf,noswept_restart,nonorm1p25,500,2212.370,0.356512,0.686280,0.623047,0.749513,24,0.00000000,0,0.097037,0.021503,0.172571,0.901594,0.967318,0.835870,0.757651,0.636444,0.878857,0.007136,0.023891,0.104303,0.035170,0.000000,6,2,4,0,0
acm_scf,noswept_restart,nonorm1p25,525,2243.781,0.354482,0.688414,0.618467,0.758361,24,0.00000099,1,0.097582,0.023572,0.171592,0.901117,0.964101,0.838133,0.760767,0.633045,0.888490,0.007792,0.023075,0.105555,0.033101,0.000000,6,2,4,0,0
acm_scf,noswept_restart,nonorm1p25,550,2444.667,0.348911,0.694452,0.617255,0.771649,24,0.00000000,0,0.093825,0.024385,0.163265,0.904487,0.962867,0.846106,0.764969,0.632306,0.897633,0.008134,0.021857,0.106058,0.030908,0.000000,6,2,4,0,0
acm_scf,noswept_restart,nonorm1p25,575,2475.483,0.350759,0.697455,0.618647,0.776263,24,0.00000034,0,0.099884,0.026380,0.173388,0.900098,0.960112,0.840084,0.772912,0.634966,0.910857,0.008678,0.022989,0.105614,0.030182,0.000000,6,2,4,0,0
acm_scf,noswept_restart,nonorm1p25,600,2675.503,0.350152,0.701528,0.629440,0.773616,24,0.00000000,0,0.105600,0.025567,0.185633,0.896791,0.961903,0.831680,0.781379,0.645533,0.917224,0.008834,0.024322,0.102977,0.030654,0.000000,6,2,4,0,0
acm_scf,noswept_restart,nonorm1p25,625,2707.205,0.342103,0.710866,0.632082,0.789650,24,0.00000316,0,0.097528,0.027710,0.167347,0.902719,0.959088,0.846350,0.785697,0.649597,0.921796,0.008850,0.023224,0.101839,0.029118,0.000000,6,2,4,0,0
acm_scf,noswept_restart,nonorm1p25,650,2905.363,0.341154,0.714474,0.632722,0.796226,23,0.00000000,0,0.097826,0.027488,0.168163,0.903159,0.959433,0.846886,0.790118,0.650115,0.930122,0.009597,0.022820,0.102302,0.027754,0.000000,6,2,5,0,0
acm_scf,noswept_restart,nonorm1p25,675,2935.670,0.351018,0.707823,0.631424,0.784221,23,0.00000157,0,0.105942,0.032291,0.179592,0.895110,0.952798,0.837422,0.788438,0.651814,0.925061,0.010625,0.024190,0.102419,0.029570,0.000000,6,2,5,0,0
acm_scf,noswept_restart,nonorm1p25,700,3127.830,0.346891,0.712884,0.636631,0.789137,23,0.00000058,0,0.103080,0.030814,0.175347,0.898079,0.955152,0.841007,0.791879,0.656248,0.927510,0.010697,0.023822,0.101464,0.028834,0.000000,6,2,5,0,0
acm_scf,noswept_restart,nonorm1p25,725,3157.347,0.353577,0.710801,0.627273,0.794330,23,0.00000002,0,0.103574,0.032291,0.174857,0.897349,0.952500,0.842198,0.790376,0.647528,0.933224,0.011338,0.023932,0.104354,0.028348,0.000000,6,2,5,0,0
acm_scf,noswept_restart,nonorm1p25,750,3346.864,0.346249,0.714009,0.629357,0.798661,23,0.00000849,0,0.101726,0.032513,0.170939,0.898906,0.952350,0.845461,0.792501,0.649819,0.935184,0.011008,0.022950,0.103343,0.027332,0.000000,6,2,5,0,0
acm_scf,noswept_restart,nonorm1p25,775,3376.229,0.350947,0.709395,0.625465,0.793324,23,0.00002163,1,0.102863,0.031848,0.173878,0.897819,0.952973,0.842665,0.788325,0.645385,0.931265,0.010528,0.023732,0.104334,0.028307,0.000000,6,2,5,0,0
acm_scf,noswept_restart,nonorm1p25,800,3567.528,0.351198,0.708758,0.624230,0.793285,26,0.00000077,0,0.104406,0.031996,0.176816,0.896721,0.952683,0.840759,0.788877,0.644203,0.933551,0.010673,0.023711,0.104673,0.027946,0.000000,9,2,5,0,0
acm_scf,noswept_restart,nonorm1p25,825,3601.556,0.342435,0.714362,0.631099,0.797626,26,0.00000193,1,0.098677,0.028375,0.168980,0.902343,0.958111,0.846576,0.790707,0.649006,0.932408,0.009791,0.022930,0.102699,0.027616,0.000000,9,2,5,0,0
acm_scf,noswept_restart,nonorm1p25,850,3798.188,0.350677,0.711247,0.642508,0.779986,23,0.00000711,0,0.109882,0.028745,0.191020,0.893885,0.958324,0.829446,0.794978,0.660977,0.928980,0.009985,0.026107,0.099619,0.030602,0.000000,9,2,8,0,0
acm_scf,noswept_restart,nonorm1p25,875,3827.324,0.351099,0.715596,0.655745,0.775447,23,0.00000779,0,0.117290,0.028375,0.206204,0.889493,0.959621,0.819365,0.804849,0.674352,0.935347,0.010237,0.027984,0.096078,0.031693,0.000000,9,2,8,0,0
acm_scf,noswept_restart,nonorm1p25,900,4013.876,0.354059,0.718028,0.659924,0.776131,23,0.00000116,0,0.121115,0.030149,0.212082,0.886784,0.957535,0.816032,0.810277,0.679820,0.940735,0.010478,0.029529,0.094732,0.032289,0.000000,9,2,8,0,0
acm_scf,noswept_restart,nonorm1p25,925,4043.489,0.352208,0.716082,0.664163,0.768001,23,0.00000030,0,0.124189,0.033030,0.215347,0.883302,0.954069,0.812536,0.809744,0.686101,0.933388,0.011284,0.028835,0.093435,0.032520,0.000000,9,2,8,0,0
acm_scf,noswept_restart,nonorm1p25,950,4228.516,0.355273,0.715352,0.670127,0.760577,22,0.00001145,0,0.127671,0.031996,0.223347,0.881102,0.955780,0.806424,0.811009,0.691569,0.930449,0.011001,0.030234,0.091941,0.034149,0.000000,9,2,9,0,0
acm_scf,noswept_restart,nonorm1p25,975,4256.172,0.352928,0.719630,0.677022,0.762237,22,0.00000000,0,0.124880,0.032291,0.217469,0.882992,0.955836,0.810148,0.813442,0.698884,0.928000,0.011691,0.029852,0.090485,0.034050,0.000000,9,2,9,0,0
acm_scf,noswept_restart,nonorm1p25,1000,4438.773,0.354765,0.720594,0.682000,0.759187,22,0.00000051,0,0.127298,0.032883,0.221714,0.881238,0.955402,0.807075,0.815968,0.704426,0.927510,0.012193,0.030475,0.089316,0.034731,0.000000,9,2,9,0,0
acm_scf,noswept_restart,nonorm1p25,1025,4466.633,0.351515,0.721600,0.687909,0.755291,22,0.00000816,0,0.128349,0.037760,0.218939,0.878822,0.949764,0.807880,0.817269,0.713885,0.920653,0.012885,0.029827,0.087241,0.035124,0.000000,9,2,9,0,0
acm_scf,noswept_restart,nonorm1p25,1050,4647.497,0.353833,0.719873,0.691249,0.748497,22,0.00000000,0,0.128887,0.036060,0.221714,0.878460,0.952063,0.804857,0.815312,0.716175,0.914449,0.013224,0.030040,0.086868,0.035968,0.000000,9,2,9,0,0
acm_scf,noswept_restart,nonorm1p25,1075,4674.918,0.359484,0.718209,0.688806,0.747611,22,0.00000051,0,0.133066,0.035764,0.230367,0.875990,0.952264,0.799716,0.816639,0.713441,0.919837,0.012957,0.031519,0.087426,0.036720,0.000000,9,2,9,0,0
acm_scf,noswept_restart,nonorm1p25,1100,4853.192,0.365552,0.715777,0.692012,0.739542,22,0.00011131,0,0.139045,0.036947,0.241143,0.871488,0.951033,0.791943,0.817728,0.717579,0.917878,0.013236,0.033110,0.086584,0.038220,0.000000,9,2,9,0,0
acm_scf,noswept_restart,nonorm1p25,1125,4881.054,0.372531,0.711809,0.694920,0.728697,22,0.00051246,1,0.148213,0.035691,0.260735,0.865842,0.952754,0.778931,0.819208,0.719722,0.918694,0.012733,0.035406,0.085643,0.040270,0.000000,9,2,9,0,0
acm_scf,noswept_restart,nonorm1p25,1150,5060.748,0.385879,0.702499,0.690330,0.714667,23,0.00065968,0,0.159042,0.034656,0.283429,0.858831,0.953725,0.763938,0.815739,0.714254,0.917224,0.012030,0.038579,0.086303,0.043144,0.000000,10,2,9,0,0
acm_scf,noswept_restart,nonorm1p25,1175,5089.583,0.398668,0.694545,0.686025,0.703066,23,0.00074143,0,0.160997,0.033178,0.288816,0.856792,0.955283,0.758300,0.807454,0.708786,0.906122,0.011921,0.040121,0.088035,0.045987,0.000000,10,2,9,0,0
acm_scf,noswept_restart,nonorm1p25,1200,5279.093,0.389838,0.699722,0.703268,0.696177,23,0.00117226,1,0.166988,0.035691,0.298286,0.852578,0.953288,0.751867,0.816102,0.728368,0.903837,0.012229,0.040332,0.082351,0.046456,0.000000,10,2,9,0,0
acm_scf,noswept_restart,nonorm1p25,1225,5308.681,0.392644,0.697713,0.700636,0.694790,23,0.00097908,2,0.167200,0.033991,0.300408,0.852829,0.955183,0.750475,0.813981,0.724451,0.903510,0.011556,0.040879,0.083521,0.046914,0.000000,10,2,9,0,0
acm_scf,noswept_restart,nonorm1p25,1250,5498.384,0.398865,0.692669,0.690765,0.694574,24,0.00068772,2,0.166106,0.035395,0.296816,0.852496,0.952845,0.752147,0.807975,0.715215,0.900735,0.012378,0.040402,0.086321,0.046896,0.000000,11,2,9,0,0
acm_scf,noswept_restart,nonorm1p25,1275,5528.778,0.393968,0.693663,0.692885,0.694441,24,0.00063790,1,0.164292,0.033400,0.295184,0.854169,0.955433,0.752904,0.807728,0.716027,0.899429,0.011551,0.039960,0.085610,0.046763,0.000000,11,2,9,0,0
acm_scf,noswept_restart,nonorm1p25,1300,5721.683,0.400920,0.690070,0.681220,0.698919,24,0.00009262,1,0.161623,0.039164,0.284082,0.853573,0.947577,0.759569,0.802684,0.707899,0.897469,0.013330,0.038933,0.089116,0.045983,0.000000,11,2,9,0,0
acm_scf,noswept_restart,nonorm1p25,1325,5751.410,0.388054,0.696143,0.691025,0.701261,24,0.00020086,1,0.157281,0.032439,0.282122,0.858835,0.956509,0.761161,0.806272,0.713441,0.899102,0.011030,0.038781,0.085950,0.045743,0.000000,11,2,9,0,0
acm_scf,noswept_restart,nonorm1p25,1350,5943.360,0.384661,0.697291,0.690396,0.704186,24,0.00011532,1,0.155561,0.031774,0.279347,0.860307,0.957299,0.763314,0.806615,0.712333,0.900898,0.011063,0.037836,0.086516,0.044650,0.000000,11,2,9,0,0
acm_scf,noswept_restart,nonorm1p25,1375,5973.140,0.377868,0.703940,0.702410,0.705470,24,0.00015187,1,0.155356,0.030222,0.280490,0.861488,0.959910,0.763067,0.813493,0.723639,0.903347,0.010304,0.038604,0.082667,0.045079,0.000000,11,2,9,0,0
acm_scf,noswept_restart,nonorm1p25,1400,6163.499,0.365557,0.713438,0.713784,0.713092,24,0.00011442,1,0.149961,0.030370,0.269551,0.865455,0.960343,0.770567,0.820384,0.735461,0.905306,0.010415,0.037285,0.079458,0.043655,0.000000,11,2,9,0,0
acm_scf,noswept_restart,nonorm1p25,1425,6192.898,0.353390,0.719373,0.721484,0.717262,24,0.00002826,0,0.144897,0.028080,0.261714,0.869602,0.963525,0.775679,0.823361,0.741742,0.904980,0.009767,0.035751,0.077394,0.042394,0.000000,11,2,9,0,0
acm_scf,noswept_restart,nonorm1p25,1450,6386.106,0.362870,0.717563,0.715644,0.719482,24,0.00010896,1,0.147349,0.033474,0.261224,0.866587,0.956700,0.776474,0.823514,0.739599,0.907429,0.011612,0.036287,0.079047,0.042475,0.000000,11,2,9,0,0
acm_scf,noswept_restart,nonorm1p25,1475,6416.704,0.345072,0.724130,0.725366,0.722895,24,0.00016842,2,0.141630,0.028892,0.254367,0.871832,0.962730,0.780934,0.826550,0.746324,0.906776,0.009890,0.034398,0.076196,0.040920,0.000000,11,2,9,0,0
acm_scf,noswept_restart,nonorm1p25,1500,6611.167,0.356053,0.722261,0.711590,0.732931,25,0.00002692,2,0.141892,0.037907,0.245878,0.869519,0.951180,0.787857,0.825854,0.738565,0.913143,0.012866,0.033675,0.080348,0.039492,0.000000,12,2,9,0,0
acm_scf,noswept_restart,nonorm1p25,1525,6643.723,0.323849,0.739804,0.737187,0.742420,25,0.00007714,1,0.127141,0.026528,0.227755,0.883109,0.966132,0.800086,0.834126,0.756743,0.911510,0.009736,0.031155,0.073317,0.037467,0.000000,12,2,9,0,0
acm_scf,noswept_restart,nonorm1p25,1550,6845.242,0.322339,0.744666,0.738533,0.750799,25,0.00050951,1,0.126827,0.027858,0.225796,0.883796,0.964601,0.802991,0.839717,0.759107,0.920327,0.010232,0.031113,0.072973,0.036337,0.000000,13,2,10,0,0
acm_scf,noswept_restart,nonorm1p25,1575,6877.331,0.316122,0.747140,0.746340,0.747940,25,0.00025325,1,0.129257,0.029779,0.228735,0.881705,0.962699,0.800711,0.843793,0.768566,0.919020,0.010244,0.030794,0.070408,0.036267,0.000000,13,2,10,0,0
acm_scf,noswept_restart,nonorm1p25,1600,7090.523,0.306705,0.755745,0.757154,0.754337,25,0.00022846,1,0.126903,0.030296,0.223510,0.883828,0.962615,0.805041,0.851516,0.780093,0.922939,0.010444,0.030136,0.067370,0.035178,0.000000,13,2,10,0,0
acm_scf,noswept_restart,nonorm1p25,1625,7123.581,0.300672,0.760642,0.772414,0.748870,25,0.00012710,1,0.129152,0.030222,0.228082,0.882345,0.963410,0.801280,0.857716,0.795759,0.919673,0.010659,0.030476,0.063049,0.035824,0.000000,13,2,10,0,0
acm_scf,noswept_restart,nonorm1p25,1650,7336.609,0.307944,0.763628,0.782021,0.745235,25,0.00017076,2,0.137606,0.033252,0.241959,0.876615,0.960474,0.792756,0.866788,0.808025,0.925551,0.011685,0.033227,0.060249,0.037524,0.000000,13,2,10,0,0
acm_scf,noswept_restart,nonorm1p25,1675,7369.749,0.299462,0.768993,0.792458,0.745529,25,0.00020106,2,0.136105,0.030740,0.241469,0.878410,0.963731,0.793089,0.871185,0.816818,0.925551,0.011486,0.032477,0.057809,0.036899,0.000000,13,2,10,0,0
acm_scf,noswept_restart,nonorm1p25,1700,7581.712,0.306770,0.763470,0.790491,0.736449,25,0.00018896,1,0.139508,0.031996,0.247020,0.875148,0.962259,0.788036,0.867075,0.815784,0.918367,0.011837,0.033362,0.058224,0.038597,0.000000,13,2,10,0,0
acm_scf,noswept_restart,nonorm1p25,1725,7614.734,0.307369,0.765339,0.792504,0.738173,25,0.00017219,1,0.139491,0.033104,0.245878,0.875092,0.961138,0.789046,0.869206,0.818739,0.919673,0.011986,0.033834,0.057529,0.038819,0.000000,13,2,10,0,0
acm_scf,noswept_restart,nonorm1p25,1750,7828.592,0.303445,0.765455,0.798698,0.732212,25,0.00020255,1,0.147499,0.032956,0.262041,0.870333,0.961588,0.779078,0.874551,0.825020,0.924082,0.012182,0.033764,0.055998,0.038221,0.000000,13,2,10,0,0
acm_scf,noswept_restart,nonorm1p25,1775,7861.268,0.307838,0.766534,0.796487,0.736581,25,0.00001731,0,0.142463,0.034804,0.250122,0.872938,0.959484,0.786392,0.872512,0.824207,0.920816,0.012750,0.034027,0.056576,0.038865,0.000000,13,2,10,0,0
acm_scf,noswept_restart,nonorm1p25,1800,8068.404,0.314972,0.763680,0.799429,0.727932,26,0.00000753,0,0.147948,0.034508,0.261388,0.869177,0.959945,0.778408,0.872610,0.827015,0.918204,0.012671,0.035997,0.055856,0.040792,0.000000,14,2,10,0,0
acm_scf,noswept_restart,nonorm1p25,1825,8101.898,0.316462,0.759431,0.795515,0.723347,26,0.00000373,0,0.150516,0.034582,0.266449,0.867178,0.959676,0.774679,0.869553,0.823025,0.916082,0.012969,0.035464,0.057059,0.040629,0.000000,14,2,10,0,0
acm_scf,noswept_restart,nonorm1p25,1850,8308.048,0.320152,0.755437,0.791735,0.719139,25,0.00000613,0,0.156250,0.038868,0.273633,0.862423,0.954877,0.769970,0.869213,0.822508,0.915918,0.013440,0.035747,0.057652,0.040938,0.000000,14,2,11,0,0
acm_scf,noswept_restart,nonorm1p25,1875,8339.770,0.323127,0.754610,0.788898,0.720323,25,0.00000080,0,0.157273,0.039607,0.274939,0.861766,0.953932,0.769599,0.869255,0.820143,0.918367,0.013873,0.035787,0.058868,0.040622,0.000000,14,2,11,0,0
acm_scf,noswept_restart,nonorm1p25,1900,8543.641,0.324569,0.755764,0.787063,0.724465,25,0.00000062,0,0.157337,0.040715,0.273959,0.861878,0.952647,0.771109,0.871024,0.819109,0.922939,0.014453,0.035767,0.059341,0.040169,0.000000,14,2,11,0,0
acm_scf,noswept_restart,nonorm1p25,1925,8575.352,0.319628,0.755397,0.787267,0.723527,25,0.00000255,0,0.155988,0.039976,0.272000,0.862660,0.953446,0.771875,0.869533,0.818739,0.920327,0.013903,0.034934,0.059053,0.039714,0.000000,14,2,11,0,0
acm_scf,noswept_restart,nonorm1p25,1950,8775.036,0.318134,0.756590,0.787066,0.726114,25,0.00000236,0,0.153282,0.038646,0.267918,0.864724,0.954859,0.774588,0.869068,0.817483,0.920653,0.013738,0.034496,0.059455,0.039320,0.000000,14,2,11,0,0
acm_scf,noswept_restart,nonorm1p25,1975,8806.582,0.331070,0.749392,0.782705,0.716079,25,0.00000099,0,0.162857,0.038203,0.287510,0.858691,0.955098,0.762284,0.867283,0.812606,0.921959,0.013603,0.037158,0.060552,0.041531,0.000000,14,2,11,0,0
teapot_droplets,noswept_restart,nonorm1p25,1,1.576,0.648519,0.240730,0.186049,0.295411,20,0.00016893,0,0.405502,0.114806,0.696198,0.531106,0.643697,0.418514,0.354242,0.207408,0.501076,0.026868,0.040600,0.173964,0.065901,0.000000,0,0,0,0,0
teapot_droplets,noswept_restart,nonorm1p25,25,27.890,0.454577,0.334902,0.234414,0.435389,20,0.00000684,1,0.166673,0.048195,0.285151,0.749220,0.836019,0.662420,0.402626,0.245712,0.559541,0.010901,0.016240,0.153744,0.039615,0.000000,0,0,0,0,0
teapot_droplets,noswept_restart,nonorm1p25,50,198.149,0.401226,0.382907,0.284642,0.481172,22,0.00013116,1,0.118750,0.037357,0.200143,0.815157,0.887694,0.742620,0.436375,0.295275,0.577475,0.008435,0.011199,0.142097,0.033927,0.000000,0,2,0,0,0
teapot_droplets,noswept_restart,nonorm1p25,75,227.251,0.366810,0.429457,0.326545,0.532370,22,0.00004315,1,0.089970,0.038619,0.141320,0.854537,0.897772,0.811303,0.473380,0.339156,0.607604,0.008548,0.007858,0.133813,0.029068,0.000000,0,2,0,0,0
teapot_droplets,noswept_restart,nonorm1p25,100,396.701,0.346335,0.449972,0.356220,0.543724,23,0.00007177,1,0.073032,0.034515,0.111549,0.879274,0.914360,0.844188,0.486446,0.368515,0.604376,0.007974,0.006197,0.127721,0.027706,0.000000,2,3,2,0,0
teapot_droplets,noswept_restart,nonorm1p25,125,427.177,0.323180,0.482800,0.408679,0.556921,23,0.00000182,0,0.071040,0.033042,0.109039,0.888683,0.927416,0.849951,0.519915,0.422182,0.617647,0.007620,0.006207,0.117238,0.027068,0.000000,2,3,2,0,0
teapot_droplets,noswept_restart,nonorm1p25,150,597.788,0.302639,0.511837,0.462065,0.561609,19,0.00000167,0,0.081435,0.030517,0.132353,0.883751,0.939772,0.827731,0.556053,0.476165,0.635940,0.006896,0.007576,0.106026,0.027202,0.000000,2,3,6,0,0
teapot_droplets,noswept_restart,nonorm1p25,175,623.273,0.279768,0.546960,0.537473,0.556447,19,0.00001580,0,0.097415,0.031990,0.162841,0.872204,0.945471,0.798937,0.600863,0.554667,0.647059,0.007182,0.009329,0.091050,0.028189,0.000000,2,3,6,0,0
teapot_droplets,noswept_restart,nonorm1p25,200,788.358,0.273966,0.562999,0.568339,0.557658,19,0.00019486,1,0.113039,0.031674,0.194405,0.861411,0.948749,0.774073,0.626205,0.586341,0.666069,0.007107,0.011224,0.085015,0.028986,0.000000,2,3,6,0,0
teapot_droplets,noswept_restart,nonorm1p25,225,813.365,0.263573,0.583849,0.588277,0.579420,19,0.00014751,1,0.114792,0.030517,0.199067,0.864681,0.952074,0.777287,0.650496,0.606230,0.694763,0.006920,0.011555,0.080975,0.027667,0.000000,2,3,6,0,0
teapot_droplets,noswept_restart,nonorm1p25,250,977.560,0.258540,0.586697,0.611754,0.561640,19,0.00010773,2,0.126337,0.027781,0.224892,0.855660,0.957686,0.753635,0.658349,0.628749,0.687948,0.006130,0.012953,0.075956,0.029422,0.000000,2,3,6,0,0
teapot_droplets,noswept_restart,nonorm1p25,275,1003.314,0.250088,0.588556,0.636737,0.540374,19,0.00005640,1,0.125717,0.025466,0.225968,0.854062,0.962463,0.745660,0.657717,0.652952,0.662482,0.005807,0.012855,0.070941,0.030757,0.000000,2,3,6,0,0
teapot_droplets,noswept_restart,nonorm1p25,300,1165.440,0.235698,0.606697,0.670314,0.543081,19,0.00002452,2,0.127919,0.019468,0.236370,0.855965,0.972301,0.739629,0.677406,0.683363,0.671449,0.004742,0.013463,0.064320,0.030763,0.000000,2,3,6,0,0
teapot_droplets,noswept_restart,nonorm1p25,325,1190.814,0.224963,0.622370,0.692371,0.552370,19,0.00007818,2,0.125401,0.024834,0.225968,0.857993,0.966184,0.749801,0.693377,0.709565,0.677188,0.005395,0.012851,0.059759,0.029887,0.000000,2,3,6,0,0
teapot_droplets,noswept_restart,nonorm1p25,350,1353.775,0.209675,0.642502,0.720961,0.564042,21,0.00006322,1,0.122785,0.024624,0.220947,0.862420,0.967742,0.757098,0.713690,0.738714,0.688666,0.005028,0.012593,0.053768,0.029021,0.000000,4,3,6,0,0
teapot_droplets,noswept_restart,nonorm1p25,375,1381.891,0.200760,0.655425,0.751209,0.559641,21,0.00008188,2,0.130805,0.022730,0.238881,0.857506,0.971265,0.743748,0.730806,0.768284,0.693329,0.004704,0.013595,0.047783,0.029694,0.000000,4,3,6,0,0
teapot_droplets,noswept_restart,nonorm1p25,400,1545.445,0.196985,0.665527,0.757336,0.573718,19,0.00006783,2,0.126544,0.022098,0.230990,0.862892,0.972244,0.753540,0.740156,0.774071,0.706241,0.005084,0.013239,0.046956,0.028609,0.000000,4,3,8,0,0
teapot_droplets,noswept_restart,nonorm1p25,425,1570.906,0.199668,0.668181,0.754092,0.582271,19,0.00000930,1,0.133446,0.028728,0.238164,0.857987,0.964290,0.751683,0.748351,0.775755,0.720947,0.006002,0.013526,0.047395,0.028025,0.000000,4,3,8,0,0
teapot_droplets,noswept_restart,nonorm1p25,450,1732.675,0.197422,0.672045,0.751076,0.593013,19,0.00002959,2,0.129450,0.026834,0.232066,0.862659,0.966377,0.758942,0.750931,0.771230,0.730631,0.005476,0.013392,0.047765,0.027350,0.000000,4,3,8,0,0
teapot_droplets,noswept_restart,nonorm1p25,475,1758.287,0.193062,0.677444,0.764136,0.590751,19,0.00003088,2,0.131355,0.021677,0.241033,0.862780,0.972984,0.752577,0.756921,0.780701,0.733142,0.004945,0.013809,0.045509,0.027569,0.000000,4,3,8,0,0
teapot_droplets,noswept_restart,nonorm1p25,500,1922.023,0.185020,0.693244,0.774699,0.611789,19,0.00003554,2,0.128381,0.021467,0.235294,0.868083,0.973589,0.762577,0.773534,0.791329,0.755739,0.004922,0.013497,0.043444,0.026031,0.000000,4,3,8,0,0
teapot_droplets,noswept_restart,nonorm1p25,525,1947.480,0.187665,0.694320,0.790296,0.598344,19,0.00004327,2,0.140066,0.023677,0.256456,0.858604,0.971566,0.745642,0.780401,0.809008,0.751793,0.005623,0.014867,0.040695,0.027511,0.000000,4,3,8,0,0
teapot_droplets,noswept_restart,nonorm1p25,550,2109.889,0.191531,0.691604,0.786653,0.596556,19,0.00016711,3,0.147692,0.024939,0.270445,0.853502,0.969996,0.737007,0.782081,0.806272,0.757891,0.005625,0.015705,0.041080,0.027964,0.000000,4,3,8,0,0
teapot_droplets,noswept_restart,nonorm1p25,575,2135.112,0.194436,0.688008,0.786486,0.589529,19,0.00005934,2,0.155585,0.023151,0.288020,0.848518,0.972035,0.725000,0.782009,0.804693,0.759326,0.005206,0.016618,0.041145,0.028773,0.000000,4,3,8,0,0
teapot_droplets,noswept_restart,nonorm1p25,600,2296.642,0.185200,0.696292,0.800662,0.591922,19,0.00006170,2,0.152196,0.016732,0.287661,0.852930,0.979861,0.725999,0.788127,0.814059,0.762195,0.003802,0.016745,0.038188,0.028706,0.000000,4,3,8,0,0
teapot_droplets,noswept_restart,nonorm1p25,625,2321.970,0.180951,0.702546,0.811194,0.593897,19,0.00016692,1,0.155097,0.017152,0.293042,0.851718,0.979635,0.723800,0.796521,0.825108,0.767934,0.003859,0.016880,0.036039,0.028454,0.000000,4,3,8,0,0
teapot_droplets,noswept_restart,nonorm1p25,650,2483.772,0.183083,0.701518,0.813766,0.589271,19,0.00014576,3,0.161003,0.018205,0.303802,0.847564,0.978501,0.716628,0.798437,0.828580,0.768293,0.004149,0.017418,0.035625,0.028907,0.000000,4,3,8,0,0
teapot_droplets,noswept_restart,nonorm1p25,675,2509.333,0.184317,0.704197,0.812861,0.595533,19,0.00013138,3,0.161042,0.021151,0.300933,0.847696,0.975151,0.720240,0.802401,0.830054,0.774749,0.004861,0.017200,0.036055,0.028482,0.000000,4,3,8,0,0
teapot_droplets,noswept_restart,nonorm1p25,700,2672.241,0.190254,0.698898,0.813437,0.584359,21,0.00010269,3,0.168001,0.024308,0.311693,0.841282,0.971653,0.710912,0.799855,0.833211,0.766499,0.005618,0.017980,0.035986,0.029608,0.000000,6,3,8,0,0
teapot_droplets,noswept_restart,nonorm1p25,725,2700.220,0.184336,0.709110,0.820191,0.598028,21,0.00010560,3,0.166736,0.023572,0.309900,0.844613,0.972690,0.716535,0.811441,0.839524,0.783357,0.005444,0.017812,0.034650,0.028411,0.000000,6,3,8,0,0
teapot_droplets,noswept_restart,nonorm1p25,750,2872.718,0.181687,0.716883,0.823602,0.610165,21,0.00008485,2,0.164636,0.023677,0.305595,0.847715,0.972684,0.722747,0.819865,0.843102,0.796628,0.005623,0.017697,0.034064,0.027600,0.000000,7,3,9,0,0
teapot_droplets,noswept_restart,nonorm1p25,775,2900.813,0.177352,0.720189,0.828548,0.611829,21,0.00011688,3,0.163161,0.022519,0.303802,0.849151,0.974108,0.724194,0.822455,0.847206,0.797704,0.005245,0.017470,0.032961,0.027280,0.000000,7,3,9,0,0
teapot_droplets,noswept_restart,nonorm1p25,800,3082.134,0.174087,0.723655,0.827853,0.619457,21,0.00010172,3,0.157477,0.020836,0.294118,0.853763,0.975939,0.731588,0.823376,0.845102,0.801650,0.004812,0.017039,0.032984,0.026711,0.000000,7,3,9,0,0
teapot_droplets,noswept_restart,nonorm1p25,825,3110.190,0.173457,0.727343,0.827956,0.626729,21,0.00012999,3,0.158553,0.020836,0.296270,0.854357,0.975942,0.732773,0.828809,0.845207,0.812410,0.004906,0.017007,0.033170,0.026122,0.000000,7,3,9,0,0
teapot_droplets,noswept_restart,nonorm1p25,850,3287.430,0.176258,0.725368,0.823106,0.627630,21,0.00010424,2,0.159667,0.023782,0.295552,0.852986,0.972553,0.733420,0.827904,0.842681,0.813128,0.005467,0.016971,0.033995,0.026050,0.000000,7,3,9,0,0
teapot_droplets,noswept_restart,nonorm1p25,875,3315.128,0.184976,0.718950,0.805956,0.631944,21,0.00011376,2,0.159725,0.028202,0.291248,0.852025,0.967088,0.736961,0.822341,0.828686,0.815997,0.006563,0.016783,0.037524,0.025741,0.000000,7,3,9,0,0
teapot_droplets,noswept_restart,nonorm1p25,900,3491.416,0.177337,0.726018,0.806626,0.645410,21,0.00013843,2,0.141674,0.029043,0.254304,0.863575,0.966193,0.760958,0.819797,0.830054,0.809541,0.006785,0.014791,0.037471,0.024178,0.000000,7,3,9,0,0
teapot_droplets,noswept_restart,nonorm1p25,925,3518.973,0.159679,0.739344,0.818004,0.660683,21,0.00011667,2,0.121394,0.023992,0.218795,0.879247,0.972154,0.786340,0.821433,0.837630,0.805237,0.005557,0.012503,0.034918,0.022306,0.000000,7,3,9,0,0
teapot_droplets,noswept_restart,nonorm1p25,950,3697.896,0.150441,0.744595,0.824204,0.664985,21,0.00022209,2,0.113478,0.018205,0.208752,0.886302,0.978768,0.793836,0.821505,0.839209,0.803802,0.004076,0.011839,0.033573,0.021675,0.000000,7,3,9,0,0
teapot_droplets,noswept_restart,nonorm1p25,975,3725.158,0.151119,0.744677,0.827294,0.662059,21,0.00006216,2,0.119437,0.019362,0.219512,0.881897,0.977556,0.786238,0.825351,0.843313,0.807389,0.004240,0.012336,0.032846,0.021972,0.000000,7,3,9,0,0
teapot_droplets,noswept_restart,nonorm1p25,1000,3900.294,0.146546,0.752161,0.835490,0.668831,21,0.00017562,2,0.115812,0.016416,0.215208,0.885842,0.981036,0.790649,0.830987,0.849206,0.812769,0.003782,0.012324,0.031360,0.021718,0.000000,7,3,9,0,0
teapot_droplets,noswept_restart,nonorm1p25,1025,3926.943,0.146616,0.749411,0.829299,0.669524,21,0.00009507,3,0.113126,0.012838,0.213415,0.888452,0.984946,0.791958,0.826178,0.839945,0.812410,0.003072,0.012150,0.032684,0.021564,0.000000,7,3,9,0,0
teapot_droplets,noswept_restart,nonorm1p25,1050,4102.565,0.147892,0.743308,0.821235,0.665380,21,0.00006914,1,0.109963,0.011891,0.208034,0.890146,0.985893,0.794399,0.817401,0.831001,0.803802,0.002695,0.011832,0.034084,0.021679,0.000000,7,3,9,0,0
teapot_droplets,noswept_restart,nonorm1p25,1075,4130.157,0.149201,0.744285,0.823085,0.665486,21,0.00007951,1,0.115685,0.016521,0.214849,0.885341,0.980636,0.790046,0.822574,0.836683,0.808465,0.003202,0.012283,0.033378,0.021839,0.000000,7,3,9,0,0
teapot_droplets,noswept_restart,nonorm1p25,1100,4305.692,0.146959,0.748414,0.830554,0.666274,21,0.00009943,1,0.116857,0.015995,0.217719,0.884913,0.981398,0.788428,0.827587,0.843839,0.811334,0.003178,0.012517,0.031926,0.021900,0.000000,7,3,9,0,0
teapot_droplets,noswept_restart,nonorm1p25,1125,4333.240,0.146113,0.747629,0.825329,0.669929,21,0.00008440,1,0.111995,0.014522,0.209469,0.888768,0.982952,0.794583,0.823786,0.837315,0.810258,0.002926,0.011963,0.032976,0.021440,0.000000,7,3,9,0,0
teapot_droplets,noswept_restart,nonorm1p25,1150,4508.493,0.145896,0.748019,0.823212,0.672825,21,0.00008013,2,0.109600,0.015469,0.203730,0.890420,0.981832,0.799009,0.822923,0.835947,0.809900,0.003126,0.011506,0.033535,0.021095,0.000000,7,3,9,0,0
teapot_droplets,noswept_restart,nonorm1p25,1175,4535.726,0.144671,0.749342,0.826033,0.672651,21,0.00018724,1,0.107457,0.016205,0.198709,0.891672,0.981060,0.802284,0.822866,0.839419,0.806313,0.003332,0.011250,0.033035,0.021007,0.000000,7,3,9,0,0
teapot_droplets,noswept_restart,nonorm1p25,1200,4709.250,0.144244,0.752237,0.825207,0.679268,21,0.00016403,1,0.107053,0.018626,0.195481,0.892151,0.978322,0.805981,0.826314,0.840577,0.812052,0.003714,0.011092,0.032991,0.020566,0.000000,7,3,9,0,0
teapot_droplets,noswept_restart,nonorm1p25,1225,4736.397,0.144554,0.752390,0.826433,0.678347,21,0.00016119,1,0.108392,0.019152,0.197633,0.891050,0.977767,0.804332,0.827335,0.842260,0.812410,0.003702,0.011369,0.032626,0.020757,0.000000,7,3,9,0,0
teapot_droplets,noswept_restart,nonorm1p25,1250,4911.074,0.144891,0.752134,0.828246,0.676023,21,0.00016581,1,0.109133,0.017047,0.201220,0.890790,0.980164,0.801416,0.827209,0.842366,0.812052,0.003627,0.011468,0.032608,0.020910,0.000000,7,3,9,0,0
teapot_droplets,noswept_restart,nonorm1p25,1275,4937.786,0.143719,0.755518,0.824948,0.686088,21,0.00011750,1,0.111560,0.016521,0.206600,0.890478,0.980679,0.800277,0.833205,0.838577,0.827834,0.003161,0.011753,0.032890,0.020285,0.000000,7,3,9,0,0
teapot_droplets,noswept_restart,nonorm1p25,1300,5111.924,0.148469,0.745916,0.810218,0.681613,21,0.00014206,1,0.104681,0.017468,0.191894,0.894089,0.979250,0.808929,0.818391,0.824371,0.812410,0.003509,0.010834,0.035887,0.020370,0.000000,7,3,9,0,0
teapot_droplets,noswept_restart,nonorm1p25,1325,5138.825,0.146389,0.748255,0.812474,0.684036,21,0.00010447,1,0.103249,0.015679,0.190818,0.895779,0.981354,0.810203,0.819888,0.825213,0.814562,0.003160,0.010883,0.035376,0.020228,0.000000,7,3,9,0,0
teapot_droplets,noswept_restart,nonorm1p25,1350,5313.098,0.147923,0.750978,0.821085,0.680870,22,0.00006407,2,0.110915,0.018100,0.203730,0.889859,0.978807,0.800911,0.827765,0.835947,0.819584,0.003906,0.011521,0.034052,0.020604,0.000000,8,3,9,0,0
teapot_droplets,noswept_restart,nonorm1p25,1375,5342.055,0.146533,0.750916,0.823292,0.678539,22,0.00010468,2,0.108330,0.018310,0.198350,0.891264,0.978627,0.803901,0.825747,0.838367,0.813128,0.003823,0.011368,0.033449,0.020792,0.000000,8,3,9,0,0
teapot_droplets,noswept_restart,nonorm1p25,1400,5523.217,0.149165,0.748979,0.822211,0.675748,22,0.00004183,1,0.114944,0.018626,0.211263,0.886545,0.978245,0.794845,0.828016,0.837525,0.818508,0.003778,0.012085,0.033592,0.021146,0.000000,8,3,9,0,0
teapot_droplets,noswept_restart,nonorm1p25,1425,5552.036,0.148205,0.752130,0.824580,0.679681,22,0.00002802,1,0.116240,0.019783,0.212697,0.885947,0.977014,0.794881,0.832570,0.840892,0.824247,0.004140,0.012011,0.033121,0.020784,0.000000,8,3,9,0,0
teapot_droplets,noswept_restart,nonorm1p25,1450,5733.248,0.148576,0.753444,0.831133,0.675755,22,0.00003156,1,0.121778,0.020099,0.223458,0.882035,0.976843,0.787227,0.837298,0.847838,0.826758,0.004126,0.012698,0.031925,0.021321,0.000000,8,3,9,0,0
teapot_droplets,noswept_restart,nonorm1p25,1475,5761.887,0.148011,0.752344,0.824935,0.679752,22,0.00003785,1,0.116128,0.017047,0.215208,0.886702,0.980086,0.793317,0.832519,0.838998,0.826040,0.003532,0.012269,0.033239,0.021001,0.000000,8,3,9,0,0
teapot_droplets,noswept_restart,nonorm1p25,1500,5944.335,0.159550,0.739740,0.825272,0.654208,22,0.00004023,2,0.136584,0.015995,0.257174,0.871537,0.981281,0.761794,0.830463,0.838472,0.822453,0.003628,0.014807,0.033228,0.023489,0.000000,8,3,9,0,0
teapot_droplets,noswept_restart,nonorm1p25,1525,5973.497,0.148879,0.750977,0.824163,0.677791,22,0.00003086,1,0.115032,0.015574,0.214491,0.887514,0.981733,0.793294,0.830085,0.836999,0.823171,0.003610,0.012318,0.033436,0.021082,0.000000,8,3,9,0,0
teapot_droplets,noswept_restart,nonorm1p25,1550,6156.412,0.147591,0.752612,0.831521,0.673703,22,0.00004775,3,0.119832,0.016205,0.223458,0.883950,0.981183,0.786717,0.834622,0.844996,0.824247,0.003680,0.012643,0.032046,0.021329,0.000000,8,3,9,0,0
teapot_droplets,noswept_restart,nonorm1p25,1575,6185.340,0.146051,0.755713,0.835577,0.675850,22,0.00013401,4,0.120063,0.016311,0.223816,0.884093,0.981155,0.787031,0.838161,0.849206,0.827116,0.003750,0.012640,0.031246,0.021245,0.000000,8,3,9,0,0
robot_man,noswept_restart,nonorm1p25,1,1.527,0.578331,0.279412,0.195999,0.362825,20,0.00095824,0,0.223292,0.141640,0.304944,0.610309,0.612370,0.608247,0.348613,0.223761,0.473466,0.028615,0.025359,0.156810,0.064552,0.000000,0,0,0,0,0
robot_man,noswept_restart,nonorm1p25,25,27.444,0.342064,0.498807,0.342704,0.654911,20,0.00022201,0,0.075135,0.056561,0.093710,0.874602,0.864895,0.884308,0.539185,0.362087,0.716283,0.011125,0.007479,0.118674,0.029025,0.000000,0,0,0,0,0
robot_man,noswept_restart,nonorm1p25,50,196.381,0.258769,0.611736,0.453163,0.770310,22,0.00081030,3,0.043033,0.034552,0.051514,0.935782,0.931359,0.940204,0.639406,0.468820,0.809992,0.006786,0.004157,0.096762,0.018659,0.000000,0,2,0,0,0
robot_man,noswept_restart,nonorm1p25,75,225.457,0.211892,0.677160,0.523655,0.830665,22,0.00061213,3,0.028951,0.022956,0.034947,0.959922,0.958907,0.960938,0.697685,0.535676,0.859695,0.004473,0.002779,0.083328,0.013338,0.000000,0,2,0,0,0
robot_man,noswept_restart,nonorm1p25,100,389.697,0.183352,0.717350,0.565882,0.868819,23,0.00043173,3,0.020468,0.014791,0.026145,0.973199,0.974890,0.971509,0.732893,0.574252,0.891535,0.002807,0.001952,0.075395,0.010181,0.000000,3,2,2,0,0
robot_man,noswept_restart,nonorm1p25,125,419.781,0.165167,0.752527,0.618826,0.886228,23,0.00025099,1,0.026637,0.015738,0.037536,0.968176,0.975574,0.960779,0.774029,0.628565,0.919493,0.002917,0.002960,0.066149,0.009000,0.000000,3,2,2,0,0
robot_man,noswept_restart,nonorm1p25,150,597.169,0.155897,0.775901,0.657285,0.894517,21,0.00022901,5,0.037231,0.021654,0.052809,0.957832,0.968761,0.946903,0.806637,0.671518,0.941755,0.003892,0.004202,0.059478,0.008273,0.000000,3,2,4,0,0
robot_man,noswept_restart,nonorm1p25,175,624.676,0.144663,0.796419,0.695873,0.896965,21,0.00061963,4,0.040696,0.023666,0.057727,0.955245,0.967846,0.942644,0.830543,0.712342,0.948744,0.004540,0.004377,0.053032,0.007935,0.000000,3,2,4,0,0
robot_man,noswept_restart,nonorm1p25,200,802.756,0.129998,0.827421,0.754964,0.899878,22,0.00147100,4,0.048118,0.031002,0.065234,0.948990,0.961696,0.936283,0.868475,0.778369,0.958581,0.005912,0.005134,0.042735,0.007940,0.000000,4,2,4,0,0
robot_man,noswept_restart,nonorm1p25,225,832.005,0.124318,0.835178,0.776343,0.894014,22,0.00121187,3,0.045259,0.035380,0.055138,0.951308,0.957840,0.944776,0.873559,0.803810,0.943308,0.006867,0.004506,0.039129,0.008390,0.000000,4,2,4,0,0
robot_man,noswept_restart,nonorm1p25,250,1012.343,0.119281,0.843625,0.794770,0.892481,21,0.00103466,2,0.048828,0.040705,0.056951,0.948080,0.953095,0.943064,0.885215,0.827121,0.943308,0.007622,0.004473,0.035710,0.008449,0.000000,4,2,5,0,0
robot_man,noswept_restart,nonorm1p25,275,1040.471,0.109286,0.859311,0.822139,0.896484,21,0.00060474,1,0.046994,0.041179,0.052809,0.950557,0.954102,0.947013,0.899910,0.855993,0.943826,0.007819,0.004318,0.030992,0.008268,0.000000,4,2,5,0,0
robot_man,noswept_restart,nonorm1p25,300,1218.555,0.102452,0.870144,0.836465,0.903822,21,0.00071483,1,0.044375,0.039049,0.049702,0.953612,0.957003,0.950220,0.908936,0.869128,0.948744,0.007706,0.004053,0.028545,0.007732,0.000000,4,2,5,0,0
robot_man,noswept_restart,nonorm1p25,325,1246.101,0.102075,0.870342,0.844877,0.895808,21,0.00084385,2,0.048192,0.040469,0.055915,0.950088,0.955990,0.944186,0.912482,0.879068,0.945897,0.007899,0.004502,0.027038,0.008203,0.000000,4,2,5,0,0
robot_man,noswept_restart,nonorm1p25,350,1413.541,0.102694,0.869715,0.851081,0.888350,21,0.00049063,2,0.053321,0.040114,0.066529,0.945519,0.956650,0.934389,0.916335,0.885221,0.947450,0.007926,0.005199,0.026013,0.008756,0.000000,4,3,6,0,0
robot_man,noswept_restart,nonorm1p25,375,1440.921,0.105425,0.868855,0.849546,0.888164,21,0.00044546,3,0.057685,0.043663,0.071706,0.941505,0.953065,0.929944,0.919246,0.886641,0.951851,0.008482,0.005594,0.026221,0.008741,0.000000,4,3,6,0,0
robot_man,noswept_restart,nonorm1p25,400,1607.883,0.103522,0.870260,0.855117,0.885404,20,0.00042923,3,0.057977,0.042953,0.073000,0.941347,0.954051,0.928644,0.920943,0.891847,0.950039,0.008197,0.005741,0.025100,0.009089,0.000000,4,3,7,0,0
robot_man,noswept_restart,nonorm1p25,425,1633.177,0.102310,0.872238,0.853650,0.890825,20,0.00052043,2,0.054982,0.040587,0.069376,0.944212,0.956306,0.932118,0.920462,0.888297,0.952627,0.007942,0.005523,0.025454,0.008689,0.000000,4,3,7,0,0
robot_man,noswept_restart,nonorm1p25,450,1789.652,0.104791,0.868892,0.859357,0.878427,20,0.00044288,2,0.062082,0.038220,0.085944,0.938136,0.958922,0.917351,0.923062,0.892202,0.953922,0.007485,0.006906,0.024376,0.009875,0.000000,5,3,8,0,0
robot_man,noswept_restart,nonorm1p25,475,1815.682,0.101753,0.870476,0.860991,0.879962,20,0.00061502,2,0.056454,0.036800,0.076107,0.943007,0.960407,0.925607,0.919804,0.892675,0.946932,0.007178,0.006227,0.024122,0.009783,0.000000,5,3,8,0,0
robot_man,noswept_restart,nonorm1p25,500,1977.922,0.100415,0.870831,0.866005,0.875658,22,0.00042615,2,0.060103,0.037629,0.082578,0.939839,0.959808,0.919869,0.923280,0.898592,0.947968,0.007291,0.006386,0.023174,0.009789,0.000000,8,3,9,0,0
robot_man,noswept_restart,nonorm1p25,525,2007.244,0.096471,0.877675,0.870901,0.884449,22,0.00049542,3,0.055533,0.035735,0.075330,0.944250,0.961893,0.926608,0.926549,0.902023,0.951074,0.007051,0.006062,0.022459,0.009212,0.000000,8,3,9,0,0
robot_man,noswept_restart,nonorm1p25,550,2178.098,0.092634,0.880498,0.869247,0.891748,20,0.00028954,4,0.051369,0.036209,0.066529,0.947988,0.961354,0.934622,0.925898,0.900722,0.951074,0.006982,0.005200,0.022501,0.008488,0.000000,8,3,11,0,0
robot_man,noswept_restart,nonorm1p25,575,2204.467,0.090753,0.882033,0.869342,0.894724,20,0.00029476,2,0.047471,0.035144,0.059798,0.951546,0.962415,0.940678,0.924060,0.899894,0.948227,0.006906,0.004596,0.022716,0.008180,0.000000,8,3,11,0,0
robot_man,noswept_restart,nonorm1p25,600,2372.056,0.089152,0.883857,0.871145,0.896569,20,0.00024153,3,0.046014,0.035854,0.056174,0.952893,0.961786,0.944000,0.924655,0.902378,0.946932,0.007088,0.004273,0.022352,0.007938,0.000000,8,3,11,0,0
robot_man,noswept_restart,nonorm1p25,625,2398.109,0.087304,0.885335,0.871236,0.899433,20,0.00020061,3,0.043865,0.037510,0.050220,0.954837,0.960156,0.949519,0.924260,0.903917,0.944603,0.007146,0.003806,0.022186,0.007705,0.000000,8,3,11,0,0
robot_man,noswept_restart,nonorm1p25,650,2561.507,0.083040,0.890145,0.877376,0.902915,20,0.00022521,2,0.040689,0.033487,0.047890,0.958104,0.964385,0.951823,0.926456,0.906757,0.946156,0.006634,0.003549,0.021343,0.007369,0.000000,8,3,11,0,0
robot_man,noswept_restart,nonorm1p25,675,2587.576,0.084550,0.889435,0.875757,0.903114,20,0.00021905,1,0.041791,0.036209,0.047373,0.956968,0.961630,0.952306,0.926682,0.907467,0.945897,0.007108,0.003504,0.021598,0.007336,0.000000,8,3,11,0,0
robot_man,noswept_restart,nonorm1p25,700,2748.034,0.082762,0.891601,0.879570,0.903632,19,0.00022653,4,0.041624,0.035617,0.047631,0.957233,0.962370,0.952096,0.928786,0.910898,0.946674,0.007043,0.003440,0.020935,0.007263,0.000000,8,3,12,0,0
robot_man,noswept_restart,nonorm1p25,725,2772.948,0.081480,0.893237,0.879365,0.907109,19,0.00015701,4,0.040922,0.036800,0.045043,0.957921,0.961203,0.954640,0.929847,0.911726,0.947968,0.007118,0.003270,0.020733,0.006967,0.000000,8,3,12,0,0
robot_man,noswept_restart,nonorm1p25,750,2930.705,0.079492,0.893541,0.879776,0.907306,19,0.00015051,1,0.038056,0.034434,0.041677,0.960654,0.963543,0.957765,0.927595,0.910070,0.945120,0.006499,0.003185,0.020563,0.007025,0.000000,8,3,12,0,0
robot_man,noswept_restart,nonorm1p25,775,2955.367,0.075527,0.901092,0.882703,0.919480,19,0.00014848,0,0.034110,0.033014,0.035206,0.964696,0.965059,0.964333,0.931848,0.911845,0.951851,0.006599,0.002485,0.020424,0.005934,0.000000,8,3,12,0,1
robot_man,noswept_restart,nonorm1p25,800,3112.124,0.077206,0.901654,0.883038,0.920270,19,0.00009967,0,0.035848,0.035972,0.035724,0.963020,0.962166,0.963874,0.933974,0.914803,0.953145,0.007190,0.002565,0.020454,0.005921,0.000000,8,3,12,0,1
robot_man,noswept_restart,nonorm1p25,825,3137.138,0.075371,0.901969,0.888330,0.915609,19,0.00013161,1,0.037031,0.034197,0.039865,0.961962,0.964113,0.959812,0.935409,0.918708,0.952110,0.006838,0.002755,0.019481,0.006167,0.000000,8,3,12,0,1
robot_man,noswept_restart,nonorm1p25,850,3295.192,0.077081,0.900223,0.889054,0.911392,19,0.00009291,2,0.039827,0.036682,0.042972,0.959236,0.961724,0.956748,0.936111,0.921666,0.950557,0.007190,0.003035,0.019209,0.006519,0.000000,8,3,12,0,1
robot_man,noswept_restart,nonorm1p25,875,3320.063,0.076311,0.900981,0.888216,0.913746,19,0.00009493,1,0.038340,0.035262,0.041419,0.960679,0.963069,0.958290,0.935564,0.919536,0.951592,0.007027,0.002826,0.019516,0.006291,0.000000,8,3,12,0,1
robot_man,noswept_restart,nonorm1p25,900,3478.897,0.075002,0.902354,0.888062,0.916646,19,0.00010638,1,0.037113,0.033842,0.040383,0.961912,0.964450,0.959375,0.935890,0.918116,0.953663,0.006647,0.002850,0.019485,0.006107,0.000000,8,3,12,0,1
robot_man,noswept_restart,nonorm1p25,925,3503.651,0.075006,0.904918,0.887833,0.922003,19,0.00010305,0,0.036336,0.033842,0.038830,0.962740,0.964441,0.961039,0.937842,0.917880,0.957805,0.006667,0.002986,0.019441,0.005959,0.000000,8,3,12,0,1
robot_man,noswept_restart,nonorm1p25,950,3658.399,0.075610,0.902649,0.887285,0.918012,19,0.00007621,1,0.037475,0.033014,0.041936,0.961616,0.965234,0.957998,0.936544,0.916578,0.956510,0.006617,0.003028,0.019669,0.006052,0.000000,8,3,12,0,1
robot_man,noswept_restart,nonorm1p25,975,3683.483,0.074257,0.902747,0.888889,0.916605,19,0.00008647,1,0.037460,0.031949,0.042972,0.961663,0.966343,0.956984,0.936640,0.917288,0.955993,0.006433,0.002926,0.019336,0.006063,0.000000,8,3,12,0,1
robot_man,noswept_restart,nonorm1p25,1000,3833.395,0.073130,0.904957,0.889615,0.920299,18,0.00010245,1,0.035826,0.032304,0.039348,0.963254,0.966019,0.960489,0.937432,0.918353,0.956510,0.006480,0.002737,0.019216,0.005792,0.000000,8,3,13,0,1
robot_man,noswept_restart,nonorm1p25,1025,3856.830,0.073448,0.905027,0.890711,0.919343,18,0.00013874,1,0.035848,0.031831,0.039865,0.963247,0.966526,0.959969,0.937528,0.919063,0.955993,0.006316,0.003033,0.018952,0.006037,0.000000,8,3,13,0,1
robot_man,noswept_restart,nonorm1p25,1050,3997.623,0.070362,0.909902,0.888927,0.930878,17,0.00016872,1,0.029757,0.033369,0.026145,0.969153,0.964947,0.973358,0.936903,0.918590,0.955216,0.006464,0.002074,0.019221,0.005228,0.000000,8,3,14,0,1
robot_man,noswept_restart,nonorm1p25,1075,4019.844,0.069690,0.909494,0.889768,0.929219,17,0.00015294,1,0.029646,0.031594,0.027699,0.969269,0.966725,0.971812,0.936418,0.917880,0.954957,0.006075,0.002227,0.018988,0.005426,0.000000,8,3,14,0,1
robot_man,noswept_restart,nonorm1p25,1100,4160.120,0.071068,0.908636,0.887438,0.929833,17,0.00016161,1,0.029498,0.033369,0.025628,0.969360,0.964890,0.973830,0.935357,0.917051,0.953663,0.006448,0.002071,0.019457,0.005372,0.000000,8,3,14,0,1
robot_man,noswept_restart,nonorm1p25,1125,4181.701,0.070944,0.911348,0.888622,0.934074,17,0.00018936,0,0.029287,0.033724,0.024851,0.969642,0.964587,0.974697,0.937938,0.918590,0.957287,0.006753,0.001977,0.019478,0.005014,0.000000,8,3,14,0,1
robot_man,noswept_restart,nonorm1p25,1150,4320.767,0.072045,0.907284,0.885799,0.928768,17,0.00016148,0,0.033089,0.034079,0.032099,0.965864,0.964130,0.967599,0.937284,0.915986,0.958581,0.006639,0.002205,0.019764,0.005147,0.000000,8,3,14,0,1
robot_man,noswept_restart,nonorm1p25,1175,4342.414,0.070387,0.907914,0.888723,0.927104,17,0.00012349,0,0.031902,0.030411,0.033394,0.967089,0.967859,0.966319,0.936907,0.915750,0.958064,0.006042,0.002355,0.019384,0.005271,0.000000,8,3,14,0,1
robot_man,noswept_restart,nonorm1p25,1200,4480.076,0.067732,0.911882,0.892060,0.931704,17,0.00014393,0,0.027731,0.028281,0.027181,0.971237,0.970091,0.972383,0.937158,0.917288,0.957028,0.005613,0.002210,0.018759,0.005279,0.000000,8,3,14,0,1
robot_man,noswept_restart,nonorm1p25,1225,4501.550,0.065245,0.915032,0.895452,0.934612,17,0.00011535,0,0.026529,0.027689,0.025369,0.972500,0.970790,0.974211,0.939284,0.920246,0.958323,0.005475,0.002049,0.018128,0.005048,0.000000,8,3,14,0,1
robot_man,noswept_restart,nonorm1p25,1250,4642.479,0.061520,0.916239,0.900992,0.931486,17,0.00014692,0,0.026570,0.025441,0.027699,0.972541,0.973202,0.971879,0.940601,0.923914,0.957287,0.004848,0.002101,0.016919,0.005103,0.000000,8,3,14,0,1
robot_man,noswept_restart,nonorm1p25,1275,4664.246,0.060776,0.918385,0.899238,0.937532,17,0.00012847,0,0.024380,0.025204,0.023557,0.974714,0.973388,0.976040,0.940760,0.921903,0.959617,0.004874,0.001841,0.017266,0.004683,0.000000,8,3,14,0,1
robot_man,noswept_restart,nonorm1p25,1300,4805.694,0.059826,0.919925,0.901039,0.938812,17,0.00016788,1,0.024273,0.024731,0.023816,0.974868,0.973914,0.975821,0.942246,0.923323,0.961170,0.004770,0.001845,0.016941,0.004644,0.000000,8,3,14,0,1
robot_man,noswept_restart,nonorm1p25,1325,4828.719,0.061392,0.914196,0.900197,0.928195,17,0.00010903,1,0.026537,0.022009,0.031064,0.972599,0.976636,0.968562,0.938519,0.920009,0.957028,0.004268,0.002327,0.017104,0.005309,0.000000,8,3,14,0,1
robot_man,noswept_restart,nonorm1p25,1350,4970.237,0.058893,0.916066,0.901255,0.930878,17,0.00009258,1,0.022362,0.018578,0.026145,0.976761,0.980164,0.973358,0.936607,0.917998,0.955216,0.003619,0.002101,0.016923,0.005341,0.000000,8,3,14,0,1
robot_man,noswept_restart,nonorm1p25,1375,4992.621,0.054996,0.920205,0.909080,0.931330,17,0.00017641,2,0.022210,0.019051,0.025369,0.976986,0.979850,0.974122,0.940678,0.926399,0.954957,0.003702,0.001841,0.015507,0.005000,0.000000,8,3,14,0,1
robot_man,noswept_restart,nonorm1p25,1400,5136.262,0.053856,0.918169,0.914332,0.922006,17,0.00006783,3,0.020124,0.017986,0.022262,0.978984,0.981043,0.976925,0.936655,0.930777,0.942532,0.003338,0.001781,0.014564,0.005941,0.000000,8,3,14,0,1
robot_man,noswept_restart,nonorm1p25,1425,5158.749,0.047211,0.929284,0.926129,0.932439,17,0.00006214,2,0.018501,0.013963,0.023039,0.980883,0.985349,0.976418,0.946491,0.939060,0.953922,0.002757,0.001855,0.012615,0.005204,0.000000,8,3,14,0,1
robot_man,noswept_restart,nonorm1p25,1450,5300.698,0.046836,0.929971,0.928663,0.931278,17,0.00007163,2,0.019041,0.013490,0.024592,0.980372,0.985870,0.974874,0.947686,0.941190,0.954181,0.002693,0.002029,0.012194,0.005297,0.000000,8,3,14,0,1
robot_man,noswept_restart,nonorm1p25,1475,5323.156,0.044298,0.932148,0.931047,0.933249,17,0.00007615,3,0.019008,0.014200,0.023816,0.980433,0.985185,0.975681,0.949871,0.944267,0.955475,0.002741,0.001753,0.011705,0.004800,0.000000,8,3,14,0,1
robot_man,noswept_restart,nonorm1p25,1500,5465.941,0.043725,0.933581,0.932478,0.934684,17,0.00008928,2,0.018597,0.014673,0.022521,0.980854,0.984729,0.976978,0.950947,0.946160,0.955734,0.002597,0.001853,0.011234,0.005035,0.000000,8,3,14,0,1
robot_man,noswept_restart,nonorm1p25,1525,5488.193,0.043996,0.933070,0.934283,0.931858,17,0.00004615,2,0.021618,0.013726,0.029511,0.977936,0.985714,0.970157,0.953232,0.947107,0.959358,0.002506,0.002198,0.011075,0.005027,0.000000,8,3,14,0,1
robot_man,noswept_restart,nonorm1p25,1550,5629.201,0.044098,0.933004,0.934321,0.931686,17,0.00006760,1,0.020620,0.014318,0.026922,0.978874,0.985117,0.972632,0.952234,0.947698,0.956769,0.002525,0.002165,0.010951,0.005212,0.000000,8,3,14,0,1
robot_man,noswept_restart,nonorm1p25,1575,5651.303,0.044085,0.933422,0.934501,0.932344,17,0.00008565,1,0.021371,0.013490,0.029252,0.978188,0.985957,0.970419,0.953362,0.947107,0.959617,0.002585,0.002155,0.011143,0.004945,0.000000,8,3,14,0,1
robot_man,noswept_restart,nonorm1p25,1600,5791.449,0.043053,0.934933,0.934610,0.935255,17,0.00006856,2,0.018464,0.013371,0.023557,0.981031,0.986079,0.975983,0.952197,0.947107,0.957287,0.002505,0.001907,0.011092,0.004895,0.000000,8,3,14,0,1
robot_man,noswept_restart,nonorm1p25,1625,5813.536,0.043670,0.934738,0.934562,0.934914,17,0.00004485,2,0.020291,0.014436,0.026145,0.979236,0.985001,0.973470,0.953706,0.948053,0.959358,0.002684,0.002049,0.011011,0.004892,0.000000,8,3,14,0,1
robot_man,noswept_restart,nonorm1p25,1650,5955.350,0.044866,0.933659,0.934623,0.932695,17,0.00005506,2,0.021152,0.015383,0.026922,0.978355,0.984049,0.972660,0.953402,0.949000,0.957805,0.002767,0.002203,0.011037,0.005164,0.000000,8,3,14,0,1
robot_man,noswept_restart,nonorm1p25,1675,5977.451,0.043540,0.936362,0.934149,0.938574,17,0.00002664,0,0.019670,0.015264,0.024075,0.979863,0.984160,0.975565,0.954789,0.948408,0.961170,0.002926,0.001901,0.011146,0.004582,0.000000,8,3,14,0,1
robot_man,noswept_restart,nonorm1p25,1700,6116.057,0.043436,0.937542,0.935766,0.939317,17,0.00001751,0,0.019422,0.015028,0.023816,0.980129,0.984425,0.975834,0.955758,0.949828,0.961688,0.002916,0.002028,0.010860,0.004672,0.000000,8,3,14,0,1
robot_man,noswept_restart,nonorm1p25,1725,6137.829,0.044285,0.935354,0.932766,0.937941,17,0.00001125,0,0.020823,0.015501,0.026145,0.978726,0.983899,0.973553,0.954845,0.947225,0.962464,0.002833,0.002082,0.011324,0.004671,0.000000,8,3,14,0,1
robot_man,noswept_restart,nonorm1p25,1750,6277.415,0.043939,0.936418,0.932999,0.939838,17,0.00001640,1,0.018900,0.013726,0.024075,0.980646,0.985695,0.975597,0.954135,0.945805,0.962464,0.002749,0.001994,0.011465,0.004570,0.000000,8,3,14,0,1
robot_man,noswept_restart,nonorm1p25,1775,6299.148,0.043072,0.937141,0.935800,0.938481,17,0.00002626,0,0.018124,0.013726,0.022521,0.981403,0.985737,0.977069,0.954131,0.948645,0.959617,0.002750,0.001880,0.011009,0.004729,0.000000,8,3,14,0,1
robot_man,noswept_restart,nonorm1p25,1800,6436.547,0.043433,0.937747,0.934095,0.941399,17,0.00001347,0,0.019644,0.014436,0.024851,0.979941,0.984994,0.974889,0.956187,0.947580,0.964794,0.002786,0.002032,0.011210,0.004480,0.000000,8,3,14,0,1
robot_man,noswept_restart,nonorm1p25,1825,6458.156,0.043954,0.935625,0.933403,0.937847,17,0.00002257,0,0.019573,0.014554,0.024592,0.979955,0.984863,0.975046,0.953950,0.946989,0.960911,0.002916,0.001944,0.011279,0.004615,0.000000,8,3,14,0,1
robot_man,noswept_restart,nonorm1p25,1850,6596.393,0.046004,0.934154,0.931564,0.936744,17,0.00002859,0,0.021933,0.016684,0.027181,0.977608,0.982689,0.972527,0.954656,0.947107,0.962206,0.003382,0.001993,0.011684,0.004589,0.000000,8,3,14,0,1
robot_man,noswept_restart,nonorm1p25,1875,6618.038,0.043816,0.936446,0.935044,0.937847,17,0.00002654,0,0.019633,0.014673,0.024592,0.979908,0.984770,0.975046,0.954837,0.948763,0.960911,0.002897,0.002034,0.011003,0.004732,0.000000,8,3,14,0,1
robot_man,noswept_restart,nonorm1p25,1900,6756.213,0.043526,0.937032,0.934732,0.939333,17,0.00001966,0,0.019670,0.015264,0.024075,0.979877,0.984170,0.975584,0.955473,0.949000,0.961947,0.002963,0.002009,0.010968,0.004573,0.000000,8,3,14,0,1
