pair,arm,config,step,seconds,loss,mean_iou,view1_iou,view2_iou,patches,overlap,overlap_repaired_pairs,mean_spill,view1_spill,view2_spill,mean_precision,view1_precision,view2_precision,mean_coverage,view1_coverage,view2_coverage,view1_negative_space,view2_negative_space,view1_silhouette,view2_silhouette,lambda_count,total_adds,total_splits,total_deletes,count_active,target_reached
sun_moon,srd_restart,aw0p125,1,1.536,0.920100,0.251737,0.206422,0.297052,20,0.00021183,0,0.118542,0.147256,0.089827,0.699696,0.616596,0.782796,0.280278,0.236819,0.323736,0.033040,0.018148,0.757724,0.672678,0.050000,0,0,0,0,0
sun_moon,srd_restart,aw0p125,25,27.616,0.679174,0.383481,0.361376,0.405586,20,0.00059805,2,0.049912,0.064607,0.035217,0.889415,0.856215,0.922614,0.402296,0.384723,0.419869,0.014370,0.007134,0.610028,0.575448,0.050000,0,0,0,0,0
sun_moon,srd_restart,aw0p125,50,349.345,0.557856,0.489064,0.490974,0.487153,20,0.00084583,4,0.042985,0.053371,0.032600,0.922798,0.906457,0.939138,0.510106,0.517178,0.503034,0.011639,0.006504,0.477203,0.492181,0.050000,0,0,0,0,0
sun_moon,srd_restart,aw0p125,75,376.100,0.439188,0.605656,0.590134,0.621179,20,0.00115532,3,0.044605,0.057800,0.031410,0.934260,0.915254,0.953266,0.632467,0.624244,0.640690,0.012728,0.006129,0.371141,0.354760,0.050000,0,0,0,0,0
sun_moon,srd_restart,aw0p125,100,678.336,0.386065,0.651567,0.608061,0.695074,19,0.00070181,6,0.039845,0.050778,0.028911,0.943762,0.926378,0.961145,0.677053,0.638937,0.715170,0.010968,0.005762,0.356270,0.281042,0.050000,0,0,1,0,0
sun_moon,srd_restart,aw0p125,125,704.128,0.361729,0.674722,0.620331,0.729114,19,0.00015477,5,0.039110,0.050022,0.028198,0.946216,0.928681,0.963750,0.700517,0.651361,0.749673,0.010921,0.005612,0.344233,0.246745,0.050000,0,0,1,0,0
sun_moon,srd_restart,aw0p125,150,988.347,0.344378,0.690061,0.617175,0.762948,18,0.00009683,4,0.038077,0.049265,0.026889,0.948060,0.929302,0.966818,0.715521,0.647580,0.783462,0.010766,0.005231,0.348394,0.212246,0.050000,0,0,2,0,0
sun_moon,srd_restart,aw0p125,175,1012.681,0.322414,0.710872,0.617093,0.804651,18,0.00008706,3,0.036827,0.050454,0.023200,0.950190,0.927787,0.972593,0.735774,0.648228,0.823319,0.010850,0.004668,0.347327,0.173236,0.050000,0,0,2,0,0
sun_moon,srd_restart,aw0p125,200,1299.014,0.297899,0.731793,0.620700,0.842885,18,0.00009647,3,0.034162,0.049049,0.019274,0.954003,0.929949,0.978058,0.755138,0.651145,0.859131,0.010603,0.003659,0.343949,0.137616,0.050000,0,0,2,0,0
sun_moon,srd_restart,aw0p125,225,1323.320,0.282563,0.747281,0.629405,0.865157,18,0.00011077,2,0.032668,0.051534,0.013801,0.956134,0.927760,0.984509,0.769469,0.661841,0.877097,0.011224,0.002632,0.334019,0.120104,0.050000,0,0,2,0,0
sun_moon,srd_restart,aw0p125,250,1609.165,0.269201,0.756206,0.625657,0.886755,18,0.00020075,2,0.029073,0.048509,0.009637,0.960248,0.931146,0.989351,0.775654,0.656007,0.895300,0.010370,0.001834,0.338984,0.101500,0.050000,0,0,2,0,0
sun_moon,srd_restart,aw0p125,275,1633.314,0.259570,0.766990,0.625980,0.908000,18,0.00028685,3,0.029204,0.047105,0.011303,0.960397,0.932954,0.987841,0.786865,0.655467,0.918263,0.010373,0.002115,0.339674,0.079164,0.050000,0,0,2,0,0
sun_moon,srd_restart,aw0p125,300,1908.014,0.252839,0.773549,0.625064,0.922033,18,0.00034802,3,0.028057,0.047429,0.008685,0.961599,0.932451,0.990748,0.792376,0.654710,0.930042,0.010581,0.001696,0.339620,0.067358,0.050000,0,0,2,0,0
sun_moon,srd_restart,aw0p125,325,1931.662,0.246720,0.776581,0.627486,0.925676,18,0.00018494,1,0.025058,0.043215,0.006901,0.965361,0.938071,0.992651,0.793333,0.654602,0.932064,0.009649,0.001350,0.340035,0.065155,0.050000,0,0,2,0,0
sun_moon,srd_restart,aw0p125,350,2209.176,0.241254,0.782643,0.630365,0.934921,18,0.00011684,1,0.026890,0.044620,0.009161,0.963462,0.936540,0.990383,0.800989,0.658492,0.943486,0.009597,0.001849,0.336854,0.053918,0.050000,0,0,2,0,0
sun_moon,srd_restart,aw0p125,375,2232.880,0.238372,0.785776,0.632947,0.938605,18,0.00011699,1,0.026534,0.043431,0.009637,0.964115,0.938296,0.989933,0.804043,0.660436,0.947650,0.009476,0.001956,0.335405,0.049724,0.050000,0,0,2,0,0
sun_moon,srd_restart,aw0p125,400,2508.705,0.233587,0.789249,0.635496,0.943002,18,0.00011076,1,0.026660,0.040946,0.012374,0.964457,0.941710,0.987205,0.808093,0.661517,0.954670,0.008941,0.002299,0.334243,0.042860,0.050000,0,0,2,0,0
sun_moon,srd_restart,aw0p125,425,2532.560,0.231954,0.791491,0.635496,0.947486,18,0.00013858,2,0.025708,0.040946,0.010470,0.965446,0.941710,0.989183,0.809462,0.661517,0.957406,0.009205,0.002081,0.333902,0.039526,0.050000,0,0,2,0,0
sun_moon,srd_restart,aw0p125,450,2794.497,0.228058,0.796873,0.638423,0.955322,17,0.00003851,2,0.026788,0.044296,0.009280,0.964083,0.937699,0.990467,0.815445,0.666703,0.964188,0.009825,0.001739,0.329382,0.034170,0.050000,0,0,3,0,0
sun_moon,srd_restart,aw0p125,475,2817.084,0.226340,0.798438,0.638616,0.958259,17,0.00005011,3,0.026268,0.046348,0.006187,0.964381,0.935138,0.993624,0.816202,0.668215,0.964188,0.010000,0.001287,0.328217,0.034101,0.050000,0,0,3,0,0
sun_moon,srd_restart,aw0p125,500,3075.406,0.224182,0.800289,0.640848,0.959731,17,0.00009525,2,0.026112,0.044728,0.007496,0.964842,0.937377,0.992308,0.818218,0.669512,0.966924,0.009871,0.001377,0.326402,0.031848,0.050000,0,0,3,0,0
sun_moon,srd_restart,aw0p125,525,3097.839,0.221434,0.801392,0.638694,0.964091,17,0.00004624,2,0.024651,0.045376,0.003926,0.966162,0.936364,0.995960,0.817776,0.667675,0.967876,0.009853,0.000747,0.328285,0.029714,0.050000,0,0,3,0,0
sun_moon,srd_restart,aw0p125,550,3355.185,0.217696,0.805281,0.644824,0.965738,17,0.00008075,1,0.023608,0.043647,0.003569,0.967712,0.939092,0.996331,0.821077,0.672969,0.969185,0.009641,0.000720,0.322577,0.029809,0.050000,0,0,3,0,0
sun_moon,srd_restart,aw0p125,575,3377.757,0.213262,0.806495,0.646979,0.966011,17,0.00004878,3,0.022739,0.040838,0.004640,0.969032,0.942823,0.995242,0.821947,0.673401,0.970494,0.008625,0.000826,0.322937,0.027912,0.050000,0,0,3,0,0
sun_moon,srd_restart,aw0p125,600,3642.109,0.205894,0.809905,0.652974,0.966836,17,0.00004215,3,0.019060,0.033600,0.004521,0.973972,0.952577,0.995366,0.823061,0.674914,0.971208,0.007119,0.000696,0.321306,0.027901,0.050000,0,0,3,0,0
sun_moon,srd_restart,aw0p125,625,3665.002,0.198420,0.814442,0.660358,0.968527,17,0.00007532,2,0.014613,0.027442,0.001785,0.979645,0.961126,0.998164,0.824367,0.678479,0.970256,0.006052,0.000320,0.317579,0.028181,0.050000,0,0,3,0,0
sun_moon,srd_restart,aw0p125,650,3919.575,0.198725,0.814889,0.661723,0.968056,16,0.00005847,2,0.014511,0.027118,0.001904,0.979837,0.961633,0.998041,0.824783,0.679667,0.969899,0.006113,0.000403,0.316820,0.028424,0.050000,0,0,4,0,0
sun_moon,srd_restart,aw0p125,675,3941.103,0.198002,0.815104,0.661426,0.968783,16,0.00011922,1,0.016531,0.030683,0.002380,0.977243,0.956931,0.997556,0.826404,0.681720,0.971089,0.006270,0.000469,0.314734,0.027188,0.050000,0,0,4,0,0
sun_moon,srd_restart,aw0p125,700,4190.404,0.197913,0.815372,0.665546,0.965198,16,0.00008768,2,0.014770,0.027874,0.001666,0.979565,0.960850,0.998280,0.825451,0.684097,0.966805,0.006135,0.000358,0.312609,0.031147,0.050000,0,0,4,0,0
sun_moon,srd_restart,aw0p125,725,4211.811,0.199066,0.814186,0.663725,0.964646,16,0.00005886,2,0.015635,0.028414,0.002855,0.978547,0.960036,0.997057,0.824992,0.682584,0.967400,0.006004,0.000576,0.314061,0.031348,0.050000,0,0,4,0,0
sun_moon,srd_restart,aw0p125,750,4467.084,0.197110,0.815566,0.664494,0.966639,16,0.00002238,2,0.014846,0.027550,0.002142,0.979505,0.961217,0.997794,0.825755,0.682800,0.968709,0.005943,0.000427,0.313581,0.029647,0.050000,0,0,4,0,0
sun_moon,srd_restart,aw0p125,775,4488.743,0.195929,0.817041,0.665791,0.968290,16,0.00003578,3,0.015207,0.028630,0.001785,0.979018,0.959873,0.998164,0.827435,0.684853,0.970018,0.006035,0.000435,0.311687,0.028357,0.050000,0,0,4,0,0
sun_moon,srd_restart,aw0p125,800,4736.333,0.194733,0.817531,0.668945,0.966118,16,0.00002221,2,0.015808,0.027334,0.004283,0.978676,0.961748,0.995605,0.828743,0.687230,0.970256,0.005713,0.000775,0.309144,0.028393,0.050000,0,0,4,0,0
sun_moon,srd_restart,aw0p125,825,4757.818,0.194446,0.817750,0.668592,0.966908,16,0.00002667,2,0.015970,0.028846,0.003093,0.978287,0.959753,0.996821,0.828889,0.687878,0.969899,0.006005,0.000475,0.308431,0.028586,0.050000,0,0,4,0,0
sun_moon,srd_restart,aw0p125,850,5004.503,0.192150,0.819367,0.669961,0.968772,16,0.00003069,1,0.014786,0.027550,0.002023,0.979721,0.961521,0.997921,0.829575,0.688418,0.970732,0.005685,0.000383,0.308260,0.027455,0.050000,0,0,4,0,0
sun_moon,srd_restart,aw0p125,875,5025.970,0.193167,0.817834,0.670170,0.965497,16,0.00003032,1,0.015662,0.027874,0.003450,0.978780,0.961109,0.996451,0.828839,0.688850,0.968828,0.005672,0.000566,0.307479,0.028909,0.050000,0,0,4,0,0
sun_moon,srd_restart,aw0p125,900,5271.983,0.193958,0.818182,0.668803,0.967562,16,0.00009354,1,0.014915,0.028522,0.001309,0.979419,0.960187,0.998651,0.828353,0.687878,0.968828,0.005992,0.000276,0.308433,0.029210,0.050000,0,0,4,0,0
sun_moon,srd_restart,aw0p125,925,5293.271,0.195050,0.818308,0.667576,0.969039,16,0.00006791,1,0.016288,0.029602,0.002974,0.977830,0.958710,0.996949,0.829630,0.687338,0.971921,0.006383,0.000584,0.307862,0.026403,0.050000,0,0,4,0,0
sun_moon,srd_restart,aw0p125,950,5542.431,0.193182,0.819426,0.670903,0.967949,16,0.00008128,1,0.015391,0.028522,0.002261,0.978991,0.960307,0.997675,0.830088,0.690039,0.970137,0.006221,0.000384,0.305770,0.027642,0.050000,0,0,4,0,0
sun_moon,srd_restart,aw0p125,975,5563.502,0.195473,0.818169,0.671603,0.964735,16,0.00005460,1,0.015380,0.028738,0.002023,0.978989,0.960066,0.997912,0.828795,0.690903,0.966686,0.006419,0.000336,0.305452,0.031380,0.050000,0,0,4,0,0
sun_moon,srd_restart,aw0p125,1000,5812.868,0.196013,0.818566,0.670264,0.966869,16,0.00005488,1,0.016509,0.031115,0.001904,0.977479,0.956918,0.998039,0.829914,0.691119,0.968709,0.006733,0.000352,0.305423,0.029850,0.050000,0,0,4,0,0
sun_moon,srd_restart,aw0p125,1025,5833.842,0.194485,0.818108,0.670170,0.966045,16,0.00004578,1,0.015008,0.027874,0.002142,0.979451,0.961109,0.997793,0.828482,0.688850,0.968114,0.006071,0.000427,0.307255,0.029671,0.050000,0,0,4,0,0
sun_moon,srd_restart,aw0p125,1050,6081.798,0.194686,0.817704,0.670312,0.965096,16,0.00005917,2,0.014738,0.027334,0.002142,0.979807,0.961823,0.997791,0.827898,0.688634,0.967162,0.006060,0.000405,0.307239,0.030333,0.050000,0,0,4,0,0
sun_moon,srd_restart,aw0p125,1075,6102.598,0.195288,0.818354,0.669670,0.967038,16,0.00005055,1,0.017337,0.031223,0.003450,0.976600,0.956743,0.996457,0.830477,0.690579,0.970375,0.006483,0.000697,0.305434,0.027635,0.050000,0,0,4,0,0
sun_moon,srd_restart,aw0p125,1100,6351.775,0.196102,0.818369,0.669007,0.967730,16,0.00007141,1,0.016985,0.031115,0.002855,0.976954,0.956841,0.997066,0.830158,0.689823,0.970494,0.006693,0.000621,0.306208,0.027378,0.050000,0,0,4,0,0
sun_moon,srd_restart,aw0p125,1125,6372.300,0.195114,0.819771,0.668867,0.970676,16,0.00004788,1,0.016574,0.031007,0.002142,0.977387,0.956972,0.997803,0.831181,0.689607,0.972754,0.006818,0.000467,0.306378,0.025501,0.050000,0,0,4,0,0
sun_moon,srd_restart,aw0p125,1150,6616.223,0.194089,0.821436,0.670750,0.972123,16,0.00002277,1,0.017477,0.031979,0.002974,0.976400,0.955841,0.996959,0.833607,0.692200,0.975015,0.006959,0.000509,0.304330,0.024066,0.050000,0,0,4,0,0
sun_moon,srd_restart,aw0p125,1175,6637.297,0.192841,0.822523,0.671653,0.973394,16,0.00001737,1,0.017255,0.032844,0.001666,0.976545,0.954796,0.998295,0.834364,0.693712,0.975015,0.007120,0.000427,0.302643,0.022642,0.050000,0,0,4,0,0
sun_moon,srd_restart,aw0p125,1200,6886.988,0.191862,0.823288,0.671761,0.974816,16,0.00002288,1,0.016871,0.032195,0.001547,0.977023,0.955628,0.998418,0.834856,0.693388,0.976324,0.007042,0.000272,0.303533,0.021650,0.050000,0,0,4,0,0
sun_moon,srd_restart,aw0p125,1225,6908.094,0.191497,0.822888,0.671520,0.974256,16,0.00001902,1,0.017147,0.031439,0.002855,0.976833,0.956580,0.997086,0.834835,0.692632,0.977037,0.006777,0.000502,0.303896,0.020839,0.050000,0,0,4,0,0
sun_moon,srd_restart,aw0p125,1250,7157.346,0.192096,0.822959,0.671309,0.974608,16,0.00001998,1,0.017250,0.031763,0.002736,0.976680,0.956152,0.997208,0.834954,0.692632,0.977275,0.006971,0.000464,0.303645,0.021033,0.050000,0,0,4,0,0
sun_moon,srd_restart,aw0p125,1275,7178.422,0.191134,0.823149,0.671803,0.974496,16,0.00002296,1,0.016829,0.030683,0.002974,0.977267,0.957568,0.996966,0.834905,0.692416,0.977394,0.006671,0.000539,0.303906,0.020649,0.050000,0,0,4,0,0
sun_moon,srd_restart,aw0p125,1300,7423.629,0.191702,0.823203,0.672040,0.974365,16,0.00001941,1,0.017293,0.032087,0.002499,0.976616,0.955784,0.997449,0.835202,0.693604,0.976800,0.006916,0.000442,0.303146,0.021364,0.050000,0,0,4,0,0
sun_moon,srd_restart,aw0p125,1325,7444.671,0.192651,0.822437,0.671690,0.973185,16,0.00002459,1,0.017520,0.032303,0.002736,0.976345,0.955486,0.997204,0.834618,0.693388,0.975848,0.007001,0.000465,0.303356,0.022180,0.050000,0,0,4,0,0
sun_moon,srd_restart,aw0p125,1350,7694.389,0.191707,0.823393,0.672076,0.974709,16,0.00002409,2,0.016947,0.031871,0.002023,0.976998,0.956062,0.997933,0.835088,0.693496,0.976681,0.006975,0.000372,0.302938,0.021666,0.050000,0,0,4,0,0
sun_moon,srd_restart,aw0p125,1375,7715.808,0.191765,0.822419,0.673091,0.971747,16,0.00006186,1,0.016850,0.031439,0.002261,0.977181,0.956677,0.997684,0.834098,0.694252,0.973944,0.006853,0.000395,0.301421,0.024040,0.050000,0,0,4,0,0
sun_moon,srd_restart,aw0p125,1400,7959.930,0.190813,0.823715,0.674387,0.973044,16,0.00002196,1,0.016401,0.030899,0.001904,0.977749,0.957447,0.998051,0.835060,0.695225,0.974896,0.006709,0.000408,0.301020,0.023638,0.050000,0,0,4,0,0
sun_moon,srd_restart,aw0p125,1425,7981.036,0.188898,0.825555,0.678769,0.972341,16,0.00004512,1,0.017390,0.032519,0.002261,0.976671,0.955657,0.997686,0.837691,0.700843,0.974539,0.006966,0.000371,0.295372,0.023662,0.050000,0,0,4,0,0
sun_moon,srd_restart,aw0p125,1450,8230.446,0.190768,0.824326,0.677132,0.971520,16,0.00004297,1,0.017460,0.032303,0.002617,0.976574,0.955828,0.997320,0.836535,0.699006,0.974063,0.007028,0.000437,0.297414,0.024343,0.050000,0,0,4,0,0
sun_moon,srd_restart,aw0p125,1475,8251.741,0.189773,0.824445,0.677734,0.971157,16,0.00002034,2,0.016963,0.031547,0.002380,0.977193,0.956824,0.997562,0.836291,0.699114,0.973468,0.006841,0.000370,0.297032,0.024793,0.050000,0,0,4,0,0
sun_moon,srd_restart,aw0p125,1500,8503.311,0.191876,0.823510,0.677710,0.969309,16,0.00001681,3,0.017256,0.030467,0.004045,0.977029,0.958197,0.995861,0.835794,0.698358,0.973230,0.006797,0.000794,0.297762,0.025237,0.050000,0,0,4,0,0
sun_moon,srd_restart,aw0p125,1525,8524.553,0.192065,0.822622,0.675882,0.969362,16,0.00005219,3,0.016779,0.031655,0.001904,0.977309,0.956573,0.998044,0.834243,0.697277,0.971208,0.006997,0.000391,0.298485,0.026469,0.050000,0,0,4,0,0
sun_moon,srd_restart,aw0p125,1550,8779.289,0.189687,0.823880,0.679689,0.968071,16,0.00005197,1,0.015559,0.028738,0.002380,0.979038,0.960522,0.997554,0.834798,0.699222,0.970375,0.006393,0.000466,0.296686,0.027737,0.050000,0,0,4,0,0
sun_moon,srd_restart,aw0p125,1575,8800.551,0.189088,0.824989,0.681199,0.968780,16,0.00007447,2,0.016580,0.030899,0.002261,0.977766,0.957854,0.997677,0.836608,0.702247,0.970970,0.006775,0.000331,0.294086,0.027135,0.050000,0,0,4,0,0
sun_moon,srd_restart,aw0p125,1600,9056.738,0.191253,0.824793,0.680205,0.969380,16,0.00008521,2,0.017293,0.032087,0.002499,0.976863,0.956291,0.997436,0.836917,0.702031,0.971802,0.007230,0.000423,0.293971,0.027194,0.050000,0,0,4,0,0
sun_moon,srd_restart,aw0p125,1625,9077.974,0.187984,0.824801,0.684845,0.964756,16,0.00005904,1,0.016380,0.030143,0.002617,0.978163,0.959025,0.997301,0.836385,0.705488,0.967281,0.006347,0.000477,0.290396,0.030898,0.050000,0,0,4,0,0
sun_moon,srd_restart,aw0p125,1650,9330.242,0.189291,0.824047,0.683494,0.964600,16,0.00008532,1,0.016547,0.031547,0.001547,0.977787,0.957172,0.998402,0.835574,0.705056,0.966092,0.006724,0.000274,0.290693,0.031784,0.050000,0,0,4,0,0
sun_moon,srd_restart,aw0p125,1675,9351.445,0.188227,0.825448,0.685804,0.965091,16,0.00007948,1,0.016623,0.031223,0.002023,0.977815,0.957718,0.997913,0.837130,0.707217,0.967043,0.006657,0.000395,0.289005,0.030929,0.050000,0,0,4,0,0
sun_moon,srd_restart,aw0p125,1700,9604.098,0.189138,0.824450,0.685577,0.963323,16,0.00005896,4,0.017287,0.032195,0.002380,0.977013,0.956484,0.997542,0.836632,0.707649,0.965616,0.006712,0.000449,0.288441,0.032463,0.050000,0,0,4,0,0
sun_moon,srd_restart,aw0p125,1725,9625.358,0.187689,0.824863,0.685690,0.964036,16,0.00007276,2,0.016099,0.029818,0.002380,0.978513,0.959483,0.997544,0.836233,0.706137,0.966330,0.006399,0.000376,0.289917,0.031155,0.050000,0,0,4,0,0
sun_moon,srd_restart,aw0p125,1750,9878.693,0.185508,0.826738,0.688716,0.964760,16,0.00013009,2,0.015035,0.027334,0.002736,0.979992,0.962805,0.997179,0.837471,0.707541,0.967400,0.006039,0.000424,0.288289,0.030843,0.050000,0,0,4,0,0
sun_moon,srd_restart,aw0p125,1775,9900.051,0.185044,0.827694,0.691102,0.964286,16,0.00010643,3,0.014981,0.027226,0.002736,0.980122,0.963066,0.997178,0.838421,0.709918,0.966924,0.006125,0.000454,0.286100,0.031208,0.050000,0,0,4,0,0
sun_moon,srd_restart,aw0p125,1800,10151.702,0.186224,0.826378,0.689630,0.963125,16,0.00011383,2,0.015338,0.027226,0.003450,0.979716,0.962990,0.996443,0.837427,0.708405,0.966449,0.006080,0.000591,0.287581,0.031340,0.050000,0,0,4,0,0
sun_moon,srd_restart,aw0p125,1825,10173.018,0.186398,0.827018,0.688470,0.965566,16,0.00011145,1,0.016353,0.030683,0.002023,0.978233,0.958552,0.997914,0.838557,0.709594,0.967519,0.006592,0.000372,0.286639,0.030291,0.050000,0,0,4,0,0
sun_moon,srd_restart,aw0p125,1850,10426.147,0.186264,0.827733,0.687624,0.967841,16,0.00011317,1,0.016812,0.031007,0.002617,0.977703,0.958096,0.997310,0.839660,0.708946,0.970375,0.006650,0.000425,0.287456,0.028319,0.050000,0,0,4,0,0
sun_moon,srd_restart,aw0p125,1875,10447.506,0.185782,0.827026,0.687520,0.966532,16,0.00011012,2,0.016753,0.031007,0.002499,0.977759,0.958090,0.997428,0.838892,0.708838,0.968947,0.006484,0.000406,0.287205,0.029087,0.050000,0,0,4,0,0
sun_moon,srd_restart,aw0p125,1900,10699.591,0.184835,0.828332,0.688347,0.968316,16,0.00016583,3,0.015408,0.028198,0.002617,0.979498,0.961685,0.997311,0.839304,0.707757,0.970851,0.006309,0.000451,0.288061,0.027301,0.050000,0,0,4,0,0
sun_moon,srd_restart,aw0p125,1925,10720.764,0.187748,0.826151,0.684591,0.967711,16,0.00020995,2,0.016472,0.030683,0.002261,0.978001,0.958327,0.997675,0.837748,0.705596,0.969899,0.006600,0.000484,0.290492,0.028038,0.050000,0,0,4,0,0
sun_moon,srd_restart,aw0p125,1950,10970.969,0.187293,0.827427,0.686989,0.967864,16,0.00014291,3,0.017331,0.031331,0.003331,0.977117,0.957652,0.996581,0.839801,0.708513,0.971089,0.006842,0.000573,0.288082,0.026983,0.050000,0,0,4,0,0
sun_moon,srd_restart,aw0p125,1975,10992.151,0.187756,0.826604,0.683968,0.969240,16,0.00024668,3,0.016072,0.030359,0.001785,0.978433,0.958701,0.998165,0.837851,0.704732,0.970970,0.006721,0.000369,0.291060,0.027388,0.050000,0,0,4,0,0
sun_moon,srd_restart,aw0p125,2000,11243.026,0.185228,0.828109,0.686957,0.969262,16,0.00016901,3,0.016861,0.031223,0.002499,0.977610,0.957786,0.997435,0.840044,0.708405,0.971684,0.006614,0.000376,0.287853,0.026447,0.050000,0,0,4,0,0
sun_moon,srd_restart,aw0p125,2025,11264.218,0.188092,0.827478,0.685598,0.969359,16,0.00019374,2,0.017368,0.032952,0.001785,0.976852,0.955539,0.998166,0.839639,0.708189,0.971089,0.007283,0.000339,0.287786,0.027150,0.050000,0,0,4,0,0
sun_moon,srd_restart,aw0p125,2050,11514.666,0.188278,0.826459,0.685460,0.967458,16,0.00022477,3,0.017314,0.032844,0.001785,0.976914,0.955666,0.998162,0.838579,0.707973,0.969185,0.007016,0.000433,0.287755,0.028892,0.050000,0,0,4,0,0
sun_moon,srd_restart,aw0p125,2075,11535.769,0.187205,0.827639,0.685675,0.969603,16,0.00030599,3,0.017271,0.032519,0.002023,0.977003,0.956084,0.997923,0.839769,0.707973,0.971565,0.007105,0.000331,0.288095,0.026396,0.050000,0,0,4,0,0
sun_moon,srd_restart,aw0p125,2100,11788.777,0.186939,0.828356,0.686872,0.969841,16,0.00029192,4,0.017001,0.031979,0.002023,0.977378,0.956832,0.997923,0.840320,0.708838,0.971802,0.007041,0.000372,0.287976,0.026188,0.050000,0,0,4,0,0
sun_moon,srd_restart,aw0p125,2125,11810.021,0.187841,0.827540,0.686845,0.968235,16,0.00016485,2,0.017677,0.031547,0.003807,0.976735,0.957372,0.996098,0.840217,0.708513,0.971921,0.006800,0.000830,0.287599,0.026818,0.050000,0,0,4,0,0
sun_moon,srd_restart,aw0p125,2150,12055.916,0.189493,0.824562,0.684415,0.964709,16,0.00022474,4,0.016689,0.028738,0.004640,0.978010,0.960784,0.995235,0.836634,0.704084,0.969185,0.006356,0.000876,0.291724,0.029091,0.050000,0,0,4,0,0
sun_moon,srd_restart,aw0p125,2175,12077.140,0.187547,0.825618,0.686517,0.964718,16,0.00012071,1,0.016007,0.030467,0.001547,0.978557,0.958712,0.998402,0.836822,0.707433,0.966211,0.006500,0.000337,0.288609,0.031619,0.050000,0,0,4,0,0
sun_moon,srd_restart,aw0p125,2200,12323.315,0.185979,0.827216,0.686588,0.967845,16,0.00014813,2,0.015683,0.028630,0.002736,0.979115,0.961041,0.997188,0.838369,0.706245,0.970494,0.006217,0.000502,0.289955,0.028043,0.050000,0,0,4,0,0
water_fire,srd_restart,aw0p125,1,1.531,0.916724,0.253675,0.291855,0.215495,20,0.00096555,0,0.193552,0.151317,0.235786,0.609946,0.689501,0.530392,0.301161,0.336017,0.266305,0.020305,0.034745,0.661130,0.730566,0.050000,0,0,0,0,0
water_fire,srd_restart,aw0p125,25,27.790,0.608686,0.453616,0.490566,0.416667,20,0.00043142,3,0.096550,0.075826,0.117273,0.836576,0.874375,0.798777,0.496647,0.527764,0.465531,0.010045,0.016968,0.469869,0.530798,0.050000,0,0,0,0,0
water_fire,srd_restart,aw0p125,50,355.246,0.460200,0.585526,0.631480,0.539571,20,0.00063992,3,0.090140,0.074316,0.105964,0.875238,0.901270,0.849206,0.637578,0.678410,0.596747,0.009660,0.015230,0.319675,0.400702,0.050000,0,0,0,0,0
water_fire,srd_restart,aw0p125,75,382.245,0.390076,0.648251,0.698443,0.598060,20,0.00173694,2,0.084184,0.066432,0.101936,0.892078,0.918114,0.866042,0.701933,0.744841,0.659024,0.008573,0.014712,0.253717,0.337726,0.050000,0,0,0,0,0
water_fire,srd_restart,aw0p125,100,708.041,0.329227,0.696044,0.721622,0.670466,20,0.00166514,2,0.064467,0.055192,0.073741,0.919751,0.932416,0.907086,0.740678,0.761449,0.719907,0.007046,0.010584,0.237782,0.277304,0.050000,0,0,0,0,0
water_fire,srd_restart,aw0p125,125,735.317,0.290560,0.730878,0.750755,0.711002,20,0.00144073,2,0.063466,0.055360,0.071572,0.924409,0.934692,0.914126,0.777103,0.792317,0.761890,0.007030,0.010043,0.206777,0.235739,0.050000,0,0,0,0,0
water_fire,srd_restart,aw0p125,150,1042.293,0.274414,0.748058,0.747636,0.748480,19,0.00115369,1,0.067060,0.064251,0.069868,0.922517,0.925283,0.919751,0.798223,0.795672,0.800775,0.008389,0.010096,0.202470,0.196856,0.050000,0,0,1,0,0
water_fire,srd_restart,aw0p125,175,1068.336,0.256526,0.764602,0.751571,0.777633,19,0.00053418,1,0.068505,0.067606,0.069404,0.922631,0.922291,0.922971,0.816993,0.802382,0.831603,0.008737,0.010115,0.195667,0.165818,0.050000,0,0,1,0,0
water_fire,srd_restart,aw0p125,200,1360.008,0.244798,0.776344,0.770600,0.782088,18,0.00010835,1,0.069480,0.064754,0.074206,0.922847,0.926852,0.918841,0.830312,0.820500,0.840124,0.008345,0.010945,0.177551,0.157577,0.050000,0,0,2,0,0
water_fire,srd_restart,aw0p125,225,1384.585,0.254802,0.766974,0.766132,0.767816,18,0.00008999,0,0.067744,0.065929,0.069558,0.923606,0.925299,0.921913,0.818933,0.816642,0.821224,0.008671,0.010175,0.181727,0.176987,0.050000,0,0,2,0,0
water_fire,srd_restart,aw0p125,250,1666.991,0.258794,0.761006,0.761272,0.760740,18,0.00013126,0,0.062110,0.060393,0.063826,0.928646,0.930394,0.926899,0.808271,0.807247,0.809295,0.007870,0.009374,0.190774,0.188677,0.050000,0,0,2,0,0
water_fire,srd_restart,aw0p125,275,1691.713,0.242648,0.778056,0.791838,0.764273,18,0.00040754,1,0.067538,0.060560,0.074516,0.924774,0.932737,0.916811,0.830508,0.839792,0.821224,0.007937,0.010743,0.159614,0.175673,0.050000,0,0,2,0,0
water_fire,srd_restart,aw0p125,300,1968.731,0.216138,0.803305,0.822706,0.783904,18,0.00025270,1,0.068411,0.055024,0.081797,0.926207,0.940385,0.912029,0.858000,0.867975,0.848025,0.007154,0.011847,0.130739,0.149176,0.050000,0,0,2,0,0
water_fire,srd_restart,aw0p125,325,1992.764,0.198675,0.821879,0.846544,0.797215,18,0.00005456,0,0.074187,0.058212,0.090163,0.922496,0.938984,0.906008,0.882458,0.895823,0.869094,0.007565,0.013150,0.102743,0.128817,0.050000,0,0,2,0,0
water_fire,srd_restart,aw0p125,350,2264.757,0.183566,0.835839,0.860016,0.811662,18,0.00003025,0,0.072993,0.059386,0.086600,0.924698,0.938807,0.910589,0.896520,0.911089,0.881952,0.007628,0.012733,0.087960,0.116249,0.050000,0,0,2,0,0
water_fire,srd_restart,aw0p125,375,2288.435,0.174168,0.843094,0.865147,0.821041,18,0.00002288,0,0.071850,0.059889,0.083811,0.926307,0.938691,0.913922,0.903407,0.916960,0.889853,0.007477,0.012292,0.081448,0.108705,0.050000,0,0,2,0,0
water_fire,srd_restart,aw0p125,400,2550.844,0.170858,0.846160,0.866720,0.825600,17,0.00002384,0,0.065952,0.053515,0.078389,0.931858,0.944637,0.919079,0.901710,0.913102,0.890318,0.006846,0.011597,0.086082,0.108050,0.050000,0,0,3,0,0
water_fire,srd_restart,aw0p125,425,2572.845,0.165852,0.849864,0.878957,0.820770,17,0.00002803,0,0.066095,0.049153,0.083036,0.931982,0.949396,0.914568,0.905542,0.922161,0.888923,0.006264,0.011962,0.076614,0.109242,0.050000,0,0,3,0,0
water_fire,srd_restart,aw0p125,450,2831.041,0.163485,0.852373,0.881451,0.823294,17,0.00001099,0,0.067676,0.049992,0.085360,0.930778,0.948753,0.912803,0.909543,0.925516,0.893571,0.006250,0.012415,0.073260,0.104377,0.050000,0,0,3,0,0
water_fire,srd_restart,aw0p125,475,2853.442,0.159300,0.856258,0.885298,0.827218,17,0.00000958,0,0.069019,0.048650,0.089388,0.929983,0.950206,0.909759,0.914765,0.928368,0.901162,0.006010,0.012842,0.070657,0.097114,0.050000,0,0,3,0,0
water_fire,srd_restart,aw0p125,500,3103.506,0.156250,0.859360,0.888354,0.830366,16,0.00000547,0,0.066741,0.045798,0.087684,0.932264,0.953020,0.911507,0.916107,0.929039,0.903176,0.005741,0.012742,0.069849,0.094782,0.050000,0,0,4,0,0
water_fire,srd_restart,aw0p125,525,3124.732,0.151292,0.862111,0.890482,0.833740,16,0.00002011,0,0.060306,0.041604,0.079009,0.938168,0.957071,0.919265,0.913571,0.927529,0.899613,0.005240,0.011395,0.071151,0.098327,0.050000,0,0,4,0,0
water_fire,srd_restart,aw0p125,550,3372.824,0.149723,0.864405,0.893895,0.834915,16,0.00000384,0,0.058028,0.038752,0.077304,0.940397,0.959938,0.920856,0.913997,0.928535,0.899458,0.004993,0.011319,0.070132,0.098813,0.050000,0,0,4,0,0
water_fire,srd_restart,aw0p125,575,3394.113,0.148047,0.865285,0.894144,0.836426,16,0.00000856,0,0.059809,0.042778,0.076840,0.938764,0.956133,0.921395,0.916546,0.932394,0.900697,0.005361,0.011107,0.066683,0.097656,0.050000,0,0,4,0,0
water_fire,srd_restart,aw0p125,600,3642.321,0.146336,0.866675,0.893535,0.839816,16,0.00001439,0,0.059279,0.043114,0.075445,0.939348,0.955789,0.922906,0.917617,0.932058,0.903176,0.005429,0.010907,0.067213,0.094750,0.050000,0,0,4,0,0
water_fire,srd_restart,aw0p125,625,3663.246,0.143742,0.869323,0.895280,0.843367,16,0.00000737,1,0.057195,0.041268,0.073122,0.941427,0.957608,0.925245,0.918630,0.932226,0.905035,0.005346,0.010627,0.066547,0.093142,0.050000,0,0,4,0,0
water_fire,srd_restart,aw0p125,650,3900.897,0.139114,0.872999,0.896823,0.849174,15,0.00000749,1,0.057355,0.045462,0.069249,0.941446,0.953754,0.929138,0.922786,0.937594,0.907978,0.005669,0.010130,0.061735,0.090092,0.050000,0,0,5,0,0
water_fire,srd_restart,aw0p125,675,3920.975,0.135761,0.875950,0.902321,0.849579,15,0.00002336,1,0.054387,0.040765,0.068009,0.944335,0.958398,0.930273,0.923231,0.939104,0.907359,0.005295,0.009771,0.060132,0.090831,0.050000,0,0,5,0,0
water_fire,srd_restart,aw0p125,700,4159.271,0.130631,0.880119,0.905782,0.854455,15,0.00002331,2,0.051941,0.041604,0.062277,0.946779,0.957766,0.935793,0.925567,0.943466,0.907668,0.005292,0.009031,0.056045,0.090597,0.050000,0,0,5,0,0
water_fire,srd_restart,aw0p125,725,4179.550,0.130826,0.880549,0.906119,0.854980,15,0.00003470,2,0.052876,0.041772,0.063981,0.945956,0.957624,0.934288,0.926826,0.943969,0.909682,0.005391,0.009323,0.055178,0.088714,0.050000,0,0,5,0,0
water_fire,srd_restart,aw0p125,750,4415.719,0.131038,0.879257,0.902122,0.856392,15,0.00004560,2,0.052644,0.043785,0.061503,0.946099,0.955567,0.936632,0.925342,0.941621,0.909063,0.005435,0.009064,0.056688,0.089332,0.050000,0,0,5,0,0
water_fire,srd_restart,aw0p125,775,4436.049,0.130494,0.880056,0.903345,0.856767,15,0.00004828,2,0.050991,0.043114,0.058869,0.947656,0.956248,0.939064,0.924748,0.942292,0.907204,0.005541,0.008584,0.056670,0.091253,0.050000,0,0,5,0,0
water_fire,srd_restart,aw0p125,800,4672.931,0.129754,0.880322,0.905861,0.854782,15,0.00003747,2,0.049127,0.038920,0.059334,0.949396,0.960288,0.938504,0.923308,0.941117,0.905500,0.005022,0.008619,0.057735,0.092589,0.050000,0,0,5,0,0
water_fire,srd_restart,aw0p125,825,4693.158,0.128836,0.881508,0.905099,0.857917,15,0.00003726,2,0.050288,0.042946,0.057630,0.948382,0.956485,0.940279,0.925664,0.943969,0.907359,0.005503,0.008424,0.054967,0.091232,0.050000,0,0,5,0,0
water_fire,srd_restart,aw0p125,850,4929.931,0.126761,0.883013,0.905630,0.860397,15,0.00006434,2,0.047074,0.039926,0.054222,0.951462,0.959330,0.943594,0.924419,0.941788,0.907049,0.005167,0.007953,0.057369,0.091103,0.050000,0,0,5,0,0
water_fire,srd_restart,aw0p125,875,4949.967,0.124576,0.885421,0.912272,0.858570,15,0.00019624,3,0.047551,0.040262,0.054841,0.951102,0.959301,0.942903,0.927328,0.949002,0.905655,0.005227,0.007966,0.050534,0.092800,0.050000,0,0,5,0,0
water_fire,srd_restart,aw0p125,900,5195.149,0.125795,0.883176,0.913295,0.853057,15,0.00043903,3,0.053224,0.044791,0.061658,0.945711,0.955164,0.936259,0.929928,0.954202,0.905655,0.005407,0.008817,0.044925,0.092259,0.050000,0,0,5,0,0
water_fire,srd_restart,aw0p125,925,5215.379,0.125995,0.884340,0.916412,0.852268,15,0.00047858,3,0.051941,0.041604,0.062277,0.946937,0.958235,0.935639,0.929941,0.954538,0.905345,0.005069,0.009161,0.044454,0.093021,0.050000,0,0,5,0,0
water_fire,srd_restart,aw0p125,950,5457.478,0.123825,0.887545,0.925097,0.849993,15,0.00031769,3,0.049741,0.034726,0.064756,0.949110,0.964992,0.933227,0.931128,0.957222,0.905035,0.004470,0.009530,0.041773,0.093434,0.050000,0,0,5,0,0
water_fire,srd_restart,aw0p125,975,5477.839,0.119625,0.891497,0.926268,0.856726,15,0.00032647,4,0.048521,0.035229,0.061813,0.950468,0.964563,0.936374,0.934291,0.958900,0.909682,0.004629,0.009093,0.040118,0.088903,0.050000,0,0,5,0,0
water_fire,srd_restart,aw0p125,1000,5720.203,0.113145,0.896304,0.927517,0.865090,15,0.00023077,2,0.047798,0.034558,0.061038,0.951443,0.965238,0.937648,0.938732,0.959571,0.917893,0.004239,0.008910,0.040026,0.080746,0.050000,0,0,5,0,0
water_fire,srd_restart,aw0p125,1025,5740.625,0.111295,0.899884,0.930368,0.869400,15,0.00011289,3,0.047605,0.033551,0.061658,0.951833,0.966285,0.937382,0.942295,0.961584,0.923005,0.004527,0.009111,0.037977,0.075346,0.050000,0,0,5,0,0
water_fire,srd_restart,aw0p125,1050,5961.409,0.114511,0.897158,0.931034,0.863281,14,0.00003371,1,0.053517,0.036236,0.070798,0.946331,0.963801,0.928861,0.944585,0.964771,0.924400,0.004665,0.010369,0.034380,0.074323,0.050000,0,0,6,0,0
water_fire,srd_restart,aw0p125,1075,5979.865,0.117286,0.895716,0.932955,0.858477,14,0.00023554,0,0.055809,0.033384,0.078234,0.944300,0.966532,0.922068,0.944870,0.964100,0.925639,0.004313,0.011431,0.035204,0.073083,0.050000,0,0,6,0,0
water_fire,srd_restart,aw0p125,1100,6203.091,0.122198,0.892187,0.932489,0.851884,14,0.00037034,1,0.059695,0.033719,0.085670,0.940712,0.966201,0.915223,0.944398,0.963932,0.924864,0.004421,0.012445,0.035904,0.073044,0.050000,0,0,6,0,0
water_fire,srd_restart,aw0p125,1125,6221.820,0.121422,0.892088,0.929836,0.854340,14,0.00004513,2,0.057261,0.032880,0.081642,0.942860,0.966897,0.918823,0.942250,0.960409,0.924090,0.004403,0.011854,0.038481,0.074248,0.050000,0,0,6,0,0
water_fire,srd_restart,aw0p125,1150,6440.445,0.117540,0.892973,0.924886,0.861059,14,0.00005106,2,0.053898,0.034055,0.073741,0.945875,0.965617,0.926133,0.940469,0.956383,0.924555,0.004221,0.010657,0.042305,0.073680,0.050000,0,0,6,0,0
water_fire,srd_restart,aw0p125,1175,6459.245,0.114750,0.895286,0.925547,0.865025,14,0.00004148,2,0.051968,0.034222,0.069713,0.947711,0.965482,0.929939,0.941276,0.957222,0.925329,0.004345,0.009996,0.041742,0.072972,0.050000,0,0,6,0,0
water_fire,srd_restart,aw0p125,1200,6681.525,0.113456,0.895499,0.925866,0.865131,14,0.00002824,1,0.052903,0.036403,0.069404,0.946834,0.963450,0.930218,0.942372,0.959571,0.925174,0.004423,0.009861,0.039630,0.072968,0.050000,0,0,6,0,0
water_fire,srd_restart,aw0p125,1225,6700.530,0.114218,0.896388,0.924956,0.867820,14,0.00001302,1,0.051309,0.037242,0.065376,0.948296,0.962633,0.933959,0.941979,0.959403,0.924555,0.004811,0.009492,0.039961,0.074033,0.050000,0,0,6,0,0
water_fire,srd_restart,aw0p125,1250,6921.702,0.113445,0.896606,0.924608,0.868605,14,0.00001900,1,0.051373,0.036907,0.065840,0.948268,0.962932,0.933604,0.942263,0.958732,0.925794,0.004891,0.009339,0.040421,0.072601,0.050000,0,0,6,0,0
water_fire,srd_restart,aw0p125,1275,6940.244,0.114700,0.895158,0.919903,0.870414,14,0.00002265,1,0.052457,0.040933,0.063981,0.947192,0.959005,0.935378,0.941831,0.957557,0.926104,0.005314,0.009170,0.041397,0.072103,0.050000,0,0,6,0,0
water_fire,srd_restart,aw0p125,1300,7157.545,0.117353,0.891416,0.909163,0.873669,14,0.00002096,1,0.056399,0.050830,0.061967,0.943438,0.949483,0.937392,0.941592,0.955377,0.927808,0.006348,0.008720,0.043553,0.070577,0.050000,0,0,6,0,0
water_fire,srd_restart,aw0p125,1325,7175.528,0.116292,0.893819,0.912730,0.874909,14,0.00004162,1,0.053256,0.047643,0.058869,0.946396,0.952540,0.940252,0.941315,0.956215,0.926414,0.006024,0.008632,0.043008,0.072269,0.050000,0,0,6,0,0
water_fire,srd_restart,aw0p125,1350,7387.578,0.118395,0.892924,0.911321,0.874526,14,0.00003224,1,0.053973,0.046133,0.061813,0.945716,0.953844,0.937588,0.940973,0.953364,0.928582,0.006043,0.009145,0.045517,0.069718,0.050000,0,0,6,0,0
water_fire,srd_restart,aw0p125,1375,7405.634,0.114261,0.896919,0.915825,0.878013,14,0.00004031,1,0.053360,0.046301,0.060418,0.946485,0.953908,0.939063,0.944645,0.958228,0.931061,0.006020,0.008931,0.041420,0.067436,0.050000,0,0,6,0,0
water_fire,srd_restart,aw0p125,1400,7624.265,0.112294,0.898105,0.917187,0.879023,14,0.00009533,1,0.053166,0.047307,0.059024,0.946719,0.953063,0.940376,0.945742,0.960577,0.930906,0.006144,0.008606,0.039102,0.067356,0.050000,0,0,6,0,0
water_fire,srd_restart,aw0p125,1425,7642.651,0.113396,0.896751,0.914683,0.878819,14,0.00005663,2,0.052339,0.049992,0.054686,0.947405,0.950523,0.944287,0.943644,0.960409,0.926878,0.006599,0.007944,0.039065,0.071308,0.050000,0,0,6,0,0
water_fire,srd_restart,aw0p125,1450,7844.221,0.113015,0.897064,0.915070,0.879058,13,0.00001240,2,0.055082,0.050830,0.059334,0.944946,0.949793,0.940100,0.946400,0.961584,0.931216,0.006508,0.008609,0.037898,0.067184,0.050000,0,0,7,0,0
water_fire,srd_restart,aw0p125,1475,7861.125,0.112934,0.896997,0.916494,0.877500,13,0.00000759,1,0.055850,0.050663,0.061038,0.944246,0.950017,0.938476,0.946993,0.962926,0.931061,0.006498,0.008743,0.036727,0.067200,0.050000,0,0,7,0,0
water_fire,srd_restart,aw0p125,1500,8056.652,0.113798,0.896477,0.916494,0.876460,13,0.00001364,1,0.055773,0.050663,0.060883,0.944281,0.950017,0.938546,0.946374,0.962926,0.929822,0.006458,0.008925,0.036115,0.068405,0.050000,0,0,7,0,0
cat_face_bass,srd_restart,aw0p125,1,1.536,1.033318,0.170983,0.165524,0.176443,20,0.00068116,0,0.121413,0.079432,0.163394,0.624523,0.692248,0.556798,0.191972,0.178671,0.205273,0.019703,0.037163,0.818176,0.792573,0.050000,0,0,0,0,0
cat_face_bass,srd_restart,aw0p125,25,27.070,0.822811,0.287350,0.261891,0.312809,20,0.00001953,1,0.071719,0.047419,0.096018,0.816912,0.852612,0.781211,0.308577,0.274310,0.342845,0.011739,0.021620,0.723153,0.655570,0.050000,0,0,0,0,0
cat_face_bass,srd_restart,aw0p125,50,348.485,0.666108,0.405119,0.333945,0.476292,20,0.00003805,2,0.052092,0.035614,0.068569,0.893953,0.906635,0.881270,0.427395,0.345838,0.508951,0.008509,0.015384,0.651628,0.489391,0.050000,0,0,0,0,0
cat_face_bass,srd_restart,aw0p125,75,374.275,0.536778,0.518241,0.400193,0.636288,20,0.00021075,2,0.043369,0.037915,0.048823,0.924091,0.916354,0.931829,0.541360,0.415366,0.667354,0.009344,0.010837,0.581977,0.329840,0.050000,0,0,0,0,0
cat_face_bass,srd_restart,aw0p125,100,682.233,0.436111,0.606740,0.475998,0.737483,20,0.00106840,2,0.035724,0.037815,0.033634,0.943318,0.928894,0.957743,0.628142,0.493998,0.762287,0.009324,0.007144,0.503405,0.235575,0.050000,0,0,0,0,0
cat_face_bass,srd_restart,aw0p125,125,708.444,0.361483,0.676427,0.546763,0.806091,20,0.00084688,3,0.030898,0.042917,0.018878,0.953768,0.930005,0.977531,0.695768,0.570228,0.821308,0.010422,0.004234,0.428142,0.176388,0.050000,0,0,0,0,0
cat_face_bass,srd_restart,aw0p125,150,1013.055,0.339147,0.702297,0.583413,0.821181,20,0.00061917,5,0.035566,0.051821,0.019312,0.949789,0.922129,0.977448,0.725343,0.613645,0.837040,0.012627,0.003936,0.384248,0.160679,0.050000,0,0,0,0,0
cat_face_bass,srd_restart,aw0p125,175,1038.853,0.300590,0.739618,0.641560,0.837677,20,0.00026209,1,0.035942,0.051921,0.019963,0.952865,0.928562,0.977168,0.764635,0.674870,0.854399,0.012615,0.004208,0.322810,0.143417,0.050000,0,0,0,0,0
cat_face_bass,srd_restart,aw0p125,200,1342.718,0.270954,0.763661,0.670164,0.857158,20,0.00030722,1,0.031408,0.048820,0.013996,0.959603,0.935055,0.984152,0.786018,0.702881,0.869155,0.011928,0.002808,0.295686,0.127908,0.050000,0,0,0,0,0
cat_face_bass,srd_restart,aw0p125,225,1368.820,0.253443,0.784697,0.696852,0.872543,20,0.00010411,3,0.035268,0.055022,0.015515,0.956581,0.930371,0.982792,0.810637,0.735194,0.886080,0.013457,0.003080,0.263197,0.111248,0.050000,0,0,0,0,0
cat_face_bass,srd_restart,aw0p125,250,1665.122,0.234285,0.801863,0.724734,0.878991,19,0.00045931,3,0.036321,0.053221,0.019421,0.956803,0.934820,0.978786,0.829683,0.763305,0.896062,0.012851,0.003634,0.234524,0.101530,0.050000,0,0,1,0,0
cat_face_bass,srd_restart,aw0p125,275,1690.084,0.226344,0.817202,0.746527,0.887876,19,0.00042375,2,0.041142,0.058523,0.023760,0.952786,0.931047,0.974526,0.849594,0.790216,0.908973,0.014487,0.004903,0.208265,0.088708,0.050000,0,0,1,0,0
cat_face_bass,srd_restart,aw0p125,300,1990.665,0.216891,0.829936,0.768782,0.891090,19,0.00048178,1,0.043355,0.062625,0.024086,0.951542,0.928799,0.974285,0.864740,0.816927,0.912553,0.015632,0.005156,0.181141,0.085659,0.050000,0,0,1,0,0
cat_face_bass,srd_restart,aw0p125,325,2015.404,0.211236,0.831974,0.776320,0.887629,19,0.00030555,1,0.041479,0.059524,0.023435,0.953684,0.932517,0.974852,0.865480,0.822529,0.908430,0.014870,0.004659,0.176473,0.089343,0.050000,0,0,1,0,0
cat_face_bass,srd_restart,aw0p125,350,2294.996,0.202850,0.837162,0.783804,0.890520,18,0.00016302,2,0.039235,0.058723,0.019746,0.956315,0.933911,0.978718,0.868968,0.829832,0.908105,0.014444,0.003852,0.169436,0.089664,0.050000,0,0,2,0,0
cat_face_bass,srd_restart,aw0p125,375,2318.653,0.202515,0.837742,0.785518,0.889965,18,0.00020168,3,0.038926,0.058323,0.019529,0.956686,0.934443,0.978930,0.869339,0.831333,0.907345,0.014439,0.003923,0.167183,0.090667,0.050000,0,0,2,0,0
cat_face_bass,srd_restart,aw0p125,400,2595.879,0.202401,0.839285,0.789598,0.888971,18,0.00024473,2,0.040978,0.059824,0.022133,0.954751,0.933281,0.976221,0.872741,0.836835,0.908647,0.014698,0.004427,0.162028,0.089433,0.050000,0,0,2,0,0
cat_face_bass,srd_restart,aw0p125,425,2619.253,0.199175,0.842277,0.794023,0.890530,18,0.00016164,2,0.039327,0.057823,0.020831,0.956595,0.935592,0.977599,0.874509,0.839936,0.909081,0.014481,0.004217,0.159329,0.089206,0.050000,0,0,2,0,0
cat_face_bass,srd_restart,aw0p125,450,2912.858,0.199197,0.844836,0.801679,0.887994,18,0.00003520,0,0.042347,0.060824,0.023869,0.953836,0.933253,0.974419,0.879815,0.850440,0.909190,0.015257,0.004843,0.148828,0.088714,0.050000,0,0,2,0,0
cat_face_bass,srd_restart,aw0p125,475,2936.988,0.192645,0.852690,0.814221,0.891159,18,0.00004094,0,0.042781,0.060824,0.024737,0.953920,0.934213,0.973626,0.888475,0.863745,0.913204,0.015226,0.005382,0.135599,0.084773,0.050000,0,0,2,0,0
cat_face_bass,srd_restart,aw0p125,500,3209.113,0.183795,0.861386,0.831983,0.890790,18,0.00004031,2,0.044428,0.061625,0.027232,0.952940,0.934780,0.971100,0.899151,0.883253,0.915048,0.015447,0.005649,0.115909,0.082860,0.050000,0,0,2,0,0
cat_face_bass,srd_restart,aw0p125,525,3232.532,0.174938,0.870436,0.850090,0.890782,18,0.00002765,1,0.043448,0.061725,0.025171,0.954583,0.935989,0.973176,0.907882,0.902561,0.913204,0.015419,0.005548,0.096764,0.085333,0.050000,0,0,2,0,0
cat_face_bass,srd_restart,aw0p125,550,3503.537,0.166458,0.876710,0.863898,0.889523,18,0.00003177,1,0.044679,0.062125,0.027232,0.953823,0.936587,0.971060,0.915657,0.917567,0.913746,0.015527,0.005350,0.081494,0.084361,0.050000,0,0,2,0,0
cat_face_bass,srd_restart,aw0p125,575,3526.696,0.160673,0.882051,0.872890,0.891213,18,0.00001924,0,0.044078,0.060924,0.027232,0.954693,0.938273,0.971113,0.920776,0.926070,0.915482,0.015310,0.005466,0.072400,0.082707,0.050000,0,0,2,0,0
cat_face_bass,srd_restart,aw0p125,600,3798.094,0.155530,0.885990,0.879286,0.892695,18,0.00001727,0,0.042690,0.059124,0.026256,0.956221,0.940303,0.972139,0.923703,0.931273,0.916133,0.014874,0.005305,0.067633,0.081967,0.050000,0,0,2,0,0
cat_face_bass,srd_restart,aw0p125,625,3821.690,0.151929,0.888291,0.887986,0.888595,18,0.00001581,0,0.042848,0.059224,0.026473,0.956280,0.940764,0.971795,0.926348,0.940576,0.912119,0.014807,0.005113,0.058418,0.086058,0.050000,0,0,2,0,0
cat_face_bass,srd_restart,aw0p125,650,4094.985,0.147434,0.892778,0.896914,0.888643,18,0.00000872,0,0.042353,0.056823,0.027883,0.956911,0.943443,0.970378,0.930650,0.947879,0.913421,0.014355,0.005486,0.051122,0.085000,0.050000,0,0,2,0,0
cat_face_bass,srd_restart,aw0p125,675,4118.202,0.144941,0.894578,0.900114,0.889042,18,0.00000830,0,0.042156,0.057623,0.026690,0.957258,0.942925,0.971590,0.932375,0.951981,0.912770,0.014348,0.005274,0.047454,0.085442,0.050000,0,0,2,0,0
cat_face_bass,srd_restart,aw0p125,700,4390.506,0.145539,0.893930,0.899451,0.888408,18,0.00000881,0,0.043133,0.057623,0.028643,0.956248,0.942885,0.969610,0.932568,0.951281,0.913855,0.014361,0.005563,0.047432,0.084246,0.050000,0,0,2,0,0
cat_face_bass,srd_restart,aw0p125,725,4413.945,0.143210,0.897520,0.903272,0.891769,18,0.00000842,0,0.041760,0.058023,0.025496,0.957819,0.942761,0.972876,0.935094,0.955682,0.914506,0.014454,0.005379,0.043941,0.083802,0.050000,0,0,2,0,0
cat_face_bass,srd_restart,aw0p125,750,4686.796,0.142600,0.898927,0.912512,0.885342,18,0.00000150,0,0.044365,0.055422,0.033308,0.955228,0.945585,0.964870,0.938958,0.963085,0.914831,0.013924,0.006652,0.037012,0.083578,0.050000,0,0,2,0,0
cat_face_bass,srd_restart,aw0p125,775,4710.014,0.140776,0.900143,0.914310,0.885975,18,0.00000151,0,0.044253,0.054222,0.034284,0.955339,0.946743,0.963935,0.940118,0.963886,0.916350,0.013650,0.006844,0.035334,0.082258,0.050000,0,0,2,0,1
cat_face_bass,srd_restart,aw0p125,800,4986.275,0.134488,0.903016,0.912862,0.893171,18,0.00000031,0,0.039329,0.053922,0.024737,0.960306,0.946928,0.973684,0.938675,0.962085,0.915265,0.013561,0.005078,0.037123,0.082744,0.050000,0,0,2,0,1
cat_face_bass,srd_restart,aw0p125,825,5009.764,0.136330,0.901579,0.913564,0.889594,18,0.00000052,0,0.039576,0.053221,0.025930,0.959980,0.947586,0.972373,0.937423,0.962185,0.912661,0.013291,0.005465,0.036818,0.085792,0.050000,0,0,2,0,1
cat_face_bass,srd_restart,aw0p125,850,5282.741,0.132148,0.904519,0.917174,0.891863,18,0.00000047,0,0.040111,0.050820,0.029402,0.959440,0.949911,0.968968,0.940936,0.963786,0.918086,0.012642,0.005881,0.035577,0.080537,0.050000,0,0,2,0,1
cat_face_bass,srd_restart,aw0p125,875,5306.139,0.130511,0.905929,0.917143,0.894715,18,0.00000091,0,0.039423,0.050420,0.028426,0.960150,0.950266,0.970033,0.941766,0.963385,0.920148,0.012636,0.005661,0.036004,0.078646,0.050000,0,0,2,0,1
cat_face_bass,srd_restart,aw0p125,900,5575.998,0.129001,0.905997,0.918511,0.893482,18,0.00000072,0,0.038585,0.048419,0.028751,0.960898,0.952127,0.969669,0.941078,0.962985,0.919171,0.012124,0.005669,0.036293,0.079363,0.050000,0,0,2,0,1
cat_face_bass,srd_restart,aw0p125,925,5599.529,0.130157,0.906234,0.918795,0.893673,18,0.00000048,0,0.040108,0.049620,0.030596,0.959457,0.951066,0.967849,0.942701,0.964386,0.921016,0.012465,0.005982,0.034972,0.077763,0.050000,0,0,2,0,1
cat_face_bass,srd_restart,aw0p125,950,5876.174,0.129546,0.905831,0.917675,0.893987,18,0.00000072,0,0.039227,0.049920,0.028534,0.960321,0.950740,0.969902,0.941491,0.963485,0.919497,0.012473,0.005520,0.035775,0.079377,0.050000,0,0,2,0,1
cat_face_bass,srd_restart,aw0p125,975,5899.880,0.131363,0.905589,0.916873,0.894305,18,0.00000060,0,0.040608,0.050620,0.030596,0.958972,0.950074,0.967871,0.942476,0.963285,0.921666,0.012780,0.006045,0.035327,0.076795,0.050000,0,0,2,0,1
cat_face_bass,srd_restart,aw0p125,1000,6172.627,0.128987,0.906004,0.918486,0.893523,18,0.00000388,0,0.039741,0.049320,0.030162,0.959795,0.951318,0.968272,0.942129,0.963786,0.920473,0.012396,0.005707,0.035083,0.078061,0.050000,0,0,2,0,1
cat_face_bass,srd_restart,aw0p125,1025,6196.110,0.131929,0.904025,0.915049,0.893000,18,0.00000510,0,0.040403,0.051621,0.029185,0.959155,0.949087,0.969222,0.940674,0.962285,0.919063,0.012879,0.005571,0.036913,0.079345,0.050000,0,0,2,0,1
cat_face_bass,srd_restart,aw0p125,1050,6471.192,0.131946,0.904537,0.916262,0.892812,18,0.00001110,0,0.040361,0.051321,0.029402,0.959209,0.949418,0.969000,0.941174,0.963285,0.919063,0.012866,0.005662,0.036058,0.079591,0.050000,0,0,2,0,1
cat_face_bass,srd_restart,aw0p125,1075,6494.755,0.132142,0.904149,0.916976,0.891323,18,0.00000875,0,0.041095,0.051921,0.030270,0.958506,0.948922,0.968089,0.941444,0.964586,0.918303,0.013019,0.005733,0.034562,0.079694,0.050000,0,0,2,0,1
cat_face_bass,srd_restart,aw0p125,1100,6764.207,0.128705,0.907908,0.917690,0.898126,18,0.00002188,0,0.037920,0.051321,0.024520,0.961768,0.949493,0.974044,0.942467,0.964786,0.920148,0.012912,0.005171,0.034507,0.078205,0.050000,0,0,2,0,1
cat_face_bass,srd_restart,aw0p125,1125,6787.640,0.128483,0.907270,0.919292,0.895248,18,0.00001485,0,0.039285,0.051120,0.027449,0.960388,0.949754,0.971023,0.943054,0.966287,0.919822,0.012788,0.005379,0.033258,0.078353,0.050000,0,0,2,0,1
cat_face_bass,srd_restart,aw0p125,1150,7062.217,0.128467,0.907790,0.918499,0.897081,18,0.00001653,0,0.038217,0.050720,0.025713,0.961442,0.950069,0.972815,0.942617,0.965086,0.920148,0.012743,0.005308,0.034237,0.078262,0.050000,0,0,2,0,1
cat_face_bass,srd_restart,aw0p125,1175,7085.490,0.128219,0.907587,0.919135,0.896038,18,0.00002472,0,0.038613,0.050320,0.026907,0.961023,0.950458,0.971589,0.942767,0.965386,0.920148,0.012515,0.005495,0.033914,0.078410,0.050000,0,0,2,0,1
cat_face_bass,srd_restart,aw0p125,1200,7363.135,0.129254,0.907814,0.919550,0.896078,18,0.00008425,0,0.037888,0.049520,0.026256,0.961717,0.951193,0.972241,0.942346,0.965086,0.919605,0.012542,0.005724,0.033896,0.078366,0.050000,0,0,2,0,1
cat_face_bass,srd_restart,aw0p125,1225,7386.626,0.127096,0.908122,0.920957,0.895286,18,0.00005964,0,0.039040,0.049220,0.028860,0.960576,0.951532,0.969621,0.943705,0.966287,0.921124,0.012384,0.005669,0.032794,0.076889,0.050000,0,0,2,0,1
cat_face_bass,srd_restart,aw0p125,1250,7663.063,0.125383,0.909442,0.922241,0.896643,18,0.00006231,0,0.038743,0.049820,0.027666,0.960956,0.951061,0.970850,0.944818,0.968187,0.921449,0.012411,0.005486,0.030663,0.076837,0.050000,0,0,2,0,1
cat_face_bass,srd_restart,aw0p125,1275,7686.386,0.123590,0.910395,0.923525,0.897265,18,0.00003777,0,0.037688,0.047819,0.027558,0.961945,0.952911,0.970978,0.944840,0.967687,0.921992,0.012072,0.005360,0.030758,0.076906,0.050000,0,0,2,0,1
cat_face_bass,srd_restart,aw0p125,1300,7954.091,0.126801,0.911058,0.923649,0.898468,18,0.00002743,0,0.038213,0.049520,0.026907,0.961531,0.951399,0.971664,0.946015,0.969388,0.922643,0.012361,0.006040,0.029674,0.076680,0.050000,0,0,2,0,1
cat_face_bass,srd_restart,aw0p125,1325,7977.208,0.130620,0.908558,0.922886,0.894229,18,0.00001044,0,0.041739,0.049520,0.033959,0.957967,0.951361,0.964573,0.946592,0.968587,0.924596,0.012401,0.007264,0.030175,0.073729,0.050000,0,0,2,0,1
cat_face_bass,srd_restart,aw0p125,1350,8241.753,0.127505,0.908531,0.921361,0.895702,18,0.00002527,0,0.039678,0.049520,0.029836,0.959976,0.951284,0.968668,0.944706,0.966987,0.922426,0.012458,0.005964,0.031751,0.075841,0.050000,0,0,2,0,1
cat_face_bass,srd_restart,aw0p125,1375,8264.886,0.127432,0.908948,0.921824,0.896072,18,0.00001802,0,0.040499,0.050620,0.030379,0.959237,0.950329,0.968146,0.945891,0.968487,0.923294,0.012686,0.006002,0.030406,0.074927,0.050000,0,0,2,0,1
cat_face_bass,srd_restart,aw0p125,1400,8536.992,0.126491,0.910541,0.922264,0.898818,18,0.00002837,0,0.039219,0.050120,0.028317,0.960534,0.950796,0.970273,0.946379,0.968487,0.924270,0.012493,0.006014,0.030281,0.074604,0.050000,0,0,2,0,1
cat_face_bass,srd_restart,aw0p125,1425,8559.948,0.126158,0.909489,0.922228,0.896751,18,0.00002890,0,0.041409,0.050920,0.031898,0.958381,0.950083,0.966678,0.947271,0.969188,0.925355,0.012591,0.006104,0.029512,0.073199,0.050000,0,0,2,0,1
cat_face_bass,srd_restart,aw0p125,1450,8820.999,0.126727,0.909490,0.922769,0.896211,18,0.00005014,0,0.039962,0.049220,0.030704,0.959726,0.951622,0.967830,0.945958,0.968187,0.923728,0.012359,0.006162,0.030402,0.074817,0.050000,0,0,2,0,1
cat_face_bass,srd_restart,aw0p125,1475,8843.952,0.125670,0.910421,0.922468,0.898375,18,0.00005098,0,0.038560,0.049020,0.028100,0.961130,0.951786,0.970474,0.945653,0.967687,0.923619,0.012286,0.005864,0.031278,0.074786,0.050000,0,0,2,0,1
cat_face_bass,srd_restart,aw0p125,1500,9116.814,0.125891,0.909719,0.921023,0.898416,18,0.00006559,0,0.038134,0.048820,0.027449,0.961507,0.951893,0.971122,0.944532,0.965986,0.923077,0.012207,0.005723,0.032792,0.075457,0.050000,0,0,2,0,1
cat_face_bass,srd_restart,aw0p125,1525,9139.959,0.135217,0.904879,0.922066,0.887693,18,0.00005666,0,0.044268,0.050020,0.038516,0.955385,0.950874,0.959896,0.945035,0.968187,0.921883,0.012440,0.007979,0.030855,0.076140,0.050000,0,0,2,0,1
cat_face_bass,srd_restart,aw0p125,1550,9411.221,0.133290,0.905013,0.921429,0.888598,18,0.00005861,0,0.042352,0.050420,0.034284,0.957262,0.950486,0.964038,0.943475,0.967887,0.919063,0.012664,0.006863,0.030746,0.079533,0.050000,0,0,2,0,1
cat_face_bass,srd_restart,aw0p125,1575,9434.453,0.132538,0.905168,0.921948,0.888387,18,0.00005719,0,0.041514,0.049720,0.033308,0.958061,0.951136,0.964986,0.942882,0.967787,0.917978,0.012478,0.006693,0.031189,0.080437,0.050000,0,0,2,0,1
dance_argument,srd_restart,aw0p125,1,1.519,1.082592,0.175674,0.191143,0.160205,20,0.00000000,0,0.193309,0.249587,0.137032,0.529849,0.489009,0.570689,0.210504,0.238850,0.182158,0.033918,0.040934,0.753359,0.813010,0.050000,0,0,0,0,0
dance_argument,srd_restart,aw0p125,25,27.047,0.821196,0.280422,0.310555,0.250289,20,0.00000448,0,0.094530,0.136108,0.052952,0.777157,0.721622,0.832692,0.308183,0.352825,0.263542,0.018267,0.015497,0.640640,0.731632,0.050000,0,0,0,0,0
dance_argument,srd_restart,aw0p125,50,334.382,0.732343,0.341414,0.387975,0.294853,20,0.00008722,1,0.074152,0.104394,0.043909,0.839623,0.804092,0.875155,0.368138,0.428477,0.307799,0.013987,0.012671,0.564062,0.687234,0.050000,0,0,0,0,0
dance_argument,srd_restart,aw0p125,75,360.053,0.651776,0.414729,0.456222,0.373236,20,0.00003972,2,0.071656,0.101751,0.041562,0.867531,0.831648,0.903415,0.445696,0.502643,0.388749,0.013729,0.012028,0.491495,0.605943,0.050000,0,0,0,0,0
dance_argument,srd_restart,aw0p125,100,658.611,0.584087,0.473861,0.530059,0.417662,19,0.00031075,1,0.068496,0.096300,0.040692,0.886118,0.857840,0.914395,0.507881,0.581103,0.434658,0.012620,0.011796,0.412398,0.560020,0.050000,0,0,1,0,0
dance_argument,srd_restart,aw0p125,125,683.217,0.528151,0.526227,0.595995,0.456460,19,0.00044748,3,0.068696,0.096961,0.040431,0.896196,0.870847,0.921545,0.564349,0.653783,0.474915,0.012792,0.011648,0.339990,0.520165,0.050000,0,0,1,0,0
dance_argument,srd_restart,aw0p125,150,985.908,0.494870,0.553372,0.636702,0.470043,19,0.00057725,3,0.070834,0.109845,0.031823,0.901946,0.865466,0.938425,0.595821,0.706640,0.485001,0.014601,0.009310,0.287104,0.510539,0.050000,0,0,1,0,0
dance_argument,srd_restart,aw0p125,175,1011.073,0.451913,0.592299,0.673074,0.511524,19,0.00019783,2,0.073512,0.117113,0.029910,0.905755,0.865235,0.946275,0.639362,0.751900,0.526824,0.015505,0.008531,0.242710,0.468551,0.050000,0,0,1,0,0
dance_argument,srd_restart,aw0p125,200,1312.804,0.409762,0.627547,0.707174,0.547921,19,0.00016060,3,0.063531,0.098282,0.028780,0.919548,0.887672,0.951424,0.670183,0.776677,0.563690,0.013213,0.008036,0.217506,0.431803,0.050000,0,0,1,0,0
dance_argument,srd_restart,aw0p125,225,1337.650,0.380652,0.650005,0.730555,0.569454,19,0.00006213,0,0.061627,0.097952,0.025302,0.924818,0.891173,0.958464,0.692988,0.802114,0.583862,0.012488,0.007267,0.191057,0.412119,0.050000,0,0,1,0,0
dance_argument,srd_restart,aw0p125,250,1634.880,0.358610,0.664436,0.731770,0.597103,19,0.00002636,0,0.056566,0.098612,0.014520,0.933665,0.890739,0.976591,0.704852,0.803931,0.605773,0.012913,0.004219,0.190396,0.389731,0.050000,0,0,1,0,0
dance_argument,srd_restart,aw0p125,275,1659.711,0.334440,0.683881,0.739544,0.628218,19,0.00005814,1,0.053558,0.093987,0.013129,0.937855,0.895921,0.979789,0.722759,0.809052,0.636466,0.011954,0.003553,0.184799,0.359944,0.050000,0,0,1,0,0
dance_argument,srd_restart,aw0p125,300,1962.055,0.320862,0.699560,0.746440,0.652680,19,0.00007662,0,0.052954,0.090519,0.015390,0.938616,0.899927,0.977305,0.738366,0.814007,0.662725,0.011951,0.003927,0.181054,0.333533,0.050000,0,0,1,0,0
dance_argument,srd_restart,aw0p125,325,1986.925,0.297590,0.722535,0.750652,0.694418,19,0.00001094,0,0.047177,0.077139,0.017216,0.944557,0.912906,0.976208,0.757465,0.808556,0.706373,0.010436,0.004557,0.185499,0.289722,0.050000,0,0,1,0,0
dance_argument,srd_restart,aw0p125,350,2284.873,0.271671,0.750970,0.753601,0.748338,19,0.00002110,0,0.049112,0.077965,0.020259,0.943291,0.912430,0.974151,0.787927,0.812355,0.763499,0.010534,0.005356,0.183112,0.233078,0.050000,0,0,1,0,0
dance_argument,srd_restart,aw0p125,375,2310.447,0.261939,0.759627,0.759612,0.759642,19,0.00002903,1,0.047608,0.074001,0.021216,0.945108,0.916837,0.973380,0.795791,0.815824,0.775759,0.009917,0.005662,0.178875,0.220329,0.050000,0,0,1,0,0
dance_argument,srd_restart,aw0p125,400,2611.997,0.259919,0.759080,0.749316,0.768844,19,0.00004196,1,0.053476,0.087215,0.019737,0.939370,0.903297,0.975444,0.799343,0.814668,0.784019,0.010665,0.005200,0.180410,0.212450,0.050000,0,0,1,0,0
dance_argument,srd_restart,aw0p125,425,2637.736,0.255817,0.764112,0.752762,0.775461,19,0.00006095,1,0.046982,0.076313,0.017651,0.946021,0.913918,0.978123,0.799678,0.810208,0.789149,0.010461,0.004589,0.184020,0.207124,0.050000,0,0,1,0,0
dance_argument,srd_restart,aw0p125,450,2924.913,0.246057,0.773398,0.762392,0.784404,18,0.00003456,2,0.042766,0.066402,0.019129,0.950562,0.924493,0.976631,0.806212,0.813016,0.799409,0.008999,0.005111,0.182107,0.197082,0.050000,0,0,2,0,0
dance_argument,srd_restart,aw0p125,475,2948.936,0.252542,0.769676,0.753450,0.785903,18,0.00001152,2,0.054159,0.089362,0.018955,0.939346,0.901815,0.976877,0.810790,0.820780,0.800800,0.011644,0.005167,0.175018,0.195561,0.050000,0,0,2,0,0
dance_argument,srd_restart,aw0p125,500,3233.254,0.248533,0.775090,0.757507,0.792673,18,0.00002067,2,0.056032,0.089197,0.022868,0.937504,0.902439,0.972570,0.817937,0.825074,0.810799,0.011754,0.005884,0.170384,0.185549,0.050000,0,0,2,0,0
dance_argument,srd_restart,aw0p125,525,3257.510,0.252011,0.774053,0.748089,0.800017,18,0.00002954,1,0.061557,0.102246,0.020868,0.932383,0.889681,0.975086,0.820645,0.824579,0.816712,0.013516,0.005634,0.171299,0.179488,0.050000,0,0,2,0,0
dance_argument,srd_restart,aw0p125,550,3539.150,0.267708,0.764225,0.724640,0.803810,18,0.00002531,3,0.078692,0.134952,0.022433,0.916235,0.859041,0.973429,0.822137,0.822431,0.821842,0.017579,0.005874,0.172978,0.174781,0.050000,0,0,2,0,0
dance_argument,srd_restart,aw0p125,575,3563.220,0.269183,0.769961,0.733962,0.805960,18,0.00001573,2,0.082566,0.138091,0.027041,0.913251,0.858137,0.968365,0.831535,0.835315,0.827754,0.018428,0.007621,0.160909,0.169044,0.050000,0,0,2,0,0
dance_argument,srd_restart,aw0p125,600,3846.798,0.268489,0.767145,0.727483,0.806808,18,0.00001281,2,0.084357,0.144367,0.024346,0.911800,0.852215,0.971385,0.829479,0.832507,0.826450,0.018756,0.006768,0.162690,0.170076,0.050000,0,0,2,0,0
dance_argument,srd_restart,aw0p125,625,3870.864,0.273584,0.765418,0.724434,0.806402,18,0.00001237,1,0.088642,0.153287,0.023998,0.908365,0.844972,0.971759,0.830617,0.835481,0.825754,0.020438,0.006658,0.160215,0.170164,0.050000,0,0,2,0,0
dance_argument,srd_restart,aw0p125,650,4154.176,0.273319,0.765956,0.729842,0.802070,18,0.00001813,0,0.088086,0.151305,0.024867,0.909023,0.847410,0.970637,0.831143,0.840271,0.822015,0.020464,0.006669,0.156138,0.173411,0.050000,0,0,2,0,0
dance_argument,srd_restart,aw0p125,675,4178.192,0.270060,0.767950,0.736358,0.799541,18,0.00003418,1,0.086982,0.150314,0.023650,0.910602,0.849288,0.971915,0.832747,0.847043,0.818451,0.020196,0.006467,0.149181,0.177587,0.050000,0,0,2,0,0
dance_argument,srd_restart,aw0p125,700,4466.141,0.257996,0.779496,0.751983,0.807010,18,0.00004553,2,0.085022,0.145524,0.024520,0.913339,0.855479,0.971198,0.844106,0.861414,0.826798,0.019627,0.006844,0.134227,0.169939,0.050000,0,0,2,0,0
dance_argument,srd_restart,aw0p125,725,4490.442,0.257474,0.779586,0.755120,0.804053,18,0.00006289,1,0.085417,0.145358,0.025476,0.913072,0.856115,0.970029,0.844710,0.864883,0.824537,0.019538,0.006947,0.131066,0.171908,0.050000,0,0,2,0,0
dance_argument,srd_restart,aw0p125,750,4782.052,0.256166,0.781981,0.756854,0.807108,18,0.00005912,1,0.084870,0.144698,0.025041,0.913754,0.856886,0.970621,0.846844,0.866369,0.827319,0.019477,0.007275,0.129236,0.169000,0.050000,0,0,2,0,0
dance_argument,srd_restart,aw0p125,775,4806.244,0.259537,0.778087,0.753308,0.802865,18,0.00007146,1,0.087121,0.148332,0.025911,0.911564,0.853627,0.969502,0.844358,0.865048,0.823668,0.019742,0.007220,0.131059,0.172220,0.050000,0,0,2,0,0
dance_argument,srd_restart,aw0p125,800,5097.472,0.264794,0.776005,0.752026,0.799983,18,0.00006786,3,0.094463,0.161711,0.027215,0.905877,0.843810,0.967943,0.847696,0.873637,0.821755,0.021455,0.007591,0.122697,0.174427,0.050000,0,0,2,0,0
dance_argument,srd_restart,aw0p125,825,5121.863,0.272597,0.771561,0.756066,0.787057,18,0.00014372,2,0.097924,0.164024,0.031823,0.902598,0.842905,0.962291,0.846091,0.880079,0.812103,0.021638,0.008964,0.115145,0.185029,0.050000,0,0,2,0,0
dance_argument,srd_restart,aw0p125,850,5408.712,0.269422,0.761449,0.805351,0.717548,18,0.00011471,1,0.063557,0.098943,0.028171,0.931333,0.899446,0.963219,0.811398,0.885035,0.737762,0.012695,0.008378,0.111356,0.258741,0.050000,0,0,2,0,0
dance_argument,srd_restart,aw0p125,875,5433.030,0.268293,0.763030,0.800030,0.726030,18,0.00007108,1,0.067695,0.105220,0.030171,0.927440,0.893656,0.961225,0.816072,0.884209,0.747935,0.013537,0.008601,0.111340,0.248050,0.050000,0,0,2,0,0
dance_argument,srd_restart,aw0p125,900,5705.175,0.266059,0.766534,0.797765,0.735304,17,0.00020113,1,0.068917,0.108358,0.029476,0.926676,0.890830,0.962521,0.820593,0.884209,0.756978,0.014109,0.008296,0.113055,0.239544,0.050000,0,0,3,0,0
dance_argument,srd_restart,aw0p125,925,5728.374,0.263210,0.767925,0.794922,0.740929,17,0.00016305,2,0.066939,0.105880,0.027998,0.928525,0.892504,0.964545,0.820381,0.879088,0.761673,0.013940,0.007923,0.116573,0.234713,0.050000,0,0,3,0,0
dance_argument,srd_restart,aw0p125,950,5998.928,0.259889,0.772785,0.795739,0.749831,17,0.00006081,1,0.068734,0.108688,0.028780,0.927174,0.890315,0.964033,0.826819,0.882227,0.771411,0.014104,0.008402,0.114401,0.225242,0.050000,0,0,3,0,0
dance_argument,srd_restart,aw0p125,975,6022.051,0.255602,0.776192,0.798060,0.754325,17,0.00013831,1,0.068482,0.106706,0.030258,0.927366,0.892208,0.962524,0.830184,0.883218,0.777150,0.013802,0.008497,0.113072,0.219542,0.050000,0,0,3,0,0
dance_argument,srd_restart,aw0p125,1000,6287.669,0.250598,0.778134,0.801588,0.754680,17,0.00024923,4,0.064339,0.102246,0.026432,0.931642,0.896280,0.967003,0.829088,0.883548,0.774628,0.013377,0.007362,0.112735,0.222199,0.050000,0,0,3,0,0
dance_argument,srd_restart,aw0p125,1025,6311.005,0.246842,0.779508,0.800931,0.758085,17,0.00029776,2,0.062305,0.100264,0.024346,0.933724,0.897846,0.969602,0.828888,0.881236,0.776541,0.013015,0.006750,0.115386,0.219767,0.050000,0,0,3,0,0
dance_argument,srd_restart,aw0p125,1050,6579.623,0.240943,0.783974,0.805195,0.762754,17,0.00028740,3,0.059084,0.093822,0.024346,0.936755,0.903729,0.969782,0.831032,0.880740,0.781323,0.012133,0.006675,0.115621,0.215397,0.050000,0,0,3,0,0
dance_argument,srd_restart,aw0p125,1075,6603.030,0.237765,0.787430,0.808639,0.766222,17,0.00029851,2,0.058045,0.093657,0.022433,0.938201,0.904239,0.972162,0.833892,0.884374,0.783410,0.012111,0.006578,0.112711,0.212890,0.050000,0,0,3,0,0
dance_argument,srd_restart,aw0p125,1100,6872.291,0.236466,0.787468,0.806169,0.768767,17,0.00013424,1,0.058206,0.092501,0.023911,0.937737,0.904956,0.970519,0.833944,0.880740,0.787149,0.011808,0.006609,0.116112,0.209290,0.050000,0,0,3,0,0
dance_argument,srd_restart,aw0p125,1125,6895.687,0.231054,0.792885,0.809257,0.776514,17,0.00011192,2,0.058002,0.092005,0.023998,0.938204,0.905705,0.970704,0.839431,0.883713,0.795148,0.011845,0.006620,0.112764,0.201467,0.050000,0,0,3,0,0
dance_argument,srd_restart,aw0p125,1150,7164.409,0.229308,0.794255,0.807663,0.780846,17,0.00007155,2,0.056950,0.090684,0.023215,0.939214,0.906664,0.971764,0.839940,0.880905,0.798974,0.011709,0.006470,0.115389,0.197693,0.050000,0,0,3,0,0
dance_argument,srd_restart,aw0p125,1175,7187.666,0.228441,0.794771,0.809697,0.779845,17,0.00005037,1,0.056745,0.090188,0.023302,0.939464,0.907301,0.971628,0.840370,0.882722,0.798018,0.011595,0.006444,0.114201,0.198298,0.050000,0,0,3,0,0
dance_argument,srd_restart,aw0p125,1200,7458.494,0.227867,0.795752,0.810799,0.780705,17,0.00004733,2,0.057562,0.092170,0.022955,0.938894,0.905727,0.972061,0.842078,0.885530,0.798626,0.011947,0.006421,0.110939,0.197785,0.050000,0,0,3,0,0
dance_argument,srd_restart,aw0p125,1225,7481.858,0.226827,0.796142,0.810389,0.781895,17,0.00004837,2,0.056819,0.090684,0.022955,0.939526,0.906949,0.972102,0.841861,0.883878,0.799843,0.011737,0.006316,0.112540,0.196625,0.050000,0,0,3,0,0
dance_argument,srd_restart,aw0p125,1250,7752.884,0.225026,0.797645,0.812234,0.783056,17,0.00004199,3,0.055711,0.088206,0.023215,0.940551,0.909261,0.971841,0.842557,0.883878,0.801235,0.011493,0.006287,0.112755,0.194996,0.050000,0,0,3,0,0
dance_argument,srd_restart,aw0p125,1275,7776.114,0.224507,0.798570,0.812178,0.784962,17,0.00002404,2,0.056954,0.090519,0.023389,0.939492,0.907276,0.971708,0.844508,0.885695,0.803321,0.011650,0.006492,0.110590,0.193250,0.050000,0,0,3,0,0
dance_argument,srd_restart,aw0p125,1300,8040.474,0.224629,0.800299,0.812405,0.788192,17,0.00004856,3,0.058441,0.091840,0.025041,0.938057,0.906176,0.969937,0.847473,0.887017,0.807930,0.011889,0.006959,0.109605,0.188802,0.050000,0,0,3,0,0
dance_argument,srd_restart,aw0p125,1325,8063.535,0.223816,0.799724,0.811886,0.787562,17,0.00002976,3,0.057167,0.092336,0.021998,0.939549,0.905702,0.973396,0.845869,0.886852,0.804887,0.011775,0.006473,0.109522,0.192083,0.050000,0,0,3,0,0
dance_argument,srd_restart,aw0p125,1350,8324.564,0.221258,0.801671,0.815590,0.787753,17,0.00004453,2,0.056467,0.089197,0.023737,0.940080,0.908753,0.971408,0.847395,0.888338,0.806452,0.011366,0.006486,0.109074,0.190564,0.050000,0,0,3,0,0
dance_argument,srd_restart,aw0p125,1375,8347.299,0.223878,0.799690,0.809201,0.790180,17,0.00002506,4,0.059353,0.095144,0.023563,0.937369,0.903047,0.971691,0.847495,0.886191,0.808799,0.011989,0.006596,0.110816,0.188225,0.050000,0,0,3,0,0
dance_argument,srd_restart,aw0p125,1400,8614.202,0.222477,0.800803,0.811358,0.790247,17,0.00008306,3,0.058567,0.093657,0.023476,0.938161,0.904529,0.971793,0.848073,0.887347,0.808799,0.011908,0.006596,0.109031,0.187779,0.050000,0,0,3,0,0
dance_argument,srd_restart,aw0p125,1425,8637.122,0.222428,0.801374,0.811697,0.791051,17,0.00014271,3,0.058541,0.092996,0.024085,0.938125,0.905123,0.971128,0.848643,0.887182,0.810103,0.011892,0.006657,0.110051,0.186213,0.050000,0,0,3,0,0
dance_argument,srd_restart,aw0p125,1450,8903.676,0.225846,0.798914,0.805355,0.792472,17,0.00005697,4,0.061883,0.098117,0.025650,0.934771,0.900134,0.969408,0.848586,0.884374,0.812799,0.012345,0.007124,0.111586,0.184269,0.050000,0,0,3,0,0
dance_argument,srd_restart,aw0p125,1475,8926.613,0.224916,0.800168,0.807831,0.792504,17,0.00006111,4,0.061092,0.096796,0.025389,0.935608,0.901513,0.969703,0.849325,0.886026,0.812625,0.012413,0.007057,0.109708,0.184276,0.050000,0,0,3,0,0
dance_argument,srd_restart,aw0p125,1500,9199.694,0.226119,0.801035,0.806354,0.795716,17,0.00002992,1,0.062001,0.096961,0.027041,0.934591,0.901212,0.967971,0.850886,0.884539,0.817233,0.012389,0.007651,0.112100,0.179776,0.050000,0,0,3,0,0
dance_argument,srd_restart,aw0p125,1525,9222.617,0.223278,0.801962,0.808939,0.794985,17,0.00002835,2,0.058267,0.090188,0.026346,0.937971,0.907222,0.968721,0.848913,0.881896,0.815929,0.011518,0.007384,0.114180,0.181114,0.050000,0,0,3,0,0
dance_argument,srd_restart,aw0p125,1550,9490.426,0.223964,0.802441,0.808639,0.796243,17,0.00003191,1,0.060610,0.093657,0.027563,0.935825,0.904239,0.967410,0.851282,0.884374,0.818190,0.011772,0.007802,0.112627,0.178663,0.050000,0,0,3,0,0
dance_argument,srd_restart,aw0p125,1575,9513.200,0.220889,0.803168,0.809863,0.796472,17,0.00002693,1,0.056919,0.088537,0.025302,0.939341,0.908735,0.969947,0.849095,0.881566,0.816625,0.011257,0.007055,0.114819,0.180428,0.050000,0,0,3,0,0
dance_argument,srd_restart,aw0p125,1600,9779.195,0.222577,0.801799,0.809610,0.793988,17,0.00002623,1,0.058280,0.089693,0.026867,0.937907,0.907716,0.968098,0.848774,0.882227,0.815320,0.011270,0.007395,0.114191,0.181604,0.050000,0,0,3,0,0
dance_argument,srd_restart,aw0p125,1625,9801.824,0.219763,0.805719,0.814303,0.797135,17,0.00005418,4,0.056763,0.087876,0.025650,0.939668,0.909754,0.969581,0.851721,0.885861,0.817581,0.011223,0.007488,0.110443,0.179316,0.050000,0,0,3,0,0
dance_argument,srd_restart,aw0p125,1650,10065.276,0.214815,0.807768,0.818860,0.796675,17,0.00004954,3,0.054642,0.084242,0.025041,0.941793,0.913339,0.970248,0.852234,0.887843,0.816625,0.010687,0.006919,0.108591,0.180120,0.050000,0,0,3,0,0
dance_argument,srd_restart,aw0p125,1675,10087.861,0.212881,0.810096,0.821434,0.798758,17,0.00003658,2,0.053663,0.085068,0.022259,0.943169,0.912874,0.973463,0.853925,0.891312,0.816538,0.010982,0.006445,0.106088,0.180201,0.050000,0,0,3,0,0
dance_argument,srd_restart,aw0p125,1700,10354.797,0.214052,0.808918,0.816373,0.801464,17,0.00001711,1,0.054641,0.087545,0.021737,0.942194,0.910246,0.974141,0.853364,0.887843,0.818885,0.011398,0.006284,0.108330,0.178298,0.050000,0,0,3,0,0
dance_argument,srd_restart,aw0p125,1725,10377.562,0.210791,0.811027,0.821391,0.800663,17,0.00002008,1,0.054298,0.085728,0.022868,0.942569,0.912301,0.972836,0.855390,0.891807,0.818972,0.011097,0.006341,0.104237,0.177814,0.050000,0,0,3,0,0
dance_argument,srd_restart,aw0p125,1750,10643.275,0.209728,0.811657,0.823279,0.800034,17,0.00002657,1,0.054437,0.087050,0.021824,0.942676,0.911354,0.973998,0.856220,0.894945,0.817494,0.011218,0.006031,0.101703,0.179725,0.050000,0,0,3,0,0
dance_argument,srd_restart,aw0p125,1775,10665.879,0.211222,0.809969,0.829172,0.790767,17,0.00005958,2,0.053798,0.084903,0.022694,0.943231,0.913758,0.972704,0.854141,0.899571,0.808712,0.010917,0.006297,0.096580,0.188073,0.050000,0,0,3,0,0
dance_argument,srd_restart,aw0p125,1800,10933.625,0.213157,0.807726,0.827681,0.787770,17,0.00012522,2,0.053507,0.086059,0.020955,0.943618,0.912628,0.974608,0.851594,0.898910,0.804278,0.011002,0.006059,0.097367,0.192283,0.050000,0,0,3,0,0
dance_argument,srd_restart,aw0p125,1825,10956.367,0.211909,0.809493,0.828163,0.790822,17,0.00007272,2,0.053763,0.086224,0.021302,0.943418,0.912534,0.974302,0.853620,0.899571,0.807669,0.011235,0.005919,0.097184,0.189299,0.050000,0,0,3,0,0
dance_argument,srd_restart,aw0p125,1850,11216.859,0.210319,0.808739,0.827029,0.790450,17,0.00008105,1,0.052242,0.082920,0.021563,0.944625,0.915260,0.973991,0.851551,0.895606,0.807495,0.010667,0.005808,0.099798,0.188931,0.050000,0,0,3,0,0
dance_argument,srd_restart,aw0p125,1875,11239.284,0.210194,0.809699,0.828213,0.791184,17,0.00011002,2,0.051299,0.080773,0.021824,0.945473,0.917231,0.973715,0.851781,0.895111,0.808451,0.010432,0.005832,0.101815,0.188301,0.050000,0,0,3,0,0
dance_argument,srd_restart,aw0p125,1900,11506.544,0.209420,0.809916,0.831325,0.788506,17,0.00009374,2,0.052151,0.083086,0.021216,0.944924,0.915519,0.974329,0.852815,0.900396,0.805234,0.010742,0.005747,0.095650,0.191150,0.050000,0,0,3,0,0
dance_argument,srd_restart,aw0p125,1925,11529.128,0.209383,0.810544,0.831780,0.789308,17,0.00009362,2,0.050420,0.081103,0.019737,0.946668,0.917270,0.976065,0.852063,0.899240,0.804887,0.010447,0.005775,0.096958,0.191899,0.050000,0,0,3,0,0
dance_argument,srd_restart,aw0p125,1950,11798.359,0.210025,0.809610,0.832264,0.786955,17,0.00013992,1,0.051199,0.081269,0.021129,0.945776,0.917172,0.974381,0.851742,0.899901,0.803582,0.010500,0.005866,0.095842,0.193091,0.050000,0,0,3,0,0
dance_argument,srd_restart,aw0p125,1975,11820.928,0.210709,0.808660,0.836650,0.780669,17,0.00017993,2,0.049086,0.078956,0.019216,0.947994,0.919569,0.976419,0.849189,0.902709,0.795670,0.010198,0.005637,0.093527,0.200962,0.050000,0,0,3,0,0
dance_argument,srd_restart,aw0p125,2000,12090.379,0.210790,0.808907,0.836303,0.781511,17,0.00030179,1,0.052150,0.084737,0.019564,0.945303,0.914571,0.976036,0.851985,0.907169,0.796800,0.010654,0.005825,0.089608,0.199722,0.050000,0,0,3,0,0
dance_argument,srd_restart,aw0p125,2025,12113.286,0.213787,0.806609,0.838321,0.774898,17,0.00024724,1,0.050833,0.081929,0.019737,0.946392,0.917154,0.975631,0.848598,0.907004,0.790192,0.010514,0.005845,0.089883,0.206473,0.050000,0,0,3,0,0
dance_argument,srd_restart,aw0p125,2050,12382.155,0.211224,0.808400,0.843407,0.773394,17,0.00028346,2,0.051259,0.082260,0.020259,0.946149,0.917331,0.974968,0.850923,0.912785,0.789062,0.010447,0.005919,0.083738,0.207388,0.050000,0,0,3,0,0
dance_argument,srd_restart,aw0p125,2075,12405.092,0.210123,0.810892,0.849282,0.772503,17,0.00025212,1,0.050347,0.080608,0.020085,0.947202,0.919259,0.975145,0.852879,0.917740,0.788018,0.010478,0.006100,0.078547,0.208725,0.050000,0,0,3,0,0
dance_argument,srd_restart,aw0p125,2100,12672.059,0.208103,0.812749,0.855108,0.770390,17,0.00034840,1,0.049882,0.078461,0.021302,0.947615,0.921591,0.973639,0.854501,0.922200,0.786801,0.010093,0.006309,0.075034,0.209464,0.050000,0,0,3,0,0
dance_argument,srd_restart,aw0p125,2125,12694.720,0.202996,0.818870,0.857230,0.780511,17,0.00041138,1,0.053442,0.085233,0.021650,0.944819,0.916070,0.973567,0.863851,0.930294,0.797409,0.010910,0.006384,0.067417,0.199645,0.050000,0,0,3,0,0
dance_argument,srd_restart,aw0p125,2150,12963.458,0.198025,0.823950,0.862205,0.785696,17,0.00050885,2,0.056032,0.090849,0.021216,0.943078,0.911915,0.974240,0.871450,0.940535,0.802365,0.011932,0.006311,0.055055,0.194334,0.050000,0,0,3,0,0
dance_argument,srd_restart,aw0p125,2175,12986.128,0.196903,0.823712,0.864574,0.782849,17,0.00040909,1,0.055119,0.089197,0.021042,0.943913,0.913475,0.974351,0.870507,0.941691,0.799322,0.011605,0.006160,0.054231,0.196887,0.050000,0,0,3,0,0
dance_argument,srd_restart,aw0p125,2200,13253.389,0.195657,0.824733,0.864214,0.785253,17,0.00047828,1,0.056763,0.091179,0.022346,0.942377,0.911835,0.972919,0.872906,0.943013,0.802800,0.011981,0.006054,0.052704,0.193661,0.050000,0,0,3,0,0
dance_argument,srd_restart,aw0p125,2225,13276.151,0.193963,0.827447,0.867030,0.787863,17,0.00042806,1,0.056863,0.090684,0.023041,0.942352,0.912496,0.972208,0.875836,0.945656,0.806017,0.011895,0.006269,0.051321,0.190693,0.050000,0,0,3,0,0
dance_argument,srd_restart,aw0p125,2250,13541.799,0.187054,0.831203,0.873855,0.788552,17,0.00045971,2,0.051929,0.081599,0.022259,0.946828,0.920528,0.973129,0.875632,0.945160,0.806104,0.010529,0.005998,0.051070,0.190179,0.050000,0,0,3,0,0
dance_argument,srd_restart,aw0p125,2275,13563.853,0.189231,0.831053,0.873134,0.788972,17,0.00043055,1,0.053198,0.084572,0.021824,0.945829,0.918014,0.973643,0.876584,0.946977,0.806191,0.011174,0.006080,0.049319,0.190510,0.050000,0,0,3,0,0
dance_argument,srd_restart,aw0p125,2300,13827.636,0.189714,0.830573,0.873512,0.787634,17,0.00043016,2,0.052468,0.082590,0.022346,0.946339,0.919679,0.972999,0.875445,0.945656,0.805234,0.010894,0.006184,0.051154,0.191052,0.050000,0,0,3,0,0
dance_argument,srd_restart,aw0p125,2325,13849.683,0.189884,0.829040,0.870707,0.787373,17,0.00045105,1,0.052003,0.082094,0.021911,0.946671,0.919852,0.973490,0.873406,0.942187,0.804626,0.010554,0.006021,0.054810,0.191728,0.050000,0,0,3,0,0
dance_argument,srd_restart,aw0p125,2350,14112.420,0.190106,0.829526,0.871047,0.788005,17,0.00041164,1,0.051594,0.081103,0.022085,0.947008,0.920704,0.973311,0.873550,0.941691,0.805408,0.010693,0.006077,0.054714,0.190766,0.050000,0,0,3,0,0
dance_argument,srd_restart,aw0p125,2375,14134.646,0.188336,0.829721,0.871160,0.788281,17,0.00043035,1,0.050864,0.080773,0.020955,0.947806,0.920989,0.974624,0.873163,0.941526,0.804800,0.010421,0.005752,0.054940,0.191746,0.050000,0,0,3,0,0
dance_argument,srd_restart,aw0p125,2400,14399.351,0.187903,0.830771,0.874125,0.787417,17,0.00046262,1,0.053268,0.085233,0.021302,0.945876,0.917559,0.974194,0.876410,0.948629,0.804191,0.011021,0.005822,0.048531,0.191885,0.050000,0,0,3,0,0
dance_argument,srd_restart,aw0p125,2425,14421.583,0.193955,0.826312,0.867876,0.784748,17,0.00049689,1,0.052737,0.083911,0.021563,0.945955,0.918104,0.973807,0.871185,0.940700,0.801669,0.011152,0.006002,0.055493,0.194490,0.050000,0,0,3,0,0
dance_argument,srd_restart,aw0p125,2450,14686.839,0.188768,0.830688,0.874275,0.787100,17,0.00050401,2,0.052207,0.082590,0.021824,0.946662,0.919743,0.973582,0.875380,0.946482,0.804278,0.010823,0.005935,0.050497,0.192267,0.050000,0,0,3,0,0
dance_argument,srd_restart,aw0p125,2475,14709.395,0.189460,0.828508,0.871272,0.785745,17,0.00059344,2,0.053911,0.085563,0.022259,0.945038,0.917040,0.973036,0.874528,0.945821,0.803235,0.010847,0.005783,0.051410,0.193636,0.050000,0,0,3,0,0
dance_argument,srd_restart,aw0p125,2500,14973.288,0.186176,0.831125,0.876487,0.785763,17,0.00050475,2,0.050972,0.083251,0.018694,0.948282,0.919386,0.977179,0.874954,0.949455,0.800452,0.010865,0.004993,0.049056,0.195726,0.050000,0,0,3,0,0
dance_argument,srd_restart,aw0p125,2525,14995.512,0.183871,0.831949,0.875859,0.788039,17,0.00048138,1,0.049751,0.081764,0.017738,0.949460,0.920558,0.978362,0.874745,0.947473,0.802017,0.010575,0.004753,0.049913,0.194529,0.050000,0,0,3,0,0
dance_argument,srd_restart,aw0p125,2550,15255.646,0.183896,0.831942,0.875611,0.788273,17,0.00042229,1,0.049738,0.082260,0.017216,0.949555,0.920128,0.978981,0.874741,0.947638,0.801843,0.010729,0.004672,0.049294,0.194697,0.050000,0,0,3,0,0
dance_argument,srd_restart,aw0p125,2575,15277.631,0.183992,0.831370,0.874370,0.788371,17,0.00043408,1,0.048821,0.080773,0.016868,0.950324,0.921256,0.979392,0.873332,0.944995,0.801669,0.010467,0.004583,0.052188,0.194787,0.050000,0,0,3,0,0
dance_argument,srd_restart,aw0p125,2600,15542.809,0.186567,0.830092,0.872539,0.787646,17,0.00044670,1,0.050612,0.082094,0.019129,0.948365,0.920006,0.976725,0.873441,0.944169,0.802713,0.010638,0.005141,0.052154,0.194118,0.050000,0,0,3,0,0
dance_argument,srd_restart,aw0p125,2625,15565.341,0.185507,0.831262,0.874847,0.787677,17,0.00052482,1,0.049903,0.080938,0.018868,0.949094,0.921158,0.977030,0.874097,0.945656,0.802539,0.010634,0.005023,0.051309,0.193711,0.050000,0,0,3,0,0
dance_argument,srd_restart,aw0p125,2650,15830.362,0.184146,0.831076,0.875937,0.786215,17,0.00056687,2,0.048282,0.079782,0.016781,0.950825,0.922210,0.979440,0.872615,0.945821,0.799409,0.010401,0.004462,0.051610,0.196984,0.050000,0,0,3,0,0
dance_argument,srd_restart,aw0p125,2675,15853.380,0.186247,0.828837,0.874465,0.783208,17,0.00053259,2,0.048755,0.081599,0.015912,0.950487,0.920579,0.980394,0.870745,0.945821,0.795670,0.010668,0.004260,0.051525,0.200802,0.050000,0,0,3,0,0
dance_argument,srd_restart,aw0p125,2700,16119.784,0.183729,0.831094,0.876303,0.785886,17,0.00050735,1,0.046425,0.077635,0.015216,0.952660,0.924034,0.981285,0.871089,0.944334,0.797844,0.010195,0.004005,0.054323,0.198823,0.050000,0,0,3,0,0
dance_argument,srd_restart,aw0p125,2725,16142.616,0.182696,0.832743,0.879210,0.786277,17,0.00050343,2,0.047608,0.078956,0.016259,0.951611,0.923163,0.980058,0.873845,0.948629,0.799061,0.010301,0.004412,0.049147,0.197832,0.050000,0,0,3,0,0
dance_argument,srd_restart,aw0p125,2750,16411.103,0.185496,0.830970,0.874102,0.787837,17,0.00055948,1,0.048116,0.081103,0.015129,0.951197,0.920959,0.981434,0.872376,0.944995,0.799757,0.010630,0.004429,0.052619,0.197121,0.050000,0,0,3,0,0
dance_argument,srd_restart,aw0p125,2775,16434.225,0.184010,0.830249,0.874789,0.785708,17,0.00046005,1,0.045021,0.076478,0.013564,0.954070,0.924886,0.983253,0.869028,0.941691,0.796366,0.010029,0.004059,0.054685,0.199982,0.050000,0,0,3,0,0
dance_argument,srd_restart,aw0p125,2800,16709.839,0.182816,0.829901,0.872647,0.787155,17,0.00040324,1,0.045908,0.079121,0.012695,0.953408,0.922492,0.984325,0.869420,0.941691,0.797148,0.010193,0.003611,0.055690,0.198944,0.050000,0,0,3,0,0
dance_argument,srd_restart,aw0p125,2825,16732.921,0.181938,0.830483,0.873121,0.787845,17,0.00049541,1,0.044060,0.076644,0.011477,0.955208,0.924614,0.985802,0.868463,0.940040,0.796887,0.010198,0.003168,0.056949,0.199308,0.050000,0,0,3,0,0
dance_argument,srd_restart,aw0p125,2850,17000.947,0.178659,0.833669,0.877742,0.789596,17,0.00047820,2,0.044013,0.076809,0.011216,0.955495,0.924842,0.986147,0.871806,0.945160,0.798452,0.010032,0.003124,0.053154,0.198244,0.050000,0,0,3,0,0
dance_argument,srd_restart,aw0p125,2875,17023.979,0.177570,0.833802,0.877174,0.790429,17,0.00055997,2,0.041717,0.073175,0.010260,0.957594,0.927874,0.987315,0.869950,0.941361,0.798539,0.009536,0.002964,0.056564,0.197795,0.050000,0,0,3,0,0
dance_argument,srd_restart,aw0p125,2900,17293.481,0.174621,0.836753,0.883865,0.789641,17,0.00048570,2,0.038670,0.066733,0.010608,0.960391,0.933901,0.986882,0.870433,0.942848,0.798018,0.008803,0.003033,0.054996,0.198883,0.050000,0,0,3,0,0
dance_argument,srd_restart,aw0p125,2925,17316.626,0.173299,0.835900,0.882380,0.789419,17,0.00051939,1,0.037518,0.065907,0.009130,0.961592,0.934515,0.988669,0.868581,0.940535,0.796626,0.008455,0.002584,0.057186,0.200375,0.050000,0,0,3,0,0
dance_argument,srd_restart,aw0p125,2950,17585.878,0.173427,0.835195,0.881724,0.788666,17,0.00043509,1,0.036788,0.065576,0.007999,0.962398,0.934758,0.990038,0.867259,0.939544,0.794974,0.008395,0.002464,0.057978,0.201400,0.050000,0,0,3,0,0
dance_argument,srd_restart,aw0p125,2975,17608.636,0.172057,0.836526,0.883696,0.789356,17,0.00040977,1,0.035879,0.063759,0.007999,0.963264,0.936482,0.990047,0.867855,0.940040,0.795670,0.008303,0.002388,0.057097,0.200916,0.050000,0,0,3,0,0
dance_argument,srd_restart,aw0p125,3000,17881.268,0.170982,0.837103,0.885386,0.788820,17,0.00049537,1,0.035753,0.063594,0.007912,0.963443,0.936740,0.990146,0.868376,0.941691,0.795061,0.008305,0.002235,0.055479,0.201465,0.050000,0,0,3,0,0
dance_argument,srd_restart,aw0p125,3025,17904.344,0.169799,0.837686,0.886434,0.788938,17,0.00039733,1,0.034714,0.061777,0.007652,0.964436,0.938406,0.990467,0.868085,0.941196,0.794974,0.007971,0.002218,0.055954,0.201570,0.050000,0,0,3,0,0
dance_argument,srd_restart,aw0p125,3050,18174.642,0.172978,0.833712,0.881969,0.785455,17,0.00040584,1,0.035753,0.063594,0.007912,0.963307,0.936511,0.990104,0.864864,0.938057,0.791670,0.007900,0.002284,0.059352,0.204562,0.050000,0,0,3,0,0
dance_argument,srd_restart,aw0p125,3075,18197.639,0.169441,0.837114,0.885345,0.788883,17,0.00040944,1,0.034584,0.061777,0.007391,0.964560,0.938335,0.990786,0.867377,0.940040,0.794714,0.007886,0.002055,0.057482,0.201298,0.050000,0,0,3,0,0
dance_argument,srd_restart,aw0p125,3100,18468.240,0.169268,0.837804,0.885376,0.790232,17,0.00033590,1,0.034136,0.060621,0.007652,0.964921,0.939359,0.990482,0.867664,0.939049,0.796279,0.007794,0.002262,0.057322,0.200292,0.050000,0,0,3,0,0
dance_argument,srd_restart,aw0p125,3125,18490.947,0.167290,0.839523,0.887696,0.791350,17,0.00037623,1,0.034580,0.061943,0.007217,0.964685,0.938343,0.991027,0.869872,0.942683,0.797061,0.007963,0.002102,0.054159,0.199372,0.050000,0,0,3,0,0
dance_argument,srd_restart,aw0p125,3150,18760.421,0.168007,0.838724,0.886318,0.791131,17,0.00038726,1,0.035710,0.063594,0.007825,0.963542,0.936802,0.990281,0.870002,0.942683,0.797322,0.008149,0.002168,0.053915,0.199016,0.050000,0,0,3,0,0
dance_argument,srd_restart,aw0p125,3175,18783.241,0.168563,0.837340,0.886043,0.788638,17,0.00035803,1,0.035484,0.063925,0.007043,0.963852,0.936495,0.991210,0.868437,0.942683,0.794192,0.008061,0.002063,0.053539,0.202091,0.050000,0,0,3,0,0
dance_argument,srd_restart,aw0p125,3200,19051.634,0.167135,0.840534,0.889269,0.791800,17,0.00035840,1,0.034706,0.062108,0.007304,0.964613,0.938300,0.990926,0.871041,0.944500,0.797583,0.008190,0.002136,0.052159,0.198998,0.050000,0,0,3,0,0
dance_argument,srd_restart,aw0p125,3225,19074.516,0.166911,0.839499,0.887079,0.791918,17,0.00034529,1,0.035979,0.064916,0.007043,0.963473,0.935700,0.991246,0.871080,0.944665,0.797496,0.008201,0.002060,0.052499,0.198753,0.050000,0,0,3,0,0
dance_argument,srd_restart,aw0p125,3250,19343.546,0.165419,0.840668,0.891121,0.790214,17,0.00036329,1,0.034010,0.060456,0.007565,0.965230,0.939872,0.990588,0.870593,0.944995,0.796192,0.007743,0.002069,0.052271,0.199567,0.050000,0,0,3,0,0
dance_argument,srd_restart,aw0p125,3275,19366.427,0.166738,0.839300,0.887149,0.791451,17,0.00035257,1,0.036223,0.065576,0.006869,0.963292,0.935131,0.991454,0.871106,0.945325,0.796887,0.008200,0.001990,0.052116,0.199339,0.050000,0,0,3,0,0
dance_argument,srd_restart,aw0p125,3300,19633.593,0.166414,0.839948,0.886822,0.793074,17,0.00036522,1,0.036097,0.065411,0.006782,0.963415,0.935252,0.991578,0.871641,0.944830,0.798452,0.008391,0.001880,0.052255,0.197891,0.050000,0,0,3,0,0
dance_argument,srd_restart,aw0p125,3325,19656.575,0.166534,0.839731,0.887370,0.792091,17,0.00035312,1,0.035153,0.063264,0.007043,0.964205,0.937162,0.991248,0.870589,0.943508,0.797670,0.008111,0.002040,0.052551,0.198812,0.050000,0,0,3,0,0
dance_argument,srd_restart,aw0p125,3350,19922.858,0.167267,0.839691,0.887269,0.792113,17,0.00037446,1,0.036405,0.065246,0.007565,0.963018,0.935426,0.990611,0.871632,0.945160,0.798105,0.008348,0.002068,0.052274,0.198410,0.050000,0,0,3,0,0
dance_argument,srd_restart,aw0p125,3375,19945.985,0.164505,0.842303,0.892250,0.792357,17,0.00029223,1,0.033606,0.059300,0.007912,0.965577,0.940964,0.990190,0.871893,0.945160,0.798626,0.007569,0.002370,0.051462,0.197623,0.050000,0,0,3,0,0
dance_argument,srd_restart,aw0p125,3400,20218.889,0.165254,0.840733,0.890662,0.790804,17,0.00031044,1,0.031954,0.055996,0.007912,0.966990,0.943809,0.990171,0.868798,0.940535,0.797061,0.007251,0.002220,0.055295,0.199010,0.050000,0,0,3,0,0
dance_argument,srd_restart,aw0p125,3425,20241.826,0.163015,0.841625,0.890867,0.792383,17,0.00031416,1,0.032380,0.057978,0.006782,0.966810,0.942051,0.991570,0.870137,0.942517,0.797757,0.007240,0.001982,0.053532,0.198281,0.050000,0,0,3,0,0
dance_argument,srd_restart,aw0p125,3450,20512.546,0.165957,0.840822,0.889908,0.791735,17,0.00040071,1,0.035049,0.062273,0.007825,0.964242,0.938197,0.990288,0.871628,0.945325,0.797931,0.007969,0.002209,0.051680,0.198244,0.050000,0,0,3,0,0
dance_argument,srd_restart,aw0p125,3475,20535.715,0.165127,0.842089,0.891081,0.793097,17,0.00037113,1,0.035419,0.063099,0.007738,0.963981,0.937551,0.990411,0.873271,0.947308,0.799235,0.008210,0.002101,0.049877,0.197372,0.050000,0,0,3,0,0
dance_argument,srd_restart,aw0p125,3500,20808.673,0.167108,0.839888,0.888803,0.790973,17,0.00038381,1,0.035536,0.063594,0.007478,0.963836,0.936968,0.990704,0.871106,0.945325,0.796887,0.008244,0.002129,0.051494,0.199198,0.050000,0,0,3,0,0
dance_argument,srd_restart,aw0p125,3525,20831.700,0.167421,0.839224,0.886512,0.791936,17,0.00032604,1,0.036271,0.065411,0.007130,0.963185,0.935231,0.991140,0.871041,0.944500,0.797583,0.008431,0.002010,0.052236,0.198615,0.050000,0,0,3,0,0
dance_argument,srd_restart,aw0p125,3550,21100.464,0.164471,0.842340,0.892607,0.792073,17,0.00032379,1,0.034119,0.061282,0.006956,0.965297,0.939240,0.991354,0.872445,0.947308,0.797583,0.008043,0.001990,0.049627,0.198603,0.050000,0,0,3,0,0
dance_argument,srd_restart,aw0p125,3575,21123.275,0.165625,0.841519,0.889666,0.793371,17,0.00029907,1,0.035162,0.062934,0.007391,0.964220,0.937602,0.990838,0.872445,0.945656,0.799235,0.008064,0.002153,0.051679,0.197423,0.050000,0,0,3,0,0
dance_argument,srd_restart,aw0p125,3600,21388.229,0.165449,0.841623,0.891287,0.791958,17,0.00036599,1,0.035623,0.063594,0.007652,0.963818,0.937133,0.990503,0.872993,0.947968,0.798018,0.008134,0.002110,0.049962,0.198471,0.050000,0,0,3,0,0
dance_argument,srd_restart,aw0p125,3625,21411.040,0.166472,0.841082,0.889113,0.793050,17,0.00039391,1,0.035971,0.063594,0.008347,0.963329,0.936989,0.989670,0.872663,0.945656,0.799670,0.008227,0.002280,0.051901,0.196435,0.050000,0,0,3,0,0
dance_argument,srd_restart,aw0p125,3650,21676.925,0.163076,0.845199,0.895057,0.795341,17,0.00039191,1,0.033519,0.059300,0.007738,0.965788,0.941138,0.990437,0.874814,0.948133,0.801496,0.007908,0.002229,0.049413,0.195099,0.050000,0,0,3,0,0
dance_argument,srd_restart,aw0p125,3675,21699.773,0.163426,0.842890,0.891698,0.794082,17,0.00040399,1,0.033193,0.058474,0.007912,0.965936,0.941661,0.990211,0.872102,0.943839,0.800365,0.007499,0.002213,0.052478,0.196114,0.050000,0,0,3,0,0
dance_argument,srd_restart,aw0p125,3700,21962.038,0.163972,0.843814,0.894572,0.793056,17,0.00038059,1,0.032606,0.055996,0.009217,0.966328,0.944041,0.988616,0.872515,0.944665,0.800365,0.007252,0.002648,0.052310,0.195901,0.050000,0,0,3,0,0
dance_argument,srd_restart,aw0p125,3725,21984.594,0.161888,0.844777,0.894556,0.794998,17,0.00036658,1,0.032002,0.055831,0.008173,0.967047,0.944188,0.989905,0.872998,0.944500,0.801496,0.007142,0.002378,0.052048,0.195054,0.050000,0,0,3,0,0
dance_argument,srd_restart,aw0p125,3750,22258.012,0.161650,0.844497,0.896185,0.792809,17,0.00039637,1,0.032463,0.056492,0.008434,0.966628,0.943694,0.989561,0.873154,0.946812,0.799496,0.007025,0.002496,0.050062,0.196515,0.050000,0,0,3,0,0
dance_argument,srd_restart,aw0p125,3775,22280.878,0.161957,0.843862,0.896169,0.791555,17,0.00039177,2,0.032685,0.056326,0.009043,0.966323,0.943841,0.988805,0.872680,0.946647,0.798713,0.007009,0.002564,0.049670,0.197108,0.050000,0,0,3,0,0
dance_argument,srd_restart,aw0p125,3800,22543.602,0.161735,0.845515,0.897096,0.793935,17,0.00042497,2,0.033558,0.057813,0.009304,0.965549,0.942576,0.988523,0.875140,0.948959,0.801322,0.007312,0.002644,0.048159,0.195062,0.050000,0,0,3,0,0
dance_argument,srd_restart,aw0p125,3825,22566.182,0.161653,0.845752,0.897592,0.793912,17,0.00036483,2,0.032419,0.056492,0.008347,0.966729,0.943778,0.989681,0.874419,0.948299,0.800539,0.007378,0.002442,0.048695,0.195541,0.050000,0,0,3,0,0
dance_argument,srd_restart,aw0p125,3850,22828.703,0.162400,0.844774,0.895066,0.794483,17,0.00037575,1,0.033210,0.057813,0.008608,0.965913,0.942453,0.989372,0.874067,0.946812,0.801322,0.007425,0.002530,0.049587,0.195046,0.050000,0,0,3,0,0
dance_argument,srd_restart,aw0p125,3875,22851.307,0.161611,0.845108,0.895131,0.795084,17,0.00033174,2,0.033323,0.058474,0.008173,0.965889,0.941872,0.989907,0.874528,0.947473,0.801582,0.007536,0.002291,0.049470,0.194667,0.050000,0,0,3,0,0
dance_argument,srd_restart,aw0p125,3900,23111.934,0.161898,0.844433,0.894162,0.794704,17,0.00037911,2,0.033071,0.058143,0.007999,0.966109,0.942105,0.990113,0.873606,0.946151,0.801061,0.007568,0.002163,0.050355,0.195062,0.050000,0,0,3,0,0
dance_argument,srd_restart,aw0p125,3925,23134.330,0.164048,0.843378,0.891240,0.795515,17,0.00043535,2,0.034893,0.061612,0.008173,0.964387,0.938862,0.989912,0.874084,0.946151,0.802017,0.008031,0.002219,0.050986,0.194500,0.050000,0,0,3,0,0
dance_argument,srd_restart,aw0p125,3950,23394.593,0.164728,0.842451,0.888837,0.796065,17,0.00046389,2,0.035701,0.063925,0.007478,0.963722,0.936682,0.990763,0.873836,0.945656,0.802017,0.008301,0.002136,0.051017,0.194288,0.050000,0,0,3,0,0
dance_argument,srd_restart,aw0p125,3975,23416.763,0.163659,0.843253,0.890768,0.795739,17,0.00049674,2,0.036292,0.064585,0.007999,0.963181,0.936236,0.990126,0.875201,0.948299,0.802104,0.008317,0.002190,0.048429,0.194139,0.050000,0,0,3,0,0
dance_argument,srd_restart,aw0p125,4000,23681.584,0.163098,0.844043,0.891984,0.796101,17,0.00053693,2,0.034684,0.061282,0.008086,0.964612,0.939200,0.990025,0.874593,0.946647,0.802539,0.007958,0.002170,0.050641,0.193777,0.050000,0,0,3,0,0
dance_argument,srd_restart,aw0p125,4025,23703.975,0.164932,0.842633,0.889683,0.795582,17,0.00053073,2,0.035375,0.063099,0.007652,0.964002,0.937459,0.990546,0.873745,0.945821,0.801669,0.008069,0.002224,0.051768,0.195010,0.050000,0,0,3,0,0
dance_argument,srd_restart,aw0p125,4050,23965.725,0.164270,0.842156,0.888578,0.795735,17,0.00045485,2,0.034288,0.061447,0.007130,0.965009,0.938836,0.991182,0.872293,0.943178,0.801409,0.007893,0.002079,0.053283,0.194848,0.050000,0,0,3,0,0
horse_circle,srd_restart,aw0p125,1,1.504,1.034004,0.168490,0.178654,0.158326,20,0.00000000,0,0.080760,0.087519,0.074001,0.693106,0.689439,0.696772,0.182166,0.194289,0.170042,0.023662,0.032247,0.793128,0.827608,0.050000,0,0,0,0,0
horse_circle,srd_restart,aw0p125,25,27.320,0.765486,0.289271,0.306003,0.272539,20,0.00028832,1,0.025768,0.028832,0.022703,0.920392,0.916103,0.924682,0.296776,0.314825,0.278727,0.007769,0.009827,0.671179,0.718630,0.050000,0,0,0,0,0
horse_circle,srd_restart,aw0p125,50,353.493,0.601588,0.419357,0.463682,0.375033,20,0.00034734,1,0.014006,0.017950,0.010061,0.968746,0.963364,0.974128,0.425406,0.472005,0.378806,0.004885,0.004218,0.512177,0.617689,0.050000,0,0,0,0,0
horse_circle,srd_restart,aw0p125,75,380.474,0.442301,0.570296,0.595227,0.545365,20,0.00000677,0,0.011251,0.017206,0.005295,0.981401,0.972367,0.990434,0.576861,0.605469,0.548253,0.004706,0.002313,0.380555,0.447881,0.050000,0,0,0,0,0
horse_circle,srd_restart,aw0p125,100,697.209,0.370188,0.645069,0.658770,0.631368,20,0.00021924,1,0.013216,0.020740,0.005692,0.980597,0.970079,0.991115,0.653697,0.672433,0.634962,0.005686,0.002431,0.313584,0.361551,0.050000,0,0,0,0,0
horse_circle,srd_restart,aw0p125,125,724.288,0.339587,0.675786,0.693014,0.658559,20,0.00008465,2,0.013943,0.023717,0.004170,0.980693,0.967652,0.993734,0.685377,0.709449,0.661305,0.006399,0.001811,0.277971,0.335404,0.050000,0,0,0,0,0
horse_circle,srd_restart,aw0p125,150,1041.202,0.318745,0.698206,0.723563,0.672849,20,0.00002277,2,0.013733,0.021112,0.006354,0.981461,0.972219,0.990703,0.707982,0.738839,0.677125,0.005797,0.002777,0.249145,0.319718,0.050000,0,0,0,0,0
horse_circle,srd_restart,aw0p125,175,1068.399,0.293740,0.721055,0.738743,0.703367,20,0.00011408,1,0.013491,0.022414,0.004567,0.982378,0.971179,0.993578,0.730940,0.755301,0.706579,0.006111,0.001975,0.232337,0.290295,0.050000,0,0,0,0,0
horse_circle,srd_restart,aw0p125,200,1385.414,0.266651,0.752689,0.743193,0.762184,20,0.00099080,1,0.015911,0.028181,0.003640,0.979848,0.964432,0.995264,0.764548,0.764137,0.764959,0.007884,0.001665,0.224188,0.231338,0.050000,0,0,0,0,0
horse_circle,srd_restart,aw0p125,225,1412.611,0.257388,0.781707,0.732080,0.831334,20,0.00146062,2,0.028904,0.053571,0.004236,0.965003,0.935055,0.994951,0.803077,0.771298,0.834856,0.014890,0.001855,0.217115,0.161656,0.050000,0,0,0,0,0
horse_circle,srd_restart,aw0p125,250,1740.355,0.254902,0.801641,0.721581,0.881701,20,0.00086483,1,0.041316,0.079985,0.002648,0.951965,0.906916,0.997014,0.831666,0.779297,0.884035,0.022302,0.001063,0.209029,0.112639,0.050000,0,0,0,0,0
horse_circle,srd_restart,aw0p125,275,1768.018,0.250174,0.823564,0.732067,0.915060,20,0.00036870,1,0.051468,0.096912,0.006023,0.942905,0.892311,0.993500,0.861793,0.803013,0.920572,0.027085,0.002530,0.186306,0.076604,0.050000,0,0,0,0,0
horse_circle,srd_restart,aw0p125,300,2103.147,0.242429,0.832518,0.725782,0.939254,20,0.00024337,3,0.054238,0.106027,0.002449,0.940367,0.883328,0.997406,0.872144,0.802734,0.941554,0.029420,0.001045,0.186155,0.054641,0.050000,0,0,0,0,0
horse_circle,srd_restart,aw0p125,325,2130.761,0.239457,0.838155,0.732931,0.943380,20,0.00023398,4,0.055335,0.108817,0.001853,0.939978,0.881914,0.998043,0.878907,0.812686,0.945128,0.030439,0.000915,0.176366,0.051381,0.050000,0,0,0,0,0
horse_circle,srd_restart,aw0p125,350,2456.883,0.233102,0.847245,0.753294,0.941196,20,0.00011828,4,0.057320,0.108352,0.006288,0.939268,0.885131,0.993405,0.891014,0.834914,0.947114,0.030077,0.002716,0.153916,0.049784,0.050000,0,0,0,0,0
horse_circle,srd_restart,aw0p125,375,2484.642,0.235201,0.842926,0.759757,0.926094,20,0.00004831,1,0.055438,0.103330,0.007546,0.941119,0.890261,0.991978,0.885672,0.838263,0.933082,0.028810,0.003077,0.151791,0.063449,0.050000,0,0,0,0,0
horse_circle,srd_restart,aw0p125,400,2814.471,0.229831,0.842103,0.769100,0.915106,20,0.00007776,3,0.051479,0.095610,0.007347,0.945095,0.898097,0.992093,0.882232,0.842634,0.921829,0.026668,0.003120,0.146683,0.074564,0.050000,0,0,0,0,0
horse_circle,srd_restart,aw0p125,425,2842.098,0.226625,0.839139,0.773998,0.904280,20,0.00008385,5,0.047447,0.088077,0.006818,0.948943,0.905319,0.992567,0.876307,0.842169,0.910445,0.024549,0.002880,0.147418,0.086286,0.050000,0,0,0,0,0
horse_circle,srd_restart,aw0p125,450,3163.991,0.223388,0.845233,0.768563,0.921902,20,0.00017856,3,0.049317,0.093471,0.005163,0.947185,0.899910,0.994459,0.883532,0.840402,0.926661,0.026172,0.002191,0.149115,0.070506,0.050000,0,0,0,0,0
horse_circle,srd_restart,aw0p125,475,3191.425,0.218542,0.858835,0.769095,0.948574,20,0.00021510,2,0.054233,0.103237,0.005229,0.943037,0.891527,0.994546,0.901014,0.848493,0.953535,0.028976,0.002361,0.141860,0.044224,0.050000,0,0,0,0,0
horse_circle,srd_restart,aw0p125,500,3514.811,0.217771,0.861585,0.770142,0.953027,20,0.00014715,2,0.055875,0.107050,0.004699,0.941782,0.888447,0.995116,0.905046,0.852586,0.957506,0.030086,0.002135,0.137757,0.039813,0.050000,0,0,0,0,0
horse_circle,srd_restart,aw0p125,525,3542.190,0.216740,0.861102,0.769645,0.952560,20,0.00017382,2,0.055622,0.106678,0.004567,0.941972,0.888695,0.995250,0.904329,0.851749,0.956910,0.029779,0.002015,0.138711,0.040170,0.050000,0,0,0,0,0
horse_circle,srd_restart,aw0p125,550,3873.779,0.222185,0.860957,0.765742,0.956172,20,0.00021590,3,0.058978,0.113653,0.004302,0.938969,0.882398,0.995540,0.906529,0.852772,0.960286,0.031911,0.001856,0.137132,0.036807,0.050000,0,0,0,0,0
horse_circle,srd_restart,aw0p125,575,3901.019,0.231548,0.862834,0.758009,0.967659,20,0.00089126,1,0.065693,0.126488,0.004898,0.932984,0.870980,0.994988,0.913143,0.853888,0.972399,0.035449,0.002080,0.136383,0.025237,0.050000,0,0,0,0,0
horse_circle,srd_restart,aw0p125,600,4211.207,0.225421,0.866759,0.760545,0.972973,19,0.00003927,0,0.065435,0.126767,0.004104,0.933476,0.871135,0.995817,0.916961,0.856957,0.976966,0.035197,0.001899,0.133871,0.020150,0.050000,0,0,1,0,0
horse_circle,srd_restart,aw0p125,625,4236.672,0.221704,0.871984,0.764565,0.979404,19,0.00003424,0,0.066469,0.127046,0.005891,0.932782,0.871508,0.994056,0.923437,0.861700,0.985173,0.035145,0.002621,0.129281,0.011948,0.050000,0,0,1,0,0
horse_circle,srd_restart,aw0p125,650,4542.871,0.223826,0.873294,0.764604,0.981984,19,0.00002410,0,0.068540,0.130394,0.006685,0.931097,0.868911,0.993283,0.926427,0.864304,0.988549,0.036083,0.003004,0.126195,0.008723,0.050000,0,0,1,0,0
horse_circle,srd_restart,aw0p125,675,4568.185,0.233011,0.870499,0.769998,0.971000,19,0.00004360,1,0.070060,0.128999,0.011120,0.929793,0.870784,0.988801,0.925562,0.869327,0.981798,0.036297,0.004832,0.121907,0.015019,0.050000,0,0,1,0,0
horse_circle,srd_restart,aw0p125,700,4881.794,0.234452,0.872197,0.769547,0.974846,19,0.00003845,1,0.072773,0.132440,0.013106,0.927489,0.868075,0.986904,0.929544,0.871466,0.987622,0.036617,0.005685,0.120131,0.010301,0.050000,0,0,1,0,0
horse_circle,srd_restart,aw0p125,725,4906.911,0.232900,0.874262,0.776524,0.971999,19,0.00000833,0,0.071595,0.129092,0.014098,0.928779,0.871660,0.985899,0.931235,0.876767,0.985703,0.036358,0.006113,0.114459,0.011554,0.050000,0,0,1,0,0
horse_circle,srd_restart,aw0p125,750,5208.995,0.236416,0.875734,0.784039,0.967429,19,0.00001603,0,0.074312,0.130487,0.018136,0.926797,0.871673,0.981920,0.935661,0.886347,0.984975,0.036669,0.007811,0.105210,0.011756,0.050000,0,0,1,0,0
horse_circle,srd_restart,aw0p125,775,5234.458,0.236335,0.876425,0.785491,0.967359,19,0.00004677,1,0.074076,0.128162,0.019989,0.926895,0.873648,0.980143,0.936428,0.886161,0.986696,0.036070,0.008620,0.104761,0.010326,0.050000,0,0,1,0,0
horse_circle,srd_restart,aw0p125,800,5552.335,0.237283,0.876798,0.783911,0.969685,19,0.00009884,2,0.075166,0.130673,0.019658,0.926009,0.871513,0.980505,0.937547,0.886347,0.988748,0.036624,0.008448,0.105208,0.008646,0.050000,0,0,1,0,0
horse_circle,srd_restart,aw0p125,825,5578.037,0.238696,0.878915,0.790761,0.967069,19,0.00003714,1,0.077256,0.133464,0.021048,0.924761,0.870394,0.979128,0.941861,0.896298,0.987424,0.037540,0.009064,0.095449,0.009057,0.050000,0,0,1,0,0
horse_circle,srd_restart,aw0p125,850,5886.170,0.236865,0.880969,0.796354,0.965584,19,0.00000445,1,0.077897,0.132626,0.023167,0.924448,0.871809,0.977088,0.944963,0.901972,0.987953,0.037157,0.009914,0.089057,0.008103,0.050000,0,0,1,0,0
horse_circle,srd_restart,aw0p125,875,5911.668,0.234266,0.882842,0.796797,0.968888,19,0.00000964,0,0.076764,0.132347,0.021181,0.925560,0.872078,0.979041,0.945830,0.902251,0.989410,0.037168,0.009342,0.088865,0.007569,0.050000,0,0,1,0,0
horse_circle,srd_restart,aw0p125,900,6222.295,0.224957,0.885735,0.798357,0.973114,19,0.00000397,0,0.074314,0.131882,0.016746,0.927999,0.872642,0.983356,0.946528,0.903646,0.989410,0.037029,0.007371,0.087423,0.007286,0.050000,0,0,1,0,0
horse_circle,srd_restart,aw0p125,925,6247.339,0.226261,0.885041,0.796435,0.973647,19,0.00000009,0,0.074685,0.132161,0.017209,0.927543,0.872166,0.982921,0.946048,0.901693,0.990402,0.037140,0.007468,0.089152,0.006504,0.050000,0,0,1,0,0
horse_circle,srd_restart,aw0p125,950,6542.017,0.229382,0.886409,0.800115,0.972702,19,0.00000096,0,0.077327,0.136254,0.018401,0.925713,0.869662,0.981763,0.949867,0.909133,0.990601,0.038224,0.008032,0.082667,0.006047,0.050000,0,0,1,0,0
horse_circle,srd_restart,aw0p125,975,6566.957,0.243530,0.882805,0.801422,0.964189,19,0.00000372,0,0.081964,0.138114,0.025814,0.921528,0.868491,0.974565,0.950594,0.912109,0.989079,0.038689,0.011210,0.079510,0.008353,0.050000,0,0,1,0,0
horse_circle,srd_restart,aw0p125,1000,6855.204,0.244277,0.856554,0.728486,0.984622,18,0.00001426,0,0.069397,0.135882,0.002912,0.928005,0.858950,0.997059,0.907482,0.827474,0.987490,0.038090,0.001381,0.163430,0.009335,0.050000,0,0,2,0,0
horse_circle,srd_restart,aw0p125,1025,6878.679,0.247265,0.858212,0.735469,0.980956,18,0.00003206,1,0.072669,0.140904,0.004435,0.925870,0.856221,0.995519,0.912203,0.839100,0.985306,0.039323,0.001969,0.152256,0.011897,0.050000,0,0,2,0,0
horse_circle,srd_restart,aw0p125,1050,7167.052,0.246823,0.862745,0.750325,0.975164,18,0.00005063,1,0.075879,0.144345,0.007413,0.924297,0.856083,0.992510,0.920512,0.858631,0.982393,0.040242,0.003209,0.131565,0.014400,0.050000,0,0,2,0,0
horse_circle,srd_restart,aw0p125,1075,7190.922,0.252541,0.866695,0.765733,0.967658,18,0.00003697,1,0.080230,0.145368,0.015091,0.921344,0.857819,0.984869,0.929654,0.877046,0.982261,0.040467,0.006550,0.113862,0.015028,0.050000,0,0,2,0,0
horse_circle,srd_restart,aw0p125,1100,7484.098,0.256283,0.864316,0.760649,0.967984,18,0.00002550,0,0.080695,0.146298,0.015091,0.920597,0.856321,0.984874,0.927261,0.871931,0.982592,0.040907,0.006606,0.118472,0.013954,0.050000,0,0,2,0,0
horse_circle,srd_restart,aw0p125,1125,7507.819,0.260054,0.860750,0.754890,0.966610,18,0.00004058,0,0.080443,0.145926,0.014959,0.920320,0.855658,0.984981,0.923059,0.865048,0.981070,0.040782,0.006489,0.125808,0.016078,0.050000,0,0,2,0,0
horse_circle,srd_restart,aw0p125,1150,7799.791,0.248747,0.861774,0.767932,0.955616,18,0.00002990,1,0.073224,0.129371,0.017077,0.926464,0.870194,0.982733,0.919608,0.867281,0.971935,0.036307,0.007437,0.123310,0.024188,0.050000,0,0,2,0,0
horse_circle,srd_restart,aw0p125,1175,7823.860,0.251725,0.866087,0.780576,0.951598,18,0.00003109,0,0.076462,0.130022,0.022902,0.924272,0.871531,0.977013,0.927730,0.882068,0.973392,0.036451,0.010000,0.109149,0.022643,0.050000,0,0,2,0,0
horse_circle,srd_restart,aw0p125,1200,8114.052,0.250078,0.870497,0.793075,0.947918,18,0.00006485,1,0.077518,0.128162,0.026873,0.923919,0.874704,0.973134,0.934054,0.894717,0.973392,0.035971,0.011536,0.096254,0.023754,0.050000,0,0,2,0,0
horse_circle,srd_restart,aw0p125,1225,8137.986,0.242830,0.872849,0.791512,0.954187,18,0.00006094,1,0.075377,0.126395,0.024358,0.925760,0.875834,0.975685,0.934492,0.891555,0.977429,0.035293,0.010592,0.099368,0.019128,0.050000,0,0,2,0,0
horse_circle,srd_restart,aw0p125,1250,8419.818,0.237292,0.874150,0.790576,0.957724,18,0.00005849,0,0.072756,0.123140,0.022372,0.927935,0.878208,0.977662,0.933539,0.887928,0.979150,0.034583,0.009629,0.103195,0.017607,0.050000,0,0,2,0,0
horse_circle,srd_restart,aw0p125,1275,8443.614,0.234381,0.873369,0.786732,0.960005,18,0.00004662,0,0.071207,0.122954,0.019460,0.929167,0.877830,0.980504,0.931075,0.883464,0.978687,0.034455,0.008427,0.107664,0.017977,0.050000,0,0,2,0,0
horse_circle,srd_restart,aw0p125,1300,8724.474,0.230596,0.873761,0.788107,0.959415,18,0.00004364,1,0.069569,0.121466,0.017673,0.930698,0.879175,0.982221,0.930103,0.883836,0.976370,0.034042,0.007709,0.107119,0.020000,0.050000,0,0,2,0,0
horse_circle,srd_restart,aw0p125,1325,8747.783,0.225759,0.875273,0.788565,0.961980,18,0.00004431,1,0.067887,0.120815,0.014959,0.932327,0.879744,0.984910,0.930103,0.883836,0.976370,0.034047,0.006451,0.107321,0.020152,0.050000,0,0,2,0,0
horse_circle,srd_restart,aw0p125,1350,9030.983,0.223090,0.876449,0.788881,0.964018,18,0.00004705,2,0.068029,0.122489,0.013569,0.932393,0.878483,0.986303,0.931304,0.885510,0.977098,0.034294,0.005813,0.105881,0.019371,0.050000,0,0,2,0,0
horse_circle,srd_restart,aw0p125,1375,9054.714,0.221758,0.876611,0.788631,0.964591,18,0.00005889,1,0.066947,0.120722,0.013172,0.933264,0.879826,0.986701,0.930566,0.883836,0.977297,0.033862,0.005722,0.107068,0.019692,0.050000,0,0,2,0,0
horse_circle,srd_restart,aw0p125,1400,9343.199,0.221521,0.875931,0.787449,0.964412,18,0.00004183,0,0.066856,0.121931,0.011782,0.933397,0.878723,0.988070,0.929619,0.883464,0.975774,0.034271,0.005107,0.107139,0.020814,0.050000,0,0,2,0,0
horse_circle,srd_restart,aw0p125,1425,9366.808,0.221849,0.873838,0.787013,0.960662,18,0.00004097,2,0.065662,0.120071,0.011252,0.934334,0.880119,0.988550,0.926491,0.881510,0.971472,0.033679,0.004911,0.109304,0.025615,0.050000,0,0,2,0,0
horse_circle,srd_restart,aw0p125,1450,9652.029,0.221768,0.876369,0.787738,0.965001,18,0.00004630,1,0.067182,0.122582,0.011782,0.933166,0.878256,0.988077,0.930335,0.884301,0.976370,0.034474,0.005012,0.107073,0.020513,0.050000,0,0,2,0,0
horse_circle,srd_restart,aw0p125,1475,9676.164,0.224007,0.874897,0.784857,0.964938,18,0.00008100,1,0.067912,0.123977,0.011848,0.932395,0.876779,0.988011,0.929266,0.882161,0.976370,0.034752,0.005047,0.109170,0.020339,0.050000,0,0,2,0,0
horse_circle,srd_restart,aw0p125,1500,9968.403,0.220534,0.876662,0.786004,0.967319,18,0.00005889,1,0.066852,0.123047,0.010657,0.933438,0.877659,0.989217,0.930174,0.882719,0.977628,0.034560,0.004562,0.108687,0.019320,0.050000,0,0,2,0,0
acm_scf,srd_restart,aw0p125,1,2.071,1.137716,0.162447,0.129699,0.195195,20,0.00000000,0,0.229950,0.100717,0.359184,0.505590,0.586343,0.424837,0.204034,0.142762,0.265306,0.036898,0.050068,0.852652,0.727053,0.050000,0,0,0,0,0
acm_scf,srd_restart,aw0p125,25,36.882,0.862946,0.261593,0.173241,0.349945,20,0.00000000,0,0.113286,0.047144,0.179429,0.745361,0.793728,0.696995,0.297072,0.181408,0.412735,0.016944,0.024546,0.814307,0.579665,0.050000,0,0,0,0,0
acm_scf,srd_restart,aw0p125,50,477.647,0.753923,0.330820,0.198055,0.463585,20,0.00000000,0,0.090614,0.033474,0.147755,0.821054,0.859448,0.782661,0.368383,0.204685,0.532082,0.011862,0.020251,0.790871,0.460074,0.050000,0,0,0,0,0
acm_scf,srd_restart,aw0p125,75,513.112,0.679660,0.392231,0.234776,0.549687,20,0.00000000,0,0.089090,0.031405,0.146776,0.848166,0.885197,0.811134,0.436258,0.242149,0.630367,0.010397,0.020116,0.753745,0.361467,0.050000,0,0,0,0,0
acm_scf,srd_restart,aw0p125,100,937.594,0.609281,0.442677,0.262117,0.623238,19,0.00001535,0,0.083282,0.019951,0.146612,0.880159,0.930556,0.829763,0.490979,0.267346,0.714612,0.006601,0.019924,0.728003,0.278335,0.050000,0,0,1,0,0
acm_scf,srd_restart,aw0p125,125,971.576,0.551911,0.487934,0.303471,0.672397,19,0.00004725,1,0.084963,0.011232,0.158694,0.897736,0.964692,0.830780,0.542991,0.306879,0.779102,0.003267,0.021759,0.688792,0.214759,0.050000,0,0,1,0,0
acm_scf,srd_restart,aw0p125,150,1352.825,0.522335,0.517503,0.322984,0.712022,18,0.00008929,1,0.093074,0.011453,0.174694,0.896676,0.966128,0.827224,0.581546,0.326683,0.836408,0.003099,0.023932,0.669068,0.159226,0.050000,0,0,2,0,0
acm_scf,srd_restart,aw0p125,175,1385.179,0.507939,0.533411,0.340864,0.725958,18,0.00040496,2,0.097810,0.010641,0.184980,0.896531,0.970037,0.823024,0.602368,0.344491,0.860245,0.003166,0.025409,0.651454,0.135253,0.050000,0,0,2,0,0
acm_scf,srd_restart,aw0p125,200,1774.144,0.490117,0.552156,0.353591,0.750721,18,0.00048739,1,0.099250,0.010419,0.188082,0.898757,0.971664,0.825850,0.624597,0.357275,0.891918,0.003302,0.026366,0.638272,0.103934,0.050000,0,0,2,0,0
acm_scf,srd_restart,aw0p125,225,1806.975,0.484228,0.560721,0.372671,0.748770,18,0.00044454,1,0.103167,0.011232,0.195102,0.896030,0.971059,0.821001,0.635857,0.376857,0.894857,0.004026,0.027049,0.618537,0.100692,0.050000,0,0,2,0,0
acm_scf,srd_restart,aw0p125,250,2172.758,0.462239,0.572574,0.383289,0.761858,17,0.00039094,1,0.090515,0.007315,0.173714,0.909369,0.981405,0.837334,0.640149,0.386093,0.894204,0.002308,0.024148,0.609676,0.102612,0.050000,0,0,3,0,0
acm_scf,srd_restart,aw0p125,275,2203.772,0.455646,0.579126,0.392069,0.766183,17,0.00050327,1,0.089207,0.008128,0.170286,0.910124,0.979850,0.840398,0.645955,0.395256,0.896653,0.002629,0.023612,0.600513,0.100145,0.050000,0,0,3,0,0
acm_scf,srd_restart,aw0p125,300,2567.131,0.449443,0.583665,0.399721,0.767608,17,0.00054666,1,0.088190,0.008054,0.168327,0.911185,0.980403,0.841968,0.649879,0.402941,0.896816,0.002283,0.023521,0.592848,0.098845,0.050000,0,0,3,0,0
acm_scf,srd_restart,aw0p125,325,2597.652,0.451943,0.582564,0.398036,0.767093,17,0.00040476,1,0.085681,0.008424,0.162939,0.912502,0.979445,0.845559,0.646735,0.401389,0.892082,0.002880,0.022795,0.594219,0.103703,0.050000,0,0,3,0,0
acm_scf,srd_restart,aw0p125,350,2952.130,0.450715,0.585287,0.401053,0.769521,17,0.00037741,1,0.089433,0.010050,0.168816,0.908880,0.975792,0.841969,0.652256,0.405084,0.899429,0.003381,0.023481,0.590168,0.095842,0.050000,0,0,3,0,0
acm_scf,srd_restart,aw0p125,375,2982.037,0.454675,0.581606,0.398317,0.764895,17,0.00020390,1,0.088735,0.010123,0.167347,0.908809,0.975457,0.842162,0.647624,0.402350,0.892898,0.003425,0.023230,0.592873,0.102950,0.050000,0,0,3,0,0
acm_scf,srd_restart,aw0p125,400,3310.134,0.469931,0.569677,0.380671,0.758683,16,0.00014016,1,0.093356,0.011527,0.175184,0.903358,0.970933,0.835782,0.638325,0.385059,0.891592,0.003943,0.024217,0.610414,0.103967,0.050000,0,0,4,0,0
acm_scf,srd_restart,aw0p125,425,3338.142,0.473659,0.570230,0.380455,0.760006,16,0.00029251,0,0.097754,0.012488,0.183020,0.899734,0.968599,0.830869,0.642154,0.385207,0.899102,0.004312,0.025545,0.610517,0.097535,0.050000,0,0,4,0,0
acm_scf,srd_restart,aw0p125,450,3665.215,0.468151,0.572915,0.388297,0.757534,16,0.00018580,0,0.096922,0.012784,0.181061,0.900103,0.968517,0.831689,0.643977,0.393261,0.894694,0.004030,0.025135,0.602039,0.100686,0.050000,0,0,4,0,0
acm_scf,srd_restart,aw0p125,475,3692.880,0.467807,0.575697,0.390101,0.761293,16,0.00023668,0,0.097072,0.012266,0.181878,0.900861,0.969873,0.831849,0.647321,0.394887,0.899755,0.004121,0.025592,0.600577,0.097002,0.050000,0,0,4,0,0
acm_scf,srd_restart,aw0p125,500,4018.382,0.470003,0.574762,0.393113,0.756412,16,0.00003737,0,0.101575,0.012784,0.190367,0.897183,0.968890,0.825475,0.649273,0.398138,0.900408,0.004229,0.026608,0.597376,0.095878,0.050000,0,0,4,0,0
acm_scf,srd_restart,aw0p125,525,4045.880,0.467268,0.577697,0.404647,0.750747,16,0.00000940,0,0.106632,0.011306,0.201959,0.895118,0.973115,0.817120,0.655795,0.409222,0.902367,0.003642,0.028253,0.586080,0.093280,0.050000,0,0,4,0,0
acm_scf,srd_restart,aw0p125,550,4373.334,0.473645,0.573334,0.397784,0.748884,16,0.00000242,0,0.110108,0.013523,0.206694,0.890699,0.967547,0.813851,0.653418,0.403163,0.903673,0.004047,0.028692,0.593053,0.092324,0.050000,0,0,4,0,0
acm_scf,srd_restart,aw0p125,575,4401.482,0.469941,0.574356,0.393415,0.755297,16,0.00000075,0,0.103239,0.012192,0.194286,0.896538,0.970292,0.822785,0.650126,0.398212,0.902041,0.003795,0.027265,0.597584,0.093820,0.050000,0,0,4,0,0
acm_scf,srd_restart,aw0p125,600,4733.507,0.469058,0.573293,0.391835,0.754751,16,0.00000046,0,0.103017,0.011749,0.194286,0.896948,0.971217,0.822679,0.648913,0.396438,0.901388,0.003622,0.026867,0.599159,0.095048,0.050000,0,0,4,0,0
acm_scf,srd_restart,aw0p125,625,4761.577,0.470047,0.573107,0.390424,0.755790,16,0.00000187,0,0.101105,0.010862,0.191347,0.898974,0.973214,0.824735,0.647537,0.394665,0.900408,0.003882,0.026625,0.600903,0.095135,0.050000,0,0,4,0,0
acm_scf,srd_restart,aw0p125,650,5087.294,0.471813,0.574755,0.401679,0.747831,16,0.00000829,0,0.108293,0.012340,0.204245,0.892839,0.970547,0.815132,0.653604,0.406636,0.900571,0.003888,0.028568,0.589037,0.094927,0.050000,0,0,4,0,0
acm_scf,srd_restart,aw0p125,675,5115.426,0.477178,0.570782,0.400774,0.740791,16,0.00004241,0,0.113391,0.012414,0.214367,0.888938,0.970313,0.807563,0.652670,0.405749,0.899592,0.003767,0.029827,0.589659,0.095883,0.050000,0,0,4,0,0
acm_scf,srd_restart,aw0p125,700,5437.339,0.485436,0.561865,0.377620,0.746109,16,0.00001019,0,0.109021,0.011675,0.206367,0.891916,0.970345,0.813487,0.641055,0.382029,0.900082,0.003682,0.029012,0.613463,0.095843,0.050000,0,0,4,0,0
acm_scf,srd_restart,aw0p125,725,5465.048,0.488727,0.558388,0.374589,0.742188,16,0.00001571,0,0.111139,0.010197,0.212082,0.891491,0.973759,0.809223,0.639000,0.378408,0.899592,0.003436,0.029536,0.617569,0.096084,0.050000,0,0,4,0,0
acm_scf,srd_restart,aw0p125,750,5788.477,0.485845,0.556919,0.371439,0.742400,16,0.00001813,2,0.105977,0.009015,0.202939,0.895674,0.976511,0.814837,0.633924,0.374788,0.893061,0.003166,0.028031,0.620461,0.101632,0.050000,0,0,4,0,0
acm_scf,srd_restart,aw0p125,775,5816.798,0.475293,0.562610,0.372201,0.753019,16,0.00015905,2,0.098116,0.006355,0.189878,0.904228,0.983317,0.825139,0.635283,0.374566,0.896000,0.002268,0.026412,0.620762,0.100155,0.050000,0,0,4,0,0
acm_scf,srd_restart,aw0p125,800,6140.136,0.484670,0.557345,0.371610,0.743079,16,0.00000853,1,0.104080,0.010936,0.197224,0.895125,0.971713,0.818537,0.632653,0.375674,0.889633,0.002935,0.027475,0.619804,0.106242,0.050000,0,0,4,0,0
acm_scf,srd_restart,aw0p125,825,6168.465,0.475831,0.562450,0.371054,0.753846,16,0.00016273,2,0.098719,0.008867,0.188571,0.901497,0.976861,0.826133,0.635172,0.374344,0.896000,0.002550,0.026204,0.620944,0.100456,0.050000,0,0,4,0,0
acm_scf,srd_restart,aw0p125,850,6490.591,0.484286,0.556094,0.367018,0.745171,16,0.00000197,1,0.100381,0.009089,0.191673,0.899259,0.976047,0.822471,0.629177,0.370354,0.888000,0.002633,0.026697,0.625098,0.108828,0.050000,0,0,4,0,0
acm_scf,srd_restart,aw0p125,875,6518.966,0.476752,0.561307,0.366291,0.756323,16,0.00010924,1,0.095452,0.009680,0.181224,0.902926,0.974494,0.831358,0.631612,0.369837,0.893388,0.002723,0.025448,0.625054,0.102927,0.050000,0,0,4,0,0
acm_scf,srd_restart,aw0p125,900,6839.993,0.478296,0.559686,0.371228,0.748144,16,0.00001681,1,0.098193,0.008793,0.187592,0.901365,0.977058,0.825671,0.631491,0.374492,0.888490,0.002506,0.026074,0.620587,0.107342,0.050000,0,0,4,0,0
acm_scf,srd_restart,aw0p125,925,6868.150,0.469629,0.565913,0.374358,0.757467,16,0.00007357,1,0.094099,0.007463,0.180735,0.906243,0.980596,0.831891,0.635760,0.377152,0.894367,0.002469,0.024911,0.617918,0.102190,0.050000,0,0,4,0,0
acm_scf,srd_restart,aw0p125,950,7188.382,0.469707,0.566842,0.380886,0.752798,16,0.00000606,1,0.095283,0.009015,0.181551,0.903784,0.977081,0.830488,0.636895,0.384320,0.889469,0.002575,0.025255,0.611154,0.105608,0.050000,0,0,4,0,0
acm_scf,srd_restart,aw0p125,975,7216.531,0.462185,0.573249,0.382062,0.764436,16,0.00004012,1,0.090906,0.008424,0.173388,0.908307,0.978604,0.838011,0.641130,0.385280,0.896980,0.002754,0.024054,0.609506,0.100342,0.050000,0,0,4,0,0
acm_scf,srd_restart,aw0p125,1000,7537.665,0.465968,0.569562,0.384396,0.754727,16,0.00000504,1,0.091905,0.009606,0.174204,0.905783,0.975845,0.835720,0.637146,0.388088,0.886204,0.002846,0.024133,0.606748,0.109349,0.050000,0,0,4,0,0
acm_scf,srd_restart,aw0p125,1025,7565.967,0.460265,0.576724,0.390837,0.762611,16,0.00006576,1,0.093864,0.009606,0.178122,0.905390,0.976234,0.834547,0.646520,0.394591,0.898449,0.002909,0.024679,0.600873,0.098861,0.050000,0,0,4,0,0
acm_scf,srd_restart,aw0p125,1050,7887.865,0.464364,0.572456,0.389369,0.755543,16,0.00000319,1,0.093680,0.009237,0.178122,0.905146,0.977035,0.833257,0.641544,0.392965,0.890122,0.002762,0.024770,0.602311,0.106160,0.050000,0,0,4,0,0
acm_scf,srd_restart,aw0p125,1075,7916.123,0.461297,0.576460,0.393660,0.759259,16,0.00003377,1,0.095349,0.009311,0.181388,0.904449,0.977103,0.831794,0.647152,0.397325,0.896980,0.002773,0.025421,0.597408,0.099588,0.050000,0,0,4,0,0
acm_scf,srd_restart,aw0p125,1100,8240.234,0.465216,0.573878,0.394789,0.752967,16,0.00000508,1,0.096313,0.009606,0.183020,0.903012,0.976466,0.829558,0.644678,0.398581,0.890776,0.002916,0.025566,0.596601,0.105967,0.050000,0,0,4,0,0
acm_scf,srd_restart,aw0p125,1125,8268.442,0.461135,0.577447,0.393354,0.761541,16,0.00006444,1,0.091868,0.009532,0.174204,0.906754,0.976558,0.836950,0.645654,0.397103,0.894204,0.003396,0.024315,0.598407,0.102081,0.050000,0,0,4,0,0
acm_scf,srd_restart,aw0p125,1150,8590.974,0.458064,0.579714,0.396240,0.763187,16,0.00000341,1,0.093180,0.010197,0.176163,0.905550,0.975158,0.835943,0.648957,0.400281,0.897633,0.003134,0.024588,0.595110,0.099239,0.050000,0,0,4,0,0
acm_scf,srd_restart,aw0p125,1175,8619.245,0.456001,0.581839,0.399284,0.764395,16,0.00001939,1,0.092444,0.011010,0.173878,0.905563,0.973450,0.837677,0.650493,0.403680,0.897306,0.003421,0.024273,0.591695,0.098728,0.050000,0,0,4,0,0
acm_scf,srd_restart,aw0p125,1200,8950.180,0.454430,0.584813,0.406337,0.763290,16,0.00000019,0,0.092708,0.012192,0.173224,0.904563,0.971209,0.837916,0.653401,0.411291,0.895510,0.003798,0.024160,0.584143,0.101055,0.050000,0,0,4,0,0
acm_scf,srd_restart,aw0p125,1225,8978.800,0.457085,0.583881,0.407573,0.760189,16,0.00000000,0,0.094366,0.010936,0.177796,0.904233,0.974144,0.834322,0.653688,0.412030,0.895347,0.003914,0.024792,0.583212,0.101309,0.050000,0,0,4,0,0
acm_scf,srd_restart,aw0p125,1250,9311.602,0.456828,0.584192,0.406961,0.761422,16,0.00000000,0,0.094155,0.012636,0.175673,0.903101,0.970251,0.835951,0.653644,0.412104,0.895184,0.004039,0.024616,0.583202,0.101217,0.050000,0,0,4,0,0
acm_scf,srd_restart,aw0p125,1275,9340.167,0.452939,0.585452,0.403650,0.767253,16,0.00000000,0,0.090497,0.012340,0.168653,0.906186,0.970686,0.841686,0.652642,0.408631,0.896653,0.003929,0.023525,0.586411,0.099833,0.050000,0,0,4,0,0
acm_scf,srd_restart,aw0p125,1300,9673.342,0.454359,0.584914,0.404161,0.765666,16,0.00000000,0,0.091068,0.012340,0.169796,0.905680,0.970722,0.840637,0.652411,0.409148,0.895673,0.004030,0.023803,0.586455,0.099597,0.050000,0,0,4,0,0
acm_scf,srd_restart,aw0p125,1325,9701.672,0.454936,0.584597,0.403634,0.765560,16,0.00000000,0,0.091261,0.012562,0.169959,0.905345,0.970181,0.840509,0.652189,0.408705,0.895673,0.003999,0.023901,0.586610,0.100067,0.050000,0,0,4,0,0
acm_scf,srd_restart,aw0p125,1350,10031.775,0.454619,0.585832,0.405713,0.765952,16,0.00000000,0,0.091649,0.011380,0.171918,0.906138,0.973016,0.839261,0.653981,0.410330,0.897633,0.004035,0.024099,0.584957,0.099206,0.050000,0,0,4,0,0
acm_scf,srd_restart,aw0p125,1375,10060.108,0.456077,0.583703,0.404586,0.762821,16,0.00000000,0,0.091707,0.011823,0.171592,0.905429,0.971930,0.838927,0.651542,0.409370,0.893714,0.003963,0.024035,0.586090,0.102081,0.050000,0,0,4,0,0
acm_scf,srd_restart,aw0p125,1400,10392.578,0.460590,0.582690,0.406473,0.758908,16,0.00000000,0,0.095651,0.013670,0.177633,0.901042,0.967888,0.834197,0.652872,0.412030,0.893714,0.004618,0.024797,0.583558,0.102299,0.050000,0,0,4,0,0
acm_scf,srd_restart,aw0p125,1425,10420.969,0.461478,0.583693,0.406882,0.760505,16,0.00000000,0,0.096523,0.015739,0.177306,0.899009,0.963314,0.834703,0.654316,0.413286,0.895347,0.005215,0.024796,0.581915,0.100956,0.050000,0,0,4,0,0
acm_scf,srd_restart,aw0p125,1450,10752.672,0.461504,0.584189,0.407979,0.760399,16,0.00000000,0,0.096235,0.015000,0.177469,0.899809,0.965042,0.834576,0.654723,0.414099,0.895347,0.005183,0.024952,0.581114,0.100813,0.050000,0,0,4,0,0
acm_scf,srd_restart,aw0p125,1475,10780.768,0.464932,0.583286,0.409692,0.756880,16,0.00000000,0,0.098820,0.017069,0.180571,0.896268,0.960647,0.831889,0.655118,0.416685,0.893551,0.005895,0.025329,0.578720,0.101352,0.050000,0,0,4,0,0
acm_scf,srd_restart,aw0p125,1500,11109.209,0.463690,0.583690,0.406770,0.760610,16,0.00000000,0,0.097217,0.017291,0.177143,0.897360,0.959890,0.834830,0.654575,0.413803,0.895347,0.005970,0.024695,0.580962,0.101096,0.050000,0,0,4,0,0
teapot_droplets,srd_restart,aw0p125,1,2.078,0.903982,0.244501,0.188202,0.300801,20,0.00016803,0,0.408245,0.114911,0.701578,0.533979,0.646144,0.421815,0.360832,0.209828,0.511836,0.026996,0.040908,0.784872,0.479619,0.050000,0,0,0,0,0
teapot_droplets,srd_restart,aw0p125,25,37.142,0.643886,0.384882,0.271837,0.497926,20,0.00000922,2,0.218359,0.052931,0.383788,0.743097,0.843934,0.642260,0.487625,0.286225,0.689024,0.012020,0.022232,0.708665,0.305083,0.050000,0,0,0,0,0
teapot_droplets,srd_restart,aw0p125,50,494.801,0.560533,0.449594,0.318682,0.580505,20,0.00000892,1,0.138915,0.041461,0.236370,0.820604,0.888952,0.752256,0.524807,0.331895,0.717719,0.009413,0.013439,0.662834,0.275404,0.050000,0,0,0,0,0
teapot_droplets,srd_restart,aw0p125,75,530.876,0.520546,0.486428,0.364575,0.608281,20,0.00009116,2,0.121880,0.039672,0.204089,0.843664,0.905253,0.782076,0.555731,0.379038,0.732425,0.009029,0.011418,0.615615,0.261775,0.050000,0,0,0,0,0
teapot_droplets,srd_restart,aw0p125,100,926.655,0.479870,0.522215,0.410551,0.633880,18,0.00006332,1,0.108372,0.035252,0.181492,0.864173,0.923411,0.804934,0.586974,0.425024,0.748924,0.007721,0.010259,0.570024,0.245788,0.050000,0,0,2,0,0
teapot_droplets,srd_restart,aw0p125,125,959.109,0.443221,0.554309,0.468246,0.640372,18,0.00007559,1,0.113231,0.030622,0.195839,0.868338,0.940332,0.796345,0.624183,0.482584,0.765782,0.007173,0.011103,0.511801,0.228323,0.050000,0,0,2,0,0
teapot_droplets,srd_restart,aw0p125,150,1353.883,0.409587,0.583647,0.522948,0.644345,18,0.00005667,1,0.117315,0.029464,0.205165,0.869561,0.948110,0.791012,0.657449,0.538356,0.776542,0.006460,0.011519,0.456773,0.218490,0.050000,0,0,2,0,0
teapot_droplets,srd_restart,aw0p125,175,1385.972,0.389623,0.605059,0.565138,0.644981,18,0.00012217,1,0.125371,0.032306,0.218436,0.865015,0.947530,0.782500,0.684631,0.583395,0.785868,0.007207,0.012448,0.411213,0.210621,0.050000,0,0,2,0,0
teapot_droplets,srd_restart,aw0p125,200,1773.138,0.382221,0.611882,0.576566,0.647198,18,0.00032576,2,0.124379,0.032832,0.215925,0.866220,0.947747,0.784692,0.691220,0.595496,0.786944,0.007369,0.012282,0.399616,0.207165,0.050000,0,0,2,0,0
teapot_droplets,srd_restart,aw0p125,225,1804.855,0.366672,0.627833,0.608727,0.646939,18,0.00006341,2,0.132447,0.034621,0.230273,0.861748,0.947894,0.775603,0.712856,0.629801,0.795911,0.007849,0.013102,0.365697,0.199945,0.050000,0,0,2,0,0
teapot_droplets,srd_restart,aw0p125,250,2196.804,0.352013,0.642721,0.655508,0.629935,18,0.00001763,1,0.150135,0.037357,0.262912,0.849767,0.947924,0.751610,0.737774,0.679996,0.795552,0.008524,0.015060,0.315133,0.200194,0.050000,0,0,2,0,0
teapot_droplets,srd_restart,aw0p125,275,2229.317,0.332747,0.659772,0.702557,0.616986,18,0.00000090,1,0.164630,0.036936,0.292324,0.841739,0.951746,0.731731,0.762926,0.728507,0.797346,0.008303,0.016594,0.267328,0.198989,0.050000,0,0,2,0,0
teapot_droplets,srd_restart,aw0p125,300,2591.802,0.332107,0.660568,0.721135,0.600000,18,0.00000000,0,0.181708,0.038093,0.325323,0.830623,0.951578,0.709667,0.771900,0.748606,0.795194,0.008603,0.018608,0.245277,0.201246,0.050000,0,0,2,0,0
teapot_droplets,srd_restart,aw0p125,325,2623.152,0.331237,0.663676,0.715297,0.612055,18,0.00000009,0,0.174637,0.040093,0.309182,0.835221,0.948866,0.721576,0.772633,0.743976,0.801291,0.009072,0.017809,0.251713,0.195720,0.050000,0,0,2,0,0
teapot_droplets,srd_restart,aw0p125,350,3003.767,0.327780,0.660469,0.709011,0.611928,18,0.00002646,0,0.160937,0.028833,0.293042,0.845857,0.961976,0.729739,0.760351,0.729454,0.791248,0.006423,0.016681,0.265806,0.204889,0.050000,0,0,2,0,0
teapot_droplets,srd_restart,aw0p125,375,3035.100,0.317974,0.666725,0.709466,0.623984,18,0.00003858,1,0.153113,0.026097,0.280129,0.852876,0.965392,0.740359,0.763381,0.727981,0.798780,0.005847,0.015655,0.267820,0.196060,0.050000,0,0,2,0,0
teapot_droplets,srd_restart,aw0p125,400,3409.890,0.309648,0.675005,0.710126,0.639885,18,0.00002638,1,0.136312,0.022624,0.250000,0.865829,0.969786,0.761872,0.763024,0.726192,0.799857,0.005188,0.014151,0.269455,0.195093,0.050000,0,0,2,0,0
teapot_droplets,srd_restart,aw0p125,425,3440.987,0.301925,0.682206,0.713770,0.650641,18,0.00002976,1,0.125597,0.020204,0.230990,0.874580,0.973003,0.776156,0.764562,0.728191,0.800933,0.004479,0.013108,0.268091,0.195023,0.050000,0,0,2,0,0
teapot_droplets,srd_restart,aw0p125,450,3825.365,0.300855,0.683277,0.714874,0.651679,18,0.00002048,0,0.125026,0.021572,0.228479,0.874640,0.971309,0.777971,0.765435,0.730296,0.800574,0.004908,0.012693,0.265971,0.194899,0.050000,0,0,2,0,0
teapot_droplets,srd_restart,aw0p125,475,3857.301,0.293925,0.690348,0.722801,0.657895,18,0.00004925,1,0.116735,0.020415,0.213056,0.881177,0.973067,0.789287,0.767810,0.737557,0.798063,0.004530,0.012028,0.258507,0.196808,0.050000,0,0,2,0,0
teapot_droplets,srd_restart,aw0p125,500,4226.453,0.296781,0.686969,0.723615,0.650323,17,0.00003891,0,0.120829,0.019994,0.221664,0.877741,0.973626,0.781857,0.766280,0.738083,0.794476,0.004501,0.012281,0.258084,0.201167,0.050000,0,0,3,0,0
teapot_droplets,srd_restart,aw0p125,525,4257.028,0.299763,0.682739,0.718247,0.647230,17,0.00003785,1,0.125501,0.020730,0.230273,0.874091,0.972501,0.775681,0.764703,0.733137,0.796270,0.004532,0.012732,0.261980,0.199384,0.050000,0,0,3,0,0
teapot_droplets,srd_restart,aw0p125,550,4617.040,0.294315,0.686126,0.717798,0.654455,17,0.00003421,1,0.121274,0.018731,0.223816,0.878307,0.975025,0.781589,0.766088,0.731243,0.800933,0.004089,0.012294,0.263530,0.193994,0.050000,0,0,3,0,0
teapot_droplets,srd_restart,aw0p125,575,4647.538,0.290580,0.693374,0.729270,0.657478,17,0.00005354,1,0.121704,0.020309,0.223099,0.878126,0.973431,0.782821,0.774121,0.744081,0.804161,0.004507,0.012680,0.251268,0.192322,0.050000,0,0,3,0,0
teapot_droplets,srd_restart,aw0p125,600,5020.385,0.278978,0.703329,0.749095,0.657562,17,0.00008011,1,0.119387,0.017468,0.221306,0.880779,0.977595,0.783964,0.782633,0.762180,0.803085,0.004040,0.012369,0.233759,0.192808,0.050000,0,0,3,0,0
teapot_droplets,srd_restart,aw0p125,625,5051.159,0.274472,0.708687,0.759340,0.658034,17,0.00009468,1,0.119236,0.019678,0.218795,0.880440,0.975215,0.785664,0.788145,0.774282,0.802009,0.004439,0.012095,0.221963,0.194576,0.050000,0,0,3,0,0
teapot_droplets,srd_restart,aw0p125,650,5428.492,0.259314,0.721890,0.792672,0.651109,17,0.00040361,1,0.123091,0.016626,0.229555,0.878472,0.979785,0.777159,0.803212,0.805851,0.800574,0.003872,0.012631,0.190606,0.195431,0.050000,0,0,3,0,0
teapot_droplets,srd_restart,aw0p125,675,5459.406,0.254115,0.728323,0.802666,0.653981,17,0.00021767,2,0.121886,0.018520,0.225251,0.879210,0.977848,0.780573,0.809411,0.817531,0.801291,0.004266,0.012683,0.178589,0.193746,0.050000,0,0,3,0,0
teapot_droplets,srd_restart,aw0p125,700,5825.918,0.257483,0.727017,0.804122,0.649912,17,0.00008103,2,0.124330,0.021256,0.227403,0.876468,0.974769,0.778167,0.809459,0.821214,0.797704,0.004777,0.013033,0.174716,0.197654,0.050000,0,0,3,0,0
teapot_droplets,srd_restart,aw0p125,725,5856.701,0.251681,0.729795,0.807441,0.652148,17,0.00012853,2,0.117079,0.015364,0.218795,0.882876,0.981605,0.784147,0.807341,0.819846,0.794835,0.003443,0.012500,0.175625,0.200011,0.050000,0,0,3,0,0
teapot_droplets,srd_restart,aw0p125,750,6220.286,0.249021,0.732557,0.811801,0.653314,17,0.00016669,1,0.117120,0.016521,0.217719,0.882753,0.980373,0.785133,0.810383,0.825213,0.795552,0.003752,0.012332,0.170344,0.198792,0.050000,0,0,3,0,0
teapot_droplets,srd_restart,aw0p125,775,6250.774,0.249124,0.734820,0.817695,0.651945,17,0.00015635,2,0.124002,0.021677,0.226327,0.877040,0.974708,0.779371,0.817459,0.835420,0.799498,0.004882,0.012931,0.160459,0.195065,0.050000,0,0,3,0,0
teapot_droplets,srd_restart,aw0p125,800,6610.775,0.246303,0.734751,0.823590,0.645912,17,0.00015008,2,0.125810,0.018836,0.232783,0.875917,0.978045,0.773789,0.817687,0.839103,0.796270,0.004215,0.012956,0.157041,0.197986,0.050000,0,0,3,0,0
teapot_droplets,srd_restart,aw0p125,825,6641.150,0.248182,0.734494,0.820600,0.648387,17,0.00043727,2,0.121862,0.020625,0.223099,0.878205,0.975966,0.780445,0.815283,0.837525,0.793042,0.004455,0.012530,0.158401,0.201470,0.050000,0,0,3,0,0
teapot_droplets,srd_restart,aw0p125,850,7001.265,0.247833,0.735324,0.819566,0.651081,17,0.00051163,2,0.125172,0.022940,0.227403,0.875921,0.973366,0.778477,0.818753,0.838367,0.799139,0.005068,0.012609,0.158059,0.195469,0.050000,0,0,3,0,0
teapot_droplets,srd_restart,aw0p125,875,7031.533,0.247064,0.735852,0.815372,0.656332,17,0.00044877,3,0.123844,0.021362,0.226327,0.877756,0.974991,0.780522,0.818834,0.832790,0.804878,0.004780,0.012526,0.163104,0.191948,0.050000,0,0,3,0,0
teapot_droplets,srd_restart,aw0p125,900,7393.140,0.247650,0.737217,0.821510,0.652924,17,0.00076619,2,0.123603,0.020520,0.226686,0.877758,0.976109,0.779407,0.819650,0.838367,0.800933,0.004671,0.012894,0.158175,0.195538,0.050000,0,0,3,0,0
teapot_droplets,srd_restart,aw0p125,925,7423.953,0.247141,0.738306,0.823789,0.652822,17,0.00054951,2,0.125844,0.025360,0.226327,0.875227,0.970851,0.779602,0.822627,0.844681,0.800574,0.005559,0.013053,0.151786,0.192830,0.050000,0,0,3,0,0
teapot_droplets,srd_restart,aw0p125,950,7782.470,0.243864,0.738792,0.824075,0.653509,17,0.00054491,2,0.123866,0.021046,0.226686,0.877579,0.975598,0.779561,0.821534,0.841418,0.801650,0.004684,0.012751,0.154154,0.193332,0.050000,0,0,3,0,0
teapot_droplets,srd_restart,aw0p125,975,7813.214,0.248975,0.733068,0.818032,0.648105,17,0.00027584,2,0.125765,0.021256,0.230273,0.875552,0.975187,0.775916,0.816383,0.835420,0.797346,0.004712,0.012726,0.160795,0.197260,0.050000,0,0,3,0,0
teapot_droplets,srd_restart,aw0p125,1000,8171.939,0.250726,0.731734,0.816101,0.647367,17,0.00035131,1,0.126809,0.020836,0.232783,0.874892,0.975601,0.774182,0.815584,0.833105,0.798063,0.004655,0.012901,0.162725,0.197790,0.050000,0,0,3,0,0
teapot_droplets,srd_restart,aw0p125,1025,8202.840,0.253395,0.730700,0.816520,0.644879,17,0.00032756,1,0.124174,0.019152,0.229197,0.876607,0.977503,0.775711,0.812421,0.832158,0.792683,0.004406,0.013088,0.164171,0.202203,0.050000,0,0,3,0,0
teapot_droplets,srd_restart,aw0p125,1050,8560.902,0.256460,0.726593,0.809853,0.643334,17,0.00026137,2,0.127991,0.021046,0.234935,0.873478,0.975180,0.771777,0.810687,0.826897,0.794476,0.004711,0.013054,0.168856,0.201571,0.050000,0,0,3,0,0
teapot_droplets,srd_restart,aw0p125,1075,8591.793,0.253299,0.729351,0.816881,0.641821,17,0.00029528,2,0.129519,0.022309,0.236729,0.872128,0.973981,0.770275,0.814432,0.835105,0.793759,0.005052,0.013112,0.160541,0.200331,0.050000,0,0,3,0,0
teapot_droplets,srd_restart,aw0p125,1100,8939.897,0.250438,0.732011,0.823166,0.640855,17,0.00020787,2,0.132166,0.022940,0.241392,0.870344,0.973479,0.767209,0.818801,0.842050,0.795552,0.005262,0.013312,0.153602,0.198393,0.050000,0,0,3,0,0
teapot_droplets,srd_restart,aw0p125,1125,8969.639,0.253007,0.733528,0.822468,0.644587,17,0.00022881,2,0.127910,0.026623,0.229197,0.872533,0.969433,0.775632,0.818345,0.844365,0.792324,0.005944,0.013060,0.151721,0.201939,0.050000,0,0,3,0,0
teapot_droplets,srd_restart,aw0p125,1150,9321.543,0.255531,0.730050,0.822204,0.637896,17,0.00014920,2,0.130842,0.027465,0.234218,0.869614,0.968512,0.770716,0.816044,0.844786,0.787303,0.006233,0.012917,0.151239,0.206421,0.050000,0,0,3,0,0
teapot_droplets,srd_restart,aw0p125,1175,9351.700,0.254301,0.731253,0.821107,0.641399,17,0.00012032,2,0.128658,0.027044,0.230273,0.871515,0.968928,0.774103,0.816204,0.843313,0.789096,0.006125,0.012718,0.152340,0.205344,0.050000,0,0,3,0,0
teapot_droplets,srd_restart,aw0p125,1200,9709.026,0.252739,0.731587,0.828636,0.634537,17,0.00011448,2,0.127376,0.023045,0.231707,0.872431,0.973535,0.771327,0.814648,0.847732,0.781564,0.005176,0.012862,0.147866,0.213146,0.050000,0,0,3,0,0
teapot_droplets,srd_restart,aw0p125,1225,9739.252,0.252690,0.729716,0.826903,0.632528,17,0.00009461,2,0.126441,0.020099,0.232783,0.873415,0.976727,0.770103,0.811647,0.843523,0.779770,0.004477,0.012957,0.151677,0.214098,0.050000,0,0,3,0,0
teapot_droplets,srd_restart,aw0p125,1250,10095.489,0.251534,0.731576,0.830842,0.632310,17,0.00008101,2,0.129858,0.020836,0.238881,0.871170,0.976023,0.766316,0.815755,0.848153,0.783357,0.004769,0.013116,0.148027,0.211844,0.050000,0,0,3,0,0
teapot_droplets,srd_restart,aw0p125,1275,10126.062,0.250226,0.732713,0.826925,0.638502,17,0.00011905,2,0.128065,0.020836,0.235294,0.873070,0.975912,0.770228,0.816446,0.844154,0.788737,0.004774,0.012967,0.152161,0.206194,0.050000,0,0,3,0,0
teapot_droplets,srd_restart,aw0p125,1300,10485.387,0.245733,0.736391,0.829070,0.643712,17,0.00017009,2,0.124648,0.020099,0.229197,0.876091,0.976787,0.775395,0.818491,0.845733,0.791248,0.004413,0.012703,0.149449,0.204853,0.050000,0,0,3,0,0
teapot_droplets,srd_restart,aw0p125,1325,10515.432,0.247514,0.737179,0.829849,0.644510,17,0.00024593,2,0.123285,0.021677,0.224892,0.876679,0.975070,0.778289,0.818646,0.847838,0.789455,0.004876,0.012690,0.148149,0.206007,0.050000,0,0,3,0,0
teapot_droplets,srd_restart,aw0p125,1350,10871.323,0.244947,0.739017,0.832645,0.645388,17,0.00016973,2,0.122390,0.019888,0.224892,0.877820,0.977116,0.778523,0.819868,0.849206,0.790531,0.004475,0.012699,0.146799,0.205470,0.050000,0,0,3,0,0
teapot_droplets,srd_restart,aw0p125,1375,10901.870,0.246878,0.736802,0.829743,0.643860,17,0.00014980,2,0.123866,0.021046,0.226686,0.876377,0.975761,0.776994,0.818510,0.847206,0.789813,0.004687,0.012771,0.148200,0.205687,0.050000,0,0,3,0,0
teapot_droplets,srd_restart,aw0p125,1400,11262.587,0.241195,0.740143,0.835587,0.644698,17,0.00020046,2,0.122053,0.019573,0.224534,0.878053,0.977542,0.778564,0.820698,0.851941,0.789455,0.004259,0.012373,0.143785,0.205268,0.050000,0,0,3,0,0
teapot_droplets,srd_restart,aw0p125,1425,11293.090,0.242694,0.740240,0.833230,0.647249,17,0.00016625,2,0.118784,0.018415,0.219154,0.880700,0.978760,0.782640,0.818835,0.848574,0.789096,0.004125,0.012374,0.147321,0.205848,0.050000,0,0,3,0,0
teapot_droplets,srd_restart,aw0p125,1450,11653.320,0.239487,0.743371,0.836711,0.650030,17,0.00013503,1,0.116032,0.017573,0.214491,0.883065,0.979777,0.786352,0.820435,0.851415,0.789455,0.003936,0.012117,0.144484,0.205882,0.050000,0,0,3,0,0
teapot_droplets,srd_restart,aw0p125,1475,11683.980,0.239965,0.742787,0.836431,0.649144,17,0.00015259,1,0.116769,0.019047,0.214491,0.882133,0.978143,0.786123,0.820371,0.852362,0.788379,0.004047,0.012222,0.143756,0.205812,0.050000,0,0,3,0,0
teapot_droplets,srd_restart,aw0p125,1500,12038.688,0.242549,0.740649,0.837771,0.643527,17,0.00013327,1,0.122106,0.019678,0.224534,0.877867,0.977483,0.778250,0.821138,0.854257,0.788020,0.004363,0.012742,0.141251,0.206819,0.050000,0,0,3,0,0
teapot_droplets,srd_restart,aw0p125,1525,12069.203,0.241298,0.741579,0.842154,0.641003,17,0.00010271,1,0.123954,0.017994,0.229914,0.876829,0.979442,0.774216,0.822843,0.857308,0.788379,0.004024,0.013124,0.138049,0.207220,0.050000,0,0,3,0,0
teapot_droplets,srd_restart,aw0p125,1550,12420.226,0.243138,0.740401,0.845440,0.635362,17,0.00007572,0,0.129351,0.021256,0.237446,0.872009,0.975972,0.768045,0.824819,0.863412,0.786227,0.004671,0.013486,0.132502,0.208409,0.050000,0,0,3,0,0
teapot_droplets,srd_restart,aw0p125,1575,12450.056,0.237978,0.744564,0.854869,0.634259,17,0.00008423,0,0.128796,0.017994,0.239598,0.873088,0.979742,0.766434,0.828239,0.870251,0.786227,0.004055,0.013703,0.125569,0.208204,0.050000,0,0,3,0,0
teapot_droplets,srd_restart,aw0p125,1600,12794.366,0.240809,0.741495,0.852234,0.630756,17,0.00010883,1,0.129153,0.019783,0.238522,0.871918,0.977744,0.766092,0.825150,0.869094,0.781205,0.004243,0.013595,0.126733,0.212031,0.050000,0,0,3,0,0
teapot_droplets,srd_restart,aw0p125,1625,12824.068,0.242859,0.739918,0.850884,0.628953,17,0.00014319,1,0.127340,0.018310,0.236370,0.873098,0.979305,0.766891,0.822041,0.866463,0.777618,0.004011,0.013333,0.129915,0.216856,0.050000,0,0,3,0,0
teapot_droplets,srd_restart,aw0p125,1650,13177.183,0.243179,0.739686,0.849215,0.630157,17,0.00011514,1,0.126391,0.018205,0.234577,0.873856,0.979380,0.768332,0.821326,0.864674,0.777977,0.004143,0.013319,0.130687,0.215812,0.050000,0,0,3,0,0
teapot_droplets,srd_restart,aw0p125,1675,13206.998,0.243036,0.739349,0.846782,0.631916,17,0.00012156,2,0.125114,0.018520,0.231707,0.874787,0.978978,0.770597,0.820400,0.862464,0.778336,0.004034,0.013014,0.133699,0.215823,0.050000,0,0,3,0,0
teapot_droplets,srd_restart,aw0p125,1700,13560.476,0.242247,0.741087,0.848469,0.633704,17,0.00003372,1,0.121666,0.017363,0.225968,0.877480,0.980282,0.774678,0.820051,0.863201,0.776901,0.003869,0.012808,0.132752,0.218274,0.050000,0,0,3,0,0
teapot_droplets,srd_restart,aw0p125,1725,13590.172,0.241390,0.741581,0.850569,0.632593,17,0.00006649,2,0.122847,0.017573,0.228121,0.876560,0.980100,0.773019,0.821209,0.865516,0.776901,0.003885,0.012934,0.130653,0.217482,0.050000,0,0,3,0,0
teapot_droplets,srd_restart,aw0p125,1750,13928.638,0.248008,0.737275,0.841926,0.632623,17,0.00014698,2,0.124858,0.020520,0.229197,0.874515,0.976675,0.772355,0.818410,0.859202,0.777618,0.004665,0.013014,0.137120,0.217254,0.050000,0,0,3,0,0
teapot_droplets,srd_restart,aw0p125,1775,13957.102,0.251018,0.735407,0.835730,0.635084,17,0.00012235,3,0.123524,0.024308,0.222740,0.874744,0.972388,0.777100,0.816294,0.856045,0.776542,0.005537,0.012527,0.140295,0.217061,0.050000,0,0,3,0,0
teapot_droplets,srd_restart,aw0p125,1800,14298.233,0.250348,0.736633,0.833419,0.639847,17,0.00004881,1,0.120813,0.024624,0.217001,0.877017,0.971973,0.782061,0.816318,0.853941,0.778694,0.005650,0.012290,0.142200,0.214903,0.050000,0,0,3,0,0
teapot_droplets,srd_restart,aw0p125,1825,14327.240,0.247941,0.739290,0.835764,0.642815,17,0.00003412,1,0.118787,0.024519,0.213056,0.878784,0.972162,0.785405,0.818013,0.856256,0.779770,0.005541,0.012042,0.140691,0.214476,0.050000,0,0,3,0,0
teapot_droplets,srd_restart,aw0p125,1850,14675.713,0.244112,0.742055,0.842094,0.642015,17,0.00007648,0,0.119150,0.020941,0.217360,0.879314,0.976222,0.782406,0.820646,0.859729,0.781564,0.004925,0.012444,0.136204,0.212965,0.050000,0,0,3,0,0
teapot_droplets,srd_restart,aw0p125,1875,14704.930,0.243949,0.742229,0.840675,0.643783,17,0.00007686,1,0.119887,0.022414,0.217360,0.878729,0.974585,0.782874,0.821617,0.859518,0.783716,0.005229,0.012299,0.136681,0.210888,0.050000,0,0,3,0,0
