pair,arm,step,seconds,loss,mean_iou,view1_iou,view2_iou,patches,overlap,overlap_repaired_pairs,mean_spill,view1_spill,view2_spill,mean_precision,view1_precision,view2_precision,mean_coverage,view1_coverage,view2_coverage,view1_negative_space,view2_negative_space,view1_silhouette,view2_silhouette,lambda_count,total_adds,total_splits,total_deletes,count_active,target_reached
sun_moon,l200,1,1.342,1.591758,0.223209,0.192984,0.253433,20,0.00000000,0,0.178953,0.179559,0.178346,0.592563,0.559034,0.626091,0.263134,0.227636,0.298632,0.040695,0.035942,0.765997,0.696076,0.000000,0,0,0,0,0
sun_moon,l200,25,25.156,1.160031,0.396626,0.380058,0.413193,20,0.00000000,0,0.099099,0.110631,0.087567,0.814625,0.792334,0.836916,0.435740,0.422105,0.449375,0.024765,0.017518,0.572692,0.547101,0.000000,0,0,0,0,0
sun_moon,l200,50,181.583,0.918107,0.518452,0.525012,0.511893,23,0.00002534,0,0.098163,0.120895,0.075431,0.854534,0.829577,0.879491,0.569494,0.588483,0.550506,0.026959,0.014879,0.406769,0.445976,0.000000,3,0,0,0,0
sun_moon,l200,75,209.902,0.778591,0.586721,0.598760,0.574682,23,0.00014187,3,0.090535,0.115277,0.065794,0.877893,0.852787,0.902999,0.640138,0.667783,0.612493,0.025195,0.012957,0.328357,0.384026,0.000000,3,0,0,0,0
sun_moon,l200,100,393.750,0.658894,0.650402,0.622088,0.678717,26,0.00012926,6,0.090064,0.126945,0.053183,0.888719,0.846686,0.930751,0.707936,0.701059,0.714813,0.028018,0.010319,0.296235,0.282420,0.000000,6,0,0,0,0
sun_moon,l200,125,425.741,0.582533,0.691520,0.642370,0.740669,26,0.00018095,5,0.093441,0.141314,0.045568,0.891414,0.838399,0.944428,0.753783,0.733146,0.774420,0.031260,0.008860,0.263931,0.222707,0.000000,6,0,0,0,0
sun_moon,l200,150,629.306,0.477508,0.745528,0.688837,0.802220,29,0.00059648,4,0.093162,0.146824,0.039500,0.899023,0.843271,0.954775,0.811941,0.789974,0.833908,0.032302,0.007617,0.207167,0.163256,0.000000,9,0,0,0,0
sun_moon,l200,175,664.593,0.402857,0.783505,0.719511,0.847499,29,0.00042346,5,0.082885,0.131266,0.034503,0.911632,0.861127,0.962136,0.845349,0.813959,0.876740,0.029083,0.006578,0.184217,0.120426,0.000000,9,0,0,0,0
sun_moon,l200,200,883.291,0.365185,0.800276,0.752138,0.848413,30,0.00040263,3,0.088719,0.124136,0.053302,0.907845,0.871978,0.943712,0.869570,0.845506,0.893635,0.027178,0.010150,0.151383,0.104755,0.000000,11,0,1,0,0
sun_moon,l200,225,919.814,0.284698,0.842003,0.797227,0.886780,30,0.00077994,4,0.073483,0.106634,0.040333,0.925139,0.892167,0.958112,0.902392,0.882239,0.922546,0.023463,0.007756,0.114964,0.075886,0.000000,11,0,1,0,0
sun_moon,l200,250,1154.964,0.230707,0.869771,0.829891,0.909650,33,0.00051920,5,0.074042,0.103825,0.044259,0.926840,0.898199,0.955481,0.932983,0.916054,0.949911,0.022854,0.008327,0.082064,0.049149,0.000000,14,0,1,0,0
sun_moon,l200,275,1194.845,0.193150,0.889220,0.863556,0.914884,33,0.00043972,3,0.067525,0.095073,0.039976,0.934163,0.908647,0.959678,0.948557,0.945657,0.951457,0.020864,0.007710,0.053423,0.046546,0.000000,14,0,1,0,0
sun_moon,l200,300,1453.996,0.165035,0.904189,0.885301,0.923077,36,0.00020935,2,0.065840,0.090752,0.040928,0.936619,0.914093,0.959145,0.963250,0.965644,0.960857,0.020163,0.007944,0.032782,0.037999,0.000000,17,0,1,0,0
sun_moon,l200,325,1497.333,0.141044,0.916869,0.900229,0.933510,36,0.00017874,2,0.059105,0.083946,0.034265,0.943257,0.920787,0.965727,0.970648,0.975799,0.965497,0.018505,0.006529,0.023247,0.033192,0.000000,17,0,1,0,1
sun_moon,l200,350,1773.333,0.129513,0.923781,0.907121,0.940442,35,0.00016343,3,0.055289,0.081785,0.028792,0.947085,0.923069,0.971101,0.974414,0.981309,0.967519,0.018155,0.005510,0.017534,0.031583,0.000000,17,0,2,0,1
sun_moon,l200,375,1815.544,0.125700,0.925128,0.911363,0.938893,35,0.00010482,2,0.053129,0.076275,0.029982,0.948889,0.927849,0.969928,0.973960,0.980877,0.967043,0.016824,0.005777,0.018014,0.031166,0.000000,17,0,2,0,1
sun_moon,l200,400,2075.461,0.120880,0.927854,0.910093,0.945614,34,0.00017610,4,0.053046,0.077895,0.028198,0.949126,0.926436,0.971816,0.976632,0.980985,0.972278,0.017020,0.005434,0.018333,0.026025,0.000000,17,0,3,0,1
sun_moon,l200,425,2116.806,0.115910,0.930608,0.916188,0.945028,34,0.00009622,3,0.050709,0.071197,0.030220,0.951128,0.932362,0.969895,0.977502,0.981417,0.973587,0.015781,0.005863,0.017319,0.024820,0.000000,17,0,3,0,1
sun_moon,l200,450,2373.065,0.112487,0.931712,0.920829,0.942595,34,0.00006837,2,0.052392,0.068496,0.036288,0.949548,0.934914,0.964181,0.980351,0.983902,0.976800,0.015183,0.006888,0.014964,0.021686,0.000000,17,0,3,1,1
sun_moon,l200,475,2414.317,0.102756,0.937088,0.924741,0.949434,34,0.00008161,4,0.047160,0.063742,0.030577,0.954420,0.939144,0.969697,0.981076,0.983686,0.978465,0.014030,0.005615,0.015389,0.020140,0.000000,17,0,3,1,1
sun_moon,l200,500,2788.378,0.124237,0.926159,0.915284,0.937035,31,0.00011039,5,0.042597,0.061041,0.024152,0.958156,0.940862,0.975450,0.965410,0.971154,0.959667,0.013473,0.004509,0.027396,0.038628,0.000000,17,0,6,1,1
sun_moon,l200,525,2826.939,0.105735,0.936083,0.921652,0.950515,31,0.00032633,5,0.048169,0.067308,0.029030,0.953567,0.935958,0.971175,0.980897,0.983686,0.978108,0.014898,0.005530,0.015530,0.019987,0.000000,17,0,6,1,1
sun_moon,l200,550,3166.195,0.104804,0.937061,0.914624,0.959497,27,0.00014528,4,0.044508,0.066768,0.022249,0.956886,0.935952,0.977820,0.978268,0.975691,0.980845,0.014621,0.004269,0.022861,0.017915,0.000000,17,0,10,1,1
sun_moon,l200,575,3200.072,0.092267,0.945011,0.922570,0.967451,27,0.00013817,6,0.041096,0.066011,0.016181,0.960454,0.937101,0.983808,0.983288,0.983470,0.983105,0.014515,0.003257,0.015793,0.015532,0.000000,17,0,10,1,1
sun_moon,l200,600,3501.595,0.136341,0.921957,0.876842,0.967073,24,0.00012839,5,0.039275,0.063202,0.015348,0.960560,0.936510,0.984610,0.957088,0.932260,0.981916,0.013948,0.003101,0.066096,0.017096,0.000000,17,0,13,1,1
sun_moon,l200,625,3531.971,0.102448,0.940115,0.908139,0.972092,24,0.00088012,2,0.043618,0.072602,0.014634,0.958008,0.930636,0.985380,0.980194,0.974071,0.986318,0.016162,0.002807,0.024903,0.012366,0.000000,17,0,13,1,1
sun_moon,l200,650,3782.826,0.151401,0.913701,0.869364,0.958037,21,0.00163814,3,0.048326,0.075951,0.020702,0.952085,0.924901,0.979268,0.956632,0.935393,0.977870,0.016687,0.003973,0.062720,0.021591,0.000000,17,0,16,1,1
sun_moon,l200,675,3809.397,0.138392,0.920777,0.877067,0.964487,21,0.00050921,3,0.041542,0.071305,0.011779,0.958769,0.929465,0.988074,0.957727,0.939607,0.975848,0.015678,0.002270,0.058944,0.022635,0.000000,17,0,16,1,1
sun_moon,l200,700,4054.218,0.141889,0.919675,0.875190,0.964160,20,0.00032017,3,0.040332,0.068172,0.012493,0.959699,0.932034,0.987365,0.955529,0.934853,0.976205,0.015150,0.002462,0.064170,0.022784,0.000000,17,0,17,1,1
sun_moon,l200,725,4079.502,0.137085,0.921912,0.879396,0.964428,20,0.00010280,2,0.041393,0.066011,0.016776,0.958698,0.934216,0.983180,0.959026,0.937446,0.980607,0.014752,0.003289,0.061387,0.018684,0.000000,17,0,17,1,1
sun_moon,l200,750,4310.296,0.171851,0.903098,0.841600,0.964596,18,0.00032255,1,0.036714,0.058557,0.014872,0.961680,0.938325,0.985035,0.934911,0.890882,0.978941,0.013021,0.003012,0.106577,0.019985,0.000000,17,0,19,1,1
sun_moon,l200,775,4333.098,0.136270,0.923103,0.876204,0.970002,18,0.00200649,1,0.040464,0.065579,0.015348,0.959513,0.934371,0.984656,0.959277,0.933665,0.984890,0.014709,0.002973,0.064847,0.014272,0.000000,17,0,19,1,1
sun_moon,l200,800,4539.148,0.130701,0.925555,0.883191,0.967919,17,0.00224838,1,0.038989,0.061798,0.016181,0.960995,0.938176,0.983815,0.960676,0.937770,0.983581,0.013470,0.003196,0.060987,0.015821,0.000000,17,0,20,1,1
sun_moon,l200,825,4560.708,0.125729,0.927837,0.885043,0.970630,17,0.00178858,1,0.035482,0.058232,0.012731,0.964339,0.941464,0.987215,0.959784,0.936582,0.982986,0.012789,0.002428,0.061700,0.015738,0.000000,17,0,20,1,1
sun_moon,l200,850,4758.447,0.281016,0.843960,0.829636,0.858283,14,0.00167689,1,0.032700,0.052074,0.013325,0.964304,0.943698,0.984910,0.871280,0.872839,0.869720,0.011622,0.002537,0.125381,0.128918,0.000000,17,0,23,1,1
sun_moon,l200,875,4776.121,0.218141,0.876834,0.841949,0.911720,14,0.00121496,1,0.033780,0.055424,0.012136,0.964155,0.941291,0.987020,0.905698,0.888613,0.922784,0.011969,0.002233,0.109893,0.074735,0.000000,17,0,23,1,1
sun_moon,l200,900,4939.608,0.170983,0.903381,0.847937,0.958825,14,0.00084149,0,0.033178,0.057908,0.008447,0.965350,0.939360,0.991339,0.931982,0.897040,0.966924,0.012514,0.001626,0.101665,0.031102,0.000000,17,0,23,1,1
sun_moon,l200,925,4957.318,0.157770,0.911463,0.849007,0.973920,14,0.00083687,0,0.034301,0.060393,0.008209,0.964422,0.937135,0.991709,0.941098,0.900281,0.981916,0.013398,0.001532,0.098144,0.016785,0.000000,17,0,23,1,1
sun_moon,l200,950,5118.931,0.155885,0.912454,0.848895,0.976013,14,0.00079963,1,0.033971,0.061041,0.006901,0.964779,0.936531,0.993027,0.941731,0.900713,0.982748,0.013389,0.001402,0.097808,0.015611,0.000000,17,0,23,1,1
sun_moon,l200,975,5136.929,0.155613,0.912255,0.850132,0.974377,14,0.00069266,1,0.034382,0.061150,0.007615,0.964411,0.936519,0.992304,0.941957,0.902118,0.981797,0.013335,0.001457,0.096490,0.016708,0.000000,17,0,23,1,1
sun_moon,l200,1000,5298.622,0.153509,0.913366,0.850097,0.976634,14,0.00086531,1,0.035274,0.062338,0.008209,0.963581,0.935430,0.991732,0.943871,0.903090,0.984652,0.013598,0.001614,0.095076,0.013967,0.000000,17,0,23,1,1
sun_moon,l200,1025,5316.491,0.152662,0.914637,0.852316,0.976959,14,0.00072526,1,0.034187,0.061474,0.006901,0.964704,0.936375,0.993034,0.944205,0.904710,0.983700,0.013482,0.001406,0.094230,0.015275,0.000000,17,0,23,1,1
sun_moon,l200,1050,5477.449,0.153191,0.912990,0.851660,0.974320,14,0.00075212,1,0.037030,0.064067,0.009994,0.961959,0.933972,0.989946,0.945140,0.906223,0.984057,0.013851,0.001879,0.092138,0.014571,0.000000,17,0,23,1,1
sun_moon,l2000,1,1.406,1.591758,0.223209,0.192984,0.253433,20,0.00000000,0,0.178953,0.179559,0.178346,0.592563,0.559034,0.626091,0.263134,0.227636,0.298632,0.040695,0.035942,0.765997,0.696076,0.000000,0,0,0,0,0
sun_moon,l2000,25,25.549,1.160031,0.396626,0.380058,0.413193,20,0.00000000,0,0.099099,0.110631,0.087567,0.814625,0.792334,0.836916,0.435740,0.422105,0.449375,0.024765,0.017518,0.572692,0.547101,0.000000,0,0,0,0,0
sun_moon,l2000,50,184.671,0.916483,0.519300,0.526651,0.511950,23,0.00002534,0,0.098103,0.120895,0.075312,0.854837,0.830017,0.879658,0.570413,0.590320,0.550506,0.026959,0.014869,0.405008,0.445976,0.000000,3,0,0,0,0
sun_moon,l2000,75,213.375,0.777080,0.587209,0.601650,0.572768,23,0.00022513,2,0.089682,0.113332,0.066032,0.878850,0.855290,0.902409,0.640212,0.669836,0.610589,0.024833,0.013067,0.326176,0.385472,0.000000,3,0,0,0,0
sun_moon,l2000,100,399.898,0.663967,0.646823,0.624916,0.668730,26,0.00019535,5,0.092362,0.127377,0.057347,0.885932,0.846883,0.924981,0.705798,0.704516,0.707079,0.027923,0.011244,0.291394,0.289529,0.000000,6,0,0,0,0
sun_moon,l2000,125,432.562,0.590829,0.687512,0.638260,0.736764,26,0.00018810,4,0.092333,0.139693,0.044973,0.891854,0.838899,0.944809,0.748659,0.727420,0.769899,0.030899,0.008939,0.269362,0.227618,0.000000,6,0,0,0,0
sun_moon,l2000,150,641.593,0.493467,0.737962,0.676175,0.799748,29,0.00071482,4,0.095847,0.151361,0.040333,0.895495,0.837226,0.953764,0.805263,0.778522,0.832005,0.033269,0.007758,0.218465,0.165169,0.000000,9,0,0,0,0
sun_moon,l2000,175,677.791,0.406672,0.781472,0.710982,0.851962,29,0.00093487,2,0.085189,0.130402,0.039976,0.908613,0.860398,0.956829,0.844858,0.803695,0.886020,0.028801,0.007669,0.193471,0.111780,0.000000,9,0,0,0,0
sun_moon,l2000,200,909.535,0.329440,0.819757,0.768927,0.870587,32,0.00036843,1,0.079100,0.120246,0.037954,0.918598,0.877504,0.959692,0.882508,0.861387,0.903629,0.026202,0.007384,0.136757,0.094657,0.000000,12,0,0,0,0
sun_moon,l2000,225,949.258,0.272838,0.847852,0.813392,0.882313,32,0.00023349,3,0.079331,0.113332,0.045330,0.920962,0.888771,0.953154,0.913941,0.905575,0.922308,0.024846,0.008775,0.092682,0.075810,0.000000,12,0,0,0,0
sun_moon,l2000,250,1201.756,0.220074,0.875304,0.847348,0.903259,35,0.00073421,3,0.073327,0.106201,0.040452,0.928481,0.898230,0.958733,0.938568,0.937338,0.939798,0.023086,0.008026,0.060607,0.058902,0.000000,15,0,0,0,0
sun_moon,l2000,275,1244.691,0.193118,0.888933,0.869629,0.908237,35,0.00032399,3,0.067459,0.096370,0.038548,0.934469,0.908202,0.960737,0.948342,0.953436,0.943248,0.021045,0.007498,0.044694,0.055460,0.000000,15,0,0,0,0
sun_moon,l2000,300,1509.252,0.176205,0.898086,0.882685,0.913487,33,0.00037370,1,0.063883,0.089455,0.038311,0.938035,0.914894,0.961177,0.955065,0.961646,0.948483,0.019716,0.007510,0.036628,0.049957,0.000000,15,0,2,0,0
sun_moon,l2000,325,1549.175,0.172604,0.899698,0.884600,0.914796,33,0.00046706,1,0.065261,0.091616,0.038905,0.937010,0.913346,0.960673,0.958015,0.965644,0.950387,0.019830,0.007641,0.032923,0.048609,0.000000,15,0,2,0,0
sun_moon,l2000,350,1805.304,0.158391,0.907600,0.894863,0.920338,33,0.00043181,0,0.063804,0.085134,0.042475,0.938500,0.919394,0.957606,0.965237,0.971046,0.959429,0.018691,0.008384,0.027545,0.039807,0.000000,15,0,2,0,0
sun_moon,l2000,375,1844.338,0.148239,0.913229,0.900540,0.925917,33,0.00059825,2,0.058605,0.079732,0.037478,0.943333,0.924214,0.962451,0.966480,0.972342,0.960619,0.017519,0.007490,0.026179,0.038030,0.000000,15,0,2,0,1
sun_moon,l2000,400,2099.813,0.141304,0.916673,0.906300,0.927046,33,0.00114655,2,0.057792,0.073466,0.042118,0.944007,0.929788,0.958225,0.969487,0.972882,0.966092,0.016241,0.008230,0.025648,0.032581,0.000000,15,0,2,0,1
sun_moon,l2000,425,2138.903,0.133475,0.920336,0.907232,0.933440,33,0.00046688,1,0.059144,0.072602,0.045687,0.942929,0.930571,0.955286,0.974592,0.973099,0.976086,0.015827,0.008950,0.025230,0.023604,0.000000,15,0,2,0,1
sun_moon,l2000,450,2380.457,0.121551,0.927225,0.911354,0.943096,33,0.00042304,2,0.053388,0.067632,0.039143,0.948300,0.935008,0.961592,0.976501,0.972990,0.980012,0.014789,0.007597,0.025662,0.019521,0.000000,15,0,2,0,1
sun_moon,l2000,475,2419.954,0.110213,0.933574,0.913321,0.953827,33,0.00021213,2,0.048192,0.065687,0.030696,0.953250,0.936779,0.969722,0.978210,0.973315,0.983105,0.014290,0.005988,0.025112,0.016072,0.000000,15,0,2,0,1
sun_moon,l2000,500,2677.966,0.108110,0.934960,0.919373,0.950548,33,0.00030928,1,0.046691,0.061258,0.032124,0.954610,0.940925,0.968295,0.978387,0.975691,0.981083,0.013237,0.006309,0.023549,0.018149,0.000000,15,0,2,1,1
sun_moon,l2000,525,2717.666,0.102377,0.938284,0.923463,0.953105,33,0.00029503,2,0.044228,0.055856,0.032600,0.956878,0.945818,0.967938,0.979610,0.975043,0.984176,0.012397,0.006337,0.023526,0.015061,0.000000,15,0,2,1,1
sun_moon,l2000,550,3064.226,0.175989,0.899395,0.844234,0.954556,28,0.00016180,1,0.040733,0.047321,0.034146,0.957883,0.949200,0.966566,0.935667,0.884183,0.987151,0.010434,0.006649,0.114357,0.012730,0.000000,15,0,7,1,1
sun_moon,l2000,575,3097.841,0.163227,0.905515,0.860487,0.950543,28,0.00029279,1,0.044697,0.047753,0.041642,0.954669,0.949698,0.959640,0.945851,0.901577,0.990125,0.010412,0.008114,0.097102,0.009930,0.000000,15,0,7,1,1
sun_moon,l2000,600,3418.526,0.168819,0.901450,0.857496,0.945405,25,0.00023541,0,0.047655,0.049265,0.046044,0.951800,0.948087,0.955512,0.944338,0.899741,0.988935,0.010581,0.009046,0.098486,0.010399,0.000000,15,0,10,1,1
sun_moon,l2000,625,3449.038,0.146299,0.914136,0.883295,0.944977,25,0.00026587,2,0.043698,0.045160,0.042237,0.956121,0.953364,0.958879,0.954037,0.923185,0.984890,0.009878,0.008232,0.075689,0.014219,0.000000,15,0,10,1,1
sun_moon,l2000,650,3728.501,0.144561,0.915890,0.887711,0.944070,24,0.00025797,1,0.044956,0.049697,0.040214,0.955014,0.949367,0.960661,0.956931,0.931828,0.982035,0.010869,0.007963,0.067604,0.017490,0.000000,15,0,11,1,1
sun_moon,l2000,675,3757.308,0.136927,0.918387,0.891374,0.945401,24,0.00020621,2,0.046038,0.048293,0.043783,0.954187,0.950858,0.957516,0.960607,0.934421,0.986794,0.010311,0.008655,0.064234,0.011885,0.000000,15,0,11,1,1
sun_moon,l2000,700,4018.992,0.143586,0.915528,0.896705,0.934351,23,0.00020665,0,0.043343,0.042783,0.043902,0.956588,0.956248,0.956928,0.955220,0.935069,0.975372,0.009300,0.008805,0.063578,0.023382,0.000000,15,0,12,1,1
sun_moon,l2000,725,4046.292,0.144638,0.914097,0.891284,0.936910,23,0.00015600,0,0.049519,0.052398,0.046639,0.950845,0.947093,0.954598,0.959296,0.937986,0.980607,0.011108,0.009242,0.060742,0.018445,0.000000,15,0,12,1,1
sun_moon,l2000,750,4298.048,0.139214,0.918517,0.890717,0.946318,22,0.00014582,0,0.044063,0.050886,0.037240,0.955944,0.948440,0.963447,0.958800,0.936041,0.981559,0.011001,0.007548,0.062573,0.017802,0.000000,15,0,13,1,1
sun_moon,l2000,775,4323.565,0.128501,0.924590,0.897631,0.951548,22,0.00017195,0,0.041419,0.049049,0.033789,0.958641,0.950491,0.966791,0.962680,0.941659,0.983700,0.010746,0.006853,0.056883,0.015366,0.000000,15,0,13,1,1
sun_moon,l2000,800,4560.390,0.167332,0.903672,0.867972,0.939373,19,0.00009795,0,0.032957,0.037597,0.028316,0.965724,0.959926,0.971521,0.933289,0.900605,0.965973,0.008104,0.005694,0.098023,0.032633,0.000000,15,0,16,1,1
sun_moon,l2000,825,4583.706,0.151825,0.911042,0.881017,0.941068,19,0.00011956,0,0.037579,0.041487,0.033670,0.961643,0.956742,0.966545,0.945161,0.917567,0.972754,0.008803,0.006593,0.080188,0.026830,0.000000,15,0,16,1,1
sun_moon,l2000,850,4800.037,0.143679,0.915669,0.890249,0.941089,17,0.00013555,0,0.038768,0.041487,0.036050,0.960758,0.957172,0.964345,0.951099,0.927182,0.975015,0.008810,0.007354,0.070897,0.023984,0.000000,15,0,18,1,1
sun_moon,l2000,875,4820.788,0.138543,0.917897,0.894922,0.940871,17,0.00019823,0,0.037405,0.042567,0.032243,0.962118,0.956368,0.967868,0.952112,0.933016,0.971208,0.008966,0.006282,0.065246,0.027544,0.000000,15,0,18,1,1
sun_moon,l2000,900,5010.240,0.138598,0.918811,0.893736,0.943885,17,0.00018520,0,0.036738,0.045160,0.028316,0.962768,0.953883,0.971653,0.952355,0.934097,0.970613,0.009639,0.005703,0.064023,0.028463,0.000000,15,0,18,1,1
sun_moon,l2000,925,5030.451,0.137494,0.919241,0.894938,0.943545,17,0.00017271,0,0.037122,0.045808,0.028435,0.962435,0.953340,0.971531,0.953154,0.935933,0.970375,0.009861,0.005629,0.062223,0.028454,0.000000,15,0,18,1,1
sun_moon,l2000,950,5221.082,0.139607,0.918570,0.893883,0.943257,17,0.00018004,0,0.037549,0.045592,0.029506,0.962000,0.953488,0.970511,0.952863,0.934637,0.971089,0.009862,0.005964,0.063626,0.028052,0.000000,15,0,18,1,1
sun_moon,l2000,975,5241.762,0.138543,0.918953,0.891903,0.946002,17,0.00020482,0,0.039300,0.047429,0.031172,0.960359,0.951684,0.969034,0.954848,0.934205,0.975491,0.010355,0.006129,0.063989,0.023851,0.000000,15,0,18,1,1
sun_moon,l2000,1000,5434.057,0.141044,0.917474,0.889875,0.945073,17,0.00017943,0,0.038917,0.046780,0.031053,0.960649,0.952181,0.969116,0.952962,0.931504,0.974420,0.010186,0.006158,0.066483,0.024719,0.000000,15,0,18,1,1
sun_moon,l2000,1025,5454.659,0.142504,0.916711,0.888247,0.945175,17,0.00013835,0,0.039392,0.047969,0.030815,0.960168,0.950993,0.969342,0.952578,0.930856,0.974301,0.010520,0.006201,0.066781,0.024563,0.000000,15,0,18,1,1
sun_moon,l2000,1050,5646.054,0.147858,0.913677,0.884687,0.942666,16,0.00015387,0,0.040917,0.048401,0.033432,0.958612,0.950404,0.966820,0.950844,0.927506,0.974182,0.010653,0.006760,0.069736,0.024778,0.000000,15,0,19,1,1
sun_moon,l2000,1075,5665.319,0.147427,0.913728,0.883388,0.944068,16,0.00019150,0,0.046055,0.056180,0.035931,0.953884,0.943207,0.964562,0.955503,0.933016,0.977989,0.012204,0.006934,0.065591,0.021516,0.000000,15,0,19,1,1
sun_moon,l2000,1100,5844.793,0.147282,0.914005,0.882816,0.945193,16,0.00012428,0,0.044477,0.055640,0.033314,0.955338,0.943660,0.967016,0.954308,0.931936,0.976681,0.012181,0.006628,0.065925,0.022390,0.000000,15,0,19,1,1
sun_moon,l2000,1125,5864.293,0.143432,0.916587,0.885022,0.948152,16,0.00012048,0,0.041369,0.052398,0.030339,0.958309,0.946738,0.969880,0.954157,0.931396,0.976919,0.011564,0.006106,0.066723,0.021873,0.000000,15,0,19,1,1
sun_moon,l2000,1150,6044.315,0.140931,0.918267,0.887997,0.948537,16,0.00010562,0,0.039137,0.049481,0.028792,0.960461,0.949582,0.971341,0.953892,0.931936,0.975848,0.010939,0.005789,0.066518,0.023077,0.000000,15,0,19,1,1
sun_moon,l2000,1175,6063.799,0.138238,0.919707,0.889084,0.950330,16,0.00009537,0,0.037840,0.048077,0.027603,0.961725,0.950937,0.972512,0.954195,0.931828,0.976562,0.010493,0.005523,0.066672,0.022788,0.000000,15,0,19,1,1
sun_moon,l2000,1200,6241.185,0.135045,0.920760,0.888912,0.952608,16,0.00006298,0,0.034878,0.045484,0.024271,0.964535,0.953341,0.975729,0.952536,0.929343,0.975729,0.009726,0.004895,0.068426,0.023094,0.000000,15,0,19,1,1
sun_moon,l2000,1225,6260.193,0.133303,0.921488,0.890408,0.952569,16,0.00006778,0,0.034468,0.042999,0.025937,0.964947,0.955748,0.974146,0.952985,0.928695,0.977275,0.009340,0.004998,0.069535,0.021176,0.000000,15,0,19,1,1
sun_moon,l2000,1250,6435.201,0.131880,0.923034,0.891268,0.954799,16,0.00003772,0,0.034105,0.044296,0.023914,0.965347,0.954571,0.976123,0.954190,0.930748,0.977632,0.009444,0.004888,0.067629,0.021550,0.000000,15,0,19,1,1
sun_moon,l500,1,1.386,1.591758,0.223209,0.192984,0.253433,20,0.00000000,0,0.178953,0.179559,0.178346,0.592563,0.559034,0.626091,0.263134,0.227636,0.298632,0.040695,0.035942,0.765997,0.696076,0.000000,0,0,0,0,0
sun_moon,l500,25,27.138,1.160031,0.396626,0.380058,0.413193,20,0.00000000,0,0.099099,0.110631,0.087567,0.814625,0.792334,0.836916,0.435740,0.422105,0.449375,0.024765,0.017518,0.572692,0.547101,0.000000,0,0,0,0,0
sun_moon,l500,50,196.339,0.915367,0.519790,0.527518,0.512063,23,0.00002534,0,0.097984,0.120895,0.075074,0.855121,0.830249,0.879992,0.570899,0.591292,0.550506,0.026959,0.014817,0.403979,0.445971,0.000000,3,0,0,0,0
sun_moon,l500,75,226.877,0.777692,0.587039,0.602984,0.571093,23,0.00022129,2,0.090184,0.115169,0.065199,0.878485,0.853772,0.903197,0.640379,0.672429,0.608328,0.025241,0.012872,0.323348,0.388129,0.000000,3,0,0,0,0
sun_moon,l500,100,425.440,0.672277,0.642143,0.622103,0.662183,26,0.00011763,4,0.092391,0.123271,0.061511,0.884790,0.850046,0.919533,0.700852,0.698790,0.702915,0.027008,0.011982,0.297030,0.293894,0.000000,6,0,0,0,0
sun_moon,l500,125,460.079,0.596590,0.684217,0.637455,0.730978,26,0.00015289,5,0.096815,0.142826,0.050803,0.887022,0.836082,0.937963,0.748307,0.728500,0.768114,0.031553,0.010111,0.267242,0.228863,0.000000,6,0,0,0,0
sun_moon,l500,150,683.059,0.485547,0.741683,0.674178,0.809188,29,0.00070332,6,0.098443,0.150605,0.046282,0.892792,0.837415,0.948168,0.811176,0.775713,0.846639,0.032950,0.009015,0.221206,0.149882,0.000000,8,1,0,0,0
sun_moon,l500,175,721.581,0.394829,0.787646,0.711194,0.864098,29,0.00033419,2,0.088324,0.133103,0.043546,0.906089,0.858244,0.953933,0.853790,0.805856,0.901725,0.029327,0.008384,0.191882,0.095710,0.000000,8,1,0,0,0
sun_moon,l500,200,972.205,0.335632,0.817757,0.750168,0.885345,32,0.00045060,1,0.081932,0.123055,0.040809,0.915072,0.872552,0.957591,0.881978,0.842481,0.921475,0.027049,0.008046,0.155291,0.076900,0.000000,11,1,0,0,0
sun_moon,l500,225,1015.155,0.272189,0.849405,0.795958,0.902853,32,0.00034932,2,0.072591,0.106634,0.038548,0.926263,0.892013,0.960512,0.909245,0.880834,0.937656,0.023366,0.007679,0.117088,0.060892,0.000000,11,1,0,0,0
sun_moon,l500,250,1284.497,0.209348,0.881044,0.849701,0.912387,35,0.00033056,1,0.070723,0.101232,0.040214,0.930863,0.902375,0.959351,0.942398,0.935717,0.949078,0.022277,0.007845,0.062609,0.049253,0.000000,14,1,0,0,0
sun_moon,l500,275,1330.822,0.175420,0.899032,0.873027,0.925037,35,0.00056158,4,0.065740,0.095073,0.036407,0.936482,0.909549,0.963415,0.957372,0.956029,0.958715,0.020814,0.007074,0.042668,0.040255,0.000000,14,1,0,0,0
sun_moon,l500,300,1626.298,0.165574,0.904210,0.878530,0.929891,35,0.00038253,5,0.063655,0.090428,0.036883,0.938452,0.913747,0.963157,0.961081,0.957973,0.964188,0.019936,0.007124,0.040322,0.035113,0.000000,14,1,0,0,0
sun_moon,l500,325,1671.767,0.155466,0.910206,0.888227,0.932186,35,0.00042155,3,0.062143,0.087403,0.036883,0.940131,0.917017,0.963244,0.966214,0.965860,0.966568,0.019458,0.007328,0.032482,0.032786,0.000000,14,1,0,0,1
sun_moon,l500,350,1968.912,0.145716,0.914212,0.895563,0.932861,35,0.00032131,2,0.061514,0.081029,0.041999,0.940675,0.922768,0.958583,0.970085,0.968129,0.972040,0.017809,0.008216,0.030292,0.027263,0.000000,14,1,0,0,1
sun_moon,l500,375,2014.368,0.141362,0.917269,0.904594,0.929943,35,0.00006889,1,0.057851,0.074654,0.041047,0.944004,0.928682,0.959326,0.970120,0.972126,0.968114,0.016510,0.008183,0.026938,0.031306,0.000000,14,1,0,0,1
sun_moon,l500,400,2310.105,0.134938,0.919389,0.906677,0.932101,35,0.00009536,0,0.058462,0.074330,0.042594,0.943556,0.929101,0.958011,0.972937,0.974071,0.971802,0.015996,0.008497,0.024430,0.027454,0.000000,14,1,0,0,1
sun_moon,l500,425,2355.287,0.130776,0.922368,0.913162,0.931574,35,0.00010827,2,0.053875,0.066227,0.041523,0.947636,0.936312,0.958960,0.971947,0.973639,0.970256,0.014819,0.008127,0.025182,0.028258,0.000000,14,1,0,0,1
sun_moon,l500,450,2647.625,0.125663,0.925297,0.915973,0.934621,34,0.00010738,0,0.052767,0.064607,0.040928,0.948746,0.937864,0.959629,0.974012,0.975151,0.972873,0.014201,0.008239,0.023913,0.025871,0.000000,14,1,1,0,1
sun_moon,l500,475,2692.053,0.120416,0.928511,0.915947,0.941076,34,0.00009560,1,0.051422,0.062986,0.039857,0.950052,0.939239,0.960864,0.976111,0.973639,0.978584,0.014047,0.008002,0.025234,0.020290,0.000000,14,1,1,0,1
sun_moon,l500,500,2981.576,0.112421,0.933200,0.922401,0.943999,34,0.00020558,1,0.047813,0.056720,0.038905,0.953426,0.945009,0.961844,0.977722,0.974719,0.980726,0.012682,0.007871,0.024174,0.018366,0.000000,14,1,1,0,1
sun_moon,l500,525,3026.163,0.112764,0.932681,0.923518,0.941843,34,0.00024800,1,0.047235,0.055207,0.039262,0.953910,0.946385,0.961435,0.976663,0.974503,0.978822,0.012275,0.007953,0.024198,0.019987,0.000000,14,1,1,1,1
sun_moon,l500,550,3438.395,0.170400,0.901560,0.891492,0.911627,30,0.00022417,2,0.048081,0.051426,0.044735,0.951563,0.947990,0.955137,0.944874,0.937338,0.952409,0.011414,0.008892,0.061094,0.046841,0.000000,14,1,5,1,1
sun_moon,l500,575,3478.114,0.137735,0.917596,0.904835,0.930358,30,0.00027061,3,0.058926,0.056936,0.060916,0.942841,0.943811,0.941871,0.971692,0.956353,0.987032,0.012529,0.012124,0.042202,0.012011,0.000000,14,1,5,1,1
sun_moon,l500,600,3848.162,0.170590,0.901364,0.860108,0.942619,29,0.00001016,4,0.049727,0.056504,0.042951,0.949800,0.941460,0.958140,0.945907,0.908708,0.983105,0.012533,0.008548,0.090057,0.015156,0.000000,14,1,6,1,1
sun_moon,l500,625,3886.042,0.147063,0.912272,0.889250,0.935294,29,0.00002223,2,0.057046,0.062338,0.051755,0.944057,0.938097,0.950017,0.964192,0.944685,0.983700,0.013401,0.010209,0.053950,0.014995,0.000000,14,1,6,1,1
sun_moon,l500,650,4224.042,0.151066,0.911957,0.881373,0.942541,24,0.00001028,3,0.049446,0.057368,0.041523,0.950715,0.942012,0.959419,0.956807,0.931936,0.981678,0.012760,0.008159,0.067116,0.017052,0.000000,14,1,11,1,1
sun_moon,l500,675,4255.631,0.136329,0.920047,0.893087,0.947007,24,0.00002811,0,0.048758,0.058016,0.039500,0.951787,0.942152,0.961422,0.964657,0.944901,0.984414,0.012870,0.007891,0.054145,0.014268,0.000000,14,1,11,1,1
sun_moon,l500,700,4543.410,0.143990,0.915521,0.896650,0.934393,23,0.00003976,1,0.050985,0.061041,0.040928,0.949664,0.939708,0.959620,0.962009,0.951383,0.972635,0.013389,0.008114,0.047921,0.026026,0.000000,14,1,12,1,1
sun_moon,l500,725,4573.471,0.138393,0.918815,0.897913,0.939716,23,0.00001825,1,0.050784,0.061474,0.040095,0.950002,0.939410,0.960594,0.965253,0.953111,0.977394,0.013507,0.007944,0.046314,0.021639,0.000000,14,1,12,1,1
sun_moon,l500,750,4854.881,0.169865,0.903823,0.847675,0.959972,20,0.00000417,1,0.038577,0.054667,0.022487,0.959990,0.942376,0.977604,0.937787,0.894015,0.981559,0.012206,0.004571,0.104315,0.017311,0.000000,14,1,15,1,1
sun_moon,l500,775,4881.445,0.154633,0.911993,0.862224,0.961763,20,0.00008055,0,0.038833,0.060177,0.017490,0.960338,0.938235,0.982441,0.946347,0.914110,0.978584,0.013254,0.003559,0.084835,0.019664,0.000000,14,1,15,1,1
sun_moon,l500,800,5120.886,0.153074,0.913512,0.863817,0.963206,19,0.00005882,0,0.037222,0.059097,0.015348,0.961936,0.939323,0.984549,0.946428,0.914866,0.977989,0.013184,0.003095,0.083814,0.021109,0.000000,14,1,16,1,1
sun_moon,l500,825,5146.735,0.151271,0.914331,0.863160,0.965501,19,0.00003121,0,0.037913,0.061906,0.013920,0.961357,0.936734,0.985980,0.947768,0.916595,0.978941,0.013692,0.002807,0.081978,0.020080,0.000000,14,1,16,1,1
sun_moon,l500,850,5385.713,0.146174,0.916473,0.869124,0.963822,19,0.00000392,0,0.035586,0.054991,0.016181,0.963583,0.943419,0.983748,0.948168,0.916919,0.979417,0.012254,0.003097,0.081536,0.019470,0.000000,14,1,16,1,1
sun_moon,l500,875,5411.485,0.157620,0.910107,0.869022,0.951191,19,0.00000593,1,0.036954,0.054991,0.018917,0.962134,0.943413,0.980855,0.942998,0.916811,0.969185,0.012009,0.003651,0.082046,0.030445,0.000000,14,1,16,1,1
sun_moon,l500,900,5651.756,0.147104,0.915451,0.869017,0.961886,18,0.00000294,1,0.034321,0.054127,0.014515,0.964776,0.944209,0.985344,0.945951,0.916054,0.975848,0.011826,0.002755,0.082093,0.023030,0.000000,14,1,17,1,1
sun_moon,l500,925,5676.067,0.139715,0.919390,0.872582,0.966199,18,0.00002218,0,0.036446,0.055640,0.017252,0.962894,0.943037,0.982750,0.952000,0.921132,0.982867,0.012189,0.003190,0.077498,0.016207,0.000000,14,1,17,1,1
sun_moon,l500,950,5898.727,0.204177,0.885808,0.827604,0.944011,15,0.00000218,0,0.028478,0.049697,0.007258,0.969157,0.945889,0.992425,0.909798,0.868734,0.950863,0.011146,0.001476,0.128902,0.047469,0.000000,14,1,20,1,1
sun_moon,l500,975,5919.348,0.175341,0.901060,0.839816,0.962304,15,0.00003615,1,0.032763,0.055532,0.009994,0.965435,0.941048,0.989822,0.929187,0.886452,0.971921,0.012381,0.001772,0.111472,0.026710,0.000000,14,1,20,1,1
sun_moon,l500,1000,6106.183,0.158741,0.910417,0.847231,0.973604,15,0.00001294,1,0.033449,0.057260,0.009637,0.965104,0.939916,0.990291,0.939365,0.895743,0.982986,0.012725,0.001731,0.102538,0.016010,0.000000,14,1,20,1,1
sun_moon,l500,1025,6126.441,0.153901,0.912843,0.850097,0.975590,15,0.00008199,0,0.033470,0.058016,0.008923,0.965210,0.939404,0.991016,0.941856,0.899417,0.984295,0.012808,0.001638,0.098798,0.014356,0.000000,14,1,20,1,1
sun_moon,l500,1050,6314.940,0.150399,0.915016,0.852246,0.977786,15,0.00003286,0,0.031378,0.055856,0.006901,0.967298,0.941556,0.993040,0.942191,0.899849,0.984533,0.012380,0.001249,0.098503,0.014064,0.000000,14,1,20,1,1
sun_moon,l500,1075,6335.316,0.150478,0.915126,0.851183,0.979068,15,0.00000675,0,0.032636,0.059205,0.006068,0.966128,0.938378,0.993878,0.943293,0.901577,0.985009,0.013021,0.001092,0.096891,0.013850,0.000000,14,1,20,1,1
sun_moon,l500,1100,6523.733,0.153638,0.913436,0.847342,0.979531,14,0.00001736,0,0.031102,0.056612,0.005592,0.967442,0.940529,0.994355,0.940160,0.895311,0.985009,0.012237,0.001056,0.103033,0.014491,0.000000,14,1,21,1,1
sun_moon,l500,1125,6542.656,0.150729,0.915072,0.851386,0.978759,14,0.00001194,0,0.032249,0.056288,0.008209,0.966423,0.941097,0.991749,0.943051,0.899309,0.986794,0.012508,0.001498,0.099010,0.012433,0.000000,14,1,21,1,1
sun_moon,l500,1150,6717.741,0.147172,0.916769,0.854657,0.978882,14,0.00001912,0,0.031989,0.055532,0.008447,0.966764,0.942013,0.991515,0.944634,0.902118,0.987151,0.012259,0.001497,0.096342,0.012142,0.000000,14,1,21,1,1
sun_moon,l500,1175,6736.523,0.146465,0.917326,0.855182,0.979469,14,0.00001788,0,0.031606,0.054883,0.008328,0.967144,0.942651,0.991638,0.944872,0.902118,0.987626,0.012229,0.001406,0.096338,0.011848,0.000000,14,1,21,1,1
sun_moon,l500,1200,6911.593,0.145545,0.917596,0.854821,0.980371,14,0.00001029,0,0.031453,0.056720,0.006187,0.967343,0.940918,0.993767,0.944871,0.903306,0.986437,0.012413,0.001102,0.094909,0.012741,0.000000,14,1,21,1,1
sun_moon,l500,1225,6930.429,0.144317,0.918976,0.854995,0.982957,14,0.00000590,0,0.030869,0.056504,0.005235,0.967930,0.941130,0.994730,0.945704,0.903306,0.988102,0.012463,0.001007,0.095006,0.011464,0.000000,14,1,21,1,1
sun_moon,l500,1250,7105.023,0.145061,0.918243,0.856016,0.980471,14,0.00002657,0,0.029735,0.054235,0.005235,0.969013,0.943309,0.994717,0.944023,0.902442,0.985604,0.011983,0.000963,0.095628,0.013750,0.000000,14,1,21,1,1
sun_moon,l500,1275,7123.722,0.145910,0.917666,0.854995,0.980336,14,0.00000208,0,0.030453,0.056504,0.004402,0.968340,0.941130,0.995549,0.943979,0.903306,0.984652,0.012467,0.000730,0.094949,0.014387,0.000000,14,1,21,1,1
sun_moon,l500,1300,7295.368,0.146290,0.917199,0.853713,0.980685,14,0.00000000,0,0.030815,0.057584,0.004045,0.967977,0.940045,0.995909,0.943763,0.902874,0.984652,0.012570,0.000782,0.095249,0.013888,0.000000,14,1,21,1,1
water_fire,l200,1,1.389,1.378002,0.285997,0.264764,0.307229,20,0.00019481,0,0.195178,0.181681,0.208675,0.636428,0.632632,0.640224,0.342104,0.312867,0.371340,0.024462,0.030884,0.684096,0.625483,0.000000,0,0,0,0,0
water_fire,l200,25,27.705,0.865291,0.521554,0.503351,0.539758,20,0.00024837,3,0.120615,0.101493,0.139737,0.830083,0.845269,0.814898,0.584810,0.554437,0.615182,0.013395,0.020612,0.442834,0.382378,0.000000,0,0,0,0,0
water_fire,l200,50,198.318,0.478012,0.713084,0.727787,0.698381,23,0.00072229,0,0.132215,0.096964,0.167467,0.860651,0.891699,0.829603,0.806846,0.798356,0.815337,0.012707,0.024417,0.199421,0.182647,0.000000,3,0,0,0,0
water_fire,l200,75,229.060,0.313335,0.795272,0.818612,0.771932,23,0.00046600,2,0.125502,0.099648,0.151356,0.877409,0.900336,0.854483,0.894476,0.900185,0.888768,0.012935,0.022138,0.097984,0.109512,0.000000,3,0,0,0,0
water_fire,l200,100,427.385,0.247462,0.830600,0.857844,0.803357,26,0.00040342,3,0.114594,0.093944,0.135244,0.889930,0.909002,0.870858,0.925220,0.938433,0.912006,0.012109,0.019684,0.060709,0.086765,0.000000,6,0,0,0,0
water_fire,l200,125,461.626,0.211837,0.854563,0.892662,0.816465,26,0.00036189,2,0.094007,0.072136,0.115879,0.908536,0.929910,0.887162,0.934065,0.957054,0.911077,0.009281,0.017017,0.042824,0.087075,0.000000,6,0,0,0,0
water_fire,l200,150,670.310,0.185924,0.871077,0.901135,0.841018,27,0.00055833,3,0.083003,0.063915,0.102091,0.919141,0.937500,0.900783,0.942805,0.958732,0.926878,0.008229,0.014923,0.041148,0.072392,0.000000,9,0,2,0,0
water_fire,l200,175,705.632,0.166348,0.882431,0.908186,0.856677,27,0.00028690,2,0.076639,0.061567,0.091712,0.925335,0.939974,0.910695,0.949672,0.964100,0.935244,0.008015,0.013252,0.036206,0.063331,0.000000,9,0,2,0,0
water_fire,l200,200,905.330,0.146015,0.892593,0.909720,0.875465,23,0.00030110,3,0.074431,0.066600,0.082262,0.927943,0.935771,0.920114,0.958895,0.970307,0.947483,0.008528,0.012073,0.029500,0.050102,0.000000,9,0,6,0,0
water_fire,l200,225,934.530,0.127836,0.903003,0.917532,0.888474,23,0.00009103,0,0.071926,0.065929,0.077924,0.930802,0.936847,0.924757,0.967866,0.978024,0.957707,0.008594,0.011298,0.021672,0.040730,0.000000,9,0,6,0,0
water_fire,l200,250,1124.893,0.123869,0.903667,0.917489,0.889845,23,0.00005302,1,0.075779,0.071465,0.080093,0.927654,0.932230,0.923077,0.972086,0.983057,0.961115,0.009237,0.011537,0.017043,0.037452,0.000000,9,0,6,0,0
water_fire,l200,275,1154.265,0.118925,0.908364,0.920465,0.896263,23,0.00001826,1,0.070506,0.067271,0.073741,0.932370,0.935912,0.928828,0.972370,0.982386,0.962355,0.008754,0.010845,0.017392,0.036336,0.000000,9,0,6,0,0
water_fire,l200,300,1337.681,0.118085,0.908730,0.918847,0.898614,23,0.00003312,1,0.071725,0.070793,0.072657,0.931392,0.932877,0.929906,0.973900,0.983895,0.963904,0.009265,0.010766,0.016248,0.034809,0.000000,9,0,6,0,0
water_fire,l200,325,1366.885,0.112892,0.912956,0.921226,0.904686,23,0.00001461,1,0.067395,0.066935,0.067854,0.935307,0.936242,0.934372,0.974481,0.982889,0.966073,0.008678,0.009931,0.017543,0.033444,0.000000,9,0,6,0,1
water_fire,l200,350,1542.202,0.109407,0.914356,0.922339,0.906372,22,0.00003856,2,0.067169,0.067103,0.067235,0.935592,0.936174,0.935010,0.975771,0.984231,0.967312,0.008624,0.009744,0.016273,0.031790,0.000000,9,0,7,0,1
water_fire,l200,375,1569.822,0.106471,0.917624,0.922580,0.912668,22,0.00004113,2,0.061470,0.063915,0.059024,0.940656,0.938864,0.942447,0.974042,0.981547,0.966538,0.008306,0.008406,0.019095,0.032324,0.000000,9,0,7,0,1
water_fire,l200,400,1738.669,0.103343,0.917884,0.921603,0.914165,22,0.00002901,2,0.065413,0.067774,0.063052,0.937319,0.935566,0.939072,0.977934,0.984063,0.971805,0.008741,0.008997,0.016177,0.027675,0.000000,10,0,8,0,1
water_fire,l200,425,1766.129,0.098164,0.921233,0.925604,0.916861,22,0.00012301,1,0.062096,0.062070,0.062122,0.940321,0.940610,0.940033,0.978438,0.983057,0.973819,0.007979,0.008750,0.017152,0.024910,0.000000,10,0,8,0,1
water_fire,l200,450,1944.450,0.092522,0.924842,0.929159,0.920526,22,0.00011861,1,0.060657,0.060896,0.060418,0.941765,0.941818,0.941713,0.980942,0.985741,0.976143,0.007846,0.008414,0.014945,0.022726,0.000000,10,0,8,0,1
water_fire,l200,475,1972.215,0.091773,0.925684,0.928549,0.922819,22,0.00012742,1,0.061522,0.061231,0.061813,0.941079,0.941497,0.940660,0.982633,0.985405,0.979861,0.007832,0.009162,0.014739,0.019154,0.000000,10,0,8,0,1
water_fire,l200,500,2141.496,0.090614,0.924568,0.931286,0.917850,22,0.00007385,2,0.064401,0.059554,0.069249,0.938586,0.943082,0.934090,0.984078,0.986747,0.981410,0.007638,0.009782,0.013655,0.017292,0.000000,10,0,8,0,1
water_fire,l200,525,2169.152,0.092224,0.924460,0.930052,0.918868,22,0.00008643,2,0.063723,0.060057,0.067390,0.939145,0.942582,0.935708,0.983349,0.985908,0.980790,0.007844,0.009516,0.014566,0.018399,0.000000,10,0,8,0,1
water_fire,l200,550,2330.678,0.090694,0.925434,0.932995,0.917874,22,0.00005310,3,0.063046,0.056534,0.069558,0.939797,0.945759,0.933834,0.983730,0.985741,0.981720,0.007461,0.009824,0.014370,0.017220,0.000000,10,0,8,0,1
water_fire,l200,575,2358.278,0.088308,0.926159,0.932045,0.920272,22,0.00006865,2,0.064847,0.059050,0.070643,0.938326,0.943554,0.933099,0.986183,0.987083,0.985283,0.007581,0.010159,0.013072,0.014036,0.000000,10,0,8,0,1
water_fire,l200,600,2509.229,0.088571,0.924865,0.931897,0.917832,22,0.00003465,2,0.066945,0.059218,0.074671,0.936514,0.943402,0.929625,0.986725,0.987083,0.986367,0.007665,0.010536,0.012923,0.012659,0.000000,10,0,8,0,1
water_fire,l200,625,2536.842,0.084208,0.929235,0.936374,0.922097,22,0.00004929,1,0.060937,0.052005,0.069868,0.941858,0.949854,0.933861,0.985796,0.985070,0.986522,0.006676,0.009822,0.015250,0.012281,0.000000,10,0,8,0,1
water_fire,l200,650,2672.292,0.082784,0.930309,0.936683,0.923935,22,0.00001968,1,0.060543,0.051837,0.069249,0.942256,0.950016,0.934496,0.986577,0.985237,0.987916,0.006584,0.009911,0.015254,0.010730,0.000000,10,0,8,0,1
water_fire,l200,675,2699.555,0.080347,0.930982,0.938297,0.923667,22,0.00003308,2,0.060865,0.052172,0.069558,0.942014,0.949806,0.934222,0.987583,0.987250,0.987916,0.006626,0.009813,0.012871,0.010623,0.000000,10,0,8,1,1
water_fire,l200,700,2940.948,0.088125,0.930785,0.939267,0.922303,19,0.00000949,1,0.050663,0.038584,0.062742,0.950896,0.961952,0.939840,0.977839,0.975507,0.980170,0.004809,0.008951,0.024696,0.018174,0.000000,10,0,11,1,1
water_fire,l200,725,2964.670,0.073258,0.937860,0.949734,0.925985,19,0.00008606,2,0.053322,0.041268,0.065376,0.948896,0.959941,0.937850,0.987725,0.988928,0.986522,0.005013,0.009288,0.011481,0.012645,0.000000,10,0,11,1,1
water_fire,l200,750,3161.392,0.132380,0.906017,0.908181,0.903852,17,0.00004143,2,0.054729,0.039591,0.069868,0.946185,0.959754,0.932616,0.955570,0.944137,0.967002,0.004911,0.009894,0.055558,0.032282,0.000000,10,0,13,1,1
water_fire,l200,775,3182.637,0.100984,0.921780,0.934601,0.908960,17,0.00004462,2,0.057589,0.041436,0.073741,0.944459,0.959167,0.929752,0.974657,0.973327,0.975988,0.005249,0.010341,0.026576,0.023233,0.000000,10,0,13,1,1
water_fire,l200,800,3378.975,0.126137,0.910857,0.931439,0.890276,16,0.00005619,0,0.049739,0.044791,0.054686,0.950481,0.955999,0.944964,0.956060,0.973159,0.938962,0.005584,0.007704,0.027186,0.059772,0.000000,10,0,14,1,1
water_fire,l200,825,3398.720,0.119047,0.914017,0.935161,0.892873,16,0.00005656,1,0.051495,0.040094,0.062897,0.949128,0.960411,0.937844,0.960844,0.972656,0.949032,0.005277,0.008738,0.026887,0.049283,0.000000,10,0,14,1,1
water_fire,l200,850,3581.316,0.132256,0.909800,0.940591,0.879009,15,0.00000887,1,0.045295,0.027848,0.062742,0.954532,0.972002,0.937063,0.950472,0.966784,0.934160,0.003478,0.008886,0.032674,0.064813,0.000000,10,0,15,1,1
water_fire,l200,875,3599.815,0.105729,0.922054,0.939290,0.904817,15,0.00003395,0,0.050826,0.030700,0.070953,0.950519,0.969264,0.931774,0.968571,0.968126,0.969016,0.003800,0.010048,0.032090,0.029968,0.000000,10,0,15,1,1
water_fire,l200,900,3777.236,0.123895,0.913027,0.913036,0.913018,12,0.00004819,0,0.046625,0.028183,0.065066,0.954069,0.970854,0.937285,0.955597,0.938769,0.972424,0.003539,0.009178,0.061041,0.025715,0.000000,10,0,18,1,1
water_fire,l200,925,3792.791,0.115564,0.917763,0.922300,0.913227,12,0.00020376,0,0.047851,0.029861,0.065840,0.953082,0.969521,0.936643,0.961597,0.949841,0.973354,0.003626,0.009398,0.050293,0.025860,0.000000,10,0,18,1,1
water_fire,l200,950,3933.519,0.116753,0.916937,0.925757,0.908117,11,0.00022193,0,0.050503,0.030364,0.070643,0.950707,0.969149,0.932264,0.963068,0.953867,0.972270,0.003738,0.010266,0.046145,0.027390,0.000000,10,0,19,1,1
water_fire,l200,975,3947.043,0.114474,0.916584,0.926185,0.906983,11,0.00018120,0,0.056048,0.029525,0.082572,0.946197,0.969966,0.922428,0.967703,0.953531,0.981875,0.003659,0.012081,0.046322,0.017771,0.000000,10,0,19,1,1
water_fire,l200,1000,4076.903,0.114567,0.915278,0.929245,0.901310,10,0.00006047,0,0.059605,0.031371,0.087839,0.943042,0.968305,0.917778,0.969438,0.958396,0.980480,0.003866,0.012697,0.041805,0.019191,0.000000,10,0,20,1,1
water_fire,l200,1025,4089.826,0.109450,0.918961,0.936456,0.901467,10,0.00003173,1,0.056159,0.024325,0.087994,0.946469,0.975269,0.917669,0.970013,0.959235,0.980790,0.002796,0.012831,0.040499,0.018577,0.000000,10,0,20,1,1
water_fire,l200,1050,4208.774,0.108771,0.920889,0.940279,0.901499,10,0.00001073,0,0.053842,0.022479,0.085205,0.948518,0.977153,0.919883,0.969864,0.961416,0.978311,0.002736,0.012548,0.038219,0.021490,0.000000,10,0,20,1,1
water_fire,l200,1075,4221.464,0.108475,0.920583,0.940724,0.900442,10,0.00000622,0,0.055314,0.024493,0.086135,0.947137,0.975216,0.919057,0.970883,0.963764,0.978002,0.002993,0.012662,0.036239,0.021665,0.000000,10,0,20,1,1
water_fire,l200,1100,4347.397,0.125944,0.912069,0.936202,0.887937,9,0.00001534,0,0.051410,0.017614,0.085205,0.950303,0.981846,0.918759,0.958143,0.952693,0.963594,0.002163,0.012347,0.046463,0.035422,0.000000,10,0,21,1,1
water_fire,l200,1125,4359.298,0.117505,0.914236,0.942904,0.885568,9,0.00000714,0,0.058405,0.028351,0.088459,0.943767,0.971592,0.915943,0.966770,0.969636,0.963904,0.003533,0.012910,0.029893,0.034892,0.000000,10,0,21,1,1
water_fire,l200,1150,4469.167,0.115172,0.915569,0.945915,0.885223,9,0.00001672,0,0.057953,0.026673,0.089233,0.944281,0.973268,0.915294,0.967680,0.971146,0.964214,0.003329,0.012908,0.028597,0.034410,0.000000,10,0,21,1,1
water_fire,l200,1175,4480.809,0.113110,0.916942,0.944915,0.888968,9,0.00001131,0,0.056739,0.029357,0.084121,0.945212,0.970701,0.919722,0.968202,0.972656,0.963749,0.003680,0.012272,0.026787,0.035075,0.000000,10,0,21,1,1
water_fire,l200,1200,4587.771,0.109935,0.918350,0.947574,0.889127,9,0.00002199,0,0.058017,0.030364,0.085670,0.944162,0.969838,0.918485,0.970822,0.976346,0.965298,0.003797,0.012423,0.023363,0.033888,0.000000,10,0,21,1,1
water_fire,l200,1225,4599.162,0.106492,0.920289,0.949131,0.891447,9,0.00002102,0,0.057700,0.032209,0.083191,0.944425,0.968170,0.920679,0.972655,0.979701,0.965608,0.004174,0.012162,0.019962,0.033002,0.000000,10,0,21,1,1
water_fire,l200,1250,4705.715,0.104605,0.920404,0.948614,0.892193,9,0.00005460,0,0.059197,0.034893,0.083501,0.943083,0.965677,0.920490,0.974203,0.981714,0.966692,0.004323,0.012123,0.018349,0.032054,0.000000,10,0,21,1,1
water_fire,l200,1275,4717.172,0.103052,0.920759,0.948502,0.893015,9,0.00000883,0,0.060243,0.035900,0.084586,0.942216,0.964750,0.919682,0.975552,0.982553,0.968552,0.004604,0.012237,0.016691,0.030442,0.000000,10,0,21,1,1
water_fire,l200,1300,4825.057,0.099878,0.923648,0.952582,0.894714,9,0.00000258,0,0.057268,0.033048,0.081487,0.944918,0.967508,0.922327,0.975843,0.984063,0.967622,0.004266,0.011776,0.015672,0.031136,0.000000,10,0,21,1,1
water_fire,l2000,1,2.193,1.378002,0.285997,0.264764,0.307229,20,0.00019481,0,0.195178,0.181681,0.208675,0.636428,0.632632,0.640224,0.342104,0.312867,0.371340,0.024462,0.030884,0.684096,0.625483,0.000000,0,0,0,0,0
water_fire,l2000,25,43.819,0.865291,0.521554,0.503351,0.539758,20,0.00024837,3,0.120615,0.101493,0.139737,0.830083,0.845269,0.814898,0.584810,0.554437,0.615182,0.013395,0.020612,0.442834,0.382378,0.000000,0,0,0,0,0
water_fire,l2000,50,314.215,0.477990,0.713083,0.728580,0.697585,23,0.00072229,0,0.131964,0.096460,0.167467,0.860852,0.892262,0.829441,0.806633,0.798859,0.814407,0.012649,0.024415,0.198865,0.183416,0.000000,3,0,0,0,0
water_fire,l2000,75,362.930,0.311214,0.796074,0.823799,0.768350,23,0.00045835,3,0.124959,0.099648,0.150271,0.877791,0.900901,0.854682,0.894850,0.905888,0.883811,0.012828,0.021886,0.092494,0.114089,0.000000,3,0,0,0,0
water_fire,l2000,100,667.328,0.245723,0.832500,0.853895,0.811105,26,0.00034629,3,0.108165,0.091931,0.124400,0.895111,0.910252,0.879970,0.922200,0.932394,0.912006,0.011740,0.018115,0.066782,0.086551,0.000000,6,0,0,0,0
water_fire,l2000,125,721.127,0.212032,0.853316,0.874303,0.832329,26,0.00044782,2,0.094167,0.082369,0.105964,0.908349,0.919928,0.896770,0.933422,0.946318,0.920527,0.010616,0.015307,0.053380,0.078171,0.000000,6,0,0,0,0
water_fire,l2000,150,1043.115,0.181886,0.873242,0.887894,0.858589,27,0.00042082,3,0.077600,0.068445,0.086754,0.923819,0.932707,0.914932,0.940871,0.948666,0.933075,0.008801,0.012477,0.051053,0.065605,0.000000,8,1,2,0,0
water_fire,l2000,175,1098.729,0.150107,0.891213,0.909105,0.873320,27,0.00042313,3,0.072366,0.061231,0.083501,0.929616,0.940320,0.918911,0.955507,0.964771,0.946243,0.007816,0.011997,0.035042,0.052161,0.000000,8,1,2,0,0
water_fire,l2000,200,1430.931,0.118240,0.909765,0.926818,0.892713,24,0.00043300,3,0.067403,0.059050,0.075755,0.935069,0.943253,0.926884,0.970944,0.981547,0.960341,0.007428,0.011011,0.018881,0.038401,0.000000,8,1,5,0,0
water_fire,l2000,225,1480.946,0.109387,0.915533,0.934455,0.896611,24,0.00038380,2,0.065699,0.057037,0.074361,0.936872,0.945408,0.928337,0.975519,0.987754,0.963284,0.007415,0.010915,0.012152,0.035770,0.000000,8,1,5,0,1
water_fire,l2000,250,1793.541,0.105429,0.919063,0.936468,0.901658,24,0.00035338,1,0.060555,0.056199,0.064911,0.941457,0.946237,0.936678,0.974641,0.989096,0.960186,0.007192,0.009500,0.010931,0.039171,0.000000,8,1,5,0,1
water_fire,l2000,275,1841.793,0.107126,0.916791,0.938395,0.895186,24,0.00024592,1,0.062711,0.053850,0.071572,0.939464,0.948359,0.930568,0.974092,0.988928,0.959256,0.006859,0.010247,0.010853,0.039561,0.000000,8,1,5,0,1
water_fire,l2000,300,2153.600,0.105070,0.919574,0.935997,0.903151,24,0.00027130,1,0.057902,0.053682,0.062122,0.943778,0.948379,0.939178,0.972750,0.986244,0.959256,0.006791,0.008977,0.013446,0.040015,0.000000,8,1,5,0,1
water_fire,l2000,325,2201.230,0.102534,0.920229,0.935530,0.904929,24,0.00018526,3,0.058141,0.053850,0.062432,0.943616,0.948209,0.939023,0.973667,0.985908,0.961425,0.006859,0.008733,0.013851,0.037566,0.000000,8,1,5,0,1
water_fire,l2000,350,2510.320,0.097146,0.924038,0.942363,0.905713,24,0.00011307,2,0.055431,0.047811,0.063052,0.946177,0.953816,0.938538,0.975119,0.987418,0.962820,0.005840,0.008980,0.012342,0.036228,0.000000,8,1,5,0,1
water_fire,l2000,375,2559.754,0.095822,0.924588,0.941054,0.908122,24,0.00008648,1,0.055366,0.050159,0.060573,0.946263,0.951696,0.940829,0.975693,0.988257,0.963129,0.006135,0.008710,0.011295,0.035728,0.000000,8,1,5,0,1
water_fire,l2000,400,2855.887,0.096327,0.924143,0.939911,0.908375,23,0.00011425,2,0.057160,0.052508,0.061813,0.944686,0.949597,0.939774,0.976894,0.989264,0.964524,0.006625,0.008914,0.010718,0.034066,0.000000,8,1,6,0,1
water_fire,l2000,425,2902.242,0.094669,0.924045,0.941768,0.906323,23,0.00009869,2,0.057432,0.051501,0.063362,0.944437,0.950564,0.938311,0.977010,0.990270,0.963749,0.006410,0.008729,0.009421,0.035135,0.000000,8,1,6,0,1
water_fire,l2000,450,3196.935,0.092990,0.927825,0.944453,0.911196,23,0.00016728,2,0.052572,0.047979,0.057165,0.948874,0.953767,0.943981,0.976526,0.989767,0.963284,0.006012,0.008355,0.010249,0.035473,0.000000,8,1,6,0,1
water_fire,l2000,475,3243.871,0.092973,0.927867,0.946085,0.909649,23,0.00010836,2,0.052553,0.045462,0.059644,0.948892,0.956056,0.941728,0.976500,0.989096,0.963904,0.005656,0.008588,0.011582,0.034660,0.000000,8,1,6,0,1
water_fire,l2000,500,3546.805,0.094007,0.926171,0.945859,0.906482,23,0.00013937,4,0.055412,0.047307,0.063517,0.946304,0.954421,0.938188,0.977332,0.990606,0.964059,0.006017,0.008907,0.010034,0.034614,0.000000,8,1,6,0,1
water_fire,l2000,525,3593.815,0.099357,0.923019,0.945254,0.900783,23,0.00015791,3,0.057994,0.047979,0.068009,0.943889,0.953804,0.933975,0.976325,0.990606,0.962045,0.006125,0.009727,0.010251,0.036612,0.000000,8,1,6,0,1
water_fire,l2000,550,3893.376,0.091648,0.927666,0.944613,0.910719,26,0.00015072,2,0.055825,0.047979,0.063672,0.946050,0.953774,0.938325,0.979321,0.989935,0.968706,0.006090,0.009098,0.010709,0.030252,0.000000,11,1,6,0,1
water_fire,l2000,575,3946.985,0.091144,0.927160,0.939863,0.914456,26,0.00011195,4,0.057361,0.051669,0.063052,0.944706,0.950323,0.939090,0.980270,0.988425,0.972115,0.006428,0.009099,0.012160,0.026918,0.000000,11,1,6,0,1
water_fire,l2000,600,4241.551,0.121767,0.903598,0.916393,0.890802,24,0.00006604,4,0.076553,0.073478,0.079628,0.927016,0.930498,0.923535,0.972731,0.983728,0.961735,0.009474,0.010962,0.016451,0.037049,0.000000,11,1,8,0,1
water_fire,l2000,625,4291.090,0.095516,0.922491,0.936574,0.908409,24,0.00023269,5,0.063363,0.052676,0.074051,0.939369,0.949281,0.929457,0.980793,0.985908,0.975678,0.006591,0.010540,0.014055,0.023366,0.000000,11,1,8,0,1
water_fire,l2000,650,4544.515,0.084168,0.932657,0.940781,0.924534,23,0.00028767,3,0.051649,0.048146,0.055151,0.949969,0.953447,0.946490,0.980800,0.986076,0.975523,0.006041,0.007947,0.013913,0.023432,0.000000,11,1,9,0,1
water_fire,l2000,675,4591.696,0.082106,0.933113,0.943554,0.922672,23,0.00037962,5,0.052966,0.046133,0.059799,0.948860,0.955350,0.942371,0.982465,0.987083,0.977847,0.005592,0.008681,0.013015,0.020825,0.000000,11,1,9,1,1
water_fire,l2000,700,5015.205,0.120955,0.914116,0.922160,0.906072,20,0.00037920,2,0.049901,0.040933,0.058869,0.950645,0.959102,0.942188,0.959659,0.959906,0.959411,0.005107,0.008425,0.040395,0.039573,0.000000,11,1,12,1,1
water_fire,l2000,725,5056.956,0.080461,0.936519,0.951749,0.921289,20,0.00056815,3,0.044525,0.036068,0.052982,0.956463,0.964714,0.948213,0.978088,0.986076,0.970101,0.004392,0.007413,0.014066,0.027673,0.000000,11,1,12,1,1
water_fire,l2000,750,5430.424,0.102846,0.925431,0.950716,0.900147,17,0.00018552,4,0.043958,0.031371,0.056545,0.956440,0.968999,0.943881,0.965793,0.980540,0.951046,0.003811,0.008160,0.019020,0.047225,0.000000,11,1,15,1,1
water_fire,l2000,775,5466.175,0.095056,0.930624,0.959764,0.901484,17,0.00031477,4,0.045134,0.025667,0.064601,0.955761,0.974589,0.936933,0.972060,0.984399,0.959721,0.003310,0.009388,0.016023,0.038561,0.000000,11,1,15,1,1
water_fire,l2000,800,5778.538,0.200235,0.873835,0.893449,0.854221,14,0.00031523,4,0.044909,0.021808,0.068009,0.953647,0.976669,0.930626,0.912625,0.912934,0.912316,0.002706,0.009635,0.086505,0.086371,0.000000,11,1,18,1,1
water_fire,l2000,825,5807.295,0.163952,0.891762,0.906741,0.876783,14,0.00018916,0,0.050156,0.025331,0.074981,0.949893,0.973476,0.926309,0.936117,0.929710,0.942525,0.003099,0.010818,0.070071,0.056285,0.000000,11,1,18,1,1
water_fire,l2000,850,6075.696,0.148670,0.896010,0.916558,0.875462,14,0.00016653,1,0.060534,0.031371,0.089698,0.940969,0.967880,0.914057,0.949650,0.945311,0.953989,0.003856,0.012660,0.053867,0.045127,0.000000,11,1,18,1,1
water_fire,l2000,875,6104.683,0.131238,0.905380,0.934501,0.876259,14,0.00010363,2,0.063219,0.034726,0.091712,0.938925,0.965332,0.912517,0.961787,0.966952,0.956623,0.004249,0.013205,0.032908,0.043016,0.000000,11,1,18,1,1
water_fire,l2000,900,6376.373,0.126268,0.904694,0.937099,0.872289,14,0.00005914,1,0.072847,0.045462,0.100232,0.930545,0.955654,0.905437,0.969711,0.979701,0.959721,0.005828,0.014510,0.020118,0.038782,0.000000,11,1,18,1,1
water_fire,l2000,925,6405.752,0.117473,0.910463,0.943900,0.877027,14,0.00017606,1,0.071073,0.043617,0.098528,0.932410,0.957599,0.907221,0.974254,0.985070,0.963439,0.005537,0.014437,0.014495,0.035996,0.000000,11,1,18,1,1
water_fire,l2000,950,6649.456,0.177709,0.884271,0.923987,0.844554,11,0.00012859,1,0.050218,0.035061,0.065376,0.948450,0.964636,0.932263,0.928075,0.956383,0.899768,0.004315,0.009362,0.044078,0.098567,0.000000,11,1,21,1,1
water_fire,l2000,975,6673.647,0.122821,0.912704,0.948309,0.877099,11,0.00009492,1,0.051110,0.032042,0.070178,0.949367,0.968299,0.930436,0.958674,0.978695,0.938652,0.003731,0.009960,0.021259,0.060372,0.000000,11,1,21,1,1
water_fire,l2000,1000,6886.719,0.128718,0.911373,0.929727,0.893019,10,0.00007760,0,0.044701,0.026506,0.062897,0.955416,0.972978,0.937854,0.951778,0.954370,0.949187,0.003269,0.008877,0.045434,0.048939,0.000000,11,1,22,1,1
water_fire,l2000,1025,6907.829,0.109622,0.916667,0.940253,0.893080,10,0.00010502,0,0.057581,0.047307,0.067854,0.943869,0.954161,0.933576,0.969207,0.984734,0.953679,0.005921,0.009442,0.015549,0.044720,0.000000,11,1,22,1,1
water_fire,l2000,1050,7108.132,0.107555,0.920285,0.942360,0.898209,10,0.00008506,1,0.052883,0.041939,0.063826,0.948211,0.959037,0.937386,0.968710,0.981882,0.955538,0.005453,0.009153,0.018010,0.043007,0.000000,11,1,22,1,1
water_fire,l2000,1075,7129.571,0.105395,0.922169,0.943448,0.900889,10,0.00003379,1,0.050573,0.038249,0.062897,0.950392,0.962420,0.938363,0.968543,0.979534,0.957552,0.004886,0.009092,0.020144,0.041022,0.000000,11,1,22,1,1
water_fire,l2000,1100,7335.429,0.100233,0.926093,0.946183,0.906004,10,0.00003531,1,0.048973,0.034893,0.063052,0.952074,0.965591,0.938557,0.971164,0.979198,0.963129,0.004574,0.009085,0.020808,0.035896,0.000000,11,1,22,1,1
water_fire,l2000,1125,7357.513,0.099907,0.924830,0.943074,0.906587,10,0.00002329,1,0.051657,0.040262,0.063052,0.949586,0.960578,0.938594,0.972396,0.981043,0.963749,0.005039,0.009054,0.019088,0.035530,0.000000,11,1,22,1,1
water_fire,l2000,1150,7554.806,0.102040,0.922399,0.941507,0.903292,9,0.00001205,0,0.053812,0.043952,0.063672,0.947523,0.957197,0.937850,0.971847,0.982889,0.960806,0.005514,0.009012,0.016910,0.038352,0.000000,11,1,23,1,1
water_fire,l2000,1175,7574.274,0.101478,0.922807,0.940873,0.904741,9,0.00002316,0,0.051618,0.041268,0.061967,0.949496,0.959579,0.939412,0.970253,0.979701,0.960806,0.005208,0.008600,0.019924,0.037581,0.000000,11,1,23,1,1
water_fire,l2000,1200,7750.652,0.112985,0.917848,0.942958,0.892737,8,0.00000568,0,0.050604,0.041100,0.060108,0.950048,0.959816,0.940280,0.964056,0.981714,0.946398,0.005304,0.008592,0.018075,0.051875,0.000000,11,1,24,1,1
water_fire,l2000,1225,7767.979,0.112005,0.918190,0.940068,0.896311,8,0.00001379,0,0.054019,0.041268,0.066770,0.947136,0.959546,0.934727,0.967510,0.978863,0.956158,0.005365,0.009780,0.021227,0.042632,0.000000,11,1,24,1,1
water_fire,l2000,1250,7925.429,0.107847,0.919113,0.941385,0.896841,8,0.00000345,1,0.054084,0.038920,0.069249,0.947190,0.961729,0.932650,0.968485,0.978024,0.958947,0.005045,0.009661,0.021639,0.039366,0.000000,11,1,24,1,1
water_fire,l2000,1275,7942.574,0.106399,0.921111,0.940826,0.901396,8,0.00002018,1,0.052825,0.040429,0.065221,0.948365,0.960336,0.936395,0.969524,0.978863,0.960186,0.005225,0.009258,0.021144,0.039129,0.000000,11,1,24,1,1
water_fire,l2000,1300,8096.084,0.105360,0.922031,0.941556,0.902507,8,0.00000020,1,0.051070,0.039087,0.063052,0.949958,0.961583,0.938333,0.968885,0.978359,0.959411,0.005011,0.008947,0.021731,0.039506,0.000000,11,1,24,1,1
water_fire,l2000,1325,8112.639,0.105071,0.921759,0.941300,0.902218,8,0.00001337,1,0.050882,0.040262,0.061503,0.950082,0.960507,0.939656,0.968453,0.979198,0.957707,0.005032,0.008831,0.020532,0.040752,0.000000,11,1,24,1,1
water_fire,l2000,1350,8266.250,0.106086,0.922221,0.942367,0.902075,8,0.00001073,0,0.048095,0.036236,0.059954,0.952609,0.964221,0.940997,0.966336,0.976514,0.956158,0.004502,0.008534,0.023298,0.042422,0.000000,11,1,24,1,1
water_fire,l2000,1375,8283.163,0.106915,0.921874,0.942769,0.900979,8,0.00001617,1,0.047727,0.034726,0.060728,0.952940,0.965626,0.940253,0.965600,0.975507,0.955693,0.004326,0.008546,0.024466,0.042827,0.000000,11,1,24,1,1
water_fire,l2000,1400,8441.061,0.107793,0.920969,0.940758,0.901181,8,0.00000134,1,0.049650,0.036403,0.062897,0.951195,0.964007,0.938382,0.966433,0.975004,0.957862,0.004541,0.008844,0.025164,0.041065,0.000000,11,1,24,1,1
water_fire,l500,1,1.754,1.378002,0.285997,0.264764,0.307229,20,0.00019481,0,0.195178,0.181681,0.208675,0.636428,0.632632,0.640224,0.342104,0.312867,0.371340,0.024462,0.030884,0.684096,0.625483,0.000000,0,0,0,0,0
water_fire,l500,25,28.732,0.865291,0.521554,0.503351,0.539758,20,0.00024837,3,0.120615,0.101493,0.139737,0.830083,0.845269,0.814898,0.584810,0.554437,0.615182,0.013395,0.020612,0.442834,0.382378,0.000000,0,0,0,0,0
water_fire,l500,50,202.318,0.477929,0.712972,0.728093,0.697850,23,0.00072229,0,0.132215,0.096964,0.167467,0.860618,0.891740,0.829495,0.806704,0.798691,0.814717,0.012693,0.024415,0.199079,0.182958,0.000000,3,0,0,0,0
water_fire,l500,75,233.614,0.316279,0.793260,0.817010,0.769510,23,0.00043585,3,0.128941,0.106526,0.151356,0.874340,0.894588,0.854092,0.895011,0.904043,0.885980,0.013826,0.022202,0.094418,0.112552,0.000000,3,0,0,0,0
water_fire,l500,100,431.350,0.245615,0.832665,0.848935,0.816394,26,0.00037563,3,0.106887,0.094951,0.118823,0.896103,0.907319,0.884887,0.921471,0.929542,0.913400,0.012318,0.017178,0.069692,0.084938,0.000000,6,0,0,0,0
water_fire,l500,125,466.139,0.206506,0.857375,0.882794,0.831955,26,0.00054836,3,0.089411,0.073478,0.105345,0.912631,0.928043,0.897219,0.933629,0.947660,0.919597,0.009472,0.014989,0.052330,0.078853,0.000000,6,0,0,0,0
water_fire,l500,150,676.456,0.178510,0.874170,0.895358,0.852983,28,0.00038075,1,0.080995,0.066096,0.095895,0.921100,0.935240,0.906959,0.944659,0.954538,0.934779,0.008337,0.013823,0.045137,0.064270,0.000000,9,0,1,0,0
water_fire,l500,175,713.371,0.154803,0.888193,0.916417,0.859969,28,0.00036646,2,0.076181,0.063748,0.088613,0.926075,0.938621,0.913530,0.955505,0.974836,0.936174,0.008275,0.012874,0.024481,0.062643,0.000000,9,0,1,0,0
water_fire,l500,200,929.812,0.150815,0.889247,0.916301,0.862192,26,0.00048666,1,0.076431,0.070290,0.082572,0.925923,0.933121,0.918725,0.957046,0.980708,0.933385,0.008953,0.011808,0.019168,0.064981,0.000000,9,0,3,0,0
water_fire,l500,225,963.379,0.153085,0.888582,0.920937,0.856228,26,0.00052812,2,0.077787,0.067271,0.088304,0.924691,0.935942,0.913440,0.957362,0.982889,0.931836,0.008636,0.012855,0.016475,0.067247,0.000000,9,0,3,0,0
water_fire,l500,250,1180.667,0.142978,0.892532,0.919241,0.865822,29,0.00029240,4,0.079278,0.069787,0.088768,0.923837,0.933737,0.913938,0.963036,0.983392,0.942680,0.008822,0.012924,0.015707,0.055946,0.000000,12,0,3,0,0
water_fire,l500,275,1218.594,0.129648,0.903235,0.930111,0.876359,29,0.00034125,3,0.070559,0.058547,0.082572,0.931903,0.943873,0.919934,0.966644,0.984566,0.948722,0.007467,0.012152,0.015018,0.050291,0.000000,12,0,3,0,0
water_fire,l500,300,1458.123,0.117559,0.909188,0.929758,0.888618,29,0.00034292,3,0.069855,0.060393,0.079318,0.932948,0.942280,0.923616,0.972505,0.985908,0.959101,0.007698,0.011598,0.013947,0.039222,0.000000,12,0,3,0,0
water_fire,l500,325,1495.884,0.107611,0.913927,0.930996,0.896858,29,0.00021577,3,0.071172,0.062406,0.079938,0.932205,0.940651,0.923759,0.978824,0.989096,0.968552,0.007988,0.011462,0.011067,0.030531,0.000000,12,0,3,0,1
water_fire,l500,350,1727.339,0.098843,0.920244,0.934696,0.905791,29,0.00016166,2,0.066912,0.058379,0.075445,0.936197,0.944275,0.928118,0.981696,0.989264,0.974129,0.007554,0.011071,0.010684,0.024518,0.000000,12,0,3,0,1
water_fire,l500,375,1764.998,0.091817,0.924124,0.939746,0.908502,29,0.00009131,3,0.066016,0.055192,0.076840,0.937226,0.947276,0.927177,0.984962,0.991612,0.978311,0.006941,0.011158,0.008650,0.020903,0.000000,12,0,3,0,1
water_fire,l500,400,1996.540,0.089612,0.925401,0.939106,0.911697,29,0.00007892,2,0.066661,0.057876,0.075445,0.936750,0.944950,0.928550,0.986969,0.993457,0.980480,0.007411,0.010941,0.006959,0.019140,0.000000,12,0,3,0,1
water_fire,l500,425,2034.032,0.089877,0.924967,0.936621,0.913313,29,0.00002096,1,0.067725,0.061399,0.074051,0.935820,0.941831,0.929809,0.987537,0.994129,0.980945,0.007939,0.010845,0.006134,0.018577,0.000000,12,0,3,0,1
water_fire,l500,450,2256.087,0.086794,0.926753,0.934584,0.918923,29,0.00002325,2,0.067137,0.064251,0.070023,0.936421,0.939322,0.933520,0.988950,0.994632,0.983269,0.008210,0.010308,0.006102,0.016247,0.000000,12,0,3,0,1
water_fire,l500,475,2293.957,0.086571,0.927402,0.938004,0.916799,29,0.00004166,1,0.065685,0.060728,0.070643,0.937669,0.942476,0.932862,0.988266,0.994967,0.981565,0.007922,0.010323,0.005346,0.017831,0.000000,12,0,3,0,1
water_fire,l500,500,2511.696,0.083927,0.930064,0.941083,0.919044,28,0.00005165,1,0.063040,0.056366,0.069713,0.940064,0.946343,0.933785,0.988621,0.994129,0.983114,0.007432,0.010097,0.006793,0.016304,0.000000,12,0,4,0,1
water_fire,l500,525,2548.143,0.085681,0.928567,0.938074,0.919060,28,0.00004329,2,0.063614,0.059218,0.068009,0.939478,0.943754,0.935203,0.987595,0.993625,0.981565,0.007729,0.009958,0.006720,0.017698,0.000000,12,0,4,0,1
water_fire,l500,550,2759.095,0.082344,0.930251,0.940178,0.920324,28,0.00003724,1,0.063304,0.057205,0.069404,0.939853,0.945579,0.934127,0.989080,0.993961,0.984198,0.007363,0.010042,0.006586,0.015260,0.000000,12,0,4,0,1
water_fire,l500,575,2795.069,0.082843,0.930264,0.940105,0.920423,28,0.00002661,1,0.063749,0.058715,0.068784,0.939471,0.944294,0.934648,0.989518,0.995303,0.983734,0.007674,0.009992,0.005468,0.015895,0.000000,12,0,4,1,1
water_fire,l500,600,3104.404,0.117599,0.911784,0.922918,0.900650,25,0.00002389,1,0.064170,0.055528,0.072812,0.937999,0.946074,0.929924,0.970197,0.974165,0.966228,0.007233,0.010484,0.026876,0.032904,0.000000,12,0,7,1,1
water_fire,l500,625,3136.742,0.095833,0.921447,0.941801,0.901093,25,0.00005218,1,0.067745,0.057876,0.077614,0.935542,0.945099,0.925986,0.983670,0.996309,0.971030,0.007387,0.011076,0.004216,0.028371,0.000000,12,0,7,1,1
water_fire,l500,650,3402.706,0.132651,0.902514,0.915820,0.889209,20,0.00003636,1,0.066442,0.056199,0.076685,0.935467,0.945091,0.925843,0.962342,0.967287,0.957397,0.007355,0.011057,0.032522,0.041194,0.000000,12,0,12,1,1
water_fire,l500,675,3428.880,0.098089,0.921314,0.941055,0.901573,20,0.00025244,2,0.064647,0.055863,0.073431,0.938123,0.946771,0.929475,0.980701,0.993625,0.967777,0.007152,0.010609,0.006910,0.030839,0.000000,12,0,12,1,1
water_fire,l500,700,3669.742,0.108740,0.921121,0.952628,0.889614,17,0.00027461,1,0.051032,0.034055,0.068009,0.949893,0.966584,0.933201,0.967593,0.985070,0.950116,0.004303,0.009836,0.015490,0.048564,0.000000,12,0,15,1,1
water_fire,l500,725,3691.493,0.103941,0.919806,0.946776,0.892837,17,0.00022029,1,0.057969,0.043281,0.072657,0.943753,0.958021,0.929484,0.972730,0.987754,0.957707,0.005526,0.010074,0.012471,0.040446,0.000000,12,0,15,1,1
water_fire,l500,750,3891.159,0.116666,0.914698,0.949275,0.880122,16,0.00018805,1,0.055897,0.041772,0.070023,0.945132,0.959473,0.930792,0.965339,0.988928,0.941751,0.005373,0.010030,0.011426,0.056442,0.000000,12,0,16,1,1
water_fire,l500,775,3912.121,0.110648,0.916793,0.952958,0.880627,16,0.00017032,1,0.057447,0.037745,0.077149,0.944010,0.963235,0.924785,0.968748,0.988928,0.948567,0.004789,0.010867,0.011318,0.048871,0.000000,12,0,16,1,1
water_fire,l500,800,4095.956,0.149130,0.897200,0.950403,0.843998,14,0.00008673,1,0.057137,0.041772,0.072502,0.942681,0.959519,0.925844,0.947646,0.990102,0.905190,0.005371,0.010259,0.010032,0.093079,0.000000,12,0,18,1,1
water_fire,l500,825,4114.558,0.129648,0.905921,0.950089,0.861754,14,0.00016364,1,0.063340,0.041939,0.084741,0.938119,0.959356,0.916882,0.962357,0.989935,0.934779,0.005316,0.012133,0.010453,0.063677,0.000000,12,0,18,1,1
water_fire,l500,850,4274.572,0.124203,0.910996,0.949150,0.872842,11,0.00003855,2,0.056447,0.035900,0.076995,0.944535,0.964774,0.924296,0.961635,0.983224,0.940046,0.004499,0.011275,0.016670,0.058204,0.000000,12,0,21,1,1
water_fire,l500,875,4289.759,0.103537,0.921534,0.953413,0.889655,11,0.00001876,2,0.057654,0.037074,0.078234,0.944226,0.963859,0.924593,0.974008,0.988760,0.959256,0.004688,0.011385,0.011438,0.039296,0.000000,12,0,21,1,1
water_fire,l500,900,4425.218,0.180967,0.881380,0.891918,0.870842,9,0.00000006,1,0.052413,0.033719,0.071108,0.946942,0.964718,0.929167,0.927379,0.921993,0.932765,0.004066,0.010290,0.077448,0.066202,0.000000,12,0,23,1,1
water_fire,l500,925,4437.836,0.131256,0.905500,0.937833,0.873167,9,0.00016758,1,0.063612,0.038920,0.088304,0.938283,0.961589,0.914976,0.962302,0.974333,0.950271,0.004781,0.012854,0.025899,0.049270,0.000000,12,0,23,1,1
water_fire,l500,950,4549.440,0.124379,0.907410,0.944212,0.870608,9,0.00000543,0,0.069169,0.040429,0.097909,0.933779,0.960472,0.907086,0.969117,0.982386,0.955848,0.005238,0.014159,0.018045,0.042561,0.000000,12,0,23,1,1
water_fire,l500,975,4561.369,0.118019,0.913140,0.947530,0.878749,9,0.00002406,1,0.062876,0.035900,0.089853,0.939471,0.964716,0.914227,0.969627,0.981547,0.957707,0.004537,0.013318,0.018800,0.040893,0.000000,12,0,23,1,1
water_fire,l500,1000,4673.796,0.116627,0.912819,0.949490,0.876149,9,0.00000443,3,0.065988,0.036236,0.095740,0.936899,0.964480,0.909318,0.971963,0.983895,0.960031,0.004638,0.013886,0.016547,0.038941,0.000000,12,0,23,1,1
water_fire,l500,1025,4685.887,0.112735,0.915633,0.951901,0.879364,9,0.00003257,2,0.061967,0.032377,0.091557,0.940513,0.968104,0.912922,0.971299,0.982721,0.959876,0.003967,0.013273,0.017106,0.039170,0.000000,12,0,23,1,1
water_fire,l500,1050,4799.595,0.112578,0.915352,0.953171,0.877534,9,0.00000194,2,0.062329,0.031706,0.092951,0.940207,0.968765,0.911648,0.971247,0.983392,0.959101,0.003760,0.013518,0.016566,0.039409,0.000000,12,0,23,1,1
water_fire,l500,1075,4811.826,0.109221,0.918486,0.959497,0.877476,9,0.00002592,1,0.061071,0.027177,0.094965,0.941608,0.973165,0.910051,0.973189,0.985573,0.960806,0.003400,0.013835,0.014254,0.038143,0.000000,12,0,23,1,1
water_fire,l500,1100,4924.151,0.104571,0.922976,0.964615,0.881337,9,0.00001211,1,0.056664,0.019292,0.094036,0.945948,0.980756,0.911140,0.973719,0.983224,0.964214,0.002470,0.013772,0.016653,0.034560,0.000000,12,0,23,1,1
cat_face_bass,l200,1,1.441,1.742947,0.158133,0.190908,0.125358,20,0.00019250,0,0.163478,0.113545,0.213410,0.533994,0.651840,0.416147,0.182348,0.212585,0.152110,0.028211,0.048291,0.784822,0.845628,0.000000,0,0,0,0,0
cat_face_bass,l200,25,28.466,1.366726,0.303891,0.331692,0.276090,20,0.00000001,1,0.104589,0.077031,0.132147,0.762738,0.822622,0.702854,0.334909,0.357243,0.312575,0.019048,0.029532,0.639278,0.684988,0.000000,0,0,0,0,0
cat_face_bass,l200,50,201.758,1.012697,0.478371,0.504699,0.452043,23,0.00000000,0,0.095230,0.075130,0.115330,0.846108,0.878381,0.813835,0.523397,0.542617,0.504177,0.018371,0.025780,0.454478,0.494136,0.000000,3,0,0,0,0
cat_face_bass,l200,75,232.563,0.707642,0.632034,0.636002,0.628066,23,0.00035239,0,0.089568,0.082033,0.097103,0.884988,0.893493,0.876484,0.688614,0.688175,0.689053,0.019983,0.021683,0.309891,0.309440,0.000000,3,0,0,0,0
cat_face_bass,l200,100,417.928,0.516162,0.728976,0.694809,0.763142,24,0.00122055,1,0.085208,0.088936,0.081480,0.902482,0.894818,0.910146,0.790963,0.756603,0.825323,0.021479,0.018162,0.241267,0.172735,0.000000,6,0,2,0,0
cat_face_bass,l200,125,450.162,0.427926,0.774541,0.736002,0.813080,24,0.00219278,3,0.079752,0.084534,0.074970,0.912620,0.904238,0.921001,0.836128,0.798219,0.874037,0.020783,0.016510,0.200235,0.124360,0.000000,6,0,2,0,0
cat_face_bass,l200,150,651.274,0.391623,0.792445,0.754136,0.830754,26,0.00251731,5,0.073878,0.082333,0.065423,0.919772,0.908372,0.931172,0.850665,0.816226,0.885104,0.020070,0.014372,0.182138,0.113272,0.000000,9,0,3,0,0
cat_face_bass,l200,175,686.552,0.349659,0.812249,0.777140,0.847359,26,0.00227014,4,0.061603,0.063425,0.059781,0.933154,0.928724,0.937585,0.862223,0.826431,0.898015,0.015469,0.013061,0.172246,0.100380,0.000000,9,0,3,0,0
cat_face_bass,l200,200,910.615,0.294047,0.841874,0.813299,0.870449,28,0.00225110,5,0.057743,0.063625,0.051861,0.938941,0.931488,0.946395,0.890318,0.865046,0.915591,0.015576,0.011407,0.133821,0.083213,0.000000,12,0,4,0,0
cat_face_bass,l200,225,948.995,0.226256,0.876655,0.858720,0.894590,28,0.00164401,5,0.053393,0.060024,0.046761,0.945288,0.938138,0.952439,0.923343,0.910264,0.936422,0.014483,0.010201,0.088634,0.062747,0.000000,12,0,4,0,0
cat_face_bass,l200,250,1185.013,0.195913,0.893117,0.877304,0.908929,29,0.00209541,6,0.047986,0.058323,0.037648,0.951256,0.940896,0.961615,0.935810,0.928471,0.943149,0.014172,0.008327,0.070029,0.056027,0.000000,15,0,6,0,0
cat_face_bass,l200,275,1225.145,0.173535,0.904884,0.895432,0.914337,29,0.00202308,5,0.044671,0.053321,0.036020,0.954929,0.946491,0.963368,0.945224,0.943177,0.947271,0.012894,0.007846,0.056266,0.052017,0.000000,15,0,6,0,0
cat_face_bass,l200,300,1476.385,0.162197,0.909658,0.902458,0.916859,28,0.00076661,5,0.041873,0.050220,0.033525,0.957755,0.949679,0.965830,0.947688,0.947779,0.947597,0.011902,0.007389,0.051194,0.051268,0.000000,15,0,7,0,0
cat_face_bass,l200,325,1514.984,0.143551,0.919863,0.918116,0.921610,28,0.00046713,5,0.038373,0.047019,0.029728,0.961497,0.953368,0.969626,0.955146,0.961285,0.949007,0.011348,0.006423,0.038394,0.049661,0.000000,15,0,7,0,1
cat_face_bass,l200,350,1764.610,0.138126,0.922083,0.924330,0.919836,28,0.00041084,3,0.037181,0.044418,0.029945,0.962687,0.956013,0.969361,0.956383,0.965386,0.947380,0.010619,0.006370,0.033804,0.051392,0.000000,15,0,7,0,1
cat_face_bass,l200,375,1803.283,0.131809,0.925888,0.929193,0.922582,28,0.00046927,4,0.037080,0.045518,0.028643,0.962973,0.955243,0.970702,0.960248,0.971489,0.949007,0.011018,0.006161,0.027909,0.049465,0.000000,15,0,7,0,1
cat_face_bass,l200,400,2045.189,0.130535,0.927051,0.931788,0.922314,28,0.00028869,4,0.033850,0.039816,0.027883,0.965978,0.960528,0.971429,0.958459,0.968888,0.948031,0.009558,0.006272,0.030691,0.050803,0.000000,15,0,7,0,1
cat_face_bass,l200,425,2084.233,0.129961,0.927317,0.935720,0.918913,28,0.00029247,4,0.033392,0.036515,0.030270,0.966367,0.963718,0.969017,0.958308,0.969888,0.946729,0.008927,0.006629,0.029622,0.052327,0.000000,15,0,7,0,1
cat_face_bass,l200,450,2332.028,0.130747,0.926448,0.933991,0.918905,28,0.00023765,2,0.032638,0.035114,0.030162,0.967037,0.964953,0.969121,0.956704,0.966787,0.946620,0.008572,0.006518,0.032681,0.052049,0.000000,15,0,7,0,1
cat_face_bass,l200,475,2370.079,0.130445,0.926839,0.932851,0.920828,28,0.00040344,1,0.032345,0.036915,0.027775,0.967364,0.963240,0.971489,0.956845,0.967287,0.946403,0.008869,0.005909,0.032716,0.052795,0.000000,15,0,7,0,1
cat_face_bass,l200,500,2608.613,0.130273,0.926483,0.932697,0.920270,27,0.00029664,1,0.033133,0.037515,0.028751,0.966603,0.962679,0.970526,0.957208,0.967687,0.946729,0.008957,0.006120,0.031754,0.052452,0.000000,15,0,8,0,1
cat_face_bass,l200,525,2645.707,0.129321,0.926802,0.934694,0.918910,27,0.00023093,1,0.030786,0.034014,0.027558,0.968823,0.966003,0.971642,0.955360,0.966487,0.944233,0.008021,0.005949,0.032957,0.054674,0.000000,15,0,8,0,1
cat_face_bass,l200,550,2886.796,0.125076,0.929731,0.937385,0.922078,27,0.00021408,2,0.030636,0.033713,0.027558,0.969057,0.966377,0.971737,0.958238,0.968988,0.947488,0.008081,0.006099,0.030531,0.051554,0.000000,15,0,8,0,1
cat_face_bass,l200,575,2924.405,0.122179,0.930605,0.940132,0.921078,27,0.00024881,2,0.028960,0.031012,0.026907,0.970668,0.968997,0.972340,0.957574,0.969288,0.945861,0.007276,0.005840,0.030017,0.053082,0.000000,15,0,8,0,1
cat_face_bass,l200,600,3161.555,0.121733,0.930904,0.940202,0.921606,27,0.00020868,2,0.029560,0.032213,0.026907,0.970115,0.967874,0.972355,0.958446,0.970488,0.946403,0.007483,0.005821,0.028878,0.053001,0.000000,15,0,8,1,1
cat_face_bass,l200,625,3199.202,0.121584,0.931161,0.941877,0.920444,27,0.00020847,2,0.029810,0.032713,0.026907,0.969892,0.967463,0.972321,0.958950,0.972689,0.945210,0.007704,0.005801,0.027203,0.053706,0.000000,15,0,8,1,1
cat_face_bass,l200,650,3547.231,0.146210,0.916331,0.933683,0.898979,24,0.00004475,2,0.029921,0.028812,0.031030,0.969243,0.970880,0.967607,0.943729,0.960584,0.926874,0.006575,0.006531,0.038398,0.071597,0.000000,15,0,11,1,1
cat_face_bass,l200,675,3581.391,0.127601,0.926827,0.937233,0.916420,24,0.00035740,4,0.029656,0.031212,0.028100,0.969877,0.968716,0.971039,0.954329,0.966487,0.942172,0.007008,0.006194,0.032259,0.056434,0.000000,15,0,11,1,1
cat_face_bass,l200,700,3895.083,0.160114,0.910102,0.901205,0.918999,21,0.00003937,3,0.028576,0.029812,0.027341,0.970367,0.968877,0.971856,0.936098,0.928071,0.944125,0.006917,0.005897,0.071579,0.055039,0.000000,15,0,14,1,1
cat_face_bass,l200,725,3925.485,0.139765,0.920478,0.917423,0.923533,21,0.00012535,5,0.024661,0.024910,0.024411,0.974519,0.974192,0.974846,0.943177,0.940276,0.946078,0.005665,0.005284,0.058596,0.052802,0.000000,15,0,14,1,1
cat_face_bass,l200,750,4190.565,0.147010,0.916117,0.924061,0.908173,19,0.00005402,3,0.028187,0.024910,0.031464,0.970938,0.974372,0.967503,0.941913,0.947079,0.936747,0.005827,0.006478,0.051969,0.062114,0.000000,15,0,16,1,1
cat_face_bass,l200,775,4217.777,0.144694,0.917815,0.923054,0.912576,19,0.00008972,4,0.028582,0.027111,0.030053,0.970609,0.972199,0.969019,0.944041,0.948079,0.940002,0.006306,0.006404,0.051003,0.058859,0.000000,15,0,16,1,1
cat_face_bass,l200,800,4469.474,0.156609,0.911354,0.910197,0.912512,17,0.00010793,3,0.028752,0.028211,0.029294,0.970246,0.970738,0.969755,0.937559,0.935874,0.939243,0.006405,0.006378,0.063210,0.059587,0.000000,15,0,18,1,1
cat_face_bass,l200,825,4494.094,0.149391,0.915559,0.912675,0.918443,17,0.00006136,3,0.027964,0.027611,0.028317,0.971146,0.971402,0.970890,0.941163,0.937875,0.944450,0.006446,0.006216,0.060903,0.054393,0.000000,15,0,18,1,1
cat_face_bass,l200,850,4720.589,0.177404,0.900327,0.898609,0.902045,15,0.00005764,3,0.031306,0.028111,0.034501,0.967408,0.970471,0.964346,0.928518,0.923870,0.933167,0.006488,0.007521,0.075081,0.065955,0.000000,15,0,20,1,1
cat_face_bass,l200,875,4742.249,0.165246,0.906773,0.902799,0.910746,15,0.00002821,4,0.030012,0.029212,0.030813,0.968871,0.969520,0.968222,0.933990,0.929172,0.938809,0.006989,0.006670,0.068903,0.060047,0.000000,15,0,20,1,1
cat_face_bass,l200,900,4940.461,0.163758,0.907561,0.903502,0.911620,15,0.00001916,3,0.031022,0.028411,0.033634,0.967933,0.970330,0.965536,0.935726,0.929172,0.942281,0.006694,0.007201,0.069778,0.056579,0.000000,15,0,20,1,1
cat_face_bass,l200,925,4962.082,0.161402,0.908511,0.899159,0.917863,15,0.00007000,4,0.031190,0.034714,0.027666,0.967768,0.964030,0.971505,0.936815,0.930372,0.943257,0.008124,0.005894,0.067962,0.055248,0.000000,15,0,20,1,1
cat_face_bass,l200,950,5161.620,0.161714,0.908720,0.899798,0.917642,15,0.00002321,3,0.033588,0.038315,0.028860,0.965472,0.960605,0.970339,0.939199,0.934274,0.944125,0.009133,0.006048,0.064439,0.054504,0.000000,15,0,20,1,1
cat_face_bass,l200,975,5183.388,0.157952,0.911152,0.901126,0.921178,15,0.00015504,4,0.031601,0.039116,0.024086,0.967503,0.959902,0.975104,0.939870,0.936375,0.943366,0.009315,0.005098,0.062526,0.055205,0.000000,15,0,20,1,1
cat_face_bass,l200,1000,5381.308,0.159729,0.910134,0.902578,0.917691,15,0.00003128,4,0.030154,0.036114,0.024194,0.968861,0.962818,0.974904,0.937534,0.935174,0.939894,0.008618,0.005206,0.063705,0.058453,0.000000,15,0,20,1,1
cat_face_bass,l200,1025,5402.995,0.151712,0.913645,0.907289,0.920000,15,0.00012248,5,0.028690,0.034814,0.022567,0.970410,0.964245,0.976574,0.939819,0.938876,0.940762,0.008144,0.004651,0.059502,0.057788,0.000000,15,0,20,1,1
cat_face_bass,l200,1050,5588.554,0.148950,0.915706,0.911272,0.920140,13,0.00003889,4,0.028457,0.033914,0.023001,0.970702,0.965256,0.976148,0.941740,0.942177,0.941304,0.007979,0.004864,0.057062,0.057039,0.000000,15,0,22,1,1
cat_face_bass,l200,1075,5607.291,0.140491,0.919898,0.915705,0.924091,13,0.00013594,3,0.025909,0.031313,0.020506,0.973313,0.967907,0.978719,0.943709,0.944378,0.943040,0.007219,0.004382,0.054294,0.055298,0.000000,15,0,22,1,1
cat_face_bass,l200,1100,5778.355,0.143545,0.918660,0.913633,0.923687,13,0.00003553,4,0.029843,0.033213,0.026473,0.969425,0.966011,0.972838,0.946058,0.943978,0.948139,0.007662,0.005672,0.055083,0.051045,0.000000,15,0,22,1,1
cat_face_bass,l200,1125,5796.687,0.137016,0.922016,0.916044,0.927988,13,0.00022165,4,0.026857,0.030712,0.023001,0.972421,0.968497,0.976345,0.946755,0.944178,0.949333,0.007136,0.004871,0.054537,0.049502,0.000000,15,0,22,1,1
cat_face_bass,l200,1150,5964.491,0.137889,0.921744,0.917306,0.926181,13,0.00005646,4,0.026962,0.029512,0.024411,0.972307,0.969697,0.974916,0.946584,0.944378,0.948790,0.006715,0.005288,0.055211,0.049945,0.000000,15,0,22,1,1
cat_face_bass,l200,1175,5982.914,0.137312,0.922066,0.921586,0.922546,13,0.00034216,5,0.024789,0.027011,0.022567,0.974445,0.972254,0.976637,0.944922,0.946479,0.943366,0.006219,0.004863,0.052595,0.055379,0.000000,15,0,22,1,1
cat_face_bass,l200,1200,6153.483,0.146432,0.916971,0.919024,0.914918,13,0.00010863,6,0.031644,0.029112,0.034176,0.967639,0.970139,0.965139,0.945982,0.945778,0.946186,0.006705,0.007438,0.053294,0.052753,0.000000,15,0,22,1,1
cat_face_bass,l200,1225,6171.822,0.139408,0.920722,0.919879,0.921564,13,0.00038242,4,0.025737,0.025110,0.026364,0.973472,0.974062,0.972882,0.944419,0.942977,0.945861,0.005767,0.005715,0.055598,0.053074,0.000000,15,0,22,1,1
cat_face_bass,l200,1250,6342.411,0.180817,0.898207,0.908807,0.887607,12,0.00015761,4,0.030819,0.026811,0.034827,0.967770,0.972072,0.963469,0.925847,0.933173,0.918520,0.006162,0.007717,0.064930,0.080338,0.000000,15,0,23,1,1
cat_face_bass,l200,1275,6359.407,0.152495,0.913155,0.907303,0.919008,12,0.00037988,1,0.025423,0.027411,0.023435,0.973562,0.971435,0.975689,0.936359,0.932173,0.940545,0.006199,0.004998,0.065704,0.058654,0.000000,15,0,23,1,1
cat_face_bass,l200,1300,6518.321,0.151334,0.913931,0.904195,0.923668,12,0.00023783,2,0.024494,0.032713,0.016274,0.974555,0.966153,0.982958,0.936237,0.933774,0.938700,0.007317,0.003409,0.064794,0.060267,0.000000,15,0,23,1,1
cat_face_bass,l200,1325,6535.723,0.150479,0.914071,0.903774,0.924369,12,0.00008280,2,0.025364,0.036515,0.014213,0.973775,0.962483,0.985066,0.937141,0.936775,0.937507,0.008180,0.002962,0.061416,0.061153,0.000000,15,0,23,1,1
cat_face_bass,l200,1350,6692.865,0.147813,0.915473,0.905770,0.925176,12,0.00013037,4,0.026508,0.035114,0.017902,0.972623,0.963900,0.981345,0.939657,0.937575,0.941738,0.007953,0.003602,0.060817,0.057097,0.000000,15,0,23,1,1
cat_face_bass,l200,1375,6709.899,0.147602,0.916665,0.905895,0.927436,12,0.00023363,3,0.027662,0.038615,0.016708,0.971583,0.960576,0.982589,0.941904,0.940876,0.942932,0.008985,0.003468,0.058079,0.055929,0.000000,15,0,23,1,1
cat_face_bass,l200,1400,6867.256,0.142544,0.919485,0.909496,0.929473,12,0.00007032,2,0.023096,0.032413,0.013779,0.976110,0.966632,0.985588,0.940628,0.938976,0.942281,0.007442,0.002951,0.059828,0.056925,0.000000,15,0,23,1,1
cat_face_bass,l200,1425,6884.234,0.141100,0.920334,0.911471,0.929198,12,0.00014431,0,0.023071,0.031713,0.014430,0.976150,0.967377,0.984922,0.941491,0.940376,0.942606,0.007354,0.002942,0.058943,0.056538,0.000000,15,0,23,1,1
cat_face_bass,l200,1450,7037.125,0.142014,0.919938,0.912748,0.927127,12,0.00012785,0,0.022900,0.031913,0.013887,0.976335,0.967228,0.985441,0.940939,0.941877,0.940002,0.007367,0.002965,0.057688,0.058676,0.000000,15,0,23,1,1
cat_face_bass,l2000,1,1.394,1.742947,0.158133,0.190908,0.125358,20,0.00019250,0,0.163478,0.113545,0.213410,0.533994,0.651840,0.416147,0.182348,0.212585,0.152110,0.028211,0.048291,0.784822,0.845628,0.000000,0,0,0,0,0
cat_face_bass,l2000,25,27.983,1.366726,0.303891,0.331692,0.276090,20,0.00000001,1,0.104589,0.077031,0.132147,0.762738,0.822622,0.702854,0.334909,0.357243,0.312575,0.019048,0.029532,0.639278,0.684988,0.000000,0,0,0,0,0
cat_face_bass,l2000,50,198.995,1.013198,0.478083,0.504513,0.451654,23,0.00000000,0,0.095230,0.075130,0.115330,0.846023,0.878341,0.813705,0.523080,0.542417,0.503743,0.018371,0.025780,0.454704,0.494467,0.000000,3,0,0,0,0
cat_face_bass,l2000,75,229.550,0.694676,0.638200,0.636565,0.639834,23,0.00035753,0,0.089718,0.082333,0.097103,0.885867,0.893256,0.878479,0.695470,0.688976,0.701964,0.020057,0.021609,0.308908,0.296011,0.000000,3,0,0,0,0
cat_face_bass,l2000,100,421.211,0.510900,0.732167,0.695381,0.768952,25,0.00137046,1,0.084660,0.091637,0.077683,0.903289,0.892286,0.914293,0.793895,0.759104,0.828686,0.022253,0.017189,0.239104,0.169730,0.000000,6,0,1,0,0
cat_face_bass,l2000,125,454.524,0.416506,0.779451,0.744320,0.814582,25,0.00218129,3,0.075061,0.078731,0.071390,0.917543,0.910700,0.924385,0.837828,0.802921,0.872735,0.019306,0.015827,0.195514,0.125043,0.000000,6,0,1,0,0
cat_face_bass,l2000,150,667.172,0.369490,0.803714,0.782451,0.824977,28,0.00217519,5,0.070982,0.075130,0.066833,0.923718,0.918013,0.929423,0.860675,0.841236,0.880113,0.018260,0.014817,0.157955,0.118590,0.000000,9,0,1,0,0
cat_face_bass,l2000,175,704.202,0.348089,0.812584,0.798381,0.826787,28,0.00255830,1,0.060381,0.062825,0.057936,0.934471,0.931065,0.937878,0.861614,0.848539,0.874688,0.015092,0.012636,0.150123,0.123741,0.000000,9,0,1,0,0
cat_face_bass,l2000,200,934.915,0.305972,0.834551,0.823296,0.845805,31,0.00209793,4,0.056222,0.059824,0.052620,0.940016,0.935837,0.944195,0.881430,0.872549,0.890311,0.014423,0.011529,0.126240,0.108287,0.000000,12,0,1,0,0
cat_face_bass,l2000,225,975.491,0.246004,0.866036,0.855695,0.876376,31,0.00257616,3,0.050098,0.055822,0.044375,0.947784,0.941808,0.953759,0.909363,0.903461,0.915265,0.013544,0.009751,0.095293,0.082860,0.000000,12,0,1,0,0
cat_face_bass,l2000,250,1236.841,0.221455,0.879545,0.872105,0.886986,33,0.00260006,2,0.048528,0.058323,0.038733,0.950111,0.940565,0.959656,0.922155,0.922969,0.921341,0.014034,0.008527,0.076184,0.077613,0.000000,15,0,2,0,0
cat_face_bass,l2000,275,1281.539,0.200656,0.889928,0.883997,0.895859,33,0.00123818,3,0.044884,0.052121,0.037648,0.954006,0.946934,0.961077,0.929829,0.930072,0.929587,0.012616,0.008271,0.068994,0.069447,0.000000,15,0,2,0,0
cat_face_bass,l2000,300,1554.974,0.177404,0.901708,0.893552,0.909863,34,0.00072772,4,0.044337,0.053521,0.035152,0.955112,0.946204,0.964020,0.941612,0.941377,0.941847,0.012697,0.007711,0.057991,0.056927,0.000000,18,0,4,0,0
cat_face_bass,l2000,325,1600.168,0.158606,0.911135,0.905821,0.916448,34,0.00022941,3,0.039026,0.043117,0.034935,0.960417,0.956359,0.964475,0.946671,0.944878,0.948465,0.010287,0.007587,0.054169,0.050384,0.000000,18,0,4,0,1
cat_face_bass,l2000,350,1877.275,0.146951,0.917258,0.911181,0.923335,36,0.00016894,4,0.040015,0.044118,0.035912,0.959748,0.955683,0.963813,0.953937,0.951381,0.956493,0.010454,0.007877,0.047295,0.042529,0.000000,21,0,5,0,1
cat_face_bass,l2000,375,1925.586,0.126690,0.928163,0.918291,0.938035,36,0.00019513,3,0.033978,0.041917,0.026039,0.965843,0.958029,0.973658,0.959622,0.956783,0.962461,0.009879,0.005671,0.041954,0.036462,0.000000,21,0,5,0,1
cat_face_bass,l2000,400,2217.775,0.121918,0.931321,0.921422,0.941220,36,0.00014786,3,0.033836,0.041417,0.026256,0.966081,0.958625,0.973537,0.962758,0.959584,0.965933,0.009934,0.005789,0.039607,0.032852,0.000000,21,0,5,0,1
cat_face_bass,l2000,425,2265.646,0.120459,0.932261,0.921435,0.943087,36,0.00024225,4,0.035512,0.045418,0.025605,0.964592,0.954974,0.974210,0.965260,0.963285,0.967234,0.010804,0.005644,0.036003,0.031858,0.000000,21,0,5,1,1
cat_face_bass,l2000,450,2680.241,0.139708,0.920946,0.898106,0.943786,32,0.00010897,2,0.032781,0.040716,0.024845,0.966606,0.958256,0.974956,0.950954,0.934674,0.967234,0.009590,0.005234,0.064600,0.031252,0.000000,21,0,9,1,1
cat_face_bass,l2000,475,2723.462,0.118451,0.933157,0.918629,0.947685,32,0.00013339,4,0.035800,0.045018,0.026581,0.964305,0.955206,0.973404,0.966430,0.959984,0.972876,0.010519,0.005904,0.039510,0.026304,0.000000,21,0,9,1,1
cat_face_bass,l2000,500,3124.668,0.123095,0.930096,0.920754,0.939439,29,0.00009376,4,0.034267,0.040216,0.028317,0.965613,0.959703,0.971522,0.961912,0.957783,0.966041,0.009448,0.006157,0.041439,0.032841,0.000000,21,0,12,1,1
cat_face_bass,l2000,525,3163.496,0.119269,0.932841,0.921197,0.944486,29,0.00011577,2,0.032877,0.039716,0.026039,0.967009,0.960185,0.973833,0.963431,0.957783,0.969079,0.009425,0.005843,0.041412,0.029947,0.000000,21,0,12,1,1
cat_face_bass,l2000,550,3515.719,0.166232,0.906068,0.872280,0.939856,26,0.00012890,3,0.027320,0.030012,0.024628,0.971370,0.967676,0.975063,0.930731,0.898459,0.963003,0.006653,0.005371,0.100237,0.036266,0.000000,21,0,15,1,1
cat_face_bass,l2000,575,3550.265,0.154908,0.913034,0.882599,0.943470,26,0.00011638,1,0.028505,0.030212,0.026798,0.970462,0.967842,0.973082,0.939009,0.909264,0.968753,0.006989,0.005825,0.090146,0.030629,0.000000,21,0,15,1,1
cat_face_bass,l2000,600,3879.760,0.163102,0.908049,0.868294,0.947805,23,0.00011170,2,0.026814,0.033013,0.020614,0.971818,0.964501,0.979135,0.932151,0.896959,0.967343,0.007508,0.004468,0.101796,0.031436,0.000000,21,0,18,1,1
cat_face_bass,l2000,625,3910.704,0.147552,0.916940,0.885273,0.948607,23,0.00019338,1,0.029892,0.035914,0.023869,0.969164,0.962314,0.976014,0.944158,0.917067,0.971249,0.008330,0.005076,0.081886,0.028283,0.000000,21,0,18,1,1
cat_face_bass,l2000,650,4200.207,0.188624,0.895089,0.868010,0.922168,20,0.00017691,4,0.028301,0.037615,0.018987,0.970053,0.959910,0.980195,0.920168,0.900660,0.939677,0.008938,0.004108,0.098129,0.059128,0.000000,21,0,21,1,1
cat_face_bass,l2000,675,4227.904,0.165844,0.907385,0.880519,0.934251,20,0.00018132,1,0.028204,0.039916,0.016491,0.970580,0.958229,0.982931,0.932662,0.915666,0.949658,0.009389,0.003569,0.083024,0.049278,0.000000,21,0,21,1,1
cat_face_bass,l2000,700,4485.057,0.179293,0.899606,0.871218,0.927994,18,0.00025406,2,0.032445,0.044818,0.020072,0.966156,0.953074,0.979237,0.928442,0.910264,0.946620,0.010547,0.004239,0.088327,0.051543,0.000000,21,0,23,1,1
cat_face_bass,l2000,725,4510.168,0.151944,0.914444,0.888687,0.940200,18,0.00049472,1,0.033328,0.047019,0.019638,0.965913,0.951898,0.979927,0.944568,0.930472,0.958663,0.010915,0.004178,0.068028,0.040043,0.000000,21,0,23,1,1
cat_face_bass,l2000,750,4742.825,0.159473,0.911092,0.884432,0.937753,15,0.00069271,2,0.033528,0.047419,0.019638,0.965590,0.951305,0.979875,0.941269,0.926371,0.956168,0.011372,0.004039,0.072434,0.042575,0.000000,21,0,26,1,1
cat_face_bass,l2000,775,4763.859,0.154793,0.914020,0.881743,0.946297,15,0.00038351,1,0.034874,0.051521,0.018227,0.964396,0.947358,0.981434,0.945358,0.927171,0.963546,0.012176,0.003982,0.071662,0.035400,0.000000,21,0,26,1,1
cat_face_bass,l2000,800,4956.539,0.148004,0.917285,0.886297,0.948272,15,0.00045315,1,0.036086,0.054922,0.017251,0.963474,0.944517,0.982431,0.949802,0.934974,0.964631,0.012802,0.003683,0.064010,0.034143,0.000000,21,0,26,1,1
cat_face_bass,l2000,825,4977.479,0.143628,0.920355,0.891743,0.948967,15,0.00042486,3,0.036829,0.055322,0.018336,0.962929,0.944478,0.981379,0.953721,0.941076,0.966366,0.013224,0.003803,0.058215,0.032933,0.000000,21,0,26,1,1
cat_face_bass,l2000,850,5171.296,0.175626,0.902687,0.873001,0.932373,13,0.00047330,2,0.033981,0.050820,0.017142,0.964878,0.947510,0.982245,0.932862,0.917367,0.948356,0.011888,0.003620,0.081710,0.051032,0.000000,21,0,28,1,1
cat_face_bass,l2000,875,5189.694,0.165450,0.908517,0.874251,0.942784,13,0.00023424,1,0.034052,0.051721,0.016383,0.964968,0.946745,0.983190,0.938849,0.919468,0.958229,0.012419,0.003402,0.079450,0.040918,0.000000,21,0,28,1,1
cat_face_bass,l2000,900,5357.196,0.163317,0.909469,0.876178,0.942760,12,0.00036613,1,0.035433,0.051120,0.019746,0.963643,0.947412,0.979874,0.941172,0.920968,0.961376,0.012318,0.004058,0.077674,0.038003,0.000000,21,0,29,1,1
cat_face_bass,l2000,925,5374.626,0.158229,0.912010,0.880221,0.943799,12,0.00042989,1,0.033189,0.049020,0.017359,0.965915,0.949588,0.982242,0.941776,0.923369,0.960182,0.011846,0.003548,0.075049,0.038850,0.000000,21,0,29,1,1
cat_face_bass,l2000,950,5526.595,0.166664,0.908403,0.877380,0.939426,11,0.00022459,1,0.034090,0.050820,0.017359,0.964959,0.947758,0.982161,0.938851,0.921969,0.955734,0.012432,0.003756,0.077009,0.043245,0.000000,21,0,30,1,1
cat_face_bass,l2000,975,5542.011,0.156309,0.913415,0.883845,0.942985,11,0.00026241,1,0.032593,0.049020,0.016166,0.966597,0.949785,0.983409,0.942700,0.927171,0.958229,0.011845,0.003392,0.071772,0.040753,0.000000,21,0,30,1,1
cat_face_bass,l2000,1000,5684.441,0.154472,0.914458,0.885949,0.942967,11,0.00027732,1,0.031580,0.047319,0.015840,0.967605,0.951477,0.983733,0.942888,0.927871,0.957904,0.011537,0.003337,0.071104,0.040822,0.000000,21,0,30,1,1
cat_face_bass,l2000,1025,5699.771,0.150949,0.916567,0.887471,0.945663,11,0.00026870,1,0.032571,0.050820,0.014321,0.966805,0.948321,0.985289,0.945889,0.932573,0.959206,0.012320,0.002974,0.066523,0.039811,0.000000,21,0,30,1,1
cat_face_bass,l2000,1050,5841.587,0.171026,0.906062,0.867252,0.944873,10,0.00044038,1,0.031291,0.049020,0.013562,0.967455,0.948873,0.986037,0.933725,0.909764,0.957687,0.011860,0.002833,0.089369,0.041545,0.000000,21,0,31,1,1
cat_face_bass,l2000,1075,5855.851,0.158165,0.912360,0.881438,0.943281,10,0.00044852,1,0.032276,0.048820,0.015732,0.966843,0.949841,0.983846,0.941295,0.924470,0.958121,0.011698,0.003373,0.074375,0.040728,0.000000,21,0,31,1,1
cat_face_bass,l2000,1100,5984.766,0.154018,0.914787,0.886695,0.942878,10,0.00043564,1,0.032543,0.048920,0.016166,0.966719,0.950031,0.983408,0.944096,0.930072,0.958121,0.011816,0.003431,0.068851,0.040953,0.000000,21,0,31,1,1
cat_face_bass,l2000,1125,5998.844,0.151656,0.916233,0.890987,0.941478,10,0.00055129,1,0.032434,0.048920,0.015949,0.966929,0.950259,0.983599,0.945534,0.934574,0.956493,0.011928,0.003252,0.064704,0.042656,0.000000,21,0,31,1,1
cat_face_bass,l2000,1150,6127.873,0.151474,0.916547,0.891282,0.941812,10,0.00034806,2,0.032121,0.049920,0.014321,0.967293,0.949356,0.985230,0.945537,0.935774,0.955300,0.012077,0.003135,0.063407,0.043780,0.000000,21,0,31,1,1
cat_face_bass,l2000,1175,6142.405,0.149822,0.917335,0.893745,0.940925,10,0.00066850,1,0.030821,0.046018,0.015623,0.968500,0.953085,0.983914,0.945250,0.934874,0.955625,0.011215,0.003268,0.064250,0.043770,0.000000,21,0,31,1,1
cat_face_bass,l2000,1200,6265.881,0.149564,0.917221,0.893692,0.940749,10,0.00056927,1,0.032297,0.048319,0.016274,0.967109,0.950955,0.983263,0.946467,0.936875,0.956059,0.011680,0.003322,0.062667,0.043065,0.000000,21,0,31,1,1
cat_face_bass,l2000,1225,6279.601,0.149508,0.917593,0.893406,0.941780,10,0.00070735,1,0.031971,0.048319,0.015623,0.967434,0.950940,0.983929,0.946534,0.936575,0.956493,0.011634,0.003273,0.062815,0.043126,0.000000,21,0,31,1,1
cat_face_bass,l2000,1250,6405.969,0.153362,0.915515,0.892193,0.938837,10,0.00062915,1,0.032083,0.049520,0.014647,0.967314,0.949772,0.984857,0.944481,0.936375,0.952588,0.012073,0.003040,0.062974,0.046488,0.000000,21,0,31,1,1
cat_face_bass,l500,1,2.203,1.742947,0.158133,0.190908,0.125358,20,0.00019250,0,0.163478,0.113545,0.213410,0.533994,0.651840,0.416147,0.182348,0.212585,0.152110,0.028211,0.048291,0.784822,0.845628,0.000000,0,0,0,0,0
cat_face_bass,l500,25,44.450,1.366726,0.303891,0.331692,0.276090,20,0.00000001,1,0.104589,0.077031,0.132147,0.762738,0.822622,0.702854,0.334909,0.357243,0.312575,0.019048,0.029532,0.639278,0.684988,0.000000,0,0,0,0,0
cat_face_bass,l500,50,316.785,1.011722,0.478929,0.505816,0.452043,23,0.00000000,0,0.095230,0.075130,0.115330,0.846226,0.878616,0.813835,0.523997,0.543818,0.504177,0.018371,0.025780,0.453318,0.494214,0.000000,3,0,0,0,0
cat_face_bass,l500,75,365.568,0.688475,0.642128,0.642831,0.641426,23,0.00035785,0,0.092291,0.085634,0.098948,0.883806,0.890705,0.876906,0.701386,0.697879,0.704893,0.020792,0.022007,0.300021,0.293477,0.000000,3,0,0,0,0
cat_face_bass,l500,100,677.828,0.505231,0.734598,0.698292,0.770905,26,0.00137125,2,0.083079,0.089236,0.076923,0.905099,0.894997,0.915202,0.795405,0.760604,0.830205,0.021811,0.016901,0.237280,0.168173,0.000000,6,0,0,0,0
cat_face_bass,l500,125,733.246,0.422222,0.776725,0.732963,0.820487,26,0.00176163,3,0.075097,0.080432,0.069762,0.917085,0.907798,0.926371,0.834821,0.791917,0.877726,0.019865,0.015458,0.206416,0.120055,0.000000,6,0,0,0,0
cat_face_bass,l500,150,1068.495,0.376640,0.800954,0.776880,0.825028,27,0.00218215,3,0.077557,0.077431,0.077683,0.917488,0.915327,0.919650,0.863076,0.837035,0.889118,0.019064,0.017218,0.162137,0.109528,0.000000,9,0,2,0,0
cat_face_bass,l500,175,1126.030,0.325506,0.826445,0.819118,0.833771,27,0.00256778,4,0.071098,0.068527,0.073668,0.925677,0.927390,0.923964,0.885222,0.875250,0.895194,0.016874,0.016258,0.123396,0.103754,0.000000,9,0,2,0,0
cat_face_bass,l500,200,1493.975,0.268260,0.855152,0.857707,0.852598,30,0.00244125,4,0.062537,0.064426,0.060649,0.935616,0.934084,0.937149,0.908636,0.912965,0.904307,0.015692,0.013255,0.086340,0.094041,0.000000,12,0,2,0,0
cat_face_bass,l500,225,1557.735,0.223883,0.878965,0.874437,0.883492,30,0.00230956,3,0.056828,0.066026,0.047629,0.942457,0.933854,0.951059,0.928873,0.932173,0.925572,0.016118,0.010489,0.067103,0.073433,0.000000,12,0,2,0,0
cat_face_bass,l500,250,1952.696,0.188139,0.897882,0.891744,0.904020,32,0.00223454,4,0.053604,0.062725,0.044483,0.946465,0.937921,0.955009,0.945956,0.947679,0.944233,0.015166,0.009944,0.051737,0.055130,0.000000,15,0,3,0,0
cat_face_bass,l500,275,2022.034,0.167766,0.907864,0.901974,0.913753,32,0.00177499,2,0.047943,0.059324,0.036563,0.952187,0.941542,0.962832,0.951323,0.955482,0.947163,0.014464,0.008068,0.042976,0.051920,0.000000,15,0,3,0,0
cat_face_bass,l500,300,2416.845,0.145491,0.919991,0.911809,0.928173,30,0.00180108,1,0.045393,0.060624,0.030162,0.955215,0.941010,0.969420,0.961627,0.967087,0.956168,0.014714,0.006664,0.031926,0.042816,0.000000,16,0,6,0,1
cat_face_bass,l500,325,2480.203,0.129527,0.927452,0.915545,0.939359,30,0.00043999,0,0.040297,0.055422,0.025171,0.960142,0.945755,0.974528,0.964645,0.966287,0.963003,0.013316,0.005515,0.032302,0.035954,0.000000,16,0,6,0,1
cat_face_bass,l500,350,2874.018,0.118968,0.932606,0.921462,0.943750,28,0.00030946,2,0.038808,0.053421,0.024194,0.961708,0.947836,0.975580,0.968636,0.970688,0.966583,0.012559,0.005286,0.028033,0.032534,0.000000,16,0,8,0,1
cat_face_bass,l500,375,2934.978,0.115076,0.935665,0.924523,0.946807,28,0.00038750,2,0.040857,0.053721,0.027992,0.959891,0.947737,0.972045,0.973750,0.974190,0.973310,0.013015,0.006319,0.024622,0.025605,0.000000,16,0,8,1,1
cat_face_bass,l500,400,3446.641,0.137378,0.924551,0.898176,0.950925,25,0.00054571,1,0.036570,0.047319,0.025822,0.963159,0.952106,0.974212,0.958078,0.940676,0.975480,0.011583,0.005770,0.058724,0.024083,0.000000,16,0,11,1,1
cat_face_bass,l500,425,3500.498,0.133052,0.925982,0.912193,0.939770,25,0.00050313,0,0.041501,0.043617,0.039384,0.958716,0.956190,0.961243,0.964381,0.951981,0.976782,0.010622,0.008774,0.047032,0.022825,0.000000,16,0,11,1,1
cat_face_bass,l500,450,3999.443,0.159540,0.911530,0.893996,0.929063,22,0.00054802,1,0.042376,0.044718,0.040035,0.957262,0.954308,0.960216,0.950116,0.933974,0.966258,0.010927,0.008643,0.065709,0.032852,0.000000,16,0,14,1,1
cat_face_bass,l500,475,4046.211,0.129488,0.927925,0.909351,0.946500,22,0.00053675,0,0.040871,0.049520,0.032223,0.959372,0.950673,0.968071,0.965690,0.954382,0.976999,0.012099,0.007047,0.044710,0.022163,0.000000,16,0,14,1,1
cat_face_bass,l500,500,4492.517,0.167823,0.906410,0.912336,0.900484,19,0.00034824,0,0.035485,0.039616,0.031355,0.963624,0.959907,0.967341,0.938599,0.948479,0.928719,0.009563,0.006914,0.050048,0.070244,0.000000,16,0,17,1,1
cat_face_bass,l500,525,4534.240,0.140142,0.921245,0.914549,0.927941,19,0.00038312,0,0.037996,0.043117,0.032874,0.961798,0.956757,0.966838,0.956214,0.953982,0.958446,0.010239,0.007228,0.044930,0.040617,0.000000,16,0,17,1,1
cat_face_bass,l500,550,4908.438,0.158593,0.912298,0.915087,0.909508,16,0.00061090,1,0.042255,0.045018,0.039492,0.957472,0.955040,0.959903,0.950855,0.956283,0.945427,0.010876,0.008831,0.042994,0.053918,0.000000,16,0,20,1,1
cat_face_bass,l500,575,4944.025,0.157754,0.911927,0.916236,0.907617,16,0.00043990,1,0.044534,0.045018,0.044049,0.955337,0.955094,0.955580,0.952540,0.957483,0.947597,0.010710,0.009725,0.041672,0.051528,0.000000,16,0,20,1,1
cat_face_bass,l500,600,5260.194,0.160988,0.910138,0.921482,0.898795,14,0.00034632,1,0.043187,0.042217,0.044158,0.956478,0.957893,0.955062,0.949434,0.960384,0.938483,0.010194,0.009704,0.038451,0.060561,0.000000,16,0,22,1,1
cat_face_bass,l500,625,5291.481,0.155618,0.913341,0.921510,0.905172,14,0.00040941,2,0.042954,0.041317,0.044592,0.956842,0.958721,0.954964,0.952560,0.959584,0.945535,0.009991,0.009960,0.039335,0.053450,0.000000,16,0,22,1,1
cat_face_bass,l500,650,5572.503,0.156776,0.912140,0.918557,0.905723,14,0.00019166,2,0.046853,0.045318,0.048389,0.953221,0.954930,0.951511,0.954867,0.960184,0.949550,0.010632,0.010649,0.039034,0.049891,0.000000,16,0,22,1,1
cat_face_bass,l500,675,5602.866,0.152755,0.914642,0.921623,0.907660,14,0.00040870,2,0.045440,0.042817,0.048063,0.954627,0.957349,0.951905,0.956185,0.961084,0.951286,0.010175,0.010668,0.038211,0.047826,0.000000,16,0,22,1,1
cat_face_bass,l500,700,5887.688,0.158017,0.911450,0.921544,0.901356,13,0.00057858,2,0.046245,0.044318,0.048172,0.953732,0.955977,0.951486,0.953580,0.962385,0.944776,0.010436,0.010582,0.036532,0.054520,0.000000,16,0,23,1,1
cat_face_bass,l500,725,5916.627,0.161692,0.910379,0.920107,0.900651,13,0.00031650,0,0.047438,0.044318,0.050559,0.952594,0.955912,0.949276,0.953535,0.960884,0.946186,0.010791,0.011246,0.038342,0.052923,0.000000,16,0,23,1,1
cat_face_bass,l500,750,6172.468,0.162350,0.909556,0.917675,0.901436,13,0.00038411,0,0.045771,0.041417,0.050125,0.954087,0.958463,0.949712,0.951151,0.955682,0.946620,0.010078,0.011014,0.043375,0.052350,0.000000,16,0,23,1,1
cat_face_bass,l500,775,6201.239,0.164629,0.908120,0.916891,0.899350,13,0.00033670,0,0.046705,0.042417,0.050993,0.953160,0.957507,0.948813,0.950496,0.955782,0.945210,0.010160,0.011251,0.042969,0.054045,0.000000,16,0,23,1,1
cat_face_bass,l500,800,6461.689,0.158996,0.911119,0.925751,0.896488,13,0.00010346,0,0.044747,0.036114,0.053380,0.955107,0.963715,0.946498,0.951763,0.959184,0.944342,0.008891,0.011736,0.039483,0.054593,0.000000,16,0,23,1,1
cat_face_bass,l500,825,6489.924,0.149349,0.916224,0.934085,0.898363,13,0.00016718,0,0.045856,0.038115,0.053597,0.954295,0.962180,0.946409,0.958100,0.969688,0.946512,0.009120,0.011701,0.029598,0.052930,0.000000,16,0,23,1,1
cat_face_bass,l500,850,6747.423,0.152052,0.914643,0.933616,0.895670,13,0.00010643,1,0.045359,0.038315,0.052403,0.954656,0.961978,0.947334,0.955997,0.969388,0.942606,0.009160,0.011447,0.029753,0.056681,0.000000,16,0,23,1,1
cat_face_bass,l500,875,6775.646,0.151071,0.914872,0.934615,0.895129,13,0.00014894,0,0.042427,0.035814,0.049040,0.957346,0.964325,0.950368,0.953556,0.968087,0.939026,0.008661,0.010660,0.030932,0.059528,0.000000,16,0,23,1,1
cat_face_bass,l500,900,7032.715,0.147604,0.916246,0.935758,0.896734,13,0.00018960,0,0.043349,0.037115,0.049582,0.956561,0.963165,0.949956,0.955842,0.970488,0.941196,0.008739,0.010683,0.028290,0.057879,0.000000,16,0,23,1,1
cat_face_bass,l500,925,7060.992,0.145139,0.917715,0.938355,0.897076,13,0.00013037,0,0.044262,0.038615,0.049908,0.955783,0.961888,0.949677,0.958218,0.974590,0.941847,0.008945,0.010866,0.024584,0.057338,0.000000,16,0,23,1,1
cat_face_bass,l500,950,7320.532,0.144327,0.918168,0.940472,0.895863,13,0.00013244,0,0.042181,0.035214,0.049148,0.957700,0.965093,0.950307,0.956742,0.973589,0.939894,0.008162,0.010715,0.025429,0.059324,0.000000,16,0,23,1,1
cat_face_bass,l500,975,7348.324,0.144420,0.918453,0.940881,0.896025,13,0.00012037,0,0.043195,0.035614,0.050776,0.956784,0.964739,0.948830,0.957955,0.974390,0.941521,0.008283,0.011113,0.024901,0.057890,0.000000,16,0,23,1,1
cat_face_bass,l500,1000,7602.952,0.146345,0.917367,0.940590,0.894143,13,0.00011992,0,0.041205,0.033914,0.048497,0.958558,0.966302,0.950814,0.954998,0.972489,0.937507,0.007931,0.010640,0.026386,0.061839,0.000000,16,0,23,1,1
dance_argument,l200,1,1.395,1.670013,0.190116,0.208355,0.171876,20,0.00000464,0,0.209850,0.265279,0.154421,0.530392,0.498438,0.562346,0.231022,0.263627,0.198418,0.036205,0.045783,0.729578,0.798039,0.000000,0,0,0,0,0
dance_argument,l200,25,26.873,1.259656,0.342042,0.413183,0.270902,20,0.00016102,0,0.120174,0.157747,0.082602,0.766129,0.752012,0.780245,0.385820,0.478361,0.293279,0.021110,0.024437,0.514822,0.702483,0.000000,0,0,0,0,0
dance_argument,l200,50,197.089,0.967707,0.484179,0.551624,0.416734,23,0.00000418,0,0.134796,0.195078,0.074515,0.814494,0.771655,0.857333,0.553510,0.659234,0.447787,0.026168,0.021946,0.335006,0.547761,0.000000,3,0,0,0,0
dance_argument,l200,75,227.218,0.718064,0.607949,0.646305,0.569593,23,0.00000155,0,0.143582,0.211430,0.075733,0.838686,0.787375,0.889997,0.697841,0.782953,0.612729,0.028276,0.022115,0.212146,0.384138,0.000000,3,0,0,0,0
dance_argument,l200,100,424.387,0.558157,0.687913,0.691662,0.684163,26,0.00005828,1,0.135305,0.200529,0.070081,0.859059,0.805480,0.912638,0.781235,0.830360,0.732110,0.026748,0.020513,0.166054,0.265028,0.000000,6,0,0,0,0
dance_argument,l200,125,458.808,0.468660,0.730226,0.712462,0.747991,26,0.00011932,2,0.125272,0.190287,0.060256,0.873061,0.816736,0.929387,0.820548,0.848034,0.793061,0.024975,0.017181,0.147849,0.204167,0.000000,6,0,0,0,0
dance_argument,l200,150,676.826,0.397387,0.767477,0.745939,0.789016,28,0.00012934,2,0.104441,0.159234,0.049648,0.893967,0.844491,0.943443,0.846453,0.864718,0.828189,0.020926,0.014443,0.130688,0.169276,0.000000,9,0,1,0,0
dance_argument,l200,175,714.768,0.333137,0.799596,0.767963,0.831229,28,0.00017600,2,0.091100,0.142550,0.039649,0.908188,0.860243,0.956133,0.870811,0.877436,0.864186,0.018013,0.011345,0.119457,0.133128,0.000000,9,0,1,0,0
dance_argument,l200,200,947.942,0.289962,0.822960,0.780317,0.865602,29,0.00022416,2,0.087135,0.134622,0.039649,0.912909,0.868016,0.957801,0.892643,0.885365,0.899922,0.017130,0.011119,0.111635,0.097375,0.000000,11,1,3,0,0
dance_argument,l200,225,987.018,0.253733,0.843404,0.797491,0.889317,29,0.00015574,3,0.078024,0.119095,0.036953,0.921869,0.882266,0.961472,0.907324,0.892468,0.922181,0.014860,0.010460,0.104935,0.075590,0.000000,11,1,3,0,0
dance_argument,l200,250,1214.217,0.244538,0.851483,0.807080,0.895886,26,0.00031802,4,0.073034,0.110505,0.035562,0.926661,0.890238,0.963083,0.912006,0.896267,0.927745,0.014727,0.010386,0.100941,0.070069,0.000000,11,1,6,0,0
dance_argument,l200,275,1248.558,0.241055,0.850597,0.810827,0.890367,26,0.00056885,2,0.074812,0.110671,0.038953,0.925075,0.890559,0.959592,0.912806,0.900562,0.925050,0.013396,0.011067,0.096653,0.072890,0.000000,11,1,6,0,0
dance_argument,l200,300,1474.840,0.231102,0.860437,0.829085,0.891788,28,0.00054234,1,0.072352,0.101751,0.042953,0.927815,0.899772,0.955857,0.921769,0.913446,0.930093,0.013431,0.012242,0.085606,0.068059,0.000000,13,1,6,0,0
dance_argument,l200,325,1512.482,0.215395,0.870455,0.842586,0.898323,28,0.00049287,1,0.064245,0.086059,0.042431,0.935347,0.914041,0.956653,0.925769,0.915097,0.936440,0.011604,0.012085,0.082405,0.061785,0.000000,13,1,6,0,0
dance_argument,l200,350,1752.289,0.217771,0.867764,0.835901,0.899626,28,0.00065670,1,0.075330,0.104229,0.046431,0.925767,0.898537,0.952997,0.932211,0.923026,0.941396,0.013726,0.013621,0.075298,0.056770,0.000000,13,1,6,0,0
dance_argument,l200,375,1789.915,0.209881,0.870933,0.845647,0.896220,28,0.00045454,1,0.075599,0.102246,0.048952,0.925828,0.901150,0.950505,0.936102,0.932111,0.940092,0.012874,0.014432,0.065664,0.057959,0.000000,13,1,6,0,0
dance_argument,l200,400,2025.814,0.214776,0.866489,0.836307,0.896672,28,0.00036647,1,0.080585,0.111001,0.050170,0.921350,0.893283,0.949417,0.935398,0.929138,0.941657,0.013928,0.014418,0.068701,0.056267,0.000000,13,1,6,0,0
dance_argument,l200,425,2063.296,0.205525,0.874691,0.849241,0.900141,28,0.00045271,1,0.074513,0.098943,0.050083,0.926913,0.904145,0.949681,0.939245,0.933267,0.945222,0.012954,0.014614,0.065510,0.052228,0.000000,13,1,6,0,0
dance_argument,l200,450,2300.584,0.202748,0.874471,0.849017,0.899926,28,0.00036469,2,0.075947,0.100595,0.051300,0.925687,0.902809,0.948566,0.940258,0.934424,0.946092,0.013001,0.014709,0.062596,0.051554,0.000000,13,1,6,0,0
dance_argument,l200,475,2338.045,0.205331,0.872945,0.848612,0.897277,28,0.00030914,3,0.077373,0.100925,0.053821,0.924326,0.902505,0.946146,0.939914,0.934258,0.945570,0.012535,0.015394,0.064307,0.051882,0.000000,13,1,6,0,0
dance_argument,l200,500,2573.560,0.219170,0.864947,0.840138,0.889756,28,0.00008826,3,0.081494,0.104559,0.058430,0.920158,0.898736,0.941580,0.934863,0.927981,0.941744,0.012894,0.016692,0.069668,0.055444,0.000000,13,1,6,0,0
dance_argument,l200,525,2610.219,0.201595,0.878523,0.864121,0.892925,28,0.00032833,2,0.070605,0.085563,0.055647,0.930333,0.916411,0.944256,0.940336,0.938057,0.942614,0.011240,0.015957,0.060156,0.054795,0.000000,13,1,6,0,0
dance_argument,l200,550,2844.288,0.222427,0.864575,0.841972,0.887177,28,0.00016129,3,0.085115,0.109019,0.061212,0.917203,0.895454,0.938952,0.937623,0.933763,0.941483,0.014378,0.017538,0.063312,0.056039,0.000000,13,1,6,0,0
dance_argument,l200,575,2880.747,0.206775,0.875231,0.858051,0.892411,28,0.00023346,3,0.075100,0.091510,0.058691,0.926251,0.910990,0.941513,0.940679,0.936571,0.944787,0.012180,0.016676,0.061421,0.052721,0.000000,13,1,6,0,0
dance_argument,l200,600,3110.584,0.222645,0.863797,0.836280,0.891313,28,0.00013802,3,0.085911,0.111827,0.059995,0.916466,0.892642,0.940291,0.937293,0.929798,0.944787,0.014350,0.017295,0.067368,0.053329,0.000000,13,1,6,0,0
dance_argument,l200,625,3146.443,0.207461,0.874675,0.852326,0.897025,28,0.00025507,3,0.077643,0.097291,0.057995,0.924093,0.905775,0.942411,0.942149,0.935249,0.949048,0.012742,0.016812,0.062912,0.049187,0.000000,13,1,6,0,0
dance_argument,l200,650,3373.522,0.211295,0.871554,0.847122,0.895986,28,0.00013711,3,0.080603,0.102081,0.059125,0.921392,0.901435,0.941349,0.941279,0.933598,0.948961,0.013298,0.017096,0.063659,0.049430,0.000000,13,1,6,0,0
dance_argument,l200,675,3409.036,0.204858,0.874358,0.849917,0.898799,28,0.00017553,2,0.078686,0.100595,0.056778,0.923248,0.902902,0.943595,0.942623,0.935415,0.949830,0.012982,0.016107,0.062766,0.048362,0.000000,13,1,6,0,0
dance_argument,l200,700,3641.336,0.205656,0.875343,0.855574,0.895113,31,0.00021334,2,0.078278,0.097952,0.058604,0.923665,0.905573,0.941756,0.943474,0.939379,0.947570,0.012954,0.016751,0.059079,0.050443,0.000000,16,1,6,0,0
dance_argument,l200,725,3681.975,0.190871,0.881935,0.862234,0.901635,31,0.00032400,1,0.077925,0.103072,0.052778,0.924776,0.902225,0.947327,0.950164,0.951107,0.949222,0.013251,0.015609,0.047267,0.049118,0.000000,16,1,6,0,0
dance_argument,l200,750,3936.097,0.193881,0.880292,0.864005,0.896580,30,0.00044439,1,0.079038,0.100429,0.057647,0.923577,0.904463,0.942692,0.949521,0.950776,0.948265,0.013006,0.016556,0.047086,0.049744,0.000000,16,1,7,0,0
dance_argument,l200,775,3975.196,0.191273,0.880835,0.865483,0.896187,30,0.00031959,2,0.075717,0.097787,0.053648,0.926462,0.906683,0.946240,0.947191,0.950116,0.944266,0.012010,0.015702,0.047149,0.054280,0.000000,16,1,7,0,0
dance_argument,l200,800,4220.690,0.190023,0.884130,0.874035,0.894224,30,0.00026513,2,0.072418,0.091014,0.053821,0.929422,0.912872,0.945972,0.947969,0.953584,0.942353,0.012095,0.015594,0.044704,0.055468,0.000000,16,1,7,0,0
dance_argument,l200,825,4259.465,0.195099,0.877576,0.859073,0.896079,30,0.00032731,1,0.082855,0.112322,0.053387,0.920644,0.894818,0.946469,0.949742,0.955567,0.943918,0.014399,0.015571,0.042810,0.053836,0.000000,16,1,7,0,0
dance_argument,l200,850,4508.419,0.204513,0.872278,0.850777,0.893778,30,0.00025566,2,0.085458,0.115791,0.055126,0.918029,0.891284,0.944774,0.946169,0.949290,0.943048,0.014827,0.015744,0.049877,0.054877,0.000000,16,1,7,0,0
dance_argument,l200,875,4546.335,0.209088,0.870217,0.848973,0.891462,30,0.00034248,1,0.086406,0.117773,0.055039,0.917155,0.889594,0.944716,0.944743,0.948959,0.940527,0.015378,0.015820,0.050274,0.056988,0.000000,16,1,7,0,0
dance_argument,l200,900,4798.976,0.203383,0.874987,0.857356,0.892619,30,0.00026967,1,0.080068,0.105880,0.054256,0.922517,0.899546,0.945488,0.944591,0.948133,0.941049,0.014007,0.015621,0.050605,0.056656,0.000000,16,1,7,0,0
dance_argument,l200,925,4837.236,0.201838,0.876498,0.859195,0.893801,30,0.00024490,2,0.080034,0.103898,0.056169,0.922556,0.901271,0.943841,0.946234,0.948464,0.944005,0.013855,0.016127,0.049998,0.054148,0.000000,16,1,7,0,0
dance_argument,l200,950,5088.909,0.204107,0.874904,0.857335,0.892474,30,0.00026411,1,0.079681,0.105715,0.053648,0.922850,0.899671,0.946029,0.944161,0.947968,0.940353,0.013940,0.015800,0.050425,0.057194,0.000000,16,1,7,0,0
dance_argument,l200,975,5127.172,0.202466,0.873938,0.851582,0.896293,30,0.00033500,1,0.083694,0.111827,0.055560,0.919449,0.894367,0.944531,0.946452,0.946812,0.946092,0.014073,0.016141,0.051900,0.051944,0.000000,16,1,7,0,0
dance_argument,l200,1000,5377.933,0.200796,0.875952,0.855655,0.896250,30,0.00027458,2,0.081307,0.110010,0.052604,0.921691,0.896197,0.947185,0.946591,0.949785,0.943396,0.014498,0.015383,0.049108,0.054261,0.000000,16,1,7,0,0
dance_argument,l200,1025,5416.386,0.209564,0.870333,0.849297,0.891369,30,0.00023723,2,0.085763,0.115791,0.055734,0.917601,0.891115,0.944086,0.944343,0.947638,0.941049,0.015210,0.016110,0.050755,0.056632,0.000000,16,1,7,0,0
dance_argument,l200,1050,5667.361,0.215596,0.866255,0.842462,0.890048,30,0.00026119,1,0.089992,0.121903,0.058082,0.913833,0.885759,0.941908,0.943452,0.945160,0.941744,0.015431,0.017084,0.053446,0.055842,0.000000,16,1,7,0,0
dance_argument,l200,1075,5706.170,0.211619,0.867756,0.847508,0.888004,30,0.00036980,1,0.087867,0.116782,0.058951,0.915587,0.890166,0.941008,0.943417,0.946482,0.940353,0.014058,0.017295,0.051757,0.057678,0.000000,16,1,7,0,0
dance_argument,l200,1100,5951.453,0.215206,0.866107,0.843189,0.889026,29,0.00020954,2,0.091488,0.122894,0.060082,0.912592,0.885114,0.940069,0.944626,0.946812,0.942440,0.015481,0.017475,0.051716,0.055417,0.000000,16,1,8,0,0
dance_argument,l2000,1,1.366,1.670013,0.190116,0.208355,0.171876,20,0.00000464,0,0.209850,0.265279,0.154421,0.530392,0.498438,0.562346,0.231022,0.263627,0.198418,0.036205,0.045783,0.729578,0.798039,0.000000,0,0,0,0,0
dance_argument,l2000,25,24.761,1.259656,0.342042,0.413183,0.270902,20,0.00016102,0,0.120174,0.157747,0.082602,0.766129,0.752012,0.780245,0.385820,0.478361,0.293279,0.021110,0.024437,0.514822,0.702483,0.000000,0,0,0,0,0
dance_argument,l2000,50,181.660,0.968036,0.484054,0.550242,0.417867,23,0.00000418,0,0.134796,0.195078,0.074515,0.814439,0.771213,0.857665,0.553293,0.657582,0.449004,0.026168,0.021930,0.336657,0.546541,0.000000,3,0,0,0,0
dance_argument,l2000,75,209.393,0.716680,0.608785,0.645552,0.572018,23,0.00000494,0,0.143855,0.212587,0.075124,0.838784,0.786425,0.891143,0.698889,0.782788,0.614990,0.028449,0.022026,0.211981,0.382425,0.000000,3,0,0,0,0
dance_argument,l2000,100,391.613,0.557266,0.687661,0.694108,0.681215,26,0.00002656,2,0.133844,0.199868,0.067820,0.860589,0.806462,0.914717,0.780126,0.832838,0.727415,0.026630,0.019722,0.164218,0.269539,0.000000,6,0,0,0,0
dance_argument,l2000,125,423.288,0.474136,0.728664,0.716239,0.741090,26,0.00017259,2,0.122611,0.184011,0.061212,0.874745,0.821703,0.927787,0.817244,0.848034,0.786453,0.024082,0.017553,0.149486,0.210657,0.000000,6,0,0,0,0
dance_argument,l2000,150,621.760,0.412496,0.759308,0.735328,0.783288,28,0.00008153,3,0.105780,0.159564,0.051995,0.891504,0.842363,0.940645,0.838337,0.852659,0.824015,0.020920,0.014663,0.143244,0.172687,0.000000,9,0,1,0,0
dance_argument,l2000,175,655.796,0.352538,0.790881,0.757694,0.824067,28,0.00015938,2,0.094734,0.143211,0.046257,0.903603,0.858125,0.949081,0.864195,0.866204,0.862186,0.018507,0.013240,0.129732,0.134867,0.000000,9,0,1,0,0
dance_argument,l2000,200,874.163,0.301730,0.818986,0.780221,0.857750,30,0.00027645,2,0.088453,0.134126,0.042779,0.911365,0.868374,0.954356,0.889657,0.884870,0.894444,0.017773,0.012199,0.111848,0.103306,0.000000,12,0,2,0,0
dance_argument,l2000,225,910.958,0.258410,0.840329,0.803939,0.876719,30,0.00010066,3,0.087718,0.132309,0.043127,0.914033,0.873099,0.954966,0.912418,0.910307,0.914529,0.017037,0.012312,0.086694,0.082953,0.000000,12,0,2,0,0
dance_argument,l2000,250,1147.723,0.218592,0.861102,0.832721,0.889484,29,0.00035911,1,0.081510,0.123720,0.039301,0.921222,0.883224,0.959220,0.930093,0.935745,0.924441,0.015423,0.011467,0.061814,0.073226,0.000000,12,0,3,0,0
dance_argument,l2000,275,1183.954,0.205610,0.872399,0.849338,0.895461,29,0.00065407,1,0.075842,0.109514,0.042170,0.926326,0.895886,0.956766,0.937788,0.942352,0.933223,0.014546,0.012287,0.055627,0.064988,0.000000,12,0,3,0,0
dance_argument,l2000,300,1410.592,0.198466,0.876144,0.858254,0.894034,28,0.00080794,1,0.073404,0.104724,0.042083,0.928658,0.900533,0.956782,0.939896,0.948133,0.931658,0.014014,0.012057,0.050034,0.065571,0.000000,12,0,4,0,0
dance_argument,l2000,325,1445.446,0.199353,0.873311,0.855300,0.891322,28,0.00083230,1,0.079111,0.114139,0.044083,0.923903,0.893034,0.954773,0.941769,0.952924,0.930615,0.014782,0.012230,0.045505,0.067303,0.000000,12,0,4,0,0
dance_argument,l2000,350,1669.084,0.193727,0.876415,0.857822,0.895008,28,0.00087944,1,0.078477,0.111827,0.045127,0.924516,0.895055,0.953977,0.944573,0.953750,0.935397,0.014338,0.012712,0.043765,0.062605,0.000000,12,0,4,0,0
dance_argument,l2000,375,1703.606,0.189500,0.879176,0.863026,0.895326,28,0.00067884,1,0.074343,0.107037,0.041649,0.928252,0.899254,0.957251,0.944008,0.955401,0.932615,0.013741,0.011943,0.042398,0.064895,0.000000,12,0,4,0,0
dance_argument,l2000,400,1921.764,0.188160,0.880952,0.864152,0.897752,28,0.00055057,3,0.075977,0.107697,0.044257,0.926894,0.898868,0.954920,0.947351,0.957218,0.937484,0.014203,0.012757,0.040589,0.060209,0.000000,12,0,4,0,0
dance_argument,l2000,425,1955.516,0.183307,0.883126,0.867054,0.899198,28,0.00038252,0,0.075321,0.109514,0.041127,0.927857,0.897796,0.957918,0.949094,0.962009,0.936179,0.014536,0.011722,0.036854,0.061491,0.000000,12,0,4,0,0
dance_argument,l2000,450,2176.614,0.179334,0.886651,0.873218,0.900083,28,0.00048161,1,0.072591,0.100925,0.044257,0.930011,0.904991,0.955031,0.950633,0.961348,0.939918,0.013569,0.012524,0.036851,0.057662,0.000000,12,0,4,0,0
dance_argument,l2000,475,2210.793,0.180735,0.885165,0.867711,0.902620,28,0.00048361,1,0.074764,0.107532,0.041996,0.928311,0.899366,0.957257,0.950772,0.961018,0.940527,0.014280,0.012249,0.037264,0.057061,0.000000,12,0,4,0,0
dance_argument,l2000,500,2432.276,0.178739,0.885020,0.869207,0.900833,28,0.00041913,1,0.072321,0.101255,0.043388,0.930107,0.904338,0.955876,0.948568,0.957218,0.939918,0.012510,0.012396,0.040452,0.058198,0.000000,12,0,4,0,0
dance_argument,l2000,525,2466.635,0.174243,0.886278,0.867583,0.904973,28,0.00045111,1,0.072782,0.105220,0.040344,0.930013,0.901118,0.958909,0.950177,0.958870,0.941483,0.013060,0.011545,0.038486,0.056344,0.000000,12,0,4,0,0
dance_argument,l2000,550,2689.302,0.177004,0.885257,0.867933,0.902581,28,0.00041837,1,0.074325,0.104394,0.044257,0.928469,0.901787,0.955150,0.950533,0.958540,0.942527,0.012935,0.012483,0.039269,0.055405,0.000000,12,0,4,0,0
dance_argument,l2000,575,2723.452,0.176879,0.884466,0.865663,0.903269,28,0.00041702,1,0.075277,0.107863,0.042692,0.927769,0.898901,0.956637,0.950433,0.959035,0.941831,0.013250,0.012238,0.038727,0.055531,0.000000,12,0,4,0,0
dance_argument,l2000,600,2945.704,0.175523,0.889244,0.875151,0.903336,28,0.00031033,1,0.068335,0.094153,0.042518,0.933639,0.910476,0.956802,0.949646,0.957549,0.941744,0.012496,0.012156,0.040040,0.056136,0.000000,12,0,4,0,0
dance_argument,l2000,625,2979.780,0.178129,0.887929,0.873477,0.902382,28,0.00033329,1,0.070930,0.097952,0.043909,0.931396,0.907329,0.955463,0.950520,0.959035,0.942005,0.013062,0.012636,0.039641,0.055229,0.000000,12,0,4,0,0
dance_argument,l2000,650,3198.076,0.174191,0.889862,0.874267,0.905457,28,0.00032139,1,0.070139,0.098282,0.041996,0.932266,0.907147,0.957385,0.951837,0.960192,0.943483,0.013071,0.011941,0.038562,0.054684,0.000000,12,0,4,0,0
dance_argument,l2000,675,3231.656,0.178645,0.886002,0.868716,0.903288,28,0.00031754,1,0.075947,0.107202,0.044692,0.927252,0.899722,0.954781,0.952750,0.961843,0.943657,0.014263,0.012597,0.036347,0.054463,0.000000,12,0,4,0,0
dance_argument,l2000,700,3452.744,0.174843,0.888051,0.871503,0.904599,28,0.00034150,1,0.072982,0.104229,0.041736,0.929933,0.902277,0.957590,0.952346,0.962339,0.942353,0.013749,0.011743,0.036397,0.055638,0.000000,12,0,4,0,0
dance_argument,l2000,725,3486.986,0.178827,0.886029,0.868862,0.903196,28,0.00034325,1,0.072656,0.103403,0.041909,0.930004,0.902644,0.957364,0.949877,0.958705,0.941049,0.013838,0.011840,0.039121,0.056599,0.000000,12,0,4,0,0
dance_argument,l2000,750,3708.000,0.177834,0.886584,0.871718,0.901451,28,0.00029638,1,0.071895,0.100925,0.042866,0.930617,0.904843,0.956391,0.949894,0.959696,0.940092,0.013358,0.012103,0.037439,0.058083,0.000000,12,0,4,0,0
dance_argument,l2000,775,3741.746,0.174925,0.889197,0.875695,0.902699,28,0.00031546,1,0.071339,0.098943,0.043735,0.931205,0.906770,0.955640,0.952259,0.962339,0.942179,0.013197,0.012630,0.035508,0.055300,0.000000,12,0,4,0,0
dance_argument,l2000,800,3964.563,0.174976,0.889077,0.874382,0.903772,28,0.00029589,1,0.071869,0.101916,0.041822,0.930906,0.904341,0.957471,0.952533,0.963495,0.941570,0.013651,0.012094,0.034831,0.056377,0.000000,12,0,4,0,0
dance_argument,l2000,825,3999.051,0.175459,0.887699,0.872060,0.903339,28,0.00025127,1,0.072113,0.102577,0.041649,0.930608,0.903601,0.957614,0.951237,0.961513,0.940962,0.013633,0.011983,0.035958,0.056339,0.000000,12,0,4,0,0
dance_argument,l2000,850,4220.576,0.175626,0.887610,0.871810,0.903409,28,0.00019397,1,0.070517,0.100429,0.040605,0.931916,0.905237,0.958596,0.949729,0.959366,0.940092,0.013218,0.011662,0.038718,0.056751,0.000000,12,0,4,0,0
dance_argument,l2000,875,4254.824,0.173071,0.891332,0.880315,0.902350,28,0.00021255,1,0.067618,0.091675,0.043561,0.934349,0.912914,0.955785,0.951337,0.961018,0.941657,0.012268,0.012555,0.036799,0.056046,0.000000,12,0,4,0,0
dance_argument,l2000,900,4475.314,0.182461,0.885761,0.870832,0.900690,28,0.00021326,1,0.072578,0.099769,0.045387,0.929834,0.905654,0.954013,0.949642,0.957714,0.941570,0.013397,0.013208,0.040282,0.055869,0.000000,12,0,4,0,0
dance_argument,l2000,925,4509.466,0.175318,0.887635,0.872752,0.902518,28,0.00020128,1,0.072387,0.102081,0.042692,0.930327,0.904052,0.956602,0.951446,0.961843,0.941049,0.013052,0.012461,0.035592,0.056996,0.000000,12,0,4,0,0
dance_argument,l2000,950,4728.643,0.173587,0.891684,0.881942,0.901425,28,0.00020541,1,0.066005,0.088537,0.043474,0.935693,0.915564,0.955823,0.950320,0.960026,0.940614,0.011945,0.012650,0.037210,0.057124,0.000000,12,0,4,0,0
dance_argument,l2000,975,4763.017,0.175493,0.889451,0.876149,0.902752,28,0.00017221,1,0.069409,0.096300,0.042518,0.932827,0.908878,0.956775,0.950829,0.960522,0.941136,0.012783,0.012490,0.037872,0.055891,0.000000,12,0,4,0,0
dance_argument,l2000,1000,4981.916,0.174065,0.890198,0.876432,0.903965,28,0.00014833,1,0.070022,0.096135,0.043909,0.932286,0.909034,0.955538,0.952172,0.960687,0.943657,0.012683,0.012482,0.038058,0.054570,0.000000,12,0,4,0,0
dance_argument,l2000,1025,5015.996,0.170754,0.892359,0.880182,0.904536,28,0.00015817,1,0.068266,0.091840,0.044692,0.933806,0.912771,0.954841,0.952989,0.961018,0.944961,0.012278,0.012631,0.037219,0.052748,0.000000,12,0,4,0,0
dance_argument,l2000,1050,5238.729,0.172982,0.892158,0.880891,0.903424,28,0.00013037,2,0.068097,0.090023,0.046170,0.933853,0.914281,0.953425,0.952663,0.960192,0.945135,0.012194,0.013165,0.037980,0.052687,0.000000,12,0,4,0,0
dance_argument,l2000,1075,5272.827,0.174441,0.887223,0.868350,0.906097,28,0.00019057,1,0.075386,0.105385,0.045387,0.927672,0.901070,0.954275,0.953542,0.959861,0.947222,0.013005,0.012994,0.038856,0.050820,0.000000,12,0,4,0,0
dance_argument,l2000,1100,5493.716,0.173595,0.890916,0.876267,0.905564,28,0.00018292,1,0.067131,0.092005,0.042257,0.934715,0.912283,0.957147,0.950359,0.956888,0.943831,0.012184,0.012305,0.041205,0.053583,0.000000,12,0,4,0,0
dance_argument,l2000,1125,5527.624,0.172075,0.889385,0.871745,0.907025,28,0.00015635,2,0.072300,0.103733,0.040866,0.930595,0.902681,0.958510,0.953133,0.962174,0.944092,0.013760,0.011536,0.036077,0.053811,0.000000,12,0,4,0,0
dance_argument,l2000,1150,5750.065,0.174175,0.887318,0.864752,0.909883,28,0.00018028,2,0.074173,0.110175,0.038171,0.929106,0.897052,0.961161,0.952320,0.960026,0.944614,0.014426,0.011131,0.038194,0.052966,0.000000,12,0,4,0,0
dance_argument,l2000,1175,5784.205,0.174421,0.888069,0.869747,0.906391,28,0.00015720,1,0.073365,0.104559,0.042170,0.929555,0.901845,0.957265,0.952650,0.960687,0.944614,0.013834,0.011742,0.038234,0.053140,0.000000,12,0,4,0,0
dance_argument,l2000,1200,6007.101,0.175580,0.888266,0.869611,0.906920,28,0.00014125,1,0.072482,0.103403,0.041562,0.930288,0.902720,0.957856,0.952072,0.959531,0.944614,0.013793,0.012040,0.038116,0.053529,0.000000,12,0,4,0,0
dance_argument,l2000,1225,6041.584,0.174125,0.889052,0.869611,0.908493,28,0.00017355,2,0.075729,0.107202,0.044257,0.927622,0.899815,0.955429,0.955767,0.962834,0.948700,0.014322,0.012695,0.036263,0.049006,0.000000,12,0,4,0,0
dance_argument,l2000,1250,6263.263,0.171876,0.889293,0.866706,0.911880,28,0.00012308,2,0.073930,0.107863,0.039997,0.929271,0.899010,0.959532,0.954272,0.960192,0.948352,0.014415,0.011521,0.038267,0.048867,0.000000,12,0,4,0,0
dance_argument,l2000,1275,6297.368,0.169033,0.892894,0.875263,0.910525,28,0.00012322,1,0.070422,0.099108,0.041736,0.932227,0.906600,0.957854,0.955267,0.962009,0.948526,0.013452,0.012188,0.036356,0.048802,0.000000,12,0,4,0,0
dance_argument,l2000,1300,6519.586,0.172432,0.886922,0.863636,0.910207,28,0.00013245,2,0.076473,0.111992,0.040953,0.927066,0.895564,0.958568,0.953920,0.960357,0.947483,0.013906,0.012011,0.038216,0.049601,0.000000,12,0,4,0,0
dance_argument,l2000,1325,6553.802,0.169517,0.890810,0.870481,0.911139,28,0.00017289,2,0.073899,0.105715,0.042083,0.929297,0.901036,0.957559,0.955993,0.962504,0.949483,0.014107,0.012019,0.035168,0.048548,0.000000,12,0,4,0,0
dance_argument,l2000,1350,6777.450,0.166076,0.889526,0.865470,0.913581,28,0.00013827,1,0.076994,0.113644,0.040344,0.926904,0.894527,0.959280,0.957132,0.963826,0.950439,0.014042,0.011584,0.034763,0.047153,0.000000,12,0,4,0,0
dance_argument,l2000,1375,6811.220,0.167468,0.888474,0.865065,0.911883,28,0.00014226,2,0.077985,0.113974,0.041996,0.925955,0.894237,0.957672,0.956919,0.963660,0.950178,0.014086,0.011906,0.034704,0.047291,0.000000,12,0,4,0,0
dance_argument,l2000,1400,7031.191,0.167518,0.889867,0.866577,0.913156,28,0.00018734,1,0.076381,0.110505,0.042257,0.927243,0.896998,0.957488,0.957041,0.962339,0.951743,0.013600,0.012279,0.036193,0.046276,0.000000,12,0,4,0,0
dance_argument,l2000,1425,7065.077,0.166382,0.889056,0.861292,0.916820,28,0.00018632,2,0.076316,0.114635,0.037997,0.927468,0.893329,0.961606,0.955841,0.960026,0.951656,0.014136,0.010900,0.037925,0.046655,0.000000,12,0,4,0,0
dance_argument,l2000,1450,7286.908,0.164360,0.892655,0.869871,0.915439,28,0.00020866,1,0.070795,0.103072,0.038518,0.932031,0.903000,0.961062,0.955115,0.959531,0.950700,0.013181,0.010980,0.038555,0.047262,0.000000,12,0,4,0,0
dance_argument,l2000,1475,7321.482,0.163425,0.894518,0.873909,0.915127,28,0.00010531,1,0.068805,0.097787,0.039823,0.933666,0.907500,0.959832,0.955468,0.959366,0.951569,0.012953,0.011053,0.039204,0.046274,0.000000,12,0,4,0,0
dance_argument,l2000,1500,7545.159,0.159833,0.896652,0.876036,0.917269,28,0.00018151,2,0.065922,0.096630,0.035214,0.936425,0.908608,0.964242,0.955128,0.960687,0.949570,0.013017,0.009988,0.037489,0.047939,0.000000,12,0,4,0,0
dance_argument,l2000,1525,7579.305,0.163473,0.892975,0.868617,0.917332,28,0.00016577,2,0.070665,0.106376,0.034953,0.932416,0.900340,0.964491,0.955207,0.961018,0.949396,0.014239,0.009786,0.037489,0.047919,0.000000,12,0,4,0,0
dance_argument,l2000,1550,7800.981,0.163368,0.893373,0.871315,0.915430,28,0.00013904,2,0.070643,0.103898,0.037388,0.932316,0.902511,0.962121,0.955750,0.961843,0.949657,0.013771,0.010656,0.035567,0.048137,0.000000,12,0,4,0,0
dance_argument,l2000,1575,7834.784,0.158740,0.894789,0.872213,0.917366,28,0.00011803,1,0.070165,0.103898,0.036432,0.932849,0.902601,0.963097,0.956811,0.962834,0.950787,0.012914,0.010361,0.035813,0.047373,0.000000,12,0,4,0,0
dance_argument,l2000,1600,8053.474,0.163783,0.893972,0.870370,0.917574,28,0.00012931,1,0.072021,0.106046,0.037997,0.931205,0.900773,0.961636,0.957554,0.962669,0.952439,0.014319,0.010725,0.036333,0.045369,0.000000,12,0,4,0,0
dance_argument,l2000,1625,8086.634,0.164206,0.891001,0.866597,0.915405,28,0.00012324,1,0.072421,0.105715,0.039127,0.930564,0.900637,0.960492,0.954716,0.958209,0.951222,0.013005,0.010973,0.040342,0.046101,0.000000,12,0,4,0,0
dance_argument,l2000,1650,8306.758,0.165614,0.892423,0.867544,0.917302,28,0.00013155,1,0.071313,0.104889,0.037736,0.931618,0.901367,0.961870,0.955229,0.958540,0.951917,0.014024,0.010640,0.039524,0.045733,0.000000,12,0,4,0,0
dance_argument,l2000,1675,8340.449,0.158508,0.898315,0.876946,0.919684,28,0.00015458,1,0.063810,0.092666,0.034953,0.938199,0.911820,0.964578,0.955020,0.958209,0.951830,0.012479,0.009927,0.039957,0.046416,0.000000,12,0,4,0,0
dance_argument,l2000,1700,8560.352,0.166909,0.891784,0.867585,0.915983,28,0.00009589,1,0.070369,0.102742,0.037997,0.932298,0.903025,0.961572,0.953755,0.956723,0.950787,0.013710,0.010507,0.041486,0.047027,0.000000,12,0,4,0,0
dance_argument,l2000,1725,8594.061,0.161373,0.896174,0.876758,0.915590,28,0.00005121,1,0.064297,0.092336,0.036258,0.937629,0.912065,0.963192,0.953250,0.957714,0.948787,0.012412,0.010309,0.040433,0.047944,0.000000,12,0,4,0,0
dance_argument,l2000,1750,8815.837,0.159153,0.893037,0.869981,0.916093,28,0.00010925,1,0.070878,0.106541,0.035214,0.932276,0.900355,0.964197,0.955511,0.962669,0.948352,0.012856,0.010002,0.035946,0.049371,0.000000,12,0,4,0,0
dance_argument,l2000,1775,8850.075,0.157927,0.894964,0.873087,0.916842,28,0.00010604,1,0.068109,0.101090,0.035127,0.934579,0.904851,0.964308,0.955198,0.961348,0.949048,0.012606,0.009864,0.036915,0.048598,0.000000,12,0,4,0,0
dance_argument,l2000,1800,9074.593,0.157141,0.897718,0.878496,0.916940,28,0.00009313,1,0.066353,0.098447,0.034258,0.936280,0.907425,0.965136,0.956667,0.964982,0.948352,0.013019,0.009974,0.033399,0.049157,0.000000,12,0,4,0,0
dance_argument,l2000,1825,9108.912,0.153901,0.901369,0.884639,0.918099,28,0.00010011,2,0.064857,0.092501,0.037214,0.937520,0.912650,0.962390,0.959367,0.966468,0.952265,0.012636,0.010784,0.031221,0.046022,0.000000,12,0,4,0,0
dance_argument,l2000,1850,9330.404,0.157584,0.897838,0.875898,0.919778,28,0.00008837,1,0.069787,0.103403,0.036171,0.933393,0.903350,0.963435,0.959758,0.966468,0.953048,0.014111,0.010340,0.031864,0.045356,0.000000,12,0,4,0,0
dance_argument,l2000,1875,9364.320,0.161310,0.892517,0.866419,0.918615,28,0.00007664,1,0.074525,0.111662,0.037388,0.929180,0.896112,0.962248,0.958063,0.963165,0.952961,0.014308,0.010570,0.034778,0.044881,0.000000,12,0,4,0,0
dance_argument,l2000,1900,9586.699,0.164433,0.892655,0.867778,0.917531,28,0.00004172,1,0.074455,0.109349,0.039562,0.929086,0.897997,0.960175,0.958250,0.962669,0.953830,0.014086,0.011550,0.035535,0.044592,0.000000,12,0,4,0,0
dance_argument,l2000,1925,9621.086,0.158227,0.898857,0.879861,0.917854,28,0.00012951,1,0.064488,0.091675,0.037301,0.937586,0.912873,0.962299,0.956307,0.960522,0.952091,0.012723,0.010333,0.037846,0.045634,0.000000,12,0,4,0,0
dance_argument,l2000,1950,9832.481,0.165398,0.890319,0.866667,0.913972,27,0.00010173,2,0.072764,0.107532,0.037997,0.930374,0.899257,0.961491,0.954281,0.959861,0.948700,0.012977,0.010794,0.039422,0.049191,0.000000,12,0,5,0,0
dance_argument,l2000,1975,9865.176,0.164357,0.890806,0.865881,0.915731,27,0.00028219,2,0.072599,0.107202,0.037997,0.930494,0.899427,0.961562,0.954616,0.958705,0.950526,0.013462,0.010564,0.039102,0.047197,0.000000,12,0,5,0,0
dance_argument,l2000,2000,10073.612,0.169369,0.890102,0.862491,0.917713,27,0.00019383,2,0.073112,0.107532,0.038692,0.929906,0.898819,0.960992,0.954229,0.955236,0.953221,0.014334,0.010694,0.043200,0.044726,0.000000,12,0,5,0,0
dance_argument,l2000,2025,10106.588,0.162314,0.894603,0.870138,0.919068,27,0.00012441,1,0.070943,0.104063,0.037823,0.932062,0.902265,0.961859,0.957259,0.960687,0.953830,0.013476,0.011024,0.038418,0.043835,0.000000,12,0,5,0,0
dance_argument,l2000,2050,10316.341,0.164820,0.894123,0.873626,0.914620,27,0.00007356,2,0.068705,0.096630,0.040779,0.933650,0.908379,0.958921,0.954981,0.958044,0.951917,0.013079,0.011279,0.040024,0.045619,0.000000,12,0,5,0,0
dance_argument,l2000,2075,10349.449,0.157824,0.898279,0.878669,0.917889,27,0.00011500,1,0.064788,0.091840,0.037736,0.937263,0.912634,0.961893,0.955946,0.959366,0.952526,0.012588,0.010291,0.038780,0.044974,0.000000,12,0,5,0,0
dance_argument,l2000,2100,10560.406,0.161106,0.898165,0.876558,0.919772,27,0.00008399,1,0.061319,0.086554,0.036084,0.940105,0.916693,0.963516,0.952694,0.952428,0.952961,0.011938,0.010203,0.044976,0.045402,0.000000,12,0,5,0,0
dance_argument,l2000,2125,10593.233,0.159760,0.893969,0.867517,0.920420,27,0.00010738,2,0.067809,0.100925,0.034693,0.934639,0.904427,0.964852,0.953711,0.955071,0.952352,0.012449,0.009924,0.042661,0.045274,0.000000,12,0,5,0,0
dance_argument,l500,1,1.381,1.670013,0.190116,0.208355,0.171876,20,0.00000464,0,0.209850,0.265279,0.154421,0.530392,0.498438,0.562346,0.231022,0.263627,0.198418,0.036205,0.045783,0.729578,0.798039,0.000000,0,0,0,0,0
dance_argument,l500,25,26.297,1.259656,0.342042,0.413183,0.270902,20,0.00016102,0,0.120174,0.157747,0.082602,0.766129,0.752012,0.780245,0.385820,0.478361,0.293279,0.021110,0.024437,0.514822,0.702483,0.000000,0,0,0,0,0
dance_argument,l500,50,192.447,0.967569,0.484134,0.551209,0.417058,23,0.00000418,0,0.134796,0.195078,0.074515,0.814475,0.771523,0.857428,0.553436,0.658738,0.448135,0.026168,0.021899,0.335507,0.547298,0.000000,3,0,0,0,0
dance_argument,l500,75,222.195,0.717149,0.608179,0.646778,0.569579,23,0.00000828,1,0.143638,0.212587,0.074689,0.838998,0.786744,0.891252,0.698198,0.784275,0.612121,0.028441,0.021781,0.211034,0.384905,0.000000,3,0,0,0,0
dance_argument,l500,100,413.956,0.561405,0.685793,0.689808,0.681777,26,0.00004375,2,0.131379,0.194417,0.068342,0.861652,0.809084,0.914220,0.776145,0.823918,0.728371,0.025942,0.019745,0.171893,0.269108,0.000000,6,0,0,0,0
dance_argument,l500,125,447.597,0.481083,0.725653,0.712636,0.738671,26,0.00019468,3,0.124011,0.186984,0.061038,0.873357,0.818967,0.927748,0.814822,0.845887,0.783758,0.024706,0.017744,0.150238,0.214348,0.000000,6,0,0,0,0
dance_argument,l500,150,668.025,0.414217,0.760229,0.744259,0.776200,29,0.00028127,3,0.105471,0.158077,0.052865,0.892131,0.845020,0.939243,0.839571,0.861909,0.817233,0.020914,0.015172,0.135215,0.180465,0.000000,8,1,0,0,0
dance_argument,l500,175,706.101,0.348723,0.794583,0.773011,0.816154,29,0.00024671,5,0.092230,0.135943,0.048518,0.906143,0.865939,0.946346,0.866924,0.878097,0.855752,0.017806,0.013885,0.119273,0.141243,0.000000,8,1,0,0,0
dance_argument,l500,200,938.249,0.302088,0.817399,0.784865,0.849934,29,0.00001073,3,0.094356,0.139412,0.049300,0.906375,0.865133,0.947616,0.893060,0.894285,0.891835,0.017559,0.014132,0.102897,0.105985,0.000000,10,1,2,0,0
dance_argument,l500,225,976.981,0.263558,0.838054,0.804421,0.871686,29,0.00010254,3,0.087301,0.128345,0.046257,0.913922,0.876116,0.951729,0.909836,0.907664,0.912008,0.016081,0.013157,0.090366,0.085444,0.000000,10,1,2,0,0
dance_argument,l500,250,1214.001,0.247236,0.847354,0.813392,0.881316,29,0.00021038,3,0.081719,0.122398,0.041040,0.919482,0.881780,0.957184,0.915218,0.912950,0.917485,0.015862,0.011459,0.085411,0.079848,0.000000,12,1,4,0,0
dance_argument,l500,275,1252.620,0.219759,0.864192,0.838535,0.889848,29,0.00017806,2,0.068987,0.100760,0.037214,0.931412,0.901581,0.961242,0.922995,0.923026,0.922963,0.013468,0.010296,0.074219,0.074766,0.000000,12,1,4,0,0
dance_argument,l500,300,1502.025,0.189339,0.881308,0.860560,0.902056,29,0.00005688,1,0.069274,0.098117,0.040431,0.932319,0.905938,0.958700,0.941761,0.944995,0.938527,0.013012,0.011527,0.052549,0.059626,0.000000,12,1,4,0,0
dance_argument,l500,325,1540.605,0.184604,0.880685,0.858397,0.902973,29,0.00001882,1,0.077251,0.110505,0.043996,0.925764,0.896118,0.955411,0.947977,0.953254,0.942701,0.013800,0.012288,0.045651,0.055097,0.000000,12,1,4,0,0
dance_argument,l500,350,1787.546,0.178614,0.888052,0.868468,0.907636,29,0.00003770,1,0.071569,0.100099,0.043040,0.930839,0.905164,0.956514,0.951051,0.955401,0.946700,0.013684,0.012261,0.043337,0.051314,0.000000,12,1,4,0,0
dance_argument,l500,375,1825.676,0.176643,0.886602,0.862450,0.910755,29,0.00005246,1,0.073860,0.107202,0.040518,0.929032,0.899067,0.958997,0.951281,0.954906,0.947657,0.013485,0.012005,0.043786,0.050482,0.000000,12,1,4,0,0
dance_argument,l500,400,2067.607,0.179193,0.888282,0.868976,0.907587,29,0.00003326,1,0.071526,0.096796,0.046257,0.930676,0.907804,0.953549,0.951329,0.953089,0.949570,0.013122,0.013397,0.044654,0.048347,0.000000,12,1,4,0,0
dance_argument,l500,425,2105.531,0.176846,0.889111,0.868564,0.909658,29,0.00004155,1,0.071170,0.097126,0.045213,0.931054,0.907504,0.954605,0.951855,0.952924,0.950787,0.013041,0.012887,0.045689,0.047061,0.000000,12,1,4,0,0
dance_argument,l500,450,2349.674,0.171521,0.892618,0.872963,0.912272,29,0.00005094,1,0.069231,0.094813,0.043648,0.932957,0.909748,0.956165,0.953911,0.955732,0.952091,0.012695,0.012724,0.042859,0.046004,0.000000,12,1,4,0,0
dance_argument,l500,475,2386.844,0.170975,0.891710,0.872982,0.910438,29,0.00004676,0,0.069792,0.094979,0.044605,0.932410,0.909620,0.955200,0.953472,0.955897,0.951048,0.012627,0.012469,0.042464,0.047088,0.000000,12,1,4,0,0
dance_argument,l500,500,2629.533,0.166647,0.891765,0.871544,0.911985,29,0.00004408,1,0.071326,0.099438,0.043214,0.931267,0.905982,0.956552,0.954802,0.958209,0.951396,0.012344,0.012203,0.040067,0.046876,0.000000,12,1,4,0,0
dance_argument,l500,525,2666.871,0.164753,0.894326,0.875188,0.913464,29,0.00002390,0,0.070039,0.097126,0.042953,0.932500,0.908139,0.956860,0.956446,0.960192,0.952700,0.012139,0.012586,0.038593,0.045547,0.000000,12,1,4,0,0
dance_argument,l500,550,2907.596,0.164212,0.892796,0.871409,0.914183,29,0.00001479,0,0.069922,0.098282,0.041562,0.932524,0.906871,0.958177,0.954616,0.957053,0.952178,0.012195,0.011729,0.040833,0.045917,0.000000,12,1,4,0,0
dance_argument,l500,575,2945.021,0.163493,0.893990,0.871899,0.916082,29,0.00001515,0,0.069435,0.098612,0.040257,0.933064,0.906660,0.959468,0.955420,0.957879,0.952961,0.012268,0.011724,0.040703,0.044977,0.000000,12,1,4,0,0
dance_argument,l500,600,3181.527,0.159227,0.898374,0.880436,0.916311,28,0.00001346,0,0.063966,0.090023,0.037910,0.937954,0.914241,0.961667,0.955372,0.959696,0.951048,0.011997,0.010985,0.038601,0.046383,0.000000,12,1,5,0,0
dance_argument,l500,625,3217.773,0.166109,0.893557,0.873006,0.914107,28,0.00003294,0,0.069718,0.097787,0.041649,0.932753,0.907413,0.958093,0.955276,0.958375,0.952178,0.012282,0.012147,0.040896,0.045928,0.000000,12,1,5,0,0
dance_argument,l500,650,3451.048,0.161208,0.898066,0.879179,0.916952,28,0.00001187,0,0.063267,0.086885,0.039649,0.938362,0.916653,0.960070,0.954437,0.955567,0.953308,0.011544,0.011637,0.041949,0.044438,0.000000,12,1,5,0,0
dance_argument,l500,675,3487.293,0.157972,0.899856,0.882398,0.917314,28,0.00000542,0,0.063384,0.085728,0.041040,0.938331,0.917867,0.958795,0.956502,0.958044,0.954960,0.011416,0.011693,0.039842,0.043243,0.000000,12,1,5,0,0
dance_argument,l500,700,3722.537,0.161365,0.896280,0.876644,0.915917,28,0.00001885,0,0.068027,0.092666,0.043388,0.934182,0.911792,0.956571,0.956768,0.957879,0.955656,0.012187,0.011964,0.039991,0.042685,0.000000,12,1,5,0,0
dance_argument,l500,725,3758.962,0.158207,0.900239,0.884263,0.916215,28,0.00000853,0,0.063102,0.083251,0.042953,0.938511,0.920038,0.956984,0.956724,0.957879,0.955569,0.011104,0.012172,0.039879,0.042795,0.000000,12,1,5,0,0
dance_argument,l500,750,3993.833,0.162092,0.897624,0.879381,0.915867,28,0.00000503,0,0.065219,0.088702,0.041736,0.936648,0.915206,0.958090,0.955737,0.957384,0.954091,0.011714,0.012184,0.040483,0.044026,0.000000,12,1,5,0,0
dance_argument,l500,775,4030.248,0.159618,0.897801,0.882335,0.913268,28,0.00000359,0,0.066984,0.089362,0.044605,0.935135,0.914937,0.955333,0.957593,0.961183,0.954004,0.011450,0.012847,0.036082,0.044082,0.000000,12,1,5,0,0
dance_argument,l500,800,4267.838,0.159796,0.897946,0.881212,0.914679,28,0.00002237,0,0.066353,0.090188,0.042518,0.935746,0.914178,0.957315,0.957128,0.960687,0.953569,0.011575,0.012277,0.037556,0.044568,0.000000,12,1,5,0,0
dance_argument,l500,825,4304.093,0.165409,0.894939,0.880236,0.909642,28,0.00000472,0,0.070122,0.092336,0.047909,0.932264,0.912382,0.952145,0.957367,0.961513,0.953221,0.011694,0.013851,0.036803,0.044799,0.000000,12,1,5,0,0
dance_argument,l500,850,4539.778,0.163302,0.896771,0.882558,0.910984,28,0.00002567,0,0.067649,0.087215,0.048083,0.934367,0.916680,0.952055,0.957159,0.959531,0.954787,0.011127,0.013875,0.038123,0.043294,0.000000,12,1,5,0,0
dance_argument,l500,875,4575.780,0.170553,0.893055,0.875057,0.911054,28,0.00001383,0,0.067497,0.088041,0.046952,0.934220,0.915357,0.953084,0.952964,0.952098,0.953830,0.011195,0.013631,0.045909,0.044278,0.000000,12,1,5,0,0
dance_argument,l500,900,4807.472,0.174166,0.891367,0.870041,0.912692,28,0.00020613,0,0.065706,0.086720,0.044692,0.935607,0.915987,0.955226,0.949486,0.945491,0.953482,0.011204,0.013010,0.052005,0.044494,0.000000,12,1,5,0,0
dance_argument,l500,925,4842.799,0.172083,0.891729,0.871329,0.912129,28,0.00011817,0,0.068544,0.091179,0.045909,0.933290,0.912492,0.954087,0.952390,0.950776,0.954004,0.011813,0.013184,0.047305,0.043819,0.000000,12,1,5,0,0
dance_argument,l500,950,5075.418,0.169128,0.893668,0.874073,0.913264,29,0.00007106,0,0.068453,0.091345,0.045561,0.933535,0.912611,0.954459,0.954394,0.953915,0.954873,0.011915,0.013104,0.044525,0.043262,0.000000,13,1,5,0,0
dance_argument,l500,975,5112.646,0.165916,0.896263,0.878197,0.914329,29,0.00005359,0,0.064623,0.084903,0.044344,0.936900,0.918179,0.955621,0.953816,0.952759,0.954873,0.011144,0.012905,0.045282,0.042831,0.000000,13,1,5,0,0
dance_argument,l500,1000,5343.781,0.167353,0.893101,0.871164,0.915039,28,0.00004807,0,0.066562,0.087215,0.045909,0.934954,0.915682,0.954226,0.952095,0.947142,0.957047,0.010442,0.013192,0.050816,0.040558,0.000000,13,1,6,0,0
horse_circle,l200,1,1.383,1.660304,0.161737,0.165288,0.158186,20,0.00000000,0,0.077283,0.090495,0.064072,0.695023,0.665751,0.724295,0.174283,0.180246,0.168321,0.024734,0.027956,0.805480,0.828545,0.000000,0,0,0,0,0
horse_circle,l200,25,26.974,1.327623,0.294239,0.305173,0.283305,20,0.00000000,0,0.041017,0.053571,0.028462,0.884094,0.857178,0.911010,0.306445,0.321522,0.291369,0.014339,0.012149,0.664168,0.705017,0.000000,0,0,0,0,0
horse_circle,l200,50,200.079,1.038182,0.442632,0.441854,0.443409,23,0.00000000,0,0.032065,0.041295,0.022836,0.934852,0.917641,0.952063,0.456817,0.460100,0.453535,0.011134,0.009742,0.526740,0.543289,0.000000,3,0,0,0,0
horse_circle,l200,75,231.181,0.817680,0.559685,0.546344,0.573026,23,0.00015823,1,0.031954,0.045573,0.018335,0.947826,0.926116,0.969537,0.577387,0.571243,0.583532,0.012062,0.007859,0.414983,0.413744,0.000000,3,0,0,0,0
horse_circle,l200,100,424.650,0.684636,0.631474,0.625321,0.637626,25,0.00080978,1,0.032020,0.049014,0.015025,0.953893,0.930475,0.977311,0.651589,0.655971,0.647207,0.013093,0.006476,0.332438,0.349361,0.000000,6,0,1,0,0
horse_circle,l200,125,458.545,0.589372,0.683600,0.670418,0.696782,25,0.00152377,3,0.031723,0.049479,0.013966,0.957456,0.934297,0.980616,0.705052,0.703590,0.706513,0.013214,0.006194,0.285501,0.290540,0.000000,6,0,1,0,0
horse_circle,l200,150,671.888,0.522439,0.722003,0.703168,0.740838,28,0.00223590,1,0.036580,0.059989,0.013172,0.954133,0.925511,0.982754,0.747973,0.745350,0.750596,0.016136,0.005656,0.245063,0.246522,0.000000,9,0,1,0,0
horse_circle,l200,175,709.157,0.445691,0.765617,0.741902,0.789333,28,0.00293443,1,0.041619,0.068080,0.015158,0.951158,0.920882,0.981435,0.796854,0.792411,0.801297,0.018526,0.006475,0.197363,0.195564,0.000000,9,0,1,0,0
horse_circle,l200,200,940.277,0.413519,0.786799,0.768411,0.805187,31,0.00165695,1,0.048420,0.073475,0.023365,0.945319,0.918211,0.972426,0.824435,0.824870,0.824001,0.019976,0.009830,0.165454,0.173498,0.000000,12,0,1,0,0
horse_circle,l200,225,981.390,0.374612,0.806520,0.793412,0.819629,31,0.00101856,2,0.046613,0.070126,0.023100,0.948449,0.923707,0.973191,0.843807,0.849051,0.838562,0.019040,0.009789,0.141107,0.159023,0.000000,12,0,1,0,0
horse_circle,l200,250,1237.516,0.342621,0.824093,0.814314,0.833872,32,0.00093394,2,0.048870,0.073382,0.024358,0.947411,0.922548,0.972275,0.864127,0.874070,0.854183,0.019718,0.010130,0.117140,0.143429,0.000000,14,0,2,0,0
horse_circle,l200,275,1279.080,0.321752,0.836169,0.825850,0.846487,32,0.00076103,1,0.050611,0.077195,0.024027,0.946592,0.920154,0.973029,0.878214,0.889602,0.866826,0.020876,0.010348,0.101469,0.130546,0.000000,14,0,2,0,0
horse_circle,l200,300,1536.600,0.301797,0.847795,0.836538,0.859052,33,0.00115586,2,0.051964,0.078776,0.025152,0.945974,0.919716,0.972232,0.891548,0.902437,0.880659,0.021400,0.010839,0.088797,0.116676,0.000000,17,0,4,0,0
horse_circle,l200,325,1579.900,0.282616,0.860290,0.842241,0.878340,33,0.00193401,2,0.054860,0.084170,0.025549,0.944010,0.915602,0.972419,0.906957,0.913132,0.900781,0.023035,0.011048,0.079369,0.096811,0.000000,17,0,4,0,0
horse_circle,l200,350,1843.974,0.259975,0.872798,0.850313,0.895284,32,0.00304155,3,0.055676,0.085472,0.025880,0.943919,0.915245,0.972594,0.920722,0.922991,0.918454,0.023283,0.011342,0.069219,0.078777,0.000000,19,0,7,0,0
horse_circle,l200,375,1886.157,0.243939,0.880788,0.862794,0.898782,32,0.00305857,4,0.052911,0.079148,0.026675,0.946779,0.921653,0.971905,0.926919,0.931083,0.922756,0.021901,0.011264,0.061651,0.074354,0.000000,19,0,7,0,0
horse_circle,l200,400,2145.896,0.228125,0.889866,0.865561,0.914170,33,0.00313543,6,0.056102,0.082682,0.029521,0.944256,0.918924,0.969587,0.939142,0.937128,0.941157,0.022050,0.012479,0.056449,0.056467,0.000000,22,0,9,0,0
horse_circle,l200,425,2189.460,0.204928,0.901778,0.873727,0.929829,33,0.00232521,2,0.053809,0.077567,0.030050,0.946732,0.923884,0.969579,0.949635,0.941499,0.957771,0.021111,0.012509,0.051807,0.039603,0.000000,22,0,9,0,0
horse_circle,l200,450,2458.855,0.199774,0.904959,0.878243,0.931675,31,0.00160268,2,0.052653,0.075521,0.029786,0.947928,0.925966,0.969890,0.951997,0.944568,0.959425,0.020648,0.012630,0.049875,0.037738,0.000000,22,0,11,0,0
horse_circle,l200,475,2499.836,0.204548,0.903254,0.874621,0.931887,31,0.00147436,4,0.052584,0.074126,0.031043,0.947785,0.926867,0.968702,0.950134,0.939453,0.960815,0.020602,0.013169,0.053974,0.037074,0.000000,22,0,11,0,0
horse_circle,l200,500,2749.197,0.204002,0.904749,0.872173,0.937324,31,0.00122903,3,0.055728,0.077567,0.033889,0.944985,0.923759,0.966211,0.954457,0.939825,0.969089,0.021546,0.014328,0.054017,0.028197,0.000000,22,0,11,0,0
horse_circle,l200,525,2790.203,0.201954,0.906076,0.874233,0.937920,31,0.00093110,2,0.055103,0.075986,0.034220,0.945591,0.925258,0.965924,0.955339,0.940662,0.970016,0.021192,0.014765,0.052574,0.027266,0.000000,22,0,11,0,0
horse_circle,l200,550,3045.180,0.204155,0.904498,0.870144,0.938851,31,0.00076518,2,0.054936,0.075056,0.034816,0.945564,0.925725,0.965404,0.953496,0.935454,0.971538,0.020933,0.014755,0.057589,0.025903,0.000000,22,0,11,0,0
horse_circle,l200,575,3085.985,0.206092,0.903407,0.866436,0.940379,31,0.00051411,3,0.054219,0.073754,0.034684,0.946064,0.926547,0.965581,0.951666,0.930339,0.972994,0.020386,0.014774,0.063600,0.024351,0.000000,22,0,11,0,0
horse_circle,l200,600,3349.277,0.210200,0.899962,0.857987,0.941938,31,0.00038094,2,0.051804,0.070778,0.032830,0.947913,0.928471,0.967356,0.945787,0.918713,0.972862,0.019628,0.013774,0.075062,0.024588,0.000000,22,0,11,0,0
horse_circle,l200,625,3390.051,0.223836,0.893300,0.848825,0.937776,31,0.00036887,2,0.052356,0.068638,0.036074,0.946928,0.929654,0.964201,0.939346,0.907087,0.971604,0.018951,0.015294,0.085672,0.025765,0.000000,22,0,11,0,0
horse_circle,l200,650,3653.511,0.231456,0.889396,0.843048,0.935743,31,0.00022029,3,0.051296,0.064267,0.038324,0.947606,0.933159,0.962053,0.934416,0.897228,0.971604,0.017491,0.016452,0.095791,0.025438,0.000000,22,0,11,0,0
horse_circle,l200,675,3693.685,0.247360,0.881165,0.831344,0.930986,31,0.00006179,3,0.051691,0.059896,0.043487,0.946753,0.936351,0.957154,0.926305,0.881138,0.971472,0.015914,0.018629,0.110993,0.025631,0.000000,22,0,11,0,0
horse_circle,l200,700,3946.945,0.257346,0.880537,0.835098,0.925975,33,0.00003406,1,0.057508,0.062593,0.052423,0.941531,0.934110,0.948953,0.930943,0.887370,0.974517,0.016759,0.022489,0.106320,0.022599,0.000000,25,0,12,0,0
horse_circle,l200,725,3990.056,0.251893,0.885051,0.845166,0.924936,33,0.00004368,4,0.061133,0.065011,0.057254,0.938665,0.932639,0.944690,0.939002,0.900112,0.977893,0.017565,0.024297,0.093370,0.019030,0.000000,25,0,12,0,0
horse_circle,l200,750,4272.134,0.243456,0.892364,0.866207,0.918521,34,0.00004246,2,0.065330,0.065662,0.064999,0.935642,0.933590,0.937694,0.950654,0.923084,0.978223,0.018029,0.027307,0.070268,0.018861,0.000000,26,0,12,0,0
horse_circle,l200,775,4316.887,0.238042,0.895659,0.872726,0.918593,34,0.00004424,1,0.064188,0.063244,0.065131,0.936890,0.936192,0.937587,0.953171,0.927920,0.978422,0.017336,0.027778,0.065240,0.018761,0.000000,26,0,12,0,0
horse_circle,l200,800,4597.538,0.234867,0.898387,0.877239,0.919535,37,0.00005873,2,0.064858,0.064453,0.065263,0.936484,0.935433,0.937536,0.956664,0.933780,0.979547,0.017707,0.028192,0.059407,0.017916,0.000000,29,0,12,0,0
horse_circle,l200,825,4646.104,0.231439,0.900354,0.881351,0.919357,37,0.00017046,3,0.065740,0.065290,0.066190,0.935863,0.934982,0.936745,0.959552,0.938895,0.980209,0.017934,0.028557,0.053948,0.017112,0.000000,29,0,12,0,0
horse_circle,l200,850,4951.076,0.223995,0.903260,0.884756,0.921764,36,0.00019955,3,0.063953,0.065290,0.062616,0.937565,0.935216,0.939914,0.961002,0.942522,0.979481,0.017954,0.026949,0.051279,0.017834,0.000000,29,0,13,0,0
horse_circle,l200,875,4997.776,0.208745,0.907139,0.881590,0.932687,36,0.00015832,3,0.060088,0.069010,0.051165,0.941086,0.931770,0.950401,0.961419,0.942429,0.980408,0.019012,0.021974,0.050884,0.016988,0.000000,29,0,13,0,0
horse_circle,l200,900,5302.317,0.180284,0.917672,0.886820,0.948523,38,0.00005560,2,0.054557,0.074033,0.035081,0.946690,0.927879,0.965502,0.967136,0.952474,0.981798,0.020489,0.015319,0.041617,0.015424,0.000000,32,0,14,0,1
horse_circle,l200,925,5352.268,0.168997,0.920523,0.886652,0.954393,38,0.00009443,2,0.052768,0.076544,0.028991,0.948544,0.925762,0.971326,0.968291,0.954520,0.982062,0.020962,0.012458,0.038979,0.015042,0.000000,32,0,14,0,1
horse_circle,l200,950,5640.218,0.175826,0.918924,0.887230,0.950617,37,0.00013820,2,0.056344,0.077939,0.034750,0.945263,0.924647,0.965878,0.970016,0.956380,0.983651,0.021264,0.014814,0.037136,0.013807,0.000000,32,0,15,0,1
horse_circle,l200,975,5688.569,0.169603,0.921285,0.889678,0.952891,37,0.00013245,1,0.052252,0.073196,0.031308,0.948961,0.928798,0.969125,0.968762,0.954799,0.982724,0.019899,0.013542,0.039894,0.014685,0.000000,32,0,15,0,1
horse_circle,l200,1000,5997.006,0.166282,0.922547,0.889552,0.955541,37,0.00018353,2,0.052373,0.074498,0.030249,0.948942,0.927695,0.970189,0.970134,0.955822,0.984445,0.020433,0.013016,0.038064,0.012758,0.000000,32,0,15,0,1
horse_circle,l200,1025,6045.729,0.162182,0.925138,0.893924,0.956351,37,0.00017928,1,0.051302,0.071429,0.031176,0.949977,0.930598,0.969356,0.971971,0.957775,0.986166,0.019612,0.013429,0.036305,0.011591,0.000000,32,0,15,0,1
horse_circle,l200,1050,6334.018,0.155106,0.928182,0.902595,0.953770,38,0.00022025,0,0.048470,0.064639,0.032301,0.952604,0.936973,0.968235,0.972758,0.960938,0.984578,0.017796,0.013759,0.033176,0.012774,0.000000,33,0,15,0,1
horse_circle,l200,1075,6383.725,0.144388,0.933000,0.907767,0.958234,38,0.00012342,1,0.045754,0.059803,0.031705,0.955201,0.941476,0.968926,0.975334,0.962054,0.988615,0.016311,0.013577,0.031647,0.009139,0.000000,33,0,15,0,1
horse_circle,l200,1100,6694.300,0.147154,0.932305,0.908069,0.956541,38,0.00016295,1,0.045938,0.059245,0.032632,0.955000,0.941980,0.968020,0.974811,0.961868,0.987755,0.016239,0.014064,0.032160,0.010007,0.000000,33,0,15,1,1
horse_circle,l200,1125,6743.709,0.147500,0.932671,0.912480,0.952861,38,0.00022991,1,0.046454,0.055246,0.037662,0.954523,0.945739,0.963307,0.975819,0.962891,0.988748,0.015193,0.015720,0.030960,0.009098,0.000000,33,0,15,1,1
horse_circle,l200,1150,7191.549,0.133436,0.936024,0.910922,0.961127,35,0.00029410,1,0.037505,0.048270,0.026741,0.962750,0.951882,0.973617,0.970860,0.954892,0.986828,0.013315,0.011381,0.038793,0.010459,0.000000,33,0,18,1,1
horse_circle,l200,1175,7236.889,0.133345,0.938016,0.915840,0.960193,35,0.00027663,0,0.039554,0.049851,0.029256,0.960978,0.950708,0.971248,0.974890,0.961496,0.988284,0.013646,0.012943,0.032575,0.009017,0.000000,33,0,18,1,1
horse_circle,l200,1200,7637.339,0.225131,0.889552,0.864012,0.915091,32,0.00008099,0,0.039653,0.046410,0.032896,0.958770,0.951174,0.966367,0.924653,0.904111,0.945195,0.012953,0.014232,0.089419,0.051923,0.000000,33,0,21,1,1
horse_circle,l200,1225,7678.119,0.179640,0.915104,0.894047,0.936161,32,0.00014200,0,0.043856,0.049851,0.037861,0.956031,0.949567,0.962494,0.955110,0.938616,0.971604,0.013757,0.016137,0.054444,0.025471,0.000000,33,0,21,1,1
horse_circle,l200,1250,8062.431,0.178311,0.915933,0.895479,0.936387,29,0.00007389,1,0.043252,0.049107,0.037397,0.956627,0.950325,0.962929,0.955430,0.939453,0.971406,0.013493,0.016047,0.053867,0.026040,0.000000,33,0,24,1,1
horse_circle,l200,1275,8100.388,0.161891,0.924778,0.906002,0.943554,29,0.00017709,2,0.045180,0.053757,0.036603,0.955310,0.946694,0.963927,0.966399,0.954706,0.978091,0.014612,0.015692,0.039440,0.019085,0.000000,33,0,24,1,1
horse_circle,l200,1300,8454.633,0.170694,0.917722,0.887948,0.947497,26,0.00007507,1,0.043314,0.054129,0.032499,0.956590,0.945332,0.967848,0.957151,0.936012,0.978290,0.014488,0.013746,0.057890,0.018776,0.000000,33,0,27,1,1
horse_circle,l200,1325,8488.558,0.170183,0.920639,0.894328,0.946951,26,0.00010741,2,0.044126,0.052641,0.035610,0.956002,0.947043,0.964960,0.961039,0.941406,0.980672,0.014589,0.015317,0.052666,0.016719,0.000000,33,0,27,1,1
horse_circle,l200,1350,8802.988,0.194274,0.907333,0.881958,0.932708,25,0.00004567,2,0.044688,0.052641,0.036736,0.954870,0.946341,0.963400,0.947678,0.928385,0.966971,0.014481,0.015734,0.064389,0.030577,0.000000,33,0,28,1,1
horse_circle,l200,1375,8835.437,0.189573,0.912985,0.895604,0.930367,25,0.00005557,3,0.050658,0.055711,0.045605,0.949788,0.944357,0.955219,0.959147,0.945499,0.972796,0.015026,0.019855,0.047421,0.023649,0.000000,33,0,28,1,1
horse_circle,l200,1400,9135.622,0.206297,0.905809,0.887131,0.924488,22,0.00008147,2,0.051188,0.052269,0.050106,0.948948,0.946976,0.950921,0.952155,0.933501,0.970810,0.014148,0.021696,0.059127,0.026652,0.000000,33,0,31,1,1
horse_circle,l200,1425,9163.441,0.206820,0.907409,0.884680,0.930137,22,0.00004124,1,0.053206,0.055711,0.050702,0.947194,0.943708,0.950679,0.955631,0.933966,0.977297,0.015599,0.022066,0.059255,0.019850,0.000000,33,0,31,1,1
horse_circle,l200,1450,9423.473,0.210848,0.905709,0.877065,0.934353,22,0.00005230,0,0.055018,0.058408,0.051628,0.945442,0.940805,0.950080,0.955442,0.928292,0.982592,0.016163,0.022324,0.065351,0.014939,0.000000,33,0,31,1,1
horse_circle,l200,1475,9451.525,0.199661,0.911572,0.889592,0.933551,22,0.00003846,1,0.055461,0.058036,0.052886,0.945432,0.941921,0.948942,0.962072,0.941220,0.982923,0.015853,0.022854,0.052182,0.014808,0.000000,33,0,31,1,1
horse_circle,l200,1500,9710.961,0.209356,0.903687,0.864420,0.942953,19,0.00002631,1,0.051256,0.057106,0.045406,0.948574,0.941182,0.955966,0.949776,0.913783,0.985769,0.015701,0.019562,0.079149,0.012393,0.000000,33,0,34,1,1
horse_circle,l200,1525,9735.098,0.190387,0.912004,0.875900,0.948108,19,0.00030885,3,0.049903,0.058966,0.040839,0.950244,0.940228,0.960260,0.957188,0.927548,0.986828,0.016133,0.017645,0.065070,0.011121,0.000000,33,0,34,1,1
horse_circle,l200,1550,9958.219,0.194231,0.912151,0.877008,0.947295,18,0.00006368,2,0.053919,0.065476,0.042362,0.946691,0.934518,0.958864,0.960927,0.934431,0.987424,0.018061,0.018481,0.058975,0.010621,0.000000,33,0,35,1,1
horse_circle,l200,1575,9980.945,0.183600,0.917176,0.885927,0.948425,18,0.00021170,3,0.051415,0.060733,0.042097,0.949221,0.939295,0.959147,0.964041,0.939732,0.988351,0.016716,0.018426,0.053853,0.009415,0.000000,33,0,35,1,1
horse_circle,l200,1600,10191.994,0.170791,0.918758,0.880063,0.957452,15,0.00003093,3,0.045339,0.060826,0.029852,0.954724,0.938833,0.970615,0.959814,0.933594,0.986034,0.016913,0.012926,0.058898,0.011491,0.000000,33,0,38,1,1
horse_circle,l200,1625,10211.029,0.166464,0.921473,0.886515,0.956430,15,0.00022003,2,0.044771,0.058036,0.031506,0.955392,0.941731,0.969053,0.962264,0.937965,0.986563,0.016069,0.013733,0.054589,0.010994,0.000000,33,0,38,1,1
horse_circle,l200,1650,10386.742,0.219109,0.894937,0.877813,0.912060,13,0.00013731,2,0.049916,0.066406,0.033426,0.949756,0.933760,0.965751,0.939326,0.936105,0.942547,0.018337,0.014464,0.057436,0.054705,0.000000,33,0,40,1,1
horse_circle,l200,1675,10403.109,0.200365,0.903957,0.884240,0.923673,13,0.00011769,2,0.045910,0.058129,0.033691,0.953712,0.941507,0.965917,0.945216,0.935640,0.954792,0.015953,0.014784,0.057301,0.042291,0.000000,33,0,40,1,1
horse_circle,l200,1700,10553.900,0.171622,0.915005,0.889586,0.940424,12,0.00014258,1,0.038639,0.052920,0.024358,0.960930,0.946523,0.975338,0.949997,0.936663,0.963331,0.014615,0.010504,0.056128,0.033979,0.000000,33,0,41,1,1
horse_circle,l200,1725,10569.512,0.163335,0.918387,0.889746,0.947028,12,0.00021455,1,0.036586,0.048549,0.024623,0.962894,0.950535,0.975253,0.951645,0.932943,0.970347,0.013103,0.010711,0.058798,0.027264,0.000000,33,0,41,1,1
horse_circle,l200,1750,10713.118,0.181499,0.908474,0.867866,0.949082,11,0.00000255,1,0.036919,0.049479,0.024358,0.962016,0.948475,0.975558,0.941504,0.910807,0.972200,0.013500,0.010504,0.080442,0.025207,0.000000,33,0,42,1,1
horse_circle,l200,1775,10727.792,0.178800,0.911537,0.870899,0.952175,11,0.00010160,1,0.037235,0.048921,0.025549,0.961836,0.949169,0.974503,0.945003,0.913504,0.976503,0.013620,0.011291,0.077878,0.021067,0.000000,33,0,42,1,1
horse_circle,l200,1800,10857.099,0.177377,0.912094,0.872227,0.951960,11,0.00002211,1,0.037327,0.048177,0.026476,0.961781,0.949942,0.973620,0.945706,0.914249,0.977164,0.013351,0.011490,0.077378,0.020324,0.000000,33,0,42,1,1
horse_circle,l200,1825,10871.317,0.183284,0.910936,0.866322,0.955550,11,0.00000875,1,0.044240,0.061012,0.027469,0.955269,0.937755,0.972783,0.950488,0.919178,0.981798,0.016767,0.011752,0.073715,0.015851,0.000000,33,0,42,1,1
horse_circle,l200,1850,10997.855,0.199771,0.905758,0.851845,0.959670,11,0.00000566,1,0.050439,0.073475,0.027403,0.949292,0.925626,0.972959,0.950201,0.914435,0.985968,0.020624,0.012222,0.078876,0.011704,0.000000,33,0,42,1,1
horse_circle,l200,1875,11011.880,0.222747,0.895640,0.831530,0.959750,11,0.00000277,0,0.059612,0.091425,0.027800,0.940536,0.908482,0.972590,0.946992,0.907552,0.986431,0.025399,0.012345,0.085294,0.011226,0.000000,33,0,42,1,1
horse_circle,l200,1900,11140.512,0.235481,0.889593,0.820274,0.958912,11,0.00000010,0,0.064266,0.099144,0.029388,0.936009,0.900929,0.971088,0.944346,0.901600,0.987093,0.027674,0.012318,0.090918,0.010759,0.000000,33,0,42,1,1
horse_circle,l200,1925,11154.650,0.238215,0.886884,0.812311,0.961457,11,0.00000872,0,0.065739,0.104539,0.026939,0.934543,0.895646,0.973440,0.942293,0.897228,0.987358,0.028892,0.010837,0.095143,0.010618,0.000000,33,0,42,1,1
horse_circle,l200,1950,11285.830,0.236367,0.888512,0.808911,0.968112,11,0.00000074,0,0.063776,0.106306,0.021247,0.936392,0.893823,0.978962,0.941792,0.894903,0.988681,0.029488,0.009457,0.097693,0.009157,0.000000,33,0,42,1,1
horse_circle,l200,1975,11299.957,0.227840,0.889725,0.814759,0.964691,11,0.00000102,0,0.063490,0.101562,0.025417,0.936646,0.898343,0.974949,0.943359,0.897507,0.989211,0.028069,0.009386,0.094702,0.008635,0.000000,33,0,42,1,1
horse_circle,l200,2000,11430.049,0.212116,0.896729,0.826912,0.966546,11,0.00000653,0,0.059179,0.093471,0.024887,0.940902,0.906311,0.975492,0.947402,0.904204,0.990601,0.025790,0.009001,0.089184,0.007330,0.000000,33,0,42,1,1
horse_circle,l200,2025,11444.209,0.203900,0.900018,0.834118,0.965918,11,0.00003439,0,0.056282,0.087147,0.025417,0.943652,0.912323,0.974980,0.948638,0.906808,0.990469,0.024116,0.009186,0.085959,0.007363,0.000000,33,0,42,1,1
horse_circle,l200,2050,11575.143,0.199876,0.901698,0.837144,0.966252,11,0.00000949,0,0.055982,0.086217,0.025748,0.944038,0.913397,0.974679,0.950225,0.909319,0.991131,0.023781,0.009303,0.083301,0.006439,0.000000,33,0,42,1,1
horse_circle,l200,2075,11589.240,0.191600,0.905337,0.844242,0.966432,11,0.00000980,0,0.053366,0.081380,0.025351,0.946605,0.918155,0.975055,0.951939,0.912946,0.990932,0.022548,0.009098,0.079491,0.006809,0.000000,33,0,42,1,1
horse_circle,l200,2100,11722.572,0.181133,0.909747,0.851200,0.968294,11,0.00001905,1,0.049108,0.073196,0.025020,0.950615,0.925818,0.975411,0.953012,0.913504,0.992521,0.020187,0.009091,0.078675,0.005457,0.000000,33,0,42,1,1
horse_circle,l200,2125,11737.302,0.170098,0.916503,0.860808,0.972197,11,0.00002374,1,0.043534,0.065755,0.021313,0.956052,0.933119,0.978986,0.955164,0.917411,0.992918,0.017824,0.009311,0.075520,0.004919,0.000000,33,0,42,1,1
horse_circle,l2000,1,2.155,1.660304,0.161737,0.165288,0.158186,20,0.00000000,0,0.077283,0.090495,0.064072,0.695023,0.665751,0.724295,0.174283,0.180246,0.168321,0.024734,0.027956,0.805480,0.828545,0.000000,0,0,0,0,0
horse_circle,l2000,25,42.497,1.327623,0.294239,0.305173,0.283305,20,0.00000000,0,0.041017,0.053571,0.028462,0.884094,0.857178,0.911010,0.306445,0.321522,0.291369,0.014339,0.012149,0.664168,0.705017,0.000000,0,0,0,0,0
horse_circle,l2000,50,315.742,1.038248,0.442607,0.441676,0.443538,23,0.00000000,0,0.032065,0.041295,0.022836,0.934843,0.917610,0.952077,0.456791,0.459914,0.453667,0.011134,0.009742,0.526967,0.543135,0.000000,3,0,0,0,0
horse_circle,l2000,75,364.741,0.818036,0.559402,0.547589,0.571215,23,0.00007650,1,0.031656,0.045573,0.017739,0.948331,0.926271,0.970390,0.576946,0.572545,0.581348,0.012150,0.007692,0.414179,0.415323,0.000000,3,0,0,0,0
horse_circle,l2000,100,667.870,0.687577,0.631269,0.625309,0.637229,25,0.00073486,1,0.034385,0.053943,0.014827,0.950964,0.924341,0.977587,0.652859,0.659040,0.646677,0.014473,0.006363,0.330082,0.349979,0.000000,6,0,1,0,0
horse_circle,l2000,125,721.002,0.594165,0.681480,0.671199,0.691760,25,0.00138644,4,0.033576,0.053385,0.013768,0.955270,0.929795,0.980746,0.704158,0.707031,0.701284,0.014486,0.005990,0.282033,0.295170,0.000000,6,0,1,0,0
horse_circle,l2000,150,1060.228,0.528741,0.715706,0.700627,0.730784,28,0.00129992,3,0.032628,0.052548,0.012708,0.958300,0.933482,0.983118,0.738758,0.737444,0.740071,0.014118,0.005348,0.252144,0.256471,0.000000,9,0,1,0,0
horse_circle,l2000,175,1119.018,0.458586,0.756788,0.737752,0.775823,28,0.00112473,4,0.037512,0.059338,0.015687,0.954957,0.929433,0.980481,0.784761,0.781529,0.787993,0.015937,0.006724,0.208633,0.209388,0.000000,9,0,1,0,0
horse_circle,l2000,200,1494.608,0.408165,0.787871,0.771543,0.804199,31,0.00053260,1,0.044504,0.067429,0.021578,0.949364,0.924322,0.974407,0.822560,0.823568,0.821551,0.018309,0.009129,0.167861,0.175491,0.000000,12,0,1,0,0
horse_circle,l2000,225,1559.551,0.370436,0.806987,0.804998,0.808976,31,0.00021485,1,0.042148,0.060733,0.023564,0.952964,0.933598,0.972330,0.840963,0.853888,0.828038,0.016334,0.010115,0.136844,0.168790,0.000000,12,0,1,0,0
horse_circle,l2000,250,1978.302,0.343504,0.821938,0.824524,0.819351,34,0.00019621,3,0.042599,0.061105,0.024093,0.953403,0.934718,0.972088,0.856999,0.874907,0.839092,0.016744,0.010015,0.116187,0.158298,0.000000,15,0,1,0,0
horse_circle,l2000,275,2049.766,0.322110,0.832143,0.831751,0.832535,34,0.00020598,3,0.040072,0.058036,0.022107,0.956405,0.938132,0.974678,0.865481,0.880022,0.850940,0.015674,0.009508,0.110522,0.146491,0.000000,15,0,1,0,0
horse_circle,l2000,300,2505.190,0.319750,0.835090,0.823633,0.846546,36,0.00012881,3,0.041927,0.059431,0.024424,0.954421,0.936234,0.972608,0.869902,0.872582,0.867223,0.016022,0.010681,0.118116,0.130249,0.000000,18,0,2,0,0
horse_circle,l2000,325,2580.814,0.304322,0.842420,0.812193,0.872647,36,0.00008832,2,0.041072,0.058780,0.023365,0.955261,0.936019,0.974503,0.876485,0.859933,0.893037,0.015855,0.009910,0.130190,0.104814,0.000000,18,0,2,0,0
horse_circle,l2000,350,3061.818,0.304750,0.841415,0.793495,0.889335,38,0.00001551,2,0.039462,0.057943,0.020982,0.956424,0.935434,0.977414,0.873734,0.839472,0.907996,0.015511,0.008987,0.150780,0.089826,0.000000,21,0,3,0,0
horse_circle,l2000,375,3142.344,0.283338,0.854402,0.803073,0.905731,38,0.00001074,1,0.041881,0.059338,0.024424,0.954575,0.934798,0.974352,0.889289,0.850725,0.927853,0.016108,0.010203,0.139294,0.070274,0.000000,21,0,3,0,0
horse_circle,l2000,400,3666.932,0.252067,0.871583,0.828456,0.914710,41,0.00000795,3,0.040503,0.055060,0.025947,0.956918,0.940741,0.973095,0.906257,0.874070,0.938443,0.014740,0.011321,0.116400,0.059427,0.000000,24,0,3,0,0
horse_circle,l2000,425,3753.834,0.235404,0.882079,0.835545,0.928613,41,0.00001068,2,0.048411,0.072266,0.024557,0.950100,0.925360,0.974839,0.923671,0.895926,0.951416,0.019580,0.010584,0.094385,0.046513,0.000000,24,0,3,0,0
horse_circle,l2000,450,4322.376,0.220879,0.890919,0.844431,0.937407,44,0.00001721,2,0.050105,0.075521,0.024689,0.949085,0.923230,0.974941,0.934377,0.908203,0.960551,0.020604,0.010658,0.083116,0.037244,0.000000,27,0,3,0,0
horse_circle,l2000,475,4416.034,0.216577,0.894003,0.852258,0.935748,44,0.00000848,1,0.051061,0.077102,0.025020,0.948547,0.922516,0.974578,0.938565,0.917969,0.959161,0.021075,0.010929,0.074115,0.038502,0.000000,27,0,3,0,0
horse_circle,l2000,500,5025.199,0.212228,0.896982,0.854770,0.939193,46,0.00006710,2,0.050859,0.075242,0.026476,0.948800,0.924329,0.973271,0.941572,0.919085,0.964059,0.020635,0.011688,0.072868,0.033598,0.000000,29,0,3,0,0
horse_circle,l2000,525,5121.985,0.199581,0.901697,0.859122,0.944272,46,0.00008395,1,0.050169,0.074126,0.026211,0.949655,0.925646,0.973663,0.945914,0.922805,0.969023,0.019911,0.011051,0.069383,0.028459,0.000000,29,0,3,0,0
horse_circle,l2000,550,5696.796,0.194803,0.904336,0.858555,0.950116,44,0.00002523,3,0.048405,0.072452,0.024358,0.951318,0.927053,0.975584,0.947009,0.920759,0.973259,0.019392,0.010873,0.070853,0.024518,0.000000,29,0,5,0,0
horse_circle,l2000,575,5787.652,0.198341,0.904139,0.859652,0.948626,44,0.00001100,2,0.051500,0.074870,0.028131,0.948506,0.925047,0.971966,0.949663,0.924014,0.975311,0.020176,0.012456,0.067479,0.022362,0.000000,29,0,5,0,0
horse_circle,l2000,600,6381.920,0.188848,0.909674,0.868708,0.950640,47,0.00001473,1,0.051931,0.075335,0.028528,0.948512,0.925373,0.971650,0.955956,0.934152,0.977760,0.020408,0.012496,0.058154,0.020052,0.000000,32,0,5,0,0
horse_circle,l2000,625,6479.782,0.171368,0.917950,0.877610,0.958290,47,0.00000886,2,0.045690,0.064639,0.026741,0.954418,0.935295,0.973541,0.959127,0.934338,0.983916,0.017915,0.011557,0.058261,0.014252,0.000000,32,0,5,0,1
horse_circle,l2000,650,7100.558,0.154761,0.925709,0.889964,0.961454,46,0.00000257,2,0.041268,0.057385,0.025152,0.958820,0.942524,0.975116,0.963335,0.941034,0.985637,0.016025,0.011008,0.051375,0.012449,0.000000,32,0,6,0,1
horse_circle,l2000,675,7197.163,0.148647,0.927911,0.893849,0.961973,46,0.00000511,2,0.036558,0.047898,0.025218,0.963209,0.951351,0.975067,0.961448,0.936663,0.986232,0.013367,0.011124,0.055076,0.012118,0.000000,32,0,6,0,1
horse_circle,l2000,700,7824.179,0.147149,0.927207,0.890236,0.964177,46,0.00000852,1,0.036232,0.050688,0.021777,0.963484,0.948595,0.978374,0.960267,0.935361,0.985173,0.013824,0.009813,0.056113,0.012832,0.000000,32,0,6,0,1
horse_circle,l2000,725,7919.952,0.148397,0.927199,0.893068,0.961330,46,0.00000486,2,0.038428,0.053292,0.023564,0.961498,0.946383,0.976613,0.962322,0.940662,0.983982,0.014354,0.010453,0.051801,0.013855,0.000000,32,0,6,0,1
horse_circle,l2000,750,8511.156,0.142231,0.929242,0.897045,0.961439,46,0.00000349,1,0.037768,0.054222,0.021313,0.962264,0.945772,0.978756,0.963807,0.945685,0.981930,0.014737,0.009176,0.046533,0.015849,0.000000,32,0,6,0,1
horse_circle,l2000,775,8605.903,0.144135,0.929526,0.898289,0.960764,46,0.00001806,0,0.038311,0.054315,0.022306,0.961777,0.945760,0.977794,0.964637,0.947080,0.982195,0.014813,0.009949,0.045179,0.015911,0.000000,32,0,6,0,1
horse_circle,l2000,800,9216.729,0.148791,0.926890,0.896115,0.957664,46,0.00002150,3,0.040363,0.058222,0.022505,0.959844,0.942155,0.977534,0.963752,0.948289,0.979216,0.015907,0.009631,0.044181,0.018976,0.000000,32,0,6,0,1
horse_circle,l2000,825,9313.364,0.148687,0.926677,0.892466,0.960889,46,0.00001721,2,0.039579,0.060361,0.018798,0.960600,0.940041,0.981160,0.962644,0.946336,0.978952,0.016895,0.008023,0.046587,0.018937,0.000000,32,0,6,0,1
horse_circle,l2000,850,9945.246,0.165175,0.919684,0.882470,0.956897,46,0.00008893,7,0.045171,0.070685,0.019658,0.955323,0.930397,0.980250,0.960278,0.944847,0.975708,0.019766,0.008520,0.048368,0.021947,0.000000,32,0,6,0,1
horse_circle,l2000,875,10041.748,0.177423,0.915282,0.878565,0.951998,46,0.00014325,6,0.053904,0.086031,0.021777,0.947698,0.917293,0.978103,0.963439,0.954148,0.972730,0.023969,0.009292,0.039235,0.024745,0.000000,32,0,6,0,1
horse_circle,l2000,900,10621.430,0.184053,0.913178,0.876826,0.949531,43,0.00019147,6,0.055894,0.088821,0.022968,0.945892,0.914884,0.976901,0.963023,0.954706,0.971340,0.024725,0.009966,0.039146,0.026445,0.000000,32,0,9,0,1
horse_circle,l2000,925,10711.838,0.184320,0.913405,0.876282,0.950528,43,0.00026162,7,0.055358,0.088542,0.022174,0.946374,0.915061,0.977687,0.962737,0.953869,0.971604,0.024631,0.009852,0.040292,0.026373,0.000000,32,0,9,0,1
horse_circle,l2000,950,11284.018,0.183122,0.914206,0.879014,0.949398,43,0.00050012,6,0.054559,0.086217,0.022902,0.947071,0.917180,0.976961,0.962970,0.954799,0.971141,0.024187,0.010230,0.038653,0.026757,0.000000,32,0,9,0,1
horse_circle,l2000,975,11374.487,0.179064,0.914632,0.879303,0.949961,43,0.00074491,7,0.053627,0.083426,0.023828,0.947783,0.919479,0.976086,0.962629,0.952660,0.972597,0.023100,0.010145,0.039938,0.025462,0.000000,32,0,9,0,1
horse_circle,l2000,1000,11955.334,0.179843,0.915808,0.880721,0.950895,42,0.00053901,7,0.053739,0.083054,0.024424,0.947722,0.919903,0.975540,0.963994,0.953869,0.974120,0.023161,0.010704,0.039891,0.024057,0.000000,32,0,10,0,1
horse_circle,l2000,1025,12043.622,0.171930,0.917936,0.885410,0.950462,42,0.00095068,7,0.049463,0.075428,0.023497,0.951507,0.926600,0.976415,0.962495,0.952195,0.972796,0.020869,0.010220,0.040924,0.025011,0.000000,32,0,10,0,1
horse_circle,l2000,1050,12551.321,0.171167,0.918153,0.885269,0.951038,42,0.00102410,5,0.045490,0.067615,0.023365,0.954896,0.933235,0.976556,0.959193,0.945126,0.973259,0.018444,0.010378,0.048648,0.025451,0.000000,32,0,10,0,1
horse_circle,l500,1,2.176,1.660304,0.161737,0.165288,0.158186,20,0.00000000,0,0.077283,0.090495,0.064072,0.695023,0.665751,0.724295,0.174283,0.180246,0.168321,0.024734,0.027956,0.805480,0.828545,0.000000,0,0,0,0,0
horse_circle,l500,25,43.379,1.327623,0.294239,0.305173,0.283305,20,0.00000000,0,0.041017,0.053571,0.028462,0.884094,0.857178,0.911010,0.306445,0.321522,0.291369,0.014339,0.012149,0.664168,0.705017,0.000000,0,0,0,0,0
horse_circle,l500,50,322.310,1.038696,0.442368,0.441586,0.443150,23,0.00000000,0,0.032065,0.041295,0.022836,0.934816,0.917595,0.952037,0.456546,0.459821,0.453270,0.011134,0.009742,0.527044,0.543556,0.000000,3,0,0,0,0
horse_circle,l500,75,372.375,0.817717,0.559294,0.548051,0.570537,23,0.00006680,2,0.031437,0.045201,0.017673,0.948662,0.926862,0.970461,0.576722,0.572824,0.580620,0.012119,0.007648,0.413659,0.415796,0.000000,3,0,0,0,0
horse_circle,l500,100,683.236,0.689473,0.630859,0.622733,0.638985,25,0.00067983,2,0.035495,0.056362,0.014628,0.949509,0.921083,0.977935,0.653082,0.657831,0.648332,0.015199,0.006279,0.331164,0.348478,0.000000,6,0,1,0,0
horse_circle,l500,125,737.683,0.595687,0.680175,0.669673,0.690677,25,0.00159472,4,0.033196,0.051897,0.014496,0.955557,0.931382,0.979732,0.702558,0.704427,0.700688,0.013954,0.006174,0.284274,0.295850,0.000000,6,0,1,0,0
horse_circle,l500,150,1068.808,0.530833,0.715579,0.697777,0.733381,27,0.00184629,6,0.033975,0.054315,0.013635,0.956617,0.931246,0.981988,0.739529,0.735677,0.743381,0.014572,0.005631,0.253760,0.253807,0.000000,8,1,2,0,0
horse_circle,l500,175,1126.620,0.490759,0.737789,0.712289,0.763288,27,0.00210588,3,0.035835,0.058036,0.013635,0.955590,0.928498,0.982682,0.763662,0.753627,0.773696,0.015503,0.005745,0.235541,0.223118,0.000000,8,1,2,0,0
horse_circle,l500,200,1470.967,0.452820,0.759188,0.730864,0.787512,28,0.00056392,1,0.038598,0.059524,0.017673,0.953522,0.928619,0.978424,0.787899,0.774368,0.801430,0.015905,0.007301,0.214656,0.195216,0.000000,11,1,4,0,0
horse_circle,l500,225,1529.544,0.427053,0.772257,0.729946,0.814569,28,0.00022576,3,0.036077,0.056269,0.015886,0.956574,0.931984,0.981165,0.799264,0.771019,0.827509,0.014973,0.006551,0.218817,0.169415,0.000000,11,1,4,0,0
horse_circle,l500,250,1875.860,0.395413,0.790514,0.748531,0.832498,28,0.00012114,5,0.038541,0.060733,0.016349,0.954994,0.928945,0.981044,0.820050,0.793992,0.846108,0.016362,0.006661,0.196055,0.151106,0.000000,14,1,7,0,0
horse_circle,l500,275,1934.900,0.378505,0.801216,0.764479,0.837953,28,0.00011329,3,0.040935,0.059896,0.021975,0.953074,0.931167,0.974981,0.833318,0.810268,0.856367,0.015939,0.009250,0.179268,0.140447,0.000000,14,1,7,0,0
horse_circle,l500,300,2320.655,0.365115,0.809102,0.767487,0.850718,31,0.00004904,4,0.042654,0.062407,0.022902,0.951631,0.928904,0.974357,0.842792,0.815383,0.870201,0.016534,0.009703,0.173728,0.126969,0.000000,17,1,7,0,0
horse_circle,l500,325,2387.006,0.341315,0.822042,0.790369,0.853714,31,0.00010841,3,0.041698,0.060361,0.023034,0.953560,0.932816,0.974304,0.855727,0.838077,0.873378,0.016154,0.009911,0.150705,0.124192,0.000000,17,1,7,0,0
horse_circle,l500,350,2809.983,0.327565,0.830516,0.805359,0.855673,34,0.00014321,0,0.044136,0.065569,0.022703,0.951865,0.929017,0.974712,0.866633,0.858166,0.875099,0.017903,0.009563,0.131579,0.122408,0.000000,19,2,7,0,0
horse_circle,l500,375,2882.514,0.307695,0.842411,0.814950,0.869871,34,0.00010304,0,0.045973,0.067522,0.024424,0.950649,0.927976,0.973323,0.880547,0.869978,0.891117,0.018532,0.010399,0.119410,0.106669,0.000000,19,2,7,0,0
horse_circle,l500,400,3309.091,0.279505,0.857452,0.830368,0.884536,34,0.00023351,2,0.045117,0.066406,0.023828,0.952301,0.930239,0.974363,0.895561,0.885510,0.905613,0.018389,0.010122,0.104593,0.091741,0.000000,22,2,10,0,0
horse_circle,l500,425,3381.489,0.256156,0.867382,0.853478,0.881287,34,0.00045667,1,0.038769,0.054967,0.022571,0.959016,0.942465,0.975566,0.900784,0.900391,0.901178,0.015096,0.009458,0.090180,0.095864,0.000000,22,2,10,0,0
horse_circle,l500,450,3839.180,0.231678,0.882640,0.870214,0.895066,37,0.00049599,3,0.040203,0.054129,0.026277,0.958234,0.944280,0.972189,0.917952,0.917318,0.918586,0.014487,0.011333,0.074927,0.078826,0.000000,25,2,10,0,0
horse_circle,l500,475,3918.243,0.192098,0.903587,0.879161,0.928013,37,0.00086340,5,0.037444,0.050595,0.024292,0.961574,0.948067,0.975081,0.937099,0.923642,0.950556,0.014106,0.010386,0.067641,0.047163,0.000000,25,2,10,0,0
horse_circle,l500,500,4423.254,0.180651,0.909684,0.884704,0.934663,39,0.00078314,6,0.036140,0.047061,0.025218,0.963005,0.951653,0.974357,0.942287,0.926339,0.958234,0.012921,0.010871,0.065550,0.039398,0.000000,28,2,11,0,0
horse_circle,l500,525,4506.979,0.163769,0.917142,0.896141,0.938142,39,0.00075289,6,0.031405,0.038783,0.024027,0.967802,0.960004,0.975600,0.945790,0.930897,0.960683,0.010725,0.010251,0.059864,0.037613,0.000000,28,2,11,0,1
horse_circle,l500,550,5025.683,0.162876,0.917467,0.891750,0.943183,39,0.00089673,4,0.033929,0.047340,0.020519,0.965443,0.951758,0.979127,0.948251,0.933966,0.962536,0.013076,0.008545,0.058567,0.035224,0.000000,30,2,13,0,1
horse_circle,l500,575,5109.873,0.143710,0.928027,0.906699,0.949355,39,0.00111626,3,0.031704,0.042690,0.020718,0.967932,0.956796,0.979068,0.957214,0.945406,0.969023,0.011941,0.008658,0.047528,0.028883,0.000000,30,2,13,0,1
horse_circle,l500,600,5650.616,0.140972,0.929490,0.910733,0.948246,39,0.00114953,2,0.030196,0.039807,0.020585,0.969416,0.959661,0.979172,0.957376,0.946987,0.967765,0.011092,0.008977,0.045288,0.030177,0.000000,30,2,13,0,1
horse_circle,l500,625,5734.734,0.135137,0.931636,0.915180,0.948092,39,0.00113022,2,0.028709,0.037295,0.020122,0.970909,0.962198,0.979619,0.958241,0.949312,0.967170,0.010579,0.008680,0.042015,0.030224,0.000000,30,2,13,0,1
horse_circle,l500,650,6274.647,0.130048,0.934678,0.916249,0.953108,39,0.00100790,3,0.029282,0.039435,0.019129,0.970464,0.960240,0.980687,0.961860,0.952381,0.971340,0.010914,0.008329,0.039979,0.026763,0.000000,30,2,13,1,1
horse_circle,l500,675,6357.724,0.131559,0.933787,0.917914,0.949659,39,0.00104655,3,0.029087,0.037853,0.020320,0.970622,0.961784,0.979459,0.960808,0.952660,0.968957,0.010679,0.008624,0.039866,0.028286,0.000000,30,2,13,1,1
horse_circle,l500,700,7101.334,0.142135,0.927976,0.905553,0.950399,36,0.00127004,5,0.030689,0.041853,0.019526,0.968885,0.957523,0.980246,0.956205,0.943452,0.968957,0.011553,0.008393,0.048415,0.028740,0.000000,30,2,16,1,1
horse_circle,l500,725,7178.630,0.134815,0.931733,0.910665,0.952801,36,0.00116988,3,0.030829,0.042132,0.019526,0.968894,0.957493,0.980295,0.960219,0.949033,0.971406,0.011744,0.008255,0.042802,0.026087,0.000000,30,2,16,1,1
horse_circle,l500,750,7902.332,0.153648,0.921483,0.901386,0.941581,33,0.00108210,3,0.030561,0.040272,0.020850,0.968795,0.958821,0.978769,0.949449,0.937686,0.961213,0.011147,0.008778,0.053835,0.036343,0.000000,30,2,19,1,1
horse_circle,l500,775,7973.751,0.143492,0.928347,0.914922,0.941771,33,0.00142579,4,0.030202,0.039621,0.020784,0.969425,0.960011,0.978838,0.956258,0.951172,0.961345,0.011119,0.008900,0.041849,0.036401,0.000000,30,2,19,1,1
horse_circle,l500,800,8645.304,0.187252,0.905608,0.875883,0.935332,30,0.00138685,2,0.033347,0.040086,0.026608,0.965444,0.957853,0.973036,0.935607,0.910993,0.960220,0.011016,0.011335,0.079965,0.037609,0.000000,30,2,22,1,1
horse_circle,l500,825,8710.150,0.154280,0.921918,0.903567,0.940268,30,0.00195498,3,0.029173,0.037760,0.020585,0.970144,0.961289,0.978999,0.948655,0.937686,0.959624,0.010440,0.008877,0.054689,0.037943,0.000000,30,2,22,1,1
horse_circle,l500,850,9314.804,0.200744,0.897865,0.851812,0.943919,27,0.00187813,3,0.032640,0.044364,0.020916,0.965628,0.952500,0.978756,0.926632,0.889602,0.963662,0.012106,0.009252,0.101715,0.034441,0.000000,30,2,25,1,1
horse_circle,l500,875,9372.466,0.179263,0.911916,0.881206,0.942626,27,0.00205178,6,0.038947,0.054594,0.023299,0.960464,0.944513,0.976415,0.946952,0.929315,0.964588,0.014844,0.010331,0.063069,0.033813,0.000000,30,2,25,1,1
horse_circle,l500,900,9901.057,0.198546,0.904637,0.874650,0.934625,27,0.00178402,7,0.046731,0.061756,0.031705,0.952907,0.937647,0.968166,0.946461,0.928664,0.964257,0.016802,0.013342,0.064234,0.034411,0.000000,30,2,25,1,1
horse_circle,l500,925,9959.469,0.183155,0.910075,0.880004,0.940147,27,0.00265471,6,0.040013,0.054874,0.025152,0.959377,0.944187,0.974567,0.946043,0.928292,0.963794,0.014954,0.010887,0.063709,0.034367,0.000000,30,2,25,1,1
horse_circle,l500,950,10501.691,0.198450,0.904395,0.867439,0.941351,27,0.00143658,7,0.047078,0.067150,0.027006,0.952595,0.932365,0.972825,0.946230,0.925688,0.966773,0.018335,0.011883,0.066641,0.031866,0.000000,30,2,25,1,1
horse_circle,l500,975,10559.957,0.194725,0.905635,0.868833,0.942438,27,0.00220435,5,0.047621,0.070685,0.024557,0.952290,0.929381,0.975199,0.947913,0.930246,0.965581,0.019458,0.010484,0.062258,0.032621,0.000000,30,2,25,1,1
horse_circle,l500,1000,11100.227,0.222800,0.893796,0.850987,0.936605,27,0.00165799,6,0.057117,0.087891,0.026344,0.943310,0.913295,0.973326,0.943530,0.925781,0.961279,0.024118,0.011224,0.067417,0.037481,0.000000,30,2,25,1,1
horse_circle,l500,1025,11158.325,0.218468,0.895468,0.856300,0.934635,27,0.00212642,6,0.055873,0.087984,0.023762,0.944739,0.913710,0.975768,0.944242,0.931641,0.956844,0.024433,0.010319,0.060990,0.041092,0.000000,30,2,25,1,1
horse_circle,l500,1050,11663.622,0.232447,0.890737,0.854250,0.927225,25,0.00197953,5,0.060880,0.093099,0.028660,0.940083,0.909338,0.970828,0.943790,0.933780,0.953799,0.025714,0.012293,0.059842,0.044867,0.000000,30,2,27,1,1
horse_circle,l500,1075,11716.961,0.222610,0.894671,0.862241,0.927102,25,0.00194470,5,0.056958,0.084263,0.029653,0.943596,0.917321,0.969872,0.944745,0.934896,0.954594,0.023245,0.012802,0.058798,0.042850,0.000000,30,2,27,1,1
horse_circle,l500,1100,12203.890,0.228229,0.893169,0.859845,0.926493,25,0.00199757,5,0.057245,0.081659,0.032830,0.943058,0.919287,0.966829,0.943485,0.930060,0.956910,0.022382,0.014277,0.063276,0.042122,0.000000,30,2,27,1,1
horse_circle,l500,1125,12255.961,0.223493,0.893718,0.864970,0.922466,25,0.00249755,5,0.052440,0.071057,0.033823,0.947256,0.928765,0.965748,0.940050,0.926432,0.953667,0.019610,0.014683,0.065645,0.043566,0.000000,30,2,27,1,1
horse_circle,l500,1150,12746.266,0.253915,0.882745,0.851223,0.914268,25,0.00188777,5,0.062743,0.083984,0.041501,0.937405,0.916574,0.958236,0.937461,0.922712,0.952211,0.023051,0.018041,0.070895,0.045396,0.000000,30,2,27,1,1
horse_circle,l500,1175,12798.944,0.250437,0.884955,0.855585,0.914324,25,0.00249964,3,0.060072,0.074870,0.045274,0.939744,0.924717,0.954771,0.937681,0.919643,0.955719,0.020524,0.019594,0.073225,0.042623,0.000000,30,2,27,1,1
horse_circle,l500,1200,13291.797,0.296937,0.867311,0.831549,0.903074,25,0.00180558,4,0.074689,0.094308,0.055070,0.925727,0.906094,0.945360,0.931388,0.909970,0.952806,0.026002,0.023750,0.083743,0.045775,0.000000,30,2,27,1,1
horse_circle,l500,1225,13344.393,0.292994,0.867785,0.836171,0.899398,25,0.00268905,2,0.068735,0.081473,0.055997,0.930837,0.917351,0.944324,0.927029,0.904297,0.949762,0.022459,0.024369,0.088297,0.047845,0.000000,30,2,27,1,1
horse_circle,l500,1250,13833.464,0.300519,0.864282,0.828488,0.900075,25,0.00229135,2,0.072162,0.087798,0.056526,0.927561,0.911228,0.943893,0.926090,0.901228,0.950953,0.024053,0.024399,0.091776,0.046545,0.000000,30,2,27,1,1
horse_circle,l500,1275,13885.871,0.277832,0.874056,0.846387,0.901725,25,0.00233093,2,0.064438,0.073475,0.055401,0.935085,0.925182,0.944988,0.930128,0.908575,0.951681,0.020424,0.023815,0.084204,0.045732,0.000000,30,2,27,1,1
horse_circle,l500,1300,14377.027,0.274339,0.876320,0.847205,0.905435,25,0.00213633,2,0.064189,0.074963,0.053415,0.935458,0.923948,0.946967,0.932257,0.910714,0.953799,0.020793,0.023281,0.082463,0.044401,0.000000,30,2,27,1,1
horse_circle,l500,1325,14429.756,0.278501,0.875389,0.851335,0.899443,25,0.00233611,2,0.065681,0.072917,0.058446,0.934116,0.926073,0.942159,0.932712,0.913411,0.952012,0.020085,0.025331,0.080054,0.045908,0.000000,30,2,27,1,1
horse_circle,l500,1350,14918.507,0.301483,0.865568,0.833063,0.898072,25,0.00177620,3,0.075701,0.090309,0.061093,0.924659,0.909565,0.939752,0.930617,0.908296,0.952939,0.024670,0.026268,0.084399,0.045450,0.000000,30,2,27,1,1
horse_circle,l500,1375,14971.173,0.281721,0.873364,0.848055,0.898673,25,0.00259521,3,0.066832,0.076079,0.057585,0.932960,0.923048,0.942872,0.931499,0.912574,0.950424,0.020941,0.024827,0.080208,0.047723,0.000000,30,2,27,1,1
horse_circle,l500,1400,15461.846,0.271578,0.873973,0.834014,0.913931,25,0.00171485,2,0.066850,0.093192,0.040508,0.933204,0.907265,0.959143,0.931345,0.911737,0.950953,0.025568,0.017139,0.081895,0.047696,0.000000,30,2,27,1,1
horse_circle,l500,1425,15514.378,0.243440,0.884692,0.849337,0.920046,25,0.00220991,2,0.057038,0.080915,0.033161,0.942646,0.919002,0.966290,0.934309,0.918062,0.950556,0.022245,0.014496,0.074848,0.046957,0.000000,30,2,27,1,1
horse_circle,l500,1450,16003.690,0.255369,0.882909,0.853581,0.912237,25,0.00190479,2,0.063930,0.085565,0.042295,0.936438,0.915464,0.957411,0.938720,0.926618,0.950821,0.023806,0.017953,0.067634,0.047591,0.000000,30,2,27,1,1
horse_circle,l500,1475,16055.938,0.243954,0.885331,0.850422,0.920241,25,0.00204327,3,0.061803,0.091239,0.032367,0.938769,0.910485,0.967053,0.939020,0.928013,0.950026,0.025207,0.013909,0.065576,0.047429,0.000000,30,2,27,1,1
horse_circle,l500,1500,16530.159,0.253949,0.881223,0.841628,0.920819,24,0.00166172,4,0.065944,0.097005,0.034882,0.934805,0.904923,0.964688,0.938104,0.923270,0.952939,0.026704,0.014622,0.069756,0.045814,0.000000,30,2,28,1,1
horse_circle,l500,1525,16580.637,0.237889,0.886464,0.853400,0.919527,24,0.00183150,4,0.059861,0.089937,0.029786,0.940669,0.911834,0.969504,0.938534,0.930153,0.946916,0.024931,0.012434,0.062950,0.050487,0.000000,30,2,28,1,1
horse_circle,l500,1550,17053.479,0.244192,0.886317,0.850601,0.922032,24,0.00179847,3,0.061921,0.090681,0.033161,0.938659,0.910959,0.966360,0.940171,0.927734,0.952608,0.025218,0.014528,0.065430,0.045512,0.000000,30,2,28,1,1
horse_circle,l500,1575,17104.438,0.234007,0.889354,0.857448,0.921261,24,0.00215791,4,0.058594,0.088263,0.028925,0.941987,0.913586,0.970389,0.940519,0.933129,0.947908,0.024478,0.012572,0.060718,0.049411,0.000000,30,2,28,1,1
horse_circle,l500,1600,17565.705,0.243824,0.886029,0.857301,0.914757,24,0.00167824,4,0.062670,0.091053,0.034286,0.938159,0.911290,0.965028,0.940741,0.935361,0.946121,0.025135,0.014696,0.058299,0.051988,0.000000,30,2,28,1,1
horse_circle,l500,1625,17616.353,0.232210,0.889270,0.862275,0.916265,24,0.00192727,3,0.058612,0.087240,0.029984,0.942037,0.914867,0.969207,0.940619,0.937500,0.943738,0.024294,0.012186,0.056977,0.053617,0.000000,30,2,28,1,1
horse_circle,l500,1650,18070.169,0.248690,0.884202,0.851386,0.917018,23,0.00181748,5,0.068479,0.100818,0.036140,0.933117,0.902876,0.963358,0.943690,0.937221,0.950159,0.028064,0.014533,0.056519,0.048005,0.000000,30,2,29,1,1
horse_circle,l500,1675,18117.672,0.224433,0.894539,0.857204,0.931875,23,0.00164084,3,0.060919,0.092913,0.028925,0.940244,0.909772,0.970716,0.947839,0.936849,0.958830,0.025944,0.012187,0.056487,0.039084,0.000000,30,2,29,1,1
horse_circle,l500,1700,18562.758,0.234188,0.891225,0.855419,0.927031,23,0.00170003,3,0.064151,0.094215,0.034088,0.937106,0.908549,0.965662,0.947322,0.936012,0.958631,0.026132,0.014240,0.057408,0.039990,0.000000,30,2,29,1,1
horse_circle,l500,1725,18610.591,0.216347,0.897248,0.863314,0.931183,23,0.00172458,4,0.059684,0.087333,0.032036,0.941312,0.914884,0.967740,0.949862,0.938709,0.961014,0.024241,0.012615,0.054888,0.036736,0.000000,30,2,29,1,1
horse_circle,l500,1750,19060.762,0.222220,0.896503,0.863178,0.929828,23,0.00113266,2,0.061181,0.087612,0.034750,0.939892,0.914643,0.965142,0.950471,0.938802,0.962139,0.024604,0.014008,0.055347,0.036234,0.000000,30,2,29,1,1
horse_circle,l500,1775,19109.198,0.211317,0.899863,0.864930,0.934797,23,0.00168304,3,0.056761,0.085193,0.028329,0.944080,0.916788,0.971373,0.949947,0.938616,0.961279,0.023566,0.012007,0.055821,0.035376,0.000000,30,2,29,1,1
horse_circle,l500,1800,19557.729,0.216151,0.899069,0.861489,0.936650,23,0.00154661,1,0.060375,0.088449,0.032301,0.940739,0.913804,0.967674,0.952295,0.937686,0.966905,0.024823,0.012961,0.056364,0.031468,0.000000,30,2,29,1,1
horse_circle,l500,1825,19605.710,0.212479,0.900509,0.862725,0.938292,23,0.00178668,1,0.059392,0.090123,0.028660,0.941858,0.912553,0.971162,0.952830,0.940476,0.965184,0.024911,0.012080,0.054661,0.032076,0.000000,30,2,29,1,1
horse_circle,l500,1850,20048.091,0.233311,0.893772,0.854843,0.932700,23,0.00157795,1,0.068076,0.097563,0.038589,0.933750,0.905809,0.961690,0.953468,0.938244,0.968692,0.027093,0.016087,0.055461,0.029828,0.000000,30,2,29,1,1
horse_circle,l500,1875,20095.447,0.215616,0.898580,0.860243,0.936917,23,0.00193862,2,0.061025,0.092727,0.029322,0.940352,0.910213,0.970492,0.952200,0.940011,0.964390,0.025658,0.012106,0.054424,0.032586,0.000000,30,2,29,1,1
horse_circle,l500,1900,20532.810,0.234397,0.893671,0.853320,0.934022,23,0.00170320,3,0.068269,0.098214,0.038324,0.933562,0.905138,0.961985,0.953473,0.937128,0.969817,0.027408,0.016200,0.056290,0.028396,0.000000,30,2,29,1,1
horse_circle,l500,1925,20579.563,0.216254,0.899238,0.860099,0.938376,23,0.00207298,1,0.060627,0.092262,0.028991,0.940712,0.910574,0.970851,0.952517,0.939453,0.965581,0.025686,0.012498,0.054577,0.031356,0.000000,30,2,29,1,1
horse_circle,l500,1950,21016.927,0.247526,0.889569,0.852725,0.926414,23,0.00162304,2,0.072967,0.100725,0.045208,0.929241,0.903087,0.955394,0.953456,0.938616,0.968295,0.028170,0.018704,0.055648,0.030620,0.000000,30,2,29,1,1
horse_circle,l500,1975,21063.742,0.220795,0.897654,0.859147,0.936161,23,0.00280117,2,0.062880,0.094122,0.031639,0.938632,0.908985,0.968279,0.952895,0.940011,0.965780,0.026282,0.013244,0.053811,0.031233,0.000000,30,2,29,1,1
horse_circle,l500,2000,21509.293,0.251020,0.886496,0.842326,0.930666,23,0.00156011,2,0.073580,0.106585,0.040575,0.928586,0.897385,0.959787,0.950266,0.932106,0.968427,0.029609,0.016825,0.061697,0.030262,0.000000,30,2,29,1,1
horse_circle,l500,2025,21556.101,0.223669,0.896696,0.851761,0.941630,23,0.00242161,1,0.064120,0.098586,0.029653,0.937504,0.904685,0.970323,0.952643,0.935733,0.969553,0.027441,0.012740,0.058248,0.027667,0.000000,30,2,29,1,1
horse_circle,l500,2050,21996.891,0.230522,0.894039,0.847403,0.940675,23,0.00214317,2,0.069082,0.105004,0.033161,0.933087,0.899169,0.967005,0.954127,0.936384,0.971869,0.029192,0.013816,0.056757,0.025682,0.000000,30,2,29,1,1
horse_circle,l500,2075,22044.247,0.231563,0.893619,0.846781,0.940457,23,0.00233955,2,0.070204,0.106585,0.033823,0.932126,0.897870,0.966382,0.954651,0.937035,0.972266,0.029535,0.013767,0.056988,0.025277,0.000000,30,2,29,1,1
horse_circle,l500,2100,22490.122,0.241931,0.890073,0.836713,0.943433,23,0.00150007,1,0.073356,0.114676,0.032036,0.929326,0.890507,0.968145,0.953160,0.932664,0.973656,0.031705,0.013799,0.061190,0.024438,0.000000,30,2,29,1,1
horse_circle,l500,2125,22537.347,0.235712,0.893166,0.848403,0.937928,23,0.00237113,2,0.070032,0.106771,0.033294,0.932344,0.897901,0.966788,0.954072,0.938988,0.969155,0.029800,0.014361,0.054997,0.028415,0.000000,30,2,29,1,1
horse_circle,l500,2150,22981.799,0.274386,0.876979,0.826673,0.927285,23,0.00146027,2,0.084123,0.124163,0.044083,0.919295,0.882140,0.956451,0.948739,0.929315,0.968163,0.034335,0.018259,0.063714,0.029648,0.000000,30,2,29,1,1
horse_circle,l500,2175,23029.441,0.246634,0.889557,0.845401,0.933712,23,0.00343720,2,0.074907,0.112351,0.037464,0.928021,0.893277,0.962766,0.954538,0.940383,0.968692,0.031124,0.016130,0.053675,0.028672,0.000000,30,2,29,1,1
horse_circle,l500,2200,23473.291,0.297190,0.870161,0.814221,0.926102,23,0.00126312,2,0.092707,0.141927,0.043487,0.912254,0.867569,0.956938,0.948078,0.929781,0.966375,0.039392,0.018995,0.064573,0.031107,0.000000,30,2,29,1,1
horse_circle,l500,2225,23520.539,0.262704,0.883380,0.838852,0.927907,23,0.00302754,2,0.078624,0.117932,0.039317,0.924560,0.888292,0.960828,0.951084,0.937779,0.964390,0.032905,0.017236,0.055753,0.033221,0.000000,30,2,29,1,1
horse_circle,l500,2250,23965.892,0.277943,0.878694,0.833746,0.923641,23,0.00133149,2,0.086343,0.125558,0.047127,0.917765,0.881993,0.953537,0.952800,0.938430,0.967170,0.034776,0.020576,0.055824,0.030561,0.000000,30,2,29,1,1
horse_circle,l500,2275,24013.716,0.271904,0.874770,0.812484,0.937055,23,0.00116477,1,0.073032,0.114490,0.031573,0.928062,0.887754,0.968371,0.936073,0.905506,0.966640,0.031726,0.013977,0.087839,0.030560,0.000000,30,2,29,1,1
horse_circle,l500,2300,24458.215,0.312204,0.857475,0.774786,0.940164,23,0.00088650,1,0.081875,0.129464,0.034286,0.918532,0.871123,0.965941,0.923746,0.875093,0.972399,0.035952,0.014197,0.119261,0.026351,0.000000,30,2,29,1,1
horse_circle,l500,2325,24506.018,0.331229,0.847848,0.751685,0.944011,23,0.00117350,2,0.085757,0.145368,0.026145,0.914632,0.855545,0.973719,0.914824,0.860956,0.968692,0.040395,0.010965,0.133300,0.028380,0.000000,30,2,29,1,1
horse_circle,l500,2350,24950.625,0.376422,0.834290,0.738577,0.930003,23,0.00082471,1,0.103123,0.162295,0.043950,0.898847,0.841002,0.956692,0.914661,0.858445,0.970876,0.044914,0.018604,0.135619,0.027912,0.000000,30,2,29,1,1
horse_circle,l500,2375,24998.944,0.315164,0.853037,0.752746,0.953328,23,0.00155201,1,0.080702,0.143136,0.018268,0.919455,0.857381,0.981529,0.915618,0.860491,0.970744,0.039697,0.007640,0.132839,0.026787,0.000000,30,2,29,1,1
horse_circle,l500,2400,25426.445,0.306342,0.856828,0.766040,0.947617,22,0.00092180,1,0.074087,0.123419,0.024755,0.924858,0.874575,0.975141,0.915830,0.860584,0.971075,0.034232,0.010500,0.133515,0.027217,0.000000,30,2,30,1,1
horse_circle,l500,2425,25471.797,0.268475,0.869610,0.779479,0.959741,22,0.00116867,1,0.061224,0.111328,0.011120,0.937395,0.886119,0.988671,0.918335,0.866257,0.970413,0.030879,0.004593,0.127762,0.027745,0.000000,30,2,30,1,1
horse_circle,l500,2450,25902.563,0.291148,0.863423,0.779883,0.946964,22,0.00100792,1,0.069417,0.114211,0.024623,0.929542,0.883833,0.975251,0.919618,0.868955,0.970281,0.031586,0.010563,0.125525,0.028593,0.000000,30,2,30,1,1
horse_circle,l500,2475,25948.738,0.268053,0.869566,0.782860,0.956272,22,0.00122723,1,0.062950,0.110212,0.015687,0.935785,0.887464,0.984106,0.920207,0.869141,0.971273,0.030641,0.005762,0.124252,0.027018,0.000000,30,2,30,1,1
horse_circle,l500,2500,26361.751,0.291947,0.863119,0.784056,0.942183,21,0.00103126,1,0.069329,0.109468,0.029190,0.929501,0.888224,0.970777,0.919785,0.869885,0.969685,0.030264,0.012333,0.124068,0.029130,0.000000,30,2,31,1,1
horse_circle,l500,2525,26405.686,0.260911,0.871954,0.791596,0.952313,21,0.00138599,1,0.056656,0.100074,0.013238,0.941696,0.896925,0.986466,0.917867,0.870815,0.964919,0.027970,0.005318,0.122326,0.033343,0.000000,30,2,31,1,1
horse_circle,l500,2550,26816.755,0.266182,0.871750,0.796444,0.947057,21,0.00162139,1,0.058037,0.098400,0.017673,0.940442,0.898891,0.981994,0.919304,0.874814,0.963794,0.027404,0.007796,0.119172,0.034524,0.000000,30,2,31,1,1
horse_circle,l500,2575,26861.049,0.254530,0.874772,0.798948,0.950597,21,0.00184791,1,0.055060,0.095889,0.014231,0.943373,0.901292,0.985454,0.919842,0.875558,0.964125,0.026547,0.005697,0.118397,0.034001,0.000000,30,2,31,1,1
horse_circle,l500,2600,27269.528,0.275283,0.868816,0.802059,0.935573,21,0.00213729,1,0.059861,0.093378,0.026344,0.938532,0.903767,0.973298,0.918586,0.876953,0.960220,0.025734,0.011445,0.117517,0.037972,0.000000,30,2,31,1,1
horse_circle,l500,2625,27313.354,0.253067,0.875397,0.807966,0.942827,21,0.00202905,1,0.051163,0.085844,0.016481,0.946983,0.910873,0.983093,0.917846,0.877325,0.958366,0.023851,0.006971,0.116698,0.039619,0.000000,30,2,31,1,1
horse_circle,l500,2650,27706.606,0.269843,0.871537,0.813325,0.929749,20,0.00267943,1,0.058170,0.084635,0.031705,0.940231,0.912458,0.968005,0.920694,0.882161,0.959227,0.023401,0.013315,0.111551,0.039327,0.000000,30,2,32,1,1
horse_circle,l500,2675,27748.723,0.243685,0.883400,0.825354,0.941446,20,0.00163391,1,0.057932,0.091704,0.024159,0.941591,0.907626,0.975556,0.932616,0.901042,0.964191,0.025307,0.010326,0.093226,0.033734,0.000000,30,2,32,1,1
horse_circle,l500,2700,28124.228,0.234300,0.890171,0.843755,0.936586,19,0.00129931,1,0.063490,0.094680,0.032301,0.937347,0.907023,0.967671,0.945240,0.923642,0.966839,0.026099,0.013248,0.070809,0.031123,0.000000,30,2,33,1,1
horse_circle,l500,2725,28164.283,0.222417,0.896145,0.851814,0.940475,19,0.00145629,1,0.058517,0.089565,0.027469,0.942175,0.911990,0.972359,0.947208,0.928106,0.966309,0.024998,0.012109,0.066101,0.031468,0.000000,30,2,33,1,1
horse_circle,l500,2750,28534.566,0.227565,0.895845,0.856997,0.934694,19,0.00105186,1,0.063399,0.091983,0.034816,0.937881,0.910506,0.965255,0.951531,0.935826,0.967236,0.025496,0.014901,0.058995,0.031448,0.000000,30,2,33,1,1
horse_circle,l500,2775,28574.445,0.211733,0.901508,0.861007,0.942009,19,0.00137375,1,0.059213,0.090030,0.028396,0.941996,0.912469,0.971523,0.953641,0.938523,0.968758,0.024936,0.012251,0.056222,0.029222,0.000000,30,2,33,1,1
horse_circle,l500,2800,28935.664,0.231598,0.896978,0.862145,0.931811,19,0.00086685,1,0.068897,0.094308,0.043487,0.933157,0.909123,0.957190,0.957892,0.943452,0.972333,0.026031,0.018875,0.050919,0.026114,0.000000,30,2,33,1,1
horse_circle,l500,2825,28975.573,0.202189,0.906006,0.863292,0.948720,19,0.00084664,1,0.059983,0.091239,0.028727,0.941555,0.911701,0.971408,0.959015,0.942057,0.975973,0.025207,0.012332,0.051888,0.021952,0.000000,30,2,33,1,1
horse_circle,l500,2850,29326.211,0.206742,0.904189,0.861432,0.946945,18,0.00087017,1,0.061317,0.093378,0.029256,0.940330,0.909801,0.970858,0.958260,0.941871,0.974649,0.026025,0.012407,0.052276,0.023031,0.000000,30,2,34,1,1
horse_circle,l500,2875,29363.320,0.202775,0.906843,0.862385,0.951301,18,0.00094062,1,0.061201,0.094866,0.027535,0.940652,0.908700,0.972603,0.960846,0.944196,0.977495,0.026677,0.011821,0.050065,0.020517,0.000000,30,2,34,1,1
horse_circle,l500,2900,29699.596,0.229230,0.899105,0.862449,0.935760,18,0.00108281,1,0.070239,0.096726,0.043752,0.932175,0.907226,0.957125,0.961286,0.945871,0.976701,0.026822,0.018940,0.048949,0.021860,0.000000,30,2,34,1,1
horse_circle,l500,2925,29736.958,0.201931,0.907422,0.861606,0.953237,18,0.00124029,1,0.061513,0.095424,0.027601,0.940387,0.908180,0.972595,0.961686,0.943824,0.979547,0.026431,0.011891,0.051281,0.018836,0.000000,30,2,34,1,1
horse_circle,l500,2950,30078.458,0.238293,0.895306,0.860679,0.929933,18,0.00118070,1,0.071027,0.093471,0.048584,0.931098,0.909655,0.952541,0.958120,0.941127,0.975113,0.025952,0.020715,0.053424,0.023762,0.000000,30,2,34,1,1
horse_circle,l500,2975,30115.464,0.210972,0.903606,0.859386,0.947827,18,0.00108415,1,0.061364,0.090030,0.032698,0.939997,0.912319,0.967674,0.957788,0.936756,0.978819,0.025146,0.014108,0.056440,0.020114,0.000000,30,2,34,1,1
horse_circle,l500,3000,30462.854,0.219311,0.901296,0.863170,0.939421,18,0.00121120,1,0.063453,0.088914,0.037993,0.938038,0.913578,0.962498,0.957515,0.939918,0.975113,0.024857,0.016340,0.054461,0.023490,0.000000,30,2,34,1,1
acm_scf,l200,1,1.415,1.653447,0.192151,0.152158,0.232145,20,0.00000000,0,0.213437,0.094140,0.332735,0.560303,0.638787,0.481820,0.237935,0.166482,0.309388,0.034660,0.046322,0.829360,0.683875,0.000000,0,0,0,0,0
acm_scf,l200,25,27.075,1.267053,0.335133,0.252842,0.417425,20,0.00008005,0,0.142623,0.046553,0.238694,0.767278,0.850392,0.684165,0.390837,0.264612,0.517061,0.016817,0.033012,0.731203,0.477255,0.000000,0,0,0,0,0
acm_scf,l200,50,199.826,1.057511,0.434064,0.313787,0.554342,23,0.00015181,1,0.142724,0.044632,0.240816,0.810420,0.880159,0.740682,0.507814,0.327791,0.687837,0.016379,0.033175,0.668200,0.308476,0.000000,2,1,0,0,0
acm_scf,l200,75,230.931,0.911490,0.501698,0.364585,0.638810,23,0.00016574,2,0.127192,0.041159,0.213224,0.843208,0.902178,0.784239,0.577306,0.379591,0.775020,0.014993,0.029141,0.616173,0.219929,0.000000,2,1,0,0,0
acm_scf,l200,100,417.863,0.776479,0.570067,0.424470,0.715664,24,0.00023714,1,0.123325,0.044853,0.201796,0.859059,0.908156,0.809963,0.651795,0.443508,0.860082,0.016024,0.027425,0.552485,0.136292,0.000000,5,1,2,0,0
acm_scf,l200,125,450.677,0.654145,0.631587,0.499538,0.763636,24,0.00042204,1,0.116872,0.039459,0.194286,0.876877,0.929374,0.824380,0.715625,0.519249,0.912000,0.014456,0.026637,0.476829,0.085299,0.000000,5,1,2,0,0
acm_scf,l200,150,659.706,0.557130,0.684601,0.576570,0.792631,27,0.00005623,1,0.119535,0.047070,0.192000,0.879389,0.927671,0.831107,0.774263,0.603709,0.944816,0.017258,0.026300,0.392608,0.052152,0.000000,8,1,2,0,0
acm_scf,l200,175,695.682,0.509714,0.708518,0.633921,0.783115,27,0.00004695,0,0.127251,0.047809,0.206694,0.876692,0.932856,0.820527,0.804604,0.664228,0.944980,0.017153,0.028321,0.331832,0.052584,0.000000,8,1,2,0,0
acm_scf,l200,200,926.831,0.472996,0.726620,0.670375,0.782866,30,0.00009003,0,0.129347,0.042858,0.215837,0.878697,0.942237,0.815157,0.825471,0.699106,0.951837,0.015828,0.029952,0.296647,0.045714,0.000000,11,1,2,0,0
acm_scf,l200,225,966.926,0.427114,0.747637,0.714245,0.781030,30,0.00000863,0,0.132882,0.038498,0.227265,0.879501,0.950658,0.808344,0.850137,0.741742,0.958531,0.014270,0.031197,0.253939,0.038758,0.000000,11,1,2,0,0
acm_scf,l200,250,1217.815,0.410215,0.758266,0.739744,0.776788,29,0.00000990,1,0.132773,0.037464,0.228082,0.880250,0.953456,0.807044,0.860708,0.767457,0.953959,0.013947,0.031866,0.229186,0.043352,0.000000,11,1,3,0,0
acm_scf,l200,275,1256.165,0.382790,0.771763,0.756709,0.786818,29,0.00000585,0,0.133493,0.040863,0.226122,0.880398,0.950678,0.810118,0.876182,0.787630,0.964735,0.014543,0.031612,0.208414,0.032282,0.000000,11,1,3,0,0
acm_scf,l200,300,1500.134,0.367256,0.779676,0.767603,0.791750,29,0.00000000,0,0.127987,0.036873,0.219102,0.885361,0.955723,0.814999,0.880565,0.795906,0.965224,0.013602,0.030438,0.200710,0.031191,0.000000,11,1,3,0,0
acm_scf,l200,325,1538.055,0.363676,0.781880,0.770037,0.793723,29,0.00000000,0,0.126794,0.036282,0.217306,0.886449,0.956510,0.816388,0.882090,0.797975,0.966204,0.013287,0.030133,0.199256,0.031150,0.000000,11,1,3,0,0
acm_scf,l200,350,1780.630,0.363398,0.781275,0.767419,0.795130,29,0.00000000,0,0.124407,0.035099,0.213714,0.888191,0.957684,0.818698,0.879708,0.794355,0.965061,0.012828,0.029245,0.202311,0.033173,0.000000,11,1,3,0,0
acm_scf,l200,375,1818.403,0.368348,0.777872,0.767626,0.788117,29,0.00000000,0,0.130234,0.037612,0.222857,0.883549,0.954908,0.812190,0.880126,0.796497,0.963755,0.013503,0.030130,0.200655,0.034088,0.000000,11,1,3,0,0
acm_scf,l200,400,2060.003,0.382242,0.771972,0.763402,0.780543,29,0.00000000,0,0.135023,0.036577,0.233469,0.880325,0.955819,0.804831,0.877050,0.791325,0.962776,0.013189,0.032639,0.205655,0.035745,0.000000,11,1,3,0,0
acm_scf,l200,425,2097.645,0.388739,0.769175,0.759025,0.779324,29,0.00000000,0,0.135833,0.039829,0.231837,0.878720,0.951961,0.805479,0.874628,0.789256,0.960000,0.013977,0.032428,0.207661,0.038650,0.000000,11,1,3,0,0
acm_scf,l200,450,2347.048,0.362623,0.779836,0.769966,0.789705,32,0.00009156,1,0.131375,0.035321,0.227429,0.883765,0.957571,0.809959,0.883234,0.797162,0.969306,0.012557,0.030760,0.199796,0.029780,0.000000,14,1,3,0,0
acm_scf,l200,475,2390.037,0.339178,0.795510,0.789436,0.801584,32,0.00020585,3,0.123599,0.031035,0.216163,0.890888,0.963271,0.818506,0.894397,0.813936,0.974857,0.011497,0.030490,0.183473,0.025285,0.000000,14,1,3,0,0
acm_scf,l200,500,2650.094,0.344414,0.794422,0.786050,0.802794,30,0.00001397,3,0.126775,0.038203,0.215347,0.887236,0.955281,0.819191,0.895876,0.816079,0.975673,0.013905,0.030248,0.181734,0.024322,0.000000,14,1,5,0,0
acm_scf,l200,525,2690.115,0.326980,0.803361,0.792904,0.813817,30,0.00004147,2,0.118866,0.037242,0.200490,0.893203,0.956679,0.829728,0.899707,0.822434,0.976980,0.013549,0.028192,0.174516,0.021799,0.000000,14,1,5,0,0
acm_scf,l200,550,2943.477,0.323004,0.806735,0.797921,0.815549,30,0.00000134,2,0.116349,0.037760,0.194939,0.894849,0.956388,0.833310,0.901290,0.828050,0.974531,0.014024,0.027279,0.169149,0.024534,0.000000,14,1,5,0,0
acm_scf,l200,575,2983.061,0.311086,0.810832,0.806748,0.814916,30,0.00001323,2,0.117756,0.035838,0.199673,0.894638,0.958877,0.830398,0.906647,0.835661,0.977633,0.013287,0.027357,0.161380,0.021683,0.000000,14,1,5,0,0
acm_scf,l200,600,3235.984,0.302915,0.817444,0.814326,0.820562,30,0.00000357,1,0.113873,0.036725,0.191020,0.897407,0.958312,0.836501,0.910769,0.844233,0.977306,0.013459,0.026954,0.152856,0.022064,0.000000,14,1,5,0,0
acm_scf,l200,625,3275.767,0.299300,0.819456,0.821375,0.817537,30,0.00000642,1,0.117159,0.037095,0.197224,0.895282,0.958271,0.832292,0.915310,0.851844,0.978776,0.013690,0.027923,0.145673,0.020426,0.000000,14,1,5,0,0
acm_scf,l200,650,3528.413,0.311412,0.811454,0.821736,0.801172,30,0.00000256,1,0.132783,0.039607,0.225959,0.884332,0.955691,0.812973,0.918243,0.854282,0.982204,0.014649,0.031908,0.142915,0.016869,0.000000,14,1,5,0,0
acm_scf,l200,675,3567.929,0.326570,0.801638,0.817328,0.785949,30,0.00009423,2,0.140623,0.037981,0.243265,0.878909,0.957149,0.800669,0.912757,0.848371,0.977143,0.013870,0.033999,0.149299,0.022007,0.000000,14,1,5,0,0
acm_scf,l200,700,3816.905,0.336832,0.795888,0.813032,0.778743,30,0.00004405,1,0.150301,0.041011,0.259592,0.872260,0.953785,0.790734,0.913637,0.846376,0.980898,0.014704,0.036315,0.150774,0.019373,0.000000,14,1,5,0,0
acm_scf,l200,725,3856.032,0.340990,0.791325,0.811013,0.771637,30,0.00000587,1,0.155311,0.037316,0.273306,0.869949,0.957527,0.782371,0.911904,0.841277,0.982531,0.013518,0.038036,0.155641,0.017015,0.000000,14,1,5,0,0
acm_scf,l200,750,4100.798,0.353365,0.785402,0.809609,0.761196,29,0.00000468,1,0.160734,0.038203,0.283265,0.865863,0.956525,0.775201,0.908677,0.840538,0.976816,0.013707,0.039694,0.156627,0.022395,0.000000,14,1,6,0,0
acm_scf,l200,775,4138.261,0.349776,0.785141,0.815962,0.754320,29,0.00001266,1,0.164815,0.035099,0.294531,0.864187,0.960101,0.768272,0.910546,0.844602,0.976490,0.013109,0.040408,0.153128,0.021432,0.000000,14,1,6,0,0
acm_scf,l200,800,4380.021,0.346127,0.786801,0.821686,0.751916,29,0.00002520,1,0.167464,0.035173,0.299755,0.862784,0.960290,0.765277,0.913947,0.850587,0.977306,0.013079,0.041636,0.147091,0.018614,0.000000,14,1,6,0,0
acm_scf,l200,825,4416.837,0.346397,0.789339,0.821251,0.757427,29,0.00002501,1,0.167296,0.037612,0.296980,0.862797,0.957728,0.767866,0.917253,0.852139,0.982367,0.014001,0.041558,0.145037,0.017594,0.000000,14,1,6,0,0
acm_scf,l200,850,4658.065,0.350709,0.787177,0.821008,0.753346,29,0.00001210,1,0.173232,0.041159,0.305306,0.858572,0.954062,0.763081,0.919073,0.854799,0.983347,0.015240,0.042416,0.142894,0.016147,0.000000,14,1,6,0,0
acm_scf,l200,875,4695.011,0.345011,0.790516,0.822598,0.758434,29,0.00001572,1,0.168737,0.040494,0.296980,0.861465,0.954826,0.768103,0.919791,0.855908,0.983673,0.014749,0.041491,0.141738,0.016635,0.000000,14,1,6,0,0
acm_scf,l200,900,4929.937,0.334830,0.796490,0.823483,0.769496,28,0.00002713,1,0.158038,0.039016,0.277061,0.868228,0.956389,0.780067,0.919153,0.855612,0.982694,0.014284,0.038892,0.142063,0.017246,0.000000,14,1,7,0,0
acm_scf,l200,925,4965.366,0.329391,0.798842,0.830329,0.767356,28,0.00002398,2,0.158147,0.036947,0.279347,0.868669,0.958855,0.778483,0.921360,0.861006,0.981714,0.013842,0.039148,0.136384,0.017627,0.000000,14,1,7,0,0
acm_scf,l200,950,5195.994,0.323096,0.801810,0.833653,0.769968,28,0.00004246,1,0.159392,0.041233,0.277551,0.867294,0.954653,0.779935,0.925850,0.868026,0.983673,0.015336,0.037984,0.129911,0.015769,0.000000,14,1,7,0,0
acm_scf,l200,975,5231.430,0.319862,0.806376,0.834644,0.778107,28,0.00009546,1,0.154646,0.043006,0.266286,0.870083,0.952924,0.787242,0.927922,0.870539,0.985306,0.016099,0.037288,0.127219,0.014561,0.000000,14,1,7,0,0
acm_scf,l200,1000,5462.608,0.324031,0.804316,0.832299,0.776334,28,0.00004981,2,0.158377,0.047366,0.269388,0.866894,0.948464,0.785324,0.928595,0.871721,0.985469,0.017456,0.037413,0.125989,0.014531,0.000000,14,1,7,0,0
acm_scf,l2000,1,1.403,1.653447,0.192151,0.152158,0.232145,20,0.00000000,0,0.213437,0.094140,0.332735,0.560303,0.638787,0.481820,0.237935,0.166482,0.309388,0.034660,0.046322,0.829360,0.683875,0.000000,0,0,0,0,0
acm_scf,l2000,25,26.553,1.267053,0.335133,0.252842,0.417425,20,0.00008005,0,0.142623,0.046553,0.238694,0.767278,0.850392,0.684165,0.390837,0.264612,0.517061,0.016817,0.033012,0.731203,0.477255,0.000000,0,0,0,0,0
acm_scf,l2000,50,196.128,1.055745,0.434365,0.315514,0.553217,23,0.00015181,1,0.142288,0.043597,0.240980,0.811631,0.883076,0.740187,0.507900,0.329269,0.686531,0.016020,0.033184,0.666690,0.309425,0.000000,2,1,0,0,0
acm_scf,l2000,75,226.723,0.906413,0.503259,0.369106,0.637413,23,0.00016574,2,0.127834,0.039016,0.216653,0.844648,0.907660,0.781636,0.579509,0.383507,0.775510,0.014203,0.029607,0.612441,0.219315,0.000000,2,1,0,0,0
acm_scf,l2000,100,410.365,0.769832,0.571600,0.443322,0.699878,24,0.00030300,1,0.121749,0.039090,0.204408,0.863306,0.921780,0.804832,0.651795,0.460652,0.842939,0.013913,0.027683,0.535447,0.153302,0.000000,4,2,2,0,0
acm_scf,l2000,125,441.971,0.662712,0.625455,0.501284,0.749626,24,0.00024410,1,0.118491,0.035838,0.201143,0.876418,0.935437,0.817400,0.709829,0.519249,0.900408,0.013021,0.027524,0.476938,0.097038,0.000000,4,2,2,0,0
acm_scf,l2000,150,628.759,0.578154,0.670574,0.564504,0.776645,25,0.00000914,1,0.120293,0.039607,0.200980,0.879751,0.936778,0.822725,0.759798,0.586862,0.932735,0.014076,0.027607,0.409770,0.065883,0.000000,7,2,4,0,0
acm_scf,l2000,175,662.021,0.519853,0.701654,0.606649,0.796659,25,0.00000136,1,0.114082,0.035838,0.192327,0.888832,0.946045,0.831618,0.789134,0.628390,0.949878,0.013259,0.027013,0.367685,0.048840,0.000000,7,2,4,0,0
acm_scf,l2000,200,867.405,0.490125,0.715670,0.631368,0.799972,28,0.00003225,0,0.108824,0.034139,0.183510,0.893977,0.950312,0.837643,0.799849,0.652922,0.946776,0.011887,0.025632,0.342952,0.051530,0.000000,10,2,4,0,0
acm_scf,l2000,225,903.702,0.462925,0.730877,0.658491,0.803263,28,0.00000055,0,0.105634,0.030370,0.180898,0.898497,0.957156,0.839838,0.813531,0.678490,0.948571,0.011334,0.025242,0.317427,0.050629,0.000000,10,2,4,0,0
acm_scf,l2000,250,1137.631,0.439490,0.739303,0.683303,0.795302,29,0.00000000,0,0.112279,0.028966,0.195592,0.894913,0.960432,0.829393,0.826977,0.703096,0.950857,0.010166,0.026655,0.292652,0.048386,0.000000,11,2,4,0,0
acm_scf,l2000,275,1175.535,0.407505,0.757766,0.708072,0.807459,29,0.00000000,0,0.106222,0.026158,0.186286,0.901218,0.965250,0.837186,0.842236,0.726594,0.957878,0.009462,0.026028,0.269987,0.040835,0.000000,11,2,4,0,0
acm_scf,l2000,300,1412.201,0.385072,0.768851,0.729224,0.808479,28,0.00000000,0,0.111899,0.026084,0.197714,0.898377,0.966314,0.830440,0.858286,0.748245,0.968327,0.009493,0.027609,0.248382,0.031068,0.000000,11,2,5,0,0
acm_scf,l2000,325,1448.701,0.374808,0.772663,0.742594,0.802732,28,0.00000000,0,0.110113,0.025124,0.195102,0.899525,0.968051,0.831000,0.860299,0.761250,0.959347,0.009067,0.027122,0.235184,0.036512,0.000000,11,2,5,0,0
acm_scf,l2000,350,1677.119,0.359136,0.780367,0.756905,0.803828,27,0.00000007,0,0.113646,0.024680,0.202612,0.897942,0.969160,0.826724,0.871140,0.775586,0.966694,0.008505,0.028368,0.220392,0.031157,0.000000,11,2,6,0,0
acm_scf,l2000,375,1712.915,0.335923,0.791470,0.776632,0.806308,27,0.00001738,1,0.117899,0.024533,0.211265,0.896123,0.970090,0.822155,0.886169,0.795685,0.976653,0.008762,0.028833,0.200952,0.021901,0.000000,11,2,6,0,0
acm_scf,l2000,400,1938.180,0.326987,0.797457,0.790289,0.804626,27,0.00000208,1,0.119960,0.025715,0.214204,0.894714,0.969253,0.820175,0.893795,0.810611,0.976980,0.009392,0.029716,0.186228,0.020655,0.000000,11,2,6,0,0
acm_scf,l2000,425,1972.802,0.326425,0.797296,0.795337,0.799256,27,0.00003406,1,0.127861,0.026823,0.228898,0.889600,0.968200,0.811000,0.899437,0.816670,0.982204,0.009618,0.031761,0.180559,0.016593,0.000000,11,2,6,0,0
acm_scf,l2000,450,2191.660,0.323652,0.798631,0.803324,0.793939,28,0.00007248,2,0.130413,0.027193,0.233633,0.887750,0.968097,0.807402,0.902298,0.825168,0.979429,0.009952,0.032343,0.172312,0.018067,0.000000,11,3,6,0,0
acm_scf,l2000,475,2227.674,0.320718,0.799168,0.806675,0.791661,28,0.00000347,1,0.131256,0.025124,0.237388,0.887726,0.970514,0.804937,0.903267,0.826942,0.979592,0.009184,0.032825,0.170170,0.018145,0.000000,11,3,6,0,0
acm_scf,l2000,500,2453.305,0.325665,0.797244,0.805562,0.788927,28,0.00001085,0,0.134922,0.028375,0.241469,0.884551,0.966882,0.802220,0.903924,0.828419,0.979429,0.010087,0.033669,0.168704,0.018113,0.000000,11,3,6,0,0
acm_scf,l2000,525,2488.430,0.321694,0.797609,0.815290,0.779927,28,0.00000964,0,0.141001,0.024533,0.257469,0.881765,0.971468,0.792062,0.908013,0.835292,0.980735,0.008739,0.036000,0.161361,0.017112,0.000000,11,3,6,0,0
acm_scf,l2000,550,2713.843,0.332732,0.792641,0.811059,0.774223,29,0.00006111,0,0.149748,0.028966,0.270531,0.875378,0.966456,0.784301,0.909113,0.834553,0.983673,0.010386,0.037717,0.161985,0.015258,0.000000,11,4,6,0,0
acm_scf,l2000,575,2750.049,0.312476,0.802514,0.815050,0.789979,29,0.00000192,0,0.133334,0.025198,0.241469,0.886579,0.970727,0.802431,0.908161,0.835587,0.980735,0.009056,0.032992,0.162010,0.016994,0.000000,11,4,6,0,0
acm_scf,l2000,600,2982.113,0.321872,0.797304,0.808047,0.786562,29,0.00001246,0,0.139052,0.026676,0.251429,0.882693,0.968847,0.796539,0.906964,0.829602,0.984327,0.009602,0.034237,0.167655,0.014619,0.000000,11,4,6,0,0
acm_scf,l2000,625,3017.921,0.325442,0.795428,0.805440,0.785417,29,0.00006326,1,0.140424,0.026971,0.253878,0.881734,0.968423,0.795044,0.905990,0.827163,0.984816,0.009728,0.034649,0.170155,0.013888,0.000000,11,4,6,0,0
acm_scf,l2000,650,3248.228,0.328272,0.797849,0.803166,0.792532,29,0.00001288,1,0.136711,0.031626,0.241796,0.883002,0.963233,0.802770,0.906365,0.828567,0.984163,0.011463,0.034021,0.168457,0.014342,0.000000,11,4,6,0,0
acm_scf,l2000,675,3284.398,0.321406,0.801017,0.802193,0.799841,29,0.00001198,2,0.131763,0.031035,0.232490,0.886500,0.963834,0.809166,0.906443,0.827089,0.985796,0.011192,0.032141,0.169802,0.013973,0.000000,11,4,6,0,0
acm_scf,l2000,700,3520.153,0.311956,0.806294,0.811150,0.801437,29,0.00002310,1,0.128314,0.029853,0.226776,0.889036,0.965497,0.812576,0.909275,0.835365,0.983184,0.010893,0.031508,0.162066,0.014930,0.000000,11,4,6,0,0
acm_scf,l2000,725,3556.387,0.304754,0.810437,0.818208,0.802667,29,0.00001833,1,0.127652,0.030814,0.224490,0.889409,0.964754,0.814064,0.913138,0.843420,0.982857,0.011223,0.031084,0.153520,0.015854,0.000000,11,4,6,0,0
acm_scf,l2000,750,3787.742,0.303370,0.812136,0.818449,0.805823,29,0.00001069,0,0.127152,0.031774,0.222531,0.889737,0.963738,0.815736,0.914799,0.844454,0.985143,0.011589,0.031202,0.152557,0.013347,0.000000,11,4,6,0,0
acm_scf,l2000,775,3823.463,0.308093,0.809264,0.819671,0.798857,29,0.00001186,0,0.130964,0.033030,0.228898,0.886690,0.962456,0.810924,0.914230,0.846745,0.981714,0.011895,0.031920,0.150075,0.016980,0.000000,11,4,6,0,0
acm_scf,l2000,800,4056.009,0.307145,0.809898,0.824035,0.795762,29,0.00001545,0,0.132214,0.031774,0.232653,0.886131,0.963975,0.808287,0.915558,0.850218,0.980898,0.011346,0.032492,0.147652,0.018257,0.000000,11,4,6,0,0
acm_scf,l2000,825,4092.191,0.305403,0.809449,0.822179,0.796718,29,0.00002663,0,0.131891,0.030149,0.233633,0.886786,0.965628,0.807945,0.914912,0.846967,0.982857,0.010764,0.032532,0.150360,0.015775,0.000000,11,4,6,0,0
acm_scf,l2000,850,4322.132,0.306383,0.809328,0.819211,0.799444,29,0.00003278,0,0.131652,0.030814,0.232490,0.886942,0.964795,0.809090,0.914880,0.844454,0.985306,0.010899,0.032587,0.153114,0.013343,0.000000,11,4,6,0,0
acm_scf,l2000,875,4357.449,0.310636,0.806892,0.814605,0.799179,29,0.00002632,0,0.131210,0.029114,0.233306,0.887518,0.966437,0.808599,0.911977,0.838321,0.985633,0.010480,0.032892,0.158469,0.013175,0.000000,11,4,6,0,0
acm_scf,l2000,900,4588.462,0.312584,0.805104,0.809199,0.801009,28,0.00009073,0,0.129828,0.029779,0.229878,0.888150,0.965497,0.810804,0.909220,0.833296,0.985143,0.010484,0.032090,0.163234,0.013713,0.000000,11,4,7,0,0
acm_scf,l2000,925,4623.704,0.315974,0.803274,0.809418,0.797130,28,0.00021215,1,0.134786,0.029410,0.240163,0.885226,0.965907,0.804544,0.910897,0.833222,0.988571,0.010682,0.033116,0.164309,0.011416,0.000000,11,4,7,0,0
acm_scf,l2000,950,4852.005,0.311355,0.807180,0.812639,0.801721,28,0.00037176,1,0.131809,0.030149,0.233469,0.887120,0.965238,0.809002,0.913018,0.837139,0.988898,0.010917,0.032809,0.160233,0.010524,0.000000,11,4,7,0,0
acm_scf,l2000,975,4887.050,0.313698,0.805568,0.812007,0.799130,28,0.00019625,0,0.134458,0.030222,0.238694,0.885423,0.965132,0.805714,0.913213,0.836548,0.989878,0.010996,0.033541,0.160742,0.009511,0.000000,11,4,7,0,0
acm_scf,l2000,1000,5109.375,0.320031,0.802334,0.806491,0.798177,28,0.00001493,0,0.133743,0.031405,0.236082,0.885268,0.963619,0.806917,0.909215,0.831819,0.986612,0.011394,0.033196,0.165440,0.011778,0.000000,11,4,7,0,0
acm_scf,l2000,1025,5143.441,0.322746,0.801522,0.804128,0.798915,28,0.00001914,0,0.132579,0.031035,0.234122,0.886013,0.963918,0.808109,0.907522,0.829084,0.985959,0.011484,0.032727,0.168559,0.013191,0.000000,11,4,7,0,0
acm_scf,l2000,1050,5366.884,0.315285,0.806630,0.802004,0.811255,28,0.00000872,0,0.122513,0.032291,0.212735,0.892337,0.962460,0.822213,0.905869,0.827902,0.983837,0.011796,0.029583,0.169983,0.014810,0.000000,11,4,7,0,0
acm_scf,l500,1,1.332,1.653447,0.192151,0.152158,0.232145,20,0.00000000,0,0.213437,0.094140,0.332735,0.560303,0.638787,0.481820,0.237935,0.166482,0.309388,0.034660,0.046322,0.829360,0.683875,0.000000,0,0,0,0,0
acm_scf,l500,25,24.596,1.267053,0.335133,0.252842,0.417425,20,0.00008005,0,0.142623,0.046553,0.238694,0.767278,0.850392,0.684165,0.390837,0.264612,0.517061,0.016817,0.033012,0.731203,0.477255,0.000000,0,0,0,0,0
acm_scf,l500,50,181.807,1.056837,0.434113,0.315331,0.552895,23,0.00015181,1,0.142391,0.043967,0.240816,0.811179,0.882178,0.740180,0.507618,0.329195,0.686041,0.016161,0.033175,0.666772,0.310029,0.000000,2,1,0,0,0
acm_scf,l500,75,209.971,0.907635,0.503122,0.368672,0.637572,23,0.00016574,2,0.127537,0.039237,0.215837,0.844655,0.907103,0.782208,0.579161,0.383138,0.775184,0.014192,0.029602,0.612775,0.220407,0.000000,2,1,0,0,0
acm_scf,l500,100,379.813,0.769048,0.571503,0.442205,0.700801,24,0.00032472,1,0.119830,0.037538,0.202122,0.865437,0.924371,0.806502,0.650627,0.458804,0.842449,0.013378,0.027361,0.537225,0.154065,0.000000,4,2,2,0,0
acm_scf,l500,125,409.226,0.659028,0.626813,0.502431,0.751194,24,0.00051153,1,0.114785,0.033326,0.196245,0.880220,0.939682,0.820758,0.708894,0.519175,0.898612,0.012222,0.026881,0.476885,0.098559,0.000000,4,2,2,0,0
acm_scf,l500,150,578.249,0.580461,0.666409,0.569058,0.763760,24,0.00007328,1,0.113593,0.028818,0.198367,0.887480,0.953086,0.821874,0.750362,0.585458,0.915265,0.010603,0.027559,0.410881,0.081370,0.000000,7,2,5,0,0
acm_scf,l500,175,607.490,0.533714,0.690478,0.612681,0.768275,24,0.00004916,0,0.119274,0.030222,0.208327,0.885513,0.954307,0.816719,0.779762,0.631198,0.928327,0.010907,0.028861,0.364566,0.069339,0.000000,7,2,5,0,0
acm_scf,l500,200,791.052,0.491403,0.713603,0.646688,0.780518,27,0.00005066,0,0.117864,0.030666,0.205061,0.888510,0.956015,0.821006,0.803545,0.666519,0.940571,0.011127,0.028629,0.330080,0.056859,0.000000,10,2,5,0,0
acm_scf,l500,225,823.044,0.455649,0.731674,0.677604,0.785743,27,0.00006472,0,0.118070,0.031405,0.204735,0.889587,0.956997,0.822178,0.822748,0.698884,0.946612,0.011250,0.028279,0.296913,0.051200,0.000000,10,2,5,0,0
acm_scf,l500,250,1028.310,0.425925,0.747374,0.713608,0.781141,26,0.00006472,0,0.121082,0.028449,0.213714,0.889366,0.962683,0.816048,0.840996,0.733910,0.948082,0.010578,0.029668,0.262224,0.049994,0.000000,10,2,6,0,0
acm_scf,l500,275,1059.865,0.405273,0.757945,0.733784,0.782106,26,0.00011075,1,0.121455,0.027562,0.215347,0.890013,0.964735,0.815292,0.852270,0.754009,0.950531,0.009888,0.029990,0.242912,0.047793,0.000000,10,2,6,0,0
acm_scf,l500,300,1263.126,0.388320,0.765999,0.752373,0.779625,29,0.00007288,1,0.127503,0.027414,0.227592,0.886816,0.965750,0.807883,0.865030,0.772999,0.957061,0.010323,0.031405,0.223175,0.041320,0.000000,13,2,6,0,0
acm_scf,l500,325,1298.157,0.369689,0.777254,0.760890,0.793619,29,0.00004906,1,0.126363,0.029705,0.223020,0.888315,0.963471,0.813158,0.877052,0.783492,0.970612,0.011269,0.031252,0.213418,0.027227,0.000000,13,2,6,0,0
acm_scf,l500,350,1507.505,0.354815,0.785657,0.770885,0.800429,27,0.00000000,1,0.125649,0.033991,0.217306,0.888373,0.959100,0.817646,0.885728,0.797089,0.974367,0.012608,0.030022,0.200049,0.023671,0.000000,13,2,8,0,0
acm_scf,l500,375,1539.346,0.350525,0.790241,0.778594,0.801887,27,0.00000000,0,0.123523,0.035617,0.211429,0.889477,0.957697,0.821256,0.888877,0.806325,0.971429,0.013455,0.029443,0.190917,0.026966,0.000000,13,2,8,0,0
acm_scf,l500,400,1743.668,0.348191,0.792413,0.780493,0.804333,27,0.00000096,0,0.121441,0.037168,0.205714,0.890550,0.956101,0.825000,0.889649,0.809503,0.969796,0.013844,0.028674,0.187939,0.028867,0.000000,13,2,8,0,0
acm_scf,l500,425,1775.605,0.344788,0.794561,0.781827,0.807295,27,0.00000562,0,0.117867,0.036060,0.199673,0.893225,0.957380,0.829071,0.889255,0.810020,0.968490,0.013634,0.027883,0.187546,0.029480,0.000000,13,2,8,0,0
acm_scf,l500,450,1982.061,0.343909,0.794633,0.778867,0.810399,27,0.00000243,0,0.119706,0.039902,0.199510,0.891379,0.953048,0.829710,0.891014,0.809946,0.972082,0.014446,0.027701,0.187303,0.026228,0.000000,13,2,8,0,0
acm_scf,l500,475,2013.844,0.345530,0.794038,0.777028,0.811047,27,0.00000580,0,0.117530,0.040937,0.194122,0.892428,0.951826,0.833029,0.888664,0.808838,0.968490,0.014622,0.027074,0.188019,0.029116,0.000000,13,2,8,0,0
acm_scf,l500,500,2221.421,0.335129,0.799713,0.784753,0.814673,30,0.00000304,1,0.115473,0.038129,0.192816,0.894861,0.955290,0.834432,0.893215,0.814675,0.971755,0.013810,0.026923,0.182650,0.026781,0.000000,16,2,8,0,0
acm_scf,l500,525,2257.315,0.316643,0.810361,0.803673,0.817048,30,0.00002411,1,0.114701,0.038055,0.191347,0.896045,0.956374,0.835716,0.903822,0.834257,0.973388,0.014214,0.026729,0.163026,0.025009,0.000000,16,2,8,0,0
acm_scf,l500,550,2484.024,0.309532,0.812878,0.810582,0.815174,29,0.00000834,0,0.115986,0.037686,0.194286,0.895377,0.957118,0.833636,0.907340,0.841129,0.973551,0.014036,0.027057,0.155977,0.023567,0.000000,16,2,9,0,0
acm_scf,l500,575,2518.624,0.300531,0.819655,0.818681,0.820629,29,0.00000651,0,0.112952,0.037168,0.188735,0.897977,0.958062,0.837891,0.912310,0.849110,0.975510,0.013885,0.026579,0.148035,0.024026,0.000000,16,2,9,0,0
acm_scf,l500,600,2740.599,0.292786,0.822263,0.825182,0.819345,29,0.00005881,0,0.111521,0.036429,0.186612,0.899057,0.959145,0.838969,0.913744,0.855243,0.972245,0.013474,0.026185,0.141945,0.024691,0.000000,16,2,9,0,0
acm_scf,l500,625,2775.336,0.286194,0.824570,0.830945,0.818194,29,0.00004613,0,0.113117,0.036356,0.189878,0.898144,0.959493,0.836795,0.917353,0.861154,0.973551,0.013308,0.026257,0.136092,0.023607,0.000000,16,2,9,0,0
acm_scf,l500,650,2997.954,0.280186,0.829849,0.837412,0.822287,29,0.00005232,1,0.109066,0.035764,0.182367,0.901226,0.960399,0.842053,0.919803,0.867361,0.972245,0.013297,0.025592,0.130260,0.025460,0.000000,16,2,9,0,0
acm_scf,l500,675,3032.636,0.273525,0.830601,0.842124,0.819079,29,0.00001496,1,0.113954,0.036725,0.191184,0.897894,0.959633,0.836155,0.924362,0.873051,0.975673,0.013578,0.025762,0.123999,0.022545,0.000000,16,2,9,0,0
acm_scf,l500,700,3258.902,0.267048,0.838337,0.850611,0.826063,29,0.00000573,0,0.110966,0.039237,0.182694,0.899980,0.957500,0.842461,0.930483,0.883987,0.976980,0.014505,0.025694,0.113701,0.022219,0.000000,16,2,9,0,0
acm_scf,l500,725,3293.588,0.265348,0.840312,0.853738,0.826886,29,0.00002597,4,0.111732,0.041750,0.181714,0.899179,0.955162,0.843195,0.933262,0.889382,0.977143,0.015642,0.025470,0.108204,0.022157,0.000000,16,2,9,0,0
acm_scf,l500,750,3514.982,0.265102,0.840200,0.854053,0.826346,29,0.00001123,2,0.109067,0.041971,0.176163,0.900759,0.954960,0.846559,0.930909,0.889899,0.971918,0.015585,0.024803,0.107560,0.025437,0.000000,16,2,9,0,0
acm_scf,l500,775,3549.843,0.266701,0.840126,0.855688,0.824564,29,0.00001181,2,0.112089,0.045075,0.179102,0.898228,0.952014,0.844441,0.933252,0.894258,0.972245,0.016676,0.024968,0.103737,0.026015,0.000000,16,2,9,0,0
acm_scf,l500,800,3772.075,0.265245,0.842367,0.855239,0.829495,29,0.00001230,0,0.112387,0.047957,0.176816,0.897927,0.949210,0.846644,0.936208,0.896254,0.976163,0.017834,0.024729,0.101398,0.023061,0.000000,16,2,9,0,0
acm_scf,l500,825,3806.455,0.260549,0.844932,0.862872,0.826992,29,0.00000349,1,0.117287,0.050248,0.184327,0.894538,0.947466,0.841611,0.942829,0.906229,0.979429,0.018721,0.025749,0.091070,0.020544,0.000000,16,2,9,0,0
acm_scf,l500,850,4028.006,0.263375,0.842630,0.866568,0.818691,29,0.00000327,1,0.122741,0.050543,0.194939,0.890622,0.947401,0.833844,0.944326,0.910367,0.978286,0.018745,0.027225,0.087288,0.021466,0.000000,16,2,9,0,0
acm_scf,l500,875,4063.014,0.278503,0.834684,0.861691,0.807677,29,0.00005746,1,0.131837,0.051430,0.212245,0.884064,0.946284,0.821845,0.942555,0.906008,0.979102,0.019391,0.029721,0.092213,0.020744,0.000000,16,2,9,0,0
acm_scf,l500,900,4289.704,0.288569,0.830198,0.849775,0.810620,29,0.00027493,2,0.128438,0.051652,0.205224,0.885883,0.945361,0.826405,0.935323,0.893667,0.976980,0.019415,0.028911,0.104562,0.022554,0.000000,16,2,9,0,0
acm_scf,l500,925,4324.558,0.300811,0.821202,0.848104,0.794301,29,0.00000476,1,0.142040,0.052243,0.231837,0.876571,0.944696,0.808445,0.935430,0.892411,0.978449,0.019583,0.032361,0.105154,0.021300,0.000000,16,2,9,0,0
acm_scf,l500,950,4548.774,0.302981,0.818824,0.854094,0.783555,29,0.00000778,1,0.152644,0.052390,0.252898,0.870042,0.944923,0.795160,0.940277,0.898840,0.981714,0.019595,0.035127,0.099526,0.018226,0.000000,16,2,9,0,0
acm_scf,l500,975,4583.164,0.298771,0.820365,0.856641,0.784089,29,0.00000411,0,0.153752,0.051504,0.256000,0.869799,0.945914,0.793684,0.942789,0.900761,0.984816,0.019418,0.035552,0.096936,0.015147,0.000000,16,2,9,0,0
acm_scf,l500,1000,4804.927,0.293522,0.823524,0.858036,0.789012,29,0.00000326,1,0.150314,0.052464,0.248163,0.871911,0.945093,0.798729,0.943934,0.903052,0.984816,0.019541,0.034456,0.094701,0.015442,0.000000,16,2,9,0,0
acm_scf,l500,1025,4839.327,0.292812,0.824602,0.858778,0.790426,29,0.00000696,1,0.148570,0.052243,0.244898,0.873032,0.945346,0.800717,0.943821,0.903643,0.984000,0.019547,0.034187,0.094252,0.016153,0.000000,16,2,9,0,0
acm_scf,l500,1050,5061.942,0.300030,0.818872,0.857303,0.780440,29,0.00000332,1,0.156584,0.052760,0.260408,0.867727,0.944771,0.790682,0.943104,0.902535,0.983673,0.019768,0.035472,0.095728,0.016677,0.000000,16,2,9,0,0
acm_scf,l500,1075,5096.233,0.298212,0.820936,0.857414,0.784459,29,0.00000312,1,0.153194,0.052021,0.254367,0.870034,0.945473,0.794595,0.943009,0.902017,0.984000,0.019365,0.035522,0.095824,0.015975,0.000000,16,2,9,0,0
acm_scf,l500,1100,5320.160,0.298723,0.819547,0.856571,0.782524,29,0.00001849,1,0.152609,0.051504,0.253714,0.870218,0.945910,0.794526,0.940874,0.900687,0.981061,0.019280,0.035269,0.097035,0.016671,0.000000,16,2,9,0,0
acm_scf,l500,1125,5354.612,0.298287,0.820648,0.858236,0.783061,29,0.00000224,0,0.154603,0.052390,0.256816,0.869114,0.945175,0.793054,0.943681,0.903200,0.984163,0.019631,0.035974,0.094537,0.014474,0.000000,16,2,9,0,0
teapot_droplets,l200,1,2.187,1.555599,0.188370,0.187974,0.188767,20,0.00005626,0,0.483933,0.109544,0.858321,0.472881,0.655640,0.290122,0.279677,0.208566,0.350789,0.025628,0.050610,0.785403,0.638043,0.000000,0,0,0,0,0
teapot_droplets,l200,25,43.769,1.066714,0.366346,0.321230,0.411462,20,0.00002258,1,0.331471,0.060718,0.602224,0.685680,0.848755,0.522604,0.499994,0.340735,0.659254,0.014059,0.035228,0.653126,0.334949,0.000000,0,0,0,0,0
teapot_droplets,l200,50,318.454,0.856910,0.461033,0.465602,0.456464,23,0.00050566,3,0.342577,0.053878,0.631277,0.721126,0.901063,0.541189,0.617653,0.490687,0.744620,0.012482,0.036556,0.503177,0.252402,0.000000,2,1,0,0,0
teapot_droplets,l200,75,367.172,0.740543,0.524078,0.569214,0.478941,23,0.00007256,2,0.305277,0.052089,0.558465,0.745999,0.919981,0.572018,0.672638,0.598864,0.746413,0.011592,0.032274,0.395915,0.251387,0.000000,2,1,0,0,0
teapot_droplets,l200,100,649.024,0.642901,0.576323,0.647761,0.504884,24,0.00028710,2,0.276840,0.048301,0.505380,0.767109,0.933594,0.600624,0.719546,0.679049,0.760043,0.010959,0.029008,0.316218,0.238024,0.000000,5,1,2,0,0
teapot_droplets,l200,125,698.494,0.553908,0.619232,0.705918,0.532546,24,0.00088132,1,0.267579,0.047353,0.487805,0.779374,0.939807,0.618941,0.765835,0.739345,0.792324,0.010520,0.027791,0.256283,0.205240,0.000000,5,1,2,0,0
teapot_droplets,l200,150,1023.538,0.477091,0.655773,0.744846,0.566699,27,0.00073312,0,0.257407,0.041355,0.473458,0.793770,0.949382,0.638158,0.805328,0.775650,0.835007,0.009296,0.027107,0.219894,0.164024,0.000000,8,1,2,0,0
teapot_droplets,l200,175,1081.158,0.409498,0.689336,0.780161,0.598511,27,0.00106752,1,0.240419,0.035357,0.445481,0.809081,0.958063,0.660099,0.836441,0.807745,0.865136,0.007694,0.025423,0.188179,0.133520,0.000000,8,1,2,0,0
teapot_droplets,l200,200,1447.013,0.337740,0.719778,0.800041,0.639515,30,0.00107132,2,0.242191,0.035673,0.448709,0.816216,0.958724,0.673709,0.877526,0.828580,0.926471,0.007696,0.025461,0.166967,0.074838,0.000000,11,1,2,0,0
teapot_droplets,l200,225,1511.531,0.302198,0.737780,0.808389,0.667171,30,0.00129020,3,0.228047,0.033568,0.422525,0.826661,0.961375,0.691946,0.892297,0.835526,0.949067,0.007052,0.023899,0.160298,0.050666,0.000000,11,1,2,0,0
teapot_droplets,l200,250,1929.698,0.279752,0.749334,0.822494,0.676174,31,0.00049246,3,0.227487,0.033884,0.421090,0.828491,0.961680,0.695302,0.905633,0.850363,0.960904,0.007031,0.024100,0.145316,0.040613,0.000000,12,1,2,0,0
teapot_droplets,l200,275,1996.885,0.271124,0.747791,0.827685,0.667898,31,0.00025230,2,0.243895,0.030832,0.456958,0.822792,0.965123,0.680461,0.913152,0.853204,0.973099,0.006665,0.025975,0.142137,0.028357,0.000000,12,1,2,0,0
teapot_droplets,l200,300,2420.980,0.250254,0.766058,0.840925,0.691191,33,0.00011975,1,0.218443,0.027991,0.408895,0.836458,0.968636,0.704280,0.919140,0.864464,0.973816,0.006030,0.023464,0.131630,0.028359,0.000000,15,1,3,0,0
teapot_droplets,l200,325,2493.073,0.222367,0.780249,0.861854,0.698644,33,0.00009726,2,0.214825,0.027570,0.402080,0.839396,0.969809,0.708982,0.932585,0.885615,0.979555,0.005757,0.022918,0.110351,0.021946,0.000000,15,1,3,0,0
teapot_droplets,l200,350,2948.342,0.197129,0.792784,0.890742,0.694825,33,0.00009101,4,0.217902,0.021888,0.413917,0.840044,0.976518,0.703571,0.946332,0.910239,0.982425,0.004702,0.023629,0.086661,0.018975,0.000000,16,1,4,0,0
teapot_droplets,l200,375,3020.999,0.184554,0.798460,0.905717,0.691202,33,0.00009144,0,0.223175,0.023466,0.422884,0.837311,0.975310,0.699311,0.955236,0.926970,0.983501,0.004937,0.024157,0.070425,0.018189,0.000000,16,1,4,0,0
teapot_droplets,l200,400,3454.703,0.170846,0.808364,0.921374,0.695354,31,0.00017430,1,0.214997,0.017152,0.412841,0.843070,0.982027,0.704113,0.959801,0.937178,0.982425,0.003803,0.023544,0.060497,0.019804,0.000000,16,1,6,0,0
teapot_droplets,l200,425,3521.664,0.170044,0.807198,0.921213,0.693182,31,0.00035121,2,0.218394,0.016416,0.420373,0.841781,0.982770,0.700791,0.960456,0.936336,0.984577,0.003559,0.024087,0.060553,0.017530,0.000000,16,1,6,0,0
teapot_droplets,l200,450,3940.526,0.175555,0.804707,0.922055,0.687358,31,0.00046135,2,0.221721,0.021993,0.421449,0.837917,0.977193,0.698641,0.959689,0.942334,0.977044,0.004614,0.023992,0.055953,0.024326,0.000000,16,1,6,0,0
teapot_droplets,l200,475,4007.345,0.167324,0.810270,0.925219,0.695320,31,0.00027911,3,0.215267,0.020204,0.410330,0.842023,0.979044,0.705003,0.962272,0.943912,0.980631,0.004409,0.023392,0.052926,0.021571,0.000000,16,1,6,0,0
teapot_droplets,l200,500,4434.673,0.161828,0.813442,0.927879,0.699004,33,0.00031297,1,0.212419,0.019888,0.404950,0.843729,0.979416,0.708042,0.964199,0.946333,0.982066,0.004335,0.022998,0.050861,0.019374,0.000000,18,1,6,0,0
teapot_droplets,l200,525,4504.993,0.161603,0.813447,0.926155,0.700739,33,0.00023193,2,0.213706,0.020309,0.407102,0.843368,0.978960,0.707775,0.965488,0.944965,0.986011,0.004452,0.023180,0.052633,0.016220,0.000000,18,1,6,0,0
teapot_droplets,l200,550,4920.428,0.164450,0.813855,0.920462,0.707248,30,0.00027342,2,0.205982,0.021362,0.390603,0.846761,0.977783,0.715740,0.961812,0.940124,0.983501,0.004561,0.022223,0.056916,0.018461,0.000000,18,1,9,0,0
teapot_droplets,l200,575,4985.432,0.165906,0.814712,0.917397,0.712027,30,0.00026649,1,0.202101,0.020415,0.383788,0.849167,0.978658,0.719675,0.960710,0.936125,0.985294,0.004450,0.022024,0.061076,0.017162,0.000000,18,1,9,0,0
teapot_droplets,l200,600,5383.138,0.161196,0.816098,0.920169,0.712027,28,0.00032457,3,0.202680,0.021572,0.383788,0.848621,0.977566,0.719675,0.962657,0.940019,0.985294,0.004836,0.021680,0.057204,0.015585,0.000000,18,1,11,0,0
teapot_droplets,l200,625,5444.684,0.159525,0.817066,0.921435,0.712697,28,0.00038906,1,0.203820,0.020625,0.387016,0.848592,0.978539,0.718644,0.964481,0.940440,0.988522,0.004591,0.021971,0.057004,0.013696,0.000000,18,1,11,0,0
teapot_droplets,l200,650,5824.133,0.160252,0.817028,0.920584,0.713472,28,0.00041687,1,0.203723,0.022940,0.384505,0.848015,0.976219,0.719812,0.964754,0.941703,0.987805,0.005092,0.021782,0.055924,0.014315,0.000000,18,1,11,0,0
teapot_droplets,l200,675,5885.503,0.158605,0.817883,0.922442,0.713323,28,0.00039014,3,0.202049,0.020309,0.383788,0.849459,0.978877,0.720042,0.964132,0.941176,0.987088,0.004399,0.021836,0.056160,0.014826,0.000000,18,1,11,0,0
teapot_droplets,l200,700,6275.958,0.159426,0.816885,0.921919,0.711851,30,0.00038926,2,0.204686,0.020204,0.389168,0.848283,0.978970,0.717595,0.964713,0.940545,0.988881,0.004506,0.022310,0.056554,0.013022,0.000000,20,1,11,0,0
teapot_droplets,l200,725,6340.382,0.157212,0.818006,0.921801,0.714212,30,0.00022071,4,0.203471,0.021362,0.385581,0.848714,0.977814,0.719614,0.965545,0.941492,0.989598,0.004735,0.022048,0.055490,0.011886,0.000000,20,1,11,0,0
teapot_droplets,l200,750,6734.272,0.158541,0.817321,0.923013,0.711628,28,0.00028610,2,0.203885,0.019678,0.388092,0.848728,0.979520,0.717935,0.964491,0.941176,0.987805,0.004503,0.022081,0.056171,0.013428,0.000000,20,1,13,0,0
teapot_droplets,l200,775,6794.560,0.159210,0.816809,0.920847,0.712771,28,0.00025863,0,0.205526,0.023677,0.387374,0.847014,0.975498,0.718530,0.965765,0.942650,0.988881,0.005080,0.021975,0.055337,0.013143,0.000000,20,1,13,0,0
teapot_droplets,l200,800,7165.510,0.157960,0.818348,0.920371,0.716325,28,0.00028640,0,0.201099,0.020204,0.381994,0.850252,0.978936,0.721569,0.964462,0.938967,0.989957,0.004478,0.021719,0.058253,0.012246,0.000000,20,1,13,0,0
teapot_droplets,l200,825,7225.712,0.158082,0.818751,0.920879,0.716623,28,0.00019331,0,0.200509,0.020099,0.380918,0.850557,0.979052,0.722062,0.964493,0.939388,0.989598,0.004394,0.021744,0.058059,0.012884,0.000000,20,1,13,0,0
teapot_droplets,l200,850,7597.077,0.160006,0.817702,0.920822,0.714582,28,0.00016298,1,0.200858,0.019362,0.382353,0.850366,0.979789,0.720942,0.963228,0.938651,0.987805,0.004212,0.021862,0.058779,0.014580,0.000000,20,1,13,0,0
teapot_droplets,l200,875,7657.113,0.158852,0.816383,0.925811,0.706954,28,0.00031348,1,0.208096,0.018415,0.397776,0.846917,0.980843,0.712992,0.965512,0.942860,0.988164,0.004076,0.022730,0.055189,0.013848,0.000000,20,1,13,0,0
teapot_droplets,l200,900,8046.269,0.157118,0.816904,0.925315,0.708494,28,0.00030265,1,0.208938,0.020099,0.397776,0.846294,0.979151,0.713437,0.967114,0.943912,0.990316,0.004471,0.022705,0.053969,0.011666,0.000000,20,1,13,0,0
teapot_droplets,l200,925,8106.504,0.159120,0.813609,0.924344,0.702875,28,0.00018841,1,0.216140,0.022309,0.409971,0.842155,0.976936,0.707373,0.967999,0.944965,0.991033,0.004840,0.023292,0.052632,0.011494,0.000000,20,1,13,0,0
teapot_droplets,l200,950,8493.238,0.168100,0.806318,0.922601,0.690035,28,0.00015920,2,0.226123,0.019678,0.432568,0.837560,0.979511,0.695608,0.964639,0.940756,0.988522,0.004314,0.024766,0.056786,0.013549,0.000000,20,1,13,0,0
teapot_droplets,l200,975,8553.951,0.170769,0.806064,0.916607,0.695521,28,0.00023340,2,0.223115,0.020836,0.425395,0.838982,0.978218,0.699747,0.963548,0.935705,0.991392,0.004717,0.024470,0.062039,0.010775,0.000000,20,1,13,0,0
teapot_droplets,l200,1000,8926.988,0.172149,0.803446,0.915911,0.690982,28,0.00022051,2,0.228474,0.021151,0.435796,0.836343,0.977885,0.694800,0.963696,0.935284,0.992109,0.004792,0.024847,0.062197,0.010351,0.000000,20,1,13,0,0
teapot_droplets,l200,1025,8987.188,0.176564,0.799790,0.914063,0.685516,28,0.00023021,2,0.236779,0.027360,0.446198,0.830655,0.971690,0.689621,0.965232,0.939072,0.991392,0.006226,0.025511,0.058607,0.010449,0.000000,20,1,13,0,0
teapot_droplets,l2000,1,1.389,1.555599,0.188370,0.187974,0.188767,20,0.00005626,0,0.483933,0.109544,0.858321,0.472881,0.655640,0.290122,0.279677,0.208566,0.350789,0.025628,0.050610,0.785403,0.638043,0.000000,0,0,0,0,0
teapot_droplets,l2000,25,25.752,1.066714,0.366346,0.321230,0.411462,20,0.00002258,1,0.331471,0.060718,0.602224,0.685680,0.848755,0.522604,0.499994,0.340735,0.659254,0.014059,0.035228,0.653126,0.334949,0.000000,0,0,0,0,0
teapot_droplets,l2000,50,187.108,0.857229,0.460444,0.463105,0.457784,23,0.00045962,3,0.342577,0.053878,0.631277,0.721244,0.900583,0.541905,0.617414,0.488056,0.746772,0.012482,0.036556,0.505826,0.250144,0.000000,2,1,0,0,0
teapot_droplets,l2000,75,215.799,0.739834,0.524059,0.560749,0.487370,23,0.00007255,2,0.299581,0.051457,0.547704,0.749535,0.919731,0.579339,0.671954,0.589603,0.754304,0.011448,0.031629,0.405344,0.244330,0.000000,2,1,0,0,0
teapot_droplets,l2000,100,383.819,0.642283,0.575572,0.645933,0.505211,24,0.00038336,2,0.282481,0.050616,0.514347,0.764287,0.930592,0.597981,0.721846,0.678628,0.765065,0.011301,0.029434,0.316947,0.233463,0.000000,5,1,2,0,0
teapot_droplets,l2000,125,413.443,0.556969,0.617764,0.699849,0.535680,24,0.00003533,1,0.262663,0.047564,0.477762,0.781349,0.939075,0.623622,0.762372,0.733137,0.791607,0.010398,0.027313,0.262417,0.205566,0.000000,5,1,2,0,0
teapot_droplets,l2000,150,607.252,0.472430,0.657542,0.754679,0.560405,27,0.00007178,1,0.266611,0.045775,0.487446,0.788093,0.945180,0.631007,0.811398,0.789224,0.833572,0.010265,0.027898,0.206307,0.165908,0.000000,8,1,2,0,0
teapot_droplets,l2000,175,640.977,0.403258,0.691909,0.791671,0.592147,27,0.00011192,1,0.255119,0.048616,0.461621,0.798420,0.944677,0.652162,0.847827,0.830159,0.865495,0.010699,0.026526,0.165992,0.133086,0.000000,8,1,2,0,0
teapot_droplets,l2000,200,856.463,0.338492,0.721254,0.810904,0.631605,30,0.00019331,2,0.240663,0.042302,0.439024,0.813315,0.952336,0.674295,0.877051,0.845207,0.908895,0.009097,0.025009,0.150826,0.088704,0.000000,11,1,2,0,0
teapot_droplets,l2000,225,894.976,0.283782,0.748951,0.841118,0.656784,30,0.00007006,3,0.235345,0.043144,0.427547,0.819971,0.953132,0.686810,0.907498,0.877407,0.937590,0.009381,0.024241,0.118775,0.061995,0.000000,11,1,2,0,0
teapot_droplets,l2000,250,1135.421,0.259382,0.764264,0.852908,0.675620,29,0.00005542,3,0.219350,0.036620,0.402080,0.831124,0.960229,0.702020,0.915708,0.884142,0.947274,0.008089,0.023043,0.112239,0.051393,0.000000,11,1,3,0,0
teapot_droplets,l2000,275,1172.512,0.246830,0.769527,0.857607,0.681448,29,0.00008194,3,0.222146,0.036830,0.407461,0.831032,0.960227,0.701837,0.924152,0.889193,0.959110,0.007947,0.023344,0.107773,0.041256,0.000000,11,1,3,0,0
teapot_droplets,l2000,300,1390.158,0.231052,0.777104,0.868143,0.686064,29,0.00009184,0,0.220596,0.035883,0.405308,0.832831,0.961629,0.704034,0.931713,0.899295,0.964132,0.007795,0.023023,0.098185,0.035197,0.000000,14,1,6,0,0
teapot_droplets,l2000,325,1426.987,0.217221,0.784809,0.875394,0.694223,29,0.00013711,1,0.215787,0.034515,0.397059,0.836406,0.963286,0.709525,0.937740,0.905609,0.969871,0.007480,0.022486,0.090514,0.030872,0.000000,14,1,6,0,0
teapot_droplets,l2000,350,1656.297,0.196038,0.796478,0.897915,0.695041,31,0.00008903,2,0.216468,0.029780,0.403156,0.838159,0.968798,0.707520,0.949953,0.924655,0.975251,0.006485,0.023281,0.073253,0.025435,0.000000,17,1,7,0,0
teapot_droplets,l2000,375,1695.293,0.184336,0.800995,0.908625,0.693364,31,0.00005052,0,0.218972,0.027255,0.410689,0.837958,0.971629,0.704287,0.955755,0.933389,0.978121,0.006063,0.023381,0.064133,0.022868,0.000000,17,1,7,0,0
teapot_droplets,l2000,400,1941.631,0.173217,0.808713,0.914752,0.702675,30,0.00001395,1,0.210165,0.025781,0.394548,0.843101,0.973259,0.712944,0.959125,0.938335,0.979914,0.005511,0.022678,0.058776,0.020922,0.000000,17,1,8,0,0
teapot_droplets,l2000,425,1979.494,0.165042,0.815485,0.916350,0.714621,30,0.00001537,1,0.200124,0.023992,0.376255,0.849180,0.975068,0.723292,0.960918,0.938335,0.983501,0.005229,0.021480,0.058950,0.017586,0.000000,17,1,8,0,0
teapot_droplets,l2000,450,2220.885,0.161862,0.821008,0.918409,0.723607,30,0.00002904,3,0.186845,0.021467,0.352224,0.856470,0.977629,0.735310,0.958302,0.938125,0.978479,0.004538,0.020312,0.059823,0.020601,0.000000,17,1,8,0,0
teapot_droplets,l2000,475,2258.586,0.154144,0.825535,0.927880,0.723191,30,0.00001194,1,0.189662,0.021362,0.357963,0.855413,0.977956,0.732869,0.964883,0.947701,0.982066,0.004775,0.020639,0.050147,0.019458,0.000000,17,1,8,0,0
teapot_droplets,l2000,500,2496.604,0.149769,0.828475,0.931532,0.725417,31,0.00000448,1,0.186910,0.020520,0.353300,0.857114,0.978871,0.735357,0.966177,0.950647,0.981707,0.004601,0.020209,0.047034,0.020133,0.000000,18,1,8,0,0
teapot_droplets,l2000,525,2534.176,0.143062,0.832392,0.935912,0.728872,31,0.00001107,1,0.184175,0.022940,0.345409,0.858059,0.976599,0.739519,0.969007,0.957382,0.980631,0.005082,0.019748,0.040293,0.019337,0.000000,18,1,8,0,0
teapot_droplets,l2000,550,2771.367,0.142271,0.829753,0.937590,0.721915,31,0.00001173,2,0.190879,0.018415,0.363343,0.855725,0.981079,0.730370,0.969537,0.954856,0.984218,0.003953,0.020525,0.042257,0.017901,0.000000,18,1,8,0,0
teapot_droplets,l2000,575,2808.630,0.142034,0.833917,0.934286,0.733547,31,0.00000759,0,0.182001,0.023256,0.340746,0.859469,0.976252,0.742687,0.969757,0.956014,0.983501,0.004949,0.019366,0.041756,0.018795,0.000000,18,1,8,0,0
teapot_droplets,l2000,600,3042.027,0.146316,0.829352,0.932922,0.725781,31,0.00000441,0,0.189753,0.024413,0.355093,0.854909,0.975091,0.734727,0.969599,0.955698,0.983501,0.005303,0.020147,0.041867,0.018904,0.000000,18,1,8,0,0
teapot_droplets,l2000,625,3078.931,0.146008,0.828784,0.934702,0.722866,31,0.00000669,0,0.190824,0.020099,0.361549,0.855350,0.979356,0.731343,0.968853,0.953488,0.984218,0.004371,0.020696,0.044437,0.017522,0.000000,18,1,8,0,0
teapot_droplets,l2000,650,3311.490,0.143758,0.830451,0.932810,0.728091,30,0.00000755,0,0.187154,0.019573,0.354735,0.857663,0.979835,0.735491,0.968719,0.951068,0.986370,0.004121,0.020154,0.046983,0.015643,0.000000,18,1,9,0,0
teapot_droplets,l2000,675,3346.602,0.149016,0.827571,0.928351,0.726792,30,0.00001378,0,0.189186,0.022204,0.356169,0.855850,0.977137,0.734563,0.967308,0.948963,0.985653,0.004908,0.020132,0.049664,0.015736,0.000000,18,1,9,0,0
teapot_droplets,l2000,700,3581.399,0.146119,0.830976,0.929718,0.732233,30,0.00001421,0,0.185093,0.022624,0.347561,0.858136,0.976757,0.739516,0.968741,0.950752,0.986729,0.004883,0.019927,0.047763,0.015340,0.000000,18,1,9,0,0
teapot_droplets,l2000,725,3617.370,0.146053,0.830663,0.929852,0.731474,30,0.00001089,0,0.186001,0.021572,0.350430,0.857967,0.977795,0.738140,0.968858,0.949911,0.987805,0.004681,0.020045,0.048727,0.014639,0.000000,18,1,9,0,0
teapot_droplets,l2000,750,3846.695,0.141419,0.835373,0.931640,0.739107,30,0.00001129,0,0.176310,0.019047,0.333572,0.863739,0.980333,0.747145,0.967519,0.949384,0.985653,0.004070,0.019097,0.048595,0.015863,0.000000,18,1,9,0,0
teapot_droplets,l2000,775,3881.963,0.153650,0.820255,0.930548,0.709961,30,0.00003874,0,0.204514,0.022730,0.386298,0.847405,0.976674,0.718137,0.967959,0.951699,0.984218,0.004937,0.022116,0.045218,0.017265,0.000000,18,1,9,0,0
teapot_droplets,l2000,800,4108.186,0.160858,0.811754,0.933870,0.689638,30,0.00011265,0,0.223053,0.019994,0.426112,0.838576,0.979442,0.697710,0.968021,0.952541,0.983501,0.004276,0.024742,0.044998,0.017573,0.000000,18,1,9,0,0
teapot_droplets,l2000,825,4143.121,0.166906,0.806521,0.932694,0.680348,30,0.00026870,0,0.231417,0.020941,0.441894,0.833960,0.978482,0.689438,0.966608,0.952226,0.980990,0.004404,0.025663,0.044612,0.020363,0.000000,18,1,9,0,0
teapot_droplets,l2000,850,4372.838,0.160243,0.809068,0.936306,0.681829,30,0.00001094,0,0.231166,0.019362,0.442970,0.834830,0.980117,0.689542,0.969147,0.954435,0.983859,0.004300,0.025012,0.043289,0.017504,0.000000,18,1,9,0,0
teapot_droplets,l2000,875,4408.224,0.157801,0.817251,0.927725,0.706777,30,0.00005119,1,0.206331,0.020625,0.392037,0.846875,0.978682,0.715068,0.965359,0.946859,0.983859,0.004332,0.022552,0.050904,0.016857,0.000000,18,1,9,0,0
teapot_droplets,l2000,900,4644.030,0.156999,0.819036,0.923156,0.714916,30,0.00005071,0,0.202826,0.022940,0.382712,0.848592,0.976284,0.720900,0.966428,0.944333,0.988522,0.005201,0.021734,0.053473,0.013194,0.000000,18,1,9,0,0
teapot_droplets,l2000,925,4680.322,0.162157,0.813134,0.920341,0.705928,30,0.00001930,1,0.210779,0.023782,0.397776,0.844038,0.975381,0.712694,0.964479,0.942229,0.986729,0.005003,0.022774,0.054954,0.014096,0.000000,18,1,9,0,0
teapot_droplets,l2000,950,4912.975,0.152513,0.824804,0.922239,0.727369,32,0.00000416,1,0.191726,0.024413,0.359039,0.854187,0.974810,0.733564,0.966638,0.944754,0.988522,0.005330,0.020235,0.052793,0.014405,0.000000,20,1,9,0,0
teapot_droplets,l2000,975,4950.606,0.144043,0.832909,0.927594,0.738223,32,0.00000407,0,0.181590,0.023151,0.340029,0.860193,0.976188,0.744199,0.969154,0.949069,0.989240,0.005250,0.019300,0.048761,0.013082,0.000000,20,1,9,0,0
teapot_droplets,l2000,1000,5196.950,0.144488,0.833862,0.924390,0.743334,32,0.00001046,0,0.177360,0.022940,0.331779,0.862649,0.976315,0.748982,0.967777,0.945596,0.989957,0.005151,0.018902,0.051622,0.012703,0.000000,20,1,9,0,0
teapot_droplets,l2000,1025,5234.826,0.143586,0.832593,0.928807,0.736378,32,0.00000938,0,0.182130,0.021362,0.342898,0.860252,0.977978,0.742526,0.968764,0.948648,0.988881,0.004602,0.019562,0.049094,0.013781,0.000000,20,1,9,0,0
teapot_droplets,l2000,1050,5468.564,0.150879,0.826015,0.924398,0.727633,30,0.00000329,1,0.191042,0.023045,0.359039,0.854923,0.976211,0.733635,0.967291,0.945701,0.988881,0.004997,0.020327,0.052140,0.014203,0.000000,20,1,11,0,0
teapot_droplets,l500,1,1.373,1.555599,0.188370,0.187974,0.188767,20,0.00005626,0,0.483933,0.109544,0.858321,0.472881,0.655640,0.290122,0.279677,0.208566,0.350789,0.025628,0.050610,0.785403,0.638043,0.000000,0,0,0,0,0
teapot_droplets,l500,25,25.145,1.066714,0.366346,0.321230,0.411462,20,0.00002258,1,0.331471,0.060718,0.602224,0.685680,0.848755,0.522604,0.499994,0.340735,0.659254,0.014059,0.035228,0.653126,0.334949,0.000000,0,0,0,0,0
teapot_droplets,l500,50,182.934,0.857128,0.460544,0.463305,0.457784,23,0.00045962,3,0.342577,0.053878,0.631277,0.721263,0.900621,0.541905,0.617519,0.488267,0.746772,0.012482,0.036556,0.505598,0.250259,0.000000,2,1,0,0,0
teapot_droplets,l500,75,210.880,0.743779,0.522572,0.560705,0.484440,23,0.00007280,2,0.297914,0.051352,0.544476,0.749335,0.919869,0.578801,0.668852,0.589498,0.748207,0.011440,0.031401,0.405428,0.249573,0.000000,2,1,0,0,0
teapot_droplets,l500,100,367.951,0.647299,0.573105,0.644440,0.501771,23,0.00027736,1,0.284234,0.049458,0.519010,0.763380,0.931854,0.594905,0.719254,0.676313,0.762195,0.011098,0.029793,0.319426,0.236017,0.000000,5,1,3,0,0
teapot_droplets,l500,125,395.139,0.574703,0.609406,0.686174,0.532638,23,0.00041547,0,0.262316,0.046512,0.478121,0.780667,0.939169,0.622166,0.752696,0.718089,0.787303,0.010283,0.027068,0.277479,0.211355,0.000000,5,1,3,0,0
teapot_droplets,l500,150,573.036,0.497933,0.645597,0.724274,0.566920,26,0.00055216,1,0.252956,0.039987,0.465925,0.795176,0.949589,0.640763,0.792149,0.753236,0.831062,0.009028,0.026732,0.241648,0.168142,0.000000,8,1,3,0,0
teapot_droplets,l500,175,604.645,0.420167,0.682707,0.760098,0.605315,26,0.00062401,1,0.239175,0.034305,0.444046,0.810659,0.958189,0.663129,0.830138,0.786173,0.874103,0.007436,0.025492,0.209314,0.125341,0.000000,8,1,3,0,0
teapot_droplets,l500,200,809.158,0.352514,0.709993,0.778207,0.641780,29,0.00058102,1,0.243056,0.035252,0.450861,0.815919,0.958078,0.673761,0.868387,0.805640,0.931133,0.007525,0.025632,0.189935,0.068670,0.000000,11,1,3,0,0
teapot_droplets,l500,225,844.462,0.317556,0.729850,0.793202,0.666499,29,0.00045435,0,0.228437,0.033989,0.422884,0.825905,0.960207,0.691603,0.884256,0.820162,0.948350,0.007183,0.024070,0.175789,0.051686,0.000000,11,1,3,0,0
teapot_droplets,l500,250,1066.890,0.294931,0.740608,0.810536,0.670680,31,0.00047183,0,0.232392,0.034726,0.430057,0.825331,0.960241,0.690421,0.898896,0.838683,0.959110,0.007582,0.024541,0.156927,0.041913,0.000000,14,1,4,0,0
teapot_droplets,l500,275,1104.676,0.270237,0.753198,0.836057,0.670338,31,0.00047866,1,0.231564,0.030201,0.432927,0.827721,0.966124,0.689318,0.910926,0.861307,0.960545,0.006488,0.024786,0.134652,0.040144,0.000000,14,1,4,0,0
teapot_droplets,l500,300,1331.289,0.262667,0.754251,0.850026,0.658477,31,0.00048460,2,0.245277,0.030727,0.459828,0.821272,0.966117,0.676426,0.918703,0.876144,0.961263,0.006708,0.026205,0.120059,0.039763,0.000000,17,1,7,0,0
teapot_droplets,l500,325,1369.622,0.236919,0.772797,0.864018,0.681577,31,0.00043298,1,0.223486,0.027675,0.419297,0.833697,0.969774,0.697620,0.927645,0.887930,0.967360,0.005972,0.024058,0.108489,0.034300,0.000000,17,1,7,0,0
teapot_droplets,l500,350,1608.640,0.214859,0.787659,0.878691,0.696626,33,0.00026879,1,0.207742,0.022730,0.392755,0.843587,0.975331,0.711842,0.934447,0.898664,0.970230,0.004879,0.022477,0.097952,0.031148,0.000000,20,1,8,0,0
teapot_droplets,l500,375,1648.935,0.203603,0.789434,0.888855,0.690013,33,0.00035289,1,0.223391,0.028202,0.418580,0.835264,0.970066,0.700462,0.946380,0.913922,0.978838,0.006188,0.023901,0.082388,0.023205,0.000000,20,1,8,0,0
teapot_droplets,l500,400,1881.544,0.187587,0.799543,0.902171,0.696916,31,0.00033086,1,0.215021,0.022940,0.407102,0.841194,0.975745,0.706643,0.951749,0.922866,0.980631,0.005038,0.023028,0.074843,0.021067,0.000000,20,1,10,0,0
teapot_droplets,l500,425,1918.527,0.187113,0.800955,0.904010,0.697901,31,0.00033118,1,0.213551,0.026097,0.401004,0.840897,0.972636,0.709157,0.952682,0.927602,0.977762,0.005636,0.022634,0.069518,0.025048,0.000000,20,1,10,0,0
teapot_droplets,l500,450,2159.228,0.189171,0.798340,0.908326,0.688354,31,0.00029499,1,0.220915,0.025045,0.416786,0.837199,0.973806,0.700593,0.953163,0.931074,0.975251,0.005515,0.023777,0.065770,0.027025,0.000000,20,1,10,0,0
teapot_droplets,l500,475,2196.126,0.187150,0.798665,0.908250,0.689080,31,0.00025925,0,0.221571,0.024203,0.418938,0.837347,0.974642,0.700051,0.953997,0.930233,0.977762,0.005240,0.023933,0.066697,0.024355,0.000000,20,1,10,0,0
teapot_droplets,l500,500,2433.579,0.184000,0.800975,0.905921,0.696029,31,0.00025461,0,0.214497,0.020099,0.408895,0.842222,0.978714,0.705731,0.952380,0.924129,0.980631,0.004211,0.023375,0.072655,0.021248,0.000000,20,1,10,0,0
teapot_droplets,l500,525,2469.719,0.176285,0.804353,0.911874,0.696831,31,0.00039944,0,0.217967,0.020941,0.414993,0.840895,0.978001,0.703789,0.958490,0.930969,0.986011,0.004440,0.023814,0.066031,0.016518,0.000000,20,1,10,0,0
teapot_droplets,l500,550,2702.341,0.170655,0.809944,0.913536,0.706351,31,0.00024076,0,0.208608,0.022309,0.394907,0.845274,0.976670,0.713877,0.959605,0.933916,0.985294,0.004793,0.022564,0.063340,0.016662,0.000000,20,1,10,0,0
teapot_droplets,l500,575,2738.238,0.172884,0.808967,0.915190,0.702744,31,0.00039060,0,0.209822,0.021151,0.398494,0.844686,0.977868,0.711504,0.958665,0.934547,0.982783,0.004546,0.022944,0.062538,0.019293,0.000000,20,1,10,0,0
teapot_droplets,l500,600,2976.295,0.171801,0.809215,0.918303,0.700128,32,0.00011132,1,0.216691,0.029149,0.404232,0.839357,0.970080,0.708635,0.964106,0.945070,0.983142,0.006453,0.023282,0.052556,0.019307,0.000000,21,1,10,0,0
teapot_droplets,l500,625,3014.182,0.168878,0.806359,0.920643,0.692075,32,0.00012213,1,0.226714,0.027675,0.425753,0.835079,0.971580,0.698578,0.966426,0.946122,0.986729,0.006125,0.024319,0.050415,0.015358,0.000000,21,1,10,0,0
teapot_droplets,l500,650,3254.615,0.168605,0.808380,0.917548,0.699212,31,0.00011528,2,0.217761,0.024834,0.410689,0.840151,0.974270,0.706033,0.963352,0.940335,0.986370,0.005443,0.023408,0.056661,0.015185,0.000000,21,1,11,0,0
teapot_droplets,l500,675,3291.253,0.169752,0.810934,0.909987,0.711882,31,0.00008539,0,0.205418,0.025255,0.385581,0.846299,0.973644,0.718954,0.959669,0.932969,0.986370,0.005310,0.022066,0.064335,0.014707,0.000000,21,1,11,0,0
teapot_droplets,l500,700,3532.644,0.166027,0.810621,0.914394,0.706848,31,0.00009107,1,0.212453,0.026413,0.398494,0.842663,0.972628,0.712697,0.963534,0.938546,0.988522,0.005717,0.022548,0.058312,0.013033,0.000000,21,1,11,0,0
teapot_droplets,l500,725,3569.131,0.167998,0.807517,0.916324,0.698710,31,0.00016390,1,0.221401,0.024939,0.417862,0.838734,0.974132,0.703336,0.964926,0.939177,0.990674,0.005399,0.023937,0.057627,0.011565,0.000000,21,1,11,0,0
teapot_droplets,l500,750,3814.425,0.162612,0.814457,0.919720,0.709194,31,0.00014098,1,0.205612,0.022414,0.388809,0.846845,0.976719,0.716971,0.962635,0.940335,0.984935,0.004839,0.022253,0.056479,0.015722,0.000000,21,1,11,0,0
teapot_droplets,l500,775,3851.704,0.163496,0.812042,0.920276,0.703808,31,0.00009286,0,0.211912,0.020309,0.403515,0.844403,0.978828,0.709977,0.963386,0.938967,0.987805,0.004320,0.022947,0.058484,0.014038,0.000000,21,1,11,0,0
teapot_droplets,l500,800,4086.840,0.161536,0.812380,0.924122,0.700637,31,0.00014187,0,0.214959,0.022098,0.407819,0.842313,0.977139,0.707486,0.965457,0.944544,0.986370,0.004717,0.023339,0.052351,0.014801,0.000000,21,1,11,0,0
teapot_droplets,l500,825,4123.377,0.169517,0.804138,0.923045,0.685231,31,0.00009670,1,0.232723,0.022835,0.442611,0.833556,0.976385,0.690727,0.966323,0.944123,0.988522,0.004988,0.025424,0.053088,0.013542,0.000000,21,1,11,0,0
teapot_droplets,l500,850,4358.280,0.171461,0.800527,0.922562,0.678492,30,0.00018298,1,0.238885,0.021888,0.455882,0.830767,0.977310,0.684224,0.965280,0.942755,0.987805,0.004740,0.026196,0.053741,0.012884,0.000000,21,1,12,0,0
teapot_droplets,l500,875,4394.776,0.175283,0.798334,0.919509,0.677158,30,0.00017123,1,0.239899,0.021046,0.458752,0.830471,0.978075,0.682866,0.963333,0.938861,0.987805,0.004546,0.026256,0.057992,0.013426,0.000000,21,1,12,0,0
teapot_droplets,l500,900,4626.477,0.175965,0.798349,0.918390,0.678308,30,0.00015869,0,0.240456,0.022519,0.458393,0.829966,0.976581,0.683350,0.964156,0.939072,0.989240,0.004812,0.026366,0.058096,0.012584,0.000000,21,1,12,0,0
teapot_droplets,l500,925,4662.235,0.175930,0.796850,0.919543,0.674157,30,0.00021154,0,0.244952,0.021467,0.468436,0.828228,0.977656,0.678800,0.964620,0.939282,0.989957,0.004620,0.026791,0.057122,0.012546,0.000000,21,1,12,0,0
teapot_droplets,l500,950,4896.196,0.174812,0.797772,0.921716,0.673828,30,0.00033985,0,0.246047,0.022940,0.469154,0.827357,0.976248,0.678466,0.966409,0.942860,0.989957,0.005022,0.026928,0.054306,0.011865,0.000000,21,1,12,0,0
teapot_droplets,l500,975,4932.003,0.176709,0.795982,0.916255,0.675709,30,0.00020242,1,0.245277,0.022835,0.467719,0.827871,0.976214,0.679528,0.964464,0.937178,0.991750,0.004942,0.026507,0.059769,0.010621,0.000000,21,1,12,0,0
teapot_droplets,l500,1000,5168.958,0.179929,0.793991,0.916693,0.671290,30,0.00008512,0,0.246137,0.018100,0.474175,0.828518,0.980976,0.676060,0.961441,0.933284,0.989598,0.003897,0.027297,0.063087,0.011990,0.000000,21,1,12,0,0
teapot_droplets,l500,1025,5204.610,0.198609,0.775722,0.914094,0.637350,30,0.00016015,1,0.286477,0.019152,0.553802,0.810602,0.979856,0.641347,0.960958,0.931601,0.990316,0.003958,0.032059,0.065533,0.010949,0.000000,21,1,12,0,0
teapot_droplets,l500,1050,5424.507,0.189187,0.781733,0.921289,0.642176,31,0.00011652,1,0.280707,0.018731,0.542683,0.813257,0.980433,0.646082,0.964610,0.938546,0.990674,0.004000,0.031186,0.057736,0.011638,0.000000,23,1,13,0,0
teapot_droplets,l500,1075,5461.477,0.180074,0.790205,0.924197,0.656213,31,0.00027504,1,0.264313,0.018941,0.509684,0.820287,0.980283,0.660292,0.966188,0.941703,0.990674,0.003960,0.029299,0.055411,0.011422,0.000000,23,1,13,0,0
teapot_droplets,l500,1100,5697.905,0.174047,0.795680,0.924773,0.666586,31,0.00047255,1,0.251788,0.021151,0.482425,0.825022,0.978093,0.671951,0.966248,0.944333,0.988164,0.004461,0.027511,0.052296,0.012835,0.000000,23,1,13,0,0
