pair,arm,config,step,seconds,loss,mean_iou,view1_iou,view2_iou,patches,overlap,overlap_repaired_pairs,mean_spill,view1_spill,view2_spill,mean_precision,view1_precision,view2_precision,mean_coverage,view1_coverage,view2_coverage,view1_negative_space,view2_negative_space,view1_silhouette,view2_silhouette,lambda_count,total_adds,total_splits,total_deletes,count_active,target_reached
sun_moon,hinge2_restart_importnet,nonorm1p25,1,1.534,0.728044,0.250937,0.206351,0.295524,20,0.00021183,0,0.118218,0.146608,0.089827,0.699671,0.617423,0.781918,0.279337,0.236603,0.322070,0.032918,0.018148,0.169675,0.130441,0.000000,0,0,0,0,0
sun_moon,hinge2_restart_importnet,nonorm1p25,25,27.967,0.525467,0.368221,0.354986,0.381456,20,0.00052488,3,0.048518,0.062770,0.034265,0.888721,0.857353,0.920089,0.385898,0.377269,0.394527,0.013946,0.006873,0.127910,0.108617,0.000000,0,0,0,0,0
sun_moon,hinge2_restart_importnet,nonorm1p25,50,351.714,0.431116,0.475519,0.472524,0.478513,23,0.00104548,2,0.039097,0.053803,0.024390,0.927544,0.902487,0.952601,0.494066,0.497947,0.490184,0.011906,0.004928,0.103501,0.090649,0.000000,2,1,0,0,0
sun_moon,hinge2_restart_importnet,nonorm1p25,75,382.297,0.347901,0.583941,0.576309,0.591572,23,0.00089746,4,0.037727,0.056180,0.019274,0.942263,0.915502,0.969025,0.605830,0.608686,0.602974,0.012437,0.003777,0.083065,0.070302,0.000000,2,1,0,0,0
sun_moon,hinge2_restart_importnet,nonorm1p25,100,732.156,0.302544,0.633309,0.603669,0.662949,24,0.00055450,4,0.030923,0.048401,0.013444,0.954669,0.928957,0.980382,0.652374,0.632887,0.671862,0.010542,0.002651,0.076878,0.057709,0.000000,4,1,1,0,0
sun_moon,hinge2_restart_importnet,nonorm1p25,125,764.015,0.266889,0.679451,0.641729,0.717172,24,0.00050280,5,0.029983,0.046997,0.012968,0.958544,0.934626,0.982462,0.699180,0.671889,0.726472,0.010099,0.002493,0.069250,0.048279,0.000000,4,1,1,0,0
sun_moon,hinge2_restart_importnet,nonorm1p25,150,1118.514,0.238820,0.715991,0.680004,0.751977,26,0.00010032,6,0.029099,0.050346,0.007852,0.961949,0.934153,0.989745,0.736061,0.714239,0.757882,0.010886,0.001418,0.062029,0.041966,0.000000,7,1,2,0,0
sun_moon,hinge2_restart_importnet,nonorm1p25,175,1153.256,0.212354,0.749997,0.713037,0.786957,26,0.00010074,2,0.028006,0.050778,0.005235,0.964978,0.936529,0.993426,0.770160,0.749244,0.791077,0.010746,0.001063,0.055307,0.036073,0.000000,7,1,2,0,0
sun_moon,hinge2_restart_importnet,nonorm1p25,200,1559.569,0.185068,0.782939,0.748632,0.817246,27,0.00004710,3,0.025981,0.046132,0.005830,0.968665,0.944372,0.992958,0.802589,0.783168,0.822011,0.009733,0.001203,0.047951,0.030896,0.000000,8,1,2,0,0
sun_moon,hinge2_restart_importnet,nonorm1p25,225,1595.810,0.166860,0.808870,0.769936,0.847803,27,0.00003506,2,0.026569,0.048617,0.004521,0.968961,0.943203,0.994719,0.829502,0.807368,0.851636,0.010270,0.000866,0.043899,0.025599,0.000000,8,1,2,0,0
sun_moon,hinge2_restart_importnet,nonorm1p25,250,2025.504,0.143438,0.832048,0.800374,0.863722,29,0.00004710,4,0.022264,0.039650,0.004878,0.974464,0.954517,0.994411,0.850022,0.832109,0.867936,0.008101,0.000998,0.037521,0.022807,0.000000,10,1,2,0,0
sun_moon,hinge2_restart_importnet,nonorm1p25,275,2064.518,0.125989,0.856214,0.821618,0.890810,29,0.00008659,3,0.021065,0.037489,0.004640,0.976357,0.957873,0.994842,0.873682,0.852420,0.894943,0.007847,0.001037,0.033572,0.018287,0.000000,10,1,2,0,0
sun_moon,hinge2_restart_importnet,nonorm1p25,300,2505.216,0.115224,0.868421,0.834498,0.902344,28,0.00006309,5,0.020546,0.035977,0.005116,0.977219,0.960048,0.994391,0.885740,0.864520,0.906960,0.007412,0.000976,0.030839,0.016266,0.000000,10,1,3,0,0
sun_moon,hinge2_restart_importnet,nonorm1p25,325,2542.751,0.108969,0.877753,0.843172,0.912335,28,0.00011743,3,0.020526,0.034032,0.007020,0.977425,0.962433,0.992417,0.895303,0.871867,0.918739,0.007175,0.001318,0.029310,0.014517,0.000000,10,1,3,0,0
sun_moon,hinge2_restart_importnet,nonorm1p25,350,2966.808,0.107556,0.881751,0.848051,0.915452,28,0.00006805,4,0.022797,0.033816,0.011779,0.975152,0.962862,0.987443,0.901481,0.876729,0.926234,0.006981,0.002244,0.028230,0.013993,0.000000,10,2,4,0,0
sun_moon,hinge2_restart_importnet,nonorm1p25,375,3004.463,0.098038,0.889395,0.852286,0.926504,28,0.00009714,4,0.019818,0.032736,0.006901,0.978400,0.964142,0.992657,0.906541,0.880186,0.932897,0.006445,0.001342,0.027078,0.012173,0.000000,10,2,4,0,0
sun_moon,hinge2_restart_importnet,nonorm1p25,400,3435.511,0.092108,0.897597,0.859352,0.935843,27,0.00010201,3,0.019520,0.033924,0.005116,0.978907,0.963223,0.994591,0.914568,0.888505,0.940631,0.006885,0.000903,0.025948,0.010336,0.000000,10,2,5,0,0
sun_moon,hinge2_restart_importnet,nonorm1p25,425,3471.766,0.091804,0.899983,0.855950,0.944016,27,0.00008163,4,0.019049,0.035004,0.003093,0.979367,0.961990,0.996744,0.916424,0.885912,0.946936,0.007359,0.000553,0.026876,0.009107,0.000000,10,2,5,0,0
sun_moon,hinge2_restart_importnet,nonorm1p25,450,3905.712,0.089319,0.904535,0.859046,0.950024,27,0.00007102,3,0.020037,0.037813,0.002261,0.978472,0.959312,0.997632,0.921851,0.891530,0.952171,0.007810,0.000425,0.026178,0.008163,0.000000,10,2,5,0,0
sun_moon,hinge2_restart_importnet,nonorm1p25,475,3942.011,0.088732,0.906472,0.863632,0.949311,27,0.00005887,4,0.019659,0.037057,0.002261,0.978949,0.960269,0.997630,0.923546,0.895635,0.951457,0.007897,0.000529,0.025471,0.008342,0.000000,10,2,5,0,0
sun_moon,hinge2_restart_importnet,nonorm1p25,500,4356.300,0.085599,0.907417,0.863409,0.951425,26,0.00005384,2,0.019367,0.036949,0.001785,0.979249,0.960366,0.998131,0.924217,0.895311,0.953123,0.007502,0.000289,0.025143,0.007900,0.000000,10,2,6,0,0
sun_moon,hinge2_restart_importnet,nonorm1p25,525,4391.024,0.087520,0.906681,0.863380,0.949982,26,0.00009144,2,0.019082,0.034356,0.003807,0.979489,0.962954,0.996023,0.923321,0.893042,0.953599,0.007321,0.000776,0.025486,0.008121,0.000000,10,2,6,0,0
sun_moon,hinge2_restart_importnet,nonorm1p25,550,4806.692,0.085441,0.907544,0.864120,0.950968,26,0.00012140,4,0.018681,0.035220,0.002142,0.979939,0.962119,0.997758,0.923780,0.894555,0.953004,0.007164,0.000423,0.025131,0.008064,0.000000,10,2,6,0,0
sun_moon,hinge2_restart_importnet,nonorm1p25,575,4841.292,0.085923,0.908945,0.866216,0.951674,26,0.00012482,3,0.019864,0.037705,0.002023,0.978813,0.959742,0.997883,0.926238,0.898876,0.953599,0.007775,0.000471,0.024756,0.007855,0.000000,10,2,6,0,0
sun_moon,hinge2_restart_importnet,nonorm1p25,600,5253.035,0.085810,0.908619,0.867411,0.949828,26,0.00011037,2,0.019373,0.035653,0.003093,0.979296,0.961828,0.996764,0.925551,0.898336,0.952766,0.007458,0.000637,0.024594,0.008154,0.000000,10,2,6,0,0
sun_moon,hinge2_restart_importnet,nonorm1p25,625,5287.764,0.086361,0.907484,0.864196,0.950771,26,0.00009593,2,0.018989,0.035004,0.002974,0.979615,0.962339,0.996891,0.924023,0.894447,0.953599,0.007374,0.000592,0.025252,0.007936,0.000000,10,2,6,0,0
sun_moon,hinge2_restart_importnet,nonorm1p25,650,5704.405,0.084442,0.908453,0.864225,0.952681,26,0.00008728,2,0.017967,0.035220,0.000714,0.980688,0.962124,0.999252,0.924012,0.894663,0.953361,0.007265,0.000205,0.025065,0.007788,0.000000,10,2,6,0,0
sun_moon,hinge2_restart_importnet,nonorm1p25,675,5739.018,0.083131,0.909809,0.865845,0.953773,26,0.00012722,1,0.017611,0.034032,0.001190,0.981068,0.963381,0.998756,0.925109,0.895311,0.954908,0.007036,0.000288,0.024895,0.007472,0.000000,10,2,6,0,0
sun_moon,hinge2_restart_importnet,nonorm1p25,700,6146.793,0.082145,0.912629,0.869465,0.955793,25,0.00013189,2,0.017881,0.034572,0.001190,0.980873,0.962989,0.998758,0.928228,0.899525,0.956930,0.007290,0.000288,0.024332,0.007221,0.000000,10,2,7,0,1
sun_moon,hinge2_restart_importnet,nonorm1p25,725,6180.386,0.081258,0.910988,0.870167,0.951810,25,0.00011589,2,0.016693,0.031007,0.002380,0.982053,0.966593,0.997512,0.925611,0.897148,0.954075,0.006576,0.000422,0.024050,0.007791,0.000000,10,2,7,0,1
sun_moon,hinge2_restart_importnet,nonorm1p25,750,6569.316,0.082270,0.911326,0.871467,0.951185,25,0.00010472,3,0.018180,0.032195,0.004164,0.980552,0.965445,0.995659,0.927335,0.899525,0.955146,0.006668,0.000814,0.023790,0.007956,0.000000,10,2,7,0,1
sun_moon,hinge2_restart_importnet,nonorm1p25,775,6602.914,0.080298,0.912506,0.872042,0.952969,25,0.00011698,3,0.016774,0.031763,0.001785,0.982018,0.965901,0.998134,0.927205,0.899741,0.954670,0.006541,0.000402,0.023643,0.007786,0.000000,10,2,7,0,1
sun_moon,hinge2_restart_importnet,nonorm1p25,800,6989.875,0.081315,0.912162,0.872746,0.951578,25,0.00012856,3,0.016591,0.030683,0.002499,0.982201,0.967015,0.997388,0.926740,0.899525,0.953956,0.006613,0.000495,0.023688,0.008039,0.000000,10,2,7,0,1
sun_moon,hinge2_restart_importnet,nonorm1p25,825,7023.470,0.080657,0.911042,0.871478,0.950606,25,0.00009403,2,0.016731,0.031439,0.002023,0.982044,0.966206,0.997881,0.925702,0.898876,0.952528,0.006490,0.000353,0.023706,0.008036,0.000000,10,2,7,0,1
sun_moon,hinge2_restart_importnet,nonorm1p25,850,7418.131,0.081584,0.911753,0.872758,0.950748,25,0.00019465,3,0.016213,0.029927,0.002499,0.982582,0.967779,0.997385,0.926000,0.898876,0.953123,0.006607,0.000512,0.023718,0.008106,0.000000,10,2,7,0,1
sun_moon,hinge2_restart_importnet,nonorm1p25,875,7451.422,0.083037,0.911978,0.870207,0.953748,25,0.00005167,1,0.017272,0.031331,0.003212,0.981461,0.966267,0.996654,0.927142,0.897472,0.956811,0.006962,0.000695,0.024336,0.007594,0.000000,10,2,7,0,1
sun_moon,hinge2_restart_importnet,nonorm1p25,900,7845.209,0.081366,0.911929,0.868043,0.955814,25,0.00004782,1,0.016228,0.030791,0.001666,0.982498,0.966733,0.998263,0.926089,0.894771,0.957406,0.006689,0.000381,0.024617,0.007212,0.000000,10,2,7,0,1
sun_moon,hinge2_restart_importnet,nonorm1p25,925,7878.695,0.081371,0.912934,0.869201,0.956666,25,0.00005308,1,0.016898,0.031655,0.002142,0.981837,0.965902,0.997771,0.927715,0.896716,0.958715,0.006806,0.000477,0.024448,0.007115,0.000000,10,2,7,0,1
sun_moon,hinge2_restart_importnet,nonorm1p25,950,8282.152,0.079714,0.913007,0.869921,0.956094,25,0.00005448,1,0.015840,0.029062,0.002617,0.982917,0.968556,0.997277,0.926900,0.895203,0.958596,0.006156,0.000572,0.024188,0.007240,0.000000,10,2,7,0,1
sun_moon,hinge2_restart_importnet,nonorm1p25,975,8316.143,0.080424,0.912299,0.868675,0.955923,25,0.00005281,1,0.015299,0.029170,0.001428,0.983457,0.968403,0.998511,0.925651,0.894015,0.957287,0.006461,0.000293,0.024575,0.007176,0.000000,10,2,7,0,1
sun_moon,hinge2_restart_importnet,nonorm1p25,1000,8721.213,0.079833,0.913270,0.869310,0.957229,25,0.00003844,1,0.015731,0.030035,0.001428,0.983029,0.967546,0.998513,0.927008,0.895419,0.958596,0.006535,0.000297,0.024426,0.006938,0.000000,10,2,7,0,1
sun_moon,hinge2_restart_importnet,nonorm1p25,1025,8755.084,0.083413,0.911565,0.869356,0.953775,25,0.00007597,1,0.017515,0.031223,0.003807,0.981192,0.966344,0.996039,0.926953,0.896500,0.957406,0.006897,0.000801,0.024506,0.007551,0.000000,10,2,7,0,1
sun_moon,hinge2_restart_importnet,nonorm1p25,1050,9157.111,0.087734,0.907634,0.866053,0.949215,25,0.00008918,1,0.019894,0.032411,0.007377,0.978682,0.965019,0.992345,0.925170,0.894123,0.956217,0.007114,0.001323,0.025089,0.008202,0.000000,10,2,7,0,1
sun_moon,hinge2_restart_importnet,nonorm1p25,1075,9190.915,0.087270,0.908999,0.868760,0.949239,25,0.00011828,2,0.020078,0.032303,0.007852,0.978546,0.965233,0.991859,0.926758,0.896824,0.956692,0.007001,0.001585,0.024545,0.008317,0.000000,10,2,7,0,1
sun_moon,hinge2_restart_importnet,nonorm1p25,1100,9594.322,0.084002,0.910898,0.872161,0.949635,25,0.00012256,2,0.019361,0.027658,0.011065,0.979336,0.970065,0.988607,0.928213,0.896283,0.960143,0.005992,0.002054,0.023773,0.008126,0.000000,10,2,7,0,1
sun_moon,hinge2_restart_importnet,nonorm1p25,1125,9627.927,0.082124,0.911168,0.876052,0.946283,25,0.00005600,2,0.018394,0.026793,0.009994,0.980363,0.971075,0.989651,0.927633,0.899525,0.955741,0.005639,0.001921,0.022858,0.008736,0.000000,10,2,7,0,1
sun_moon,hinge2_restart_importnet,nonorm1p25,1150,10028.339,0.082782,0.910517,0.875725,0.945309,25,0.00002271,0,0.017178,0.024957,0.009399,0.981597,0.972948,0.990246,0.925887,0.897580,0.954194,0.005440,0.001891,0.023168,0.009051,0.000000,10,2,7,0,1
sun_moon,hinge2_restart_importnet,nonorm1p25,1175,10061.885,0.084612,0.909407,0.874671,0.944144,25,0.00006944,2,0.018800,0.025821,0.011779,0.979924,0.972027,0.987820,0.926260,0.897256,0.955265,0.005622,0.002263,0.023251,0.009176,0.000000,10,2,7,0,1
sun_moon,hinge2_restart_importnet,nonorm1p25,1200,10435.201,0.085801,0.909280,0.875316,0.943243,24,0.00003820,1,0.019211,0.025929,0.012493,0.979512,0.971936,0.987088,0.926519,0.898012,0.955027,0.005771,0.002466,0.023290,0.009302,0.000000,10,2,8,0,1
sun_moon,hinge2_restart_importnet,nonorm1p25,1225,10467.169,0.083954,0.909312,0.875989,0.942635,24,0.00004733,2,0.018330,0.024525,0.012136,0.980420,0.973401,0.987440,0.925773,0.897472,0.954075,0.005256,0.002440,0.023011,0.009330,0.000000,10,2,8,0,1
sun_moon,hinge2_restart_importnet,nonorm1p25,1250,10833.808,0.086452,0.908978,0.874750,0.943206,24,0.00003366,2,0.021059,0.028198,0.013920,0.977627,0.969602,0.985653,0.927876,0.899417,0.956336,0.005831,0.002776,0.023129,0.009326,0.000000,10,2,8,0,1
sun_moon,hinge2_restart_importnet,nonorm1p25,1275,10865.250,0.082237,0.911496,0.876120,0.946872,24,0.00003802,2,0.017367,0.024741,0.009994,0.981420,0.973182,0.989658,0.927066,0.897796,0.956336,0.005462,0.001985,0.023121,0.008675,0.000000,10,2,8,0,1
sun_moon,hinge2_restart_importnet,nonorm1p25,1300,11230.761,0.082229,0.911626,0.872739,0.950513,24,0.00002135,2,0.018491,0.027226,0.009756,0.980232,0.970526,0.989937,0.928143,0.896500,0.959786,0.005797,0.001912,0.023393,0.008077,0.000000,10,2,8,0,1
sun_moon,hinge2_restart_importnet,nonorm1p25,1325,11262.363,0.079144,0.913752,0.876394,0.951110,24,0.00005008,1,0.017253,0.027010,0.007496,0.981552,0.970866,0.992239,0.929152,0.900065,0.958239,0.005767,0.001424,0.022862,0.007704,0.000000,10,2,8,0,1
sun_moon,hinge2_restart_importnet,nonorm1p25,1350,11630.080,0.075779,0.915719,0.875395,0.956043,24,0.00002492,2,0.014939,0.025713,0.004164,0.983921,0.972160,0.995681,0.928964,0.897904,0.960024,0.005523,0.000809,0.022925,0.007040,0.000000,10,2,8,0,1
sun_moon,hinge2_restart_importnet,nonorm1p25,1375,11661.909,0.074392,0.916392,0.880177,0.952607,24,0.00002841,2,0.014669,0.025173,0.004164,0.984263,0.972860,0.995666,0.929454,0.902334,0.956573,0.005420,0.000760,0.022106,0.007356,0.000000,10,2,8,0,1
sun_moon,hinge2_restart_importnet,nonorm1p25,1400,12032.647,0.074524,0.918951,0.883244,0.954658,24,0.00002480,2,0.016057,0.027118,0.004997,0.982897,0.970976,0.994819,0.933312,0.907195,0.959429,0.005935,0.000884,0.021587,0.007142,0.000000,10,2,8,0,1
sun_moon,hinge2_restart_importnet,nonorm1p25,1425,12064.725,0.073003,0.920124,0.885660,0.954589,24,0.00003486,1,0.014798,0.026145,0.003450,0.984223,0.972036,0.996411,0.933349,0.908816,0.957882,0.005684,0.000746,0.021145,0.007307,0.000000,10,2,8,0,1
sun_moon,hinge2_restart_importnet,nonorm1p25,1450,12432.406,0.075639,0.916829,0.883953,0.949704,24,0.00002678,2,0.017046,0.028738,0.005354,0.981895,0.969365,0.994424,0.932072,0.909356,0.954789,0.005993,0.000919,0.021338,0.007832,0.000000,10,2,8,0,1
sun_moon,hinge2_restart_importnet,nonorm1p25,1475,12464.335,0.072691,0.921640,0.891001,0.952279,24,0.00002491,2,0.016803,0.028846,0.004759,0.982272,0.969493,0.995051,0.936757,0.916703,0.956811,0.006118,0.000883,0.020093,0.007492,0.000000,10,2,8,0,1
sun_moon,hinge2_restart_importnet,nonorm1p25,1500,12836.730,0.075101,0.921817,0.891849,0.951784,24,0.00002319,2,0.018354,0.029927,0.006782,0.980710,0.968447,0.992973,0.938389,0.918539,0.958239,0.006490,0.001300,0.020106,0.007700,0.000000,10,2,8,0,1
sun_moon,hinge2_restart_importnet,nonorm1p25,1525,12868.786,0.074632,0.921044,0.893318,0.948770,24,0.00002075,2,0.017759,0.029927,0.005592,0.981335,0.968498,0.994173,0.937063,0.920052,0.954075,0.006541,0.001082,0.019652,0.008128,0.000000,10,2,8,0,1
sun_moon,hinge2_restart_importnet,nonorm1p25,1550,13241.159,0.073788,0.923184,0.897119,0.949249,23,0.00003407,2,0.018467,0.031223,0.005711,0.980703,0.967352,0.994054,0.939900,0.925130,0.954670,0.006789,0.001077,0.018998,0.008052,0.000000,10,2,9,0,1
sun_moon,hinge2_restart_importnet,nonorm1p25,1575,13271.730,0.072894,0.922427,0.897460,0.947393,23,0.00004391,1,0.017906,0.029386,0.006425,0.981239,0.969171,0.993307,0.938657,0.923833,0.953480,0.006243,0.001236,0.018655,0.008428,0.000000,10,2,9,0,1
sun_moon,hinge2_restart_importnet,nonorm1p25,1600,13632.726,0.071519,0.924580,0.900378,0.948782,23,0.00003064,1,0.017500,0.029170,0.005830,0.981705,0.969481,0.993928,0.940478,0.926642,0.954313,0.006278,0.001144,0.018281,0.008192,0.000000,10,2,9,0,1
sun_moon,hinge2_restart_importnet,nonorm1p25,1625,13663.009,0.069862,0.927584,0.902224,0.952944,23,0.00002223,1,0.018062,0.029818,0.006306,0.981186,0.968905,0.993467,0.944040,0.929127,0.958953,0.006456,0.001194,0.017882,0.007479,0.000000,10,2,9,0,1
sun_moon,hinge2_restart_importnet,nonorm1p25,1650,14023.087,0.069584,0.928344,0.901889,0.954798,23,0.00004384,1,0.017538,0.029602,0.005473,0.981719,0.969106,0.994331,0.944305,0.928587,0.960024,0.006385,0.001140,0.018081,0.007289,0.000000,10,2,9,0,1
sun_moon,hinge2_restart_importnet,nonorm1p25,1675,14053.193,0.071724,0.925855,0.899392,0.952319,23,0.00001822,0,0.017705,0.029818,0.005592,0.981502,0.968810,0.994195,0.941927,0.926210,0.957644,0.006640,0.001119,0.018611,0.007546,0.000000,10,2,9,0,1
sun_moon,hinge2_restart_importnet,nonorm1p25,1700,14419.371,0.071050,0.927175,0.900492,0.953857,23,0.00003860,0,0.018515,0.031439,0.005592,0.980732,0.967259,0.994204,0.943997,0.928803,0.959191,0.006812,0.001081,0.018236,0.007409,0.000000,10,2,9,0,1
sun_moon,hinge2_restart_importnet,nonorm1p25,1725,14449.702,0.071864,0.926849,0.901852,0.951846,23,0.00005280,1,0.019056,0.032519,0.005592,0.980224,0.966256,0.994192,0.944174,0.931180,0.957168,0.006997,0.001130,0.018090,0.007665,0.000000,10,2,9,0,1
sun_moon,hinge2_restart_importnet,nonorm1p25,1750,14810.594,0.071235,0.928110,0.901766,0.954454,23,0.00003884,1,0.019763,0.033816,0.005711,0.979541,0.964997,0.994086,0.946082,0.932260,0.959905,0.007256,0.001086,0.018018,0.007158,0.000000,10,2,9,0,1
sun_moon,hinge2_restart_importnet,nonorm1p25,1775,14840.340,0.072399,0.927910,0.900752,0.955067,23,0.00003175,2,0.020163,0.034140,0.006187,0.979124,0.964645,0.993603,0.946240,0.931504,0.960976,0.007339,0.001283,0.018258,0.007153,0.000000,10,2,9,0,1
sun_moon,hinge2_restart_importnet,nonorm1p25,1800,15212.785,0.070956,0.929700,0.903135,0.956265,23,0.00002654,0,0.020234,0.033924,0.006544,0.979096,0.964944,0.993247,0.948147,0.933773,0.962522,0.007275,0.001315,0.017733,0.006997,0.000000,10,2,9,0,1
sun_moon,hinge2_restart_importnet,nonorm1p25,1825,15242.707,0.068966,0.930553,0.904882,0.956223,23,0.00001585,0,0.018461,0.031331,0.005592,0.980868,0.967518,0.994218,0.947401,0.933232,0.961570,0.006869,0.001076,0.017646,0.006899,0.000000,10,2,9,0,1
sun_moon,hinge2_restart_importnet,nonorm1p25,1850,15607.410,0.071369,0.929272,0.901795,0.956748,23,0.00001761,0,0.019633,0.035220,0.004045,0.979726,0.963644,0.995807,0.947088,0.933557,0.960619,0.007624,0.000844,0.018162,0.006931,0.000000,10,2,9,0,1
sun_moon,hinge2_restart_importnet,nonorm1p25,1875,15638.324,0.074074,0.925750,0.897744,0.953755,23,0.00002318,2,0.020152,0.034356,0.005949,0.979080,0.964322,0.993838,0.944008,0.928587,0.959429,0.007559,0.001051,0.019118,0.007149,0.000000,10,2,9,0,1
sun_moon,hinge2_restart_importnet,nonorm1p25,1900,16008.880,0.074006,0.926496,0.899614,0.953378,23,0.00002343,1,0.020401,0.035328,0.005473,0.978889,0.963456,0.994323,0.944996,0.931396,0.958596,0.007746,0.001056,0.018692,0.007300,0.000000,10,2,9,0,1
sun_moon,hinge2_restart_importnet,nonorm1p25,1925,16040.124,0.075839,0.926795,0.899312,0.954277,23,0.00005371,2,0.021768,0.036517,0.007020,0.977525,0.962302,0.992748,0.946564,0.932152,0.960976,0.008127,0.001350,0.018882,0.007172,0.000000,10,2,9,0,1
sun_moon,hinge2_restart_importnet,nonorm1p25,1950,16406.242,0.077446,0.926174,0.899917,0.952431,23,0.00001149,0,0.022845,0.035220,0.010470,0.976405,0.963571,0.989238,0.947008,0.931612,0.962403,0.007774,0.002159,0.018641,0.007662,0.000000,10,2,9,0,1
sun_moon,hinge2_restart_importnet,nonorm1p25,1975,16436.743,0.078754,0.925116,0.899750,0.950482,23,0.00000559,0,0.024137,0.036733,0.011541,0.975126,0.962113,0.988139,0.947126,0.932800,0.961452,0.008072,0.002274,0.018558,0.007885,0.000000,10,2,9,0,1
sun_moon,hinge2_restart_importnet,nonorm1p25,2000,16797.641,0.077996,0.926431,0.899344,0.953518,23,0.00002930,0,0.023953,0.036841,0.011065,0.975323,0.961993,0.988653,0.948273,0.932476,0.964069,0.008120,0.002121,0.018814,0.007373,0.000000,10,2,9,0,1
sun_moon,hinge2_restart_importnet,nonorm1p25,2025,16828.414,0.082530,0.923203,0.894978,0.951429,23,0.00012100,2,0.025331,0.039002,0.011660,0.973889,0.959746,0.988031,0.946203,0.929883,0.962522,0.008713,0.002373,0.019686,0.007678,0.000000,10,2,9,0,1
sun_moon,hinge2_restart_importnet,nonorm1p25,2050,17198.632,0.082853,0.923161,0.894211,0.952112,23,0.00009721,1,0.024391,0.037597,0.011184,0.974787,0.961056,0.988517,0.945295,0.927831,0.962760,0.008516,0.002381,0.020001,0.007771,0.000000,10,2,9,0,1
sun_moon,hinge2_restart_importnet,nonorm1p25,2075,17229.379,0.081503,0.923428,0.894217,0.952639,23,0.00018167,3,0.024276,0.038678,0.009875,0.974931,0.960022,0.989840,0.945425,0.928803,0.962046,0.008548,0.002057,0.019852,0.007579,0.000000,10,2,9,0,1
sun_moon,hinge2_restart_importnet,nonorm1p25,2100,17594.658,0.082442,0.925940,0.896795,0.955085,25,0.00018062,2,0.026746,0.041595,0.011898,0.972604,0.957369,0.987839,0.950273,0.934097,0.966449,0.009239,0.002353,0.019430,0.007237,0.000000,12,2,9,0,1
sun_moon,hinge2_restart_importnet,nonorm1p25,2125,17628.110,0.074180,0.934251,0.914015,0.954487,25,0.00025618,1,0.025385,0.039110,0.011660,0.974260,0.960450,0.988069,0.957689,0.949762,0.965616,0.008776,0.002288,0.016093,0.007078,0.000000,12,2,9,0,1
sun_moon,hinge2_restart_importnet,nonorm1p25,2150,18024.057,0.069091,0.941161,0.926103,0.956220,25,0.00018734,1,0.025946,0.040946,0.010946,0.974030,0.959256,0.988804,0.965355,0.964023,0.966686,0.009080,0.002167,0.013669,0.006754,0.000000,12,2,9,1,1
sun_moon,hinge2_restart_importnet,nonorm1p25,2175,18057.468,0.066074,0.943899,0.930540,0.957259,25,0.00022333,1,0.024736,0.039002,0.010470,0.975258,0.961224,0.989292,0.967057,0.966832,0.967281,0.008666,0.002106,0.012793,0.006700,0.000000,12,2,9,1,1
sun_moon,hinge2_restart_importnet,nonorm1p25,2200,18599.536,0.083594,0.931100,0.911635,0.950565,22,0.00251680,1,0.030532,0.050238,0.010827,0.969501,0.950145,0.988858,0.959145,0.957433,0.960857,0.011208,0.002148,0.016576,0.007645,0.000000,12,2,12,1,1
sun_moon,hinge2_restart_importnet,nonorm1p25,2225,18628.896,0.065334,0.942841,0.934075,0.951607,22,0.00070095,2,0.024736,0.039002,0.010470,0.975297,0.961366,0.989229,0.966038,0.970506,0.961570,0.008465,0.002041,0.011804,0.007485,0.000000,12,2,12,1,1
sun_moon,hinge2_restart_importnet,nonorm1p25,2250,19118.645,0.120320,0.876737,0.810718,0.942756,19,0.00265044,1,0.026178,0.042243,0.010113,0.970939,0.952387,0.989492,0.898628,0.844965,0.952290,0.009259,0.001991,0.036155,0.009014,0.000000,12,2,15,1,1
sun_moon,hinge2_restart_importnet,nonorm1p25,2275,19144.222,0.110139,0.889871,0.827529,0.952213,19,0.00054191,2,0.026589,0.042351,0.010827,0.971038,0.953200,0.988877,0.912549,0.862576,0.962522,0.009341,0.002186,0.032833,0.007638,0.000000,12,2,15,1,1
sun_moon,hinge2_restart_importnet,nonorm1p25,2300,19557.100,0.107158,0.896011,0.834007,0.958015,19,0.00007457,0,0.027167,0.042675,0.011660,0.970667,0.953221,0.988113,0.919392,0.869598,0.969185,0.009547,0.002351,0.031805,0.006875,0.000000,12,2,15,1,1
sun_moon,hinge2_restart_importnet,nonorm1p25,2325,19582.335,0.102671,0.900241,0.837715,0.962767,19,0.00010127,0,0.026810,0.043863,0.009756,0.971150,0.952235,0.990064,0.923310,0.874460,0.972159,0.009766,0.001961,0.030953,0.005689,0.000000,12,2,15,1,1
sun_moon,hinge2_restart_importnet,nonorm1p25,2350,19998.404,0.099066,0.904530,0.842127,0.966933,19,0.00005651,0,0.026654,0.042243,0.011065,0.971445,0.954081,0.988809,0.927667,0.877701,0.977632,0.009378,0.002142,0.030028,0.005085,0.000000,12,2,15,1,1
sun_moon,hinge2_restart_importnet,nonorm1p25,2375,20023.626,0.095671,0.905054,0.844343,0.965765,19,0.00001020,0,0.024126,0.036949,0.011303,0.974034,0.959507,0.988560,0.926110,0.875540,0.976681,0.008081,0.002303,0.029428,0.005424,0.000000,12,2,15,1,1
sun_moon,hinge2_restart_importnet,nonorm1p25,2400,20438.103,0.085169,0.910565,0.854712,0.966419,18,0.00000774,0,0.019085,0.028414,0.009756,0.979394,0.968687,0.990101,0.927423,0.878997,0.975848,0.006192,0.001921,0.027267,0.005174,0.000000,12,2,16,1,1
sun_moon,hinge2_restart_importnet,nonorm1p25,2425,20462.224,0.084143,0.911374,0.857503,0.965245,18,0.00005438,0,0.018604,0.027334,0.009875,0.979939,0.969906,0.989971,0.927860,0.880942,0.974777,0.005974,0.001995,0.026675,0.005416,0.000000,12,2,16,1,1
sun_moon,hinge2_restart_importnet,nonorm1p25,2450,20860.497,0.082201,0.914012,0.865810,0.962213,18,0.00007665,0,0.018210,0.025713,0.010708,0.980485,0.971861,0.989109,0.930294,0.888073,0.972516,0.005647,0.002180,0.025270,0.006021,0.000000,12,2,16,1,1
sun_moon,hinge2_restart_importnet,nonorm1p25,2475,20884.476,0.082213,0.914022,0.862211,0.965834,18,0.00001854,0,0.018118,0.026361,0.009875,0.980525,0.971073,0.989977,0.930156,0.884939,0.975372,0.005784,0.002025,0.025982,0.005356,0.000000,12,2,16,1,1
sun_moon,hinge2_restart_importnet,nonorm1p25,2500,21286.151,0.081876,0.913453,0.862751,0.964155,18,0.00003693,0,0.017756,0.026469,0.009042,0.980885,0.970978,0.990791,0.929231,0.885588,0.972873,0.005861,0.001852,0.025846,0.005438,0.000000,12,2,16,1,1
sun_moon,hinge2_restart_importnet,nonorm1p25,2525,21310.297,0.084007,0.912926,0.858989,0.966863,18,0.00002135,0,0.018561,0.028198,0.008923,0.979998,0.969061,0.990935,0.929351,0.883211,0.975491,0.006257,0.001867,0.026542,0.005298,0.000000,12,2,16,1,1
sun_moon,hinge2_restart_importnet,nonorm1p25,2550,21698.250,0.082034,0.914847,0.862257,0.967437,18,0.00001197,0,0.018755,0.029062,0.008447,0.979851,0.968286,0.991416,0.931463,0.887316,0.975610,0.006334,0.001723,0.025862,0.005080,0.000000,12,2,16,1,1
sun_moon,hinge2_restart_importnet,nonorm1p25,2575,21722.175,0.080913,0.915554,0.864822,0.966286,18,0.00002233,0,0.018145,0.027010,0.009280,0.980531,0.970488,0.990574,0.931717,0.888181,0.975253,0.005876,0.001922,0.025378,0.005322,0.000000,12,2,16,1,1
sun_moon,hinge2_restart_importnet,nonorm1p25,2600,22120.770,0.082167,0.913875,0.862566,0.965184,18,0.00002536,0,0.017766,0.027442,0.008090,0.980860,0.969966,0.991754,0.929614,0.886236,0.972992,0.006141,0.001681,0.025971,0.005326,0.000000,12,2,16,1,1
water_fire,hinge2_restart_importnet,nonorm1p25,1,1.540,0.586623,0.252892,0.290647,0.215137,20,0.00095750,0,0.192861,0.151485,0.234237,0.609857,0.688406,0.531308,0.300103,0.334675,0.265531,0.020337,0.034608,0.098217,0.126078,0.000000,0,0,0,0,0
water_fire,hinge2_restart_importnet,nonorm1p25,25,27.891,0.369915,0.421061,0.446912,0.395210,20,0.00039367,1,0.079092,0.064922,0.093261,0.851217,0.879963,0.822471,0.453998,0.475927,0.432068,0.008597,0.013662,0.070953,0.086042,0.000000,0,0,0,0,0
water_fire,hinge2_restart_importnet,nonorm1p25,50,354.592,0.281978,0.561514,0.599048,0.523980,23,0.00042863,1,0.067862,0.056870,0.078854,0.897582,0.917578,0.877585,0.599207,0.633115,0.565298,0.007465,0.011287,0.050907,0.066490,0.000000,2,1,0,0,0
water_fire,hinge2_restart_importnet,nonorm1p25,75,385.482,0.235452,0.627768,0.660048,0.595488,23,0.00035486,2,0.055967,0.047643,0.064291,0.921722,0.935542,0.907901,0.662633,0.691495,0.633772,0.006234,0.009213,0.042581,0.055712,0.000000,2,1,0,0,0
water_fire,hinge2_restart_importnet,nonorm1p25,100,723.139,0.191341,0.707386,0.741229,0.673544,24,0.00019792,2,0.054374,0.042443,0.066305,0.931707,0.947932,0.915482,0.745446,0.772689,0.718203,0.005425,0.009459,0.032137,0.044860,0.000000,4,2,2,0,0
water_fire,hinge2_restart_importnet,nonorm1p25,125,754.916,0.174529,0.740512,0.768984,0.712040,24,0.00028584,1,0.055638,0.047140,0.064136,0.933328,0.944696,0.921960,0.781471,0.805234,0.757707,0.006034,0.009231,0.028694,0.039390,0.000000,4,2,2,0,0
water_fire,hinge2_restart_importnet,nonorm1p25,150,1119.069,0.147845,0.763919,0.763001,0.764838,25,0.00017904,1,0.039095,0.041939,0.036251,0.953076,0.949890,0.956262,0.793782,0.795001,0.792564,0.005385,0.005185,0.029358,0.031289,0.000000,4,4,3,0,0
water_fire,hinge2_restart_importnet,nonorm1p25,175,1152.336,0.128318,0.801879,0.801132,0.802626,25,0.00031972,0,0.037999,0.037578,0.038420,0.956342,0.956748,0.955935,0.832349,0.831236,0.833462,0.004932,0.005538,0.024595,0.026365,0.000000,4,4,3,0,0
water_fire,hinge2_restart_importnet,nonorm1p25,200,1492.231,0.119342,0.819418,0.808487,0.830349,25,0.00034502,1,0.039012,0.039758,0.038265,0.956171,0.954840,0.957502,0.851377,0.840631,0.862122,0.005220,0.005493,0.023596,0.022563,0.000000,6,5,6,0,0
water_fire,hinge2_restart_importnet,nonorm1p25,225,1525.241,0.105265,0.846971,0.845755,0.848188,25,0.00035167,0,0.039155,0.035397,0.042912,0.957441,0.961149,0.953733,0.880139,0.875692,0.884586,0.004547,0.006180,0.018873,0.020228,0.000000,6,5,6,0,0
water_fire,hinge2_restart_importnet,nonorm1p25,250,1913.147,0.100949,0.856508,0.868759,0.844257,25,0.00024916,0,0.040479,0.031538,0.049419,0.956586,0.966004,0.947168,0.891069,0.896158,0.885980,0.004093,0.006911,0.015971,0.020661,0.000000,6,5,6,0,0
water_fire,hinge2_restart_importnet,nonorm1p25,275,1946.113,0.093719,0.872315,0.883268,0.861361,25,0.00024170,0,0.041995,0.034726,0.049264,0.955852,0.963395,0.948309,0.908868,0.913941,0.903796,0.004381,0.007014,0.014185,0.018346,0.000000,6,5,6,0,0
water_fire,hinge2_restart_importnet,nonorm1p25,300,2321.362,0.086002,0.884759,0.894943,0.874575,27,0.00021459,1,0.038498,0.028351,0.048644,0.959873,0.970115,0.949631,0.918717,0.920315,0.917119,0.003736,0.007063,0.012784,0.016642,0.000000,9,5,7,0,0
water_fire,hinge2_restart_importnet,nonorm1p25,325,2357.816,0.081081,0.892866,0.900911,0.884821,27,0.00028958,1,0.038058,0.031035,0.045081,0.960592,0.967669,0.953514,0.926790,0.928871,0.924710,0.003864,0.006647,0.011852,0.015448,0.000000,9,5,7,0,0
water_fire,hinge2_restart_importnet,nonorm1p25,350,2775.832,0.076645,0.896471,0.905888,0.887054,27,0.00033520,0,0.034786,0.028519,0.041053,0.963869,0.970300,0.957437,0.927597,0.931723,0.923470,0.003677,0.005853,0.011418,0.014875,0.000000,9,5,7,0,0
water_fire,hinge2_restart_importnet,nonorm1p25,375,2811.571,0.068045,0.901525,0.914712,0.888337,27,0.00036938,0,0.026125,0.022815,0.029435,0.972506,0.976195,0.968817,0.925033,0.935581,0.914485,0.002922,0.004263,0.010241,0.014670,0.000000,9,5,7,0,0
water_fire,hinge2_restart_importnet,nonorm1p25,400,3220.612,0.053359,0.915791,0.924609,0.906973,29,0.00023833,0,0.018315,0.019124,0.017506,0.980746,0.980108,0.981384,0.932571,0.942292,0.922851,0.002326,0.002302,0.008951,0.011860,0.000000,12,5,8,0,1
water_fire,hinge2_restart_importnet,nonorm1p25,425,3259.916,0.052121,0.920400,0.928042,0.912759,29,0.00034500,0,0.018147,0.018789,0.017506,0.981007,0.980515,0.981500,0.937108,0.945479,0.928737,0.002426,0.002435,0.008615,0.011248,0.000000,12,5,8,0,1
water_fire,hinge2_restart_importnet,nonorm1p25,450,3718.525,0.049391,0.921478,0.929101,0.913854,29,0.00030307,0,0.015850,0.017447,0.014253,0.983367,0.981878,0.984856,0.936095,0.945311,0.926878,0.002167,0.001929,0.008388,0.011081,0.000000,12,5,8,0,1
water_fire,hinge2_restart_importnet,nonorm1p25,475,3757.799,0.046232,0.928621,0.938492,0.918750,29,0.00026256,2,0.015431,0.014595,0.016266,0.983890,0.984904,0.982877,0.942942,0.952189,0.933695,0.001873,0.002282,0.007345,0.010485,0.000000,12,5,8,0,1
water_fire,hinge2_restart_importnet,nonorm1p25,500,4212.613,0.045055,0.928863,0.937231,0.920494,29,0.00023093,1,0.014050,0.012917,0.015182,0.985295,0.986576,0.984013,0.941903,0.949337,0.934469,0.001613,0.002145,0.007503,0.010247,0.000000,12,5,8,0,1
water_fire,hinge2_restart_importnet,nonorm1p25,525,4252.276,0.045618,0.927896,0.935340,0.920453,29,0.00031807,0,0.013565,0.014427,0.012703,0.985789,0.985023,0.986555,0.940490,0.948834,0.932146,0.001911,0.001834,0.007704,0.010312,0.000000,12,5,8,0,1
water_fire,hinge2_restart_importnet,nonorm1p25,550,4683.625,0.045477,0.927638,0.941557,0.913720,27,0.00033040,1,0.013334,0.010401,0.016266,0.985985,0.989185,0.982784,0.939966,0.951350,0.928582,0.001275,0.002352,0.006912,0.011178,0.000000,12,5,10,0,1
water_fire,hinge2_restart_importnet,nonorm1p25,575,4720.314,0.043417,0.931258,0.946027,0.916489,27,0.00025315,0,0.012741,0.007046,0.018435,0.986645,0.992659,0.980632,0.943039,0.952693,0.933385,0.000890,0.002627,0.006444,0.010780,0.000000,12,5,10,0,1
water_fire,hinge2_restart_importnet,nonorm1p25,600,5149.441,0.041805,0.934579,0.946948,0.922210,27,0.00018020,1,0.013192,0.008723,0.017661,0.986240,0.990950,0.981529,0.946853,0.955209,0.938497,0.001056,0.002572,0.006281,0.010025,0.000000,12,5,10,1,1
water_fire,hinge2_restart_importnet,nonorm1p25,625,5186.770,0.042074,0.932041,0.938228,0.925853,27,0.00011695,2,0.012527,0.007549,0.017506,0.986917,0.992077,0.981757,0.943686,0.945311,0.942060,0.000920,0.002435,0.007374,0.009428,0.000000,12,5,10,1,1
water_fire,hinge2_restart_importnet,nonorm1p25,650,5824.785,0.042169,0.933866,0.937490,0.930243,24,0.00004254,3,0.014212,0.009059,0.019365,0.985251,0.990515,0.979987,0.947120,0.945982,0.948257,0.001034,0.002769,0.007390,0.008926,0.000000,12,5,13,1,1
water_fire,hinge2_restart_importnet,nonorm1p25,675,5857.156,0.040834,0.937216,0.940775,0.933657,24,0.00010522,2,0.014419,0.008388,0.020449,0.985112,0.991236,0.978988,0.950708,0.948666,0.952750,0.001061,0.002880,0.007066,0.008388,0.000000,12,5,13,1,1
water_fire,hinge2_restart_importnet,nonorm1p25,700,6418.311,0.045773,0.925210,0.941108,0.909313,21,0.00004562,1,0.012405,0.008388,0.016421,0.986891,0.991239,0.982543,0.936623,0.949002,0.924245,0.001032,0.002304,0.007046,0.011653,0.000000,12,5,16,1,1
water_fire,hinge2_restart_importnet,nonorm1p25,725,6446.709,0.043339,0.930065,0.940795,0.919335,21,0.00004804,0,0.012340,0.008723,0.015957,0.987047,0.990892,0.983203,0.941503,0.949002,0.934005,0.001097,0.002280,0.007095,0.010337,0.000000,12,5,16,1,1
water_fire,hinge2_restart_importnet,nonorm1p25,750,6946.556,0.037600,0.934064,0.942862,0.925265,18,0.00001916,0,0.007241,0.007046,0.007436,0.992360,0.992634,0.992086,0.940825,0.949505,0.932146,0.000957,0.000997,0.006923,0.009427,0.000000,12,5,19,1,1
water_fire,hinge2_restart_importnet,nonorm1p25,775,6971.683,0.037795,0.934668,0.937957,0.931379,18,0.00003000,1,0.008848,0.008556,0.009140,0.990703,0.991037,0.990369,0.942937,0.945982,0.939892,0.000979,0.001249,0.007307,0.008795,0.000000,12,5,19,1,1
water_fire,hinge2_restart_importnet,nonorm1p25,800,7398.856,0.053449,0.905367,0.912024,0.898711,15,0.00003105,0,0.009087,0.008723,0.009450,0.990149,0.990607,0.989691,0.913592,0.919980,0.907204,0.001075,0.001408,0.010578,0.013032,0.000000,12,5,22,1,1
water_fire,hinge2_restart_importnet,nonorm1p25,825,7419.329,0.047564,0.920218,0.918649,0.921787,15,0.00005170,0,0.012250,0.008388,0.016112,0.987058,0.991027,0.983089,0.931496,0.926355,0.936638,0.001018,0.002248,0.009679,0.010003,0.000000,12,5,22,1,1
water_fire,hinge2_restart_importnet,nonorm1p25,850,7774.347,0.051520,0.911353,0.922171,0.900536,12,0.00005519,0,0.011649,0.010904,0.012393,0.987513,0.988438,0.986588,0.921961,0.932226,0.911696,0.001307,0.001728,0.009241,0.012706,0.000000,12,5,25,1,1
water_fire,hinge2_restart_importnet,nonorm1p25,875,7790.935,0.046365,0.922061,0.930920,0.913203,12,0.00007813,1,0.012010,0.010233,0.013788,0.987281,0.989236,0.985326,0.933120,0.940446,0.925794,0.001170,0.001986,0.008064,0.011146,0.000000,12,5,25,1,1
water_fire,hinge2_restart_importnet,nonorm1p25,900,8072.651,0.046490,0.924027,0.933877,0.914177,12,0.00007272,1,0.011740,0.007214,0.016266,0.987591,0.992389,0.982793,0.934831,0.940614,0.929047,0.000940,0.002447,0.007893,0.011093,0.000000,12,5,25,1,1
water_fire,hinge2_restart_importnet,nonorm1p25,925,8088.998,0.043505,0.930108,0.934786,0.925430,12,0.00010082,1,0.013179,0.008388,0.017971,0.986231,0.991180,0.981281,0.942344,0.942627,0.942060,0.000970,0.002662,0.007584,0.009594,0.000000,12,5,25,1,1
water_fire,hinge2_restart_importnet,nonorm1p25,950,8372.341,0.087556,0.835804,0.839580,0.832028,9,0.00004979,1,0.008016,0.007046,0.008985,0.990573,0.991736,0.989410,0.842500,0.845496,0.839504,0.000810,0.001300,0.019267,0.021856,0.000000,12,5,28,1,1
water_fire,hinge2_restart_importnet,nonorm1p25,975,8384.985,0.077627,0.862162,0.866810,0.857514,9,0.00022828,2,0.012907,0.011407,0.014407,0.985431,0.987155,0.983707,0.873283,0.876699,0.869868,0.001346,0.002121,0.015899,0.018501,0.000000,12,5,28,1,1
water_fire,hinge2_restart_importnet,nonorm1p25,1000,8600.170,0.082124,0.867106,0.868171,0.866040,9,0.00001796,2,0.023988,0.025667,0.022308,0.973703,0.971983,0.975422,0.887907,0.890455,0.885360,0.003275,0.003016,0.015894,0.017298,0.000000,12,5,28,1,1
water_fire,hinge2_restart_importnet,nonorm1p25,1025,8612.823,0.066171,0.881650,0.881533,0.881767,9,0.00067347,2,0.010648,0.011072,0.010225,0.988191,0.987730,0.988652,0.891038,0.891293,0.890782,0.001283,0.001469,0.014081,0.015328,0.000000,12,5,28,1,1
water_fire,hinge2_restart_importnet,nonorm1p25,1050,8828.495,0.070824,0.878337,0.880929,0.875744,9,0.00003711,2,0.016747,0.018621,0.014872,0.981606,0.979670,0.983542,0.893051,0.897333,0.888768,0.002241,0.001947,0.014336,0.015829,0.000000,12,5,28,1,1
water_fire,hinge2_restart_importnet,nonorm1p25,1075,8841.203,0.055349,0.898630,0.900100,0.897160,9,0.00036570,2,0.008422,0.007549,0.009295,0.990792,0.991745,0.989839,0.906197,0.906895,0.905500,0.000859,0.001158,0.011930,0.013096,0.000000,12,5,28,1,1
water_fire,hinge2_restart_importnet,nonorm1p25,1100,9057.186,0.055723,0.899924,0.901259,0.898589,9,0.00002404,2,0.011171,0.012582,0.009760,0.987879,0.986401,0.989358,0.909979,0.912599,0.907359,0.001488,0.001122,0.011760,0.012831,0.000000,12,5,28,1,1
water_fire,hinge2_restart_importnet,nonorm1p25,1125,9069.822,0.047442,0.914520,0.915173,0.913867,9,0.00027905,2,0.007995,0.010569,0.005422,0.991418,0.988702,0.994133,0.921834,0.924845,0.918823,0.001257,0.000719,0.010111,0.011043,0.000000,12,5,28,1,1
water_fire,hinge2_restart_importnet,nonorm1p25,1150,9284.618,0.049101,0.914991,0.919075,0.910906,9,0.00002910,2,0.012145,0.015769,0.008521,0.987100,0.983389,0.990810,0.926118,0.933568,0.918668,0.001890,0.001038,0.009627,0.011255,0.000000,12,5,28,1,1
water_fire,hinge2_restart_importnet,nonorm1p25,1175,9297.358,0.043914,0.920824,0.922220,0.919427,9,0.00038722,2,0.007486,0.009394,0.005577,0.992006,0.990009,0.994004,0.927719,0.930884,0.924555,0.001145,0.000687,0.009285,0.010247,0.000000,12,5,28,1,1
water_fire,hinge2_restart_importnet,nonorm1p25,1200,9512.601,0.047670,0.919197,0.919347,0.919048,9,0.00005831,2,0.012816,0.017111,0.008521,0.986460,0.982030,0.990891,0.930978,0.935078,0.926878,0.002118,0.001033,0.009709,0.010167,0.000000,12,5,28,1,1
water_fire,hinge2_restart_importnet,nonorm1p25,1225,9525.370,0.042570,0.925334,0.921371,0.929298,9,0.00033278,2,0.009576,0.013421,0.005732,0.989868,0.985831,0.993904,0.934180,0.933736,0.934624,0.001640,0.000724,0.009260,0.008954,0.000000,12,5,28,1,1
water_fire,hinge2_restart_importnet,nonorm1p25,1250,9740.036,0.047704,0.922049,0.913015,0.931082,9,0.00000446,2,0.015720,0.022144,0.009295,0.983514,0.976822,0.990206,0.936485,0.933233,0.939737,0.002802,0.001147,0.010362,0.008551,0.000000,12,5,28,1,1
water_fire,hinge2_restart_importnet,nonorm1p25,1275,9752.666,0.038462,0.932710,0.925410,0.940009,9,0.00040419,2,0.009602,0.012079,0.007126,0.989898,0.987268,0.992529,0.941648,0.936588,0.946708,0.001425,0.000817,0.008890,0.007397,0.000000,12,5,28,1,1
water_fire,hinge2_restart_importnet,nonorm1p25,1300,9967.570,0.046451,0.926381,0.914974,0.937787,9,0.00001257,2,0.017494,0.023989,0.010999,0.981783,0.975035,0.988532,0.942513,0.936923,0.948102,0.002950,0.001437,0.010125,0.007612,0.000000,12,5,28,1,1
water_fire,hinge2_restart_importnet,nonorm1p25,1325,9980.157,0.039251,0.933520,0.922441,0.944598,9,0.00035032,2,0.010544,0.014427,0.006662,0.988930,0.984816,0.993043,0.943320,0.935749,0.950891,0.001789,0.000875,0.009260,0.006912,0.000000,12,5,28,1,1
water_fire,hinge2_restart_importnet,nonorm1p25,1350,10191.294,0.045010,0.927300,0.916216,0.938384,9,0.00001629,2,0.015681,0.023150,0.008211,0.983648,0.975899,0.991396,0.941757,0.937427,0.946088,0.002943,0.000986,0.010018,0.007570,0.000000,12,5,28,1,1
water_fire,hinge2_restart_importnet,nonorm1p25,1375,10203.895,0.039014,0.935092,0.923789,0.946396,9,0.00039976,2,0.010247,0.014763,0.005732,0.989255,0.984496,0.994014,0.944623,0.937427,0.951820,0.001895,0.000801,0.009180,0.006817,0.000000,12,5,28,1,1
water_fire,hinge2_restart_importnet,nonorm1p25,1400,10418.279,0.042368,0.931063,0.918143,0.943983,9,0.00004238,2,0.014654,0.022647,0.006662,0.984743,0.976448,0.993039,0.944604,0.938936,0.950271,0.002808,0.000844,0.009741,0.006863,0.000000,12,5,28,1,1
water_fire,hinge2_restart_importnet,nonorm1p25,1425,10430.922,0.037729,0.936086,0.925356,0.946817,9,0.00033229,2,0.009273,0.013588,0.004957,0.990268,0.985719,0.994817,0.944720,0.937930,0.951510,0.001703,0.000681,0.009011,0.006757,0.000000,12,5,28,1,1
water_fire,hinge2_restart_importnet,nonorm1p25,1450,10647.981,0.041876,0.931814,0.919355,0.944274,9,0.00002055,2,0.014216,0.019292,0.009140,0.985164,0.979828,0.990499,0.944998,0.937091,0.952905,0.002437,0.001105,0.009689,0.006815,0.000000,12,5,28,1,1
water_fire,hinge2_restart_importnet,nonorm1p25,1475,10660.730,0.035607,0.937522,0.929498,0.945547,9,0.00019072,2,0.008009,0.008891,0.007126,0.991590,0.990608,0.992572,0.945024,0.937762,0.952285,0.001071,0.000941,0.008445,0.006777,0.000000,12,5,28,1,1
water_fire,hinge2_restart_importnet,nonorm1p25,1500,10869.624,0.037372,0.935332,0.926305,0.944359,9,0.00003950,2,0.011583,0.015266,0.007901,0.987897,0.984027,0.991768,0.946133,0.940446,0.951820,0.001743,0.000949,0.008597,0.006710,0.000000,12,5,28,1,1
cat_face_bass,hinge2_restart_importnet,nonorm1p25,1,1.514,0.864984,0.170768,0.165060,0.176476,20,0.00068116,0,0.121304,0.079432,0.163177,0.624388,0.691650,0.557126,0.191722,0.178171,0.205273,0.019702,0.037132,0.182349,0.178862,0.000000,0,0,0,0,0
cat_face_bass,hinge2_restart_importnet,nonorm1p25,25,27.467,0.686705,0.266082,0.243552,0.288613,20,0.00003830,1,0.067118,0.043317,0.090919,0.815146,0.854356,0.775936,0.284477,0.254102,0.314853,0.010693,0.020477,0.159750,0.144627,0.000000,0,0,0,0,0
cat_face_bass,hinge2_restart_importnet,nonorm1p25,50,348.124,0.566197,0.381935,0.308420,0.455450,23,0.00015627,5,0.052563,0.036014,0.069111,0.887207,0.898706,0.875707,0.403227,0.319528,0.486926,0.008533,0.015424,0.144690,0.108408,0.000000,2,1,0,0,0
cat_face_bass,hinge2_restart_importnet,nonorm1p25,75,378.502,0.473398,0.488965,0.379770,0.598161,23,0.00008575,3,0.046717,0.043417,0.050016,0.913746,0.901251,0.926240,0.512169,0.396259,0.628079,0.010732,0.011185,0.130808,0.078465,0.000000,2,1,0,0,0
cat_face_bass,hinge2_restart_importnet,nonorm1p25,100,716.232,0.398647,0.562987,0.411867,0.714106,23,0.00020734,4,0.036847,0.036915,0.036780,0.936557,0.920440,0.952673,0.583721,0.427071,0.740371,0.008945,0.008018,0.123224,0.054823,0.000000,3,2,2,0,0
cat_face_bass,hinge2_restart_importnet,nonorm1p25,125,746.711,0.357352,0.604912,0.446291,0.763533,23,0.00006672,2,0.031911,0.035614,0.028209,0.946886,0.928457,0.965315,0.623628,0.462185,0.785071,0.008319,0.006224,0.115517,0.044957,0.000000,3,2,2,0,0
cat_face_bass,hinge2_restart_importnet,nonorm1p25,150,1080.597,0.305525,0.661941,0.519749,0.804132,24,0.00013446,3,0.027288,0.035914,0.018661,0.957597,0.937467,0.977726,0.678777,0.538415,0.819139,0.008697,0.003909,0.100442,0.036516,0.000000,6,2,4,0,0
cat_face_bass,hinge2_restart_importnet,nonorm1p25,175,1113.084,0.253123,0.721653,0.622199,0.821108,24,0.00106142,4,0.025131,0.035614,0.014647,0.965174,0.947624,0.982723,0.738746,0.644358,0.833134,0.008349,0.003191,0.078475,0.033290,0.000000,6,2,4,0,0
cat_face_bass,hinge2_restart_importnet,nonorm1p25,200,1481.462,0.196149,0.790200,0.732908,0.847492,26,0.00261372,2,0.025557,0.034514,0.016600,0.968779,0.956461,0.981097,0.809882,0.758203,0.861560,0.007997,0.003325,0.054920,0.028087,0.000000,9,2,5,0,0
cat_face_bass,hinge2_restart_importnet,nonorm1p25,225,1516.398,0.163523,0.826590,0.785978,0.867202,26,0.00308635,2,0.022050,0.030212,0.013887,0.974241,0.964030,0.984451,0.844484,0.809724,0.879245,0.007194,0.002731,0.043945,0.024330,0.000000,9,2,5,0,0
cat_face_bass,hinge2_restart_importnet,nonorm1p25,250,1926.162,0.144164,0.848174,0.816142,0.880206,29,0.00282471,1,0.021733,0.030012,0.013453,0.975336,0.965529,0.985143,0.866342,0.840636,0.892047,0.006804,0.002626,0.037427,0.021879,0.000000,12,2,5,0,0
cat_face_bass,hinge2_restart_importnet,nonorm1p25,275,1964.841,0.121062,0.873250,0.849922,0.896578,29,0.00256729,1,0.019820,0.025210,0.014430,0.978132,0.971881,0.984382,0.890432,0.871349,0.909515,0.005856,0.002660,0.030432,0.018556,0.000000,12,2,5,0,0
cat_face_bass,hinge2_restart_importnet,nonorm1p25,300,2416.328,0.108122,0.887934,0.868442,0.907427,31,0.00224074,1,0.019795,0.025810,0.013779,0.978543,0.971843,0.985243,0.905393,0.890856,0.919931,0.005627,0.002595,0.026303,0.016697,0.000000,14,2,5,0,0
cat_face_bass,hinge2_restart_importnet,nonorm1p25,325,2457.706,0.093260,0.901731,0.888072,0.915390,31,0.00203038,0,0.016864,0.020708,0.013019,0.981910,0.977665,0.986154,0.916885,0.906463,0.927308,0.004777,0.002052,0.022499,0.014883,0.000000,14,2,5,0,0
cat_face_bass,hinge2_restart_importnet,nonorm1p25,350,2924.133,0.091260,0.907767,0.892951,0.922582,30,0.00188873,0,0.017568,0.023309,0.011826,0.981308,0.975125,0.987490,0.923629,0.913766,0.933492,0.005353,0.002297,0.021339,0.014068,0.000000,14,2,6,0,0
cat_face_bass,hinge2_restart_importnet,nonorm1p25,375,2963.130,0.085853,0.912439,0.899100,0.925779,30,0.00167847,0,0.016149,0.022209,0.010090,0.982865,0.976406,0.989325,0.927094,0.919068,0.935120,0.005144,0.002043,0.020086,0.013270,0.000000,14,2,6,0,1
cat_face_bass,hinge2_restart_importnet,nonorm1p25,400,3411.274,0.081697,0.920644,0.904883,0.936406,29,0.00121084,1,0.017196,0.024410,0.009982,0.981949,0.974343,0.989556,0.936362,0.926971,0.945752,0.005761,0.002138,0.019035,0.011517,0.000000,14,2,7,0,1
cat_face_bass,hinge2_restart_importnet,nonorm1p25,425,3449.456,0.080466,0.921261,0.905129,0.937393,29,0.00099980,0,0.017108,0.023910,0.010307,0.982042,0.974850,0.989234,0.936913,0.926771,0.947054,0.005522,0.002214,0.018917,0.011297,0.000000,14,2,7,0,1
cat_face_bass,hinge2_restart_importnet,nonorm1p25,450,3893.124,0.076045,0.923771,0.909517,0.938025,29,0.00079393,0,0.016082,0.023810,0.008354,0.983157,0.975068,0.991245,0.938517,0.931172,0.945861,0.005260,0.001785,0.017743,0.011195,0.000000,14,2,7,0,1
cat_face_bass,hinge2_restart_importnet,nonorm1p25,475,3931.053,0.073112,0.927170,0.912461,0.941879,29,0.00061699,0,0.015419,0.022809,0.008029,0.983879,0.976143,0.991615,0.941357,0.933273,0.949441,0.004968,0.001854,0.017168,0.010646,0.000000,14,2,7,0,1
cat_face_bass,hinge2_restart_importnet,nonorm1p25,500,4370.282,0.070399,0.929341,0.915606,0.943075,29,0.00049183,0,0.015027,0.021809,0.008246,0.984312,0.977220,0.991403,0.943213,0.935574,0.950852,0.004847,0.001747,0.016503,0.010281,0.000000,14,2,7,0,1
cat_face_bass,hinge2_restart_importnet,nonorm1p25,525,4407.691,0.069132,0.932891,0.921421,0.944361,29,0.00057401,0,0.015223,0.022309,0.008137,0.984195,0.976865,0.991525,0.947011,0.941977,0.952045,0.005066,0.001889,0.015475,0.010196,0.000000,14,2,7,0,1
cat_face_bass,hinge2_restart_importnet,nonorm1p25,550,4842.557,0.066490,0.934561,0.925890,0.943232,29,0.00053076,0,0.016161,0.023209,0.009114,0.983302,0.976087,0.990516,0.949604,0.947379,0.951828,0.005028,0.001905,0.014261,0.010131,0.000000,14,2,7,1,1
cat_face_bass,hinge2_restart_importnet,nonorm1p25,575,4880.081,0.065246,0.936023,0.927704,0.944343,29,0.00046706,0,0.014510,0.021208,0.007812,0.984981,0.978104,0.991859,0.949549,0.947379,0.951720,0.004884,0.001643,0.014240,0.010061,0.000000,14,2,7,1,1
cat_face_bass,hinge2_restart_importnet,nonorm1p25,600,5538.075,0.068144,0.932322,0.921419,0.943226,26,0.00054022,0,0.015007,0.021008,0.009005,0.984392,0.978157,0.990627,0.946248,0.940776,0.951720,0.004726,0.001915,0.015367,0.010215,0.000000,14,2,10,1,1
cat_face_bass,hinge2_restart_importnet,nonorm1p25,625,5572.183,0.068289,0.932712,0.925328,0.940097,26,0.00054694,0,0.016421,0.022209,0.010633,0.982996,0.977059,0.988933,0.947985,0.945878,0.950092,0.004965,0.002043,0.014582,0.010611,0.000000,14,2,10,1,1
cat_face_bass,hinge2_restart_importnet,nonorm1p25,650,6164.314,0.060877,0.939872,0.930105,0.949638,23,0.00044510,0,0.014358,0.024810,0.003906,0.985276,0.974632,0.995920,0.953264,0.953181,0.953347,0.005414,0.000782,0.013512,0.009026,0.000000,14,2,13,1,1
cat_face_bass,hinge2_restart_importnet,nonorm1p25,675,6195.193,0.058813,0.941588,0.934063,0.949114,23,0.00024228,0,0.014170,0.024110,0.004231,0.985498,0.975416,0.995580,0.954856,0.956583,0.953130,0.005276,0.000808,0.012619,0.009098,0.000000,14,2,13,1,1
cat_face_bass,hinge2_restart_importnet,nonorm1p25,700,6722.231,0.053414,0.947405,0.944194,0.950616,20,0.00002498,0,0.012011,0.020008,0.004014,0.987730,0.979648,0.995812,0.958759,0.963085,0.954432,0.004702,0.000864,0.010899,0.008842,0.000000,14,2,16,1,1
cat_face_bass,hinge2_restart_importnet,nonorm1p25,725,6749.607,0.053204,0.948076,0.944624,0.951528,20,0.00003364,0,0.011949,0.018908,0.004991,0.987771,0.980734,0.994808,0.959381,0.962485,0.956276,0.004487,0.001007,0.010939,0.008783,0.000000,14,2,16,1,1
cat_face_bass,hinge2_restart_importnet,nonorm1p25,750,7218.480,0.057778,0.941425,0.933941,0.948909,17,0.00002104,0,0.012578,0.020708,0.004448,0.987047,0.978739,0.995355,0.953206,0.953281,0.953130,0.004823,0.000787,0.012992,0.008878,0.000000,14,2,19,1,1
cat_face_bass,hinge2_restart_importnet,nonorm1p25,775,7241.857,0.055554,0.946320,0.936429,0.956212,17,0.00003715,0,0.013638,0.021309,0.005967,0.986020,0.978205,0.993835,0.959150,0.956383,0.961918,0.004914,0.001155,0.012478,0.007701,0.000000,14,2,19,1,1
cat_face_bass,hinge2_restart_importnet,nonorm1p25,800,7630.439,0.058351,0.941060,0.937310,0.944810,14,0.00001363,0,0.012132,0.019708,0.004557,0.987509,0.979797,0.995222,0.952449,0.955782,0.949116,0.004706,0.000734,0.012512,0.009859,0.000000,14,2,22,1,1
cat_face_bass,hinge2_restart_importnet,nonorm1p25,825,7649.874,0.057229,0.941977,0.937984,0.945969,14,0.00001814,0,0.011761,0.019508,0.004014,0.987900,0.980008,0.995791,0.953025,0.956283,0.949767,0.004740,0.000686,0.012355,0.009470,0.000000,14,2,22,1,1
cat_face_bass,hinge2_restart_importnet,nonorm1p25,850,7980.555,0.087536,0.899604,0.877770,0.921437,11,0.00007518,0,0.009155,0.015706,0.002604,0.989939,0.982688,0.997189,0.907697,0.891557,0.923836,0.003590,0.000466,0.024461,0.014210,0.000000,14,2,25,1,1
cat_face_bass,hinge2_restart_importnet,nonorm1p25,875,7995.896,0.081104,0.915140,0.906920,0.923359,11,0.00001604,0,0.013604,0.022109,0.005099,0.985620,0.976705,0.994536,0.927519,0.926971,0.928068,0.005376,0.001032,0.018661,0.013874,0.000000,14,2,25,1,1
cat_face_bass,hinge2_restart_importnet,nonorm1p25,900,8256.731,0.073345,0.922257,0.916822,0.927691,11,0.00002228,0,0.012453,0.021108,0.003797,0.986944,0.977950,0.995939,0.933694,0.936174,0.931214,0.004922,0.000750,0.016434,0.013141,0.000000,14,2,25,1,1
cat_face_bass,hinge2_restart_importnet,nonorm1p25,925,8272.057,0.070129,0.923499,0.917723,0.929274,11,0.00005781,0,0.010481,0.017707,0.003255,0.988957,0.981394,0.996521,0.933136,0.933974,0.932299,0.004137,0.000677,0.016153,0.012874,0.000000,14,2,25,1,1
cat_face_bass,hinge2_restart_importnet,nonorm1p25,950,8534.837,0.071208,0.926086,0.923424,0.928749,11,0.00007325,0,0.012649,0.020308,0.004991,0.986791,0.978900,0.994681,0.937780,0.942177,0.933384,0.004868,0.001032,0.015294,0.012908,0.000000,14,2,25,1,1
cat_face_bass,hinge2_restart_importnet,nonorm1p25,975,8550.219,0.070355,0.924173,0.922049,0.926298,11,0.00004549,0,0.011566,0.017707,0.005425,0.987844,0.981480,0.994209,0.934849,0.938375,0.931323,0.004151,0.000986,0.015409,0.013331,0.000000,14,2,25,1,1
cat_face_bass,hinge2_restart_importnet,nonorm1p25,1000,8815.007,0.069453,0.927088,0.925103,0.929073,11,0.00003658,1,0.011399,0.017807,0.004991,0.988061,0.981439,0.994683,0.937643,0.941577,0.933709,0.004433,0.001060,0.014909,0.012939,0.000000,14,2,25,1,1
cat_face_bass,hinge2_restart_importnet,nonorm1p25,1025,8830.495,0.069460,0.926435,0.924654,0.928216,11,0.00004223,1,0.011644,0.019708,0.003580,0.987849,0.979526,0.996171,0.937208,0.942877,0.931540,0.004616,0.000761,0.014869,0.013124,0.000000,14,2,25,1,1
cat_face_bass,hinge2_restart_importnet,nonorm1p25,1050,9095.613,0.066354,0.927922,0.926531,0.929313,11,0.00007322,0,0.009802,0.015806,0.003797,0.989714,0.983483,0.995946,0.937009,0.941176,0.932841,0.003833,0.000749,0.014560,0.012863,0.000000,14,2,25,1,1
cat_face_bass,hinge2_restart_importnet,nonorm1p25,1075,9111.070,0.064771,0.930272,0.930902,0.929643,11,0.00006091,0,0.010165,0.014906,0.005425,0.989349,0.984468,0.994230,0.939732,0.944778,0.934686,0.003607,0.001072,0.013775,0.012741,0.000000,14,2,25,1,1
cat_face_bass,hinge2_restart_importnet,nonorm1p25,1100,9375.835,0.088431,0.899878,0.886885,0.912870,10,0.00003964,0,0.010094,0.015306,0.004882,0.988996,0.983286,0.994706,0.908893,0.900460,0.917327,0.003537,0.000991,0.022641,0.015900,0.000000,14,2,26,1,1
cat_face_bass,hinge2_restart_importnet,nonorm1p25,1125,9390.092,0.083770,0.912454,0.908584,0.916325,10,0.00005000,2,0.014147,0.022109,0.006184,0.985042,0.976747,0.993337,0.925332,0.928671,0.921992,0.005407,0.001234,0.018388,0.015178,0.000000,14,2,26,1,1
cat_face_bass,hinge2_restart_importnet,nonorm1p25,1150,9630.072,0.076826,0.917334,0.917264,0.917404,10,0.00005090,2,0.012095,0.019308,0.004882,0.987250,0.979767,0.994732,0.928429,0.934974,0.921883,0.004635,0.000828,0.016575,0.014992,0.000000,14,2,26,1,1
cat_face_bass,hinge2_restart_importnet,nonorm1p25,1175,9644.233,0.072921,0.921891,0.923522,0.920259,10,0.00006194,2,0.012215,0.020308,0.004123,0.987230,0.978903,0.995558,0.933165,0.942277,0.924053,0.004700,0.000780,0.015057,0.014531,0.000000,14,2,26,1,1
cat_face_bass,hinge2_restart_importnet,nonorm1p25,1200,9883.420,0.071562,0.924098,0.927626,0.920570,10,0.00007105,0,0.012712,0.020108,0.005316,0.986740,0.979193,0.994288,0.935871,0.946279,0.925464,0.004876,0.000892,0.014265,0.014281,0.000000,14,2,26,1,1
cat_face_bass,hinge2_restart_importnet,nonorm1p25,1225,9897.598,0.069938,0.926350,0.931758,0.920942,10,0.00002216,1,0.012432,0.020308,0.004557,0.987092,0.979085,0.995099,0.937909,0.950680,0.925138,0.004864,0.000879,0.013402,0.014381,0.000000,14,2,26,1,1
cat_face_bass,hinge2_restart_importnet,nonorm1p25,1250,10137.263,0.067469,0.928099,0.935050,0.921149,10,0.00004276,1,0.011278,0.018107,0.004448,0.988275,0.981334,0.995215,0.938614,0.951981,0.925247,0.004393,0.000808,0.012889,0.014330,0.000000,14,2,26,1,1
cat_face_bass,hinge2_restart_importnet,nonorm1p25,1275,10151.198,0.067519,0.927814,0.934413,0.921215,10,0.00000540,0,0.011407,0.018908,0.003906,0.988161,0.980528,0.995794,0.938447,0.952081,0.924813,0.004485,0.000770,0.012800,0.014389,0.000000,14,2,26,1,1
cat_face_bass,hinge2_restart_importnet,nonorm1p25,1300,10391.049,0.068417,0.928789,0.936078,0.921499,10,0.00000934,1,0.012591,0.020408,0.004774,0.986976,0.979081,0.994871,0.940540,0.955182,0.925898,0.004915,0.000930,0.012558,0.014340,0.000000,14,2,26,1,1
cat_face_bass,hinge2_restart_importnet,nonorm1p25,1325,10405.100,0.066658,0.929019,0.936057,0.921980,10,0.00001373,0,0.011261,0.018507,0.004014,0.988320,0.980957,0.995682,0.939531,0.953381,0.925681,0.004391,0.000777,0.012623,0.014240,0.000000,14,2,26,1,1
cat_face_bass,hinge2_restart_importnet,nonorm1p25,1350,10643.341,0.066623,0.928613,0.935411,0.921814,10,0.00000876,0,0.011136,0.017607,0.004665,0.988413,0.981839,0.994988,0.938998,0.951881,0.926115,0.004241,0.000831,0.012804,0.014163,0.000000,14,2,26,1,1
cat_face_bass,hinge2_restart_importnet,nonorm1p25,1375,10657.246,0.066028,0.929545,0.937236,0.921855,10,0.00002395,0,0.011152,0.018507,0.003797,0.988447,0.980981,0.995913,0.939969,0.954582,0.925355,0.004382,0.000778,0.012347,0.014207,0.000000,14,2,26,1,1
cat_face_bass,hinge2_restart_importnet,nonorm1p25,1400,10893.435,0.064866,0.929979,0.937512,0.922445,10,0.00004631,0,0.010527,0.016607,0.004448,0.989048,0.982874,0.995222,0.939815,0.953081,0.926549,0.003994,0.000843,0.012337,0.014033,0.000000,14,2,26,1,1
cat_face_bass,hinge2_restart_importnet,nonorm1p25,1425,10907.372,0.064111,0.928917,0.936786,0.921047,10,0.00001018,1,0.009576,0.016006,0.003146,0.990034,0.983461,0.996606,0.937863,0.951781,0.923945,0.003655,0.000609,0.012346,0.014375,0.000000,14,2,26,1,1
cat_face_bass,hinge2_restart_importnet,nonorm1p25,1450,11141.882,0.063669,0.928922,0.935465,0.922378,10,0.00001022,0,0.008693,0.013806,0.003580,0.990900,0.985652,0.996147,0.937030,0.948379,0.925681,0.003306,0.000673,0.012756,0.014101,0.000000,14,2,26,1,1
cat_face_bass,hinge2_restart_importnet,nonorm1p25,1475,11155.540,0.059721,0.931925,0.940840,0.923010,10,0.00000901,0,0.008134,0.012905,0.003363,0.991510,0.986639,0.996381,0.939548,0.952981,0.926115,0.002876,0.000611,0.011509,0.013991,0.000000,14,2,26,1,1
cat_face_bass,hinge2_restart_importnet,nonorm1p25,1500,11390.520,0.060072,0.931790,0.940578,0.923002,10,0.00000025,0,0.008380,0.013505,0.003255,0.991264,0.986031,0.996497,0.939644,0.953281,0.926006,0.003039,0.000577,0.011539,0.013976,0.000000,14,2,26,1,1
dance_argument,hinge2_restart_importnet,nonorm1p25,1,1.550,0.876660,0.175328,0.191087,0.159569,20,0.00000000,0,0.193148,0.249092,0.137205,0.529387,0.489333,0.569441,0.210074,0.238685,0.181462,0.033897,0.040969,0.122826,0.221922,0.000000,0,0,0,0,0
dance_argument,hinge2_restart_importnet,nonorm1p25,25,27.413,0.646935,0.252099,0.267128,0.237069,20,0.00002193,1,0.085015,0.121077,0.048952,0.773811,0.712097,0.835524,0.274073,0.299471,0.248674,0.016193,0.014255,0.099685,0.185715,0.000000,0,0,0,0,0
dance_argument,hinge2_restart_importnet,nonorm1p25,50,347.530,0.571443,0.315011,0.319168,0.310854,22,0.00014709,2,0.066370,0.096135,0.036606,0.841217,0.784444,0.897989,0.336042,0.349851,0.322233,0.012851,0.010546,0.090683,0.165741,0.000000,0,2,0,0,0
dance_argument,hinge2_restart_importnet,nonorm1p25,75,376.267,0.526628,0.363098,0.345713,0.380483,22,0.00002372,0,0.063423,0.094153,0.032693,0.861943,0.800699,0.923187,0.385592,0.378262,0.392922,0.012635,0.009602,0.087061,0.148448,0.000000,0,2,0,0,0
dance_argument,hinge2_restart_importnet,nonorm1p25,100,693.877,0.464429,0.433530,0.420235,0.446825,23,0.00002063,0,0.055472,0.084077,0.026867,0.894441,0.844200,0.944683,0.457198,0.455567,0.458830,0.011263,0.007983,0.076176,0.131973,0.000000,3,2,2,0,0
dance_argument,hinge2_restart_importnet,nonorm1p25,125,724.360,0.418705,0.497578,0.498247,0.496910,23,0.00017505,1,0.055350,0.083746,0.026954,0.907781,0.865731,0.949830,0.525139,0.539974,0.510303,0.011111,0.007990,0.065624,0.119790,0.000000,3,2,2,0,0
dance_argument,hinge2_restart_importnet,nonorm1p25,150,1100.415,0.370994,0.565821,0.593486,0.538156,26,0.00007483,1,0.051447,0.075157,0.027737,0.923436,0.894627,0.952246,0.595586,0.638091,0.553082,0.010110,0.008087,0.052749,0.109976,0.000000,5,3,2,0,0
dance_argument,hinge2_restart_importnet,nonorm1p25,175,1135.582,0.329526,0.612931,0.663521,0.562340,26,0.00000207,2,0.044339,0.067724,0.020955,0.938767,0.912747,0.964787,0.641291,0.708457,0.574124,0.008496,0.006205,0.042675,0.103711,0.000000,5,3,2,0,0
dance_argument,hinge2_restart_importnet,nonorm1p25,200,1519.173,0.300456,0.649009,0.699367,0.598652,27,0.00008359,1,0.044257,0.069210,0.019303,0.942311,0.915285,0.969337,0.678989,0.747770,0.610208,0.008346,0.005695,0.037788,0.094861,0.000000,8,3,4,0,0
dance_argument,hinge2_restart_importnet,nonorm1p25,225,1555.887,0.279851,0.677219,0.722438,0.632001,27,0.00011372,2,0.041136,0.062273,0.019998,0.947428,0.924945,0.969911,0.706033,0.767426,0.644640,0.008237,0.005913,0.035236,0.086962,0.000000,8,3,4,0,0
dance_argument,hinge2_restart_importnet,nonorm1p25,250,1972.802,0.244882,0.720295,0.754917,0.685673,26,0.00014264,1,0.039158,0.058143,0.020172,0.952061,0.932151,0.971971,0.749158,0.798811,0.699504,0.007875,0.005979,0.031083,0.073991,0.000000,8,3,5,0,0
dance_argument,hinge2_restart_importnet,nonorm1p25,275,2007.909,0.222521,0.746836,0.761633,0.732039,26,0.00017343,1,0.046747,0.072019,0.021476,0.945512,0.918944,0.972081,0.782123,0.816485,0.747761,0.008575,0.006398,0.029431,0.063052,0.000000,8,3,5,0,0
dance_argument,hinge2_restart_importnet,nonorm1p25,300,2423.806,0.208522,0.767234,0.771267,0.763200,26,0.00015098,2,0.051112,0.079617,0.022607,0.942289,0.912729,0.971849,0.806563,0.832673,0.780454,0.009761,0.006423,0.028333,0.055644,0.000000,8,3,5,0,0
dance_argument,hinge2_restart_importnet,nonorm1p25,325,2458.541,0.201752,0.780945,0.779917,0.781974,26,0.00020228,3,0.048517,0.072514,0.024520,0.945264,0.920225,0.970303,0.818810,0.836472,0.801148,0.010155,0.007034,0.028251,0.051068,0.000000,8,3,5,0,0
dance_argument,hinge2_restart_importnet,nonorm1p25,350,2859.194,0.183422,0.794796,0.775342,0.814250,28,0.00006988,2,0.053311,0.085233,0.021389,0.941474,0.908021,0.974926,0.836547,0.841427,0.831667,0.010416,0.006054,0.027831,0.043268,0.000000,11,3,6,0,0
dance_argument,hinge2_restart_importnet,nonorm1p25,375,2896.921,0.173144,0.808951,0.783138,0.834764,28,0.00007501,1,0.047321,0.071688,0.022955,0.947564,0.921306,0.973823,0.846603,0.839280,0.853926,0.009803,0.006599,0.027573,0.038470,0.000000,11,3,6,0,0
dance_argument,hinge2_restart_importnet,nonorm1p25,400,3337.499,0.169952,0.812627,0.782483,0.842771,28,0.00007543,1,0.054289,0.084407,0.024172,0.941142,0.909525,0.972758,0.855836,0.848530,0.863142,0.010422,0.006779,0.026933,0.036515,0.000000,11,3,6,0,0
dance_argument,hinge2_restart_importnet,nonorm1p25,425,3374.974,0.162257,0.821082,0.791526,0.850637,28,0.00005438,2,0.051668,0.079947,0.023389,0.944154,0.914473,0.973835,0.862670,0.854807,0.870533,0.009857,0.006695,0.025646,0.034773,0.000000,11,3,6,0,0
dance_argument,hinge2_restart_importnet,nonorm1p25,450,3803.543,0.158158,0.825439,0.797312,0.853565,27,0.00007590,1,0.052846,0.081434,0.024259,0.943354,0.913706,0.973002,0.868256,0.862240,0.874272,0.009844,0.006623,0.024843,0.033625,0.000000,11,3,7,0,0
dance_argument,hinge2_restart_importnet,nonorm1p25,475,3839.495,0.157313,0.831391,0.808048,0.854733,27,0.00007188,2,0.048634,0.071358,0.025911,0.947575,0.923850,0.971299,0.871294,0.865709,0.876880,0.009629,0.007091,0.024222,0.033509,0.000000,11,3,7,0,0
dance_argument,hinge2_restart_importnet,nonorm1p25,500,4262.581,0.154738,0.834030,0.808494,0.859566,27,0.00005018,1,0.047421,0.069541,0.025302,0.948829,0.925566,0.972092,0.873016,0.864718,0.881315,0.009581,0.006912,0.024320,0.032415,0.000000,11,3,7,0,0
dance_argument,hinge2_restart_importnet,nonorm1p25,525,4299.054,0.151332,0.838347,0.814821,0.861873,27,0.00000487,1,0.045948,0.067724,0.024172,0.950562,0.927779,0.973346,0.876355,0.870003,0.882706,0.009345,0.006845,0.023400,0.032027,0.000000,11,3,7,0,0
dance_argument,hinge2_restart_importnet,nonorm1p25,550,4731.451,0.143546,0.847316,0.825864,0.868768,30,0.00001291,1,0.044448,0.065246,0.023650,0.952526,0.930956,0.974095,0.884531,0.879749,0.889314,0.009335,0.006278,0.022236,0.030016,0.000000,14,3,7,0,0
dance_argument,hinge2_restart_importnet,nonorm1p25,575,4771.903,0.140208,0.854820,0.837683,0.871956,30,0.00001570,1,0.047117,0.069541,0.024694,0.950539,0.927973,0.973106,0.894712,0.895937,0.893488,0.009580,0.006740,0.020433,0.029265,0.000000,14,3,7,0,0
dance_argument,hinge2_restart_importnet,nonorm1p25,600,5237.318,0.138360,0.860820,0.845334,0.876305,29,0.00000359,1,0.046609,0.069045,0.024172,0.951397,0.929020,0.973774,0.900594,0.903700,0.897487,0.009686,0.007135,0.019487,0.028665,0.000000,14,3,8,0,0
dance_argument,hinge2_restart_importnet,nonorm1p25,625,5276.391,0.135907,0.861638,0.844266,0.879009,29,0.00000379,1,0.047491,0.070202,0.024780,0.950566,0.927905,0.973227,0.902163,0.903535,0.900791,0.009474,0.007122,0.019298,0.027909,0.000000,14,3,8,0,0
dance_argument,hinge2_restart_importnet,nonorm1p25,650,5745.309,0.135767,0.862850,0.845608,0.880092,29,0.00001029,0,0.047239,0.069871,0.024607,0.950871,0.928305,0.973437,0.903219,0.904691,0.901748,0.009554,0.007148,0.019342,0.027661,0.000000,14,3,8,0,0
dance_argument,hinge2_restart_importnet,nonorm1p25,675,5784.688,0.134295,0.858912,0.836594,0.881229,29,0.00001601,2,0.052390,0.080608,0.024172,0.946025,0.918135,0.973916,0.903280,0.904030,0.902530,0.009824,0.006641,0.019447,0.027112,0.000000,14,3,8,0,0
dance_argument,hinge2_restart_importnet,nonorm1p25,700,6249.782,0.138553,0.859162,0.839158,0.879167,29,0.00000939,1,0.052472,0.082425,0.022520,0.946184,0.916806,0.975561,0.903645,0.908325,0.898965,0.011000,0.006255,0.020120,0.027585,0.000000,14,3,8,0,0
dance_argument,hinge2_restart_importnet,nonorm1p25,725,6288.409,0.136429,0.859890,0.838759,0.881021,29,0.00000986,1,0.051212,0.080773,0.021650,0.947349,0.918186,0.976512,0.903302,0.906508,0.900096,0.010778,0.005861,0.020179,0.027234,0.000000,14,3,8,0,0
dance_argument,hinge2_restart_importnet,nonorm1p25,750,6751.801,0.134218,0.859859,0.839901,0.879816,29,0.00000791,2,0.046547,0.073010,0.020085,0.951585,0.925059,0.978110,0.899355,0.901222,0.897487,0.009849,0.005727,0.020032,0.027604,0.000000,14,3,8,0,0
dance_argument,hinge2_restart_importnet,nonorm1p25,775,6790.768,0.125861,0.866230,0.850730,0.881731,29,0.00000355,1,0.041192,0.063429,0.018955,0.956910,0.934482,0.979338,0.901567,0.904691,0.898444,0.008514,0.005337,0.018440,0.027175,0.000000,14,3,8,0,0
dance_argument,hinge2_restart_importnet,nonorm1p25,800,7256.324,0.127051,0.861687,0.840419,0.882955,29,0.00000473,2,0.045782,0.072349,0.019216,0.952390,0.925687,0.979094,0.900572,0.901222,0.899922,0.008698,0.005500,0.018890,0.026886,0.000000,14,3,8,0,0
dance_argument,hinge2_restart_importnet,nonorm1p25,825,7294.924,0.125760,0.865904,0.849153,0.882654,29,0.00000596,2,0.040675,0.063264,0.018085,0.957395,0.934519,0.980271,0.900746,0.902874,0.898618,0.008486,0.005280,0.018568,0.027102,0.000000,14,3,8,0,0
dance_argument,hinge2_restart_importnet,nonorm1p25,850,7752.600,0.126350,0.862760,0.844126,0.881395,29,0.00000644,3,0.045548,0.071358,0.019737,0.952689,0.926866,0.978512,0.901576,0.904361,0.898791,0.008566,0.005415,0.018574,0.027122,0.000000,14,3,8,0,0
dance_argument,hinge2_restart_importnet,nonorm1p25,875,7791.359,0.127864,0.862849,0.844926,0.880772,29,0.00001230,3,0.047299,0.075818,0.018781,0.951256,0.923012,0.979499,0.903150,0.908986,0.897313,0.009440,0.005018,0.018708,0.027147,0.000000,14,3,8,0,0
dance_argument,hinge2_restart_importnet,nonorm1p25,900,8247.693,0.121932,0.870518,0.858100,0.882936,29,0.00000404,2,0.039010,0.060456,0.017564,0.959264,0.937702,0.980826,0.904210,0.909977,0.898444,0.008216,0.005026,0.017495,0.026917,0.000000,14,3,8,0,0
dance_argument,hinge2_restart_importnet,nonorm1p25,925,8286.035,0.123769,0.866418,0.851287,0.881550,29,0.00000177,2,0.045361,0.071853,0.018868,0.953213,0.927001,0.979425,0.905319,0.912455,0.898183,0.008737,0.005077,0.017611,0.027005,0.000000,14,3,8,0,0
dance_argument,hinge2_restart_importnet,nonorm1p25,950,8737.229,0.130070,0.866352,0.847572,0.885131,30,0.00000667,2,0.046539,0.074992,0.018085,0.952139,0.923953,0.980325,0.906136,0.911133,0.901139,0.010106,0.005381,0.019138,0.026536,0.000000,16,3,9,0,0
dance_argument,hinge2_restart_importnet,nonorm1p25,975,8777.338,0.120641,0.870521,0.855212,0.885829,30,0.00000148,1,0.039979,0.063264,0.016694,0.958377,0.934952,0.981801,0.904967,0.909316,0.900617,0.008303,0.004843,0.017700,0.026188,0.000000,16,3,9,0,0
dance_argument,hinge2_restart_importnet,nonorm1p25,1000,9239.073,0.118810,0.874449,0.859972,0.888927,29,0.00000245,2,0.037693,0.059300,0.016086,0.960693,0.938883,0.982503,0.907097,0.910968,0.903226,0.008232,0.004802,0.017473,0.025640,0.000000,16,3,10,0,0
dance_argument,hinge2_restart_importnet,nonorm1p25,1025,9277.864,0.120116,0.871177,0.853456,0.888898,29,0.00000338,3,0.045965,0.075322,0.016607,0.953053,0.924152,0.981954,0.910700,0.917740,0.903661,0.008915,0.004919,0.017159,0.025606,0.000000,16,3,10,0,0
dance_argument,hinge2_restart_importnet,nonorm1p25,1050,9741.318,0.117113,0.876800,0.864161,0.889440,29,0.00000395,2,0.038001,0.059134,0.016868,0.960501,0.939312,0.981691,0.909853,0.915263,0.904443,0.008111,0.004939,0.016751,0.025491,0.000000,16,3,10,0,0
dance_argument,hinge2_restart_importnet,nonorm1p25,1075,9780.514,0.117084,0.876373,0.863353,0.889392,29,0.00000455,2,0.038671,0.060126,0.017216,0.959842,0.938357,0.981326,0.909983,0.915263,0.904704,0.008239,0.004831,0.016917,0.025286,0.000000,16,3,10,0,0
dance_argument,hinge2_restart_importnet,nonorm1p25,1100,10240.694,0.117283,0.872573,0.854896,0.890250,29,0.00000781,2,0.043030,0.071193,0.014868,0.955838,0.927866,0.983810,0.909622,0.915758,0.903487,0.008536,0.004454,0.017081,0.025320,0.000000,16,3,10,0,0
dance_argument,hinge2_restart_importnet,nonorm1p25,1125,10279.588,0.116830,0.873290,0.854215,0.892366,29,0.00000590,2,0.044448,0.071853,0.017042,0.954401,0.927233,0.981569,0.911583,0.915593,0.907573,0.008404,0.004957,0.017076,0.024636,0.000000,16,3,10,0,0
dance_argument,hinge2_restart_importnet,nonorm1p25,1150,10740.873,0.115711,0.878726,0.864494,0.892958,29,0.00000281,2,0.037736,0.059300,0.016173,0.960836,0.939183,0.982489,0.911579,0.915758,0.907399,0.008109,0.004980,0.016662,0.024832,0.000000,16,3,10,0,0
dance_argument,hinge2_restart_importnet,nonorm1p25,1175,10779.686,0.116390,0.875479,0.857517,0.893441,29,0.00000647,2,0.045100,0.073505,0.016694,0.954004,0.926055,0.981953,0.914452,0.920548,0.908356,0.008783,0.004838,0.016743,0.024424,0.000000,16,3,10,0,0
dance_argument,hinge2_restart_importnet,nonorm1p25,1200,11243.832,0.114539,0.879588,0.865400,0.893777,29,0.00001357,2,0.038058,0.060291,0.015825,0.960607,0.938345,0.982869,0.912748,0.917575,0.907921,0.008303,0.004694,0.016584,0.024435,0.000000,16,3,10,0,0
dance_argument,hinge2_restart_importnet,nonorm1p25,1225,11282.929,0.113182,0.879974,0.866293,0.893655,29,0.00002109,3,0.037719,0.059960,0.015477,0.960967,0.938703,0.983231,0.912861,0.918236,0.907486,0.008191,0.004486,0.016429,0.024309,0.000000,16,3,10,0,0
dance_argument,hinge2_restart_importnet,nonorm1p25,1250,11747.396,0.114063,0.877221,0.862354,0.892089,29,0.00001159,3,0.037032,0.059630,0.014434,0.961521,0.938741,0.984301,0.909370,0.913776,0.904965,0.008082,0.004244,0.016867,0.024753,0.000000,16,3,10,0,0
dance_argument,hinge2_restart_importnet,nonorm1p25,1275,11786.806,0.116504,0.874798,0.855670,0.893926,29,0.00000686,1,0.044969,0.073505,0.016433,0.954071,0.925907,0.982235,0.913591,0.918566,0.908617,0.008559,0.005026,0.016816,0.024452,0.000000,16,3,10,0,0
dance_argument,hinge2_restart_importnet,nonorm1p25,1300,12244.161,0.119059,0.878576,0.864088,0.893065,29,0.00000221,2,0.040714,0.063429,0.017998,0.958008,0.935430,0.980587,0.914017,0.918897,0.909138,0.008868,0.005402,0.016975,0.024717,0.000000,16,3,10,0,0
dance_argument,hinge2_restart_importnet,nonorm1p25,1325,12282.826,0.120741,0.872205,0.850691,0.893719,29,0.00000375,3,0.047747,0.075322,0.020172,0.951139,0.923924,0.978354,0.913257,0.914767,0.911747,0.008864,0.005812,0.017517,0.024507,0.000000,16,3,10,0,0
dance_argument,hinge2_restart_importnet,nonorm1p25,1350,12746.607,0.117492,0.878925,0.862230,0.895620,29,0.00000064,2,0.041353,0.062273,0.020433,0.957235,0.936339,0.978131,0.914922,0.915923,0.913921,0.008352,0.005909,0.016929,0.023991,0.000000,16,3,10,0,0
dance_argument,hinge2_restart_importnet,nonorm1p25,1375,12785.607,0.117173,0.875536,0.855342,0.895730,29,0.00000293,2,0.046334,0.074496,0.018172,0.952742,0.925021,0.980464,0.915535,0.919062,0.912008,0.008750,0.005365,0.016909,0.024033,0.000000,16,3,10,0,0
dance_argument,hinge2_restart_importnet,nonorm1p25,1400,13252.643,0.124362,0.875680,0.855874,0.895487,29,0.00000761,2,0.048795,0.078461,0.019129,0.950563,0.921656,0.979470,0.917821,0.923026,0.912616,0.010534,0.005621,0.018006,0.023977,0.000000,16,3,10,0,0
dance_argument,hinge2_restart_importnet,nonorm1p25,1425,13291.934,0.125727,0.873671,0.853090,0.894252,29,0.00000461,2,0.048351,0.077139,0.019564,0.950774,0.922554,0.978994,0.915322,0.918897,0.911747,0.010267,0.005752,0.018357,0.024481,0.000000,16,3,10,0,0
dance_argument,hinge2_restart_importnet,nonorm1p25,1450,13767.845,0.123619,0.875088,0.853198,0.896978,29,0.00001300,2,0.047751,0.076809,0.018694,0.951399,0.922847,0.979952,0.916239,0.918731,0.913747,0.010268,0.005586,0.018239,0.023748,0.000000,16,3,10,0,0
dance_argument,hinge2_restart_importnet,nonorm1p25,1475,13807.107,0.118282,0.876293,0.855086,0.897499,29,0.00001233,2,0.048538,0.078295,0.018781,0.950802,0.921731,0.979873,0.918195,0.922035,0.914355,0.009158,0.005666,0.016892,0.023715,0.000000,16,3,10,0,0
dance_argument,hinge2_restart_importnet,nonorm1p25,1500,14273.868,0.123630,0.875631,0.852653,0.898609,29,0.00001473,1,0.048043,0.077304,0.018781,0.951136,0.922375,0.979898,0.917026,0.918566,0.915486,0.010434,0.005574,0.018413,0.023387,0.000000,16,3,10,0,0
dance_argument,hinge2_restart_importnet,nonorm1p25,1525,14312.828,0.117568,0.876706,0.854846,0.898567,29,0.00001004,2,0.049003,0.078791,0.019216,0.950368,0.921287,0.979450,0.919017,0.922200,0.915833,0.009143,0.005721,0.016768,0.023433,0.000000,16,3,10,0,0
acm_scf,hinge2_restart_importnet,nonorm1p25,1,1.514,1.007982,0.161058,0.129646,0.192470,20,0.00000000,0,0.228343,0.099461,0.357224,0.505697,0.589008,0.422386,0.201882,0.142540,0.261224,0.036401,0.049872,0.261455,0.134695,0.000000,0,0,0,0,0
acm_scf,hinge2_restart_importnet,nonorm1p25,25,26.700,0.773896,0.228725,0.165084,0.292366,20,0.00000000,0,0.105081,0.042489,0.167673,0.736310,0.801997,0.670622,0.256743,0.172098,0.341388,0.015295,0.022917,0.238096,0.101088,0.000000,0,0,0,0,0
acm_scf,hinge2_restart_importnet,nonorm1p25,50,334.133,0.690131,0.291948,0.204972,0.378924,23,0.00016999,0,0.077335,0.031405,0.123265,0.823047,0.870663,0.775431,0.318521,0.211409,0.425633,0.011324,0.016907,0.224321,0.085396,0.000000,0,3,0,0,0
acm_scf,hinge2_restart_importnet,nonorm1p25,75,363.409,0.633690,0.346114,0.237710,0.454519,23,0.00000290,2,0.067455,0.022094,0.112816,0.867137,0.916643,0.817630,0.374379,0.242962,0.505796,0.008053,0.015466,0.213248,0.074197,0.000000,0,3,0,0,0
acm_scf,hinge2_restart_importnet,nonorm1p25,100,696.639,0.581897,0.398521,0.286713,0.510330,24,0.00000856,0,0.064606,0.014926,0.114286,0.891932,0.951208,0.832656,0.429823,0.290992,0.568653,0.005349,0.015682,0.198214,0.066444,0.000000,3,3,2,0,0
acm_scf,hinge2_restart_importnet,nonorm1p25,125,727.594,0.542310,0.443286,0.329958,0.556613,24,0.00012941,0,0.064437,0.014261,0.114612,0.901598,0.959127,0.844069,0.477536,0.334663,0.620408,0.004754,0.015554,0.185811,0.059914,0.000000,3,3,2,0,0
acm_scf,hinge2_restart_importnet,nonorm1p25,150,1081.894,0.520465,0.468794,0.354924,0.582665,23,0.00000547,1,0.064823,0.010788,0.118857,0.908301,0.970806,0.845795,0.505336,0.358753,0.651918,0.003951,0.016112,0.178589,0.056563,0.000000,4,3,4,0,0
acm_scf,hinge2_restart_importnet,nonorm1p25,175,1112.415,0.502539,0.495909,0.388256,0.603562,23,0.00001834,1,0.074201,0.011749,0.136653,0.902427,0.970959,0.833896,0.539429,0.392818,0.686041,0.003738,0.018549,0.168970,0.054434,0.000000,4,3,4,0,0
acm_scf,hinge2_restart_importnet,nonorm1p25,200,1477.867,0.474780,0.531398,0.424963,0.637832,25,0.00001706,0,0.075631,0.009384,0.141878,0.907776,0.978591,0.836961,0.578639,0.428951,0.728327,0.003452,0.019464,0.158732,0.050007,0.000000,7,3,5,0,0
acm_scf,hinge2_restart_importnet,nonorm1p25,225,1511.479,0.455197,0.550416,0.458924,0.641908,25,0.00001706,0,0.077015,0.011010,0.143020,0.906846,0.976820,0.836872,0.598846,0.463977,0.733714,0.003522,0.019677,0.149209,0.049385,0.000000,7,3,5,0,0
acm_scf,hinge2_restart_importnet,nonorm1p25,250,1928.215,0.430401,0.580009,0.497220,0.662799,28,0.00007017,1,0.081886,0.009976,0.153796,0.906543,0.980522,0.832563,0.633457,0.502180,0.764735,0.003063,0.020953,0.138462,0.046695,0.000000,9,4,5,0,0
acm_scf,hinge2_restart_importnet,nonorm1p25,275,1965.442,0.412340,0.594545,0.524081,0.665009,28,0.00008007,1,0.079133,0.009532,0.148735,0.909666,0.982302,0.837030,0.646498,0.529077,0.763918,0.003380,0.019905,0.131138,0.045897,0.000000,9,4,5,0,0
acm_scf,hinge2_restart_importnet,nonorm1p25,300,2429.981,0.387169,0.618189,0.558162,0.678217,31,0.00006481,0,0.073408,0.011306,0.135510,0.915367,0.980364,0.850370,0.667297,0.564472,0.770122,0.003799,0.018543,0.121798,0.043837,0.000000,11,5,5,0,0
acm_scf,hinge2_restart_importnet,nonorm1p25,325,2471.067,0.363194,0.644379,0.601773,0.686986,31,0.00015553,2,0.080270,0.008867,0.151673,0.912369,0.985605,0.839134,0.699146,0.607109,0.791184,0.003099,0.020331,0.109584,0.042670,0.000000,11,5,5,0,0
acm_scf,hinge2_restart_importnet,nonorm1p25,350,2965.123,0.347221,0.664063,0.624322,0.703803,33,0.00001593,1,0.081415,0.008054,0.154776,0.913695,0.987364,0.840027,0.721043,0.629350,0.812735,0.002729,0.021044,0.103224,0.040664,0.000000,14,5,6,0,0
acm_scf,hinge2_restart_importnet,nonorm1p25,375,3008.710,0.331863,0.686778,0.657266,0.716290,33,0.00004399,1,0.087486,0.011380,0.163592,0.909548,0.983169,0.835926,0.749107,0.664745,0.833469,0.004147,0.021965,0.094480,0.038797,0.000000,14,5,6,0,0
acm_scf,hinge2_restart_importnet,nonorm1p25,400,3523.230,0.300774,0.717533,0.697465,0.737601,35,0.00003229,1,0.083552,0.011675,0.155429,0.914739,0.983723,0.845755,0.778927,0.705609,0.852245,0.004265,0.020840,0.083335,0.035658,0.000000,17,5,7,0,0
acm_scf,hinge2_restart_importnet,nonorm1p25,425,3569.676,0.281936,0.733221,0.718335,0.748108,35,0.00003457,1,0.077474,0.011601,0.143347,0.920376,0.984286,0.856466,0.791008,0.726668,0.855347,0.004024,0.019506,0.077433,0.034110,0.000000,17,5,7,0,0
acm_scf,hinge2_restart_importnet,nonorm1p25,450,4109.009,0.269347,0.746984,0.730741,0.763226,34,0.00000495,2,0.073122,0.016774,0.129469,0.923672,0.977923,0.869422,0.802520,0.742999,0.862041,0.005568,0.017685,0.074043,0.031563,0.000000,18,5,9,0,0
acm_scf,hinge2_restart_importnet,nonorm1p25,475,4154.292,0.242879,0.775903,0.763511,0.788295,34,0.00002957,1,0.072176,0.014557,0.129796,0.927177,0.981554,0.872800,0.832619,0.774625,0.890612,0.005080,0.017607,0.065023,0.028047,0.000000,18,5,9,0,0
acm_scf,hinge2_restart_importnet,nonorm1p25,500,4694.004,0.233619,0.786933,0.777341,0.796524,33,0.00002623,2,0.071432,0.015518,0.127347,0.928259,0.980722,0.875796,0.843681,0.789404,0.897959,0.005599,0.017391,0.061161,0.026902,0.000000,18,5,10,0,0
acm_scf,hinge2_restart_importnet,nonorm1p25,525,4737.739,0.225859,0.800118,0.786299,0.813937,33,0.00002183,1,0.070823,0.019360,0.122286,0.929176,0.976416,0.881936,0.857496,0.801522,0.913469,0.007050,0.016642,0.058984,0.024324,0.000000,18,5,10,0,0
acm_scf,hinge2_restart_importnet,nonorm1p25,550,5271.756,0.228344,0.804133,0.797242,0.811024,36,0.00001537,0,0.081879,0.023350,0.140408,0.920187,0.972176,0.868199,0.870378,0.815858,0.924898,0.008441,0.018408,0.056053,0.024552,0.000000,21,5,10,0,0
acm_scf,hinge2_restart_importnet,nonorm1p25,575,5319.108,0.223906,0.809079,0.807934,0.810224,36,0.00002067,0,0.082979,0.022611,0.143347,0.919678,0.973361,0.865995,0.876285,0.826203,0.926367,0.008299,0.018978,0.053021,0.024827,0.000000,21,5,10,0,0
acm_scf,hinge2_restart_importnet,nonorm1p25,600,5888.789,0.216776,0.814804,0.815388,0.814220,35,0.00000879,0,0.080406,0.021872,0.138939,0.922060,0.974421,0.869698,0.880285,0.833222,0.927347,0.007996,0.018492,0.050877,0.024397,0.000000,21,5,11,0,0
acm_scf,hinge2_restart_importnet,nonorm1p25,625,5934.815,0.223643,0.812661,0.817854,0.807468,35,0.00001709,0,0.087722,0.025567,0.149878,0.915717,0.970420,0.861014,0.883627,0.838765,0.928490,0.009429,0.019625,0.050406,0.025093,0.000000,21,5,11,0,0
acm_scf,hinge2_restart_importnet,nonorm1p25,650,6503.429,0.241460,0.809733,0.808193,0.811272,35,0.00000074,0,0.093059,0.039016,0.147102,0.909553,0.955600,0.863506,0.885169,0.839725,0.930612,0.014296,0.019589,0.053527,0.024847,0.000000,21,5,11,0,0
acm_scf,hinge2_restart_importnet,nonorm1p25,675,6548.496,0.252306,0.806368,0.804467,0.808270,35,0.00000544,0,0.097623,0.042267,0.152980,0.905501,0.952009,0.858992,0.885194,0.838469,0.931918,0.015595,0.020825,0.054904,0.025722,0.000000,21,5,11,0,0
acm_scf,hinge2_restart_importnet,nonorm1p25,700,7089.858,0.247982,0.806403,0.811035,0.801771,34,0.00000340,1,0.100937,0.040568,0.161306,0.903237,0.954135,0.852339,0.887520,0.843937,0.931102,0.015026,0.020994,0.052889,0.026076,0.000000,21,5,12,0,0
acm_scf,hinge2_restart_importnet,nonorm1p25,725,7133.641,0.248126,0.812259,0.815707,0.808811,34,0.00000324,1,0.103514,0.039681,0.167347,0.902372,0.955302,0.849442,0.896119,0.848075,0.944163,0.014732,0.022570,0.051621,0.025814,0.000000,21,5,12,0,0
acm_scf,hinge2_restart_importnet,nonorm1p25,750,7662.241,0.213678,0.821576,0.797683,0.845468,34,0.00000000,0,0.071890,0.027045,0.116735,0.929005,0.968043,0.889966,0.881710,0.819257,0.944163,0.009532,0.015523,0.055734,0.019787,0.000000,21,5,12,0,0
acm_scf,hinge2_restart_importnet,nonorm1p25,775,7705.654,0.207825,0.823703,0.806056,0.841349,34,0.00000000,0,0.069186,0.024902,0.113469,0.931351,0.970739,0.891963,0.881473,0.826129,0.936816,0.009008,0.015132,0.053599,0.020139,0.000000,21,5,12,0,0
acm_scf,hinge2_restart_importnet,nonorm1p25,800,8251.621,0.202510,0.828400,0.814756,0.842044,34,0.00000000,0,0.069419,0.023572,0.115265,0.931595,0.972512,0.890678,0.886532,0.833961,0.939102,0.008540,0.015365,0.051145,0.020229,0.000000,21,5,12,0,0
acm_scf,hinge2_restart_importnet,nonorm1p25,825,8295.312,0.208033,0.823568,0.817308,0.829827,34,0.00001645,0,0.073741,0.022094,0.125388,0.927930,0.974233,0.881628,0.884621,0.835365,0.933878,0.008062,0.016999,0.050391,0.022294,0.000000,21,5,12,0,0
acm_scf,hinge2_restart_importnet,nonorm1p25,850,8833.116,0.204435,0.823548,0.816835,0.830260,34,0.00001237,0,0.073547,0.022685,0.124408,0.927985,0.973562,0.882407,0.884458,0.835365,0.933551,0.008146,0.016034,0.050429,0.021559,0.000000,21,5,12,0,0
acm_scf,hinge2_restart_importnet,nonorm1p25,875,8877.027,0.206378,0.824527,0.814820,0.834234,34,0.00000584,0,0.070503,0.023129,0.117878,0.930395,0.973006,0.887784,0.883119,0.833666,0.932571,0.008332,0.016193,0.050841,0.021690,0.000000,21,5,12,0,0
acm_scf,hinge2_restart_importnet,nonorm1p25,900,9412.260,0.200194,0.826241,0.819683,0.832798,34,0.00000000,0,0.069707,0.020395,0.119020,0.931473,0.976197,0.886748,0.884159,0.836400,0.931918,0.007588,0.015705,0.049523,0.021459,0.000000,21,5,12,0,0
acm_scf,hinge2_restart_importnet,nonorm1p25,925,9456.127,0.201089,0.824856,0.824730,0.824982,34,0.00000001,1,0.072386,0.020690,0.124082,0.928999,0.976011,0.881988,0.884571,0.841794,0.927347,0.007632,0.016258,0.048358,0.022324,0.000000,21,5,12,0,0
acm_scf,hinge2_restart_importnet,nonorm1p25,950,9987.695,0.197678,0.825792,0.826159,0.825425,34,0.00000064,1,0.067253,0.019730,0.114776,0.933108,0.977117,0.889099,0.881311,0.842459,0.920163,0.007266,0.015394,0.047953,0.022561,0.000000,21,5,12,0,0
acm_scf,hinge2_restart_importnet,nonorm1p25,975,10031.422,0.193547,0.829207,0.834600,0.823813,34,0.00000000,1,0.069194,0.020838,0.117551,0.931450,0.976126,0.886775,0.886322,0.851991,0.920653,0.007620,0.015404,0.045468,0.022526,0.000000,21,5,12,0,0
acm_scf,hinge2_restart_importnet,nonorm1p25,1000,10568.883,0.187972,0.839124,0.853595,0.824653,37,0.00000000,1,0.074516,0.020542,0.128490,0.927821,0.976962,0.878680,0.900871,0.871130,0.930612,0.007506,0.017282,0.040119,0.022881,0.000000,24,5,12,0,0
acm_scf,hinge2_restart_importnet,nonorm1p25,1025,10616.636,0.183802,0.844082,0.862304,0.825861,37,0.00000002,0,0.076631,0.020690,0.132571,0.926446,0.977032,0.875860,0.907746,0.880145,0.935347,0.007607,0.017751,0.037597,0.022607,0.000000,24,5,12,0,0
acm_scf,hinge2_restart_importnet,nonorm1p25,1050,11215.511,0.177667,0.850767,0.868587,0.832947,37,0.00000000,0,0.074485,0.021134,0.127837,0.928474,0.976727,0.880220,0.913186,0.886943,0.939429,0.007691,0.017276,0.035838,0.021786,0.000000,24,5,12,0,0
acm_scf,hinge2_restart_importnet,nonorm1p25,1075,11263.424,0.172432,0.856872,0.876944,0.836800,37,0.00000181,0,0.075939,0.021429,0.130449,0.927723,0.976636,0.878811,0.920848,0.895736,0.945959,0.007830,0.017384,0.033589,0.021108,0.000000,24,5,12,0,0
acm_scf,hinge2_restart_importnet,nonorm1p25,1100,11853.134,0.170259,0.858302,0.875317,0.841288,38,0.00000097,0,0.073261,0.021134,0.125388,0.929977,0.976902,0.883052,0.920295,0.893815,0.946776,0.007557,0.017038,0.033758,0.020627,0.000000,25,5,12,0,0
acm_scf,hinge2_restart_importnet,nonorm1p25,1125,11902.407,0.163540,0.861978,0.878206,0.845750,38,0.00000846,0,0.069857,0.019877,0.119837,0.932985,0.978289,0.887682,0.921382,0.895662,0.947102,0.007282,0.015928,0.033095,0.019660,0.000000,25,5,12,0,0
acm_scf,hinge2_restart_importnet,nonorm1p25,1150,12521.231,0.167263,0.861884,0.877088,0.846681,38,0.00000284,1,0.070602,0.022020,0.119184,0.932150,0.976024,0.888277,0.921997,0.896401,0.947592,0.007925,0.016382,0.033403,0.019843,0.000000,26,5,13,0,0
acm_scf,hinge2_restart_importnet,nonorm1p25,1175,12571.613,0.161670,0.866705,0.890040,0.843370,38,0.00000719,1,0.073968,0.020099,0.127837,0.929934,0.978342,0.881525,0.929556,0.907929,0.951184,0.007409,0.017168,0.029838,0.020273,0.000000,26,5,13,0,0
acm_scf,hinge2_restart_importnet,nonorm1p25,1200,13196.126,0.160866,0.869755,0.889910,0.849600,41,0.00000169,1,0.071680,0.020912,0.122449,0.931854,0.977500,0.886208,0.931076,0.908520,0.953633,0.007554,0.017064,0.029936,0.019724,0.000000,29,5,13,0,0
acm_scf,hinge2_restart_importnet,nonorm1p25,1225,13249.854,0.153489,0.877329,0.905000,0.849659,41,0.00000130,1,0.073171,0.021281,0.125061,0.930900,0.977493,0.884308,0.940089,0.924259,0.955918,0.007800,0.017235,0.025763,0.019687,0.000000,29,5,13,0,0
acm_scf,hinge2_restart_importnet,nonorm1p25,1250,13923.563,0.149875,0.881512,0.908742,0.854282,41,0.00000169,1,0.072979,0.021060,0.124898,0.931393,0.977807,0.884980,0.944430,0.927880,0.960980,0.007849,0.017136,0.024613,0.019094,0.000000,29,5,13,0,0
acm_scf,hinge2_restart_importnet,nonorm1p25,1275,13977.672,0.149177,0.881531,0.910130,0.852933,41,0.00000357,0,0.075665,0.021207,0.130122,0.929377,0.977691,0.881063,0.946675,0.929432,0.963918,0.007844,0.017268,0.024433,0.018764,0.000000,29,5,13,0,0
acm_scf,hinge2_restart_importnet,nonorm1p25,1300,14676.577,0.151972,0.882358,0.909242,0.855474,44,0.00000110,1,0.077265,0.022611,0.131918,0.928180,0.976259,0.880101,0.949064,0.929801,0.968327,0.008094,0.017962,0.024513,0.018903,0.000000,32,5,13,0,0
acm_scf,hinge2_restart_importnet,nonorm1p25,1325,14734.817,0.151770,0.882835,0.911775,0.853894,44,0.00001184,0,0.078851,0.023498,0.134204,0.926866,0.975438,0.878294,0.950845,0.933200,0.968490,0.008465,0.018013,0.023848,0.018936,0.000000,32,5,13,0,0
acm_scf,hinge2_restart_importnet,nonorm1p25,1350,15444.717,0.149834,0.885249,0.917425,0.853072,44,0.00004714,1,0.078682,0.022833,0.134531,0.927104,0.976245,0.877962,0.953105,0.938373,0.967837,0.008463,0.018214,0.022290,0.019265,0.000000,32,5,13,0,0
acm_scf,hinge2_restart_importnet,nonorm1p25,1375,15502.352,0.145754,0.888373,0.919541,0.857205,44,0.00003755,1,0.076824,0.024015,0.129633,0.928532,0.975130,0.881933,0.954975,0.941624,0.968327,0.008726,0.017571,0.021427,0.018565,0.000000,32,5,13,0,0
acm_scf,hinge2_restart_importnet,nonorm1p25,1400,16229.248,0.143409,0.892064,0.925953,0.858174,44,0.00002293,1,0.077158,0.023868,0.130449,0.928457,0.975443,0.881472,0.959088,0.948053,0.970122,0.008895,0.017730,0.019913,0.018502,0.000000,32,5,13,0,0
acm_scf,hinge2_restart_importnet,nonorm1p25,1425,16287.264,0.146085,0.891237,0.926030,0.856443,44,0.00001764,1,0.078910,0.023941,0.133878,0.927107,0.975372,0.878842,0.959651,0.948201,0.971102,0.008864,0.018392,0.019999,0.018966,0.000000,32,5,13,0,0
acm_scf,hinge2_restart_importnet,nonorm1p25,1450,16998.505,0.144629,0.891771,0.927819,0.855724,44,0.00000663,1,0.078799,0.023720,0.133878,0.927194,0.975636,0.878752,0.960056,0.949826,0.970286,0.008847,0.018298,0.019543,0.018838,0.000000,32,5,13,0,0
acm_scf,hinge2_restart_importnet,nonorm1p25,1475,17056.040,0.144580,0.890957,0.927567,0.854347,44,0.00001889,1,0.079302,0.024237,0.134367,0.926680,0.975123,0.878236,0.959595,0.950048,0.969143,0.009039,0.017999,0.019761,0.018726,0.000000,32,5,13,0,0
acm_scf,hinge2_restart_importnet,nonorm1p25,1500,17771.166,0.142551,0.892073,0.925910,0.858236,44,0.00003776,1,0.077108,0.023276,0.130939,0.928577,0.976022,0.881132,0.959037,0.947462,0.970612,0.008682,0.017696,0.019988,0.018302,0.000000,32,5,13,0,0
acm_scf,hinge2_restart_importnet,nonorm1p25,1525,17829.048,0.145530,0.890988,0.925081,0.856895,44,0.00007138,1,0.077203,0.023794,0.130612,0.928346,0.975493,0.881200,0.957954,0.947092,0.968816,0.008895,0.017963,0.020367,0.018800,0.000000,32,5,13,0,0
acm_scf,hinge2_restart_importnet,nonorm1p25,1550,18554.576,0.144087,0.891088,0.926477,0.855698,44,0.00004653,2,0.076707,0.023129,0.130286,0.928733,0.976181,0.881285,0.957544,0.947905,0.967184,0.008520,0.017999,0.019734,0.019144,0.000000,32,5,13,0,0
acm_scf,hinge2_restart_importnet,nonorm1p25,1575,18612.660,0.139846,0.893436,0.927307,0.859565,44,0.00003767,1,0.074571,0.022611,0.126531,0.930571,0.976711,0.884432,0.958301,0.948275,0.968327,0.008432,0.017241,0.019535,0.018284,0.000000,32,5,13,0,0
acm_scf,hinge2_restart_importnet,nonorm1p25,1600,19338.270,0.145567,0.890142,0.927025,0.853259,44,0.00005967,1,0.079288,0.023720,0.134857,0.926686,0.975615,0.877756,0.958670,0.949014,0.968327,0.008786,0.018372,0.019588,0.019227,0.000000,32,5,13,0,0
acm_scf,hinge2_restart_importnet,nonorm1p25,1625,19396.898,0.142014,0.894426,0.929071,0.859781,44,0.00005693,1,0.077922,0.024089,0.131755,0.928026,0.975307,0.880745,0.962257,0.951452,0.973061,0.008821,0.018026,0.019012,0.018417,0.000000,32,5,13,0,0
acm_scf,hinge2_restart_importnet,nonorm1p25,1650,20098.330,0.144671,0.893027,0.927164,0.858890,44,0.00006118,1,0.079333,0.023646,0.135020,0.927019,0.975691,0.878347,0.961972,0.949087,0.974857,0.008804,0.018496,0.019625,0.018564,0.000000,32,5,13,0,0
acm_scf,hinge2_restart_importnet,nonorm1p25,1675,20156.794,0.141622,0.895052,0.930098,0.860006,44,0.00006709,1,0.077842,0.023276,0.132408,0.928220,0.976127,0.880313,0.962813,0.951748,0.973878,0.008752,0.018101,0.018824,0.018397,0.000000,32,5,13,0,0
acm_scf,hinge2_restart_importnet,nonorm1p25,1700,20875.920,0.143171,0.894578,0.929252,0.859905,44,0.00005814,1,0.077582,0.023572,0.131592,0.928346,0.975817,0.880875,0.962109,0.951156,0.973061,0.008921,0.018150,0.019200,0.018527,0.000000,32,5,13,0,0
acm_scf,hinge2_restart_importnet,nonorm1p25,1725,20934.588,0.145721,0.892560,0.927649,0.857471,44,0.00002231,1,0.080927,0.024385,0.137469,0.925724,0.974981,0.876467,0.962808,0.950270,0.975347,0.009017,0.018764,0.019319,0.018808,0.000000,32,5,13,0,0
acm_scf,hinge2_restart_importnet,nonorm1p25,1750,21640.357,0.142319,0.893781,0.926632,0.860931,44,0.00001223,1,0.078087,0.023276,0.132898,0.928061,0.976040,0.880082,0.961774,0.948201,0.975347,0.008624,0.018033,0.019644,0.018189,0.000000,32,5,13,0,0
acm_scf,hinge2_restart_importnet,nonorm1p25,1775,21698.709,0.146976,0.891754,0.927737,0.855771,44,0.00000413,0,0.081691,0.024607,0.138776,0.925058,0.974767,0.875348,0.962548,0.950565,0.974531,0.009028,0.018975,0.019257,0.019225,0.000000,32,5,13,0,0
acm_scf,hinge2_restart_importnet,nonorm1p25,1800,22384.956,0.144633,0.891901,0.929257,0.854545,44,0.00000247,0,0.082027,0.023646,0.140408,0.924906,0.975745,0.874066,0.962880,0.951230,0.974531,0.008713,0.018833,0.018954,0.018929,0.000000,32,5,13,0,0
acm_scf,hinge2_restart_importnet,nonorm1p25,1825,22442.972,0.143029,0.892865,0.927622,0.858108,44,0.00000496,0,0.079327,0.022981,0.135673,0.927075,0.976355,0.877794,0.961735,0.948940,0.974531,0.008552,0.018296,0.019420,0.018533,0.000000,32,5,13,0,0
acm_scf,hinge2_restart_importnet,nonorm1p25,1850,23160.537,0.145641,0.890025,0.929252,0.850798,44,0.00000378,0,0.079704,0.023572,0.135837,0.926288,0.975817,0.876759,0.958762,0.951156,0.966367,0.008727,0.018582,0.019001,0.019682,0.000000,32,5,13,0,0
acm_scf,hinge2_restart_importnet,nonorm1p25,1875,23218.505,0.145169,0.891349,0.928675,0.854023,44,0.00000622,2,0.079949,0.023572,0.136327,0.926314,0.975802,0.876825,0.960507,0.950565,0.970449,0.008695,0.018620,0.019080,0.019359,0.000000,32,5,13,0,0
teapot_droplets,hinge2_restart_importnet,nonorm1p25,1,1.590,0.648519,0.240730,0.186049,0.295411,20,0.00016893,0,0.405502,0.114806,0.696198,0.531106,0.643697,0.418514,0.354242,0.207408,0.501076,0.026868,0.040600,0.173964,0.065901,0.000000,0,0,0,0,0
teapot_droplets,hinge2_restart_importnet,nonorm1p25,25,27.963,0.454577,0.334902,0.234414,0.435389,20,0.00000684,1,0.166673,0.048195,0.285151,0.749220,0.836019,0.662420,0.402626,0.245712,0.559541,0.010901,0.016240,0.153744,0.039615,0.000000,0,0,0,0,0
teapot_droplets,hinge2_restart_importnet,nonorm1p25,50,361.248,0.391392,0.391836,0.285961,0.497711,22,0.00010223,1,0.105271,0.035147,0.175395,0.831603,0.893867,0.769340,0.440509,0.296012,0.585007,0.007891,0.009746,0.141496,0.032118,0.000000,1,1,0,0,0
teapot_droplets,hinge2_restart_importnet,nonorm1p25,75,390.162,0.357764,0.438402,0.335099,0.541706,22,0.00004307,1,0.086337,0.033147,0.139527,0.864131,0.912621,0.815640,0.481747,0.346206,0.617288,0.007490,0.007618,0.131699,0.028282,0.000000,1,1,0,0,0
teapot_droplets,hinge2_restart_importnet,nonorm1p25,100,732.467,0.322946,0.475261,0.387133,0.563389,24,0.00002345,3,0.067305,0.025571,0.109039,0.895455,0.939492,0.851417,0.510927,0.397033,0.624821,0.005892,0.005958,0.120395,0.026257,0.000000,4,1,1,0,0
teapot_droplets,hinge2_restart_importnet,nonorm1p25,125,764.261,0.290572,0.526203,0.455126,0.597281,24,0.00005305,1,0.065188,0.022414,0.107963,0.906892,0.954045,0.859739,0.563546,0.465327,0.661765,0.005243,0.006000,0.106851,0.024362,0.000000,4,1,1,0,0
teapot_droplets,hinge2_restart_importnet,nonorm1p25,150,1155.896,0.251673,0.570957,0.551735,0.590179,25,0.00001020,1,0.076235,0.012943,0.139527,0.902772,0.977365,0.828180,0.615701,0.558876,0.672525,0.003031,0.007765,0.086997,0.025341,0.000000,6,1,2,0,0
teapot_droplets,hinge2_restart_importnet,nonorm1p25,175,1189.952,0.219767,0.622327,0.638351,0.606304,25,0.00001597,2,0.088237,0.015784,0.160689,0.895172,0.976236,0.814108,0.676079,0.648427,0.703730,0.003253,0.008986,0.069810,0.024769,0.000000,6,1,2,0,0
teapot_droplets,hinge2_restart_importnet,nonorm1p25,200,1610.051,0.191802,0.664061,0.721077,0.607045,28,0.00003139,1,0.098564,0.015995,0.181133,0.888478,0.978634,0.798323,0.724806,0.732611,0.717001,0.003303,0.010297,0.053731,0.025159,0.000000,9,1,2,0,0
teapot_droplets,hinge2_restart_importnet,nonorm1p25,225,1648.171,0.175302,0.691106,0.763766,0.618445,28,0.00021710,2,0.102416,0.014732,0.190100,0.888039,0.981346,0.794733,0.755515,0.775018,0.736011,0.003049,0.010919,0.045289,0.024826,0.000000,9,1,2,0,0
teapot_droplets,hinge2_restart_importnet,nonorm1p25,250,2126.233,0.166508,0.716480,0.784490,0.648470,31,0.00015721,2,0.107443,0.019047,0.195839,0.887552,0.976729,0.798375,0.787449,0.799432,0.775466,0.004060,0.011249,0.041290,0.022773,0.000000,11,2,2,0,0
teapot_droplets,hinge2_restart_importnet,nonorm1p25,275,2168.511,0.143086,0.745270,0.801562,0.688978,31,0.00008098,4,0.089477,0.010733,0.168221,0.907027,0.986925,0.827129,0.807522,0.810165,0.804878,0.002005,0.009546,0.037627,0.019449,0.000000,11,2,2,0,0
teapot_droplets,hinge2_restart_importnet,nonorm1p25,300,2672.124,0.134791,0.756542,0.813209,0.699876,31,0.00006475,4,0.083726,0.011786,0.155667,0.912240,0.985878,0.838602,0.815808,0.822793,0.808824,0.002384,0.008604,0.035301,0.018338,0.000000,11,2,2,0,0
teapot_droplets,hinge2_restart_importnet,nonorm1p25,325,2713.934,0.135711,0.762261,0.812875,0.711647,31,0.00008981,4,0.081178,0.016732,0.145624,0.914304,0.980157,0.848451,0.820878,0.826476,0.815280,0.003467,0.008196,0.035628,0.017618,0.000000,11,2,2,0,0
teapot_droplets,hinge2_restart_importnet,nonorm1p25,350,3237.534,0.132011,0.768759,0.816594,0.720923,33,0.00012583,5,0.076639,0.018415,0.134864,0.918412,0.978336,0.858487,0.824891,0.831632,0.818149,0.003751,0.007631,0.034773,0.016961,0.000000,13,2,2,0,0
teapot_droplets,hinge2_restart_importnet,nonorm1p25,375,3281.880,0.130880,0.776479,0.820510,0.732448,33,0.00012110,5,0.078596,0.023045,0.134146,0.917123,0.973280,0.860967,0.835061,0.839419,0.830703,0.004722,0.007416,0.034137,0.016088,0.000000,13,2,2,0,0
teapot_droplets,hinge2_restart_importnet,nonorm1p25,400,3827.754,0.124753,0.784823,0.832387,0.737259,33,0.00019945,6,0.076322,0.019573,0.133070,0.920025,0.977457,0.862593,0.842023,0.848679,0.835366,0.004200,0.007461,0.031951,0.015779,0.000000,13,2,2,0,0
teapot_droplets,hinge2_restart_importnet,nonorm1p25,425,3872.000,0.126060,0.782388,0.839131,0.725644,33,0.00015363,5,0.081867,0.022414,0.141320,0.914388,0.974540,0.854236,0.843066,0.857940,0.828192,0.004748,0.007939,0.030446,0.016672,0.000000,13,2,2,0,0
teapot_droplets,hinge2_restart_importnet,nonorm1p25,450,4396.632,0.126568,0.785158,0.839880,0.730435,33,0.00010354,3,0.087787,0.020625,0.154950,0.910666,0.976504,0.844828,0.850409,0.857203,0.843615,0.004388,0.008658,0.030493,0.016447,0.000000,15,2,4,0,0
teapot_droplets,hinge2_restart_importnet,nonorm1p25,475,4440.947,0.126677,0.783549,0.847073,0.720025,33,0.00008666,5,0.090920,0.021151,0.160689,0.907432,0.976131,0.838733,0.850357,0.864990,0.835725,0.004693,0.008915,0.029181,0.017118,0.000000,15,2,4,0,0
teapot_droplets,hinge2_restart_importnet,nonorm1p25,500,4973.191,0.126616,0.781487,0.848557,0.714418,32,0.00007016,6,0.092503,0.020730,0.164275,0.905850,0.976626,0.835074,0.848963,0.866148,0.831779,0.004392,0.009191,0.028728,0.017576,0.000000,15,2,5,0,0
teapot_droplets,hinge2_restart_importnet,nonorm1p25,525,5015.649,0.130020,0.779209,0.842551,0.715867,32,0.00012103,5,0.093158,0.019888,0.166428,0.905595,0.977379,0.833811,0.847157,0.859308,0.835007,0.004454,0.009417,0.029966,0.017663,0.000000,15,2,5,0,0
teapot_droplets,hinge2_restart_importnet,nonorm1p25,550,5523.772,0.120363,0.787739,0.862237,0.713242,34,0.00014096,6,0.096709,0.015153,0.178264,0.903991,0.982983,0.825000,0.857845,0.875303,0.840387,0.002994,0.010082,0.025797,0.017989,0.000000,18,2,6,0,0
teapot_droplets,hinge2_restart_importnet,nonorm1p25,575,5569.230,0.123003,0.788083,0.863211,0.712955,34,0.00021811,5,0.103241,0.013154,0.193329,0.900011,0.985183,0.814840,0.862678,0.874566,0.850789,0.002837,0.011046,0.025730,0.018342,0.000000,18,2,6,0,0
teapot_droplets,hinge2_restart_importnet,nonorm1p25,600,6137.217,0.127335,0.789460,0.873735,0.705185,34,0.00037433,6,0.114901,0.019257,0.210545,0.890496,0.978834,0.802157,0.872110,0.890561,0.853659,0.004444,0.011985,0.023958,0.019042,0.000000,18,2,6,0,0
teapot_droplets,hinge2_restart_importnet,nonorm1p25,625,6183.149,0.136510,0.782870,0.866092,0.699648,34,0.00009492,4,0.123197,0.024729,0.221664,0.883480,0.972892,0.794069,0.871122,0.887509,0.854735,0.005375,0.012943,0.025355,0.019970,0.000000,18,2,6,0,0
teapot_droplets,hinge2_restart_importnet,nonorm1p25,650,6737.842,0.144414,0.776534,0.859929,0.693139,33,0.00008851,3,0.129603,0.030727,0.228479,0.877468,0.966495,0.788442,0.868929,0.886352,0.851506,0.006758,0.013287,0.026744,0.020376,0.000000,18,2,7,0,0
teapot_droplets,hinge2_restart_importnet,nonorm1p25,675,6782.040,0.148539,0.777125,0.859862,0.694388,33,0.00014753,4,0.133745,0.033989,0.233501,0.874482,0.963178,0.785785,0.872808,0.889088,0.856528,0.007842,0.013574,0.027064,0.020383,0.000000,18,2,7,0,0
teapot_droplets,hinge2_restart_importnet,nonorm1p25,700,7320.873,0.153717,0.771912,0.863101,0.680723,35,0.00008779,3,0.143647,0.036936,0.250359,0.866539,0.960366,0.772712,0.873064,0.894981,0.851148,0.008448,0.014515,0.026472,0.021652,0.000000,20,2,7,0,0
teapot_droplets,hinge2_restart_importnet,nonorm1p25,725,7367.955,0.148361,0.776642,0.860576,0.692708,35,0.00012135,3,0.138688,0.037778,0.239598,0.870629,0.959417,0.781842,0.875883,0.893086,0.858680,0.008156,0.013668,0.026531,0.020327,0.000000,20,2,7,0,0
teapot_droplets,hinge2_restart_importnet,nonorm1p25,750,7946.260,0.146892,0.782547,0.865472,0.699622,35,0.00013938,3,0.136534,0.039566,0.233501,0.872461,0.957876,0.787046,0.881350,0.899716,0.862984,0.008760,0.013491,0.025758,0.019824,0.000000,20,2,7,0,0
teapot_droplets,hinge2_restart_importnet,nonorm1p25,775,7993.001,0.147849,0.780056,0.860548,0.699565,35,0.00023249,6,0.136610,0.037567,0.235653,0.872704,0.959625,0.785784,0.878647,0.892876,0.864419,0.008274,0.013585,0.026587,0.019932,0.000000,20,2,7,0,0
teapot_droplets,hinge2_restart_importnet,nonorm1p25,800,8575.060,0.150299,0.774347,0.862637,0.686056,35,0.00013800,5,0.146045,0.034200,0.257891,0.866500,0.963081,0.769920,0.877562,0.892139,0.862984,0.007376,0.014913,0.025984,0.021256,0.000000,20,2,7,0,0
teapot_droplets,hinge2_restart_importnet,nonorm1p25,825,8621.840,0.140589,0.782552,0.874757,0.690347,35,0.00022031,9,0.140282,0.028412,0.252152,0.871779,0.969384,0.774173,0.882015,0.899611,0.864419,0.006013,0.014627,0.023507,0.020911,0.000000,20,2,7,0,0
teapot_droplets,hinge2_restart_importnet,nonorm1p25,850,9204.473,0.131612,0.789660,0.878280,0.701040,35,0.00019711,6,0.132240,0.022730,0.241750,0.878985,0.975320,0.782651,0.884380,0.898243,0.870516,0.004577,0.013992,0.022600,0.019926,0.000000,20,2,7,0,0
teapot_droplets,hinge2_restart_importnet,nonorm1p25,875,9251.501,0.126823,0.795494,0.881235,0.709753,35,0.00013527,5,0.125504,0.018941,0.232066,0.884808,0.979341,0.790276,0.886194,0.897927,0.874462,0.003881,0.013558,0.022237,0.019327,0.000000,20,2,7,0,0
teapot_droplets,hinge2_restart_importnet,nonorm1p25,900,9831.872,0.125042,0.795289,0.873862,0.716716,35,0.00011730,7,0.120021,0.016942,0.223099,0.889211,0.981292,0.797130,0.882640,0.888667,0.876614,0.003436,0.012883,0.023485,0.018597,0.000000,20,2,7,0,0
teapot_droplets,hinge2_restart_importnet,nonorm1p25,925,9878.979,0.122686,0.793744,0.874935,0.712552,35,0.00019739,9,0.113598,0.015574,0.211621,0.892956,0.982775,0.803136,0.875952,0.888562,0.863343,0.003067,0.012326,0.023309,0.018723,0.000000,20,2,7,0,0
teapot_droplets,hinge2_restart_importnet,nonorm1p25,950,10471.812,0.119956,0.798764,0.879055,0.718472,35,0.00015475,7,0.113492,0.015364,0.211621,0.893760,0.983078,0.804441,0.881538,0.892560,0.870516,0.003048,0.012264,0.022509,0.018275,0.000000,20,2,7,0,0
teapot_droplets,hinge2_restart_importnet,nonorm1p25,975,10519.594,0.127218,0.787668,0.870757,0.704579,35,0.00010538,4,0.121797,0.013680,0.229914,0.887528,0.984738,0.790317,0.874620,0.882669,0.866571,0.002765,0.013222,0.024226,0.019362,0.000000,20,2,7,0,0
teapot_droplets,hinge2_restart_importnet,nonorm1p25,1000,11103.831,0.128933,0.786308,0.867386,0.705229,34,0.00015759,6,0.120931,0.014101,0.227762,0.887979,0.984222,0.791735,0.872735,0.879617,0.865854,0.002760,0.013339,0.024701,0.019586,0.000000,20,2,8,0,0
teapot_droplets,hinge2_restart_importnet,nonorm1p25,1025,11150.552,0.128856,0.786049,0.871923,0.700174,34,0.00021517,8,0.123813,0.013049,0.234577,0.885998,0.985443,0.786554,0.873859,0.883300,0.864419,0.002524,0.013721,0.023954,0.020093,0.000000,20,2,8,0,0
teapot_droplets,hinge2_restart_importnet,nonorm1p25,1050,11701.182,0.126713,0.787673,0.871718,0.703628,33,0.00020280,9,0.119929,0.013890,0.225968,0.888474,0.984527,0.792422,0.873226,0.883826,0.862626,0.002528,0.013305,0.023822,0.019672,0.000000,20,2,9,0,0
teapot_droplets,hinge2_restart_importnet,nonorm1p25,1075,11746.114,0.129347,0.788962,0.875766,0.702158,33,0.00023497,10,0.129731,0.013049,0.246413,0.882903,0.985506,0.780301,0.881186,0.887194,0.875179,0.002668,0.014337,0.023312,0.020023,0.000000,20,2,9,0,0
teapot_droplets,hinge2_restart_importnet,nonorm1p25,1100,12296.468,0.129780,0.792072,0.884999,0.699145,33,0.00028219,8,0.135955,0.012943,0.258967,0.879219,0.985767,0.772670,0.888327,0.896454,0.880201,0.002901,0.015187,0.021646,0.020535,0.000000,20,2,9,0,0
teapot_droplets,hinge2_restart_importnet,nonorm1p25,1125,12341.132,0.126025,0.796770,0.889984,0.703556,33,0.00021883,11,0.137325,0.013890,0.260760,0.878826,0.984840,0.772813,0.894681,0.902347,0.887016,0.002607,0.015322,0.020285,0.020240,0.000000,20,2,9,0,0
teapot_droplets,hinge2_restart_importnet,nonorm1p25,1150,12890.726,0.122236,0.800821,0.895491,0.706150,33,0.00031486,10,0.136314,0.012943,0.259684,0.879982,0.985932,0.774032,0.898304,0.907082,0.889527,0.002663,0.014903,0.019337,0.019713,0.000000,20,2,9,0,0
teapot_droplets,hinge2_restart_importnet,nonorm1p25,1175,12933.808,0.123051,0.799819,0.902148,0.697491,33,0.00023349,8,0.143169,0.014101,0.272238,0.875027,0.984821,0.765234,0.901122,0.914869,0.887374,0.002814,0.015545,0.018096,0.020400,0.000000,20,2,9,0,0
teapot_droplets,hinge2_restart_importnet,nonorm1p25,1200,13487.879,0.121038,0.805148,0.914250,0.696045,33,0.00015526,6,0.142914,0.016100,0.269727,0.874567,0.982964,0.766169,0.906379,0.928970,0.883788,0.003337,0.015825,0.015602,0.020909,0.000000,20,2,9,0,0
teapot_droplets,hinge2_restart_importnet,nonorm1p25,1225,13531.780,0.117512,0.809794,0.919871,0.699717,33,0.00021893,6,0.140647,0.015153,0.266141,0.876512,0.984032,0.768991,0.909875,0.933810,0.885940,0.003073,0.015691,0.014519,0.020706,0.000000,20,2,9,0,0
teapot_droplets,hinge2_restart_importnet,nonorm1p25,1250,14064.311,0.116367,0.808581,0.910206,0.706956,35,0.00011843,6,0.135386,0.012522,0.258250,0.880797,0.986595,0.775000,0.905565,0.921604,0.889527,0.002501,0.015020,0.016423,0.019818,0.000000,22,2,9,0,0
teapot_droplets,hinge2_restart_importnet,nonorm1p25,1275,14110.311,0.116389,0.807383,0.913423,0.701343,35,0.00012153,4,0.134351,0.013680,0.255022,0.880398,0.985441,0.775355,0.903059,0.925918,0.880201,0.002817,0.014853,0.015830,0.020234,0.000000,22,2,9,0,0
teapot_droplets,hinge2_restart_importnet,nonorm1p25,1300,14660.455,0.112826,0.812936,0.918505,0.707366,36,0.00009293,4,0.131242,0.011049,0.251435,0.883518,0.988242,0.778795,0.906938,0.928654,0.885222,0.002658,0.014529,0.015192,0.019705,0.000000,25,2,11,0,0
teapot_droplets,hinge2_restart_importnet,nonorm1p25,1325,14708.328,0.111567,0.818850,0.926837,0.710864,36,0.00007231,3,0.135943,0.013996,0.257891,0.880739,0.985327,0.776152,0.916999,0.939808,0.894189,0.003137,0.015025,0.013470,0.019586,0.000000,25,2,11,0,0
teapot_droplets,hinge2_restart_importnet,nonorm1p25,1350,15301.268,0.113243,0.815418,0.923547,0.707289,36,0.00007967,2,0.137734,0.015784,0.259684,0.878884,0.983453,0.774314,0.914543,0.938125,0.890961,0.003227,0.015100,0.013885,0.019801,0.000000,25,2,11,0,0
teapot_droplets,hinge2_restart_importnet,nonorm1p25,1375,15348.952,0.115059,0.812949,0.922058,0.703841,36,0.00009528,2,0.138693,0.016626,0.260760,0.877728,0.982572,0.772883,0.912381,0.937388,0.887374,0.003458,0.015154,0.014214,0.020017,0.000000,25,2,11,0,0
teapot_droplets,hinge2_restart_importnet,nonorm1p25,1400,15945.251,0.110916,0.817956,0.929424,0.706488,36,0.00017737,2,0.134456,0.013890,0.255022,0.881050,0.985474,0.776626,0.914496,0.942334,0.886657,0.003168,0.014843,0.013060,0.019822,0.000000,25,2,11,0,0
teapot_droplets,hinge2_restart_importnet,nonorm1p25,1425,15993.721,0.109176,0.821221,0.930827,0.711616,36,0.00010836,2,0.130321,0.013154,0.247489,0.884117,0.986244,0.781991,0.915402,0.943071,0.887733,0.003206,0.014501,0.012965,0.019451,0.000000,25,2,11,0,0
teapot_droplets,hinge2_restart_importnet,nonorm1p25,1450,16584.674,0.113528,0.815210,0.925830,0.704591,36,0.00004458,2,0.136154,0.014417,0.257891,0.879745,0.984882,0.774608,0.912738,0.939177,0.886298,0.003250,0.015096,0.013769,0.020047,0.000000,25,2,11,0,0
teapot_droplets,hinge2_restart_importnet,nonorm1p25,1475,16632.507,0.112284,0.818257,0.929992,0.706522,36,0.00005261,3,0.135023,0.016100,0.253945,0.880233,0.983248,0.777218,0.915452,0.944965,0.885940,0.003747,0.014842,0.013013,0.019874,0.000000,25,2,11,0,0
teapot_droplets,hinge2_restart_importnet,nonorm1p25,1500,17235.138,0.108855,0.820316,0.929591,0.711041,36,0.00025046,5,0.132637,0.017784,0.247489,0.881701,0.981550,0.781853,0.916569,0.946122,0.887016,0.003727,0.014194,0.012720,0.019219,0.000000,25,2,11,0,0
teapot_droplets,hinge2_restart_importnet,nonorm1p25,1525,17283.266,0.114170,0.815991,0.929964,0.702019,36,0.00014544,3,0.140841,0.020204,0.261478,0.875597,0.979149,0.772045,0.917167,0.948753,0.885581,0.004194,0.015143,0.012711,0.020153,0.000000,25,2,11,0,0
teapot_droplets,hinge2_restart_importnet,nonorm1p25,1550,17886.714,0.111277,0.818464,0.931734,0.705194,36,0.00021717,5,0.137089,0.017363,0.256815,0.878675,0.982012,0.775337,0.917105,0.947911,0.886298,0.003646,0.014961,0.012350,0.019954,0.000000,25,2,11,0,0
teapot_droplets,hinge2_restart_importnet,nonorm1p25,1575,17935.008,0.114576,0.814505,0.929096,0.699914,36,0.00015790,5,0.135824,0.016626,0.255022,0.878851,0.982702,0.775000,0.911476,0.944544,0.878407,0.004020,0.014894,0.013326,0.020264,0.000000,25,2,11,0,0
teapot_droplets,hinge2_restart_importnet,nonorm1p25,1600,18523.986,0.116865,0.817694,0.930914,0.704474,35,0.00017481,4,0.139564,0.020520,0.258608,0.876525,0.978857,0.774194,0.918336,0.950016,0.886657,0.004892,0.015249,0.012959,0.020236,0.000000,25,2,12,0,0
teapot_droplets,hinge2_restart_importnet,nonorm1p25,1625,18570.861,0.118254,0.815524,0.930795,0.700253,35,0.00013263,4,0.145824,0.017258,0.274390,0.873466,0.982100,0.764832,0.919627,0.946859,0.892396,0.004167,0.016081,0.013152,0.020618,0.000000,25,2,12,0,0
teapot_droplets,hinge2_restart_importnet,nonorm1p25,1650,19147.019,0.119385,0.810932,0.930433,0.691430,35,0.00013817,4,0.151283,0.013469,0.289096,0.870503,0.985917,0.755090,0.917143,0.942965,0.891320,0.003295,0.016825,0.013102,0.021393,0.000000,25,2,12,0,0
teapot_droplets,hinge2_restart_importnet,nonorm1p25,1675,19193.929,0.120256,0.809530,0.930655,0.688406,35,0.00019103,4,0.150312,0.013680,0.286944,0.870529,0.985706,0.755352,0.914663,0.943386,0.885940,0.003320,0.016864,0.013020,0.021812,0.000000,25,2,12,0,0
teapot_droplets,hinge2_restart_importnet,nonorm1p25,1700,19778.943,0.122745,0.805075,0.927446,0.682703,35,0.00017527,2,0.152536,0.015258,0.289813,0.868214,0.984054,0.752375,0.911078,0.941597,0.880560,0.003647,0.016846,0.013646,0.022049,0.000000,25,2,12,0,0
teapot_droplets,hinge2_restart_importnet,nonorm1p25,1725,19825.514,0.127188,0.801790,0.923857,0.679722,35,0.00026037,3,0.154200,0.017152,0.291248,0.866459,0.982074,0.750844,0.908697,0.939703,0.877690,0.004266,0.017074,0.014435,0.022392,0.000000,25,2,12,0,0
teapot_droplets,hinge2_restart_importnet,nonorm1p25,1750,20409.332,0.124598,0.801997,0.928461,0.675533,35,0.00029901,3,0.155446,0.016416,0.294476,0.865492,0.982902,0.748082,0.909082,0.943702,0.874462,0.003800,0.017156,0.013308,0.022691,0.000000,25,2,12,0,0
teapot_droplets,hinge2_restart_importnet,nonorm1p25,1775,20456.189,0.126560,0.797086,0.930522,0.663649,35,0.00020219,4,0.160324,0.013259,0.307389,0.862266,0.986133,0.738400,0.905254,0.942860,0.867647,0.003092,0.018032,0.012878,0.023927,0.000000,25,2,12,0,0
teapot_droplets,hinge2_restart_importnet,nonorm1p25,1800,21043.631,0.130711,0.798743,0.934067,0.663420,35,0.00009396,3,0.169575,0.013469,0.325681,0.857866,0.985971,0.729762,0.913066,0.946648,0.879484,0.003298,0.019366,0.012447,0.024546,0.000000,25,2,12,0,0
robot_man,hinge2_restart_importnet,nonorm1p25,1,1.560,0.578331,0.279412,0.195999,0.362825,20,0.00095824,0,0.223292,0.141640,0.304944,0.610309,0.612370,0.608247,0.348613,0.223761,0.473466,0.028615,0.025359,0.156810,0.064552,0.000000,0,0,0,0,0
robot_man,hinge2_restart_importnet,nonorm1p25,25,27.903,0.342064,0.498807,0.342704,0.654911,20,0.00022201,0,0.075135,0.056561,0.093710,0.874602,0.864895,0.884308,0.539185,0.362087,0.716283,0.011125,0.007479,0.118674,0.029025,0.000000,0,0,0,0,0
robot_man,hinge2_restart_importnet,nonorm1p25,50,353.742,0.254174,0.606446,0.452973,0.759920,21,0.00079090,3,0.031850,0.032896,0.030805,0.948236,0.934310,0.962162,0.625601,0.467874,0.783329,0.006406,0.002427,0.096631,0.019138,0.000000,0,1,0,0,0
robot_man,hinge2_restart_importnet,nonorm1p25,75,382.102,0.206627,0.684397,0.537061,0.831733,21,0.00054727,1,0.025549,0.026506,0.024592,0.963039,0.954127,0.971952,0.701742,0.551296,0.852187,0.005060,0.001959,0.081178,0.013170,0.000000,0,1,0,0,0
robot_man,hinge2_restart_importnet,nonorm1p25,100,703.371,0.174423,0.739995,0.607703,0.872287,24,0.00038501,2,0.025889,0.026151,0.025628,0.965952,0.959752,0.972152,0.759118,0.623595,0.894641,0.004990,0.001953,0.068538,0.009860,0.000000,3,1,0,0,0
robot_man,hinge2_restart_importnet,nonorm1p25,125,735.078,0.158670,0.772016,0.646423,0.897610,24,0.00052481,3,0.028874,0.028754,0.028993,0.964059,0.958554,0.969565,0.794322,0.665010,0.923634,0.005404,0.002111,0.061929,0.007828,0.000000,3,1,0,0,0
robot_man,hinge2_restart_importnet,nonorm1p25,150,1066.306,0.139279,0.804455,0.706112,0.902799,24,0.00042392,6,0.032960,0.029937,0.035982,0.961708,0.960463,0.962953,0.831267,0.727251,0.935283,0.005821,0.002672,0.051548,0.007327,0.000000,6,1,3,0,0
robot_man,hinge2_restart_importnet,nonorm1p25,175,1097.748,0.125663,0.830267,0.741284,0.919250,24,0.00025995,4,0.033648,0.031831,0.035465,0.962064,0.960048,0.964080,0.858365,0.764880,0.951851,0.006163,0.002803,0.045233,0.006299,0.000000,6,1,3,0,0
robot_man,hinge2_restart_importnet,nonorm1p25,200,1462.765,0.121644,0.842789,0.765807,0.919771,24,0.00024695,2,0.039498,0.036800,0.042195,0.956771,0.955704,0.957838,0.876285,0.793989,0.958581,0.007198,0.003404,0.041182,0.006300,0.000000,6,1,3,0,0
robot_man,hinge2_restart_importnet,nonorm1p25,225,1494.399,0.117199,0.847520,0.785837,0.909203,24,0.00027856,3,0.044002,0.035972,0.052032,0.953046,0.957684,0.948409,0.885308,0.814105,0.956510,0.006959,0.004167,0.037456,0.007139,0.000000,6,1,3,0,0
robot_man,hinge2_restart_importnet,nonorm1p25,250,1864.327,0.106590,0.857979,0.803442,0.912515,27,0.00028289,3,0.037882,0.031239,0.044525,0.959519,0.963666,0.955371,0.890843,0.828541,0.953145,0.006077,0.003588,0.034296,0.006819,0.000000,8,2,3,0,0
robot_man,hinge2_restart_importnet,nonorm1p25,275,1900.743,0.098902,0.864015,0.824749,0.903282,27,0.00032735,3,0.038082,0.026979,0.049185,0.959896,0.969131,0.950662,0.897355,0.847000,0.947709,0.005162,0.003983,0.030320,0.007587,0.000000,8,2,3,0,0
robot_man,hinge2_restart_importnet,nonorm1p25,300,2312.182,0.096183,0.866017,0.830426,0.901607,26,0.00020855,1,0.035745,0.024376,0.047114,0.962306,0.972143,0.952468,0.897377,0.850669,0.944085,0.004925,0.003787,0.029393,0.007735,0.000000,8,2,4,0,0
robot_man,hinge2_restart_importnet,nonorm1p25,325,2347.506,0.096230,0.871941,0.830817,0.913065,26,0.00032998,2,0.040423,0.026742,0.054103,0.958191,0.969603,0.946779,0.907750,0.853035,0.962464,0.005242,0.004306,0.029281,0.006784,0.000000,8,2,4,0,0
robot_man,hinge2_restart_importnet,nonorm1p25,350,2758.284,0.099542,0.871490,0.835513,0.907466,26,0.00014197,1,0.044531,0.031594,0.057468,0.954069,0.964640,0.943497,0.910763,0.861910,0.959617,0.006234,0.004674,0.028710,0.007377,0.000000,8,2,4,0,0
robot_man,hinge2_restart_importnet,nonorm1p25,375,2793.408,0.096462,0.871866,0.834753,0.908979,26,0.00005939,0,0.040286,0.028281,0.052291,0.958134,0.968104,0.948165,0.907435,0.858360,0.956510,0.005614,0.004243,0.028666,0.007223,0.000000,8,2,4,0,0
robot_man,hinge2_restart_importnet,nonorm1p25,400,3203.943,0.092270,0.879548,0.844375,0.914721,29,0.00004776,1,0.041040,0.028754,0.053326,0.957757,0.967959,0.947556,0.916077,0.868655,0.963500,0.005653,0.004284,0.026994,0.006703,0.000000,11,2,4,0,0
robot_man,hinge2_restart_importnet,nonorm1p25,425,3242.980,0.088595,0.885203,0.850575,0.919832,29,0.00006261,1,0.039454,0.029464,0.049443,0.959361,0.967447,0.951276,0.920474,0.875636,0.965312,0.005722,0.003983,0.025903,0.006241,0.000000,11,2,4,0,0
robot_man,hinge2_restart_importnet,nonorm1p25,450,3682.659,0.084734,0.890452,0.859310,0.921593,28,0.00004830,3,0.038030,0.029464,0.046596,0.960842,0.967767,0.953917,0.924582,0.884629,0.964535,0.005676,0.003799,0.024376,0.006130,0.000000,11,2,5,0,0
robot_man,hinge2_restart_importnet,nonorm1p25,475,3720.160,0.081559,0.894613,0.869800,0.919427,28,0.00005225,2,0.038537,0.029701,0.047373,0.960508,0.967903,0.953113,0.929308,0.895634,0.962982,0.005736,0.003852,0.022436,0.006340,0.000000,11,2,5,0,0
robot_man,hinge2_restart_importnet,nonorm1p25,500,4152.018,0.083547,0.896878,0.870680,0.923077,28,0.00006296,2,0.040278,0.033960,0.046596,0.958818,0.963648,0.953988,0.933169,0.900248,0.966089,0.006676,0.003883,0.022425,0.006128,0.000000,11,2,5,0,0
robot_man,hinge2_restart_importnet,nonorm1p25,525,4189.277,0.080695,0.898776,0.873065,0.924486,28,0.00004885,2,0.038755,0.031949,0.045560,0.960370,0.965753,0.954987,0.933782,0.900958,0.966606,0.006202,0.003718,0.022018,0.005912,0.000000,11,2,5,0,0
robot_man,hinge2_restart_importnet,nonorm1p25,550,4623.205,0.080143,0.902037,0.879648,0.924426,28,0.00005283,2,0.041232,0.034315,0.048149,0.958157,0.963655,0.952660,0.939385,0.909833,0.968936,0.006740,0.003895,0.020871,0.005889,0.000000,11,2,5,0,0
robot_man,hinge2_restart_importnet,nonorm1p25,575,4660.348,0.080850,0.903163,0.881097,0.925229,28,0.00006633,2,0.040766,0.035972,0.045560,0.958554,0.962085,0.955022,0.940087,0.912791,0.967383,0.007199,0.003745,0.020805,0.005917,0.000000,11,2,5,0,0
robot_man,hinge2_restart_importnet,nonorm1p25,600,5094.714,0.081258,0.905245,0.885158,0.925333,28,0.00005018,2,0.045060,0.039640,0.050479,0.954668,0.958703,0.950633,0.946144,0.920246,0.972042,0.007751,0.004109,0.019906,0.005881,0.000000,11,2,5,0,0
robot_man,hinge2_restart_importnet,nonorm1p25,625,5132.217,0.082497,0.903931,0.888598,0.919264,28,0.00003189,2,0.046846,0.038812,0.054880,0.953044,0.959651,0.946438,0.946399,0.923086,0.969713,0.007732,0.004519,0.019495,0.006428,0.000000,11,2,5,0,0
robot_man,hinge2_restart_importnet,nonorm1p25,650,5565.733,0.085676,0.901087,0.889002,0.913171,28,0.00003822,1,0.051442,0.041534,0.061351,0.948768,0.957069,0.940467,0.947560,0.925926,0.969195,0.008228,0.005002,0.019405,0.006883,0.000000,11,2,5,0,0
robot_man,hinge2_restart_importnet,nonorm1p25,675,5602.926,0.084964,0.900720,0.888598,0.912842,28,0.00008164,3,0.050096,0.039877,0.060316,0.949985,0.958630,0.941339,0.945967,0.924033,0.967901,0.008057,0.004827,0.019524,0.006824,0.000000,11,2,5,0,0
robot_man,hinge2_restart_importnet,nonorm1p25,700,6040.867,0.085673,0.899686,0.887967,0.911405,28,0.00011220,2,0.049571,0.041415,0.057727,0.950318,0.957134,0.943501,0.944380,0.924743,0.964018,0.008241,0.004682,0.019602,0.007043,0.000000,11,2,5,0,0
robot_man,hinge2_restart_importnet,nonorm1p25,725,6078.215,0.086012,0.901134,0.891598,0.910671,28,0.00020368,3,0.050636,0.043545,0.057727,0.949375,0.955291,0.943458,0.946832,0.930422,0.963241,0.008712,0.004725,0.019000,0.007138,0.000000,11,2,5,0,0
robot_man,hinge2_restart_importnet,nonorm1p25,750,6519.000,0.079137,0.902609,0.895993,0.909225,31,0.00018349,4,0.044368,0.036445,0.052291,0.955207,0.962236,0.948179,0.942708,0.928647,0.956769,0.007280,0.004207,0.018050,0.007095,0.000000,14,2,5,0,0
robot_man,hinge2_restart_importnet,nonorm1p25,775,6560.774,0.079507,0.903365,0.895080,0.911650,31,0.00026663,2,0.045962,0.034197,0.057727,0.953945,0.964374,0.943516,0.944983,0.925689,0.964276,0.006822,0.004708,0.018307,0.006942,0.000000,14,2,5,0,0
robot_man,hinge2_restart_importnet,nonorm1p25,800,7031.025,0.088894,0.892033,0.896398,0.887667,30,0.00035734,2,0.058942,0.034789,0.083096,0.942149,0.963851,0.920446,0.944506,0.927583,0.961429,0.006900,0.006868,0.017956,0.009157,0.000000,14,2,6,0,0
robot_man,hinge2_restart_importnet,nonorm1p25,825,7070.974,0.095587,0.883809,0.883278,0.884339,30,0.00019726,2,0.059564,0.038102,0.081025,0.940986,0.960104,0.921867,0.936463,0.916933,0.955993,0.007661,0.006629,0.020466,0.009395,0.000000,14,2,6,0,0
robot_man,hinge2_restart_importnet,nonorm1p25,850,7539.003,0.098034,0.879419,0.881248,0.877590,30,0.00017339,3,0.063132,0.039285,0.086979,0.937654,0.958870,0.916439,0.934895,0.915868,0.953922,0.007641,0.007075,0.020569,0.009992,0.000000,14,2,6,0,0
robot_man,hinge2_restart_importnet,nonorm1p25,875,7579.384,0.097151,0.880208,0.881924,0.878491,30,0.00013004,2,0.061305,0.038220,0.084390,0.939276,0.959931,0.918622,0.934129,0.915631,0.952627,0.007411,0.007016,0.020498,0.009999,0.000000,14,2,6,0,0
robot_man,hinge2_restart_importnet,nonorm1p25,900,8048.247,0.096153,0.881109,0.884361,0.877857,33,0.00005415,2,0.061901,0.036564,0.087238,0.938948,0.961643,0.916252,0.935568,0.916696,0.954440,0.007221,0.007145,0.020120,0.009980,0.000000,17,2,6,0,0
robot_man,hinge2_restart_importnet,nonorm1p25,925,8092.657,0.096860,0.879743,0.887100,0.872386,33,0.00006503,4,0.062936,0.036564,0.089309,0.937926,0.961757,0.914094,0.934917,0.919536,0.950298,0.007374,0.007232,0.019776,0.010374,0.000000,17,2,6,0,0
robot_man,hinge2_restart_importnet,nonorm1p25,950,8595.761,0.089756,0.893462,0.897690,0.889234,35,0.00003447,5,0.062074,0.039759,0.084390,0.939335,0.959144,0.919526,0.948829,0.933381,0.964276,0.007775,0.006823,0.017708,0.008911,0.000000,20,2,7,0,0
robot_man,hinge2_restart_importnet,nonorm1p25,975,8642.681,0.082617,0.901149,0.902659,0.899638,35,0.00004412,2,0.054959,0.036919,0.073000,0.945873,0.962053,0.929693,0.950648,0.935984,0.965312,0.007143,0.006006,0.016760,0.008098,0.000000,20,2,7,0,0
robot_man,hinge2_restart_importnet,nonorm1p25,1000,9187.284,0.078973,0.907327,0.903510,0.911143,37,0.00001043,1,0.050648,0.035025,0.066270,0.950021,0.963898,0.936144,0.953340,0.935156,0.971525,0.006972,0.005477,0.016771,0.007150,0.000000,22,2,7,0,0
robot_man,hinge2_restart_importnet,nonorm1p25,1025,9236.992,0.073753,0.913447,0.908821,0.918073,37,0.00000948,1,0.046410,0.034315,0.058504,0.953998,0.964780,0.943216,0.955895,0.940007,0.971784,0.006751,0.004910,0.015744,0.006553,0.000000,22,2,7,0,1
robot_man,hinge2_restart_importnet,nonorm1p25,1050,9812.713,0.070304,0.915581,0.909226,0.921937,37,0.00000822,2,0.040807,0.033724,0.047890,0.959066,0.965362,0.952770,0.952989,0.939889,0.966089,0.006683,0.003938,0.015760,0.006113,0.000000,22,2,7,0,1
robot_man,hinge2_restart_importnet,nonorm1p25,1075,9862.641,0.069847,0.917357,0.909236,0.925477,37,0.00000243,1,0.040352,0.035144,0.045560,0.959519,0.964004,0.955033,0.954416,0.941190,0.967642,0.006993,0.003736,0.015733,0.005778,0.000000,22,2,7,0,1
robot_man,hinge2_restart_importnet,nonorm1p25,1100,10445.552,0.065346,0.923005,0.916944,0.929067,37,0.00001585,2,0.038322,0.032896,0.043748,0.961633,0.966433,0.956833,0.958410,0.947107,0.969713,0.006598,0.003594,0.014352,0.005576,0.000000,22,2,7,0,1
robot_man,hinge2_restart_importnet,nonorm1p25,1125,10495.310,0.064056,0.923584,0.916734,0.930435,37,0.00000987,1,0.036824,0.031712,0.041936,0.963047,0.967558,0.958536,0.957630,0.945805,0.969454,0.006298,0.003508,0.014285,0.005482,0.000000,22,2,7,0,1
robot_man,hinge2_restart_importnet,nonorm1p25,1150,11051.331,0.064286,0.924155,0.917593,0.930718,37,0.00000834,2,0.037438,0.032422,0.042454,0.962493,0.966908,0.958078,0.958787,0.947344,0.970230,0.006447,0.003529,0.014230,0.005440,0.000000,22,2,7,0,1
robot_man,hinge2_restart_importnet,nonorm1p25,1175,11100.976,0.062801,0.924869,0.920105,0.929633,37,0.00002214,3,0.038544,0.032304,0.044784,0.961516,0.967108,0.955924,0.960547,0.949828,0.971266,0.006258,0.003607,0.013614,0.005446,0.000000,22,2,7,0,1
robot_man,hinge2_restart_importnet,nonorm1p25,1200,11673.298,0.062045,0.927632,0.924375,0.930889,37,0.00001649,3,0.038082,0.031121,0.045043,0.962065,0.968382,0.955748,0.962980,0.953142,0.972819,0.006308,0.003695,0.013088,0.005425,0.000000,22,2,7,0,1
robot_man,hinge2_restart_importnet,nonorm1p25,1225,11722.985,0.062407,0.925160,0.917287,0.933033,37,0.00000659,3,0.034439,0.032896,0.035982,0.965278,0.966445,0.964111,0.957034,0.947462,0.966606,0.006380,0.003010,0.014182,0.005282,0.000000,22,2,7,0,1
robot_man,hinge2_restart_importnet,nonorm1p25,1250,12292.167,0.064068,0.919214,0.915312,0.923115,37,0.00003931,4,0.035489,0.033960,0.037018,0.964065,0.965359,0.962770,0.951842,0.946397,0.957287,0.006527,0.002903,0.014365,0.005868,0.000000,22,2,7,0,1
robot_man,hinge2_restart_importnet,nonorm1p25,1275,12341.577,0.063872,0.922230,0.919528,0.924932,37,0.00008355,4,0.037571,0.033724,0.041419,0.962255,0.965737,0.958774,0.956890,0.950538,0.963241,0.006573,0.003278,0.013812,0.005780,0.000000,22,2,7,0,1
robot_man,hinge2_restart_importnet,nonorm1p25,1300,12922.448,0.061920,0.924981,0.917211,0.932750,36,0.00005126,4,0.033707,0.031949,0.035465,0.965965,0.967348,0.964581,0.956172,0.946515,0.965830,0.006387,0.002837,0.014285,0.005126,0.000000,22,2,8,0,1
robot_man,hinge2_restart_importnet,nonorm1p25,1325,12970.738,0.061136,0.926047,0.918761,0.933333,36,0.00010815,2,0.033999,0.031239,0.036759,0.965742,0.968081,0.963402,0.957552,0.947462,0.967642,0.006178,0.002942,0.013929,0.005203,0.000000,22,2,8,0,1
robot_man,hinge2_restart_importnet,nonorm1p25,1350,13524.023,0.057512,0.929960,0.929607,0.930314,38,0.00011492,3,0.034439,0.028754,0.040124,0.965498,0.970811,0.960185,0.961989,0.956337,0.967642,0.005814,0.003222,0.012091,0.005330,0.000000,25,2,9,0,1
robot_man,hinge2_restart_importnet,nonorm1p25,1375,13575.502,0.055984,0.934323,0.925666,0.942979,38,0.00009416,2,0.030242,0.029937,0.030546,0.969540,0.969555,0.969525,0.962581,0.953378,0.971784,0.006085,0.002466,0.012826,0.004443,0.000000,25,2,9,0,1
robot_man,hinge2_restart_importnet,nonorm1p25,1400,14179.574,0.055687,0.936578,0.925284,0.947872,38,0.00006954,2,0.029480,0.031002,0.027958,0.970316,0.968525,0.972107,0.964171,0.953970,0.974372,0.006370,0.002320,0.012991,0.003966,0.000000,25,2,9,1,1
robot_man,hinge2_restart_importnet,nonorm1p25,1425,14231.232,0.055075,0.934334,0.930666,0.938002,38,0.00006190,3,0.030216,0.029109,0.031323,0.969570,0.970504,0.968637,0.962570,0.957756,0.967383,0.006003,0.002596,0.011970,0.004797,0.000000,25,2,9,1,1
robot_man,hinge2_restart_importnet,nonorm1p25,1450,15110.227,0.054410,0.932725,0.929853,0.935597,35,0.00002468,2,0.028992,0.028991,0.028993,0.970678,0.970592,0.970765,0.959767,0.956810,0.962723,0.005816,0.002305,0.012131,0.004913,0.000000,25,2,12,1,1
robot_man,hinge2_restart_importnet,nonorm1p25,1475,15157.445,0.054222,0.932584,0.927905,0.937264,35,0.00013741,2,0.027446,0.027452,0.027440,0.972153,0.972011,0.972295,0.958180,0.953378,0.962982,0.005542,0.002251,0.012503,0.004819,0.000000,25,2,12,1,1
robot_man,hinge2_restart_importnet,nonorm1p25,1500,15972.692,0.049017,0.938122,0.935245,0.940999,32,0.00014168,2,0.027187,0.023311,0.031064,0.972599,0.976222,0.968976,0.963638,0.957047,0.970230,0.004598,0.002497,0.011033,0.004557,0.000000,25,2,15,1,1
robot_man,hinge2_restart_importnet,nonorm1p25,1525,16015.503,0.052646,0.935275,0.927764,0.942785,32,0.00034751,4,0.028511,0.025441,0.031582,0.971252,0.973955,0.968549,0.961963,0.951367,0.972560,0.005120,0.002520,0.012347,0.004304,0.000000,25,2,15,1,1
robot_man,hinge2_restart_importnet,nonorm1p25,1550,16752.156,0.049871,0.938393,0.934203,0.942584,29,0.00017994,2,0.026522,0.025086,0.027958,0.973214,0.974473,0.971955,0.963287,0.957638,0.968936,0.005145,0.002228,0.011288,0.004368,0.000000,25,2,18,1,1
robot_man,hinge2_restart_importnet,nonorm1p25,1575,16791.478,0.049726,0.938011,0.933972,0.942051,29,0.00029115,1,0.026263,0.025086,0.027440,0.973449,0.974467,0.972432,0.962651,0.957401,0.967901,0.005009,0.002211,0.011322,0.004414,0.000000,25,2,18,1,1
robot_man,hinge2_restart_importnet,nonorm1p25,1600,17471.609,0.053646,0.931826,0.927812,0.935840,26,0.00024738,3,0.028685,0.024494,0.032876,0.970993,0.974879,0.967107,0.958572,0.950538,0.966606,0.004945,0.002653,0.012349,0.004891,0.000000,25,2,21,1,1
robot_man,hinge2_restart_importnet,nonorm1p25,1625,17507.279,0.051153,0.938209,0.932365,0.944052,26,0.00028901,0,0.027080,0.026979,0.027181,0.972665,0.972596,0.972734,0.963616,0.957520,0.969713,0.005485,0.002151,0.011692,0.004239,0.000000,25,2,21,1,1
robot_man,hinge2_restart_importnet,nonorm1p25,1650,18114.493,0.056423,0.930510,0.914761,0.946258,23,0.00027380,1,0.027650,0.024494,0.030805,0.971957,0.974529,0.969385,0.956287,0.937167,0.975408,0.004972,0.002469,0.014682,0.004132,0.000000,25,2,24,1,1
robot_man,hinge2_restart_importnet,nonorm1p25,1675,18145.746,0.053483,0.933481,0.916936,0.950025,23,0.00023025,4,0.025653,0.025677,0.025628,0.973898,0.973423,0.974372,0.957426,0.940480,0.974372,0.005009,0.002023,0.014090,0.003782,0.000000,25,2,24,1,1
robot_man,hinge2_restart_importnet,nonorm1p25,1700,18685.226,0.058142,0.921357,0.908230,0.934485,20,0.00018763,2,0.022250,0.025086,0.019415,0.976895,0.973762,0.980027,0.941821,0.931014,0.952627,0.005003,0.001597,0.015674,0.005080,0.000000,25,2,27,1,1
robot_man,hinge2_restart_importnet,nonorm1p25,1725,18712.119,0.058711,0.923521,0.907234,0.939808,20,0.00030819,4,0.024558,0.025559,0.023557,0.974680,0.973264,0.976097,0.946185,0.930422,0.961947,0.005061,0.001870,0.015931,0.004653,0.000000,25,2,27,1,1
robot_man,hinge2_restart_importnet,nonorm1p25,1750,19179.232,0.076874,0.887219,0.860793,0.913646,17,0.00024622,3,0.025823,0.023429,0.028216,0.972467,0.974094,0.970840,0.910193,0.880961,0.939425,0.004365,0.002113,0.023700,0.006554,0.000000,25,2,30,1,1
robot_man,hinge2_restart_importnet,nonorm1p25,1775,19202.375,0.074772,0.898968,0.864114,0.933822,17,0.00050507,5,0.025323,0.025796,0.024851,0.973206,0.971721,0.974690,0.921716,0.886404,0.957028,0.005020,0.001969,0.023376,0.005097,0.000000,25,2,30,1,1
robot_man,hinge2_restart_importnet,nonorm1p25,1800,19596.684,0.079626,0.892149,0.859197,0.925100,17,0.00010681,5,0.031015,0.028636,0.033394,0.967432,0.968616,0.966248,0.919897,0.883801,0.955993,0.005440,0.002557,0.024159,0.005621,0.000000,25,2,30,1,1
robot_man,hinge2_restart_importnet,nonorm1p25,1825,19619.610,0.071448,0.903775,0.874971,0.932579,17,0.00042051,5,0.026507,0.024021,0.028993,0.972282,0.973891,0.970673,0.927803,0.895989,0.959617,0.004788,0.002275,0.021558,0.005190,0.000000,25,2,30,1,1
robot_man,hinge2_restart_importnet,nonorm1p25,1850,20018.701,0.074159,0.898616,0.881145,0.916087,17,0.00002801,5,0.034077,0.025441,0.042713,0.964907,0.972615,0.957198,0.929389,0.903562,0.955216,0.004863,0.003410,0.020281,0.006447,0.000000,25,2,30,1,1
robot_man,hinge2_restart_importnet,nonorm1p25,1875,20042.144,0.067709,0.910722,0.894469,0.926975,17,0.00035353,5,0.032398,0.022601,0.042195,0.967019,0.975887,0.958151,0.940387,0.914685,0.966089,0.004432,0.003461,0.018059,0.005804,0.000000,25,2,30,1,1
robot_man,hinge2_restart_importnet,nonorm1p25,1900,20441.777,0.075894,0.897245,0.890710,0.903780,16,0.00011096,4,0.039972,0.025322,0.054621,0.959410,0.973021,0.945800,0.933205,0.913265,0.953145,0.004897,0.004407,0.018712,0.007567,0.000000,25,2,31,1,1
robot_man,hinge2_restart_importnet,nonorm1p25,1925,20463.842,0.070535,0.908218,0.893875,0.922561,16,0.00028066,3,0.034384,0.025796,0.042972,0.964943,0.972637,0.957250,0.939569,0.916933,0.962206,0.005148,0.003460,0.018322,0.006087,0.000000,25,2,31,1,1
robot_man,hinge2_restart_importnet,nonorm1p25,1950,20832.735,0.072591,0.906100,0.895411,0.916790,16,0.00006517,3,0.038833,0.026151,0.051514,0.960800,0.972327,0.949274,0.941422,0.918826,0.964018,0.005180,0.004197,0.018048,0.006503,0.000000,25,2,31,1,1
robot_man,hinge2_restart_importnet,nonorm1p25,1975,20854.806,0.071340,0.909461,0.897436,0.921487,16,0.00015095,4,0.038134,0.024494,0.051773,0.961670,0.974050,0.949290,0.944306,0.919418,0.969195,0.005009,0.004266,0.017737,0.006287,0.000000,25,2,31,1,1
robot_man,hinge2_restart_importnet,nonorm1p25,2000,21221.226,0.073842,0.903807,0.900012,0.907602,15,0.00011971,3,0.041935,0.024849,0.059021,0.957957,0.973766,0.942147,0.941773,0.922376,0.961170,0.004905,0.004926,0.017119,0.007472,0.000000,25,2,32,1,1
robot_man,hinge2_restart_importnet,nonorm1p25,2025,21241.847,0.068246,0.913617,0.902296,0.924938,15,0.00008955,0,0.037102,0.025796,0.048408,0.962670,0.972886,0.952454,0.947642,0.925571,0.969713,0.005016,0.004033,0.016719,0.006062,0.000000,25,2,32,1,1
robot_man,hinge2_restart_importnet,nonorm1p25,2050,21596.045,0.074208,0.895576,0.883651,0.907500,12,0.00016374,0,0.029802,0.024139,0.035465,0.968825,0.974019,0.963632,0.922333,0.904982,0.939684,0.004882,0.002861,0.020118,0.007251,0.000000,25,2,35,1,1
robot_man,hinge2_restart_importnet,nonorm1p25,2075,21612.946,0.065660,0.912176,0.898983,0.925369,12,0.00005275,1,0.028718,0.023784,0.033653,0.970411,0.974809,0.966013,0.938437,0.920364,0.956510,0.004782,0.002759,0.017541,0.005844,0.000000,25,2,35,1,1
robot_man,hinge2_restart_importnet,nonorm1p25,2100,21900.205,0.066207,0.913183,0.899562,0.926805,12,0.00003502,1,0.031196,0.026151,0.036241,0.968044,0.972451,0.963636,0.941740,0.923086,0.960393,0.005149,0.002953,0.017309,0.005655,0.000000,25,2,35,1,1
robot_man,hinge2_restart_importnet,nonorm1p25,2125,21916.951,0.063230,0.916036,0.903591,0.928482,12,0.00004579,2,0.028215,0.024849,0.031582,0.970974,0.973868,0.968080,0.941925,0.926044,0.957805,0.005010,0.002527,0.016660,0.005518,0.000000,25,2,35,1,1
robot_man,hinge2_restart_importnet,nonorm1p25,2150,22204.088,0.062733,0.917907,0.906582,0.929232,12,0.00002775,1,0.029968,0.024731,0.035206,0.969382,0.974069,0.964694,0.945475,0.929002,0.961947,0.004944,0.002893,0.016083,0.005477,0.000000,25,2,35,1,1
robot_man,hinge2_restart_importnet,nonorm1p25,2175,22220.859,0.062790,0.919482,0.905212,0.933752,12,0.00008013,1,0.028866,0.026151,0.031582,0.970436,0.972618,0.968254,0.946063,0.928884,0.963241,0.005148,0.002666,0.016325,0.005274,0.000000,25,2,35,1,1
robot_man,hinge2_restart_importnet,nonorm1p25,2200,22506.973,0.064649,0.914177,0.897697,0.930656,11,0.00003340,2,0.030139,0.022483,0.037794,0.969217,0.976092,0.962342,0.941855,0.917880,0.965830,0.004420,0.003096,0.017478,0.005439,0.000000,25,2,36,1,1
robot_man,hinge2_restart_importnet,nonorm1p25,2225,22522.335,0.063231,0.914515,0.901065,0.927966,11,0.00002132,1,0.030586,0.022601,0.038571,0.968789,0.976059,0.961519,0.942594,0.921429,0.963759,0.004338,0.003058,0.016785,0.005579,0.000000,25,2,36,1,1
robot_man,hinge2_restart_importnet,nonorm1p25,2250,22784.944,0.065163,0.912547,0.902894,0.922200,11,0.00000978,2,0.033574,0.022364,0.044784,0.965965,0.976345,0.955584,0.943293,0.923086,0.963500,0.004274,0.003639,0.016594,0.006093,0.000000,25,2,36,1,1
robot_man,hinge2_restart_importnet,nonorm1p25,2275,22800.265,0.065547,0.913732,0.903151,0.924314,11,0.00000745,2,0.034007,0.021418,0.046596,0.965678,0.977310,0.954046,0.944939,0.922494,0.967383,0.004265,0.003823,0.016695,0.005965,0.000000,25,2,36,1,1
robot_man,hinge2_restart_importnet,nonorm1p25,2300,23065.098,0.066627,0.910781,0.900510,0.921053,11,0.00002996,2,0.036510,0.020471,0.052550,0.963395,0.978209,0.948582,0.944199,0.918945,0.969454,0.003935,0.004231,0.016926,0.006168,0.000000,25,2,36,1,1
robot_man,hinge2_restart_importnet,nonorm1p25,2325,23080.472,0.065614,0.911961,0.901754,0.922167,11,0.00005300,2,0.034965,0.018933,0.050997,0.964912,0.979811,0.950013,0.944011,0.918826,0.969195,0.003734,0.004155,0.016835,0.006092,0.000000,25,2,36,1,1
robot_man,hinge2_restart_importnet,nonorm1p25,2350,23341.857,0.067425,0.911647,0.904078,0.919217,11,0.00005785,1,0.039443,0.021418,0.057468,0.960756,0.977332,0.944179,0.947742,0.923441,0.972042,0.004140,0.004676,0.016357,0.006315,0.000000,25,2,36,1,1
robot_man,hinge2_restart_importnet,nonorm1p25,2375,23357.080,0.066124,0.914276,0.902572,0.925981,11,0.00006303,0,0.035301,0.021418,0.049185,0.964554,0.977296,0.951813,0.946714,0.921903,0.971525,0.004248,0.004080,0.016710,0.005920,0.000000,25,2,36,1,1
robot_man,hinge2_restart_importnet,nonorm1p25,2400,23616.647,0.064060,0.915062,0.902878,0.927246,11,0.00005793,0,0.032920,0.019761,0.046078,0.966819,0.978988,0.954650,0.945345,0.920719,0.969972,0.003908,0.003742,0.016738,0.005709,0.000000,25,2,36,1,1
