pair,group,step,seconds,loss,mean_iou,view1_iou,view2_iou,patches,overlap,overlap_repaired_pairs,mean_spill,view1_spill,view2_spill,mean_precision,view1_precision,view2_precision,mean_coverage,view1_coverage,view2_coverage,view1_negative_space,view2_negative_space,view1_silhouette,view2_silhouette,lambda_count,total_adds,total_splits,total_deletes
sun_moon,basic,1,1.354,1.095125,0.222408,0.192544,0.252272,20,0.00000000,0,0.178780,0.179451,0.178108,0.591939,0.558597,0.625282,0.262150,0.227096,0.297204,0.040569,0.035884,0.177669,0.149146,0.050000,0,0,0
sun_moon,basic,25,24.887,0.797285,0.364217,0.354434,0.374001,20,0.00000003,0,0.090185,0.093993,0.086377,0.814785,0.804889,0.824680,0.397027,0.387748,0.406306,0.020869,0.017323,0.131327,0.115338,0.050000,0,0,0
sun_moon,basic,50,186.792,0.608637,0.495972,0.513915,0.478029,22,0.00002661,1,0.062934,0.075303,0.050565,0.894300,0.880076,0.908523,0.527408,0.552615,0.502201,0.016527,0.009983,0.096916,0.092701,0.050000,3,0,1
sun_moon,basic,75,213.501,0.511647,0.571926,0.604358,0.539495,22,0.00015795,0,0.053634,0.070981,0.036288,0.920111,0.901173,0.939049,0.603164,0.647256,0.559072,0.015671,0.007162,0.078380,0.080716,0.050000,3,0,1
sun_moon,basic,100,393.090,0.460785,0.623392,0.635927,0.610857,23,0.00019069,4,0.060011,0.078976,0.041047,0.918074,0.896781,0.939367,0.661040,0.686150,0.635931,0.017478,0.007930,0.072566,0.068281,0.050000,5,0,2
sun_moon,basic,125,421.881,0.409782,0.663120,0.644964,0.681275,23,0.00136744,3,0.051549,0.076923,0.026175,0.932102,0.900294,0.963911,0.696842,0.694576,0.699108,0.016778,0.005109,0.070324,0.055008,0.050000,5,0,2
sun_moon,basic,150,613.128,0.374574,0.710430,0.655436,0.765424,24,0.00033605,3,0.070012,0.087079,0.052945,0.914726,0.891096,0.938357,0.759230,0.712511,0.805949,0.018985,0.010573,0.068777,0.041224,0.050000,7,0,3
sun_moon,basic,175,642.482,0.326483,0.752677,0.670585,0.834770,24,0.00074531,4,0.064616,0.093777,0.035455,0.923619,0.886640,0.960598,0.798918,0.733470,0.864366,0.021012,0.006889,0.066345,0.028359,0.050000,7,0,3
sun_moon,basic,200,841.897,0.312684,0.771190,0.687837,0.854543,24,0.00030943,7,0.073373,0.100583,0.046163,0.916807,0.882716,0.950899,0.825507,0.757022,0.893992,0.022530,0.009069,0.063292,0.025064,0.050000,7,0,3
sun_moon,basic,225,871.164,0.280899,0.792337,0.697289,0.887384,24,0.00071934,5,0.062003,0.096046,0.027960,0.929310,0.888359,0.970261,0.838228,0.764261,0.912195,0.021369,0.005491,0.060900,0.019135,0.050000,7,0,3
sun_moon,basic,250,1068.676,0.276428,0.802223,0.709969,0.894478,23,0.00039353,5,0.069777,0.101124,0.038430,0.922867,0.885463,0.960271,0.855308,0.781763,0.928852,0.022928,0.007352,0.059159,0.017752,0.050000,7,0,4
sun_moon,basic,275,1096.720,0.248578,0.819085,0.725657,0.912513,23,0.00048650,4,0.059013,0.093993,0.024033,0.934530,0.894135,0.974926,0.864154,0.793863,0.934444,0.021115,0.004603,0.055353,0.014534,0.050000,7,0,4
sun_moon,basic,300,1279.939,0.249144,0.823241,0.736176,0.910305,22,0.00016476,3,0.067651,0.101988,0.033314,0.927059,0.888324,0.965795,0.875944,0.811258,0.940631,0.022965,0.006297,0.053488,0.014890,0.050000,7,0,5
sun_moon,basic,325,1307.122,0.237940,0.830575,0.744232,0.916918,22,0.00085197,3,0.061246,0.095722,0.026770,0.933650,0.894949,0.972352,0.878467,0.815471,0.941463,0.021482,0.005429,0.051586,0.014073,0.050000,7,0,5
sun_moon,basic,350,1485.143,0.243281,0.829318,0.747244,0.911391,20,0.00041079,4,0.068464,0.097666,0.039262,0.926897,0.893597,0.960198,0.883700,0.820225,0.947174,0.022032,0.007800,0.051045,0.015036,0.050000,7,0,7
sun_moon,basic,375,1510.394,0.239509,0.831694,0.751209,0.912178,20,0.00043907,2,0.067385,0.094317,0.040452,0.928098,0.897076,0.959120,0.885570,0.822061,0.949078,0.021307,0.008105,0.050096,0.014932,0.050000,7,0,7
sun_moon,basic,400,1678.282,0.242012,0.833809,0.748190,0.919427,20,0.00032532,2,0.071219,0.104365,0.038073,0.924748,0.887857,0.961640,0.890353,0.826275,0.954432,0.023753,0.007641,0.051315,0.013583,0.050000,7,0,7
sun_moon,basic,425,1703.267,0.231080,0.838046,0.756184,0.919908,20,0.00057311,2,0.063598,0.096262,0.030934,0.932186,0.895960,0.968412,0.888670,0.828976,0.948364,0.021852,0.006246,0.049295,0.013550,0.050000,7,0,7
sun_moon,basic,450,1870.214,0.224483,0.838284,0.759041,0.917527,20,0.00031404,2,0.058063,0.090428,0.025699,0.937462,0.901506,0.973419,0.884393,0.827679,0.941106,0.020244,0.005150,0.048260,0.013798,0.050000,7,0,7
sun_moon,basic,475,1894.887,0.220666,0.838270,0.757561,0.918979,20,0.00049640,3,0.053291,0.085998,0.020583,0.941944,0.905362,0.978525,0.880302,0.822710,0.937894,0.019276,0.003999,0.048376,0.013426,0.050000,7,0,7
sun_moon,basic,500,2060.402,0.224677,0.836164,0.762793,0.909536,20,0.00034337,2,0.055019,0.089455,0.020583,0.940562,0.902817,0.978307,0.879643,0.831029,0.928257,0.020136,0.004025,0.047564,0.015168,0.050000,7,0,7
sun_moon,basic,525,2085.289,0.215427,0.840583,0.771503,0.909664,20,0.00070225,3,0.049185,0.078976,0.019393,0.946431,0.913348,0.979515,0.879869,0.832433,0.927305,0.017834,0.003917,0.045469,0.015301,0.050000,7,0,7
sun_moon,basic,550,2253.704,0.218665,0.840547,0.769330,0.911765,20,0.00026264,6,0.055259,0.087079,0.023438,0.940598,0.905698,0.975498,0.884729,0.836322,0.933135,0.019577,0.004459,0.046063,0.014746,0.050000,7,0,7
sun_moon,basic,575,2278.644,0.210175,0.843445,0.774019,0.912870,20,0.00067608,4,0.047729,0.079516,0.015943,0.948103,0.913105,0.983100,0.881495,0.835566,0.927424,0.017839,0.003143,0.044865,0.014544,0.050000,7,0,7
sun_moon,basic,600,2446.776,0.212300,0.838691,0.774572,0.902810,20,0.00044403,4,0.047195,0.078328,0.016062,0.948527,0.914262,0.982792,0.876277,0.835242,0.917311,0.017515,0.002792,0.044528,0.015982,0.050000,7,0,7
sun_moon,basic,625,2471.463,0.203208,0.846029,0.778437,0.913621,20,0.00072121,3,0.043298,0.074222,0.012374,0.952638,0.918476,0.986799,0.880570,0.836214,0.924926,0.016875,0.002155,0.043841,0.014212,0.050000,7,0,7
sun_moon,basic,650,2636.743,0.204501,0.844456,0.779332,0.909579,20,0.00035470,3,0.046062,0.073682,0.018441,0.949775,0.919070,0.980481,0.881554,0.836755,0.926353,0.016295,0.003396,0.043308,0.014931,0.050000,7,0,7
sun_moon,basic,675,2661.396,0.196209,0.850814,0.787683,0.913945,20,0.00090719,3,0.043149,0.070117,0.016181,0.953040,0.923204,0.982876,0.885823,0.842913,0.928733,0.015558,0.003158,0.041524,0.014309,0.050000,7,0,7
sun_moon,basic,700,2827.927,0.199184,0.846978,0.789917,0.904039,20,0.00050739,3,0.042097,0.065039,0.019155,0.953936,0.928239,0.979633,0.881324,0.841292,0.921356,0.014465,0.003743,0.041030,0.016143,0.050000,7,0,7
sun_moon,basic,725,2852.386,0.194378,0.850339,0.794848,0.905830,20,0.00101824,1,0.041843,0.065363,0.018322,0.954433,0.928343,0.980524,0.884615,0.846802,0.922427,0.014388,0.003515,0.039846,0.015758,0.050000,7,0,7
sun_moon,basic,750,3016.180,0.193668,0.850085,0.797924,0.902245,20,0.00114585,1,0.039644,0.061798,0.017490,0.956661,0.932018,0.981305,0.882630,0.847234,0.918025,0.013743,0.003424,0.039331,0.016374,0.050000,7,0,7
sun_moon,basic,775,3040.554,0.191157,0.851489,0.797618,0.905359,20,0.00108530,1,0.037886,0.061258,0.014515,0.958479,0.932516,0.984443,0.882489,0.846478,0.918501,0.013701,0.002767,0.039430,0.015801,0.050000,7,0,7
sun_moon,basic,800,3205.257,0.189574,0.852722,0.799491,0.905953,20,0.00103628,1,0.037400,0.061474,0.013325,0.959074,0.932455,0.985692,0.883332,0.848639,0.918025,0.013731,0.002523,0.039100,0.015723,0.050000,7,0,7
sun_moon,basic,825,3229.603,0.188574,0.853402,0.800082,0.906723,20,0.00108417,1,0.037162,0.060285,0.014039,0.959305,0.933650,0.984960,0.883884,0.848315,0.919453,0.013564,0.002634,0.038945,0.015561,0.050000,7,0,7
sun_moon,basic,850,3396.485,0.189751,0.852632,0.798330,0.906933,20,0.00097453,1,0.036875,0.061258,0.012493,0.959575,0.932572,0.986578,0.882749,0.847234,0.918263,0.013761,0.002410,0.039373,0.015565,0.050000,7,0,7
sun_moon,basic,875,3420.877,0.189351,0.851008,0.797388,0.904628,20,0.00093748,3,0.035979,0.058989,0.012968,0.960375,0.934705,0.986045,0.880392,0.844425,0.916359,0.012976,0.002472,0.039242,0.015933,0.050000,7,0,7
sun_moon,basic,900,3587.705,0.188563,0.852195,0.797330,0.907059,20,0.00091354,2,0.035794,0.060285,0.011303,0.960633,0.933437,0.987828,0.881354,0.845398,0.917311,0.013315,0.002158,0.039338,0.015567,0.050000,7,0,7
sun_moon,basic,925,3612.141,0.186644,0.853763,0.797676,0.909851,20,0.00121217,3,0.035453,0.059961,0.010946,0.961009,0.933779,0.988240,0.882658,0.845506,0.919810,0.013322,0.002092,0.039201,0.015023,0.050000,7,0,7
sun_moon,basic,950,3778.485,0.193595,0.849796,0.792050,0.907542,20,0.00110860,4,0.040451,0.068172,0.012731,0.955885,0.925431,0.986338,0.882571,0.846046,0.919096,0.014911,0.002296,0.040430,0.015239,0.050000,7,0,7
sun_moon,basic,975,3803.086,0.189970,0.851658,0.796791,0.906526,20,0.00159676,2,0.037874,0.063850,0.011898,0.958574,0.929951,0.987196,0.882489,0.847666,0.917311,0.014058,0.002155,0.039431,0.015413,0.050000,7,0,7
sun_moon,basic,1000,3967.500,0.199234,0.847183,0.792485,0.901880,20,0.00177548,2,0.042493,0.072494,0.012493,0.953957,0.921410,0.986504,0.881541,0.849935,0.913147,0.015965,0.002325,0.040563,0.016289,0.050000,7,0,7
sun_moon,basic,1025,3991.856,0.193995,0.849777,0.798319,0.901235,20,0.00203788,2,0.039495,0.067092,0.011898,0.957057,0.926993,0.987122,0.881919,0.851880,0.911957,0.014709,0.002326,0.039175,0.016497,0.050000,7,0,7
sun_moon,basic,1050,4151.439,0.193323,0.851036,0.799311,0.902762,19,0.00207692,2,0.041880,0.066984,0.016776,0.954615,0.927179,0.982052,0.885379,0.852852,0.917906,0.014561,0.003207,0.038841,0.016231,0.050000,7,0,8
sun_moon,basic,1075,4174.703,0.187234,0.853033,0.803428,0.902639,19,0.00209311,2,0.036687,0.059097,0.014277,0.959852,0.935059,0.984645,0.883217,0.850908,0.915526,0.012932,0.002779,0.037874,0.016193,0.050000,7,0,8
sun_moon,basic,1100,4333.473,0.191446,0.850369,0.799716,0.901021,19,0.00235685,2,0.038804,0.064283,0.013325,0.957696,0.929777,0.985615,0.882076,0.851124,0.913028,0.014002,0.002423,0.038661,0.016392,0.050000,7,0,8
sun_moon,basic,1125,4356.929,0.185732,0.852982,0.804891,0.901073,19,0.00233052,2,0.032503,0.055964,0.009042,0.964188,0.938223,0.990153,0.879578,0.849935,0.909221,0.012388,0.001905,0.037610,0.016611,0.050000,7,0,8
sun_moon,basic,1150,4515.368,0.189160,0.850989,0.801730,0.900247,19,0.00236020,2,0.035853,0.061474,0.010232,0.960753,0.932631,0.988875,0.880237,0.851016,0.909459,0.013378,0.001951,0.038224,0.016613,0.050000,7,0,8
sun_moon,basic,1175,4538.882,0.183495,0.852957,0.807034,0.898880,19,0.00276489,1,0.031607,0.053695,0.009518,0.965113,0.940607,0.989620,0.878902,0.850367,0.907436,0.011724,0.001762,0.037047,0.016730,0.050000,7,0,8
sun_moon,basic,1200,4697.440,0.192476,0.849240,0.800712,0.897767,19,0.00291707,2,0.037523,0.062554,0.012493,0.958977,0.931512,0.986443,0.879891,0.850799,0.908983,0.013777,0.002225,0.038643,0.016834,0.050000,7,0,8
sun_moon,basic,1225,4720.907,0.185084,0.852182,0.807318,0.897047,19,0.00294870,2,0.032655,0.054127,0.011184,0.964011,0.940201,0.987821,0.879047,0.851016,0.907079,0.011833,0.002049,0.036997,0.017069,0.050000,7,0,8
sun_moon,basic,1250,4879.109,0.187549,0.851153,0.802976,0.899330,19,0.00305299,2,0.035810,0.059961,0.011660,0.960767,0.934187,0.987347,0.880470,0.851124,0.909816,0.012768,0.002135,0.037681,0.016671,0.050000,7,0,8
sun_moon,basic,1275,4902.430,0.184187,0.853150,0.805510,0.900790,19,0.00300400,2,0.031725,0.054883,0.008566,0.964994,0.939329,0.990659,0.879113,0.849719,0.908507,0.011976,0.001627,0.037361,0.016532,0.050000,7,0,8
sun_moon,basic,1300,5062.096,0.186771,0.850722,0.804060,0.897385,19,0.00286670,1,0.031785,0.053695,0.009875,0.964811,0.940401,0.989221,0.876740,0.847234,0.906246,0.011747,0.001904,0.037591,0.017172,0.050000,7,0,8
sun_moon,basic,1325,5085.342,0.183013,0.853193,0.804323,0.902062,19,0.00284028,1,0.032039,0.054559,0.009518,0.964610,0.939564,0.989656,0.879427,0.848207,0.910648,0.011781,0.001604,0.037463,0.016186,0.050000,7,0,8
sun_moon,basic,1350,5242.862,0.186048,0.851984,0.803154,0.900814,19,0.00293473,2,0.031844,0.054883,0.008804,0.964783,0.939162,0.990405,0.877990,0.847234,0.908745,0.012029,0.001687,0.037910,0.016563,0.050000,7,0,8
sun_moon,basic,1375,5266.071,0.184278,0.854064,0.805892,0.902235,19,0.00347547,2,0.031905,0.052506,0.011303,0.964735,0.941706,0.987764,0.880320,0.848207,0.912433,0.011656,0.002222,0.037424,0.016252,0.050000,7,0,8
sun_moon,basic,1400,5424.489,0.181191,0.856032,0.804716,0.907349,19,0.00298629,1,0.032904,0.053911,0.011898,0.963720,0.940232,0.987207,0.883121,0.848099,0.918144,0.011747,0.002157,0.037445,0.015304,0.050000,7,0,8
sun_moon,basic,1425,5447.873,0.178169,0.859163,0.805995,0.912332,19,0.00274982,1,0.031786,0.052506,0.011065,0.964930,0.941713,0.988147,0.885371,0.848315,0.922427,0.011614,0.002130,0.037338,0.014538,0.050000,7,0,8
sun_moon,basic,1450,5605.740,0.175902,0.860044,0.806067,0.914020,19,0.00264049,2,0.031105,0.050670,0.011541,0.965610,0.943548,0.987672,0.885739,0.846910,0.924569,0.011176,0.002100,0.037213,0.014167,0.050000,7,0,8
sun_moon,basic,1475,5628.756,0.174962,0.860670,0.804310,0.917030,19,0.00243746,2,0.031888,0.052831,0.010946,0.964803,0.941275,0.988331,0.886935,0.846802,0.927067,0.011504,0.001923,0.037555,0.013484,0.050000,7,0,8
sun_moon,basic,1500,5787.312,0.173745,0.862797,0.800102,0.925491,19,0.00162054,2,0.033412,0.054451,0.012374,0.963169,0.939372,0.986966,0.890306,0.843669,0.936942,0.011932,0.002157,0.038470,0.012023,0.050000,7,0,8
sun_moon,basic,1525,5810.364,0.177270,0.859815,0.797907,0.921723,19,0.00163586,0,0.033478,0.053155,0.013801,0.962977,0.940508,0.985445,0.887382,0.840320,0.934444,0.011690,0.002505,0.038913,0.012698,0.050000,7,0,8
sun_moon,basic,1550,5965.848,0.180730,0.862670,0.796026,0.929313,19,0.00153097,2,0.040191,0.060393,0.019988,0.956289,0.933230,0.979348,0.895995,0.844101,0.947888,0.013389,0.003886,0.039555,0.011694,0.050000,7,0,8
sun_moon,basic,1575,5988.890,0.189029,0.858985,0.789979,0.927991,19,0.00169240,0,0.046929,0.069468,0.024390,0.949503,0.924022,0.974985,0.897741,0.844857,0.950625,0.015357,0.004581,0.040981,0.011665,0.050000,7,0,8
sun_moon,basic,1600,6145.320,0.188925,0.859016,0.785001,0.933031,19,0.00079128,2,0.046826,0.070333,0.023319,0.949458,0.922757,0.976159,0.897500,0.840212,0.954789,0.015481,0.004533,0.041901,0.010883,0.050000,7,0,8
sun_moon,basic,1625,6168.354,0.175139,0.868605,0.794183,0.943028,19,0.00129862,1,0.041566,0.066119,0.017014,0.955067,0.927565,0.982569,0.902883,0.846694,0.959072,0.014482,0.003342,0.039954,0.009211,0.050000,7,0,8
sun_moon,basic,1650,6324.907,0.171366,0.871200,0.795468,0.946932,19,0.00082662,2,0.040578,0.063310,0.017847,0.956091,0.930362,0.981820,0.904830,0.845830,0.963831,0.013920,0.003417,0.039712,0.008548,0.050000,7,0,8
sun_moon,basic,1675,6347.891,0.168642,0.872001,0.795810,0.948191,19,0.00081389,1,0.037588,0.062446,0.012731,0.959070,0.931223,0.986916,0.902884,0.845506,0.960262,0.013739,0.002396,0.039682,0.008274,0.050000,7,0,8
sun_moon,basic,1700,6505.371,0.170049,0.871148,0.794186,0.948110,19,0.00091466,3,0.038215,0.062986,0.013444,0.958386,0.930570,0.986201,0.902533,0.844209,0.960857,0.013966,0.002435,0.040040,0.008229,0.050000,7,0,8
sun_moon,basic,1725,6528.499,0.170307,0.870580,0.793947,0.947214,19,0.00074180,1,0.037227,0.060177,0.014277,0.959317,0.933277,0.985357,0.901231,0.841724,0.960738,0.013389,0.002765,0.039931,0.008588,0.050000,7,0,8
sun_moon,basic,1750,6686.408,0.168359,0.871244,0.795107,0.947381,19,0.00143518,2,0.036411,0.059853,0.012968,0.960176,0.933684,0.986667,0.901182,0.842697,0.959667,0.013207,0.002424,0.039632,0.008337,0.050000,7,0,8
sun_moon,basic,1775,6709.576,0.169202,0.871837,0.796213,0.947461,19,0.00168082,1,0.037940,0.061366,0.014515,0.958712,0.932300,0.985124,0.903144,0.845073,0.961214,0.013559,0.002815,0.039503,0.008318,0.050000,7,0,8
sun_moon,basic,1800,6867.221,0.173236,0.869233,0.792596,0.945870,19,0.00163409,2,0.040361,0.065255,0.015467,0.956205,0.928258,0.984152,0.902408,0.844317,0.960500,0.014349,0.002796,0.040253,0.008539,0.050000,7,0,8
sun_moon,basic,1825,6890.384,0.168212,0.872356,0.796066,0.948646,19,0.00167026,2,0.037411,0.060069,0.014753,0.959227,0.933548,0.984906,0.903263,0.843885,0.962641,0.013303,0.002711,0.039530,0.008144,0.050000,7,0,8
sun_moon,basic,1850,7046.489,0.170285,0.870513,0.793633,0.947393,19,0.00196506,1,0.038848,0.062230,0.015467,0.957717,0.931257,0.984177,0.902534,0.843021,0.962046,0.013612,0.002747,0.039829,0.008294,0.050000,7,0,8
sun_moon,basic,1875,7069.310,0.168956,0.872287,0.794627,0.949947,19,0.00191952,2,0.038286,0.061582,0.014991,0.958327,0.931965,0.984690,0.903874,0.843561,0.964188,0.013615,0.002755,0.039815,0.007871,0.050000,7,0,8
sun_moon,basic,1900,7224.408,0.165369,0.873770,0.796770,0.950770,19,0.00178108,1,0.034720,0.056828,0.012612,0.961924,0.936779,0.987070,0.902404,0.842048,0.962760,0.012638,0.002363,0.039316,0.007891,0.050000,7,0,8
sun_moon,basic,1925,7247.032,0.160914,0.875412,0.796268,0.954556,19,0.00181272,1,0.032142,0.053695,0.010589,0.964497,0.939852,0.989142,0.901844,0.839023,0.964664,0.011681,0.002051,0.039138,0.007211,0.050000,7,0,8
sun_moon,basic,1950,7404.618,0.165348,0.873271,0.792493,0.954049,19,0.00172326,3,0.034385,0.056396,0.012374,0.962119,0.936888,0.987351,0.901520,0.837187,0.965854,0.012405,0.002238,0.040108,0.007285,0.050000,7,0,8
sun_moon,basic,1975,7427.439,0.162845,0.874525,0.792584,0.956465,19,0.00172741,2,0.031611,0.054775,0.008447,0.964913,0.938508,0.991318,0.900272,0.835998,0.964545,0.012083,0.001619,0.040042,0.006986,0.050000,7,0,8
sun_moon,basic,2000,7584.886,0.162311,0.874318,0.793636,0.955001,19,0.00178642,1,0.032979,0.055964,0.009994,0.963573,0.937402,0.989745,0.901298,0.838051,0.964545,0.012194,0.001682,0.039723,0.007025,0.050000,7,0,8
sun_moon,basic,2025,7608.034,0.161829,0.875457,0.793223,0.957690,19,0.00199644,1,0.034037,0.058557,0.009518,0.962530,0.934809,0.990251,0.903239,0.839672,0.966805,0.012657,0.001682,0.039734,0.006573,0.050000,7,0,8
sun_moon,basic,2050,7765.884,0.160138,0.876803,0.794908,0.958697,19,0.00185286,2,0.032465,0.056720,0.008209,0.964163,0.936747,0.991578,0.903282,0.839996,0.966568,0.012411,0.001485,0.039457,0.006542,0.050000,7,0,8
sun_moon,basic,2075,7789.223,0.160222,0.876405,0.794756,0.958053,19,0.00183214,1,0.032320,0.054883,0.009756,0.964287,0.938558,0.990016,0.902888,0.838375,0.967400,0.012109,0.001688,0.039526,0.006555,0.050000,7,0,8
sun_moon,basic,2100,7946.036,0.159236,0.877153,0.795315,0.958991,19,0.00188703,1,0.032908,0.056180,0.009637,0.963728,0.937312,0.990145,0.904114,0.839996,0.968233,0.012198,0.001665,0.039359,0.006348,0.050000,7,0,8
sun_moon,basic,2125,7969.441,0.159261,0.878484,0.797176,0.959792,19,0.00188763,2,0.032395,0.055748,0.009042,0.964313,0.937876,0.990750,0.905044,0.841616,0.968471,0.012327,0.001768,0.039157,0.006442,0.050000,7,0,8
sun_moon,basic,2150,8125.911,0.162195,0.875168,0.794352,0.955984,19,0.00181508,2,0.033455,0.055964,0.010946,0.963128,0.937455,0.988801,0.902628,0.838807,0.966449,0.012280,0.002012,0.039650,0.006846,0.050000,7,0,8
sun_moon,basic,2175,8149.143,0.162654,0.875796,0.795668,0.955924,19,0.00182563,2,0.034865,0.057476,0.012255,0.961776,0.936058,0.987494,0.904519,0.841400,0.967638,0.012638,0.002150,0.039541,0.006857,0.050000,7,0,8
sun_moon,basic,2200,8306.216,0.159446,0.878088,0.794783,0.961394,19,0.00184627,2,0.033449,0.056072,0.010827,0.963181,0.937379,0.988982,0.905575,0.839347,0.971802,0.012315,0.001987,0.039463,0.006104,0.050000,7,0,8
sun_moon,basic,2225,8329.380,0.158470,0.879933,0.796955,0.962911,19,0.00214787,2,0.033865,0.057260,0.010470,0.962860,0.936367,0.989354,0.907790,0.842589,0.972992,0.012585,0.001826,0.039278,0.005839,0.050000,7,0,8
sun_moon,basic,2250,8487.505,0.164537,0.874336,0.788226,0.960447,18,0.00243715,1,0.033876,0.057044,0.010708,0.962506,0.935922,0.989090,0.901960,0.833189,0.970732,0.012497,0.001884,0.040904,0.006182,0.050000,7,0,9
sun_moon,basic,2275,8509.475,0.160003,0.877861,0.795313,0.960410,18,0.00236404,1,0.032698,0.055640,0.009756,0.963944,0.937847,0.990040,0.904672,0.839564,0.969780,0.012224,0.001870,0.039406,0.006330,0.050000,7,0,9
sun_moon,basic,2300,8659.480,0.162308,0.876468,0.795427,0.957509,18,0.00245119,2,0.034584,0.058341,0.010827,0.962064,0.935190,0.988938,0.904854,0.841832,0.967876,0.012839,0.001920,0.039492,0.006659,0.050000,7,0,9
sun_moon,basic,2325,8681.594,0.161270,0.877550,0.797199,0.957901,18,0.00270457,1,0.032930,0.056936,0.008923,0.963778,0.936704,0.990851,0.904519,0.842589,0.966449,0.012590,0.001755,0.039170,0.006783,0.050000,7,0,9
sun_moon,basic,2350,8829.836,0.162738,0.876217,0.794616,0.957818,18,0.00324433,1,0.034589,0.059421,0.009756,0.962041,0.934069,0.990013,0.904497,0.841832,0.967162,0.012894,0.001774,0.039548,0.006606,0.050000,7,0,9
sun_moon,basic,2375,8851.620,0.161972,0.876327,0.796992,0.955663,18,0.00320697,1,0.033758,0.055856,0.011660,0.962920,0.937756,0.988084,0.904157,0.841508,0.966805,0.012354,0.001908,0.039226,0.006886,0.050000,7,0,9
sun_moon,basic,2400,9000.673,0.165202,0.873248,0.794352,0.952145,17,0.00350142,1,0.034518,0.059637,0.009399,0.962076,0.933837,0.990315,0.901409,0.841724,0.961095,0.012797,0.001722,0.039419,0.007572,0.050000,7,0,10
sun_moon,basic,2425,9021.607,0.166585,0.871778,0.794009,0.949546,17,0.00316565,1,0.033054,0.056828,0.009280,0.963491,0.936573,0.990409,0.898745,0.839131,0.958358,0.012409,0.001675,0.039718,0.008030,0.050000,7,0,10
sun_moon,basic,2450,9161.883,0.169988,0.870320,0.792355,0.948286,17,0.00314534,1,0.034924,0.059853,0.009994,0.961571,0.933469,0.989673,0.898771,0.839780,0.957763,0.013051,0.001907,0.040086,0.008363,0.050000,7,0,10
sun_moon,basic,2475,9182.680,0.168023,0.870828,0.795150,0.946506,17,0.00323176,1,0.032806,0.055856,0.009756,0.963758,0.937621,0.989895,0.897652,0.839564,0.955741,0.012232,0.001897,0.039501,0.008688,0.050000,7,0,10
sun_moon,basic,2500,9323.177,0.167031,0.871612,0.794851,0.948373,17,0.00307395,1,0.033438,0.057476,0.009399,0.963137,0.935996,0.990277,0.898912,0.840536,0.957287,0.012513,0.001790,0.039475,0.008333,0.050000,7,0,10
sun_moon,basic,2525,9343.982,0.164680,0.872785,0.796107,0.949464,17,0.00311466,1,0.032223,0.054451,0.009994,0.964386,0.939086,0.989686,0.899204,0.839455,0.958953,0.011951,0.001810,0.039253,0.008033,0.050000,7,0,10
horse_circle,basic,1,1.354,1.489770,0.161199,0.164435,0.157964,20,0.00000000,0,0.076986,0.090495,0.063476,0.695182,0.664598,0.725765,0.173653,0.179315,0.167990,0.024774,0.027771,0.196353,0.273964,0.050000,0,0,0
horse_circle,basic,25,25.025,1.182863,0.290809,0.296457,0.285161,20,0.00000000,0,0.037297,0.050037,0.024557,0.891992,0.861519,0.922466,0.301727,0.311291,0.292163,0.013400,0.010479,0.158564,0.223785,0.050000,0,0,0
horse_circle,basic,50,192.421,0.920441,0.437709,0.429135,0.446283,21,0.00000930,0,0.026391,0.036830,0.015952,0.944783,0.923552,0.966013,0.449171,0.444940,0.453402,0.009846,0.006790,0.126673,0.171820,0.050000,3,0,2
horse_circle,basic,75,218.692,0.717142,0.556593,0.541224,0.571962,21,0.00019929,2,0.021612,0.033296,0.009929,0.963455,0.943808,0.983102,0.568443,0.559245,0.577641,0.008843,0.003948,0.100942,0.131663,0.050000,3,0,2
horse_circle,basic,100,397.322,0.612221,0.619714,0.609610,0.629819,21,0.00093552,1,0.015787,0.022042,0.009531,0.975531,0.965830,0.985231,0.629434,0.623047,0.635822,0.006185,0.004013,0.084968,0.113788,0.050000,4,0,3
horse_circle,basic,125,423.707,0.531815,0.669701,0.659849,0.679554,21,0.00132413,0,0.015782,0.023158,0.008406,0.977359,0.966835,0.987882,0.680198,0.675130,0.685266,0.006396,0.003560,0.073666,0.098319,0.050000,4,0,3
horse_circle,basic,150,595.418,0.471554,0.710237,0.707915,0.712560,19,0.00128663,2,0.018161,0.028181,0.008141,0.975760,0.962726,0.988794,0.723113,0.727865,0.718361,0.007743,0.003426,0.063157,0.088143,0.050000,5,0,6
horse_circle,basic,175,619.527,0.427158,0.739232,0.730762,0.747701,19,0.00082216,2,0.021138,0.034598,0.007678,0.973076,0.956240,0.989912,0.754744,0.756045,0.753442,0.009582,0.003223,0.058555,0.077237,0.050000,5,0,6
horse_circle,basic,200,781.388,0.397147,0.763903,0.746071,0.781735,19,0.00001149,1,0.030399,0.053385,0.007413,0.963533,0.936392,0.990674,0.786715,0.785900,0.787530,0.015014,0.003344,0.056338,0.066863,0.050000,5,0,6
horse_circle,basic,225,805.278,0.367034,0.784355,0.758220,0.810491,19,0.00000802,0,0.035283,0.063616,0.006950,0.959220,0.926884,0.991556,0.811289,0.806455,0.816124,0.017899,0.002856,0.054212,0.057753,0.050000,5,0,6
horse_circle,basic,250,964.753,0.347589,0.797713,0.762202,0.833224,19,0.00004113,1,0.039854,0.072824,0.006884,0.955043,0.918225,0.991862,0.828334,0.817708,0.838959,0.020434,0.002828,0.053595,0.050627,0.050000,5,0,6
horse_circle,basic,275,988.217,0.326802,0.811560,0.763273,0.859846,19,0.00001293,0,0.044085,0.080822,0.007347,0.951180,0.910771,0.991589,0.845563,0.824963,0.866164,0.022583,0.002955,0.053769,0.042393,0.050000,5,0,6
horse_circle,basic,300,1147.615,0.295542,0.829759,0.761360,0.898158,18,0.00020461,0,0.047502,0.088914,0.006089,0.948224,0.903141,0.993306,0.866341,0.829055,0.903627,0.024822,0.002406,0.054402,0.030450,0.050000,5,0,7
horse_circle,basic,325,1170.051,0.280608,0.837954,0.764444,0.911463,18,0.00057798,1,0.046802,0.086589,0.007016,0.949006,0.905597,0.992414,0.874247,0.830636,0.917858,0.024145,0.002678,0.053544,0.026445,0.050000,5,0,7
horse_circle,basic,350,1321.218,0.272899,0.841902,0.762235,0.921569,17,0.00078074,1,0.045529,0.085100,0.005957,0.950162,0.906709,0.993615,0.877080,0.827102,0.927059,0.024000,0.002468,0.054134,0.023416,0.050000,5,0,8
horse_circle,basic,375,1342.569,0.258828,0.850954,0.767961,0.933947,17,0.00091003,1,0.047254,0.087426,0.007082,0.948879,0.905232,0.992526,0.887831,0.835100,0.940561,0.024592,0.002841,0.052905,0.019442,0.050000,5,0,8
horse_circle,basic,400,1486.325,0.256064,0.854898,0.772743,0.937054,16,0.00164204,1,0.050184,0.089844,0.010524,0.946305,0.903602,0.989008,0.894542,0.842169,0.946916,0.025150,0.004159,0.051796,0.018521,0.050000,5,0,9
horse_circle,basic,425,1506.186,0.246814,0.859796,0.778253,0.941338,16,0.00133842,1,0.048504,0.087147,0.009862,0.948175,0.906618,0.989732,0.898349,0.846075,0.950622,0.024469,0.004009,0.050411,0.017308,0.050000,5,0,9
horse_circle,basic,450,1640.730,0.235903,0.868299,0.790515,0.946084,15,0.00100808,0,0.050217,0.086403,0.014032,0.947087,0.908590,0.985584,0.909088,0.858817,0.959359,0.024238,0.005804,0.047560,0.015818,0.050000,5,0,10
horse_circle,basic,475,1659.228,0.216973,0.881498,0.811060,0.951937,15,0.00033214,0,0.052401,0.089844,0.014959,0.946245,0.907736,0.984753,0.925053,0.883929,0.966177,0.024980,0.006237,0.042603,0.014036,0.050000,5,0,10
horse_circle,basic,500,1785.512,0.219167,0.876077,0.787210,0.964943,13,0.00041213,0,0.049009,0.087891,0.010127,0.948321,0.906924,0.989717,0.915557,0.856399,0.974715,0.024479,0.004521,0.048292,0.010167,0.050000,5,0,12
horse_circle,basic,525,1801.895,0.200290,0.890520,0.808815,0.972226,13,0.00101912,0,0.051778,0.093099,0.010458,0.947098,0.904730,0.989467,0.933254,0.884115,0.982393,0.025850,0.004592,0.043388,0.007917,0.050000,5,0,12
horse_circle,basic,550,1913.968,0.220305,0.879017,0.786181,0.971853,12,0.00161812,1,0.054096,0.097005,0.011186,0.943820,0.898895,0.988745,0.922584,0.862444,0.982724,0.027075,0.004970,0.048976,0.008058,0.050000,5,0,13
horse_circle,basic,575,1929.373,0.206397,0.888371,0.801034,0.975709,12,0.00192633,2,0.054242,0.097563,0.010921,0.944582,0.900114,0.989049,0.932775,0.879185,0.986365,0.027136,0.005014,0.045340,0.006934,0.050000,5,0,13
horse_circle,basic,600,2030.989,0.222236,0.880834,0.797149,0.964520,11,0.00177185,2,0.056899,0.102679,0.011120,0.942066,0.895405,0.988726,0.927122,0.878999,0.975245,0.028560,0.005029,0.046487,0.010383,0.050000,5,0,14
horse_circle,basic,625,2044.837,0.207083,0.889267,0.806615,0.971919,11,0.00296013,3,0.055305,0.099423,0.011186,0.943968,0.899189,0.988746,0.934801,0.886812,0.982791,0.027608,0.005007,0.043897,0.008133,0.050000,5,0,14
horse_circle,basic,650,2138.341,0.215205,0.888584,0.806435,0.970732,11,0.00216562,3,0.062678,0.109933,0.015422,0.937606,0.890616,0.984595,0.940396,0.895089,0.985703,0.030482,0.006620,0.044495,0.008183,0.050000,5,0,14
horse_circle,basic,675,2152.154,0.201429,0.894148,0.815240,0.973056,11,0.00353565,3,0.056512,0.100911,0.012113,0.943389,0.898929,0.987850,0.941175,0.897507,0.984842,0.027994,0.005491,0.041904,0.007671,0.050000,5,0,14
horse_circle,basic,700,2246.311,0.202796,0.895421,0.818014,0.972828,11,0.00076528,2,0.060675,0.107980,0.013370,0.940082,0.893545,0.986619,0.946089,0.906343,0.985835,0.029878,0.006125,0.041377,0.008042,0.050000,5,0,14
horse_circle,basic,725,2260.252,0.195194,0.898674,0.823366,0.973983,11,0.00069327,1,0.058838,0.102586,0.015091,0.941719,0.898472,0.984965,0.948256,0.907831,0.988681,0.028477,0.006518,0.040084,0.007321,0.050000,5,0,14
horse_circle,basic,750,2352.747,0.198013,0.896611,0.818712,0.974509,11,0.00037275,1,0.057868,0.100446,0.015290,0.942238,0.899694,0.984782,0.945179,0.900949,0.989410,0.027911,0.006851,0.041113,0.007423,0.050000,5,0,14
horse_circle,basic,775,2366.542,0.199138,0.897149,0.822480,0.971819,11,0.00028178,1,0.058357,0.099702,0.017011,0.941897,0.900713,0.983080,0.946417,0.904483,0.988351,0.027702,0.007650,0.040421,0.008217,0.050000,5,0,14
horse_circle,basic,800,2460.040,0.201799,0.895976,0.825129,0.966823,11,0.00017576,2,0.057612,0.097749,0.017474,0.942571,0.902595,0.982547,0.944751,0.905785,0.983717,0.027229,0.007913,0.039763,0.009891,0.050000,5,0,14
horse_circle,basic,825,2473.665,0.199596,0.897636,0.828446,0.966827,11,0.00026781,4,0.059073,0.100539,0.017607,0.941549,0.900680,0.982419,0.947793,0.911737,0.983850,0.027987,0.007764,0.038913,0.009681,0.050000,5,0,14
horse_circle,basic,850,2566.818,0.197200,0.898683,0.825369,0.971998,11,0.00005918,2,0.059965,0.103516,0.016415,0.940801,0.897946,0.983656,0.949380,0.910807,0.987953,0.028850,0.007161,0.039605,0.008109,0.050000,5,0,14
horse_circle,basic,875,2580.480,0.194052,0.900828,0.829130,0.972525,11,0.00013698,2,0.058501,0.102772,0.014231,0.942368,0.898958,0.985778,0.950353,0.914342,0.986365,0.028838,0.006447,0.039006,0.008003,0.050000,5,0,14
horse_circle,basic,900,2674.575,0.188286,0.902362,0.829425,0.975299,11,0.00001715,2,0.057700,0.102493,0.012907,0.943158,0.899213,0.987103,0.951161,0.914435,0.987887,0.028490,0.005594,0.038759,0.006956,0.050000,5,0,14
horse_circle,basic,925,2688.535,0.188202,0.904097,0.830144,0.978049,11,0.00008578,1,0.058251,0.103330,0.013172,0.942752,0.898622,0.986882,0.953427,0.915923,0.990932,0.029053,0.006118,0.038723,0.006406,0.050000,5,0,14
horse_circle,basic,950,2778.963,0.191367,0.902247,0.829168,0.975326,11,0.00001396,1,0.059611,0.105190,0.014032,0.941521,0.897032,0.986010,0.952700,0.916388,0.989012,0.029367,0.006117,0.039063,0.006981,0.050000,5,0,14
horse_circle,basic,975,2792.870,0.190146,0.902215,0.830368,0.974061,11,0.00013694,2,0.058092,0.103144,0.013039,0.942877,0.898795,0.986958,0.951389,0.916016,0.986762,0.028875,0.005761,0.038600,0.007432,0.050000,5,0,14
horse_circle,basic,1000,2887.815,0.220017,0.880757,0.789016,0.972498,10,0.00002224,1,0.057865,0.102493,0.013238,0.940670,0.894596,0.986744,0.927628,0.869885,0.985372,0.028616,0.005855,0.048215,0.007883,0.050000,5,0,15
horse_circle,basic,1025,2900.452,0.206876,0.895223,0.818273,0.972173,10,0.00001679,2,0.065013,0.116722,0.013304,0.936704,0.886733,0.986675,0.949445,0.913783,0.985107,0.032334,0.005859,0.041899,0.007959,0.050000,5,0,15
horse_circle,basic,1050,2986.530,0.222425,0.885487,0.803902,0.967072,9,0.00002014,3,0.064310,0.115513,0.013106,0.936344,0.885888,0.986800,0.938255,0.896763,0.979746,0.032305,0.005760,0.045602,0.009502,0.050000,5,0,16
horse_circle,basic,1075,2998.212,0.215456,0.888642,0.811672,0.965612,9,0.00006503,2,0.060816,0.109189,0.012444,0.939634,0.891837,0.987431,0.938963,0.900298,0.977628,0.030625,0.005545,0.043539,0.010180,0.050000,5,0,16
horse_circle,basic,1100,3078.383,0.199068,0.894759,0.817386,0.972131,9,0.00004888,2,0.057294,0.105190,0.009399,0.943108,0.895703,0.990512,0.942318,0.903367,0.981268,0.029307,0.003911,0.041847,0.007888,0.050000,5,0,16
horse_circle,basic,1125,3090.084,0.195795,0.895853,0.822089,0.969617,9,0.00010134,2,0.055070,0.101469,0.008671,0.945223,0.899233,0.991212,0.941765,0.905506,0.978025,0.028111,0.003804,0.040516,0.008768,0.050000,5,0,16
horse_circle,basic,1150,3169.669,0.194644,0.897396,0.824806,0.969986,9,0.00004322,1,0.054686,0.101562,0.007810,0.945765,0.899457,0.992074,0.943068,0.908575,0.977562,0.028445,0.003633,0.039983,0.008849,0.050000,5,0,16
horse_circle,basic,1175,3181.337,0.189264,0.898568,0.825679,0.971457,9,0.00003671,1,0.051857,0.099609,0.004104,0.948473,0.901135,0.995811,0.941684,0.907924,0.975443,0.027652,0.002150,0.039731,0.008448,0.050000,5,0,16
horse_circle,basic,1200,3260.028,0.198077,0.897273,0.822220,0.972326,9,0.00006825,2,0.057232,0.107515,0.006950,0.943676,0.894400,0.992952,0.944853,0.910621,0.979084,0.030013,0.003513,0.040935,0.008311,0.050000,5,0,16
cat_face_bass,basic,1,1.400,1.255568,0.156907,0.189697,0.124116,20,0.00019250,0,0.162589,0.112745,0.212434,0.533243,0.651838,0.414649,0.180784,0.211084,0.150483,0.027994,0.048116,0.182323,0.198100,0.050000,0,0,0
cat_face_bass,basic,25,27.838,0.981256,0.272606,0.298704,0.246508,20,0.00000069,1,0.087846,0.057323,0.118368,0.772998,0.846381,0.699615,0.295756,0.315826,0.275686,0.014034,0.026551,0.149813,0.156980,0.050000,0,0,0
cat_face_bass,basic,50,202.852,0.752208,0.430779,0.435368,0.426190,20,0.00034587,0,0.067274,0.040916,0.093631,0.874955,0.917190,0.832720,0.459638,0.453181,0.466095,0.009851,0.020961,0.118494,0.116756,0.050000,3,0,3
cat_face_bass,basic,75,229.547,0.569363,0.569912,0.546197,0.593627,20,0.00002554,1,0.058782,0.041617,0.075947,0.912783,0.931837,0.893730,0.603819,0.568928,0.638711,0.010141,0.016769,0.095337,0.080990,0.050000,3,0,3
cat_face_bass,basic,100,400.623,0.407144,0.687611,0.637300,0.737922,17,0.00032377,0,0.040016,0.049220,0.030813,0.946254,0.931438,0.961069,0.714664,0.668667,0.760660,0.011925,0.006723,0.076358,0.049957,0.050000,3,0,6
cat_face_bass,basic,125,423.659,0.320758,0.755284,0.711498,0.799070,17,0.00059604,1,0.036146,0.045818,0.026473,0.955365,0.941996,0.968734,0.782161,0.744098,0.820224,0.011151,0.005650,0.060540,0.037840,0.050000,3,0,6
cat_face_bass,basic,150,574.592,0.276118,0.784436,0.746748,0.822125,15,0.00049229,1,0.028063,0.038115,0.018010,0.966035,0.953137,0.978934,0.806071,0.775210,0.836932,0.009008,0.003659,0.052477,0.033113,0.050000,4,0,9
cat_face_bass,basic,175,595.798,0.247507,0.807296,0.773978,0.840614,15,0.00017721,1,0.025474,0.032613,0.018336,0.969912,0.960794,0.979030,0.827623,0.799220,0.856027,0.007785,0.003941,0.046731,0.029867,0.050000,4,0,9
cat_face_bass,basic,200,737.149,0.212797,0.835976,0.803104,0.868847,15,0.00012681,1,0.024874,0.031413,0.018336,0.971580,0.963463,0.979697,0.856555,0.828331,0.884778,0.007583,0.003982,0.040576,0.024545,0.050000,4,0,9
cat_face_bass,basic,225,758.315,0.181144,0.863120,0.832864,0.893376,15,0.00028488,1,0.026882,0.030112,0.023652,0.970441,0.966092,0.974789,0.886224,0.857943,0.914506,0.007316,0.005012,0.034369,0.019782,0.050000,4,0,9
cat_face_bass,basic,250,900.314,0.175274,0.867369,0.848411,0.886327,13,0.00036080,1,0.025388,0.029512,0.021265,0.972182,0.967317,0.977046,0.889312,0.873449,0.905175,0.007137,0.004759,0.031070,0.021323,0.050000,4,0,11
cat_face_bass,basic,275,918.509,0.153697,0.883855,0.863641,0.904069,13,0.00048775,1,0.025288,0.029312,0.021265,0.972783,0.968079,0.977487,0.906125,0.888956,0.923294,0.006879,0.004551,0.027634,0.017769,0.050000,4,0,11
cat_face_bass,basic,300,1042.749,0.159367,0.877454,0.846731,0.908177,11,0.00025261,2,0.020842,0.026711,0.014972,0.977104,0.970191,0.984017,0.895561,0.869348,0.921775,0.006374,0.003217,0.031271,0.016997,0.050000,4,0,13
cat_face_bass,basic,325,1058.450,0.150516,0.884357,0.854376,0.914338,11,0.00027640,2,0.020474,0.027711,0.013236,0.977660,0.969406,0.985914,0.902246,0.878051,0.926440,0.006531,0.002761,0.029684,0.015777,0.050000,4,0,13
cat_face_bass,basic,350,1164.197,0.150763,0.885048,0.856378,0.913718,11,0.00049610,3,0.021433,0.028111,0.014755,0.976698,0.969060,0.984335,0.903826,0.880452,0.927200,0.006665,0.003189,0.029254,0.015957,0.050000,4,0,13
cat_face_bass,basic,375,1179.874,0.147367,0.886815,0.857838,0.915792,11,0.00037949,2,0.020052,0.027411,0.012694,0.978167,0.969837,0.986497,0.904385,0.881353,0.927417,0.006482,0.002713,0.029004,0.015433,0.050000,4,0,13
cat_face_bass,basic,400,1285.653,0.149340,0.886748,0.860045,0.913452,11,0.00026636,3,0.022359,0.029312,0.015406,0.975806,0.967950,0.983661,0.906390,0.885254,0.927525,0.007048,0.003235,0.028683,0.015894,0.050000,4,0,13
cat_face_bass,basic,425,1301.363,0.144351,0.889733,0.863557,0.915909,11,0.00080873,4,0.020658,0.027211,0.014104,0.977640,0.970237,0.985042,0.907941,0.887055,0.928827,0.006425,0.003000,0.027733,0.015482,0.050000,4,0,13
cat_face_bass,basic,450,1408.291,0.149336,0.885998,0.861598,0.910398,11,0.00080533,3,0.021990,0.032913,0.011067,0.976228,0.964336,0.988120,0.905215,0.889956,0.920473,0.007733,0.002259,0.028155,0.016440,0.050000,4,0,13
cat_face_bass,basic,475,1424.013,0.145910,0.890055,0.869215,0.910894,11,0.00151290,3,0.021469,0.031112,0.011826,0.976891,0.966451,0.987331,0.908962,0.896259,0.921666,0.007606,0.002486,0.026767,0.016471,0.050000,4,0,13
cat_face_bass,basic,500,1530.218,0.148881,0.886795,0.867073,0.906518,11,0.00093676,5,0.023428,0.034814,0.012043,0.974846,0.962649,0.987043,0.907347,0.897259,0.917435,0.008102,0.002506,0.026874,0.017231,0.050000,4,0,13
cat_face_bass,basic,525,1546.022,0.146455,0.890055,0.871827,0.908282,11,0.00079141,4,0.024550,0.036515,0.012585,0.973831,0.961162,0.986501,0.911688,0.903661,0.919714,0.008585,0.002655,0.026041,0.016973,0.050000,4,0,13
cat_face_bass,basic,550,1653.122,0.163992,0.876039,0.854440,0.897639,10,0.00008651,5,0.025910,0.036415,0.015406,0.971941,0.960503,0.983378,0.898511,0.885554,0.911468,0.008808,0.003165,0.029762,0.018895,0.050000,4,0,14
cat_face_bass,basic,575,1667.410,0.146396,0.891525,0.869067,0.913983,10,0.00009519,2,0.026610,0.039116,0.014104,0.971747,0.958484,0.985011,0.914968,0.903061,0.926874,0.009409,0.002916,0.026798,0.015816,0.050000,4,0,14
cat_face_bass,basic,600,1764.677,0.167590,0.872820,0.862039,0.883602,8,0.00005848,2,0.026570,0.036214,0.016925,0.971275,0.961038,0.981512,0.895907,0.893257,0.898557,0.008645,0.003502,0.028187,0.021589,0.050000,4,0,16
cat_face_bass,basic,625,1776.212,0.145540,0.891584,0.880239,0.902929,8,0.00030840,1,0.026590,0.038315,0.014864,0.971901,0.959765,0.984038,0.915158,0.913966,0.916350,0.009162,0.003178,0.024376,0.017895,0.050000,4,0,16
cat_face_bass,basic,650,1854.764,0.150761,0.885893,0.879177,0.892609,7,0.00006199,1,0.025068,0.035814,0.014321,0.973294,0.962160,0.984428,0.908028,0.910664,0.905392,0.008680,0.003030,0.024631,0.019753,0.050000,4,0,17
cat_face_bass,basic,675,1864.793,0.142447,0.894343,0.883883,0.904802,7,0.00002017,0,0.026796,0.034714,0.018878,0.971682,0.963431,0.979933,0.918225,0.914566,0.921883,0.008410,0.004067,0.023628,0.017612,0.050000,4,0,17
cat_face_bass,basic,700,1933.859,0.134702,0.900105,0.885587,0.914624,7,0.00000908,0,0.025708,0.033513,0.017902,0.972906,0.964677,0.981134,0.923132,0.915266,0.930997,0.008074,0.003713,0.023361,0.015644,0.050000,4,0,17
cat_face_bass,basic,725,1943.789,0.130480,0.903427,0.888943,0.917910,7,0.00000462,0,0.025449,0.033213,0.017685,0.973260,0.965100,0.981420,0.926305,0.918467,0.934143,0.008044,0.003739,0.022621,0.014980,0.050000,4,0,17
cat_face_bass,basic,750,2011.751,0.126086,0.907149,0.892172,0.922125,7,0.00000843,0,0.024823,0.032613,0.017034,0.973986,0.965810,0.982161,0.929550,0.921269,0.937832,0.007827,0.003659,0.021910,0.014373,0.050000,4,0,17
cat_face_bass,basic,775,2021.681,0.122466,0.909475,0.894865,0.924086,7,0.00000982,0,0.024044,0.030512,0.017576,0.974812,0.967972,0.981651,0.931248,0.922169,0.940328,0.007427,0.003675,0.021460,0.013809,0.050000,4,0,17
cat_face_bass,basic,800,2089.687,0.118324,0.911562,0.899086,0.924038,7,0.00000118,0,0.022263,0.029012,0.015515,0.976665,0.969595,0.983735,0.931772,0.925170,0.938375,0.006999,0.003197,0.020590,0.013753,0.050000,4,0,17
cat_face_bass,basic,825,2099.580,0.113447,0.914184,0.902874,0.925494,7,0.00002508,0,0.020942,0.026911,0.014972,0.978053,0.971794,0.984311,0.933261,0.927171,0.939351,0.006373,0.003063,0.019605,0.013486,0.050000,4,0,17
cat_face_bass,basic,850,2166.942,0.112387,0.915341,0.902546,0.928136,7,0.00005148,1,0.020024,0.025510,0.014538,0.978986,0.973178,0.984795,0.933600,0.925570,0.941630,0.006229,0.003073,0.019683,0.013116,0.050000,4,0,17
cat_face_bass,basic,875,2176.763,0.109729,0.916333,0.903528,0.929138,7,0.00009873,1,0.019327,0.026611,0.012043,0.979733,0.972112,0.987355,0.933949,0.927571,0.940328,0.006240,0.002467,0.019337,0.012863,0.050000,4,0,17
cat_face_bass,basic,900,2244.799,0.109655,0.916212,0.904381,0.928043,7,0.00000502,1,0.018514,0.025310,0.011717,0.980552,0.973430,0.987674,0.933094,0.927271,0.938917,0.006073,0.002293,0.019348,0.013020,0.050000,4,0,17
cat_face_bass,basic,925,2254.687,0.107058,0.917728,0.905351,0.930105,7,0.00005513,1,0.018417,0.026311,0.010524,0.980695,0.972464,0.988927,0.934533,0.929172,0.939894,0.006153,0.001975,0.018977,0.012633,0.050000,4,0,17
cat_face_bass,basic,950,2321.176,0.105657,0.918923,0.907326,0.930520,7,0.00004607,1,0.017909,0.025510,0.010307,0.981235,0.973315,0.989155,0.935291,0.930472,0.940111,0.006127,0.001949,0.018664,0.012506,0.050000,4,0,17
cat_face_bass,basic,975,2331.019,0.105843,0.919481,0.907791,0.931171,7,0.00004005,1,0.019463,0.028511,0.010416,0.979710,0.970368,0.989051,0.937272,0.933673,0.940870,0.006780,0.002008,0.018480,0.012398,0.050000,4,0,17
cat_face_bass,basic,1000,2398.349,0.108307,0.918740,0.906859,0.930620,7,0.00005603,1,0.020655,0.031112,0.010199,0.978533,0.967799,0.989268,0.937592,0.935074,0.940111,0.007465,0.002060,0.018750,0.012577,0.050000,4,0,17
cat_face_bass,basic,1025,2408.132,0.109776,0.917498,0.905820,0.929177,7,0.00004576,1,0.021240,0.031413,0.011067,0.977914,0.967471,0.988357,0.936867,0.934274,0.939460,0.007513,0.002137,0.018920,0.012836,0.050000,4,0,17
cat_face_bass,basic,1050,2474.651,0.109935,0.917586,0.907872,0.927300,7,0.00001039,1,0.020619,0.029412,0.011826,0.978521,0.969489,0.987553,0.936420,0.934574,0.938266,0.007064,0.002423,0.018609,0.013290,0.050000,4,0,17
cat_face_bass,basic,1075,2484.416,0.108165,0.917755,0.906861,0.928648,7,0.00003433,1,0.018784,0.027911,0.009656,0.980367,0.970928,0.989806,0.934894,0.932173,0.937615,0.006793,0.001889,0.018748,0.012958,0.050000,4,0,17
cat_face_bass,basic,1100,2551.669,0.108971,0.917456,0.908074,0.926837,7,0.00001129,0,0.019142,0.028411,0.009873,0.980018,0.970475,0.989562,0.934931,0.933874,0.935988,0.006811,0.002008,0.018550,0.013361,0.050000,4,0,17
cat_face_bass,basic,1125,2561.464,0.107054,0.918582,0.908684,0.928479,7,0.00008501,0,0.018200,0.027611,0.008788,0.980992,0.971280,0.990705,0.935206,0.933774,0.936639,0.006691,0.001781,0.018385,0.013044,0.050000,4,0,17
cat_face_bass,basic,1150,2625.411,0.107199,0.918831,0.908437,0.929224,7,0.00004519,0,0.018946,0.029212,0.008680,0.980264,0.969703,0.990825,0.936132,0.934974,0.937290,0.006973,0.001797,0.018389,0.012948,0.050000,4,0,17
cat_face_bass,basic,1175,2635.064,0.107622,0.918951,0.908393,0.929509,7,0.00004039,0,0.018975,0.029812,0.008137,0.980254,0.969116,0.991391,0.936273,0.935474,0.937073,0.007207,0.001752,0.018466,0.012919,0.050000,4,0,17
cat_face_bass,basic,1200,2701.082,0.108093,0.918295,0.908694,0.927896,7,0.00004106,0,0.019784,0.029912,0.009656,0.979413,0.969028,0.989798,0.936365,0.935874,0.936856,0.007219,0.001863,0.018407,0.013074,0.050000,4,0,17
cat_face_bass,basic,1225,2710.665,0.107513,0.918236,0.908852,0.927619,7,0.00003181,0,0.019150,0.029512,0.008788,0.980060,0.969424,0.990696,0.935723,0.935674,0.935771,0.007040,0.001743,0.018273,0.013165,0.050000,4,0,17
cat_face_bass,basic,1250,2777.010,0.108230,0.918450,0.908481,0.928418,7,0.00005765,0,0.018816,0.029712,0.007920,0.980412,0.969216,0.991607,0.935623,0.935474,0.935771,0.007192,0.001628,0.018517,0.013136,0.050000,4,0,17
water_fire,basic,1,1.420,0.721905,0.285406,0.264819,0.305994,20,0.00017358,0,0.193571,0.180171,0.206971,0.637590,0.634321,0.640860,0.340929,0.312531,0.369326,0.024248,0.030491,0.104397,0.108828,0.050000,0,0,0
water_fire,basic,25,27.439,0.468361,0.470978,0.457935,0.484020,20,0.00014587,1,0.087992,0.070793,0.105190,0.854757,0.873842,0.835673,0.512644,0.490354,0.534934,0.009351,0.015447,0.069589,0.074098,0.050000,0,0,0
water_fire,basic,50,198.857,0.287202,0.675128,0.685978,0.664279,21,0.00006870,1,0.067598,0.054018,0.081177,0.914467,0.930484,0.898450,0.720618,0.723033,0.718203,0.006946,0.011902,0.039327,0.046966,0.050000,2,1,2
water_fire,basic,75,225.593,0.209645,0.767208,0.778312,0.756105,21,0.00014818,0,0.062926,0.047307,0.078544,0.928647,0.945147,0.912147,0.815312,0.815132,0.815492,0.006080,0.011374,0.027453,0.033667,0.050000,2,1,2
water_fire,basic,100,395.769,0.178735,0.805173,0.818997,0.791349,19,0.00027315,1,0.062693,0.047307,0.078079,0.931942,0.947729,0.916154,0.855440,0.857742,0.853137,0.006016,0.011263,0.022220,0.028656,0.050000,2,1,4
water_fire,basic,125,420.320,0.159422,0.827955,0.856428,0.799483,19,0.00001662,1,0.058261,0.038752,0.077769,0.937737,0.958258,0.917216,0.875637,0.889616,0.861658,0.004924,0.011261,0.017534,0.027510,0.050000,2,1,4
water_fire,basic,150,590.488,0.139307,0.845145,0.873443,0.816848,19,0.00001096,0,0.044967,0.023318,0.066615,0.951774,0.974575,0.928973,0.882536,0.893810,0.871263,0.002928,0.009557,0.015274,0.024916,0.050000,2,1,4
water_fire,basic,175,615.330,0.129574,0.855153,0.885389,0.824916,19,0.00008711,1,0.040863,0.017279,0.064446,0.956400,0.981177,0.931624,0.889383,0.900688,0.878079,0.002010,0.009414,0.013660,0.023799,0.050000,2,1,4
water_fire,basic,200,777.360,0.122195,0.862622,0.888889,0.836356,17,0.00003208,0,0.037719,0.016105,0.059334,0.959858,0.982482,0.937234,0.894592,0.903204,0.885980,0.001939,0.008617,0.013332,0.022114,0.050000,2,1,6
water_fire,basic,225,799.368,0.115045,0.868920,0.896911,0.840929,17,0.00004944,0,0.034595,0.015434,0.053757,0.963071,0.983336,0.942805,0.898444,0.910753,0.886135,0.001819,0.007716,0.012256,0.021314,0.050000,2,1,6
water_fire,basic,250,950.185,0.109312,0.874594,0.898196,0.850991,16,0.00027054,1,0.030180,0.013421,0.046940,0.967710,0.985470,0.949950,0.900594,0.910250,0.890937,0.001639,0.006777,0.012232,0.019934,0.050000,2,1,7
water_fire,basic,275,971.601,0.105330,0.876751,0.902778,0.850724,16,0.00011115,1,0.026198,0.014595,0.037800,0.971630,0.984316,0.958943,0.899418,0.915954,0.882881,0.001706,0.005495,0.011576,0.019908,0.050000,2,1,7
water_fire,basic,300,1118.523,0.104867,0.874596,0.893874,0.855319,14,0.00015510,1,0.022196,0.013253,0.031139,0.975738,0.985579,0.965898,0.893836,0.905721,0.881952,0.001685,0.004494,0.012776,0.019054,0.050000,2,1,9
water_fire,basic,325,1137.415,0.095543,0.884454,0.896112,0.872796,14,0.00021445,1,0.020988,0.014092,0.027885,0.977292,0.984730,0.969854,0.902937,0.908740,0.897134,0.001608,0.003915,0.012378,0.016658,0.050000,2,1,9
water_fire,basic,350,1265.849,0.091108,0.890766,0.899189,0.882344,13,0.00016948,1,0.020885,0.013421,0.028350,0.977594,0.985486,0.969702,0.909308,0.911257,0.907359,0.001593,0.004033,0.012049,0.015468,0.050000,2,1,10
water_fire,basic,375,1283.471,0.092774,0.887245,0.893347,0.881143,13,0.00010490,0,0.020291,0.016105,0.024477,0.978084,0.982568,0.973601,0.905222,0.907734,0.902711,0.001924,0.003423,0.012746,0.015481,0.050000,2,1,10
water_fire,basic,400,1404.045,0.087345,0.894591,0.899571,0.889611,13,0.00009185,0,0.020039,0.015601,0.024477,0.978528,0.983210,0.973845,0.912496,0.913605,0.911387,0.001980,0.003397,0.012111,0.014294,0.050000,2,1,10
water_fire,basic,425,1421.648,0.082949,0.898431,0.902874,0.893988,13,0.00010704,0,0.019265,0.015601,0.022928,0.979406,0.983270,0.975541,0.915723,0.916960,0.914485,0.001782,0.003173,0.011454,0.013693,0.050000,2,1,10
water_fire,basic,450,1539.926,0.083324,0.899619,0.904542,0.894697,13,0.00013361,0,0.019116,0.015769,0.022463,0.979580,0.983127,0.976033,0.916800,0.918806,0.914795,0.002011,0.003210,0.011461,0.013672,0.050000,2,1,10
water_fire,basic,475,1557.018,0.084645,0.897740,0.901086,0.894393,13,0.00018217,0,0.019406,0.019292,0.019520,0.979235,0.979428,0.979042,0.915161,0.918470,0.911851,0.002469,0.002728,0.011904,0.013670,0.050000,2,1,10
water_fire,basic,500,1674.901,0.081417,0.900615,0.905682,0.895547,12,0.00022104,0,0.015779,0.015601,0.015957,0.983043,0.983321,0.982764,0.914825,0.919812,0.909837,0.002022,0.002253,0.011382,0.013567,0.050000,2,1,11
water_fire,basic,525,1691.217,0.082716,0.898590,0.902540,0.894641,12,0.00015869,1,0.017392,0.017279,0.017506,0.981330,0.981528,0.981132,0.914218,0.918135,0.910302,0.002039,0.002428,0.011636,0.013666,0.050000,2,1,11
water_fire,basic,550,1800.870,0.079393,0.901255,0.905444,0.897066,11,0.00010254,1,0.013308,0.007717,0.018900,0.985677,0.991613,0.979741,0.913225,0.912431,0.914020,0.000892,0.002688,0.011229,0.013422,0.050000,2,1,12
water_fire,basic,575,1816.301,0.077998,0.901517,0.903446,0.899589,11,0.00013557,1,0.012224,0.007717,0.016731,0.986816,0.991595,0.982036,0.912529,0.910418,0.914640,0.000909,0.002240,0.011510,0.012883,0.050000,2,1,12
water_fire,basic,600,1919.832,0.076281,0.903322,0.903881,0.902763,11,0.00007666,1,0.010959,0.007046,0.014872,0.988173,0.992319,0.984027,0.913219,0.910250,0.916189,0.000826,0.002083,0.011386,0.012568,0.050000,2,1,12
water_fire,basic,625,1935.262,0.074305,0.907375,0.910589,0.904160,11,0.00015288,0,0.012140,0.007549,0.016731,0.986982,0.991839,0.982125,0.918375,0.917464,0.919287,0.000913,0.002299,0.010761,0.012366,0.050000,2,1,12
water_fire,basic,650,2039.162,0.075659,0.905652,0.906172,0.905132,11,0.00015858,0,0.012869,0.008388,0.017351,0.986205,0.990904,0.981506,0.917305,0.913773,0.920837,0.000941,0.002458,0.011172,0.012312,0.050000,2,1,12
water_fire,basic,675,2054.514,0.076139,0.904002,0.905594,0.902409,11,0.00008401,2,0.011753,0.007549,0.015957,0.987344,0.991794,0.982893,0.914620,0.912431,0.916809,0.000845,0.002293,0.011179,0.012611,0.050000,2,1,12
water_fire,basic,700,2159.268,0.086624,0.889513,0.898751,0.880275,10,0.00016240,1,0.010275,0.007381,0.013168,0.988682,0.991913,0.985450,0.898626,0.905385,0.891867,0.000891,0.001738,0.012028,0.015495,0.050000,2,1,13
water_fire,basic,725,2173.301,0.085589,0.897693,0.910497,0.884888,10,0.00021631,2,0.018292,0.008388,0.028195,0.980445,0.990947,0.969942,0.913986,0.918135,0.909837,0.000991,0.004196,0.010687,0.015199,0.050000,2,1,13
water_fire,basic,750,2267.860,0.094802,0.884407,0.892667,0.876147,9,0.00019559,1,0.017989,0.006543,0.029435,0.980584,0.992771,0.968397,0.900222,0.898507,0.901936,0.000766,0.004158,0.012910,0.016184,0.050000,2,1,14
water_fire,basic,775,2280.559,0.087522,0.895046,0.904857,0.885236,9,0.00026935,0,0.019672,0.012079,0.027266,0.978936,0.986982,0.970890,0.912579,0.915786,0.909373,0.001501,0.003873,0.011413,0.015011,0.050000,2,1,14
water_fire,basic,800,2366.814,0.088018,0.893594,0.910195,0.876992,9,0.00006824,0,0.019466,0.008723,0.030209,0.979117,0.990588,0.967646,0.910810,0.918135,0.903486,0.001033,0.004194,0.010664,0.016046,0.050000,2,1,14
water_fire,basic,825,2379.158,0.079925,0.899607,0.903645,0.895570,9,0.00014288,0,0.012857,0.008052,0.017661,0.986114,0.991238,0.980990,0.911154,0.910921,0.911387,0.000860,0.002464,0.011366,0.013581,0.050000,2,1,14
water_fire,basic,850,2465.195,0.079926,0.898633,0.898257,0.899008,9,0.00004030,1,0.013114,0.010736,0.015492,0.985813,0.988313,0.983314,0.910419,0.907901,0.912936,0.001279,0.001944,0.012133,0.012888,0.050000,2,1,14
water_fire,basic,875,2477.747,0.076452,0.903536,0.901226,0.905845,9,0.00014557,0,0.013714,0.012246,0.015182,0.985256,0.986754,0.983759,0.915930,0.912263,0.919597,0.001491,0.001897,0.011785,0.011971,0.050000,2,1,14
water_fire,basic,900,2562.786,0.075937,0.905081,0.902282,0.907881,9,0.00009498,0,0.013494,0.014595,0.012393,0.985501,0.984307,0.986695,0.917291,0.915450,0.919132,0.001798,0.001657,0.011717,0.011845,0.050000,2,1,14
water_fire,basic,925,2575.396,0.075514,0.904919,0.901108,0.908730,9,0.00010495,0,0.013875,0.014427,0.013323,0.985100,0.984463,0.985738,0.917472,0.914108,0.920837,0.001772,0.001686,0.011845,0.011573,0.050000,2,1,14
water_fire,basic,950,2660.123,0.075186,0.905256,0.901769,0.908744,9,0.00010339,0,0.013953,0.014427,0.013478,0.985025,0.984474,0.985577,0.917885,0.914779,0.920991,0.001772,0.001704,0.011731,0.011569,0.050000,2,1,14
water_fire,basic,975,2672.606,0.076250,0.905498,0.897195,0.913801,9,0.00010275,0,0.015120,0.016608,0.013633,0.983806,0.982117,0.985495,0.919177,0.912095,0.926259,0.002066,0.001827,0.012369,0.011077,0.050000,2,1,14
water_fire,basic,1000,2757.808,0.075219,0.905507,0.897030,0.913985,9,0.00008482,0,0.016205,0.016608,0.015802,0.982689,0.982114,0.983265,0.920178,0.911928,0.928428,0.001890,0.002003,0.012261,0.010846,0.050000,2,1,14
acm_scf,basic,1,1.402,1.260056,0.190821,0.151570,0.230071,20,0.00000000,0,0.212629,0.093992,0.331265,0.559317,0.638225,0.480410,0.236051,0.165817,0.306286,0.034612,0.046126,0.253811,0.125838,0.050000,0,0,0
acm_scf,basic,25,26.797,1.004623,0.285657,0.223962,0.347352,20,0.00000000,0,0.110991,0.037981,0.184000,0.775228,0.859563,0.690894,0.321867,0.232469,0.411265,0.013871,0.025420,0.220435,0.094794,0.050000,0,0,0
acm_scf,basic,50,205.856,0.903957,0.360180,0.282965,0.437396,22,0.00006100,1,0.104486,0.032809,0.176163,0.821993,0.899068,0.744917,0.403349,0.292249,0.514449,0.011696,0.024230,0.202514,0.080827,0.050000,3,0,1
acm_scf,basic,75,234.905,0.820339,0.421394,0.331752,0.511036,22,0.00001381,1,0.094508,0.027710,0.161306,0.855560,0.924835,0.786286,0.467207,0.340944,0.593469,0.010077,0.022254,0.187973,0.069304,0.050000,3,0,1
acm_scf,basic,100,432.113,0.742077,0.485016,0.388777,0.581254,25,0.00002462,1,0.094073,0.029779,0.158367,0.870174,0.930768,0.809580,0.536830,0.400355,0.673306,0.010773,0.021916,0.172052,0.058956,0.050000,6,0,1
acm_scf,basic,125,465.103,0.679359,0.527845,0.440930,0.614760,25,0.00014649,2,0.094577,0.023276,0.165878,0.881501,0.950942,0.812061,0.583964,0.451193,0.716735,0.008306,0.022872,0.156383,0.054447,0.050000,6,0,1
acm_scf,basic,150,691.224,0.618673,0.575601,0.489783,0.661418,27,0.00000679,1,0.097553,0.023350,0.171755,0.887038,0.955487,0.818589,0.638120,0.501219,0.775020,0.008363,0.023540,0.142507,0.047764,0.050000,9,0,2
acm_scf,basic,175,726.806,0.569329,0.615225,0.533868,0.696581,27,0.00002326,1,0.103247,0.022168,0.184327,0.889168,0.960963,0.817373,0.685341,0.545703,0.824980,0.008084,0.025295,0.130052,0.043030,0.050000,9,0,2
acm_scf,basic,200,951.944,0.523720,0.647513,0.570860,0.724167,26,0.00000107,0,0.100578,0.020912,0.180245,0.895601,0.965361,0.825840,0.718746,0.582798,0.854694,0.007468,0.025024,0.119482,0.038845,0.050000,10,0,4
acm_scf,basic,225,986.006,0.492044,0.673000,0.611039,0.734961,26,0.00009323,0,0.110531,0.024163,0.196898,0.889965,0.962824,0.817106,0.752739,0.625804,0.879673,0.008546,0.027041,0.108532,0.037667,0.050000,10,0,4
acm_scf,basic,250,1214.833,0.450750,0.699971,0.656918,0.743024,26,0.00000048,0,0.111393,0.023276,0.199510,0.891813,0.966532,0.817093,0.781737,0.672209,0.891265,0.008046,0.027791,0.095300,0.037032,0.050000,10,0,4
acm_scf,basic,275,1248.757,0.423790,0.713995,0.694828,0.733162,26,0.00000005,1,0.113156,0.021577,0.204735,0.891162,0.970499,0.811825,0.796543,0.709820,0.883265,0.007615,0.028521,0.084490,0.038705,0.050000,10,0,4
acm_scf,basic,300,1477.773,0.400341,0.726195,0.718684,0.733705,26,0.00000007,1,0.109894,0.019951,0.199837,0.894249,0.973503,0.814994,0.806675,0.733023,0.880327,0.006991,0.027671,0.077843,0.038274,0.050000,10,0,4
acm_scf,basic,325,1511.391,0.378320,0.740449,0.746090,0.734807,26,0.00000047,1,0.112104,0.020616,0.203592,0.893257,0.973639,0.812875,0.822940,0.761472,0.884408,0.007439,0.028225,0.070086,0.038188,0.050000,10,0,4
acm_scf,basic,350,1742.195,0.361042,0.752522,0.768101,0.736942,26,0.00001819,1,0.114054,0.021577,0.206531,0.892371,0.973238,0.811504,0.836909,0.784674,0.889143,0.007701,0.028700,0.064108,0.038035,0.050000,10,0,4
acm_scf,basic,375,1775.222,0.345569,0.763721,0.784345,0.743098,26,0.00000000,0,0.114728,0.028966,0.200490,0.890925,0.965353,0.816497,0.849573,0.807064,0.892082,0.010412,0.027386,0.059879,0.036411,0.050000,10,0,4
acm_scf,basic,400,1998.594,0.328929,0.776789,0.800860,0.752719,26,0.00000000,0,0.108674,0.031553,0.185796,0.895459,0.963212,0.827706,0.859350,0.826129,0.892571,0.011643,0.026022,0.055547,0.035264,0.050000,10,0,4
acm_scf,basic,425,2031.457,0.318132,0.783292,0.810444,0.756141,26,0.00000021,0,0.109229,0.028745,0.189714,0.896256,0.966672,0.825839,0.866666,0.833740,0.899592,0.010240,0.026773,0.052391,0.035147,0.050000,10,0,4
acm_scf,basic,450,2252.539,0.320897,0.781670,0.822815,0.740526,26,0.00000205,0,0.119309,0.028006,0.210612,0.888857,0.967952,0.809763,0.871174,0.845858,0.896490,0.010299,0.029519,0.049178,0.037878,0.050000,10,0,4
acm_scf,basic,475,2284.691,0.320278,0.784244,0.831393,0.737094,26,0.00000000,0,0.127628,0.028153,0.227102,0.883711,0.968114,0.799307,0.879645,0.854799,0.904490,0.010449,0.031875,0.046823,0.038774,0.050000,10,0,4
acm_scf,basic,500,2510.176,0.319148,0.785073,0.830663,0.739482,26,0.00000000,0,0.129363,0.028523,0.230204,0.882873,0.967693,0.798052,0.882035,0.854356,0.909714,0.010310,0.032034,0.046844,0.038367,0.050000,10,0,4
acm_scf,basic,525,2542.632,0.315285,0.786755,0.831486,0.742025,26,0.00000006,0,0.129999,0.026528,0.233469,0.883308,0.969857,0.796760,0.884404,0.853543,0.915265,0.009374,0.032297,0.046331,0.037928,0.050000,10,0,4
acm_scf,basic,550,2764.962,0.309775,0.790141,0.832177,0.748104,26,0.00000021,0,0.124886,0.022833,0.226939,0.887822,0.973876,0.801768,0.884528,0.851179,0.917878,0.008095,0.031846,0.046085,0.037203,0.050000,10,0,4
acm_scf,basic,575,2796.944,0.315850,0.784271,0.827351,0.741190,26,0.00000000,0,0.128063,0.019065,0.237061,0.886228,0.977888,0.794567,0.880011,0.843124,0.916898,0.006452,0.033004,0.047152,0.038403,0.050000,10,0,4
acm_scf,basic,600,3022.221,0.319644,0.780762,0.822731,0.738793,26,0.00000000,0,0.127445,0.012931,0.241959,0.888023,0.984720,0.791326,0.875461,0.833370,0.917551,0.004588,0.033693,0.048482,0.038925,0.050000,10,0,4
acm_scf,basic,625,3054.539,0.334551,0.772742,0.813377,0.732108,26,0.00000000,0,0.134406,0.016404,0.252408,0.882341,0.980543,0.784139,0.871809,0.826720,0.916898,0.005360,0.035263,0.050884,0.040322,0.050000,10,0,4
acm_scf,basic,650,3275.754,0.348132,0.764574,0.808766,0.720382,26,0.00000000,0,0.141538,0.016626,0.266449,0.877070,0.980180,0.773961,0.867269,0.822212,0.912327,0.005528,0.037147,0.052168,0.042539,0.050000,10,0,4
acm_scf,basic,675,3308.422,0.355992,0.760676,0.808945,0.712406,26,0.00000000,0,0.146956,0.016035,0.277878,0.873504,0.980864,0.766145,0.866142,0.821917,0.910367,0.005622,0.038707,0.052364,0.044135,0.050000,10,0,4
acm_scf,basic,700,3528.057,0.363676,0.756941,0.806185,0.707698,26,0.00000000,0,0.151590,0.017956,0.285224,0.869931,0.978588,0.761274,0.865106,0.820661,0.909551,0.006183,0.039654,0.053214,0.045093,0.050000,10,0,4
acm_scf,basic,725,3560.495,0.373818,0.752988,0.801883,0.704093,26,0.00000000,0,0.154398,0.020468,0.288327,0.867203,0.975597,0.758809,0.862699,0.818296,0.907102,0.007380,0.040419,0.054631,0.046075,0.050000,10,0,4
acm_scf,basic,750,3782.744,0.393190,0.744226,0.789671,0.698780,26,0.00000000,0,0.161291,0.024459,0.298122,0.861647,0.970653,0.752642,0.858044,0.808985,0.907102,0.009054,0.041706,0.058529,0.047154,0.050000,10,0,4
acm_scf,basic,775,3815.180,0.399563,0.741493,0.789315,0.693671,26,0.00000202,0,0.167075,0.026232,0.307918,0.857619,0.968631,0.746608,0.858643,0.810020,0.907265,0.009743,0.042923,0.058730,0.048125,0.050000,10,0,4
acm_scf,basic,800,4039.486,0.410011,0.736955,0.775881,0.698030,27,0.00006230,0,0.165694,0.030001,0.301388,0.857348,0.963818,0.750877,0.853783,0.799158,0.908408,0.011084,0.041994,0.062806,0.047311,0.050000,10,1,4
acm_scf,basic,825,4074.100,0.370594,0.754820,0.773502,0.736138,27,0.00009465,0,0.134488,0.023424,0.245551,0.880012,0.971260,0.788764,0.854259,0.791620,0.916898,0.008516,0.034122,0.062796,0.039395,0.050000,10,1,4
acm_scf,basic,850,4305.024,0.362124,0.760979,0.771859,0.750099,27,0.00021871,0,0.129297,0.025124,0.233469,0.883866,0.969225,0.798506,0.858238,0.791251,0.925224,0.009163,0.032134,0.063383,0.036625,0.050000,10,1,4
acm_scf,basic,875,4338.908,0.360233,0.762667,0.777378,0.747956,27,0.00014539,0,0.132092,0.026306,0.237878,0.881838,0.968080,0.795595,0.861853,0.797828,0.925878,0.009416,0.032879,0.061804,0.037091,0.050000,10,1,4
acm_scf,basic,900,4568.204,0.361781,0.764090,0.779169,0.749011,27,0.00014131,0,0.132566,0.026602,0.238531,0.881639,0.967814,0.795464,0.863785,0.799897,0.927673,0.009749,0.033502,0.061510,0.037425,0.050000,10,1,4
acm_scf,basic,925,4602.003,0.361712,0.763295,0.783928,0.742662,27,0.00006617,0,0.137023,0.028006,0.246041,0.878190,0.966416,0.789965,0.865635,0.805882,0.925388,0.010244,0.033973,0.060287,0.038160,0.050000,10,1,4
acm_scf,basic,950,4833.064,0.367200,0.760816,0.775474,0.746159,27,0.00003454,1,0.138333,0.033400,0.243265,0.876119,0.959989,0.792248,0.864524,0.801374,0.927673,0.012031,0.033090,0.062692,0.037140,0.050000,10,1,4
acm_scf,basic,975,4866.854,0.365850,0.763555,0.767025,0.760085,27,0.00004009,1,0.126509,0.030814,0.222204,0.884734,0.962490,0.806978,0.859820,0.790660,0.928980,0.011523,0.031037,0.065368,0.035293,0.050000,10,1,4
acm_scf,basic,1000,5101.716,0.363184,0.764314,0.768393,0.760235,27,0.00001902,1,0.125862,0.031479,0.220245,0.884968,0.961801,0.808135,0.860127,0.792581,0.927673,0.011605,0.030680,0.064778,0.035137,0.050000,10,1,4
siggraph_sigchi,hard,1,1.392,1.012011,0.150333,0.126963,0.173704,20,0.00016185,0,0.466056,0.203275,0.728837,0.360439,0.429077,0.291802,0.226538,0.152771,0.300305,0.042887,0.056541,0.185008,0.102577,0.050000,0,0,0
siggraph_sigchi,hard,25,26.445,0.779154,0.204872,0.156126,0.253619,20,0.00001391,1,0.229354,0.097343,0.361366,0.563145,0.637681,0.488610,0.258296,0.171324,0.345268,0.020354,0.027551,0.163319,0.072443,0.050000,0,0,0
siggraph_sigchi,hard,50,193.540,0.690361,0.262186,0.206052,0.318321,22,0.00000097,1,0.172197,0.074897,0.269498,0.673606,0.747295,0.599918,0.312796,0.221484,0.404108,0.015548,0.020464,0.150499,0.061615,0.050000,3,0,1
siggraph_sigchi,hard,75,220.558,0.599655,0.356757,0.292002,0.421512,22,0.00001495,1,0.153977,0.066766,0.241188,0.753976,0.823494,0.684459,0.417337,0.311498,0.523175,0.013816,0.018199,0.133102,0.050773,0.050000,3,0,1
siggraph_sigchi,hard,100,409.313,0.493822,0.457935,0.419028,0.496843,23,0.00014822,2,0.140744,0.050847,0.230641,0.811292,0.896479,0.726104,0.525885,0.440334,0.611435,0.010483,0.017313,0.107304,0.043370,0.050000,5,1,3
siggraph_sigchi,hard,125,437.927,0.427670,0.514537,0.497259,0.531815,23,0.00031981,0,0.113252,0.044434,0.182070,0.848303,0.921186,0.775419,0.573998,0.519354,0.628643,0.009200,0.013677,0.092261,0.038782,0.050000,5,1,3
siggraph_sigchi,hard,150,616.324,0.386448,0.551718,0.560994,0.542442,23,0.00031272,2,0.104919,0.045809,0.164030,0.860682,0.927576,0.793789,0.609055,0.586693,0.631418,0.009470,0.012291,0.080661,0.037202,0.050000,6,2,5
siggraph_sigchi,hard,175,645.225,0.356828,0.574916,0.609097,0.540735,23,0.00047858,2,0.098622,0.042373,0.154871,0.869359,0.937437,0.801282,0.629693,0.634906,0.624480,0.008741,0.011777,0.071321,0.037251,0.050000,6,2,5
siggraph_sigchi,hard,200,845.832,0.338312,0.599042,0.645739,0.552345,25,0.00022399,3,0.106686,0.041571,0.171801,0.866015,0.941790,0.790241,0.659911,0.672584,0.647238,0.008679,0.013131,0.064783,0.037031,0.050000,8,2,5
siggraph_sigchi,hard,225,877.941,0.319323,0.617346,0.672297,0.562396,25,0.00022862,2,0.103701,0.044205,0.163197,0.870550,0.940761,0.800340,0.678096,0.702016,0.654177,0.009081,0.012456,0.059859,0.035760,0.050000,8,2,5
siggraph_sigchi,hard,250,1090.334,0.305310,0.636842,0.689262,0.584422,25,0.00018747,2,0.106419,0.044091,0.168748,0.872080,0.942270,0.801890,0.701347,0.719652,0.683042,0.009023,0.012770,0.056831,0.033999,0.050000,9,2,6
siggraph_sigchi,hard,275,1122.615,0.285650,0.662704,0.713361,0.612046,25,0.00028062,3,0.107195,0.043976,0.170414,0.876034,0.944243,0.807825,0.730540,0.744732,0.716347,0.009043,0.012943,0.052368,0.031790,0.050000,9,2,6
siggraph_sigchi,hard,300,1346.693,0.272167,0.679714,0.741563,0.617865,25,0.00021163,3,0.119013,0.041800,0.196225,0.869439,0.948671,0.790208,0.755833,0.772561,0.739106,0.008582,0.014960,0.047067,0.031835,0.050000,9,2,6
siggraph_sigchi,hard,325,1379.183,0.262732,0.693629,0.747118,0.640140,25,0.00020336,1,0.116116,0.042945,0.189287,0.874320,0.947764,0.800876,0.770256,0.779203,0.761310,0.008884,0.014489,0.046060,0.029784,0.050000,9,2,6
siggraph_sigchi,hard,350,1597.027,0.251453,0.710771,0.754640,0.666901,25,0.00019475,2,0.113365,0.042716,0.184013,0.879756,0.948509,0.811003,0.788248,0.786876,0.789620,0.008806,0.014269,0.044590,0.027645,0.050000,9,2,6
siggraph_sigchi,hard,375,1628.979,0.241009,0.721913,0.765036,0.678789,25,0.00028668,0,0.111264,0.039624,0.182903,0.883507,0.952544,0.814471,0.799146,0.795350,0.802942,0.008227,0.014071,0.042696,0.026424,0.050000,9,2,6
siggraph_sigchi,hard,400,1846.156,0.235965,0.727264,0.772903,0.681626,25,0.00026475,1,0.110030,0.038823,0.181238,0.885070,0.953878,0.816263,0.804036,0.802909,0.805162,0.008105,0.014006,0.041286,0.026252,0.050000,9,2,6
siggraph_sigchi,hard,425,1878.509,0.235896,0.728857,0.780265,0.677449,25,0.00031794,2,0.115663,0.038708,0.192617,0.880953,0.954417,0.807490,0.809203,0.810467,0.807938,0.008189,0.014988,0.040015,0.026954,0.050000,9,2,6
siggraph_sigchi,hard,450,2094.060,0.237599,0.732788,0.777656,0.687920,25,0.00022673,3,0.122865,0.048672,0.197058,0.875293,0.943679,0.806908,0.819493,0.815506,0.823480,0.009937,0.015214,0.040507,0.026065,0.050000,9,2,6
siggraph_sigchi,hard,475,2126.316,0.236873,0.735005,0.780149,0.689862,25,0.00018850,3,0.125524,0.046496,0.204552,0.874292,0.946118,0.802466,0.823698,0.816422,0.830974,0.009630,0.015924,0.040080,0.026057,0.050000,9,2,6
siggraph_sigchi,hard,500,2347.061,0.239422,0.731361,0.786671,0.676050,25,0.00010596,1,0.132826,0.043060,0.222592,0.868985,0.950139,0.787831,0.823539,0.820545,0.826533,0.009033,0.017301,0.038921,0.027695,0.050000,9,2,6
siggraph_sigchi,hard,525,2378.998,0.236991,0.735900,0.792000,0.679801,25,0.00008520,2,0.135326,0.045007,0.225645,0.867660,0.948425,0.786894,0.830420,0.827645,0.833195,0.009368,0.017623,0.037942,0.027540,0.050000,9,2,6
siggraph_sigchi,hard,550,2596.090,0.233760,0.743065,0.801290,0.684839,25,0.00007951,1,0.139606,0.047183,0.232029,0.865538,0.946763,0.784314,0.841419,0.839098,0.843741,0.009978,0.018186,0.036474,0.027346,0.050000,9,2,6
siggraph_sigchi,hard,575,2628.334,0.231405,0.745495,0.801701,0.689290,25,0.00008235,0,0.140711,0.050504,0.230919,0.864744,0.943425,0.786063,0.845325,0.842190,0.848460,0.010245,0.018183,0.035953,0.026948,0.050000,9,2,6
siggraph_sigchi,hard,600,2846.995,0.232009,0.745519,0.805662,0.685376,25,0.00006860,1,0.144472,0.047755,0.241188,0.862781,0.946456,0.779105,0.847408,0.844137,0.850680,0.010133,0.018734,0.035542,0.027346,0.050000,9,2,6
siggraph_sigchi,hard,625,2878.740,0.229931,0.746385,0.809195,0.683575,25,0.00006321,0,0.144086,0.046152,0.242021,0.863237,0.948300,0.778173,0.847778,0.846541,0.849015,0.009755,0.018806,0.034888,0.027461,0.050000,9,2,6
siggraph_sigchi,hard,650,3092.816,0.231209,0.747137,0.810215,0.684059,25,0.00007895,0,0.149714,0.049359,0.250069,0.859431,0.945130,0.773732,0.852663,0.850206,0.855121,0.010335,0.019314,0.034757,0.027470,0.050000,9,2,6
siggraph_sigchi,hard,675,3124.676,0.231150,0.741041,0.814599,0.667482,25,0.00013642,2,0.145569,0.043289,0.247849,0.861103,0.951532,0.770673,0.841390,0.849863,0.832917,0.009041,0.019318,0.033649,0.029190,0.050000,9,2,6
siggraph_sigchi,hard,700,3339.900,0.234041,0.736881,0.815584,0.658178,25,0.00012416,1,0.153127,0.042029,0.264224,0.855932,0.952876,0.758987,0.840973,0.849863,0.832084,0.008702,0.020246,0.033460,0.030051,0.050000,9,2,6
siggraph_sigchi,hard,725,3371.590,0.232680,0.739081,0.816212,0.661950,25,0.00011932,0,0.148285,0.041228,0.255343,0.859340,0.953733,0.764946,0.840418,0.849863,0.830974,0.008715,0.019859,0.033381,0.029864,0.050000,9,2,6
siggraph_sigchi,hard,750,3586.255,0.233948,0.736211,0.812328,0.660093,25,0.00008764,0,0.146497,0.040426,0.252567,0.860179,0.954351,0.766007,0.835989,0.845167,0.826811,0.008466,0.019701,0.033899,0.029980,0.050000,9,2,6
siggraph_sigchi,hard,775,3617.788,0.232480,0.738356,0.813688,0.663024,25,0.00007342,0,0.143503,0.042487,0.244518,0.861854,0.952301,0.771406,0.836702,0.848259,0.825146,0.008937,0.019120,0.033829,0.029619,0.050000,9,2,6
siggraph_sigchi,hard,800,3830.174,0.233687,0.734374,0.820099,0.648649,25,0.00008541,0,0.147781,0.042716,0.252845,0.857561,0.952423,0.762699,0.833893,0.855131,0.812656,0.008904,0.019706,0.032565,0.031006,0.050000,9,2,6
siggraph_sigchi,hard,825,3861.572,0.227711,0.736648,0.826881,0.646415,25,0.00035074,0,0.141902,0.041228,0.242576,0.861175,0.954303,0.768047,0.832095,0.860971,0.803220,0.008351,0.018937,0.031092,0.031085,0.050000,9,2,6
siggraph_sigchi,hard,850,4064.743,0.226646,0.739427,0.829099,0.649754,23,0.00050113,1,0.141543,0.041342,0.241743,0.861879,0.954304,0.769455,0.835102,0.863376,0.806828,0.008571,0.018918,0.030869,0.030818,0.050000,9,2,8
siggraph_sigchi,hard,875,4094.492,0.227803,0.738176,0.823562,0.652790,23,0.00046277,1,0.138238,0.043060,0.233417,0.863760,0.952266,0.775254,0.832093,0.859024,0.805162,0.008836,0.018331,0.031842,0.030401,0.050000,9,2,8
siggraph_sigchi,hard,900,4291.340,0.224547,0.741385,0.824673,0.658097,23,0.00022504,2,0.136564,0.042487,0.230641,0.865624,0.952907,0.778341,0.834796,0.859711,0.809881,0.008893,0.017895,0.031838,0.029564,0.050000,9,2,8
siggraph_sigchi,hard,925,4320.850,0.221295,0.745798,0.827798,0.663799,23,0.00018035,2,0.135350,0.044778,0.225923,0.866738,0.950774,0.782702,0.839316,0.864865,0.813766,0.009082,0.017736,0.031111,0.029203,0.050000,9,2,8
siggraph_sigchi,hard,950,4520.191,0.218089,0.746336,0.829717,0.662955,23,0.00014739,2,0.130472,0.039739,0.221205,0.870686,0.955964,0.785407,0.836146,0.862689,0.809603,0.008425,0.017154,0.030906,0.028967,0.050000,9,2,8
siggraph_sigchi,hard,975,4549.342,0.219664,0.743912,0.830603,0.657221,23,0.00010070,1,0.133029,0.041800,0.224258,0.867977,0.953920,0.782034,0.834965,0.865323,0.804607,0.008677,0.017432,0.030667,0.029476,0.050000,9,2,8
siggraph_sigchi,hard,1000,4745.407,0.217405,0.745475,0.831646,0.659303,23,0.00004570,3,0.129738,0.040770,0.218707,0.870530,0.955016,0.786044,0.834525,0.865552,0.803497,0.008363,0.017130,0.030400,0.029310,0.050000,9,2,8
siggraph_sigchi,hard,1025,4774.374,0.217500,0.744581,0.836165,0.652997,23,0.00002193,2,0.134886,0.038021,0.231751,0.867176,0.958033,0.776319,0.836143,0.867957,0.804330,0.007725,0.018073,0.029458,0.030137,0.050000,9,2,8
siggraph_sigchi,hard,1050,4973.457,0.211593,0.746956,0.837994,0.655919,23,0.00000523,1,0.131492,0.032066,0.230919,0.870924,0.964249,0.777600,0.836124,0.864865,0.807383,0.006473,0.017688,0.028933,0.029516,0.050000,9,2,8
siggraph_sigchi,hard,1075,5002.986,0.209524,0.752159,0.836428,0.667891,23,0.00004125,2,0.122729,0.036189,0.209270,0.877066,0.959919,0.794214,0.837179,0.866697,0.807660,0.007702,0.016286,0.029621,0.028217,0.050000,9,2,8
siggraph_sigchi,hard,1100,5200.813,0.206126,0.754486,0.835691,0.673281,23,0.00002283,1,0.119652,0.036418,0.202886,0.879660,0.959650,0.799671,0.838003,0.866125,0.809881,0.007446,0.015717,0.029585,0.027537,0.050000,9,2,8
siggraph_sigchi,hard,1125,5229.683,0.203767,0.759521,0.839319,0.679724,23,0.00004798,2,0.120428,0.036303,0.204552,0.880021,0.959934,0.800108,0.844276,0.869789,0.818762,0.007673,0.015854,0.029120,0.027028,0.050000,9,2,8
siggraph_sigchi,hard,1150,5425.189,0.203038,0.761830,0.837109,0.686550,23,0.00006952,2,0.120705,0.036303,0.205107,0.880588,0.959833,0.801344,0.847432,0.867499,0.827366,0.007483,0.015996,0.029310,0.026614,0.050000,9,2,8
siggraph_sigchi,hard,1175,5454.195,0.201474,0.763992,0.839554,0.688431,23,0.00007600,2,0.124298,0.037105,0.211490,0.878422,0.959127,0.797717,0.852366,0.870705,0.834027,0.007634,0.016330,0.028839,0.026319,0.050000,9,2,8
siggraph_sigchi,hard,1200,5644.095,0.196100,0.769625,0.839367,0.699884,22,0.00009784,1,0.116042,0.034471,0.197613,0.885517,0.961817,0.809218,0.853245,0.868301,0.838190,0.007264,0.015276,0.029012,0.025062,0.050000,9,2,9
siggraph_sigchi,hard,1225,5671.896,0.195344,0.769482,0.836638,0.702326,22,0.00013832,0,0.113731,0.034013,0.193450,0.887327,0.962170,0.812483,0.851642,0.865094,0.838190,0.006994,0.014968,0.029292,0.024810,0.050000,9,2,9
siggraph_sigchi,hard,1250,5859.860,0.193322,0.771212,0.841657,0.700767,22,0.00011987,1,0.115073,0.036418,0.193727,0.885943,0.959924,0.811961,0.854417,0.872309,0.836525,0.007379,0.015044,0.028263,0.024938,0.050000,9,2,9
siggraph_sigchi,hard,1275,5886.892,0.191885,0.773207,0.842356,0.704058,22,0.00014529,0,0.112295,0.034471,0.190119,0.888506,0.961947,0.815065,0.854653,0.871393,0.837913,0.007154,0.014739,0.028407,0.024575,0.050000,9,2,9
siggraph_sigchi,hard,1300,6075.386,0.189889,0.773616,0.841983,0.705248,22,0.00012921,1,0.108661,0.032753,0.184568,0.891374,0.963701,0.819048,0.852488,0.869560,0.835415,0.006991,0.014162,0.028566,0.024123,0.050000,9,2,9
siggraph_sigchi,hard,1325,6102.761,0.191621,0.772253,0.843107,0.701399,22,0.00017046,1,0.112859,0.035044,0.190674,0.887758,0.961393,0.814123,0.853895,0.872652,0.835137,0.007155,0.014784,0.028064,0.024800,0.050000,9,2,9
siggraph_sigchi,hard,1350,6292.019,0.191471,0.774869,0.843816,0.705923,22,0.00018938,2,0.115456,0.036074,0.194838,0.886361,0.960372,0.812350,0.858860,0.874256,0.843464,0.007433,0.015099,0.028072,0.024442,0.050000,9,2,9
siggraph_sigchi,hard,1375,6319.544,0.192147,0.775846,0.838539,0.713153,22,0.00025636,1,0.115674,0.041228,0.190119,0.885951,0.954910,0.816992,0.860924,0.873110,0.848737,0.008239,0.014655,0.028921,0.023621,0.050000,9,2,9
siggraph_sigchi,hard,1400,6503.748,0.194841,0.776629,0.835476,0.717781,22,0.00037995,1,0.116491,0.042029,0.190952,0.885678,0.953947,0.817410,0.862717,0.870591,0.854843,0.008746,0.014799,0.029772,0.023313,0.050000,9,2,9
siggraph_sigchi,hard,1425,6530.757,0.193691,0.776864,0.838681,0.715048,22,0.00003663,1,0.119601,0.042144,0.197058,0.883431,0.954000,0.812862,0.864990,0.874027,0.855953,0.008590,0.015177,0.029093,0.023579,0.050000,9,2,9
siggraph_sigchi,hard,1450,6714.566,0.193789,0.776665,0.833535,0.719794,22,0.00006842,0,0.114940,0.042258,0.187621,0.886818,0.953614,0.820021,0.861801,0.868759,0.854843,0.008493,0.014679,0.029839,0.023155,0.050000,9,2,9
siggraph_sigchi,hard,1475,6741.433,0.195778,0.778717,0.831266,0.726168,22,0.00007876,0,0.115537,0.043175,0.187899,0.886854,0.952573,0.821136,0.864885,0.867155,0.862614,0.009045,0.014617,0.030772,0.022638,0.050000,9,2,9
siggraph_sigchi,hard,1500,6924.788,0.193664,0.782001,0.829766,0.734236,22,0.00005509,0,0.115929,0.043404,0.188454,0.887326,0.952261,0.822391,0.869194,0.865781,0.872606,0.009048,0.014601,0.030874,0.021843,0.050000,9,2,9
siggraph_sigchi,hard,1525,6951.254,0.184072,0.787861,0.837084,0.738639,22,0.00005578,0,0.108495,0.038250,0.178740,0.893759,0.957844,0.829675,0.869883,0.869102,0.870663,0.007838,0.013720,0.029348,0.021216,0.050000,9,2,9
siggraph_sigchi,hard,1550,7133.243,0.184454,0.789636,0.834933,0.744340,22,0.00002452,0,0.107352,0.037907,0.176797,0.895075,0.958091,0.832059,0.871260,0.866583,0.875937,0.007660,0.013873,0.029612,0.021100,0.050000,9,2,9
siggraph_sigchi,hard,1575,7159.578,0.183762,0.788154,0.833149,0.743160,22,0.00002703,0,0.104890,0.032982,0.176797,0.897464,0.963091,0.831837,0.867588,0.860628,0.874549,0.006724,0.013857,0.029789,0.021168,0.050000,9,2,9
siggraph_sigchi,hard,1600,7339.640,0.184132,0.790765,0.838304,0.743227,22,0.00002948,0,0.107530,0.036876,0.178185,0.895111,0.959302,0.830919,0.872438,0.869217,0.875659,0.007686,0.014060,0.029255,0.021242,0.050000,9,2,9
siggraph_sigchi,hard,1625,7365.583,0.178633,0.792922,0.840527,0.745317,22,0.00002363,0,0.102614,0.034814,0.170414,0.899043,0.961514,0.836572,0.871059,0.869789,0.872329,0.007150,0.013154,0.028739,0.020648,0.050000,9,2,9
siggraph_sigchi,hard,1650,7543.414,0.176499,0.799534,0.838485,0.760584,22,0.00003679,0,0.098878,0.037334,0.160422,0.902519,0.958844,0.846195,0.876194,0.869789,0.882598,0.007859,0.012575,0.029222,0.019385,0.050000,9,2,9
siggraph_sigchi,hard,1675,7569.319,0.181861,0.797888,0.830861,0.764916,22,0.00003777,0,0.104834,0.042029,0.167638,0.897835,0.953703,0.841968,0.879463,0.865781,0.893145,0.008735,0.013041,0.030710,0.019013,0.050000,9,2,9
siggraph_sigchi,hard,1700,7749.824,0.180716,0.800016,0.824364,0.775667,22,0.00007245,0,0.097485,0.040655,0.154316,0.903871,0.954754,0.852988,0.876622,0.857879,0.895365,0.008614,0.012016,0.031977,0.017930,0.050000,9,2,9
siggraph_sigchi,hard,1725,7776.205,0.184610,0.795837,0.823336,0.768339,22,0.00008797,0,0.107642,0.042373,0.172911,0.895984,0.952950,0.839018,0.879708,0.858223,0.901193,0.008824,0.013101,0.032151,0.018402,0.050000,9,2,9
siggraph_sigchi,hard,1750,7958.448,0.181756,0.800625,0.827355,0.773894,22,0.00015407,2,0.105726,0.044091,0.167361,0.897570,0.951438,0.843701,0.883624,0.863834,0.903414,0.009308,0.012802,0.031495,0.017999,0.050000,9,2,9
siggraph_sigchi,hard,1775,7984.750,0.176724,0.803629,0.825671,0.781587,22,0.00013652,0,0.099437,0.041228,0.157646,0.902929,0.954239,0.851620,0.882256,0.859711,0.904802,0.008573,0.011817,0.031633,0.017049,0.050000,9,2,9
siggraph_sigchi,hard,1800,8157.814,0.175125,0.802605,0.826020,0.779190,21,0.00009943,0,0.098177,0.038708,0.157646,0.904032,0.956833,0.851231,0.880010,0.857994,0.902026,0.007902,0.011714,0.031370,0.017174,0.050000,9,2,10
siggraph_sigchi,hard,1825,8182.325,0.176770,0.802994,0.830022,0.775965,21,0.00008997,0,0.097327,0.037563,0.157091,0.904649,0.958206,0.851092,0.879532,0.861200,0.897863,0.007969,0.012203,0.030915,0.017901,0.050000,9,2,10
siggraph_sigchi,hard,1850,8347.504,0.176775,0.802601,0.828008,0.777193,21,0.00007580,0,0.100186,0.039395,0.160977,0.902416,0.956229,0.848603,0.881466,0.860628,0.902304,0.008116,0.012236,0.031149,0.017583,0.050000,9,2,10
siggraph_sigchi,hard,1875,8371.057,0.173585,0.799843,0.829420,0.770267,21,0.00006806,0,0.093830,0.033898,0.153761,0.907238,0.961973,0.852503,0.873120,0.857536,0.888704,0.006907,0.011526,0.030630,0.017999,0.050000,9,2,10
siggraph_sigchi,hard,1900,8539.314,0.171942,0.803887,0.830722,0.777052,21,0.00007319,0,0.092168,0.037792,0.146545,0.908376,0.958005,0.858748,0.876520,0.862116,0.890924,0.007836,0.011158,0.030436,0.017364,0.050000,9,2,10
siggraph_sigchi,hard,1925,8563.908,0.179159,0.802420,0.825806,0.779033,21,0.00009268,0,0.099490,0.044663,0.154316,0.902153,0.950776,0.853530,0.880970,0.862689,0.899251,0.009155,0.012014,0.031493,0.017621,0.050000,9,2,10
siggraph_sigchi,hard,1950,8733.160,0.178669,0.802565,0.828202,0.776929,21,0.00009981,0,0.103662,0.045236,0.162087,0.899069,0.950339,0.847798,0.884263,0.865667,0.902859,0.009456,0.012121,0.031279,0.017466,0.050000,9,2,10
siggraph_sigchi,hard,1975,8757.732,0.174244,0.806172,0.828625,0.783719,21,0.00008537,0,0.097087,0.041800,0.152373,0.904728,0.953815,0.855640,0.883199,0.863262,0.903136,0.008522,0.011722,0.030922,0.017018,0.050000,9,2,10
siggraph_sigchi,hard,2000,8924.385,0.172778,0.808799,0.827742,0.789857,21,0.00010340,0,0.092441,0.041113,0.143769,0.908587,0.954465,0.862709,0.882593,0.861773,0.903414,0.008415,0.011166,0.031150,0.016628,0.050000,9,2,10
siggraph_sigchi,hard,2025,8948.631,0.173994,0.808155,0.830149,0.786160,21,0.00011360,0,0.099104,0.043060,0.155148,0.903356,0.952627,0.854085,0.887014,0.865896,0.908132,0.008820,0.011892,0.030690,0.016925,0.050000,9,2,10
siggraph_sigchi,hard,2050,9118.494,0.167014,0.813160,0.831186,0.795134,20,0.00007973,0,0.090342,0.039968,0.140716,0.910751,0.955806,0.865695,0.885714,0.864407,0.907022,0.008244,0.010572,0.030504,0.015741,0.050000,9,2,11
siggraph_sigchi,hard,2075,9142.373,0.161684,0.819169,0.833407,0.804932,20,0.00010011,0,0.083110,0.040770,0.125451,0.916736,0.955107,0.878364,0.886648,0.867384,0.905912,0.008261,0.009705,0.029964,0.014925,0.050000,9,2,11
siggraph_sigchi,hard,2100,9303.565,0.164174,0.815230,0.834894,0.795565,20,0.00009156,0,0.089395,0.039739,0.139051,0.911597,0.956226,0.866968,0.887130,0.868071,0.906189,0.008219,0.010397,0.029791,0.015605,0.050000,9,2,11
siggraph_sigchi,hard,2125,9327.459,0.166463,0.815023,0.836114,0.793932,20,0.00013335,0,0.093390,0.043289,0.143492,0.908118,0.952720,0.863516,0.890082,0.872309,0.907855,0.008912,0.010729,0.029775,0.015861,0.050000,9,2,11
siggraph_sigchi,hard,2150,9489.604,0.161992,0.819348,0.838695,0.800000,20,0.00014341,0,0.085893,0.039395,0.132390,0.914628,0.956762,0.872494,0.888824,0.871736,0.905912,0.008095,0.010293,0.029233,0.015537,0.050000,9,2,11
siggraph_sigchi,hard,2175,9513.465,0.164012,0.815576,0.837737,0.793415,20,0.00019125,1,0.089126,0.040311,0.137941,0.911628,0.955790,0.867467,0.887183,0.871507,0.902859,0.008409,0.010363,0.029432,0.015808,0.050000,9,2,11
siggraph_sigchi,hard,2200,9677.455,0.161841,0.819121,0.839912,0.798330,20,0.00016727,0,0.084300,0.038708,0.129892,0.915821,0.957516,0.874126,0.887225,0.872423,0.902026,0.008038,0.010333,0.028928,0.015795,0.050000,9,2,11
siggraph_sigchi,hard,2225,9701.276,0.159785,0.820763,0.840441,0.801085,20,0.00019935,0,0.082643,0.039281,0.126006,0.917197,0.956964,0.877430,0.887740,0.873454,0.902026,0.008151,0.009783,0.028848,0.015399,0.050000,9,2,11
siggraph_sigchi,hard,2250,9865.220,0.161877,0.820022,0.839160,0.800884,20,0.00019144,0,0.086066,0.041686,0.130447,0.914273,0.954483,0.874062,0.889749,0.874141,0.905357,0.008630,0.010173,0.029112,0.015401,0.050000,9,2,11
siggraph_sigchi,hard,2275,9888.776,0.159407,0.820787,0.843146,0.798429,20,0.00021051,0,0.086524,0.042602,0.130447,0.913751,0.953777,0.873724,0.890823,0.879066,0.902581,0.008660,0.009978,0.028344,0.015423,0.050000,9,2,11
siggraph_sigchi,hard,2300,10054.668,0.162353,0.821287,0.839820,0.802755,20,0.00023538,0,0.086526,0.044549,0.128504,0.913721,0.951671,0.875771,0.891572,0.877233,0.905912,0.009268,0.010050,0.029114,0.015289,0.050000,9,2,11
siggraph_sigchi,hard,2325,10078.900,0.161852,0.820720,0.839965,0.801476,20,0.00018541,0,0.086502,0.044778,0.128226,0.913630,0.951453,0.875806,0.890912,0.877577,0.904246,0.009279,0.009904,0.029120,0.015196,0.050000,9,2,11
siggraph_sigchi,hard,2350,10243.735,0.160728,0.821599,0.839358,0.803840,20,0.00014067,0,0.084965,0.042258,0.127671,0.915232,0.953921,0.876543,0.890648,0.874828,0.906467,0.008762,0.009940,0.029042,0.015151,0.050000,9,2,11
siggraph_sigchi,hard,2375,10267.680,0.162281,0.820776,0.839930,0.801622,20,0.00016033,0,0.086804,0.044549,0.129059,0.913439,0.951677,0.875201,0.891213,0.877348,0.905079,0.009152,0.010115,0.028914,0.015509,0.050000,9,2,11
siggraph_sigchi,hard,2400,10432.069,0.167229,0.815992,0.833497,0.798486,20,0.00022102,0,0.091557,0.046839,0.136275,0.909234,0.949053,0.869415,0.889919,0.872538,0.907299,0.009778,0.010234,0.030304,0.015382,0.050000,9,2,11
siggraph_sigchi,hard,2425,10456.154,0.163727,0.818645,0.837731,0.799558,20,0.00023966,0,0.087907,0.045923,0.129892,0.912247,0.950199,0.874295,0.889808,0.876202,0.903414,0.009338,0.010046,0.029350,0.015478,0.050000,9,2,11
siggraph_sigchi,hard,2450,10620.077,0.165340,0.817961,0.837832,0.798091,20,0.00019533,0,0.091020,0.047984,0.134055,0.909588,0.948182,0.870994,0.891557,0.878035,0.905079,0.009825,0.010274,0.029403,0.015615,0.050000,9,2,11
siggraph_sigchi,hard,2475,10644.047,0.166268,0.816579,0.834589,0.798568,20,0.00016258,0,0.086621,0.048901,0.124341,0.912727,0.947095,0.878360,0.886632,0.875401,0.897863,0.010097,0.009665,0.030034,0.015469,0.050000,9,2,11
siggraph_sigchi,hard,2500,10808.272,0.163661,0.819245,0.842180,0.796310,20,0.00021492,0,0.088392,0.048557,0.128226,0.911490,0.947880,0.875101,0.890746,0.883074,0.898418,0.010068,0.010023,0.028672,0.015786,0.050000,9,2,11
siggraph_sigchi,hard,2525,10831.984,0.163741,0.816812,0.838918,0.794707,20,0.00023135,1,0.083964,0.045809,0.122120,0.914965,0.950378,0.879551,0.884552,0.877348,0.891757,0.009425,0.009587,0.029136,0.015884,0.050000,9,2,11
siggraph_sigchi,hard,2550,10993.710,0.152116,0.819422,0.851625,0.787218,19,0.00015038,0,0.081180,0.028859,0.133500,0.918986,0.968113,0.869859,0.884257,0.876202,0.892312,0.005869,0.010016,0.026447,0.016281,0.050000,9,2,12
siggraph_sigchi,hard,2575,11016.584,0.149786,0.821511,0.853275,0.789747,19,0.00017877,1,0.074338,0.027943,0.120733,0.924546,0.969126,0.879967,0.881107,0.877119,0.885096,0.005760,0.009348,0.026176,0.016156,0.050000,9,2,12
siggraph_sigchi,hard,2600,11171.231,0.146605,0.823899,0.854558,0.793241,18,0.00025967,0,0.071021,0.025195,0.116847,0.927761,0.972046,0.883476,0.881008,0.876088,0.885928,0.005180,0.009038,0.025904,0.015794,0.050000,9,2,13
siggraph_sigchi,hard,2625,11193.530,0.150402,0.822370,0.854306,0.790434,18,0.00043265,0,0.076149,0.026569,0.125729,0.923396,0.970596,0.876196,0.883409,0.877004,0.889814,0.005651,0.009698,0.026151,0.016207,0.050000,9,2,13
siggraph_sigchi,hard,2650,11345.091,0.147750,0.824409,0.857254,0.791564,18,0.00018467,0,0.076845,0.028516,0.125173,0.922724,0.968671,0.876776,0.886173,0.881699,0.890647,0.005809,0.009636,0.025402,0.016083,0.050000,9,2,13
siggraph_sigchi,hard,2675,11367.521,0.149462,0.823508,0.856443,0.790572,18,0.00016742,1,0.079768,0.029088,0.130447,0.920340,0.968050,0.872629,0.887528,0.881356,0.893700,0.005925,0.010081,0.025545,0.016234,0.050000,9,2,13
siggraph_sigchi,hard,2700,11520.501,0.148016,0.823679,0.861219,0.786139,18,0.00017434,2,0.074329,0.027371,0.121288,0.924521,0.969994,0.879048,0.883140,0.884792,0.881488,0.005664,0.009640,0.024830,0.016816,0.050000,9,2,13
siggraph_sigchi,hard,2725,11543.126,0.147656,0.821090,0.862535,0.779644,18,0.00015634,2,0.074523,0.025538,0.123508,0.924181,0.971939,0.876423,0.880250,0.884563,0.875937,0.005221,0.009713,0.024459,0.017256,0.050000,9,2,13
siggraph_sigchi,hard,2750,11693.797,0.147321,0.822076,0.864250,0.779902,18,0.00013662,1,0.079537,0.026683,0.132390,0.920221,0.970806,0.869637,0.885232,0.887311,0.883153,0.005389,0.010239,0.024095,0.017167,0.050000,9,2,13
siggraph_sigchi,hard,2775,11716.329,0.147409,0.820003,0.864250,0.775756,18,0.00012938,1,0.077733,0.026683,0.128782,0.921297,0.970806,0.871788,0.881485,0.887311,0.875659,0.005383,0.009958,0.023952,0.017484,0.050000,9,2,13
siggraph_sigchi,hard,2800,11865.918,0.145190,0.825835,0.864316,0.787355,18,0.00016112,1,0.075063,0.026340,0.123786,0.924217,0.971163,0.877270,0.885950,0.887082,0.884818,0.005467,0.009704,0.024164,0.016610,0.050000,9,2,13
siggraph_sigchi,hard,2825,11887.871,0.146525,0.826083,0.863302,0.788864,18,0.00018164,0,0.077252,0.027943,0.126561,0.922408,0.969473,0.875342,0.888065,0.887426,0.888704,0.005849,0.009874,0.024493,0.016445,0.050000,9,2,13
siggraph_sigchi,hard,2850,12041.666,0.147308,0.824220,0.864305,0.784136,18,0.00014435,0,0.079056,0.027943,0.130169,0.920718,0.969508,0.871928,0.887331,0.888456,0.886206,0.005749,0.010250,0.024162,0.016908,0.050000,9,2,13
siggraph_sigchi,hard,2875,12063.915,0.142059,0.828226,0.863906,0.792547,18,0.00030045,0,0.070186,0.023248,0.117125,0.928771,0.974375,0.883167,0.884682,0.883990,0.885373,0.004874,0.009213,0.024210,0.016029,0.050000,9,2,13
siggraph_sigchi,hard,2900,12212.494,0.142445,0.823342,0.867040,0.779644,18,0.00029519,0,0.073378,0.023248,0.123508,0.925444,0.974465,0.876423,0.881567,0.887197,0.875937,0.004791,0.009246,0.023615,0.016780,0.050000,9,2,13
siggraph_sigchi,hard,2925,12234.228,0.144828,0.824424,0.864195,0.784653,18,0.00024922,0,0.073356,0.025424,0.121288,0.925479,0.972111,0.878847,0.882994,0.886166,0.879822,0.005327,0.009426,0.024128,0.016713,0.050000,9,2,13
siggraph_sigchi,hard,2950,12383.977,0.145185,0.823893,0.864371,0.783416,18,0.00012904,0,0.074444,0.027600,0.121288,0.924271,0.969864,0.878679,0.883331,0.888227,0.878435,0.005537,0.009477,0.024047,0.016811,0.050000,9,2,13
siggraph_sigchi,hard,2975,12406.053,0.143813,0.825224,0.863921,0.786528,18,0.00022912,0,0.073307,0.025882,0.120733,0.925580,0.971626,0.879535,0.883884,0.886280,0.881488,0.005248,0.009283,0.024162,0.016456,0.050000,9,2,13
siggraph_sigchi,hard,3000,12557.823,0.142995,0.827998,0.866093,0.789903,18,0.00024205,0,0.073495,0.025424,0.121565,0.925754,0.972170,0.879339,0.887021,0.888113,0.885928,0.005305,0.009511,0.023927,0.016274,0.050000,9,2,13
siggraph_sigchi,hard,3025,12580.202,0.139367,0.830811,0.868982,0.792640,18,0.00029283,0,0.070801,0.025309,0.116292,0.928108,0.972378,0.883837,0.887897,0.890976,0.884818,0.005273,0.009068,0.023341,0.015876,0.050000,9,2,13
siggraph_sigchi,hard,3050,12732.475,0.142665,0.828974,0.866785,0.791163,18,0.00013998,1,0.077115,0.029890,0.124341,0.922481,0.967602,0.877361,0.891115,0.892694,0.889536,0.005936,0.009648,0.023572,0.016158,0.050000,9,2,13
siggraph_sigchi,hard,3075,12754.499,0.143743,0.826209,0.867893,0.784525,18,0.00017954,1,0.080378,0.027256,0.133500,0.919903,0.970335,0.869471,0.890404,0.891548,0.889259,0.005666,0.009998,0.023652,0.016389,0.050000,9,2,13
siggraph_sigchi,hard,3100,12904.582,0.144418,0.823494,0.865260,0.781728,18,0.00028182,2,0.074973,0.025882,0.124063,0.923974,0.971669,0.876280,0.883183,0.887655,0.878712,0.005178,0.009603,0.023868,0.016815,0.050000,9,2,13
siggraph_sigchi,hard,3125,12926.364,0.142837,0.826757,0.867202,0.786312,18,0.00027161,0,0.076810,0.026225,0.127394,0.922862,0.971375,0.874350,0.888214,0.889945,0.886483,0.005403,0.009673,0.023673,0.016338,0.050000,9,2,13
siggraph_sigchi,hard,3150,13074.908,0.145850,0.823559,0.866044,0.781074,18,0.00017398,1,0.080715,0.029317,0.132112,0.919088,0.968159,0.870016,0.887848,0.891434,0.884263,0.005996,0.009903,0.023875,0.016752,0.050000,9,2,13
siggraph_sigchi,hard,3175,13097.007,0.147985,0.821163,0.867483,0.774842,18,0.00013578,1,0.086779,0.028401,0.145157,0.914278,0.969147,0.859409,0.889719,0.892121,0.887316,0.005747,0.010972,0.023542,0.017395,0.050000,9,2,13
siggraph_sigchi,hard,3200,13246.613,0.147199,0.823388,0.870802,0.775975,18,0.00014338,0,0.086222,0.026454,0.145989,0.915118,0.971254,0.858981,0.891549,0.893839,0.889259,0.005495,0.011209,0.023106,0.017574,0.050000,9,2,13
siggraph_sigchi,hard,3225,13268.817,0.149009,0.819978,0.873942,0.766013,18,0.00019701,1,0.094828,0.028401,0.161255,0.907954,0.969368,0.846540,0.894150,0.898763,0.889536,0.005760,0.012122,0.022344,0.018339,0.050000,9,2,13
siggraph_sigchi,hard,3250,13418.442,0.150961,0.822445,0.873789,0.771102,18,0.00021392,1,0.096044,0.028058,0.164030,0.907601,0.969712,0.845490,0.897945,0.898305,0.897585,0.005689,0.012898,0.022385,0.018591,0.050000,9,2,13
siggraph_sigchi,hard,3275,13440.731,0.157285,0.815275,0.876837,0.753712,18,0.00034083,1,0.103016,0.028401,0.177630,0.901356,0.969466,0.833246,0.894667,0.901741,0.887594,0.005893,0.014037,0.022019,0.020365,0.050000,9,2,13
siggraph_sigchi,hard,3300,13593.584,0.151453,0.816597,0.876772,0.756422,18,0.00027217,0,0.096401,0.025996,0.166805,0.906480,0.971913,0.841047,0.891081,0.899565,0.882598,0.005267,0.012816,0.021841,0.019538,0.050000,9,2,13
siggraph_sigchi,hard,3325,13615.363,0.150965,0.817927,0.875835,0.760019,18,0.00012436,1,0.095938,0.028401,0.163475,0.906703,0.969432,0.843974,0.892487,0.900710,0.884263,0.005835,0.012433,0.022055,0.019104,0.050000,9,2,13
crane_crab,hard,1,1.387,0.840068,0.239231,0.292745,0.185717,20,0.00081343,0,0.352688,0.531514,0.173861,0.506943,0.457560,0.556326,0.333174,0.448343,0.218006,0.034668,0.039119,0.066064,0.176875,0.050000,0,0,0
crane_crab,hard,25,27.172,0.595248,0.370269,0.432316,0.308222,20,0.00003567,1,0.175316,0.276803,0.073828,0.741817,0.666013,0.817620,0.441480,0.551982,0.330977,0.017985,0.016481,0.043959,0.137216,0.050000,0,0,0
crane_crab,hard,50,201.518,0.469868,0.478700,0.517852,0.439548,22,0.00032886,2,0.138499,0.228395,0.048603,0.820212,0.735814,0.904609,0.548519,0.636127,0.460911,0.014700,0.010575,0.035682,0.108226,0.050000,3,0,1
crane_crab,hard,75,230.294,0.398595,0.555155,0.587327,0.522983,22,0.00050069,2,0.122682,0.199805,0.045558,0.851093,0.779095,0.923091,0.625744,0.704678,0.546809,0.013003,0.009870,0.029696,0.091616,0.050000,3,0,1
crane_crab,hard,100,418.046,0.357218,0.605987,0.643319,0.568654,23,0.00025675,2,0.123648,0.205978,0.041318,0.862490,0.790205,0.934775,0.683989,0.775828,0.592150,0.013243,0.008924,0.025557,0.082373,0.050000,5,0,2
crane_crab,hard,125,448.171,0.338171,0.624949,0.660326,0.589572,23,0.00026177,1,0.117036,0.195582,0.038491,0.871152,0.801451,0.940852,0.700869,0.789474,0.612265,0.012528,0.008484,0.023941,0.078216,0.050000,5,0,2
crane_crab,hard,150,649.380,0.329592,0.634282,0.670112,0.598452,22,0.00005002,2,0.116929,0.194607,0.039252,0.872537,0.804440,0.940635,0.711231,0.800520,0.621942,0.012476,0.008340,0.023255,0.076189,0.050000,5,0,3
crane_crab,hard,175,677.898,0.320611,0.644991,0.668815,0.621166,22,0.00002851,1,0.124130,0.209552,0.038708,0.868830,0.794258,0.943402,0.727089,0.808967,0.645210,0.013618,0.008491,0.023780,0.072030,0.050000,5,0,3
crane_crab,hard,200,863.154,0.313989,0.647543,0.663807,0.631280,20,0.00014652,1,0.122114,0.211826,0.032402,0.872099,0.791560,0.952638,0.728076,0.804418,0.651734,0.013856,0.007160,0.024309,0.069812,0.050000,5,0,5
crane_crab,hard,225,888.848,0.307422,0.654002,0.658235,0.649769,20,0.00003707,2,0.133379,0.232943,0.033815,0.864528,0.776983,0.952073,0.741653,0.811566,0.671741,0.015054,0.007463,0.024947,0.066260,0.050000,5,0,5
crane_crab,hard,250,1061.045,0.296754,0.665222,0.670053,0.660391,20,0.00009904,1,0.124445,0.215075,0.033815,0.871921,0.791035,0.952807,0.748444,0.814165,0.682723,0.014099,0.007334,0.023888,0.064290,0.050000,5,0,5
crane_crab,hard,275,1086.056,0.289623,0.672278,0.686727,0.657828,20,0.00046643,0,0.107821,0.182261,0.033380,0.884930,0.816667,0.953194,0.745839,0.811891,0.679787,0.012001,0.007313,0.022046,0.064729,0.050000,5,0,5
crane_crab,hard,300,1260.928,0.286955,0.678924,0.688184,0.669664,20,0.00042065,1,0.113790,0.187784,0.039796,0.879562,0.813187,0.945938,0.756864,0.817414,0.696314,0.012173,0.008963,0.021978,0.063008,0.050000,5,0,5
crane_crab,hard,325,1286.286,0.277126,0.687424,0.691571,0.683278,20,0.00035027,0,0.115042,0.187135,0.042949,0.878765,0.814373,0.943157,0.766806,0.820988,0.712624,0.012079,0.009104,0.021636,0.060066,0.050000,5,0,5
crane_crab,hard,350,1454.775,0.265636,0.694135,0.681757,0.706514,18,0.00003809,2,0.119462,0.205653,0.033272,0.878142,0.799874,0.956410,0.775991,0.821962,0.730021,0.013303,0.007506,0.022667,0.055465,0.050000,5,0,7
crane_crab,hard,375,1478.077,0.257610,0.701856,0.691972,0.711740,18,0.00016678,2,0.113514,0.189734,0.037295,0.882307,0.812700,0.951914,0.780773,0.823262,0.738284,0.012324,0.007689,0.021720,0.054104,0.050000,5,0,7
crane_crab,hard,400,1635.076,0.253699,0.704823,0.691240,0.718406,18,0.00021365,1,0.115517,0.194282,0.036751,0.881235,0.809493,0.952977,0.785172,0.825536,0.744808,0.012647,0.007452,0.021824,0.052643,0.050000,5,0,7
crane_crab,hard,425,1658.471,0.249584,0.710486,0.692497,0.728475,18,0.00027366,2,0.111020,0.186485,0.035555,0.885004,0.815018,0.954990,0.788007,0.821637,0.754376,0.012097,0.008113,0.021637,0.051389,0.050000,5,0,7
crane_crab,hard,450,1817.809,0.251884,0.706630,0.685099,0.728160,18,0.00006094,1,0.114106,0.192658,0.035555,0.882087,0.809202,0.954971,0.785570,0.817089,0.754050,0.012513,0.008098,0.022278,0.051364,0.050000,5,0,7
crane_crab,hard,475,1841.366,0.244263,0.713484,0.701992,0.724976,18,0.00033040,2,0.103597,0.174139,0.033054,0.891654,0.825578,0.957731,0.786588,0.824237,0.748940,0.011255,0.007049,0.020621,0.051571,0.050000,5,0,7
crane_crab,hard,500,2004.300,0.241357,0.718787,0.703315,0.734258,18,0.00009271,2,0.105224,0.176088,0.034359,0.890600,0.824482,0.956718,0.793324,0.827160,0.759487,0.011439,0.007729,0.020686,0.050160,0.050000,5,0,7
crane_crab,hard,525,2028.192,0.242588,0.715699,0.694740,0.736659,18,0.00009979,2,0.111498,0.192008,0.030988,0.886291,0.811783,0.960798,0.793811,0.828135,0.759487,0.012503,0.006987,0.021622,0.049473,0.050000,5,0,7
crane_crab,hard,550,2188.041,0.253125,0.704689,0.688368,0.721009,18,0.00006139,1,0.111551,0.192658,0.030445,0.885286,0.809936,0.960635,0.781974,0.820988,0.742960,0.012457,0.006957,0.021995,0.052659,0.050000,5,0,7
crane_crab,hard,575,2211.674,0.260981,0.701312,0.694696,0.707928,18,0.00012324,2,0.110267,0.182261,0.038273,0.884447,0.818388,0.950506,0.778167,0.821313,0.735022,0.011871,0.008597,0.021416,0.055315,0.050000,5,0,7
crane_crab,hard,600,2369.645,0.264534,0.695409,0.682065,0.708752,18,0.00008014,1,0.117091,0.195582,0.038600,0.878365,0.806555,0.950175,0.775787,0.815465,0.736110,0.012715,0.008301,0.022597,0.055055,0.050000,5,0,7
crane_crab,hard,625,2392.561,0.264418,0.696192,0.682960,0.709424,18,0.00010418,1,0.114058,0.189734,0.038382,0.880587,0.810697,0.950477,0.774597,0.812541,0.736653,0.012459,0.008593,0.022565,0.055024,0.050000,5,0,7
crane_crab,hard,650,2552.459,0.266843,0.694001,0.671317,0.716684,19,0.00012380,1,0.126791,0.210851,0.042731,0.869973,0.794034,0.945912,0.780087,0.812865,0.747309,0.013513,0.009601,0.023449,0.053913,0.050000,5,1,7
crane_crab,hard,675,2577.214,0.267252,0.694709,0.679784,0.709634,19,0.00005469,0,0.123540,0.205328,0.041753,0.873080,0.799620,0.946540,0.779313,0.819363,0.739263,0.013387,0.009128,0.022914,0.054899,0.050000,5,1,7
crane_crab,hard,700,2746.449,0.252427,0.707893,0.699834,0.715951,18,0.00007346,1,0.105442,0.175439,0.035446,0.889293,0.824219,0.954367,0.781970,0.822612,0.741329,0.011480,0.007849,0.020909,0.053551,0.050000,5,1,8
crane_crab,hard,725,2769.962,0.250996,0.709403,0.698134,0.720672,18,0.00007968,0,0.110047,0.183886,0.036207,0.885881,0.818006,0.953756,0.786638,0.826511,0.746765,0.011937,0.007936,0.021101,0.052609,0.050000,5,1,8
crane_crab,hard,750,2930.092,0.254364,0.706550,0.695700,0.717400,18,0.00022118,0,0.107991,0.178687,0.037295,0.886677,0.821080,0.952275,0.782084,0.820013,0.744156,0.011724,0.008303,0.021359,0.053364,0.050000,5,1,8
crane_crab,hard,775,2953.363,0.255632,0.701600,0.687534,0.715666,18,0.00056729,0,0.106796,0.178038,0.035555,0.887009,0.819796,0.954221,0.775526,0.809942,0.741111,0.011557,0.007864,0.021762,0.053606,0.050000,5,1,8
crane_crab,hard,800,3108.344,0.257061,0.702538,0.674927,0.730149,17,0.00016837,1,0.128623,0.219298,0.037947,0.870952,0.789589,0.952316,0.790396,0.822937,0.757856,0.014286,0.008322,0.023512,0.050831,0.050000,5,1,9
crane_crab,hard,825,3130.749,0.260771,0.697444,0.665004,0.729883,17,0.00015992,2,0.135599,0.237492,0.033707,0.866639,0.776042,0.957235,0.788711,0.822937,0.754485,0.015522,0.007497,0.024676,0.050701,0.050000,5,1,9
crane_crab,hard,850,3281.222,0.259845,0.699645,0.669471,0.729818,17,0.00002042,1,0.134298,0.235543,0.033054,0.868177,0.778355,0.957999,0.790551,0.827160,0.753942,0.015343,0.007450,0.024313,0.050900,0.050000,5,1,9
crane_crab,hard,875,3302.966,0.260902,0.697614,0.664308,0.730919,17,0.00005323,1,0.136301,0.239766,0.032837,0.866417,0.774519,0.958316,0.789253,0.823587,0.754920,0.015631,0.007458,0.024689,0.050721,0.050000,5,1,9
crane_crab,hard,900,3454.036,0.263671,0.697359,0.667014,0.727703,17,0.00001150,1,0.140364,0.246914,0.033815,0.864035,0.771084,0.956985,0.792010,0.831709,0.752311,0.016145,0.007534,0.024722,0.051326,0.050000,5,1,9
crane_crab,hard,925,3475.635,0.260760,0.698870,0.667189,0.730551,17,0.00003775,1,0.138958,0.243665,0.034250,0.864819,0.773002,0.956635,0.792666,0.829760,0.755572,0.015879,0.007479,0.024594,0.050638,0.050000,5,1,9
crane_crab,hard,950,3623.612,0.255126,0.704537,0.673959,0.735115,16,0.00000751,1,0.133108,0.232619,0.033598,0.869447,0.781240,0.957654,0.795274,0.830734,0.759813,0.015158,0.007504,0.023873,0.049836,0.050000,5,1,10
crane_crab,hard,975,3644.314,0.254868,0.703346,0.669650,0.737042,16,0.00004258,2,0.133159,0.234243,0.032076,0.869356,0.779173,0.959539,0.793597,0.826511,0.760683,0.015291,0.007211,0.024254,0.049442,0.050000,5,1,10
crane_crab,hard,1000,3789.158,0.244361,0.720074,0.736405,0.703743,16,0.00002723,2,0.083234,0.135153,0.031315,0.909731,0.860823,0.958639,0.780856,0.835932,0.725780,0.008859,0.006966,0.017724,0.055811,0.050000,6,1,11
teapot_droplets,hard,1,1.392,0.883136,0.184212,0.187488,0.180936,20,0.00009523,0,0.477185,0.106808,0.847561,0.471523,0.660194,0.282853,0.270902,0.207513,0.334290,0.025029,0.049990,0.172524,0.084323,0.050000,0,0,0
teapot_droplets,hard,25,26.985,0.652818,0.305707,0.270881,0.340532,20,0.00003389,2,0.240124,0.051984,0.428264,0.688743,0.845721,0.531765,0.385666,0.284963,0.486370,0.011983,0.024973,0.147048,0.052072,0.050000,0,0,0
teapot_droplets,hard,50,200.429,0.530321,0.415134,0.382320,0.447948,21,0.00019135,2,0.179996,0.040408,0.319584,0.778428,0.907781,0.649074,0.494437,0.397769,0.591105,0.009370,0.018279,0.123074,0.039830,0.050000,2,1,2
teapot_droplets,hard,75,227.483,0.455829,0.471481,0.483298,0.459664,21,0.00031368,4,0.158449,0.036410,0.280488,0.804748,0.932237,0.677260,0.544744,0.500894,0.588594,0.008140,0.015792,0.102309,0.037595,0.050000,2,1,2
teapot_droplets,hard,100,396.877,0.391212,0.521751,0.575949,0.467554,20,0.00005161,3,0.155539,0.017679,0.293400,0.822022,0.970722,0.673323,0.595433,0.586131,0.604735,0.004066,0.016683,0.082555,0.037463,0.050000,5,1,6
teapot_droplets,hard,125,423.255,0.346245,0.558651,0.627207,0.490095,20,0.00022677,4,0.131323,0.013364,0.249283,0.845032,0.979407,0.710658,0.623928,0.635589,0.612267,0.002893,0.014268,0.072001,0.034781,0.050000,5,1,6
teapot_droplets,hard,150,604.110,0.306411,0.598638,0.678211,0.519064,22,0.00000917,1,0.126768,0.011786,0.241750,0.855175,0.983115,0.727236,0.665376,0.686204,0.644548,0.002596,0.013521,0.061825,0.032251,0.050000,7,1,6
teapot_droplets,hard,175,633.423,0.273024,0.626933,0.716752,0.537114,22,0.00003192,1,0.106858,0.005682,0.208034,0.874700,0.992178,0.757221,0.684839,0.720825,0.648852,0.001193,0.011713,0.054257,0.030290,0.050000,7,1,6
teapot_droplets,hard,200,815.764,0.244881,0.659513,0.767301,0.551724,23,0.00005101,3,0.119279,0.011154,0.227403,0.867220,0.985827,0.748612,0.726524,0.775860,0.677188,0.002390,0.012683,0.044512,0.029566,0.050000,10,1,8
teapot_droplets,hard,225,846.667,0.231256,0.679065,0.778242,0.579889,23,0.00003518,3,0.115201,0.006945,0.223458,0.875846,0.991215,0.760477,0.746558,0.783647,0.709469,0.001465,0.012589,0.042302,0.027748,0.050000,10,1,8
teapot_droplets,hard,250,1050.039,0.211281,0.711032,0.788652,0.633413,23,0.00003133,2,0.107591,0.010733,0.204448,0.887684,0.986714,0.788654,0.780015,0.797117,0.762912,0.002275,0.011259,0.040266,0.023387,0.050000,11,1,9
teapot_droplets,hard,275,1081.413,0.195719,0.733824,0.804053,0.663596,23,0.00002616,2,0.107215,0.007471,0.206958,0.892762,0.990861,0.794662,0.805496,0.810060,0.800933,0.001563,0.011509,0.037175,0.021522,0.050000,11,1,9
teapot_droplets,hard,300,1293.802,0.185099,0.752167,0.814730,0.689604,23,0.00000931,1,0.111612,0.008734,0.214491,0.892799,0.989484,0.796113,0.829682,0.821846,0.837518,0.001729,0.011877,0.035068,0.019826,0.050000,11,1,9
teapot_droplets,hard,325,1324.948,0.182394,0.759069,0.817784,0.700354,23,0.00006348,2,0.113415,0.009471,0.217360,0.892753,0.988658,0.796849,0.839056,0.825529,0.852582,0.001954,0.012096,0.034563,0.019195,0.050000,11,1,9
teapot_droplets,hard,350,1530.464,0.176875,0.770485,0.822403,0.718566,23,0.00003024,3,0.115893,0.010839,0.220947,0.892977,0.987130,0.798824,0.854324,0.831316,0.877331,0.002414,0.012179,0.033805,0.017850,0.050000,11,1,9
teapot_droplets,hard,375,1560.656,0.170978,0.778058,0.824430,0.731686,23,0.00034361,3,0.107485,0.010523,0.204448,0.899611,0.987527,0.811695,0.857191,0.833105,0.881277,0.002239,0.011304,0.033372,0.016769,0.050000,11,1,9
teapot_droplets,hard,400,1767.177,0.168104,0.779699,0.827734,0.731664,23,0.00020833,2,0.105768,0.008524,0.203013,0.901238,0.989893,0.812583,0.857495,0.834789,0.880201,0.001838,0.011195,0.032789,0.016681,0.050000,11,1,9
teapot_droplets,hard,425,1797.816,0.167295,0.779571,0.828879,0.730263,23,0.00055146,3,0.103659,0.007892,0.199426,0.902592,0.990641,0.814543,0.855659,0.835420,0.875897,0.001630,0.011078,0.032408,0.016874,0.050000,11,1,9
teapot_droplets,hard,450,2005.263,0.167601,0.779845,0.834830,0.724860,23,0.00003324,3,0.112088,0.007892,0.216284,0.896857,0.990707,0.803006,0.861527,0.841418,0.881636,0.001678,0.012119,0.031323,0.017637,0.050000,11,1,9
teapot_droplets,hard,475,2036.199,0.161051,0.786570,0.836991,0.736149,23,0.00012971,2,0.102342,0.007050,0.197633,0.904294,0.991705,0.816883,0.862264,0.842892,0.881636,0.001512,0.010976,0.030928,0.016481,0.050000,11,1,9
teapot_droplets,hard,500,2244.366,0.160951,0.787204,0.835421,0.738987,23,0.00001892,2,0.102614,0.008313,0.196915,0.904069,0.990228,0.817910,0.863435,0.842366,0.884505,0.001763,0.010794,0.031215,0.016153,0.050000,11,1,9
teapot_droplets,hard,525,2275.164,0.155719,0.792543,0.847915,0.737172,23,0.00009471,2,0.104515,0.006735,0.202296,0.903170,0.992172,0.814168,0.869962,0.853625,0.886298,0.001515,0.011323,0.028918,0.016547,0.050000,11,1,9
teapot_droplets,hard,550,2485.478,0.152932,0.797155,0.852613,0.741696,23,0.00002067,1,0.109154,0.008839,0.209469,0.900262,0.989828,0.810697,0.878604,0.860149,0.897059,0.002083,0.011534,0.028112,0.016052,0.050000,11,1,9
teapot_droplets,hard,575,2516.489,0.150288,0.800334,0.854941,0.745727,23,0.00005868,0,0.103360,0.010523,0.196198,0.903838,0.987966,0.819710,0.877988,0.863938,0.892037,0.002307,0.010951,0.027641,0.015812,0.050000,11,1,9
teapot_droplets,hard,600,2728.632,0.150012,0.796857,0.860538,0.733176,23,0.00001717,2,0.112392,0.009576,0.215208,0.897273,0.989098,0.805447,0.879870,0.868778,0.890961,0.002078,0.011846,0.026312,0.016726,0.050000,11,1,9
teapot_droplets,hard,625,2759.924,0.148424,0.799584,0.864769,0.734398,23,0.00005535,3,0.110979,0.009260,0.212697,0.898359,0.989501,0.807217,0.881690,0.872777,0.890603,0.002025,0.011918,0.025691,0.016800,0.050000,11,1,9
teapot_droplets,hard,650,2972.437,0.148620,0.799193,0.867188,0.731199,23,0.00003155,2,0.115577,0.010207,0.220947,0.895046,0.988483,0.801610,0.884397,0.876039,0.892755,0.002225,0.012323,0.025142,0.017116,0.050000,11,1,9
teapot_droplets,hard,675,3003.689,0.148605,0.797878,0.866903,0.728854,23,0.00016261,4,0.112920,0.008839,0.217001,0.896719,0.989994,0.803444,0.880791,0.874566,0.887016,0.001972,0.012087,0.025285,0.017183,0.050000,11,1,9
teapot_droplets,hard,700,3214.152,0.152204,0.797973,0.860064,0.735882,23,0.00001778,3,0.116596,0.013680,0.219512,0.894010,0.984551,0.803468,0.884624,0.871830,0.897418,0.002871,0.012264,0.026328,0.016835,0.050000,11,1,9
teapot_droplets,hard,725,3245.351,0.153612,0.794624,0.868689,0.720558,23,0.00006261,1,0.123222,0.012943,0.233501,0.888725,0.985504,0.791946,0.884371,0.879933,0.888809,0.002916,0.013231,0.024964,0.018152,0.050000,11,1,9
teapot_droplets,hard,750,3456.182,0.147047,0.799658,0.872705,0.726612,23,0.00001903,3,0.121550,0.008524,0.234577,0.891559,0.990409,0.792710,0.888601,0.880143,0.897059,0.001763,0.013104,0.023969,0.017609,0.050000,11,1,9
teapot_droplets,hard,775,3487.371,0.148979,0.799976,0.867919,0.732034,23,0.00007314,3,0.120706,0.008629,0.232783,0.892592,0.990239,0.794945,0.888923,0.875408,0.902439,0.001921,0.012991,0.025017,0.017170,0.050000,11,1,9
teapot_droplets,hard,800,3699.382,0.146561,0.803097,0.872068,0.734126,23,0.00001751,3,0.123174,0.009260,0.237088,0.891286,0.989588,0.792985,0.894161,0.880143,0.908178,0.001897,0.013326,0.023989,0.017249,0.050000,11,1,9
teapot_droplets,hard,825,3730.678,0.146059,0.803397,0.874791,0.732003,23,0.00004765,3,0.124599,0.008524,0.240674,0.890470,0.990431,0.790509,0.895213,0.882248,0.908178,0.001893,0.013512,0.023572,0.017401,0.050000,11,1,9
teapot_droplets,hard,850,3940.060,0.148795,0.801162,0.871755,0.730570,23,0.00000048,2,0.127657,0.009260,0.246055,0.888403,0.989585,0.787221,0.895079,0.879827,0.910330,0.001954,0.013818,0.024172,0.017540,0.050000,11,1,9
teapot_droplets,hard,875,3971.113,0.148117,0.802307,0.876642,0.727973,23,0.00015959,2,0.133523,0.009155,0.257891,0.885007,0.989757,0.780257,0.900189,0.884668,0.915710,0.001908,0.014520,0.023225,0.017896,0.050000,11,1,9
teapot_droplets,hard,900,4179.069,0.154675,0.794686,0.873395,0.715976,23,0.00001518,2,0.140582,0.008208,0.272956,0.880149,0.990765,0.769534,0.895985,0.880564,0.911406,0.001927,0.015298,0.024116,0.018827,0.050000,11,1,9
teapot_droplets,hard,925,4210.005,0.148894,0.801332,0.874948,0.727716,23,0.00011623,2,0.130190,0.008945,0.251435,0.886806,0.989969,0.783642,0.896731,0.882774,0.910689,0.001963,0.014181,0.023695,0.017837,0.050000,11,1,9
teapot_droplets,hard,950,4420.318,0.146968,0.802357,0.873211,0.731503,23,0.00005081,1,0.124305,0.007577,0.241033,0.890829,0.991462,0.790197,0.893823,0.879827,0.907819,0.001690,0.013585,0.023942,0.017398,0.050000,11,1,9
teapot_droplets,hard,975,4451.019,0.149028,0.802955,0.867564,0.738345,23,0.00009188,1,0.119652,0.008313,0.230990,0.893972,0.990586,0.797357,0.891836,0.874776,0.908895,0.001842,0.013225,0.025054,0.017067,0.050000,11,1,9
teapot_droplets,hard,1000,4659.285,0.146564,0.804118,0.871348,0.736888,23,0.00003338,2,0.119757,0.008524,0.230990,0.893716,0.990394,0.797038,0.892938,0.878775,0.907102,0.001901,0.013014,0.024380,0.017010,0.050000,11,1,9
teapot_droplets,hard,1025,4689.962,0.143439,0.807661,0.873094,0.742229,23,0.00015229,2,0.115285,0.007471,0.223099,0.897153,0.991578,0.802728,0.893718,0.879617,0.907819,0.001744,0.012629,0.024060,0.016531,0.050000,11,1,9
teapot_droplets,hard,1050,4902.331,0.143335,0.808189,0.871830,0.744549,23,0.00001529,2,0.112784,0.008208,0.217360,0.898662,0.990748,0.806575,0.892685,0.878986,0.906385,0.001834,0.012303,0.024341,0.016365,0.050000,11,1,9
teapot_droplets,hard,1075,4933.509,0.141732,0.811322,0.870709,0.751936,23,0.00012236,1,0.106433,0.008418,0.204448,0.903168,0.990503,0.815832,0.891853,0.878039,0.905667,0.001955,0.011687,0.024567,0.015828,0.050000,11,1,9
teapot_droplets,hard,1100,5143.974,0.137263,0.814160,0.880535,0.747785,23,0.00000730,1,0.111086,0.007682,0.214491,0.900181,0.991417,0.808946,0.897738,0.887299,0.908178,0.001813,0.012107,0.022741,0.016052,0.050000,11,1,9
teapot_droplets,hard,1125,5175.236,0.140399,0.810689,0.881395,0.739982,23,0.00006605,2,0.117110,0.007892,0.226327,0.895787,0.991194,0.800380,0.897906,0.888351,0.907461,0.001811,0.012980,0.022481,0.016909,0.050000,11,1,9
teapot_droplets,hard,1150,5386.332,0.136504,0.812983,0.885690,0.740275,23,0.00002783,3,0.117636,0.008945,0.226327,0.895266,0.990090,0.800443,0.900716,0.893613,0.907819,0.001969,0.012685,0.021604,0.016564,0.050000,11,1,9
teapot_droplets,hard,1175,5417.680,0.148483,0.801444,0.879533,0.723355,23,0.00004346,3,0.129176,0.009786,0.248565,0.886640,0.989101,0.784179,0.895648,0.888141,0.903156,0.002137,0.014422,0.022702,0.018503,0.050000,11,1,9
teapot_droplets,hard,1200,5628.877,0.144743,0.807165,0.881728,0.732602,23,0.00000821,2,0.126421,0.010733,0.242109,0.888975,0.988099,0.789851,0.900582,0.891192,0.909971,0.002325,0.014019,0.022298,0.017776,0.050000,11,1,9
teapot_droplets,hard,1225,5659.953,0.140057,0.810147,0.881126,0.739169,23,0.00007401,3,0.117203,0.009155,0.225251,0.895317,0.989809,0.800825,0.897430,0.889193,0.905667,0.002016,0.012819,0.022381,0.016870,0.050000,11,1,9
teapot_droplets,hard,1250,5870.594,0.143483,0.806844,0.887199,0.726488,23,0.00000997,3,0.128722,0.010313,0.247131,0.887159,0.988626,0.785692,0.901187,0.896349,0.906026,0.002345,0.014321,0.021272,0.018220,0.050000,11,1,9
teapot_droplets,hard,1275,5901.963,0.140649,0.807980,0.886769,0.729191,23,0.00002688,1,0.125147,0.009260,0.241033,0.889715,0.989759,0.789671,0.899965,0.894981,0.904950,0.001964,0.013704,0.021226,0.017817,0.050000,11,1,9
teapot_droplets,hard,1300,6112.355,0.140554,0.810223,0.889120,0.731326,23,0.00001791,2,0.125281,0.011681,0.238881,0.889267,0.987181,0.791353,0.902766,0.899505,0.906026,0.002710,0.013662,0.021016,0.017644,0.050000,11,1,9
teapot_droplets,hard,1325,6143.562,0.147035,0.805055,0.890862,0.719248,23,0.00005593,3,0.139418,0.019152,0.259684,0.878286,0.979342,0.777231,0.906975,0.907924,0.906026,0.004439,0.014805,0.020660,0.018716,0.050000,11,1,9
teapot_droplets,hard,1350,6353.891,0.146980,0.803891,0.891911,0.715870,23,0.00000997,1,0.139241,0.017363,0.261119,0.878440,0.981224,0.775655,0.905098,0.907398,0.902798,0.003973,0.014973,0.020430,0.019087,0.050000,11,1,9
teapot_droplets,hard,1375,6385.024,0.147445,0.803723,0.887286,0.720160,23,0.00000597,1,0.134994,0.013890,0.256098,0.882076,0.984794,0.779357,0.902101,0.899611,0.904591,0.003282,0.014775,0.021356,0.018763,0.050000,11,1,9
teapot_droplets,hard,1400,6588.614,0.141205,0.810390,0.893013,0.727768,22,0.00000089,1,0.132703,0.015048,0.250359,0.883953,0.983670,0.784235,0.908211,0.906451,0.909971,0.003340,0.014352,0.020104,0.018119,0.050000,11,1,10
teapot_droplets,hard,1425,6618.584,0.137436,0.813716,0.893462,0.733969,22,0.00000777,1,0.127084,0.012417,0.241750,0.888408,0.986459,0.790358,0.907981,0.904556,0.911406,0.002797,0.013816,0.020000,0.017503,0.050000,11,1,10
teapot_droplets,hard,1450,6820.993,0.131658,0.817369,0.900729,0.734009,22,0.00001141,2,0.124723,0.010207,0.239240,0.890332,0.988907,0.791758,0.909768,0.909923,0.909613,0.002159,0.013688,0.018474,0.017485,0.050000,11,1,10
teapot_droplets,hard,1475,6850.876,0.127924,0.819524,0.907524,0.731524,22,0.00001613,2,0.124759,0.007050,0.242468,0.890876,0.992345,0.789408,0.911409,0.913922,0.908895,0.001511,0.013901,0.017180,0.017752,0.050000,11,1,10
teapot_droplets,hard,1500,7053.487,0.125897,0.820817,0.915222,0.726412,22,0.00001238,1,0.129305,0.007892,0.250717,0.887621,0.991517,0.783725,0.915491,0.922446,0.908537,0.001712,0.014321,0.015798,0.018149,0.050000,11,1,10
teapot_droplets,hard,1525,7083.635,0.125610,0.819014,0.914722,0.723307,22,0.00004331,1,0.127662,0.005682,0.249641,0.888721,0.993861,0.783582,0.911897,0.919920,0.903874,0.001266,0.014162,0.015948,0.018198,0.050000,11,1,10
teapot_droplets,hard,1550,7284.366,0.132317,0.815749,0.903000,0.728498,22,0.00006079,2,0.128905,0.006735,0.251076,0.888332,0.992646,0.784017,0.910244,0.909081,0.911406,0.001406,0.014356,0.018172,0.018038,0.050000,11,1,10
teapot_droplets,hard,1575,7314.078,0.137404,0.809913,0.894704,0.725121,22,0.00003021,2,0.132629,0.007366,0.257891,0.885738,0.991893,0.779583,0.906709,0.901294,0.912123,0.001480,0.014550,0.019619,0.018160,0.050000,11,1,10
teapot_droplets,hard,1600,7514.694,0.142255,0.807126,0.897249,0.717002,22,0.00007238,2,0.146213,0.009786,0.282640,0.877115,0.989314,0.764916,0.912843,0.906030,0.919656,0.002058,0.016039,0.019187,0.019166,0.050000,11,1,10
teapot_droplets,hard,1625,7544.444,0.142698,0.806719,0.890615,0.722823,22,0.00006296,3,0.134778,0.009155,0.260402,0.883813,0.989917,0.777710,0.904908,0.898769,0.911047,0.002008,0.014907,0.020508,0.018586,0.050000,11,1,10
teapot_droplets,hard,1650,7748.462,0.132693,0.815921,0.892028,0.739814,21,0.00000427,2,0.119106,0.005788,0.232425,0.895228,0.993590,0.796865,0.904478,0.897190,0.911765,0.001250,0.013103,0.020247,0.016806,0.050000,11,1,11
teapot_droplets,hard,1675,7776.797,0.128038,0.820652,0.892559,0.748745,21,0.00005763,1,0.110845,0.006840,0.214849,0.900689,0.992446,0.808931,0.904138,0.898664,0.909613,0.001389,0.012064,0.020023,0.015916,0.050000,11,1,11
teapot_droplets,hard,1700,7965.036,0.129190,0.820565,0.890759,0.750370,21,0.00001478,1,0.108946,0.006629,0.211263,0.902030,0.992661,0.811399,0.902780,0.896664,0.908895,0.001381,0.011958,0.020494,0.015896,0.050000,11,1,11
teapot_droplets,hard,1725,7993.277,0.126557,0.824008,0.893115,0.754902,21,0.00006091,2,0.107236,0.007156,0.207317,0.903396,0.992108,0.814684,0.905456,0.899505,0.911406,0.001527,0.011705,0.020026,0.015530,0.050000,11,1,11
teapot_droplets,hard,1750,8183.533,0.128059,0.824176,0.890451,0.757901,21,0.00000101,2,0.106768,0.010523,0.203013,0.903165,0.988441,0.817889,0.905793,0.899821,0.911765,0.002285,0.011473,0.020553,0.015254,0.050000,11,1,11
teapot_droplets,hard,1775,8211.525,0.123915,0.825942,0.893077,0.758806,21,0.00004498,1,0.104683,0.007787,0.201578,0.905183,0.991422,0.818943,0.905898,0.900032,0.911765,0.001656,0.011110,0.019977,0.014935,0.050000,11,1,11
teapot_droplets,hard,1800,8402.483,0.125458,0.824681,0.891443,0.757920,21,0.00000087,2,0.103650,0.007156,0.200143,0.905872,0.992093,0.819651,0.903717,0.897822,0.909613,0.001463,0.011218,0.020333,0.015145,0.050000,11,1,11
teapot_droplets,hard,1825,8430.708,0.125792,0.824339,0.891872,0.756805,21,0.00002941,2,0.103164,0.007261,0.199067,0.906040,0.991982,0.820097,0.902904,0.898348,0.907461,0.001539,0.011223,0.020295,0.015248,0.050000,11,1,11
teapot_droplets,hard,1850,8620.459,0.123234,0.826712,0.894319,0.759104,21,0.00000438,1,0.104630,0.007682,0.201578,0.905275,0.991548,0.819002,0.906656,0.901189,0.912123,0.001589,0.011125,0.019789,0.014931,0.050000,11,1,11
teapot_droplets,hard,1875,8648.637,0.123374,0.827042,0.892779,0.761306,21,0.00004132,1,0.102289,0.006945,0.197633,0.907095,0.992334,0.821856,0.905372,0.898979,0.911765,0.001445,0.011028,0.020017,0.014862,0.050000,11,1,11
teapot_droplets,hard,1900,8838.687,0.124798,0.825585,0.889179,0.761990,21,0.00000109,1,0.102014,0.007471,0.196557,0.907191,0.991729,0.822654,0.903794,0.895822,0.911765,0.001484,0.010905,0.020695,0.014710,0.050000,11,1,11
teapot_droplets,hard,1925,8866.825,0.124224,0.825762,0.892171,0.759353,21,0.00002675,1,0.103226,0.008103,0.198350,0.906054,0.991071,0.821036,0.904686,0.899400,0.909971,0.001647,0.011065,0.020095,0.014951,0.050000,11,1,11
teapot_droplets,hard,1950,9057.458,0.123996,0.827509,0.891316,0.763702,21,0.00000004,1,0.102289,0.006945,0.197633,0.907318,0.992321,0.822315,0.906070,0.897506,0.914634,0.001490,0.011105,0.020328,0.014707,0.050000,11,1,11
teapot_droplets,hard,1975,9085.614,0.124635,0.827061,0.891731,0.762391,21,0.00002602,1,0.100969,0.007892,0.194046,0.907794,0.991295,0.824294,0.904549,0.898769,0.910330,0.001708,0.011006,0.020291,0.014891,0.050000,11,1,11
teapot_droplets,hard,2000,9277.189,0.124060,0.828328,0.887633,0.769022,21,0.00000374,1,0.096868,0.005788,0.187948,0.911465,0.993559,0.829372,0.903164,0.892771,0.913558,0.001301,0.010537,0.021203,0.014230,0.050000,11,1,11
teapot_droplets,hard,2025,9305.516,0.122677,0.829287,0.890411,0.768164,21,0.00002995,1,0.098028,0.006314,0.189742,0.910541,0.993003,0.828079,0.904975,0.896033,0.913917,0.001347,0.010690,0.020446,0.014421,0.050000,11,1,11
teapot_droplets,hard,2050,9496.092,0.123136,0.828219,0.895044,0.761394,21,0.00000181,1,0.106359,0.008629,0.204089,0.904226,0.990532,0.817920,0.909777,0.902768,0.916786,0.001828,0.011429,0.019517,0.014899,0.050000,11,1,11
teapot_droplets,hard,2075,9523.947,0.118166,0.833381,0.895886,0.770877,21,0.00003020,2,0.098712,0.007682,0.189742,0.910072,0.991563,0.828581,0.909956,0.902768,0.917145,0.001529,0.010466,0.019380,0.014005,0.050000,11,1,11
teapot_droplets,hard,2100,9712.941,0.121096,0.830726,0.893841,0.767610,21,0.00000244,1,0.099819,0.008103,0.191535,0.908968,0.991088,0.826848,0.907859,0.901084,0.914634,0.001757,0.010610,0.019867,0.014314,0.050000,11,1,11
teapot_droplets,hard,2125,9741.387,0.123310,0.828350,0.892422,0.764279,21,0.00005810,1,0.098172,0.009471,0.186872,0.909388,0.989597,0.829180,0.903988,0.900873,0.907102,0.002116,0.010473,0.020250,0.014544,0.050000,11,1,11
teapot_droplets,hard,2150,9932.477,0.122602,0.828075,0.892842,0.763308,21,0.00000932,1,0.100567,0.008524,0.192611,0.907994,0.990623,0.825366,0.905391,0.900452,0.910330,0.001760,0.010707,0.020036,0.014596,0.050000,11,1,11
teapot_droplets,hard,2175,9960.682,0.122199,0.827249,0.894258,0.760241,21,0.00005480,1,0.098461,0.006103,0.190818,0.909589,0.993262,0.825916,0.902512,0.899716,0.905308,0.001434,0.010644,0.019937,0.014744,0.050000,11,1,11
teapot_droplets,hard,2200,10151.222,0.121357,0.829515,0.893721,0.765309,21,0.00000162,1,0.098984,0.008945,0.189024,0.909090,0.990178,0.828003,0.905843,0.901715,0.909971,0.001924,0.010474,0.019811,0.014441,0.050000,11,1,11
teapot_droplets,hard,2225,10179.480,0.121368,0.830145,0.897037,0.763253,21,0.00002247,1,0.099776,0.008734,0.190818,0.908462,0.990440,0.826484,0.906884,0.904872,0.908895,0.001903,0.010822,0.019293,0.014794,0.050000,11,1,11
teapot_droplets,hard,2250,10368.084,0.122010,0.828986,0.893390,0.764581,21,0.00000543,1,0.097330,0.007787,0.186872,0.910331,0.991425,0.829236,0.903904,0.900347,0.907461,0.001663,0.010600,0.019881,0.014657,0.050000,11,1,11
teapot_droplets,hard,2275,10396.291,0.119577,0.829985,0.895798,0.764171,21,0.00000655,1,0.095063,0.006840,0.183286,0.911969,0.992473,0.831464,0.903079,0.901926,0.904232,0.001504,0.010193,0.019554,0.014454,0.050000,11,1,11
teapot_droplets,hard,2300,10586.233,0.118527,0.832227,0.894193,0.770262,21,0.00000000,1,0.092330,0.007471,0.177188,0.914153,0.991775,0.836532,0.903808,0.900873,0.906743,0.001585,0.009879,0.019747,0.014030,0.050000,11,1,11
teapot_droplets,hard,2325,10614.192,0.118178,0.831145,0.897425,0.764866,21,0.00008810,1,0.096837,0.005367,0.188307,0.911231,0.994087,0.828375,0.905568,0.902241,0.908895,0.001191,0.010395,0.019233,0.014346,0.050000,11,1,11
teapot_droplets,hard,2350,10803.404,0.118530,0.831719,0.897616,0.765823,21,0.00000997,1,0.098154,0.006209,0.190100,0.910295,0.993173,0.827418,0.907297,0.903188,0.911406,0.001409,0.010535,0.019170,0.014365,0.050000,11,1,11
teapot_droplets,hard,2375,10831.049,0.117765,0.832905,0.898017,0.767793,21,0.00000840,1,0.098743,0.008103,0.189383,0.909683,0.991129,0.828237,0.909246,0.905293,0.913199,0.001688,0.010418,0.018966,0.014234,0.050000,11,1,11
teapot_droplets,hard,2400,11018.670,0.118789,0.833177,0.897727,0.768627,21,0.00000095,1,0.099195,0.009365,0.189024,0.909194,0.989770,0.828618,0.910026,0.906135,0.913917,0.002087,0.010520,0.019055,0.014238,0.050000,11,1,11
teapot_droplets,hard,2425,11046.776,0.117165,0.835455,0.898142,0.772769,21,0.00003581,1,0.096875,0.008313,0.185438,0.911277,0.990904,0.831651,0.910839,0.905609,0.916069,0.001781,0.010322,0.019068,0.013928,0.050000,11,1,11
teapot_droplets,hard,2450,11228.793,0.119179,0.830990,0.897168,0.764813,20,0.00000000,1,0.096729,0.006945,0.186514,0.910940,0.992371,0.829508,0.905430,0.903399,0.907461,0.001667,0.010353,0.019313,0.014404,0.050000,11,1,12
teapot_droplets,hard,2475,11255.289,0.120003,0.829932,0.898517,0.761347,20,0.00000425,0,0.100610,0.007892,0.193329,0.907952,0.991360,0.824544,0.907073,0.905609,0.908537,0.001756,0.010725,0.018987,0.014773,0.050000,11,1,12
teapot_droplets,hard,2500,11437.169,0.121911,0.829191,0.896749,0.761633,20,0.00001075,2,0.102380,0.009997,0.194763,0.906392,0.989083,0.823701,0.907843,0.905714,0.909971,0.002184,0.010876,0.019294,0.014811,0.050000,11,1,12
teapot_droplets,hard,2525,11464.267,0.122870,0.825407,0.897074,0.753740,20,0.00000322,2,0.102880,0.007050,0.198709,0.905988,0.992256,0.819720,0.903457,0.903399,0.903515,0.001620,0.011073,0.019279,0.015331,0.050000,11,1,12
teapot_droplets,hard,2550,11642.018,0.127793,0.821332,0.894441,0.748223,20,0.00001716,1,0.110871,0.010839,0.210904,0.899665,0.988154,0.811175,0.905081,0.904136,0.906026,0.002292,0.011706,0.019752,0.015842,0.050000,11,1,12
teapot_droplets,hard,2575,11668.480,0.128737,0.822759,0.892772,0.752746,20,0.00000279,0,0.110089,0.011786,0.208393,0.900362,0.987121,0.813603,0.906453,0.903294,0.909613,0.002487,0.011764,0.020118,0.015669,0.050000,11,1,12
teapot_droplets,hard,2600,11848.990,0.128840,0.822541,0.894194,0.750888,20,0.00001558,0,0.110905,0.009471,0.212339,0.900240,0.989617,0.810863,0.906496,0.902662,0.910330,0.002161,0.012053,0.019940,0.015896,0.050000,11,1,12
teapot_droplets,hard,2625,11875.999,0.128091,0.822797,0.897804,0.747790,20,0.00000976,0,0.114257,0.011154,0.217360,0.897557,0.987862,0.807252,0.909074,0.907819,0.910330,0.002500,0.012303,0.019176,0.016117,0.050000,11,1,12
teapot_droplets,hard,2650,12056.646,0.131055,0.822732,0.890875,0.754589,20,0.00000484,0,0.112072,0.012522,0.211621,0.899175,0.986308,0.812042,0.908153,0.902031,0.914275,0.002756,0.012102,0.020516,0.015739,0.050000,11,1,12
teapot_droplets,hard,2675,12083.052,0.132383,0.822895,0.888970,0.756821,20,0.00000720,0,0.110838,0.012207,0.209469,0.900196,0.986616,0.813776,0.907586,0.899821,0.915352,0.002734,0.012081,0.021000,0.015718,0.050000,11,1,12
teapot_droplets,hard,2700,12263.230,0.134990,0.820344,0.889211,0.751476,20,0.00000536,1,0.115286,0.015364,0.215208,0.896275,0.983268,0.809282,0.908036,0.902873,0.913199,0.003516,0.012371,0.020977,0.016075,0.050000,11,1,12
teapot_droplets,hard,2725,12289.677,0.134268,0.817716,0.890287,0.745144,20,0.00000417,1,0.115343,0.011891,0.218795,0.896414,0.986973,0.805856,0.904526,0.900873,0.908178,0.002738,0.012504,0.020714,0.016420,0.050000,11,1,12
dancer_guitar,hard,1,1.362,0.742229,0.217108,0.245244,0.188971,20,0.00096609,0,0.284969,0.187025,0.382914,0.507242,0.608845,0.405639,0.276221,0.291111,0.261331,0.020082,0.048054,0.087845,0.125271,0.050000,0,0,0
dancer_guitar,hard,25,24.723,0.481334,0.372694,0.370740,0.374647,20,0.00014238,0,0.119086,0.090331,0.147842,0.780758,0.817352,0.744164,0.417133,0.404229,0.430036,0.009597,0.018114,0.067040,0.079516,0.050000,0,0,0
dancer_guitar,hard,50,181.161,0.370933,0.485444,0.476464,0.494423,21,0.00022482,1,0.076638,0.072880,0.080396,0.872202,0.875220,0.869183,0.522681,0.511189,0.534173,0.007613,0.009659,0.054728,0.060228,0.050000,3,0,2
dancer_guitar,hard,75,206.147,0.316148,0.560619,0.533092,0.588146,21,0.00004580,0,0.070739,0.076370,0.065108,0.894195,0.882539,0.905852,0.600121,0.573804,0.626439,0.008063,0.007944,0.048926,0.048443,0.050000,3,0,2
dancer_guitar,hard,100,374.346,0.282212,0.603267,0.566023,0.640511,23,0.00000183,0,0.065486,0.074317,0.056655,0.906926,0.891095,0.922756,0.642444,0.608089,0.676799,0.007726,0.006813,0.045249,0.041552,0.050000,6,0,3
dancer_guitar,hard,125,401.647,0.243030,0.656479,0.635229,0.677730,23,0.00000140,0,0.057319,0.068774,0.045863,0.923623,0.908018,0.939228,0.693864,0.678916,0.708813,0.007169,0.005481,0.037754,0.036931,0.050000,6,0,3
dancer_guitar,hard,150,589.122,0.213138,0.698755,0.678051,0.719459,25,0.00005729,1,0.053978,0.070006,0.037950,0.931819,0.912000,0.951639,0.736140,0.725518,0.746763,0.007290,0.004557,0.033250,0.031859,0.050000,8,0,3
dancer_guitar,hard,175,618.725,0.195427,0.725292,0.697983,0.752601,25,0.00001316,0,0.052990,0.068569,0.037410,0.935041,0.915805,0.954276,0.763299,0.745843,0.780755,0.007166,0.004563,0.031169,0.028105,0.050000,8,0,3
dancer_guitar,hard,200,822.412,0.180067,0.750354,0.724415,0.776293,25,0.00002883,1,0.053784,0.071238,0.036331,0.936355,0.915920,0.956791,0.790259,0.776021,0.804496,0.007677,0.004458,0.028627,0.025321,0.050000,8,0,3
dancer_guitar,hard,225,852.514,0.165191,0.774550,0.754419,0.794680,25,0.00000979,1,0.057299,0.080066,0.034532,0.935110,0.910530,0.959689,0.818472,0.814822,0.822122,0.008326,0.004306,0.025424,0.023322,0.050000,8,0,3
dancer_guitar,hard,250,1057.017,0.151189,0.792560,0.773206,0.811914,23,0.00002645,1,0.054143,0.072675,0.035612,0.939402,0.919436,0.959368,0.835113,0.829398,0.840827,0.007727,0.004238,0.023466,0.020941,0.050000,8,0,5
dancer_guitar,hard,275,1085.017,0.149106,0.797453,0.778541,0.816366,23,0.00005850,1,0.055298,0.075344,0.035252,0.938697,0.917435,0.959959,0.841172,0.837200,0.845144,0.008056,0.004279,0.022962,0.020559,0.050000,8,0,5
dancer_guitar,hard,300,1265.562,0.144025,0.804346,0.780754,0.827938,22,0.00006981,1,0.056057,0.073086,0.039029,0.938183,0.919766,0.956600,0.849034,0.837816,0.860252,0.007692,0.004722,0.022537,0.019248,0.050000,8,0,6
dancer_guitar,hard,325,1291.692,0.140703,0.807842,0.784317,0.831367,22,0.00002089,0,0.053759,0.070827,0.036691,0.940697,0.922227,0.959167,0.850870,0.839869,0.861871,0.007557,0.004427,0.022210,0.018695,0.050000,8,0,6
dancer_guitar,hard,350,1469.304,0.132780,0.815294,0.811552,0.819036,21,0.00009992,1,0.044634,0.055635,0.033633,0.950404,0.939019,0.961790,0.851643,0.856703,0.846583,0.005826,0.004122,0.019012,0.020251,0.050000,8,0,7
dancer_guitar,hard,375,1494.250,0.130960,0.820282,0.817208,0.823356,21,0.00008096,1,0.047089,0.054609,0.039568,0.948113,0.940412,0.955814,0.858885,0.861835,0.855935,0.005817,0.004847,0.018433,0.019869,0.050000,8,0,7
dancer_guitar,hard,400,1663.904,0.115920,0.836483,0.839779,0.833188,20,0.00023554,1,0.035599,0.040443,0.030755,0.960593,0.955760,0.965427,0.866278,0.873743,0.858813,0.004266,0.003744,0.015969,0.018611,0.050000,8,0,8
dancer_guitar,hard,425,1688.053,0.109538,0.845831,0.838602,0.853059,20,0.00016410,1,0.038705,0.045576,0.031835,0.957843,0.950590,0.965096,0.878519,0.876822,0.880216,0.004737,0.003695,0.016108,0.016150,0.050000,8,0,8
dancer_guitar,hard,450,1852.015,0.097413,0.861755,0.836959,0.886551,20,0.00005101,3,0.036674,0.047629,0.025719,0.960487,0.948479,0.972495,0.893087,0.876822,0.909353,0.004884,0.003121,0.016169,0.012288,0.050000,8,0,8
dancer_guitar,hard,475,1875.553,0.085857,0.880822,0.856166,0.905479,20,0.00001642,2,0.039010,0.050503,0.027518,0.959053,0.946834,0.971273,0.914900,0.899405,0.930396,0.005175,0.003370,0.014199,0.010143,0.050000,8,0,8
dancer_guitar,hard,500,2036.279,0.086977,0.877849,0.841363,0.914336,19,0.00000068,1,0.038511,0.048245,0.028777,0.959225,0.948135,0.970315,0.911301,0.881954,0.940647,0.005021,0.003381,0.015766,0.009025,0.050000,8,0,9
dancer_guitar,hard,525,2058.857,0.078658,0.890898,0.856219,0.925577,19,0.00002699,1,0.038768,0.048039,0.029496,0.959580,0.949186,0.969974,0.925115,0.897352,0.952878,0.004975,0.003581,0.014112,0.007823,0.050000,8,0,9
dancer_guitar,hard,550,2214.941,0.082193,0.883691,0.851634,0.915747,18,0.00002404,1,0.037830,0.048861,0.026799,0.960213,0.948137,0.972289,0.916767,0.893246,0.940288,0.005022,0.003087,0.014544,0.008793,0.050000,8,0,10
dancer_guitar,hard,575,2236.929,0.076019,0.893181,0.860397,0.925965,18,0.00005872,2,0.035378,0.045576,0.025180,0.962971,0.951781,0.974160,0.924445,0.899610,0.949281,0.004791,0.002948,0.013817,0.007639,0.050000,8,0,10
dancer_guitar,hard,600,2388.124,0.074671,0.895019,0.861744,0.928295,18,0.00005971,1,0.033117,0.045371,0.020863,0.965255,0.952050,0.978459,0.924252,0.900842,0.947662,0.004811,0.002523,0.013671,0.007539,0.050000,8,0,10
dancer_guitar,hard,625,2410.306,0.074030,0.895090,0.863119,0.927061,18,0.00005547,1,0.033117,0.045371,0.020863,0.965277,0.952123,0.978431,0.924341,0.902279,0.946403,0.004695,0.002531,0.013410,0.007641,0.050000,8,0,10
dancer_guitar,hard,650,2559.239,0.076338,0.890903,0.853601,0.928206,17,0.00005300,0,0.031461,0.043318,0.019604,0.966661,0.953616,0.979706,0.918490,0.890577,0.946403,0.004483,0.002427,0.014389,0.007589,0.050000,8,0,11
dancer_guitar,hard,675,2580.155,0.072163,0.896307,0.865642,0.926971,17,0.00010359,3,0.030845,0.042086,0.019604,0.967552,0.955425,0.979679,0.923609,0.902073,0.945144,0.004382,0.002334,0.013143,0.007530,0.050000,8,0,11
dancer_guitar,hard,700,2723.712,0.070803,0.898424,0.864966,0.931883,16,0.00003870,3,0.031267,0.045986,0.016547,0.967231,0.951630,0.982833,0.926022,0.904742,0.947302,0.004729,0.001927,0.013243,0.007021,0.050000,8,0,12
dancer_guitar,hard,725,2743.489,0.069762,0.901115,0.870556,0.931674,16,0.00012298,3,0.031935,0.045165,0.018705,0.966691,0.952709,0.980673,0.929488,0.909875,0.949101,0.004650,0.002287,0.012643,0.007114,0.050000,8,0,12
dancer_guitar,hard,750,2874.524,0.076827,0.891306,0.856641,0.925972,14,0.00017258,2,0.034552,0.051119,0.017986,0.963778,0.946278,0.981277,0.921529,0.900431,0.942626,0.005320,0.002144,0.014174,0.007663,0.050000,8,0,14
dancer_guitar,hard,775,2891.668,0.076779,0.892934,0.862344,0.923524,14,0.00008001,2,0.037544,0.054404,0.020683,0.961037,0.943545,0.978529,0.925942,0.909259,0.942626,0.005652,0.002441,0.013587,0.007941,0.050000,8,0,14
dancer_guitar,hard,800,3005.949,0.087014,0.873390,0.861777,0.885003,12,0.00003660,2,0.031152,0.044139,0.018165,0.966740,0.953241,0.980239,0.900447,0.899815,0.901079,0.004487,0.002082,0.013445,0.012266,0.050000,8,0,16
dancer_guitar,hard,825,3020.407,0.085151,0.878385,0.869548,0.887222,12,0.00009089,2,0.034373,0.049682,0.019065,0.963864,0.948379,0.979349,0.908443,0.912749,0.904137,0.005049,0.002166,0.012724,0.012031,0.050000,8,0,16
dancer_guitar,hard,850,3119.825,0.083700,0.881262,0.879145,0.883380,12,0.00003555,2,0.032911,0.046397,0.019424,0.965436,0.951986,0.978886,0.910237,0.919934,0.900540,0.004798,0.002291,0.011810,0.012537,0.050000,8,0,16
dancer_guitar,hard,875,3134.577,0.081804,0.884319,0.889151,0.879486,12,0.00004340,3,0.032502,0.042702,0.022302,0.965882,0.955970,0.975795,0.913110,0.927120,0.899101,0.004577,0.002499,0.010924,0.012795,0.050000,8,0,16
dancer_guitar,hard,900,3233.706,0.081668,0.884236,0.888014,0.880458,12,0.00006404,2,0.032348,0.043112,0.021583,0.966047,0.955527,0.976567,0.912879,0.926299,0.899460,0.004603,0.002458,0.010949,0.012728,0.050000,8,0,16
dancer_guitar,hard,925,3248.382,0.079042,0.888284,0.890813,0.885755,12,0.00005819,2,0.031833,0.043523,0.020144,0.966734,0.955274,0.978193,0.916590,0.929583,0.903597,0.004612,0.002331,0.010726,0.012136,0.050000,8,0,16
dancer_guitar,hard,950,3346.504,0.078162,0.889468,0.892808,0.886127,12,0.00006238,2,0.031102,0.041881,0.020324,0.967466,0.956917,0.978016,0.917168,0.930199,0.904137,0.004362,0.002375,0.010421,0.012250,0.050000,8,0,16
dancer_guitar,hard,975,3360.632,0.077809,0.889985,0.893470,0.886500,12,0.00006707,1,0.030576,0.040649,0.020504,0.967976,0.958113,0.977838,0.917232,0.929789,0.904676,0.004215,0.002424,0.010359,0.012243,0.050000,8,0,16
dancer_guitar,hard,1000,3458.413,0.078426,0.888805,0.891871,0.885739,12,0.00003672,3,0.031013,0.040443,0.021583,0.967470,0.958236,0.976704,0.916398,0.927941,0.904856,0.004271,0.002496,0.010500,0.012249,0.050000,8,0,16
dancer_guitar,hard,1025,3472.610,0.076484,0.889422,0.893104,0.885739,12,0.00007290,1,0.030295,0.039006,0.021583,0.968182,0.959660,0.976704,0.916398,0.927941,0.904856,0.003867,0.002478,0.010171,0.012134,0.050000,8,0,16
dance_argument,hard,1,1.376,1.152610,0.188629,0.206117,0.171142,20,0.00000464,0,0.208281,0.263793,0.152769,0.530218,0.496849,0.563587,0.228888,0.260489,0.197287,0.036081,0.045266,0.122050,0.221479,0.050000,0,0,0
dance_argument,hard,25,25.915,0.871730,0.307010,0.359446,0.254574,20,0.00005177,0,0.095561,0.121738,0.069385,0.782494,0.768093,0.796895,0.337721,0.403204,0.272237,0.016410,0.020540,0.087104,0.184987,0.050000,0,0,0
dance_argument,hard,50,196.350,0.706211,0.430139,0.487761,0.372517,22,0.00004657,0,0.078525,0.106706,0.050343,0.860476,0.834951,0.886001,0.465539,0.539808,0.391270,0.014219,0.014502,0.068421,0.152611,0.050000,2,1,1
dance_argument,hard,75,224.416,0.568944,0.544261,0.596902,0.491620,22,0.00024647,2,0.075816,0.108854,0.042779,0.890873,0.858766,0.922981,0.587264,0.661876,0.512651,0.014551,0.012353,0.053610,0.122528,0.050000,2,1,1
dance_argument,hard,100,405.569,0.436870,0.638379,0.671126,0.605633,20,0.00004803,1,0.060427,0.098943,0.021911,0.923761,0.881714,0.965807,0.678216,0.737529,0.618903,0.013176,0.006122,0.042986,0.092978,0.050000,4,1,5
dance_argument,hard,125,432.366,0.368743,0.694705,0.708383,0.681026,20,0.00022824,1,0.061370,0.099438,0.023302,0.927211,0.886778,0.967645,0.737860,0.778824,0.696896,0.013143,0.006538,0.037981,0.075039,0.050000,4,1,5
dance_argument,hard,150,600.698,0.313562,0.736232,0.732488,0.739976,18,0.00000546,1,0.058858,0.094153,0.023563,0.932351,0.894873,0.969829,0.779433,0.801454,0.757412,0.012141,0.006501,0.034278,0.060921,0.050000,4,1,7
dance_argument,hard,175,625.118,0.271699,0.767958,0.753126,0.782790,18,0.00000870,1,0.053407,0.083251,0.023563,0.939418,0.907404,0.971432,0.808529,0.815824,0.801235,0.010852,0.006397,0.031381,0.050558,0.050000,4,1,7
dance_argument,hard,200,787.003,0.247664,0.787960,0.768701,0.807220,18,0.00000000,1,0.052933,0.079782,0.026085,0.940889,0.912309,0.969469,0.829153,0.830030,0.828276,0.010383,0.006854,0.029270,0.044666,0.050000,4,1,7
dance_argument,hard,225,811.315,0.234599,0.798553,0.774378,0.822728,18,0.00002934,1,0.048221,0.068880,0.027563,0.945801,0.923176,0.968426,0.836561,0.827717,0.845405,0.009178,0.007719,0.028543,0.041201,0.050000,4,1,7
dance_argument,hard,250,973.535,0.228797,0.801959,0.771981,0.831936,18,0.00000000,1,0.046748,0.067063,0.026432,0.947346,0.924717,0.969975,0.838839,0.823753,0.853926,0.008905,0.007632,0.028756,0.039241,0.050000,4,1,7
dance_argument,hard,275,997.604,0.218339,0.809794,0.771082,0.848505,18,0.00002981,1,0.052042,0.077304,0.026780,0.942520,0.914863,0.970178,0.850960,0.830690,0.871229,0.010066,0.007459,0.028941,0.035069,0.050000,4,1,7
dance_argument,hard,300,1158.176,0.199487,0.821668,0.766993,0.876344,18,0.00000396,2,0.053129,0.078956,0.027302,0.941734,0.912901,0.970566,0.863911,0.827552,0.900270,0.010116,0.007585,0.029318,0.028326,0.050000,4,1,7
dance_argument,hard,325,1182.247,0.199774,0.825907,0.765556,0.886258,18,0.00001511,2,0.058863,0.085728,0.031997,0.936351,0.906503,0.966198,0.872901,0.831186,0.914616,0.011583,0.009062,0.030202,0.026063,0.050000,4,1,7
dance_argument,hard,350,1340.212,0.186579,0.832917,0.772371,0.893463,18,0.00005814,1,0.053464,0.076148,0.030780,0.941867,0.916075,0.967659,0.876075,0.831186,0.920963,0.009783,0.008660,0.028594,0.024364,0.050000,4,1,7
dance_argument,hard,375,1364.032,0.185061,0.836158,0.773718,0.898598,18,0.00007461,1,0.052903,0.075983,0.029823,0.942571,0.916364,0.968778,0.878953,0.832507,0.925398,0.010311,0.008602,0.028940,0.023273,0.050000,4,1,7
dance_argument,hard,400,1528.147,0.185973,0.834368,0.768482,0.900254,18,0.00003287,1,0.057250,0.085894,0.028606,0.938355,0.906676,0.970034,0.880248,0.834490,0.926006,0.011474,0.008025,0.029608,0.022627,0.050000,4,1,7
dance_argument,hard,425,1552.001,0.180850,0.841206,0.781145,0.901267,18,0.00007904,1,0.057024,0.084572,0.029476,0.939223,0.909236,0.969210,0.887520,0.847208,0.927832,0.011313,0.008301,0.028004,0.022454,0.050000,4,1,7
dance_argument,hard,450,1712.265,0.175263,0.846222,0.792088,0.900355,18,0.00003819,1,0.052607,0.077304,0.027911,0.943829,0.916933,0.970725,0.889402,0.853320,0.925485,0.010364,0.008072,0.026393,0.022801,0.050000,4,1,7
dance_argument,hard,475,1736.100,0.178295,0.845136,0.791692,0.898579,18,0.00008154,1,0.054755,0.081599,0.027911,0.941833,0.912998,0.970669,0.889976,0.856293,0.923659,0.010918,0.008104,0.026479,0.023423,0.050000,4,1,7
dance_argument,hard,500,1900.398,0.174531,0.849201,0.797632,0.900770,18,0.00008127,1,0.057932,0.088041,0.027824,0.939361,0.907897,0.970824,0.896844,0.867856,0.925833,0.011412,0.008190,0.025492,0.022865,0.050000,4,1,7
dance_argument,hard,525,1924.685,0.166810,0.855456,0.808851,0.902062,18,0.00011652,1,0.051973,0.074992,0.028954,0.945175,0.920602,0.969749,0.898844,0.869508,0.928180,0.009743,0.008484,0.023883,0.022580,0.050000,4,1,7
dance_argument,hard,550,2087.423,0.171927,0.852085,0.804381,0.899789,18,0.00008957,1,0.057902,0.085894,0.029910,0.939601,0.910468,0.968733,0.900087,0.873472,0.926702,0.011260,0.008477,0.024566,0.022854,0.050000,4,1,7
dance_argument,hard,575,2111.467,0.164718,0.856844,0.811408,0.902280,18,0.00011714,2,0.053390,0.077304,0.029476,0.943997,0.918750,0.969243,0.901504,0.874133,0.928876,0.009889,0.008443,0.023384,0.022329,0.050000,4,1,7
dance_argument,hard,600,2275.254,0.167708,0.856478,0.815134,0.897822,18,0.00003980,2,0.053955,0.074001,0.033910,0.943408,0.922060,0.964757,0.901861,0.875454,0.928267,0.009944,0.009320,0.023223,0.023038,0.050000,4,1,7
dance_argument,hard,625,2299.601,0.162155,0.861041,0.816962,0.905121,18,0.00005041,4,0.049247,0.071193,0.027302,0.948122,0.924769,0.971475,0.902478,0.875124,0.929832,0.009702,0.008172,0.023197,0.021906,0.050000,4,1,7
dance_argument,hard,650,2461.517,0.170165,0.853998,0.805784,0.902212,18,0.00007736,4,0.057441,0.085233,0.029650,0.940129,0.911188,0.969070,0.901713,0.874463,0.928963,0.011277,0.008426,0.024540,0.022312,0.050000,4,1,7
dance_argument,hard,675,2485.503,0.164358,0.856784,0.810257,0.903310,18,0.00008937,2,0.049734,0.072514,0.026954,0.947373,0.922982,0.971764,0.898335,0.869012,0.927658,0.009703,0.007854,0.023778,0.022209,0.050000,4,1,7
dance_argument,hard,700,2649.037,0.162999,0.857271,0.811106,0.903436,18,0.00002028,2,0.050612,0.073835,0.027389,0.946595,0.921853,0.971338,0.899587,0.870994,0.928180,0.009802,0.007631,0.023720,0.021891,0.050000,4,1,7
dance_argument,hard,725,2673.011,0.162212,0.859419,0.813907,0.904931,18,0.00007463,1,0.048765,0.071358,0.026172,0.948473,0.924357,0.972589,0.900300,0.871985,0.928615,0.009616,0.007719,0.023544,0.021842,0.050000,4,1,7
dance_argument,hard,750,2833.698,0.158655,0.861596,0.818801,0.904391,18,0.00006745,2,0.047109,0.066568,0.027650,0.950142,0.929174,0.971109,0.901352,0.873307,0.929397,0.008926,0.008012,0.022547,0.021853,0.050000,4,1,7
dance_argument,hard,775,2857.225,0.160905,0.859412,0.811570,0.907255,18,0.00004781,2,0.050586,0.076478,0.024694,0.946816,0.919506,0.974125,0.901648,0.873637,0.929658,0.010275,0.007072,0.023836,0.021114,0.050000,4,1,7
dance_argument,hard,800,3017.402,0.158888,0.860485,0.813735,0.907235,18,0.00001662,1,0.048356,0.070367,0.026346,0.948867,0.925250,0.972485,0.901065,0.870994,0.931136,0.009403,0.007476,0.023420,0.021099,0.050000,4,1,7
dance_argument,hard,825,3041.497,0.157713,0.860903,0.813688,0.908118,18,0.00003595,1,0.046561,0.069210,0.023911,0.950620,0.926310,0.974929,0.899918,0.870003,0.929832,0.009364,0.006918,0.023475,0.020946,0.050000,4,1,7
dance_argument,hard,850,3202.181,0.164151,0.858453,0.810728,0.906179,18,0.00001332,2,0.053246,0.077800,0.028693,0.944191,0.918243,0.970138,0.902991,0.873802,0.932180,0.010381,0.008283,0.023888,0.021494,0.050000,4,1,7
dance_argument,hard,875,3225.938,0.161783,0.859407,0.809291,0.909523,18,0.00008592,1,0.052685,0.080938,0.024433,0.944880,0.915313,0.974448,0.903269,0.874794,0.931745,0.010931,0.007090,0.024306,0.020592,0.050000,4,1,7
dance_argument,hard,900,3386.762,0.168390,0.853930,0.800726,0.907134,18,0.00002654,1,0.058923,0.091675,0.026172,0.938867,0.905080,0.972654,0.902504,0.874133,0.930876,0.012150,0.007335,0.025400,0.020981,0.050000,4,1,7
dance_argument,hard,925,3410.826,0.164651,0.855549,0.803751,0.907348,18,0.00006642,1,0.054016,0.083251,0.024780,0.943384,0.912727,0.974041,0.900248,0.870664,0.929832,0.011177,0.007037,0.024886,0.020875,0.050000,4,1,7
dance_argument,hard,950,3569.312,0.169177,0.852827,0.798789,0.906864,18,0.00003234,1,0.058506,0.091014,0.025998,0.939129,0.905440,0.972818,0.900965,0.871490,0.930441,0.011965,0.007509,0.025403,0.021244,0.050000,4,1,7
dance_argument,hard,975,3593.355,0.161504,0.857888,0.806940,0.908836,18,0.00010757,3,0.052477,0.080608,0.024346,0.944948,0.915381,0.974515,0.901474,0.871985,0.930963,0.010640,0.007004,0.024310,0.020677,0.050000,4,1,7
dance_argument,hard,1000,3754.938,0.168231,0.853034,0.798759,0.907308,18,0.00006682,3,0.058010,0.091675,0.024346,0.939671,0.904868,0.974474,0.900691,0.871985,0.929397,0.012083,0.007084,0.025456,0.021022,0.050000,4,1,7
dance_argument,hard,1025,3779.054,0.162867,0.855708,0.800851,0.910566,18,0.00010944,3,0.055146,0.086554,0.023737,0.942349,0.909530,0.975168,0.901174,0.870168,0.932180,0.011104,0.006886,0.024960,0.020308,0.050000,4,1,7
dance_argument,hard,1050,3939.672,0.158508,0.860103,0.811661,0.908544,18,0.00004912,3,0.048343,0.070862,0.025824,0.948829,0.924618,0.973039,0.900592,0.869177,0.932006,0.009590,0.007263,0.023812,0.020586,0.050000,4,1,7
dance_argument,hard,1075,3963.473,0.163642,0.854932,0.800974,0.908890,18,0.00007780,3,0.054302,0.085563,0.023041,0.943115,0.910412,0.975819,0.899670,0.869508,0.929832,0.011041,0.006692,0.024977,0.020685,0.050000,4,1,7
dance_argument,hard,1100,4124.189,0.162004,0.859618,0.811779,0.907456,18,0.00007416,3,0.049604,0.074166,0.025041,0.947699,0.921613,0.973785,0.901083,0.871985,0.930180,0.010089,0.007569,0.023781,0.021374,0.050000,4,1,7
dance_argument,hard,1125,4148.017,0.166226,0.854760,0.801917,0.907602,18,0.00009571,2,0.055254,0.085728,0.024780,0.942206,0.910363,0.974048,0.900379,0.870664,0.930093,0.011374,0.007213,0.025049,0.021044,0.050000,4,1,7
